Date,Open,High,Low,Close,Ma10:Top:Line,Ma20:Top:Line,Ma50:Top:Line,Ma150:Top:Line,Ma200:Top:Line,Supertrend:Top:ColorLine,Supertrend_Dir,ParabolicSAR:Top:ColorLine,ParabolicSAR_Dir,Volume:Middle:Histogram,Vo50:Middle:Line,Macd:Bottom:Line,MacdSignal:Bottom:Line,MacdDelta:Bottom:Histogram,RsRating:Hidden:Hidden
2023-07-13,194.30,196.84,193.03,196.08,,,,,,,0,193.0279,1,306213,,,,,0
2023-07-14,195.70,196.06,193.91,195.22,,,,,,,0,193.0279,1,221161,,,,,0
2023-07-17,195.11,198.22,194.03,197.61,,,,,,,0,193.0279,1,285358,,,,,0
2023-07-18,197.85,202.19,197.62,201.82,,,,,,,0,193.2355,1,525871,,,,,0
2023-07-19,199.97,202.64,199.84,201.31,,,,,,,0,193.7729,1,527924,,,,,0
2023-07-20,202.33,203.25,201.36,202.36,,,,,,,0,194.4824,1,416421,,,,,0
2023-07-21,202.30,202.95,198.38,199.27,,,,,,,0,195.3588,1,536505,,,,,0
2023-07-24,199.89,201.18,198.61,198.96,,,,,,,0,196.1475,1,342414,,,,,0
2023-07-25,197.25,199.02,196.77,197.93,,,,,,,0,203.2464,0,469434,,,,,0
2023-07-26,196.54,197.63,192.72,194.81,198.54,,,,,205.4042,0,203.1169,0,543355,,,,,0
2023-07-27,196.31,196.31,193.32,193.91,198.32,,,,,204.9150,0,202.7010,0,680511,,,,,0
2023-07-28,195.65,196.28,194.05,195.06,198.31,,,,,204.9150,0,202.3018,0,412984,,,,,0
2023-07-31,196.40,197.20,195.01,197.00,198.24,,,,,204.9150,0,201.9186,0,481763,,,,,0
2023-08-01,202.82,210.99,202.45,210.13,199.07,,,,,193.9917,1,192.7208,1,1100344,,,,,0
2023-08-02,209.24,216.61,207.62,210.00,199.94,,,,,197.9645,1,193.0862,1,788764,,,,,0
2023-08-03,208.92,210.55,206.90,208.30,200.54,,,,,197.9645,1,194.0272,1,463118,,,,,0
2023-08-04,209.93,211.23,207.78,207.98,201.41,,,,,197.9645,1,194.9306,1,441256,,,,,0
2023-08-07,209.34,213.59,209.03,212.97,202.81,,,,,197.9645,1,195.7979,1,326882,,,,,0
2023-08-08,211.92,212.46,209.94,212.12,204.23,,,,,197.9645,1,196.6304,1,350779,,,,,0
2023-08-09,211.84,212.46,208.96,209.83,205.73,202.13,,,,197.9645,1,197.4297,1,372337,,,,,0
2023-08-10,209.63,211.96,207.98,208.97,207.24,202.78,,,,197.9645,1,198.1970,1,285046,,,,,0
2023-08-11,209.70,211.66,209.08,210.35,208.76,203.53,,,,197.9645,1,198.9336,1,225828,,,,,0
2023-08-14,209.30,212.06,209.30,211.00,210.16,204.20,,,,198.6292,1,199.6407,1,279123,,,,,0
2023-08-15,209.81,210.61,208.83,209.94,210.15,204.61,,,,198.6292,1,200.3196,1,210443,,,,,0
2023-08-16,210.00,211.83,208.07,208.16,209.96,204.95,,,,198.6292,1,200.9713,1,269140,,,,,0
2023-08-17,208.90,210.45,206.01,206.51,209.78,205.16,,,,198.6292,1,201.5969,1,234124,,,,,0
2023-08-18,204.93,208.33,204.31,206.77,209.66,205.53,,,,198.6292,1,202.1975,1,371044,,,,,0
2023-08-21,207.57,208.29,205.24,207.82,209.15,205.98,,,,198.6292,1,202.7741,1,289717,,,,,0
2023-08-22,209.14,209.84,207.44,209.31,208.87,206.55,,,,198.6292,1,203.3276,1,324392,,,,,0
2023-08-23,209.78,214.61,209.78,213.18,209.20,207.47,,,,200.6866,1,203.8589,1,388979,,,,,0
2023-08-24,213.66,215.95,212.61,212.80,209.58,208.41,,,,202.9201,1,204.3691,1,623541,,,,,0
2023-08-25,213.85,217.22,211.58,216.02,210.15,209.46,,,,202.9201,1,204.8588,1,545712,,,,,0
2023-08-28,215.99,219.34,215.93,217.94,210.84,210.50,,,,205.8884,1,205.6006,1,364541,,,,,0
2023-08-29,216.83,220.44,216.83,219.71,211.82,210.98,,,,206.9766,1,206.6999,1,317510,,4.5108,3.8471,0.6637,0
2023-08-30,220.63,221.78,219.59,221.63,213.17,211.57,,,,209.5382,1,208.0740,1,284264,,4.8780,4.0533,0.8247,0
2023-08-31,221.56,223.72,220.97,221.91,214.71,212.25,,,,211.4862,1,209.7186,1,470162,,5.1323,4.2691,0.8632,0
2023-09-01,222.94,225.39,222.69,225.09,216.54,213.10,,,,213.2288,1,211.6782,1,332536,,5.5267,4.5206,1.0061,0
2023-09-05,224.45,225.00,220.14,221.14,217.87,213.51,,,,213.2288,1,213.8723,1,370641,,5.4576,4.7080,0.7496,0
2023-09-06,221.14,224.00,220.73,223.11,219.25,214.06,,,,213.2288,1,215.7154,1,393575,,5.4981,4.8660,0.6320,0
2023-09-07,222.33,226.57,221.67,226.19,220.55,214.88,,,,213.2288,1,217.2636,1,411176,,5.7130,5.0354,0.6776,0
2023-09-08,225.83,227.52,225.29,227.46,222.02,215.80,,,,215.4375,1,218.9382,1,334053,,5.9178,5.2119,0.7059,0
2023-09-11,227.73,229.40,226.37,229.30,223.35,216.75,,,,217.1101,1,220.6547,1,366463,,6.1575,5.4010,0.7565,0
2023-09-12,228.22,231.61,217.36,219.53,223.51,217.18,,,,217.1101,1,229.3989,0,1255000,,5.4960,5.4200,0.0759,0
2023-09-13,216.55,218.09,211.80,213.28,222.87,217.34,,,,229.8436,0,231.6145,0,1287831,,4.4163,5.2193,-0.8030,0
2023-09-14,215.20,216.20,213.00,214.00,222.10,217.64,,,,228.9712,0,231.6145,0,503770,,3.5770,4.8908,-1.3138,0
2023-09-15,211.63,211.63,206.93,209.65,220.88,217.79,,,,224.3285,0,230.8219,0,1102020,,2.5320,4.4190,-1.8870,0
2023-09-18,209.29,213.49,208.47,211.11,219.48,218.01,,,,224.3285,0,229.3881,0,494928,,1.8005,3.8953,-2.0948,0
2023-09-19,210.24,210.93,204.52,208.23,218.19,218.03,,,,223.2519,0,228.0404,0,551489,,0.9771,3.3117,-2.3346,0
2023-09-20,209.46,212.14,206.47,206.77,216.55,217.90,,,,223.2519,0,226.1585,0,263891,,0.2048,2.6903,-2.4855,0
2023-09-21,206.15,206.15,202.42,202.92,214.23,217.39,209.65,,,219.6935,0,224.4272,0,408050,463048,-0.7099,2.0103,-2.7202,0
2023-09-22,202.07,206.32,201.35,204.85,211.96,216.99,209.83,,,219.1955,0,222.2262,0,439845,465720,-1.2641,1.3554,-2.6195,0
2023-09-25,204.86,208.97,203.96,207.98,209.83,216.59,210.08,,,219.1955,0,219.7208,0,460558,470508,-1.4349,0.7973,-2.2322,0
2023-09-26,206.61,207.55,202.88,203.32,208.21,215.86,210.19,,,219.1955,0,217.5160,0,360571,472012,-1.9235,0.2532,-2.1767,0
2023-09-27,205.09,207.37,204.36,206.49,207.53,215.20,210.29,,,219.1955,0,215.5758,0,435858,470212,-2.0316,-0.2038,-1.8278,0
2023-09-28,205.79,209.36,205.25,207.62,206.89,214.50,210.41,,,219.1955,0,213.8685,0,326679,466187,-2.0032,-0.5637,-1.4395,0
2023-09-29,208.93,209.03,204.92,205.45,206.47,213.68,210.48,,,219.1955,0,212.3660,0,280975,463478,-2.1310,-0.8771,-1.2539,0
2023-10-02,205.61,206.73,200.31,202.52,205.62,212.55,210.54,,,218.4971,0,211.0438,0,418251,461113,-2.4405,-1.1898,-1.2507,0
2023-10-03,202.97,205.65,199.62,201.38,204.93,211.56,210.59,,,217.9270,0,209.5407,0,350556,461276,-2.7466,-1.5012,-1.2454,0
2023-10-04,201.18,202.63,198.97,201.66,204.42,210.49,210.66,,,215.6564,0,207.9540,0,345348,458794,-2.9328,-1.7875,-1.1453,0
2023-10-05,201.06,201.45,195.46,195.72,203.70,208.96,210.68,,,213.6881,0,206.3366,0,606147,460050,-3.5187,-2.1337,-1.3849,0
2023-10-06,196.51,203.86,195.39,202.47,203.46,207.71,210.85,,,213.6881,0,204.1617,0,535312,457146,-3.3989,-2.3868,-1.0121,0
2023-10-09,202.56,205.63,200.67,205.45,203.21,206.52,211.06,,,213.6881,0,195.3946,1,367119,456229,-3.0289,-2.5152,-0.5137,0
2023-10-10,205.58,208.28,204.54,205.41,203.42,205.81,211.23,,,213.6881,0,195.3946,1,371805,454030,-2.7075,-2.5537,-0.1539,0
2023-10-11,206.39,208.06,205.54,207.95,203.56,205.55,211.19,,,213.6881,0,195.9102,1,244365,436910,-2.2228,-2.4875,0.2647,0
2023-10-12,208.51,212.37,207.45,209.47,203.75,205.32,211.18,,,213.6881,0,196.4051,1,541342,431962,-1.6963,-2.3293,0.6330,0
2023-10-13,207.52,209.46,199.55,200.94,203.30,204.89,211.03,,,213.6881,0,197.3629,1,554062,433781,-1.9445,-2.2523,0.3078,0
2023-10-16,203.33,206.72,201.24,203.86,203.43,204.52,210.95,,,213.6881,0,198.2632,1,314630,431248,-1.8840,-2.1786,0.2946,0
2023-10-17,202.91,205.61,201.15,204.00,203.69,204.31,210.77,,,213.6881,0,199.1095,1,243430,429579,-1.8044,-2.1038,0.2994,0
2023-10-18,199.32,199.32,193.74,194.98,203.03,203.72,210.42,,,213.6881,0,212.3679,0,510073,432765,-2.4407,-2.1712,-0.2695,0
2023-10-19,194.68,197.22,191.71,192.57,202.71,203.21,210.08,,,211.9589,0,211.9953,0,400080,433320,-3.1035,-2.3576,-0.7459,0
2023-10-20,192.05,192.65,184.78,186.87,201.15,202.31,209.64,,,206.8197,0,211.1837,0,956448,446748,-4.0423,-2.6946,-1.3478,0
2023-10-23,187.14,190.54,186.17,188.30,199.43,201.32,209.20,,,205.9599,0,209.5994,0,539380,453019,-4.6181,-3.0793,-1.5388,0
2023-10-24,190.23,192.51,188.49,192.31,198.12,200.77,208.82,,,205.9599,0,208.1102,0,471170,456860,-4.6962,-3.4027,-1.2935,0
2023-10-25,194.49,195.64,187.91,188.06,196.14,199.85,208.38,,,205.9599,0,206.7104,0,353542,459722,-5.0427,-3.7307,-1.3120,0
2023-10-26,188.95,192.80,188.13,189.34,194.12,198.94,208.01,,,205.9599,0,205.3945,0,334115,461021,-5.1552,-4.0156,-1.1397,0
2023-10-27,189.23,191.15,186.66,188.14,192.84,198.07,207.64,,,205.8804,0,204.1576,0,347828,463295,-5.2800,-4.2684,-1.0115,0
2023-10-30,190.40,191.79,188.92,190.52,191.51,197.47,207.32,,,205.8804,0,202.9949,0,498168,465838,-5.1277,-4.4403,-0.6874,0
2023-10-31,192.27,201.21,191.39,200.28,191.14,197.42,207.16,,,205.8804,0,201.9019,0,1000255,480049,-4.1716,-4.3866,0.2150,0
2023-11-01,201.65,207.80,201.18,206.94,192.33,197.68,207.12,,,186.0846,1,184.7792,1,798351,489528,-2.8432,-4.0779,1.2347,0
2023-11-02,208.65,211.59,206.28,208.23,193.90,198.30,207.02,,,190.7739,1,185.2396,1,568198,493112,-1.6678,-3.5959,1.9281,0
2023-11-03,211.52,212.33,207.66,207.73,195.98,198.57,206.92,,,192.2533,1,186.2935,1,397984,488601,-0.7672,-3.0301,2.2629,0
2023-11-06,207.47,209.48,205.02,209.32,198.09,198.76,206.78,,,192.2533,1,187.8555,1,342868,484544,0.0736,-2.4094,2.4830,0
2023-11-07,207.75,211.05,207.00,208.75,199.73,198.93,206.60,,,192.2533,1,189.3238,1,324537,483744,0.6860,-1.7903,2.4763,0
2023-11-08,209.72,211.31,208.55,210.45,201.97,199.05,206.41,,,193.9941,1,190.7039,1,328315,483960,1.2938,-1.1735,2.4673,0
2023-11-09,212.29,215.93,210.46,211.20,204.16,199.14,206.20,,,197.2070,1,192.0013,1,530423,488883,1.8154,-0.5757,2.3911,0
2023-11-10,212.86,214.96,210.75,214.53,206.80,199.82,206.06,,,197.2070,1,193.9159,1,362077,486722,2.4688,0.0332,2.4356,0
2023-11-13,214.29,215.70,213.00,215.26,209.27,200.39,205.86,,,199.4554,1,195.6773,1,316450,486400,3.0104,0.6286,2.3818,0
2023-11-14,217.71,221.49,216.51,220.61,211.30,201.22,205.85,,,203.7237,1,197.2978,1,410854,487204,3.8271,1.2683,2.5588,0
2023-11-15,220.51,221.46,217.83,218.24,212.43,202.38,205.75,,,204.8064,1,199.7166,1,604291,491419,4.2343,1.8615,2.3728,0
2023-11-16,219.06,220.76,218.47,219.35,213.54,203.72,205.62,,,205.5038,1,201.8935,1,370364,490602,4.5939,2.4080,2.1859,0
2023-11-17,219.27,220.93,218.94,220.32,214.80,205.39,205.47,,,206.6411,1,203.8526,1,463846,493198,4.9003,2.9065,1.9939,0
2023-11-20,219.47,220.08,217.86,219.46,215.82,206.95,205.28,,,206.6411,1,205.6159,1,486131,495592,5.0167,3.3285,1.6882,0
2023-11-21,219.18,220.23,218.17,219.55,216.90,208.31,205.28,,,207.1463,1,207.2028,1,356065,477613,5.0577,3.6743,1.3833,0
2023-11-22,220.39,223.83,220.15,221.39,217.99,209.98,205.44,,,209.8593,1,208.6311,1,336635,458589,5.1787,3.9752,1.2035,0
2023-11-24,222.19,222.78,220.64,221.20,218.99,211.57,205.58,,,210.1553,1,210.4545,1,120352,450921,5.1999,4.2201,0.9797,0
2023-11-27,220.78,222.34,220.22,221.26,219.66,213.23,205.81,,,210.2404,1,212.0590,1,223106,433342,5.1618,4.4085,0.7533,0
2023-11-28,221.05,221.79,217.14,217.21,219.86,214.56,205.94,,,210.2404,1,213.4710,1,423622,431916,4.7499,4.4768,0.2731,0
2023-11-29,219.99,221.07,217.93,218.38,219.64,215.47,206.14,,,210.2404,1,214.7136,1,323391,427354,4.4664,4.4747,-0.0083,0
2023-11-30,219.48,220.96,218.50,220.21,219.83,216.13,206.41,,,210.2404,1,215.8070,1,503218,432141,4.3392,4.4476,-0.1084,0
2023-12-01,220.34,224.39,220.12,222.89,220.19,216.87,206.81,,,211.0810,1,216.7693,1,370027,431380,4.4038,4.4388,-0.0350,0
2023-12-04,221.11,221.79,218.76,220.70,220.23,217.51,207.12,,,211.0810,1,217.8357,1,363386,429851,4.2299,4.3971,-0.1672,0
2023-12-05,219.95,220.39,217.23,218.19,220.10,217.96,207.33,,,211.0810,1,224.3867,0,314171,426923,3.8448,4.2866,-0.4418,0
2023-12-06,220.55,224.95,219.18,219.46,220.09,218.49,207.65,,,211.0810,1,217.2298,1,296221,425636,3.6012,4.1495,-0.5484,0
2023-12-07,220.26,221.80,219.35,220.44,219.99,218.99,207.93,,,211.0810,1,217.2298,1,318623,423292,3.4471,4.0090,-0.5619,0
2023-12-08,220.68,225.78,220.44,224.68,220.34,219.67,208.27,,,211.0810,1,217.3842,1,443619,425631,3.6251,3.9323,-0.3072,0
2023-12-11,226.05,228.90,225.05,226.97,220.91,220.29,208.70,,,214.8410,1,217.7200,1,369668,427404,3.9061,3.9270,-0.0209,0
2023-12-12,227.31,229.81,227.09,229.26,222.12,220.99,209.24,,,216.6766,1,218.3910,1,298422,425008,4.2645,3.9945,0.2700,0
2023-12-13,229.66,230.26,226.66,229.01,223.18,221.41,209.79,,,216.7799,1,219.3047,1,286587,423728,4.4767,4.0910,0.3858,0
2023-12-14,230.99,232.01,228.12,229.89,224.15,221.99,210.35,,,218.3868,1,220.4000,1,525079,427323,4.6622,4.2052,0.4570,0
2023-12-15,226.55,230.64,226.22,229.61,224.82,222.50,211.03,,,218.3868,1,221.7929,1,1037434,435949,4.7319,4.3105,0.4214,0
2023-12-18,229.90,230.86,228.60,229.34,225.68,222.96,211.57,,,218.4024,1,223.0187,1,361362,432470,4.7111,4.3907,0.3204,0
2023-12-19,229.88,231.21,228.87,230.32,226.90,223.50,212.07,,,219.1454,1,224.0974,1,241222,429952,4.7197,4.4565,0.2633,0
2023-12-20,230.16,230.75,226.06,226.26,227.58,223.83,212.48,,,219.1454,1,225.0466,1,335742,429231,4.3487,4.4349,-0.0862,0
2023-12-21,227.97,229.65,226.49,229.49,228.48,224.24,212.91,,,219.1454,1,225.8820,1,250222,429348,4.2662,4.4012,-0.1350,0
2023-12-22,230.08,231.40,229.50,230.80,229.10,224.72,213.34,,,219.8834,1,226.0598,1,177333,422068,4.2570,4.3723,-0.1153,0
2023-12-26,230.89,232.81,230.89,232.32,229.63,225.27,213.97,,,221.7341,1,226.4854,1,164280,414272,4.3224,4.3624,-0.0399,0
2023-12-27,232.14,233.43,231.94,232.91,230.00,226.06,214.55,,,223.1353,1,227.3709,1,225985,412499,4.3715,4.3642,0.0073,0
2023-12-28,231.63,233.89,230.56,232.84,230.38,226.78,215.13,,,223.1353,1,228.3403,1,186172,411354,4.3548,4.3623,-0.0075,0
2023-12-29,233.36,234.02,232.03,232.91,230.68,227.41,215.89,,,223.7896,1,229.3399,1,228538,405723,4.2974,4.3493,-0.0519,0
2024-01-02,231.04,232.38,229.07,231.05,230.82,227.82,216.65,,,223.7896,1,234.0194,0,312720,403976,4.0553,4.2905,-0.2352,0
2024-01-03,229.60,229.64,224.22,225.44,230.43,228.06,217.43,,,223.7896,1,234.0194,0,429650,393440,3.3720,4.1068,-0.7348,0
2024-01-04,226.08,229.16,226.08,226.78,230.08,228.49,218.20,,,223.7896,1,233.6276,0,305668,388766,2.9047,3.8664,-0.9617,0
2024-01-05,226.87,227.82,226.05,227.14,230.17,228.87,218.89,,,223.7896,1,233.2514,0,231525,383973,2.5348,3.6001,-1.0653,0
2024-01-08,228.37,231.31,226.50,231.13,230.33,229.41,219.75,,,223.7896,1,232.8902,0,305560,383013,2.5339,3.3868,-0.8529,0
2024-01-09,229.65,231.88,227.93,231.61,230.41,229.75,220.60,,,223.7896,1,232.5435,0,233325,380997,2.5429,3.2181,-0.6751,0
2024-01-10,233.08,234.44,231.93,232.97,230.48,230.05,221.50,,,223.7896,1,224.2223,1,297017,379981,2.6298,3.1004,-0.4706,0
2024-01-11,233.47,235.64,231.36,235.42,230.73,230.36,222.39,,,223.7896,1,224.4267,1,332658,376671,2.8631,3.0529,-0.1898,0
2024-01-12,236.24,236.24,232.86,234.15,230.86,230.62,223.07,,,223.9192,1,224.8754,1,244943,361565,2.9122,3.0248,-0.1126,0
2024-01-16,233.26,235.26,231.34,233.80,230.95,230.81,223.61,,,223.9192,1,225.5576,1,371869,353035,2.8889,2.9976,-0.1087,0
2024-01-17,229.12,231.13,228.28,229.46,230.79,230.81,224.03,,,223.9192,1,226.1987,1,484437,351360,2.4921,2.8965,-0.4044,0
2024-01-18,229.50,232.77,228.44,232.23,231.47,230.95,224.52,,,223.9192,1,226.8014,1,311027,349621,2.3735,2.7919,-0.4184,0
2024-01-19,233.83,236.58,232.16,236.56,232.45,231.26,225.07,,,223.9192,1,227.3680,1,366998,350103,2.5991,2.7534,-0.1542,0
2024-01-22,237.68,238.84,235.65,235.89,233.32,231.75,225.61,,,225.7893,1,228.1051,1,421313,352039,2.6923,2.7411,-0.0489,0
2024-01-23,235.98,235.98,231.31,235.26,233.74,232.03,226.11,,,225.7893,1,229.1782,1,476600,355005,2.6845,2.7298,-0.0454,0
2024-01-24,236.88,236.94,233.52,233.63,233.94,232.18,226.56,,,225.7893,1,230.1440,1,372477,351846,2.5181,2.6875,-0.1694,0
2024-01-25,235.72,238.20,233.92,237.74,234.41,232.45,227.02,,,225.7893,1,231.0131,1,412584,352856,2.6870,2.6874,-0.0004,0
2024-01-26,237.92,239.42,236.96,237.81,234.65,232.69,227.47,,,226.8488,1,231.7954,1,279970,352126,2.7941,2.7087,0.0854,0
2024-01-29,236.38,240.63,236.32,240.55,235.29,233.08,227.87,,,226.9788,1,232.7099,1,364325,351196,3.0644,2.7799,0.2846,0
2024-01-30,240.63,242.89,239.91,242.05,236.12,233.53,228.35,,,230.1558,1,233.8194,1,457494,348260,3.3610,2.8961,0.4649,0
2024-01-31,240.59,242.40,237.59,237.99,236.97,233.88,228.72,,,230.1558,1,235.2704,1,566205,352177,3.2317,2.9632,0.2685,0
2024-02-01,247.23,256.05,247.07,255.88,239.34,235.40,229.43,,,235.7344,1,236.4892,1,969332,362286,4.5201,3.2746,1.2455,0
2024-02-02,257.39,262.85,256.54,261.23,241.80,237.13,230.27,,,243.3634,1,237.5882,1,856973,369703,5.9047,3.8006,2.1041,0
2024-02-05,260.51,261.81,257.80,260.57,244.27,238.80,231.09,,,243.9019,1,242.6405,1,536146,373305,6.8697,4.4144,2.4553,0
2024-02-06,261.42,263.37,259.16,262.21,246.97,240.35,231.90,,,245.6875,1,246.6824,1,520333,376979,7.6787,5.0673,2.6114,0
2024-02-07,263.91,265.01,262.24,263.88,249.99,241.96,232.76,,,248.7664,1,250.0204,1,375878,382089,8.3584,5.7255,2.6329,0
2024-02-08,264.03,265.67,263.44,264.23,252.64,243.53,233.62,,,250.5153,1,253.0176,1,431945,386266,8.8235,6.3451,2.4784,0
2024-02-09,264.55,269.43,264.03,268.83,255.74,245.20,234.65,,,252.4717,1,255.5489,1,432950,386453,9.4538,6.9669,2.4870,0
2024-02-12,267.83,268.39,263.56,265.05,258.19,246.74,235.58,,,252.4717,1,258.3244,1,364952,387284,9.5383,7.4811,2.0571,0
2024-02-13,259.59,264.09,257.26,263.43,260.33,248.22,236.45,,,252.4717,1,269.4266,0,684328,390906,9.3669,7.8583,1.5086,0
2024-02-14,265.26,268.04,263.65,266.56,263.19,250.08,237.32,217.93,,252.4717,1,269.1832,0,394385,391393,9.3758,8.1618,1.2140,0
2024-02-15,266.56,267.94,263.82,266.73,264.27,251.80,238.24,218.40,,252.4717,1,268.9448,0,385554,391836,9.2891,8.3873,0.9018,0
2024-02-16,267.00,269.77,264.80,268.40,264.99,253.40,239.24,218.88,,252.4717,1,257.2598,1,458158,394716,9.2488,8.5596,0.6892,0
2024-02-20,267.15,268.73,265.20,267.02,265.63,254.95,240.19,219.35,,252.5111,1,257.5101,1,348867,395769,9.0014,8.6479,0.3535,0
2024-02-21,266.25,268.90,265.14,268.05,266.22,256.59,241.15,219.79,,252.8859,1,257.7554,1,364382,396684,8.7876,8.6759,0.1118,0
2024-02-22,273.51,276.96,272.89,275.23,267.35,258.67,242.16,220.28,,259.5290,1,257.9958,1,710397,402020,9.0924,8.7592,0.3333,0
2024-02-23,276.07,278.98,273.70,275.57,268.49,260.56,243.13,220.77,,260.9012,1,258.7544,1,350663,401640,9.2546,8.8583,0.3964,0
2024-02-26,276.60,278.10,274.84,274.96,269.10,262.42,244.04,221.27,,261.5981,1,259.9680,1,557313,406818,9.2276,8.9321,0.2955,0
2024-02-27,275.17,276.02,272.97,274.25,270.02,264.11,244.95,221.78,,261.5981,1,261.1089,1,475887,410604,9.0450,8.9547,0.0903,0
2024-02-28,274.25,278.19,273.38,277.53,271.43,265.88,245.90,222.31,,261.5981,1,262.1812,1,366993,407442,9.0604,8.9759,0.0845,0
2024-02-29,277.57,280.34,276.54,279.50,272.72,267.96,246.90,222.87,,264.4116,1,263.1893,1,732413,401341,9.1266,9.0060,0.1206,0
2024-03-01,279.85,284.77,279.32,284.05,274.46,269.36,247.99,223.47,,267.7878,1,264.5610,1,679798,407710,9.4370,9.0922,0.3448,0
2024-03-04,286.17,288.33,284.85,286.84,276.30,270.64,249.12,224.08,,272.4784,1,266.5815,1,576403,414414,9.7949,9.2327,0.5622,0
2024-03-05,284.68,285.37,279.86,282.34,277.83,271.73,250.25,224.65,,272.4784,1,269.1918,1,660725,420913,9.6049,9.3072,0.2977,0
2024-03-06,285.62,288.59,285.19,286.99,279.73,272.97,251.40,225.17,,272.4784,1,271.4889,1,511550,426140,9.7177,9.3893,0.3284,0
2024-03-07,288.91,291.62,287.14,291.24,281.33,274.34,252.60,225.71,,274.3226,1,273.8824,1,562842,433850,10.0341,9.5182,0.5158,0
2024-03-08,290.82,294.35,286.74,288.62,282.63,275.56,253.73,226.24,,274.7101,1,276.7208,1,563565,441836,9.9586,9.6063,0.3523,0
2024-03-11,286.69,286.97,280.96,283.97,283.53,276.32,254.75,226.75,,274.7101,1,279.8940,1,484887,447014,9.4152,9.5681,-0.1529,0
2024-03-12,284.67,289.41,283.23,288.86,284.99,277.51,255.87,227.25,,274.7101,1,280.9615,1,614297,455576,9.2723,9.5089,-0.2366,0
2024-03-13,287.62,291.72,286.86,291.28,286.37,278.90,257.04,227.78,,274.7101,1,280.9615,1,567784,462361,9.2481,9.4568,-0.2086,0
2024-03-14,293.64,293.94,288.59,291.33,287.55,280.14,258.24,228.33,,274.7795,1,283.2317,1,671569,469538,9.1277,9.3910,-0.2633,0
2024-03-15,289.14,293.65,288.88,289.01,288.05,281.25,259.52,228.86,,274.9961,1,285.2330,1,901028,478966,8.7443,9.2616,-0.5173,0
2024-03-18,291.84,294.20,289.67,289.84,288.35,282.32,260.78,229.39,,275.7400,1,286.8740,1,465214,482157,8.4101,9.0913,-0.6812,0
2024-03-19,289.34,294.13,288.40,293.92,289.51,283.67,262.11,229.94,,275.7400,1,288.2197,1,442958,486385,8.3782,8.9487,-0.5705,0
2024-03-20,295.48,301.17,294.31,300.57,290.86,285.29,263.50,230.55,,280.8998,1,288.4026,1,603045,492335,8.7879,8.9166,-0.1286,0
2024-03-21,302.41,306.37,300.95,306.11,292.35,286.84,264.99,231.20,,286.7615,1,288.4026,1,683858,501346,9.4507,9.0234,0.4273,0
2024-03-22,305.54,307.56,304.98,307.14,294.20,288.42,266.48,231.87,,290.2916,1,291.9962,1,647818,508362,9.9442,9.2076,0.7367,0
2024-03-25,305.60,306.36,302.21,302.58,296.06,289.80,267.82,232.51,,290.2916,1,295.1096,1,531319,512335,9.8539,9.3368,0.5171,0
2024-03-26,302.36,306.87,302.17,302.77,297.46,291.22,269.19,233.14,,290.2916,1,297.6004,1,701306,521462,9.6863,9.4067,0.2796,0
2024-03-27,304.63,305.25,299.03,305.02,298.83,292.60,270.62,233.78,,290.2916,1,307.5635,0,589280,525811,9.6241,9.4502,0.1739,0
2024-03-28,305.30,305.36,302.69,303.35,300.03,293.79,272.09,234.38,,290.2916,1,307.3928,0,620169,528525,9.3326,9.4267,-0.0940,0
2024-04-01,303.66,304.76,301.79,302.72,301.40,294.72,273.50,234.98,,290.2916,1,307.2255,0,378555,529876,8.9476,9.3309,-0.3833,0
2024-04-02,303.70,306.99,303.26,305.36,302.95,295.65,274.88,235.58,,290.7403,1,307.0615,0,872833,539992,8.7545,9.2156,-0.4611,0
2024-04-03,306.09,312.74,306.09,311.37,304.70,297.10,276.39,236.20,,294.2567,1,299.0260,1,957845,550723,8.9825,9.1690,-0.1865,0
2024-04-04,314.25,316.48,308.68,310.61,305.70,298.28,277.90,236.81,,296.5954,1,299.3004,1,973254,560656,8.9984,9.1348,-0.1365,0
2024-04-05,314.27,321.58,313.16,320.65,307.16,299.75,279.64,237.47,,299.6947,1,299.9876,1,873935,570685,9.7093,9.2497,0.4595,0
2024-04-08,316.57,319.55,313.98,316.10,308.05,301.13,281.20,238.09,,299.6947,1,301.2833,1,789690,578227,9.7926,9.3583,0.4343,0
2024-04-09,315.25,315.80,303.66,304.51,308.25,302.16,282.54,238.62,,299.6947,1,302.5012,1,1277168,598171,8.8215,9.2509,-0.4294,0
2024-04-10,299.78,307.90,297.08,304.99,308.47,302.96,283.83,239.18,,299.6947,1,321.5825,0,762630,606138,7.9988,9.0005,-1.0017,0
2024-04-11,305.03,309.83,303.61,307.80,308.75,303.79,285.14,239.75,,299.6947,1,321.0924,0,490896,606806,7.4868,8.6978,-1.2110,0
2024-04-12,304.90,309.16,304.90,309.00,309.31,304.67,286.56,240.30,,299.6947,1,320.6121,0,716084,609803,7.0963,8.3775,-1.2812,0
2024-04-15,314.34,315.13,304.53,305.88,309.63,305.51,287.56,240.82,,299.6947,1,320.1413,0,771679,605850,6.4602,7.9940,-1.5338,0
2024-04-16,303.56,308.07,302.03,305.94,309.68,306.32,288.46,241.33,,299.6947,1,319.6800,0,487941,598469,5.8937,7.5740,-1.6803,0
2024-04-17,307.23,307.23,296.73,300.93,308.64,306.67,289.26,241.87,,299.6947,1,319.2279,0,683823,601423,4.9826,7.0557,-2.0731,0
2024-04-18,304.39,306.29,299.26,299.72,307.55,306.63,290.01,242.45,,299.6947,1,318.3279,0,574721,602511,4.1160,6.4677,-2.3518,0
2024-04-19,299.82,302.36,293.24,293.98,304.88,306.02,290.61,242.98,,320.2457,0,317.4638,0,934726,613688,2.9319,5.7606,-2.8287,0
2024-04-22,296.24,301.08,295.10,298.90,303.16,305.61,291.31,243.58,,320.2457,0,316.0107,0,733008,619709,2.3632,5.0811,-2.7179,0
2024-04-23,302.64,305.88,301.14,303.51,303.06,305.66,292.00,244.20,,320.2457,0,314.6446,0,870133,628453,2.2584,4.5166,-2.2582,0
2024-04-24,314.34,315.70,304.59,309.28,303.49,305.98,292.89,244.87,,320.2457,0,293.2439,1,1131864,643791,2.6109,4.1354,-1.5245,0
2024-04-25,304.68,309.37,302.84,307.64,303.48,306.11,293.77,245.54,,320.2457,0,293.6930,1,777878,645662,2.7266,3.8537,-1.1270,0
2024-04-26,308.72,315.62,308.72,314.63,304.04,306.68,294.73,246.29,237.13,320.2457,0,294.1333,1,747738,652729,3.3434,3.7516,-0.4082,0
2024-04-29,315.23,317.43,311.83,316.77,305.13,307.38,295.73,247.03,237.73,320.2457,0,294.5647,1,1021095,665440,3.9596,3.7932,0.1664,0
2024-04-30,320.16,323.13,303.20,308.77,305.41,307.55,296.54,247.70,238.30,320.2457,0,295.4793,1,1680317,689883,3.7587,3.7863,-0.0276,0
2024-05-01,309.32,309.95,302.44,302.72,305.59,307.12,297.25,248.37,238.82,320.2457,0,297.1380,1,1066113,704228,3.0764,3.6443,-0.5679,0
2024-05-02,303.94,306.66,296.15,305.87,306.21,306.88,298.01,249.03,239.34,320.2457,0,323.1251,0,948931,715919,2.7575,3.4670,-0.7095,0
2024-05-03,309.93,313.90,308.06,311.87,308.00,306.44,298.74,249.72,239.90,320.2457,0,322.5857,0,567221,713055,2.9551,3.3646,-0.4095,0
2024-05-06,313.65,318.61,313.65,318.43,309.95,306.56,299.60,250.48,240.48,320.2457,0,322.0570,0,424430,714531,3.5995,3.4116,0.1879,0
2024-05-07,319.27,320.14,316.85,318.61,311.46,307.26,300.47,251.25,241.07,320.2457,0,321.5390,0,587049,715125,4.0781,3.5449,0.5332,0
2024-05-08,318.58,324.16,318.02,321.50,312.68,308.09,301.42,252.05,241.69,297.5571,1,296.1544,1,480501,715218,4.6371,3.7633,0.8738,0
2024-05-09,321.11,324.47,321.09,324.29,314.35,308.91,302.35,252.87,242.32,300.5905,1,296.7145,1,495591,717790,5.2442,4.0595,1.1847,0
2024-05-10,325.98,328.61,321.22,321.67,315.05,309.55,303.20,253.71,242.95,302.7250,1,297.8247,1,646264,716067,5.4513,4.3379,1.1135,0
2024-05-13,322.10,322.94,317.09,319.66,315.34,310.23,303.91,254.49,243.58,302.7250,1,299.6716,1,625220,714975,5.3916,4.5486,0.8430,0
2024-05-14,317.38,322.45,313.30,321.55,316.62,311.01,304.60,255.26,244.21,302.7250,1,301.4077,1,524821,713943,5.4339,4.7257,0.7082,0
2024-05-15,323.06,329.04,323.06,328.86,319.23,312.41,305.53,256.09,244.87,303.7357,1,303.0396,1,581325,712355,5.9881,4.9782,1.0099,0
2024-05-16,328.80,329.75,321.24,321.29,320.77,313.49,306.22,256.84,245.43,303.7357,1,305.1200,1,727420,716673,5.7501,5.1326,0.6176,0
2024-05-17,323.06,324.63,317.91,321.35,321.72,314.86,306.82,257.59,245.99,303.7357,1,307.5835,1,621314,717842,5.5028,5.2066,0.2962,0
2024-05-20,321.11,326.67,320.14,324.28,322.31,316.13,307.54,258.41,246.57,303.7357,1,309.8006,1,340248,713376,5.4800,5.2613,0.2187,0
2024-05-21,323.68,328.18,323.51,327.66,323.21,317.33,308.41,259.24,247.16,304.5433,1,311.7960,1,467785,713034,5.6698,5.3430,0.3268,0
2024-05-22,327.67,329.30,324.21,327.13,323.77,318.23,309.17,260.06,247.73,306.0564,1,313.5919,1,526626,711280,5.7112,5.4166,0.2946,0
2024-05-23,332.98,334.74,327.52,329.31,324.28,319.31,309.93,260.95,248.32,310.2171,1,315.2081,1,599849,711922,5.8524,5.5038,0.3486,0
2024-05-24,329.95,335.89,329.80,331.71,325.28,320.16,310.74,261.88,248.93,312.0541,1,317.5516,1,509835,708687,6.0881,5.6207,0.4675,0
2024-05-28,333.07,333.76,326.27,328.28,326.14,320.74,311.53,262.82,249.53,312.0541,1,320.1196,1,597903,702625,5.9294,5.6824,0.2470,0
2024-05-29,326.27,327.37,323.73,323.93,326.38,321.50,312.21,263.73,250.09,312.0541,1,322.3281,1,376598,700852,5.3905,5.6240,-0.2336,0
2024-05-30,323.34,326.15,322.49,325.20,326.01,322.62,312.83,264.61,250.67,312.0541,1,335.8947,0,414709,700287,5.0085,5.5009,-0.4924,0
2024-05-31,324.47,325.98,313.54,323.89,326.27,323.52,313.30,265.52,251.24,312.0541,1,335.6266,0,1277445,713775,4.5474,5.3102,-0.7628,0
2024-06-03,325.01,325.98,310.09,315.72,325.71,323.72,313.49,266.36,251.77,312.0541,1,334.7432,0,809365,716285,3.4830,4.9448,-1.4618,0
2024-06-04,315.78,316.74,301.80,307.66,324.05,323.18,313.50,267.16,252.28,335.1352,0,333.2640,0,1309892,729527,1.9659,4.3490,-2.3831,0
2024-06-05,311.16,318.76,310.80,317.80,323.06,323.14,313.81,268.01,252.83,335.1352,0,330.7467,0,812327,735147,1.5637,3.7919,-2.2282,0
2024-06-06,316.25,318.18,302.99,305.02,320.85,322.31,313.85,268.71,253.32,335.1352,0,328.4308,0,962040,740362,0.2116,3.0759,-2.8643,0
2024-06-07,305.04,309.27,302.41,306.35,318.55,321.41,313.88,269.37,253.81,333.5594,0,326.3002,0,752286,743622,-0.7438,2.3119,-3.0558,0
2024-06-10,305.02,314.68,304.81,314.28,316.81,321.05,314.10,270.07,254.31,333.5594,0,324.3401,0,662109,744461,-0.8513,1.6793,-2.5306,0
2024-06-11,312.05,313.33,308.89,310.58,315.04,320.59,314.26,270.76,254.80,333.5594,0,322.5368,0,582868,748547,-1.2215,1.0991,-2.3206,0
2024-06-12,312.89,320.05,310.90,318.36,314.49,320.43,314.52,271.49,255.31,333.5594,0,320.8777,0,550496,742100,-0.8766,0.7040,-1.5806,0
2024-06-13,317.64,320.26,313.16,319.51,313.92,319.96,314.68,272.23,255.82,333.5594,0,301.7983,1,720630,737356,-0.5049,0.4622,-0.9671,0
2024-06-14,315.64,316.87,308.40,310.43,312.57,319.42,314.67,272.89,256.27,333.5594,0,302.1675,1,655873,731008,-0.9321,0.1833,-1.1154,0
2024-06-17,310.20,317.82,308.47,316.57,312.65,319.18,314.59,273.59,256.75,333.5594,0,302.5293,1,830405,730138,-0.7664,-0.0066,-0.7598,0
2024-06-18,315.28,321.29,312.55,318.77,313.77,318.91,314.65,274.29,257.23,333.5594,0,302.8839,1,623699,726818,-0.4523,-0.0957,-0.3566,0
2024-06-20,319.33,320.99,311.40,314.54,313.44,318.25,314.85,274.95,257.68,333.5594,0,303.6201,1,597251,713219,-0.5388,-0.1844,-0.3545,0
2024-06-21,314.24,314.24,307.99,311.44,314.08,317.47,314.98,275.56,258.13,333.5594,0,304.3268,1,981848,717604,-0.8473,-0.3170,-0.5304,0
2024-06-24,313.43,315.65,310.59,313.41,314.79,316.67,315.09,276.19,258.58,333.5594,0,305.0053,1,509208,717970,-0.9225,-0.4381,-0.4845,0
2024-06-25,313.68,315.35,309.76,314.07,314.77,315.79,315.19,276.82,259.02,333.5594,0,305.6567,1,508831,713825,-0.9182,-0.5341,-0.3841,0
2024-06-26,312.12,312.41,305.07,306.78,314.39,314.71,315.21,277.40,259.42,333.4712,0,321.2889,0,583186,710055,-1.4857,-0.7244,-0.7613,0.00
2024-06-27,305.70,306.31,302.87,305.49,313.10,313.79,315.20,277.97,259.80,328.0215,0,320.9645,0,800516,716307,-2.0166,-0.9829,-1.0338,85.26
2024-06-28,304.46,311.03,301.97,305.11,311.66,312.79,315.28,278.54,260.23,328.0215,0,320.2407,0,801935,718669,-2.4399,-1.2743,-1.1657,83.69
2024-07-01,307.93,307.96,299.47,303.96,311.01,311.79,315.37,279.09,260.68,327.6856,0,319.1446,0,601593,719206,-2.8353,-1.5865,-1.2489,83.46
2024-07-02,301.12,305.30,301.12,304.84,309.84,311.25,315.58,279.65,261.13,326.0378,0,317.5709,0,641503,713342,-3.0422,-1.8776,-1.1646,82.54
2024-07-03,305.37,310.65,304.52,309.85,308.95,311.36,315.80,280.24,261.64,326.0378,0,316.1230,0,357586,705833,-2.7706,-2.0562,-0.7144,81.59
2024-07-05,311.07,311.70,306.02,308.82,308.38,310.91,315.91,280.85,262.12,326.0378,0,314.7910,0,494367,698318,-2.6077,-2.1665,-0.4412,82.55
2024-07-08,311.55,314.19,309.65,310.37,308.27,311.18,315.93,281.47,262.63,326.0378,0,299.4727,1,363551,682952,-2.3270,-2.1986,-0.1284,83.66
2024-07-09,311.57,312.49,309.55,310.13,307.94,311.36,315.98,282.07,263.15,326.0378,0,299.7670,1,312623,673647,-2.0999,-2.1789,0.0789,83.93
2024-07-10,310.17,318.41,310.03,318.26,308.36,311.56,316.05,282.70,263.73,326.0378,0,300.0553,1,681320,672318,-1.2492,-1.9929,0.7438,85.43
2024-07-11,320.32,322.21,316.93,319.97,309.68,312.03,316.12,283.36,264.30,326.0378,0,300.7895,1,677698,665450,-0.4325,-1.6809,1.2483,84.62
2024-07-12,321.84,324.72,317.43,321.58,311.29,312.19,316.37,284.05,264.87,326.0378,0,302.0749,1,543574,642716,0.3410,-1.2765,1.6175,84.31
2024-07-15,320.47,322.05,317.07,318.22,312.60,312.13,316.68,284.71,265.45,326.0378,0,303.8868,1,463074,630655,0.6754,-0.8861,1.5615,81.74
2024-07-16,321.65,326.10,319.91,323.51,314.56,312.78,317.04,285.40,266.03,326.0378,0,305.5538,1,555607,622788,1.3512,-0.4386,1.7899,80.33
2024-07-17,318.17,318.80,302.73,303.11,314.38,312.11,316.86,285.92,266.51,326.0378,0,326.0959,0,1031937,632083,0.2383,-0.3032,0.5416,70.00
2024-07-18,304.95,310.63,297.43,300.75,313.47,311.21,316.51,286.41,266.99,326.0378,0,326.0959,0,1352799,650650,-0.8250,-0.4076,-0.4174,72.34
2024-07-19,303.82,307.79,302.33,303.49,312.94,310.66,316.21,286.91,267.49,326.0378,0,324.9492,0,713480,653179,-1.4297,-0.6120,-0.8177,74.45
2024-07-22,307.98,312.84,306.96,311.69,313.07,310.67,316.01,287.46,268.04,326.0378,0,323.8484,0,721521,657999,-1.2329,-0.7362,-0.4967,76.08
2024-07-23,311.38,316.57,311.06,313.27,313.39,310.66,315.79,288.01,268.60,326.0378,0,322.7916,0,488866,657865,-0.9389,-0.7767,-0.1621,72.06
2024-07-24,308.31,309.51,291.26,291.53,310.71,309.54,315.19,288.43,269.08,326.0378,0,321.7771,0,1161340,668166,-2.4319,-1.1078,-1.3242,58.98
2024-07-25,290.69,292.19,279.15,284.99,307.22,308.45,314.49,288.80,269.49,315.5681,0,319.9461,0,1631254,688287,-4.0956,-1.7053,-2.3903,53.07
2024-07-26,292.78,293.80,288.44,289.77,304.03,307.66,313.86,289.19,269.91,315.5681,0,316.6820,0,920171,696194,-4.9713,-2.3585,-2.6127,52.84
2024-07-29,290.56,292.30,286.63,288.62,301.07,306.84,313.05,289.61,270.33,315.5681,0,313.6791,0,748228,699532,-5.6923,-3.0253,-2.6670,50.61
2024-07-30,289.55,294.37,277.79,279.51,296.67,305.61,312.22,289.94,270.69,315.5681,0,310.9164,0,1372203,712427,-6.9196,-3.8041,-3.1155,43.64
2024-07-31,297.94,302.50,293.25,296.58,296.02,305.20,311.72,290.38,271.12,315.5681,0,307.6040,0,1556959,731140,-6.4401,-4.3313,-2.1087,55.14
2024-08-01,282.23,296.10,280.24,289.86,294.93,304.20,311.03,290.77,271.57,315.5681,0,304.6229,0,1618501,756705,-6.5273,-4.7705,-1.7568,52.45
2024-08-02,282.19,282.81,268.58,272.71,291.85,302.40,309.93,291.03,271.91,314.2708,0,302.4989,0,1269017,772730,-7.8891,-5.3942,-2.4948,43.41
2024-08-05,249.60,270.47,249.60,266.07,287.29,300.18,308.71,291.25,272.22,301.6860,0,298.4283,0,1259369,787385,-9.3957,-6.1945,-3.2011,43.79
2024-08-06,268.15,275.36,268.15,271.08,283.07,298.23,307.55,291.51,272.60,301.6860,0,291.5928,0,917633,793741,-10.0694,-6.9695,-3.0999,46.93
2024-08-07,278.26,281.29,270.25,271.11,281.03,295.87,306.34,291.77,272.99,301.6860,0,285.7142,0,793332,799411,-10.4802,-7.6716,-2.8086,48.47
2024-08-08,275.38,281.25,271.53,280.68,280.60,293.91,305.38,292.14,273.46,301.6860,0,281.2855,0,1117751,809808,-9.9193,-8.1212,-1.7981,51.57
2024-08-09,280.07,285.26,278.94,284.74,280.10,292.07,304.60,292.53,273.95,301.6860,0,249.6030,1,638808,815052,-9.0429,-8.3055,-0.7373,55.67
2024-08-12,284.23,286.51,278.78,281.61,279.40,290.24,303.73,292.89,274.39,301.6860,0,250.3162,1,530827,817374,-8.5031,-8.3450,-0.1581,53.37
2024-08-13,285.29,288.82,281.45,288.40,280.29,288.48,303.02,293.27,274.89,301.6860,0,251.7639,1,666666,805158,-7.4413,-8.1643,0.7230,54.29
2024-08-14,289.01,292.95,287.47,291.24,279.75,287.89,302.53,293.67,275.40,301.6860,0,253.9874,1,589113,800753,-6.2979,-7.7910,1.4931,57.67
2024-08-15,294.97,297.56,290.99,295.31,280.30,287.61,302.28,294.09,275.94,301.6860,0,257.1047,1,700679,788569,-5.0063,-7.2341,2.2278,56.67
2024-08-16,294.93,295.37,286.44,289.66,281.99,286.92,301.72,294.45,276.44,301.6860,0,261.1503,1,821240,788747,-4.3875,-6.6648,2.2772,50.00
2024-08-19,290.16,291.37,286.26,290.02,284.39,285.84,301.42,294.82,276.88,301.6860,0,264.7914,1,467111,778849,-3.8239,-6.0966,2.2727,47.82
2024-08-20,290.87,292.55,287.61,289.23,286.20,284.64,301.08,295.19,277.30,301.6860,0,268.0684,1,424334,772290,-3.4018,-5.5576,2.1558,48.93
2024-08-21,289.44,294.51,289.16,292.60,288.35,284.69,300.64,295.61,277.72,301.6860,0,271.0177,1,419746,767443,-2.7636,-4.9988,2.2352,46.05
2024-08-22,293.35,296.22,289.68,290.65,289.35,284.97,300.25,296.00,278.13,301.6860,0,273.6720,1,606008,767905,-2.3879,-4.4766,2.0887,45.52
2024-08-23,292.90,294.86,290.74,292.90,290.16,285.13,299.74,296.38,278.55,301.6860,0,276.0609,1,585210,768600,-1.8864,-3.9586,2.0722,42.99
2024-08-26,293.18,294.61,289.00,289.89,290.99,285.19,299.14,296.74,278.96,301.6860,0,278.2109,1,468999,763567,-1.7127,-3.5094,1.7967,39.80
2024-08-27,288.02,292.77,285.48,289.03,291.05,285.67,298.72,297.10,279.35,301.6860,0,280.1460,1,506715,760584,-1.6256,-3.1327,1.5071,41.57
2024-08-28,289.80,290.45,285.32,286.66,290.59,285.17,298.12,297.45,279.73,301.6860,0,281.8875,1,619290,756362,-1.7281,-2.8517,1.1236,43.47
2024-08-29,289.22,300.18,288.16,293.97,290.46,285.38,297.62,297.82,280.12,301.6860,0,283.4549,1,730595,758499,-1.2054,-2.5225,1.3171,48.97
2024-08-30,294.36,300.37,293.03,299.67,291.46,286.73,297.32,298.24,280.54,301.6860,0,285.3178,1,712078,760796,-0.3272,-2.0834,1.7562,54.40
2024-09-03,296.98,297.60,282.62,282.88,290.75,287.57,296.75,298.52,280.86,301.6860,0,300.3731,0,886255,758884,-0.9751,-1.8617,0.8867,43.41
2024-09-04,281.38,285.86,279.84,281.94,290.02,288.11,296.12,298.78,281.17,301.6860,0,300.3731,0,605984,760820,-1.5464,-1.7987,0.2523,47.03
2024-09-05,280.65,282.39,275.88,278.96,288.65,288.50,295.42,299.06,281.47,301.6860,0,299.5518,0,551611,761675,-2.2139,-1.8817,-0.3321,45.06
2024-09-06,281.79,285.29,274.69,278.23,287.41,288.38,294.85,299.21,281.76,301.6860,0,298.1313,0,616618,762344,-2.7700,-2.0594,-0.7106,45.56
2024-09-09,282.37,285.19,280.82,282.54,286.38,288.27,294.39,299.35,282.08,301.6860,0,296.2556,0,508151,756497,-2.8307,-2.2136,-0.6171,48.09
2024-09-10,284.34,285.00,277.73,281.48,285.53,288.26,293.92,299.49,282.39,301.6860,0,294.5300,0,441445,749287,-2.9301,-2.3569,-0.5732,46.21
2024-09-11,282.65,290.64,277.82,290.11,285.64,288.35,293.64,299.67,282.73,301.6860,0,292.9424,0,710016,751455,-2.2861,-2.3428,0.0567,51.30
2024-09-12,289.83,297.26,287.87,296.20,286.60,288.60,293.47,299.89,283.11,301.6860,0,274.6854,1,848068,755587,-1.2695,-2.1281,0.8586,53.62
2024-09-13,298.59,303.12,296.49,298.57,287.06,288.76,293.24,300.12,283.49,301.6860,0,275.1368,1,618572,760806,-0.2700,-1.7565,1.4865,51.21
2024-09-16,298.76,299.72,294.35,299.30,287.02,289.24,293.05,300.32,283.90,301.6860,0,276.2560,1,470953,760338,0.5745,-1.2903,1.8648,49.64
2024-09-17,301.18,305.03,297.44,304.36,289.17,289.96,292.93,300.58,284.33,276.4022,1,277.3305,1,659932,766266,1.6331,-0.7056,2.3387,53.29
2024-09-18,306.14,313.55,306.13,307.21,291.70,290.86,292.87,300.88,284.77,284.7331,1,278.9924,1,922239,778458,2.6713,-0.0302,2.7015,56.35
2024-09-19,316.09,321.98,312.33,321.14,295.91,292.28,292.93,301.24,285.26,290.1253,1,281.7574,1,1037973,785591,4.5656,0.8889,3.6767,63.59
2024-09-20,318.95,323.58,318.29,322.78,300.37,293.89,292.99,301.61,285.77,295.0194,1,285.7796,1,1200739,796052,6.1286,1.9369,4.1918,67.79
2024-09-23,324.04,325.41,321.62,321.99,304.31,295.34,293.00,301.97,286.29,299.0520,1,290.3157,1,590027,796981,7.2203,2.9936,4.2267,67.34
2024-09-24,321.91,322.42,318.58,319.65,308.13,296.83,293.03,302.32,286.79,299.0520,1,295.2284,1,643059,800581,7.8064,3.9561,3.8502,64.39
2024-09-25,320.54,323.03,319.65,320.78,311.20,298.42,292.97,302.67,287.29,299.4747,1,299.4534,1,525384,799976,8.2669,4.8183,3.4486,67.14
2024-09-26,325.29,328.35,321.55,325.14,314.09,300.34,293.41,303.01,287.79,302.9988,1,303.0868,1,870581,796749,8.8817,5.6310,3.2507,67.32
2024-09-27,325.23,326.01,318.92,320.68,316.30,301.68,293.81,303.31,288.26,302.9988,1,307.1282,1,677001,783233,8.9062,6.2860,2.6202,60.45
2024-09-30,318.96,323.85,317.01,323.60,318.73,302.88,294.21,303.63,288.73,302.9988,1,310.5229,1,924519,787454,9.0568,6.8402,2.2166,63.66
2024-10-01,323.20,323.59,317.37,319.83,320.28,304.72,294.37,303.93,289.19,302.9988,1,313.3745,1,327809,779580,8.7709,7.2263,1.5446,63.46
2024-10-02,318.29,322.07,318.01,320.23,321.58,306.64,294.51,304.22,289.64,302.9988,1,315.7699,1,377385,777350,8.4789,7.4768,1.0021,63.77
2024-10-03,319.60,320.68,316.75,319.23,321.39,308.65,295.07,304.48,290.09,302.9988,1,328.3454,0,314078,760405,8.0733,7.5961,0.4772,65.26
2024-10-04,324.05,325.43,320.49,325.17,321.63,311.00,295.87,304.76,290.57,303.4171,1,328.1134,0,376147,735303,8.1378,7.7045,0.4334,65.45
2024-10-07,323.00,327.39,322.38,326.71,322.10,313.21,296.61,305.02,291.05,305.7967,1,327.8860,0,490534,726710,8.2187,7.8073,0.4114,69.85
2024-10-08,328.54,329.76,325.15,327.64,322.90,315.52,297.39,305.33,291.56,308.8956,1,316.7464,1,381387,719373,8.2624,7.8983,0.3641,69.32
2024-10-09,327.54,330.84,326.80,330.25,323.85,317.52,298.41,305.61,292.06,310.9059,1,317.0067,1,373293,699395,8.4104,8.0008,0.4097,71.23
2024-10-10,327.47,329.84,324.82,328.97,324.23,319.16,299.05,305.87,292.55,310.9059,1,317.5602,1,431620,676888,8.3285,8.0663,0.2622,72.72
2024-10-11,329.03,333.89,327.95,333.32,325.50,320.90,299.92,306.16,293.06,313.1630,1,318.0916,1,396695,652452,8.5161,8.1563,0.3598,75.62
2024-10-14,334.89,337.76,333.49,337.44,326.88,322.81,301.22,306.52,293.58,318.3074,1,319.0396,1,305450,633181,8.8946,8.3039,0.5907,75.47
2024-10-15,338.27,339.13,329.49,330.04,327.90,324.09,302.50,306.79,294.06,318.3074,1,320.5370,1,629363,620580,8.5002,8.3432,0.1570,70.89
2024-10-16,330.93,333.31,329.82,333.03,329.18,325.38,303.74,307.07,294.56,318.3074,1,322.3967,1,286490,607958,8.3327,8.3411,-0.0084,66.88
2024-10-17,336.84,341.47,332.83,340.25,331.28,326.34,305.12,307.40,295.11,318.6459,1,324.0704,1,597765,604046,8.6820,8.4093,0.2728,69.36
2024-10-18,341.29,341.43,337.10,339.94,332.76,327.19,306.30,307.74,295.68,321.3172,1,326.1581,1,408554,589862,8.8327,8.4940,0.3387,72.91
2024-10-21,339.77,340.48,337.08,338.86,333.97,328.04,307.39,308.07,296.24,321.6094,1,327.9952,1,370879,584504,8.7636,8.5479,0.2157,74.63
2024-10-22,335.76,337.09,332.76,335.42,334.75,328.83,308.46,308.34,296.78,321.6094,1,329.6119,1,454104,582969,8.3354,8.5054,-0.1700,72.49
2024-10-23,332.93,337.54,332.26,336.80,335.41,329.63,309.43,308.58,297.31,321.6094,1,331.0346,1,681365,583263,8.0148,8.4073,-0.3925,74.21
2024-10-24,336.84,338.48,332.46,337.12,336.22,330.23,310.35,308.79,297.84,321.6094,1,332.2606,1,485823,581197,7.6980,8.2654,-0.5675,75.47
2024-10-25,338.86,340.32,334.79,336.34,336.53,331.01,311.17,308.99,298.36,321.6094,1,332.2606,1,405258,575289,7.2997,8.0723,-0.7726,72.76
2024-10-28,339.72,340.37,336.95,337.34,336.52,331.70,312.12,309.22,298.87,321.9981,1,332.4558,1,752417,573913,6.9839,7.8546,-0.8707,70.55
2024-10-29,334.68,339.20,329.87,337.38,337.25,332.57,313.07,309.45,299.38,321.9981,1,341.4675,0,636918,577309,6.6600,7.6157,-0.9556,72.35
2024-10-30,336.50,338.49,332.80,334.70,337.42,333.30,313.98,309.65,299.89,321.9981,1,341.2355,0,774134,584305,6.1170,7.3159,-1.1990,72.12
2024-10-31,317.31,326.04,313.79,323.74,335.76,333.52,314.60,309.78,300.36,321.9981,1,341.0082,0,1283413,601578,4.7472,6.8022,-2.0550,68.72
2024-11-01,328.00,329.05,321.85,327.08,334.48,333.62,315.33,309.94,300.83,321.9981,1,339.9194,0,793649,605331,3.8862,6.2190,-2.3328,69.03
2024-11-04,325.55,328.50,323.89,324.21,333.01,333.49,315.96,310.07,301.27,321.9981,1,338.8741,0,643485,606496,2.9385,5.5629,-2.6244,67.63
2024-11-05,324.93,331.15,324.88,330.42,332.51,333.63,316.77,310.20,301.74,321.9981,1,337.8707,0,599803,609112,2.6585,4.9820,-2.3235,67.17
2024-11-06,347.58,358.43,344.70,351.67,334.00,334.70,318.02,310.47,302.33,324.0140,1,313.7881,1,1443760,627853,4.1037,4.8064,-0.7027,69.04
2024-11-07,352.47,355.55,350.45,353.02,335.59,335.91,319.35,310.69,302.92,326.6730,1,314.6809,1,987790,635223,5.2970,4.9045,0.3925,69.76
2024-11-08,354.46,361.57,353.75,359.00,337.86,337.19,320.65,310.97,303.53,331.4017,1,315.5558,1,876525,638142,6.6488,5.2533,1.3954,70.11
2024-11-11,364.01,365.58,360.94,364.17,340.54,338.53,321.94,311.37,304.16,337.6588,1,317.3964,1,645817,636817,8.0445,5.8116,2.2329,70.79
2024-11-12,363.84,365.68,358.03,361.28,342.93,340.09,323.51,311.74,304.77,337.6588,1,320.2876,1,835910,635810,8.8151,6.4123,2.4028,71.80
2024-11-13,362.01,364.89,361.30,361.93,345.65,341.53,325.11,312.11,305.36,339.2013,1,323.9191,1,531386,634318,9.3707,7.0040,2.3668,73.63
2024-11-14,361.78,363.36,353.46,354.29,348.71,342.24,326.61,312.41,305.95,339.2013,1,327.2602,1,657427,636434,9.0901,7.4212,1.6689,70.32
2024-11-15,350.63,353.67,347.95,351.48,351.15,342.81,328.08,312.71,306.42,339.2013,1,330.3339,1,801230,640126,8.5424,7.6454,0.8970,71.24
2024-11-18,352.07,353.68,349.09,350.35,353.76,343.39,329.43,313.01,306.87,339.2013,1,333.1617,1,576786,641499,7.9254,7.7014,0.2240,71.24
2024-11-19,347.58,357.40,346.03,356.09,356.33,344.42,330.93,313.38,307.35,339.2013,1,335.7633,1,679409,646258,7.8094,7.7230,0.0863,73.83
2024-11-20,357.56,359.82,351.05,352.92,356.45,345.23,332.18,313.73,307.80,339.2013,1,338.1568,1,527713,642612,7.3772,7.6538,-0.2767,73.03
2024-11-21,356.87,365.58,354.87,363.19,357.47,346.53,333.52,314.19,308.30,339.2013,1,340.3588,1,605428,637760,7.7738,7.6778,0.0960,75.62
2024-11-22,364.71,370.10,363.84,369.52,358.52,348.19,334.94,314.66,308.82,341.8321,1,342.3846,1,908426,643557,8.5005,7.8424,0.6581,75.62
2024-11-25,370.10,371.19,364.36,368.81,358.99,349.76,336.33,315.10,309.32,343.1034,1,345.1559,1,1340792,660953,8.9160,8.0571,0.8589,73.14
2024-11-26,370.59,372.05,367.33,369.40,359.80,351.36,337.63,315.50,309.85,346.0643,1,348.2805,1,790838,663572,9.1875,8.2832,0.9044,72.19
2024-11-27,367.65,369.67,363.25,364.20,360.03,352.84,338.77,315.88,310.35,346.0643,1,351.6077,1,415613,653439,8.8809,8.4027,0.4781,73.94
2024-11-29,367.13,370.54,365.71,367.57,361.35,355.03,339.70,316.23,310.85,346.0643,1,354.4690,1,372304,640126,8.8081,8.4838,0.3243,74.63
2024-12-02,369.96,370.87,364.14,364.44,362.65,356.90,340.53,316.55,311.34,346.0643,1,356.9298,1,420981,624530,8.4007,8.4672,-0.0665,72.49
2024-12-03,364.51,367.59,360.91,365.94,364.21,358.99,341.41,316.93,311.83,346.0643,1,359.0460,1,487146,622473,8.1053,8.3948,-0.2895,73.75
2024-12-04,367.42,370.56,367.18,369.63,365.56,360.95,342.41,317.37,312.34,347.4487,1,360.8660,1,558579,620783,8.0760,8.3310,-0.2551,73.33
2024-12-05,369.63,369.92,362.26,363.29,366.60,361.53,343.26,317.76,312.82,347.4487,1,360.9137,1,602956,622335,7.4556,8.1560,-0.7003,71.92
2024-12-06,363.97,365.48,361.53,363.46,366.63,362.05,344.03,318.10,313.26,347.4487,1,372.0459,0,549072,615905,6.8979,7.9043,-1.0064,70.09
2024-12-09,363.67,365.20,350.84,356.45,365.32,361.92,344.74,318.35,313.67,347.4487,1,371.8356,0,851245,619389,5.8231,7.4881,-1.6650,67.16
2024-12-10,355.94,356.41,350.47,351.00,363.54,361.26,345.29,318.57,314.05,347.4487,1,370.9957,0,677905,614457,4.4796,6.8864,-2.4068,65.25
2024-12-11,356.79,357.37,345.94,354.34,362.03,360.92,345.98,318.79,314.45,347.4487,1,369.7640,0,883314,625567,3.6431,6.2377,-2.5946,66.62
2024-12-12,354.36,355.47,350.59,351.14,360.73,360.38,346.60,318.97,314.81,347.4487,1,367.8583,0,438796,626795,2.6908,5.5284,-2.8376,65.83
2024-12-13,352.24,353.28,348.45,348.57,358.83,360.09,347.19,319.15,315.16,347.4487,1,366.1051,0,414752,628809,1.7086,4.7644,-3.0558,65.05
2024-12-16,348.31,350.03,346.15,347.73,357.15,359.90,347.64,319.33,315.48,347.4487,1,364.4922,0,534927,631984,0.8524,3.9820,-3.1296,62.76
2024-12-17,344.03,344.20,337.46,339.82,354.54,359.38,347.90,319.46,315.74,362.6490,0,363.0083,0,889392,639962,-0.4584,3.0939,-3.5523,60.82
2024-12-18,341.70,342.28,327.72,328.11,350.39,357.98,347.91,319.45,315.97,359.0046,0,360.4539,0,834985,649034,-2.4142,1.9923,-4.4065,61.24
2024-12-19,332.79,332.99,327.34,328.62,346.92,356.76,347.88,319.50,316.18,353.4624,0,356.5261,0,895420,659476,-3.8785,0.8181,-4.6966,61.85
2024-12-20,326.31,334.86,325.18,331.05,343.68,355.15,347.92,319.56,316.38,353.4624,0,352.4401,0,1644108,683726,-4.7878,-0.3030,-4.4848,59.98
2024-12-23,330.08,331.44,327.21,330.65,341.10,353.21,347.87,319.61,316.59,352.0822,0,348.0780,0,575660,687305,-5.4777,-1.3380,-4.1397,58.11
2024-12-24,331.60,334.55,330.15,334.40,339.44,351.49,347.80,319.65,316.84,352.0822,0,344.4138,0,173332,684663,-5.6566,-2.2017,-3.4549,60.02
2024-12-26,333.72,334.68,331.67,333.05,337.31,349.67,347.86,319.69,317.06,352.0822,0,341.3358,0,407001,680216,-5.8402,-2.9294,-2.9108,59.14
2024-12-27,329.78,331.77,324.35,327.63,334.96,347.84,347.76,319.68,317.24,349.1387,0,338.7504,0,535977,685205,-6.3493,-3.6134,-2.7359,57.47
2024-12-30,322.26,327.09,320.69,325.43,332.65,345.74,347.46,319.64,317.41,344.9424,0,336.1591,0,465432,682559,-6.8516,-4.2610,-2.5906,56.74
2024-12-31,325.30,327.00,324.33,324.93,330.37,343.76,347.16,319.62,317.59,344.9424,0,333.0658,0,376540,681918,-7.2069,-4.8502,-2.3567,55.18
2025-01-02,327.68,330.85,323.34,325.02,328.89,341.72,346.88,319.62,317.77,344.9424,0,320.6925,1,530605,685113,-7.3961,-5.3594,-2.0367,55.64
2025-01-03,326.97,336.27,326.67,335.42,329.62,340.01,346.88,319.69,317.98,344.9424,0,320.8956,1,880636,693644,-6.6305,-5.6136,-1.0169,57.75
2025-01-06,340.72,346.01,339.43,341.27,330.89,338.91,346.97,319.81,318.18,344.9424,0,321.5105,1,1100474,702026,-5.4881,-5.5885,0.1004,63.42
2025-01-07,341.07,342.17,334.01,336.72,331.45,337.57,346.96,319.95,318.33,344.9424,0,322.9806,1,808257,708474,-4.8937,-5.4496,0.5558,62.13
2025-01-08,334.53,338.45,330.93,337.90,332.18,336.64,347.00,320.15,318.49,344.9424,0,324.3625,1,697260,714314,-4.2786,-5.2154,0.9368,66.18
2025-01-10,335.72,336.77,330.90,334.31,332.17,335.81,346.94,320.26,318.65,344.9424,0,325.6614,1,624171,711750,-4.0337,-4.9790,0.9453,67.52
2025-01-13,326.90,335.87,326.90,333.75,332.24,334.78,346.86,320.45,318.80,344.9424,0,326.8825,1,860177,716215,-3.8404,-4.7513,0.9109,65.72
2025-01-14,337.53,339.98,331.91,333.03,332.78,333.87,346.83,320.63,318.94,344.9424,0,326.8999,1,1026883,721270,-3.7029,-4.5416,0.8387,62.72
2025-01-15,339.66,342.38,333.59,335.42,333.78,333.21,347.06,320.77,319.10,344.9424,0,326.8999,1,1176488,719131,-3.3625,-4.3058,0.9433,60.70
2025-01-16,339.51,340.51,335.54,337.97,335.08,332.73,347.28,320.95,319.28,344.9424,0,328.0466,1,836948,719997,-2.8536,-4.0154,1.1617,61.77
2025-01-17,341.01,342.16,338.52,339.04,336.48,332.69,347.58,321.09,319.45,344.9424,0,329.1245,1,849875,724125,-2.3372,-3.6797,1.3425,60.00
2025-01-21,344.05,350.19,343.15,350.15,337.96,333.79,347.97,321.29,319.64,323.7968,1,330.1378,1,1278527,737699,-1.0196,-3.1477,2.1281,61.38
2025-01-22,364.49,370.03,357.37,363.47,340.18,335.53,348.21,321.65,319.90,337.1481,1,331.7422,1,1307286,734970,1.0866,-2.3008,3.3875,69.85
2025-01-23,359.46,364.52,355.63,361.96,342.70,337.08,348.39,321.95,320.11,337.1481,1,335.5708,1,725295,729720,2.6041,-1.3198,3.9240,68.90
2025-01-24,369.24,370.10,359.48,361.27,345.04,338.61,348.43,322.23,320.34,337.7002,1,339.0166,1,727186,726733,3.7079,-0.3143,4.0222,66.14
2025-01-27,322.60,322.87,299.75,305.04,342.11,337.14,347.25,322.17,320.34,354.1444,0,370.0975,0,3181112,777439,0.0449,-0.2424,0.2874,32.91
2025-01-28,305.24,307.10,292.05,306.13,339.35,335.79,346.15,322.14,320.35,342.6458,0,370.0975,0,2771444,816150,-2.7380,-0.7415,-1.9964,36.19
2025-01-29,306.95,312.87,303.64,310.96,337.14,334.96,345.13,322.12,320.36,342.6458,0,366.9758,0,1363012,832782,-4.5021,-1.4936,-3.0084,39.79
2025-01-30,318.04,322.70,314.40,320.26,335.63,334.70,344.45,322.16,320.42,342.6458,0,363.9789,0,1556505,850764,-5.0909,-2.2131,-2.8778,42.90
2025-01-31,315.29,323.64,307.83,319.62,333.79,334.44,343.81,322.25,320.49,342.6458,0,361.1019,0,2116996,877079,-5.5457,-2.8796,-2.6661,45.31
2025-02-03,310.71,315.37,304.62,308.82,330.77,333.63,342.98,322.27,320.50,342.6458,0,358.3400,0,1042146,886387,-6.7004,-3.6438,-3.0566,40.12
2025-02-04,312.34,312.92,306.47,308.12,326.56,332.26,342.02,322.29,320.54,342.6458,0,355.6886,0,738507,887568,-7.5841,-4.4318,-3.1523,38.03
2025-02-05,308.95,310.14,304.79,308.66,321.08,330.63,341.13,322.32,320.58,342.6458,0,353.1432,0,972420,896463,-8.1471,-5.1749,-2.9722,36.70
2025-02-06,309.48,316.91,306.23,309.25,315.81,329.26,340.05,322.35,320.66,342.6458,0,350.6996,0,1053107,905416,-8.4485,-5.8296,-2.6189,35.30
2025-02-07,311.45,315.89,305.45,306.51,310.34,327.69,338.79,322.33,320.70,342.6458,0,348.3538,0,824574,903739,-8.8071,-6.4251,-2.3820,33.93
2025-02-10,308.11,313.46,305.92,313.19,311.15,326.63,337.68,322.36,320.74,342.6458,0,346.1018,0,879222,894508,-8.4542,-6.8309,-1.6232,36.13
2025-02-11,310.73,311.60,304.60,309.89,311.53,325.44,336.49,322.35,320.75,342.0470,0,343.9399,0,1017896,899049,-8.3446,-7.1337,-1.2109,34.54
2025-02-12,301.76,305.44,299.30,303.40,310.77,323.96,335.28,322.31,320.73,336.1024,0,341.8644,0,820965,907156,-8.6814,-7.4432,-1.2382,31.89
2025-02-13,306.22,306.22,297.71,301.37,308.88,322.25,333.95,322.19,320.66,334.8801,0,339.8720,0,928201,918274,-9.0081,-7.7562,-1.2519,26.99
2025-02-14,303.05,304.87,301.07,302.71,307.19,320.49,332.72,322.08,320.59,333.7320,0,337.9593,0,981646,929487,-9.0551,-8.0160,-1.0391,28.74
2025-02-18,306.62,309.96,303.90,306.57,306.97,318.87,331.53,321.98,320.58,333.7320,0,336.1231,0,839882,936542,-8.6803,-8.1488,-0.5314,28.96
2025-02-19,304.09,305.22,300.88,302.96,306.45,316.51,330.20,321.88,320.58,331.6341,0,334.3603,0,839329,942157,-8.5759,-8.2342,-0.3416,28.66
2025-02-20,302.74,303.52,299.45,302.36,305.82,313.45,328.98,321.74,320.56,328.4311,0,332.6680,0,612359,942345,-8.4440,-8.2762,-0.1678,29.08
2025-02-21,302.29,302.93,288.85,291.15,304.01,309.91,327.53,321.66,320.46,324.3693,0,331.0435,0,1308874,957541,-9.1387,-8.4487,-0.6900,26.80
2025-02-24,291.32,292.54,279.54,283.79,301.74,306.04,326.08,321.54,320.29,315.5726,0,328.5120,0,1698956,974495,-10.1662,-8.7922,-1.3740,23.73
2025-02-25,281.20,286.53,276.53,281.54,298.58,304.86,324.69,321.40,320.10,311.1079,0,324.5943,0,1737406,995685,-11.0351,-9.2408,-1.7943,23.27
2025-02-26,285.98,293.34,284.50,291.13,296.70,304.11,323.43,321.26,319.95,311.1079,0,319.7875,0,1279438,1003608,-10.8246,-9.5575,-1.2670,28.54
2025-02-27,294.17,295.65,282.87,284.31,294.79,302.78,322.09,321.07,319.75,311.1079,0,315.4613,0,1314231,1021116,-11.0807,-9.8622,-1.2185,28.35
2025-02-28,283.40,287.25,278.84,287.19,293.37,301.13,320.86,321.04,319.58,311.1079,0,311.5677,0,1409696,1041015,-10.9255,-10.0748,-0.8506,29.26
2025-03-03,288.81,290.52,270.43,272.64,290.37,298.78,319.36,320.96,319.34,311.1079,0,308.0635,0,1361864,1057554,-11.8400,-10.4279,-1.4121,25.43
2025-03-04,267.41,279.59,262.03,273.38,287.05,297.01,318.03,320.85,319.10,306.1301,0,303.5469,0,1901404,1077794,-12.3622,-10.8147,-1.5475,26.83
2025-03-05,277.52,282.72,272.64,281.71,284.92,295.69,317.10,320.80,318.86,306.1301,0,297.7353,0,1079822,1082691,-11.9658,-11.0449,-0.9208,27.17
2025-03-06,271.42,274.80,266.59,271.75,281.86,293.84,315.97,320.75,318.62,306.1301,0,292.7372,0,912140,1083025,-12.3139,-11.2987,-1.0152,22.70
2025-03-07,269.79,280.17,267.99,279.02,280.65,292.33,314.92,320.63,318.40,306.1301,0,288.4389,0,1292071,1075985,-11.8661,-11.4122,-0.4539,24.66
2025-03-10,271.10,277.77,267.95,272.80,279.55,290.64,313.77,320.52,318.15,306.1301,0,284.7423,0,1151915,1087510,-11.8761,-11.5050,-0.3712,24.57
2025-03-11,271.74,282.41,269.84,277.42,279.14,288.86,312.63,320.55,317.90,306.1301,0,262.0349,1,1265370,1109351,-11.3803,-11.4800,0.0998,27.64
2025-03-12,292.31,294.84,280.59,286.98,278.72,287.71,311.71,320.69,317.70,306.1301,0,262.4425,1,1662233,1134455,-10.0993,-11.2039,1.1046,34.12
2025-03-13,284.98,285.98,275.60,278.79,278.17,286.48,310.73,320.74,317.44,306.1301,0,263.7385,1,1591869,1155573,-9.6344,-10.8900,1.2556,31.98
2025-03-14,285.42,289.51,281.64,288.52,278.30,285.84,309.99,320.86,317.23,306.1301,0,264.9827,1,973875,1165742,-8.3836,-10.3887,2.0052,33.59
2025-03-17,290.09,295.55,288.53,292.08,280.25,285.31,309.33,320.93,317.05,306.1301,0,266.1771,1,876650,1175744,-7.0242,-9.7158,2.6916,32.31
2025-03-18,288.73,290.46,283.38,285.61,281.47,284.26,308.55,320.94,316.85,306.1301,0,267.9395,1,795424,1181040,-6.3958,-9.0518,2.6561,30.22
2025-03-19,285.71,293.88,285.14,289.46,282.24,283.58,307.63,320.99,316.68,306.1301,0,269.5962,1,947452,1182377,-5.5232,-8.3461,2.8229,31.02
2025-03-20,286.06,295.04,285.10,290.41,284.11,282.98,306.61,321.00,316.51,306.1301,0,271.1535,1,1011245,1180592,-4.7006,-7.6170,2.9164,32.49
2025-03-21,286.69,291.12,284.48,290.32,285.24,282.94,305.68,321.00,316.38,306.1301,0,272.6174,1,941922,1183266,-4.0096,-6.8955,2.8859,32.23
2025-03-24,295.29,299.27,293.39,297.59,287.72,283.63,304.88,321.01,316.33,306.1301,0,273.9934,1,877327,1186867,-2.8424,-6.0849,3.2425,32.71
2025-03-25,298.05,299.66,290.85,294.80,289.46,284.30,304.09,321.05,316.22,306.1301,0,276.0151,1,1018200,1194747,-2.1182,-5.2915,3.1734,33.16
2025-03-26,292.81,292.81,278.77,280.57,288.82,283.77,303.02,320.98,316.09,306.1301,0,278.3795,1,1344399,1204432,-2.6617,-4.7656,2.1038,27.90
2025-03-27,278.89,280.59,273.34,276.04,288.54,283.36,301.88,320.90,315.94,306.1301,0,299.6585,0,970488,1203304,-3.4186,-4.4962,1.0776,25.78
2025-03-28,273.44,274.89,266.95,269.42,286.63,282.47,300.56,320.74,315.72,301.9289,0,299.1322,0,892231,1197619,-4.5010,-4.4972,-0.0039,25.80
2025-03-31,263.36,268.71,258.13,267.12,284.14,282.19,299.15,320.59,315.50,294.7219,0,297.8447,0,1327319,1207426,-5.4812,-4.6940,-0.7873,24.43
2025-04-01,267.10,273.23,265.18,271.91,282.77,282.12,297.80,320.45,315.27,294.7219,0,295.4618,0,683062,1204090,-5.8049,-4.9162,-0.8888,27.08
2025-04-02,266.00,280.72,265.32,278.92,281.71,281.98,296.38,320.37,315.07,294.7219,0,293.2219,0,761117,1193742,-5.4327,-5.0195,-0.4132,27.99
2025-04-03,255.53,266.80,254.12,256.33,278.30,281.21,294.24,320.15,314.79,294.7219,0,291.1165,0,1448683,1196570,-6.8814,-5.3918,-1.4895,27.31
2025-04-04,245.14,247.64,232.48,242.25,273.50,279.37,291.84,319.86,314.42,279.9505,0,288.1568,0,1304337,1208151,-9.0613,-6.1257,-2.9355,26.06
2025-04-07,233.73,258.37,227.83,248.08,268.55,278.13,289.58,319.55,314.07,279.9505,0,282.5894,0,1399457,1221596,-10.2010,-6.9408,-3.2602,31.63
2025-04-08,260.07,263.28,241.05,247.14,263.78,276.62,288.42,319.20,313.73,279.9505,0,276.0188,0,1289516,1183764,-11.0522,-7.7631,-3.2892,35.06
2025-04-09,245.14,281.65,243.88,278.68,263.59,276.20,287.87,319.17,313.57,279.9505,0,227.8344,1,1713224,1162600,-9.0776,-8.0260,-1.0517,36.57
2025-04-10,269.24,271.12,257.04,266.03,262.59,275.57,286.97,319.07,313.33,279.9505,0,228.9106,1,1352490,1162389,-8.4360,-8.1080,-0.3280,36.35
2025-04-11,263.82,273.82,260.50,272.72,262.92,274.78,286.02,319.03,313.13,279.9505,0,229.9653,1,1063800,1152535,-7.3034,-7.9471,0.6437,38.36
2025-04-14,277.92,278.10,269.33,273.02,263.51,273.82,285.09,318.99,312.96,279.9505,0,230.9989,1,731193,1124819,-6.3092,-7.6195,1.3103,37.75
2025-04-15,273.68,275.20,270.68,272.32,263.55,273.16,284.36,318.92,312.79,279.9505,0,232.0119,1,614514,1116266,-5.5141,-7.1984,1.6844,38.06
2025-04-16,267.72,271.42,260.23,264.50,262.11,271.91,283.49,318.81,312.59,279.9505,0,233.0046,1,918186,1119860,-5.4522,-6.8492,1.3969,35.57
2025-04-17,267.29,267.29,261.36,263.67,262.84,270.57,282.59,318.63,312.39,279.9505,0,233.9774,1,681425,1114040,-5.4075,-6.5608,1.1533,34.31
2025-04-21,259.55,259.88,250.68,254.98,264.11,268.81,281.50,318.36,312.14,279.9505,0,234.9308,1,742992,1107838,-6.0046,-6.4496,0.4450,31.63
2025-04-22,258.59,264.13,257.87,262.29,265.53,267.04,280.62,318.12,311.90,279.9505,0,235.8651,1,606019,1103467,-5.8207,-6.3238,0.5031,30.69
2025-04-23,283.95,283.95,270.18,270.89,267.91,265.84,279.77,317.93,311.71,279.9505,0,236.7807,1,868026,1103243,-4.9245,-6.0440,1.1195,31.78
2025-04-24,272.79,283.27,271.20,282.05,268.25,265.92,279.21,317.78,311.57,234.3133,1,238.6673,1,789764,1098680,-3.2756,-5.4903,2.2147,44.72
2025-04-25,280.82,285.84,280.82,283.82,270.02,266.31,278.82,317.62,311.44,243.1964,1,240.4784,1,628877,1094838,-1.8053,-4.7533,2.9480,45.49
2025-04-28,283.07,288.46,278.21,282.76,271.03,266.97,278.45,317.37,311.26,244.1351,1,243.2002,1,854444,1093363,-0.7175,-3.9461,3.2286,43.01
2025-04-29,282.98,286.64,279.89,285.66,272.29,267.90,278.11,317.12,311.09,245.9607,1,246.8207,1,571293,1085156,0.3742,-3.0821,3.4563,42.74
2025-04-30,279.49,289.99,278.10,289.27,273.99,268.77,277.76,316.90,310.93,246.9049,1,250.1515,1,748200,1083323,1.5138,-2.1629,3.6767,45.08
2025-05-01,296.77,300.80,295.05,296.44,277.18,269.64,277.63,316.75,310.82,261.0411,1,254.1352,1,1424650,1095029,2.9608,-1.1382,4.0989,50.40
2025-05-02,288.63,298.71,281.64,294.52,280.27,271.55,277.48,316.57,310.67,261.0411,1,259.7348,1,1777880,1118339,3.9079,-0.1290,4.0368,46.02
2025-05-05,292.05,297.32,289.00,294.43,284.21,274.16,277.54,316.37,310.63,261.0411,1,264.6624,1,733014,1106822,4.5983,0.8165,3.7818,46.70
2025-05-06,292.16,297.06,291.97,293.97,287.38,276.46,277.75,316.19,310.59,261.0411,1,268.9987,1,733500,1087513,5.0499,1.6632,3.3867,47.68
2025-05-07,295.35,299.08,292.80,298.00,290.09,279.00,278.07,316.02,310.57,262.7314,1,272.8147,1,570795,1064181,5.6678,2.4641,3.2037,48.74
2025-05-08,300.31,305.69,299.99,302.77,292.16,280.20,278.31,315.90,310.52,270.6429,1,276.1727,1,637630,1051345,6.4681,3.2649,3.2032,47.45
2025-05-09,305.38,307.37,302.51,305.56,294.34,282.18,278.73,315.81,310.48,274.4998,1,280.3054,1,631732,1037695,7.2441,4.0607,3.1833,49.79
2025-05-12,320.43,320.43,314.71,317.61,297.82,284.43,279.34,315.80,310.61,285.7193,1,284.6354,1,1140972,1032320,8.7307,4.9947,3.7360,51.32
2025-05-13,319.19,329.32,317.81,326.15,301.87,287.08,280.41,315.80,310.82,291.3839,1,291.0791,1,1137416,1027831,10.4772,6.0912,4.3859,58.48
2025-05-14,326.03,329.34,323.71,324.52,305.40,289.69,281.43,315.79,310.99,295.8711,1,298.7270,1,620861,1002220,11.5955,7.1921,4.4034,58.48
2025-05-15,322.21,326.22,321.68,322.28,307.98,292.58,282.25,315.75,311.16,295.8711,1,304.8493,1,751849,995661,12.1610,8.1859,3.9751,55.97
2025-05-16,323.86,324.92,320.60,324.50,310.98,295.62,283.30,315.71,311.39,295.8711,1,309.7471,1,657284,990564,12.6424,9.0772,3.5653,56.84
2025-05-19,318.73,325.29,317.72,324.71,314.01,299.11,284.21,315.69,311.53,295.8711,1,313.6653,1,488074,974484,12.8929,9.8403,3.0526,58.16
2025-05-20,321.99,325.47,320.98,323.69,316.98,302.18,285.23,315.62,311.70,297.6789,1,316.7999,1,543090,962307,12.8603,10.4443,2.4160,60.42
2025-05-21,320.09,325.31,317.53,317.85,318.96,304.53,286.04,315.49,311.92,297.6789,1,329.3383,0,556180,948124,12.2226,10.8000,1.4226,62.64
2025-05-22,315.51,319.25,311.32,316.61,320.35,306.26,286.63,315.40,312.18,297.6789,1,329.1023,0,538691,925653,11.4846,10.9369,0.5477,62.34
2025-05-23,310.81,318.40,308.56,316.60,321.45,307.89,287.39,315.29,312.40,297.6789,1,328.3911,0,459854,903012,10.7746,10.9044,-0.1298,62.69
2025-05-27,320.21,324.36,318.88,323.60,322.05,309.94,288.09,315.18,312.67,297.6789,1,327.2013,0,514817,893831,10.6542,10.8544,-0.2002,64.45
2025-05-28,324.55,325.41,320.39,321.14,321.55,311.71,288.67,315.06,312.87,298.5617,1,326.0829,0,645706,889212,10.2425,10.7320,-0.4895,63.55
2025-05-29,325.32,326.19,318.85,320.30,321.13,313.26,289.37,314.93,313.05,298.5617,1,308.5612,1,525380,883812,9.7356,10.5327,-0.7971,65.43
2025-05-30,317.57,319.00,312.41,315.75,320.47,314.23,289.89,314.80,313.22,298.5617,1,308.9138,1,1212918,889121,8.8648,10.1991,-1.3343,60.38
2025-06-02,315.04,315.47,307.57,314.43,319.47,315.22,290.37,314.65,313.35,298.5617,1,326.1927,0,615113,881198,7.9762,9.7546,-1.7783,57.33
2025-06-03,318.47,323.11,316.63,321.31,319.13,316.57,290.99,314.55,313.50,298.5617,1,325.8202,0,644805,875256,7.7382,9.3513,-1.6131,61.45
2025-06-04,322.46,325.10,321.01,322.53,319.01,318.00,291.49,314.45,313.63,299.9472,1,325.4551,0,546060,868631,7.5610,8.9932,-1.4322,60.09
2025-06-05,324.30,324.36,319.93,321.94,319.42,319.19,292.03,314.35,313.79,300.0222,1,325.0981,0,522629,858719,7.2889,8.6524,-1.3635,60.47
2025-06-06,326.60,328.87,325.20,326.84,320.44,320.40,292.96,314.28,313.98,305.0439,1,307.5652,1,731311,846457,7.3835,8.3986,-1.0151,60.02
2025-06-09,327.40,328.73,320.94,321.28,320.91,321.18,293.86,314.19,314.14,305.0439,1,307.9912,1,528366,837615,6.9299,8.1049,-1.1750,51.97
2025-06-10,322.95,322.95,314.33,319.73,320.53,321.29,294.87,314.17,314.27,305.0439,1,308.4087,1,610252,831975,6.3720,7.7583,-1.3863,50.88
2025-06-11,319.36,323.31,315.86,321.18,320.53,321.04,295.95,314.13,314.43,305.0439,1,308.8178,1,463811,814705,5.9779,7.4022,-1.4243,49.61
2025-06-12,318.49,326.85,317.97,325.75,321.08,321.10,297.03,314.14,314.59,305.0439,1,309.2188,1,587113,812786,5.9653,7.1148,-1.1496,53.40
2025-06-13,319.98,323.86,317.83,319.16,321.42,320.95,297.83,314.06,314.74,305.0439,1,309.6117,1,506625,807696,5.3619,6.7642,-1.4023,55.49
2025-06-16,325.50,334.99,323.74,333.31,323.31,321.39,299.37,313.94,314.96,305.0439,1,309.9967,1,1147003,801663,5.9569,6.6028,-0.6459,63.32
2025-06-17,331.95,333.65,325.24,325.92,323.77,321.45,301.05,313.76,315.16,305.0439,1,310.9964,1,618054,787937,5.7652,6.4353,-0.6701,58.88
2025-06-18,325.27,333.46,325.22,330.21,324.53,321.77,302.69,313.57,315.34,305.0439,1,311.9561,1,994199,779832,5.8915,6.3265,-0.4350,60.84
2025-06-20,330.99,333.30,326.19,326.63,325.00,322.21,304.28,313.32,315.47,305.0439,1,312.8774,1,1459764,783237,5.6377,6.1887,-0.5510,58.21
2025-06-23,326.72,328.82,319.87,328.32,325.15,322.80,305.27,313.10,315.70,305.0439,1,313.7619,1,465398,758280,5.5100,6.0530,-0.5430,57.27
2025-06-24,330.64,340.35,330.64,338.49,326.87,323.89,306.72,312.94,315.98,309.2662,1,314.6109,1,1022160,751674,6.1581,6.0740,0.0841,65.76
2025-06-25,341.54,342.60,337.04,337.59,328.66,324.59,308.02,312.83,316.27,314.5449,1,316.1555,1,660804,743614,6.5242,6.1641,0.3601,68.06
2025-06-26,338.89,344.38,337.45,343.30,330.87,325.70,309.42,312.77,316.60,316.0903,1,318.2711,1,795326,744897,7.1921,6.3697,0.8224,68.40
2025-06-27,348.46,352.63,346.75,348.32,333.12,327.10,310.94,312.76,316.93,324.5505,1,320.8817,1,1308505,758776,8.0338,6.7025,1.3313,71.25
2025-06-30,348.92,353.31,347.27,352.03,336.41,328.91,312.69,312.73,317.28,325.8477,1,324.6915,1,789805,756209,8.8975,7.1415,1.7560,71.07
2025-07-01,350.84,352.41,345.19,350.11,338.09,330.70,314.42,312.71,317.58,325.8477,1,328.6981,1,854865,759678,9.3194,7.5771,1.7423,68.74
2025-07-02,350.27,353.63,348.54,353.21,340.82,332.29,316.39,312.65,317.87,327.8098,1,332.1439,1,640265,757623,9.7915,8.0200,1.7715,70.05
2025-07-03,354.12,358.37,353.37,357.19,343.52,334.03,318.28,312.57,318.16,333.3773,1,335.5810,1,394132,753385,10.3668,8.4893,1.8775,72.16
2025-07-07,357.19,358.13,350.00,353.51,346.21,335.60,319.94,312.46,318.43,333.3773,1,339.6829,1,645461,748934,10.4060,8.8727,1.5334,69.58
2025-07-08,354.98,355.79,349.06,352.02,348.58,336.86,321.34,312.35,318.67,333.3773,1,343.0464,1,620895,745557,10.1994,9.1380,1.0614,65.63
2025-07-09,355.26,355.37,351.12,354.78,350.21,338.54,322.76,312.28,318.91,333.3773,1,345.8045,1,430513,741589,10.1415,9.3387,0.8028,63.68
2025-07-10,355.20,356.69,340.93,352.67,351.71,340.18,324.15,312.19,319.06,333.3773,1,358.3692,0,1004790,744596,9.8122,9.4334,0.3788,62.03
2025-07-11,351.98,356.62,348.88,355.61,352.94,341.91,325.55,312.13,319.23,333.3773,1,358.0205,0,612369,745418,9.6768,9.4821,0.1948,66.42
2025-07-14,353.80,356.14,352.14,355.28,353.64,343.38,326.87,312.06,319.39,333.3773,1,357.6788,0,424998,738954,9.4345,9.4726,-0.0380,66.64
2025-07-15,364.61,365.98,356.49,357.08,354.14,345.28,328.09,311.97,319.58,337.5330,1,340.9349,1,746707,725395,9.2804,9.4341,-0.1538,70.01
2025-07-16,357.09,359.25,351.76,357.85,354.92,346.50,329.35,311.94,319.77,337.5330,1,341.4358,1,637307,702583,9.1152,9.3703,-0.2552,70.61
2025-07-17,370.65,375.52,369.75,375.43,357.14,348.98,330.97,312.02,320.02,346.1133,1,341.9267,1,1403867,716000,10.2844,9.5532,0.7313,76.13
2025-07-18,377.41,379.17,372.75,373.36,358.76,351.14,332.56,312.13,320.28,350.1627,1,343.2704,1,1113521,723601,10.9181,9.8261,1.0920,75.11
2025-07-21,374.42,374.62,368.38,368.47,360.25,353.23,333.97,312.24,320.51,350.1627,1,345.4241,1,913599,730457,10.9000,10.0409,0.8591,73.31
2025-07-22,366.93,368.66,359.93,367.47,361.80,355.19,335.26,312.33,320.74,350.1627,1,347.4486,1,672671,731158,10.6821,10.1692,0.5130,76.09
2025-07-23,371.27,376.89,370.63,374.96,363.82,357.01,336.65,312.49,321.02,350.1627,1,349.3517,1,895465,736432,10.9868,10.3327,0.6541,75.53
2025-07-24,376.69,380.80,374.96,379.55,366.50,359.11,337.89,312.70,321.32,353.1708,1,351.1405,1,638511,726383,11.4668,10.5595,0.9073,77.70
2025-07-25,382.61,387.61,382.41,386.72,369.62,361.28,339.10,312.96,321.63,360.3542,1,353.5135,1,826459,720164,12.2841,10.9044,1.3797,79.76
2025-07-28,394.01,394.01,386.08,387.30,372.82,363.23,340.36,313.27,321.93,365.4752,1,356.9229,1,916898,726085,12.8309,11.2897,1.5412,79.58
2025-07-29,388.78,390.12,381.68,384.59,375.57,364.86,341.60,313.65,322.22,365.4752,1,361.3730,1,693087,724910,12.8967,11.6111,1.2856,78.71
2025-07-30,386.64,388.38,381.88,384.67,378.25,366.58,342.81,314.02,322.49,365.4752,1,365.2890,1,1063775,733039,12.8076,11.8504,0.9572,78.60
2025-07-31,384.71,390.77,378.78,379.37,378.65,367.89,343.90,314.35,322.74,365.4752,1,368.7352,1,1115688,745592,12.1694,11.9142,0.2552,78.80
2025-08-01,369.31,377.68,367.87,375.99,378.91,368.83,344.95,314.65,322.95,365.4752,1,394.0069,0,921502,753160,11.2609,11.7836,-0.5226,79.25
2025-08-04,378.38,381.16,377.29,379.41,380.00,370.13,346.18,314.95,323.16,365.4752,1,393.4840,0,1054973,763136,10.6938,11.5656,-0.8718,77.35
2025-08-05,355.92,358.73,348.78,351.50,378.41,370.10,346.87,315.07,323.27,385.5922,0,392.9717,0,2519460,802751,7.9006,10.8326,-2.9320,66.07
2025-08-06,353.62,357.63,349.41,353.18,376.23,370.02,347.61,315.24,323.37,384.6345,0,391.2042,0,1614406,825842,5.7567,9.8174,-4.0607,66.90
2025-08-07,356.03,357.31,350.10,356.19,373.89,370.20,348.26,315.45,323.45,383.8697,0,389.5074,0,1101261,837571,4.2512,8.7042,-4.4530,68.51
2025-08-08,358.01,360.11,355.44,358.84,371.10,370.36,349.01,315.67,323.54,383.8697,0,387.8785,0,776187,840181,3.2347,7.6103,-4.3756,69.63
2025-08-11,358.40,359.24,354.06,356.14,367.99,370.40,349.73,315.88,323.63,383.8697,0,386.3147,0,1026313,850199,2.1860,6.5254,-4.3394,66.79
2025-08-12,357.70,359.60,354.88,359.29,365.46,370.51,350.60,316.04,323.75,383.1833,0,384.8135,0,904217,844025,1.5912,5.5386,-3.9474,64.72
2025-08-13,360.18,361.17,347.90,353.55,362.35,370.30,351.38,316.12,323.83,381.8660,0,383.3723,0,983669,851396,0.6487,4.5606,-3.9119,60.30
2025-08-14,349.73,354.73,348.15,351.18,359.53,369.09,351.98,316.22,323.90,378.0136,0,381.2440,0,673092,851962,-0.2857,3.5913,-3.8771,60.83
2025-08-15,351.09,351.09,346.41,347.16,356.64,367.78,352.47,316.28,323.96,374.0945,0,379.2435,0,666852,854378,-1.3357,2.6059,-3.9416,59.70
2025-08-18,346.01,350.15,344.87,349.60,353.66,366.83,353.03,316.38,324.02,371.9029,0,376.6166,0,409530,852116,-1.9482,1.6951,-3.6433,60.68
2025-08-19,348.83,349.60,343.41,345.15,353.03,365.72,353.39,316.46,324.06,370.3216,0,373.4414,0,652805,850546,-2.7609,0.8039,-3.5648,58.51
2025-08-20,340.25,343.73,335.52,342.40,351.95,364.09,353.81,316.52,324.10,363.9466,0,369.8378,0,849728,856973,-3.5854,-0.0740,-3.5115,56.67
2025-08-21,341.38,344.77,340.49,341.57,350.49,362.19,354.25,316.56,324.19,363.9466,0,365.0332,0,502666,854821,-4.2569,-0.9105,-3.3464,57.04
2025-08-22,342.88,349.19,341.29,343.78,348.98,360.04,354.70,316.60,324.27,363.9466,0,360.9013,0,683019,859206,-4.5585,-1.6401,-2.9184,52.10
2025-08-25,345.46,346.27,341.91,341.95,347.56,357.78,355.03,316.62,324.36,363.9466,0,357.3478,0,432684,856117,-4.8888,-2.2899,-2.5990,53.63
2025-08-26,342.48,349.24,341.90,348.14,346.45,355.95,355.61,316.61,324.45,363.9466,0,354.2918,0,702245,860029,-4.5981,-2.7515,-1.8465,55.36
2025-08-27,347.09,349.78,346.14,347.53,345.85,354.10,355.89,316.50,324.43,363.9466,0,351.6636,0,504083,847171,-4.3667,-3.0746,-1.2922,53.71
2025-08-28,349.76,353.22,348.78,351.42,345.87,352.70,356.40,316.43,324.42,363.9466,0,335.5192,1,630053,847411,-3.8249,-3.2246,-0.6003,56.44
2025-08-29,351.04,352.59,341.46,345.29,345.68,351.16,356.70,316.32,324.35,363.9466,0,335.8733,1,833083,844189,-3.8460,-3.3489,-0.4971,51.46
2025-09-02,339.35,340.80,336.14,339.96,344.72,349.19,356.97,316.56,324.23,360.9585,0,353.2218,0,847034,831934,-4.2438,-3.5279,-0.7160,50.28
2025-09-03,341.97,342.25,335.91,339.21,344.12,348.58,357.19,316.78,324.12,360.9585,0,352.8803,0,521756,833061,-4.5672,-3.7357,-0.8314,49.27
2025-09-04,340.42,344.43,337.84,344.38,344.32,348.14,357.30,317.00,324.03,360.9585,0,352.2016,0,647445,825567,-4.3558,-3.8598,-0.4961,47.40
2025-09-05,346.61,347.41,338.50,345.18,344.68,347.59,357.46,317.16,323.99,360.9585,0,351.5502,0,740188,827155,-4.0767,-3.9032,-0.1736,50.24
2025-09-08,346.14,348.69,343.94,345.64,344.87,346.93,357.50,317.34,323.96,360.9585,0,350.9247,0,570368,822655,-3.7753,-3.8776,0.1023,49.76
2025-09-09,346.08,346.41,339.85,344.39,345.11,346.34,357.42,317.58,323.93,360.9585,0,350.3243,0,614034,808766,-3.5955,-3.8212,0.2257,48.30
2025-09-10,355.63,361.40,353.06,358.26,346.12,346.29,357.55,317.91,323.94,360.9585,0,335.9148,1,1262079,818212,-2.3076,-3.5185,1.2108,56.57
2025-09-11,359.67,361.28,355.42,356.11,346.98,346.41,357.67,318.23,323.95,360.9585,0,336.4245,1,811332,817341,-1.4435,-3.1035,1.6600,53.55
2025-09-12,355.96,363.63,354.82,361.87,348.03,346.95,357.84,318.58,323.95,335.2789,1,336.9240,1,1137364,827283,-0.2908,-2.5409,2.2501,54.75
2025-09-15,365.94,373.99,365.12,371.40,350.64,348.16,358.13,319.01,323.96,344.3659,1,337.9921,1,1138450,842169,1.3761,-1.7575,3.1336,60.12
2025-09-16,373.83,374.80,365.57,367.10,353.35,349.04,358.40,319.37,323.95,344.7495,1,340.1520,1,835586,845972,2.3232,-0.9414,3.2646,58.37
2025-09-17,366.50,367.36,355.32,359.34,355.37,349.75,358.54,319.70,323.90,344.7495,1,342.9239,1,1264967,858853,2.4202,-0.2691,2.6893,54.41
2025-09-18,362.93,369.94,360.43,367.18,357.65,350.98,358.79,320.12,323.91,344.7495,1,345.4741,1,689783,864039,3.0935,0.4035,2.6901,57.70
2025-09-19,369.48,371.22,365.90,370.37,360.16,352.42,359.15,320.58,323.93,344.7495,1,347.8203,1,1304421,870031,3.8406,1.0909,2.7497,61.00
2025-09-22,369.96,378.70,367.82,374.14,363.01,353.94,359.52,321.06,323.97,346.6601,1,349.9787,1,907679,875937,4.6827,1.8092,2.8735,61.94
2025-09-23,377.55,377.79,362.02,364.46,365.02,355.07,359.70,321.45,323.97,346.6601,1,352.8507,1,1023085,887899,4.5168,2.3508,2.1660,57.61
2025-09-24,365.74,369.50,364.16,368.11,366.01,356.07,359.92,321.88,323.96,346.6601,1,355.4354,1,852659,890018,4.6264,2.8059,1.8205,57.69
2025-09-25,362.81,364.10,356.37,360.72,366.47,356.73,359.98,322.27,323.95,346.6601,1,378.6978,0,740094,892074,4.0702,3.0588,1.0115,52.99
2025-09-26,360.99,362.47,356.30,361.55,366.44,357.23,359.70,322.74,323.94,346.6601,1,378.2512,0,594214,875881,3.6544,3.1779,0.4765,53.55
2025-09-29,365.93,366.89,362.97,363.10,365.61,358.12,359.50,323.27,323.97,346.6601,1,377.3731,0,538352,864377,3.4108,3.2245,0.1863,56.21
2025-09-30,362.41,370.86,362.41,370.12,365.91,359.63,359.53,323.86,324.07,346.6601,1,376.5300,0,675821,859622,3.7412,3.3278,0.4134,57.91
2025-10-01,365.58,373.86,365.02,369.72,366.95,361.16,359.57,324.38,324.14,346.6601,1,375.7207,0,594555,858060,3.9251,3.4473,0.4778,55.89
2025-10-02,371.92,377.37,366.71,372.61,367.49,362.57,359.53,324.97,324.25,346.6601,1,356.2975,1,669804,853546,4.2548,3.6088,0.6460,56.12
2025-10-03,373.63,373.87,367.51,369.34,367.39,363.78,359.32,325.52,324.35,346.6601,1,356.7190,1,512424,851025,4.2043,3.7279,0.4764,54.92
2025-10-06,375.81,381.42,373.40,375.83,367.56,365.28,359.11,326.21,324.49,350.4704,1,357.1321,1,703835,848572,4.6344,3.9092,0.7252,57.65
2025-10-07,377.79,380.62,363.44,366.85,367.79,366.41,358.70,326.83,324.63,350.4704,1,358.1035,1,861174,847458,4.2021,3.9678,0.2344,53.92
2025-10-08,368.52,374.76,366.14,372.55,368.24,367.12,358.46,327.43,324.85,350.4704,1,359.0361,1,816912,849934,4.2700,4.0282,0.2418,56.10
2025-10-09,377.37,377.66,369.17,373.03,369.47,367.97,358.22,328.11,325.07,350.4704,1,359.9313,1,649974,841658,4.3132,4.0852,0.2280,56.36
2025-10-10,375.18,383.35,365.01,365.01,369.82,368.13,357.94,328.68,325.24,350.4704,1,360.7908,1,798947,835323,3.6581,3.9998,-0.3417,56.73
2025-10-13,370.60,375.01,368.72,371.23,370.63,368.12,357.84,329.34,325.45,350.4704,1,362.1441,1,784486,832583,3.5994,3.9197,-0.3204,55.48
2025-10-14,364.66,374.97,360.34,370.22,370.64,368.27,357.66,329.96,325.63,350.4704,1,383.3460,0,624940,823982,3.4318,3.8221,-0.3903,52.83
2025-10-15,375.55,381.70,371.26,377.51,371.42,369.18,358.18,330.56,325.85,350.4704,1,382.8859,0,606629,785726,3.8429,3.8263,0.0166,61.41
2025-10-16,381.64,382.41,368.05,371.45,371.30,369.40,358.54,331.18,326.07,350.4704,1,382.4350,0,599930,765436,3.6376,3.7886,-0.1509,60.22
2025-10-17,369.28,374.83,366.18,369.18,371.29,369.34,358.80,331.72,326.29,350.4704,1,382.4065,0,646892,756349,3.2546,3.6818,-0.4271,58.36
2025-10-20,371.48,374.84,370.47,373.53,371.06,369.31,359.10,332.26,326.53,350.4704,1,382.4065,0,502856,750882,3.2638,3.5982,-0.3344,56.50
2025-10-21,373.48,374.29,367.34,369.34,371.31,369.55,359.36,332.82,326.75,350.4704,1,381.9652,0,871917,747794,2.9001,3.4586,-0.5585,53.15
2025-10-22,373.92,375.39,349.66,356.62,369.71,368.98,359.31,333.27,326.86,350.4704,1,381.5327,0,1453002,758770,1.5675,3.0804,-1.5128,48.05
2025-10-23,357.38,369.70,357.38,368.29,369.24,369.35,359.60,333.79,326.99,350.4704,1,380.2579,0,596436,751025,1.4366,2.7516,-1.3150,52.40
2025-10-24,374.96,377.11,371.97,372.14,369.95,369.88,360.02,334.33,327.17,350.4704,1,379.0340,0,620954,749982,1.6245,2.5262,-0.9017,53.29
2025-10-27,376.80,376.80,372.38,375.55,370.38,370.51,360.59,334.85,327.36,350.4704,1,377.8591,0,672975,750105,2.0254,2.4260,-0.4006,54.34
2025-10-28,375.67,376.86,369.31,371.86,370.55,370.59,361.03,335.36,327.54,350.4704,1,377.1055,0,583342,753581,2.0221,2.3452,-0.3231,52.33
2025-10-29,372.72,385.70,372.13,383.47,371.15,371.28,361.80,336.05,327.79,350.4704,1,349.6615,1,870499,757935,2.9227,2.4607,0.4620,58.58
2025-10-30,380.25,385.81,375.08,378.87,371.89,371.59,362.53,336.74,328.02,350.4704,1,350.3823,1,1192483,764790,3.2274,2.6141,0.6133,62.68
2025-10-31,381.76,389.25,375.04,377.35,372.70,372.00,363.24,337.45,328.23,350.4704,1,351.7994,1,918529,773107,3.3086,2.7530,0.5556,61.08
2025-11-03,380.86,383.12,374.08,382.31,373.58,372.32,364.02,338.22,328.45,350.4704,1,354.0464,1,1258092,784609,3.7297,2.9483,0.7814,63.76
2025-11-04,356.65,378.41,348.22,373.56,374.00,372.65,364.65,338.90,328.63,350.4704,1,389.2501,0,2852315,833002,3.3190,3.0225,0.2966,60.37
2025-11-05,374.48,390.87,373.54,382.24,376.56,373.14,365.33,339.59,328.79,350.4704,1,348.2176,1,1185459,842666,3.6524,3.1484,0.5039,62.79
2025-11-06,380.88,383.40,370.75,374.27,377.16,373.20,365.86,340.38,328.84,350.4704,1,348.2176,1,843791,849460,3.2359,3.1659,0.0700,61.93
2025-11-07,367.97,372.95,361.18,370.67,377.02,373.48,366.25,341.23,328.88,350.4704,1,349.0707,1,973521,856329,2.5856,3.0499,-0.4643,61.41
2025-11-10,377.76,379.39,369.31,376.42,377.10,373.74,366.87,342.09,328.96,350.4704,1,349.9067,1,683871,853345,2.5054,2.9410,-0.4356,62.64
2025-11-11,374.10,376.85,363.71,364.86,376.40,373.48,367.37,342.87,329.26,350.4704,1,350.7260,1,1141735,859239,1.4917,2.6511,-1.1595,58.10
2025-11-12,364.96,368.91,363.33,366.34,374.69,372.92,367.91,343.46,329.56,350.4704,1,351.5288,1,724800,863300,0.7983,2.2805,-1.4823,58.23
2025-11-13,364.04,365.42,349.45,351.13,371.91,371.90,368.05,344.02,329.76,350.4704,1,390.8703,0,978083,869913,-0.9669,1.6311,-2.5979,53.07
2025-11-14,347.10,358.01,344.12,349.47,369.13,370.91,368.13,344.54,329.91,386.6006,0,390.0418,0,1192911,878967,-2.4717,0.8105,-3.2822,54.28
2025-11-17,349.04,350.56,337.02,339.91,364.89,369.23,368.02,344.98,330.01,382.8447,0,388.2050,0,1034934,888258,-4.3851,-0.2286,-4.1565,52.01
2025-11-18,337.51,340.15,332.32,335.48,361.08,367.54,367.84,345.40,330.14,373.7377,0,385.1340,0,1068354,897345,-6.1871,-1.4203,-4.7668,52.08
2025-11-19,337.15,343.35,335.87,342.78,357.13,366.85,367.53,345.92,330.32,373.7377,0,380.9088,0,916249,890428,-6.9461,-2.5255,-4.4207,55.60
2025-11-20,353.42,354.81,324.24,325.47,352.25,364.71,366.92,346.34,330.40,373.7377,0,377.0217,0,1493461,904071,-8.8430,-3.7890,-5.0540,46.41
2025-11-21,326.31,329.46,317.54,328.96,348.08,362.55,366.26,346.83,330.50,364.5837,0,371.7433,0,1458662,910497,-9.9498,-5.0211,-4.9287,45.78
2025-11-24,331.95,332.86,326.54,327.69,343.21,360.16,365.39,347.27,330.60,364.5837,0,365.2394,0,1213603,912000,-10.8049,-6.1779,-4.6270,42.65
2025-11-25,327.25,336.26,322.02,333.86,340.11,358.25,364.72,347.69,330.71,364.5837,0,359.5159,0,1336096,922010,-10.8596,-7.1142,-3.7454,43.73
2025-11-26,335.74,341.74,334.38,338.86,337.36,356.02,364.31,348.06,330.85,364.5837,0,354.4792,0,845512,913621,-10.3800,-7.7674,-2.6126,45.78
2025-11-28,341.54,345.00,338.81,343.02,336.55,354.23,363.83,348.46,331.05,364.5837,0,350.0470,0,323442,906294,-9.5537,-8.1247,-1.4291,45.55
2025-12-01,339.81,341.04,335.59,336.89,335.29,352.21,363.16,348.82,331.23,364.5837,0,346.1466,0,763940,895485,-9.2864,-8.3570,-0.9294,44.57
2025-12-02,340.65,340.93,330.12,330.35,334.34,349.61,362.28,349.12,331.37,364.5837,0,345.0040,0,1282473,902980,-9.4932,-8.5842,-0.9090,41.06
2025-12-03,327.76,333.41,320.89,332.79,334.07,347.57,361.65,349.41,331.50,361.7151,0,341.7087,0,1033354,903186,-9.3524,-8.7379,-0.6146,39.09
2025-12-04,332.70,338.07,329.74,336.12,333.40,345.27,361.01,349.67,331.66,361.7151,0,340.9281,0,796994,902073,-8.8698,-8.7643,-0.1055,41.39
2025-12-05,336.08,338.59,333.21,334.86,334.34,343.30,360.49,349.94,331.82,361.7151,0,317.5437,1,623118,899733,-8.4910,-8.7096,0.2186,37.49
2025-12-08,334.65,342.82,333.34,340.54,335.50,341.79,360.07,350.25,332.07,361.7151,0,317.9646,1,1282253,913494,-7.6442,-8.4965,0.8523,41.02
2025-12-09,341.24,345.75,338.72,338.92,336.62,339.91,359.59,350.55,332.35,361.7151,0,318.9589,1,734681,917420,-7.0226,-8.2017,1.1792,38.42
2025-12-10,341.02,351.43,339.37,350.52,338.29,339.20,359.20,350.90,332.69,361.7151,0,320.5662,1,902747,921959,-5.5307,-7.6675,2.1368,39.72
2025-12-11,347.60,348.23,338.73,347.45,339.15,338.25,358.75,351.20,332.97,361.7151,0,323.0353,1,842826,926924,-4.5433,-7.0427,2.4994,37.75
2025-12-12,346.27,347.08,326.67,329.23,337.77,337.16,357.88,351.35,333.20,361.7151,0,325.3069,1,1301992,939568,-5.1720,-6.6685,1.4966,32.58
2025-12-15,331.73,333.25,328.97,330.45,337.12,336.21,357.11,351.44,333.41,361.7151,0,326.6674,1,856016,946440,-5.5082,-6.4365,0.9282,33.25
2025-12-16,330.46,331.54,324.00,327.19,336.81,335.57,356.13,351.45,333.69,359.2732,0,351.4302,0,833766,949039,-5.9684,-6.3429,0.3744,31.35
2025-12-17,326.52,328.37,309.33,313.20,334.85,334.46,355.06,351.37,333.89,352.9195,0,350.8816,0,2430045,980416,-7.3772,-6.5497,-0.8275,24.06
2025-12-18,319.37,320.40,311.40,313.33,332.57,332.98,353.88,351.31,334.04,349.2589,0,349.2196,0,1209014,988258,-8.3866,-6.9171,-1.4695,24.54
2025-12-19,313.06,318.05,312.83,315.16,330.60,332.47,352.72,351.25,334.26,347.0315,0,347.6241,0,2338055,1022020,-8.9355,-7.3208,-1.6147,23.58
2025-12-22,319.93,320.09,315.63,317.73,328.32,331.91,351.77,351.20,334.46,347.0315,0,346.0925,0,666539,1019371,-9.0588,-7.6684,-1.3904,25.47
2025-12-23,317.01,321.52,316.55,320.13,326.44,331.53,350.75,351.18,334.69,347.0315,0,344.6221,0,709181,1017865,-8.8608,-7.9069,-0.9539,28.48
2025-12-24,320.74,321.38,318.49,320.98,323.49,330.89,349.77,351.20,334.91,346.3708,0,343.2105,0,248093,1010328,-8.5366,-8.0328,-0.5038,26.37
2025-12-26,320.60,320.85,318.65,319.50,320.69,329.92,348.61,351.22,335.07,344.2428,0,341.8554,0,354645,1005289,-8.3040,-8.0870,-0.2169,23.91
2025-12-29,319.67,322.73,318.01,318.78,319.65,328.71,347.55,351.23,335.27,343.8296,0,340.5544,0,626410,1005818,-8.0841,-8.0864,0.0024,22.20
2025-12-30,318.81,319.61,317.39,318.20,318.42,327.77,346.53,351.20,335.42,340.2777,0,339.3056,0,554125,1003963,-7.8663,-8.0424,0.1761,22.91
2025-12-31,319.33,319.33,315.49,315.87,317.29,327.05,345.38,351.16,335.54,338.1605,0,338.1066,0,494933,1003805,-7.7920,-7.9923,0.2004,23.65
2026-01-02,320.53,325.49,318.56,324.59,318.43,326.64,344.48,351.19,335.73,338.1605,0,336.9557,0,837783,1003122,-6.9488,-7.7836,0.8349,26.21
2026-01-05,321.72,328.19,319.26,319.59,319.05,325.81,343.74,351.22,335.89,338.1605,0,335.8507,0,1089787,995858,-6.6084,-7.5486,0.9401,23.61
2026-01-06,319.66,330.31,313.14,330.21,320.56,325.58,342.98,351.32,336.08,338.1605,0,334.7900,0,1081020,1005549,-5.4192,-7.1227,1.7035,25.69
2026-01-07,330.24,330.51,317.91,319.99,320.78,324.55,341.94,351.31,336.23,338.1605,0,333.7717,0,1021606,1013562,-5.2406,-6.7463,1.5057,21.42
2026-01-08,317.45,318.20,313.16,317.92,320.56,323.50,340.79,351.28,336.33,338.1605,0,332.7941,0,1468994,1029483,-5.2063,-6.4383,1.2320,17.59
2026-01-09,319.48,322.52,318.13,321.82,320.65,322.07,339.79,351.28,336.47,338.1605,0,331.8557,0,872932,1035274,-4.8091,-6.1124,1.3033,18.59
2026-01-12,320.41,327.43,320.41,326.37,321.33,321.01,338.64,351.28,336.70,338.1605,0,330.9547,0,713028,1032125,-4.0800,-5.7060,1.6259,25.79
2026-01-13,327.13,331.23,327.02,329.62,322.42,321.03,337.66,351.33,336.97,338.1605,0,309.3324,1,839093,1025057,-3.2029,-5.2053,2.0025,26.48
2026-01-14,328.32,331.70,325.51,328.39,323.44,320.93,336.68,351.39,337.26,338.1605,0,309.7703,1,711289,1020912,-2.5772,-4.6797,2.1025,23.52
2026-01-15,333.73,338.31,329.78,330.69,324.92,321.10,335.65,351.46,337.58,338.1605,0,310.6473,1,709436,1009939,-1.8741,-4.1186,2.2445,23.32
2026-01-16,340.60,346.70,337.74,340.90,326.55,322.49,334.99,351.56,337.92,316.3092,1,312.3071,1,1295422,978801,-0.4879,-3.3924,2.9046,27.91
2026-01-20,334.98,341.84,333.71,334.79,328.07,323.56,334.05,351.66,338.20,316.3092,1,315.0585,1,968714,974467,0.1165,-2.6907,2.8071,29.10
2026-01-21,337.19,339.75,331.67,335.16,328.57,324.56,333.26,351.67,338.60,316.3092,1,317.5898,1,1157919,980749,0.6179,-2.0289,2.6469,27.73
2026-01-22,339.28,340.15,328.86,331.27,329.69,325.24,332.47,351.71,339.04,316.3092,1,319.9186,1,851468,978308,0.6936,-1.4844,2.1781,24.16
2026-01-23,332.84,333.98,327.94,328.47,330.75,325.66,331.52,351.70,339.44,316.3092,1,322.0611,1,740409,979439,0.5219,-1.0832,1.6051,23.49
2026-01-26,328.47,330.86,324.78,329.52,331.52,326.08,330.81,351.72,339.86,316.3092,1,324.0322,1,934571,975296,0.4653,-0.7735,1.2388,23.52
2026-01-27,329.94,339.12,326.50,338.36,332.72,327.03,330.25,351.78,340.15,316.3092,1,324.7831,1,960347,980007,1.1206,-0.3947,1.5152,27.00
2026-01-28,338.21,346.33,337.18,344.44,334.20,328.31,330.12,351.82,340.55,316.3092,1,324.7831,1,1067141,981788,2.1061,0.1055,2.0006,30.34
2026-01-29,352.23,357.64,347.45,351.43,336.50,329.97,330.15,351.91,340.94,324.9175,1,326.4988,1,1440656,986743,3.4120,0.7668,2.6452,33.78
2026-01-30,347.95,352.46,344.15,348.50,338.28,331.60,330.33,351.95,341.32,324.9175,1,329.6127,1,1497366,995991,4.1628,1.4460,2.7168,33.45
2026-02-02,348.27,358.33,347.44,356.46,339.84,333.20,330.75,352.00,341.74,324.9985,1,332.4153,1,1390134,1002427,5.3381,2.2244,3.1137,34.08
2026-02-03,346.61,372.77,341.78,359.52,342.31,335.19,331.08,352.05,342.21,324.9985,1,335.5254,1,2121997,1026542,6.4426,3.0680,3.3745,36.62
2026-02-04,362.57,373.99,352.06,361.97,345.00,336.78,331.81,352.13,342.71,325.4843,1,340.7398,1,1873034,1034133,7.4298,3.9404,3.4894,36.25
2026-02-05,357.79,359.21,350.42,351.73,347.04,338.37,332.27,352.12,343.19,325.4843,1,341.7810,1,1171581,1028392,7.3015,4.6126,2.6889,35.14
2026-02-06,356.33,371.79,354.72,370.72,351.27,341.01,333.13,352.21,343.73,325.4843,1,346.9347,1,1160935,1027338,8.6327,5.4166,3.2160,41.99
2026-02-09,369.91,377.36,367.68,373.93,355.71,343.61,333.93,352.35,344.25,334.0299,1,350.4187,1,1059312,1021803,9.8335,6.3000,3.5335,44.41
2026-02-10,375.81,379.03,372.41,374.34,359.30,346.01,334.64,352.50,344.71,339.0932,1,354.7227,1,677672,1018446,10.6948,7.1790,3.5158,46.56
2026-02-11,390.73,397.67,387.36,392.80,364.14,349.17,335.63,352.75,345.25,352.5501,1,359.5840,1,1515678,1042290,12.7207,8.2873,4.4334,53.92
2026-02-12,396.68,405.06,385.29,387.09,367.71,352.11,336.64,352.98,345.77,353.2721,1,367.2019,1,1796923,1062950,13.7073,9.3713,4.3360,56.33
2026-02-13,388.96,391.23,382.05,386.02,371.46,354.87,337.75,353.18,346.28,353.2721,1,374.7738,1,877175,1054844,14.2387,10.3448,3.8939,54.18
2026-02-17,383.57,389.97,381.17,388.24,374.64,357.24,338.86,353.40,346.77,353.2721,1,380.8314,1,819976,1050577,14.6699,11.2098,3.4601,57.73
2026-02-18,390.62,393.71,375.88,377.22,376.41,359.36,339.68,353.54,347.17,353.2721,1,405.0616,0,1042241,1055482,13.9617,11.7602,2.2015,53.37
2026-02-19,375.86,379.72,372.62,374.19,377.63,361.31,340.47,353.65,347.57,353.2721,1,404.4779,0,859309,1060205,13.0056,12.0093,0.9963,49.11
2026-02-20,372.06,375.36,366.95,370.28,379.48,363.26,341.06,353.61,347.95,353.2721,1,403.2037,0,970900,1053978,11.7966,11.9667,-0.1701,50.50
2026-02-23,364.07,365.52,356.85,359.05,378.32,364.79,341.47,353.52,348.28,353.2721,1,401.0285,0,1057476,1060434,9.8187,11.5371,-1.7184,47.02
2026-02-24,360.98,374.62,360.16,371.45,378.07,366.89,341.89,353.54,348.65,353.2721,1,397.4946,0,894150,1060262,9.1468,11.0591,-1.9123,53.31
2026-02-25,371.08,373.93,365.79,370.43,377.68,368.49,342.35,353.56,348.98,353.2721,1,394.2434,0,859156,1060589,8.4347,10.5342,-2.0995,52.09
2026-02-26,370.05,371.61,357.27,371.48,375.55,369.84,343.19,353.53,349.31,353.2721,1,391.2523,0,835748,1051264,7.8644,10.0002,-2.1358,49.28
2026-02-27,363.74,373.34,362.27,372.80,374.12,370.91,344.04,353.49,349.59,353.2721,1,388.5005,0,815371,1050451,7.4333,9.4868,-2.0535,52.61
2026-03-02,366.77,374.93,364.57,374.27,372.94,372.20,344.98,353.41,349.83,353.2721,1,385.9689,0,690038,1047577,7.1279,9.0150,-1.8872,53.98
2026-03-03,359.80,362.80,347.84,352.61,369.38,372.01,345.77,353.17,349.97,396.1858,0,383.6398,0,1018395,1019344,5.0796,8.2280,-3.1484,45.73
2026-03-04,354.95,358.00,348.40,351.52,366.81,371.61,346.53,352.95,350.12,392.8566,0,380.0598,0,635547,1007874,3.3299,7.2483,-3.9184,44.06
2026-03-05,348.37,353.34,342.90,351.85,364.57,371.10,347.26,352.74,350.25,386.9507,0,376.8379,0,1142317,983959,1.9472,6.1881,-4.2409,44.73
2026-03-06,343.43,350.91,337.83,344.87,362.03,370.76,347.81,352.51,350.35,383.5231,0,372.7655,0,1319746,997024,0.2848,5.0075,-4.7227,43.84
2026-03-09,340.47,352.61,335.44,350.93,361.22,369.77,348.42,352.34,350.49,383.5231,0,367.8751,0,1206378,1006967,-0.5368,3.8986,-4.4354,44.58
2026-03-10,351.83,366.37,349.75,359.18,359.99,369.03,349.19,352.20,350.70,383.5231,0,335.4439,1,1316569,1028337,-0.5165,3.0156,-3.5321,48.32
2026-03-11,359.13,361.08,353.55,353.94,358.34,368.01,349.88,352.22,350.88,383.5231,0,335.4439,1,998809,1041220,-0.9129,2.2299,-3.1428,46.73
2026-03-12,350.34,353.28,343.64,346.83,355.88,365.71,350.44,352.18,351.03,383.5231,0,336.0625,1,846916,1045630,-1.7804,1.4278,-3.2083,49.72
2026-03-13,349.37,359.11,344.20,353.55,353.95,364.04,351.14,352.16,351.18,383.5231,0,336.6687,1,1272972,1060007,-1.9034,0.7616,-2.6650,56.64
2026-03-16,359.09,366.09,357.49,359.16,352.44,362.69,352.01,352.16,351.37,383.5231,0,337.2628,1,1261438,1075337,-1.5305,0.3032,-1.8337,57.17
2026-03-17,363.83,364.72,353.41,362.06,353.39,361.38,352.76,352.20,351.58,383.5231,0,337.8450,1,706900,1072720,-0.9900,0.0445,-1.0345,58.56
2026-03-18,363.10,368.45,357.97,358.66,354.10,360.46,353.54,352.20,351.80,383.5231,0,338.4156,1,807682,1067078,-0.8258,-0.1295,-0.6963,61.36
2026-03-19,352.04,361.10,347.03,358.36,354.75,359.66,354.10,352.23,352.02,383.5231,0,339.6171,1,772621,1060910,-0.7124,-0.2461,-0.4663,60.23
2026-03-20,359.61,365.14,351.81,354.94,355.76,358.90,354.80,352.25,352.19,383.5231,0,340.7705,1,1505375,1070585,-0.8876,-0.3744,-0.5132,63.48
2026-03-23,360.80,369.04,357.69,357.87,356.45,358.84,355.60,352.33,352.36,383.5231,0,341.8778,1,941835,1060042,-0.7814,-0.4558,-0.3256,62.38
2026-03-24,357.81,373.97,354.78,372.15,357.75,358.87,356.61,352.48,352.61,383.5231,0,343.5075,1,997388,1062531,0.4502,-0.2746,0.7248,65.48
2026-03-25,376.50,378.47,370.83,373.05,359.66,359.00,357.54,352.66,352.84,383.5231,0,345.9448,1,947775,1067226,1.4815,0.0766,1.4049,63.19
2026-03-26,368.82,371.44,354.81,355.24,360.50,358.19,358.05,352.75,353.01,383.5231,0,349.1974,1,727377,1064992,0.8521,0.2317,0.6204,55.76
2026-03-27,354.72,361.43,353.69,355.50,360.70,357.33,358.60,352.84,353.19,383.5231,0,352.1247,1,769074,1066147,0.3699,0.2593,0.1105,58.57
2026-03-30,358.02,362.03,340.22,341.74,358.96,355.70,358.82,352.83,353.30,383.5231,0,378.4704,0,1112762,1074214,-1.1097,-0.0145,-1.0952,52.62
2026-03-31,345.48,357.41,344.30,355.81,358.33,355.86,359.12,352.92,353.45,383.5231,0,377.7054,0,777968,1063865,-1.1341,-0.2384,-0.8957,54.32
2026-04-01,360.18,366.51,359.86,363.66,358.83,356.47,359.69,353.02,353.67,383.5231,0,376.9557,0,723992,1058970,-0.5141,-0.2935,-0.2206,56.17
2026-04-02,352.48,364.09,349.81,359.22,358.92,356.84,360.17,353.10,353.80,383.5231,0,376.2210,0,514423,1046100,-0.3765,-0.3101,-0.0664,54.95
2026-04-06,359.12,362.31,355.21,362.00,359.62,357.69,360.79,353.17,353.98,383.5231,0,375.5009,0,495218,1038975,-0.0430,-0.2567,0.2137,54.08
2026-04-07,361.11,367.19,357.84,366.93,360.53,358.49,361.56,353.32,354.16,383.5231,0,374.7953,0,806048,1040288,0.6124,-0.0829,0.6953,57.81
2026-04-08,386.48,388.94,379.19,383.57,361.67,359.71,362.64,353.61,354.45,343.1831,1,340.2204,1,869521,1038987,2.4466,0.4230,2.0236,61.95
2026-04-09,383.99,399.02,383.70,398.36,364.20,361.93,363.84,354.00,354.80,349.9379,1,341.1947,1,854579,1036872,5.0349,1.3454,3.6896,65.75
2026-04-10,402.12,404.89,399.01,400.90,368.77,364.64,364.97,354.38,355.11,362.7093,1,343.5079,1,894136,1033412,7.2087,2.5180,4.6906,66.01
2026-04-13,401.75,402.64,393.12,401.26,373.35,367.02,365.96,354.75,355.43,362.7093,1,347.1909,1,733591,1019270,8.8581,3.7861,5.0721,63.94
2026-04-14,400.66,405.71,395.42,399.81,379.15,369.05,366.99,355.11,355.71,363.1215,1,350.6530,1,733829,1004000,9.9336,5.0156,4.9181,62.98
2026-04-15,398.36,399.25,387.37,393.00,382.87,370.60,367.72,355.44,355.93,363.1215,1,355.0574,1,895562,994108,10.1203,6.0365,4.0838,60.17
2026-04-16,391.96,393.90,385.64,390.69,385.57,372.20,368.34,355.65,356.13,363.1215,1,359.1094,1,713080,965930,9.9663,6.8225,3.1438,55.63
2026-04-17,393.20,408.77,392.23,404.10,390.06,374.49,369.19,355.97,356.40,363.1215,1,362.8373,1,1066179,949793,10.8017,7.6183,3.1834,59.95
2026-04-20,404.88,407.53,401.82,405.45,394.41,377.02,370.26,356.26,356.66,368.7847,1,367.4307,1,984771,946057,11.4412,8.3829,3.0583,61.28
2026-04-21,408.48,416.20,407.00,407.57,398.47,379.50,371.00,356.50,356.91,376.0762,1,371.5649,1,828536,939409,11.9808,9.1025,2.8783,65.08
2026-04-22,415.14,417.29,409.75,411.72,401.29,381.48,371.75,356.80,357.20,378.6280,1,376.9214,1,1110413,940431,12.5979,9.8016,2.7964,65.42
2026-04-23,415.06,427.08,414.09,422.29,403.68,383.94,372.71,357.22,357.55,384.5771,1,382.5727,1,1236186,951601,13.7815,10.5975,3.1839,68.70
2026-04-24,427.81,430.09,419.83,421.71,405.76,387.26,373.29,357.58,357.89,389.4781,1,389.6932,1,1055688,942401,14.5056,11.3792,3.1265,68.70
2026-04-27,423.19,424.16,412.04,414.60,407.09,390.22,373.84,357.88,358.20,389.4781,1,396.9647,1,1026880,927000,14.3403,11.9714,2.3689,64.49
2026-04-28,405.88,414.24,399.56,410.92,408.20,393.68,374.34,358.12,358.47,389.4781,1,430.0903,0,1026025,929977,13.7537,12.3279,1.4259,61.47
2026-04-29,414.69,416.45,405.24,408.63,409.77,396.32,374.75,358.42,358.74,389.4781,1,429.4797,0,793813,929454,12.9549,12.4533,0.5016,61.37
2026-04-30,415.49,432.04,415.48,430.76,413.77,399.67,375.82,358.84,359.11,389.4781,1,399.5600,1,1407716,936764,13.9463,12.7519,1.1944,66.21
2026-05-01,432.74,433.16,420.64,423.34,415.70,402.88,376.80,359.25,359.44,389.4781,1,400.2096,1,1054683,940671,13.9721,12.9959,0.9762,64.54
2026-05-04,424.01,432.49,419.73,420.24,417.18,405.79,377.80,359.65,359.66,389.4781,1,401.5278,1,1393418,949121,13.5863,13.1140,0.4723,65.52
2026-05-05,395.70,413.77,386.24,408.72,417.29,407.88,378.79,359.95,359.84,389.4781,1,433.1643,0,2825279,984477,12.2103,12.9333,-0.7230,61.42
2026-05-06,421.76,421.76,406.89,419.20,418.04,409.66,379.75,360.28,360.09,389.4781,1,432.4878,0,1386247,994319,11.8286,12.7123,-0.8837,61.16
2026-05-07,416.82,417.72,394.15,397.07,415.52,409.60,380.28,360.46,360.24,389.4781,1,431.5628,0,1432948,1005795,9.6299,12.0959,-2.4659,53.49
2026-05-08,399.58,405.85,398.02,400.52,413.40,409.58,380.86,360.65,360.37,389.4781,1,430.6564,0,958364,1008248,8.0729,11.2913,-3.2184,55.29
2026-05-11,401.05,419.85,395.47,417.97,413.74,410.42,381.77,360.97,360.56,389.4781,1,429.7680,0,1560649,1023153,8.1528,10.6636,-2.5108,61.23
2026-05-12,414.46,414.96,395.22,400.54,412.70,410.45,382.29,361.13,360.63,389.4781,1,428.8975,0,1185758,1033068,6.7323,9.8773,-3.1450,55.29
2026-05-13,405.17,408.59,399.58,405.94,412.43,411.10,383.36,361.40,360.72,389.4781,1,428.0443,0,942799,1031556,5.9731,9.0965,-3.1233,59.72
2026-05-14,408.98,408.98,402.09,407.10,410.07,411.92,384.47,361.63,360.83,389.4781,1,427.2082,0,821056,1035266,5.4026,8.3577,-2.9551,59.64
2026-05-15,398.34,401.13,394.38,398.46,407.58,411.64,385.40,361.79,360.90,389.4781,1,426.3889,0,1299498,1038409,4.2049,7.5272,-3.3222,60.20
2026-05-18,397.23,397.23,374.64,380.93,403.65,410.41,386.12,361.90,360.91,433.5344,0,425.5859,0,1093256,1033880,1.8205,6.3858,-4.5653,54.31
2026-05-19,371.50,376.24,366.74,370.97,399.87,408.58,386.52,361.90,360.88,418.5885,0,423.5480,0,1097753,1031707,-0.8634,4.9360,-5.7994,51.92
2026-05-20,372.85,381.52,370.55,378.76,395.83,406.93,386.92,361.96,360.88,418.5885,0,420.1393,0,1019316,1025762,-2.3348,3.4818,-5.8166,54.35
2026-05-21,379.07,384.01,376.27,380.57,394.18,404.85,387.45,361.98,361.03,418.5885,0,416.9352,0,737726,1020540,-3.3162,2.1222,-5.4384,52.65
2026-05-22,384.40,394.24,379.63,390.39,393.16,403.28,388.32,362.10,361.21,418.5885,0,413.9234,0,921042,1022023,-3.2643,1.0449,-4.3092,56.87
2026-05-26,399.09,408.64,397.02,402.14,391.58,402.66,389.29,362.32,361.44,418.5885,0,411.0923,0,1151017,1019584,-2.2490,0.3861,-2.6351,60.51
2026-05-27,401.73,405.83,394.33,405.37,392.06,402.38,390.22,362.53,361.68,418.5885,0,408.6446,0,1156529,1017486,-1.1700,0.0749,-1.2450,61.17
2026-05-28,402.21,405.48,388.05,400.95,391.56,402.00,390.99,362.75,361.90,418.5885,0,408.6446,0,931858,1021985,-0.6639,-0.0729,-0.5911,59.53
2026-05-29,401.40,403.29,396.52,399.62,390.82,400.44,391.81,363.03,362.10,418.5885,0,406.1302,0,1330513,1032441,-0.3665,-0.1316,-0.2349,61.44
2026-06-01,395.11,403.24,392.63,399.10,390.88,399.23,392.63,363.24,362.33,418.5885,0,405.4824,0,935907,1035707,-0.1706,-0.1394,-0.0312,60.90
2026-06-02,404.61,418.65,403.76,416.60,394.45,399.05,393.86,363.53,362.66,418.5885,0,366.7377,1,866353,1022927,1.3805,0.1646,1.2159,64.65
2026-06-03,418.97,425.54,413.64,420.18,399.37,399.62,395.11,363.83,363.02,377.5149,1,367.7759,1,918996,1022470,2.8658,0.7048,2.1609,67.00
2026-06-04,415.72,420.54,407.76,417.58,403.25,399.54,396.02,364.14,363.36,377.5149,1,370.0866,1,778531,1018093,3.7899,1.3218,2.4680,63.21
2026-06-05,407.55,409.60,392.21,394.97,404.69,399.43,396.45,364.21,363.61,377.5149,1,372.3049,1,1004896,1019235,2.6667,1.5908,1.0759,54.46
2026-06-08,399.15,405.51,397.12,402.15,405.87,399.51,397.39,364.37,363.91,377.5149,1,374.4344,1,846796,1021624,2.3293,1.7385,0.5908,59.36
2026-06-09,406.00,412.24,385.67,400.73,405.72,398.65,398.30,364.52,364.20,377.5149,1,376.4788,1,938338,1025009,1.9254,1.7759,0.1495,58.48
2026-06-10,394.58,398.85,374.12,374.54,402.64,397.35,398.95,364.47,364.36,437.1149,0,425.5430,0,1334948,1029453,-0.5027,1.3202,-1.8229,45.61
2026-06-11,381.06,395.21,377.13,392.67,401.81,396.69,399.69,364.60,364.61,437.1149,0,424.5145,0,1039131,1034676,-0.9526,0.8656,-1.8182,50.04
2026-06-12,395.58,398.15,387.39,390.43,400.89,395.86,400.22,364.65,364.82,437.1149,0,423.5066,0,851312,1037222,-1.4733,0.3978,-1.8711,49.89
2026-06-15,402.09,411.03,401.96,406.06,401.59,396.24,401.16,364.87,365.12,437.1149,0,422.5189,0,951177,1045957,-0.6175,0.1948,-0.8122,55.72
2026-06-16,408.28,414.60,406.23,406.71,400.60,397.52,402.06,365.11,365.39,437.1149,0,421.5509,0,729271,1050638,0.1118,0.1782,-0.0664,56.90
2026-06-17,413.12,418.14,407.00,408.63,399.45,399.41,402.89,365.32,365.71,437.1149,0,420.6023,0,918618,1052890,0.8355,0.3096,0.5258,59.72
2026-06-18,419.81,424.87,413.71,420.73,399.76,401.51,403.63,365.69,366.11,437.1149,0,374.1195,1,1567129,1066842,2.3582,0.7193,1.6388,62.95
2026-06-22,425.93,435.67,421.57,434.71,403.74,404.21,404.36,366.15,366.59,437.1149,0,375.1346,1,1120608,1072162,4.6392,1.5033,3.1359,64.79
2026-06-23,420.52,420.52,404.29,404.29,403.95,404.91,404.43,366.50,366.89,437.1149,0,377.5560,1,996584,1074211,3.9464,1.9919,1.9544,53.08
2026-06-24,404.02,411.72,399.53,403.60,404.24,404.98,404.47,366.86,367.18,437.1149,0,379.8805,1,969802,1078936,3.3037,2.2543,1.0494,54.22
2026-06-25,413.89,424.95,412.95,418.84,408.67,405.65,404.86,367.39,367.55,437.1149,0,382.1120,1,796115,1080181,3.9784,2.5991,1.3793,59.06
2026-06-26,409.54,412.13,397.14,401.69,409.57,405.69,405.03,367.83,367.83,437.1149,0,384.2542,1,2123412,1104738,3.0938,2.6980,0.3957,51.12
2026-06-29,403.07,410.73,400.34,407.26,411.25,406.07,405.36,368.26,368.08,437.1149,0,386.3108,1,898621,1108449,2.8095,2.7203,0.0892,52.92
2026-06-30,409.99,426.88,408.92,425.07,413.15,407.37,405.78,368.93,368.42,437.1149,0,388.2851,1,1081322,1108752,3.9760,2.9714,1.0045,59.12
2026-07-01,418.96,422.41,403.75,411.30,413.61,407.11,405.90,369.48,368.67,437.1149,0,390.1804,1,981133,1108679,3.7456,3.1263,0.6193,52.35
2026-07-02,407.77,413.72,391.34,397.54,412.50,405.98,405.70,369.94,368.80,437.1149,0,435.6681,0,1036790,1112844,2.4251,2.9860,-0.5610,45.56
2026-07-06,404.59,419.22,403.41,412.41,411.67,405.72,405.71,370.46,369.03,437.1149,0,434.7815,0,729604,1105228,2.5485,2.8985,-0.3500,51.25
2026-07-07,403.06,405.00,387.15,394.71,407.67,405.70,405.16,370.84,369.21,437.1149,0,433.9126,0,921934,1098943,1.2045,2.5597,-1.3552,43.77
2026-07-08,390.66,400.62,389.74,398.58,407.10,405.53,404.70,371.21,369.36,437.1149,0,432.0420,0,700908,1091848,0.4466,2.1371,-1.6905,45.01
2026-07-09,410.54,413.84,402.66,404.83,407.22,405.73,404.50,371.66,369.53,437.1149,0,430.2462,0,692427,1085158,0.3466,1.7790,-1.4324,44.74
2026-07-10,402.03,410.66,400.85,406.28,405.97,407.32,404.41,372.17,369.70,437.1149,0,428.5222,0,571821,1076074,0.3797,1.4991,-1.1195,45.33
2026-07-13,402.12,406.23,396.13,401.86,405.98,407.78,404.27,372.63,369.88,437.1149,0,426.8673,0,677956,1073757,0.0488,1.2091,-1.1603,43.46
2026-07-14,410.39,415.98,406.50,414.50,406.71,408.98,403.95,373.15,370.11,437.1149,0,425.2785,0,797050,1061544,0.7972,1.1267,-0.3295,49.36
2026-07-15,417.97,417.97,400.47,411.85,405.39,409.27,403.72,373.66,370.37,437.1149,0,423.7532,0,803426,1056519,1.1628,1.1339,0.0289,49.87
2026-07-16,400.80,405.62,389.91,395.30,403.79,408.70,403.22,374.03,370.54,437.1149,0,422.2890,0,1283558,1054322,0.1158,0.9303,-0.8145,38.83
2026-07-17,384.51,403.72,381.06,399.01,403.93,408.22,403.02,374.43,370.72,437.1149,0,420.8833,0,1059973,1019016,-0.4098,0.6623,-1.0721,41.67
2026-07-20,407.21,412.45,398.29,400.42,402.73,407.20,402.65,374.76,370.87,437.1149,0,418.4941,0,662688,1004544,-0.7039,0.3890,-1.0929,42.73
2026-07-21,409.37,411.20,400.91,401.96,403.46,405.56,402.75,375.12,371.03,437.1149,0,416.2482,0,758997,991065,-0.8038,0.1505,-0.9542,42.33
2026-07-22,397.07,411.47,396.88,405.91,404.19,405.65,402.85,375.64,371.20,437.1149,0,414.1370,0,720597,986310,-0.5577,0.0088,-0.5666,42.70
2026-07-23,401.70,416.41,401.70,414.11,405.12,406.17,402.78,376.19,371.42,437.1149,0,381.0624,1,758899,970275,0.2955,0.0662,0.2294,46.54
2026-07-24,408.82,413.90,399.89,403.08,404.80,405.38,402.83,376.70,371.56,437.1149,0,381.7693,1,632006,959200,0.0805,0.0690,0.0115,41.28
2026-07-27,403.01,406.66,386.55,397.66,404.38,405.18,402.66,377.26,371.71,437.1149,0,382.4620,1,852651,957397,-0.5209,-0.0489,-0.4720,37.18
2026-07-28,382.33,387.62,374.83,385.31,401.46,404.08,402.23,377.74,371.78,432.2892,0,416.4055,0,1144682,963869,-1.9714,-0.4334,-1.5379,29.74
2026-07-29,381.26,385.57,357.25,360.99,396.38,400.88,401.48,378.05,371.72,425.8677,0,415.5739,0,1633490,970549,-5.0253,-1.3518,-3.6735,20.86
2026-07-30,380.56,388.43,377.65,385.94,395.44,399.61,401.58,378.50,371.82,425.8677,0,413.2410,0,1507826,978841,-5.3706,-2.1556,-3.2150,31.16
2026-07-31,418.97,418.97,393.44,414.18,396.96,400.44,402.44,379.13,372.03,425.8677,0,357.2510,1,1889451,994675,-3.3271,-2.3899,-0.9372,46.31
2026-08-03,412.92,437.68,409.14,437.15,400.63,401.68,403.61,379.90,372.37,359.5662,1,358.4854,1,1593141,1006151,0.1445,-1.8830,2.0275,55.92
2026-08-04,450.18,450.85,433.23,443.68,404.80,404.13,404.87,380.73,372.70,379.2951,1,361.6533,1,1346897,1018335,3.3832,-0.8298,4.2130,55.81
2026-08-05,444.11,452.39,442.58,446.18,408.83,406.51,405.99,381.58,373.07,388.0697,1,367.0051,1,974310,1019400,6.0818,0.5526,5.5293,61.33
2026-08-06,443.86,456.66,440.92,447.09,412.13,408.62,406.89,382.44,373.46,390.5905,1,373.8357,1,785946,1012099,8.1992,2.0819,6.1173,61.40
2026-08-07,451.77,455.82,444.55,448.68,416.69,410.74,407.75,383.33,373.84,394.4282,1,382.1178,1,772492,1004418,9.8916,3.6438,6.2477,56.36
2026-08-10,453.90,453.93,444.07,444.96,421.42,412.90,408.63,384.13,374.22,395.8609,1,389.5716,1,620541,998191,10.8080,5.0767,5.7313,59.68
2026-08-11,446.97,463.75,446.50,459.29,428.81,415.14,409.83,385.06,374.73,401.6628,1,396.2801,1,845231,988486,12.5460,6.5705,5.9754,64.14
2026-08-12,476.02,478.00,459.03,459.96,438.71,417.54,411.04,385.92,375.19,414.7080,1,404.3765,1,764913,985066,13.8181,8.0200,5.7981,63.92
2026-08-13,459.31,459.38,452.50,453.33,445.45,420.45,411.78,386.81,375.60,414.7080,1,414.6838,1,709507,981929,14.1284,9.2417,4.8867,63.74
2026-08-14,453.76,456.67,449.01,451.51,449.18,423.07,412.40,387.70,375.97,414.7080,1,423.5481,1,632566,976200,14.0653,10.2064,3.8589,66.70
2026-08-17,458.96,458.96,449.00,455.40,451.01,425.82,413.16,388.59,376.39,414.7080,1,431.1713,1,731054,975251,14.1660,10.9983,3.1676,71.01
2026-08-18,444.19,444.89,428.90,431.33,449.77,427.29,413.89,389.29,376.63,414.7080,1,478.0000,0,914722,973447,12.1632,11.2313,0.9319,62.31
2026-08-19,435.12,436.95,417.22,424.67,447.62,428.23,414.34,389.93,376.86,414.7080,1,477.0180,0,742578,971363,9.9243,10.9699,-1.0456,58.15
2026-08-20,422.05,425.42,415.15,415.29,444.44,428.28,414.63,390.51,377.05,414.7080,1,474.6261,0,699473,966586,7.3087,10.2377,-2.9289,53.32
2026-08-21,419.50,423.51,416.21,419.20,441.49,429.09,415.52,391.10,377.23,414.7080,1,471.0575,0,733349,954554,5.4881,9.2878,-3.7996,52.27
2026-08-24,415.23,417.99,406.95,408.67,437.87,429.64,415.84,391.55,377.41,457.6092,0,467.7031,0,643001,946631,3.1592,8.0621,-4.9029,47.22
2026-08-25,418.33,419.99,407.47,409.20,432.86,430.84,416.22,392.05,377.55,457.6092,0,462.8428,0,622557,942056,1.3408,6.7178,-5.3770,50.95
2026-08-26,411.97,420.93,409.78,419.44,428.80,433.76,416.49,392.61,377.77,457.6092,0,458.3714,0,752014,938073,0.7177,5.5178,-4.8001,54.75
2026-08-27,427.62,427.96,415.21,416.04,425.08,435.26,416.67,393.17,378.00,457.6092,0,454.2577,0,674734,936982,-0.0498,4.4043,-4.4541,53.98
2026-08-28,417.50,419.03,402.31,402.78,420.20,434.69,416.56,393.67,378.13,454.3328,0,450.4731,0,734228,933294,-1.7084,3.1817,-4.8901,43.20
2026-08-31,403.00,406.98,399.75,401.88,414.85,432.93,416.18,394.15,378.31,444.8305,0,445.6568,0,870432,919360,-3.0602,1.9333,-4.9935,40.36
2026-09-01,397.99,401.00,387.00,390.71,410.79,430.28,415.30,394.50,378.44,435.7830,0,440.1480,0,790133,912751,-4.9755,0.5516,-5.5271,36.61
2026-09-02,391.28,394.89,386.00,390.85,407.41,427.51,415.03,394.81,378.64,430.7167,0,432.7072,0,637515,905569,-6.4082,-0.8404,-5.5678,40.24
2026-09-03,390.03,397.87,384.77,397.12,405.59,425.02,414.90,395.11,378.87,430.7167,0,425.2341,0,586467,897903,-6.9575,-2.0638,-4.8937,42.95
2026-09-04,400.90,411.24,400.05,410.85,404.75,423.12,414.74,395.53,379.23,430.7167,0,417.9505,0,776383,897508,-6.2133,-2.8937,-3.3196,49.75
2026-09-08,423.68,430.25,419.50,422.13,406.10,421.98,415.15,395.97,379.66,430.7167,0,384.7700,1,859119,872222,-4.6596,-3.2469,-1.4127,61.94
2026-09-09,420.05,424.23,415.16,415.22,406.70,419.78,415.31,396.34,380.02,430.7167,0,385.6796,1,737057,868991,-3.9404,-3.3856,-0.5548,61.03
2026-09-10,410.00,414.37,405.70,409.15,405.67,417.24,414.99,396.65,380.44,430.7167,0,386.5710,1,625713,859879,-3.8163,-3.4717,-0.3446,59.72
2026-09-11,415.40,427.14,414.00,425.37,406.61,415.84,415.27,397.14,380.92,430.7167,0,387.4446,1,693651,854129,-2.3816,-3.2537,0.8721,63.47
2026-09-14,393.01,400.66,387.00,393.16,405.64,412.92,415.18,397.29,381.25,430.7167,0,430.2500,0,1253551,858464,-3.7999,-3.3629,-0.4370,47.76
2026-09-15,398.80,400.27,389.40,392.40,404.70,409.77,414.78,397.42,381.54,430.7167,0,429.3850,0,1055281,864978,-4.9284,-3.6760,-1.2524,47.74
2026-09-16,397.65,403.32,393.60,397.80,405.40,408.10,414.85,397.57,381.84,430.7167,0,428.5373,0,720257,860944,-5.3257,-4.0060,-1.3197,48.18
2026-09-17,415.08,418.86,408.73,409.46,407.27,407.34,415.06,397.68,382.17,430.7167,0,427.7066,0,1065620,868239,-4.6461,-4.1340,-0.5121,51.09
2026-09-18,411.48,425.34,410.93,424.77,410.03,407.81,415.46,397.93,382.61,430.7167,0,426.8924,0,1959167,893573,-2.8394,-3.8751,1.0357,64.54
