Date,Open,High,Low,Close,Ma10:Top:Line,Ma20:Top:Line,Ma50:Top:Line,Ma150:Top:Line,Ma200:Top:Line,Supertrend:Top:ColorLine,Supertrend_Dir,ParabolicSAR:Top:ColorLine,ParabolicSAR_Dir,Volume:Middle:Histogram,Vo50:Middle:Line,Macd:Bottom:Line,MacdSignal:Bottom:Line,MacdDelta:Bottom:Histogram,RsRating:Hidden:Hidden
2023-07-12,104.53,104.79,102.51,102.58,,,,,,,0,104.7918,0,112543,,,,,0
2023-07-13,102.97,104.10,102.20,103.47,,,,,,,0,104.7918,0,98460,,,,,0
2023-07-14,103.41,103.41,100.62,102.00,,,,,,,0,104.7918,0,87609,,,,,0
2023-07-17,101.52,103.09,101.52,102.56,,,,,,,0,104.6249,0,98695,,,,,0
2023-07-18,102.25,104.41,101.96,104.26,,,,,,,0,104.4647,0,106894,,,,,0
2023-07-19,103.95,103.95,100.41,100.98,,,,,,,0,104.4082,0,174945,,,,,0
2023-07-20,100.98,101.07,96.02,97.98,,,,,,,0,104.4082,0,216570,,,,,0
2023-07-21,98.59,99.24,96.06,96.19,,,,,,,0,103.9478,0,129337,,,,,0
2023-07-24,96.93,99.14,96.41,97.80,,,,,,,0,103.3133,0,135531,,,,,0
2023-07-25,98.74,101.40,98.09,100.81,100.86,,,,,108.6470,0,102.7296,0,120541,,,,,0
2023-07-26,99.80,101.03,98.15,99.51,100.56,,,,,108.4691,0,102.1926,0,105991,,,,,0
2023-07-27,99.70,100.04,97.87,98.29,100.04,,,,,107.5936,0,101.6985,0,120918,,,,,0
2023-07-28,99.36,99.74,97.66,99.56,99.79,,,,,107.0995,0,101.2440,0,93647,,,,,0
2023-07-31,99.96,102.43,99.96,102.21,99.76,,,,,107.0995,0,96.0168,1,136081,,,,,0
2023-08-01,99.73,103.47,99.56,102.61,99.59,,,,,107.0995,0,96.1451,1,148120,,,,,0
2023-08-02,101.52,102.67,100.74,101.04,99.60,,,,,107.0995,0,96.4380,1,136799,,,,,0
2023-08-03,100.70,103.48,99.48,101.12,99.91,,,,,107.0995,0,96.7192,1,141880,,,,,0
2023-08-04,101.20,102.55,99.40,99.54,100.25,,,,,107.0995,0,97.1248,1,128336,,,,,0
2023-08-07,99.58,101.28,99.58,100.18,100.49,,,,,107.0995,0,97.5059,1,78199,,,,,0
2023-08-08,98.47,99.89,96.96,99.69,100.37,100.62,,,,107.0509,0,103.4779,0,93493,,,,,0
2023-08-09,100.88,100.88,99.14,100.28,100.45,100.50,,,,107.0509,0,103.3475,0,130901,,,,,0
2023-08-10,100.99,101.57,97.21,97.91,100.41,100.23,,,,107.0509,0,103.2197,0,113667,,,,,0
2023-08-11,97.75,98.63,97.34,98.11,100.27,100.03,,,,106.2650,0,103.0944,0,89185,,,,,0
2023-08-14,100.16,104.76,98.24,103.24,100.37,100.07,,,,106.2650,0,96.9566,1,288900,,,,,0
2023-08-15,102.14,102.61,99.63,99.94,100.10,99.85,,,,106.2650,0,97.1127,1,123333,,,,,0
2023-08-16,99.29,102.85,99.10,101.52,100.15,99.88,,,,106.2650,0,97.2657,1,136157,,,,,0
2023-08-17,103.52,104.86,100.98,101.12,100.15,100.03,,,,106.2650,0,97.4157,1,167344,,,,,0
2023-08-18,99.77,101.68,99.64,100.93,100.29,100.27,,,,106.2650,0,97.7134,1,104724,,,,,0
2023-08-21,100.72,101.56,99.21,99.60,100.23,100.36,,,,106.2650,0,97.9992,1,81613,,,,,0
2023-08-22,100.09,101.89,99.94,100.55,100.32,100.35,,,,106.2650,0,98.2736,1,92153,,,,,0
2023-08-23,100.55,100.60,98.53,98.67,100.16,100.31,,,,106.2650,0,104.8589,0,176590,,,,,0
2023-08-24,98.01,98.16,95.82,96.91,100.06,100.24,,,,105.7488,0,104.7323,0,166581,,,,,0
2023-08-25,97.83,98.33,96.03,97.59,100.01,100.14,,,,105.7461,0,104.3760,0,101597,,,,,0
2023-08-28,97.90,98.89,97.18,97.93,99.48,99.92,,,,105.7461,0,104.0340,0,72362,,-0.6403,-0.2176,-0.4227,0
2023-08-29,97.57,103.15,97.48,102.20,99.70,99.90,,,,105.7461,0,103.7056,0,144850,,-0.3491,-0.2439,-0.1052,0
2023-08-30,102.34,102.69,101.27,102.06,99.76,99.95,,,,105.7461,0,103.3904,0,74483,,-0.1285,-0.2209,0.0924,0
2023-08-31,102.06,102.93,101.41,102.22,99.87,100.01,,,,105.7461,0,103.1518,0,129731,,0.0588,-0.1649,0.2238,0
2023-09-01,103.54,103.82,101.78,102.90,100.06,100.18,,,,105.7461,0,95.8250,1,74810,,0.2593,-0.0801,0.3393,0
2023-09-05,102.78,102.85,100.64,101.25,100.23,100.23,,,,105.7461,0,95.9849,1,75289,,0.2817,-0.0077,0.2895,0
2023-09-06,101.00,102.30,98.78,99.73,100.15,100.23,,,,105.7461,0,96.1417,1,102888,,0.1745,0.0287,0.1458,0
2023-09-07,98.96,100.97,98.07,100.75,100.36,100.26,,,,105.7461,0,96.2953,1,108580,,0.1704,0.0571,0.1133,0
2023-09-08,99.54,100.41,97.86,98.72,100.54,100.30,,,,105.7461,0,96.4459,1,101828,,0.0030,0.0462,-0.0433,0
2023-09-11,100.06,100.50,96.06,96.23,100.40,100.20,,,,105.7461,0,103.8232,0,137757,,-0.3271,-0.0284,-0.2987,0
2023-09-12,95.86,97.00,94.35,96.07,100.21,99.85,,,,104.3602,0,103.6678,0,86535,,-0.5942,-0.1416,-0.4526,0
2023-09-13,96.41,96.61,93.70,94.61,99.45,99.58,,,,103.8438,0,103.2950,0,111287,,-0.9138,-0.2960,-0.6177,0
2023-09-14,96.36,98.53,95.91,98.33,99.08,99.42,,,,103.8438,0,102.7191,0,189250,,-0.8569,-0.4082,-0.4487,0
2023-09-15,97.71,97.73,94.38,94.66,98.33,99.10,,,,103.8438,0,102.1777,0,415293,,-1.0948,-0.5455,-0.5493,0
2023-09-18,92.44,95.69,91.61,94.09,97.44,98.75,,,,103.2306,0,101.6688,0,163275,,-1.3146,-0.6993,-0.6153,0
2023-09-19,94.01,96.27,94.01,95.22,96.84,98.54,,,,103.2306,0,100.8645,0,137348,,-1.3816,-0.8358,-0.5458,0
2023-09-20,96.20,98.04,95.93,96.14,96.48,98.32,99.64,,,103.2306,0,100.1245,0,133563,129929,-1.3449,-0.9376,-0.4073,0
2023-09-21,95.29,96.33,95.08,95.46,95.95,98.15,99.50,,,103.2306,0,99.4437,0,146692,130612,-1.3551,-1.0211,-0.3340,0
2023-09-22,95.83,98.64,95.80,96.96,95.78,98.16,99.37,,,103.2306,0,98.8174,0,164722,131937,-1.2283,-1.0625,-0.1658,0
2023-09-25,97.56,100.74,97.28,100.11,96.17,98.28,99.33,,,103.2306,0,91.6149,1,154748,133280,-0.8633,-1.0227,0.1594,0
2023-09-26,100.11,101.00,98.14,98.61,96.42,98.32,99.25,,,103.2306,0,91.7975,1,165859,134624,-0.6876,-0.9557,0.2681,0
2023-09-27,99.70,102.12,99.49,102.08,97.17,98.31,99.20,,,103.2306,0,92.1657,1,208952,136665,-0.2652,-0.8176,0.5524,0
2023-09-28,102.69,103.23,101.47,102.02,97.53,98.31,99.23,,,103.2306,0,92.7627,1,137290,135912,0.0638,-0.6413,0.7051,0
2023-09-29,103.03,103.67,102.01,103.24,98.39,98.36,99.33,,,94.4667,1,93.6000,1,157914,134738,0.4184,-0.4293,0.8478,0
2023-10-02,103.46,103.95,101.37,102.36,99.22,98.33,99.45,,,94.4667,1,94.6071,1,131803,134788,0.6216,-0.2192,0.8407,0
2023-10-03,101.54,102.89,100.94,102.27,99.92,98.38,99.54,,,94.4667,1,95.7283,1,129640,134670,0.7660,-0.0221,0.7881,0
2023-10-04,102.12,104.09,101.59,102.60,100.57,98.53,99.58,,,94.8325,1,96.7150,1,129843,134856,0.8973,0.1617,0.7355,0
2023-10-05,101.79,103.58,101.58,103.00,101.32,98.64,99.65,,,94.8325,1,97.7468,1,115549,135047,1.0214,0.3337,0.6877,0
2023-10-06,103.82,105.27,102.62,104.23,102.05,98.91,99.77,,,96.1284,1,98.6342,1,120320,135035,1.2053,0.5080,0.6973,0
2023-10-09,103.87,105.21,102.28,104.69,102.51,99.34,99.87,,,96.1284,1,99.6959,1,87756,134917,1.3725,0.6809,0.6916,0
2023-10-10,105.14,107.29,105.14,105.68,103.22,99.82,99.94,,,98.3158,1,100.5877,1,115819,134512,1.5670,0.8581,0.7089,0
2023-10-11,105.69,107.00,105.10,106.39,103.65,100.41,100.02,,,98.3656,1,101.7944,1,100822,133566,1.7576,1.0380,0.7196,0
2023-10-12,105.26,105.44,100.79,101.89,103.63,100.58,100.03,,,98.3656,1,107.2917,0,134794,133526,1.5282,1.1361,0.3922,0
2023-10-13,101.58,103.09,100.98,101.98,103.51,100.95,100.05,,,98.3656,1,107.1617,0,95552,132600,1.3380,1.1765,0.1615,0
2023-10-16,103.33,103.88,100.64,100.83,103.36,101.29,100.08,,,98.3656,1,107.0343,0,104469,132122,1.0823,1.1576,-0.0753,0
2023-10-17,99.75,103.26,99.67,102.81,103.41,101.67,100.13,,,98.3656,1,106.7784,0,112055,132799,1.0279,1.1317,-0.1038,0
2023-10-18,101.35,101.55,99.11,99.57,103.11,101.84,100.13,,,98.3656,1,106.3517,0,131920,133568,0.7146,1.0483,-0.3336,0
2023-10-19,100.92,104.18,94.60,95.52,102.36,101.84,100.03,,,109.3000,0,105.7721,0,356991,138090,0.1377,0.8662,-0.7284,0
2023-10-20,95.10,98.13,94.91,95.28,101.46,101.76,99.98,,,107.3344,0,104.6550,0,198652,139789,-0.3350,0.6259,-0.9609,0
2023-10-23,94.95,97.35,94.67,95.08,100.50,101.51,99.92,,,106.5531,0,104.1816,0,134893,140703,-0.7170,0.3573,-1.0743,0
2023-10-24,95.86,98.78,95.07,97.85,99.72,101.47,99.81,,,106.5531,0,103.2236,0,233950,139604,-0.7876,0.1284,-0.9160,0
2023-10-25,97.61,97.92,95.33,96.13,98.69,101.17,99.73,,,106.5531,0,102.3613,0,115545,139449,-0.9707,-0.0915,-0.8792,0
2023-10-26,96.48,100.00,96.48,98.56,98.36,101.00,99.67,,,106.5531,0,101.5853,0,167983,140085,-0.9095,-0.2551,-0.6544,0
2023-10-27,99.02,100.68,97.88,100.24,98.19,100.85,99.66,,,106.5531,0,100.8869,0,154999,139838,-0.7168,-0.3474,-0.3694,0
2023-10-30,100.85,101.37,99.05,100.71,98.17,100.76,99.65,,,106.5531,0,94.6011,1,138456,140513,-0.5208,-0.3821,-0.1387,0
2023-10-31,100.96,103.08,100.21,102.55,98.15,100.78,99.71,,,106.5531,0,94.7365,1,179033,142461,-0.2138,-0.3484,0.1346,0
2023-11-01,103.07,105.29,101.71,104.97,98.69,100.90,99.80,,,106.5531,0,95.0704,1,169330,144005,0.2220,-0.2343,0.4563,0
2023-11-02,105.91,107.72,105.76,107.40,99.88,101.12,99.97,,,97.0251,1,95.6835,1,128583,143045,0.7544,-0.0366,0.7910,0
2023-11-03,109.58,109.94,107.69,107.72,101.12,101.29,100.19,,,99.3087,1,96.6461,1,128248,142278,1.1883,0.2084,0.9799,0
2023-11-06,108.65,109.29,107.27,107.66,102.38,101.44,100.39,,,99.3087,1,97.9754,1,106342,142373,1.5101,0.4687,1.0414,0
2023-11-07,107.28,107.28,105.39,106.16,103.21,101.46,100.56,,,99.3087,1,99.1718,1,132774,143581,1.6252,0.7000,0.9252,0
2023-11-08,106.35,106.61,104.76,105.12,104.11,101.40,100.61,,,99.3087,1,100.2486,1,127543,143235,1.6139,0.8828,0.7311,0
2023-11-09,105.91,106.32,104.24,104.66,104.72,101.54,100.67,,,99.3087,1,101.2177,1,97047,143686,1.5505,1.0163,0.5342,0
2023-11-10,105.31,105.81,104.10,104.97,105.19,101.69,100.72,,,99.3087,1,102.0899,1,115398,143400,1.5078,1.1146,0.3932,0
2023-11-13,104.62,104.97,103.39,103.45,105.47,101.82,100.73,,,99.3087,1,102.8748,1,148299,144870,1.3358,1.1589,0.1769,0
2023-11-14,104.83,107.06,104.15,106.64,105.87,102.01,100.84,,,99.3087,1,103.3921,1,147120,146306,1.4400,1.2151,0.2249,0
2023-11-15,107.04,107.77,106.72,107.13,106.09,102.39,100.99,,,99.6971,1,103.3921,1,93414,146117,1.5445,1.2810,0.2635,0
2023-11-16,106.52,107.00,104.17,105.80,105.93,102.90,101.09,,,99.6971,1,104.0468,1,92453,145794,1.5027,1.3253,0.1774,0
2023-11-17,106.16,107.93,106.16,106.81,105.84,103.48,101.25,,,99.6971,1,104.1720,1,116044,146078,1.5335,1.3669,0.1665,0
2023-11-20,107.28,108.46,107.15,107.71,105.84,104.11,101.48,,,100.5104,1,104.1720,1,96871,145261,1.6116,1.4159,0.1957,0
2023-11-21,107.54,109.34,107.37,108.48,106.08,104.64,101.73,,,101.2010,1,104.7487,1,105270,145635,1.7158,1.4759,0.2400,0
2023-11-22,108.40,108.86,107.58,108.51,106.42,105.26,102.01,,,101.3975,1,105.2678,1,71418,144838,1.7810,1.5369,0.2441,0
2023-11-24,108.41,108.77,107.01,107.36,106.69,105.70,102.19,,,101.3975,1,105.7350,1,45815,141969,1.7197,1.5735,0.1462,0
2023-11-27,107.82,111.17,107.72,110.97,107.28,106.24,102.51,,,102.3019,1,106.1554,1,139856,136461,1.9400,1.6468,0.2932,0
2023-11-28,110.78,112.26,109.65,109.99,107.94,106.70,102.83,,,103.7407,1,106.7574,1,142319,136042,2.0122,1.7198,0.2923,0
2023-11-29,110.06,111.27,109.28,111.20,108.40,107.13,103.15,,,103.7407,1,107.5278,1,108156,135458,2.1426,1.8044,0.3382,0
2023-11-30,111.55,115.11,111.09,114.71,109.15,107.62,103.52,,,105.5083,1,108.1903,1,391128,140609,2.4999,1.9435,0.5564,0
2023-12-01,115.54,116.12,114.46,115.30,110.10,108.02,103.92,,,107.9657,1,109.2751,1,143305,140541,2.7990,2.1146,0.6844,0
2023-12-04,113.64,115.83,113.14,114.36,110.86,108.35,104.27,,,107.9657,1,110.5074,1,145066,140148,2.9262,2.2769,0.6493,0
2023-12-05,113.86,114.05,111.14,112.28,111.32,108.58,104.51,,,107.9657,1,116.1211,0,160385,140261,2.8266,2.3868,0.4397,0
2023-12-06,111.72,113.58,109.39,109.46,111.41,108.74,104.73,,,107.9657,1,116.0215,0,152002,139984,2.4912,2.4077,0.0835,0
2023-12-07,109.46,110.21,108.17,110.16,111.58,109.00,104.89,,,107.9657,1,115.7563,0,154202,138889,2.2562,2.3774,-0.1212,0
2023-12-08,109.81,111.28,108.88,108.96,111.74,109.21,105.03,,,107.9657,1,115.3010,0,109946,138342,1.9503,2.2920,-0.3417,0
2023-12-11,107.91,110.68,107.65,110.51,111.69,109.49,105.17,,,107.9657,1,114.8730,0,158727,138358,1.8121,2.1960,-0.3839,0
2023-12-12,110.73,110.73,107.77,109.56,111.65,109.79,105.32,,,107.9657,1,114.2950,0,138482,138492,1.6079,2.0784,-0.4705,0
2023-12-13,109.76,112.12,107.48,111.08,111.64,110.02,105.49,,,107.9657,1,113.7632,0,188291,139665,1.5502,1.9728,-0.4226,0
2023-12-14,111.68,114.89,111.59,114.71,111.64,110.39,105.73,,,107.9657,1,107.4842,1,269913,142466,1.7769,1.9336,-0.1567,0
2023-12-15,115.74,123.02,114.76,119.90,112.10,111.10,106.07,,,108.3634,1,107.4842,1,749424,155144,2.3483,2.0165,0.3317,0
2023-12-18,123.73,123.80,117.33,117.59,112.42,111.64,106.34,,,109.1531,1,108.1054,1,264985,158037,2.5856,2.1303,0.4552,0
2023-12-19,117.83,119.22,116.65,118.74,113.07,112.19,106.62,,,109.1531,1,109.0468,1,180454,159891,2.8334,2.2710,0.5625,0
2023-12-20,117.63,119.33,115.72,115.80,113.70,112.56,106.82,,,109.1531,1,109.9317,1,104430,159663,2.7611,2.3690,0.3921,0
2023-12-21,116.42,116.93,115.56,115.73,114.26,112.92,107.01,,,109.1531,1,110.7635,1,89662,159440,2.6668,2.4285,0.2382,0
2023-12-22,116.13,117.79,115.67,117.32,115.09,113.42,107.32,,,109.1531,1,111.5454,1,82778,158400,2.6892,2.4807,0.2085,0
2023-12-26,117.52,117.92,116.71,116.75,115.72,113.70,107.61,,,109.1531,1,112.2804,1,42122,157331,2.6308,2.5107,0.1201,0
2023-12-27,116.84,117.69,116.22,116.41,116.40,114.03,107.93,,,109.1531,1,112.9713,1,90905,157060,2.5283,2.5142,0.0140,0
2023-12-28,116.36,116.60,114.72,115.06,116.80,114.22,108.17,,,109.1531,1,113.6207,1,68388,156186,2.3115,2.4737,-0.1621,0
2023-12-29,114.84,115.03,113.72,114.12,116.74,114.19,108.46,,,109.1531,1,123.7951,0,90890,155366,2.0399,2.3869,-0.3471,0
2024-01-02,113.85,116.46,113.78,114.90,116.24,114.17,108.85,,,109.1531,1,123.5936,0,114867,150523,1.8662,2.2828,-0.4166,0
2024-01-03,113.88,117.31,112.50,115.09,115.99,114.21,109.25,,,109.1531,1,123.3961,0,147006,149490,1.7243,2.1711,-0.4468,0
2024-01-04,114.72,115.81,112.41,112.53,115.37,114.22,109.59,,,109.1531,1,122.9603,0,151899,149830,1.3892,2.0147,-0.6255,0
2024-01-05,112.02,113.99,111.48,112.30,115.02,114.36,109.88,,,109.1531,1,122.3276,0,172575,148603,1.0923,1.8302,-0.7379,0
2024-01-08,111.48,113.33,109.72,113.09,114.76,114.51,110.22,,,109.1531,1,121.4595,0,134198,148976,0.9105,1.6463,-0.7358,0
2024-01-09,112.56,112.56,108.96,109.20,113.94,114.52,110.44,,,109.1531,1,120.2854,0,149738,148611,0.4470,1.4064,-0.9594,0
2024-01-10,109.27,109.90,108.54,109.03,113.17,114.44,110.61,,,117.9717,0,118.9258,0,130590,148123,0.0657,1.1383,-1.0726,0
2024-01-11,108.95,109.84,107.32,109.30,112.46,114.43,110.78,,,117.2155,0,117.4718,0,126129,147876,-0.2122,0.8682,-1.0804,0
2024-01-12,109.47,111.17,108.64,109.40,111.90,114.35,110.92,,,117.2155,0,115.8479,0,88595,146068,-0.4198,0.6106,-1.0304,0
2024-01-16,109.12,109.55,107.74,107.83,111.27,114.00,110.98,,,116.8666,0,114.4838,0,127726,145236,-0.7026,0.3479,-1.0505,0
2024-01-17,106.73,109.35,105.96,108.56,110.63,113.44,111.00,,,116.0716,0,113.3379,0,142201,145508,-0.8583,0.1067,-0.9650,0
2024-01-18,109.00,110.05,107.79,108.89,110.01,113.00,111.02,,,116.0716,0,112.0099,0,113524,145213,-0.9443,-0.1035,-0.8408,0
2024-01-19,108.67,109.40,107.57,109.05,109.67,112.52,111.05,,,116.0716,0,110.9209,0,107962,145246,-0.9878,-0.2804,-0.7075,0
2024-01-22,108.41,111.65,108.41,111.54,109.59,112.30,111.16,,,116.0716,0,105.9599,1,227097,147132,-0.8126,-0.3868,-0.4258,0
2024-01-23,112.45,113.76,111.59,112.22,109.50,112.13,111.30,,,116.0716,0,106.0737,1,228912,149160,-0.6113,-0.4317,-0.1796,0
2024-01-24,106.37,114.56,106.29,112.61,109.84,111.89,111.46,,,116.0716,0,113.7576,0,300463,153228,-0.4158,-0.4285,0.0128,0
2024-01-25,113.42,114.16,110.89,111.99,110.14,111.66,111.60,,,116.0716,0,114.5595,0,146961,153859,-0.3072,-0.4042,0.0971,0
2024-01-26,112.44,113.95,111.45,112.09,110.42,111.44,111.77,,,116.0716,0,114.5595,0,115548,153204,-0.2109,-0.3656,0.1547,0
2024-01-29,111.67,112.98,109.03,112.92,110.77,111.33,111.90,,,116.0716,0,114.3941,0,202869,154319,-0.0668,-0.3058,0.2390,0
2024-01-30,111.88,118.73,111.85,118.32,111.82,111.54,112.12,,,104.6747,1,106.2884,1,198406,156419,0.4778,-0.1491,0.6269,0
2024-01-31,118.53,118.73,116.35,116.62,112.62,111.63,112.34,,,107.0974,1,106.5373,1,199983,158570,0.7633,0.0334,0.7299,0
2024-02-01,117.82,118.70,114.57,115.75,113.31,111.66,112.52,,,107.0974,1,106.7812,1,176103,159771,0.9090,0.2085,0.7005,0
2024-02-02,115.35,117.19,114.94,116.11,114.01,111.84,112.69,,,107.0974,1,107.0203,1,145394,160741,1.0413,0.3751,0.6662,0
2024-02-05,114.80,117.73,114.12,117.39,114.60,112.09,112.86,,,107.0974,1,107.2545,1,155179,161739,1.2355,0.5472,0.6884,0
2024-02-06,117.56,118.19,115.98,116.12,114.99,112.25,113.02,,,107.1462,1,107.4841,1,142666,163164,1.2719,0.6921,0.5798,0
2024-02-07,116.16,121.25,116.10,120.36,115.76,112.80,113.28,,,108.1798,1,107.7091,1,182667,165901,1.6243,0.8786,0.7458,0
2024-02-08,120.44,121.51,119.37,120.63,116.63,113.38,113.47,,,110.3566,1,108.2506,1,105727,165219,1.9035,1.0835,0.8199,0
2024-02-09,120.78,121.42,120.02,120.77,117.50,113.96,113.69,,,111.2247,1,109.0460,1,144163,165256,2.1121,1.2892,0.8228,0
2024-02-12,121.02,121.89,119.43,119.63,118.17,114.47,113.85,,,111.3770,1,109.7936,1,120480,165502,2.1605,1.4635,0.6970,0
2024-02-13,117.51,118.03,113.47,114.38,117.77,114.80,113.85,105.67,,111.3770,1,110.7616,1,147454,160629,1.7545,1.5217,0.2328,0
2024-02-14,114.98,116.89,114.18,115.70,117.68,115.15,113.86,105.76,,111.3770,1,111.6522,1,108544,159934,1.5220,1.5217,0.0002,0
2024-02-15,115.99,120.15,115.99,119.92,118.10,115.70,113.97,105.87,,111.3770,1,112.4715,1,163726,160307,1.6593,1.5493,0.1100,0
2024-02-16,120.27,121.75,119.06,119.18,118.41,116.21,114.10,105.98,,111.3770,1,113.2252,1,110500,159309,1.6886,1.5771,0.1115,0
2024-02-20,117.63,119.46,116.87,118.47,118.52,116.56,114.28,106.09,,111.3770,1,113.9187,1,124351,158756,1.6361,1.5889,0.0472,0
2024-02-21,117.68,118.33,116.59,117.93,118.70,116.84,114.44,106.18,,111.3770,1,114.5567,1,103913,157750,1.5332,1.5778,-0.0446,0
2024-02-22,117.81,120.83,117.81,120.57,118.72,117.24,114.67,106.31,,111.3770,1,115.1436,1,99525,157542,1.6454,1.5913,0.0541,0
2024-02-23,121.28,123.51,120.35,122.72,118.93,117.78,114.92,106.47,,112.5082,1,115.6836,1,95600,156279,1.8866,1.6504,0.2362,0
2024-02-26,123.29,126.79,122.73,126.65,119.52,118.51,115.26,106.68,,115.0657,1,116.4660,1,130847,156127,2.3669,1.7937,0.5732,0
2024-02-27,126.44,129.14,126.36,128.48,120.40,119.28,115.61,106.88,,118.1863,1,117.7051,1,162569,155612,2.8627,2.0075,0.8553,0
2024-02-28,127.17,128.67,126.41,128.02,121.76,119.77,115.87,107.06,,118.2517,1,119.3061,1,155623,153326,3.1816,2.2423,0.9393,0
2024-02-29,128.64,129.84,127.60,129.30,123.13,120.40,116.06,107.26,,119.6942,1,120.6829,1,285679,144051,3.4977,2.4934,1.0043,0
2024-03-01,129.75,133.05,127.89,129.20,124.05,121.08,116.29,107.47,,120.8026,1,122.1474,1,201661,142785,3.6969,2.7341,0.9629,0
2024-03-04,128.97,130.31,124.19,125.85,124.72,121.56,116.44,107.64,,120.8026,1,124.1105,1,175733,142691,3.5435,2.8960,0.6475,0
2024-03-05,124.79,126.05,122.85,124.16,125.29,121.90,116.60,107.79,,120.8026,1,133.0537,0,143984,143482,3.2488,2.9665,0.2822,0
2024-03-06,126.64,127.83,125.31,125.57,126.05,122.38,116.80,107.94,,120.8026,1,132.8497,0,116652,144021,3.0934,2.9919,0.1015,0
2024-03-07,126.50,128.82,126.50,127.94,126.79,122.75,117.01,108.12,,120.8026,1,132.6497,0,93164,144229,3.1252,3.0186,0.1066,0
2024-03-08,128.41,130.68,126.79,127.04,127.22,123.08,117.22,108.29,,120.8026,1,132.4537,0,114808,145683,3.0428,3.0234,0.0194,0
2024-03-11,125.86,126.02,122.94,125.54,127.11,123.31,117.40,108.47,,120.8026,1,132.2616,0,105248,145970,2.8234,2.9834,-0.1600,0
2024-03-12,126.63,127.10,123.68,126.91,126.95,123.68,117.64,108.65,,120.8026,1,132.0734,0,143371,147469,2.7287,2.9325,-0.2037,0
2024-03-13,127.22,130.00,127.16,129.43,127.09,124.43,117.94,108.84,,120.8026,1,131.8889,0,154766,148747,2.8247,2.9109,-0.0862,0
2024-03-14,129.43,130.64,126.63,127.70,126.93,125.03,118.20,109.03,,120.8026,1,131.7081,0,127878,149007,2.7297,2.8747,-0.1450,0
2024-03-15,127.84,134.26,127.18,133.25,127.34,125.70,118.56,109.26,,120.8026,1,122.8501,1,532928,156726,3.0666,2.9130,0.1535,0
2024-03-18,133.79,135.61,133.08,135.25,128.28,126.50,119.02,109.51,,123.0208,1,123.0783,1,155423,156796,3.4551,3.0215,0.4337,0
2024-03-19,135.28,136.49,135.02,136.13,129.48,127.38,119.49,109.73,,125.1160,1,123.5797,1,173212,156809,3.7903,3.1752,0.6151,0
2024-03-20,136.42,138.57,135.57,137.90,130.71,128.38,119.99,109.98,,126.5924,1,124.3546,1,141436,156954,4.1516,3.3705,0.7811,0
2024-03-21,138.95,139.54,136.49,139.01,131.81,129.30,120.59,110.23,,127.6738,1,125.4919,1,138350,156726,4.4752,3.5914,0.8837,0
2024-03-22,138.32,140.57,138.32,139.15,133.03,130.12,121.19,110.49,,129.4626,1,126.8964,1,110484,156324,4.6893,3.8110,0.8783,0
2024-03-25,140.61,143.33,139.20,139.29,134.40,130.76,121.79,110.74,,131.0272,1,128.5374,1,142031,156642,4.8143,4.0117,0.8027,0
2024-03-26,139.72,140.90,139.31,139.94,135.70,131.33,122.40,111.01,,131.0272,1,130.6090,1,154056,157951,4.9099,4.1913,0.7186,0
2024-03-27,141.74,142.63,140.37,142.48,137.01,132.05,123.09,111.29,,131.9635,1,132.3906,1,145843,158313,5.1314,4.3793,0.7521,0
2024-03-28,142.87,144.18,142.13,143.68,138.61,132.77,123.79,111.59,,133.9611,1,133.9228,1,141826,158306,5.3424,4.5719,0.7704,0
2024-04-01,144.43,146.70,143.51,144.68,139.75,133.55,124.51,111.91,,135.8722,1,135.5638,1,130423,158644,5.5264,4.7628,0.7636,0
2024-04-02,144.44,144.76,141.50,143.36,140.56,134.42,125.20,112.21,,135.8722,1,137.5682,1,135669,159198,5.5024,4.9108,0.5917,0
2024-04-03,143.23,145.89,142.85,143.20,141.27,135.37,125.83,112.52,,135.8722,1,139.2118,1,133371,157323,5.4078,5.0102,0.3977,0
2024-04-04,144.04,145.19,141.59,142.21,141.70,136.20,126.43,112.78,,135.8722,1,140.5596,1,112673,154999,5.1932,5.0468,0.1464,0
2024-04-05,141.67,143.13,141.16,142.75,142.08,136.95,127.03,113.05,,135.8722,1,146.6995,0,94032,150870,5.0092,5.0392,-0.0301,0
2024-04-08,143.38,144.31,141.66,143.32,142.49,137.76,127.66,113.33,,135.8722,1,146.5888,0,91623,149763,4.8527,5.0019,-0.1492,0
2024-04-09,144.31,145.03,140.08,142.23,142.79,138.59,128.26,113.59,,135.8722,1,146.4803,0,120759,149867,4.5883,4.9192,-0.3309,0
2024-04-10,140.59,141.55,139.11,140.21,142.81,139.26,128.81,113.85,,135.8722,1,146.2242,0,164019,149090,4.1679,4.7690,-0.6010,0
2024-04-11,140.10,141.15,138.13,139.81,142.55,139.78,129.24,114.12,,135.8722,1,145.7973,0,147749,148077,3.7587,4.5669,-0.8082,0
2024-04-12,139.87,140.85,135.71,136.32,141.81,140.21,129.63,114.35,,135.8722,1,145.1840,0,179753,147673,3.1168,4.2769,-1.1601,0
2024-04-15,137.93,138.65,136.43,136.65,141.01,140.38,130.05,114.61,,135.8722,1,144.2363,0,137559,146902,2.6047,3.9424,-1.3378,0
2024-04-16,135.33,135.93,133.25,135.48,140.22,140.39,130.44,114.87,,144.4039,0,143.3834,0,142579,146846,2.0809,3.5701,-1.4892,0
2024-04-17,137.82,137.82,134.45,134.67,139.37,140.32,130.78,115.13,,144.4039,0,142.1668,0,138555,146513,1.5820,3.1725,-1.5905,0
2024-04-18,135.71,135.71,131.11,131.90,138.33,140.02,131.10,115.37,,143.6502,0,141.0962,0,181354,147287,0.9518,2.7284,-1.7765,0
2024-04-19,132.30,133.75,131.49,132.70,137.33,139.70,131.35,115.60,,142.5137,0,139.6985,0,134600,146325,0.5115,2.2850,-1.7735,0
2024-04-22,132.73,134.39,131.26,133.09,136.31,139.40,131.60,115.86,,142.5137,0,138.4964,0,112943,146470,0.1916,1.8663,-1.6747,0
2024-04-23,129.44,131.62,126.75,130.05,135.09,138.94,131.78,116.10,,139.9448,0,137.4627,0,284929,149285,-0.3040,1.4322,-1.7363,0
2024-04-24,136.73,140.47,124.80,125.94,133.66,138.24,131.91,116.30,,139.9448,0,126.7505,1,332205,153520,-1.0167,0.9424,-1.9592,0
2024-04-25,125.20,129.12,123.15,128.95,132.57,137.56,132.20,116.52,112.30,139.9448,0,140.4666,0,192601,154423,-1.3231,0.4893,-1.8124,0
2024-04-26,128.92,132.10,128.92,129.93,131.94,136.87,132.48,116.75,112.44,139.9448,0,140.4666,0,141278,155077,-1.4699,0.0975,-1.5674,0
2024-04-29,129.99,131.04,129.20,130.93,131.36,136.19,132.70,116.98,112.58,139.9448,0,140.1203,0,131734,154437,-1.4885,-0.2197,-1.2688,0
2024-04-30,129.39,129.41,125.36,126.13,130.43,135.32,132.84,117.15,112.70,139.9448,0,139.7810,0,179383,155815,-1.8689,-0.5495,-1.3194,0
2024-05-01,127.29,128.71,124.95,125.67,129.53,134.45,132.99,117.33,112.81,139.9448,0,139.4485,0,121975,155768,-2.1820,-0.8760,-1.3059,0
2024-05-02,126.28,127.17,124.94,126.78,129.02,133.68,133.16,117.50,112.92,138.8181,0,139.1226,0,150356,156696,-2.3142,-1.1637,-1.1506,0
2024-05-03,127.75,131.65,127.75,131.32,128.88,133.10,133.38,117.69,113.08,138.8181,0,138.8032,0,165368,158013,-2.0296,-1.3369,-0.6928,0
2024-05-06,131.98,132.86,126.31,128.53,128.42,132.36,133.49,117.86,113.23,138.8181,0,138.4903,0,241107,160923,-2.0054,-1.4706,-0.5348,0
2024-05-07,128.53,129.39,127.72,128.64,128.28,131.68,133.53,118.04,113.39,138.8181,0,138.1835,0,139943,161105,-1.9551,-1.5675,-0.3876,0
2024-05-08,128.00,128.55,126.76,126.81,128.37,131.01,133.50,118.20,113.54,138.8181,0,137.8829,0,150168,160857,-2.0395,-1.6619,-0.3776,0
2024-05-09,127.33,131.05,127.08,130.71,128.54,130.56,133.55,118.39,113.69,138.8181,0,137.5884,0,119172,160128,-1.7716,-1.6838,-0.0878,0
2024-05-10,130.97,131.40,129.45,131.03,128.66,130.30,133.59,118.57,113.84,138.8181,0,137.2997,0,107117,156557,-1.5152,-1.6501,0.1349,0
2024-05-13,131.36,131.80,130.36,130.72,128.63,130.00,133.62,118.75,114.00,138.8181,0,137.0168,0,131762,155159,-1.3226,-1.5846,0.2620,0
2024-05-14,131.01,132.19,130.67,130.93,129.11,129.77,133.72,118.93,114.16,138.8181,0,136.7395,0,81137,153267,-1.1396,-1.4956,0.3560,0
2024-05-15,131.41,133.56,131.30,132.73,129.82,129.67,133.89,119.11,114.31,138.8181,0,136.4678,0,157018,153528,-0.8394,-1.3643,0.5250,0
2024-05-16,132.62,133.00,130.68,130.81,130.22,129.62,134.00,119.27,114.46,138.8181,0,136.2016,0,138634,153967,-0.7477,-1.2410,0.4933,0
2024-05-17,131.25,131.25,129.48,129.82,130.07,129.48,134.03,119.46,114.60,138.8181,0,135.9406,0,111416,154332,-0.7462,-1.1421,0.3958,0
2024-05-20,130.10,130.56,127.16,129.00,130.12,129.27,134.07,119.64,114.74,138.1591,0,135.6849,0,149542,155027,-0.8023,-1.0741,0.2718,0
2024-05-21,129.17,130.37,128.13,130.23,130.28,129.28,134.17,119.83,114.89,138.1591,0,135.4343,0,103772,154998,-0.7389,-1.0071,0.2682,0
2024-05-22,128.48,129.64,127.41,128.66,130.46,129.42,134.20,120.00,115.03,137.5084,0,135.1887,0,130606,154742,-0.8061,-0.9669,0.1608,0
2024-05-23,129.38,129.90,128.44,129.47,130.34,129.44,134.20,120.20,115.18,137.5084,0,134.9480,0,156825,154784,-0.7846,-0.9304,0.1458,0
2024-05-24,130.19,130.37,128.32,129.25,130.16,129.41,134.23,120.43,115.33,137.5084,0,134.7121,0,83858,153903,-0.7766,-0.8996,0.1231,0
2024-05-28,129.59,131.34,128.68,130.16,130.11,129.37,134.17,120.66,115.49,137.5084,0,134.4809,0,188408,147013,-0.6887,-0.8575,0.1687,0
2024-05-29,128.98,131.75,127.41,127.69,129.78,129.45,134.02,120.88,115.64,137.5084,0,134.2544,0,122259,146349,-0.8093,-0.8478,0.0386,0
2024-05-30,127.14,130.40,126.98,129.41,129.45,129.64,133.89,121.09,115.77,137.5084,0,134.0324,0,105171,144989,-0.7576,-0.8298,0.0722,0
2024-05-31,129.65,129.82,127.16,129.77,129.35,129.78,133.72,121.31,115.92,137.2839,0,133.8148,0,334849,148857,-0.6799,-0.7998,0.1199,0
2024-06-03,129.89,130.43,127.46,128.54,129.22,129.65,133.51,121.51,116.05,137.2839,0,133.6016,0,98582,148062,-0.7087,-0.7816,0.0729,0
2024-06-04,126.82,126.93,123.21,123.34,128.65,129.39,133.20,121.67,116.16,134.5991,0,133.3927,0,131388,148480,-1.1384,-0.8529,-0.2855,0
2024-06-05,122.76,124.61,122.54,123.26,127.96,129.12,132.88,121.82,116.28,132.7683,0,133.1879,0,159459,148828,-1.4683,-0.9760,-0.4923,0
2024-06-06,122.83,124.52,122.50,124.41,127.53,129.00,132.57,121.96,116.40,132.3909,0,132.7621,0,136872,148484,-1.6180,-1.1044,-0.5136,0
2024-06-07,122.91,123.80,120.84,121.67,126.75,128.55,132.15,122.07,116.51,131.3839,0,132.1467,0,164243,148852,-1.9357,-1.2707,-0.6650,0
2024-06-10,121.18,121.36,118.61,119.88,125.81,127.99,131.68,122.16,116.61,129.0604,0,131.2420,0,187743,149771,-2.3056,-1.4777,-0.8279,0
2024-06-11,118.85,118.85,116.37,117.80,124.58,127.34,131.14,122.22,116.72,126.8307,0,129.9786,0,174541,150653,-2.7346,-1.7291,-1.0056,0
2024-06-12,119.37,119.73,116.67,117.08,123.52,126.65,130.61,122.29,116.81,126.8307,0,128.3454,0,134078,150621,-3.0976,-2.0028,-1.0948,0
2024-06-13,117.09,118.13,115.41,117.70,122.34,125.90,130.10,122.36,116.91,125.8844,0,126.9082,0,119623,150346,-3.2971,-2.2616,-1.0355,0
2024-06-14,115.33,117.88,114.73,116.99,121.07,125.21,129.60,122.44,116.99,125.4529,0,125.2984,0,146180,151017,-3.4724,-2.5038,-0.9686,0
2024-06-17,116.71,122.90,116.65,122.67,120.48,124.85,129.20,122.56,117.09,125.4529,0,123.6075,0,283118,154798,-3.1170,-2.6264,-0.4905,0
2024-06-18,122.60,124.43,119.62,121.17,120.26,124.46,128.75,122.67,117.18,125.4529,0,114.7307,1,204663,157059,-2.9228,-2.6857,-0.2371,0
2024-06-20,121.19,123.15,120.66,121.83,120.12,124.04,128.34,122.79,117.28,125.4529,0,114.9248,1,156434,157773,-2.6849,-2.6855,0.0007,0.00
2024-06-21,121.90,124.87,120.49,124.25,120.10,123.82,128.03,122.91,117.39,125.4529,0,115.1149,1,552699,165546,-2.2745,-2.6033,0.3288,0.00
2024-06-24,123.49,124.98,121.87,122.47,120.18,123.47,127.68,123.01,117.51,125.4529,0,115.5052,1,220665,167004,-2.0693,-2.4965,0.4272,0.00
2024-06-25,123.35,123.35,119.51,119.80,120.17,122.99,127.35,123.11,117.60,125.4529,0,116.0734,1,185756,167125,-2.0977,-2.4168,0.3191,0.00
2024-06-26,119.12,121.23,118.72,120.95,120.49,122.53,127.03,123.20,117.71,125.4529,0,116.6076,1,187332,168120,-2.0040,-2.3342,0.3302,46.21
2024-06-27,120.95,122.47,120.54,121.22,120.90,122.21,126.75,123.29,117.84,125.4529,0,117.1098,1,130327,167875,-1.8868,-2.2447,0.3579,42.79
2024-06-28,123.18,127.06,123.15,125.99,121.73,122.04,126.58,123.41,117.99,114.5545,1,117.5818,1,314530,171394,-1.3925,-2.0743,0.6818,51.11
2024-07-01,126.50,127.06,123.95,125.65,122.60,121.83,126.45,123.52,118.14,115.0747,1,118.3403,1,165105,171069,-1.0164,-1.8627,0.8463,53.09
2024-07-02,125.50,126.73,123.78,124.83,122.81,121.65,126.29,123.64,118.28,115.0747,1,119.2125,1,155577,171489,-0.7762,-1.6454,0.8692,50.17
2024-07-03,125.23,126.32,123.63,123.69,123.07,121.66,126.10,123.72,118.42,115.0747,1,119.9975,1,93733,171105,-0.6700,-1.4503,0.7803,52.80
2024-07-05,123.28,123.53,120.43,121.05,122.99,121.55,125.92,123.80,118.56,115.0747,1,127.0628,0,177535,168957,-0.7894,-1.3181,0.5287,50.12
2024-07-08,120.90,122.23,120.25,120.90,122.65,121.38,125.82,123.86,118.68,115.0747,1,126.9301,0,123872,164790,-0.8857,-1.2316,0.3460,52.03
2024-07-09,119.65,121.86,119.60,120.88,122.50,121.34,125.66,123.90,118.81,115.0747,1,126.6630,0,116547,163269,-0.9525,-1.1758,0.2233,50.00
2024-07-10,121.48,124.41,121.11,123.83,122.90,121.54,125.54,123.96,118.95,115.0747,1,126.2392,0,213665,164717,-0.7589,-1.0924,0.3336,52.38
2024-07-11,124.10,126.77,123.60,126.26,123.43,121.96,125.45,124.04,119.10,115.7239,1,119.6005,1,176422,165611,-0.4053,-0.9550,0.5497,53.03
2024-07-12,126.75,127.21,125.60,125.72,123.88,122.39,125.44,124.13,119.22,117.4095,1,119.7439,1,140204,164827,-0.1663,-0.7973,0.6310,48.00
2024-07-15,128.02,133.55,127.61,128.34,124.11,122.92,125.49,124.25,119.37,120.1334,1,120.0425,1,270270,167793,0.2316,-0.5915,0.8231,50.46
2024-07-16,126.67,129.41,125.16,129.12,124.46,123.53,125.54,124.38,119.51,120.1334,1,120.8531,1,140128,167588,0.6028,-0.3526,0.9554,44.15
2024-07-17,129.20,129.63,126.40,126.55,124.63,123.72,125.44,124.50,119.63,120.1334,1,121.6151,1,194624,168174,0.6819,-0.1457,0.8276,42.23
2024-07-18,124.01,129.81,123.71,125.63,124.83,123.95,125.39,124.60,119.74,120.1334,1,122.3313,1,297244,169296,0.6631,0.0160,0.6471,42.31
2024-07-19,125.67,126.25,123.47,124.96,125.22,124.10,125.31,124.70,119.86,120.1334,1,123.0045,1,157467,169647,0.5873,0.1303,0.4570,41.54
2024-07-22,124.86,124.98,122.10,124.31,125.56,124.11,125.26,124.79,119.97,120.1334,1,133.5522,0,145862,169561,0.4692,0.1981,0.2711,41.35
2024-07-23,123.18,124.04,121.95,123.19,125.79,124.14,125.11,124.85,120.07,120.1334,1,133.3231,0,172418,170626,0.2820,0.2149,0.0672,41.09
2024-07-24,123.50,123.99,119.82,119.95,125.40,124.15,124.89,124.85,120.15,130.0608,0,132.8684,0,131674,171117,-0.1262,0.1466,-0.2729,34.07
2024-07-25,121.62,125.19,120.41,124.14,125.19,124.31,124.76,124.89,120.25,130.0608,0,132.0858,0,203420,172550,-0.1102,0.0953,-0.2054,38.59
2024-07-26,124.71,128.25,124.34,127.00,125.32,124.60,124.68,124.95,120.36,130.0608,0,131.3501,0,138986,173707,0.1319,0.1026,0.0293,43.39
2024-07-29,127.34,127.80,125.56,126.98,125.18,124.65,124.57,125.02,120.47,130.0608,0,130.6585,0,140570,173378,0.3184,0.1458,0.1727,44.84
2024-07-30,127.25,127.92,125.33,125.36,124.81,124.63,124.46,125.08,120.57,130.0608,0,130.0085,0,111649,172838,0.3314,0.1829,0.1485,39.10
2024-07-31,126.44,131.65,126.17,129.61,125.12,124.87,124.45,125.17,120.70,130.0608,0,119.8243,1,185815,174326,0.6769,0.2817,0.3952,47.34
2024-08-01,128.97,130.33,121.26,122.93,124.84,124.84,124.33,125.21,120.81,130.0608,0,120.0609,1,186227,175060,0.4067,0.3067,0.1000,35.88
2024-08-02,119.70,120.44,116.63,118.00,124.15,124.68,124.09,125.22,120.89,130.0608,0,131.6550,0,162770,176240,-0.2031,0.2047,-0.4079,35.96
2024-08-05,114.57,120.20,111.89,118.12,123.53,124.54,123.88,125.24,120.97,130.0608,0,131.3545,0,178448,177197,-0.6685,0.0301,-0.6986,42.05
2024-08-06,118.33,120.83,118.08,119.07,123.12,124.45,123.67,125.27,121.07,130.0608,0,130.5758,0,115441,176369,-0.9502,-0.1660,-0.7842,44.62
2024-08-07,120.83,122.77,115.84,115.89,122.71,124.06,123.40,125.28,121.17,130.0608,0,129.8282,0,139227,177476,-1.4131,-0.4154,-0.9977,39.10
2024-08-08,116.67,118.09,116.42,116.95,121.99,123.59,123.14,125.29,121.28,130.0608,0,129.1104,0,84736,175403,-1.6751,-0.6673,-1.0077,38.10
2024-08-09,116.95,117.11,115.66,116.20,120.91,123.12,122.91,125.31,121.38,129.3218,0,128.4214,0,95974,174877,-1.9218,-0.9182,-1.0035,37.41
2024-08-12,115.61,116.43,112.62,112.83,119.50,122.34,122.57,125.32,121.46,127.3091,0,127.7600,0,153509,175844,-2.3617,-1.2069,-1.1548,33.39
2024-08-13,113.21,114.25,111.90,114.09,118.37,121.59,122.26,125.33,121.55,125.2890,0,127.1250,0,143105,172009,-2.5785,-1.4813,-1.0973,31.55
2024-08-14,113.16,113.92,110.28,111.93,116.60,120.86,121.93,125.34,121.62,124.2342,0,126.5154,0,161266,173263,-2.8914,-1.7633,-1.1281,29.41
2024-08-15,114.00,116.75,113.67,114.85,115.79,120.32,121.76,125.38,121.69,124.2342,0,125.5413,0,189293,174421,-2.8707,-1.9847,-0.8859,30.63
2024-08-16,112.39,115.31,112.29,113.54,115.35,119.75,121.56,125.41,121.75,124.2342,0,124.6256,0,130179,173835,-2.9265,-2.1731,-0.7534,27.38
2024-08-19,113.91,115.13,112.35,112.92,114.83,119.18,121.33,125.43,121.81,124.2342,0,123.7649,0,109073,173279,-2.9866,-2.3358,-0.6508,24.27
2024-08-20,113.05,113.83,112.21,112.81,114.20,118.66,121.16,125.47,121.84,124.0027,0,122.9558,0,87276,171740,-3.0081,-2.4703,-0.5379,25.46
2024-08-21,114.36,116.08,113.88,115.83,114.20,118.45,121.08,125.52,121.89,124.0027,0,122.1952,0,141027,170806,-2.7502,-2.5262,-0.2239,25.50
2024-08-22,115.27,116.44,115.03,115.72,114.07,118.03,121.03,125.56,121.93,124.0027,0,121.4803,0,103918,169393,-2.5252,-2.5260,0.0008,26.99
2024-08-23,116.01,117.71,115.41,117.61,114.21,117.56,121.05,125.62,121.98,124.0027,0,120.8083,0,84991,168411,-2.1697,-2.4548,0.2851,26.19
2024-08-26,118.88,120.77,118.64,119.41,114.87,117.18,121.08,125.67,122.04,124.0027,0,110.2800,1,124632,168512,-1.7228,-2.3084,0.5856,30.71
2024-08-27,118.88,119.29,117.28,118.12,115.27,116.82,121.10,125.71,122.11,124.0027,0,110.4898,1,90293,167394,-1.4555,-2.1378,0.6823,30.10
2024-08-28,115.67,116.31,114.42,114.83,115.56,116.08,120.95,125.72,122.16,124.0027,0,110.6953,1,142061,164573,-1.4918,-2.0086,0.5168,27.82
2024-08-29,115.26,117.30,114.10,115.58,115.64,115.71,120.83,125.75,122.21,124.0027,0,110.8968,1,120879,162897,-1.4435,-1.8956,0.4521,27.39
2024-08-30,115.90,116.95,114.69,116.27,115.91,115.63,120.72,125.78,122.28,124.0027,0,111.0942,1,140329,162575,-1.3341,-1.7833,0.4492,30.00
2024-09-03,114.85,114.95,110.17,110.87,115.70,115.27,120.46,125.76,122.30,122.8152,0,120.7680,0,195407,155429,-1.6639,-1.7594,0.0955,28.20
2024-09-04,110.88,112.23,109.27,110.06,115.43,114.82,120.21,125.71,122.31,120.8626,0,120.5561,0,129228,153600,-1.9685,-1.8012,-0.1673,27.00
2024-09-05,110.23,111.13,107.96,108.30,114.68,114.44,119.98,125.65,122.32,119.5981,0,120.1046,0,159110,153068,-2.3245,-1.9059,-0.4186,24.89
2024-09-06,108.08,109.88,107.11,107.99,113.91,113.99,119.72,125.60,122.33,118.3739,0,119.3762,0,164502,152611,-2.6017,-2.0450,-0.5567,26.07
2024-09-09,109.73,110.44,107.69,107.74,112.92,113.57,119.45,125.54,122.33,118.3739,0,118.3948,0,207892,154162,-2.8094,-2.1979,-0.6115,25.15
2024-09-10,107.56,107.94,105.14,105.79,111.56,113.21,119.04,125.47,122.32,116.1198,0,117.4918,0,195341,151778,-3.0954,-2.3774,-0.7180,22.90
2024-09-11,105.60,105.88,101.77,105.17,110.26,112.77,118.63,125.39,122.30,113.6819,0,116.2570,0,194375,152364,-3.3338,-2.5687,-0.7651,21.21
2024-09-12,106.13,107.66,104.92,107.55,109.53,112.55,118.29,125.31,122.30,113.6819,0,114.5182,0,147085,152194,-3.2933,-2.7136,-0.5797,22.08
2024-09-13,108.61,111.05,108.29,109.78,108.95,112.29,118.01,125.24,122.30,113.6819,0,112.9880,0,116394,152647,-3.0454,-2.7800,-0.2655,20.33
2024-09-16,110.05,110.32,107.81,108.00,108.13,112.02,117.75,125.15,122.29,113.6819,0,111.6415,0,160865,152314,-2.9586,-2.8157,-0.1429,18.72
2024-09-17,108.80,113.06,107.90,111.39,108.18,111.94,117.56,125.10,122.29,113.6819,0,101.7670,1,238471,154606,-2.5868,-2.7699,0.1831,20.70
2024-09-18,111.32,114.26,110.34,112.00,108.37,111.90,117.38,125.08,122.27,113.6819,0,101.9929,1,169975,155674,-2.2171,-2.6593,0.4423,20.39
2024-09-19,115.56,116.91,114.05,116.84,109.23,111.95,117.24,125.09,122.28,104.7323,1,102.4835,1,201043,155422,-1.5164,-2.4308,0.9143,23.86
2024-09-20,113.46,116.74,113.46,116.58,110.09,112.00,117.05,125.07,122.29,104.7323,1,103.3489,1,818894,168271,-0.9704,-2.1387,1.1683,25.62
2024-09-23,116.75,118.29,116.38,117.68,111.08,112.00,116.89,125.06,122.32,107.1442,1,104.1623,1,168836,168844,-0.4438,-1.7997,1.3559,25.51
2024-09-24,119.91,122.40,119.80,121.29,112.63,112.09,116.75,125.08,122.38,110.5127,1,105.2923,1,205232,167543,0.2617,-1.3874,1.6492,28.56
2024-09-25,121.23,121.35,119.61,120.00,114.11,112.19,116.57,125.09,122.43,110.5127,1,107.0033,1,126177,167264,0.7083,-0.9683,1.6766,27.19
2024-09-26,122.89,123.64,121.40,121.85,115.54,112.54,116.47,125.10,122.49,112.3827,1,108.5432,1,156938,166510,1.1976,-0.5351,1.7327,26.37
2024-09-27,122.72,124.53,122.35,122.57,116.82,112.89,116.41,125.10,122.55,113.5151,1,110.3546,1,120613,162978,1.6247,-0.1032,1.7278,28.69
2024-09-30,122.87,123.74,121.62,123.11,118.33,113.23,116.37,125.07,122.62,113.5151,1,112.3396,1,111228,162053,1.9844,0.3144,1.6701,30.22
2024-10-01,123.08,126.45,123.08,126.19,119.81,114.00,116.41,125.06,122.69,115.1372,1,114.0467,1,144789,162032,2.4890,0.7493,1.7397,38.47
2024-10-02,126.52,127.60,124.23,124.60,121.07,114.72,116.44,125.03,122.74,116.2367,1,116.0319,1,148016,161544,2.7291,1.1452,1.5838,35.83
2024-10-03,123.55,124.93,122.35,124.54,121.84,115.53,116.53,125.00,122.77,116.2367,1,118.1136,1,114505,161200,2.8813,1.4925,1.3889,37.25
2024-10-04,127.11,127.70,124.66,125.20,122.70,116.39,116.55,124.98,122.81,116.6985,1,119.8206,1,102627,159184,3.0208,1.7981,1.2226,36.41
2024-10-07,124.40,127.13,124.32,127.01,123.64,117.36,116.55,124.98,122.85,116.6985,1,121.3973,1,117921,158763,3.2397,2.0864,1.1532,40.55
2024-10-08,124.18,124.77,122.41,124.04,123.91,118.27,116.49,124.98,122.89,116.6985,1,127.7042,0,133775,158627,3.1375,2.2966,0.8408,37.81
2024-10-09,123.27,127.39,123.27,127.12,124.62,119.37,116.53,124.99,122.95,116.6985,1,127.5984,0,175131,159897,3.2670,2.4907,0.7763,39.26
2024-10-10,125.62,126.70,125.03,125.44,124.98,120.26,116.44,124.98,122.99,116.6985,1,127.4946,0,122011,158621,3.1973,2.6320,0.5653,39.14
2024-10-11,125.42,127.62,125.42,126.81,125.41,121.11,116.52,124.98,123.04,117.1344,1,122.4117,1,93616,156768,3.2153,2.7487,0.4666,38.38
2024-10-14,125.31,127.21,124.69,127.12,125.81,122.07,116.70,124.99,123.09,117.1344,1,122.5158,1,83953,155192,3.2177,2.8425,0.3752,36.47
2024-10-15,125.82,128.33,125.31,125.44,125.73,122.77,116.85,124.98,123.14,117.6346,1,122.6178,1,166279,154949,3.0489,2.8838,0.1651,36.16
2024-10-16,125.60,126.96,125.02,126.81,125.95,123.51,117.01,124.96,123.21,117.6346,1,122.8462,1,141560,155471,2.9910,2.9052,0.0858,37.04
2024-10-17,132.79,135.46,130.69,131.87,126.69,124.26,117.33,124.99,123.29,122.5141,1,123.0656,1,375966,160206,3.3158,2.9873,0.3285,41.70
2024-10-18,133.55,134.62,132.27,133.36,127.50,125.10,117.65,124.99,123.38,123.1181,1,123.8091,1,207750,162666,3.6509,3.1200,0.5308,44.26
2024-10-21,133.77,133.79,129.51,130.31,127.83,125.73,117.94,124.95,123.47,123.1181,1,124.5080,1,165718,164061,3.6288,3.2218,0.4070,42.42
2024-10-22,129.62,129.62,125.12,128.70,128.30,126.10,118.25,124.90,123.55,123.1181,1,135.4575,0,173515,164461,3.4416,3.2658,0.1758,39.33
2024-10-23,128.86,130.11,125.45,125.61,128.15,126.39,118.48,124.82,123.61,123.1181,1,135.2507,0,135059,164300,3.0096,3.2145,-0.2050,35.82
2024-10-24,125.69,127.69,124.40,127.27,128.33,126.66,118.79,124.74,123.71,123.1181,1,135.0480,0,149735,164070,2.7692,3.1254,-0.3563,39.83
2024-10-25,127.84,128.54,125.79,126.53,128.30,126.85,119.02,124.66,123.79,123.1181,1,134.6222,0,118721,162658,2.4901,2.9984,-0.5083,35.78
2024-10-28,128.42,132.79,127.52,132.53,128.84,127.33,119.40,124.62,123.91,123.1181,1,134.2135,0,153703,163129,2.7214,2.9430,-0.2216,45.19
2024-10-29,132.51,132.83,130.63,131.98,129.50,127.61,119.79,124.56,124.02,123.1181,1,133.8211,0,117995,163307,2.8279,2.9200,-0.0921,48.63
2024-10-30,131.11,132.62,129.27,129.65,129.78,127.87,120.12,124.48,124.13,123.1181,1,133.4444,0,150787,164577,2.6930,2.8746,-0.1816,44.20
2024-10-31,129.41,130.64,127.35,127.43,129.34,128.01,120.35,124.37,124.23,123.1181,1,133.0828,0,131414,164385,2.3798,2.7756,-0.3958,43.40
2024-11-01,127.61,130.84,127.29,130.51,129.05,128.28,120.65,124.27,124.33,123.1181,1,132.7356,0,138101,165069,2.3526,2.6910,-0.3384,49.77
2024-11-04,130.36,131.87,129.53,130.44,129.07,128.45,120.91,124.19,124.44,123.1181,1,132.4023,0,143078,166230,2.2991,2.6126,-0.3135,49.68
2024-11-05,129.95,132.56,128.71,132.46,129.44,128.87,121.17,124.12,124.54,123.1181,1,124.4037,1,125680,166251,2.3922,2.5685,-0.1764,50.48
2024-11-06,145.01,151.90,143.52,150.69,131.95,130.05,121.82,124.17,124.74,132.3049,1,124.5668,1,669440,177834,3.8922,2.8333,1.0589,68.63
2024-11-07,151.23,151.46,143.94,144.47,133.67,131.00,122.41,124.18,124.90,132.3049,1,125.6602,1,263203,180257,4.5268,3.1720,1.3549,62.72
2024-11-08,144.04,146.16,142.69,145.06,135.52,131.91,123.00,124.20,125.06,132.3049,1,126.7098,1,159513,181030,5.0192,3.5414,1.4778,64.09
2024-11-11,146.52,147.45,144.08,144.32,136.70,132.77,123.56,124.21,125.22,132.3049,1,127.7175,1,114220,180508,5.2894,3.8910,1.3984,59.97
2024-11-12,142.57,143.24,139.77,140.96,137.60,133.55,124.16,124.21,125.36,132.3049,1,128.6848,1,124617,179092,5.1720,4.1472,1.0248,57.24
2024-11-13,140.48,141.46,138.34,138.56,138.49,134.14,124.73,124.21,125.46,132.3049,1,129.6135,1,164519,179798,4.8303,4.2838,0.5465,54.99
2024-11-14,137.75,139.08,133.50,134.57,139.20,134.27,125.26,124.19,125.55,132.3049,1,130.5050,1,225223,181120,4.1889,4.2649,-0.0759,49.18
2024-11-15,135.80,137.17,134.95,136.13,139.77,134.41,125.82,124.19,125.66,132.3049,1,131.3609,1,180926,181448,3.7633,4.1645,-0.4012,52.46
2024-11-18,135.14,138.15,134.82,137.38,140.46,134.76,126.41,124.20,125.76,132.3049,1,132.1825,1,155434,180399,3.4867,4.0290,-0.5423,53.87
2024-11-19,135.95,137.20,135.51,136.94,140.91,135.17,127.04,124.22,125.86,132.3049,1,132.9713,1,220766,180908,3.1952,3.8622,-0.6671,54.06
2024-11-20,138.31,141.54,137.94,140.65,139.90,135.93,127.75,124.28,125.98,132.3049,1,133.7285,1,315491,183330,3.2263,3.7350,-0.5087,58.82
2024-11-21,140.34,143.72,139.81,141.55,139.61,136.64,128.43,124.34,126.09,132.3049,1,134.4554,1,242460,185238,3.2857,3.6452,-0.3595,58.21
2024-11-22,140.69,142.90,139.17,140.19,139.13,137.32,129.04,124.38,126.19,132.3049,1,135.1532,1,246079,187831,3.1864,3.5534,-0.3670,56.42
2024-11-25,140.84,143.18,140.25,141.57,138.85,137.78,129.71,124.46,126.29,132.3049,1,135.8232,1,279565,190205,3.1822,3.4792,-0.2970,56.46
2024-11-26,142.57,145.31,139.84,140.25,138.78,138.19,130.28,124.56,126.39,132.3049,1,136.4663,1,139177,188219,3.0375,3.3908,-0.3534,56.54
2024-11-27,141.10,142.01,139.16,140.45,138.97,138.73,130.85,124.63,126.52,132.3049,1,137.0837,1,151626,187853,2.9051,3.2937,-0.3886,58.44
2024-11-29,140.96,142.64,140.74,141.85,139.70,139.45,131.35,124.71,126.65,132.3049,1,137.6764,1,80218,185436,2.8804,3.2110,-0.3307,59.81
2024-12-02,141.82,142.62,141.08,141.40,140.22,140.00,131.85,124.78,126.76,132.3049,1,138.2454,1,150646,172071,2.7924,3.1273,-0.3349,58.82
2024-12-03,142.33,142.42,139.12,139.83,140.47,140.46,132.29,124.87,126.87,132.3049,1,138.7916,1,233831,173371,2.5662,3.0151,-0.4489,56.27
2024-12-04,140.00,140.30,137.38,138.05,140.58,140.74,132.63,124.96,126.96,132.3049,1,151.9014,0,155490,172376,2.2179,2.8556,-0.6377,54.36
2024-12-05,137.86,137.86,134.51,135.44,140.06,139.98,132.94,125.01,127.05,132.3049,1,151.6110,0,200449,173862,1.7111,2.6267,-0.9156,53.45
2024-12-06,135.73,135.80,133.50,133.68,139.27,139.44,133.17,125.03,127.12,132.3049,1,150.9270,0,174397,174211,1.1543,2.3322,-1.1780,52.15
2024-12-09,134.56,136.17,134.00,135.00,138.75,138.94,133.42,125.07,127.18,132.3049,1,149.8816,0,179836,175395,0.8100,2.0278,-1.2178,51.73
2024-12-10,134.53,134.53,131.24,132.11,137.81,138.33,133.60,125.10,127.21,142.9928,0,148.8990,0,209348,177358,0.3005,1.6823,-1.3818,48.61
2024-12-11,132.51,132.51,130.31,130.41,136.82,137.80,133.69,125.12,127.21,141.1666,0,147.4862,0,198843,178439,-0.2377,1.2983,-1.5360,47.39
2024-12-12,127.78,128.70,123.65,123.93,135.17,137.07,133.67,125.07,127.19,136.9842,0,145.7687,0,225392,179986,-1.1738,0.8039,-1.9777,37.28
2024-12-13,123.41,123.46,119.06,119.49,132.93,136.32,133.57,125.00,127.15,132.4456,0,143.1147,0,202045,181737,-2.2475,0.1936,-2.4412,32.77
2024-12-16,117.92,120.99,117.42,118.85,130.68,135.45,133.44,124.92,127.09,130.3408,0,139.7474,0,282392,185332,-3.1146,-0.4680,-2.6466,30.71
2024-12-17,118.44,118.73,115.24,115.79,128.27,134.37,133.22,124.82,127.04,128.0914,0,136.1753,0,185281,186679,-4.0022,-1.1749,-2.8273,25.69
2024-12-18,115.79,117.97,113.92,114.01,125.87,133.23,133.02,124.69,126.99,127.1519,0,132.4077,0,227075,188545,-4.7938,-1.8987,-2.8951,28.92
2024-12-19,114.45,116.34,112.09,112.58,123.58,131.82,132.73,124.57,126.93,125.5769,0,128.7094,0,213021,189303,-5.4739,-2.6137,-2.8602,25.11
2024-12-20,111.77,114.10,111.35,112.97,121.51,130.39,132.48,124.46,126.85,123.7776,0,125.3856,0,510251,197068,-5.9131,-3.2736,-2.6396,24.28
2024-12-23,112.78,113.64,111.69,113.03,119.32,129.03,132.20,124.35,126.78,123.1996,0,122.5781,0,147952,198155,-6.1853,-3.8559,-2.3293,25.53
2024-12-24,112.41,114.72,112.37,114.31,117.54,127.67,131.95,124.25,126.73,123.1996,0,120.3321,0,60017,197676,-6.2259,-4.3299,-1.8960,27.17
2024-12-26,113.31,114.72,112.78,114.34,115.93,126.38,131.73,124.15,126.66,123.1996,0,118.5353,0,88625,196123,-6.1845,-4.7008,-1.4836,26.60
2024-12-27,113.60,115.52,112.57,113.05,114.84,125.01,131.45,124.04,126.58,123.1996,0,117.0979,0,90590,195104,-6.1844,-4.9975,-1.1868,23.71
2024-12-30,112.30,112.30,111.06,111.12,114.00,123.47,131.04,123.92,126.50,120.9623,0,115.9479,0,101703,189618,-6.2672,-5.2515,-1.0158,23.40
2024-12-31,111.40,112.82,111.18,111.84,113.30,121.99,130.61,123.80,126.39,120.8683,0,115.5177,0,98157,187426,-6.2037,-5.4419,-0.7618,22.56
2025-01-02,112.72,113.59,109.55,109.74,112.70,120.49,130.19,123.68,126.26,120.7669,0,114.6252,0,133611,186784,-6.2505,-5.6036,-0.6469,19.82
2025-01-03,111.09,111.59,108.74,110.94,112.39,119.13,129.84,123.56,126.14,119.2966,0,113.6112,0,252257,188359,-6.1206,-5.7070,-0.4136,19.20
2025-01-06,112.30,117.60,112.30,116.32,112.76,118.17,129.65,123.47,126.03,119.2966,0,108.7411,1,258244,190823,-5.5197,-5.6696,0.1499,25.60
2025-01-07,116.77,118.97,116.41,117.47,113.21,117.36,129.46,123.39,125.92,119.2966,0,108.7411,1,234983,192528,-4.8944,-5.5145,0.6201,27.43
2025-01-08,116.92,117.64,113.17,114.20,113.33,116.32,129.21,123.33,125.80,119.2966,0,109.1501,1,178051,193714,-4.6093,-5.3335,0.7242,24.52
2025-01-10,112.82,115.04,112.56,114.06,113.31,115.42,128.84,123.27,125.67,119.2966,0,109.5428,1,202914,194699,-4.3450,-5.1358,0.7908,27.44
2025-01-13,113.96,121.39,113.11,120.86,113.96,114.94,128.62,123.25,125.58,108.0671,1,109.9198,1,333347,199006,-3.5457,-4.8178,1.2721,37.95
2025-01-14,120.95,121.82,119.33,121.10,114.76,114.80,128.45,123.24,125.47,109.4620,1,110.6079,1,170742,199405,-2.8595,-4.4261,1.5666,39.62
2025-01-15,123.54,124.48,121.54,122.69,115.92,114.96,128.35,123.26,125.36,111.9929,1,111.5049,1,170328,200183,-2.1626,-3.9734,1.8108,36.66
2025-01-16,122.08,123.23,121.89,122.56,116.99,115.15,128.19,123.29,125.25,112.2452,1,112.8021,1,109400,199609,-1.6029,-3.4993,1.8964,33.54
2025-01-17,123.51,125.21,123.10,123.37,118.36,115.53,128.05,123.33,125.15,114.0778,1,113.9697,1,171104,200170,-1.0812,-3.0157,1.9345,33.72
2025-01-21,125.38,125.99,121.92,122.25,119.49,115.94,127.85,123.36,125.05,114.0778,1,115.3188,1,240140,202459,-0.7492,-2.5624,1.8131,29.98
2025-01-22,122.91,123.44,120.19,120.49,119.90,116.33,127.24,123.39,124.94,114.0778,1,116.8124,1,230370,193677,-0.6215,-2.1742,1.5527,28.24
2025-01-23,118.63,122.62,115.38,119.98,120.16,116.69,126.75,123.37,124.83,114.0778,1,125.9871,0,288536,194184,-0.5549,-1.8503,1.2954,29.34
2025-01-24,124.22,124.22,119.77,119.96,120.73,117.03,126.25,123.36,124.71,114.0778,1,125.7750,0,199773,194989,-0.4980,-1.5799,1.0818,26.18
2025-01-27,119.53,120.59,118.80,119.62,121.29,117.30,125.76,123.35,124.60,114.0778,1,125.5670,0,176085,196227,-0.4744,-1.3588,0.8844,26.90
2025-01-28,120.35,124.77,118.30,124.57,121.66,117.81,125.43,123.35,124.52,114.0778,1,125.3633,0,271112,199156,-0.0562,-1.0983,1.0420,32.57
2025-01-29,124.75,126.89,124.22,126.64,122.21,118.49,125.19,123.38,124.45,114.1277,1,115.3787,1,187968,199625,0.4378,-0.7911,1.2289,36.59
2025-01-30,127.30,128.24,125.72,128.15,122.76,119.34,125.06,123.43,124.41,115.9411,1,115.6089,1,240885,199939,0.9403,-0.4448,1.3851,37.39
2025-01-31,127.55,128.88,124.61,125.69,123.07,120.03,124.85,123.46,124.36,115.9411,1,116.1142,1,264682,201614,1.1270,-0.1304,1.2574,36.46
2025-02-03,126.05,127.27,122.96,125.42,123.28,120.82,124.62,123.49,124.31,115.9411,1,116.8802,1,276422,204034,1.2385,0.1434,1.0952,36.20
2025-02-04,122.82,124.32,121.58,123.91,123.44,121.47,124.35,123.48,124.25,115.9411,1,117.6001,1,243888,204496,1.1914,0.3530,0.8384,33.28
2025-02-05,124.02,127.03,123.53,126.89,124.08,121.99,124.08,123.49,124.23,115.9411,1,118.2769,1,209427,202375,1.3786,0.5581,0.8205,36.92
2025-02-06,128.56,129.60,124.60,126.44,124.73,122.44,123.78,123.50,124.20,115.9411,1,118.9130,1,209096,201707,1.4736,0.7412,0.7324,31.19
2025-02-07,127.20,128.47,123.67,124.23,125.16,122.94,123.46,123.50,124.15,115.9411,1,119.7676,1,182614,200438,1.3552,0.8640,0.4912,32.75
2025-02-10,131.11,132.36,129.26,130.27,126.22,123.75,123.23,123.56,124.15,117.6183,1,120.5538,1,371598,202279,1.7288,1.0370,0.6919,39.31
2025-02-11,131.81,134.62,130.60,132.22,126.99,124.32,123.07,123.64,124.18,119.4287,1,121.7344,1,352848,206552,2.1575,1.2611,0.8964,42.11
2025-02-12,131.16,132.07,129.60,129.71,127.29,124.75,122.86,123.70,124.19,119.4287,1,123.2801,1,292873,209377,2.2686,1.4626,0.8060,41.47
2025-02-13,130.30,131.09,126.85,130.28,127.51,125.13,122.63,123.74,124.19,119.4287,1,124.6403,1,252299,212819,2.3751,1.6451,0.7300,39.19
2025-02-14,130.70,133.57,130.22,133.17,128.25,125.66,122.46,123.79,124.20,119.5036,1,125.8372,1,218455,214175,2.6622,1.8485,0.8137,45.41
2025-02-18,133.91,136.92,132.49,136.34,129.35,126.31,122.39,123.86,124.25,122.2222,1,126.8499,1,250099,214500,3.1094,2.1007,1.0087,47.76
2025-02-19,134.74,135.84,133.56,134.09,130.36,126.90,122.31,123.90,124.29,122.6301,1,128.2596,1,203307,215457,3.2445,2.3294,0.9150,45.37
2025-02-20,134.41,136.48,132.34,132.43,130.92,127.50,122.25,123.92,124.32,122.6301,1,129.4719,1,181223,215072,3.1811,2.4998,0.6814,43.14
2025-02-21,133.20,133.20,127.58,128.15,131.09,127.91,122.14,123.93,124.31,122.6301,1,136.9191,0,182824,215241,2.7543,2.5507,0.2036,38.93
2025-02-24,132.05,132.30,128.68,130.55,131.72,128.44,122.05,123.96,124.32,122.6301,1,136.7322,0,253717,216718,2.5793,2.5564,0.0229,44.54
2025-02-25,130.39,131.76,128.50,130.87,131.78,129.00,122.03,124.00,124.33,122.6301,1,136.5490,0,172643,215984,2.4386,2.5328,-0.0942,47.37
2025-02-26,131.59,134.63,130.25,130.87,131.65,129.32,122.04,124.04,124.35,122.6301,1,136.3696,0,147696,214961,2.3006,2.4864,-0.1858,48.81
2025-02-27,132.07,133.71,130.53,130.71,131.75,129.52,122.17,124.09,124.35,122.6301,1,136.1937,0,159744,213648,2.1537,2.4198,-0.2661,51.23
2025-02-28,131.13,132.62,128.30,132.43,131.96,129.73,122.43,124.18,124.36,122.6301,1,136.0213,0,229052,214188,2.1510,2.3661,-0.2151,52.26
2025-03-03,134.11,135.13,127.03,127.95,131.44,129.85,122.61,124.20,124.34,122.6301,1,135.8524,0,251356,213568,1.7669,2.2462,-0.4793,49.15
2025-03-04,126.08,126.78,121.58,123.90,130.19,129.77,122.77,124.18,124.31,122.6301,1,135.4994,0,252930,214921,1.1228,2.0215,-0.8987,44.71
2025-03-05,124.44,126.76,122.88,125.22,129.31,129.84,123.00,124.17,124.27,122.6301,1,135.1346,0,322327,216826,0.7110,1.7594,-1.0484,45.62
2025-03-06,123.81,125.18,121.70,122.80,128.35,129.63,123.20,124.15,124.23,122.6301,1,134.3211,0,249448,217554,0.1870,1.4449,-1.2579,44.94
2025-03-07,124.58,125.37,120.61,122.58,127.79,129.44,123.40,124.11,124.19,136.4950,0,133.5563,0,272640,212802,-0.2428,1.1074,-1.3502,44.66
2025-03-10,119.98,120.80,114.70,117.07,126.44,129.08,123.48,124.07,124.13,132.2690,0,132.5210,0,325855,216360,-1.0171,0.6825,-1.6996,39.64
2025-03-11,117.26,120.98,117.03,118.40,125.19,128.49,123.56,124.07,124.07,132.2690,0,130.7391,0,288918,220938,-1.5058,0.2448,-1.7507,41.65
2025-03-12,120.81,123.92,119.43,121.11,124.22,127.93,123.69,124.09,124.04,132.2690,0,129.1354,0,262637,224418,-1.6549,-0.1351,-1.5198,47.63
2025-03-13,121.01,124.40,119.96,120.84,123.23,127.49,123.85,124.10,123.99,132.2690,0,127.6921,0,251245,227631,-1.7748,-0.4631,-1.3117,48.77
2025-03-14,123.48,125.03,122.31,124.65,122.45,127.21,124.12,124.16,123.97,132.2690,0,126.3931,0,198694,229571,-1.5442,-0.6793,-0.8649,55.45
2025-03-17,123.39,123.49,120.02,122.50,121.91,126.67,124.33,124.20,123.93,132.2690,0,125.2240,0,247843,232565,-1.5180,-0.8470,-0.6710,51.29
2025-03-18,122.50,124.79,121.75,124.60,121.98,126.09,124.63,124.25,123.92,132.2690,0,125.0263,0,243314,234759,-1.3120,-0.9400,-0.3720,55.75
2025-03-19,124.83,126.17,123.81,126.01,122.06,125.68,124.93,124.34,123.90,132.2690,0,114.7022,1,254431,234803,-1.0239,-0.9568,-0.0671,56.43
2025-03-20,125.50,126.03,124.12,124.16,122.19,125.27,125.09,124.41,123.87,132.2690,0,114.9316,1,223279,234103,-0.9335,-0.9521,0.0187,50.49
2025-03-21,121.77,122.26,118.70,120.27,121.96,124.87,125.14,124.46,123.83,132.2690,0,115.1564,1,777495,244954,-1.1625,-0.9942,-0.1683,45.57
2025-03-24,123.14,125.38,122.75,124.18,122.67,124.56,125.34,124.53,123.83,132.2690,0,115.3768,1,280463,247002,-1.0166,-0.9987,-0.0179,49.26
2025-03-25,124.83,126.23,124.18,125.50,123.38,124.29,125.57,124.61,123.85,132.2690,0,115.5927,1,183731,246618,-0.7860,-0.9562,0.1702,52.78
2025-03-26,125.54,127.57,125.35,125.83,123.85,124.04,125.67,124.69,123.85,132.2690,0,116.0183,1,159578,243143,-0.5697,-0.8789,0.3092,54.78
2025-03-27,125.13,127.20,124.07,125.49,124.32,123.77,125.76,124.78,123.87,132.2690,0,116.7111,1,175026,243228,-0.4211,-0.7873,0.3662,52.72
2025-03-28,125.57,126.22,120.87,121.55,124.01,123.23,125.74,124.81,123.88,132.2690,0,117.3624,1,289755,245617,-0.6143,-0.7527,0.1384,51.11
2025-03-31,121.59,123.64,119.35,123.13,124.07,122.99,125.75,124.86,123.91,132.2690,0,117.9746,1,221629,247862,-0.6323,-0.7286,0.0963,53.70
2025-04-01,122.17,123.25,120.59,122.07,123.82,122.90,125.72,124.89,123.93,132.2690,0,118.5501,1,151007,247460,-0.7240,-0.7277,0.0037,51.51
2025-04-02,121.05,125.58,120.45,125.38,123.76,122.91,125.79,124.93,123.97,132.2690,0,119.0910,1,160907,245875,-0.5237,-0.6869,0.1632,55.10
2025-04-03,119.75,120.16,114.10,114.25,122.76,122.48,125.66,124.91,123.96,131.3103,0,127.5656,0,217984,245627,-1.2482,-0.7991,-0.4490,51.02
2025-04-04,109.43,111.58,103.99,107.51,121.49,121.72,125.41,124.86,123.88,123.6275,0,127.2964,0,238165,244620,-2.3395,-1.1072,-1.2323,45.62
2025-04-07,104.50,113.18,101.56,109.31,120.00,121.34,125.20,124.82,123.82,123.6275,0,126.3643,0,323215,247089,-3.0241,-1.4906,-1.5335,49.66
2025-04-08,113.17,115.92,106.58,108.51,118.30,120.84,124.98,124.77,123.75,123.6275,0,124.8761,0,332079,250209,-3.5897,-1.9104,-1.6793,54.42
2025-04-09,107.05,121.46,107.05,120.74,117.79,120.82,124.90,124.83,123.74,123.6275,0,123.4773,0,418543,253157,-3.0165,-2.1316,-0.8849,60.83
2025-04-10,116.85,117.33,110.85,115.66,116.81,120.56,124.68,124.87,123.70,123.6275,0,122.1624,0,249431,254386,-2.9383,-2.2930,-0.6454,57.85
2025-04-11,115.38,119.31,114.48,118.53,116.51,120.26,124.49,124.94,123.70,123.6275,0,121.4571,0,201578,253600,-2.6143,-2.3572,-0.2570,59.73
2025-04-14,120.32,120.96,116.70,116.90,115.89,119.98,124.31,125.00,123.68,123.6275,0,101.5621,1,180726,251921,-2.4609,-2.3780,-0.0830,54.11
2025-04-15,116.81,118.53,115.82,116.40,115.32,119.57,124.13,125.05,123.65,123.6275,0,101.9501,1,126872,248930,-2.3528,-2.3729,0.0201,52.26
2025-04-16,115.60,117.91,114.17,115.38,114.32,119.04,123.96,125.12,123.60,123.6275,0,102.3304,1,131685,246686,-2.3222,-2.3628,0.0406,52.64
2025-04-17,116.48,118.26,115.90,116.45,114.54,118.65,123.75,125.19,123.55,123.6275,0,102.7031,1,124181,244981,-2.1869,-2.3276,0.1407,55.03
2025-04-21,115.93,116.22,110.96,111.78,114.97,118.23,123.46,125.22,123.49,123.6275,0,103.0684,1,139689,243593,-2.4282,-2.3477,-0.0805,52.96
2025-04-22,113.59,115.83,112.97,115.56,115.59,117.80,123.29,125.26,123.45,123.6275,0,103.4263,1,194304,243827,-2.2880,-2.3358,0.0477,51.83
2025-04-23,118.98,125.27,117.64,120.58,116.80,117.55,123.09,125.34,123.45,123.6275,0,103.7771,1,247601,241347,-1.7517,-2.2190,0.4673,60.50
2025-04-24,119.84,125.86,119.79,125.39,117.26,117.53,122.95,125.44,123.47,104.7586,1,104.6366,1,172256,237735,-0.9275,-1.9607,1.0332,65.14
2025-04-25,123.91,125.78,123.80,125.36,118.23,117.52,122.87,125.53,123.49,107.9355,1,105.9099,1,98688,233851,-0.2743,-1.6234,1.3491,61.61
2025-04-28,125.67,127.30,124.16,125.95,118.97,117.74,122.78,125.59,123.50,109.6239,1,107.1067,1,113189,231069,0.2877,-1.2412,1.5289,60.37
2025-04-29,126.20,127.61,123.52,127.27,120.01,117.95,122.66,125.66,123.51,109.8420,1,108.7226,1,168982,230080,0.8300,-0.8269,1.6569,61.42
2025-04-30,123.03,128.15,122.79,127.69,121.14,118.23,122.49,125.72,123.52,109.8420,1,110.6113,1,194863,228975,1.2791,-0.4057,1.6849,63.31
2025-05-01,127.41,130.82,127.25,128.26,122.43,118.37,122.37,125.77,123.51,113.7743,1,112.7161,1,166016,228229,1.6620,0.0078,1.6542,64.06
2025-05-02,130.26,133.14,129.44,132.84,124.07,119.30,122.38,125.86,123.53,116.0945,1,115.2504,1,137774,227360,2.3082,0.4679,1.8403,69.41
2025-05-05,131.73,133.19,131.02,131.05,125.99,120.48,122.44,125.92,123.56,117.7737,1,118.1131,1,108453,225873,2.6452,0.9034,1.7419,63.57
2025-05-06,130.41,131.06,129.03,129.13,127.35,121.47,122.41,125.96,123.57,117.7737,1,120.8272,1,118827,223175,2.7260,1.2679,1.4581,64.89
2025-05-07,129.30,129.92,127.38,128.66,128.16,122.48,122.37,126.00,123.59,117.7737,1,123.0527,1,202494,223772,2.7213,1.5586,1.1628,63.42
2025-05-08,130.17,130.17,127.27,127.61,128.38,122.82,122.30,126.01,123.61,117.7737,1,124.8777,1,168973,224197,2.6026,1.7674,0.8353,56.26
2025-05-09,128.04,129.00,126.51,128.48,128.69,123.46,122.26,126.03,123.63,117.7737,1,126.3741,1,98391,222970,2.5491,1.9237,0.6254,57.43
2025-05-12,133.98,136.03,132.32,134.40,129.54,124.26,122.30,126.10,123.71,121.1117,1,126.5071,1,213383,222657,2.9508,2.1292,0.8217,61.77
2025-05-13,135.56,135.56,133.19,133.31,130.14,125.08,122.40,126.15,123.75,121.9126,1,126.5071,1,215088,221932,3.1448,2.3323,0.8125,60.42
2025-05-14,132.72,133.68,131.42,131.64,130.54,125.84,122.56,126.18,123.78,121.9126,1,128.4110,1,149325,219860,3.1274,2.4913,0.6361,55.33
2025-05-15,130.44,132.09,130.20,131.71,130.88,126.65,122.69,126.24,123.80,121.9126,1,129.9341,1,109274,215599,3.0844,2.6099,0.4745,52.15
2025-05-16,131.71,133.05,130.27,132.68,130.87,127.47,122.89,126.27,123.84,121.9126,1,130.1987,1,147732,213564,3.0926,2.7065,0.3861,52.75
2025-05-19,131.07,134.35,129.95,133.94,131.16,128.57,123.11,126.33,123.86,121.9126,1,136.0264,0,176511,211642,3.1642,2.7980,0.3662,55.84
2025-05-20,133.92,133.94,132.47,133.27,131.57,129.46,123.44,126.37,123.91,122.6816,1,135.9049,0,123697,207598,3.1309,2.8646,0.2663,57.65
2025-05-21,131.68,133.47,130.11,130.15,131.72,129.94,123.67,126.39,123.97,122.6816,1,135.7859,0,203088,205882,2.8202,2.8557,-0.0355,58.17
2025-05-22,129.63,129.73,127.48,127.87,131.74,130.06,123.81,126.41,124.02,122.6816,1,135.6692,0,185028,204330,2.3624,2.7570,-0.3946,54.93
2025-05-23,125.70,127.11,122.51,123.37,131.23,129.96,123.86,126.39,124.04,122.6816,1,135.3417,0,398580,207276,1.6180,2.5292,-0.9113,48.96
2025-05-27,124.42,126.78,123.24,126.73,130.47,130.00,123.90,126.35,124.09,122.6816,1,134.5719,0,287283,209048,1.2848,2.2804,-0.9955,50.17
2025-05-28,126.99,127.09,124.66,124.75,129.61,129.88,123.94,126.29,124.13,122.6816,1,133.8482,0,154079,207173,0.8506,1.9944,-1.1438,49.98
2025-05-29,125.33,125.33,121.56,123.20,128.77,129.65,123.92,126.25,124.17,122.6816,1,133.1679,0,145374,205214,0.3773,1.6710,-1.2936,47.42
2025-05-30,122.63,122.87,119.52,121.15,127.71,129.30,123.82,126.20,124.21,131.7803,0,132.2389,0,270323,205532,-0.1611,1.3046,-1.4656,46.97
2025-06-02,133.49,140.20,132.05,133.59,127.80,129.33,124.01,126.25,124.31,120.8847,1,119.5178,1,450259,210071,0.4116,1.1260,-0.7144,68.36
2025-06-03,132.95,134.97,128.93,134.71,127.88,129.52,124.30,126.30,124.42,120.8847,1,119.5178,1,268357,199889,0.9442,1.0896,-0.1454,69.02
2025-06-04,134.71,135.14,132.79,132.87,127.84,129.70,124.47,126.34,124.51,120.8847,1,119.9315,1,160803,197496,1.2040,1.1125,0.0915,66.12
2025-06-05,133.14,133.63,129.63,130.04,127.83,129.77,124.56,126.32,124.59,120.8847,1,120.3368,1,169643,197214,1.1684,1.1237,0.0447,63.19
2025-06-06,131.50,132.90,131.00,131.48,128.19,129.97,124.67,126.32,124.69,120.8847,1,120.7341,1,136058,196743,1.2418,1.1473,0.0945,63.42
2025-06-09,132.01,133.47,131.43,131.55,129.01,130.12,124.79,126.33,124.78,120.8847,1,121.1234,1,153247,196308,1.2907,1.1760,0.1147,59.58
2025-06-10,131.79,133.08,131.25,131.72,129.51,129.99,125.00,126.36,124.86,120.8847,1,121.5050,1,137503,193263,1.3284,1.2065,0.1220,60.90
2025-06-11,129.84,129.84,125.62,128.00,129.83,129.72,125.10,126.35,124.92,120.8847,1,121.8789,1,245510,193740,1.0460,1.1744,-0.1284,54.92
2025-06-12,127.59,130.17,127.03,129.80,130.49,129.63,125.25,126.34,124.98,120.8847,1,122.2453,1,140829,193537,0.9557,1.1306,-0.1749,60.52
2025-06-13,127.98,131.43,127.98,131.40,131.52,129.61,125.37,126.33,125.04,120.8847,1,122.6044,1,167998,193679,1.0021,1.1049,-0.1028,65.27
2025-06-16,132.18,132.89,129.43,130.06,131.16,129.48,125.69,126.20,125.10,120.8847,1,122.9563,1,162349,192566,0.9202,1.0680,-0.1478,57.55
2025-06-17,129.53,132.32,128.52,131.08,130.80,129.34,126.16,126.11,125.18,120.8847,1,123.3012,1,146250,190728,0.9273,1.0399,-0.1126,62.24
2025-06-18,129.25,132.07,127.70,128.08,130.32,129.08,126.53,125.99,125.25,120.8847,1,123.6392,1,250761,189279,0.6827,0.9684,-0.2857,59.61
2025-06-20,129.38,129.62,122.62,123.94,129.71,128.77,126.84,125.86,125.28,120.8847,1,140.2004,0,547577,193588,0.1527,0.8053,-0.6526,51.69
2025-06-23,123.69,125.72,122.85,125.44,129.11,128.65,126.94,125.76,125.36,120.8847,1,139.8487,0,158077,188379,-0.1441,0.6154,-0.7595,51.01
2025-06-24,126.24,127.52,125.95,126.22,128.58,128.79,127.15,125.67,125.44,120.8847,1,139.5041,0,124604,185883,-0.3130,0.4297,-0.7427,47.71
2025-06-25,126.32,127.09,125.24,126.48,128.05,128.78,127.31,125.62,125.53,120.8847,1,139.1664,0,124343,184338,-0.4213,0.2595,-0.6808,51.07
2025-06-26,127.77,130.24,126.99,129.45,128.20,129.01,127.56,125.57,125.64,120.8847,1,138.8355,0,164625,184016,-0.2642,0.1548,-0.4190,54.49
2025-06-27,129.17,130.15,128.42,129.17,128.13,129.31,127.81,125.52,125.74,120.8847,1,138.5111,0,246242,186403,-0.1609,0.0916,-0.2526,52.57
2025-06-30,128.87,129.17,126.42,126.50,127.64,129.58,128.04,125.45,125.85,120.8847,1,138.1933,0,164941,187068,-0.2910,0.0151,-0.3061,48.93
2025-07-01,126.30,130.36,124.82,128.62,127.50,129.33,128.28,125.37,125.96,120.8847,1,137.8818,0,260632,189797,-0.2201,-0.0319,-0.1882,49.04
2025-07-02,130.05,132.75,129.38,132.48,127.64,129.22,128.69,125.31,126.09,120.8847,1,137.5765,0,221481,191433,0.1454,0.0035,0.1419,54.82
2025-07-03,133.33,133.61,131.40,131.67,128.00,129.16,129.02,125.25,126.20,121.7515,1,137.2774,0,199340,191534,0.3654,0.0759,0.2895,52.95
2025-07-07,131.07,133.35,130.57,131.91,128.79,129.25,129.24,125.19,126.32,121.7515,1,136.9842,0,127296,189128,0.5534,0.1714,0.3820,54.65
2025-07-08,132.69,135.81,131.75,134.43,129.69,129.40,129.42,125.15,126.43,123.1043,1,136.6969,0,140557,188494,0.8954,0.3162,0.5792,55.22
2025-07-09,134.50,134.93,133.19,134.47,130.52,129.55,129.60,125.11,126.55,123.9268,1,136.4153,0,133889,189198,1.1562,0.4842,0.6720,50.79
2025-07-10,135.89,137.92,135.07,135.75,131.44,129.75,129.80,125.07,126.64,126.3459,1,122.6187,1,170614,190346,1.4491,0.6772,0.7719,52.40
2025-07-11,135.35,136.29,132.57,133.47,131.85,130.02,129.92,125.02,126.72,126.3459,1,122.9247,1,111082,189188,1.4808,0.8379,0.6429,48.69
2025-07-14,132.90,133.11,131.55,131.65,132.09,130.11,130.00,124.96,126.79,126.3459,1,123.2246,1,100621,187304,1.3429,0.9389,0.4040,45.65
2025-07-15,132.13,132.13,127.17,127.34,132.18,129.91,129.99,124.89,126.82,126.3459,1,123.5186,1,124105,186465,0.8758,0.9263,-0.0505,42.76
2025-07-16,127.48,127.78,124.68,125.96,131.91,129.71,129.85,124.83,126.85,136.4416,0,123.8066,1,164296,186996,0.3904,0.8191,-0.4287,40.55
2025-07-17,125.71,129.77,125.71,129.60,131.62,129.63,129.82,124.80,126.89,136.4416,0,124.0889,1,198692,188801,0.2956,0.7144,-0.4188,46.55
2025-07-18,130.02,130.53,129.00,130.07,131.47,129.73,129.84,124.77,126.93,136.4416,0,124.3655,1,122284,188870,0.2559,0.6227,-0.3668,48.73
2025-07-21,131.98,134.19,131.43,132.94,131.57,130.18,129.92,124.77,126.98,136.4416,0,124.6366,1,220575,189231,0.4505,0.5883,-0.1378,54.72
2025-07-22,126.57,133.07,126.09,130.68,131.19,130.44,129.99,124.77,127.00,136.4416,0,124.9023,1,360566,193063,0.4172,0.5541,-0.1368,44.56
2025-07-23,131.82,131.89,129.10,129.17,130.66,130.59,130.00,124.81,127.03,136.4416,0,125.1626,1,159034,194276,0.2666,0.4966,-0.2299,35.38
2025-07-24,128.08,128.48,124.98,125.33,129.62,130.53,129.82,124.85,127.03,136.4416,0,137.9204,0,164714,193303,-0.1610,0.3650,-0.5261,30.24
2025-07-25,125.90,129.46,124.67,129.28,129.20,130.52,129.74,124.92,127.05,136.4416,0,137.6615,0,135226,191705,-0.1790,0.2562,-0.4352,37.81
2025-07-28,128.77,129.86,128.03,128.69,128.91,130.50,129.68,125.00,127.06,136.4416,0,137.1418,0,138825,191495,-0.2383,0.1573,-0.3956,37.36
2025-07-29,128.05,128.27,124.96,126.01,128.77,130.48,129.56,125.08,127.07,136.4416,0,136.6428,0,189584,193102,-0.4956,0.0267,-0.5224,32.98
2025-07-30,125.87,127.62,124.72,125.94,128.77,130.34,129.43,125.17,127.06,136.4416,0,136.1639,0,159529,193338,-0.6972,-0.1180,-0.5791,37.29
2025-07-31,125.16,127.53,123.82,126.05,128.42,130.02,129.27,125.26,127.06,136.3571,0,135.7041,0,174387,193295,-0.8384,-0.2621,-0.5763,34.20
2025-08-01,123.63,123.71,120.22,120.92,127.50,129.48,129.02,125.31,127.04,133.3275,0,134.9910,0,198643,194794,-1.3487,-0.4794,-0.8692,31.43
2025-08-04,120.85,121.49,119.44,119.93,126.20,128.88,128.82,125.35,127.00,131.3030,0,133.8095,0,122222,193177,-1.8127,-0.7461,-1.0666,27.51
2025-08-05,120.10,122.69,119.97,122.07,125.34,128.27,128.70,125.40,126.98,131.3030,0,132.3726,0,137736,192231,-1.9845,-0.9938,-0.9907,30.06
2025-08-06,121.44,122.46,120.49,120.79,124.50,127.58,128.65,125.45,126.95,131.3030,0,131.0795,0,118514,186630,-2.1990,-1.2348,-0.9642,30.69
2025-08-07,122.90,123.59,119.94,120.63,124.03,126.83,128.53,125.52,126.90,131.3030,0,129.9157,0,110986,183104,-2.3546,-1.4588,-0.8958,30.81
2025-08-08,121.48,122.41,120.72,121.57,123.26,126.23,128.47,125.58,126.84,131.2762,0,128.8683,0,109660,182215,-2.3748,-1.6420,-0.7328,32.00
2025-08-11,121.40,121.77,118.47,120.96,122.49,125.70,128.42,125.66,126.79,129.8570,0,127.9256,0,168999,182688,-2.4116,-1.7959,-0.6157,30.69
2025-08-12,121.92,125.15,120.24,124.12,122.30,125.54,128.48,125.74,126.77,129.8570,0,126.7913,0,259929,182480,-2.1615,-1.8690,-0.2925,30.77
2025-08-13,124.52,128.32,124.28,127.71,122.47,125.62,128.36,125.82,126.78,129.8570,0,118.4730,1,222952,177934,-1.6540,-1.8260,0.1720,32.30
2025-08-14,126.86,128.09,124.25,125.97,122.47,125.44,128.19,125.88,126.77,129.8570,0,118.6698,1,133714,175241,-1.3763,-1.7361,0.3598,31.14
2025-08-15,128.91,129.46,124.83,124.93,122.87,125.18,128.03,125.95,126.76,129.8570,0,118.8627,1,128569,174596,-1.2266,-1.6342,0.4076,31.07
2025-08-18,124.83,125.44,123.67,124.42,123.32,124.76,127.92,126.02,126.72,129.8570,0,119.2867,1,114603,173495,-1.1355,-1.5344,0.3989,30.17
2025-08-19,125.23,126.91,124.48,126.70,123.78,124.56,127.82,126.06,126.70,129.8570,0,119.6937,1,201664,174808,-0.8691,-1.4014,0.5323,32.98
2025-08-20,126.45,127.19,123.78,123.97,124.10,124.30,127.67,126.08,126.67,129.8570,0,120.0844,1,152886,174800,-0.8688,-1.2949,0.4260,31.93
2025-08-21,123.55,124.99,123.30,124.27,124.46,124.25,127.52,126.09,126.65,129.8570,0,120.4595,1,195041,175951,-0.8343,-1.2028,0.3685,34.66
2025-08-22,125.70,131.27,124.74,131.11,125.42,124.34,127.58,126.14,126.66,117.2847,1,120.8195,1,326857,177578,-0.2522,-1.0127,0.7604,38.37
2025-08-25,131.01,132.71,130.49,131.70,126.49,124.49,127.62,126.20,126.66,121.2866,1,121.4466,1,125456,177271,0.2540,-0.7593,1.0133,42.79
2025-08-26,130.94,131.93,129.60,130.17,127.10,124.70,127.60,126.25,126.65,121.2866,1,122.3478,1,185173,177614,0.5255,-0.5024,1.0279,43.01
2025-08-27,129.62,131.50,129.40,131.13,127.44,124.96,127.62,126.32,126.55,121.2866,1,123.1770,1,75374,175875,0.8087,-0.2401,1.0489,45.97
2025-08-28,131.59,131.59,128.75,130.01,127.84,125.15,127.60,126.39,126.48,121.2866,1,123.9399,1,95717,174864,0.9323,-0.0057,0.9380,36.87
2025-08-29,129.89,131.14,129.00,129.37,128.29,125.58,127.62,126.45,126.40,121.2866,1,124.6417,1,106713,171983,0.9673,0.1889,0.7783,36.76
2025-09-02,127.61,128.49,125.92,127.50,128.59,125.96,127.69,126.50,126.32,121.2866,1,125.2874,1,168010,164392,0.8339,0.3179,0.5160,36.12
2025-09-03,127.48,128.32,125.38,128.06,128.73,126.25,127.75,126.53,126.25,121.2866,1,132.7126,0,148912,164208,0.7648,0.4073,0.3575,39.49
2025-09-04,127.90,129.39,125.93,129.31,129.26,126.68,127.81,126.55,126.21,121.2866,1,132.5660,0,123924,164195,0.8020,0.4862,0.3158,37.84
2025-09-05,130.14,134.49,129.88,133.04,130.14,127.30,127.94,126.58,126.20,122.1962,1,125.3803,1,173686,165182,1.1193,0.6128,0.5064,44.73
2025-09-08,132.89,133.96,131.12,132.95,130.33,127.87,128.01,126.63,126.18,122.6999,1,125.5626,1,186365,165616,1.3480,0.7599,0.5881,45.29
2025-09-09,133.14,133.88,128.43,128.75,130.03,128.26,128.00,126.65,126.14,122.6999,1,125.7411,1,173012,164152,1.1768,0.8433,0.3335,43.12
2025-09-10,128.65,131.85,128.39,131.15,130.13,128.61,128.09,126.70,126.11,122.6999,1,125.9161,1,118187,163217,1.2208,0.9188,0.3020,46.18
2025-09-11,131.15,134.83,130.46,132.41,130.26,128.85,128.17,126.73,126.07,122.6999,1,126.0876,1,177497,161554,1.3415,1.0033,0.3382,39.77
2025-09-12,132.05,132.40,129.04,129.11,130.16,129.00,128.10,126.75,126.01,122.6999,1,126.4372,1,93924,159003,1.1575,1.0341,0.1233,38.69
2025-09-15,129.20,130.65,127.88,130.02,130.23,129.26,128.07,126.79,125.96,122.6999,1,126.7728,1,142527,157867,1.0734,1.0420,0.0314,39.68
2025-09-16,136.71,140.22,133.83,138.02,131.28,129.94,128.19,126.84,125.94,124.5709,1,127.0950,1,327680,161874,1.6330,1.1602,0.4728,54.95
2025-09-17,137.85,139.32,134.30,135.23,132.00,130.36,128.21,126.86,125.91,124.5709,1,127.8804,1,211693,163297,1.8306,1.2943,0.5363,51.89
2025-09-18,134.55,139.58,133.65,138.19,132.89,131.08,128.28,126.92,125.90,124.5709,1,128.6210,1,211900,164857,2.2002,1.4755,0.7247,51.62
2025-09-19,139.02,139.42,136.75,137.62,133.35,131.74,128.32,126.97,125.88,125.3874,1,129.3171,1,391404,169273,2.4198,1.6643,0.7555,53.51
2025-09-22,139.14,139.14,135.25,137.43,133.79,132.06,128.40,127.00,125.86,125.3874,1,129.9714,1,258615,172224,2.5485,1.8412,0.7073,53.53
2025-09-23,137.50,138.20,133.97,135.07,134.43,132.23,128.47,126.99,125.84,125.3874,1,130.5865,1,203914,174290,2.4327,1.9595,0.4732,48.26
2025-09-24,134.90,136.12,134.49,134.76,134.79,132.46,128.62,126.99,125.82,125.3874,1,131.1647,1,123469,174277,2.2890,2.0254,0.2636,48.71
2025-09-25,134.16,136.62,133.28,134.48,134.99,132.62,128.79,127.01,125.82,125.3874,1,131.7082,1,126455,173520,2.1282,2.0459,0.0823,52.03
2025-09-26,135.45,138.47,135.01,137.98,135.88,133.02,128.95,127.07,125.84,125.3874,1,132.2191,1,203204,173610,2.2571,2.0882,0.1689,53.34
2025-09-29,138.55,138.81,136.19,137.24,136.60,133.42,129.10,127.12,125.85,126.1984,1,132.6993,1,146935,174103,2.2732,2.1252,0.1480,51.79
2025-09-30,136.95,138.56,136.46,138.28,136.63,133.95,129.20,127.16,125.88,126.7117,1,133.1507,1,167177,173035,2.3430,2.1687,0.1743,54.34
2025-10-01,137.84,140.57,136.96,139.84,137.09,134.54,129.39,127.22,125.93,127.9632,1,133.5750,1,158724,168998,2.4952,2.2340,0.2612,54.12
2025-10-02,139.79,143.84,139.61,143.20,137.59,135.24,129.67,127.31,126.02,130.7334,1,134.1347,1,188328,169584,2.8542,2.3581,0.4961,54.42
2025-10-03,143.77,145.79,143.13,143.89,138.22,135.78,130.04,127.38,126.15,133.7676,1,135.1056,1,186702,170024,3.1583,2.5181,0.6402,55.46
2025-10-06,144.00,144.73,140.32,140.46,138.52,136.16,130.26,127.47,126.25,133.7676,1,136.3874,1,204174,171403,3.0869,2.6319,0.4550,48.45
2025-10-07,141.45,142.85,140.24,141.55,139.17,136.80,130.52,127.59,126.38,133.7676,1,137.5154,1,129742,171221,3.0827,2.7220,0.3607,53.41
2025-10-08,142.36,145.54,141.11,145.34,140.23,137.51,130.91,127.72,126.54,133.7676,1,138.5080,1,100182,169433,3.3466,2.8469,0.4996,58.54
2025-10-09,146.07,148.24,145.35,146.56,141.43,138.21,131.32,127.88,126.71,136.1172,1,139.3815,1,176730,169777,3.6125,3.0000,0.6124,63.12
2025-10-10,146.35,147.15,139.99,140.06,141.64,138.76,131.60,127.99,126.84,136.1172,1,148.2370,0,174927,169788,3.2614,3.0523,0.2091,62.49
2025-10-13,143.22,145.91,142.13,144.34,142.35,139.48,132.07,128.18,127.00,136.1172,1,148.2370,0,128250,168380,3.2902,3.0999,0.1903,64.85
2025-10-14,142.24,147.31,141.30,145.77,143.10,139.86,132.58,128.36,127.16,136.1172,1,148.0720,0,137559,168687,3.3892,3.1577,0.2314,63.76
2025-10-15,146.75,147.74,143.84,144.85,143.60,140.35,133.04,128.52,127.31,136.1172,1,147.9103,0,114080,168214,3.3545,3.1971,0.1574,58.04
2025-10-16,145.59,146.78,139.71,141.47,143.43,140.51,133.45,128.65,127.45,136.1172,1,147.7518,0,160667,169057,3.0201,3.1617,-0.1416,55.69
2025-10-17,140.50,143.20,140.28,141.57,143.20,140.71,133.87,128.77,127.61,136.1172,1,147.7411,0,151729,169872,2.7317,3.0757,-0.3440,57.52
2025-10-20,145.80,146.10,143.59,145.07,143.66,141.09,134.34,128.92,127.77,136.1172,1,147.4198,0,238158,172442,2.7538,3.0113,-0.2575,60.35
2025-10-21,144.90,154.95,144.90,152.55,144.76,141.96,134.97,129.10,127.99,136.1172,1,139.7079,1,445140,177965,3.3363,3.0763,0.2600,65.97
2025-10-22,151.63,153.54,147.20,147.33,144.96,142.59,135.44,129.25,128.17,136.1172,1,140.0128,1,218561,177137,3.3385,3.1287,0.2097,60.94
2025-10-23,147.36,150.83,146.91,149.48,145.25,143.34,135.87,129.42,128.33,136.1172,1,140.3116,1,156146,175801,3.4730,3.1976,0.2754,63.88
2025-10-24,151.00,152.72,150.61,151.69,146.41,144.03,136.39,129.62,128.50,137.2436,1,140.6044,1,232683,177780,3.7153,3.3011,0.4142,61.50
2025-10-27,152.44,157.19,150.39,156.72,147.65,145.00,137.02,129.84,128.72,138.7718,1,140.8913,1,280707,180823,4.2639,3.4937,0.7702,66.64
2025-10-28,156.72,161.75,155.99,159.74,149.05,146.07,137.73,130.07,128.95,143.6278,1,141.5433,1,247162,183474,4.8864,3.7722,1.1142,70.92
2025-10-29,160.22,163.37,158.09,162.12,150.77,147.19,138.44,130.31,129.15,145.4212,1,142.7560,1,176662,182974,5.5083,4.1194,1.3889,73.93
2025-10-30,161.33,161.90,156.71,156.88,152.32,147.87,139.10,130.52,129.33,145.4212,1,144.4052,1,200730,183931,5.5143,4.3984,1.1159,71.32
2025-10-31,155.28,158.53,154.60,155.51,153.71,148.45,139.72,130.75,129.49,145.4212,1,145.9225,1,212574,184282,5.3469,4.5881,0.7588,71.14
2025-11-03,154.79,155.32,151.88,154.68,154.67,149.16,140.19,130.96,129.66,145.4212,1,147.3184,1,209062,181926,5.0892,4.6883,0.4009,70.88
2025-11-04,150.75,153.47,149.92,150.37,154.45,149.61,140.57,131.15,129.79,145.4212,1,148.6026,1,198910,183395,4.4852,4.6477,-0.1625,68.50
2025-11-05,150.39,153.58,148.79,152.86,155.00,149.98,141.02,131.33,129.94,145.4212,1,163.3711,0,177095,183234,4.1594,4.5500,-0.3907,69.13
2025-11-06,153.60,155.35,150.63,151.66,155.22,150.24,141.43,131.58,130.10,145.4212,1,163.0795,0,199515,185716,3.7610,4.3922,-0.6312,69.80
2025-11-07,151.14,152.28,149.05,150.69,155.12,150.77,141.84,131.87,130.25,145.4212,1,162.7938,0,165022,187102,3.3285,4.1795,-0.8510,66.78
2025-11-10,151.74,152.63,148.98,151.17,154.57,151.11,142.28,132.15,130.41,145.4212,1,162.5138,0,193312,188834,2.9904,3.9417,-0.9512,67.08
2025-11-11,151.25,152.99,150.73,151.12,153.71,151.38,142.75,132.43,130.57,145.4212,1,162.2393,0,138011,188234,2.6876,3.6908,-1.0033,65.97
2025-11-12,152.43,158.51,152.02,156.55,153.15,151.96,143.32,132.67,130.73,145.4212,1,161.9704,0,258937,190435,2.8524,3.5231,-0.6708,70.50
2025-11-13,156.70,157.54,150.56,153.31,152.79,152.55,143.80,132.92,130.86,145.4212,1,161.7068,0,206687,192090,2.6911,3.3567,-0.6656,69.58
2025-11-14,150.35,155.70,149.96,154.13,152.65,153.18,144.22,133.16,130.99,145.4212,1,161.4486,0,164424,191905,2.5990,3.2052,-0.6062,71.56
2025-11-17,153.71,157.57,152.87,153.79,152.57,153.62,144.64,133.40,131.13,145.4212,1,161.1954,0,167398,191526,2.4703,3.0582,-0.5879,72.75
2025-11-18,152.21,155.48,151.79,153.33,152.86,153.66,145.13,133.65,131.27,145.4212,1,160.9474,0,182285,191711,2.3049,2.9075,-0.6027,70.70
2025-11-19,153.72,155.07,152.09,154.18,152.99,154.00,145.59,133.91,131.42,145.4212,1,160.7043,0,135717,192062,2.2163,2.7693,-0.5530,72.24
2025-11-20,155.07,158.41,151.51,151.85,153.01,154.12,145.98,134.14,131.55,145.4212,1,160.4660,0,135962,191231,1.9357,2.6026,-0.6669,74.10
2025-11-21,151.97,158.11,151.28,156.86,153.63,154.38,146.54,134.44,131.70,145.4212,1,160.2326,0,155187,192456,2.0933,2.5007,-0.4074,73.58
2025-11-24,157.87,160.46,155.62,159.86,154.50,154.53,147.13,134.74,131.88,145.4212,1,148.7924,1,279052,195187,2.4327,2.4871,-0.0544,75.33
2025-11-25,161.30,165.05,160.30,162.90,155.68,154.69,147.63,135.02,132.04,147.5195,1,149.0257,1,191778,192469,2.9129,2.5723,0.3407,75.55
2025-11-26,162.85,165.69,162.40,165.25,156.54,154.85,148.23,135.29,132.20,149.4205,1,149.6665,1,140227,191039,3.4435,2.7465,0.6970,77.04
2025-11-28,166.06,166.97,164.68,166.45,157.86,155.33,148.80,135.56,132.39,151.9759,1,150.6280,1,107663,188955,3.9157,2.9803,0.9353,77.37
2025-12-01,164.73,168.09,164.73,166.24,159.07,155.86,149.37,135.83,132.57,152.9374,1,151.9355,1,157982,184286,4.2244,3.2291,0.9952,78.64
2025-12-02,166.93,167.92,165.15,166.25,160.31,156.44,149.95,136.09,132.73,153.5757,1,153.5511,1,183153,182777,4.4189,3.4671,0.9518,78.06
2025-12-03,166.08,171.51,165.81,170.09,161.99,157.43,150.65,136.37,132.90,155.2881,1,155.0052,1,249275,183684,4.8271,3.7391,1.0880,80.17
2025-12-04,169.10,169.26,165.08,166.72,163.24,158.12,151.29,136.63,133.07,155.2881,1,156.9862,1,290175,187018,4.8237,3.9560,0.8677,78.54
2025-12-05,166.81,166.81,162.52,163.86,164.45,158.73,151.87,136.84,133.22,155.2881,1,158.7295,1,238594,189261,4.5374,4.0723,0.4651,75.68
2025-12-08,163.99,166.51,163.21,164.77,165.24,159.43,152.41,137.06,133.41,155.2881,1,160.2635,1,140887,188015,4.3342,4.1247,0.2095,77.20
2025-12-09,163.78,165.67,163.03,164.07,165.66,160.08,152.95,137.29,133.57,155.2881,1,161.6135,1,124767,187571,4.0695,4.1136,-0.0442,77.54
2025-12-10,164.08,171.22,164.05,169.82,166.35,161.01,153.58,137.57,133.77,155.2881,1,162.8015,1,234243,188913,4.2745,4.1458,0.1287,80.21
2025-12-11,169.82,172.43,169.42,171.58,166.98,161.76,154.21,137.86,133.97,157.8847,1,163.0339,1,183079,189400,4.5273,4.2221,0.3052,78.43
2025-12-12,172.00,172.87,169.03,170.55,167.39,162.63,154.76,138.14,134.17,158.0669,1,164.0455,1,221824,190070,4.5914,4.2960,0.2955,79.39
2025-12-15,170.07,170.33,164.71,167.56,167.53,163.30,155.23,138.36,134.35,158.0669,1,172.8721,0,310479,192545,4.3504,4.3069,0.0436,78.28
2025-12-16,166.80,168.19,165.98,167.73,167.67,163.99,155.78,138.59,134.55,158.0669,1,172.8721,0,191320,192288,4.1263,4.2707,-0.1444,78.84
2025-12-17,165.13,171.52,164.43,171.32,167.80,164.89,156.37,138.86,134.78,158.0669,1,172.7089,0,362167,196937,4.1893,4.2544,-0.0652,82.00
2025-12-18,171.45,175.16,171.15,173.14,168.44,165.84,156.93,139.13,135.02,159.7657,1,164.4323,1,340571,201744,4.3364,4.2708,0.0656,82.45
2025-12-19,173.14,175.52,171.77,172.84,169.34,166.89,157.45,139.40,135.27,160.4708,1,164.4323,1,577529,209760,4.3786,4.2924,0.0862,82.15
2025-12-22,173.08,174.50,171.32,174.31,170.29,167.76,158.14,139.67,135.53,160.4708,1,164.8758,1,171753,209697,4.4788,4.3297,0.1491,81.00
2025-12-23,174.42,176.89,173.76,175.74,171.46,168.56,158.77,139.95,135.82,162.8583,1,165.3016,1,166798,210468,4.6202,4.3878,0.2324,80.85
2025-12-24,175.87,176.59,172.55,173.93,171.87,169.11,159.33,140.24,136.10,162.8583,1,165.9968,1,136586,210448,4.5343,4.4171,0.1172,79.92
2025-12-26,174.36,174.55,173.11,174.01,172.11,169.55,159.91,140.55,136.37,162.8583,1,166.6503,1,82870,209824,4.4217,4.4180,0.0037,78.44
2025-12-29,172.50,172.80,170.83,171.45,172.20,169.80,160.51,140.87,136.62,162.8583,1,167.2646,1,125701,209125,4.0790,4.3502,-0.2712,75.80
2025-12-30,172.15,172.22,169.45,169.62,172.41,169.97,161.07,141.16,136.84,162.8583,1,167.8421,1,127588,208642,3.6176,4.2037,-0.5861,74.39
2025-12-31,169.50,170.85,167.58,168.54,172.49,170.08,161.54,141.45,137.07,162.8583,1,176.8887,0,117581,206231,3.1292,3.9888,-0.8596,74.42
2026-01-02,170.71,175.65,170.24,175.12,172.87,170.33,161.99,141.80,137.33,162.8583,1,176.7025,0,163683,200601,3.2354,3.8381,-0.6027,79.52
2026-01-05,175.39,176.55,169.22,170.91,172.65,170.54,162.47,142.13,137.55,162.8583,1,167.5801,1,304981,202330,2.9461,3.6597,-0.7136,74.88
2026-01-06,171.50,173.12,167.77,171.82,172.55,170.94,162.91,142.38,137.79,162.8583,1,167.7596,1,289219,204991,2.7580,3.4794,-0.7213,73.80
2026-01-07,171.38,171.58,166.27,166.93,171.81,171.05,163.22,142.60,138.02,162.8583,1,176.5519,0,239997,205138,2.1897,3.2214,-1.0317,71.50
2026-01-08,166.33,172.18,165.27,171.24,171.36,171.41,163.51,142.85,138.26,162.8583,1,176.3462,0,179081,203105,2.0630,2.9898,-0.9267,74.10
2026-01-09,169.43,171.51,167.10,168.37,170.80,171.34,163.68,143.11,138.47,162.8583,1,175.9033,0,195202,202066,1.7110,2.7340,-1.0230,71.03
2026-01-12,168.29,169.88,165.64,168.45,170.25,171.18,163.81,143.36,138.69,162.8583,1,175.4781,0,184337,202219,1.4220,2.4716,-1.0496,69.73
2026-01-13,169.22,171.21,168.27,168.93,169.99,171.10,164.05,143.61,138.90,162.8583,1,175.0698,0,173865,201682,1.2182,2.2209,-1.0027,70.45
2026-01-14,168.36,172.13,168.23,169.89,170.02,171.21,164.34,143.86,139.14,162.8583,1,174.6780,0,258113,202593,1.1209,2.0009,-0.8800,70.96
2026-01-15,170.86,174.69,169.49,174.17,170.58,171.54,164.73,144.17,139.40,162.8583,1,165.2725,1,336421,205140,1.3738,1.8755,-0.5017,73.09
2026-01-16,173.72,174.36,170.85,172.65,170.34,171.60,165.17,144.45,139.65,162.8583,1,165.4609,1,177399,204710,1.4350,1.7874,-0.3524,71.73
2026-01-20,172.08,172.51,169.94,170.89,170.33,171.49,165.53,144.72,139.88,162.8583,1,165.6455,1,168219,204532,1.3261,1.6951,-0.3691,69.73
2026-01-21,172.77,179.61,172.72,178.87,171.04,171.79,166.08,145.04,140.20,162.8583,1,165.8264,1,204017,204622,1.8620,1.7285,0.1335,74.29
2026-01-22,180.85,181.83,176.86,177.85,172.13,171.97,166.62,145.35,140.56,165.1538,1,166.3776,1,233419,205990,2.1797,1.8187,0.3610,72.55
2026-01-23,177.74,180.94,176.82,180.35,173.04,172.20,167.20,145.70,140.91,165.1538,1,167.3050,1,254827,207221,2.6030,1.9756,0.6274,74.70
2026-01-26,183.42,184.57,172.16,172.39,173.45,172.12,167.63,146.03,141.23,165.1538,1,168.1767,1,379709,212055,2.2701,2.0345,0.2356,69.30
2026-01-27,172.49,176.58,169.29,174.71,174.07,172.16,167.99,146.35,141.50,165.1538,1,184.5689,0,294653,212769,2.1684,2.0613,0.1071,69.16
2026-01-28,175.29,175.61,172.23,173.45,174.52,172.26,168.39,146.67,141.79,165.1538,1,184.5689,0,224410,213123,1.9632,2.0417,-0.0785,68.49
2026-01-29,176.08,181.29,174.87,181.00,175.63,172.83,168.93,147.03,142.10,165.1538,1,184.2633,0,287312,215581,2.3823,2.1098,0.2725,73.97
2026-01-30,179.06,182.97,177.69,178.61,176.08,173.33,169.43,147.36,142.41,165.1538,1,183.9639,0,250087,217235,2.4930,2.1864,0.3066,74.67
2026-02-02,177.68,185.62,177.22,185.55,177.37,173.85,170.07,147.74,142.76,165.1538,1,169.2909,1,312732,219844,3.1052,2.3702,0.7351,77.22
2026-02-03,186.87,194.14,186.25,191.92,179.47,174.90,170.83,148.17,143.14,171.7148,1,169.6176,1,326375,223657,4.0573,2.7076,1.3497,79.67
2026-02-04,192.20,198.04,190.94,197.82,181.37,176.20,171.75,148.63,143.54,175.7320,1,170.5984,1,354185,228021,5.2275,3.2116,2.0159,82.96
2026-02-05,194.40,198.53,189.78,191.99,182.78,177.46,172.45,149.03,143.95,175.7320,1,172.2447,1,366526,232248,5.6198,3.6932,1.9266,82.26
2026-02-06,194.70,201.78,194.02,201.31,184.88,178.96,173.28,149.49,144.37,177.4033,1,174.3478,1,261205,231891,6.6066,4.2759,2.3307,83.44
2026-02-09,199.82,202.89,195.98,201.67,187.80,180.62,174.05,149.96,144.78,178.9156,1,177.0907,1,241435,232884,7.3330,4.8873,2.4457,82.71
2026-02-10,201.50,202.39,197.40,200.05,190.34,182.20,174.75,150.40,145.15,179.9320,1,180.1867,1,184729,233774,7.6892,5.4477,2.2415,82.23
2026-02-11,203.92,207.36,202.72,204.68,193.46,183.99,175.51,150.86,145.55,184.8776,1,182.9111,1,253624,236694,8.2504,6.0083,2.2422,82.23
2026-02-12,204.54,206.87,194.06,198.44,195.20,185.42,176.16,151.28,145.91,184.8776,1,186.3335,1,295634,239447,8.0986,6.4263,1.6723,82.08
2026-02-13,187.99,193.24,184.01,190.66,196.41,186.24,176.65,151.66,146.23,184.8776,1,207.3565,0,506744,245919,7.2661,6.5943,0.6718,77.35
2026-02-17,189.78,191.52,185.71,190.89,196.94,187.16,177.06,152.06,146.55,184.8776,1,206.8896,0,214912,245231,6.5501,6.5854,-0.0354,76.76
2026-02-18,193.02,194.61,189.00,191.71,196.92,188.20,177.56,152.49,146.86,184.8776,1,206.4321,0,219203,243812,5.9795,6.4642,-0.4848,76.98
2026-02-19,189.50,192.53,188.70,189.56,196.10,188.73,178.08,152.91,147.15,184.8776,1,205.9837,0,188693,242814,5.2929,6.2300,-0.9371,76.05
2026-02-20,189.68,192.40,186.06,192.36,196.13,189.46,178.63,153.33,147.45,184.8776,1,205.5442,0,255023,245097,4.9177,5.9675,-1.0498,74.70
2026-02-23,192.36,195.30,189.31,194.96,195.50,190.19,179.25,153.76,147.78,184.8776,1,205.1136,0,239407,247389,4.7755,5.7291,-0.9536,78.02
2026-02-24,194.89,195.10,189.68,189.85,194.32,191.06,179.65,154.14,148.09,184.8776,1,204.6916,0,218012,247065,4.2019,5.4237,-1.2218,75.10
2026-02-25,192.44,192.89,189.32,190.51,193.36,191.85,180.03,154.54,148.40,184.8776,1,204.2780,0,233494,248073,3.7569,5.0903,-1.3334,75.66
2026-02-26,190.13,192.05,187.49,191.49,192.04,192.75,180.44,154.96,148.72,184.8776,1,203.8726,0,154805,246733,3.4441,4.7611,-1.3170,75.40
2026-02-27,190.12,192.19,187.05,192.10,191.41,193.31,180.94,155.40,149.01,184.8776,1,203.4754,0,255105,245625,3.2081,4.4505,-1.2424,76.21
2026-03-02,192.11,200.68,189.36,200.43,192.39,194.40,181.59,155.88,149.34,184.8776,1,203.0862,0,284713,247493,3.6516,4.2907,-0.6391,78.61
2026-03-03,194.97,196.47,186.99,196.40,192.94,194.94,182.09,156.33,149.67,184.8776,1,202.7047,0,208784,244425,3.6353,4.1596,-0.5243,80.13
2026-03-04,197.63,198.73,192.82,192.87,193.05,194.99,182.49,156.77,149.97,184.8776,1,202.3308,0,194278,241500,3.3002,3.9877,-0.6875,77.21
2026-03-05,191.07,192.75,186.23,188.97,192.99,194.54,182.81,157.19,150.25,184.8776,1,201.9644,0,233333,234616,2.6882,3.7278,-1.0396,77.25
2026-03-06,184.84,185.34,179.34,180.64,191.82,193.98,182.93,157.56,150.49,204.6338,0,201.6054,0,225178,235684,1.5140,3.2851,-1.7711,75.95
2026-03-09,178.29,182.90,174.08,181.39,190.46,192.98,183.05,157.96,150.73,201.1970,0,200.7146,0,234460,237037,0.6363,2.7553,-2.1190,75.47
2026-03-10,180.75,183.09,178.97,181.22,189.60,191.96,183.19,158.37,150.98,201.1970,0,199.1163,0,144695,237200,-0.0721,2.1898,-2.2620,75.32
2026-03-11,181.86,184.30,179.76,183.28,188.88,191.12,183.38,158.78,151.26,201.1970,0,197.6138,0,112915,237800,-0.4621,1.6594,-2.1215,75.14
2026-03-12,180.25,180.53,173.63,174.16,187.15,189.59,183.43,159.13,151.51,198.7547,0,196.2015,0,216213,239611,-1.4892,1.0297,-2.5189,71.40
2026-03-13,175.15,175.86,168.96,169.69,184.90,188.16,183.43,159.46,151.73,193.9852,0,194.3956,0,224817,241555,-2.6339,0.2970,-2.9309,68.71
2026-03-16,171.93,173.71,170.26,173.35,182.20,187.29,183.53,159.81,151.97,192.6054,0,191.8523,0,179160,242787,-3.2088,-0.4042,-2.8046,71.01
2026-03-17,173.45,174.61,170.49,171.71,179.73,186.33,183.46,160.14,152.21,192.3503,0,189.5633,0,231825,244150,-3.7536,-1.0741,-2.6795,68.25
2026-03-18,170.46,173.31,167.53,167.85,177.22,185.14,183.40,160.44,152.45,189.9708,0,187.5033,0,210921,242268,-4.4455,-1.7483,-2.6971,67.18
2026-03-19,163.75,169.76,161.29,166.67,174.99,183.99,183.30,160.69,152.61,185.6613,0,185.1065,0,268850,241861,-5.0313,-2.4049,-2.6264,66.30
2026-03-20,166.91,167.60,162.32,163.07,173.24,182.53,183.22,160.94,152.75,184.6653,0,181.7728,0,343328,243928,-5.7194,-3.0678,-2.6516,67.04
2026-03-23,168.83,170.00,165.23,165.75,171.67,181.07,183.11,161.21,152.92,184.6653,0,178.9057,0,314983,246646,-5.9799,-3.6502,-2.3297,66.19
2026-03-24,165.74,169.50,163.62,168.79,170.43,180.02,183.12,161.51,153.11,184.6653,0,176.4401,0,216418,247070,-5.8730,-4.0948,-1.7782,67.08
2026-03-25,171.60,173.93,171.37,172.54,169.36,179.12,183.20,161.82,153.32,184.6653,0,174.3196,0,207973,247543,-5.4233,-4.3605,-1.0628,67.56
2026-03-26,170.52,174.12,170.52,173.49,169.29,178.22,183.29,162.15,153.53,184.6653,0,161.2939,1,180560,247677,-4.9337,-4.4751,-0.4585,68.26
2026-03-27,172.39,173.46,169.00,170.06,169.33,177.12,183.30,162.45,153.72,184.6653,0,161.5505,1,167568,245866,-4.7676,-4.5336,-0.2340,67.60
2026-03-30,171.72,174.57,170.15,170.86,169.08,175.64,183.23,162.72,153.93,184.6653,0,161.8020,1,157935,242296,-4.5189,-4.5307,0.0118,69.55
2026-03-31,172.61,180.07,170.97,179.59,169.87,174.80,183.37,163.04,154.18,184.6653,0,162.3128,1,297234,244693,-3.5761,-4.3398,0.7636,73.21
2026-04-01,181.56,184.52,180.79,182.44,171.33,174.28,183.60,163.38,154.44,184.6653,0,163.3783,1,189561,245120,-2.5699,-3.9858,1.4159,73.25
2026-04-02,178.86,183.83,177.40,179.79,172.64,173.82,183.62,163.71,154.69,184.6653,0,165.0698,1,168956,244418,-1.9632,-3.5813,1.6181,72.73
2026-04-06,178.24,180.34,173.83,176.13,173.94,173.59,183.58,164.02,154.91,184.6653,0,166.6259,1,121241,242175,-1.7576,-3.2165,1.4590,70.30
2026-04-07,175.56,178.86,174.44,176.79,175.05,173.36,183.51,164.33,155.15,184.6653,0,168.0576,1,183569,240750,-1.5239,-2.8780,1.3541,72.19
2026-04-08,183.71,187.41,183.23,187.14,176.88,173.66,183.81,164.73,155.47,166.0940,1,169.3747,1,150498,236165,-0.4981,-2.4020,1.9039,74.14
2026-04-09,186.29,189.89,185.96,189.57,178.59,173.97,184.10,165.14,155.79,169.4369,1,171.1787,1,170810,233689,0.5055,-1.8205,2.3260,74.62
2026-04-10,192.11,194.15,189.90,190.14,180.25,174.77,184.44,165.55,156.11,174.0124,1,173.4240,1,155810,232317,1.3314,-1.1902,2.5215,75.80
2026-04-13,188.95,195.11,188.88,195.03,182.75,176.04,184.72,165.96,156.45,174.0124,1,176.3256,1,180692,230184,2.3532,-0.4815,2.8347,77.39
2026-04-14,194.87,197.38,194.08,194.86,185.15,177.11,185.04,166.37,156.78,178.4695,1,179.3307,1,187976,228942,3.1135,0.2375,2.8760,77.35
2026-04-15,193.69,195.34,190.72,193.67,186.55,178.21,185.21,166.80,157.10,178.4695,1,182.5800,1,218704,227061,3.5790,0.9058,2.6732,75.62
2026-04-16,193.67,197.30,193.67,195.31,187.84,179.58,185.27,167.23,157.45,179.1680,1,185.2444,1,153370,223601,4.0334,1.5313,2.5021,75.21
2026-04-17,195.61,202.13,195.58,199.87,189.85,181.24,185.31,167.68,157.80,182.1199,1,187.4292,1,241806,221354,4.7072,2.1665,2.5407,76.73
2026-04-20,200.52,211.27,199.46,208.88,193.12,183.53,185.65,168.21,158.19,186.7595,1,190.3697,1,463229,223288,5.9002,2.9132,2.9869,78.46
2026-04-21,211.51,225.33,210.65,219.71,197.42,186.23,186.02,168.81,158.63,196.3106,1,194.5499,1,539801,228860,7.6319,3.8570,3.7750,83.19
2026-04-22,223.65,227.67,221.96,226.95,201.40,189.14,186.53,169.40,159.10,202.9145,1,199.4576,1,399534,232022,9.4788,4.9813,4.4975,84.18
2026-04-23,227.63,228.48,221.50,224.54,204.89,191.74,187.02,170.00,159.55,203.1839,1,205.1008,1,385376,236035,10.6260,6.1103,4.5157,84.51
2026-04-24,224.62,227.55,220.16,226.28,208.51,194.38,187.45,170.59,160.01,203.1839,1,209.7770,1,267975,236322,11.5421,7.1966,4.3455,84.92
2026-04-27,225.29,227.06,222.73,224.53,211.46,197.10,187.97,171.17,160.45,203.9400,1,213.5180,1,200803,234425,11.9891,8.1551,3.8340,84.77
2026-04-28,224.35,227.65,220.31,226.45,214.62,199.88,188.69,171.76,160.92,203.9400,1,216.5108,1,270105,229692,12.3555,8.9952,3.3603,84.96
2026-04-29,226.50,228.44,222.79,223.86,217.64,202.10,189.34,172.35,161.38,204.9680,1,218.9050,1,193968,229273,12.2956,9.6553,2.6403,84.52
2026-04-30,224.05,229.26,221.63,228.14,220.92,204.38,190.07,172.97,161.88,204.9680,1,220.3103,1,251206,229913,12.4500,10.2142,2.2358,83.75
2026-05-01,228.06,230.42,225.39,228.75,223.81,206.83,190.86,173.60,162.40,207.6069,1,221.6274,1,215789,230455,12.4776,10.6669,1.8107,83.41
2026-05-04,228.59,229.42,225.74,229.30,225.85,209.49,191.60,174.21,162.90,208.2078,1,221.6274,1,183075,229016,12.4009,11.0137,1.3872,82.53
2026-05-05,231.90,238.20,230.48,236.92,227.57,212.49,192.44,174.88,163.43,214.2346,1,223.3854,1,267760,229583,12.8075,11.3725,1.4350,83.60
2026-05-06,239.90,243.18,237.55,241.30,229.01,215.20,193.46,175.56,163.97,220.3946,1,225.7380,1,235054,229924,13.3295,11.7639,1.5656,84.30
2026-05-07,242.44,242.44,231.02,232.39,229.79,217.34,194.30,176.18,164.48,220.3946,1,229.2261,1,266041,230575,12.8758,11.9863,0.8896,83.90
2026-05-08,234.02,236.80,231.52,234.57,230.62,219.57,195.16,176.79,165.01,220.3946,1,231.0161,1,210626,231692,12.5472,12.0984,0.4487,83.06
2026-05-11,235.02,237.72,233.89,235.44,231.71,221.59,196.03,177.40,165.56,220.3946,1,231.0161,1,178346,230156,12.2159,12.1219,0.0940,83.25
2026-05-12,233.79,234.62,229.74,232.27,232.30,223.46,196.67,178.01,166.07,220.3946,1,243.1785,0,222161,228905,11.5649,12.0105,-0.4456,82.58
2026-05-13,233.09,237.53,232.57,236.54,233.56,225.60,197.47,178.64,166.61,220.3946,1,242.9097,0,282386,230377,11.2637,11.8612,-0.5975,84.10
2026-05-14,238.25,238.31,231.86,234.15,234.16,227.54,198.30,179.24,167.15,220.3946,1,242.6463,0,219942,230891,10.7083,11.6306,-0.9223,83.69
2026-05-15,229.53,230.81,226.24,228.82,234.17,228.99,199.09,179.78,167.67,220.3946,1,242.3881,0,233927,230903,9.7262,11.2497,-1.5236,83.73
2026-05-18,228.80,229.57,225.40,228.06,234.05,229.95,200.04,180.37,168.18,220.3946,1,241.7421,0,173378,229867,8.7853,10.7568,-1.9715,82.96
2026-05-19,222.77,224.05,218.53,222.86,232.64,230.11,200.87,180.89,168.69,220.3946,1,240.7615,0,279481,230767,7.5334,10.1121,-2.5787,81.82
2026-05-20,224.01,227.97,221.84,227.78,231.29,230.15,201.80,181.44,169.23,220.3946,1,238.9833,0,213164,232136,6.8591,9.4615,-2.6024,82.11
2026-05-21,227.53,232.27,226.59,231.32,231.18,230.49,202.76,182.02,169.77,220.3946,1,237.3474,0,185147,233581,6.5344,8.8761,-2.3417,84.04
2026-05-22,233.41,242.40,232.63,239.49,231.67,231.15,204.07,182.67,170.37,220.3946,1,218.5344,1,285060,234958,6.8574,8.4724,-1.6150,85.96
2026-05-26,241.13,250.11,240.19,249.92,233.12,232.42,205.67,183.39,171.01,223.1609,1,219.0117,1,267849,235819,7.8648,8.3508,-0.4861,87.65
2026-05-27,249.92,259.32,247.63,257.64,235.66,233.98,207.36,184.14,171.69,230.1778,1,220.2557,1,331090,238857,9.1797,8.5166,0.6631,88.79
2026-05-28,256.43,261.25,249.94,260.16,238.02,235.79,209.13,184.86,172.39,231.2364,1,222.5997,1,327580,240772,10.3067,8.8746,1.4320,88.50
2026-05-29,259.90,262.49,257.38,259.56,240.56,237.36,210.96,185.61,173.07,236.4769,1,225.6915,1,551336,247581,11.0244,9.3046,1.7198,88.47
2026-06-01,256.75,261.65,254.62,261.00,243.78,238.98,212.85,186.35,173.73,236.4769,1,229.3718,1,235797,246919,11.5757,9.7588,1.8169,88.40
2026-06-02,262.72,272.93,259.74,270.80,248.05,241.05,215.00,187.15,174.46,241.4810,1,232.6841,1,295701,245967,12.6573,10.3385,2.3188,89.91
2026-06-03,271.12,277.16,266.74,274.51,253.22,242.93,217.18,187.93,175.21,246.4509,1,237.5137,1,289519,245458,13.6566,11.0021,2.6544,90.76
2026-06-04,273.96,279.86,269.40,276.22,258.06,244.68,219.33,188.71,175.96,248.5426,1,243.0644,1,246397,246057,14.4207,11.6858,2.7349,90.84
2026-06-05,273.27,275.56,265.02,267.89,261.72,246.45,221.23,189.41,176.67,248.5426,1,248.9510,1,300774,247913,14.1905,12.1868,2.0037,91.65
2026-06-08,269.40,269.88,264.83,266.60,264.43,248.05,223.10,190.15,177.38,248.5426,1,253.8957,1,298115,250264,13.7449,12.4984,1.2465,90.88
2026-06-09,272.38,272.38,258.93,269.19,266.36,249.74,225.08,190.90,178.11,248.5426,1,258.0492,1,234807,251609,13.4461,12.6879,0.7582,91.76
2026-06-10,269.70,274.07,266.85,267.73,267.37,251.51,227.02,191.66,178.79,248.5426,1,258.9327,1,328877,255028,12.9426,12.7389,0.2037,92.13
2026-06-11,271.37,280.95,269.92,278.92,269.24,253.63,229.00,192.51,179.53,248.5426,1,258.9327,1,225066,253585,13.2928,12.8497,0.4432,92.02
2026-06-12,283.10,285.23,279.02,282.12,271.50,256.03,231.00,193.38,180.29,255.1258,1,262.8964,1,226067,254315,13.6712,13.0140,0.6572,92.39
2026-06-15,287.38,288.09,269.90,271.57,272.55,258.17,232.83,194.18,180.99,255.1258,1,267.3637,1,439342,259722,12.9706,13.0053,-0.0347,91.29
2026-06-16,273.23,278.34,271.58,273.67,272.84,260.45,234.78,195.00,181.71,255.1258,1,269.8979,1,339955,264097,12.4410,12.8924,-0.4514,91.98
2026-06-17,271.71,275.76,264.60,269.52,272.34,262.78,236.64,195.78,182.41,255.1258,1,288.0866,0,309623,266618,11.5532,12.6246,-1.0714,91.40
2026-06-18,261.31,261.40,247.49,249.34,269.66,263.86,237.88,196.44,183.02,287.4024,0,287.6169,0,1131193,286232,9.1167,11.9230,-2.8064,88.43
2026-06-22,249.79,252.93,248.72,250.41,267.91,264.81,239.10,197.06,183.63,281.7478,0,286.0118,0,379181,290399,7.1889,10.9762,-3.7873,88.17
2026-06-23,245.69,248.16,242.13,243.14,265.56,265.00,240.16,197.66,184.20,275.4624,0,284.4709,0,408961,295462,5.0165,9.7842,-4.7678,86.89
2026-06-24,243.06,244.62,238.98,240.88,262.73,264.54,241.08,198.24,184.74,270.7743,0,281.9305,0,235829,296565,3.0773,8.4429,-5.3655,85.93
2026-06-25,242.98,250.63,240.58,250.43,261.00,264.18,242.19,198.89,185.33,270.7743,0,278.4943,0,281471,298435,2.2847,7.2112,-4.9265,87.51
2026-06-26,244.83,248.71,241.32,244.93,257.60,263.42,243.21,199.50,185.91,270.7743,0,275.3330,0,409428,302249,1.1991,6.0088,-4.8097,85.86
2026-06-29,243.63,246.35,230.97,233.69,252.76,262.13,243.98,200.03,186.42,269.3000,0,272.4246,0,292049,305023,-0.5621,4.6946,-5.2567,82.31
2026-06-30,235.54,236.12,228.97,229.46,248.55,260.55,244.57,200.54,186.90,262.2671,0,268.2787,0,322300,306633,-2.2730,3.3011,-5.5741,81.35
2026-07-01,226.11,226.86,218.73,221.76,243.36,258.10,244.83,200.98,187.37,252.7639,0,263.5617,0,308867,303546,-4.2018,1.8005,-6.0023,79.56
2026-07-02,220.60,224.40,216.36,220.39,238.44,255.39,244.84,201.38,187.82,249.7640,0,257.2852,0,355114,299852,-5.7743,0.2856,-6.0599,80.66
2026-07-06,220.39,227.45,219.19,227.07,236.22,252.94,244.85,201.81,188.26,249.7640,0,250.7372,0,225776,296377,-6.4077,-1.0531,-5.3546,81.98
2026-07-07,226.40,230.00,223.60,229.62,234.14,251.02,244.95,202.24,188.74,249.7640,0,245.2369,0,285854,294386,-6.6275,-2.1680,-4.4595,82.64
2026-07-08,227.45,231.99,226.30,228.76,232.70,249.13,245.00,202.65,189.19,249.7640,0,240.6166,0,225374,293534,-6.7928,-3.0929,-3.6998,82.75
2026-07-09,230.03,230.50,221.52,222.06,230.82,246.77,244.95,203.03,189.61,249.7640,0,236.7355,0,207404,293666,-7.3793,-3.9502,-3.4291,80.38
2026-07-10,222.06,229.24,222.06,228.42,228.62,244.81,244.99,203.44,190.07,249.7640,0,233.4754,0,261564,293495,-7.2474,-4.6097,-2.6378,83.25
2026-07-13,229.18,237.14,229.18,234.14,227.54,242.57,245.19,203.87,190.56,249.7640,0,216.3600,1,261581,294848,-6.6052,-5.0088,-1.5964,84.57
2026-07-14,236.72,238.65,231.09,233.35,227.50,240.13,245.30,204.31,191.05,249.7640,0,216.7756,1,222686,294277,-6.0898,-5.2250,-0.8648,83.50
2026-07-15,233.81,236.95,230.61,235.56,228.11,238.33,245.43,204.79,191.56,249.7640,0,217.6506,1,190827,293778,-5.4403,-5.2680,-0.1722,84.64
2026-07-16,234.11,237.78,233.48,234.98,229.43,236.40,245.55,205.26,192.05,249.7640,0,218.4906,1,302396,296164,-4.9157,-5.1976,0.2819,84.43
2026-07-17,232.70,236.33,229.63,235.51,230.95,234.70,245.52,205.73,192.54,249.7640,0,219.2969,1,191258,294634,-4.4064,-5.0393,0.6330,83.92
2026-07-20,235.89,237.37,228.77,230.49,231.29,233.75,245.30,206.14,193.00,249.7640,0,220.0711,1,408013,298094,-4.3576,-4.9030,0.5454,80.22
2026-07-21,239.07,239.99,231.96,233.52,231.68,232.91,245.32,206.55,193.47,249.7640,0,220.8142,1,424563,301264,-4.0280,-4.7280,0.7000,80.04
2026-07-22,235.83,241.55,234.94,238.64,232.67,232.68,245.41,207.00,193.94,249.7640,0,221.9648,1,308108,303214,-3.3154,-4.4455,1.1301,82.05
2026-07-23,240.47,246.43,238.19,240.57,234.52,232.67,245.51,207.49,194.43,249.7640,0,223.5316,1,286447,305376,-2.5654,-4.0694,1.5041,83.59
2026-07-24,240.94,247.68,239.21,247.11,236.39,232.50,245.81,208.02,194.96,249.7640,0,225.8214,1,213207,305197,-1.4268,-3.5409,2.1141,85.80
2026-07-27,246.49,250.84,244.88,250.27,238.00,232.77,246.08,208.55,195.50,224.0735,1,228.4444,1,353531,306619,-0.2664,-2.8860,2.6196,86.34
2026-07-28,250.30,261.40,250.00,259.74,240.64,234.07,246.59,209.12,196.08,230.8721,1,231.5798,1,389039,310001,1.4012,-2.0286,3.4298,88.87
2026-07-29,265.19,265.55,250.92,252.34,242.32,235.21,247.06,209.65,196.60,231.5009,1,236.3511,1,335057,312024,2.1014,-1.2026,3.3040,87.92
2026-07-30,255.08,255.31,248.03,252.50,244.07,236.75,247.55,210.18,197.17,231.5009,1,241.6069,1,232300,313202,2.6389,-0.4343,3.0732,86.21
2026-07-31,255.23,255.23,250.30,251.26,245.64,238.30,248.12,210.68,197.70,231.5009,1,245.9166,1,226737,312148,2.9310,0.2388,2.6922,86.21
2026-08-03,255.72,258.53,245.12,258.38,248.43,239.86,248.73,211.24,198.26,231.5009,1,265.5500,0,268121,313247,3.6944,0.9299,2.7645,87.09
2026-08-04,264.00,267.21,253.60,265.10,251.59,241.63,249.41,211.85,198.87,232.3709,1,245.1200,1,439907,318342,4.7865,1.7012,3.0853,87.13
2026-08-05,267.69,273.36,264.50,265.96,254.32,243.49,249.94,212.48,199.49,241.0413,1,245.1200,1,293700,318515,5.6561,2.4922,3.1640,87.49
2026-08-06,266.13,266.61,260.92,261.48,256.41,245.47,250.17,213.09,200.09,241.0413,1,246.2496,1,236090,317880,5.9157,3.1769,2.7388,86.80
2026-08-07,261.37,262.76,255.80,262.45,257.95,247.17,250.26,213.72,200.67,241.0413,1,247.3340,1,261138,316480,6.1290,3.7673,2.3617,85.88
2026-08-10,262.71,269.18,261.70,268.60,259.78,248.89,250.43,214.34,201.25,241.0413,1,248.3750,1,330297,316535,6.7169,4.3572,2.3596,87.64
2026-08-11,267.89,271.00,263.04,263.69,260.18,250.41,250.52,214.96,201.84,241.3790,1,249.3744,1,244124,310391,6.7092,4.8276,1.8816,85.74
2026-08-12,264.88,264.88,260.24,263.18,261.26,251.79,250.56,215.57,202.40,241.3790,1,250.3339,1,185805,309391,6.5861,5.1793,1.4068,85.19
2026-08-13,264.85,264.85,259.50,260.53,262.06,253.07,250.35,216.19,202.95,241.3790,1,251.2549,1,158350,306644,6.2032,5.3841,0.8191,84.42
2026-08-14,262.14,263.23,255.11,255.77,262.51,254.08,249.98,216.76,203.44,241.3790,1,252.1391,1,227891,305411,5.4527,5.3978,0.0549,82.71
2026-08-17,253.41,259.04,250.02,258.16,262.49,255.46,249.62,217.35,203.94,241.3790,1,273.3600,0,196847,304420,4.9933,5.3169,-0.3236,83.47
2026-08-18,256.22,257.22,249.09,249.81,260.96,256.28,249.26,217.90,204.37,241.3790,1,272.8932,0,243090,303267,3.9104,5.0356,-1.1252,83.40
2026-08-19,252.56,252.56,223.20,231.01,257.47,255.90,248.54,218.31,204.75,268.6063,0,271.9411,0,572420,308753,1.5176,4.3320,-2.8144,74.78
2026-08-20,226.87,227.76,218.02,219.00,253.22,254.82,247.54,218.64,205.06,254.4407,0,269.0166,0,493144,313919,-1.3324,3.1991,-4.5315,64.55
2026-08-21,225.25,230.78,223.51,228.68,249.84,253.90,246.76,219.00,205.43,254.4407,0,264.9369,0,457314,316488,-2.7779,2.0037,-4.7816,67.62
2026-08-24,235.64,244.25,227.51,229.27,245.91,252.85,245.77,219.38,205.83,254.4407,0,261.1835,0,476308,321513,-3.8317,0.8366,-4.6684,65.58
2026-08-25,230.74,232.39,227.68,231.08,242.65,251.41,244.75,219.78,206.22,254.4407,0,257.7304,0,304679,323085,-4.4693,-0.2245,-4.2448,68.21
2026-08-26,231.43,236.94,230.73,235.90,239.92,250.59,244.03,220.16,206.64,254.4407,0,254.5536,0,284401,319986,-4.5334,-1.0863,-3.4471,73.32
2026-08-27,234.51,236.44,232.11,235.84,237.45,249.76,243.28,220.55,207.07,254.4407,0,251.6309,0,185724,316902,-4.5368,-1.7764,-2.7603,73.25
2026-08-28,237.14,239.37,232.02,234.67,235.34,248.93,242.58,220.91,207.48,254.4407,0,248.9420,0,157299,313855,-4.5810,-2.3373,-2.2437,73.46
2026-08-31,235.37,237.87,231.93,232.62,232.79,247.64,242.24,221.31,207.89,254.4407,0,246.4683,0,213150,295494,-4.7270,-2.8153,-1.9117,71.53
2026-09-01,229.12,236.11,229.04,234.09,231.22,246.09,241.92,221.71,208.28,254.4407,0,244.1924,0,155506,291021,-4.6703,-3.1863,-1.4840,71.38
2026-09-02,236.90,248.38,235.89,247.64,232.88,245.17,242.01,222.20,208.75,254.4407,0,218.0200,1,295286,288747,-3.4917,-3.2473,-0.2443,78.10
2026-09-03,250.25,251.88,244.66,246.03,235.58,244.40,242.11,222.63,209.21,254.4407,0,218.6272,1,218770,288406,-2.6569,-3.1293,0.4723,77.30
2026-09-04,245.87,246.67,240.52,242.06,236.92,243.38,241.94,223.06,209.65,254.4407,0,219.9573,1,285098,288479,-2.2893,-2.9613,0.6720,76.11
2026-09-08,241.34,246.00,238.14,240.31,238.02,241.97,241.85,223.42,210.09,254.4407,0,221.2342,1,296831,286227,-2.1148,-2.7920,0.6772,75.20
2026-09-09,240.09,245.98,240.09,240.69,238.98,240.82,241.99,223.75,210.52,254.4407,0,222.4601,1,194574,284277,-1.9237,-2.6183,0.6946,76.29
2026-09-10,238.49,239.81,236.22,237.08,239.10,239.51,242.14,224.01,210.94,254.4407,0,223.6369,1,159934,281030,-2.0400,-2.5027,0.4626,75.13
2026-09-11,239.01,241.00,234.38,239.79,239.50,238.47,242.50,224.33,211.36,254.4407,0,224.7666,1,167158,278196,-1.8917,-2.3805,0.4888,77.13
2026-09-14,241.04,245.86,233.80,234.53,239.48,237.41,242.79,224.55,211.73,254.4407,0,225.8511,1,244333,275980,-2.1736,-2.3391,0.1655,74.73
2026-09-15,236.21,241.41,234.04,239.22,240.14,236.47,243.03,224.80,212.11,254.4407,0,226.8923,1,272232,276909,-1.9955,-2.2704,0.2749,77.39
2026-09-16,241.09,243.64,235.08,238.23,240.56,235.89,243.20,225.05,212.48,254.4407,0,227.8918,1,217504,275542,-1.9122,-2.1987,0.2865,80.37
2026-09-17,242.44,247.07,242.30,245.35,240.33,236.60,243.53,225.33,212.87,254.4407,0,228.8513,1,203785,275111,-1.2572,-2.0104,0.7532,81.52
