Date,Open,High,Low,Close,Ma10:Top:Line,Ma20:Top:Line,Ma50:Top:Line,Ma150:Top:Line,Ma200:Top:Line,Supertrend:Top:ColorLine,Supertrend_Dir,ParabolicSAR:Top:ColorLine,ParabolicSAR_Dir,Volume:Middle:Histogram,Vo50:Middle:Line,Macd:Bottom:Line,MacdSignal:Bottom:Line,MacdDelta:Bottom:Histogram,RsRating:Hidden:Hidden
2023-07-12,127.12,127.60,125.96,126.23,,,,,,,0,125.9603,1,30889,,,,,0
2023-07-13,126.28,129.03,124.87,127.98,,,,,,,0,129.0315,0,46588,,,,,0
2023-07-14,127.74,128.46,126.63,127.58,,,,,,,0,129.0315,0,32221,,,,,0
2023-07-17,127.10,131.23,126.52,130.79,,,,,,,0,124.8749,1,46212,,,,,0
2023-07-18,130.19,132.30,128.91,131.47,,,,,,,0,125.0019,1,46203,,,,,0
2023-07-19,131.40,132.16,130.28,131.51,,,,,,,0,125.2937,1,25194,,,,,0
2023-07-20,131.43,131.98,130.23,131.94,,,,,,,0,125.5738,1,30892,,,,,0
2023-07-21,132.52,132.76,131.29,131.88,,,,,,,0,125.8427,1,23462,,,,,0
2023-07-24,131.39,132.39,130.25,130.34,,,,,,,0,126.2577,1,21176,,,,,0
2023-07-25,130.50,131.52,129.88,130.84,130.06,,,,,138.0852,0,126.6478,1,31924,,,,,0
2023-07-26,130.75,132.78,130.55,132.27,130.66,,,,,138.0852,0,127.0144,1,17748,,,,,0
2023-07-27,132.44,132.44,128.73,130.39,130.90,,,,,138.0852,0,127.4754,1,28451,,,,,0
2023-07-28,132.36,133.26,130.45,132.97,131.44,,,,,138.0852,0,127.8994,1,14886,,,,,0
2023-07-31,133.07,133.39,131.27,132.14,131.58,,,,,138.0852,0,128.4350,1,37943,,,,,0
2023-08-01,131.49,133.88,131.49,133.34,131.76,,,,,138.0852,0,129.0296,1,30727,,,,,0
2023-08-02,132.26,133.22,129.07,129.76,131.59,,,,,138.0852,0,133.8781,0,41668,,,,,0
2023-08-03,129.21,130.64,127.47,129.06,131.30,,,,,137.3098,0,133.8781,0,22777,,,,,0
2023-08-04,129.06,130.29,128.88,129.48,131.06,,,,,137.3098,0,133.6219,0,11418,,,,,0
2023-08-07,129.90,131.69,129.65,130.90,131.11,,,,,137.3098,0,133.3761,0,23180,,,,,0
2023-08-08,129.24,132.02,128.28,131.62,131.19,130.62,,,,137.3098,0,133.1400,0,22448,,,,,0
2023-08-09,131.00,133.22,131.00,133.01,131.27,130.96,,,,137.3098,0,127.4749,1,28865,,,,,0
2023-08-10,133.84,134.75,132.71,132.71,131.50,131.20,,,,137.3098,0,127.5898,1,50644,,,,,0
2023-08-11,129.59,131.76,125.79,126.15,130.82,131.13,,,,137.3098,0,134.7532,0,58398,,,,,0
2023-08-14,125.38,126.73,121.40,122.27,129.83,130.70,,,,133.8097,0,134.7532,0,46720,,,,,0
2023-08-15,121.69,122.70,119.92,119.93,128.49,130.13,,,,130.9191,0,134.2190,0,27665,,,,,0
2023-08-16,119.36,120.32,117.34,117.79,127.29,129.44,,,,128.3722,0,133.3610,0,51866,,,,,0
2023-08-17,118.00,118.35,116.09,116.90,126.08,128.69,,,,126.4899,0,132.0790,0,37858,,,,,0
2023-08-18,116.09,117.14,114.85,116.79,124.81,127.93,,,,125.0254,0,130.4801,0,23582,,,,,0
2023-08-21,117.24,118.28,115.70,117.63,123.48,127.30,,,,125.0254,0,128.6050,0,35495,,,,,0
2023-08-22,117.60,119.29,117.60,118.03,122.12,126.66,,,,125.0254,0,126.9548,0,30343,,,,,0
2023-08-23,118.14,120.81,117.13,120.68,120.89,126.08,,,,125.0254,0,125.5027,0,20825,,,,,0
2023-08-24,120.22,121.34,118.84,118.87,119.50,125.50,,,,125.0254,0,124.2248,0,21628,,,,,0
2023-08-25,118.69,119.36,117.41,119.08,118.80,124.81,,,,125.0254,0,123.1002,0,22488,,,,,0
2023-08-28,119.86,120.77,118.19,119.78,118.55,124.19,,,,125.0254,0,122.1106,0,25682,,-3.6595,-3.8499,0.1904,0
2023-08-29,119.93,122.97,119.16,122.43,118.80,123.64,,,,125.0254,0,114.8536,1,31472,,-3.2583,-3.7316,0.4732,0
2023-08-30,121.96,123.07,121.53,121.75,119.19,123.24,,,,125.0254,0,115.0160,1,27725,,-2.9607,-3.5774,0.6167,0
2023-08-31,121.38,122.11,117.50,119.00,119.40,122.74,,,,125.0254,0,115.3383,1,70248,,-2.9132,-3.4445,0.5314,0
2023-09-01,119.64,121.00,118.86,120.27,119.75,122.28,,,,125.0254,0,115.6478,1,16138,,-2.7414,-3.3039,0.5625,0
2023-09-05,119.84,121.00,116.41,116.45,119.63,121.56,,,,125.0254,0,115.9448,1,21120,,-2.8803,-3.2192,0.3389,0
2023-09-06,116.02,117.13,115.18,115.75,119.41,120.76,,,,124.9054,0,123.0743,0,19313,,-3.0127,-3.1779,0.1652,0
2023-09-07,115.17,115.18,113.62,113.79,118.72,119.80,,,,122.9107,0,122.9164,0,23395,,-3.2385,-3.1900,-0.0485,0
2023-09-08,114.37,115.78,112.94,113.19,118.15,118.83,,,,122.8724,0,122.5444,0,15820,,-3.4262,-3.2372,-0.1889,0
2023-09-11,114.23,115.40,113.14,114.63,117.70,118.25,,,,122.6077,0,121.9684,0,10300,,-3.4187,-3.2735,-0.1452,0
2023-09-12,114.67,116.03,113.63,115.51,117.28,117.91,,,,122.6077,0,121.4269,0,14991,,-3.3041,-3.2796,-0.0244,0
2023-09-13,115.74,116.63,114.83,115.17,116.55,117.67,,,,122.6077,0,120.9179,0,15002,,-3.2035,-3.2644,0.0609,0
2023-09-14,117.07,117.07,114.76,116.00,115.98,117.58,,,,122.6077,0,120.4394,0,19314,,-3.0224,-3.2160,0.1936,0
2023-09-15,115.13,116.03,113.04,114.76,115.55,117.48,,,,122.4921,0,119.9897,0,82202,,-2.9447,-3.1617,0.2170,0
2023-09-18,114.64,115.97,113.97,115.18,115.04,117.40,,,,122.4921,0,119.5669,0,24175,,-2.8167,-3.0927,0.2760,0
2023-09-19,115.26,115.47,114.10,114.55,114.85,117.24,,,,122.1787,0,119.1695,0,15071,,-2.7347,-3.0211,0.2864,0
2023-09-20,115.36,116.44,113.19,113.59,114.64,117.02,123.48,,,122.1787,0,118.7960,0,18401,29855,-2.7158,-2.9601,0.2443,0
2023-09-21,112.43,113.93,111.24,111.40,114.40,116.56,123.19,,,120.2560,0,118.4448,0,24876,29735,-2.8452,-2.9371,0.0919,0
2023-09-22,111.41,113.80,110.61,110.82,114.16,116.16,122.84,,,120.0670,0,117.8687,0,24893,29301,-2.9598,-2.9416,-0.0182,0
2023-09-25,111.23,113.10,109.93,111.20,113.82,115.76,122.52,,,119.5360,0,117.1432,0,28124,29219,-2.9857,-2.9505,-0.0353,0
2023-09-26,111.06,112.24,108.48,108.85,113.15,115.21,122.08,,,118.7051,0,116.2777,0,44775,29190,-3.1592,-2.9922,-0.1670,0
2023-09-27,109.52,109.86,107.91,109.09,112.54,114.55,121.63,,,116.9808,0,115.1854,0,27304,28812,-3.2404,-3.0418,-0.1985,0
2023-09-28,109.22,109.75,108.12,108.50,111.80,113.89,121.17,,,116.7088,0,114.0217,0,33772,28984,-3.3140,-3.0963,-0.2177,0
2023-09-29,109.40,110.27,107.31,107.68,111.09,113.32,120.68,,,116.6726,0,113.0441,0,29344,28953,-3.3997,-3.1570,-0.2427,0
2023-10-02,107.79,108.56,103.47,104.08,109.98,112.51,120.13,,,114.6388,0,112.0113,0,37552,29235,-3.7154,-3.2686,-0.4467,0
2023-10-03,103.65,105.30,102.23,104.93,109.01,111.93,119.62,,,112.4511,0,110.3029,0,40194,29615,-3.8519,-3.3853,-0.4666,0
2023-10-04,104.98,105.42,103.34,104.02,108.06,111.35,119.08,,,112.4511,0,108.6888,0,33785,29652,-3.9881,-3.5059,-0.4823,0
2023-10-05,103.71,105.19,103.71,104.21,107.34,110.87,118.52,,,112.4511,0,107.3975,0,17698,29651,-4.0340,-3.6115,-0.4225,0
2023-10-06,104.19,107.16,103.66,106.78,106.93,110.55,118.05,,,112.4511,0,102.2323,1,45176,29986,-3.8192,-3.6530,-0.1662,0
2023-10-09,105.74,107.46,105.37,106.87,106.50,110.16,117.53,,,112.4511,0,102.3309,1,24564,30179,-3.6000,-3.6424,0.0424,0
2023-10-10,107.74,107.90,106.46,106.70,106.28,109.72,117.02,,,112.4511,0,102.5360,1,23764,29896,-3.4007,-3.5941,0.1934,0
2023-10-11,107.27,109.46,107.27,107.96,106.17,109.36,116.51,,,112.4511,0,102.8575,1,26958,29820,-3.1051,-3.4963,0.3912,0
2023-10-12,107.47,108.96,105.29,105.55,105.88,108.84,116.03,,,112.4511,0,103.3857,1,20622,29399,-3.0308,-3.4032,0.3724,0
2023-10-13,105.83,107.23,104.86,104.90,105.60,108.34,115.54,,,112.4511,0,103.8717,1,27452,29493,-2.9897,-3.3205,0.3308,0
2023-10-16,106.53,107.42,105.16,106.95,105.89,107.93,115.09,,,112.4511,0,104.3188,1,38133,30027,-2.7596,-3.2083,0.4487,0
2023-10-17,105.88,107.23,105.40,106.17,106.01,107.51,114.60,,,112.4511,0,104.7301,1,22018,30004,-2.6104,-3.0887,0.4784,0
2023-10-18,105.72,107.31,104.53,106.01,106.21,107.13,114.09,,,112.4511,0,109.4601,0,31334,30182,-2.4764,-2.9663,0.4898,0
2023-10-19,106.18,107.30,104.98,105.99,106.39,106.86,113.55,,,112.4511,0,109.3615,0,34400,30292,-2.3453,-2.8421,0.4968,0
2023-10-20,105.62,106.36,104.21,104.24,106.13,106.53,112.98,,,112.4511,0,109.2649,0,25187,29783,-2.3547,-2.7446,0.3899,0
2023-10-23,103.91,104.87,103.01,103.78,105.83,106.16,112.53,,,111.3010,0,109.0626,0,22571,29067,-2.3722,-2.6701,0.2979,0
2023-10-24,104.25,106.21,103.28,105.58,105.71,106.00,112.20,,,111.3010,0,108.6998,0,28547,28703,-2.2153,-2.5792,0.3639,0
2023-10-25,105.04,107.95,104.77,107.31,105.65,105.91,111.94,,,111.3010,0,108.3587,0,31474,28779,-1.9295,-2.4492,0.5198,0
2023-10-26,107.21,109.27,105.92,107.72,105.86,105.87,111.74,,,111.3010,0,103.0149,1,26411,28270,-1.6506,-2.2895,0.6389,0
2023-10-27,108.05,108.05,104.66,105.28,105.90,105.75,111.51,,,111.3010,0,103.1399,1,23560,27984,-1.6080,-2.1532,0.5452,0
2023-10-30,106.33,106.39,104.45,105.30,105.74,105.81,111.28,,,111.3010,0,103.2624,1,22477,27962,-1.5543,-2.0334,0.4791,0
2023-10-31,104.98,106.14,104.32,105.14,105.64,105.82,111.03,,,111.3010,0,103.3825,1,36613,27985,-1.5073,-1.9282,0.4209,0
2023-11-01,105.78,106.57,104.75,106.48,105.68,105.95,110.80,,,111.3010,0,103.5002,1,13478,27647,-1.3465,-1.8119,0.4653,0
2023-11-02,107.29,108.31,106.34,108.12,105.90,106.14,110.55,,,111.3010,0,103.6155,1,25739,27746,-1.0743,-1.6644,0.5900,0
2023-11-03,104.49,106.52,100.11,102.29,105.70,105.92,110.22,,,111.3010,0,109.2666,0,108757,29488,-1.3140,-1.5943,0.2803,0
2023-11-06,102.59,103.97,101.58,102.11,105.53,105.68,109.88,,,111.3010,0,109.0835,0,32403,29686,-1.5009,-1.5756,0.0747,0
2023-11-07,101.17,103.07,100.37,101.69,105.14,105.43,109.51,,,110.4496,0,108.9041,0,46431,30101,-1.6644,-1.5934,-0.0711,0
2023-11-08,101.32,101.87,100.67,101.47,104.56,105.10,109.10,,,109.4836,0,108.7282,0,26855,30009,-1.7911,-1.6329,-0.1582,0
2023-11-09,101.63,102.93,100.43,100.43,103.83,104.85,108.67,,,109.4836,0,108.5559,0,27811,30011,-1.9524,-1.6968,-0.2556,0
2023-11-10,100.20,103.26,99.71,103.10,103.61,104.76,108.35,,,109.4836,0,108.3870,0,23857,29083,-1.8438,-1.7262,-0.1176,0
2023-11-13,102.38,103.33,97.96,97.96,102.88,104.31,107.90,,,109.4836,0,108.0399,0,37278,29506,-2.1478,-1.8105,-0.3373,0
2023-11-14,100.02,102.43,98.57,102.26,102.59,104.11,107.62,,,109.4836,0,107.4349,0,37212,29828,-2.0185,-1.8521,-0.1664,0
2023-11-15,101.79,104.08,101.49,104.01,102.34,104.01,107.39,,,109.4836,0,106.8663,0,28739,30016,-1.7546,-1.8326,0.0780,0
2023-11-16,104.01,106.14,103.42,105.07,102.04,103.97,107.21,,,109.4836,0,106.3318,0,52608,30600,-1.4433,-1.7548,0.3115,0
2023-11-17,105.68,108.06,105.42,107.50,102.56,104.13,107.10,,,109.4836,0,97.9579,1,31135,30907,-0.9889,-1.6016,0.6127,0
2023-11-20,107.75,110.92,107.43,110.27,103.37,104.45,107.01,,,99.8016,1,98.1600,1,37638,31453,-0.4009,-1.3615,0.9606,0
2023-11-21,109.90,110.87,108.23,108.76,104.08,104.61,106.88,,,100.3232,1,98.6703,1,45810,32070,-0.0557,-1.1003,1.0446,0
2023-11-22,108.76,109.50,106.95,107.46,104.68,104.62,106.72,,,100.3232,1,99.1601,1,27062,32311,0.1113,-0.8580,0.9693,0
2023-11-24,107.88,109.45,107.67,108.22,105.46,104.65,106.57,,,100.3232,1,99.6303,1,16914,32263,0.3020,-0.6260,0.9280,0
2023-11-27,107.58,107.75,105.40,105.65,105.71,104.66,106.38,,,100.3232,1,100.0817,1,33889,31297,0.2425,-0.4523,0.6948,0
2023-11-28,105.84,107.89,104.98,105.78,106.50,104.69,106.20,,,100.3232,1,100.5151,1,101104,32835,0.2039,-0.3210,0.5250,0
2023-11-29,106.30,107.63,105.65,105.96,106.87,104.73,106.02,,,100.3232,1,100.9311,1,46267,33459,0.1855,-0.2197,0.4052,0
2023-11-30,105.96,106.63,104.26,105.62,107.03,104.69,105.86,,,100.3232,1,101.3305,1,69443,34480,0.1420,-0.1474,0.2894,0
2023-12-01,105.60,109.06,104.70,108.00,107.32,104.68,105.80,,,100.3232,1,101.7139,1,53368,35050,0.2957,-0.0588,0.3544,0
2023-12-04,106.99,108.23,106.44,106.71,107.24,104.90,105.71,,,100.3232,1,102.0820,1,27203,35096,0.3100,0.0150,0.2950,0
2023-12-05,106.81,108.58,106.44,108.21,107.04,105.21,105.65,,,100.3232,1,102.4353,1,25966,35053,0.4378,0.0995,0.3383,0
2023-12-06,108.79,109.73,105.11,105.11,106.67,105.38,105.58,,,100.3232,1,102.7746,1,45533,35068,0.2853,0.1367,0.1486,0
2023-12-07,105.34,106.20,104.04,105.12,106.44,105.56,105.50,,,100.3232,1,103.1002,1,49760,35517,0.1632,0.1420,0.0212,0
2023-12-08,105.22,105.22,103.27,104.90,106.11,105.78,105.43,,,100.3232,1,110.9158,0,22004,35282,0.0482,0.1232,-0.0750,0
2023-12-11,104.18,106.11,104.18,104.78,106.02,105.87,105.37,,,100.3232,1,110.7628,0,22029,35136,-0.0518,0.0882,-0.1400,0
2023-12-12,104.55,105.70,104.17,105.43,105.98,106.24,105.40,,,100.3232,1,110.6129,0,19747,34780,-0.0779,0.0550,-0.1329,0
2023-12-13,105.88,109.94,104.77,109.63,106.35,106.61,105.49,,,100.3232,1,110.4660,0,31673,34609,0.2375,0.0915,0.1460,0
2023-12-14,111.23,118.18,111.23,118.08,107.60,107.31,105.77,,,104.4999,1,103.2673,1,85082,35635,1.1558,0.3044,0.8514,0
2023-12-15,120.43,126.71,119.67,126.52,109.45,108.39,106.22,,,111.4160,1,103.5655,1,166479,38611,2.5353,0.7506,1.7848,0
2023-12-18,125.83,127.51,123.17,127.48,111.53,109.38,106.63,,,113.4405,1,104.4912,1,120829,40124,3.6645,1.3334,2.3311,0
2023-12-19,127.95,129.83,126.25,129.55,113.66,110.35,107.09,,,116.2558,1,105.8723,1,103268,41698,4.6725,2.0012,2.6713,0
2023-12-20,129.70,130.53,127.27,127.36,115.88,111.28,107.50,,,117.3196,1,107.7890,1,94222,43107,5.2338,2.6477,2.5861,0
2023-12-21,128.05,128.91,125.41,128.40,118.21,112.33,107.91,,,117.3196,1,110.0630,1,47962,43527,5.6971,3.2576,2.4395,0
2023-12-22,128.40,129.31,127.26,127.51,120.47,113.29,108.35,,,117.3429,1,112.1096,1,23519,43585,5.9241,3.7909,2.1332,0
2023-12-26,127.69,128.91,127.42,128.22,122.82,114.42,108.81,,,117.8765,1,113.9516,1,13730,43311,6.0914,4.2510,1.8404,0
2023-12-27,128.31,128.69,127.58,128.00,125.07,115.53,109.23,,,118.5364,1,115.6093,1,14877,42845,6.1350,4.6278,1.5072,0
2023-12-28,128.34,128.98,126.24,126.98,126.81,116.58,109.65,,,118.5364,1,117.1013,1,13838,42682,6.0180,4.9058,1.1122,0
2023-12-29,126.57,127.16,124.40,126.15,127.62,117.61,110.05,,,118.5364,1,118.4441,1,30931,42674,5.7920,5.0831,0.7089,0
2024-01-02,124.49,125.52,123.56,125.05,127.47,118.46,110.43,,,118.5364,1,119.6526,1,23155,42449,5.4610,5.1587,0.3023,0
2024-01-03,123.92,124.88,122.53,122.64,126.99,119.26,110.80,,,118.5364,1,120.7403,1,23451,42414,4.9468,5.1163,-0.1695,0
2024-01-04,122.07,123.65,121.57,122.70,126.30,119.98,111.18,,,118.5364,1,130.5292,0,22224,42407,4.4929,4.9916,-0.4987,0
2024-01-05,122.43,124.44,121.35,122.70,125.84,120.86,111.52,,,118.5364,1,130.3500,0,18243,42201,4.0861,4.8105,-0.7244,0
2024-01-08,122.80,124.71,121.38,124.71,125.47,121.84,111.87,,,118.5364,1,129.9900,0,25611,42084,3.8806,4.6245,-0.7440,0
2024-01-09,124.03,125.56,123.07,124.14,125.13,122.80,112.20,,,118.5364,1,129.6444,0,24801,42052,3.6303,4.4257,-0.7953,0
2024-01-10,123.35,125.69,122.27,124.20,124.73,123.77,112.58,,,118.5364,1,129.3126,0,30068,42182,3.3976,4.2201,-0.8225,0
2024-01-11,123.71,124.65,122.01,124.40,124.37,124.72,112.96,,,118.5364,1,128.9940,0,18717,42107,3.1920,4.0144,-0.8225,0
2024-01-12,125.01,126.04,124.07,124.72,124.14,125.48,113.35,,,118.5364,1,128.6882,0,15726,41689,3.0200,3.8156,-0.7955,0
2024-01-16,123.24,127.55,122.42,126.66,124.19,125.90,113.76,,,118.5364,1,128.3947,0,49088,42401,3.0059,3.6536,-0.6477,0
2024-01-17,124.56,126.57,123.87,124.27,124.11,125.79,114.08,,,118.5364,1,128.1129,0,34633,42579,2.7700,3.4769,-0.7069,0
2024-01-18,125.19,126.41,124.62,125.20,124.37,125.68,114.54,,,118.5364,1,127.8423,0,28287,40970,2.6281,3.3072,-0.6790,0
2024-01-19,125.09,125.62,122.89,125.32,124.63,125.47,115.00,,,118.5364,1,127.5826,0,21805,40758,2.4964,3.1450,-0.6486,0
2024-01-22,125.76,127.20,124.73,126.71,125.03,125.43,115.50,,,118.5364,1,127.3333,0,30013,40429,2.4755,3.0111,-0.5356,0
2024-01-23,126.45,127.28,124.33,126.48,125.21,125.34,116.00,,,118.5364,1,121.3494,1,29568,40484,2.4128,2.8914,-0.4787,0
2024-01-24,127.35,127.35,123.79,125.13,125.31,125.22,116.50,,,118.5364,1,121.4680,1,50695,40941,2.2281,2.7588,-0.5307,0
2024-01-25,125.83,126.58,124.13,125.31,125.42,125.07,116.94,,,118.5364,1,121.7032,1,36011,41184,2.0727,2.6216,-0.5488,0
2024-01-26,124.82,128.09,124.31,126.78,125.66,125.01,117.52,,,118.5364,1,121.9290,1,16620,40771,2.0449,2.5062,-0.4613,0
2024-01-29,126.43,127.71,125.35,126.68,125.86,125.00,118.00,,,118.5364,1,122.2986,1,16637,40360,1.9917,2.4033,-0.4116,0
2024-01-30,126.34,127.72,125.50,126.08,125.80,124.99,118.45,,,118.5364,1,122.6461,1,21952,40224,1.8790,2.2985,-0.4194,0
2024-01-31,125.21,126.70,124.40,124.89,125.86,124.99,118.84,,,118.5364,1,122.9727,1,22383,39619,1.6747,2.1737,-0.4990,0
2024-02-01,124.77,126.57,123.69,126.56,125.99,125.18,119.22,,,118.5364,1,123.2796,1,28638,39569,1.6284,2.0646,-0.4363,0
2024-02-02,125.93,126.83,125.12,126.05,126.07,125.35,119.54,,,118.5364,1,123.5682,1,55460,39926,1.5333,1.9584,-0.4251,0
2024-02-05,124.96,127.37,123.93,126.42,126.04,125.54,119.89,,,118.5364,1,123.6885,1,26745,39545,1.4709,1.8609,-0.3900,0
2024-02-06,127.21,130.32,126.36,129.12,126.30,125.76,120.33,,,119.6589,1,123.9325,1,32639,39656,1.6200,1.8127,-0.1927,0
2024-02-07,128.51,129.88,127.23,129.81,126.77,126.04,120.76,,,119.9466,1,123.9325,1,31566,39949,1.7740,1.8050,-0.0309,0
2024-02-08,128.74,130.24,127.21,127.98,127.04,126.23,121.20,,,120.0713,1,124.4434,1,34937,39970,1.7282,1.7896,-0.0614,0
2024-02-09,127.90,130.17,125.61,129.81,127.34,126.50,121.69,,,120.0713,1,124.9134,1,65569,39259,1.8189,1.7955,0.0235,0
2024-02-12,130.42,133.41,129.02,133.41,128.01,126.93,122.23,,,121.6561,1,125.3459,1,48437,39303,2.1559,1.8675,0.2883,0
2024-02-13,131.95,133.61,129.49,132.94,128.70,127.25,122.78,117.38,,121.7075,1,125.6069,1,32358,38561,2.3584,1.9657,0.3927,0
2024-02-14,134.63,137.08,133.74,136.71,129.88,127.87,123.35,117.45,,125.3099,1,126.5672,1,56429,38622,2.7909,2.1308,0.6601,0
2024-02-15,136.37,142.47,136.37,142.21,131.45,128.72,124.06,117.54,,128.5030,1,128.0383,1,62551,39329,3.5362,2.4118,1.1244,0
2024-02-16,142.62,145.89,141.47,143.22,133.16,129.62,124.76,117.64,,132.5286,1,130.3472,1,66893,40148,4.1604,2.7616,1.3989,0
2024-02-20,143.22,144.87,140.42,140.58,134.58,130.31,125.47,117.71,,132.5286,1,133.1456,1,61649,40470,4.3913,3.0875,1.3038,0
2024-02-21,139.66,141.71,139.25,141.60,135.83,131.07,126.20,117.78,,132.5286,1,135.4402,1,53634,40548,4.6041,3.3908,1.2132,0
2024-02-22,142.21,142.83,141.25,142.29,137.08,131.92,126.95,117.85,,132.5286,1,137.3218,1,41787,40943,4.7733,3.6673,1.1060,0
2024-02-23,142.20,143.88,141.20,143.49,138.63,132.83,127.73,117.93,,132.5286,1,138.8647,1,22663,40956,4.9468,3.9232,1.0236,0
2024-02-26,142.77,144.23,141.67,143.48,139.99,133.67,128.49,118.00,,133.0716,1,140.1299,1,20343,40968,5.0257,4.1437,0.8820,0
2024-02-27,143.97,145.39,142.64,143.78,141.03,134.52,129.17,118.09,,134.2983,1,141.1673,1,35680,41048,5.0544,4.3259,0.7286,0
2024-02-28,143.04,143.55,141.22,141.64,141.90,135.30,129.64,118.17,,134.2983,1,145.8935,0,30688,39960,4.8488,4.4305,0.4184,0
2024-02-29,143.09,144.03,141.87,143.78,142.61,136.24,129.99,118.24,,134.2983,1,145.8000,0,59757,37826,4.8030,4.5050,0.2980,0
2024-03-01,144.79,145.69,143.47,144.65,142.85,137.15,130.33,118.34,,135.5660,1,145.7083,0,37494,36159,4.7815,4.5603,0.2212,0
2024-03-04,144.47,146.71,143.32,143.81,142.91,138.04,130.61,118.41,,135.8835,1,141.2153,1,18886,34471,4.6430,4.5768,0.0662,0
2024-03-05,143.53,146.58,142.37,146.39,143.49,139.04,131.00,118.50,,135.8835,1,141.3251,1,33161,33250,4.6876,4.5990,0.0887,0
2024-03-06,147.15,147.27,145.40,146.31,143.96,139.89,131.35,118.59,,137.2406,1,141.4328,1,53538,33362,4.6625,4.6117,0.0508,0
2024-03-07,146.83,148.10,146.31,147.44,144.48,140.78,131.75,118.71,,138.4832,1,141.6665,1,56915,34030,4.6803,4.6254,0.0549,0
2024-03-08,147.53,148.21,145.49,147.95,144.92,141.77,132.15,118.83,,138.4832,1,142.0524,1,27746,34310,4.6811,4.6365,0.0446,0
2024-03-11,147.73,148.35,145.36,145.67,145.14,142.57,132.50,118.94,,138.4832,1,142.5448,1,29742,34607,4.4466,4.5986,-0.1520,0
2024-03-12,145.60,147.48,144.47,145.31,145.29,143.16,132.87,119.04,,138.4832,1,143.1253,1,28927,34909,4.1839,4.5156,-0.3317,0
2024-03-13,145.68,146.44,144.53,145.82,145.71,143.81,133.26,119.13,,138.4832,1,143.6478,1,44642,35183,3.9708,4.4067,-0.4359,0
2024-03-14,144.51,145.63,143.98,144.75,145.81,144.21,133.65,119.21,,138.4832,1,148.3505,0,48633,35693,3.6732,4.2600,-0.5867,0
2024-03-15,145.24,146.44,144.24,145.23,145.87,144.36,134.11,119.30,,138.4832,1,148.2631,0,94188,37107,3.4365,4.0953,-0.6587,0
2024-03-18,145.43,145.57,144.06,145.57,146.04,144.48,134.56,119.42,,138.4832,1,148.1775,0,34394,37351,3.2395,3.9241,-0.6847,0
2024-03-19,144.74,145.89,142.62,142.91,145.70,144.59,134.97,119.56,,138.4832,1,148.0937,0,26208,37510,2.8360,3.7065,-0.8705,0
2024-03-20,142.24,149.55,142.24,149.34,146.00,144.98,135.46,119.76,,138.4832,1,142.6204,1,36101,37720,3.0004,3.5653,-0.5649,0
2024-03-21,149.71,151.06,148.13,149.49,146.20,145.34,135.97,119.97,,140.3810,1,142.2418,1,31998,37864,3.1071,3.4737,-0.3665,0
2024-03-22,149.26,149.26,145.67,146.17,146.03,145.47,136.41,120.16,,140.3810,1,142.2418,1,31617,37895,2.8902,3.3570,-0.4668,0
2024-03-25,145.50,146.64,143.39,143.45,145.81,145.47,136.79,120.34,,140.3810,1,142.5945,1,32410,38169,2.4705,3.1797,-0.7092,0
2024-03-26,144.10,145.15,142.18,142.62,145.54,145.42,137.15,120.51,,140.3810,1,151.0598,0,38477,38624,2.0470,2.9531,-0.9061,0
2024-03-27,143.68,143.88,140.41,141.40,145.10,145.40,137.44,120.66,,140.3810,1,150.8823,0,63489,38912,1.5946,2.6814,-1.0868,0
2024-03-28,142.20,143.94,141.38,142.56,144.88,145.34,137.81,120.81,,140.3810,1,150.4633,0,59317,39406,1.3146,2.4081,-1.0934,0
2024-04-01,142.41,142.41,139.99,141.59,144.51,145.19,138.13,120.96,,140.3810,1,150.0611,0,47587,39792,1.0024,2.1269,-1.1245,0
2024-04-02,140.58,143.96,139.23,143.04,144.26,145.15,138.49,121.12,,140.3810,1,149.4566,0,64175,40639,0.8625,1.8741,-1.0115,0
2024-04-03,142.46,144.81,141.92,143.04,144.27,144.98,138.82,121.28,,140.3810,1,148.6384,0,46563,40970,0.7431,1.6479,-0.9048,0
2024-04-04,143.78,147.01,141.85,143.56,143.69,144.85,139.16,121.42,,140.3810,1,147.8857,0,70927,41797,0.6826,1.4548,-0.7722,0
2024-04-05,143.62,145.51,143.13,145.50,143.29,144.75,139.56,121.58,,140.3810,1,147.1932,0,33564,41454,0.7819,1.3202,-0.5384,0
2024-04-08,146.01,146.71,145.18,146.47,143.32,144.68,139.99,121.76,,140.3810,1,147.0126,0,34866,41432,0.9279,1.2418,-0.3138,0
2024-04-09,147.32,147.47,143.50,144.03,143.38,144.59,140.33,121.92,,140.3810,1,139.2295,1,34852,41796,0.8378,1.1610,-0.3232,0
2024-04-10,141.16,144.15,140.84,141.61,143.28,144.41,140.63,122.09,,140.3810,1,139.3942,1,50742,42478,0.5643,1.0416,-0.4773,0
2024-04-11,142.38,143.18,140.74,142.85,143.42,144.26,140.97,122.27,,140.3810,1,139.5557,1,50642,43052,0.4423,0.9218,-0.4795,0
2024-04-12,141.53,141.93,138.51,138.93,143.06,143.97,141.25,122.43,,149.9780,0,147.4670,0,76974,44144,0.0288,0.7432,-0.7143,0
2024-04-15,140.21,140.59,134.53,134.90,142.39,143.45,141.41,122.58,,148.1648,0,147.2878,0,46496,44501,-0.6162,0.4713,-1.0875,0
2024-04-16,134.50,135.16,133.24,134.32,141.52,142.89,141.58,122.71,,144.3145,0,146.7776,0,24537,43883,-1.1609,0.1448,-1.3058,0
2024-04-17,135.06,136.63,134.12,135.46,140.76,142.52,141.76,122.84,,144.3145,0,145.9653,0,39410,44136,-1.4839,-0.1809,-1.3030,0
2024-04-18,135.90,136.60,134.55,136.21,140.03,141.86,141.90,122.98,,144.3145,0,145.2017,0,31275,44109,-1.6602,-0.4768,-1.1834,0
2024-04-19,136.94,138.93,136.94,138.85,139.36,141.33,142.08,123.14,,144.3145,0,144.4839,0,31387,44105,-1.5687,-0.6951,-0.8735,0
2024-04-22,139.45,141.11,138.13,140.72,138.79,141.06,142.34,123.31,,144.3145,0,143.8092,0,22544,43857,-1.3301,-0.8221,-0.5080,0
2024-04-23,141.16,143.46,141.04,142.07,138.59,140.99,142.58,123.49,,144.3145,0,133.2386,1,33616,43218,-1.0206,-0.8618,-0.1588,0
2024-04-24,141.32,142.80,140.21,141.54,138.58,140.93,142.75,123.67,,144.3145,0,133.4431,1,66094,43571,-0.8081,-0.8511,0.0430,0
2024-04-25,140.53,142.07,140.26,141.15,138.42,140.92,142.91,123.85,123.76,144.3145,0,133.6434,1,30749,43539,-0.6640,-0.8137,0.1497,0
2024-04-26,143.85,143.85,139.71,140.57,138.58,140.82,142.99,124.05,123.83,144.3145,0,133.8398,1,65187,43714,-0.5898,-0.7689,0.1791,0
2024-04-29,140.60,142.03,139.33,141.35,139.22,140.81,142.97,124.25,123.90,144.3145,0,134.2402,1,29533,43054,-0.4625,-0.7076,0.2451,0
2024-04-30,140.95,141.32,139.19,139.35,139.73,140.62,142.89,124.44,123.96,144.3145,0,134.6245,1,48226,42681,-0.5173,-0.6696,0.1523,0
2024-05-01,140.08,140.52,137.82,138.66,140.05,140.40,142.85,124.64,124.00,144.3145,0,134.9935,1,11815,41684,-0.6094,-0.6575,0.0482,0
2024-05-02,139.89,141.18,138.60,138.60,140.28,140.16,142.79,124.83,124.03,144.3145,0,135.3477,1,32862,41268,-0.6792,-0.6619,-0.0174,0
2024-05-03,139.57,142.93,139.39,141.90,140.59,139.98,142.79,125.06,124.08,144.3145,0,135.6878,1,35903,41151,-0.4631,-0.6221,0.1590,0
2024-05-06,142.99,143.65,141.60,142.82,140.80,139.79,142.77,125.29,124.14,144.3145,0,136.0142,1,20420,41106,-0.2147,-0.5406,0.3259,0
2024-05-07,142.98,143.89,141.78,142.86,140.88,139.74,142.76,125.55,124.19,144.3145,0,136.3276,1,62004,41939,-0.0149,-0.4355,0.4206,0
2024-05-08,142.38,148.23,141.83,148.22,141.55,140.07,142.85,125.84,124.28,135.4720,1,136.7814,1,33329,41892,0.5700,-0.2344,0.8044,0
2024-05-09,146.86,148.31,144.65,148.09,142.24,140.33,142.98,126.13,124.37,136.7771,1,137.6975,1,61565,42510,1.0110,0.0147,0.9963,0
2024-05-10,151.63,151.63,144.72,147.18,142.90,140.74,143.05,126.42,124.44,137.3745,1,138.7586,1,124578,43806,1.2726,0.2663,1.0063,0
2024-05-13,146.91,147.85,142.90,143.34,143.10,141.16,143.02,126.66,124.51,137.3745,1,140.3034,1,57207,44200,1.1569,0.4444,0.7125,0
2024-05-14,143.46,144.41,142.50,143.22,143.49,141.61,143.01,126.90,124.56,137.3745,1,141.6628,1,27659,44376,1.0430,0.5641,0.4789,0
2024-05-15,144.62,146.62,143.55,146.04,144.23,142.14,143.00,127.17,124.63,137.3745,1,142.5026,1,32178,44356,1.1667,0.6846,0.4821,0
2024-05-16,146.39,146.63,144.72,145.25,144.89,142.59,142.98,127.41,124.69,137.3745,1,142.5026,1,27621,43838,1.1880,0.7853,0.4027,0
2024-05-17,145.37,146.60,144.72,145.84,145.29,142.94,142.95,127.68,124.77,137.3745,1,143.5460,1,35145,43402,1.2378,0.8758,0.3620,0
2024-05-20,145.35,146.30,144.65,145.95,145.60,143.20,142.91,127.96,124.85,137.3745,1,144.5163,1,21483,43277,1.2712,0.9549,0.3163,0
2024-05-21,145.30,147.46,144.45,147.32,146.05,143.46,142.94,128.23,124.94,137.3745,1,151.6320,0,37044,43423,1.3928,1.0425,0.3503,0
2024-05-22,146.01,147.05,144.68,145.21,145.74,143.65,142.94,128.49,125.01,137.3745,1,151.4884,0,54327,43931,1.3034,1.0946,0.2088,0
2024-05-23,145.23,148.11,144.33,145.07,145.44,143.84,142.92,128.75,125.08,137.3745,1,151.3477,0,49167,44022,1.2072,1.1171,0.0900,0
2024-05-24,145.48,147.39,144.82,146.84,145.41,144.16,142.97,129.02,125.15,137.3745,1,151.0669,0,17768,43404,1.2599,1.1457,0.1142,0
2024-05-28,147.00,148.72,146.12,147.85,145.86,144.48,143.02,129.31,125.23,138.4278,1,150.7973,0,25405,42029,1.3670,1.1899,0.1770,0
2024-05-29,145.87,147.80,142.55,146.14,146.15,144.82,143.03,129.59,125.33,138.4278,1,150.5385,0,40822,42157,1.2991,1.2118,0.0873,0
2024-05-30,146.73,146.73,143.80,145.36,146.08,145.15,143.08,129.86,125.44,138.4278,1,150.0591,0,41094,42455,1.1687,1.2032,-0.0345,0
2024-05-31,145.10,147.18,144.97,147.01,146.26,145.58,143.03,130.12,125.58,138.4278,1,149.6085,0,71104,43155,1.1852,1.1996,-0.0144,0
2024-06-03,148.10,148.22,144.83,146.84,146.36,145.82,142.98,130.38,125.72,138.4278,1,149.1849,0,32828,43172,1.1711,1.1939,-0.0228,0
2024-06-04,145.18,146.14,143.00,143.28,146.09,145.85,142.92,130.64,125.85,138.4278,1,148.7868,0,21252,42964,0.8622,1.1275,-0.2653,0
2024-06-05,143.62,146.04,143.62,144.56,145.82,145.93,142.94,130.90,125.99,138.4278,1,148.4125,0,40087,43118,0.7126,1.0445,-0.3320,0
2024-06-06,144.87,145.94,144.08,145.01,145.80,145.77,142.99,131.16,126.13,138.4278,1,148.0607,0,26205,42872,0.6234,0.9603,-0.3369,0
2024-06-07,143.00,144.76,141.18,142.50,145.54,145.49,143.01,131.40,126.25,138.4278,1,147.7300,0,33604,42275,0.3464,0.8375,-0.4912,0
2024-06-10,141.74,143.04,141.15,142.51,145.11,145.26,143.01,131.63,126.36,138.4278,1,147.2059,0,46187,42012,0.1261,0.6952,-0.5692,0
2024-06-11,141.48,143.32,139.85,140.16,144.34,145.10,142.98,131.88,126.47,138.4278,1,146.6006,0,34879,41758,-0.2359,0.5090,-0.7449,0
2024-06-12,142.64,144.24,140.96,143.93,144.12,145.13,143.00,132.16,126.59,138.4278,1,145.7900,0,40187,41278,-0.2161,0.3640,-0.5801,0
2024-06-13,143.83,143.98,140.86,141.32,143.71,144.90,142.97,132.43,126.70,138.4278,1,145.0767,0,44879,41245,-0.4059,0.2100,-0.6159,0
2024-06-14,139.34,140.54,136.47,138.70,142.88,144.57,142.87,132.68,126.78,138.4278,1,144.4489,0,62575,41078,-0.7593,0.0161,-0.7754,0
2024-06-17,138.89,139.56,136.40,139.37,142.13,144.25,142.75,132.94,126.87,138.4278,1,143.9806,0,31328,41033,-0.9743,-0.1820,-0.7924,0
2024-06-18,140.49,142.75,139.37,139.53,141.76,143.93,142.61,133.18,126.97,138.4278,1,142.7670,0,24290,40821,-1.1182,-0.3692,-0.7490,0
2024-06-20,140.73,141.92,139.54,141.38,141.44,143.63,142.55,133.47,127.08,138.4278,1,142.7534,0,43449,40993,-1.0713,-0.5096,-0.5617,0.00
2024-06-21,139.95,141.18,138.51,140.88,141.03,143.41,142.54,133.73,127.20,138.4278,1,142.7534,0,73665,41452,-1.0621,-0.6201,-0.4420,0.00
2024-06-24,141.70,144.21,141.39,144.05,141.18,143.36,142.56,133.99,127.34,138.4278,1,136.3952,1,41729,41273,-0.7896,-0.6540,-0.1355,0.00
2024-06-25,144.15,145.10,142.14,144.95,141.43,143.27,142.68,134.26,127.50,138.4278,1,136.5516,1,48330,40701,-0.4954,-0.6223,0.1269,0.00
2024-06-26,144.67,146.11,142.31,145.46,141.96,143.15,142.90,134.51,127.66,138.4278,1,136.8935,1,55941,40889,-0.2188,-0.5416,0.3228,71.43
2024-06-27,145.65,145.65,139.84,141.46,141.71,142.91,143.04,134.72,127.79,138.4278,1,137.4463,1,68325,41765,-0.3181,-0.4969,0.1788,65.32
2024-06-28,142.60,143.96,139.99,143.46,141.92,142.82,143.20,134.95,127.93,138.4278,1,137.9659,1,35573,41688,-0.2327,-0.4441,0.2113,64.75
2024-07-01,144.26,144.26,139.19,140.58,142.11,142.50,143.29,135.17,128.06,138.4278,1,138.4543,1,63410,42331,-0.3930,-0.4338,0.0409,62.19
2024-07-02,140.48,142.53,139.17,142.20,142.40,142.26,143.35,135.40,128.19,138.4278,1,138.9134,1,30991,42323,-0.3850,-0.4241,0.0391,62.77
2024-07-03,142.81,145.81,142.43,144.09,142.85,142.31,143.42,135.65,128.34,138.4278,1,139.1697,1,25212,42377,-0.2239,-0.3840,0.1601,64.66
2024-07-05,144.57,145.46,143.17,145.14,143.23,142.33,143.48,135.92,128.49,138.4278,1,139.1697,1,28741,42279,-0.0115,-0.3095,0.2981,66.12
2024-07-08,145.06,146.25,142.45,144.06,143.55,142.29,143.53,136.17,128.63,138.4278,1,139.5859,1,29354,41544,0.0693,-0.2338,0.3030,64.59
2024-07-09,143.87,150.13,143.87,149.98,144.14,142.66,143.71,136.47,128.82,138.4278,1,140.1189,1,51526,41960,0.6042,-0.0662,0.6704,73.26
2024-07-10,149.74,151.66,149.30,150.61,144.70,143.07,143.91,136.75,129.01,139.4683,1,141.1195,1,47014,41596,1.0661,0.1603,0.9058,69.54
2024-07-11,151.22,151.35,148.36,150.23,145.18,143.57,144.09,137.04,129.21,139.4683,1,142.3849,1,42353,41853,1.3860,0.4054,0.9806,65.09
2024-07-12,150.96,152.11,150.31,152.11,146.25,143.98,144.34,137.33,129.41,140.9179,1,143.4983,1,35082,41590,1.7705,0.6784,1.0921,67.89
2024-07-15,152.45,153.26,149.40,150.11,146.91,144.42,144.57,137.63,129.62,140.9179,1,144.7038,1,24881,41851,1.8920,0.9212,0.9709,62.02
2024-07-16,149.81,152.26,149.81,152.13,148.07,145.09,144.84,137.95,129.83,140.9219,1,146.0735,1,34761,41889,2.1267,1.1623,0.9644,58.46
2024-07-17,151.56,152.91,150.58,152.40,149.08,145.74,145.05,138.26,130.05,141.9414,1,147.2240,1,28980,41751,2.3083,1.3915,0.9168,58.12
2024-07-18,152.82,154.02,151.59,152.66,149.94,146.40,145.25,138.58,130.28,143.2561,1,148.1905,1,45166,42246,2.4448,1.6021,0.8427,61.45
2024-07-19,152.85,154.26,152.01,153.13,150.74,146.98,145.45,138.90,130.52,143.8652,1,149.2399,1,42826,41862,2.5615,1.7940,0.7675,63.83
2024-07-22,151.65,154.87,150.33,154.53,151.79,147.67,145.58,139.20,130.77,143.8652,1,150.2440,1,33034,41856,2.7351,1.9822,0.7529,63.21
2024-07-23,154.73,154.73,152.57,152.98,152.09,148.11,145.68,139.43,131.02,144.2696,1,150.3300,1,26974,41164,2.7166,2.1291,0.5875,60.18
2024-07-24,151.91,153.35,150.83,152.95,152.32,148.51,145.79,139.61,131.26,144.2696,1,150.3300,1,36980,39412,2.6689,2.2371,0.4319,62.63
2024-07-25,152.46,152.46,150.46,150.46,152.35,148.76,145.94,139.76,131.48,144.2696,1,154.8652,0,37393,39016,2.4026,2.2702,0.1324,58.30
2024-07-26,151.49,152.06,149.33,151.27,152.26,149.25,146.10,139.91,131.70,144.2696,1,154.7772,0,33478,39133,2.2310,2.2623,-0.0313,60.10
2024-07-29,151.86,152.95,150.45,152.33,152.48,149.70,146.22,140.07,131.93,144.2696,1,154.5594,0,15520,38799,2.1557,2.2410,-0.0853,64.78
2024-07-30,152.32,153.67,152.01,153.18,152.59,150.33,146.38,140.24,132.16,144.4237,1,154.3504,0,24408,38735,2.1394,2.2207,-0.0813,66.57
2024-07-31,155.11,155.11,151.60,151.74,152.52,150.80,146.50,140.40,132.39,144.7257,1,149.3340,1,59161,39215,1.9881,2.1742,-0.1861,64.20
2024-08-01,152.66,153.07,146.51,147.62,152.02,150.98,146.53,140.53,132.60,144.7257,1,155.1053,0,59577,39977,1.5177,2.0429,-0.5251,61.48
2024-08-02,146.54,146.54,141.13,144.30,151.14,150.94,146.47,140.64,132.79,154.5418,0,155.1053,0,46750,40171,0.8673,1.8078,-0.9404,61.74
2024-08-05,140.50,142.94,136.30,142.38,149.92,150.86,146.42,140.74,132.97,151.6569,0,154.5461,0,47168,40028,0.1946,1.4852,-1.2905,67.95
2024-08-06,143.46,147.22,142.66,145.40,149.16,150.63,146.42,140.87,133.16,151.6569,0,153.4512,0,34746,39740,-0.0934,1.1694,-1.2629,65.77
2024-08-07,146.98,147.40,143.46,144.48,148.32,150.32,146.38,141.00,133.36,151.6569,0,152.4220,0,30171,39988,-0.3918,0.8572,-1.2490,64.66
2024-08-08,144.81,150.66,144.51,150.07,148.28,150.31,146.42,141.18,133.59,151.6569,0,151.4545,0,40637,40293,-0.1750,0.6508,-0.8257,67.49
2024-08-09,144.69,150.41,142.59,147.31,147.88,150.07,146.44,141.35,133.80,151.6569,0,150.6590,0,39259,40261,-0.2237,0.4759,-0.6995,64.00
2024-08-12,147.72,148.23,145.97,146.21,147.27,149.88,146.46,141.50,134.01,151.6569,0,150.6590,0,36074,40161,-0.3465,0.3114,-0.6579,62.82
2024-08-13,147.18,148.45,146.16,148.29,146.78,149.69,146.49,141.66,134.21,151.6569,0,150.4100,0,27549,39290,-0.2728,0.1945,-0.4674,63.05
2024-08-14,148.70,148.70,147.48,147.61,146.37,149.45,146.50,141.82,134.41,151.6569,0,149.5632,0,16981,38973,-0.2666,0.1023,-0.3689,62.32
2024-08-15,149.56,151.38,148.95,149.26,146.53,149.28,146.62,141.98,134.63,151.6569,0,136.2974,1,16433,38877,-0.1268,0.0565,-0.1833,61.21
2024-08-16,149.68,150.15,146.89,148.50,146.95,149.04,146.70,142.14,134.85,151.6569,0,136.5990,1,27637,38627,-0.0768,0.0298,-0.1066,60.75
2024-08-19,149.37,150.53,148.97,150.37,147.75,148.84,146.81,142.31,135.07,151.6569,0,136.8946,1,30115,38706,0.1123,0.0463,0.0659,60.33
2024-08-20,149.91,151.14,148.50,151.13,148.32,148.74,146.98,142.48,135.30,151.6569,0,137.1843,1,21142,38456,0.3201,0.1011,0.2190,64.73
2024-08-21,151.36,151.36,149.38,149.53,148.83,148.57,147.12,142.65,135.50,151.6569,0,137.4682,1,24600,38025,0.3516,0.1512,0.2004,60.13
2024-08-22,149.71,149.81,147.16,147.83,148.60,148.44,147.27,142.80,135.73,151.6569,0,137.7464,1,27263,37872,0.2367,0.1683,0.0685,59.14
2024-08-23,149.09,152.06,149.09,150.86,148.96,148.42,147.41,142.97,135.98,151.6569,0,138.0191,1,35372,37776,0.3860,0.2118,0.1742,59.41
2024-08-26,151.26,151.84,149.84,150.53,149.39,148.33,147.60,143.13,136.22,151.6569,0,138.5809,1,27711,37433,0.4723,0.2639,0.2083,56.80
2024-08-27,150.26,151.12,149.22,150.17,149.58,148.18,147.83,143.28,136.46,151.6569,0,139.1202,1,12125,36424,0.5054,0.3122,0.1932,58.60
2024-08-28,151.21,153.32,150.16,153.17,150.14,148.25,148.10,143.47,136.73,142.3441,1,139.6380,1,30504,36407,0.7646,0.4027,0.3620,63.75
2024-08-29,153.40,155.10,152.75,154.53,150.66,148.60,148.40,143.67,136.98,144.7625,1,140.4588,1,19514,36312,1.0676,0.5357,0.5319,65.03
2024-08-30,155.40,158.70,155.40,158.60,151.67,149.31,148.75,143.88,137.29,147.5531,1,141.6298,1,67541,36794,1.6177,0.7521,0.8656,69.54
2024-09-03,157.53,157.53,151.96,153.12,151.95,149.85,148.99,144.05,137.54,147.5531,1,143.3366,1,33698,35994,1.5932,0.9203,0.6729,67.06
2024-09-04,153.12,153.39,150.25,152.14,152.05,150.19,149.15,144.23,137.78,147.5531,1,144.8727,1,45901,36078,1.4772,1.0317,0.4455,64.93
2024-09-05,152.66,154.60,151.81,153.15,152.41,150.62,149.32,144.42,138.02,147.5531,1,146.2552,1,35322,35818,1.4503,1.1154,0.3349,64.75
2024-09-06,152.41,153.26,150.84,152.06,152.83,150.72,149.45,144.59,138.25,147.5531,1,147.4995,1,63625,35971,1.3255,1.1574,0.1680,62.57
2024-09-09,153.60,155.35,153.29,154.30,153.18,151.07,149.71,144.77,138.47,147.5531,1,148.6194,1,24744,35100,1.3920,1.2043,0.1877,65.28
2024-09-10,154.76,156.62,150.29,152.94,153.42,151.40,149.89,144.95,138.69,147.5531,1,149.6272,1,44631,35281,1.3198,1.2274,0.0923,61.30
2024-09-11,152.96,154.95,150.94,154.04,153.80,151.69,150.16,145.12,138.92,147.5531,1,150.2855,1,38905,34791,1.3354,1.2490,0.0864,65.28
2024-09-12,154.02,157.47,153.65,155.39,154.03,152.08,150.43,145.29,139.16,147.5531,1,150.2855,1,29706,34765,1.4402,1.2872,0.1530,65.07
2024-09-13,156.90,157.52,155.33,156.14,154.19,152.42,150.67,145.48,139.41,147.5531,1,150.9436,1,23282,34726,1.5655,1.3429,0.2226,63.84
2024-09-16,156.95,156.95,154.57,154.94,153.82,152.75,150.86,145.64,139.65,147.5531,1,151.7190,1,34306,34838,1.5501,1.3843,0.1657,61.89
2024-09-17,155.65,158.34,154.40,155.83,154.09,153.02,151.10,145.79,139.90,147.5531,1,152.4169,1,23235,34715,1.5913,1.4257,0.1655,63.28
2024-09-18,155.95,161.36,155.79,160.44,154.92,153.49,151.31,145.98,140.18,147.5658,1,153.0450,1,44654,34578,1.9736,1.5353,0.4383,69.06
2024-09-19,162.52,162.58,159.39,160.15,155.62,154.02,151.50,146.13,140.44,150.1232,1,154.0424,1,34829,34334,2.2272,1.6737,0.5535,66.39
2024-09-20,159.65,161.61,156.07,159.53,156.37,154.60,151.69,146.25,140.70,150.1232,1,155.2382,1,78398,35055,2.3516,1.8093,0.5423,66.62
2024-09-23,159.17,160.04,156.71,158.83,156.82,155.00,151.82,146.35,140.95,150.1232,1,156.0657,1,21857,34791,2.3658,1.9206,0.4452,63.99
2024-09-24,160.91,162.04,159.07,160.77,157.60,155.51,152.03,146.49,141.23,150.1232,1,156.0657,1,35961,35012,2.5050,2.0374,0.4675,67.92
2024-09-25,161.00,161.00,158.03,158.32,158.03,155.92,152.16,146.60,141.50,150.1232,1,156.7108,1,34975,35016,2.3900,2.1080,0.2821,66.62
2024-09-26,159.75,164.07,157.66,162.48,158.74,156.38,152.36,146.73,141.79,150.1232,1,157.5330,1,54174,35520,2.6045,2.2073,0.3972,70.35
2024-09-27,163.17,168.46,163.17,167.23,159.85,157.02,152.65,146.89,142.10,153.4600,1,157.6599,1,63178,35880,3.1221,2.3902,0.7319,74.63
2024-09-30,166.39,167.05,162.91,163.59,160.72,157.27,152.86,147.02,142.39,153.4600,1,157.6599,1,53802,36100,3.2015,2.5525,0.6490,68.82
2024-10-01,163.35,165.53,161.30,165.33,161.67,157.88,153.08,147.17,142.67,153.4600,1,159.6043,1,46402,36367,3.3664,2.7153,0.6511,71.42
2024-10-02,166.62,166.62,162.76,163.44,161.97,158.44,153.28,147.31,142.90,153.4600,1,161.1988,1,34497,36518,3.3057,2.8334,0.4724,70.27
2024-10-03,162.32,165.08,161.04,164.22,162.37,159.00,153.51,147.45,143.08,153.4600,1,168.4623,0,58025,36939,3.2833,2.9233,0.3600,68.14
2024-10-04,165.71,166.77,164.02,166.35,163.06,159.71,153.83,147.59,143.28,153.4714,1,168.3138,0,53623,37263,3.3978,3.0182,0.3795,69.13
2024-10-07,166.35,167.00,163.73,164.95,163.67,160.24,154.10,147.74,143.46,153.6534,1,168.1684,0,23630,37066,3.3370,3.0820,0.2550,71.51
2024-10-08,165.04,166.74,165.04,165.68,164.16,160.88,154.37,147.86,143.65,154.8093,1,168.0258,0,71498,38186,3.3097,3.1275,0.1822,71.77
2024-10-09,164.00,165.96,162.96,164.29,164.76,161.39,154.59,147.98,143.83,154.8093,1,167.8861,0,19755,38093,3.1396,3.1299,0.0096,70.06
2024-10-10,164.14,167.58,163.29,167.40,165.25,161.99,154.90,148.12,144.03,154.8093,1,167.7492,0,28462,37479,3.2186,3.1477,0.0709,73.42
2024-10-11,167.11,169.67,166.78,168.80,165.40,162.63,155.33,148.26,144.23,157.3951,1,161.0407,1,47243,37232,3.3556,3.1892,0.1663,71.70
2024-10-14,169.22,169.63,167.68,167.68,165.81,163.26,155.79,148.40,144.43,158.3174,1,161.2134,1,22871,36755,3.3352,3.2184,0.1168,69.18
2024-10-15,167.25,167.99,164.84,165.01,165.78,163.72,156.25,148.53,144.62,158.3174,1,161.3826,1,36271,36537,3.0685,3.1885,-0.1199,65.29
2024-10-16,165.79,171.38,164.72,167.79,166.22,164.09,156.69,148.68,144.83,158.3174,1,161.5484,1,66693,37176,3.0468,3.1601,-0.1134,67.50
2024-10-17,167.62,171.45,167.56,168.69,166.66,164.52,157.18,148.84,145.04,158.3174,1,161.9418,1,27656,37125,3.0663,3.1414,-0.0750,69.22
2024-10-18,169.75,172.40,168.44,172.30,167.26,165.16,157.62,149.02,145.29,159.0971,1,162.5120,1,53311,37379,3.3345,3.1800,0.1545,72.39
2024-10-21,171.26,171.26,168.23,169.81,167.74,165.71,158.07,149.18,145.53,159.0971,1,163.3033,1,31239,37218,3.3082,3.2056,0.1026,76.32
2024-10-22,168.59,171.00,167.66,170.15,168.19,166.17,158.55,149.36,145.76,159.0971,1,164.0313,1,25449,37006,3.2774,3.2200,0.0574,76.85
2024-10-23,169.48,173.18,169.02,170.51,168.81,166.78,159.00,149.50,145.99,159.7056,1,164.7011,1,25973,36974,3.2440,3.2248,0.0192,77.39
2024-10-24,170.77,171.15,169.52,170.60,169.13,167.19,159.46,149.65,146.23,159.7056,1,165.5491,1,21325,37061,3.1881,3.2174,-0.0294,76.97
2024-10-25,170.34,171.98,169.21,171.15,169.37,167.39,159.89,149.81,146.46,160.0955,1,166.3123,1,28324,37299,3.1519,3.2043,-0.0524,78.38
2024-10-28,171.34,174.69,170.36,173.46,169.95,167.88,160.39,150.01,146.71,161.7765,1,166.9991,1,37112,37489,3.2723,3.2179,0.0543,78.50
2024-10-29,173.14,173.84,169.46,169.63,170.41,168.09,160.78,150.19,146.93,161.7765,1,167.9221,1,38074,37648,3.0235,3.1790,-0.1555,77.09
2024-10-30,169.54,171.55,167.78,169.30,170.56,168.39,161.14,150.38,147.14,161.7765,1,174.6906,0,33956,37904,2.7682,3.0969,-0.3287,75.03
2024-10-31,167.97,168.00,165.52,166.45,170.33,168.50,161.48,150.54,147.35,161.7765,1,174.5524,0,46824,38349,2.3088,2.9393,-0.6305,72.85
2024-11-01,166.15,167.23,164.30,164.30,169.54,168.40,161.81,150.69,147.55,161.7765,1,174.1913,0,40841,38620,1.7516,2.7017,-0.9501,69.27
2024-11-04,165.12,165.86,163.63,164.09,168.96,168.35,162.07,150.83,147.74,161.7765,1,173.5981,0,34144,38596,1.2778,2.4169,-1.1391,67.68
2024-11-05,163.72,164.90,163.24,164.33,168.38,168.29,162.35,150.97,147.93,161.7765,1,172.8003,0,22378,38489,0.9115,2.1159,-1.2044,65.01
2024-11-06,168.04,168.36,163.50,165.85,167.92,168.36,162.66,151.12,148.13,161.7765,1,171.8440,0,56325,39373,0.7353,1.8397,-1.1045,59.55
2024-11-07,165.63,167.21,163.72,164.88,167.34,168.24,162.90,151.25,148.33,161.7765,1,170.9834,0,40073,39564,0.5117,1.5741,-1.0625,58.91
2024-11-08,162.51,167.50,158.92,167.23,166.95,168.16,163.15,151.39,148.54,161.7765,1,170.2088,0,51763,40209,0.5181,1.3629,-0.8448,60.85
2024-11-11,167.23,169.01,166.74,167.68,166.38,168.16,163.33,151.54,148.74,161.7765,1,158.9164,1,26063,39380,0.5533,1.2010,-0.6477,60.81
2024-11-12,169.37,170.86,167.38,169.48,166.36,168.38,163.66,151.73,148.96,161.7765,1,158.9164,1,30355,39313,0.7181,1.1044,-0.3863,63.61
2024-11-13,168.94,171.05,164.83,169.06,166.34,168.45,164.00,151.91,149.17,161.7765,1,159.3941,1,45259,39300,0.8052,1.0446,-0.2394,64.30
2024-11-14,168.36,170.59,166.72,170.45,166.74,168.54,164.35,152.12,149.40,161.7765,1,160.0933,1,37429,39342,0.9752,1.0307,-0.0555,66.60
2024-11-15,170.85,173.87,168.60,173.87,167.69,168.61,164.78,152.38,149.63,161.7765,1,160.7505,1,36506,38800,1.3699,1.0985,0.2714,71.93
2024-11-18,173.23,177.18,172.44,174.60,168.74,168.85,165.19,152.64,149.88,162.2535,1,161.7999,1,56632,39437,1.7220,1.2232,0.4987,73.49
2024-11-19,172.95,176.64,172.95,174.90,169.80,169.09,165.63,152.91,150.12,162.3862,1,163.3376,1,25772,39060,2.0019,1.3790,0.6230,72.62
2024-11-20,174.87,174.87,172.48,174.32,170.65,169.28,166.03,153.16,150.35,162.3862,1,164.7215,1,50216,39286,2.1523,1.5336,0.6187,72.62
2024-11-21,174.71,180.79,174.56,179.57,172.12,169.73,166.52,153.43,150.59,165.0340,1,165.9670,1,71971,40132,2.6646,1.7598,0.9048,75.71
2024-11-22,178.98,180.79,177.39,178.37,173.23,170.09,166.96,153.68,150.85,166.6935,1,167.7460,1,62550,40917,2.9397,1.9958,0.9439,71.09
2024-11-25,178.23,179.17,173.44,173.44,173.81,170.09,167.33,153.89,151.06,166.6935,1,169.5725,1,66003,41551,2.7287,2.1424,0.5863,64.81
2024-11-26,172.92,174.67,170.32,174.18,174.28,170.32,167.70,154.11,151.27,166.6935,1,180.7923,0,32391,41734,2.5914,2.2322,0.3592,64.84
2024-11-27,174.00,174.25,171.21,172.92,174.66,170.50,167.95,154.32,151.47,166.6935,1,180.5829,0,35159,41544,2.3534,2.2564,0.0970,64.27
2024-11-29,172.13,173.38,167.23,167.66,174.38,170.56,168.10,154.50,151.62,166.6935,1,180.3778,0,74151,42331,1.7204,2.1492,-0.4288,55.89
2024-12-02,169.48,175.39,169.48,172.50,174.25,170.97,168.36,154.71,151.77,166.6935,1,179.8520,0,81446,42392,1.5914,2.0377,-0.4463,56.76
2024-12-03,171.89,175.17,171.29,173.26,174.11,171.43,168.65,154.94,151.93,166.6935,1,179.3472,0,59169,43138,1.5327,1.9367,-0.4040,57.91
2024-12-04,176.41,176.41,171.12,172.20,173.84,171.82,168.87,155.16,152.08,166.6935,1,178.8626,0,76257,43944,1.3849,1.8263,-0.4414,54.86
2024-12-05,173.45,175.43,172.37,174.60,173.87,172.26,169.20,155.40,152.25,166.6935,1,178.3974,0,48925,44223,1.4444,1.7499,-0.3055,60.50
2024-12-06,175.12,177.64,170.48,172.19,173.13,172.63,169.39,155.60,152.40,166.6935,1,177.9509,0,42839,43996,1.2821,1.6564,-0.3743,57.64
2024-12-09,172.95,175.41,171.30,172.55,172.55,172.89,169.50,155.80,152.54,166.6935,1,177.6375,0,53714,43807,1.1691,1.5589,-0.3898,59.28
2024-12-10,172.95,173.87,171.53,172.66,172.47,173.14,169.68,156.00,152.69,166.6935,1,177.6375,0,68053,44092,1.0759,1.4623,-0.3864,61.95
2024-12-11,173.56,176.85,171.21,176.43,172.70,173.49,169.90,156.19,152.85,166.6935,1,177.2213,0,58766,44339,1.2914,1.4281,-0.1368,65.34
2024-12-12,176.62,177.38,172.39,174.27,172.83,173.75,170.12,156.36,153.02,166.6935,1,167.2329,1,63463,44919,1.2731,1.3971,-0.1240,64.90
2024-12-13,174.36,176.54,171.07,171.43,173.21,173.80,170.26,156.52,153.15,166.6935,1,167.4359,1,40185,44562,1.0178,1.3213,-0.3034,61.94
2024-12-16,170.51,172.08,166.76,166.87,172.64,173.45,170.28,156.68,153.26,166.6935,1,177.3844,0,81058,45110,0.4428,1.1456,-0.7028,57.52
2024-12-17,167.68,168.34,166.45,166.78,172.00,173.05,170.31,156.84,153.38,166.6935,1,177.1719,0,93080,46499,-0.0200,0.9125,-0.9324,58.63
2024-12-18,168.06,169.18,162.77,163.40,171.12,172.48,170.27,156.95,153.46,180.0461,0,176.7429,0,48878,46047,-0.6520,0.5996,-1.2516,62.66
2024-12-19,165.26,167.51,162.41,162.87,169.94,171.91,170.24,157.07,153.55,179.1602,0,175.9044,0,47673,46605,-1.1823,0.2432,-1.4255,61.48
2024-12-20,163.04,166.35,163.03,164.64,169.19,171.16,170.18,157.20,153.63,178.5090,0,174.8252,0,75639,47549,-1.4430,-0.0940,-1.3489,62.05
2024-12-23,164.38,164.78,162.57,164.33,168.37,170.46,170.09,157.32,153.72,176.7789,0,173.8324,0,29759,47199,-1.6553,-0.4063,-1.2490,59.96
2024-12-24,165.24,165.75,164.23,165.40,167.64,170.06,170.05,157.44,153.81,176.7789,0,172.9190,0,17163,47085,-1.7177,-0.6686,-1.0491,57.94
2024-12-26,165.07,167.14,164.63,165.16,166.51,169.61,170.05,157.57,153.91,176.7789,0,172.0786,0,23771,46835,-1.7657,-0.8880,-0.8777,58.74
2024-12-27,162.86,165.33,162.27,163.73,165.46,169.15,169.97,157.70,154.00,175.3214,0,171.3055,0,36043,46222,-1.8979,-1.0900,-0.8079,57.79
2024-12-30,163.45,164.25,160.89,162.88,164.61,168.91,169.85,157.80,154.09,173.9444,0,170.4020,0,46811,46605,-2.0476,-1.2815,-0.7661,55.77
2024-12-31,165.13,166.24,162.61,165.71,164.49,168.57,169.72,157.92,154.20,173.9444,0,169.2602,0,52191,46583,-1.9151,-1.4082,-0.5069,59.39
2025-01-02,165.28,167.68,165.14,166.33,164.44,168.22,169.65,158.06,154.30,173.9444,0,168.2554,0,30342,46565,-1.7405,-1.4747,-0.2658,62.13
2025-01-03,166.94,168.28,164.53,166.67,164.77,167.94,169.58,158.20,154.42,173.9444,0,160.8871,1,34516,46746,-1.5564,-1.4910,-0.0654,60.28
2025-01-06,167.42,171.04,167.42,169.80,165.46,167.70,169.57,158.35,154.52,173.9444,0,161.0350,1,37624,46979,-1.1450,-1.4218,0.2768,64.47
2025-01-07,171.05,171.05,166.53,167.30,165.73,167.46,169.50,158.49,154.61,173.9444,0,161.4351,1,33609,47225,-1.0093,-1.3393,0.3300,64.08
2025-01-08,166.26,167.05,165.21,166.13,165.91,167.14,169.40,158.64,154.71,173.9444,0,162.0118,1,30967,47278,-0.9845,-1.2684,0.2838,60.98
2025-01-10,164.07,165.40,160.77,162.82,165.65,166.65,169.19,158.76,154.81,173.9444,0,171.0476,0,71165,47959,-1.2178,-1.2582,0.0404,61.45
2025-01-13,162.83,164.19,161.64,162.75,165.41,165.96,169.05,158.88,154.91,173.9444,0,170.8420,0,78137,48760,-1.3925,-1.2851,-0.1074,60.45
2025-01-14,164.13,170.51,162.11,169.79,166.02,165.74,169.06,159.06,155.05,173.9444,0,170.6406,0,81950,49720,-0.9518,-1.2184,0.2667,67.64
2025-01-15,172.97,174.11,171.17,171.99,166.93,165.77,169.17,159.26,155.20,173.9444,0,160.7696,1,47356,49731,-0.4204,-1.0588,0.6385,67.33
2025-01-16,171.80,173.13,168.81,168.81,167.24,165.86,169.26,159.45,155.33,173.9444,0,161.0364,1,24539,49405,-0.2523,-0.8975,0.6452,62.39
2025-01-17,168.91,169.14,163.35,164.65,167.07,165.76,169.27,159.59,155.44,173.9444,0,161.2979,1,68157,50085,-0.4503,-0.8081,0.3578,56.48
2025-01-21,166.08,166.76,163.50,165.20,166.92,165.85,169.29,159.75,155.55,173.9444,0,161.5542,1,68751,51012,-0.5562,-0.7577,0.2015,54.52
2025-01-22,165.02,166.65,163.55,165.27,166.47,165.97,169.28,159.92,155.66,173.9444,0,161.8054,1,45342,50793,-0.6271,-0.7316,0.1045,54.86
2025-01-23,165.21,166.77,163.64,164.75,166.22,165.97,169.28,160.09,155.76,173.9444,0,162.0515,1,30837,50608,-0.7173,-0.7287,0.0114,53.57
2025-01-24,165.70,166.32,163.32,164.17,166.02,165.97,169.22,160.26,155.84,173.9444,0,162.2927,1,53793,50648,-0.8260,-0.7482,-0.0778,51.99
2025-01-27,164.57,165.06,162.85,163.90,166.13,165.89,169.14,160.41,155.94,173.9444,0,162.5291,1,46941,51066,-0.9233,-0.7832,-0.1401,51.58
2025-01-28,163.53,166.43,162.97,164.01,166.25,165.83,169.03,160.56,156.06,173.9444,0,162.7607,1,22860,50916,-0.9804,-0.8227,-0.1578,51.65
2025-01-29,164.67,167.12,164.08,166.48,165.92,165.97,168.98,160.71,156.17,173.9444,0,162.8486,1,38234,50776,-0.8164,-0.8214,0.0050,54.00
2025-01-30,167.83,169.67,166.18,167.40,165.46,166.20,168.92,160.86,156.32,173.9444,0,162.9662,1,57165,51170,-0.6058,-0.7783,0.1725,51.80
2025-01-31,167.58,168.01,164.80,165.52,165.13,166.19,168.75,160.99,156.47,173.9444,0,163.1891,1,70439,51849,-0.5838,-0.7394,0.1556,50.72
2025-02-03,162.69,166.49,162.13,165.25,165.19,166.13,168.56,161.15,156.62,173.9444,0,174.1120,0,43710,51591,-0.5809,-0.7077,0.1268,52.50
2025-02-04,165.39,169.17,165.13,168.27,165.50,166.21,168.43,161.32,156.79,173.9444,0,173.8723,0,35015,51775,-0.3311,-0.6324,0.3013,55.20
2025-02-05,168.91,170.13,168.17,169.45,165.92,166.19,168.33,161.51,156.95,173.9444,0,173.6374,0,29823,51368,-0.0379,-0.5135,0.4756,55.80
2025-02-06,169.94,174.37,169.94,174.37,166.88,166.55,168.23,161.72,157.13,161.1259,1,162.1255,1,52951,50987,0.5852,-0.2937,0.8790,62.25
2025-02-07,174.43,175.85,170.35,171.94,167.66,166.84,168.10,161.91,157.29,161.5205,1,162.3705,1,47001,50676,0.8728,-0.0604,0.9332,61.91
2025-02-10,172.02,174.74,170.76,172.67,168.54,167.33,168.09,162.09,157.44,161.5205,1,162.9096,1,53445,50425,1.1459,0.1808,0.9650,61.91
2025-02-11,173.74,173.74,163.50,170.32,169.17,167.71,168.01,162.27,157.58,161.5205,1,163.4271,1,79325,51364,1.1600,0.3767,0.7833,60.01
2025-02-12,169.14,170.06,166.78,167.02,169.22,167.57,167.89,162.38,157.71,161.5205,1,163.4995,1,52657,51714,0.8939,0.4801,0.4138,56.48
2025-02-13,166.41,167.23,163.45,166.12,169.09,167.28,167.86,162.49,157.84,161.5205,1,175.8476,0,54359,51318,0.6038,0.5048,0.0990,51.86
2025-02-14,166.28,169.69,164.40,168.23,169.36,167.25,167.77,162.61,157.98,161.5205,1,175.5998,0,43566,50560,0.5377,0.5114,0.0263,54.47
2025-02-18,167.17,169.87,165.76,167.54,169.59,167.39,167.66,162.71,158.12,161.5205,1,175.3569,0,49856,50374,0.4250,0.4941,-0.0692,50.11
2025-02-19,166.37,167.06,164.60,166.46,169.41,167.46,167.54,162.82,158.26,161.5205,1,175.1188,0,55006,49949,0.2460,0.4445,-0.1985,49.20
2025-02-20,166.81,168.76,165.48,167.15,169.18,167.55,167.40,162.92,158.40,161.5205,1,174.8855,0,67659,50324,0.1578,0.3872,-0.2294,51.37
2025-02-21,168.63,171.58,160.43,161.78,167.92,167.40,167.19,162.98,158.50,161.5205,1,174.6569,0,78890,51045,-0.3415,0.2414,-0.5829,47.91
2025-02-24,162.12,164.30,161.38,163.36,167.07,167.36,167.00,163.05,158.60,161.5205,1,174.0877,0,55318,51077,-0.6025,0.0726,-0.6752,48.03
2025-02-25,163.73,164.42,161.00,163.88,166.19,167.36,166.83,163.12,158.71,161.5205,1,173.5412,0,53481,50785,-0.7591,-0.0937,-0.6654,50.13
2025-02-26,164.59,167.09,163.47,166.23,165.78,167.47,166.62,163.20,158.80,161.5205,1,173.0166,0,50790,50626,-0.6856,-0.2121,-0.4735,56.50
2025-02-27,166.29,167.07,163.80,164.24,165.50,167.36,166.42,163.28,158.88,161.5205,1,172.5130,0,64155,50640,-0.7789,-0.3255,-0.4535,55.25
2025-02-28,164.32,165.50,161.36,165.44,165.43,167.26,166.30,163.36,158.97,161.5205,1,172.0295,0,79833,51433,-0.7472,-0.4098,-0.3374,56.61
2025-03-03,166.44,168.59,164.71,166.02,165.21,167.29,166.29,163.46,159.08,161.5205,1,171.5653,0,64446,51100,-0.6677,-0.4614,-0.2063,62.64
2025-03-04,164.94,167.69,162.82,165.37,164.99,167.29,166.26,163.56,159.19,161.5205,1,171.1198,0,43430,50107,-0.6497,-0.4991,-0.1507,63.10
2025-03-05,166.41,167.89,165.08,166.28,164.98,167.19,166.32,163.65,159.29,161.5205,1,170.6920,0,54652,50223,-0.5554,-0.5103,-0.0451,59.53
2025-03-06,165.57,167.35,163.22,164.56,164.72,166.95,166.35,163.73,159.39,161.5205,1,170.2814,0,27415,49818,-0.6129,-0.5308,-0.0821,63.67
2025-03-07,164.39,165.21,162.40,164.42,164.98,166.45,166.35,163.81,159.48,161.5205,1,169.8872,0,27702,48859,-0.6618,-0.5570,-0.1048,59.55
2025-03-10,162.52,165.16,161.51,162.98,164.94,166.00,166.32,163.91,159.57,161.5205,1,169.5087,0,38474,49033,-0.8079,-0.6072,-0.2007,64.98
2025-03-11,163.24,164.40,161.94,163.62,164.92,165.55,166.28,164.04,159.65,161.5205,1,169.1454,0,44164,49573,-0.8620,-0.6582,-0.2038,67.67
2025-03-12,165.07,165.87,162.00,165.40,164.83,165.31,166.29,164.20,159.75,161.5205,1,168.7966,0,62612,50350,-0.7525,-0.6770,-0.0755,70.44
2025-03-13,166.03,169.01,163.13,167.31,165.14,165.32,166.36,164.34,159.86,161.5205,1,160.4260,1,71533,51060,-0.5060,-0.6428,0.1368,73.49
2025-03-14,168.44,171.20,166.33,171.20,165.72,165.57,166.53,164.52,159.98,161.5205,1,160.5978,1,44885,51021,0.0037,-0.5135,0.5172,73.23
2025-03-17,171.30,173.74,170.65,172.48,166.36,165.79,166.66,164.67,160.11,161.5205,1,161.0219,1,44821,50874,0.5054,-0.3097,0.8152,73.08
2025-03-18,172.66,174.52,171.65,173.25,167.15,166.07,166.80,164.84,160.24,161.5205,1,161.7851,1,44427,51156,0.9541,-0.0570,1.0110,76.07
2025-03-19,172.87,175.42,169.61,173.94,167.92,166.45,166.95,165.03,160.39,161.5205,1,162.8038,1,59746,51660,1.3495,0.2243,1.1251,74.59
2025-03-20,173.61,178.32,171.70,175.62,169.02,166.87,167.06,165.21,160.53,161.9428,1,164.0657,1,62208,52152,1.7780,0.5351,1.2429,75.43
2025-03-21,175.61,176.06,172.71,174.93,170.07,167.53,167.21,165.39,160.67,161.9428,1,165.7757,1,77810,53036,2.0379,0.8356,1.2023,76.45
2025-03-24,175.51,176.69,173.71,173.71,171.15,168.04,167.37,165.55,160.82,162.8168,1,167.2804,1,33167,53080,2.1210,1.0927,1.0283,70.82
2025-03-25,174.29,178.67,172.85,178.44,172.63,168.77,167.68,165.75,160.99,162.8688,1,168.6046,1,72643,53110,2.5398,1.3821,1.1577,74.83
2025-03-26,177.93,178.64,171.93,173.27,173.42,169.12,167.89,165.91,161.13,162.8688,1,170.0135,1,104236,53631,2.4265,1.5910,0.8355,71.99
2025-03-27,172.27,175.73,171.35,172.31,173.92,169.53,167.94,166.05,161.28,162.8688,1,171.2251,1,91707,53827,2.2337,1.7196,0.5141,70.38
2025-03-28,172.51,173.52,168.56,170.09,173.80,169.76,167.90,166.18,161.42,162.8688,1,178.6680,0,46043,53800,1.8797,1.7516,0.1281,69.37
2025-03-31,167.64,169.44,166.96,168.28,173.38,169.87,167.89,166.32,161.56,162.8688,1,178.4659,0,78411,54878,1.4368,1.6886,-0.2518,67.26
2025-04-01,168.95,174.74,168.71,174.05,173.46,170.31,168.08,166.48,161.71,162.8688,1,178.0057,0,45690,54428,1.5334,1.6576,-0.1242,74.44
2025-04-02,172.36,175.05,172.19,175.01,173.57,170.74,168.28,166.64,161.88,162.8688,1,177.5639,0,40366,53861,1.6681,1.6597,0.0084,72.67
2025-04-03,170.38,173.91,169.30,171.06,173.11,171.07,168.39,166.78,162.04,162.8688,1,177.1398,0,50941,53973,1.4395,1.6157,-0.1762,76.26
2025-04-04,167.40,167.40,157.67,161.57,171.78,170.93,168.33,166.83,162.15,178.9013,0,176.7327,0,115520,55666,0.4875,1.3900,-0.9025,74.74
2025-04-07,156.58,163.15,149.61,154.50,169.86,170.50,168.13,166.83,162.23,175.1726,0,175.5889,0,156007,57711,-0.8285,0.9463,-1.7748,68.88
2025-04-08,158.87,161.44,152.86,153.57,167.37,170.00,167.93,166.80,162.29,175.1726,0,173.5109,0,129235,59357,-1.9237,0.3723,-2.2960,71.18
2025-04-09,152.44,163.12,150.16,160.92,166.14,169.78,167.87,166.85,162.39,175.1726,0,171.5992,0,112971,61159,-2.1735,-0.1368,-2.0367,66.95
2025-04-10,159.28,159.30,151.92,155.54,164.46,169.19,167.65,166.88,162.44,175.1726,0,169.8405,0,42054,61235,-2.7736,-0.6642,-2.1094,68.65
2025-04-11,156.83,162.59,153.35,160.79,163.53,168.67,167.51,166.93,162.52,175.1726,0,168.2224,0,45926,61010,-2.7939,-1.0901,-1.7037,69.73
2025-04-14,162.82,167.61,162.82,166.58,163.36,168.37,167.54,167.02,162.63,175.1726,0,149.6147,1,44964,60501,-2.3157,-1.3352,-0.9804,72.22
2025-04-15,165.78,169.49,165.21,167.31,162.69,168.07,167.58,167.11,162.76,175.1726,0,149.9746,1,52785,60682,-1.8569,-1.4396,-0.4174,74.25
2025-04-16,167.02,168.51,165.65,167.40,161.92,167.75,167.56,167.21,162.88,175.1726,0,150.7553,1,58724,61157,-1.4685,-1.4454,-0.0231,76.67
2025-04-17,167.80,169.79,165.96,167.35,161.55,167.33,167.52,167.29,163.01,175.1726,0,151.5048,1,33397,61228,-1.1517,-1.3866,0.2349,76.41
2025-04-21,167.44,167.68,165.89,167.20,162.12,166.95,167.37,167.37,163.14,175.1726,0,152.6020,1,16387,60497,-0.9026,-1.2898,0.3872,78.87
2025-04-22,169.08,173.19,167.68,172.90,163.96,166.91,167.39,167.49,163.28,175.1726,0,153.6334,1,43170,60420,-0.2422,-1.0803,0.8381,80.30
2025-04-23,174.70,175.91,172.93,174.06,166.01,166.69,167.42,167.61,163.43,175.1726,0,155.1979,1,48041,60312,0.3703,-0.7902,1.1605,80.26
2025-04-24,174.11,177.22,173.25,177.22,167.64,166.89,167.56,167.76,163.59,158.7511,1,157.2692,1,61579,59957,1.0984,-0.4125,1.5108,80.75
2025-04-25,175.55,178.87,173.29,178.87,169.97,167.21,167.80,167.88,163.74,159.5672,1,159.6635,1,32589,59556,1.7875,0.0275,1.7600,80.72
2025-04-28,177.94,181.51,177.94,180.48,171.94,167.73,168.08,168.01,163.89,163.7973,1,162.3520,1,42186,59312,2.4354,0.5091,1.9263,80.57
2025-04-29,180.79,183.09,179.24,180.95,173.37,168.37,168.34,168.16,164.04,165.6722,1,165.4167,1,68638,59814,2.9528,0.9978,1.9549,80.68
2025-04-30,179.89,182.77,177.18,182.77,174.92,168.80,168.64,168.32,164.19,165.6722,1,168.5976,1,59201,60001,3.4701,1.4923,1.9778,83.32
2025-05-01,181.75,182.46,178.17,178.98,176.08,169.00,168.89,168.44,164.34,165.6722,1,171.2059,1,23800,59377,3.5338,1.9006,1.6332,81.70
2025-05-02,181.44,182.65,179.40,181.89,177.53,169.54,169.19,168.59,164.49,166.0315,1,173.3448,1,92476,59873,3.7748,2.2754,1.4994,80.46
2025-05-05,182.44,183.59,180.86,181.43,178.95,170.54,169.58,168.72,164.63,167.9126,1,175.0986,1,40483,59105,3.8846,2.5973,1.2874,81.21
2025-05-06,180.68,182.96,180.11,182.49,179.91,171.94,169.96,168.82,164.78,167.9126,1,176.7960,1,51156,59022,4.0107,2.8800,1.1308,80.98
2025-05-07,182.06,183.87,179.64,181.04,180.61,173.31,170.31,168.94,164.92,168.1266,1,178.1539,1,66349,59279,3.9478,3.0935,0.8542,79.85
2025-05-08,182.58,185.33,180.58,184.34,181.32,174.48,170.67,169.07,165.07,169.2680,1,179.2963,1,45658,59176,4.1166,3.2981,0.8185,82.34
2025-05-09,185.09,187.10,184.51,185.65,182.00,175.98,171.10,169.21,165.23,172.6546,1,179.6443,1,36289,58619,4.3066,3.4998,0.8067,82.76
2025-05-12,187.10,188.19,182.54,183.73,182.33,177.13,171.46,169.34,165.39,172.6546,1,180.5844,1,34979,57722,4.2534,3.6506,0.6029,80.05
2025-05-13,184.77,187.88,182.60,186.64,182.90,178.13,171.87,169.48,165.57,172.6546,1,182.1049,1,59959,57632,4.3955,3.7995,0.5960,81.74
2025-05-14,185.38,188.21,185.06,187.94,183.41,179.17,172.33,169.63,165.75,173.3052,1,182.5369,1,61063,57985,4.5606,3.9518,0.6089,82.16
2025-05-15,187.17,190.47,186.41,188.49,184.36,180.22,172.77,169.78,165.93,175.2286,1,182.6002,1,60909,58110,4.6820,4.0978,0.5842,81.34
2025-05-16,187.38,187.63,182.71,186.70,184.85,181.19,173.21,169.93,166.10,175.2286,1,190.4737,0,78341,59128,4.5809,4.1944,0.3865,80.40
2025-05-19,186.37,188.96,184.41,184.77,185.18,182.07,173.62,170.05,166.26,175.2286,1,190.4737,0,57063,59716,4.2950,4.2145,0.0804,77.98
2025-05-20,186.33,189.95,185.13,189.89,185.92,182.92,174.16,170.19,166.47,175.2286,1,190.3184,0,55624,60059,4.4310,4.2578,0.1732,80.73
2025-05-21,191.22,192.25,188.26,191.42,186.96,183.78,174.71,170.35,166.71,176.6194,1,182.7087,1,73192,60639,4.6090,4.3281,0.2810,83.56
2025-05-22,190.85,195.46,190.76,195.19,188.04,184.68,175.31,170.55,166.97,179.4288,1,182.8996,1,90067,61188,4.9968,4.4618,0.5350,85.44
2025-05-23,192.81,196.73,192.24,195.02,188.98,185.49,175.86,170.73,167.22,180.8258,1,183.4020,1,60047,60959,5.2300,4.6155,0.6146,84.81
2025-05-27,195.05,198.53,192.97,198.31,190.44,186.38,176.41,170.93,167.49,181.7852,1,184.2018,1,67226,61405,5.6151,4.8154,0.7997,85.05
2025-05-28,198.56,199.62,197.02,199.06,191.68,187.29,176.94,171.11,167.74,184.9728,1,185.3478,1,60352,61716,5.9131,5.0349,0.8781,86.29
2025-05-29,199.17,200.93,197.28,200.32,192.92,188.17,177.48,171.31,168.00,185.9935,1,186.7754,1,113245,63092,6.1796,5.2639,0.9158,85.65
2025-05-30,199.24,203.32,198.43,202.25,194.29,189.33,178.05,171.52,168.28,187.6091,1,188.4743,1,135092,64599,6.4719,5.5055,0.9664,85.70
2025-06-02,203.33,205.94,202.43,204.77,196.10,190.47,178.63,171.75,168.56,191.1386,1,190.5527,1,128070,65917,6.8283,5.7700,1.0582,87.12
2025-06-03,204.34,207.55,203.39,207.11,198.34,191.76,179.27,172.00,168.86,192.4785,1,193.0140,1,121204,66784,7.2163,6.0593,1.1570,86.68
2025-06-04,208.02,210.40,203.26,203.87,199.73,192.83,179.88,172.21,169.13,193.0002,1,195.6305,1,170061,69522,7.1798,6.2834,0.8964,85.70
2025-06-05,204.73,206.06,200.01,204.97,201.09,194.02,180.41,172.42,169.42,193.0002,1,198.5854,1,78501,69639,7.1570,6.4581,0.6989,85.63
2025-06-06,207.46,208.36,205.35,207.73,202.34,195.19,181.10,172.68,169.70,193.0010,1,200.0065,1,44445,68444,7.2777,6.6220,0.6557,85.25
2025-06-09,206.66,207.44,203.27,203.77,203.22,196.10,181.73,172.91,169.97,193.0010,1,200.0065,1,66197,67933,6.9732,6.6923,0.2810,83.71
2025-06-10,203.15,207.29,202.73,207.11,204.10,197.27,182.47,173.18,170.26,193.0010,1,202.0862,1,69018,68393,6.9218,6.7382,0.1836,83.67
2025-06-11,207.60,210.51,206.81,208.38,205.03,198.35,183.27,173.47,170.56,195.1287,1,202.7278,1,70248,68230,6.9040,6.7713,0.1326,84.42
2025-06-12,209.17,211.28,207.81,208.61,205.86,199.39,183.96,173.77,170.85,196.3269,1,202.7278,1,57130,68458,6.8296,6.7830,0.0466,85.10
2025-06-13,206.40,208.80,205.28,207.49,206.38,200.34,184.61,174.06,171.13,196.3269,1,204.4389,1,44221,68536,6.6043,6.7473,-0.1429,85.63
2025-06-16,207.60,211.20,207.60,208.47,206.75,201.43,185.36,174.34,171.42,196.6276,1,205.2773,1,43424,68385,6.4303,6.6839,-0.2536,84.92
2025-06-17,206.76,209.69,205.71,208.93,206.93,202.63,186.30,174.64,171.70,196.6276,1,205.2773,1,69822,67471,6.2580,6.5987,-0.3407,86.01
2025-06-18,209.22,212.93,207.16,207.94,207.34,203.54,187.37,174.91,171.97,196.8931,1,205.7070,1,40679,65165,5.9725,6.4735,-0.5010,84.55
2025-06-20,210.07,210.07,207.23,208.57,207.70,204.39,188.47,175.18,172.22,196.8931,1,205.7070,1,78657,64153,5.7310,6.3250,-0.5940,85.52
2025-06-23,208.18,208.77,204.10,206.38,207.57,204.95,189.38,175.43,172.48,196.8931,1,212.9258,0,80011,63494,5.3013,6.1202,-0.8189,83.91
2025-06-24,207.44,210.28,207.38,207.96,207.98,205.60,190.43,175.69,172.76,196.8931,1,212.7494,0,49177,63636,5.0306,5.9023,-0.8717,83.91
2025-06-25,207.28,209.32,206.74,207.62,208.03,206.07,191.37,175.93,173.04,196.8931,1,212.5764,0,35898,63436,4.7338,5.6686,-0.9348,83.54
2025-06-26,207.63,213.31,207.11,212.98,208.50,206.76,192.29,176.19,173.34,197.3594,1,204.1028,1,70930,63955,4.8755,5.5100,-0.6345,84.03
2025-06-27,212.19,214.16,211.68,213.79,209.01,207.44,193.22,176.46,173.64,200.6142,1,204.2869,1,74089,64381,4.9956,5.4071,-0.4115,84.37
2025-06-30,213.34,215.49,212.46,213.43,209.61,207.99,194.15,176.71,173.94,201.9891,1,204.6818,1,53533,64277,5.0038,5.3265,-0.3226,82.90
2025-07-01,214.27,216.61,208.72,212.58,210.02,208.39,195.05,176.97,174.23,201.9891,1,205.3305,1,90299,65415,4.8855,5.2383,-0.3528,83.69
2025-07-02,211.76,216.08,210.16,215.92,210.72,208.83,196.02,177.21,174.54,201.9891,1,206.2330,1,132083,67729,5.0037,5.1913,-0.1877,82.23
2025-07-03,217.61,218.37,215.88,216.99,211.62,209.48,196.91,177.47,174.84,204.1212,1,207.0633,1,51949,67905,5.1246,5.1780,-0.0534,80.65
2025-07-07,215.98,217.96,213.44,215.54,212.32,210.01,197.74,177.75,175.14,204.1212,1,208.1938,1,66342,68271,5.0451,5.1514,-0.1063,82.31
2025-07-08,215.90,216.40,213.15,215.55,213.24,210.40,198.50,178.02,175.44,204.1212,1,209.2113,1,52710,68094,4.9261,5.1064,-0.1802,81.33
2025-07-09,216.35,218.01,212.03,214.48,213.89,210.94,199.21,178.30,175.71,204.1212,1,210.1270,1,47305,68388,4.6915,5.0234,-0.3319,82.61
2025-07-10,216.16,217.28,210.84,213.42,214.47,211.25,199.87,178.61,175.98,204.1212,1,218.3686,0,69869,68942,4.3696,4.8926,-0.5230,80.62
2025-07-11,212.25,213.49,211.37,212.38,214.41,211.45,200.50,178.87,176.24,204.1212,1,218.2181,0,89658,69362,3.9846,4.7110,-0.7264,80.24
2025-07-14,212.59,213.98,211.28,211.43,214.17,211.59,201.08,179.13,176.51,204.1212,1,218.0706,0,39191,68962,3.5613,4.4811,-0.9197,78.91
2025-07-15,211.30,213.33,208.36,211.81,214.01,211.81,201.73,179.39,176.76,204.1212,1,217.9261,0,49133,69468,3.2196,4.2288,-1.0091,80.97
2025-07-16,211.44,212.46,207.08,210.61,213.81,211.92,202.31,179.63,177.02,204.1212,1,217.5435,0,74615,69111,2.8193,3.9469,-1.1276,78.83
2025-07-17,211.01,215.84,210.84,215.39,213.76,212.24,202.99,179.92,177.29,204.1212,1,216.9158,0,76919,69840,2.8551,3.7285,-0.8735,79.85
2025-07-18,214.79,217.23,214.79,216.03,213.66,212.64,203.66,180.21,177.53,204.1212,1,207.0820,1,67601,70169,2.9016,3.5631,-0.6615,80.03
2025-07-21,216.88,219.19,215.32,216.12,213.72,213.02,204.36,180.50,177.79,204.5713,1,207.2850,1,45653,69755,2.9126,3.4330,-0.5204,79.96
2025-07-22,217.09,220.52,216.29,220.00,214.17,213.70,205.07,180.79,178.07,205.6679,1,207.7612,1,108472,71011,3.1973,3.3859,-0.1886,81.20
2025-07-23,220.54,226.66,220.54,226.30,215.35,214.62,205.88,181.14,178.38,210.1392,1,208.5266,1,148101,73247,3.8867,3.4861,0.4006,83.03
2025-07-24,227.55,229.17,222.54,226.42,216.65,215.56,206.74,181.50,178.69,211.7551,1,209.9770,1,105969,74667,4.3916,3.6672,0.7245,83.41
2025-07-25,225.58,228.41,219.86,225.21,217.93,216.17,207.51,181.89,178.99,211.7551,1,211.8961,1,34057,74149,4.6404,3.8618,0.7786,82.47
2025-07-28,224.00,228.34,221.72,224.39,219.23,216.70,208.24,182.27,179.28,211.7551,1,213.6233,1,52311,73974,4.7178,4.0330,0.6847,82.51
2025-07-29,224.52,228.90,223.98,227.26,220.77,217.39,209.01,182.70,179.59,211.7551,1,215.1778,1,64665,74049,4.9531,4.2170,0.7361,84.08
2025-07-30,225.43,227.12,221.10,224.47,222.16,217.99,209.77,183.11,179.89,211.7551,1,216.5768,1,79175,74066,4.8586,4.3453,0.5133,84.16
2025-07-31,225.24,226.38,223.05,226.30,223.25,218.51,210.60,183.52,180.19,211.7551,1,217.8359,1,88259,74690,4.8754,4.4514,0.4241,85.78
2025-08-01,226.21,226.21,221.28,225.83,224.23,218.95,211.32,183.93,180.47,211.7551,1,218.9692,1,91833,75414,4.7950,4.5201,0.2749,86.71
2025-08-04,226.53,231.51,225.58,231.51,225.77,219.75,212.12,184.37,180.79,213.0029,1,219.9890,1,96883,75888,5.1305,4.6422,0.4884,86.42
2025-08-05,231.72,238.37,229.37,231.08,226.88,220.52,212.84,184.81,181.12,217.1837,1,221.2809,1,79376,75674,5.3007,4.7739,0.5268,86.65
2025-08-06,232.02,233.46,229.33,232.02,227.45,221.40,213.58,185.27,181.44,217.1837,1,223.6738,1,79652,76066,5.4490,4.9089,0.5401,86.84
2025-08-07,232.85,234.97,231.94,234.90,228.30,222.47,214.31,185.75,181.77,217.9142,1,225.7317,1,78400,76290,5.7324,5.0736,0.6588,87.55
2025-08-08,235.59,237.98,230.32,237.95,229.57,223.75,215.09,186.23,182.10,217.9142,1,227.5015,1,54949,76182,6.1328,5.2854,0.8474,88.93
2025-08-11,238.14,239.12,236.97,237.95,230.93,225.08,215.84,186.71,182.44,222.7430,1,229.0235,1,63546,75188,6.3767,5.5037,0.8730,88.30
2025-08-12,238.57,240.19,238.16,239.68,232.17,226.47,216.59,187.19,182.79,224.7342,1,230.3235,1,84866,74183,6.6329,5.7295,0.9034,87.55
2025-08-13,239.67,243.04,238.07,238.12,233.53,227.85,217.26,187.65,183.13,226.0657,1,232.0990,1,116630,73954,6.6332,5.9103,0.7229,86.42
2025-08-14,238.90,240.99,236.55,239.06,234.81,229.03,217.89,188.13,183.47,226.0657,1,234.2876,1,69300,72916,6.6332,6.0549,0.5783,87.58
2025-08-15,236.65,243.86,236.65,240.51,236.28,230.25,218.63,188.62,183.82,226.0657,1,236.0386,1,141002,72335,6.6734,6.1786,0.4948,87.51
2025-08-18,239.99,243.13,238.16,241.79,237.31,231.54,219.36,189.15,184.16,226.0657,1,236.5492,1,87563,72516,6.7309,6.2890,0.4419,87.21
2025-08-19,241.50,243.09,238.18,239.18,238.12,232.50,219.99,189.66,184.51,226.0657,1,236.6542,1,123862,74105,6.4906,6.3293,0.1612,86.69
2025-08-20,238.07,240.05,235.98,237.83,238.70,233.07,220.67,190.11,184.85,226.0657,1,243.8635,0,242619,77633,6.1209,6.2877,-0.1668,85.45
2025-08-21,238.70,243.01,235.91,239.78,239.18,233.74,221.33,190.56,185.22,226.0657,1,243.7058,0,98988,78232,5.9169,6.2135,-0.2966,85.71
2025-08-22,239.47,245.39,239.12,243.50,239.74,234.66,222.03,191.06,185.61,226.4977,1,235.9095,1,104529,78918,5.9867,6.1681,-0.1814,85.26
2025-08-25,243.11,245.15,240.27,240.64,240.01,235.47,222.67,191.57,186.00,227.0679,1,235.9095,1,34500,78466,5.7447,6.0835,-0.3388,82.90
2025-08-26,239.67,242.76,239.26,242.76,240.32,236.24,223.38,192.09,186.39,227.0679,1,236.0991,1,69506,78971,5.6587,5.9985,-0.3398,82.57
2025-08-27,240.68,242.44,238.33,240.94,240.60,237.07,224.02,192.59,186.76,227.0679,1,236.2849,1,52687,79156,5.3821,5.8752,-0.4931,82.19
2025-08-28,241.78,244.96,240.33,244.53,241.14,237.98,224.74,193.12,187.16,227.8061,1,236.4671,1,66046,79081,5.3904,5.7783,-0.3878,82.08
2025-08-29,243.21,247.02,242.76,245.59,241.65,238.97,225.49,193.67,187.55,230.2535,1,236.6455,1,113837,80544,5.4201,5.7066,-0.2865,83.88
2025-09-02,243.83,248.52,243.55,248.37,242.31,239.81,226.29,194.23,187.96,231.3705,1,237.0607,1,93692,80845,5.6033,5.6860,-0.0827,85.13
2025-09-03,248.49,251.53,246.79,249.76,243.37,240.74,227.15,194.80,188.36,234.5358,1,237.7484,1,116734,81579,5.7934,5.7074,0.0859,85.58
2025-09-04,250.70,252.01,248.00,248.25,244.41,241.55,227.96,195.35,188.75,235.6400,1,238.8511,1,60523,81806,5.7559,5.7171,0.0388,84.42
2025-09-05,248.24,250.35,240.60,249.41,245.37,242.28,228.79,195.89,189.15,235.6400,1,240.1668,1,153168,84152,5.7539,5.7245,0.0294,83.71
2025-09-08,249.23,253.14,249.23,251.61,246.18,242.96,229.57,196.47,189.54,235.7443,1,240.5979,1,100288,84739,5.8620,5.7520,0.1100,83.89
2025-09-09,251.99,256.37,251.99,252.01,247.32,243.66,230.33,197.04,189.92,238.8570,1,240.5979,1,67880,84615,5.9118,5.7839,0.1279,84.90
2025-09-10,253.33,254.11,250.86,252.26,248.27,244.29,231.11,197.60,190.31,238.8570,1,242.8063,1,84802,85240,5.9033,5.8078,0.0955,84.90
2025-09-11,252.79,254.97,250.47,254.56,249.63,245.12,231.95,198.17,190.71,238.8570,1,244.7055,1,121885,85872,6.0129,5.8488,0.1641,83.49
2025-09-12,254.58,255.45,252.40,254.05,250.59,245.87,232.71,198.70,191.08,239.8349,1,246.3388,1,84767,84925,5.9899,5.8771,0.1129,84.12
2025-09-15,255.68,256.31,253.42,253.65,251.39,246.52,233.44,199.25,191.46,241.3192,1,247.7435,1,50259,84892,5.8716,5.8760,-0.0043,82.69
2025-09-16,254.07,259.71,252.32,258.57,252.41,247.36,234.30,199.82,191.89,241.6118,1,248.9515,1,87249,85310,6.1043,5.9216,0.1827,84.86
2025-09-17,262.17,268.20,260.25,265.73,254.01,248.69,235.31,200.46,192.34,248.3692,1,250.6736,1,158514,87426,6.7884,6.0950,0.6934,86.09
2025-09-18,263.94,265.38,248.65,250.09,254.19,249.30,236.02,201.01,192.73,248.3692,1,268.2031,0,201461,90509,5.9993,6.0758,-0.0766,80.34
2025-09-19,250.44,251.74,247.14,250.76,254.33,249.85,236.77,201.57,193.15,248.3692,1,268.2031,0,134614,91804,5.3660,5.9339,-0.5679,81.35
2025-09-22,250.88,255.21,250.52,254.73,254.64,250.41,237.61,202.15,193.56,248.3692,1,267.3605,0,59303,91197,5.1255,5.7722,-0.6467,81.62
2025-09-23,255.14,257.71,252.46,253.56,254.80,251.06,238.46,202.72,193.96,248.3692,1,266.5516,0,52048,91454,4.7858,5.5749,-0.7891,81.18
2025-09-24,254.68,256.84,252.46,254.10,254.98,251.63,239.30,203.31,194.37,248.3692,1,265.7751,0,73712,91945,4.5077,5.3615,-0.8538,80.80
2025-09-25,254.95,256.86,250.05,250.88,254.61,252.12,240.11,203.87,194.75,248.3692,1,265.0296,0,47556,91404,3.9818,5.0855,-1.1037,80.76
2025-09-26,253.28,253.95,250.81,251.76,254.38,252.48,240.83,204.47,195.15,248.3692,1,264.3140,0,46826,90802,3.5945,4.7873,-1.1929,79.27
2025-09-29,252.89,256.78,251.68,255.40,254.56,252.97,241.62,205.08,195.56,248.3692,1,263.6270,0,138122,92213,3.5402,4.5379,-0.9977,80.06
2025-09-30,256.42,259.09,250.88,254.26,254.13,253.27,242.38,205.68,195.97,248.3692,1,262.9675,0,122888,93757,3.3668,4.3037,-0.9369,81.00
2025-10-01,255.85,256.44,248.27,250.37,252.59,253.30,242.99,206.24,196.34,248.3692,1,262.3343,0,137865,94345,2.8817,4.0193,-1.1376,78.84
2025-10-02,250.07,251.26,245.05,247.40,252.32,253.26,243.41,206.80,196.70,266.5162,0,261.7265,0,72338,92830,2.2319,3.6618,-1.4299,79.06
2025-10-03,247.96,254.37,245.78,254.18,252.66,253.50,243.97,207.39,197.12,266.5162,0,260.7257,0,93992,92591,2.2383,3.3771,-1.1388,80.52
2025-10-06,253.29,254.31,249.77,252.74,252.46,253.55,244.52,207.97,197.55,266.5162,0,259.7851,0,37771,92665,2.1034,3.1224,-1.0189,79.85
2025-10-07,253.19,254.87,250.47,250.77,252.19,253.49,245.05,208.54,197.97,266.5162,0,258.9008,0,37266,92364,1.8162,2.8611,-1.0450,79.55
2025-10-08,251.47,254.46,250.12,252.56,252.03,253.51,245.55,209.11,198.41,266.5162,0,258.0696,0,41288,91896,1.7136,2.6316,-0.9180,79.59
2025-10-09,252.61,253.42,249.33,249.45,251.89,253.25,246.05,209.68,198.85,266.5162,0,257.2883,0,59641,91506,1.3654,2.3784,-1.0130,78.29
2025-10-10,248.76,249.41,241.96,243.48,251.06,252.72,246.40,210.21,199.24,263.2260,0,256.5538,0,118596,92112,0.6009,2.0229,-1.4219,79.82
2025-10-13,245.99,250.42,243.59,246.36,250.16,252.36,246.81,210.76,199.65,263.2260,0,255.3866,0,93267,92141,0.2244,1.6632,-1.4388,78.63
2025-10-14,246.55,248.47,242.22,242.49,248.98,251.55,247.03,211.29,200.04,263.2260,0,254.3127,0,112297,92449,-0.3816,1.2542,-1.6358,76.68
2025-10-15,244.62,246.91,242.21,243.40,248.28,250.44,247.27,211.81,200.43,262.1286,0,253.3248,0,71576,92293,-0.7797,0.8475,-1.6271,76.20
2025-10-16,243.40,244.51,238.63,241.25,247.67,249.99,247.46,212.30,200.82,259.1477,0,252.4159,0,93152,92563,-1.2541,0.4271,-1.6812,76.65
2025-10-17,240.22,245.35,238.29,242.59,246.51,249.59,247.61,212.78,201.21,259.1477,0,251.0374,0,102335,93042,-1.5041,0.0409,-1.5450,76.72
2025-10-20,244.05,246.60,241.50,242.13,245.45,248.96,247.70,213.24,201.60,259.1477,0,249.5073,0,63190,93207,-1.7201,-0.3113,-1.4088,74.34
2025-10-21,241.07,243.62,240.79,242.39,244.61,248.40,247.78,213.70,201.98,258.9642,0,248.1609,0,56710,93070,-1.8484,-0.6187,-1.2297,75.38
2025-10-22,243.49,244.64,239.19,241.62,243.51,247.77,247.82,214.15,202.35,258.6300,0,246.9760,0,33907,92051,-1.9896,-0.8929,-1.0967,75.60
2025-10-23,244.67,246.58,242.89,246.29,243.20,247.54,247.99,214.62,202.73,258.6300,0,238.2871,1,69590,91110,-1.7051,-1.0553,-0.6497,76.27
2025-10-24,246.76,248.41,245.21,245.21,243.37,247.22,248.11,215.09,203.12,258.6300,0,238.4528,1,33666,90398,-1.5488,-1.1540,-0.3948,75.90
2025-10-27,246.60,247.76,243.92,244.91,243.23,246.69,248.20,215.57,203.52,258.6300,0,238.8511,1,56915,88716,-1.4323,-1.2097,-0.2226,74.26
2025-10-28,246.10,251.06,245.03,248.59,243.84,246.41,248.33,216.03,203.95,258.6300,0,239.2334,1,71125,88387,-1.0315,-1.1740,0.1426,74.49
2025-10-29,248.27,252.79,247.66,251.47,244.65,246.46,248.58,216.56,204.39,258.6300,0,239.9432,1,82563,87561,-0.4756,-1.0344,0.5587,76.46
2025-10-30,250.37,251.02,247.76,248.27,245.35,246.51,248.79,217.06,204.78,258.6300,0,240.9710,1,66534,84039,-0.2906,-0.8856,0.5950,75.98
2025-10-31,247.09,250.54,247.09,249.22,246.01,246.26,248.98,217.59,205.17,258.6300,0,241.9167,1,52670,83113,-0.0662,-0.7217,0.6555,76.20
2025-11-03,249.85,250.78,247.73,248.70,246.67,246.06,249.08,218.13,205.57,258.6300,0,242.7867,1,38625,81795,0.0684,-0.5637,0.6322,76.35
2025-11-04,246.48,251.14,242.63,245.76,247.00,245.81,249.18,218.60,205.97,258.6300,0,252.7915,0,45839,82022,-0.0607,-0.4631,0.4024,75.64
2025-11-05,246.09,249.10,246.03,247.14,247.56,245.54,249.27,219.08,206.38,258.6300,0,252.5883,0,48813,81608,-0.0514,-0.3808,0.3293,74.79
2025-11-06,248.57,248.76,244.47,247.16,247.64,245.42,249.40,219.59,206.79,258.6300,0,252.3892,0,43770,81429,-0.0421,-0.3130,0.2709,76.83
2025-11-07,246.44,249.02,243.49,247.81,247.90,245.64,249.46,220.17,207.21,258.6300,0,252.1940,0,77389,81656,0.0175,-0.2469,0.2644,77.50
2025-11-10,249.39,251.21,245.33,247.32,248.14,245.69,249.50,220.79,207.62,258.6300,0,252.0028,0,35355,80087,0.0251,-0.1925,0.2176,75.01
2025-11-11,248.22,248.99,246.40,246.51,247.94,245.89,249.46,221.41,208.04,258.6300,0,251.8153,0,60848,79430,-0.0339,-0.1608,0.1269,73.82
2025-11-12,247.32,250.67,246.62,250.67,247.85,246.25,249.48,222.00,208.47,258.6300,0,251.6317,0,88023,78856,0.2523,-0.0782,0.3305,75.26
2025-11-13,250.34,250.87,239.96,240.77,247.11,246.23,249.33,222.57,208.84,258.6300,0,251.4517,0,56482,78775,-0.3162,-0.1258,-0.1904,72.96
2025-11-14,225.36,248.49,220.05,242.35,246.42,246.21,249.19,223.12,209.22,257.2173,0,250.9919,0,90810,77528,-0.6323,-0.2271,-0.4052,74.05
2025-11-17,240.66,243.30,237.62,239.17,245.46,246.07,248.94,223.60,209.58,257.2173,0,250.8722,0,44308,76408,-1.1265,-0.4070,-0.7195,75.17
2025-11-18,238.12,241.87,237.27,240.30,244.92,245.96,248.70,224.09,209.96,257.2173,0,249.0229,0,44317,75937,-1.4101,-0.6076,-0.8025,74.20
2025-11-19,240.37,244.08,240.37,243.20,244.53,246.04,248.52,224.59,210.33,257.2173,0,247.2844,0,48215,75205,-1.3847,-0.7630,-0.6217,75.55
2025-11-20,246.45,246.45,236.56,237.10,243.52,245.58,248.17,225.06,210.67,257.2173,0,220.0491,1,77945,74326,-1.8358,-0.9776,-0.8582,74.58
2025-11-21,229.45,238.12,229.17,236.66,242.41,245.15,247.82,225.52,210.98,255.5950,0,220.5772,1,112350,74878,-2.2033,-1.2227,-0.9806,71.76
2025-11-24,240.29,242.35,236.53,242.33,241.91,245.02,247.60,225.98,211.34,255.5950,0,221.0946,1,155034,76973,-2.0144,-1.3811,-0.6334,73.13
2025-11-25,244.15,245.45,239.88,240.29,241.28,244.61,247.23,226.42,211.67,255.5950,0,221.6018,1,64448,76517,-2.0057,-1.5060,-0.4997,69.15
2025-11-26,242.18,246.08,240.67,244.32,240.65,244.25,246.80,226.87,212.04,255.5950,0,222.0988,1,90271,75153,-1.6546,-1.5357,-0.1189,69.34
2025-11-28,245.35,248.63,242.69,245.60,241.13,244.12,246.71,227.32,212.44,255.5950,0,222.5858,1,62219,72368,-1.2586,-1.4803,0.2217,68.22
2025-12-01,246.06,248.76,242.95,243.44,241.24,243.83,246.57,227.74,212.82,255.5950,0,223.6275,1,75771,71191,-1.1062,-1.4055,0.2993,68.83
2025-12-02,246.17,251.62,244.96,249.44,242.27,243.87,246.46,228.19,213.23,255.5950,0,225.1356,1,118834,72381,-0.4958,-1.2235,0.7278,71.70
2025-12-03,250.03,252.38,247.21,251.28,243.37,244.14,246.42,228.65,213.65,255.5950,0,227.2541,1,79685,72934,0.1351,-0.9518,1.0869,71.70
2025-12-04,253.13,266.86,252.47,265.12,245.56,245.04,246.64,229.22,214.14,236.9687,1,229.7668,1,194633,75353,1.7316,-0.4151,2.1467,75.90
2025-12-05,265.93,267.90,258.22,260.01,247.85,245.68,246.82,229.74,214.61,239.7355,1,234.2176,1,87980,76161,2.5552,0.1789,2.3762,74.04
2025-12-08,260.90,261.44,253.30,257.18,249.90,246.15,246.93,230.25,215.08,239.7355,1,238.9328,1,54003,76305,2.9458,0.7323,2.2135,72.97
2025-12-09,256.68,264.91,255.91,263.82,252.05,246.98,247.10,230.79,215.58,239.7355,1,242.9878,1,73134,75005,3.7477,1.3354,2.4123,75.34
2025-12-10,263.43,265.71,262.59,264.50,254.47,247.88,247.30,231.35,216.09,241.8007,1,246.4752,1,84873,74245,4.3874,1.9458,2.4416,75.53
2025-12-11,264.64,271.94,264.51,268.90,256.93,248.79,247.67,231.91,216.60,245.8766,1,249.4743,1,123965,73967,5.1896,2.5946,2.5951,74.64
2025-12-12,269.77,272.61,268.52,269.78,259.35,250.24,248.12,232.47,217.13,249.2265,1,253.0683,1,80747,74135,5.8292,3.2415,2.5877,76.46
2025-12-15,271.15,272.79,268.59,269.50,261.95,251.60,248.43,233.04,217.65,250.2270,1,256.5866,1,53569,73326,6.2417,3.8415,2.4002,79.80
2025-12-16,268.59,271.91,264.69,267.36,263.75,253.01,248.72,233.58,218.16,250.2270,1,259.8266,1,81424,74199,6.3231,4.3378,1.9853,78.51
2025-12-17,263.16,268.85,259.72,263.16,264.93,254.15,248.97,234.08,218.64,250.2270,1,272.7864,0,134493,76144,5.9797,4.6662,1.3135,77.51
2025-12-18,263.74,269.80,263.23,268.32,265.25,255.41,249.28,234.62,219.15,250.2270,1,272.5252,0,67749,76673,6.0539,4.9437,1.1101,78.06
2025-12-19,268.92,274.09,268.92,272.87,266.54,257.19,249.75,235.19,219.70,250.7589,1,259.7238,1,162060,78721,6.4063,5.2363,1.1700,78.92
2025-12-22,273.89,278.82,272.38,276.03,268.42,259.16,250.40,235.80,220.25,254.9918,1,260.0113,1,85886,78067,6.8615,5.5613,1.3002,77.32
2025-12-23,277.96,278.51,273.76,275.96,269.64,260.84,250.99,236.37,220.82,256.1634,1,260.7637,1,56355,77329,7.1339,5.8758,1.2581,78.18
2025-12-24,275.35,277.85,275.35,276.39,270.83,262.65,251.67,236.94,221.38,257.8730,1,261.4860,1,24227,75568,7.3003,6.1607,1.1396,78.70
2025-12-26,276.98,278.75,276.04,278.34,271.77,264.35,252.37,237.49,221.95,259.7339,1,262.1794,1,56784,75272,7.5036,6.4293,1.0743,79.03
2025-12-29,278.34,278.45,274.46,277.91,272.58,265.97,253.10,238.05,222.50,259.7339,1,262.8450,1,52273,74454,7.5431,6.6521,0.8911,81.52
2025-12-30,278.80,278.80,275.21,276.91,273.33,267.64,253.79,238.57,223.03,260.5439,1,263.4841,1,69426,73796,7.4081,6.8033,0.6049,81.22
2025-12-31,276.27,276.91,271.86,274.05,273.99,268.87,254.43,239.07,223.54,260.5439,1,264.0976,1,84636,74225,6.9894,6.8405,0.1489,80.37
2026-01-02,275.72,277.37,271.91,273.48,275.03,269.98,255.05,239.56,224.04,260.5439,1,264.6865,1,76615,74623,6.5368,6.7798,-0.2430,79.22
2026-01-05,274.78,280.85,274.05,279.30,276.12,270.69,255.80,240.07,224.57,260.5439,1,265.2519,1,102580,75996,6.5716,6.7381,-0.1666,79.63
2026-01-06,281.75,286.40,281.20,282.36,277.07,271.81,256.53,240.59,225.10,266.4485,1,266.1875,1,113405,76873,6.7684,6.7442,0.0242,79.30
2026-01-07,280.73,282.74,277.87,280.44,277.51,272.97,257.23,241.08,225.63,266.4485,1,267.8047,1,108522,78370,6.6924,6.7338,-0.0414,79.41
2026-01-08,280.78,290.51,280.78,290.13,278.93,274.29,258.13,241.65,226.21,267.2542,1,269.2926,1,112816,79488,7.3290,6.8529,0.4761,81.23
2026-01-09,290.07,292.09,287.42,288.51,280.14,275.49,258.93,242.21,226.76,271.8002,1,271.4142,1,114817,80362,7.6155,7.0054,0.6101,80.72
2026-01-12,288.51,293.69,288.51,293.29,281.64,276.71,259.77,242.78,227.36,273.3893,1,273.8958,1,66928,80049,8.1340,7.2311,0.9029,81.42
2026-01-13,294.42,298.23,291.02,297.44,283.59,278.09,260.75,243.40,227.98,276.5260,1,276.6667,1,143539,81589,8.7789,7.5407,1.2382,82.76
2026-01-14,298.87,303.83,298.21,302.68,286.17,279.75,261.82,244.04,228.65,282.8127,1,280.1174,1,102673,82589,9.6023,7.9530,1.6493,82.99
2026-01-15,304.50,308.20,303.51,304.39,289.20,281.60,262.94,244.68,229.33,287.8142,1,284.3855,1,200194,85821,10.2743,8.4173,1.8571,82.77
2026-01-16,302.68,308.12,301.75,307.30,292.59,283.81,264.17,245.34,229.99,287.8142,1,289.1489,1,113831,87180,10.9161,8.9170,1.9991,83.78
2026-01-20,304.59,313.59,304.36,312.17,295.87,286.00,265.47,246.04,230.68,289.8734,1,292.9596,1,120931,88623,11.6830,9.4702,2.2128,84.93
2026-01-21,312.42,318.38,311.53,317.58,299.39,288.23,266.88,246.77,231.41,295.7043,1,297.0853,1,132038,90388,12.5818,10.0925,2.4893,84.67
2026-01-22,318.55,326.13,317.64,325.24,303.87,290.69,268.42,247.54,232.23,301.9949,1,301.3445,1,191763,92676,13.7535,10.8247,2.9288,85.49
2026-01-23,326.09,328.95,320.73,328.79,307.74,293.34,270.05,248.35,233.10,304.4729,1,306.3026,1,146168,94892,14.7982,11.6194,3.1787,86.19
2026-01-26,327.44,334.78,326.85,333.25,312.21,296.18,271.79,249.18,234.00,310.1048,1,310.8324,1,287995,99435,15.8037,12.4563,3.3474,86.68
2026-01-27,336.90,343.62,335.48,340.08,316.89,299.27,273.58,250.07,234.90,317.8017,1,315.6212,1,410142,105877,16.9560,13.3562,3.5998,86.90
2026-01-28,340.08,343.01,332.41,342.01,321.35,302.47,275.60,250.96,235.83,317.8017,1,321.2206,1,193525,108618,17.8203,14.2490,3.5712,87.46
2026-01-29,344.71,348.93,338.01,348.93,325.97,306.07,277.73,251.90,236.77,319.7178,1,325.7002,1,180956,110421,18.8458,15.1684,3.6774,88.79
2026-01-30,344.05,346.05,336.06,340.73,329.61,309.41,279.76,252.76,237.64,319.7178,1,330.3457,1,347303,116481,18.7801,15.8907,2.8894,89.58
2026-02-02,339.30,352.14,337.82,351.31,334.01,313.30,281.98,253.67,238.56,319.7178,1,334.0620,1,120343,118001,19.3587,16.5843,2.7744,89.99
2026-02-03,355.98,363.04,353.30,358.31,338.62,317.25,284.29,254.64,239.52,330.3419,1,336.0559,1,347406,123985,20.1505,17.2976,2.8529,89.81
2026-02-04,357.27,360.03,342.93,347.22,341.59,320.49,286.49,255.54,240.41,330.3419,1,337.8224,1,147997,125386,19.6560,17.7693,1.8868,90.03
2026-02-05,342.70,346.13,335.79,340.31,343.09,323.48,288.56,256.37,241.28,330.3419,1,363.0405,0,199370,127127,18.4940,17.9142,0.5798,90.18
2026-02-06,344.04,348.12,335.76,337.35,343.95,325.85,290.46,257.17,242.10,330.3419,1,362.4954,0,283629,129699,17.1366,17.7587,-0.6221,88.29
2026-02-09,338.10,342.23,334.96,340.64,344.69,328.45,292.47,258.00,242.94,330.3419,1,361.4260,0,327487,134959,16.1399,17.4349,-1.2950,87.56
2026-02-10,341.48,343.75,330.95,332.81,343.96,330.43,294.24,258.78,243.71,330.3419,1,359.8379,0,220905,137572,14.5504,16.8580,-2.3076,86.56
2026-02-11,335.53,336.59,327.81,328.17,342.58,331.96,295.89,259.54,244.46,362.8299,0,357.5267,0,230369,140935,12.7691,16.0402,-3.2711,84.60
2026-02-12,328.44,330.61,324.10,325.66,340.25,333.11,297.53,260.29,245.19,356.8792,0,354.5546,0,194364,143307,11.0277,15.0377,-4.0100,85.71
2026-02-13,309.62,318.75,303.79,314.92,337.67,333.64,298.84,260.97,245.86,344.4022,0,350.9002,0,370146,148333,8.6815,13.7665,-5.0850,82.82
2026-02-17,317.29,322.34,310.94,318.14,334.35,334.18,300.18,261.68,246.53,344.4022,0,344.3049,0,304093,152821,7.0010,12.4134,-5.4124,82.86
2026-02-18,322.08,331.77,320.73,330.38,331.56,335.09,301.49,262.48,247.29,344.4022,0,338.6329,0,178294,152495,6.5812,11.2469,-4.6658,84.49
2026-02-19,328.96,334.58,325.51,333.63,330.20,335.89,302.96,263.30,248.05,344.4022,0,303.7910,1,249646,155728,6.4362,10.2848,-3.8486,84.63
2026-02-20,334.53,336.29,325.00,334.44,329.62,336.35,304.50,264.09,248.81,344.4022,0,304.4067,1,167595,158000,6.3140,9.4906,-3.1766,84.90
2026-02-23,336.30,337.96,328.05,328.92,328.77,336.36,305.81,264.84,249.55,344.4022,0,305.6822,1,75301,158043,5.7061,8.7337,-3.0276,84.71
2026-02-24,331.53,336.53,325.74,336.52,328.36,336.52,307.25,265.64,250.32,344.4022,0,307.6186,1,172197,159790,5.7711,8.1412,-2.3701,84.64
2026-02-25,336.41,344.54,336.41,339.11,328.99,336.48,308.65,266.44,251.10,344.4022,0,309.4389,1,173486,160780,5.9626,7.7055,-1.7428,85.01
2026-02-26,337.33,341.18,332.14,339.44,330.12,336.35,310.04,267.19,251.87,344.4022,0,312.2473,1,133092,161827,6.0707,7.3785,-1.3078,84.94
2026-02-27,338.24,343.32,330.34,330.75,330.63,335.44,311.27,267.89,252.60,344.4022,0,314.8311,1,277797,166311,5.3930,6.9814,-1.5884,84.16
2026-03-02,326.98,337.38,323.62,337.01,332.84,335.25,312.66,268.63,253.35,344.4022,0,317.2082,1,88941,166462,5.3003,6.6452,-1.3449,84.64
2026-03-03,328.30,332.27,314.54,317.67,332.79,333.57,313.75,269.26,254.00,344.4022,0,344.5447,0,296285,169698,3.6240,6.0409,-2.4170,81.83
2026-03-04,320.14,326.21,318.12,323.92,332.14,331.85,314.86,269.90,254.68,344.4022,0,343.9446,0,119511,170733,2.7683,5.3864,-2.6181,82.61
2026-03-05,319.45,323.92,310.71,319.10,330.69,330.45,315.79,270.53,255.34,344.4022,0,343.3566,0,117498,169842,1.6816,4.6454,-2.9638,82.31
2026-03-06,317.42,320.38,309.44,315.65,328.81,329.21,316.58,271.13,255.99,344.4022,0,342.0509,0,203631,172197,0.5361,3.8236,-3.2875,82.98
2026-03-09,311.45,314.92,305.27,314.72,327.39,328.08,317.36,271.72,256.62,344.4022,0,340.0945,0,82861,172727,-0.4414,2.9706,-3.4119,81.87
2026-03-10,317.81,330.17,314.44,325.88,326.32,327.34,318.35,272.35,257.29,344.4022,0,337.3086,0,132280,174888,-0.3125,2.3140,-2.6264,83.97
2026-03-11,322.61,325.73,317.44,322.37,324.65,326.82,319.23,272.96,257.93,344.4022,0,334.7456,0,58373,174919,-0.4875,1.7537,-2.2412,82.57
2026-03-12,312.85,316.88,309.90,310.52,321.76,325.94,319.88,273.48,258.50,344.4022,0,332.3876,0,137299,176620,-1.5643,1.0901,-2.6544,81.79
2026-03-13,314.61,319.14,309.42,310.98,319.78,325.20,320.56,273.99,259.07,344.4022,0,330.2183,0,140726,178046,-2.3536,0.4014,-2.7550,83.05
2026-03-16,315.57,320.41,308.85,317.65,317.85,325.34,321.43,274.52,259.66,344.4022,0,328.2225,0,76212,177878,-2.4135,-0.1616,-2.2519,83.13
2026-03-17,322.37,325.67,317.84,319.48,318.03,325.41,322.35,275.06,260.26,344.4022,0,326.3864,0,114493,178635,-2.2867,-0.5866,-1.7000,82.55
2026-03-18,319.48,323.11,308.77,309.42,316.58,324.36,322.95,275.53,260.79,344.4022,0,325.6669,0,93939,178462,-2.9641,-1.0621,-1.9020,80.44
2026-03-19,303.03,314.41,300.79,313.50,316.02,323.35,323.58,276.03,261.34,342.9066,0,325.6669,0,102764,178249,-3.1350,-1.4767,-1.6583,81.41
2026-03-20,311.53,314.28,305.01,307.12,315.16,321.99,324.11,276.48,261.84,342.9066,0,323.1795,0,169215,179463,-3.7421,-1.9298,-1.8123,80.59
2026-03-23,315.95,323.23,312.23,314.94,315.19,321.29,324.61,276.98,262.39,342.9066,0,300.7927,1,107459,179356,-3.5512,-2.2541,-1.2971,81.26
2026-03-24,308.44,317.46,308.44,315.34,314.13,320.23,325.14,277.47,262.94,342.9066,0,301.2415,1,89033,178841,-3.3299,-2.4692,-0.8607,81.00
2026-03-25,320.00,325.68,317.29,323.60,314.26,319.45,325.75,278.03,263.52,342.9066,0,301.6813,1,116141,179825,-2.4590,-2.4672,0.0082,81.22
2026-03-26,320.06,324.85,313.62,313.71,314.57,318.17,326.08,278.54,264.07,342.9066,0,302.6411,1,78751,178529,-2.5377,-2.4813,-0.0564,81.22
2026-03-27,313.64,315.00,305.34,307.88,314.26,317.02,326.18,278.99,264.58,342.9066,0,303.5625,1,123910,178954,-3.0359,-2.5922,-0.4437,81.11
2026-03-30,309.29,309.29,302.41,305.01,313.00,315.42,326.19,279.40,265.06,338.5080,0,325.6765,0,91038,176771,-3.6202,-2.7978,-0.8224,81.48
2026-03-31,311.78,324.66,305.68,323.87,313.44,315.73,326.52,279.96,265.64,338.5080,0,325.2111,0,159381,177682,-2.5322,-2.7447,0.2124,82.44
2026-04-01,330.29,332.29,325.58,325.86,315.08,315.83,326.80,280.51,266.23,338.5080,0,302.4064,1,100740,177278,-1.4926,-2.4943,1.0017,82.51
2026-04-02,318.51,328.10,315.51,324.64,316.20,316.11,326.94,281.07,266.81,338.5080,0,303.0042,1,59802,175833,-0.7586,-2.1471,1.3886,81.63
2026-04-06,324.17,328.35,322.04,323.54,317.84,316.50,326.90,281.60,267.38,338.5080,0,303.5900,1,61227,173222,-0.2624,-1.7702,1.5078,81.60
2026-04-07,321.71,323.82,317.46,322.21,318.57,316.88,326.77,282.11,267.95,338.5080,0,304.1640,1,66374,171626,0.0234,-1.4115,1.4349,80.90
2026-04-08,332.04,340.89,332.04,336.35,320.67,317.40,326.83,282.69,268.59,338.5080,0,304.7266,1,119025,168247,1.3752,-0.8541,2.2293,81.30
2026-04-09,334.30,338.92,330.49,336.47,321.95,318.10,326.76,283.27,269.24,338.5080,0,306.1731,1,153422,163113,2.4278,-0.1977,2.6255,81.67
2026-04-10,337.19,342.46,331.17,333.65,323.95,319.26,326.60,283.84,269.87,338.5080,0,307.5616,1,101856,161279,3.0001,0.4418,2.5582,81.23
2026-04-13,335.64,348.97,331.70,345.03,327.66,320.96,326.52,284.48,270.56,305.1922,1,309.6557,1,232847,162317,4.3222,1.2179,3.1043,82.00
2026-04-14,346.11,346.11,338.06,341.45,331.31,322.15,326.53,285.08,271.20,308.0437,1,312.8005,1,124155,157854,5.0232,1.9790,3.0442,80.05
2026-04-15,342.03,342.03,300.32,302.21,329.14,321.29,325.55,285.41,271.64,364.3297,0,348.9657,0,420710,163862,2.3845,2.0601,0.3244,70.12
2026-04-16,303.76,325.58,301.79,324.86,329.04,322.06,324.88,285.90,272.20,359.6575,0,347.9929,0,355700,164027,2.0975,2.0675,0.0299,76.28
2026-04-17,325.82,333.55,313.60,316.96,328.27,322.24,324.28,286.31,272.72,359.6575,0,347.0395,0,238399,165835,1.2180,1.8976,-0.6796,71.82
2026-04-20,315.03,324.50,312.73,320.69,327.99,322.91,323.88,286.76,273.24,359.6575,0,346.1052,0,111872,164085,0.8130,1.6807,-0.8677,72.89
2026-04-21,322.47,330.13,316.03,318.18,327.59,323.08,323.50,287.19,273.75,359.6575,0,345.1896,0,85171,160116,0.2860,1.4018,-1.1158,72.37
2026-04-22,322.09,323.70,315.04,319.37,325.89,323.28,323.07,287.59,274.27,359.6575,0,344.2923,0,129975,156166,-0.0349,1.1144,-1.1493,71.00
2026-04-23,318.93,321.52,307.01,308.89,323.13,322.54,322.60,287.88,274.74,358.0334,0,343.4130,0,124576,154239,-1.1223,0.6671,-1.7894,66.98
2026-04-24,308.42,315.82,305.91,309.04,320.67,322.31,322.21,288.27,275.21,353.2308,0,342.5512,0,101788,151668,-1.9493,0.1438,-2.0931,66.09
2026-04-27,309.04,311.58,302.14,305.50,316.72,322.19,321.81,288.64,275.67,347.8218,0,341.7067,0,92399,149629,-2.8576,-0.4565,-2.4011,62.92
2026-04-28,304.51,306.24,302.00,306.24,313.20,322.25,321.64,288.98,276.14,342.2600,0,340.8790,0,99487,144215,-3.4772,-1.0606,-2.4166,63.70
2026-04-29,306.58,310.48,301.02,303.71,313.35,321.24,321.35,289.32,276.60,342.2600,0,340.0679,0,61290,139359,-4.1257,-1.6736,-2.4521,64.19
2026-04-30,306.28,311.16,302.90,309.54,311.81,320.43,320.93,289.69,277.09,342.2600,0,339.2731,0,61171,137017,-4.1213,-2.1632,-1.9581,62.97
2026-05-01,308.66,312.34,306.73,307.44,310.86,319.57,320.41,290.06,277.57,342.2600,0,338.4941,0,46042,132945,-4.2385,-2.5782,-1.6603,62.34
2026-05-04,307.26,309.38,303.49,305.54,309.35,318.67,319.83,290.42,278.02,338.8119,0,337.7307,0,62140,130836,-4.4336,-2.9493,-1.4843,65.16
2026-05-05,307.66,310.47,302.97,304.03,307.93,317.76,319.33,290.74,278.46,338.1091,0,336.9826,0,105677,131443,-4.6563,-3.2907,-1.3656,62.91
2026-05-06,310.33,313.64,303.59,311.81,307.17,316.53,318.84,291.13,278.94,338.1091,0,336.2495,0,99239,129984,-4.1569,-3.4639,-0.6929,65.49
2026-05-07,310.52,314.14,304.76,307.25,307.01,315.07,318.20,291.51,279.38,338.1091,0,335.5310,0,91801,128350,-4.0823,-3.5876,-0.4947,63.39
2026-05-08,311.86,317.78,309.14,315.58,307.66,314.17,317.72,291.96,279.83,338.1091,0,334.8268,0,149551,128679,-3.3124,-3.5326,0.2201,65.92
2026-05-11,315.67,318.09,307.02,307.87,307.90,312.31,317.27,292.32,280.23,338.1091,0,334.1368,0,102562,125175,-3.2870,-3.4835,0.1965,65.04
2026-05-12,305.08,311.43,303.25,309.21,308.20,310.70,316.71,292.70,280.65,337.9074,0,333.4606,0,97988,125356,-3.1229,-3.4113,0.2884,65.00
2026-05-13,308.74,310.08,297.92,303.34,308.16,310.75,316.42,293.05,281.05,335.1628,0,332.7978,0,159825,122627,-3.4265,-3.4144,-0.0121,64.38
2026-05-14,303.54,314.17,301.74,312.90,308.50,310.15,316.20,293.45,281.48,335.1628,0,331.4027,0,188881,124014,-2.8628,-3.3041,0.4413,66.84
2026-05-15,307.37,323.57,299.59,302.03,307.96,309.41,315.86,293.80,281.86,335.1628,0,330.0633,0,211295,125890,-3.2554,-3.2943,0.0390,63.20
2026-05-18,302.09,310.28,300.00,303.86,307.79,308.57,315.63,294.20,282.25,335.1628,0,328.7775,0,102644,123870,-3.3802,-3.3115,-0.0687,63.36
2026-05-19,306.43,316.57,303.87,315.79,308.96,308.45,315.65,294.67,282.70,335.1628,0,327.5432,0,204853,126310,-2.4877,-3.1467,0.6590,68.99
2026-05-20,313.37,335.55,313.37,333.27,311.11,309.14,315.79,295.27,283.21,335.1628,0,297.9185,1,222924,128123,-0.3658,-2.5905,2.2248,72.57
2026-05-21,331.42,345.77,328.91,344.00,314.79,310.90,316.23,295.94,283.77,297.4743,1,298.6712,1,182939,130614,2.1568,-1.6411,3.7979,74.91
2026-05-22,344.48,350.00,332.55,334.30,316.66,312.16,316.70,296.56,284.29,300.1609,1,300.5551,1,152073,130910,3.3349,-0.6459,3.9808,71.53
2026-05-26,337.30,353.61,336.11,351.75,321.05,314.47,317.52,297.29,284.87,302.0643,1,303.5218,1,108902,130273,5.6119,0.6057,5.0062,76.28
2026-05-27,351.24,354.41,343.08,348.24,324.95,316.57,318.13,298.00,285.42,306.8299,1,307.5289,1,120317,131155,7.0519,1.8949,5.1570,75.80
2026-05-28,345.77,345.77,336.82,341.50,328.76,318.46,318.57,298.66,285.94,306.8299,1,312.2170,1,233893,133543,7.5621,3.0283,4.5337,72.28
2026-05-29,340.79,347.64,337.67,342.63,331.74,320.12,319.23,299.33,286.45,306.8299,1,316.4363,1,271466,137094,7.9657,4.0158,3.9499,73.95
2026-06-01,339.55,343.80,335.75,340.56,335.59,321.77,319.78,299.96,286.97,306.8299,1,320.2336,1,104756,137134,8.0261,4.8179,3.2082,71.43
2026-06-02,340.58,344.88,337.18,343.93,339.60,323.69,320.51,300.62,287.49,306.8299,1,323.6513,1,88184,135513,8.2508,5.5045,2.7463,72.82
2026-06-03,339.58,343.31,327.42,327.42,340.76,324.86,320.76,301.17,287.92,306.8299,1,326.7272,1,269205,138748,7.0157,5.8067,1.2090,68.30
2026-06-04,330.50,333.76,325.00,326.53,340.09,325.60,320.98,301.69,288.35,306.8299,1,354.4100,0,221910,141405,5.8972,5.8248,0.0724,66.89
2026-06-05,322.37,324.36,310.75,322.50,337.94,326.36,320.96,302.16,288.77,306.8299,1,353.8218,0,388645,146856,4.6321,5.5863,-0.9542,65.68
2026-06-08,317.99,320.98,299.00,319.89,336.50,326.58,321.09,302.64,289.18,306.8299,1,352.0989,0,504978,155380,3.3800,5.1450,-1.7650,63.93
2026-06-09,341.70,366.22,339.09,349.61,336.28,328.66,321.92,303.31,289.72,306.8299,1,299.0000,1,498858,162879,4.7313,5.0623,-0.3310,76.16
2026-06-10,346.84,355.88,343.41,351.66,336.62,330.79,322.85,303.99,290.27,306.8299,1,299.0000,1,237406,165806,5.8996,5.2297,0.6699,76.42
2026-06-11,364.41,374.84,362.05,368.38,339.31,334.04,323.74,304.81,290.90,316.7852,1,300.3444,1,268991,167999,8.0815,5.8001,2.2814,78.41
2026-06-12,374.47,376.77,368.61,369.55,342.00,336.87,324.62,305.63,291.54,323.6792,1,303.3242,1,114228,168268,9.7922,6.5985,3.1937,77.75
2026-06-15,369.67,374.52,359.33,362.32,344.18,339.88,325.37,306.40,292.15,323.6792,1,307.7310,1,236994,171812,10.4441,7.3676,3.0765,75.84
2026-06-16,365.28,368.46,361.26,364.28,346.21,342.91,326.19,307.17,292.74,323.6792,1,311.8733,1,173106,174050,10.9923,8.0925,2.8997,77.09
2026-06-17,374.84,396.03,374.84,386.94,352.17,346.46,327.48,308.10,293.45,334.5460,1,315.7671,1,220091,177124,13.1041,9.0949,4.0092,82.26
2026-06-18,398.52,398.52,380.57,382.76,357.79,348.94,328.41,309.01,294.12,338.3599,1,322.1881,1,258172,179907,14.2758,10.1310,4.1448,80.36
2026-06-22,383.09,390.00,378.48,380.57,363.60,350.77,329.29,309.88,294.78,338.3599,1,329.8213,1,164292,180124,14.8565,11.0761,3.7804,79.62
2026-06-23,375.35,378.45,368.53,368.77,368.48,352.49,329.99,310.73,295.38,338.3599,1,336.6912,1,174428,181576,14.2008,11.7011,2.4997,77.68
2026-06-24,371.19,385.64,368.75,376.49,371.17,353.73,330.62,311.62,296.01,338.3599,1,342.8741,1,185045,180620,14.1411,12.1891,1.9520,80.72
2026-06-25,379.15,390.19,371.25,380.41,374.05,355.34,331.40,312.57,296.66,338.3599,1,348.4387,1,165631,181449,14.2459,12.6004,1.6455,80.83
2026-06-26,380.82,391.21,380.01,384.10,375.62,357.47,333.04,313.52,297.32,338.3599,1,353.4468,1,105474,175145,14.4600,12.9724,1.4876,80.91
2026-06-29,381.57,389.70,379.59,384.74,377.14,359.57,334.24,314.47,297.98,338.6793,1,357.9541,1,101610,170063,14.5140,13.2807,1.2333,80.14
2026-06-30,385.00,394.26,385.00,389.58,379.86,362.02,335.69,315.48,298.66,345.4049,1,362.0107,1,148352,168262,14.7770,13.5800,1.1971,80.73
2026-07-01,386.47,399.38,384.25,387.00,382.14,364.18,337.02,316.49,299.32,347.4734,1,365.6616,1,157199,169168,14.6089,13.7857,0.8231,81.18
2026-07-02,390.81,396.38,388.93,391.21,382.56,367.36,338.48,317.48,300.01,349.9335,1,369.7078,1,95925,169384,14.6465,13.9579,0.6886,82.31
2026-07-06,395.52,398.58,389.46,392.32,383.52,370.65,339.94,318.49,300.68,352.8347,1,373.2685,1,107496,168934,14.5976,14.0858,0.5118,81.62
2026-07-07,389.60,394.00,385.86,386.47,384.11,373.85,341.49,319.44,301.28,352.8347,1,376.4019,1,97043,168383,13.9263,14.0539,-0.1276,81.58
2026-07-08,384.54,389.09,376.59,381.47,385.38,376.93,342.94,320.35,301.94,352.8347,1,399.3800,0,110931,168566,12.8428,13.8117,-0.9689,80.48
2026-07-09,382.80,394.75,378.26,391.92,386.92,379.05,344.66,321.34,302.64,352.8347,1,398.9242,0,126865,169255,12.6811,13.5856,-0.9045,81.44
2026-07-10,395.96,402.19,394.11,400.81,388.96,381.50,346.56,322.35,303.37,358.7773,1,376.5900,1,82246,168911,13.1191,13.4923,-0.3732,82.70
2026-07-13,401.21,403.30,387.80,389.22,389.47,382.55,348.27,323.27,304.05,358.7773,1,377.1020,1,81736,169320,12.3882,13.2715,-0.8833,81.82
2026-07-14,394.24,397.15,389.70,392.24,390.22,383.68,349.92,324.11,304.74,358.7773,1,378.1499,1,101904,170134,11.9153,13.0002,-1.0849,84.93
2026-07-15,393.64,399.89,392.09,398.20,391.09,385.48,351.74,325.03,305.48,359.0397,1,379.1559,1,102218,171258,11.8844,12.7771,-0.8926,83.36
2026-07-16,392.40,396.51,387.08,387.44,391.13,386.63,353.37,325.90,306.16,359.0397,1,380.1217,1,142113,172857,10.8665,12.3950,-1.5285,82.89
2026-07-17,382.00,393.38,377.45,390.58,391.07,386.81,355.10,326.75,306.83,359.0397,1,403.3000,0,98973,172723,10.1956,11.9551,-1.7595,83.55
2026-07-20,390.44,397.68,386.11,386.85,390.52,387.02,356.60,327.56,307.50,359.0397,1,402.7830,0,93386,172606,9.2562,11.4153,-2.1591,82.38
2026-07-21,392.65,396.15,389.79,391.10,390.98,387.55,358.28,328.38,308.20,359.0397,1,402.2763,0,109704,172964,8.7538,10.8830,-2.1292,81.06
2026-07-22,391.61,394.27,386.20,393.67,392.20,388.79,359.84,329.20,308.93,359.0397,1,401.7798,0,277104,175515,8.4654,10.3995,-1.9341,82.56
2026-07-23,390.38,393.02,385.12,387.63,391.77,389.35,361.44,329.99,309.60,359.0397,1,401.2932,0,65820,174780,7.6612,9.8518,-2.1906,81.80
2026-07-24,391.52,394.26,386.06,388.42,390.54,389.75,363.02,330.80,310.28,359.0397,1,400.8163,0,63196,174084,7.0068,9.2828,-2.2760,82.36
2026-07-27,392.28,395.59,383.99,390.99,390.71,390.09,364.78,331.65,310.98,359.0397,1,400.3490,0,68658,172261,6.6193,8.7501,-2.1308,82.43
2026-07-28,381.07,393.19,381.07,388.95,390.38,390.30,366.30,332.45,311.66,359.0397,1,399.8910,0,77596,170035,6.0775,8.2156,-2.1381,82.22
2026-07-29,390.61,391.88,380.43,383.93,388.96,390.02,367.94,333.19,312.33,359.0397,1,399.4422,0,77247,167354,5.1833,7.6091,-2.4258,82.44
2026-07-30,390.09,402.84,390.09,402.27,390.44,390.78,369.90,334.04,313.13,360.3645,1,377.4500,1,165816,168618,5.8866,7.2646,-1.3780,85.92
2026-07-31,409.30,413.25,400.24,400.58,391.44,391.25,371.60,334.87,313.90,370.3516,1,377.9578,1,139842,167318,6.2358,7.0589,-0.8230,85.56
2026-08-03,396.07,401.93,392.83,395.79,392.33,391.43,372.85,335.66,314.67,370.3516,1,379.3695,1,106784,164995,6.0562,6.8583,-0.8021,85.34
2026-08-04,393.67,400.61,390.79,392.12,392.44,391.71,373.81,336.42,315.41,370.3516,1,380.7247,1,124067,163817,5.5537,6.5974,-1.0437,82.20
2026-08-05,391.49,400.97,391.49,394.88,392.56,392.38,375.02,337.20,316.18,370.3516,1,382.0257,1,80832,162393,5.3169,6.3413,-1.0244,84.24
2026-08-06,395.60,399.26,391.24,392.57,393.05,392.41,375.84,337.97,316.93,370.3516,1,383.2747,1,65952,161534,4.8865,6.0504,-1.1638,83.77
2026-08-07,392.82,396.02,385.44,386.93,392.90,391.72,376.61,338.73,317.65,370.3516,1,384.4737,1,81371,160755,4.0437,5.6490,-1.6053,81.28
2026-08-10,384.74,392.52,381.67,382.21,392.02,391.37,377.43,339.45,318.35,370.3516,1,413.2500,0,80646,157690,2.9608,5.1114,-2.1506,80.99
2026-08-11,385.00,389.00,374.69,377.00,390.83,390.61,378.12,340.10,319.03,370.3516,1,412.6184,0,115400,154568,1.6630,4.4217,-2.7587,79.75
2026-08-12,381.14,384.43,372.15,372.22,389.66,389.31,378.75,340.70,319.66,370.3516,1,411.1013,0,101802,154509,0.2459,3.5865,-3.3406,75.40
2026-08-13,373.73,379.44,370.56,375.14,386.94,388.69,379.37,341.33,320.31,370.3516,1,408.7642,0,127247,155291,-0.6342,2.7424,-3.3766,77.52
2026-08-14,384.30,392.16,376.00,386.36,385.52,388.48,380.55,341.97,321.01,370.3516,1,405.7079,0,175948,153426,-0.4214,2.1096,-2.5311,79.93
2026-08-17,385.23,392.39,375.51,378.28,383.77,388.05,381.59,342.57,321.66,370.3516,1,402.8960,0,166557,152318,-0.8945,1.5088,-2.4033,75.69
2026-08-18,376.21,389.70,365.78,368.44,381.40,386.92,382.51,343.07,322.25,408.5282,0,400.3091,0,129101,147128,-2.0399,0.7991,-2.8390,71.57
2026-08-19,371.98,380.37,365.58,368.98,378.81,385.68,383.49,343.55,322.85,408.5282,0,396.8562,0,95271,138933,-2.8710,0.0650,-2.9361,69.70
2026-08-20,368.14,377.91,368.14,370.21,376.58,384.81,383.90,344.00,323.46,408.5282,0,393.1031,0,110508,131166,-3.3913,-0.6262,-2.7651,74.31
2026-08-21,375.09,379.83,373.72,378.97,375.78,384.34,384.45,344.50,324.11,408.5282,0,389.8003,0,73065,127880,-3.0615,-1.1133,-1.9482,74.71
2026-08-24,379.09,381.54,375.18,379.74,375.53,383.78,384.67,344.98,324.78,408.5282,0,386.8939,0,75682,124013,-2.7068,-1.4320,-1.2748,74.71
2026-08-25,381.54,383.69,375.21,383.30,376.16,383.50,384.95,345.45,325.46,408.5282,0,384.3362,0,82256,123374,-2.1140,-1.5684,-0.5456,77.89
2026-08-26,382.88,385.97,380.88,382.55,377.20,383.43,385.35,345.89,326.13,408.5282,0,365.5800,1,92042,120475,-1.6854,-1.5918,-0.0936,76.02
2026-08-27,380.99,383.01,372.09,373.20,377.00,381.97,385.53,346.21,326.76,408.5282,0,365.9878,1,115916,119331,-2.0762,-1.6887,-0.3875,72.92
2026-08-28,377.79,377.79,367.96,368.40,375.21,380.36,385.16,346.47,327.37,405.8525,0,366.3874,1,204388,119017,-2.7416,-1.8993,-0.8424,71.42
2026-08-31,372.48,373.47,365.65,366.38,374.02,378.89,384.83,346.69,327.97,401.5858,0,385.9700,0,142558,116705,-3.3929,-2.1980,-1.1949,72.77
2026-09-01,366.02,374.37,364.49,372.52,374.42,377.91,384.67,346.91,328.58,401.2172,0,385.5636,0,109484,115609,-3.3747,-2.4333,-0.9413,76.30
2026-09-02,374.93,383.81,372.52,379.56,375.48,377.15,384.89,347.16,329.27,401.2172,0,384.7207,0,105745,114235,-2.7603,-2.4987,-0.2616,76.09
2026-09-03,382.06,386.20,377.71,384.19,376.88,376.73,385.04,347.39,329.98,401.2172,0,364.4900,1,82678,112188,-1.8782,-2.3746,0.4964,79.45
2026-09-04,380.33,385.26,380.12,382.53,377.24,376.51,385.08,347.67,330.70,401.2172,0,364.9242,1,57150,110018,-1.2981,-2.1593,0.8612,74.47
2026-09-08,383.87,385.29,375.59,377.24,376.99,376.26,384.95,347.85,331.38,401.2172,0,365.3497,1,218573,112280,-1.2508,-1.9776,0.7268,72.58
2026-09-09,375.83,380.83,374.03,375.51,376.21,376.19,384.76,347.96,332.04,401.2172,0,365.7667,1,183399,113916,-1.3375,-1.8496,0.5121,72.07
2026-09-10,374.09,379.92,370.90,379.44,375.90,376.55,384.56,348.17,332.75,401.2172,0,366.1754,1,204670,115042,-1.0767,-1.6950,0.6183,74.62
2026-09-11,384.29,385.72,376.21,377.90,376.37,376.68,384.38,348.43,333.46,401.2172,0,366.5759,1,93984,113778,-0.9829,-1.5526,0.5697,73.56
2026-09-14,375.91,380.50,373.21,376.04,377.13,376.17,384.07,348.68,334.13,401.2172,0,366.9684,1,83594,113531,-1.0466,-1.4514,0.4048,73.42
2026-09-15,376.32,379.82,369.71,372.90,377.78,375.90,383.68,348.90,334.79,401.2172,0,367.3530,1,143566,114253,-1.3351,-1.4281,0.0930,67.53
2026-09-16,376.57,387.04,376.00,381.14,378.65,376.53,383.58,349.22,335.48,401.2172,0,367.7299,1,205625,116424,-0.8886,-1.3202,0.4317,73.14
2026-09-17,383.05,384.74,376.47,383.96,379.09,377.28,383.63,349.59,336.17,401.2172,0,368.5023,1,129176,116789,-0.3037,-1.1169,0.8133,73.99
