Date,Open,High,Low,Close,Ma10:Top:Line,Ma20:Top:Line,Ma50:Top:Line,Ma150:Top:Line,Ma200:Top:Line,Supertrend:Top:ColorLine,Supertrend_Dir,ParabolicSAR:Top:ColorLine,ParabolicSAR_Dir,Volume:Middle:Histogram,Vo50:Middle:Line,Macd:Bottom:Line,MacdSignal:Bottom:Line,MacdDelta:Bottom:Histogram,RsRating:Hidden:Hidden
2023-07-13,64.03,66.45,63.87,66.37,,,,,,,0,63.8659,1,109132,,,,,0
2023-07-14,66.17,66.57,65.20,65.38,,,,,,,0,63.8659,1,100298,,,,,0
2023-07-17,64.04,64.71,63.68,64.62,,,,,,,0,66.5738,0,48828,,,,,0
2023-07-18,64.37,65.75,64.27,65.26,,,,,,,0,66.5738,0,75682,,,,,0
2023-07-19,64.27,65.48,64.05,65.36,,,,,,,0,66.5159,0,95006,,,,,0
2023-07-20,66.31,67.17,65.89,66.64,,,,,,,0,63.6786,1,99375,,,,,0
2023-07-21,66.97,67.06,66.36,66.74,,,,,,,0,63.7484,1,65705,,,,,0
2023-07-24,66.75,68.02,66.57,67.59,,,,,,,0,63.8168,1,75251,,,,,0
2023-07-25,68.63,71.96,68.50,71.18,,,,,,,0,63.9850,1,163276,,,,,0
2023-07-26,71.01,72.18,70.93,71.55,67.07,,,,,76.9967,0,64.4633,1,135440,,,,,0
2023-07-27,71.56,72.99,71.30,71.50,67.58,,,,,76.9967,0,65.0804,1,116231,,,,,0
2023-07-28,72.67,72.76,70.68,72.57,68.30,,,,,76.9967,0,65.8718,1,66923,,,,,0
2023-07-31,73.11,74.59,73.11,74.46,69.29,,,,,76.9967,0,66.5840,1,105050,,,,,0
2023-08-01,73.26,73.34,71.97,72.29,69.99,,,,,76.9967,0,67.5444,1,109236,,,,,0
2023-08-02,70.64,71.52,69.59,69.91,70.44,,,,,76.5274,0,68.3895,1,90540,,,,,0
2023-08-03,69.94,71.92,69.92,71.33,70.91,,,,,76.5274,0,69.1332,1,88285,,,,,0
2023-08-04,71.14,71.70,70.50,71.43,71.38,,,,,76.5274,0,69.5883,1,85692,,,,,0
2023-08-07,71.81,72.00,71.00,71.58,71.78,,,,,76.5274,0,69.9204,1,75999,,,,,0
2023-08-08,69.83,72.49,69.56,72.08,71.87,,,,,76.5274,0,74.5869,0,108941,,,,,0
2023-08-09,72.71,72.80,71.46,71.87,71.90,69.49,,,,76.5274,0,74.4863,0,69572,,,,,0
2023-08-10,72.35,73.31,71.20,71.75,71.93,69.76,,,,76.5274,0,74.3876,0,86765,,,,,0
2023-08-11,70.69,71.24,70.24,70.80,71.75,70.03,,,,76.3149,0,74.2910,0,95056,,,,,0
2023-08-14,69.81,70.53,68.73,70.37,71.34,70.31,,,,75.2701,0,74.1963,0,78907,,,,,0
2023-08-15,69.52,69.68,68.69,69.07,71.02,70.50,,,,74.7620,0,73.9776,0,92629,,,,,0
2023-08-16,68.60,69.85,68.33,69.20,70.95,70.70,,,,74.5684,0,73.6600,0,103924,,,,,0
2023-08-17,70.60,70.87,68.78,68.90,70.71,70.81,,,,74.5684,0,73.2338,0,71299,,,,,0
2023-08-18,68.08,68.12,66.32,66.57,70.22,70.80,,,,72.9919,0,72.8416,0,116632,,,,,0
2023-08-21,66.86,67.84,66.73,67.72,69.83,70.81,,,,72.8633,0,72.1890,0,67406,,,,,0
2023-08-22,68.90,68.91,67.87,68.27,69.45,70.66,,,,72.8633,0,71.6016,0,55818,,,,,0
2023-08-23,68.56,70.34,68.26,70.17,69.28,70.59,,,,72.8633,0,71.0730,0,91280,,,,,0
2023-08-24,69.22,69.98,67.90,68.01,68.91,70.42,,,,72.8633,0,70.5972,0,93591,,,,,0
2023-08-25,68.42,68.46,66.36,67.04,68.53,70.14,,,,72.8633,0,70.3399,0,50828,,,,,0
2023-08-28,67.65,68.17,67.29,68.06,68.30,69.82,,,,72.8633,0,69.9780,0,81650,,,,,0
2023-08-29,68.08,69.40,67.55,69.39,68.33,69.68,,,,72.8633,0,69.6117,0,68941,,-0.1940,-0.0086,-0.1854,0
2023-08-30,69.49,70.12,69.10,69.86,68.40,69.67,,,,72.8633,0,66.3153,1,59830,,-0.0937,-0.0256,-0.0681,0
2023-08-31,69.90,70.21,69.44,69.51,68.46,69.58,,,,72.8633,0,66.3913,1,70376,,-0.0414,-0.0288,-0.0127,0
2023-09-01,70.99,71.62,70.61,70.79,68.88,69.55,,,,72.8633,0,66.5441,1,57777,,0.1017,-0.0027,0.1044,0
2023-09-05,70.44,70.95,68.29,68.34,68.94,69.39,,,,72.8633,0,66.8489,1,99862,,0.0174,0.0013,0.0161,0
2023-09-06,67.76,68.60,67.25,68.58,68.98,69.21,,,,72.8633,0,67.1354,1,84379,,-0.0296,-0.0048,-0.0247,0
2023-09-07,67.69,67.88,67.07,67.65,68.72,69.00,,,,72.6336,0,71.6240,0,63051,,-0.1403,-0.0319,-0.1083,0
2023-09-08,67.25,67.88,66.98,67.84,68.71,68.81,,,,72.3422,0,71.5330,0,62149,,-0.2103,-0.0676,-0.1427,0
2023-09-11,69.84,70.12,69.07,69.29,68.93,68.73,,,,72.3422,0,71.3508,0,42508,,-0.1472,-0.0835,-0.0637,0
2023-09-12,68.50,69.28,68.05,68.33,68.96,68.63,,,,72.3422,0,71.1760,0,61204,,-0.1725,-0.1013,-0.0712,0
2023-09-13,68.33,68.40,67.31,67.54,68.77,68.55,,,,72.3422,0,71.0081,0,58268,,-0.2535,-0.1318,-0.1218,0
2023-09-14,68.99,70.07,68.96,69.12,68.70,68.55,,,,72.3422,0,70.8469,0,102284,,-0.1877,-0.1429,-0.0447,0
2023-09-15,69.22,69.42,68.65,68.75,68.62,68.54,,,,72.3422,0,70.6922,0,130791,,-0.1642,-0.1472,-0.0170,0
2023-09-18,68.64,68.99,68.03,68.65,68.41,68.65,,,,72.3422,0,70.5437,0,58502,,-0.1514,-0.1480,-0.0034,0
2023-09-19,68.60,68.87,67.13,67.65,68.34,68.64,,,,72.3422,0,70.4011,0,59825,,-0.2195,-0.1623,-0.0572,0
2023-09-20,68.16,68.81,67.07,67.12,68.19,68.58,,,,72.3422,0,70.2642,0,33122,,-0.3129,-0.1925,-0.1205,0
2023-09-21,65.50,66.22,64.67,65.50,67.98,68.35,68.99,,,70.4322,0,70.1328,0,92203,83506,-0.5118,-0.2563,-0.2555,0
2023-09-22,66.36,66.57,64.18,64.40,67.63,68.17,68.95,,,70.4322,0,69.8050,0,101775,83359,-0.7491,-0.3549,-0.3942,0
2023-09-25,63.77,64.44,63.10,64.20,67.13,68.03,68.93,,,68.8561,0,69.3548,0,80967,82973,-0.9423,-0.4724,-0.4699,0
2023-09-26,63.39,64.08,62.43,62.62,66.55,67.76,68.89,,,68.3672,0,68.7294,0,156619,85128,-1.2094,-0.6198,-0.5897,0
2023-09-27,63.00,63.14,62.01,62.74,66.07,67.42,68.84,,,67.5096,0,67.9733,0,74977,85114,-1.3953,-0.7749,-0.6204,0
2023-09-28,63.65,65.04,63.56,64.63,65.63,67.16,68.82,,,67.5096,0,67.1379,0,58597,84386,-1.3738,-0.8947,-0.4791,0
2023-09-29,65.62,66.03,64.65,64.88,65.24,66.93,68.79,,,67.5096,0,66.4195,0,60172,83602,-1.3213,-0.9800,-0.3413,0
2023-10-02,64.20,65.03,63.11,63.73,64.75,66.58,68.73,,,67.5096,0,66.0309,0,76013,83808,-1.3573,-1.0555,-0.3018,0
2023-10-03,62.66,63.88,62.61,63.32,64.31,66.33,68.64,,,67.5096,0,66.0309,0,63133,83566,-1.4030,-1.1250,-0.2780,0
2023-10-04,63.38,63.68,62.20,63.20,63.92,66.06,68.48,,,67.5096,0,65.4675,0,80894,81918,-1.4318,-1.1863,-0.2454,0
2023-10-05,63.12,63.72,61.65,61.78,63.55,65.77,68.29,,,67.5096,0,64.9829,0,70299,80615,-1.5514,-1.2594,-0.2921,0
2023-10-06,62.27,64.09,61.97,63.71,63.48,65.56,68.13,,,67.5096,0,64.4501,0,89086,80073,-1.4735,-1.3022,-0.1713,0
2023-10-09,63.01,64.25,62.83,63.93,63.46,65.29,67.96,,,67.5096,0,61.6530,1,44901,79632,-1.3785,-1.3174,-0.0610,0
2023-10-10,64.51,65.44,64.26,64.82,63.67,65.11,67.77,,,67.5096,0,61.7049,1,53286,78597,-1.2175,-1.2975,0.0800,0
2023-10-11,65.25,65.35,63.78,64.06,63.81,64.94,67.60,,,67.5096,0,61.8541,1,60252,77617,-1.1380,-1.2656,0.1276,0
2023-10-12,63.99,64.13,61.81,62.35,63.58,64.60,67.45,,,67.5096,0,65.4363,0,61100,77028,-1.1989,-1.2522,0.0534,0
2023-10-13,62.88,63.19,61.88,62.17,63.31,64.27,67.27,,,67.5096,0,65.3637,0,48226,76227,-1.2473,-1.2512,0.0039,0
2023-10-16,62.61,63.40,62.22,63.01,63.23,63.99,67.10,,,67.5096,0,65.2926,0,56039,75634,-1.2044,-1.2419,0.0375,0
2023-10-17,62.05,64.01,61.94,63.63,63.27,63.79,66.94,,,67.5096,0,65.2229,0,48145,75077,-1.1075,-1.2150,0.1075,0
2023-10-18,62.62,62.72,61.27,61.28,63.07,63.50,66.72,,,67.2815,0,65.1546,0,57002,74038,-1.2060,-1.2132,0.0072,0
2023-10-19,61.18,61.50,60.55,61.08,63.00,63.28,66.51,,,66.0637,0,64.9994,0,64806,73943,-1.2852,-1.2276,-0.0576,0
2023-10-20,60.47,61.09,60.08,60.50,62.68,63.08,66.28,,,65.4270,0,64.7324,0,59824,73404,-1.3794,-1.2580,-0.1214,0
2023-10-23,60.15,60.79,59.53,60.47,62.34,62.90,66.08,,,64.8940,0,64.3606,0,56248,72628,-1.4396,-1.2943,-0.1453,0
2023-10-24,60.81,61.97,60.50,61.40,62.00,62.83,65.90,,,64.8940,0,63.8778,0,54100,72132,-1.3960,-1.3146,-0.0814,0
2023-10-25,61.40,63.82,59.87,59.96,61.58,62.70,65.71,,,64.8940,0,59.5330,1,113413,72547,-1.4615,-1.3440,-0.1175,0
2023-10-26,59.96,61.55,59.69,60.88,61.44,62.51,65.55,,,64.8940,0,59.6188,1,62177,71713,-1.4226,-1.3597,-0.0628,0
2023-10-27,62.61,63.49,61.38,61.64,61.38,62.35,65.40,,,64.8940,0,59.6881,1,67102,71629,-1.3147,-1.3507,0.0360,0
2023-10-30,62.47,62.64,61.74,61.86,61.27,62.25,65.31,,,64.8940,0,59.6881,1,61264,70521,-1.1980,-1.3202,0.1222,0
2023-10-31,61.32,61.52,60.52,61.10,61.02,62.14,65.18,,,64.8940,0,59.7708,1,65660,70486,-1.1534,-1.2868,0.1334,0
2023-11-01,61.39,62.09,60.65,61.97,61.09,62.08,65.05,,,64.8940,0,59.8519,1,49388,70358,-1.0359,-1.2366,0.2007,0
2023-11-02,63.08,64.16,62.64,63.65,61.34,62.17,64.92,,,64.8940,0,59.9314,1,77228,70077,-0.7979,-1.1489,0.3509,0
2023-11-03,64.15,64.86,63.71,64.00,61.69,62.19,64.84,,,64.8940,0,60.1006,1,62727,69459,-0.5749,-1.0341,0.4592,0
2023-11-06,64.29,64.63,63.74,63.97,62.04,62.19,64.78,,,64.8940,0,60.3861,1,43313,69309,-0.3957,-0.9064,0.5107,0
2023-11-07,62.82,63.28,62.01,62.28,62.13,62.06,64.66,,,64.8940,0,60.6544,1,46417,68604,-0.3860,-0.8023,0.4163,0
2023-11-08,61.99,62.53,60.80,61.44,62.28,61.93,64.50,,,64.8940,0,64.8589,0,58754,68401,-0.4409,-0.7301,0.2892,0
2023-11-09,61.94,62.30,60.88,60.99,62.29,61.86,64.33,,,64.8940,0,64.7777,0,50508,68214,-0.5144,-0.6869,0.1725,0
2023-11-10,60.91,61.79,60.21,61.73,62.30,61.84,64.17,,,64.8940,0,64.6982,0,56232,67931,-0.5069,-0.6509,0.1440,0
2023-11-13,61.60,61.96,61.26,61.31,62.24,61.76,63.98,,,64.8940,0,64.5188,0,40368,67583,-0.5294,-0.6266,0.0972,0
2023-11-14,63.16,64.96,62.89,64.72,62.61,61.81,63.91,,,64.8940,0,60.2149,1,100807,67602,-0.2685,-0.5550,0.2865,0
2023-11-15,65.32,66.30,64.82,65.79,62.99,62.04,63.85,,,60.3442,1,60.3098,1,100930,67933,0.0239,-0.4392,0.4632,0
2023-11-16,65.38,65.76,64.57,65.40,63.16,62.25,63.81,,,60.3442,1,60.5495,1,50942,67691,0.2222,-0.3069,0.5291,0
2023-11-17,65.89,66.07,65.24,65.30,63.29,62.49,63.76,,,60.8503,1,60.7797,1,58903,67626,0.3666,-0.1722,0.5388,0
2023-11-20,65.52,66.12,64.91,65.37,63.43,62.74,63.68,,,60.8503,1,61.0007,1,78669,68349,0.4811,-0.0416,0.5227,0
2023-11-21,65.70,67.45,65.67,66.45,63.85,62.99,63.64,,,61.7154,1,61.2128,1,110172,69329,0.6518,0.0971,0.5547,0
2023-11-22,66.22,66.79,65.21,65.72,64.28,63.28,63.60,,,61.7154,1,61.5869,1,58574,69335,0.7195,0.2216,0.4979,0
2023-11-24,65.51,65.58,64.60,64.83,64.66,63.48,63.52,,,61.7154,1,61.9386,1,39584,68081,0.6933,0.3159,0.3774,0
2023-11-27,63.12,63.77,61.97,62.03,64.69,63.50,63.38,,,61.7154,1,67.4480,0,121612,67897,0.4419,0.3411,0.1008,0
2023-11-28,62.03,62.79,61.70,62.76,64.84,63.54,63.27,,,61.7154,1,67.3385,0,102279,68773,0.2977,0.3324,-0.0347,0
2023-11-29,63.12,63.21,62.34,62.70,64.63,63.62,63.17,,,61.7154,1,67.1130,0,61564,68807,0.1764,0.3012,-0.1248,0
2023-11-30,62.88,63.05,62.29,62.84,64.34,63.66,63.08,,,61.7154,1,66.8964,0,112160,70388,0.0906,0.2591,-0.1685,0
2023-12-01,63.56,67.07,63.36,67.04,64.50,63.83,63.11,,,61.7154,1,61.7000,1,122116,70986,0.3575,0.2788,0.0787,0
2023-12-04,65.11,65.72,64.06,64.37,64.41,63.85,63.11,,,61.7154,1,61.8074,1,68207,70315,0.3500,0.2930,0.0570,0
2023-12-05,63.69,63.69,62.44,62.54,64.13,63.78,63.08,,,61.7154,1,61.9127,1,72864,70153,0.1938,0.2732,-0.0794,0
2023-12-06,63.15,63.43,61.99,62.26,63.71,63.78,63.07,,,61.7154,1,67.0724,0,55377,68128,0.0469,0.2279,-0.1810,0
2023-12-07,62.63,62.98,61.95,62.61,63.40,63.84,63.07,,,61.7154,1,66.9707,0,67133,67971,-0.0409,0.1742,-0.2150,0
2023-12-08,63.01,66.48,62.69,65.91,63.50,64.08,63.09,,,61.7154,1,66.7700,0,112036,69040,0.1543,0.1702,-0.0159,0
2023-12-11,64.68,65.74,63.93,65.63,63.86,64.28,63.11,,,61.7154,1,66.5774,0,63568,69108,0.2831,0.1928,0.0903,0
2023-12-12,65.40,65.71,64.87,65.37,64.13,64.48,63.14,,,61.7154,1,66.4784,0,54850,68685,0.3599,0.2262,0.1337,0
2023-12-13,65.24,67.90,64.45,67.57,64.61,64.62,63.23,,,61.7154,1,61.9533,1,82571,69074,0.5916,0.2993,0.2923,0
2023-12-14,69.00,71.45,68.99,71.38,65.47,64.90,63.39,,,63.6170,1,62.0723,1,145615,70368,1.0702,0.4534,0.6167,0
2023-12-15,70.85,72.22,70.27,71.88,65.95,65.23,63.59,,,64.7151,1,62.4474,1,180481,72572,1.4727,0.6573,0.8154,0
2023-12-18,72.07,73.29,72.07,72.35,66.75,65.58,63.77,,,66.3804,1,63.0336,1,103434,72859,1.8089,0.8876,0.9213,0
2023-12-19,73.60,74.39,73.21,74.22,67.92,66.02,63.97,,,67.5197,1,63.8543,1,70908,73379,2.2008,1.1502,1.0505,0
2023-12-20,73.48,74.10,72.70,72.77,68.97,66.34,64.13,,,67.5197,1,64.9081,1,108348,74480,2.3671,1.3936,0.9735,0
2023-12-21,74.15,75.30,73.49,75.12,70.22,66.81,64.35,,,68.1372,1,65.8566,1,82396,74923,2.6579,1.6465,1.0114,0
2023-12-22,75.97,76.66,75.43,76.52,71.28,67.39,64.64,,,69.9504,1,66.9900,1,110867,75918,2.9676,1.9107,1.0569,0
2023-12-26,76.84,77.10,76.08,76.26,72.34,68.10,64.92,,,70.7952,1,68.3444,1,52825,76010,3.1555,2.1596,0.9959,0
2023-12-27,76.53,77.17,76.32,77.05,73.51,68.82,65.20,,,71.2594,1,69.7454,1,68390,76257,3.3295,2.3936,0.9359,0
2023-12-28,76.66,77.22,76.29,76.29,74.38,69.50,65.45,,,71.5364,1,71.0820,1,58904,76472,3.3673,2.5883,0.7789,0
2023-12-29,75.12,75.62,73.77,75.19,74.76,70.12,65.73,,,71.5364,1,72.3102,1,67565,76684,3.2707,2.7248,0.5458,0
2024-01-02,74.50,75.28,73.47,73.96,74.97,70.46,65.99,,,71.5364,1,73.2928,1,97588,77339,3.0594,2.7917,0.2677,0
2024-01-03,71.96,73.69,70.92,73.28,75.07,70.91,66.24,,,71.5364,1,77.2232,0,103210,78207,2.8054,2.7945,0.0110,0
2024-01-04,72.95,73.51,72.61,73.21,74.97,71.44,66.50,,,71.5364,1,77.0971,0,61835,78319,2.5689,2.7494,-0.1805,0
2024-01-05,72.98,74.25,72.65,73.01,74.99,71.98,66.73,,,71.5364,1,76.9735,0,57954,78396,2.3382,2.6671,-0.3289,0
2024-01-08,72.44,74.69,72.15,74.68,74.95,72.58,67.02,,,71.5364,1,76.8523,0,62733,77382,2.2640,2.5865,-0.3225,0
2024-01-09,73.75,74.13,73.27,73.62,74.66,72.97,67.28,,,71.5364,1,76.7336,0,78945,77718,2.0957,2.4884,-0.3926,0
2024-01-10,73.41,73.62,72.70,72.78,74.31,73.33,67.50,,,71.5364,1,76.6173,0,56667,77509,1.8724,2.3652,-0.4928,0
2024-01-11,73.42,73.46,71.82,72.54,73.86,73.68,67.72,,,71.5364,1,76.5032,0,60212,77488,1.6573,2.2236,-0.5663,0
2024-01-12,73.20,73.56,72.34,72.63,73.49,73.94,67.95,,,71.5364,1,76.3915,0,52411,77223,1.4768,2.0742,-0.5974,0
2024-01-16,71.41,71.55,69.60,69.61,72.93,73.85,68.10,,,76.0333,0,76.2820,0,104915,78333,1.0775,1.8749,-0.7974,0
2024-01-17,68.22,68.77,67.39,68.56,72.39,73.68,68.20,,,73.6548,0,76.0146,0,72100,78231,0.6687,1.6336,-0.9649,0
2024-01-18,68.92,68.94,67.81,68.85,71.95,73.51,68.29,,,73.6548,0,75.4969,0,61440,78205,0.3638,1.3797,-1.0159,0
2024-01-19,68.85,70.87,68.36,70.84,71.71,73.34,68.43,,,73.6548,0,75.0103,0,105847,79456,0.2797,1.1597,-0.8800,0
2024-01-22,69.87,71.13,69.66,70.25,71.43,73.21,68.59,,,73.6548,0,74.5529,0,93416,80396,0.1639,0.9605,-0.7966,0
2024-01-23,71.20,72.34,71.01,71.60,71.13,73.04,68.79,,,73.6548,0,74.1230,0,104032,81301,0.1786,0.8041,-0.6255,0
2024-01-24,74.08,74.41,72.60,72.72,71.04,72.85,69.03,,,73.6548,0,67.3869,1,75083,81793,0.2780,0.6989,-0.4209,0
2024-01-25,73.23,73.63,72.33,73.22,71.08,72.69,69.26,,,73.6548,0,67.5274,1,93032,82529,0.3924,0.6376,-0.2452,0
2024-01-26,73.71,74.38,72.31,72.68,71.10,72.48,69.49,,,73.6548,0,67.6650,1,63964,83001,0.4344,0.5970,-0.1626,0
2024-01-29,72.87,73.40,72.16,73.08,71.14,72.32,69.65,,,73.6548,0,67.7999,1,64661,82278,0.4944,0.5765,-0.0821,0
2024-01-30,72.08,72.77,71.63,72.32,71.41,72.17,69.78,,,73.6548,0,67.9321,1,73956,81738,0.4752,0.5562,-0.0811,0
2024-01-31,72.75,73.77,71.69,71.72,71.73,72.06,69.91,,,73.6548,0,68.0617,1,85310,82426,0.4066,0.5263,-0.1197,0
2024-02-01,72.22,73.22,72.03,73.20,72.16,72.06,70.07,,,73.6548,0,68.1887,1,84234,82932,0.4660,0.5142,-0.0482,0
2024-02-02,71.28,72.25,70.19,71.40,72.22,71.97,70.19,,,73.6548,0,68.3131,1,106445,83488,0.3636,0.4841,-0.1205,0
2024-02-05,69.89,69.89,68.54,69.61,72.16,71.80,70.25,,,73.6548,0,68.4351,1,99955,83283,0.1372,0.4147,-0.2775,0
2024-02-06,70.36,71.98,70.32,71.82,72.18,71.65,70.37,,,73.6548,0,68.5400,1,82613,83764,0.1338,0.3585,-0.2248,0
2024-02-07,71.75,71.80,70.36,71.66,72.07,71.55,70.51,,,73.6548,0,68.5400,1,57618,84125,0.1171,0.3102,-0.1932,0
2024-02-08,71.20,71.30,69.78,70.71,71.82,71.45,70.68,,,73.6548,0,68.6574,1,64412,82981,0.0267,0.2535,-0.2269,0
2024-02-09,70.40,70.71,69.55,70.03,71.55,71.32,70.83,,,73.6548,0,68.7725,1,79262,82521,-0.0988,0.1830,-0.2819,0
2024-02-12,70.23,71.17,69.98,70.84,71.33,71.23,70.99,,,73.6548,0,68.8852,1,52551,82340,-0.1313,0.1202,-0.2514,0
2024-02-13,69.49,69.77,68.31,68.85,70.98,71.20,71.11,,,73.6548,0,74.4104,0,78810,81673,-0.3135,0.0334,-0.3470,0
2024-02-14,69.40,70.74,69.29,70.70,70.88,71.30,71.18,67.76,,73.6548,0,74.2884,0,51205,80255,-0.3057,-0.0344,-0.2713,0
2024-02-15,71.19,73.31,71.09,73.21,70.88,71.52,71.36,67.81,,73.6548,0,74.1689,0,80373,80498,-0.0954,-0.0466,-0.0488,0
2024-02-16,74.16,75.55,73.68,73.85,71.13,71.67,71.59,67.87,,68.6111,1,68.3133,1,75329,80548,0.1211,-0.0131,0.1341,0
2024-02-20,73.10,73.36,72.29,72.67,71.43,71.79,71.80,67.92,,68.6111,1,68.4580,1,47901,80398,0.1957,0.0287,0.1670,0
2024-02-21,72.83,73.71,72.73,73.56,71.61,71.89,72.02,67.97,,68.6111,1,68.5998,1,53807,80132,0.3230,0.0876,0.2355,0
2024-02-22,73.63,73.97,72.78,73.36,71.78,71.92,72.16,68.03,,68.6111,1,68.7388,1,59204,79075,0.4029,0.1506,0.2523,0
2024-02-23,73.49,73.61,72.15,72.38,71.94,71.88,72.30,68.07,,68.6111,1,68.8750,1,48955,78783,0.3828,0.1971,0.1857,0
2024-02-26,71.14,71.14,69.88,70.54,72.00,71.77,72.40,68.09,,68.6111,1,69.0084,1,56526,78816,0.2155,0.2008,0.0148,0
2024-02-27,71.28,71.44,70.46,71.30,72.04,71.69,72.48,68.12,,68.6111,1,69.1392,1,55154,78268,0.1426,0.1891,-0.0465,0
2024-02-28,70.51,70.80,69.55,69.61,72.12,71.55,72.44,68.11,,68.6111,1,69.2674,1,42356,76203,-0.0506,0.1412,-0.1918,0
2024-02-29,70.96,71.52,70.74,71.35,72.18,71.53,72.43,68.10,,68.6111,1,69.3930,1,87393,74341,-0.0628,0.1004,-0.1632,0
2024-03-01,71.74,72.23,70.87,71.17,71.98,71.43,72.41,68.10,,68.6111,1,69.5162,1,55325,73379,-0.0857,0.0632,-0.1488,0
2024-03-04,71.17,72.20,70.00,72.17,71.81,71.47,72.37,68.10,,68.6111,1,69.6368,1,62185,73204,-0.0231,0.0459,-0.0690,0
2024-03-05,71.73,72.01,70.23,70.62,71.61,71.52,72.32,68.07,,68.6111,1,69.7551,1,64712,72332,-0.0977,0.0172,-0.1149,0
2024-03-06,72.31,72.82,71.58,71.82,71.43,71.52,72.26,68.07,,68.6111,1,69.8709,1,71981,72123,-0.0592,0.0019,-0.0612,0
2024-03-07,73.98,76.09,73.43,74.77,71.57,71.67,72.22,68.10,,68.6111,1,69.9845,1,111721,72140,0.2073,0.0430,0.1643,0
2024-03-08,75.25,76.35,74.90,76.13,71.95,71.95,72.22,68.13,,69.5475,1,70.2286,1,136573,73815,0.5222,0.1388,0.3834,0
2024-03-11,75.73,76.67,75.24,76.28,72.52,72.26,72.20,68.17,,70.0572,1,70.5960,1,105927,74566,0.7749,0.2661,0.5089,0
2024-03-12,76.77,77.30,76.13,77.21,73.11,72.58,72.22,68.20,,71.0564,1,71.0818,1,67944,74747,1.0380,0.4204,0.6176,0
2024-03-13,79.33,86.03,79.33,84.97,74.65,73.38,72.42,68.29,,74.9398,1,71.7032,1,323443,79865,1.8517,0.7067,1.1450,0
2024-03-14,85.38,86.65,84.40,85.75,76.09,74.14,72.65,68.38,,77.8843,1,73.4226,1,220657,82326,2.5301,1.0714,1.4587,0
2024-03-15,87.53,91.40,87.20,90.88,78.06,75.02,73.01,68.51,,80.7307,1,75.2743,1,374858,87759,3.4424,1.5456,1.8968,0
2024-03-18,91.59,92.50,90.18,90.53,79.90,75.85,73.35,68.64,,82.9297,1,77.8538,1,202994,90582,4.0898,2.0544,2.0354,0
2024-03-19,88.64,88.96,87.27,88.06,81.64,76.62,73.65,68.76,,82.9297,1,80.4899,1,149830,92420,4.3533,2.5142,1.8391,0
2024-03-20,87.78,91.55,87.10,91.10,83.57,77.50,73.98,68.91,,82.9297,1,82.6516,1,130320,93771,4.7523,2.9618,1.7905,0
2024-03-21,91.88,91.90,90.40,91.37,85.23,78.40,74.34,69.05,,82.9297,1,84.4241,1,110705,94407,5.0325,3.3759,1.6566,0
2024-03-22,91.69,92.88,90.96,92.08,86.82,79.39,74.72,69.21,,83.6299,1,85.8776,1,173331,96740,5.2518,3.7511,1.5007,0
2024-03-25,92.74,94.34,91.65,91.67,88.36,80.44,75.11,69.38,,84.7281,1,87.2778,1,109292,97721,5.3306,4.0670,1.2636,0
2024-03-26,92.22,92.30,89.88,90.09,89.65,81.38,75.45,69.53,,84.7281,1,88.6909,1,91716,98507,5.2056,4.2947,0.9109,0
2024-03-27,90.40,92.23,90.00,92.05,90.36,82.50,75.90,69.68,,84.7281,1,89.8213,1,107470,98559,5.2046,4.4767,0.7279,0
2024-03-28,92.64,94.53,92.45,93.99,91.18,83.64,76.41,69.84,,85.5292,1,89.8784,1,120368,99524,5.2994,4.6413,0.6582,0
2024-04-01,95.08,95.58,93.96,94.45,91.54,84.80,76.92,70.02,,87.1205,1,90.0020,1,86456,100024,5.3499,4.7830,0.5669,0
2024-04-02,94.97,95.88,93.98,95.09,92.00,85.95,77.41,70.21,,87.4752,1,91.1173,1,146244,100832,5.3798,4.9024,0.4775,0
2024-04-03,95.80,98.69,95.31,98.15,93.00,87.32,77.97,70.41,,89.2143,1,92.0695,1,182695,102618,5.5856,5.0390,0.5466,0
2024-04-04,98.74,99.13,95.76,96.70,93.56,88.57,78.47,70.59,,89.4205,1,93.3943,1,162643,103790,5.5676,5.1447,0.4229,0
2024-04-05,96.25,97.70,95.52,97.32,94.16,89.69,78.96,70.77,,89.4205,1,94.5423,1,96647,104221,5.5394,5.2237,0.3157,0
2024-04-08,98.62,99.29,97.19,99.06,94.86,90.84,79.48,70.97,,90.5252,1,95.4608,1,119254,104746,5.5928,5.2975,0.2953,0
2024-04-09,101.91,104.00,101.01,102.76,95.97,92.16,80.08,71.18,,94.0721,1,95.5168,1,179162,107050,5.8666,5.4113,0.4553,0
2024-04-10,100.15,103.85,99.34,102.54,97.21,93.43,80.67,71.41,,94.0721,1,97.1933,1,138267,108522,5.9966,5.5284,0.4682,0
2024-04-11,102.97,103.39,101.08,103.19,98.32,94.34,81.29,71.64,,94.0721,1,98.5539,1,143673,109916,6.0822,5.6391,0.4431,0
2024-04-12,105.88,106.21,101.25,101.69,99.09,95.14,81.89,71.87,,94.3796,1,99.3375,1,162237,111455,5.9604,5.7034,0.2570,0
2024-04-15,104.07,104.25,100.64,100.66,99.72,95.63,82.43,72.09,,94.3796,1,106.2111,0,142052,112611,5.7146,5.7056,0.0090,0
2024-04-16,97.06,101.20,96.00,100.44,100.25,96.12,83.02,72.29,,94.3796,1,106.2111,0,202708,114536,5.4393,5.6524,-0.2131,0
2024-04-17,102.63,103.44,99.37,100.74,100.51,96.76,83.64,72.51,,94.3796,1,105.8028,0,152531,115588,5.1856,5.5590,-0.3734,0
2024-04-18,101.80,102.89,99.75,101.77,101.02,97.29,84.24,72.74,,94.3796,1,105.4107,0,115409,116244,5.0100,5.4492,-0.4392,0
2024-04-19,101.69,102.62,99.66,100.09,101.29,97.73,84.81,72.94,,94.3796,1,105.0344,0,134812,117788,4.6810,5.2956,-0.6146,0
2024-04-22,96.27,99.38,94.71,98.46,101.23,98.05,85.36,73.14,,94.3796,1,104.6731,0,160073,119701,4.2396,5.0844,-0.8448,0
2024-04-23,95.38,98.47,95.11,96.74,100.63,98.30,85.90,73.33,,94.3796,1,104.0750,0,202253,122161,3.7089,4.8093,-1.1004,0
2024-04-24,97.45,98.34,95.02,96.38,100.02,98.61,86.41,73.52,,94.3796,1,103.5128,0,163758,124385,3.2220,4.4918,-1.2698,0
2024-04-25,96.81,99.55,95.32,98.67,99.56,98.94,87.00,73.73,,94.3796,1,102.9844,0,165717,126123,2.9861,4.1907,-1.2045,0
2024-04-26,99.78,103.92,99.07,103.18,99.71,99.40,87.65,73.98,72.74,94.3796,1,94.7050,1,268108,130461,3.1277,3.9781,-0.8504,0
2024-04-29,104.39,106.77,102.60,106.63,100.31,100.01,88.32,74.26,72.94,94.3796,1,94.8892,1,222219,133298,3.4782,3.8781,-0.3999,0
2024-04-30,103.13,105.80,102.27,102.95,100.56,100.41,88.90,74.52,73.12,94.3796,1,95.3644,1,299597,137783,3.4189,3.7863,-0.3674,0
2024-05-01,102.95,103.78,99.63,101.62,100.65,100.58,89.48,74.78,73.31,94.3796,1,95.8205,1,160927,140044,3.2279,3.6746,-0.4467,0
2024-05-02,100.70,101.81,99.31,99.73,100.44,100.73,90.01,75.03,73.48,94.3796,1,96.2583,1,216230,143292,2.8902,3.5177,-0.6275,0
2024-05-03,101.42,102.13,99.91,101.83,100.62,100.96,90.57,75.28,73.66,94.3796,1,96.6787,1,176058,145629,2.7608,3.3663,-0.6055,0
2024-05-06,103.26,104.29,102.63,104.16,101.19,101.21,91.21,75.54,73.85,94.3796,1,97.0822,1,106071,146772,2.8132,3.2557,-0.4425,0
2024-05-07,102.44,103.01,101.32,101.53,101.67,101.15,91.83,75.79,74.03,94.3796,1,97.4696,1,115174,147945,2.6131,3.1272,-0.5141,0
2024-05-08,98.84,100.87,97.86,99.69,102.00,101.01,92.40,76.03,74.19,94.3796,1,97.8415,1,147665,149795,2.2794,2.9576,-0.6782,0
2024-05-09,99.71,103.63,99.71,103.26,102.46,101.01,93.07,76.30,74.35,94.3796,1,97.8639,1,88806,150724,2.2764,2.8214,-0.5450,0
2024-05-10,104.23,106.05,104.22,104.78,102.62,101.17,93.74,76.59,74.51,94.8364,1,97.8639,1,150076,151978,2.3698,2.7311,-0.3612,0
2024-05-13,105.32,106.77,105.00,106.48,102.60,101.46,94.45,76.87,74.69,96.0206,1,98.2200,1,106576,153003,2.5512,2.6951,-0.1439,0
2024-05-14,107.10,110.36,107.10,109.23,103.23,101.90,95.19,77.17,74.87,98.6879,1,98.7328,1,175670,155272,2.8838,2.7328,0.1510,0
2024-05-15,110.70,110.77,104.91,108.43,103.91,102.28,95.94,77.47,75.04,98.6879,1,99.6629,1,154817,157074,3.0482,2.7959,0.2523,0
2024-05-16,108.67,109.64,106.02,106.03,104.54,102.49,96.63,77.75,75.21,98.6879,1,100.7739,1,109285,157820,2.9501,2.8267,0.1234,0
2024-05-17,108.86,110.77,108.13,110.61,105.42,103.02,97.34,78.07,75.41,98.6879,1,101.7738,1,160511,158796,3.2049,2.9024,0.3026,0
2024-05-20,111.36,114.52,110.88,114.06,106.41,103.80,98.10,78.41,75.63,101.4906,1,102.8537,1,273630,161537,3.6433,3.0506,0.5927,0
2024-05-21,113.42,114.07,111.06,111.81,107.44,104.55,98.81,78.74,75.83,101.5766,1,104.4874,1,155296,162525,3.7657,3.1936,0.5721,0
2024-05-22,107.87,107.89,102.76,102.94,107.76,104.88,99.33,79.00,75.99,101.5766,1,114.5231,0,256990,166306,3.1113,3.1771,-0.0658,0
2024-05-23,104.61,105.19,101.80,102.84,107.72,105.09,99.68,79.28,76.14,101.5766,1,114.2878,0,159627,163029,2.5554,3.0528,-0.4974,0
2024-05-24,104.10,105.65,103.35,103.69,107.61,105.11,100.04,79.56,76.30,101.5766,1,113.7883,0,100647,160629,2.1583,2.8739,-0.7156,0
2024-05-28,108.36,108.96,105.88,106.70,107.63,105.12,100.36,79.87,76.47,101.5766,1,113.3087,0,151053,156153,2.0627,2.7117,-0.6490,0
2024-05-29,105.12,105.66,104.07,105.43,107.25,105.24,100.66,80.17,76.65,101.5766,1,112.8484,0,126062,154614,1.8635,2.5420,-0.6785,0
2024-05-30,102.91,105.02,102.66,104.72,106.88,105.40,100.99,80.46,76.82,101.5766,1,112.4064,0,132744,154273,1.6293,2.3595,-0.7302,0
2024-05-31,105.14,107.39,102.52,104.68,106.75,105.64,101.26,80.76,77.00,101.5766,1,111.9821,0,173888,155144,1.4237,2.1723,-0.7487,0
2024-06-03,105.09,105.44,100.78,102.13,105.90,105.66,101.48,81.03,77.16,101.5766,1,111.5748,0,148600,155902,1.0436,1.9466,-0.9030,0
2024-06-04,99.88,100.36,95.68,97.22,104.22,105.31,101.58,81.27,77.30,110.8201,0,110.9269,0,261655,157668,0.3419,1.6256,-1.2837,0
2024-06-05,98.13,99.71,97.95,98.69,102.90,105.17,101.72,81.51,77.46,110.8201,0,109.7068,0,180627,159095,-0.0942,1.2817,-1.3759,0
2024-06-06,98.78,100.50,97.51,100.47,102.66,105.21,101.93,81.78,77.63,110.8201,0,108.5843,0,112539,159512,-0.2934,0.9667,-1.2600,0
2024-06-07,96.97,98.09,96.02,96.09,101.98,104.85,102.01,82.00,77.77,109.1355,0,107.5516,0,164940,160661,-0.7952,0.6143,-1.4095,0
2024-06-10,97.13,97.72,96.38,97.34,101.35,104.48,102.08,82.23,77.90,108.4129,0,106.6015,0,167013,161594,-1.0793,0.2756,-1.3549,0
2024-06-11,95.14,95.85,93.36,95.05,100.18,103.91,102.09,82.44,78.04,106.0265,0,105.7274,0,141113,162687,-1.4726,-0.0741,-1.3986,0
2024-06-12,98.16,98.63,95.07,95.36,99.18,103.21,102.09,82.64,78.18,106.0265,0,104.4911,0,216788,164098,-1.7394,-0.4071,-1.3322,0
2024-06-13,95.06,95.06,92.83,93.59,98.06,102.47,102.00,82.85,78.31,104.9177,0,103.3783,0,120485,162854,-2.0693,-0.7396,-1.3298,0
2024-06-14,92.04,94.41,91.80,93.80,96.97,101.86,101.94,83.07,78.43,103.7698,0,102.1120,0,105822,161717,-2.2880,-1.0493,-1.2388,0
2024-06-17,92.24,93.28,91.63,92.88,96.05,100.97,101.86,83.28,78.54,102.7036,0,100.6686,0,122028,162225,-2.5065,-1.3407,-1.1658,0
2024-06-18,92.83,95.65,92.63,95.31,95.86,100.04,101.78,83.51,78.67,102.7036,0,99.2231,0,104078,161921,-2.4556,-1.5637,-0.8919,0
2024-06-20,97.48,98.16,96.32,97.54,95.74,99.32,101.68,83.75,78.81,102.7036,0,91.6343,1,110827,160555,-2.2096,-1.6929,-0.5167,0
2024-06-21,96.42,97.01,95.12,96.28,95.32,98.99,101.55,83.96,78.95,102.7036,0,91.7649,1,198326,161756,-2.0917,-1.7726,-0.3190,0
2024-06-24,96.62,98.16,95.95,97.04,95.42,98.70,101.43,84.17,79.09,102.7036,0,91.8929,1,123387,161350,-1.9149,-1.8011,-0.1138,0
2024-06-25,96.32,97.04,95.31,96.36,95.32,98.33,101.32,84.37,79.23,102.7036,0,92.0183,1,87185,159849,-1.8095,-1.8028,-0.0067,0
2024-06-26,96.06,96.15,95.12,95.99,95.41,97.80,101.23,84.58,79.37,102.7036,0,92.1412,1,90317,158814,-1.7351,-1.7892,0.0541,0.00
2024-06-27,96.51,96.65,94.42,95.06,95.38,97.28,101.12,84.77,79.50,102.7036,0,92.2617,1,76898,156298,-1.7317,-1.7777,0.0460,82.49
2024-06-28,96.98,97.66,94.89,95.07,95.53,96.80,101.01,84.97,79.63,102.7036,0,92.3797,1,98787,155223,-1.7086,-1.7639,0.0553,81.69
2024-07-01,96.23,97.31,95.66,95.86,95.74,96.36,100.89,85.17,79.78,102.7036,0,92.4954,1,80796,154531,-1.6076,-1.7326,0.1250,82.35
2024-07-02,95.16,97.57,95.03,97.01,96.15,96.10,100.83,85.38,79.92,102.7036,0,92.6088,1,97715,153789,-1.4187,-1.6699,0.2511,83.35
2024-07-03,99.19,103.26,99.18,102.38,96.86,96.36,100.91,85.65,80.08,102.7036,0,92.7199,1,122075,153029,-0.8259,-1.5011,0.6752,87.69
2024-07-05,104.30,104.97,102.98,103.02,97.41,96.57,101.03,85.92,80.26,94.9741,1,93.1417,1,101876,151022,-0.3013,-1.2611,0.9598,87.08
2024-07-08,102.21,103.63,101.73,102.75,98.05,96.69,101.16,86.19,80.43,94.9741,1,93.8512,1,124741,150241,0.0920,-0.9905,1.0825,85.62
2024-07-09,102.33,103.24,101.40,101.46,98.50,96.96,101.21,86.44,80.60,94.9741,1,94.5181,1,93625,148799,0.2963,-0.7331,1.0294,84.39
2024-07-10,101.96,103.18,101.66,102.66,99.13,97.22,101.20,86.68,80.79,94.9741,1,95.1451,1,124216,145922,0.5480,-0.4769,1.0249,84.47
2024-07-11,103.24,103.57,100.03,101.11,99.64,97.53,101.09,86.93,80.97,94.9741,1,95.7344,1,116733,143812,0.6158,-0.2584,0.8742,81.16
2024-07-12,100.86,102.65,100.25,101.65,100.30,97.84,101.07,87.19,81.16,94.9741,1,96.2883,1,87564,139571,0.7049,-0.0657,0.7706,80.09
2024-07-15,100.51,101.20,98.01,99.34,100.72,98.13,101.02,87.43,81.34,94.9741,1,96.8091,1,91021,138173,0.5822,0.0639,0.5183,74.21
2024-07-16,97.96,98.91,95.85,98.65,101.00,98.37,101.00,87.67,81.52,94.9741,1,104.9670,0,126356,136376,0.4245,0.1360,0.2885,67.27
2024-07-17,98.23,98.46,96.58,96.96,101.00,98.57,100.90,87.88,81.68,94.9741,1,104.7847,0,99417,134843,0.1617,0.1411,0.0206,65.24
2024-07-18,96.19,96.62,91.35,91.75,99.93,98.40,100.66,88.05,81.82,103.2421,0,104.6060,0,181060,136343,-0.4620,0.0205,-0.4825,57.10
2024-07-19,90.98,94.19,90.76,92.03,98.84,98.12,100.46,88.23,81.96,101.8374,0,104.0759,0,142974,136899,-0.9229,-0.1682,-0.7547,58.87
2024-07-22,92.79,93.28,91.35,92.56,97.82,97.94,100.32,88.40,82.11,101.3222,0,103.2770,0,155798,137061,-1.2313,-0.3808,-0.8505,60.55
2024-07-23,91.47,93.34,89.67,93.26,97.00,97.75,100.12,88.54,82.26,100.7068,0,102.5260,0,146370,138213,-1.4032,-0.5853,-0.8179,61.97
2024-07-24,93.80,94.29,91.54,91.93,95.92,97.52,99.87,88.68,82.41,100.7068,0,101.4973,0,95314,137117,-1.6282,-0.7939,-0.8344,59.21
2024-07-25,90.98,92.83,89.52,92.07,95.02,97.33,99.58,88.81,82.55,100.3630,0,100.5508,0,155227,138090,-1.7747,-0.9900,-0.7847,55.33
2024-07-26,93.45,93.68,91.93,93.02,94.16,97.23,99.25,88.94,82.69,100.3630,0,99.4474,0,77136,136120,-1.7932,-1.1507,-0.6425,53.57
2024-07-29,91.78,93.40,91.49,91.64,93.39,97.06,98.92,89.06,82.83,100.3630,0,98.4543,0,113789,135299,-1.8971,-1.3000,-0.5971,53.18
2024-07-30,90.54,91.39,88.85,89.25,92.45,96.72,98.58,89.16,82.95,98.5980,0,97.5606,0,169446,136502,-2.1476,-1.4695,-0.6781,49.96
2024-07-31,93.30,94.87,92.57,94.07,92.16,96.58,98.25,89.27,83.11,98.5980,0,96.5148,0,195256,137197,-1.9351,-1.5626,-0.3725,62.38
2024-08-01,92.66,93.70,89.35,90.20,92.00,95.97,97.77,89.37,83.25,98.5980,0,95.5946,0,145837,134641,-2.0555,-1.6612,-0.3943,56.21
2024-08-02,89.20,89.20,86.69,87.79,91.58,95.21,97.29,89.44,83.38,97.8202,0,94.8726,0,102375,133583,-2.3187,-1.7927,-0.5260,55.10
2024-08-05,81.02,86.45,80.16,86.00,90.92,94.37,96.95,89.50,83.49,94.4831,0,93.7275,0,174978,131943,-2.6405,-1.9623,-0.6783,62.46
2024-08-06,85.58,89.60,85.04,87.53,90.35,93.67,96.65,89.58,83.62,94.4831,0,91.5573,0,127264,131295,-2.7409,-2.1180,-0.6229,63.15
2024-08-07,88.50,88.84,85.48,85.63,89.72,92.82,96.29,89.66,83.74,94.4831,0,89.7343,0,102659,131336,-2.9403,-2.2824,-0.6578,57.21
2024-08-08,86.83,90.01,86.38,88.62,89.37,92.20,95.93,89.76,83.88,94.4831,0,80.1635,1,80726,129929,-2.8244,-2.3908,-0.4336,57.63
2024-08-09,89.66,89.66,87.69,88.47,88.92,91.54,95.59,89.87,84.02,94.4831,0,80.3605,1,69717,128802,-2.7130,-2.4553,-0.2578,57.63
2024-08-12,89.48,90.62,89.06,89.50,88.71,91.05,95.28,89.98,84.16,94.4831,0,80.5535,1,65278,127453,-2.5130,-2.4668,-0.0462,60.23
2024-08-13,89.23,90.23,88.20,89.76,88.76,90.60,94.98,90.08,84.31,94.4831,0,80.9562,1,83084,125637,-2.3071,-2.4349,0.1278,58.16
2024-08-14,90.13,90.84,89.40,90.52,88.40,90.28,94.75,90.19,84.46,94.4831,0,81.3428,1,97979,124624,-2.0582,-2.3595,0.3013,60.85
2024-08-15,93.50,95.37,93.11,94.38,88.82,90.41,94.69,90.33,84.62,94.4831,0,81.9128,1,116179,121715,-1.5323,-2.1941,0.6618,65.22
2024-08-16,93.84,94.02,92.27,92.67,89.31,90.44,94.57,90.47,84.78,94.4831,0,82.9892,1,97481,120052,-1.2388,-2.0030,0.7643,61.12
2024-08-19,93.07,94.14,92.96,93.93,90.10,90.51,94.44,90.61,84.94,94.4831,0,83.9794,1,98551,119772,-0.8943,-1.7813,0.8870,63.11
2024-08-20,94.19,94.58,91.82,92.17,90.56,90.46,94.36,90.76,85.09,94.4831,0,84.8904,1,89423,118262,-0.7545,-1.5759,0.8215,66.02
2024-08-21,93.20,93.47,91.95,93.05,91.31,90.51,94.28,90.92,85.24,94.4831,0,85.7285,1,86068,116643,-0.5665,-1.3741,0.8075,66.33
2024-08-22,92.08,92.65,90.42,90.73,91.52,90.45,94.19,91.07,85.37,94.4831,0,86.4996,1,79387,115408,-0.5979,-1.2188,0.6209,59.28
2024-08-23,91.72,93.36,91.49,93.33,92.00,90.46,94.15,91.22,85.52,94.4831,0,87.2090,1,97527,113023,-0.4078,-1.0566,0.6488,61.00
2024-08-26,94.71,96.17,93.71,94.17,92.47,90.59,94.16,91.38,85.68,94.4831,0,87.8616,1,69163,111997,-0.1874,-0.8828,0.6954,62.00
2024-08-27,93.77,95.28,93.07,94.26,92.92,90.84,94.17,91.53,85.85,94.4831,0,88.6924,1,79446,111469,-0.0054,-0.7073,0.7019,65.56
2024-08-28,91.45,92.07,89.92,89.98,92.87,90.63,94.11,91.64,85.99,94.4831,0,89.4402,1,93830,110905,-0.2044,-0.6067,0.4023,57.22
2024-08-29,89.93,90.84,89.34,90.49,92.48,90.65,94.02,91.76,86.13,94.4831,0,96.1699,0,85120,110526,-0.3174,-0.5488,0.2315,53.83
2024-08-30,90.67,90.77,89.10,90.75,92.29,90.80,93.88,91.88,86.28,94.4831,0,96.0332,0,144005,111190,-0.3816,-0.5154,0.1338,55.74
2024-09-03,87.11,87.32,84.89,85.80,91.47,90.79,93.67,91.96,86.39,94.4831,0,95.7560,0,155523,110334,-0.8219,-0.5767,-0.2452,46.51
2024-09-04,85.58,86.82,85.51,85.96,90.85,90.71,93.45,92.06,86.49,94.4831,0,95.1043,0,125544,110377,-1.1454,-0.6904,-0.4549,45.50
2024-09-05,86.58,87.50,86.12,86.23,90.17,90.74,93.25,92.15,86.59,94.4831,0,94.4916,0,75559,110144,-1.3637,-0.8251,-0.5386,43.57
2024-09-06,85.68,86.54,83.60,83.95,89.49,90.50,93.01,92.22,86.68,93.1988,0,93.9158,0,72673,109791,-1.7014,-1.0003,-0.7010,40.43
2024-09-09,85.03,85.86,84.55,85.06,88.66,90.33,92.81,92.31,86.78,93.0967,0,93.0905,0,90106,110056,-1.8576,-1.1718,-0.6858,41.50
2024-09-10,84.64,84.96,83.35,84.17,87.66,90.07,92.59,92.41,86.87,91.7687,0,92.3312,0,117343,110427,-2.0300,-1.3434,-0.6866,40.28
2024-09-11,85.46,86.51,84.65,86.04,86.84,89.88,92.39,92.51,86.97,91.7687,0,91.4331,0,167157,112154,-1.9925,-1.4733,-0.5192,46.13
2024-09-12,87.75,88.97,87.18,87.43,86.59,89.73,92.20,92.61,87.09,91.7687,0,90.6248,0,87886,111957,-1.8301,-1.5446,-0.2855,45.12
2024-09-13,88.60,89.13,88.04,88.04,86.34,89.41,91.92,92.73,87.22,91.7687,0,89.8974,0,101996,111556,-1.6329,-1.5623,-0.0706,43.32
2024-09-16,88.76,89.54,88.39,88.74,86.14,89.21,91.63,92.85,87.35,91.7687,0,83.3502,1,90080,111320,-1.4043,-1.5307,0.1264,41.37
2024-09-17,88.50,89.46,88.02,88.48,86.41,88.94,91.34,92.97,87.48,91.7687,0,83.4740,1,144376,111712,-1.2298,-1.4705,0.2407,38.76
2024-09-18,89.10,92.51,88.40,90.37,86.85,88.85,91.12,93.11,87.61,91.7687,0,83.5953,1,129553,112431,-0.9282,-1.3620,0.4338,44.15
2024-09-19,94.19,94.87,92.75,93.57,87.59,88.88,90.94,93.27,87.75,85.8030,1,83.9520,1,142231,112791,-0.4258,-1.1748,0.7490,48.38
2024-09-20,93.08,93.10,91.44,92.42,88.43,88.96,90.77,93.39,87.89,85.8030,1,84.6069,1,100482,112466,-0.1192,-0.9637,0.8445,48.64
2024-09-23,93.07,95.20,92.90,94.62,89.39,89.03,90.63,93.53,88.05,86.1528,1,85.2226,1,91837,112552,0.2974,-0.7115,1.0089,51.28
2024-09-24,100.01,102.32,99.86,101.45,91.12,89.39,90.67,93.72,88.24,91.6757,1,86.0206,1,255893,115849,1.1656,-0.3360,1.5017,66.95
2024-09-25,100.76,101.14,99.02,99.27,92.44,89.64,90.68,93.90,88.43,91.6757,1,87.6502,1,149313,116308,1.6582,0.0628,1.5954,62.67
2024-09-26,104.67,108.34,104.09,107.44,94.44,90.51,90.89,94.12,88.63,95.2126,1,89.1168,1,294957,120219,2.6771,0.5857,2.0914,76.41
2024-09-27,106.61,107.43,105.10,106.05,96.24,91.29,91.18,94.35,88.84,95.6607,1,91.4234,1,197978,120558,3.3338,1.1353,2.1985,73.93
2024-09-30,104.51,105.16,102.39,103.19,97.69,91.91,91.40,94.56,89.02,95.6607,1,93.4532,1,137173,120441,3.5827,1.6248,1.9579,64.53
2024-10-01,105.27,105.27,102.95,104.45,99.28,92.85,91.64,94.79,89.21,95.6607,1,95.2394,1,93500,119196,3.8371,2.0672,1.7699,66.44
2024-10-02,105.36,106.59,104.33,104.67,100.71,93.78,91.87,95.02,89.38,95.6607,1,96.8112,1,79080,117850,4.0106,2.4559,1.5547,66.86
2024-10-03,102.29,103.05,101.70,102.88,101.64,94.61,92.08,95.23,89.53,95.6607,1,98.1945,1,91426,117772,3.9577,2.7563,1.2014,67.90
2024-10-04,103.60,105.44,103.60,105.22,102.92,95.68,92.35,95.46,89.69,95.6607,1,99.4117,1,112972,116927,4.0583,3.0167,1.0417,69.69
2024-10-07,105.22,105.75,104.48,104.89,103.95,96.67,92.59,95.68,89.85,96.0842,1,100.4829,1,90258,117189,4.0639,3.2261,0.8378,73.06
2024-10-08,100.77,101.40,98.37,100.91,103.90,97.51,92.77,95.88,89.99,96.0842,1,108.3383,0,171011,118334,3.7045,3.3218,0.3827,64.74
2024-10-09,99.62,102.14,98.77,102.08,104.18,98.31,93.03,96.08,90.12,96.0842,1,108.1390,0,94576,116836,3.4747,3.3524,0.1223,67.75
2024-10-10,102.26,104.36,101.81,103.82,103.82,99.13,93.22,96.27,90.26,96.0842,1,107.9437,0,109595,115123,3.3938,3.3607,0.0332,73.18
2024-10-11,103.67,105.68,103.67,104.95,103.71,99.97,93.52,96.46,90.40,96.0842,1,107.7523,0,71455,113636,3.3814,3.3648,0.0166,72.53
2024-10-14,101.38,105.10,100.96,104.89,103.88,100.78,93.86,96.66,90.54,96.0842,1,107.5647,0,91446,113417,3.3282,3.3575,-0.0293,73.33
2024-10-15,102.73,102.82,98.85,99.48,103.38,101.33,94.13,96.80,90.66,96.0842,1,107.3809,0,169350,113304,2.8173,3.2495,-0.4321,64.85
2024-10-16,100.39,101.49,99.64,100.93,103.01,101.86,94.40,96.91,90.79,96.0842,1,107.2007,0,119159,113142,2.5010,3.0998,-0.5988,66.91
2024-10-17,100.41,101.13,99.46,99.91,102.71,102.18,94.68,97.00,90.92,96.0842,1,107.0242,0,87744,112844,2.1428,2.9084,-0.7656,63.97
2024-10-18,102.10,102.39,100.51,100.72,102.26,102.59,94.92,97.07,91.05,96.0842,1,106.8512,0,97410,113178,1.9024,2.7072,-0.8047,63.02
2024-10-21,101.09,101.27,99.20,100.26,101.80,102.87,95.16,97.13,91.19,96.0842,1,106.6816,0,97071,113725,1.6562,2.4970,-0.8408,65.27
2024-10-22,102.42,103.55,100.75,102.21,101.93,102.91,95.41,97.23,91.34,96.0842,1,106.5154,0,137713,115173,1.5995,2.3175,-0.7180,70.47
2024-10-23,99.91,102.01,99.60,101.55,101.87,103.02,95.65,97.30,91.47,96.0842,1,106.3526,0,109835,115708,1.4842,2.1508,-0.6666,73.18
2024-10-24,102.56,102.59,100.43,102.17,101.71,102.76,95.88,97.37,91.61,96.0842,1,106.1930,0,131343,116376,1.4268,2.0060,-0.5792,75.43
2024-10-25,102.68,104.68,102.62,102.96,101.51,102.61,96.06,97.44,91.76,96.0842,1,106.0366,0,164690,117346,1.4282,1.8905,-0.4623,75.20
2024-10-28,102.96,103.49,101.80,102.42,101.26,102.57,96.25,97.52,91.91,96.0842,1,105.8834,0,88277,117162,1.3703,1.7864,-0.4161,73.87
2024-10-29,103.31,104.07,101.93,102.07,101.52,102.45,96.41,97.60,92.06,96.0842,1,105.7332,0,77696,116745,1.2809,1.6853,-0.4045,74.68
2024-10-30,101.13,101.13,99.45,99.78,101.41,102.21,96.57,97.65,92.21,96.0842,1,105.5860,0,97265,116902,1.0140,1.5511,-0.5371,70.36
2024-10-31,98.73,99.11,96.93,97.73,101.19,101.95,96.66,97.67,92.36,96.0842,1,105.4417,0,90729,116995,0.6297,1.3668,-0.7371,68.30
2024-11-01,99.20,99.81,98.07,98.22,100.94,101.60,96.81,97.70,92.50,96.0842,1,105.1012,0,69506,116797,0.3606,1.1655,-0.8050,68.42
2024-11-04,98.94,100.29,98.64,99.30,100.84,101.32,96.93,97.72,92.65,96.0842,1,104.7742,0,73420,116315,0.2317,0.9788,-0.7471,68.81
2024-11-05,100.71,101.75,99.95,101.72,100.79,101.36,97.08,97.75,92.80,96.0842,1,104.4604,0,99380,116919,0.3210,0.8472,-0.5263,69.69
2024-11-06,97.58,100.32,96.03,98.88,100.53,101.20,97.17,97.76,92.94,96.0842,1,104.1591,0,136612,118063,0.1608,0.7099,-0.5492,55.15
2024-11-07,102.33,103.57,101.05,102.50,100.56,101.13,97.42,97.80,93.09,96.0842,1,103.6711,0,107312,118332,0.3223,0.6324,-0.3101,63.12
2024-11-08,98.24,99.53,95.99,96.72,99.93,100.72,97.55,97.78,93.21,96.0842,1,103.5664,0,116139,118953,-0.0159,0.5027,-0.5186,51.07
2024-11-11,95.11,95.79,93.30,94.60,99.15,100.21,97.62,97.73,93.32,104.7807,0,103.5664,0,97154,118016,-0.4499,0.3122,-0.7621,45.96
2024-11-12,92.41,93.00,91.37,92.74,98.22,99.87,97.76,97.66,93.41,102.3656,0,102.5397,0,109221,117090,-0.9332,0.0631,-0.9964,46.28
2024-11-13,92.94,92.94,91.01,91.20,97.36,99.38,97.87,97.58,93.51,101.7168,0,101.1989,0,74793,116075,-1.4245,-0.2344,-1.1901,45.94
2024-11-14,91.38,92.14,90.13,90.54,96.64,98.92,97.95,97.51,93.60,100.5071,0,99.7731,0,105865,116681,-1.8449,-0.5565,-1.2884,46.99
2024-11-15,91.53,91.53,89.36,89.61,95.78,98.36,98.07,97.43,93.68,99.5294,0,98.2301,0,78816,116804,-2.2276,-0.8907,-1.3368,44.51
2024-11-18,90.74,92.06,90.16,91.95,95.05,97.94,98.20,97.38,93.79,99.5294,0,96.6339,0,65039,116302,-2.3154,-1.1756,-1.1397,50.95
2024-11-19,91.59,94.03,91.32,93.71,94.25,97.52,98.40,97.33,93.91,99.5294,0,95.3249,0,73829,115432,-2.2173,-1.3840,-0.8333,53.70
2024-11-20,93.62,94.36,92.65,93.01,93.66,97.09,98.53,97.27,94.01,99.5294,0,89.3620,1,79918,113687,-2.1714,-1.5415,-0.6299,52.82
2024-11-21,92.81,93.04,90.17,90.92,92.50,96.53,98.60,97.21,94.11,99.5294,0,89.4619,1,122397,114377,-2.2778,-1.6887,-0.5891,46.07
2024-11-22,90.54,91.10,89.59,90.07,91.84,95.89,98.65,97.16,94.21,98.4222,0,89.5598,1,85118,114040,-2.4029,-1.8316,-0.5714,41.96
2024-11-25,90.40,92.39,90.37,92.12,91.59,95.37,98.71,97.12,94.32,98.4222,0,89.5878,1,153290,115304,-2.3101,-1.9273,-0.3828,44.21
2024-11-26,91.66,91.66,88.76,88.98,91.21,94.72,98.72,97.08,94.41,98.3904,0,94.3557,0,82715,114071,-2.4609,-2.0340,-0.4269,39.59
2024-11-27,89.40,90.82,89.34,90.04,91.10,94.23,98.72,97.02,94.51,97.9987,0,94.2437,0,74982,112979,-2.4668,-2.1206,-0.3463,42.11
2024-11-29,89.75,91.25,89.58,90.62,91.10,93.87,98.66,96.93,94.61,97.9987,0,94.1340,0,43321,111001,-2.3972,-2.1759,-0.2213,38.18
2024-12-02,91.07,91.07,89.00,90.35,91.18,93.48,98.62,96.83,94.70,97.5167,0,94.0264,0,80870,110609,-2.3370,-2.2081,-0.1289,35.55
2024-12-03,92.56,92.80,90.31,91.50,91.13,93.09,98.55,96.75,94.79,97.5167,0,93.9210,0,88451,110541,-2.1709,-2.2007,0.0297,37.65
2024-12-04,91.20,92.05,90.85,91.40,90.90,92.57,98.35,96.68,94.88,97.5167,0,93.8178,0,60651,106637,-2.0240,-2.1653,0.1413,36.54
2024-12-05,91.63,91.84,89.89,91.31,90.73,92.19,98.19,96.62,94.97,97.5167,0,93.7166,0,66557,104981,-1.8931,-2.1109,0.2178,39.94
2024-12-06,91.48,91.58,89.96,90.30,90.67,91.58,97.85,96.55,95.05,97.5167,0,93.6174,0,58080,100244,-1.8496,-2.0586,0.2091,35.25
2024-12-09,94.55,97.28,93.53,95.30,91.19,91.51,97.64,96.49,95.17,97.5167,0,88.7570,1,153761,99360,-1.3954,-1.9260,0.5306,43.44
2024-12-10,93.93,94.48,92.41,92.58,91.24,91.41,97.42,96.43,95.28,97.5167,0,88.9275,1,108630,98789,-1.2411,-1.7890,0.5479,38.91
2024-12-11,92.84,94.38,91.90,93.47,91.69,91.45,97.20,96.39,95.39,97.5167,0,89.0946,1,89205,98703,-1.0348,-1.6382,0.6033,39.21
2024-12-12,92.93,93.10,91.35,91.68,91.85,91.47,96.94,96.31,95.50,97.5167,0,89.2583,1,60664,98334,-1.0040,-1.5113,0.5073,39.65
2024-12-13,90.75,91.04,89.49,90.30,91.82,91.46,96.69,96.21,95.60,97.5167,0,89.4188,1,71070,97927,-1.0787,-1.4248,0.3461,36.74
2024-12-16,89.92,90.12,87.61,87.94,91.58,91.38,96.35,96.09,95.68,96.7218,0,97.2814,0,80249,97273,-1.3129,-1.4024,0.0895,31.49
2024-12-17,86.85,87.65,85.66,87.36,91.17,91.15,96.00,95.94,95.76,94.4092,0,97.0880,0,85151,97171,-1.5282,-1.4276,-0.1006,31.33
2024-12-18,87.01,87.69,83.81,83.94,90.42,90.66,95.66,95.78,95.82,93.8954,0,96.6309,0,74442,95239,-1.9518,-1.5324,-0.4194,28.93
2024-12-19,84.25,84.80,82.31,83.06,89.59,90.16,95.28,95.63,95.88,91.6342,0,95.8615,0,98087,95310,-2.3321,-1.6924,-0.6397,24.06
2024-12-20,82.68,84.64,82.68,83.99,88.96,89.82,94.88,95.45,95.92,91.5181,0,94.7774,0,92871,94975,-2.5292,-1.8597,-0.6695,24.02
2024-12-23,83.86,84.77,83.28,84.49,87.88,89.54,94.47,95.25,95.97,91.5181,0,93.7799,0,53859,94623,-2.6145,-2.0107,-0.6038,21.85
2024-12-24,84.66,85.29,84.09,85.27,87.15,89.19,94.08,95.08,96.01,91.5181,0,92.8623,0,28187,93358,-2.5896,-2.1265,-0.4631,21.96
2024-12-26,84.89,85.70,84.41,85.42,86.35,89.02,93.80,94.96,96.05,91.5181,0,92.0181,0,62682,91225,-2.5283,-2.2068,-0.3215,21.58
2024-12-27,84.55,85.03,83.77,84.17,85.60,88.72,93.46,94.84,96.05,91.0157,0,91.2414,0,37461,89591,-2.5516,-2.2758,-0.2758,19.64
2024-12-30,83.08,83.21,81.96,82.58,84.82,88.32,93.12,94.70,96.03,89.2028,0,90.5268,0,62954,89095,-2.6675,-2.3541,-0.3134,19.33
2024-12-31,82.63,83.21,81.99,82.29,84.26,87.92,92.75,94.53,95.99,88.9247,0,89.6699,0,61795,88383,-2.7510,-2.4335,-0.3175,18.53
2025-01-02,83.19,84.33,82.77,83.22,83.84,87.50,92.41,94.38,95.95,88.9247,0,88.8986,0,62531,87692,-2.7109,-2.4890,-0.2219,20.17
2025-01-03,83.36,83.89,82.35,83.09,83.76,87.09,92.02,94.24,95.93,88.9247,0,88.2045,0,64030,86218,-2.6594,-2.5231,-0.1363,17.65
2025-01-06,84.83,85.43,84.33,84.49,83.90,86.75,91.68,94.11,95.89,88.9247,0,87.5798,0,115490,86331,-2.4771,-2.5139,0.0368,21.73
2025-01-07,85.24,85.27,83.96,84.68,83.97,86.47,91.33,93.99,95.86,88.9247,0,87.0175,0,88219,85469,-2.2901,-2.4691,0.1790,22.64
2025-01-08,84.14,86.41,83.75,86.33,84.15,86.02,91.00,93.92,95.83,88.9247,0,86.5115,0,109137,84358,-1.9865,-2.3726,0.3861,24.61
2025-01-10,87.55,87.68,85.01,85.43,84.17,85.66,90.66,93.83,95.80,88.9247,0,81.9573,1,93276,84458,-1.7972,-2.2575,0.4603,27.99
2025-01-13,84.63,86.03,84.58,85.56,84.18,85.27,90.33,93.73,95.78,88.9247,0,82.0718,1,75705,84418,-1.6184,-2.1297,0.5113,28.80
2025-01-14,86.24,86.29,85.14,86.09,84.38,84.99,90.06,93.66,95.75,88.9247,0,82.1841,1,59645,83665,-1.4174,-1.9872,0.5699,31.84
2025-01-15,88.57,88.74,86.63,87.58,84.88,84.85,89.85,93.60,95.72,88.9247,0,82.2940,1,68970,83230,-1.1248,-1.8148,0.6899,31.65
2025-01-16,88.04,88.14,87.12,87.97,85.44,84.85,89.65,93.55,95.68,88.9247,0,82.5518,1,70503,83250,-0.8519,-1.6222,0.7703,30.48
2025-01-17,88.14,90.27,87.53,88.60,85.98,84.91,89.43,93.50,95.65,88.9247,0,82.7993,1,69037,83162,-0.5779,-1.4133,0.8355,29.78
2025-01-21,89.40,89.71,88.39,89.11,86.59,85.17,89.18,93.47,95.61,83.2151,1,83.2472,1,162220,84419,-0.3163,-1.1939,0.8776,29.31
2025-01-22,89.19,89.70,87.01,87.01,86.84,85.37,88.94,93.43,95.56,83.2151,1,83.6683,1,147117,84629,-0.2755,-1.0102,0.7347,26.96
2025-01-23,86.04,88.49,84.64,87.75,87.14,85.56,88.65,93.40,95.51,83.2151,1,84.0641,1,111310,84709,-0.1807,-0.8443,0.6636,28.29
2025-01-24,88.87,89.80,86.99,87.14,87.23,85.69,88.46,93.34,95.45,83.2151,1,84.4362,1,91955,84226,-0.1533,-0.7061,0.5528,25.62
2025-01-27,85.39,85.62,84.31,85.01,87.18,85.68,88.27,93.26,95.36,83.2151,1,90.2650,0,118070,84644,-0.3001,-0.6249,0.3248,21.63
2025-01-28,85.30,85.52,81.32,81.74,86.80,85.49,88.05,93.16,95.26,90.9473,0,90.1458,0,161325,85686,-0.6725,-0.6344,-0.0381,19.41
2025-01-29,82.12,83.22,81.51,82.51,86.44,85.41,87.87,93.06,95.15,89.6528,0,89.7927,0,153374,87258,-0.8954,-0.6866,-0.2087,20.70
2025-01-30,84.01,84.27,82.95,83.66,86.05,85.46,87.73,92.98,95.06,89.6528,0,89.4536,0,131489,87770,-0.9675,-0.7428,-0.2247,20.89
2025-01-31,83.12,84.45,81.98,82.73,85.53,85.49,87.60,92.89,94.98,89.6528,0,89.1281,0,111511,88424,-1.0873,-0.8117,-0.2756,20.58
2025-02-03,81.27,82.51,79.60,81.21,84.79,85.39,87.38,92.80,94.88,88.4016,0,88.8156,0,132440,89772,-1.2904,-0.9074,-0.3830,18.76
2025-02-04,82.56,84.38,81.89,84.21,84.30,85.44,87.19,92.73,94.80,88.4016,0,88.2627,0,138099,91057,-1.1950,-0.9650,-0.2300,20.20
2025-02-05,83.53,84.62,82.95,84.37,84.03,85.44,87.02,92.65,94.71,88.4016,0,87.7430,0,128952,92038,-1.0944,-0.9908,-0.1035,19.71
2025-02-06,86.47,87.57,85.43,85.43,83.80,85.47,86.91,92.57,94.64,88.4016,0,79.6005,1,139152,92373,-0.9181,-0.9763,0.0582,25.85
2025-02-07,88.04,90.02,87.09,87.34,83.82,85.52,86.86,92.47,94.58,88.4016,0,79.7598,1,112234,92916,-0.6175,-0.9045,0.2870,27.52
2025-02-10,88.70,88.87,87.21,87.63,84.08,85.63,86.77,92.37,94.53,88.4016,0,80.1702,1,102038,91890,-0.3519,-0.7940,0.4421,29.69
2025-02-11,83.99,85.12,83.73,83.76,84.29,85.54,86.66,92.24,94.47,88.4016,0,80.5643,1,91307,92062,-0.4485,-0.7249,0.2764,26.84
2025-02-12,83.95,86.56,83.88,85.73,84.61,85.53,86.57,92.14,94.41,88.4016,0,80.9425,1,128806,93139,-0.3617,-0.6523,0.2906,33.06
2025-02-13,86.25,89.25,84.72,88.99,85.14,85.60,86.54,92.05,94.34,80.3948,1,81.3057,1,174576,95764,-0.0297,-0.5278,0.4980,39.32
2025-02-14,90.22,91.05,88.08,88.47,85.71,85.62,86.50,91.96,94.25,80.7724,1,81.6543,1,189385,97934,0.1893,-0.3843,0.5736,37.96
2025-02-18,88.38,88.62,86.74,88.62,86.45,85.62,86.45,91.88,94.17,80.7724,1,82.2182,1,113009,98425,0.3703,-0.2334,0.6037,37.12
2025-02-19,87.77,88.18,86.31,87.66,86.80,85.55,86.37,91.80,94.10,80.7724,1,82.7483,1,90048,99013,0.4318,-0.1004,0.5322,33.40
2025-02-20,88.32,89.75,88.13,88.97,87.26,85.65,86.33,91.73,94.05,80.8282,1,83.2465,1,106546,99813,0.5795,0.0356,0.5439,36.44
2025-02-21,88.86,88.86,84.18,84.50,87.17,85.48,86.21,91.65,93.96,80.8282,1,83.7149,1,102647,100704,0.3324,0.0950,0.2374,31.77
2025-02-24,84.37,85.20,83.29,84.49,86.88,85.35,85.99,91.60,93.87,80.8282,1,91.0526,0,80201,99233,0.1342,0.1028,0.0314,35.03
2025-02-25,84.59,85.10,82.83,84.60,86.58,85.33,85.83,91.55,93.78,80.8282,1,90.8975,0,96118,98983,-0.0138,0.0795,-0.0933,36.80
2025-02-26,86.00,86.90,84.62,84.81,86.69,85.49,85.66,91.50,93.71,80.8282,1,90.5748,0,158460,100368,-0.1130,0.0410,-0.1540,36.35
2025-02-27,84.65,85.48,82.01,82.30,86.34,85.48,85.47,91.43,93.60,80.8282,1,90.2650,0,94526,101045,-0.3896,-0.0451,-0.3445,36.16
2025-02-28,80.36,80.93,79.65,80.88,85.53,85.34,85.28,91.35,93.48,80.8282,1,89.7698,0,137183,102368,-0.7151,-0.1791,-0.5360,29.60
2025-03-03,83.50,83.90,78.55,78.86,84.57,85.14,85.10,91.27,93.34,88.6105,0,88.9600,0,102188,102806,-1.1230,-0.3679,-0.7551,28.50
2025-03-04,78.36,79.64,76.70,78.15,83.52,84.99,84.92,91.17,93.19,87.2379,0,87.9187,0,111464,103333,-1.4872,-0.5918,-0.8954,27.85
2025-03-05,81.18,82.32,80.21,82.30,82.99,84.89,84.89,91.10,93.06,87.2379,0,86.5725,0,189794,105640,-1.4239,-0.7582,-0.6657,31.46
2025-03-06,81.97,84.12,81.86,82.60,82.35,84.81,84.88,91.06,92.94,87.2379,0,85.3878,0,109375,105865,-1.3342,-0.8734,-0.4608,34.76
2025-03-07,81.82,83.31,80.35,82.73,82.17,84.67,84.85,90.98,92.80,87.2379,0,84.3453,0,197156,107951,-1.2386,-0.9464,-0.2921,32.32
2025-03-10,80.17,81.81,78.78,80.46,81.77,84.33,84.77,90.92,92.63,87.2379,0,84.1220,0,159776,110069,-1.3309,-1.0233,-0.3076,32.87
2025-03-11,80.85,82.47,79.47,80.82,81.39,83.99,84.68,90.87,92.48,87.2379,0,83.3125,0,139261,112291,-1.3590,-1.0905,-0.2686,30.52
2025-03-12,81.87,82.80,80.32,82.17,81.13,83.91,84.62,90.85,92.37,87.2379,0,76.7003,1,120911,113455,-1.2582,-1.1240,-0.1342,33.67
2025-03-13,83.25,86.16,83.11,84.05,81.30,83.82,84.61,90.82,92.28,87.2379,0,76.8224,1,187241,116451,-1.0147,-1.1022,0.0874,40.50
2025-03-14,85.29,87.56,84.97,87.43,81.96,83.74,84.71,90.84,92.20,76.7088,1,77.1958,1,161345,118419,-0.5425,-0.9902,0.4478,43.28
2025-03-17,88.20,89.83,87.97,89.02,82.97,83.77,84.85,90.84,92.11,79.5816,1,77.8177,1,146546,120114,-0.0393,-0.8000,0.7607,43.74
2025-03-18,90.04,90.35,88.28,89.86,84.14,83.83,84.98,90.85,92.03,80.3053,1,78.7790,1,96172,120787,0.4221,-0.5556,0.9777,48.35
2025-03-19,90.12,91.37,89.43,90.53,84.97,83.98,85.13,90.86,91.96,81.7120,1,79.9363,1,123858,121983,0.8325,-0.2780,1.1105,46.84
2025-03-20,89.60,91.41,89.17,90.24,85.73,84.04,85.24,90.86,91.89,81.7961,1,81.3085,1,118975,122053,1.1213,0.0019,1.1194,44.45
2025-03-21,88.81,92.43,87.31,91.33,86.59,84.38,85.38,90.86,91.84,81.7961,1,82.7223,1,514069,130570,1.4211,0.2857,1.1354,48.81
2025-03-24,92.43,94.29,90.06,90.63,87.61,84.69,85.46,90.84,91.80,82.6481,1,84.2749,1,235987,133107,1.5840,0.5454,1.0386,40.81
2025-03-25,92.00,93.25,91.61,92.30,88.76,85.07,85.60,90.84,91.77,83.0669,1,86.0777,1,268384,136609,1.8270,0.8017,1.0253,42.70
2025-03-26,92.76,92.76,88.06,88.86,89.43,85.28,85.67,90.80,91.71,83.0669,1,87.5560,1,189528,138886,1.7224,0.9858,0.7365,37.21
2025-03-27,87.25,88.61,86.10,88.08,89.83,85.57,85.70,90.78,91.67,83.0669,1,94.2905,0,128836,140269,1.5584,1.1003,0.4580,35.50
2025-03-28,87.44,89.05,85.40,85.62,89.65,85.80,85.67,90.73,91.61,83.0669,1,94.1268,0,106971,141029,1.2162,1.1235,0.0927,35.37
2025-03-31,82.85,85.56,82.00,85.00,89.25,86.11,85.61,90.69,91.56,83.0669,1,93.7779,0,107946,141778,0.8849,1.0758,-0.1909,35.36
2025-04-01,84.59,85.87,83.94,85.39,88.80,86.47,85.54,90.63,91.51,83.0669,1,93.0714,0,106864,142535,0.6458,0.9898,-0.3440,36.60
2025-04-02,84.51,85.93,84.04,85.82,88.33,86.65,85.48,90.58,91.48,83.0669,1,92.4073,0,85254,140996,0.4859,0.8890,-0.4031,34.71
2025-04-03,81.51,82.66,78.67,78.88,87.19,86.46,85.31,90.48,91.40,91.0158,0,91.7830,0,183807,141729,-0.1986,0.6715,-0.8700,35.09
2025-04-04,74.22,74.54,70.42,71.30,85.19,85.89,84.98,90.35,91.29,84.3372,0,90.7343,0,230224,144108,-1.3376,0.2697,-1.6073,28.51
2025-04-07,68.54,75.42,68.27,72.22,83.35,85.48,84.69,90.23,91.18,84.3372,0,88.7033,0,243432,147137,-2.1415,-0.2126,-1.9290,30.83
2025-04-08,74.51,74.73,68.07,68.79,81.00,84.88,84.36,90.08,91.03,84.3372,0,86.2512,0,152001,147816,-3.0205,-0.7742,-2.2463,29.78
2025-04-09,70.76,77.63,68.10,76.78,79.79,84.61,84.26,90.02,90.94,84.3372,0,83.7057,0,189751,148384,-3.0370,-1.2267,-1.8102,32.01
2025-04-10,75.49,75.55,72.09,74.44,78.42,84.13,84.10,89.95,90.82,84.3372,0,81.5165,0,207563,149468,-3.2025,-1.6219,-1.5806,35.10
2025-04-11,76.02,77.93,75.09,76.97,77.56,83.60,83.97,89.89,90.73,84.3372,0,79.6339,0,156193,149962,-3.0932,-1.9161,-1.1771,36.40
2025-04-14,78.06,80.78,77.71,79.74,77.03,83.14,83.91,89.86,90.64,84.3372,0,68.0689,1,176515,151262,-2.7518,-2.0833,-0.6685,38.55
2025-04-15,79.13,79.77,78.10,78.97,76.39,82.59,83.86,89.82,90.56,84.3372,0,68.3232,1,109119,150796,-2.5139,-2.1694,-0.3445,36.43
2025-04-16,78.89,79.95,77.66,78.39,75.65,81.99,83.75,89.78,90.48,84.3372,0,68.5724,1,146687,150968,-2.3452,-2.2045,-0.1407,37.08
2025-04-17,78.43,79.37,77.44,78.46,75.61,81.40,83.63,89.73,90.39,84.3372,0,68.8166,1,91289,150214,-2.1813,-2.1999,0.0186,36.38
2025-04-21,79.09,79.52,77.28,78.80,76.36,80.77,83.50,89.67,90.30,84.3372,0,69.0560,1,95235,149336,-2.0005,-2.1600,0.1595,42.95
2025-04-22,80.34,81.65,80.07,81.05,77.24,80.29,83.37,89.62,90.20,84.3372,0,69.2906,1,91186,148915,-1.6568,-2.0594,0.4026,41.10
2025-04-23,83.41,85.56,83.41,83.90,78.75,79.87,83.29,89.59,90.10,84.3372,0,69.7849,1,145607,149786,-1.1408,-1.8757,0.7349,44.45
2025-04-24,85.25,87.70,84.51,87.16,79.79,79.79,83.36,89.58,90.02,74.7313,1,70.7313,1,133692,150634,-0.4638,-1.5933,1.1295,50.26
2025-04-25,85.28,86.50,84.73,85.75,80.92,79.67,83.36,89.55,89.94,74.7313,1,72.0885,1,151791,151094,-0.0406,-1.2827,1.2422,51.87
2025-04-28,85.77,86.65,84.46,85.33,81.76,79.66,83.29,89.50,89.86,75.0287,1,73.3372,1,99224,149587,0.2581,-0.9746,1.2327,47.87
2025-04-29,85.18,86.05,84.40,84.47,82.23,79.63,83.21,89.44,89.77,75.2600,1,74.4859,1,109429,147988,0.4203,-0.6956,1.1159,45.46
2025-04-30,80.62,81.55,79.23,81.42,82.47,79.43,83.07,89.36,89.67,75.2600,1,75.5427,1,171753,149163,0.2995,-0.4966,0.7961,39.20
2025-05-01,81.70,83.19,81.38,81.71,82.81,79.23,82.95,89.22,89.59,75.2600,1,76.5150,1,107188,149505,0.2246,-0.3523,0.5770,39.23
2025-05-02,83.90,84.07,82.57,83.37,83.30,79.45,82.84,89.12,89.51,75.2600,1,77.4096,1,71769,148810,0.2958,-0.2227,0.5185,36.60
2025-05-05,83.21,83.38,81.86,81.90,83.61,79.98,82.78,88.95,89.43,75.2600,1,78.2325,1,58797,147933,0.2309,-0.1320,0.3629,37.80
2025-05-06,81.92,83.91,81.48,83.72,83.87,80.56,82.77,88.80,89.39,75.2600,1,78.9896,1,93625,148201,0.3228,-0.0410,0.3638,39.57
2025-05-07,82.69,82.96,80.09,80.89,83.57,81.16,82.69,88.65,89.34,75.2600,1,79.6862,1,115998,148599,0.1653,0.0002,0.1651,31.50
2025-05-08,80.70,82.21,80.58,81.47,83.00,81.40,82.63,88.50,89.28,75.2600,1,80.0880,1,86697,147164,0.0858,0.0173,0.0684,31.69
2025-05-09,82.32,82.72,81.51,82.67,82.70,81.81,82.63,88.35,89.23,75.2600,1,80.0880,1,91409,147101,0.1184,0.0375,0.0809,39.20
2025-05-12,85.91,87.13,84.44,85.33,82.70,82.23,82.72,88.23,89.20,76.9918,1,80.5782,1,127439,146906,0.3551,0.1011,0.2541,35.64
2025-05-13,85.52,86.98,85.33,86.28,82.88,82.55,82.87,88.11,89.17,77.7514,1,81.1476,1,71656,146296,0.6125,0.2034,0.4092,35.11
2025-05-14,86.07,86.65,85.49,86.39,83.37,82.92,83.04,87.98,89.13,78.1590,1,81.6715,1,73917,145545,0.8153,0.3258,0.4896,36.47
2025-05-15,85.55,85.66,84.08,85.29,83.73,83.27,83.10,87.88,89.10,78.1590,1,82.1535,1,92238,143594,0.8771,0.4360,0.4411,33.18
2025-05-16,84.27,84.60,81.89,83.97,83.79,83.54,83.12,87.76,89.08,78.1590,1,87.6965,0,106624,143539,0.8108,0.5110,0.2998,29.71
2025-05-19,82.53,84.85,82.37,84.75,84.08,83.84,83.16,87.63,89.03,78.1590,1,87.5804,0,83704,141270,0.8116,0.5711,0.2405,30.95
2025-05-20,84.77,85.21,84.41,84.79,84.18,84.03,83.25,87.50,89.00,78.1590,1,87.4666,0,71438,139503,0.8058,0.6180,0.1878,35.89
2025-05-21,84.29,85.36,83.62,84.10,84.50,84.04,83.32,87.36,88.98,78.1590,1,87.3551,0,89530,138508,0.7376,0.6420,0.0956,41.20
2025-05-22,83.42,83.89,82.49,83.63,84.72,83.86,83.35,87.25,88.97,78.1590,1,87.2458,0,79823,137687,0.6381,0.6412,-0.0031,40.37
2025-05-23,82.60,85.84,82.60,85.41,84.99,83.84,83.37,87.15,88.96,78.1590,1,87.1387,0,98998,135922,0.6945,0.6519,0.0427,46.50
2025-05-27,85.41,87.22,85.41,86.16,85.08,83.89,83.35,87.06,88.96,79.2479,1,81.8915,1,95154,134598,0.7913,0.6797,0.1116,46.01
2025-05-28,85.76,85.76,84.53,84.85,84.93,83.91,83.26,86.95,88.95,79.2479,1,81.9981,1,62356,132914,0.7534,0.6945,0.0589,46.95
2025-05-29,85.97,86.13,84.92,85.45,84.84,84.11,83.18,86.85,88.93,79.2479,1,82.1025,1,97314,132937,0.7630,0.7082,0.0548,49.59
2025-05-30,84.86,84.86,82.84,84.08,84.72,84.23,83.05,86.73,88.90,79.2479,1,82.2048,1,119310,132846,0.6527,0.6971,-0.0444,45.26
2025-06-02,85.98,86.52,84.77,85.51,84.87,84.33,82.95,86.63,88.88,79.2479,1,82.3051,1,105707,132581,0.6724,0.6921,-0.0197,45.75
2025-06-03,84.82,85.99,83.99,85.55,84.95,84.52,82.84,86.51,88.86,79.2479,1,82.4034,1,112776,124555,0.6839,0.6905,-0.0066,40.24
2025-06-04,86.20,87.27,85.65,86.70,85.15,84.66,82.76,86.41,88.82,79.9478,1,82.4997,1,108785,122011,0.7766,0.7077,0.0689,45.39
2025-06-05,89.49,90.32,88.48,88.86,85.62,85.06,82.69,86.32,88.80,82.4508,1,82.6907,1,160619,119855,1.0123,0.7686,0.2437,48.93
2025-06-06,89.46,89.72,88.17,88.46,86.10,85.41,82.68,86.23,88.77,82.4508,1,83.1483,1,79955,117664,1.1537,0.8456,0.3080,43.74
2025-06-09,89.14,91.19,88.86,89.65,86.53,85.76,82.71,86.16,88.76,83.1593,1,83.5785,1,100613,117099,1.3465,0.9458,0.4007,45.21
2025-06-10,89.84,90.43,89.23,90.29,86.94,86.01,82.81,86.11,88.75,83.2906,1,84.1871,1,91050,116781,1.5331,1.0633,0.4698,41.00
2025-06-11,90.26,90.27,88.55,88.85,87.34,86.14,82.88,86.05,88.74,83.2906,1,84.7471,1,120988,117042,1.5468,1.1600,0.3868,36.26
2025-06-12,87.39,89.78,87.36,88.74,87.67,86.25,82.95,85.98,88.71,83.2906,1,85.2623,1,123120,117367,1.5310,1.2342,0.2968,37.16
2025-06-13,86.94,88.08,86.55,87.64,88.02,86.37,82.99,85.88,88.68,83.2906,1,85.7363,1,101488,117692,1.4141,1.2702,0.1439,35.98
2025-06-16,88.79,90.09,88.43,89.21,88.39,86.63,83.19,85.82,88.66,83.2906,1,86.1723,1,109085,116197,1.4311,1.3023,0.1288,36.80
2025-06-17,89.08,89.72,87.64,88.17,88.66,86.81,83.53,85.72,88.65,83.2906,1,86.5531,1,98590,113565,1.3455,1.3110,0.0345,36.53
2025-06-18,88.12,88.93,87.82,88.10,88.80,86.97,83.85,85.66,88.63,83.2906,1,86.9238,1,73104,110158,1.2572,1.3002,-0.0430,31.24
2025-06-20,88.60,88.60,85.97,86.44,88.55,87.09,84.20,85.61,88.61,83.2906,1,91.1869,0,602322,119164,1.0416,1.2485,-0.2069,29.77
2025-06-23,86.06,87.70,85.91,87.54,88.46,87.28,84.42,85.57,88.62,83.2906,1,91.0825,0,92331,117216,0.9486,1.1885,-0.2399,28.83
2025-06-24,87.50,89.97,87.15,89.63,88.46,87.49,84.72,85.56,88.64,83.2906,1,90.8755,0,132883,115722,1.0317,1.1571,-0.1255,32.59
2025-06-25,89.93,90.20,88.56,89.79,88.41,87.68,84.98,85.56,88.66,83.2906,1,90.6767,0,110079,114800,1.0976,1.1452,-0.0477,35.43
2025-06-26,92.50,97.65,92.50,96.78,89.20,88.27,85.32,85.61,88.72,87.0074,1,85.9057,1,219702,115664,1.6945,1.2551,0.4394,51.54
2025-06-27,96.65,96.65,94.09,94.81,89.81,88.74,85.63,85.63,88.77,87.3028,1,86.1406,1,341512,120312,1.9857,1.4012,0.5845,48.72
2025-06-30,94.46,94.91,93.18,93.57,90.41,89.21,85.94,85.63,88.82,87.3028,1,86.3708,1,163238,120643,2.0923,1.5394,0.5529,45.46
2025-07-01,93.83,96.13,92.88,94.43,90.93,89.66,86.26,85.63,88.86,87.3028,1,86.5964,1,178032,122378,2.2206,1.6757,0.5450,47.71
2025-07-02,95.74,98.55,95.27,98.12,91.92,90.29,86.64,85.68,88.91,88.4934,1,86.8175,1,176948,124012,2.5903,1.8586,0.7317,57.96
2025-07-03,97.88,98.82,96.98,97.91,92.90,90.85,86.98,85.74,88.96,89.7723,1,87.2868,1,76018,123709,2.8334,2.0535,0.7798,60.06
2025-07-07,96.55,97.58,95.98,96.66,93.93,91.24,87.24,85.77,89.00,89.7723,1,87.9786,1,175514,124307,2.8919,2.2212,0.6707,58.35
2025-07-08,97.30,101.19,95.17,95.27,94.70,91.58,87.40,85.81,89.04,89.7723,1,88.6290,1,464231,130917,2.7935,2.3357,0.4578,56.25
2025-07-09,95.71,96.19,91.55,92.42,94.98,91.72,87.53,85.82,89.05,89.7723,1,89.6335,1,306245,134007,2.4572,2.3600,0.0972,46.23
2025-07-10,94.20,94.89,92.86,94.58,95.46,91.93,87.72,85.85,89.05,89.7723,1,90.5576,1,189600,135814,2.3384,2.3557,-0.0172,50.09
2025-07-11,93.22,94.26,92.09,93.98,95.18,92.19,87.91,85.87,89.06,89.7723,1,91.4078,1,119503,136016,2.1708,2.3187,-0.1479,49.16
2025-07-14,92.83,93.48,91.93,92.47,94.94,92.38,88.13,85.88,89.05,89.7723,1,101.1852,0,107908,134739,1.8944,2.2338,-0.3394,42.44
2025-07-15,92.06,92.49,88.72,90.22,94.61,92.51,88.30,85.87,88.99,89.7723,1,101.0000,0,170488,136005,1.4770,2.0825,-0.6055,41.54
2025-07-16,90.47,90.55,88.16,89.40,94.10,92.52,88.42,85.86,88.94,98.1753,0,100.5087,0,111265,136795,1.0674,1.8795,-0.8120,38.17
2025-07-17,88.79,89.90,88.49,89.26,93.22,92.57,88.57,85.85,88.85,97.5560,0,99.7679,0,101693,137652,0.7234,1.6482,-0.9249,38.62
2025-07-18,90.27,90.36,88.80,89.20,92.35,92.63,88.68,85.81,88.77,97.5560,0,99.0716,0,88908,137558,0.4404,1.4067,-0.9663,35.28
2025-07-21,90.64,91.86,90.47,90.69,91.75,92.84,88.87,85.80,88.71,97.5560,0,98.4170,0,79862,136835,0.3324,1.1918,-0.8594,39.40
2025-07-22,91.47,91.78,90.02,91.70,91.39,93.05,89.08,85.79,88.64,97.5560,0,97.8018,0,102253,137147,0.3252,1.0185,-0.6933,38.24
2025-07-23,91.87,93.30,91.59,93.26,91.48,93.23,89.29,85.80,88.58,97.5560,0,97.2234,0,180788,138934,0.4398,0.9028,-0.4629,39.40
2025-07-24,92.21,92.81,91.17,92.01,91.22,93.34,89.42,85.81,88.53,97.5560,0,96.6797,0,109786,138581,0.4250,0.8072,-0.3822,40.27
2025-07-25,91.56,91.65,90.23,90.82,90.90,93.04,89.51,85.83,88.46,97.5560,0,96.1687,0,97503,139098,0.3134,0.7084,-0.3951,38.58
2025-07-28,91.78,92.20,89.06,89.82,90.64,92.79,89.58,85.85,88.38,97.5560,0,95.6883,0,182683,141273,0.1426,0.5953,-0.4526,37.83
2025-07-29,89.72,90.10,88.23,89.40,90.56,92.58,89.66,85.88,88.33,96.3520,0,95.2368,0,178328,142995,-0.0259,0.4710,-0.4970,40.75
2025-07-30,88.16,90.73,82.07,83.74,89.99,92.05,89.66,85.89,88.23,95.4720,0,94.8123,0,454375,149950,-0.6093,0.2550,-0.8642,26.69
2025-07-31,83.12,87.91,83.12,87.09,89.77,91.50,89.70,85.91,88.15,95.1189,0,93.7927,0,277075,153818,-0.7923,0.0455,-0.8378,40.66
2025-08-01,85.55,86.66,84.00,84.78,89.33,90.84,89.70,85.91,88.05,94.9005,0,92.8547,0,135528,155099,-1.1111,-0.1858,-0.9253,35.98
2025-08-04,85.36,86.21,85.02,86.06,88.87,90.31,89.74,85.91,87.95,94.6558,0,91.9917,0,94241,155194,-1.2456,-0.3978,-0.8479,33.36
2025-08-05,85.89,87.78,85.60,87.43,88.44,89.92,89.82,85.93,87.89,94.6558,0,91.1977,0,117113,155939,-1.2276,-0.5637,-0.6639,42.17
2025-08-06,88.13,88.52,87.53,87.93,87.91,89.69,89.87,85.95,87.83,94.6558,0,90.4673,0,85972,155679,-1.1597,-0.6829,-0.4768,46.29
2025-08-07,89.53,90.59,89.21,90.19,87.73,89.47,89.95,86.00,87.78,94.6558,0,82.0673,1,101254,155801,-0.9133,-0.7290,-0.1843,50.30
2025-08-08,91.14,93.55,90.25,92.58,87.90,89.40,90.11,86.07,87.74,94.6558,0,82.2378,1,129319,157140,-0.5187,-0.6869,0.1683,54.05
2025-08-11,91.73,92.20,88.62,88.90,87.81,89.22,90.17,86.11,87.68,94.6558,0,82.6901,1,148140,158157,-0.4973,-0.6490,0.1517,46.70
2025-08-12,89.61,91.57,89.53,90.87,87.96,89.26,90.31,86.16,87.63,94.6558,0,83.1243,1,94015,157651,-0.3177,-0.5827,0.2651,44.64
2025-08-13,91.84,93.15,91.11,92.03,88.79,89.39,90.44,86.21,87.58,94.6558,0,83.5412,1,108266,157702,-0.0811,-0.4824,0.4013,44.27
2025-08-14,90.23,90.84,89.27,90.29,89.11,89.44,90.54,86.25,87.52,94.6558,0,83.9413,1,78213,157011,-0.0335,-0.3926,0.3591,44.16
2025-08-15,91.07,91.43,90.05,90.30,89.66,89.49,90.61,86.28,87.46,94.6558,0,84.3255,1,75306,156341,0.0047,-0.3132,0.3179,48.54
2025-08-18,90.31,90.99,89.58,90.31,90.08,89.48,90.64,86.31,87.40,94.6558,0,84.6943,1,78593,154701,0.0354,-0.2434,0.2789,49.10
2025-08-19,90.87,91.00,88.37,88.77,90.22,89.33,90.64,86.33,87.33,94.6558,0,85.0483,1,78614,154674,-0.0634,-0.2074,0.1440,42.43
2025-08-20,88.14,88.66,87.22,88.25,90.25,89.08,90.61,86.34,87.27,94.6558,0,85.3882,1,124349,155148,-0.1814,-0.2022,0.0208,44.49
2025-08-21,87.44,88.51,87.19,88.28,90.06,88.89,90.57,86.35,87.22,94.6558,0,85.7145,1,83204,154992,-0.2696,-0.2157,-0.0539,42.77
2025-08-22,88.54,91.94,88.29,91.87,89.99,88.95,90.63,86.37,87.19,94.6558,0,86.0278,1,102963,154631,-0.0493,-0.1824,0.1331,46.25
2025-08-25,92.12,92.53,91.36,91.37,90.23,89.02,90.69,86.39,87.15,94.6558,0,86.3285,1,65783,153484,0.0840,-0.1292,0.2131,48.28
2025-08-26,90.96,92.15,90.65,92.10,90.36,89.16,90.78,86.41,87.11,94.6558,0,86.6171,1,92950,153314,0.2453,-0.0543,0.2996,48.13
2025-08-27,90.59,91.36,89.48,90.62,90.22,89.50,90.80,86.44,87.06,94.6558,0,86.8943,1,67742,152487,0.2510,0.0068,0.2442,42.24
2025-08-28,91.12,91.48,89.99,91.10,90.30,89.70,90.86,86.46,87.01,94.6558,0,87.1603,1,93490,152385,0.2909,0.0636,0.2273,40.22
2025-08-29,90.88,92.32,90.38,90.50,90.32,89.99,90.91,86.48,86.98,94.6558,0,87.4157,1,100337,152929,0.2715,0.1052,0.1663,40.93
2025-09-02,89.48,91.64,87.55,91.60,90.45,90.26,91.01,86.53,86.96,94.6558,0,93.5454,0,86893,142621,0.3403,0.1522,0.1881,41.34
2025-09-03,92.87,95.74,92.68,95.06,91.08,90.65,91.17,86.61,86.97,86.5439,1,87.5475,1,161034,143995,0.6669,0.2552,0.4118,48.45
2025-09-04,94.83,95.13,93.08,94.96,91.75,91.00,91.27,86.70,86.99,86.5864,1,87.5475,1,95093,143239,0.9069,0.3855,0.5214,46.50
2025-09-05,96.31,97.63,95.37,96.99,92.62,91.34,91.42,86.79,87.02,88.9354,1,87.7114,1,146273,143963,1.2469,0.5578,0.6891,48.18
2025-09-08,97.36,97.66,96.14,97.38,93.17,91.58,91.43,86.88,87.06,89.6344,1,88.1079,1,147238,142514,1.5299,0.7522,0.7777,47.85
2025-09-09,98.02,99.84,94.07,94.10,93.44,91.84,91.41,86.97,87.07,89.6344,1,88.6812,1,190848,139500,1.4727,0.8963,0.5764,43.69
2025-09-10,94.71,96.25,94.59,96.17,93.85,92.10,91.47,87.05,87.09,89.6344,1,89.5739,1,111718,138470,1.5756,1.0322,0.5435,47.40
2025-09-11,96.01,99.58,95.85,98.94,94.68,92.45,91.56,87.15,87.11,89.6344,1,90.3951,1,100711,136924,1.8600,1.1977,0.6622,47.16
2025-09-12,99.26,101.02,98.88,100.01,95.57,92.93,91.59,87.24,87.16,91.7497,1,91.1506,1,170568,136796,2.1465,1.3875,0.7590,51.61
2025-09-15,100.43,103.94,100.31,103.55,96.88,93.60,91.71,87.35,87.23,93.5669,1,92.1372,1,229731,139870,2.6290,1.6358,0.9932,55.27
2025-09-16,104.07,104.16,101.67,102.15,97.93,94.19,91.82,87.45,87.28,94.4649,1,93.5530,1,191327,140186,2.8651,1.8816,0.9834,55.16
2025-09-17,101.13,103.15,99.88,100.67,98.49,94.78,91.92,87.56,87.34,94.4649,1,95.0383,1,157915,134060,2.8995,2.0852,0.8143,53.36
2025-09-18,100.04,101.49,98.99,101.03,99.10,95.42,92.10,87.66,87.39,94.4649,1,96.3157,1,180454,131544,2.9219,2.2525,0.6694,51.23
2025-09-19,102.66,104.60,102.04,103.60,99.76,96.19,92.28,87.76,87.46,94.6183,1,97.4142,1,249369,132740,3.1113,2.4243,0.6870,57.30
2025-09-22,104.12,105.72,103.22,104.96,100.52,96.84,92.50,87.87,87.53,95.8887,1,98.5632,1,163382,133617,3.3332,2.6061,0.7271,59.93
2025-09-23,105.49,106.21,103.74,103.85,101.49,97.47,92.72,87.97,87.59,96.5103,1,99.8507,1,148961,134438,3.3804,2.7609,0.6195,54.18
2025-09-24,109.44,114.43,108.32,112.55,103.13,98.49,93.17,88.14,87.70,100.5833,1,101.1218,1,692323,144875,4.0731,3.0234,1.0497,68.48
2025-09-25,111.41,112.18,109.35,111.10,104.35,99.51,93.60,88.29,87.80,100.5833,1,103.7383,1,365511,149960,4.4537,3.3094,1.1443,70.01
2025-09-26,110.85,112.05,110.13,110.20,105.37,100.47,94.02,88.46,87.90,100.9124,1,105.8764,1,143617,150798,4.6290,3.5733,1.0556,67.36
2025-09-29,113.69,115.52,112.95,114.05,106.42,101.65,94.52,88.65,87.99,103.4795,1,107.5868,1,234539,153711,5.0209,3.8629,1.1580,71.14
2025-09-30,113.64,114.31,112.19,114.31,107.63,102.78,94.99,88.85,88.10,103.4795,1,109.1737,1,242987,156974,5.2910,4.1485,1.1425,70.96
2025-10-01,114.82,116.42,114.51,115.51,109.12,103.80,95.47,89.06,88.21,105.5472,1,110.4432,1,177853,158486,5.5385,4.4265,1.1120,72.27
2025-10-02,117.01,118.28,115.68,118.04,110.82,104.96,95.96,89.30,88.34,107.2246,1,111.6378,1,190787,158686,5.8707,4.7153,1.1553,75.03
2025-10-03,119.24,122.28,118.97,120.83,112.54,106.15,96.54,89.56,88.49,110.5710,1,112.9664,1,317556,162841,6.2871,5.0297,1.2575,78.38
2025-10-06,123.00,125.51,122.27,122.43,114.29,107.40,97.17,89.85,88.66,113.4386,1,114.8299,1,335400,167599,6.6688,5.3575,1.3113,78.61
2025-10-07,123.50,124.31,119.32,119.36,115.84,108.67,97.76,90.13,88.82,113.4386,1,116.9649,1,282912,169603,6.6476,5.6155,1.0321,76.67
2025-10-08,123.39,126.67,123.20,124.83,117.07,110.10,98.47,90.41,89.03,113.4386,1,118.6730,1,290877,171854,6.9910,5.8906,1.1004,79.81
2025-10-09,127.84,128.57,122.27,122.98,118.25,111.30,99.26,90.68,89.23,113.4386,1,119.3170,1,261349,167994,7.0332,6.1191,0.9140,79.25
2025-10-10,123.95,124.45,117.56,117.83,119.02,112.19,99.87,90.91,89.40,113.4386,1,128.5662,0,394090,170334,6.5750,6.2103,0.3647,79.66
2025-10-13,123.65,126.27,122.26,125.46,120.16,113.29,100.69,91.21,89.60,113.4386,1,128.5662,0,248804,172600,6.7498,6.3182,0.4316,82.17
2025-10-14,121.83,125.05,120.10,123.15,121.04,114.34,101.43,91.50,89.79,113.4386,1,128.3460,0,262873,175972,6.6257,6.3797,0.2460,80.20
2025-10-15,125.26,125.44,122.79,124.23,121.91,115.52,102.16,91.78,89.99,113.4386,1,128.1302,0,151777,176666,6.5393,6.4116,0.1277,79.88
2025-10-16,125.74,128.26,123.91,125.52,122.66,116.74,102.91,92.05,90.19,113.4386,1,117.5557,1,256891,180084,6.5001,6.4293,0.0708,81.70
2025-10-17,124.26,125.04,121.09,122.27,122.81,117.67,103.56,92.28,90.39,113.4386,1,117.7697,1,167208,181403,6.1353,6.3705,-0.2352,80.85
2025-10-20,124.80,127.39,123.80,127.10,123.27,118.78,104.25,92.54,90.62,113.4386,1,117.9794,1,163493,182087,6.1651,6.3294,-0.1644,82.19
2025-10-21,122.44,123.84,120.28,120.86,123.42,119.63,104.89,92.75,90.80,113.4386,1,118.1849,1,227165,183667,5.6207,6.1877,-0.5670,80.21
2025-10-22,120.04,121.36,117.96,119.54,122.89,119.98,105.46,92.94,90.99,113.4386,1,128.2554,0,160592,184999,5.0250,5.9552,-0.9302,81.18
2025-10-23,123.40,123.63,120.75,120.91,122.69,120.47,106.04,93.14,91.17,113.4386,1,128.0495,0,129936,185432,4.6099,5.6861,-1.0762,80.03
2025-10-24,121.41,123.47,120.32,121.82,123.09,121.05,106.67,93.35,91.35,113.4386,1,127.8477,0,130258,186473,4.3051,5.4099,-1.1048,82.59
2025-10-27,123.39,125.44,122.75,125.26,123.07,121.61,107.37,93.58,91.55,113.4386,1,127.6500,0,197570,188918,4.2914,5.1862,-0.8948,82.48
2025-10-28,123.80,130.88,123.67,130.32,123.78,122.41,108.17,93.83,91.77,113.4386,1,117.9607,1,258470,192516,4.6353,5.0760,-0.4407,85.24
2025-10-29,133.12,136.39,132.33,133.45,124.70,123.31,109.06,94.13,92.01,119.7906,1,118.2191,1,244058,195825,5.1013,5.0811,0.0203,86.99
2025-10-30,131.80,133.12,129.88,131.97,125.35,124.01,109.93,94.42,92.24,119.7906,1,118.9461,1,198018,197298,5.2904,5.1229,0.1674,86.80
2025-10-31,132.19,133.28,129.99,130.73,126.20,124.50,110.78,94.72,92.46,119.7906,1,119.6440,1,214113,199916,5.2798,5.1543,0.1255,85.39
2025-11-03,130.73,130.73,127.32,130.25,126.51,124.89,111.55,95.02,92.67,119.7906,1,120.3140,1,190356,201664,5.1730,5.1580,0.0149,84.90
2025-11-04,124.94,125.86,122.45,123.19,126.74,125.08,112.19,95.27,92.84,119.7906,1,120.9571,1,269440,205737,4.4668,5.0198,-0.5530,82.41
2025-11-05,124.24,128.39,124.14,128.02,127.59,125.24,112.91,95.56,93.04,119.7906,1,121.5746,1,179958,207477,4.2481,4.8655,-0.6173,84.46
2025-11-06,128.76,130.68,127.53,129.26,128.43,125.56,113.68,95.89,93.25,119.7906,1,122.1673,1,256968,211262,4.1275,4.7179,-0.5903,85.91
2025-11-07,127.62,129.13,126.45,128.67,129.11,126.10,114.43,96.27,93.45,119.7906,1,122.7364,1,148099,212354,3.9387,4.5620,-0.6234,85.98
2025-11-10,132.02,132.43,130.02,131.38,129.72,126.40,115.25,96.67,93.67,119.7906,1,123.2826,1,142935,213206,3.9622,4.4421,-0.4798,86.76
2025-11-11,131.86,131.86,129.70,130.47,129.74,126.76,116.03,97.08,93.90,119.7906,1,123.8071,1,116925,213807,3.8626,4.3262,-0.4635,86.73
2025-11-12,133.14,133.84,130.71,130.71,129.47,127.08,116.74,97.44,94.15,119.9574,1,124.3105,1,112994,212846,3.7598,4.2129,-0.4531,86.31
2025-11-13,131.25,132.08,125.68,126.17,128.89,127.12,117.36,97.78,94.36,119.9574,1,124.7938,1,181343,214571,3.2742,4.0252,-0.7509,86.95
2025-11-14,122.89,127.07,121.48,124.89,128.30,127.25,117.92,98.10,94.57,119.9574,1,136.3932,0,99050,213626,2.7543,3.7710,-1.0167,86.03
2025-11-17,124.23,125.02,119.95,121.41,127.42,126.96,118.40,98.38,94.76,119.9574,1,136.0949,0,194793,214578,2.0382,3.4244,-1.3863,85.69
2025-11-18,120.18,121.32,118.21,118.63,126.96,126.85,118.89,98.65,94.95,132.9319,0,135.4491,0,213074,215022,1.2320,2.9859,-1.7540,84.13
2025-11-19,120.41,122.02,118.74,119.82,126.14,126.87,119.36,98.92,95.13,132.9319,0,134.4147,0,200081,216789,0.6809,2.5249,-1.8441,84.84
2025-11-20,121.01,121.88,114.13,114.69,124.68,126.56,119.68,99.16,95.28,131.9123,0,133.4424,0,183343,218442,-0.1673,1.9865,-2.1538,83.31
2025-11-21,114.69,118.72,113.96,118.20,123.64,126.37,120.04,99.43,95.44,130.2816,0,131.8973,0,150902,218049,-0.5501,1.4792,-2.0293,84.21
2025-11-24,118.86,121.63,118.86,121.17,122.62,126.17,120.40,99.69,95.61,130.2816,0,130.1033,0,173805,216930,-0.6067,1.0620,-1.6687,84.06
2025-11-25,123.27,124.61,122.11,123.39,121.91,125.82,120.82,99.96,95.79,130.2816,0,128.4887,0,106627,215236,-0.4673,0.7561,-1.2234,83.80
2025-11-26,124.95,128.95,124.86,127.13,121.55,125.51,121.35,100.22,96.01,130.2816,0,113.9571,1,183794,215754,-0.0547,0.5940,-0.6486,84.58
2025-11-28,129.10,129.47,127.81,128.80,121.81,125.35,121.91,100.51,96.22,130.2816,0,114.2570,1,124820,214641,0.4026,0.5557,-0.1531,84.39
2025-12-01,130.34,131.34,128.70,128.78,122.20,125.25,122.41,100.80,96.42,130.2816,0,114.8653,1,140582,212465,0.7548,0.5955,0.1593,84.44
2025-12-02,129.23,129.96,127.35,128.91,122.95,125.18,122.89,101.10,96.63,130.2816,0,115.8538,1,137868,211955,1.0328,0.6830,0.3498,84.22
2025-12-03,133.38,134.41,131.42,132.44,124.33,125.65,123.46,101.44,96.84,120.4824,1,116.7830,1,162081,212217,1.5202,0.8504,0.6697,85.71
2025-12-04,131.40,133.83,130.02,133.74,125.72,125.93,123.88,101.78,97.07,120.4824,1,118.1929,1,124849,200868,1.9883,1.0780,0.9103,85.78
2025-12-05,135.70,137.85,134.14,134.18,127.67,126.18,124.34,102.12,97.30,123.6636,1,119.4901,1,176594,197090,2.3675,1.3359,1.0316,85.82
2025-12-08,134.74,135.55,133.61,134.78,129.33,126.48,124.84,102.47,97.55,123.6636,1,121.3258,1,111210,196441,2.6857,1.6059,1.0798,85.52
2025-12-09,131.87,135.67,131.26,134.17,130.63,126.62,125.24,102.81,97.80,123.6636,1,122.9780,1,134152,194434,2.8555,1.8558,0.9997,84.78
2025-12-10,135.44,137.68,133.52,137.59,132.05,126.98,125.70,103.19,98.07,123.7005,1,124.4649,1,142871,192431,3.2290,2.1304,1.0985,85.48
2025-12-11,138.00,142.32,137.07,141.08,133.45,127.50,126.22,103.59,98.35,127.4158,1,125.8032,1,183799,192550,3.7630,2.4569,1.3061,85.93
2025-12-12,142.39,143.10,135.54,136.09,134.18,127.99,126.58,103.94,98.62,127.4158,1,127.7852,1,249004,193715,3.7406,2.7137,1.0269,85.93
2025-12-15,138.99,138.99,136.39,137.47,135.04,128.62,126.91,104.29,98.90,127.4158,1,129.9297,1,134883,190061,3.7909,2.9291,0.8618,86.75
2025-12-16,135.22,137.81,133.80,134.04,135.56,129.25,127.14,104.61,99.17,127.4158,1,131.7740,1,150987,186373,3.5135,3.0460,0.4675,85.53
2025-12-17,135.75,136.42,134.27,135.17,135.83,130.08,127.46,104.93,99.46,127.4158,1,133.3601,1,127927,183273,3.3461,3.1060,0.2401,86.08
2025-12-18,135.70,136.42,133.46,135.96,136.05,130.89,127.68,105.27,99.73,127.4158,1,143.1033,0,120554,179867,3.2400,3.1328,0.1072,86.05
2025-12-19,135.59,139.89,135.59,137.61,136.40,132.03,127.97,105.63,100.00,127.4158,1,142.9105,0,272074,180081,3.2511,3.1565,0.0947,84.89
2025-12-22,140.35,141.34,139.19,140.65,136.98,133.16,128.43,106.00,100.29,128.3622,1,142.7215,0,139792,174995,3.4652,3.2182,0.2470,85.30
2025-12-23,142.37,142.63,139.68,141.45,137.71,134.17,128.75,106.38,100.60,129.5582,1,133.4612,1,140160,172822,3.6575,3.3061,0.3514,86.23
2025-12-24,142.88,142.88,140.21,141.56,138.11,135.08,129.12,106.76,100.90,130.3069,1,133.6445,1,51357,168592,3.7748,3.3998,0.3750,85.64
2025-12-26,144.17,145.44,142.55,142.88,138.29,135.87,129.49,107.16,101.20,132.7132,1,134.0140,1,164711,168851,3.9297,3.5058,0.4239,85.97
2025-12-29,139.28,140.47,137.34,138.85,138.57,136.37,129.76,107.51,101.48,132.7132,1,134.6993,1,162809,166969,3.6846,3.5416,0.1430,85.15
2025-12-30,141.89,142.63,138.84,139.02,138.72,136.88,130.09,107.87,101.74,132.7132,1,135.3434,1,123469,166094,3.4642,3.5261,-0.0619,85.27
2025-12-31,138.15,138.30,135.70,137.10,139.03,137.29,130.29,108.21,101.98,132.7132,1,145.4350,0,133556,165496,3.0989,3.4407,-0.3417,84.08
2026-01-02,140.15,142.45,138.37,142.09,139.72,137.77,130.72,108.59,102.24,132.7132,1,145.2403,0,175053,164453,3.1753,3.3876,-0.2123,84.97
2026-01-05,146.63,148.87,145.12,147.54,140.87,138.46,131.28,109.02,102.52,134.1285,1,135.6973,1,211468,165471,3.6335,3.4368,0.1967,86.50
2026-01-06,150.99,154.42,150.63,152.97,142.41,139.40,131.92,109.47,102.84,138.8838,1,135.9607,1,265093,168174,4.3848,3.6264,0.7584,87.46
2026-01-07,150.02,151.22,144.87,151.07,143.45,140.22,132.50,109.90,103.14,138.8838,1,136.6990,1,340905,172387,4.7718,3.8554,0.9163,87.17
2026-01-08,148.75,154.03,147.28,153.42,144.65,141.18,133.07,110.35,103.45,138.8838,1,137.4077,1,412164,176679,5.2081,4.1260,1.0821,87.80
2026-01-09,155.71,163.49,154.77,162.95,146.79,142.45,133.72,110.84,103.80,142.3745,1,138.0881,1,486562,181241,6.2506,4.5509,1.6997,89.62
2026-01-12,165.21,169.52,164.87,168.19,149.32,143.81,134.41,111.37,104.20,150.1458,1,139.6120,1,488928,186138,7.4140,5.1235,2.2904,90.29
2026-01-13,169.14,169.38,165.71,166.63,152.10,145.33,135.11,111.89,104.59,151.1034,1,142.0044,1,458994,191358,8.1166,5.7221,2.3945,90.11
2026-01-14,168.10,173.37,167.23,172.26,155.42,147.07,135.94,112.43,105.03,153.4789,1,144.2054,1,395635,194988,9.0237,6.3825,2.6412,90.81
2026-01-15,170.43,176.00,169.72,174.85,159.20,149.11,136.83,113.01,105.47,155.8338,1,147.1216,1,355639,198294,9.8381,7.0736,2.7645,91.74
2026-01-16,171.88,173.31,168.20,172.92,162.28,151.00,137.82,113.57,105.91,155.8338,1,150.5865,1,372015,200345,10.2100,7.7009,2.5092,91.30
2026-01-20,173.83,178.39,171.06,177.98,165.33,153.10,138.82,114.17,106.37,156.9388,1,153.6356,1,371345,204173,10.7891,8.3185,2.4706,92.45
2026-01-21,176.73,182.73,173.44,175.89,167.62,155.01,139.76,114.75,106.86,159.2945,1,157.1018,1,654076,212115,10.9529,8.8454,2.1075,91.78
2026-01-22,176.07,176.07,168.28,168.58,169.37,156.41,140.55,115.28,107.34,159.2945,1,161.2027,1,437761,217908,10.3733,9.1510,1.2223,90.82
2026-01-23,170.97,176.86,166.71,176.12,171.64,158.14,141.45,115.87,107.86,159.2945,1,164.6475,1,478461,224619,10.4024,9.4013,1.0011,91.68
2026-01-26,180.66,184.71,178.48,180.05,173.35,160.07,142.44,116.49,108.42,160.6848,1,166.7070,1,664918,235579,10.6200,9.6450,0.9750,91.86
2026-01-27,182.04,186.34,180.09,186.19,175.15,162.23,143.55,117.15,108.97,162.5045,1,166.7070,1,518625,243691,11.1596,9.9479,1.2117,92.16
2026-01-28,192.41,192.51,181.81,189.38,177.42,164.76,144.81,117.82,109.54,165.3109,1,170.6327,1,452108,249107,11.7098,10.3003,1.4095,92.64
2026-01-29,203.43,209.10,191.40,198.70,180.07,167.74,146.29,118.54,110.15,174.6732,1,175.0079,1,1035242,267830,12.7507,10.7904,1.9603,93.50
2026-01-30,189.79,194.40,179.45,181.87,180.77,169.98,147.50,119.11,110.66,174.6732,1,209.0981,0,799173,279918,12.0784,11.0480,1.0304,92.58
2026-02-02,181.09,185.88,180.03,184.24,181.90,172.09,148.81,119.71,111.19,174.6732,1,209.0981,0,460715,284871,11.6031,11.1590,0.4441,92.50
2026-02-03,195.76,206.13,194.20,205.88,184.69,175.01,150.53,120.45,111.83,174.6732,1,208.5052,0,691433,294698,12.8244,11.4921,1.3323,94.28
2026-02-04,205.67,206.05,181.57,187.27,185.83,176.72,151.99,121.07,112.37,174.6732,1,207.9242,0,963643,310304,12.1509,11.6239,0.5271,93.32
2026-02-05,183.36,183.96,177.42,181.05,187.08,178.22,153.24,121.63,112.88,174.6732,1,207.3549,0,576925,318824,10.9885,11.4968,-0.5083,93.32
2026-02-06,183.48,191.48,182.12,191.16,188.58,180.11,154.64,122.25,113.43,174.6732,1,206.1574,0,442768,324204,10.7591,11.3492,-0.5902,93.47
2026-02-09,192.08,200.55,191.73,199.04,190.48,181.91,156.16,122.93,114.01,174.6732,1,205.0079,0,363469,329340,11.0848,11.2964,-0.2115,93.58
2026-02-10,196.38,198.18,190.77,192.52,191.11,183.13,157.46,123.58,114.53,174.6732,1,203.9044,0,387557,333416,10.6937,11.1758,-0.4821,92.99
2026-02-11,197.82,201.13,192.38,199.89,192.16,184.79,158.88,124.30,115.10,174.6732,1,202.8450,0,299185,336903,10.8538,11.1114,-0.2576,93.66
2026-02-12,202.18,202.87,191.16,191.50,191.44,185.75,160.14,124.94,115.64,174.6732,1,177.4195,1,306588,340223,10.1861,10.9264,-0.7403,93.54
2026-02-13,185.36,193.26,182.04,191.65,192.42,186.59,161.39,125.59,116.17,174.6732,1,177.9285,1,328126,344028,9.5585,10.6528,-1.0943,93.47
2026-02-17,185.17,185.54,175.77,181.97,192.19,187.05,162.38,126.19,116.67,174.6732,1,202.8732,0,382336,348433,8.1857,10.1594,-1.9737,92.25
2026-02-18,186.78,190.01,183.53,186.48,190.25,187.47,163.44,126.83,117.20,174.6732,1,202.3312,0,244717,350831,7.3767,9.6028,-2.2262,92.88
2026-02-19,184.04,189.61,180.75,187.84,190.31,188.07,164.51,127.49,117.72,174.6732,1,201.8000,0,249477,352288,6.7676,9.0358,-2.2682,92.77
2026-02-20,185.38,194.74,185.38,194.56,191.66,189.37,165.71,128.19,118.28,174.6732,1,201.2795,0,201834,354101,6.7492,8.5785,-1.8293,93.66
2026-02-23,193.81,201.50,193.17,200.41,192.58,190.58,167.03,128.93,118.87,174.6732,1,175.7719,1,322667,357871,7.1242,8.2876,-1.1634,94.36
2026-02-24,198.76,206.00,197.85,203.93,193.07,191.78,168.36,129.69,119.48,174.6732,1,176.2864,1,398984,362993,7.6178,8.1537,-0.5358,94.18
2026-02-25,206.48,213.68,205.03,208.29,194.65,192.88,169.70,130.46,120.12,178.7760,1,177.4749,1,461217,368542,8.2660,8.1761,0.0899,94.47
2026-02-26,202.78,210.03,199.40,208.78,195.54,193.85,171.16,131.23,120.75,178.7760,1,179.6469,1,399929,371560,8.7183,8.2846,0.4337,94.43
2026-02-27,208.26,216.70,207.26,211.29,197.52,194.48,172.63,132.03,121.38,181.5101,1,181.6886,1,449414,377851,9.1740,8.4624,0.7116,94.47
2026-03-02,211.66,214.40,208.59,211.83,199.54,195.98,174.19,132.83,122.00,182.3310,1,184.4899,1,345258,381736,9.4690,8.6638,0.8052,94.32
2026-03-03,199.48,202.20,187.30,199.61,201.30,196.75,175.48,133.57,122.57,182.3310,1,187.0671,1,509182,389361,8.6177,8.6545,-0.0368,93.92
2026-03-04,202.93,204.60,198.71,200.03,202.66,196.45,176.76,134.30,123.14,182.3310,1,187.2996,1,357439,394099,7.8858,8.5008,-0.6150,93.47
2026-03-05,194.21,195.16,181.72,185.71,202.44,196.38,177.72,134.98,123.65,182.3310,1,216.7046,0,375912,396176,6.0805,8.0168,-1.9362,92.36
2026-03-06,179.85,184.77,176.89,179.03,200.89,196.28,178.49,135.60,124.12,214.3512,0,216.0050,0,333075,400042,4.0641,7.2262,-3.1621,91.77
2026-03-09,173.26,185.20,171.84,184.52,199.30,195.94,179.35,136.26,124.62,212.6933,0,214.4406,0,455935,406357,2.8757,6.3561,-3.4804,91.77
2026-03-10,187.66,193.82,186.41,189.86,197.90,195.48,180.32,136.95,125.15,212.6933,0,211.8847,0,256008,410450,2.3381,5.5525,-3.2144,92.70
2026-03-11,186.09,187.44,181.00,185.86,195.65,195.15,181.18,137.61,125.66,212.6933,0,209.4822,0,289086,412938,1.5706,4.7561,-3.1855,91.77
2026-03-12,183.52,183.52,174.64,174.77,192.25,193.90,181.89,138.19,126.11,212.0086,0,207.2238,0,365562,416993,0.0666,3.8182,-3.7517,90.74
2026-03-13,174.22,174.51,165.31,165.35,187.66,192.59,182.42,138.69,126.51,202.3863,0,205.1009,0,362569,421775,-1.8639,2.6818,-4.5457,89.29
2026-03-16,169.61,171.92,166.48,171.13,183.59,191.56,183.10,139.21,126.94,200.3990,0,201.9175,0,308817,425280,-2.8941,1.5666,-4.4608,89.78
2026-03-17,170.58,174.17,168.44,171.34,180.76,191.03,183.69,139.76,127.37,200.3990,0,198.9888,0,201626,425811,-3.6513,0.5230,-4.1744,89.08
2026-03-18,165.29,166.09,160.85,161.37,176.89,189.78,183.96,140.23,127.75,193.4385,0,196.2944,0,336091,428304,-4.9983,-0.5812,-4.4170,86.86
2026-03-19,152.07,155.83,147.40,154.68,173.79,188.12,184.00,140.65,128.10,182.7797,0,192.7496,0,536210,433726,-6.5301,-1.7710,-4.7591,84.02
2026-03-20,153.96,155.28,146.51,147.81,170.67,185.78,183.93,141.03,128.41,181.5732,0,187.3080,0,469553,436299,-8.2041,-3.0576,-5.1465,82.88
2026-03-23,152.21,157.37,150.64,154.47,167.66,183.48,183.95,141.46,128.75,181.5732,0,181.5965,0,435968,436775,-8.8909,-4.2243,-4.6666,84.91
2026-03-24,151.92,155.35,148.27,154.75,164.15,181.02,183.79,141.89,129.08,181.3639,0,176.6847,0,306266,433169,-9.3053,-5.2405,-4.0648,83.62
2026-03-25,160.60,162.25,157.87,160.18,161.58,178.62,183.63,142.37,129.44,181.3639,0,172.4605,0,264503,428681,-9.0907,-6.0105,-3.0802,84.65
2026-03-26,153.42,155.71,151.18,154.63,159.57,175.91,183.39,142.81,129.76,181.3639,0,168.8277,0,249337,424488,-9.2615,-6.6607,-2.6007,83.25
2026-03-27,153.61,160.32,152.93,156.87,158.72,173.19,183.08,143.27,130.09,181.3639,0,165.7035,0,249717,421569,-9.1113,-7.1508,-1.9605,85.02
2026-03-30,161.25,161.81,152.14,154.17,157.03,170.31,182.67,143.68,130.42,181.3639,0,163.0167,0,267431,419805,-9.1053,-7.5417,-1.5636,85.02
2026-03-31,157.77,166.85,157.77,166.54,156.55,168.65,182.54,144.18,130.81,181.3639,0,146.5120,1,301914,418403,-8.0100,-7.6354,-0.3746,86.61
2026-04-01,171.39,175.45,169.38,172.24,157.63,167.26,182.43,144.72,131.23,181.3639,0,146.9188,1,288279,416742,-6.6058,-7.4295,0.8236,87.98
2026-04-02,164.49,173.36,163.35,172.12,159.38,166.58,182.35,145.26,131.65,181.3639,0,148.0601,1,285755,409375,-5.4397,-7.0315,1.5918,86.87
2026-04-06,170.84,173.05,168.03,171.00,161.70,166.18,182.40,145.79,132.06,181.3639,0,149.1558,1,167112,403962,-4.5536,-6.5359,1.9823,86.54
2026-04-07,170.40,170.94,165.40,168.39,163.09,165.38,182.24,146.31,132.46,181.3639,0,150.2077,1,202084,398435,-4.0160,-6.0319,2.0160,85.84
2026-04-08,182.99,183.90,177.58,181.16,165.73,164.94,182.27,146.91,132.94,181.3639,0,151.2174,1,302354,391183,-2.5298,-5.3315,2.8017,88.02
2026-04-09,179.95,183.79,178.53,182.01,167.91,164.75,182.18,147.49,133.41,153.9127,1,153.1785,1,182822,384467,-1.2686,-4.5189,3.2503,86.76
2026-04-10,185.84,190.08,184.40,186.38,171.09,165.33,182.12,148.10,133.89,160.2969,1,155.0220,1,298121,381388,0.0822,-3.5987,3.6809,87.54
2026-04-13,183.89,190.20,182.76,190.08,174.41,166.57,181.95,148.72,134.39,160.2969,1,157.8264,1,366543,368014,1.4345,-2.5921,4.0266,88.05
2026-04-14,190.88,192.55,187.05,187.16,177.71,167.37,182.06,149.32,134.85,164.3166,1,161.0641,1,279226,357615,2.2452,-1.6246,3.8698,87.32
2026-04-15,183.90,188.16,181.41,183.22,179.38,167.96,182.04,149.91,135.29,164.3166,1,164.8419,1,211372,352628,2.5406,-0.7916,3.3322,86.43
2026-04-16,185.73,186.98,180.93,182.21,180.37,169.00,181.56,150.49,135.73,164.3166,1,168.1663,1,195554,342710,2.6620,-0.1009,2.7628,87.13
2026-04-17,186.32,189.71,182.93,188.08,181.97,170.67,181.58,151.08,136.20,164.3166,1,171.0919,1,272281,328883,3.1954,0.5584,2.6370,87.80
2026-04-20,183.97,186.65,182.47,184.64,183.33,172.52,181.65,151.65,136.63,164.3166,1,173.6663,1,196483,321274,3.3021,1.1071,2.1949,88.20
2026-04-21,183.73,186.77,176.77,177.64,184.26,173.67,181.38,152.14,137.03,164.3166,1,175.9318,1,257199,317563,2.7898,1.4437,1.3461,86.61
2026-04-22,181.84,183.87,180.51,181.69,184.31,175.02,181.03,152.67,137.46,164.3166,1,176.7688,1,207213,314438,2.6793,1.6908,0.9885,85.80
2026-04-23,181.69,188.53,174.34,176.40,183.75,175.83,180.71,153.17,137.86,164.3166,1,192.5457,0,409680,314880,2.1407,1.7808,0.3599,84.10
2026-04-24,177.23,178.51,174.00,174.64,182.58,176.83,180.21,153.67,138.27,164.3166,1,192.1816,0,237969,313656,1.5538,1.7354,-0.1816,82.40
2026-04-27,174.22,176.06,170.35,172.40,180.81,177.61,179.82,154.12,138.66,164.3166,1,191.4543,0,279916,313122,0.8979,1.5679,-0.6700,80.56
2026-04-28,168.40,169.49,163.31,165.02,178.59,178.15,179.29,154.52,139.02,164.3166,1,190.1881,0,344543,313451,-0.2154,1.2112,-1.4266,76.83
2026-04-29,165.05,166.02,161.14,163.02,176.57,177.98,178.91,154.92,139.37,186.5406,0,188.0375,0,213114,310066,-1.2442,0.7201,-1.9643,77.09
2026-04-30,167.21,168.30,163.52,166.18,174.97,177.67,178.51,155.28,139.75,186.5406,0,185.3475,0,234563,309863,-1.7843,0.2193,-2.0036,77.98
2026-05-01,163.10,167.09,161.64,165.69,172.73,177.35,178.06,155.64,140.13,186.0253,0,182.9264,0,183488,308544,-2.2266,-0.2699,-1.9567,75.54
2026-05-04,163.65,164.35,160.57,160.96,170.36,176.85,177.39,155.98,140.49,183.4885,0,180.7475,0,201323,308533,-2.9245,-0.8008,-2.1237,75.66
2026-05-05,166.37,168.04,164.14,165.54,169.15,176.71,176.69,156.32,140.87,183.4885,0,178.3257,0,156544,305211,-3.0727,-1.2552,-1.8175,76.99
2026-05-06,174.22,179.63,172.29,178.01,168.79,176.55,176.18,156.75,141.31,183.4885,0,160.5660,1,288500,303001,-2.1594,-1.4360,-0.7233,81.05
2026-05-07,180.37,182.06,173.26,173.78,168.52,176.14,175.48,157.13,141.72,183.4885,0,160.9474,1,247873,298734,-1.7566,-1.5002,-0.2564,79.91
2026-05-08,177.69,182.38,177.69,179.34,168.99,175.79,174.90,157.54,142.15,183.4885,0,161.7920,1,200595,294748,-0.9770,-1.3955,0.4185,81.80
2026-05-11,182.39,185.86,178.79,179.29,169.68,175.25,174.26,157.93,142.59,183.4885,0,163.0275,1,367441,293108,-0.3598,-1.1884,0.8286,80.96
2026-05-12,176.17,185.83,173.27,185.60,171.74,175.17,173.73,158.35,143.06,158.8508,1,164.8539,1,385168,293906,0.6314,-0.8244,1.4558,83.76
2026-05-13,188.60,191.56,184.88,188.57,174.30,175.43,173.51,158.82,143.55,163.8104,1,166.5342,1,317463,290072,1.6381,-0.3319,1.9700,84.57
2026-05-14,186.72,187.24,182.07,185.24,176.20,175.59,173.21,159.22,144.03,163.8104,1,169.0367,1,224635,287416,2.1425,0.1630,1.9795,84.72
2026-05-15,176.16,176.54,171.60,173.72,177.01,174.87,172.98,159.56,144.48,163.8104,1,171.2890,1,248712,284872,1.5944,0.4492,1.1452,82.13
2026-05-18,175.43,175.43,166.26,168.93,177.80,174.08,172.77,159.90,144.89,163.8104,1,191.5597,0,252280,283256,0.7643,0.5123,0.2521,80.41
2026-05-19,165.48,168.88,162.37,166.08,177.86,173.50,172.40,160.17,145.30,163.8104,1,191.0538,0,167783,277493,-0.1221,0.3854,-0.5075,79.86
2026-05-20,168.01,172.16,166.28,171.08,177.16,172.97,172.03,160.49,145.72,163.8104,1,189.9066,0,161904,275611,-0.4162,0.2251,-0.6412,79.38
2026-05-21,171.07,178.69,169.03,176.02,177.39,172.96,171.83,160.83,146.17,163.8104,1,188.8052,0,241776,274665,-0.2475,0.1306,-0.3781,80.61
2026-05-22,175.66,177.70,173.98,176.56,177.11,173.05,171.87,161.17,146.61,163.8104,1,187.7480,0,187054,271095,-0.0694,0.0906,-0.1600,79.44
2026-05-26,181.30,186.71,180.83,186.60,177.84,173.76,172.29,161.60,147.09,163.8104,1,186.7330,0,202469,267893,0.8713,0.2467,0.6246,82.49
2026-05-27,184.32,185.93,181.91,184.50,177.73,174.74,172.56,161.98,147.55,163.8104,1,186.7150,0,192744,265571,1.4314,0.4836,0.9477,81.39
2026-05-28,182.68,192.50,180.39,191.51,178.02,176.16,172.96,162.46,148.06,163.8104,1,162.3732,1,238903,266317,2.4128,0.8695,1.5434,83.20
2026-05-29,189.91,191.09,185.54,187.99,178.30,177.25,173.50,162.91,148.55,164.4246,1,162.9758,1,301718,265629,2.8736,1.2703,1.6033,83.32
2026-06-01,185.64,194.23,184.33,191.26,180.05,178.53,174.23,163.38,149.05,164.8096,1,163.5664,1,237864,259662,3.4622,1.7087,1.7535,84.25
2026-06-02,193.18,199.68,192.81,197.89,182.95,180.38,175.23,163.89,149.58,171.6926,1,164.7930,1,248209,255235,4.4130,2.2496,2.1635,85.72
2026-06-03,194.82,196.49,189.75,193.19,185.66,181.76,176.00,164.34,150.10,171.6926,1,166.8860,1,199126,250499,4.7329,2.7462,1.9867,85.64
2026-06-04,189.59,191.61,187.72,190.73,187.63,182.39,176.72,164.74,150.60,171.6926,1,168.8535,1,228328,248940,4.7337,3.1437,1.5900,83.85
2026-06-05,183.64,183.83,169.32,169.98,187.02,182.20,176.92,164.99,151.01,204.3493,0,199.6769,0,332241,250295,3.0247,3.1199,-0.0953,77.83
2026-06-08,173.63,173.63,166.88,167.53,186.12,181.61,177.18,165.22,151.40,197.2753,0,199.0698,0,287122,251050,1.4560,2.7871,-1.3311,76.29
2026-06-09,170.86,175.92,164.80,172.14,184.67,181.26,177.48,165.50,151.82,197.2753,0,197.7823,0,281673,251689,0.5781,2.3453,-1.7672,79.27
2026-06-10,168.06,170.51,162.64,164.86,182.71,180.22,177.70,165.73,152.19,194.3155,0,195.8034,0,259726,251535,-0.6972,1.7368,-2.4340,75.75
2026-06-11,167.75,179.22,165.29,179.01,181.46,179.74,177.95,166.10,152.62,194.3155,0,193.1502,0,293952,251376,-0.5596,1.2775,-1.8371,79.43
2026-06-12,182.28,187.18,181.50,186.51,181.31,179.81,178.23,166.49,153.10,194.3155,0,190.7093,0,212451,249859,0.1527,1.0526,-0.8998,82.15
2026-06-15,196.54,198.33,188.83,189.88,181.17,180.61,178.59,166.90,153.59,194.3155,0,162.6385,1,341748,250979,0.9780,1.0376,-0.0597,82.70
2026-06-16,191.63,195.14,188.93,191.17,180.50,181.72,178.99,167.31,154.09,194.3155,0,163.3524,1,261993,252877,1.7161,1.1733,0.5428,85.05
2026-06-17,191.54,199.49,188.11,188.37,180.02,182.84,179.39,167.69,154.58,194.3155,0,164.0519,1,300804,254851,2.0514,1.3490,0.7025,84.46
2026-06-18,189.52,190.76,186.12,189.59,179.90,183.76,179.56,168.09,155.07,194.3155,0,165.4695,1,380612,256416,2.3887,1.5569,0.8318,83.47
2026-06-22,187.04,188.64,184.07,186.63,181.57,184.30,179.65,168.46,155.53,194.3155,0,166.8303,1,231310,257386,2.3891,1.7233,0.6657,82.26
2026-06-23,175.87,179.81,173.43,175.48,182.36,184.24,179.43,168.79,155.93,194.3155,0,168.1367,1,208213,255588,1.4731,1.6733,-0.2002,77.60
2026-06-24,169.30,172.09,166.77,168.87,182.04,183.35,179.01,169.08,156.29,194.3155,0,199.4902,0,314880,254555,0.2111,1.3809,-1.1697,75.43
2026-06-25,169.77,175.17,167.92,171.71,182.72,182.71,178.70,169.42,156.66,194.3155,0,198.8357,0,306057,255091,-0.5535,0.9940,-1.5475,74.44
2026-06-26,169.03,174.48,167.16,168.30,181.65,181.55,178.40,169.75,157.04,194.3155,0,198.1943,0,290714,256678,-1.4182,0.5115,-1.9298,71.55
2026-06-29,168.02,168.02,163.12,165.54,179.55,180.43,178.07,170.05,157.38,190.9379,0,197.5657,0,238037,257528,-2.2999,-0.0507,-2.2491,67.41
2026-06-30,169.39,171.93,167.61,171.25,177.69,179.43,177.73,170.43,157.74,190.9379,0,196.1879,0,228455,256651,-2.5090,-0.5424,-1.9666,69.64
2026-07-01,170.00,170.37,165.62,165.88,175.16,177.83,177.36,170.75,158.07,190.9379,0,194.8652,0,192500,256572,-3.0722,-1.0483,-2.0238,65.33
2026-07-02,168.04,172.85,166.22,169.04,173.23,176.62,177.18,171.07,158.40,190.9379,0,193.5954,0,250189,256431,-3.2268,-1.4840,-1.7428,69.44
2026-07-06,172.74,173.33,170.32,170.86,171.36,175.63,176.97,171.38,158.74,190.9379,0,192.3764,0,122231,254732,-3.1654,-1.8203,-1.3451,69.40
2026-07-07,167.06,168.53,163.01,166.82,169.37,175.47,176.78,171.65,159.07,188.4486,0,191.2061,0,139331,249325,-3.4042,-2.1371,-1.2671,63.60
2026-07-08,162.15,165.67,158.50,164.32,168.26,175.31,176.57,171.89,159.39,184.9852,0,189.5145,0,214564,248857,-3.7515,-2.4600,-1.2916,61.99
2026-07-09,170.13,172.48,166.79,171.41,168.51,175.27,176.55,172.17,159.73,184.9852,0,187.0334,0,159935,246457,-3.4150,-2.6510,-0.7640,64.35
2026-07-10,170.07,174.06,170.07,172.79,168.62,175.67,176.70,172.46,160.07,184.9852,0,184.7509,0,139134,242349,-3.0026,-2.7213,-0.2813,66.21
2026-07-13,170.99,176.65,169.66,171.51,168.94,175.30,176.87,172.72,160.41,184.9852,0,182.6509,0,178614,241659,-2.7472,-2.7265,-0.0207,65.73
2026-07-14,178.66,181.80,176.31,179.23,170.31,174.93,177.13,173.03,160.74,184.9852,0,158.5013,1,176416,240496,-1.9005,-2.5613,0.6608,75.00
2026-07-15,181.21,181.56,173.69,178.40,171.03,174.36,177.39,173.32,161.08,184.9852,0,158.9673,1,249236,241811,-1.2812,-2.3053,1.0241,73.97
2026-07-16,173.79,177.04,171.47,172.62,171.70,173.43,177.62,173.57,161.39,184.9852,0,159.4240,1,245801,242701,-1.2424,-2.0927,0.8503,71.71
2026-07-17,167.06,174.26,166.13,169.50,171.75,172.49,177.70,173.81,161.67,184.9852,0,159.8716,1,278158,245133,-1.4471,-1.9636,0.5165,69.60
2026-07-20,171.00,174.72,170.69,172.04,171.86,171.61,177.58,174.04,161.96,184.9852,0,160.3102,1,185854,243080,-1.3880,-1.8485,0.4605,72.90
2026-07-21,179.13,184.84,176.86,184.76,173.66,171.52,177.80,174.33,162.30,184.9852,0,160.7400,1,295270,244028,-0.3114,-1.5411,1.2296,77.47
2026-07-22,184.63,193.03,184.63,192.10,176.44,172.35,178.06,174.70,162.67,164.9605,1,161.7039,1,239834,244813,1.1211,-1.0086,2.1298,81.06
2026-07-23,186.02,188.93,178.63,179.07,177.20,172.86,178.05,174.98,162.96,164.9605,1,163.5837,1,310120,243666,1.1913,-0.5686,1.7599,73.77
2026-07-24,179.15,179.97,175.93,176.19,177.54,173.08,177.86,175.26,163.23,164.9605,1,165.3507,1,167726,239317,1.0030,-0.2543,1.2573,70.06
2026-07-27,175.04,177.09,170.82,176.22,178.01,173.48,177.62,175.54,163.52,164.9605,1,167.0117,1,198346,236935,0.8463,-0.0342,0.8805,72.73
2026-07-28,170.66,176.89,168.04,175.87,177.68,173.99,177.43,175.80,163.77,164.9605,1,193.0338,0,268870,237820,0.6858,0.1098,0.5760,75.12
2026-07-29,172.60,178.24,168.29,172.44,177.08,174.05,177.40,176.03,164.02,164.9605,1,192.5340,0,168820,236222,0.2786,0.1436,0.1350,70.15
2026-07-30,179.22,182.47,177.00,181.80,178.00,174.85,177.66,176.31,164.34,164.9605,1,192.0441,0,175713,234691,0.7034,0.2555,0.4479,78.49
2026-07-31,180.46,181.45,175.62,179.55,179.00,175.37,177.93,176.56,164.61,164.9605,1,191.5641,0,149018,234315,0.8488,0.3742,0.4746,79.01
2026-08-03,177.29,183.78,175.97,182.70,180.07,175.97,178.16,176.84,164.91,164.9605,1,191.0937,0,166780,234413,1.2038,0.5401,0.6637,78.94
2026-08-04,190.08,193.94,189.96,191.79,180.77,177.22,178.48,177.16,165.24,166.6784,1,168.0435,1,208626,233750,2.1934,0.8708,1.3226,79.78
2026-08-05,196.54,198.35,193.52,193.59,180.92,178.68,178.82,177.53,165.58,171.2208,1,168.5613,1,252554,235060,3.0880,1.3142,1.7738,83.03
2026-08-06,191.43,192.90,189.47,189.69,181.98,179.59,178.88,177.87,165.92,171.2208,1,169.7529,1,203338,235077,3.4424,1.7399,1.7026,80.40
2026-08-07,194.80,197.85,191.97,195.62,183.93,180.73,179.10,178.26,166.26,171.3328,1,170.8968,1,205490,235332,4.1536,2.2226,1.9310,82.23
2026-08-10,195.71,201.20,193.90,196.65,185.97,181.99,179.21,178.62,166.64,174.1387,1,171.9949,1,314013,236834,4.7458,2.7273,2.0186,81.46
2026-08-11,197.50,198.47,190.94,194.48,187.83,182.75,179.34,178.93,167.02,174.1387,1,173.7472,1,225188,235304,4.9826,3.1783,1.8043,81.13
2026-08-12,199.36,199.36,192.59,194.89,190.08,183.58,179.41,179.21,167.39,174.1387,1,175.3944,1,168619,233919,5.1440,3.5714,1.5725,80.36
2026-08-13,191.23,194.20,187.05,187.59,190.65,184.33,179.20,179.45,167.72,174.1387,1,176.9428,1,158457,232124,4.6295,3.7831,0.8464,79.23
2026-08-14,187.49,189.17,184.08,184.61,191.16,185.08,179.03,179.66,168.01,174.1387,1,178.3982,1,165484,231451,3.9359,3.8136,0.1223,77.69
2026-08-17,190.96,193.75,186.48,192.04,192.10,186.08,179.06,179.86,168.32,174.1387,1,179.7663,1,234385,231572,3.9404,3.8390,0.1014,80.62
2026-08-18,188.33,190.45,185.47,187.80,191.70,186.23,179.41,179.99,168.59,174.1387,1,181.0523,1,141207,227751,3.5607,3.7833,-0.2226,79.38
2026-08-19,192.86,198.45,191.89,194.68,191.81,186.36,179.96,180.17,168.91,174.1387,1,182.2612,1,290677,227822,3.7716,3.7810,-0.0094,80.25
2026-08-20,190.64,199.80,190.24,198.73,192.71,187.35,180.49,180.35,169.25,174.1387,1,183.3975,1,215761,226504,4.2168,3.8681,0.3487,83.36
2026-08-21,206.84,217.16,206.84,216.00,194.75,189.34,181.51,180.63,169.68,184.9007,1,184.4657,1,399794,229306,5.8953,4.2736,1.6217,86.94
2026-08-24,219.00,220.78,211.58,214.25,196.51,191.24,182.22,180.90,170.13,189.0307,1,187.0812,1,219413,227815,7.0035,4.8196,2.1840,87.12
2026-08-25,212.06,219.84,210.31,219.70,199.03,193.43,182.88,181.18,170.59,189.0307,1,190.4511,1,191315,227392,8.2268,5.5010,2.7258,88.58
2026-08-26,217.92,220.39,212.84,213.75,200.91,195.50,183.36,181.43,171.01,189.7859,1,193.4840,1,239122,225340,8.6167,6.1241,2.4926,86.97
2026-08-27,214.82,219.80,213.98,216.28,203.78,197.22,183.86,181.75,171.45,190.9288,1,196.2136,1,282743,225755,9.0259,6.7045,2.3214,87.47
2026-08-28,217.56,217.56,209.57,209.80,206.30,198.73,184.29,181.97,171.84,190.9288,1,198.6702,1,281573,225370,8.7267,7.1089,1.6178,85.30
2026-08-31,212.55,213.04,205.00,208.87,207.99,200.04,184.67,182.17,172.23,190.9288,1,200.8812,1,277797,223314,8.3186,7.3509,0.9678,84.49
2026-09-01,203.10,209.60,200.89,201.61,209.37,200.53,184.97,182.27,172.59,190.9288,1,220.7800,0,195582,222599,7.3250,7.3457,-0.0207,82.45
2026-09-02,204.50,209.14,202.02,204.26,210.32,201.07,185.55,182.37,172.98,190.9288,1,220.3822,0,161304,221661,6.6744,7.2114,-0.5370,85.59
2026-09-03,208.45,209.90,198.87,199.53,210.40,201.56,186.16,182.37,173.35,190.9288,1,219.9924,0,247716,220318,5.7113,6.9114,-1.2001,84.61
2026-09-04,196.10,201.10,196.10,198.76,208.68,201.71,186.70,182.49,173.74,190.9288,1,219.1475,0,166978,217536,4.8302,6.4952,-1.6649,82.69
2026-09-08,206.68,213.02,205.00,208.56,208.11,202.31,187.51,182.65,174.19,190.9288,1,217.7646,0,295363,217629,4.8666,6.1695,-1.3028,87.97
2026-09-09,210.08,213.83,207.50,209.26,207.07,203.05,188.38,182.67,174.64,190.9288,1,216.4647,0,375852,220385,4.8956,5.9147,-1.0191,87.13
2026-09-10,196.83,198.18,192.40,194.14,205.11,203.01,188.84,182.72,175.03,190.9288,1,215.2429,0,339201,222600,3.6563,5.4630,-1.8067,79.38
2026-09-11,195.84,199.44,192.10,193.49,202.83,203.31,189.39,182.80,175.41,190.9288,1,213.8300,0,149819,221747,2.5918,4.8888,-2.2970,78.58
2026-09-14,184.28,190.27,183.50,188.35,200.68,203.49,189.78,182.78,175.75,214.9186,0,211.6570,0,168969,220122,1.3182,4.1747,-2.8564,77.02
2026-09-15,190.00,190.95,186.64,189.39,198.73,203.36,190.15,182.72,176.08,214.9186,0,208.2782,0,148065,220639,0.3884,3.4174,-3.0290,75.65
2026-09-16,192.30,194.00,186.42,189.88,197.56,203.46,190.61,182.70,176.39,214.9186,0,205.3048,0,178905,221430,-0.3055,2.6728,-2.9783,77.14
2026-09-17,195.79,197.93,193.00,196.11,196.75,203.54,191.25,182.67,176.73,214.9186,0,202.6882,0,178009,220699,-0.3486,2.0685,-2.4172,79.23
2026-09-18,196.81,196.94,193.00,195.70,196.36,203.38,191.73,182.70,177.06,214.9186,0,200.3856,0,270262,222906,-0.4112,1.5726,-1.9838,82.02
