Date,Open,High,Low,Close,Ma10:Top:Line,Ma20:Top:Line,Ma50:Top:Line,Ma150:Top:Line,Ma200:Top:Line,Supertrend:Top:ColorLine,Supertrend_Dir,ParabolicSAR:Top:ColorLine,ParabolicSAR_Dir,Volume:Middle:Histogram,Vo50:Middle:Line,Macd:Bottom:Line,MacdSignal:Bottom:Line,MacdDelta:Bottom:Histogram,RsRating:Hidden:Hidden
2023-07-13,81.16,82.88,80.78,82.88,,,,,,,0,80.7780,1,9896,,,,,0
2023-07-14,82.03,82.43,81.20,82.00,,,,,,,0,80.7780,1,13358,,,,,0
2023-07-17,82.00,83.24,81.39,82.67,,,,,,,0,80.7780,1,8341,,,,,0
2023-07-18,83.08,83.08,81.30,81.37,,,,,,,0,80.8765,1,14582,,,,,0
2023-07-19,81.35,82.45,81.10,81.46,,,,,,,0,80.9710,1,4350,,,,,0
2023-07-20,81.22,81.61,80.15,80.78,,,,,,,0,83.2400,0,5041,,,,,0
2023-07-21,80.91,81.03,80.05,80.47,,,,,,,0,83.1782,0,3428,,,,,0
2023-07-24,80.54,81.51,80.00,81.26,,,,,,,0,83.0529,0,7963,,,,,0
2023-07-25,81.01,81.77,80.70,81.03,,,,,,,0,82.8698,0,5226,,,,,0
2023-07-26,80.63,81.01,79.79,80.47,81.44,,,,,84.9078,0,82.6976,0,3677,,,,,0
2023-07-27,80.61,81.18,78.48,78.80,81.03,,,,,84.6949,0,82.4652,0,6139,,,,,0
2023-07-28,79.34,80.40,79.06,79.61,80.79,,,,,84.5880,0,82.0667,0,4259,,,,,0
2023-07-31,79.67,80.11,79.09,79.76,80.50,,,,,84.2787,0,81.7080,0,8486,,,,,0
2023-08-01,79.55,80.69,78.41,80.44,80.41,,,,,84.2787,0,81.3852,0,6226,,,,,0
2023-08-02,79.90,80.20,78.48,78.57,80.12,,,,,84.2787,0,81.0277,0,5170,,,,,0
2023-08-03,78.50,79.58,77.77,79.26,79.97,,,,,83.7138,0,80.7131,0,8417,,,,,0
2023-08-04,81.36,83.81,80.50,80.75,80.00,,,,,83.7138,0,77.7740,1,25549,,,,,0
2023-08-07,80.78,81.99,79.35,79.38,79.81,,,,,83.7138,0,77.7740,1,7827,,,,,0
2023-08-08,79.31,79.59,77.52,78.06,79.51,,,,,83.7138,0,83.8050,0,8641,,,,,0
2023-08-09,78.10,79.43,77.29,77.29,79.19,80.32,,,,83.7138,0,83.6793,0,3733,,,,,0
2023-08-10,77.72,78.74,76.38,76.47,78.96,80.00,,,,83.7138,0,83.4237,0,9689,,,,,0
2023-08-11,78.39,78.39,75.01,75.61,78.56,79.68,,,,83.3212,0,83.0011,0,7183,,,,,0
2023-08-14,75.34,76.44,74.40,75.71,78.15,79.33,,,,81.9928,0,82.3619,0,10751,,,,,0
2023-08-15,70.70,74.15,70.50,73.27,77.44,78.92,,,,79.8036,0,81.5657,0,144210,,,,,0
2023-08-16,72.13,72.74,66.50,69.87,76.57,78.34,,,,78.3794,0,80.2378,0,81098,,,,,0
2023-08-17,70.32,71.05,68.80,69.85,75.63,77.80,,,,78.3794,0,78.3147,0,16520,,,,,0
2023-08-18,70.70,88.88,70.62,87.48,76.30,78.15,,,,68.8472,1,66.5010,1,120233,,,,,0
2023-08-21,89.51,99.50,83.00,90.39,77.40,78.60,,,,74.2281,1,66.9486,1,167945,,,,,0
2023-08-22,89.90,90.91,88.53,90.70,78.66,79.09,,,,74.2281,1,68.2506,1,34475,,,,,0
2023-08-23,90.00,91.35,86.40,91.33,80.07,79.63,,,,74.2281,1,69.5006,1,51620,,,,,0
2023-08-24,90.22,93.50,88.02,92.97,81.72,80.34,,,,74.7922,1,70.7006,1,51254,,,,,0
2023-08-25,93.71,96.31,92.22,95.91,83.75,81.15,,,,78.6710,1,71.8526,1,52156,,,,,0
2023-08-28,95.49,99.56,94.29,98.43,86.02,82.09,,,,81.3087,1,72.9585,1,39972,,,,,0
2023-08-29,98.57,102.40,96.20,97.75,88.47,82.95,,,,83.3844,1,74.5546,1,42521,,3.7497,0.5237,3.2259,0
2023-08-30,96.96,101.42,96.95,100.67,91.55,84.06,,,,83.5232,1,76.7822,1,33513,,4.3724,1.2935,3.0789,0
2023-08-31,99.07,101.49,97.50,98.32,94.40,85.01,,,,84.2006,1,78.8316,1,34815,,4.6229,1.9593,2.6636,0
2023-09-01,98.49,100.89,96.20,100.57,95.70,86.00,,,,84.2006,1,80.7171,1,42058,,4.9460,2.5567,2.3893,0
2023-09-05,99.51,100.00,96.97,97.60,96.43,86.91,,,,84.2006,1,82.4517,1,37527,,4.9059,3.0265,1.8794,0
2023-09-06,97.34,98.44,94.77,95.29,96.88,87.77,,,,84.2006,1,84.0476,1,32846,,4.6343,3.3481,1.2862,0
2023-09-07,94.77,96.45,91.62,92.00,96.95,88.51,,,,84.2006,1,85.5158,1,27471,,4.1062,3.4997,0.6065,0
2023-09-08,91.90,93.11,90.19,91.15,96.77,89.24,,,,84.2006,1,86.8665,1,27473,,3.5779,3.5153,0.0625,0
2023-09-11,91.27,93.34,88.50,90.12,96.19,89.97,,,,84.2006,1,88.1092,1,23008,,3.0410,3.4205,-0.3795,0
2023-09-12,90.10,91.34,88.77,88.98,95.25,90.63,,,,84.2006,1,88.5050,1,11514,,2.4947,3.2353,-0.7406,0
2023-09-13,88.73,92.73,88.73,90.74,94.54,91.51,,,,84.2006,1,88.5050,1,30979,,2.1788,3.0240,-0.8452,0
2023-09-14,91.00,92.01,88.63,89.00,93.38,92.46,,,,84.2006,1,102.4000,0,19803,,1.7676,2.7727,-1.0052,0
2023-09-15,89.10,89.89,86.56,87.39,92.28,93.34,,,,84.2006,1,102.1246,0,16753,,1.2968,2.4775,-1.1807,0
2023-09-18,87.89,88.01,84.64,84.80,90.71,93.21,,,,84.2006,1,101.5020,0,11719,,0.7066,2.1234,-1.4167,0
2023-09-19,85.11,86.17,83.27,85.99,89.55,92.99,,,,84.2006,1,100.4903,0,29004,,0.3311,1.7649,-1.4338,0
2023-09-20,85.60,88.40,85.60,87.87,88.80,92.84,,,,84.2006,1,99.1125,0,23101,,0.1831,1.4485,-1.2655,0
2023-09-21,87.30,87.30,82.86,83.17,87.92,92.44,85.11,,,96.6680,0,97.8450,0,19695,28224,-0.3099,1.0968,-1.4068,0
2023-09-22,83.80,87.01,83.80,86.45,87.45,92.11,85.19,,,96.6680,0,96.3465,0,16702,28360,-0.4310,0.7913,-1.2223,0
2023-09-25,85.51,87.19,85.51,86.83,87.12,91.66,85.28,,,96.6680,0,94.9978,0,9135,28276,-0.4906,0.5349,-1.0255,0
2023-09-26,86.87,87.87,84.62,85.23,86.75,91.00,85.33,,,96.6680,0,93.7840,0,6716,28243,-0.6594,0.2960,-0.9554,0
2023-09-27,85.49,86.12,84.75,85.66,86.24,90.39,85.42,,,95.8042,0,92.6916,0,3349,28019,-0.7498,0.0869,-0.8366,0
2023-09-28,85.38,86.89,85.38,86.28,85.97,89.67,85.52,,,95.8042,0,91.7085,0,8283,28097,-0.7626,-0.0830,-0.6796,0
2023-09-29,86.96,88.30,84.29,84.71,85.70,88.99,85.59,,,95.8042,0,90.8236,0,8886,28174,-0.8892,-0.2442,-0.6449,0
2023-10-02,84.73,86.30,84.11,84.36,85.66,88.18,85.67,,,94.8691,0,90.0273,0,4935,28205,-1.0062,-0.3966,-0.6095,0
2023-10-03,83.90,84.95,82.65,83.41,85.40,87.47,85.72,,,93.1890,0,89.3105,0,6631,28178,-1.1621,-0.5497,-0.6124,0
2023-10-04,83.65,85.00,82.92,84.33,85.04,86.92,85.78,,,93.0313,0,88.5117,0,2960,28133,-1.1977,-0.6793,-0.5184,0
2023-10-05,84.10,85.27,83.57,85.11,85.24,86.58,85.87,,,93.0313,0,87.8088,0,4843,28156,-1.1497,-0.7734,-0.3763,0
2023-10-06,81.00,87.00,77.17,86.40,85.23,86.34,86.03,,,92.8419,0,87.1902,0,33843,28710,-0.9960,-0.8179,-0.1781,0
2023-10-09,86.40,86.49,84.25,85.35,85.08,86.10,86.14,,,92.8419,0,87.0000,0,3798,28701,-0.9481,-0.8440,-0.1041,0
2023-10-10,85.00,86.96,84.56,85.82,85.14,85.95,86.26,,,92.8419,0,87.0000,0,11517,28761,-0.8622,-0.8476,-0.0146,0
2023-10-11,86.10,86.25,84.50,85.12,85.09,85.66,86.36,,,92.8419,0,86.9570,0,3269,28702,-0.8410,-0.8463,0.0053,0
2023-10-12,85.18,85.71,84.09,84.16,84.88,85.42,86.47,,,92.8419,0,86.9570,0,3442,28668,-0.8913,-0.8553,-0.0360,0
2023-10-13,84.70,85.00,83.94,84.34,84.84,85.27,86.57,,,92.8419,0,86.2500,0,14734,28794,-0.9062,-0.8655,-0.0408,0
2023-10-16,86.48,86.50,82.05,82.48,84.65,85.15,86.60,,,92.8419,0,77.1700,1,5716,28397,-1.0560,-0.9036,-0.1524,0
2023-10-17,82.30,84.54,81.73,82.44,84.56,84.98,86.66,,,92.0621,0,77.3566,1,4584,28332,-1.1645,-0.9558,-0.2087,0
2023-10-18,82.39,82.39,80.21,80.86,84.21,84.63,86.72,,,90.0039,0,77.5395,1,6631,28292,-1.3622,-1.0370,-0.3252,0
2023-10-19,81.52,81.52,77.50,77.96,83.49,84.37,86.73,,,88.5495,0,86.5000,0,5855,28335,-1.7330,-1.1762,-0.5567,0
2023-10-20,77.90,78.72,75.00,76.21,82.47,83.85,86.73,,,86.1139,0,86.3200,0,6203,28265,-2.1433,-1.3696,-0.7737,0
2023-10-23,76.00,76.21,72.21,72.49,81.19,83.14,86.67,,,83.7367,0,85.8672,0,14491,28411,-2.7371,-1.6431,-1.0940,0
2023-10-24,73.14,74.88,72.60,74.51,80.06,82.60,86.64,,,83.0300,0,85.0478,0,5149,28299,-3.0100,-1.9165,-1.0935,0
2023-10-25,74.76,76.32,74.31,75.68,79.11,82.10,86.69,,,83.0300,0,84.2775,0,4594,25507,-3.0962,-2.1524,-0.9437,0
2023-10-26,75.51,79.99,75.51,79.16,78.61,81.75,86.88,,,83.0300,0,83.5535,0,5256,23990,-2.8508,-2.2921,-0.5587,0
2023-10-27,80.55,82.49,78.89,81.52,78.33,81.59,87.11,,,83.0300,0,82.8728,0,5837,23776,-2.4378,-2.3213,-0.1166,0
2023-10-30,81.38,82.40,80.18,80.77,78.16,81.41,86.98,,,83.0300,0,82.4900,0,1938,21410,-2.1463,-2.2863,0.1400,0
2023-10-31,81.24,82.09,80.00,82.04,78.12,81.34,86.81,,,83.0300,0,82.4900,0,3626,18124,-1.7921,-2.1874,0.3953,0
2023-11-01,82.88,85.61,82.88,84.22,78.46,81.33,86.68,,,75.1067,1,72.2100,1,5196,17538,-1.3203,-2.0140,0.6937,0
2023-11-02,84.15,85.60,84.10,84.51,79.11,81.30,86.54,,,76.1756,1,72.4780,1,7504,16656,-0.9125,-1.7937,0.8812,0
2023-11-03,84.34,86.00,83.75,84.49,79.94,81.21,86.37,,,76.3970,1,72.7406,1,6463,15760,-0.5842,-1.5518,0.9676,0
2023-11-06,83.98,84.56,82.53,83.15,81.01,81.10,86.12,,,76.3970,1,73.2710,1,2203,14761,-0.4272,-1.3269,0.8997,0
2023-11-07,84.06,84.73,83.03,83.37,81.89,80.97,85.82,,,76.3970,1,73.7802,1,4269,14047,-0.2817,-1.1178,0.8361,0
2023-11-08,83.02,83.55,81.64,82.69,82.59,80.85,85.52,,,76.3970,1,74.2690,1,3084,13258,-0.2188,-0.9380,0.7192,0
2023-11-09,81.82,82.52,79.75,79.78,82.65,80.63,85.10,,,76.3970,1,74.7382,1,3271,12654,-0.3992,-0.8303,0.4311,0
2023-11-10,79.90,80.92,79.22,80.33,82.54,80.43,84.74,,,76.3970,1,75.1887,1,3310,12023,-0.4921,-0.7626,0.2706,0
2023-11-13,79.87,80.00,78.16,78.77,82.34,80.25,84.30,,,76.3970,1,75.6211,1,2749,11237,-0.6837,-0.7468,0.0632,0
2023-11-14,80.69,81.51,79.41,81.30,82.26,80.19,83.98,,,76.3970,1,76.0363,1,4585,10578,-0.6242,-0.7223,0.0981,0
2023-11-15,81.24,84.24,81.11,82.84,82.12,80.29,83.73,,,76.3970,1,76.4348,1,5906,10040,-0.4476,-0.6674,0.2198,0
2023-11-16,82.04,82.95,81.03,81.97,81.87,80.49,83.53,,,76.3970,1,76.8174,1,3156,9553,-0.3736,-0.6086,0.2350,0
2023-11-17,82.69,83.16,81.65,83.01,81.72,80.83,83.36,,,76.3970,1,77.1847,1,6666,9137,-0.2283,-0.5326,0.3042,0
2023-11-20,82.29,83.49,82.11,83.26,81.73,81.37,83.23,,,76.3970,1,77.5374,1,5229,8782,-0.0920,-0.4445,0.3524,0
2023-11-21,82.60,84.17,82.30,84.11,81.81,81.85,83.13,,,76.4563,1,77.8759,1,3591,8623,0.0836,-0.3388,0.4225,0
2023-11-22,84.42,85.73,83.09,83.45,81.88,82.24,82.98,,,77.5172,1,78.2008,1,6609,8136,0.1677,-0.2375,0.4052,0
2023-11-24,82.76,83.83,82.40,83.49,82.25,82.45,82.87,,,77.5172,1,78.5128,1,2162,7783,0.2348,-0.1431,0.3779,0
2023-11-27,83.75,83.79,81.58,82.14,82.43,82.48,82.77,,,77.5172,1,78.8123,1,3401,7516,0.1770,-0.0791,0.2561,0
2023-11-28,82.38,83.20,82.36,82.95,82.85,82.59,82.73,,,77.5172,1,79.0998,1,3227,7346,0.1943,-0.0244,0.2187,0
2023-11-29,83.74,84.50,82.14,82.29,82.95,82.61,82.66,,,77.5172,1,79.3758,1,4287,6852,0.1530,0.0111,0.1419,0
2023-11-30,82.67,83.08,80.54,81.41,82.81,82.47,82.53,,,77.5172,1,79.6408,1,5357,6497,0.0487,0.0186,0.0301,0
2023-12-01,81.69,82.72,80.68,82.48,82.86,82.36,82.51,,,77.5172,1,79.8951,1,2631,6156,0.0518,0.0253,0.0266,0
2023-12-04,82.60,82.87,81.23,81.56,82.71,82.22,82.42,,,77.5172,1,80.1393,1,2178,5865,-0.0197,0.0163,-0.0360,0
2023-12-05,80.89,81.50,79.63,79.63,82.35,82.04,82.27,,,77.5172,1,86.0000,0,3376,5750,-0.2295,-0.0329,-0.1966,0
2023-12-06,79.57,82.35,79.55,79.90,81.93,81.87,82.17,,,77.5172,1,85.8726,0,3068,5677,-0.3698,-0.1003,-0.2695,0
2023-12-07,79.90,79.90,79.00,79.78,81.56,81.72,82.05,,,77.5172,1,85.6197,0,1819,5646,-0.4850,-0.1772,-0.3078,0
2023-12-08,79.90,81.58,79.70,80.31,81.24,81.75,81.93,,,77.5172,1,85.2225,0,4489,5571,-0.5274,-0.2473,-0.2802,0
2023-12-11,80.30,80.74,79.50,80.25,81.06,81.74,81.84,,,77.5172,1,84.8492,0,2664,5446,-0.5595,-0.3097,-0.2498,0
2023-12-12,79.54,80.60,79.50,80.47,80.81,81.83,81.76,,,77.5172,1,84.4982,0,2092,5389,-0.5607,-0.3599,-0.2008,0
2023-12-13,79.58,80.46,79.10,80.11,80.59,81.77,81.70,,,77.5172,1,84.1683,0,4847,5354,-0.5839,-0.4047,-0.1792,0
2023-12-14,80.40,81.00,79.26,80.44,80.49,81.65,81.62,,,77.5172,1,83.8582,0,7674,5448,-0.5692,-0.4376,-0.1316,0
2023-12-15,80.15,80.25,79.60,80.08,80.25,81.56,81.52,,,77.5172,1,83.5667,0,4148,5434,-0.5798,-0.4660,-0.1138,0
2023-12-18,79.53,80.17,79.10,79.36,80.03,81.37,81.38,,,77.5172,1,83.2927,0,3301,4823,-0.6390,-0.5006,-0.1384,0
2023-12-19,79.35,80.50,78.80,78.92,79.96,81.16,81.25,,,77.5172,1,83.0352,0,3646,4820,-0.7132,-0.5431,-0.1701,0
2023-12-20,78.77,80.10,78.64,78.93,79.87,80.90,81.11,,,77.5172,1,82.6963,0,7483,4739,-0.7624,-0.5870,-0.1754,0
2023-12-21,79.92,80.42,79.19,80.39,79.93,80.74,81.02,,,77.5172,1,82.2910,0,4968,4773,-0.6758,-0.6048,-0.0710,0
2023-12-22,80.00,80.42,79.20,79.43,79.84,80.54,80.92,,,77.5172,1,81.9262,0,2446,4753,-0.6768,-0.6192,-0.0576,0
2023-12-26,79.40,82.27,79.22,80.30,79.84,80.45,80.84,,,77.5172,1,78.6430,1,9620,4651,-0.6005,-0.6154,0.0149,0
2023-12-27,80.85,82.00,80.10,81.61,79.96,80.38,80.82,,,77.5172,1,78.7155,1,5443,4646,-0.4294,-0.5782,0.1489,0
2023-12-28,81.89,83.06,81.29,82.15,80.16,80.38,80.82,,,77.5172,1,78.7866,1,7525,4705,-0.2473,-0.5120,0.2647,0
2023-12-29,82.80,82.80,80.60,80.60,80.18,80.34,80.81,,,77.5172,1,78.9576,1,3498,4642,-0.2255,-0.4547,0.2292,0
2024-01-02,80.15,80.70,79.07,79.84,80.15,80.20,80.85,,,77.5172,1,83.0600,0,1565,4556,-0.2665,-0.4171,0.1506,0
2024-01-03,79.26,79.90,78.81,78.98,80.12,80.07,80.90,,,77.5172,1,82.9802,0,4999,4532,-0.3642,-0.4065,0.0423,0
2024-01-04,78.97,79.85,78.97,79.57,80.18,80.07,81.05,,,77.5172,1,82.8134,0,1973,4282,-0.3895,-0.4031,0.0136,0
2024-01-05,79.10,80.24,79.10,79.66,80.25,80.06,81.15,,,77.5172,1,82.6532,0,3433,4247,-0.3977,-0.4020,0.0043,0
2024-01-08,79.77,80.57,79.77,80.57,80.27,80.10,81.25,,,77.5172,1,82.4995,0,4037,4236,-0.3270,-0.3870,0.0600,0
2024-01-09,79.67,80.98,79.67,80.70,80.40,80.12,81.28,,,77.5172,1,82.3519,0,4221,4215,-0.2575,-0.3611,0.1036,0
2024-01-10,80.83,81.27,80.00,80.79,80.45,80.15,81.26,,,77.5172,1,82.2102,0,3967,4178,-0.1929,-0.3275,0.1345,0
2024-01-11,80.73,80.78,79.81,80.62,80.35,80.15,81.26,,,77.5172,1,82.0742,0,3781,4215,-0.1537,-0.2927,0.1390,0
2024-01-12,80.90,81.18,80.00,81.18,80.25,80.21,81.24,,,77.5172,1,81.9437,0,4587,4234,-0.0766,-0.2495,0.1729,0
2024-01-16,80.70,81.32,80.40,81.17,80.31,80.24,81.18,,,77.5172,1,81.8183,0,4424,4219,-0.0161,-0.2028,0.1867,0
2024-01-17,80.31,81.99,80.02,81.84,80.51,80.33,81.13,,,77.5172,1,78.8100,1,5361,4176,0.0850,-0.1453,0.2302,0
2024-01-18,81.90,82.73,80.36,81.03,80.71,80.41,81.06,,,77.5172,1,78.8736,1,8119,4209,0.0986,-0.0965,0.1950,0
2024-01-19,80.65,81.11,79.97,80.48,80.80,80.49,81.01,,,77.5172,1,79.0277,1,2849,4222,0.0642,-0.0644,0.1286,0
2024-01-22,80.50,80.95,79.97,80.18,80.86,80.55,80.94,,,77.5172,1,79.1756,1,3344,4203,0.0126,-0.0490,0.0616,0
2024-01-23,80.01,80.81,80.00,80.57,80.86,80.56,80.90,,,77.5172,1,79.3176,1,4254,4227,0.0032,-0.0385,0.0417,0
2024-01-24,80.47,81.04,79.56,79.62,80.75,80.57,80.90,,,77.5172,1,79.4540,1,3870,4239,-0.0800,-0.0468,-0.0332,0
2024-01-25,79.75,79.98,78.01,78.36,80.51,80.48,80.86,,,77.5172,1,82.7260,0,3691,4246,-0.2448,-0.0864,-0.1584,0
2024-01-26,84.73,87.07,82.20,84.94,80.94,80.64,80.98,,,78.1607,1,78.0110,1,34783,4887,0.1537,-0.0384,0.1921,0
2024-01-29,84.86,85.99,84.12,85.38,81.36,80.80,81.06,,,78.6671,1,78.0110,1,11321,5022,0.4993,0.0691,0.4302,0
2024-01-30,85.09,85.63,84.65,84.70,81.71,81.01,81.10,,,79.0973,1,78.1922,1,3752,4979,0.7102,0.1974,0.5128,0
2024-01-31,84.44,85.25,82.02,82.13,81.74,81.12,81.10,,,79.0973,1,78.3697,1,8246,5080,0.6623,0.2903,0.3719,0
2024-02-01,82.40,83.01,81.16,81.75,81.81,81.26,81.08,,,79.0973,1,78.5437,1,3254,5012,0.5869,0.3496,0.2372,0
2024-02-02,80.63,83.63,80.63,83.49,82.11,81.46,81.08,,,79.0973,1,78.7143,1,4158,4991,0.6599,0.4117,0.2482,0
2024-02-05,82.93,82.93,78.61,78.74,81.97,81.41,80.97,,,88.1652,0,87.0700,0,12465,5168,0.3307,0.3955,-0.0648,0
2024-02-06,79.40,83.47,79.40,81.19,82.03,81.44,80.93,,,88.1652,0,86.9008,0,11220,5260,0.2645,0.3693,-0.1048,0
2024-02-07,81.02,81.19,80.00,80.83,82.15,81.45,80.88,,,88.1652,0,86.7350,0,1867,5255,0.1808,0.3316,-0.1508,0
2024-02-08,81.26,81.76,80.54,81.43,82.46,81.48,80.86,,,88.1652,0,86.5725,0,2304,5233,0.1611,0.2975,-0.1364,0
2024-02-09,81.30,82.41,81.24,82.32,82.20,81.57,80.85,,,88.1652,0,86.4132,0,3145,5231,0.2148,0.2810,-0.0662,0
2024-02-12,83.29,84.50,82.02,82.53,81.91,81.63,80.85,,,88.1652,0,86.2572,0,6264,5271,0.2712,0.2790,-0.0078,0
2024-02-13,81.08,82.20,80.32,80.56,81.50,81.60,80.84,,,88.1455,0,86.1042,0,3496,5233,0.1551,0.2542,-0.0991,0
2024-02-14,80.72,81.31,80.06,80.06,81.29,81.51,80.79,82.81,,87.2569,0,85.9543,0,1761,5216,0.0225,0.2079,-0.1854,0
2024-02-15,80.60,81.50,80.15,81.08,81.22,81.52,80.78,82.79,,87.1718,0,85.8075,0,2903,5230,-0.0003,0.1663,-0.1665,0
2024-02-16,81.20,81.30,78.50,78.61,80.73,81.42,80.76,82.77,,86.4521,0,85.6635,0,6933,5302,-0.2151,0.0900,-0.3051,0
2024-02-20,78.90,80.28,77.20,77.23,80.58,81.28,80.71,82.73,,85.5609,0,85.3770,0,5012,5340,-0.4911,-0.0262,-0.4649,0
2024-02-21,77.05,78.50,76.60,76.89,80.15,81.09,80.65,82.70,,84.2548,0,84.8863,0,4583,5396,-0.7289,-0.1668,-0.5621,0
2024-02-22,77.10,78.92,77.00,77.28,79.80,80.97,80.59,82.68,,84.2548,0,84.2234,0,3694,5380,-0.8757,-0.3086,-0.5672,0
2024-02-23,77.76,78.38,77.07,77.48,79.40,80.93,80.53,82.65,,84.0974,0,83.6136,0,992,5346,-0.9648,-0.4398,-0.5250,0
2024-02-26,77.10,77.45,76.47,76.75,78.85,80.52,80.46,82.63,,83.0002,0,83.0525,0,2886,5362,-1.0819,-0.5682,-0.5137,0
2024-02-27,76.52,77.66,76.47,77.17,78.31,80.11,80.40,82.60,,82.8610,0,82.3942,0,1281,5291,-1.1278,-0.6801,-0.4476,0
2024-02-28,76.92,77.98,76.39,77.56,78.01,79.75,80.34,82.58,,82.8610,0,81.8018,0,4196,5221,-1.1198,-0.7681,-0.3517,0
2024-02-29,77.86,78.05,76.40,76.53,77.66,79.47,80.27,82.55,,82.8396,0,81.1524,0,3031,5199,-1.1829,-0.8510,-0.3319,0
2024-03-01,76.28,77.00,75.27,75.88,77.14,79.18,80.20,82.53,,81.7071,0,80.5809,0,2459,5182,-1.2707,-0.9350,-0.3358,0
2024-03-04,75.62,76.20,74.00,75.92,76.87,78.80,80.14,82.51,,80.7741,0,79.8374,0,8010,5269,-1.3219,-1.0124,-0.3095,0
2024-03-05,76.00,76.20,74.96,75.59,76.70,78.64,80.07,82.48,,80.7741,0,78.9034,0,2540,5171,-1.3732,-1.0845,-0.2887,0
2024-03-06,75.50,76.64,75.32,75.74,76.59,78.37,79.98,82.45,,80.7741,0,78.1189,0,3113,5133,-1.3858,-1.1448,-0.2410,0
2024-03-07,75.38,76.12,74.64,75.00,76.36,78.08,79.89,82.43,,80.6183,0,77.4598,0,1950,5124,-1.4389,-1.2036,-0.2353,0
2024-03-08,74.77,75.19,74.16,74.16,76.03,77.72,79.77,82.39,,79.7007,0,76.9063,0,2329,4978,-1.5311,-1.2691,-0.2620,0
2024-03-11,74.12,74.86,73.45,74.02,75.76,77.30,79.62,82.35,,79.0974,0,76.4413,0,1984,4909,-1.5971,-1.3347,-0.2624,0
2024-03-12,74.00,74.45,72.90,73.80,75.42,76.87,79.45,82.31,,78.5899,0,75.9030,0,3852,4835,-1.6481,-1.3974,-0.2507,0
2024-03-13,73.99,74.84,73.09,73.62,75.03,76.52,79.31,82.28,,78.5899,0,75.3024,0,4226,4850,-1.6837,-1.4547,-0.2290,0
2024-03-14,73.70,74.75,73.20,74.64,74.84,76.25,79.21,82.26,,78.5899,0,74.8390,0,3426,4887,-1.6110,-1.4859,-0.1251,0
2024-03-15,74.93,75.80,74.44,74.94,74.74,75.94,79.13,82.25,,78.5899,0,72.9000,1,5680,4900,-1.5118,-1.4911,-0.0207,0
2024-03-18,75.07,75.70,65.61,71.54,74.31,75.59,78.96,82.23,,78.0317,0,75.8000,0,18250,5226,-1.6880,-1.5305,-0.1575,0
2024-03-19,71.61,72.65,71.61,71.61,73.91,75.31,78.80,82.20,,78.0317,0,75.8000,0,3000,5217,-1.8013,-1.5846,-0.2166,0
2024-03-20,72.14,72.80,71.07,72.46,73.58,75.08,78.64,82.19,,78.0317,0,75.7000,0,2217,5181,-1.8017,-1.6280,-0.1736,0
2024-03-21,72.12,72.92,72.05,72.06,73.29,74.82,78.47,82.21,,78.0317,0,75.4982,0,721,5111,-1.8134,-1.6651,-0.1483,0
2024-03-22,72.76,72.79,69.53,69.83,72.85,74.44,78.25,82.21,,77.8742,0,75.3004,0,4267,5117,-1.9797,-1.7280,-0.2517,0
2024-03-25,70.00,70.79,68.78,70.01,72.45,74.10,78.04,82.09,,76.4268,0,75.1066,0,2338,5088,-2.0732,-1.7971,-0.2761,0
2024-03-26,70.96,71.89,69.60,70.04,72.08,73.75,77.81,81.96,,76.4268,0,74.9167,0,2444,5045,-2.1204,-1.8617,-0.2587,0
2024-03-27,69.59,72.09,69.51,71.11,71.82,73.43,77.61,81.82,,76.4268,0,74.7306,0,2617,5009,-2.0478,-1.8989,-0.1489,0
2024-03-28,70.62,71.99,70.18,70.57,71.42,73.13,77.39,81.69,,76.4268,0,74.5481,0,1863,4939,-2.0107,-1.9213,-0.0894,0
2024-04-01,71.43,71.43,68.96,70.00,70.92,72.83,77.17,81.53,,76.4268,0,74.3694,0,3339,4844,-2.0042,-1.9379,-0.0663,0
2024-04-02,69.54,71.01,68.65,68.81,70.65,72.48,76.93,81.35,,76.4268,0,74.1942,0,2126,4829,-2.0712,-1.9646,-0.1067,0
2024-04-03,68.21,69.41,68.21,68.71,70.36,72.13,76.70,81.15,,75.2446,0,74.0225,0,1457,4791,-2.1081,-1.9933,-0.1148,0
2024-04-04,68.81,69.86,68.21,68.66,69.98,71.78,76.47,80.96,,75.2446,0,73.8543,0,2074,4748,-2.1169,-2.0180,-0.0989,0
2024-04-05,68.94,69.49,68.20,69.49,69.72,71.50,76.26,80.75,,74.8894,0,73.6894,0,2418,4719,-2.0335,-2.0211,-0.0124,0
2024-04-08,69.10,69.83,68.33,69.05,69.65,71.25,76.08,80.56,,74.8894,0,73.5278,0,2113,4687,-1.9801,-2.0129,0.0328,0
2024-04-09,68.88,69.84,68.69,69.10,69.55,71.00,75.76,80.35,,74.8894,0,73.3694,0,1748,4026,-1.9117,-1.9926,0.0810,0
2024-04-10,68.88,68.88,68.00,68.44,69.39,70.73,75.42,80.15,,73.8533,0,73.2142,0,1690,3834,-1.8889,-1.9719,0.0830,0
2024-04-11,68.08,68.70,68.00,68.11,69.09,70.46,75.09,79.97,,73.4320,0,73.0622,0,1519,3789,-1.8759,-1.9527,0.0768,0
2024-04-12,68.00,68.00,66.59,67.00,68.74,70.08,74.79,79.81,,72.3248,0,72.9131,0,2539,3675,-1.9329,-1.9487,0.0158,0
2024-04-15,67.35,67.50,65.82,66.51,68.39,69.66,74.48,79.64,,71.6908,0,72.7671,0,3745,3685,-1.9946,-1.9579,-0.0367,0
2024-04-16,65.93,67.00,64.68,66.50,68.16,69.40,74.14,79.48,,71.0637,0,72.6239,0,3997,3682,-2.0210,-1.9705,-0.0505,0
2024-04-17,66.26,66.84,64.83,65.42,67.83,69.09,73.88,79.33,,71.0637,0,72.3062,0,5535,3543,-2.1048,-1.9974,-0.1074,0
2024-04-18,69.01,69.89,67.06,67.58,67.72,68.85,73.60,79.17,,71.0637,0,72.0011,0,4393,3407,-1.9742,-1.9927,0.0186,0
2024-04-19,67.53,67.62,65.42,65.44,67.32,68.52,73.30,79.02,,71.0637,0,71.7083,0,5510,3479,-2.0201,-1.9982,-0.0218,0
2024-04-22,65.50,66.46,64.25,65.19,66.93,68.29,72.97,78.87,,71.0637,0,71.4271,0,8579,3605,-2.0529,-2.0092,-0.0438,0
2024-04-23,65.24,65.77,64.00,65.67,66.59,68.07,72.64,78.74,,71.0068,0,70.9965,0,6554,3673,-2.0170,-2.0107,-0.0063,0
2024-04-24,67.63,68.96,66.61,67.30,66.47,67.93,72.33,78.62,,71.0068,0,70.4368,0,4025,3628,-1.8358,-1.9757,0.1399,0
2024-04-25,66.56,67.66,66.12,67.40,66.40,67.75,72.07,78.48,,71.0068,0,69.9218,0,2150,3601,-1.6650,-1.9136,0.2486,0
2024-04-26,67.90,68.76,67.72,68.50,66.55,67.64,71.84,78.38,80.06,71.0068,0,69.4481,0,2576,3618,-1.4244,-1.8157,0.3914,0
2024-04-29,69.14,69.50,68.35,69.05,66.81,67.60,71.60,78.26,80.00,71.0068,0,64.0000,1,3218,3624,-1.1758,-1.6877,0.5120,0
2024-04-30,68.90,68.98,68.01,68.01,66.96,67.56,71.39,78.14,79.93,71.0068,0,64.1100,1,4665,3579,-1.0506,-1.5603,0.5097,0
2024-05-01,68.53,68.53,66.61,66.65,67.08,67.45,71.18,78.02,79.84,71.0068,0,64.2178,1,2799,3534,-1.0490,-1.4581,0.4090,0
2024-05-02,66.84,68.00,66.84,67.73,67.09,67.41,70.99,77.90,79.78,71.0068,0,64.3234,1,1571,3474,-0.9497,-1.3564,0.4067,0
2024-05-03,67.90,69.57,67.80,69.50,67.50,67.41,70.84,77.78,79.72,71.0068,0,64.4270,1,4114,3482,-0.7198,-1.2291,0.5092,0
2024-05-06,69.50,70.77,69.50,69.99,67.98,67.45,70.69,77.69,79.66,71.0068,0,64.6327,1,3206,3527,-0.4924,-1.0817,0.5893,0
2024-05-07,70.32,71.00,69.82,70.80,68.49,67.54,70.57,77.60,79.61,71.0068,0,65.0011,1,3101,3531,-0.2441,-0.9142,0.6701,0
2024-05-08,70.76,70.90,68.60,69.20,68.68,67.58,70.41,77.50,79.55,71.0068,0,65.4810,1,5142,3608,-0.1743,-0.7662,0.5919,0
2024-05-09,69.06,69.86,69.06,69.33,68.88,67.64,70.24,77.40,79.50,71.0068,0,65.9225,1,908,3543,-0.1073,-0.6345,0.5271,0
2024-05-10,69.61,69.70,69.02,69.18,68.94,67.75,70.10,77.29,79.44,71.0068,0,66.3287,1,1411,3510,-0.0656,-0.5207,0.4551,0
2024-05-13,69.65,70.07,68.82,69.25,68.96,67.88,69.96,77.18,79.39,71.0068,0,66.7024,1,2597,3513,-0.0266,-0.4219,0.3953,0
2024-05-14,69.20,69.70,69.00,69.27,69.09,68.02,69.83,77.07,79.34,71.0068,0,67.0462,1,2722,3407,0.0059,-0.3363,0.3422,0
2024-05-15,69.55,71.50,69.16,71.49,69.57,68.33,69.75,76.98,79.30,65.7129,1,67.3625,1,6205,3480,0.2084,-0.2274,0.4358,0
2024-05-16,71.11,71.50,70.60,70.98,69.90,68.50,69.65,76.88,79.25,66.6251,1,67.7763,1,2463,3467,0.3240,-0.1171,0.4411,0
2024-05-17,71.00,74.74,70.97,74.54,70.40,68.95,69.65,76.82,79.23,67.7416,1,68.1487,1,5904,3547,0.6948,0.0453,0.6495,0
2024-05-20,74.40,75.78,73.76,75.75,70.98,69.48,69.68,76.76,79.21,69.5587,1,68.9396,1,4060,3581,1.0740,0.2510,0.8230,0
2024-05-21,75.88,75.88,74.66,75.34,71.43,69.96,69.70,76.71,79.19,70.2162,1,69.8973,1,3601,3614,1.3261,0.4660,0.8601,0
2024-05-22,75.36,75.46,74.62,74.99,72.01,70.35,69.73,76.66,79.16,70.2373,1,70.8550,1,2655,3590,1.4806,0.6690,0.8116,0
2024-05-23,75.31,76.33,74.83,75.92,72.67,70.77,69.77,76.63,79.15,70.8098,1,71.6595,1,5201,3609,1.6589,0.8669,0.7920,0
2024-05-24,76.26,77.86,75.81,77.38,73.49,71.22,69.83,76.63,79.15,71.9268,1,72.5002,1,5641,3653,1.8962,1.0728,0.8234,0
2024-05-28,77.38,78.46,77.05,77.43,74.31,71.64,69.88,76.64,79.16,72.9146,1,73.5721,1,6357,3667,2.0645,1.2712,0.7934,0
2024-05-29,76.98,77.37,74.78,77.20,75.10,72.10,69.99,76.67,79.17,72.9146,1,74.5497,1,7164,3445,2.1545,1.4478,0.7067,0
2024-05-30,77.45,78.10,76.30,76.73,75.63,72.60,70.09,76.68,79.17,72.9146,1,74.7820,1,7051,3526,2.1630,1.5909,0.5721,0
2024-05-31,77.20,77.30,75.25,76.24,76.15,73.03,70.17,76.69,79.19,72.9146,1,74.7820,1,6259,3607,2.1059,1.6939,0.4120,0
2024-06-03,76.37,76.65,75.40,75.95,76.29,73.35,70.25,76.66,79.22,72.9146,1,75.2500,1,4056,3674,2.0140,1.7579,0.2561,0
2024-06-04,75.46,76.14,75.14,76.00,76.32,73.65,70.37,76.63,79.25,72.9146,1,78.4600,0,4347,3675,1.9230,1.7909,0.1321,0
2024-06-05,76.05,77.15,75.85,77.04,76.49,73.96,70.51,76.60,79.20,72.9146,1,78.3936,0,4815,3725,1.9128,1.8153,0.0975,0
2024-06-06,76.87,77.09,76.45,76.88,76.68,74.34,70.65,76.57,79.13,72.9146,1,78.3286,0,4859,3773,1.8703,1.8263,0.0440,0
2024-06-07,76.43,77.00,76.00,76.50,76.73,74.70,70.76,76.52,79.06,72.9146,1,78.2649,0,2310,3767,1.7853,1.8181,-0.0328,0
2024-06-10,76.11,77.22,75.98,76.95,76.69,75.09,70.88,76.47,78.99,72.9146,1,78.2024,0,3063,3791,1.7343,1.8013,-0.0671,0
2024-06-11,76.51,77.20,76.35,76.72,76.62,75.46,71.02,76.41,78.90,72.9146,1,78.1412,0,4826,3821,1.6562,1.7723,-0.1161,0
2024-06-12,77.10,77.90,76.78,77.44,76.64,75.87,71.19,76.38,78.81,73.2727,1,78.0812,0,5707,3892,1.6336,1.7446,-0.1110,0
2024-06-13,77.41,77.41,76.12,77.01,76.67,76.15,71.36,76.33,78.70,73.2727,1,78.0224,0,6169,3987,1.5629,1.7082,-0.1453,0
2024-06-14,79.59,84.98,79.41,81.66,77.22,76.68,71.62,76.33,78.62,76.1531,1,75.1420,1,42055,4786,1.8607,1.7387,0.1220,0
2024-06-17,81.80,81.84,79.12,81.56,77.78,77.03,71.86,76.34,78.53,76.1531,1,75.3388,1,10619,4950,2.0648,1.8040,0.2609,0
2024-06-18,81.49,81.49,79.38,80.00,78.18,77.25,72.08,76.34,78.44,76.1531,1,75.5316,1,5624,5020,2.0768,1.8585,0.2183,0
2024-06-20,80.20,81.23,80.07,80.92,78.56,77.53,72.31,76.35,78.34,76.1531,1,75.7206,1,4968,5085,2.1359,1.9140,0.2219,0
2024-06-21,81.00,81.45,80.00,80.16,78.89,77.78,72.55,76.34,78.25,76.1531,1,75.9057,1,5234,5156,2.0972,1.9506,0.1466,0
2024-06-24,80.10,80.10,79.00,79.38,79.18,77.96,72.77,76.32,78.17,76.1531,1,76.0872,1,6152,5248,1.9808,1.9567,0.0241,0
2024-06-25,79.28,80.32,79.02,79.49,79.43,78.06,73.02,76.30,78.11,76.1531,1,76.2651,1,5803,5314,1.8758,1.9405,-0.0647,0
2024-06-26,79.21,79.30,78.02,78.07,79.57,78.09,73.25,76.27,78.04,76.1531,1,76.4394,1,5059,5340,1.6589,1.8842,-0.2253,0.00
2024-06-27,77.90,78.83,77.08,77.44,79.57,78.11,73.47,76.23,77.98,76.1531,1,76.6102,1,5041,5361,1.4197,1.7913,-0.3715,40.43
2024-06-28,77.57,77.60,75.21,75.40,79.41,78.04,73.67,76.17,77.91,81.9235,0,84.9800,0,5346,5357,1.0535,1.6437,-0.5902,35.34
2024-07-01,75.39,75.75,73.35,73.72,78.61,77.91,73.79,76.11,77.83,80.2321,0,84.7847,0,4725,5364,0.6205,1.4391,-0.8186,33.21
2024-07-02,73.77,75.27,71.88,74.44,77.90,77.84,73.97,76.05,77.76,79.7077,0,84.3273,0,7913,5412,0.3316,1.2176,-0.8859,35.44
2024-07-03,74.44,76.00,74.27,75.25,77.43,77.80,74.18,76.00,77.69,79.7077,0,83.5804,0,3785,5316,0.1662,1.0073,-0.8411,35.93
2024-07-05,75.25,76.87,74.17,76.81,77.02,77.79,74.40,75.96,77.65,79.7077,0,82.8784,0,6053,5306,0.1591,0.8377,-0.6786,42.07
2024-07-08,76.84,77.30,76.18,76.29,76.63,77.76,74.58,75.92,77.61,79.7077,0,82.2185,0,2556,5277,0.1102,0.6922,-0.5820,41.61
2024-07-09,76.05,78.20,75.65,78.05,76.50,77.84,74.79,75.90,77.56,79.7077,0,81.5982,0,5401,5342,0.2111,0.5959,-0.3849,45.03
2024-07-10,78.25,80.08,78.20,79.76,76.52,77.98,75.02,75.88,77.54,73.0152,1,81.0151,0,6748,5425,0.4241,0.5616,-0.1375,47.41
2024-07-11,79.70,80.00,77.38,77.67,76.48,78.03,75.19,75.86,77.50,73.0152,1,80.4670,0,3953,5440,0.4194,0.5332,-0.1137,37.58
2024-07-12,76.61,80.29,76.61,80.12,76.75,78.16,75.43,75.86,77.46,73.0152,1,71.8800,1,10384,5554,0.6065,0.5478,0.0587,42.95
2024-07-15,80.12,81.20,78.71,80.66,77.28,78.34,75.71,75.86,77.44,73.1137,1,72.0482,1,16761,5833,0.7892,0.5961,0.1931,44.37
2024-07-16,81.12,82.12,80.30,82.03,78.11,78.36,76.00,75.88,77.42,74.5092,1,72.4143,1,12698,6056,1.0326,0.6834,0.3492,44.24
2024-07-17,81.92,82.70,80.60,82.53,78.92,78.41,76.26,75.89,77.40,74.9879,1,72.9966,1,7939,6132,1.2514,0.7970,0.4544,41.52
2024-07-18,82.47,83.40,81.39,81.73,79.57,78.50,76.49,75.90,77.39,75.7955,1,73.7729,1,7037,6209,1.3448,0.9066,0.4382,45.47
2024-07-19,81.49,81.80,80.01,80.10,79.89,78.46,76.68,75.90,77.37,75.7955,1,74.7353,1,4357,6234,1.2726,0.9798,0.2928,41.40
2024-07-22,80.89,82.49,80.10,82.49,80.51,78.57,76.94,75.92,77.36,75.7955,1,75.6015,1,4133,6214,1.3922,1.0622,0.3299,42.33
2024-07-23,81.96,82.72,80.72,80.72,80.78,78.64,77.17,75.92,77.34,75.7955,1,76.3810,1,3479,6265,1.3288,1.1156,0.2133,36.42
2024-07-24,80.01,80.92,78.35,78.57,80.66,78.59,77.36,75.91,77.31,75.7955,1,77.0826,1,3096,6299,1.0925,1.1110,-0.0184,33.39
2024-07-25,78.27,82.00,78.00,81.81,81.08,78.78,77.61,75.93,77.29,75.7955,1,77.7141,1,5841,6364,1.1534,1.1194,0.0340,40.26
2024-07-26,82.18,83.00,80.50,82.72,81.34,79.04,77.88,75.95,77.27,75.7955,1,78.0000,1,9331,6496,1.2605,1.1477,0.1129,41.83
2024-07-29,83.00,83.67,81.68,83.67,81.64,79.46,78.12,75.98,77.26,75.7955,1,78.0000,1,5539,6483,1.4059,1.1993,0.2066,44.44
2024-07-30,83.10,84.35,82.30,84.30,81.86,79.99,78.39,76.01,77.26,76.3535,1,78.6804,1,6390,6561,1.5540,1.2702,0.2838,49.27
2024-07-31,84.50,85.14,82.01,84.15,82.03,80.47,78.58,76.04,77.26,76.3610,1,79.4741,1,14499,6733,1.6404,1.3443,0.2961,47.16
2024-08-01,84.29,84.40,81.08,81.48,82.00,80.78,78.70,76.05,77.25,76.3610,1,80.3805,1,4115,6734,1.4764,1.3707,0.1057,44.98
2024-08-02,80.90,81.71,78.64,79.20,81.91,80.90,78.77,76.03,77.23,76.3610,1,85.1390,0,3287,6728,1.1492,1.3264,-0.1772,44.06
2024-08-05,75.26,79.60,75.11,79.50,81.61,81.06,78.86,76.01,77.21,76.3610,1,85.0090,0,8284,6841,0.9037,1.2418,-0.3382,42.10
2024-08-06,80.28,84.27,80.28,83.72,81.91,81.35,79.02,76.03,77.23,76.3610,1,84.6131,0,11696,6971,1.0376,1.2010,-0.1634,53.22
2024-08-07,83.86,85.00,82.08,84.34,82.49,81.58,79.16,76.06,77.26,76.3610,1,75.1100,1,15704,7172,1.1802,1.1969,-0.0166,56.06
2024-08-08,85.45,86.89,83.51,86.56,82.96,82.02,79.34,76.12,77.31,76.3610,1,75.3078,1,12993,7304,1.4556,1.2486,0.2070,58.59
2024-08-09,88.11,88.11,85.93,87.90,83.48,82.41,79.56,76.17,77.39,78.2945,1,75.7711,1,21676,7595,1.7617,1.3512,0.4104,61.46
2024-08-12,88.62,90.00,86.78,89.60,84.08,82.86,79.81,76.24,77.47,79.5710,1,76.5114,1,16262,7779,2.1170,1.5044,0.6126,67.13
2024-08-13,89.98,90.72,86.71,86.84,84.33,83.10,80.03,76.28,77.52,79.5749,1,77.5905,1,11307,7880,2.1511,1.6337,0.5174,54.25
2024-08-14,86.75,88.28,83.79,83.97,84.31,83.17,80.19,76.30,77.54,79.5749,1,78.9035,1,8531,7969,1.9243,1.6918,0.2325,48.66
2024-08-15,84.42,87.39,84.42,85.92,84.75,83.38,80.38,76.33,77.57,79.5749,1,80.0851,1,4116,7965,1.8803,1.7295,0.1508,44.44
2024-08-16,85.19,86.38,84.45,84.94,85.33,83.62,80.54,76.36,77.59,79.5749,1,81.1486,1,4391,7956,1.7462,1.7329,0.0133,41.49
2024-08-19,84.53,86.14,83.78,86.09,85.99,83.80,80.73,76.40,77.61,79.5749,1,82.1057,1,6517,7989,1.7130,1.7289,-0.0159,41.91
2024-08-20,85.37,88.22,85.00,87.79,86.39,84.15,80.95,76.44,77.63,79.5749,1,82.9672,1,7164,8087,1.8030,1.7437,0.0593,48.43
2024-08-21,88.47,91.43,86.73,91.32,87.09,84.79,81.24,76.50,77.66,79.5749,1,83.7425,1,14849,8322,2.1346,1.8219,0.3127,54.02
2024-08-22,91.21,93.00,89.31,92.44,87.68,85.32,81.55,76.58,77.70,81.4063,1,84.6650,1,13321,8492,2.4595,1.9494,0.5101,59.54
2024-08-23,91.29,93.90,90.88,93.75,88.27,85.87,81.88,76.67,77.75,82.7118,1,85.8319,1,11859,8615,2.7904,2.1176,0.6728,59.58
2024-08-26,93.75,94.98,90.23,90.60,88.37,86.22,82.15,76.74,77.79,82.7118,1,87.1228,1,6650,8625,2.7667,2.2474,0.5192,51.65
2024-08-27,90.29,92.61,90.22,92.47,88.93,86.63,82.37,76.82,77.84,82.7118,1,88.5371,1,4605,7876,2.8657,2.3711,0.4946,58.85
2024-08-28,92.47,93.50,90.99,91.01,89.63,86.97,82.56,76.89,77.89,82.7118,1,89.6968,1,3622,7736,2.7941,2.4557,0.3384,56.80
2024-08-29,91.85,92.89,89.91,89.97,90.04,87.40,82.76,76.97,77.94,82.7118,1,94.9800,0,5443,7732,2.6233,2.4892,0.1341,55.63
2024-08-30,90.74,91.28,89.00,90.44,90.59,87.96,82.95,77.01,78.00,82.7118,1,94.8786,0,8601,7805,2.4970,2.4908,0.0062,55.71
2024-09-03,89.90,89.90,88.11,89.17,90.90,88.44,83.13,77.03,78.04,82.7118,1,94.6435,0,5136,7803,2.2683,2.4463,-0.1780,56.97
2024-09-04,88.57,89.58,88.12,89.27,91.04,88.72,83.33,77.06,78.07,82.7118,1,94.2518,0,1928,7718,2.0712,2.3713,-0.3000,58.06
2024-09-05,88.87,91.44,88.82,91.16,91.03,89.06,83.56,77.12,78.12,82.7118,1,93.8835,0,3865,7680,2.0440,2.3058,-0.2618,62.78
2024-09-06,91.16,93.74,89.14,93.25,91.11,89.40,83.86,77.20,78.17,82.7118,1,88.1150,1,15433,7887,2.1661,2.2779,-0.1117,69.82
2024-09-09,93.44,95.16,92.37,92.96,91.03,89.65,84.17,77.26,78.22,84.7985,1,88.2275,1,8218,7951,2.2140,2.2651,-0.0511,66.65
2024-09-10,93.05,93.61,91.12,92.99,91.27,89.82,84.52,77.36,78.26,84.7985,1,88.5048,1,5217,7948,2.2286,2.2578,-0.0292,68.91
2024-09-11,93.00,94.52,91.80,94.40,91.46,90.20,84.94,77.45,78.32,84.7985,1,88.7710,1,5173,7957,2.3272,2.2717,0.0555,71.97
2024-09-12,94.49,95.08,93.64,94.98,91.86,90.75,85.35,77.54,78.37,86.0536,1,89.0266,1,5224,7903,2.4242,2.3022,0.1220,65.47
2024-09-13,95.64,97.38,93.69,97.36,92.60,91.32,85.79,77.65,78.45,86.9518,1,89.2719,1,7740,7982,2.6624,2.3742,0.2881,68.73
2024-09-16,97.87,97.87,94.45,94.46,93.00,91.79,86.14,77.73,78.51,87.4091,1,89.7584,1,5261,7967,2.5873,2.4168,0.1705,64.59
2024-09-17,94.93,95.80,94.54,95.69,93.65,92.27,86.53,77.82,78.57,87.4091,1,90.4073,1,2536,7966,2.5971,2.4529,0.1442,64.11
2024-09-18,95.69,96.82,95.38,95.86,94.31,92.68,86.89,77.92,78.65,88.2180,1,91.0043,1,5665,7971,2.5888,2.4801,0.1087,65.22
2024-09-19,96.42,98.00,95.23,97.79,94.97,93.00,87.25,78.04,78.72,88.6902,1,91.5536,1,17407,8185,2.7067,2.5254,0.1813,67.79
2024-09-20,97.68,97.82,95.12,95.67,95.22,93.16,87.61,78.13,78.79,88.6902,1,92.1982,1,5788,8221,2.5992,2.5402,0.0590,65.12
2024-09-23,97.00,97.00,95.30,95.87,95.51,93.27,87.92,78.25,78.88,88.6902,1,92.7784,1,4956,8113,2.5012,2.5324,-0.0311,66.38
2024-09-24,95.87,97.35,95.33,96.22,95.83,93.55,88.24,78.37,78.96,88.8416,1,93.3006,1,6707,7912,2.4239,2.5107,-0.0868,68.18
2024-09-25,96.18,96.81,95.28,96.35,96.03,93.74,88.52,78.50,79.04,88.8416,1,93.7705,1,2158,7701,2.3461,2.4778,-0.1317,72.38
2024-09-26,97.19,97.41,95.00,95.06,96.03,93.95,88.77,78.62,79.11,88.9950,1,94.1935,1,6198,7666,2.1555,2.4133,-0.2578,70.45
2024-09-27,95.50,96.44,93.36,93.62,95.66,94.13,89.01,78.73,79.18,88.9950,1,98.0000,0,4615,7618,1.8667,2.3040,-0.4373,65.15
2024-09-30,92.88,95.00,92.88,94.76,95.69,94.34,89.30,78.85,79.25,88.9950,1,97.9072,0,5562,7642,1.7101,2.1852,-0.4751,66.48
2024-10-01,94.81,96.60,93.99,96.53,95.77,94.71,89.58,78.98,79.33,88.9950,1,97.7061,0,5213,7663,1.7091,2.0900,-0.3809,70.84
2024-10-02,96.53,97.76,95.71,97.42,95.93,95.12,89.92,79.11,79.42,89.4967,1,92.8800,1,7647,7747,1.7599,2.0240,-0.2641,72.78
2024-10-03,97.07,98.87,96.79,98.12,95.96,95.47,90.31,79.26,79.51,90.6925,1,92.9776,1,6859,7822,1.8354,1.9863,-0.1508,73.24
2024-10-04,98.61,99.41,97.22,99.41,96.34,95.78,90.66,79.41,79.61,91.2342,1,93.2133,1,10349,7912,1.9766,1.9843,-0.0077,73.36
2024-10-07,99.41,99.41,96.11,96.43,96.39,95.95,90.94,79.55,79.70,91.2342,1,93.5851,1,4339,7812,1.8270,1.9529,-0.1259,73.67
2024-10-08,96.00,98.36,96.00,98.14,96.58,96.21,91.22,79.70,79.79,91.2342,1,93.9346,1,5349,7808,1.8253,1.9274,-0.1020,76.38
2024-10-09,97.82,99.77,97.00,98.47,96.80,96.41,91.51,79.85,79.88,91.2342,1,94.2631,1,6292,7807,1.8296,1.9078,-0.0782,76.80
2024-10-10,98.28,98.52,97.07,97.47,97.04,96.54,91.77,80.00,79.97,91.2342,1,94.7037,1,3207,7581,1.7323,1.8727,-0.1404,73.52
2024-10-11,97.98,98.99,97.63,97.85,97.46,96.56,92.10,80.16,80.06,91.4401,1,95.1090,1,2231,7543,1.6666,1.8315,-0.1649,71.19
2024-10-14,98.00,101.01,98.00,99.20,97.90,96.80,92.50,80.33,80.15,92.3781,1,95.4819,1,16219,7802,1.7039,1.8059,-0.1021,72.37
2024-10-15,99.42,100.26,98.96,99.56,98.21,96.99,92.90,80.50,80.24,92.8058,1,96.0347,1,6033,7757,1.7423,1.7932,-0.0509,71.53
2024-10-16,100.02,101.32,99.89,100.59,98.52,97.23,93.24,80.68,80.34,93.9532,1,96.5322,1,8560,7694,1.8348,1.8015,0.0333,69.28
2024-10-17,101.00,105.42,100.71,105.37,99.25,97.61,93.66,80.88,80.46,95.6294,1,97.1067,1,14088,7662,2.2677,1.8948,0.3729,77.76
2024-10-18,105.50,108.14,103.90,105.23,99.83,98.08,94.03,81.09,80.60,98.0560,1,98.2706,1,15669,7715,2.5698,2.0298,0.5400,78.64
2024-10-21,104.63,105.50,103.90,104.89,100.68,98.53,94.37,81.31,80.72,98.0560,1,99.8497,1,5601,7394,2.7501,2.1738,0.5762,79.02
2024-10-22,104.79,107.14,104.14,107.14,101.58,99.08,94.73,81.54,80.86,98.0560,1,101.1761,1,6793,7204,3.0395,2.3470,0.6925,81.08
2024-10-23,107.15,107.54,105.20,105.77,102.31,99.55,95.10,81.77,80.99,98.6623,1,102.2904,1,9350,7165,3.1223,2.5020,0.6203,81.62
2024-10-24,105.77,106.85,105.30,106.10,103.17,100.10,95.55,81.99,81.11,98.6733,1,103.2263,1,7395,7142,3.1779,2.6372,0.5407,80.74
2024-10-25,106.83,111.59,106.45,111.38,104.52,100.99,96.06,82.27,81.27,100.7102,1,104.0125,1,13978,7340,3.6065,2.8310,0.7754,86.08
2024-10-28,111.19,112.34,110.11,111.00,105.70,101.80,96.58,82.54,81.42,103.0790,1,105.3000,1,12055,7493,3.8708,3.0390,0.8318,85.48
2024-10-29,111.09,112.34,109.82,110.25,106.77,102.49,97.06,82.81,81.56,103.0790,1,106.4500,1,14255,7648,3.9740,3.2260,0.7480,84.60
2024-10-30,110.16,111.91,109.57,111.07,107.82,103.17,97.53,83.08,81.71,103.0790,1,107.6280,1,9485,7694,4.0750,3.3958,0.6792,85.29
2024-10-31,110.68,111.28,108.30,108.40,108.12,103.69,97.87,83.33,81.84,103.0790,1,112.3400,0,13442,7666,3.8946,3.4956,0.3991,83.19
2024-11-01,109.35,109.35,106.19,106.46,108.25,104.04,98.15,83.57,81.97,103.0790,1,112.2592,0,4429,7488,3.5542,3.5073,0.0469,80.74
2024-11-04,106.40,107.07,104.59,104.59,108.22,104.45,98.36,83.81,82.09,103.0790,1,112.0164,0,3504,7321,3.0978,3.4254,-0.3276,78.77
2024-11-05,105.50,107.97,105.00,107.35,108.24,104.91,98.70,84.07,82.23,103.0790,1,111.5708,0,8717,7362,2.9251,3.3253,-0.4002,79.95
2024-11-06,108.99,110.90,108.60,109.35,108.59,105.45,99.04,84.34,82.37,103.0790,1,111.1520,0,12203,7514,2.9160,3.2435,-0.3275,73.24
2024-11-07,109.45,110.60,109.39,110.54,109.04,106.10,99.43,84.61,82.53,103.0790,1,110.9000,0,7915,7600,2.9706,3.1889,-0.2183,77.66
2024-11-08,110.54,114.40,110.35,112.86,109.19,106.85,99.89,84.91,82.70,103.8814,1,104.5900,1,18137,7854,3.1645,3.1840,-0.0195,80.18
2024-11-11,113.00,115.97,113.00,115.86,109.67,107.69,100.39,85.22,82.85,105.9074,1,104.7862,1,11146,7905,3.5198,3.2512,0.2686,80.83
2024-11-12,116.41,116.41,113.81,114.49,110.10,108.43,100.90,85.53,83.00,106.6079,1,105.2337,1,11392,8030,3.6487,3.3307,0.3180,81.71
2024-11-13,115.09,116.50,114.54,114.61,110.45,109.14,101.41,85.84,83.15,107.2641,1,105.9043,1,11094,8213,3.7177,3.4081,0.3096,83.09
2024-11-14,115.23,116.95,114.54,116.58,111.27,109.70,101.92,86.17,83.32,107.5924,1,106.7520,1,12078,8378,3.8865,3.5038,0.3828,84.16
2024-11-15,116.74,116.95,114.57,116.51,112.27,110.26,102.38,86.50,83.49,107.7091,1,107.7717,1,10346,8276,3.9689,3.5968,0.3721,84.85
2024-11-18,115.58,116.98,113.81,116.22,113.44,110.83,102.85,86.83,83.66,107.7091,1,108.8731,1,9228,8296,3.9651,3.6705,0.2947,84.50
2024-11-19,116.22,117.04,115.11,117.00,114.40,111.32,103.33,87.17,83.85,108.1185,1,110.0080,1,10156,8395,3.9792,3.7322,0.2470,85.00
2024-11-20,117.00,122.71,116.97,122.71,115.74,112.17,103.89,87.54,84.06,110.9549,1,111.1340,1,14860,8589,4.4003,3.8658,0.5345,89.00
2024-11-21,122.49,123.17,117.10,117.30,116.41,112.73,104.34,87.89,84.24,110.9549,1,113.2176,1,18580,8856,4.2486,3.9424,0.3062,84.77
2024-11-22,117.30,119.00,116.67,117.47,116.88,113.03,104.74,88.24,84.42,110.9549,1,115.2089,1,7224,8845,4.0949,3.9729,0.1220,84.01
2024-11-25,118.52,119.00,116.61,118.10,117.10,113.39,105.21,88.59,84.60,110.9549,1,123.1740,0,12814,8996,3.9780,3.9739,0.0041,84.39
2024-11-26,117.55,118.65,116.08,117.38,117.39,113.74,105.65,88.92,84.77,110.9549,1,123.0427,0,6385,9073,3.7837,3.9359,-0.1522,83.85
2024-11-27,117.27,119.80,117.27,118.43,117.77,114.11,106.10,89.26,84.96,110.9549,1,122.7641,0,14460,9249,3.6721,3.8831,-0.2110,84.96
2024-11-29,118.71,120.79,118.23,118.88,118.00,114.63,106.52,89.60,85.16,110.9549,1,122.4965,0,12625,9154,3.5787,3.8222,-0.2435,85.30
2024-12-02,119.78,120.00,117.95,119.47,118.30,115.28,107.00,89.93,85.35,110.9549,1,122.2397,0,10035,9239,3.5118,3.7601,-0.2483,84.39
2024-12-03,119.47,120.55,118.15,119.57,118.63,116.03,107.47,90.28,85.55,110.9549,1,121.9932,0,11431,9368,3.4273,3.6936,-0.2662,83.24
2024-12-04,119.57,122.71,119.40,122.49,119.18,116.79,108.00,90.65,85.78,112.4567,1,116.0760,1,7153,9377,3.5550,3.6659,-0.1108,86.48
2024-12-05,123.00,126.96,123.00,126.48,119.56,117.65,108.60,91.04,86.03,115.9001,1,116.2088,1,9764,9529,3.9329,3.7193,0.2136,88.31
2024-12-06,126.48,127.35,125.36,126.51,120.48,118.45,109.23,91.42,86.27,117.5901,1,116.6388,1,12499,9655,4.1865,3.8127,0.3738,86.90
2024-12-09,127.13,131.17,125.67,126.45,121.38,119.13,109.88,91.80,86.52,118.8799,1,117.2815,1,11785,9799,4.3327,3.9167,0.4160,88.12
2024-12-10,126.90,130.50,126.90,129.24,122.49,119.79,110.57,92.19,86.78,118.8976,1,118.3928,1,8168,9851,4.6204,4.0574,0.5630,89.80
2024-12-11,130.29,132.22,127.97,131.95,123.95,120.67,111.28,92.60,87.06,119.9986,1,119.4152,1,13129,10009,5.0094,4.2478,0.7615,90.49
2024-12-12,132.05,133.92,128.55,129.48,125.05,121.41,111.92,93.00,87.31,120.5368,1,120.6957,1,7782,10012,5.0600,4.4103,0.6497,89.81
2024-12-13,129.50,132.15,129.50,132.15,126.38,122.19,112.60,93.42,87.59,120.5368,1,122.2826,1,4097,9957,5.2550,4.5792,0.6758,91.26
2024-12-16,132.28,133.63,130.03,133.55,127.79,123.04,113.29,93.85,87.88,121.3636,1,123.6791,1,10577,9961,5.4595,4.7553,0.7043,91.26
2024-12-17,132.96,134.00,130.43,131.18,128.95,123.79,113.98,94.27,88.16,121.7258,1,124.9080,1,11701,10108,5.3685,4.8779,0.4906,91.07
2024-12-18,131.70,132.30,125.51,126.13,129.31,124.25,114.54,94.63,88.41,121.7258,1,134.0000,0,10204,10205,4.8332,4.8690,-0.0358,91.60
2024-12-19,127.31,130.04,126.54,127.20,129.38,124.47,115.12,95.00,88.67,121.7258,1,134.0000,0,8522,10250,4.4440,4.7840,-0.3399,92.21
2024-12-20,126.41,129.33,126.00,127.17,129.45,124.96,115.71,95.36,88.93,121.7258,1,133.8302,0,6613,10318,4.0861,4.6444,-0.5583,91.41
2024-12-23,127.37,130.00,126.50,128.92,129.70,125.54,116.33,95.71,89.20,121.7258,1,133.6638,0,10791,10489,3.8987,4.4953,-0.5965,92.25
2024-12-24,129.00,131.97,128.50,130.83,129.86,126.17,116.96,96.08,89.49,121.7258,1,133.5007,0,14444,10454,3.8599,4.3682,-0.5083,92.32
2024-12-26,130.83,132.80,129.80,132.44,129.90,126.93,117.62,96.46,89.78,121.7258,1,133.3409,0,11045,10554,3.9138,4.2773,-0.3635,91.94
2024-12-27,133.00,134.00,129.00,129.74,129.93,127.49,118.20,96.82,90.06,121.7258,1,125.5100,1,9108,10565,3.6961,4.1611,-0.4649,91.45
2024-12-30,128.61,131.55,127.25,130.96,129.81,128.10,118.72,97.18,90.34,121.7258,1,125.6798,1,8434,10452,3.5812,4.0451,-0.4639,91.83
2024-12-31,130.88,132.19,129.12,130.69,129.53,128.66,119.23,97.53,90.62,121.7258,1,125.8462,1,8312,10305,3.4284,3.9218,-0.4934,91.71
2025-01-02,131.00,133.77,130.45,133.25,129.73,129.34,119.79,97.91,90.93,121.7258,1,126.0093,1,10060,10394,3.4738,3.8322,-0.3584,92.55
2025-01-03,134.00,134.67,131.11,134.10,130.53,129.92,120.33,98.29,91.24,121.7804,1,126.1691,1,11399,10486,3.5376,3.7733,-0.2357,92.02
2025-01-06,134.75,135.23,131.33,131.33,130.94,130.16,120.84,98.66,91.54,122.1131,1,126.5090,1,8129,10462,3.3263,3.6839,-0.3576,91.22
2025-01-07,132.19,132.40,129.16,131.00,131.33,130.39,121.34,99.02,91.83,122.1131,1,127.0322,1,12445,10563,3.0965,3.5664,-0.4699,91.49
2025-01-08,130.88,133.60,129.84,133.20,131.75,130.73,121.78,99.41,92.15,122.1131,1,127.5241,1,13400,10551,3.0567,3.4645,-0.4077,92.06
2025-01-10,132.20,132.20,128.11,128.11,131.48,130.67,122.12,99.75,92.44,122.1131,1,127.9865,1,15309,10616,2.5847,3.2885,-0.7038,91.84
2025-01-13,127.38,127.83,121.74,124.96,130.73,130.32,122.41,100.07,92.71,122.1131,1,135.2300,0,11334,10558,1.9341,3.0176,-1.0835,91.01
2025-01-14,125.80,127.97,125.64,126.96,130.46,130.19,122.73,100.40,92.99,122.1131,1,134.9602,0,7618,10520,1.5619,2.7265,-1.1646,90.93
2025-01-15,128.60,131.09,127.64,130.85,130.45,130.13,123.18,100.76,93.29,122.1131,1,134.6958,0,8545,10423,1.5627,2.4937,-0.9310,91.27
2025-01-16,131.64,134.53,130.78,134.03,130.78,130.15,123.73,101.14,93.61,122.1131,1,121.7400,1,10749,10549,1.7993,2.3548,-0.5555,91.05
2025-01-17,134.27,136.07,133.21,134.63,130.92,130.33,124.33,101.53,93.94,123.0785,1,121.9958,1,15173,10782,2.0120,2.2863,-0.2743,90.78
2025-01-21,134.10,137.16,133.12,134.89,131.00,130.76,124.88,101.91,94.27,123.5242,1,122.5588,1,17239,10953,2.1765,2.2643,-0.0878,90.06
2025-01-22,135.27,139.16,135.27,138.32,131.70,131.32,125.46,102.29,94.62,125.4784,1,123.4350,1,9046,10890,2.5541,2.3223,0.2319,90.90
2025-01-23,138.41,138.68,137.12,137.56,132.35,131.84,126.00,102.66,94.96,126.8687,1,124.6930,1,8611,10904,2.7603,2.4099,0.3504,90.33
2025-01-24,138.18,138.80,137.67,138.32,132.86,132.31,126.51,103.05,95.31,127.9372,1,125.8504,1,5920,10659,2.9510,2.5181,0.4329,90.71
2025-01-27,136.41,138.16,134.60,134.83,133.54,132.51,126.89,103.41,95.64,127.9372,1,126.9151,1,10031,10637,2.7883,2.5721,0.2162,90.98
2025-01-28,134.95,139.00,134.89,138.97,134.94,132.84,127.38,103.80,95.99,127.9372,1,127.8947,1,14536,10700,2.9594,2.6496,0.3098,91.56
2025-01-29,139.01,141.00,137.95,139.53,136.19,133.32,127.88,104.20,96.35,129.0180,1,128.7960,1,17999,10838,3.1044,2.7406,0.3638,91.63
2025-01-30,140.15,142.09,139.21,141.83,137.29,133.87,128.39,104.62,96.72,130.3765,1,130.0164,1,16225,10921,3.3661,2.8657,0.5004,91.33
2025-01-31,141.01,143.07,140.45,140.84,137.97,134.38,128.87,105.04,97.09,131.7258,1,131.4650,1,16028,11034,3.4537,2.9833,0.4705,91.56
2025-02-03,139.69,142.58,138.61,140.88,138.60,134.76,129.37,105.46,97.46,131.7258,1,133.0904,1,8918,11028,3.4863,3.0839,0.4024,92.36
2025-02-04,141.80,143.46,140.52,143.09,139.42,135.21,129.89,105.91,97.85,131.9073,1,134.4882,1,7627,10978,3.6483,3.1968,0.4516,92.47
2025-02-05,143.09,147.00,142.85,146.70,140.26,135.98,130.37,106.40,98.25,134.6052,1,135.9231,1,11105,10903,4.0217,3.3617,0.6599,92.43
2025-02-06,146.75,150.00,146.25,149.61,141.46,136.91,131.01,106.90,98.67,137.7116,1,137.9167,1,14333,10818,4.5005,3.5895,0.9110,93.80
2025-02-07,150.09,161.35,149.93,157.56,143.38,138.12,131.81,107.45,99.13,142.7483,1,140.3334,1,30898,11291,5.4586,3.9633,1.4953,94.67
2025-02-10,158.61,164.82,158.06,159.35,145.84,139.69,132.64,108.00,99.60,147.6596,1,144.5367,1,22500,11485,6.2898,4.4286,1.8612,94.90
2025-02-11,158.72,160.79,149.12,149.89,146.93,140.93,133.29,108.49,100.01,147.6596,1,148.5944,1,23038,11818,6.1147,4.7658,1.3488,94.25
2025-02-12,149.52,154.85,148.41,154.28,148.40,142.30,134.01,109.00,100.45,147.6596,1,164.8250,0,14178,11812,6.2580,5.0642,1.1937,94.71
2025-02-13,155.10,160.99,155.05,160.98,150.32,143.80,134.85,109.54,100.91,147.6596,1,164.4967,0,17853,11917,6.8334,5.4181,1.4154,94.75
2025-02-14,160.24,161.01,156.28,157.04,151.94,144.96,135.60,110.07,101.35,147.6596,1,164.1750,0,15280,12022,6.8921,5.7129,1.1792,94.18
2025-02-18,157.83,159.81,154.55,156.55,153.50,146.05,136.34,110.58,101.79,147.6596,1,163.8597,0,21119,12215,6.8205,5.9344,0.8861,93.87
2025-02-19,155.10,157.49,154.01,156.54,154.85,147.13,137.02,111.08,102.24,147.6596,1,163.5507,0,17251,12417,6.6858,6.0847,0.6011,94.25
2025-02-20,156.52,157.60,152.12,154.42,155.62,147.94,137.58,111.57,102.67,147.6596,1,163.2480,0,12462,12471,6.3350,6.1347,0.2002,94.21
2025-02-21,155.00,156.00,145.60,146.11,155.27,148.37,137.97,111.99,103.06,167.8765,0,162.9512,0,14377,12509,5.3250,5.9728,-0.6478,93.95
2025-02-24,148.40,149.00,143.51,145.83,154.10,148.74,138.36,112.42,103.44,163.5162,0,162.2572,0,11477,12503,4.4507,5.6684,-1.2177,94.86
2025-02-25,146.50,147.66,142.39,145.41,152.70,149.27,138.68,112.85,103.81,162.1412,0,161.1326,0,8114,12502,3.6815,5.2710,-1.5895,95.62
2025-02-26,145.63,149.96,144.49,149.33,152.65,149.79,139.03,113.30,104.21,162.1412,0,159.6332,0,14828,12536,3.3496,4.8867,-1.5371,95.58
2025-02-27,149.94,150.30,143.58,144.74,151.69,150.05,139.34,113.73,104.59,162.1412,0,158.2538,0,13229,12645,2.6852,4.4464,-1.7612,95.54
2025-02-28,143.42,147.66,143.22,147.07,150.30,150.31,139.63,114.18,104.98,162.1412,0,156.9847,0,15810,12879,2.3200,4.0211,-1.7012,95.58
2025-03-03,147.21,151.87,145.06,145.86,149.19,150.56,139.88,114.61,105.36,162.1412,0,155.8171,0,14032,12948,1.9109,3.5991,-1.6882,95.85
2025-03-04,144.01,145.00,135.10,140.24,147.56,150.53,140.06,114.99,105.71,158.8492,0,154.7429,0,15174,13017,1.1202,3.1033,-1.9831,94.82
2025-03-05,140.32,145.71,138.97,143.91,146.29,150.57,140.42,115.39,106.08,158.8492,0,152.7786,0,17140,13156,0.7808,2.6388,-1.8580,95.05
2025-03-06,140.89,142.20,136.35,137.39,144.59,150.11,140.62,115.75,106.41,158.5924,0,151.0108,0,10263,13191,-0.0142,2.1082,-2.1224,94.75
2025-03-07,137.39,140.13,131.54,135.10,143.49,149.38,140.78,116.09,106.71,155.7912,0,149.4197,0,8646,13232,-0.8195,1.5227,-2.3422,93.73
2025-03-10,131.31,132.46,126.32,127.81,141.69,147.89,140.76,116.40,106.97,149.9859,0,147.2741,0,13906,13294,-2.0227,0.8136,-2.8363,93.12
2025-03-11,128.48,129.83,126.31,127.07,139.85,146.28,140.68,116.72,107.23,147.6637,0,144.3406,0,9606,13197,-3.0013,0.0506,-3.0519,92.82
2025-03-12,131.11,131.85,125.00,125.20,137.44,145.04,140.54,117.02,107.48,147.6637,0,141.4549,0,7963,13136,-3.8830,-0.7361,-3.1469,91.57
2025-03-13,125.62,125.62,120.10,122.16,135.18,143.44,140.39,117.28,107.71,142.2370,0,138.4930,0,10396,13161,-4.7721,-1.5433,-3.2288,90.70
2025-03-14,124.87,129.71,124.00,126.89,133.16,141.73,140.30,117.56,107.96,142.2370,0,134.8144,0,11395,13220,-5.0369,-2.2420,-2.7949,91.65
2025-03-17,127.47,134.99,127.46,132.75,131.85,140.52,140.35,117.87,108.24,142.2370,0,120.1000,1,12319,13301,-4.7196,-2.7376,-1.9820,92.64
2025-03-18,132.22,132.92,130.59,132.63,131.09,139.32,140.33,118.17,108.51,142.2370,0,120.3978,1,9629,13292,-4.4267,-3.0754,-1.3513,92.94
2025-03-19,132.63,138.50,132.63,136.70,130.37,138.33,140.39,118.48,108.81,142.2370,0,120.6896,1,7724,13219,-3.8222,-3.2247,-0.5974,93.62
2025-03-20,135.01,138.28,132.87,135.47,130.18,137.38,140.47,118.81,109.11,142.2370,0,121.4020,1,11989,13296,-3.4030,-3.2604,-0.1426,94.00
2025-03-21,135.47,135.47,131.27,134.05,130.07,136.78,140.53,119.14,109.40,142.2370,0,122.0858,1,5737,13162,-3.1492,-3.2382,0.0890,93.58
2025-03-24,136.07,139.78,136.07,138.96,131.19,136.44,140.64,119.49,109.72,142.2370,0,122.7423,1,11006,13114,-2.5227,-3.0951,0.5723,93.85
2025-03-25,138.96,142.35,138.66,141.39,132.62,136.24,140.91,119.87,110.04,142.2370,0,123.7646,1,7253,12953,-1.8093,-2.8379,1.0286,94.61
2025-03-26,141.39,143.62,139.00,139.93,134.09,135.77,141.21,120.23,110.35,142.2370,0,125.2518,1,5555,12837,-1.3462,-2.5396,1.1934,94.95
2025-03-27,139.00,139.90,136.68,138.05,135.68,135.43,141.43,120.56,110.66,142.2370,0,127.0888,1,8959,12864,-1.1180,-2.2553,1.1372,94.53
2025-03-28,137.49,138.57,130.48,131.63,136.16,134.66,141.45,120.83,110.93,142.2370,0,128.7421,1,8161,12856,-1.4386,-2.0919,0.6533,93.82
2025-03-31,128.89,132.46,125.20,132.17,136.10,133.98,141.41,121.10,111.21,142.2370,0,143.6220,0,6318,12768,-1.6304,-1.9996,0.3693,94.01
2025-04-01,130.61,134.65,130.61,133.51,136.19,133.64,141.39,121.36,111.49,142.2370,0,143.2536,0,6182,12588,-1.6551,-1.9307,0.2756,94.31
2025-04-02,131.01,138.08,131.01,137.56,136.27,133.32,141.44,121.67,111.79,142.2370,0,142.8925,0,6204,12367,-1.3325,-1.8111,0.4785,94.54
2025-04-03,130.51,132.10,127.61,127.61,135.49,132.83,141.23,121.91,112.02,142.2370,0,142.5386,0,9469,12375,-1.8584,-1.8205,-0.0378,93.63
2025-04-04,122.67,123.43,115.99,118.29,133.91,131.99,140.84,122.09,112.21,139.9065,0,142.1919,0,9854,12400,-2.9922,-2.0549,-0.9374,93.18
2025-04-07,116.66,125.14,112.00,115.02,131.52,131.35,140.37,122.26,112.38,139.9065,0,141.1439,0,14216,12566,-4.1077,-2.4655,-1.6423,92.77
2025-04-08,121.58,121.94,111.85,114.08,128.79,130.70,139.96,122.42,112.55,139.8323,0,139.3952,0,8602,12538,-5.0099,-2.9743,-2.0356,92.99
2025-04-09,113.72,130.51,112.10,129.88,127.78,130.94,139.78,122.69,112.80,139.8323,0,137.1916,0,14261,12532,-4.3992,-3.2593,-1.1399,95.19
2025-04-10,126.76,126.76,118.25,122.33,126.21,130.95,139.43,122.91,113.01,139.8323,0,135.1643,0,12527,12423,-4.4729,-3.5020,-0.9709,93.94
2025-04-11,123.07,128.09,121.00,126.38,125.68,130.92,139.12,123.14,113.25,139.8323,0,133.2991,0,14243,12383,-4.1566,-3.6330,-0.5237,94.55
2025-04-14,130.05,130.05,125.48,127.99,125.27,130.68,138.87,123.37,113.50,139.8323,0,131.5832,0,11366,12290,-3.7330,-3.6530,-0.0800,93.75
2025-04-15,127.87,129.68,126.34,128.91,124.81,130.50,138.63,123.61,113.75,139.8323,0,130.0500,0,9294,12297,-3.2852,-3.5794,0.2942,93.49
2025-04-16,126.68,128.24,124.99,126.00,123.65,129.96,138.29,123.83,114.01,139.8323,0,130.0500,0,6779,12280,-3.1290,-3.4893,0.3603,92.96
2025-04-17,127.87,129.80,126.00,129.05,123.79,129.64,137.93,124.06,114.28,139.8323,0,111.8500,1,5601,12170,-2.7277,-3.3370,0.6093,93.72
2025-04-21,128.80,128.80,125.81,126.62,124.63,129.27,137.47,124.28,114.54,139.8323,0,112.2090,1,5521,11994,-2.5760,-3.1848,0.6088,93.46
2025-04-22,128.00,134.30,128.00,132.93,126.42,128.97,136.98,124.51,114.83,139.8323,0,112.5608,1,9425,11565,-1.9245,-2.9327,1.0083,94.62
2025-04-23,137.00,142.20,136.53,137.32,128.74,128.76,136.54,124.80,115.13,139.8323,0,113.4305,1,12414,11363,-1.0419,-2.5546,1.5127,94.62
2025-04-24,138.90,143.32,137.46,142.42,130.00,128.89,136.39,125.11,115.47,119.4889,1,115.1567,1,14000,11182,0.0683,-2.0300,2.0983,94.96
2025-04-25,142.27,146.20,142.05,143.88,132.15,129.18,136.18,125.43,115.79,124.0711,1,117.4093,1,8403,11067,1.0538,-1.4132,2.4671,95.15
2025-04-28,144.40,147.05,140.50,145.86,134.10,129.89,135.88,125.75,116.12,124.0711,1,120.2883,1,5528,10820,1.9719,-0.7362,2.7081,95.23
2025-04-29,146.36,146.62,143.74,144.40,135.74,130.50,135.63,126.08,116.46,126.3010,1,123.4994,1,10108,10717,2.5522,-0.0785,2.6307,94.85
2025-04-30,142.09,143.44,138.99,142.83,137.13,130.97,135.35,126.39,116.77,126.3010,1,126.3251,1,9555,10485,2.8526,0.5077,2.3449,94.70
2025-05-01,142.80,145.00,141.57,141.85,138.72,131.18,135.06,126.69,117.08,126.3010,1,128.8117,1,8979,10320,2.9768,1.0015,1.9753,94.63
2025-05-02,143.13,146.96,142.41,145.62,140.37,132.08,134.88,127.02,117.40,127.1482,1,130.9999,1,12319,10317,3.3414,1.4695,1.8719,94.48
2025-05-05,145.27,149.74,145.00,148.73,142.58,133.60,134.94,127.38,117.73,130.1663,1,132.9256,1,9206,10214,3.8370,1.9430,1.8940,95.57
2025-05-06,146.64,149.31,146.00,148.86,144.18,135.30,135.00,127.75,118.06,131.1786,1,135.2796,1,7413,10132,4.1920,2.3928,1.7992,95.38
2025-05-07,148.44,152.10,148.44,151.11,145.56,137.15,135.11,128.12,118.42,134.3433,1,137.3041,1,7072,10112,4.6018,2.8346,1.7672,94.89
2025-05-08,153.36,157.99,152.49,155.67,146.88,138.44,135.24,128.52,118.78,138.8419,1,139.6714,1,11271,10040,5.2342,3.3145,1.9197,95.23
2025-05-09,155.91,157.25,153.83,156.07,148.10,140.12,135.46,128.91,119.16,139.7557,1,142.9688,1,5665,9889,5.7019,3.7920,1.9099,95.57
2025-05-12,159.24,161.00,156.34,160.21,149.53,141.82,135.73,129.32,119.57,142.9847,1,145.6726,1,23279,10038,6.3336,4.3003,2.0333,95.38
2025-05-13,160.00,164.80,159.90,163.61,151.46,143.60,136.08,129.75,119.98,146.7637,1,148.7381,1,25392,10266,7.0276,4.8458,2.1819,95.16
2025-05-14,163.90,169.50,162.49,169.35,154.11,145.62,136.66,130.24,120.41,149.8675,1,151.9505,1,22727,10417,7.9492,5.4665,2.4827,95.76
2025-05-15,168.96,172.46,167.81,170.25,156.95,147.83,137.19,130.72,120.84,154.2240,1,155.4604,1,18132,10437,8.6524,6.1036,2.5487,95.99
2025-05-16,171.77,181.14,171.77,176.00,159.99,150.18,137.96,131.23,121.30,158.8695,1,158.8593,1,20187,10635,9.5634,6.7956,2.7678,96.48
2025-05-19,174.00,180.66,174.00,180.28,163.14,152.86,138.87,131.79,121.78,159.5050,1,163.3154,1,25636,10975,10.5096,7.5384,2.9712,96.44
2025-05-20,179.83,184.83,179.69,183.07,166.56,155.37,139.97,132.35,122.29,164.6751,1,166.8803,1,30133,11299,11.3537,8.3015,3.0523,96.93
2025-05-21,182.94,185.00,177.01,177.89,169.24,157.40,140.99,132.88,122.78,164.6751,1,170.4699,1,32910,11765,11.4725,8.9357,2.5368,96.67
2025-05-22,176.13,177.00,172.09,172.24,170.90,158.89,141.93,133.36,123.25,164.6751,1,185.0000,0,28128,12169,10.9845,9.3454,1.6390,96.21
2025-05-23,168.67,171.50,168.29,169.00,172.19,160.15,142.87,133.82,123.67,164.6751,1,185.0000,0,20888,12379,10.2181,9.5200,0.6981,95.46
2025-05-27,172.39,173.41,155.18,156.61,171.83,160.68,143.46,134.16,124.04,185.5251,0,184.3316,0,44790,13047,8.5128,9.3185,-0.8057,92.91
2025-05-28,161.50,170.73,161.46,166.70,172.14,161.80,144.14,134.57,124.44,185.5251,0,182.5826,0,36557,13531,7.8847,9.0318,-1.1471,94.75
2025-05-29,169.63,172.90,163.71,164.97,171.70,162.90,144.79,134.97,124.82,185.5251,0,180.9385,0,25504,13849,7.1647,8.6583,-1.4937,93.92
2025-05-30,164.72,166.49,162.31,165.89,171.27,164.11,145.37,135.36,125.20,185.5251,0,179.3930,0,26144,14217,6.5923,8.2451,-1.6528,94.53
2025-06-02,163.01,164.00,159.00,160.58,169.72,164.85,145.87,135.73,125.57,183.9460,0,177.9403,0,28294,14543,5.6452,7.7251,-2.0800,93.25
2025-06-03,162.26,162.26,156.73,157.22,167.42,165.28,146.34,136.07,125.94,181.3554,0,176.5747,0,16162,14752,4.5707,7.0943,-2.5235,91.52
2025-06-04,156.53,158.86,151.63,152.26,164.34,165.45,146.60,136.34,126.27,177.0852,0,175.2911,0,20266,14937,3.2812,6.3316,-3.0505,90.39
2025-06-05,153.40,156.24,151.60,154.97,162.04,165.64,146.87,136.63,126.62,174.9699,0,173.3982,0,20503,15202,2.4496,5.5552,-3.1056,91.07
2025-06-06,155.50,158.07,153.54,155.93,160.41,165.66,147.19,136.94,126.97,174.9699,0,171.2184,0,14205,15375,1.8468,4.8136,-2.9667,91.18
2025-06-09,155.95,157.67,148.34,149.44,158.46,165.32,147.42,137.19,127.28,174.0784,0,169.2566,0,23716,15670,0.8357,4.0180,-3.1822,89.45
2025-06-10,150.00,153.02,148.72,152.46,158.04,164.94,147.84,137.49,127.58,171.1256,0,166.7466,0,16710,15841,0.2750,3.2694,-2.9944,91.11
2025-06-11,152.50,153.82,144.32,146.25,156.00,164.07,148.12,137.75,127.85,170.1476,0,164.5378,0,21016,16135,-0.6629,2.4829,-3.1458,88.48
2025-06-12,147.90,152.94,146.25,152.32,154.73,163.22,148.50,138.07,128.15,170.1476,0,161.7073,0,18111,16374,-0.9059,1.8052,-2.7111,90.58
2025-06-13,150.00,151.00,145.94,147.05,152.85,162.06,148.69,138.34,128.43,169.2644,0,159.2731,0,12749,16505,-1.5064,1.1429,-2.6492,89.68
2025-06-16,150.90,158.47,150.51,151.81,151.97,160.85,149.17,138.62,128.72,169.2644,0,144.3200,1,26612,16847,-1.5799,0.5983,-2.1782,90.78
2025-06-17,153.90,157.20,149.00,150.25,151.27,159.35,149.81,138.88,129.02,169.2644,0,144.6030,1,24596,17142,-1.7440,0.1298,-1.8739,90.78
2025-06-18,149.12,150.07,138.70,140.43,150.09,157.21,150.32,139.07,129.27,167.9969,0,158.4710,0,34686,17552,-2.6361,-0.4233,-2.2127,86.80
2025-06-20,140.90,142.76,137.00,138.29,148.42,155.23,150.80,139.22,129.51,162.8569,0,158.0756,0,20190,17783,-3.4756,-1.0338,-2.4418,85.78
2025-06-23,139.44,142.50,137.00,141.54,146.98,153.70,151.03,139.40,129.77,162.0810,0,157.2326,0,23878,17976,-3.8346,-1.5940,-2.2406,85.74
2025-06-24,143.47,147.14,143.35,145.18,146.56,152.51,151.49,139.60,130.05,162.0810,0,156.4232,0,28614,18298,-3.7821,-2.0316,-1.7505,86.42
2025-06-25,145.40,145.85,141.12,143.14,145.63,151.83,151.83,139.78,130.31,162.0810,0,155.6463,0,17420,18361,-3.8602,-2.3973,-1.4629,85.49
2025-06-26,144.00,146.42,142.28,144.60,145.46,150.73,152.16,139.97,130.57,162.0810,0,154.9005,0,20909,18552,-3.7610,-2.6700,-1.0909,84.81
2025-06-27,144.53,145.20,141.60,144.06,144.63,149.68,152.46,140.15,130.83,162.0810,0,154.1844,0,211869,22603,-3.6834,-2.8727,-0.8107,85.22
2025-06-30,144.60,146.33,143.08,146.05,144.53,148.69,152.86,140.35,131.09,162.0810,0,153.4971,0,27341,23015,-3.4219,-2.9826,-0.4394,85.37
2025-07-01,145.00,146.30,141.90,141.94,143.55,147.76,153.12,140.47,131.33,161.8695,0,152.8372,0,32050,23544,-3.5059,-3.0872,-0.4187,82.44
2025-07-02,143.14,144.94,137.23,139.53,142.48,146.87,153.38,140.62,131.55,159.3873,0,152.2037,0,31269,24059,-3.7241,-3.2146,-0.5095,78.99
2025-07-03,142.39,144.59,141.73,143.33,142.77,146.43,153.59,140.79,131.78,159.3873,0,151.5956,0,47199,24814,-3.5494,-3.2816,-0.2678,81.06
2025-07-07,142.21,144.43,139.45,139.45,142.88,145.65,153.63,140.94,132.01,159.3873,0,151.0117,0,18366,24933,-3.6816,-3.3616,-0.3200,79.41
2025-07-08,140.51,143.44,138.85,142.88,143.02,145.00,153.64,141.11,132.24,158.4398,0,150.4513,0,20918,25072,-3.4696,-3.3832,-0.0864,81.70
2025-07-09,142.56,145.94,141.13,143.52,142.85,144.70,153.63,141.27,132.48,158.4398,0,149.9132,0,16347,25230,-3.2129,-3.3491,0.1362,80.39
2025-07-10,144.06,145.84,142.60,145.41,143.08,144.35,153.62,141.45,132.72,158.4398,0,149.3967,0,12898,25378,-2.8244,-3.2442,0.4198,82.23
2025-07-11,145.42,146.50,143.04,145.36,143.15,144.31,153.64,141.62,132.97,158.4398,0,148.9008,0,15161,25479,-2.4918,-3.0937,0.6019,82.23
2025-07-14,145.93,152.82,145.25,152.64,144.01,144.32,153.84,141.84,133.25,158.4398,0,137.0000,1,30665,25901,-1.6221,-2.7994,1.1773,85.28
2025-07-15,152.64,156.26,150.80,155.64,144.97,144.75,154.11,142.06,133.55,158.4398,0,137.3164,1,22864,26179,-0.6829,-2.3761,1.6932,86.93
2025-07-16,156.00,159.35,153.53,159.33,146.71,145.13,154.39,142.28,133.86,139.9402,1,138.0741,1,23947,26411,0.3550,-1.8299,2.1849,87.94
2025-07-17,159.98,172.98,159.82,171.42,149.90,146.19,154.84,142.58,134.24,147.4550,1,139.3507,1,56809,27363,2.1287,-1.0382,3.1668,90.00
2025-07-18,173.73,179.05,172.00,178.85,153.45,148.11,155.44,142.93,134.67,156.1869,1,142.0410,1,47234,28160,4.0867,-0.0132,4.0999,91.65
2025-07-21,178.85,182.68,175.72,176.84,157.19,150.04,155.96,143.25,135.08,159.7085,1,145.7419,1,51956,29057,5.4139,1.0722,4.3416,90.60
2025-07-22,175.00,176.52,165.00,166.27,159.53,151.27,156.17,143.48,135.43,159.7085,1,150.1745,1,33420,29500,5.5488,1.9675,3.5812,87.83
2025-07-23,165.97,171.12,165.97,169.34,162.11,152.48,156.43,143.74,135.79,159.7085,1,154.0752,1,16511,29717,5.8361,2.7412,3.0949,87.68
2025-07-24,171.40,171.91,168.69,170.55,164.62,153.85,156.64,144.00,136.15,159.7085,1,157.5077,1,16731,29586,6.0913,3.4113,2.6800,87.27
2025-07-25,170.73,172.88,167.07,172.73,167.36,155.26,156.82,144.26,136.52,159.7085,1,160.5284,1,17567,29430,6.3957,4.0081,2.3876,87.30
2025-07-28,173.89,177.09,171.33,175.58,169.66,156.83,156.95,144.56,136.91,159.7085,1,163.1866,1,21526,29406,6.7887,4.5643,2.2244,88.65
2025-07-29,176.95,180.76,175.55,179.21,172.01,158.49,157.13,144.91,137.32,159.7085,1,165.5258,1,23853,29520,7.3087,5.1131,2.1956,90.00
2025-07-30,180.00,180.35,174.62,177.18,173.80,160.25,157.15,145.24,137.71,159.7085,1,167.5843,1,18055,29478,7.4710,5.5847,1.8863,89.67
2025-07-31,178.54,186.23,176.99,185.82,175.24,162.57,157.26,145.64,138.15,162.1392,1,169.3958,1,43518,29835,8.2018,6.1081,2.0937,92.37
2025-08-01,181.50,184.26,177.65,182.17,175.57,164.51,157.24,145.99,138.58,162.1392,1,171.7526,1,28218,29797,8.3901,6.5645,1.8256,92.33
2025-08-04,184.27,191.98,184.27,188.00,176.68,166.94,157.44,146.37,139.02,167.2055,1,173.7794,1,27899,29697,8.9071,7.0330,1.8741,92.04
2025-08-05,188.59,189.90,185.00,188.75,178.93,169.23,157.77,146.75,139.47,167.2055,1,176.6910,1,18724,29509,9.2705,7.4805,1.7900,91.40
2025-08-06,190.40,194.01,189.00,190.14,181.01,171.56,158.20,147.15,139.91,171.6604,1,179.1368,1,27057,29632,9.5605,7.8965,1.6639,91.74
2025-08-07,190.41,192.71,185.00,185.95,182.55,173.59,158.78,147.52,140.32,171.6604,1,181.8140,1,22426,29185,9.3444,8.1861,1.1583,90.58
2025-08-08,187.31,187.48,176.87,178.29,183.11,175.23,159.02,147.83,140.68,171.6604,1,194.0100,0,23249,28919,8.4576,8.2404,0.2172,87.50
2025-08-11,180.90,181.15,172.58,175.00,183.05,176.35,159.22,148.11,141.03,171.6604,1,193.6672,0,39638,29201,7.4040,8.0731,-0.6691,86.04
2025-08-12,175.30,182.00,174.50,180.67,183.20,177.60,159.51,148.42,141.40,171.6604,1,192.8237,0,19711,29073,6.9464,7.8478,-0.9013,85.93
2025-08-13,181.00,182.00,174.14,174.15,182.89,178.35,159.78,148.71,141.74,171.6604,1,192.0140,0,17293,28853,5.9887,7.4760,-1.4873,82.45
2025-08-14,172.16,175.50,171.06,172.86,181.60,178.42,160.10,148.99,142.08,171.6604,1,191.2366,0,10665,28743,5.0672,6.9942,-1.9271,80.39
2025-08-15,173.96,174.99,171.06,171.89,180.57,178.07,160.49,149.24,142.38,171.6604,1,190.0260,0,9471,28527,4.2100,6.4374,-2.2273,81.47
2025-08-18,172.40,176.45,171.50,172.86,179.06,177.87,160.85,149.54,142.69,171.6604,1,188.8880,0,24442,28606,3.5679,5.8635,-2.2956,81.55
2025-08-19,172.17,173.82,167.70,169.23,177.10,178.02,161.11,149.84,142.98,190.3057,0,187.8184,0,15958,28641,2.7346,5.2377,-2.5031,80.80
2025-08-20,168.86,174.33,164.02,173.53,175.44,178.23,161.59,150.15,143.29,189.8587,0,186.2089,0,22576,28618,2.3935,4.6689,-2.2753,83.31
2025-08-21,173.31,178.06,171.58,174.95,174.34,178.45,162.04,150.44,143.63,189.8587,0,183.9900,0,14363,28571,2.2123,4.1776,-1.9652,83.98
2025-08-22,174.37,178.35,171.17,174.05,173.92,178.51,162.60,150.71,143.97,189.8587,0,181.9930,0,18188,28514,1.9734,3.7367,-1.7633,82.71
2025-08-25,174.00,175.44,170.99,171.60,173.58,178.31,162.99,150.96,144.30,189.8587,0,180.1957,0,14603,28444,1.5682,3.3030,-1.7348,79.26
2025-08-26,171.85,175.79,170.10,174.49,172.96,178.08,163.53,151.22,144.64,189.8587,0,178.5781,0,17746,28544,1.4635,2.9351,-1.4717,80.72
2025-08-27,173.91,177.00,173.17,173.95,172.94,177.92,163.98,151.46,144.96,189.8587,0,177.1223,0,16421,28340,1.3216,2.6124,-1.2908,79.49
2025-08-28,174.28,176.33,173.80,175.40,173.19,177.40,164.48,151.71,145.28,189.8587,0,177.0000,0,16681,28182,1.3111,2.3522,-1.0410,80.65
2025-08-29,175.21,175.99,170.63,170.92,173.10,176.83,165.09,151.93,145.57,189.8587,0,177.0000,0,15571,27800,0.9306,2.0678,-1.1373,80.31
2025-09-02,167.50,174.55,164.12,174.27,173.24,176.15,165.81,152.19,145.87,188.2494,0,176.3260,0,21958,27835,0.8890,1.8321,-0.9430,83.03
2025-09-03,177.03,181.88,169.65,172.69,173.59,175.34,166.43,152.41,146.16,188.2494,0,164.0200,1,25696,27871,0.7203,1.6097,-0.8894,82.43
2025-09-04,173.12,175.09,171.27,172.38,173.47,174.46,166.98,152.63,146.45,188.2494,0,164.1220,1,9171,27483,0.5552,1.3988,-0.8436,81.72
2025-09-05,173.06,173.98,165.12,169.46,172.92,173.63,167.50,152.82,146.71,188.2494,0,164.4772,1,14862,27431,0.1866,1.1564,-0.9698,81.38
2025-09-08,171.42,171.42,160.77,161.21,171.64,172.78,167.84,152.95,146.93,187.6959,0,181.8840,0,18797,27389,-0.7625,0.7726,-1.5351,74.16
2025-09-09,163.90,167.69,163.90,166.84,171.16,172.37,168.29,153.13,147.19,187.1766,0,181.4617,0,16133,23474,-1.0482,0.4084,-1.4567,79.32
2025-09-10,167.00,168.75,164.80,165.67,170.28,171.62,168.68,153.28,147.43,187.1766,0,181.0479,0,15407,23236,-1.3535,0.0561,-1.4095,77.41
2025-09-11,165.67,166.20,160.07,161.89,169.07,171.01,169.08,153.38,147.63,183.3604,0,180.6423,0,18002,22955,-1.8788,-0.3309,-1.5479,73.16
2025-09-12,162.21,165.40,160.95,164.69,168.00,170.60,169.59,153.48,147.86,182.7137,0,179.8193,0,13966,22609,-2.0456,-0.6738,-1.3717,75.18
2025-09-15,164.90,168.82,163.80,164.91,167.40,170.25,170.02,153.53,148.10,182.7137,0,179.0291,0,16672,21998,-2.1354,-0.9661,-1.1692,75.48
2025-09-16,163.88,167.81,163.59,165.97,166.57,169.91,170.55,153.57,148.34,182.7137,0,178.2706,0,12448,21880,-2.0968,-1.1923,-0.9045,78.69
2025-09-17,166.00,171.70,165.90,168.83,166.19,169.89,171.07,153.70,148.60,182.7137,0,177.5424,0,19584,21853,-1.8146,-1.3167,-0.4978,79.96
2025-09-18,169.71,172.59,166.41,166.43,165.59,169.53,171.53,153.78,148.84,182.7137,0,176.8434,0,17059,21867,-1.7642,-1.4062,-0.3580,75.07
2025-09-19,167.52,169.99,165.00,169.89,165.63,169.28,172.01,153.84,149.09,182.7137,0,176.1723,0,18637,21982,-1.4287,-1.4107,-0.0179,77.46
2025-09-22,170.00,171.86,165.33,167.45,166.26,168.95,172.46,153.91,149.33,182.7137,0,175.5280,0,18235,22044,-1.3441,-1.3974,0.0533,75.72
2025-09-23,167.77,172.90,167.77,171.40,166.71,168.94,172.83,154.01,149.59,182.7137,0,174.9095,0,18613,21803,-0.9479,-1.3075,0.3596,78.18
2025-09-24,172.62,176.41,167.91,170.04,167.15,168.71,173.12,154.10,149.83,182.7137,0,160.0660,1,20932,21764,-0.7347,-1.1929,0.4582,78.14
2025-09-25,167.56,171.26,167.56,170.73,168.03,168.55,173.35,154.21,150.05,182.7137,0,160.3929,1,11285,21511,-0.5043,-1.0552,0.5509,78.22
2025-09-26,171.21,174.49,170.08,173.56,168.92,168.46,173.39,154.39,150.28,182.7137,0,160.7132,1,13260,20640,-0.0922,-0.8626,0.7704,79.86
2025-09-29,175.00,176.87,171.30,172.97,169.73,168.56,173.27,154.57,150.52,182.7137,0,161.0272,1,23351,20162,0.1846,-0.6532,0.8377,80.65
2025-09-30,176.10,177.15,170.45,172.13,170.34,168.46,173.18,154.75,150.73,182.7137,0,161.6607,1,19313,19509,0.3323,-0.4561,0.7884,80.21
2025-10-01,169.82,172.57,166.06,166.31,170.09,168.14,173.18,154.86,150.90,182.7137,0,162.5900,1,17562,19192,-0.0200,-0.3689,0.3489,76.63
2025-10-02,169.11,174.72,165.67,172.67,170.71,168.15,173.25,155.05,151.12,182.7137,0,163.4636,1,30718,19476,0.2116,-0.2528,0.4644,79.21
2025-10-03,172.06,173.00,168.22,170.81,170.81,168.22,173.25,155.21,151.31,182.7137,0,164.2848,1,25058,19643,0.2422,-0.1538,0.3960,78.01
2025-10-06,171.07,172.15,168.00,168.18,170.88,168.57,173.16,155.35,151.49,182.7137,0,165.0567,1,11335,19518,0.0533,-0.1124,0.1656,75.14
2025-10-07,168.08,170.36,164.05,170.11,170.75,168.73,173.05,155.55,151.68,182.7137,0,177.1500,0,29123,19670,0.0590,-0.0781,0.1371,76.41
2025-10-08,170.15,170.67,165.50,169.29,170.68,168.91,172.85,155.72,151.90,182.7137,0,176.8881,0,27357,19740,-0.0026,-0.0630,0.0604,73.47
2025-10-09,170.10,174.36,169.81,170.83,170.69,169.36,172.73,155.95,152.11,182.7137,0,176.6314,0,34542,20070,0.0720,-0.0360,0.1080,74.03
2025-10-10,171.02,173.00,163.02,163.32,169.66,169.29,172.28,156.13,152.30,182.7137,0,176.3799,0,31733,19834,-0.4695,-0.1227,-0.3468,70.67
2025-10-13,168.00,170.47,166.41,169.77,169.34,169.53,172.03,156.41,152.50,182.7137,0,175.8455,0,15160,19573,-0.3738,-0.1729,-0.2009,71.13
2025-10-14,168.55,172.68,167.24,171.98,169.33,169.83,171.71,156.71,152.71,182.7137,0,175.3325,0,22856,19472,-0.1183,-0.1620,0.0437,67.54
2025-10-15,172.24,174.95,169.65,169.69,169.66,169.88,171.33,157.01,152.89,182.7137,0,163.0200,1,24758,19593,-0.0995,-0.1495,0.0500,65.02
2025-10-16,170.90,172.00,163.70,165.45,168.94,169.83,170.83,157.30,153.07,182.7137,0,163.2586,1,20367,19459,-0.4218,-0.2040,-0.2178,65.80
2025-10-17,167.90,167.90,161.41,162.29,168.09,169.45,170.36,157.53,153.23,182.7137,0,174.9500,0,15450,19320,-0.9216,-0.3475,-0.5741,61.37
2025-10-20,162.90,164.80,158.38,159.12,167.18,169.03,169.98,157.71,153.37,180.6975,0,174.6792,0,13271,19120,-1.5556,-0.5891,-0.9665,54.64
2025-10-21,159.64,159.64,154.94,155.41,165.71,168.23,169.58,157.86,153.48,175.8950,0,174.0274,0,15976,18647,-2.3305,-0.9374,-1.3931,51.62
2025-10-22,156.40,156.50,151.24,153.65,164.15,167.41,169.04,157.98,153.58,172.1925,0,172.8821,0,13306,18519,-3.0515,-1.3602,-1.6913,49.83
2025-10-23,153.65,156.46,153.06,154.86,162.55,166.62,168.66,158.10,153.70,172.1925,0,171.1508,0,12683,18426,-3.4850,-1.7852,-1.6999,48.34
2025-10-24,158.40,160.00,157.22,157.22,161.94,165.80,168.34,158.26,153.83,172.1925,0,169.5579,0,10722,18428,-3.5967,-2.1475,-1.4493,50.17
2025-10-27,158.53,160.79,156.42,156.77,160.64,164.99,168.04,158.38,153.94,172.1925,0,168.0925,0,9187,18422,-3.6792,-2.4538,-1.2254,42.31
2025-10-28,155.78,160.23,155.78,158.62,159.31,164.32,167.76,158.49,154.10,172.1925,0,166.7443,0,12261,18178,-3.5542,-2.6739,-0.8803,42.76
2025-10-29,158.42,158.42,154.00,156.49,157.99,163.83,167.50,158.60,154.25,172.1925,0,165.5039,0,11126,18082,-3.5858,-2.8563,-0.7295,40.23
2025-10-30,156.49,156.99,153.55,153.55,156.80,162.87,167.10,158.71,154.39,170.9338,0,164.3628,0,13343,17897,-3.8042,-3.0459,-0.7583,39.33
2025-10-31,155.90,157.83,153.50,153.66,155.94,162.01,166.68,158.85,154.50,170.9338,0,163.3130,0,17118,17952,-3.9231,-3.2213,-0.7018,36.54
2025-11-03,153.51,154.05,148.63,149.33,154.96,161.07,166.18,158.97,154.58,166.8248,0,162.3472,0,17606,17940,-4.3170,-3.4405,-0.8766,29.58
2025-11-04,147.04,147.14,140.00,140.38,153.45,159.58,165.56,159.01,154.61,160.3053,0,160.9754,0,23191,18112,-5.2904,-3.8104,-1.4800,22.62
2025-11-05,141.28,147.02,141.28,142.75,152.36,158.26,164.92,159.05,154.65,160.3053,0,158.4584,0,13447,18026,-5.8037,-4.2091,-1.5946,24.33
2025-11-06,143.50,143.50,134.32,136.99,150.58,156.57,164.18,159.11,154.64,157.0124,0,156.2434,0,24014,18178,-6.5992,-4.6871,-1.9121,19.94
2025-11-07,135.30,142.60,130.00,141.88,149.04,155.49,163.51,159.27,154.66,156.3722,0,153.1741,0,62257,19090,-6.7571,-5.1011,-1.6560,24.81
2025-11-10,146.90,148.00,138.66,139.72,147.34,153.99,162.89,159.43,154.67,156.3722,0,149.4663,0,14852,19075,-6.9762,-5.4761,-1.5001,24.44
2025-11-11,139.72,140.90,138.41,138.86,145.36,152.33,162.18,159.60,154.69,156.3722,0,148.0000,0,7943,18795,-7.1369,-5.8083,-1.3286,22.32
2025-11-12,139.26,141.44,137.52,139.95,143.71,150.85,161.53,159.66,154.69,156.3722,0,148.0000,0,6102,18403,-7.0946,-6.0655,-1.0290,23.74
2025-11-13,138.50,139.87,136.71,137.55,142.11,149.45,160.83,159.77,154.68,156.1350,0,145.1200,0,8955,18399,-7.1720,-6.2868,-0.8851,24.33
2025-11-14,134.85,143.36,134.00,140.66,140.81,148.37,160.25,159.86,154.68,156.1350,0,130.0000,1,10507,18312,-6.9028,-6.4100,-0.4928,27.11
2025-11-17,140.09,141.79,134.42,134.73,139.35,147.15,159.72,159.91,154.65,156.1350,0,130.2672,1,12382,18183,-7.0863,-6.5453,-0.5410,26.03
2025-11-18,132.81,138.79,132.81,137.32,139.04,146.25,159.13,159.96,154.63,154.8678,0,130.5291,1,13128,18123,-6.9427,-6.6248,-0.3179,29.01
2025-11-19,137.94,140.29,136.59,137.96,138.56,145.46,158.58,160.04,154.60,154.8678,0,130.7857,1,9174,17999,-6.7000,-6.6398,-0.0602,31.12
2025-11-20,139.21,141.02,132.88,133.19,138.18,144.38,158.01,160.07,154.54,154.8678,0,131.0372,1,8284,17804,-6.8140,-6.6747,-0.1394,25.47
2025-11-21,134.90,135.09,131.18,134.20,137.41,143.23,157.40,160.12,154.46,151.3026,0,143.3600,0,9676,17718,-6.7452,-6.6888,-0.0564,22.94
2025-11-24,133.52,137.16,133.52,135.57,137.00,142.17,156.81,160.14,154.35,151.3026,0,143.1164,0,12052,17626,-6.5050,-6.6520,0.1470,25.47
2025-11-25,134.14,135.13,130.05,132.99,136.41,140.89,156.15,160.11,154.22,149.9501,0,142.8777,0,14602,17669,-6.4486,-6.6113,0.1627,23.12
2025-11-26,132.56,134.00,131.73,132.32,135.65,139.68,155.42,160.04,154.13,149.1674,0,142.3646,0,6682,17411,-6.3843,-6.5659,0.1816,18.92
2025-11-28,131.59,133.57,131.55,131.90,135.08,138.60,154.73,159.96,154.02,147.8351,0,141.8720,0,4049,17151,-6.2947,-6.5117,0.2170,18.28
2025-12-01,131.41,134.51,130.14,133.66,134.38,137.60,154.00,159.88,153.88,147.3898,0,141.3991,0,17095,17120,-6.0124,-6.4118,0.3995,22.96
2025-12-02,133.31,135.00,132.42,132.86,134.20,136.77,153.31,159.80,153.76,147.3898,0,140.9451,0,9938,16954,-5.7865,-6.2867,0.5003,21.47
2025-12-03,132.43,135.00,131.00,134.16,133.88,136.46,152.57,159.75,153.65,147.0995,0,140.5093,0,5205,16686,-5.4398,-6.1174,0.6775,22.62
2025-12-04,134.35,138.27,133.29,136.85,133.77,136.17,151.90,159.71,153.55,147.0995,0,140.0910,0,7623,16420,-4.8917,-5.8722,0.9806,22.10
2025-12-05,136.74,137.22,131.94,132.66,133.72,135.95,151.14,159.63,153.44,147.0995,0,139.6893,0,9220,16378,-4.7407,-5.6459,0.9052,18.46
2025-12-08,132.90,136.16,130.91,131.98,133.50,135.45,150.31,159.51,153.37,147.0995,0,139.3037,0,11654,16346,-4.6226,-5.4413,0.8186,19.91
2025-12-09,131.40,133.81,131.02,132.70,133.21,135.10,149.51,159.41,153.30,146.2913,0,138.9336,0,7405,16027,-4.4200,-5.2370,0.8170,19.13
2025-12-10,132.73,134.92,131.79,134.07,133.32,134.86,148.74,159.29,153.25,146.2913,0,138.5783,0,6328,15768,-4.1016,-5.0099,0.9083,19.05
2025-12-11,133.98,136.00,133.56,135.58,133.64,134.65,148.13,159.16,153.18,146.2913,0,138.2371,0,7606,15569,-3.6850,-4.7449,1.0600,18.94
2025-12-12,135.33,137.79,133.32,136.77,134.13,134.61,147.41,159.03,153.14,146.2913,0,137.9096,0,15346,15261,-3.2216,-4.4403,1.2187,19.31
2025-12-15,137.04,138.50,131.76,131.88,133.95,134.17,146.63,158.84,153.06,146.2913,0,130.0500,1,11104,14982,-3.2119,-4.1946,0.9827,17.27
2025-12-16,131.41,133.87,130.00,132.47,133.91,134.05,145.92,158.63,153.00,145.3408,0,138.5000,0,10518,14966,-3.1207,-3.9798,0.8591,17.19
2025-12-17,132.65,135.82,131.06,133.28,133.82,133.85,145.18,158.39,152.96,145.3408,0,138.5000,0,5798,14499,-2.9490,-3.7737,0.8246,18.23
2025-12-18,133.28,135.26,132.22,134.00,133.54,133.65,144.48,158.15,152.91,145.3408,0,138.3300,0,6512,14082,-2.7235,-3.5636,0.8401,17.89
2025-12-19,134.37,137.09,132.12,136.28,133.90,133.81,143.79,157.89,152.91,145.3408,0,138.1634,0,14064,13673,-2.3339,-3.3177,0.9838,19.83
2025-12-22,135.80,137.10,132.10,135.13,134.22,133.86,143.22,157.59,152.91,145.3408,0,138.0001,0,11743,13273,-2.0938,-3.0729,0.9791,19.49
2025-12-23,135.25,135.34,131.24,133.21,134.27,133.74,142.49,157.25,152.93,145.3408,0,137.8401,0,10857,13187,-2.0349,-2.8653,0.8304,19.68
2025-12-24,132.61,133.49,131.29,132.10,134.07,133.69,141.69,156.95,152.96,145.0260,0,137.6833,0,6592,12862,-2.0542,-2.7031,0.6489,17.52
2025-12-26,131.61,133.00,130.21,131.33,133.65,133.64,140.93,156.68,152.99,143.8139,0,137.5297,0,8024,12527,-2.1073,-2.5839,0.4766,17.34
2025-12-29,130.50,131.97,124.00,124.97,132.47,133.30,140.12,156.38,153.00,141.3640,0,137.3791,0,28931,12698,-2.6323,-2.5936,-0.0387,13.36
2025-12-30,125.55,129.18,123.88,125.73,131.85,132.90,139.39,156.18,153.00,140.1611,0,136.8439,0,16911,12727,-2.9529,-2.6655,-0.2875,13.55
2025-12-31,124.67,126.45,120.22,121.68,130.77,132.34,138.64,155.88,152.94,137.4720,0,136.0661,0,7909,12620,-3.4936,-2.8311,-0.6625,11.32
2026-01-02,122.00,125.40,120.62,124.23,129.87,131.85,138.01,155.60,152.90,137.1673,0,134.7984,0,9827,12497,-3.6739,-2.9997,-0.6743,12.13
2026-01-05,124.80,130.25,123.69,130.25,129.49,131.52,137.55,155.37,152.87,137.1673,0,133.6321,0,16867,12568,-3.2931,-3.0584,-0.2348,12.95
2026-01-06,129.63,136.28,129.15,133.31,129.19,131.55,137.11,155.19,152.86,137.1673,0,120.2200,1,47685,13268,-2.7132,-2.9893,0.2761,14.39
2026-01-07,133.65,136.64,131.00,132.91,128.97,131.59,136.63,155.02,152.85,137.1673,0,120.5412,1,28004,13614,-2.2598,-2.8434,0.5836,13.21
2026-01-08,134.24,138.24,133.32,135.91,129.24,131.75,136.21,154.91,152.84,137.1673,0,121.1852,1,14651,13723,-1.6395,-2.6026,0.9631,13.43
2026-01-09,135.87,138.63,131.00,131.00,129.13,131.60,135.66,154.75,152.78,137.1673,0,122.2085,1,11070,13700,-1.5265,-2.3874,0.8609,8.41
2026-01-12,131.00,134.40,131.00,132.35,129.23,131.44,135.18,154.60,152.75,137.1673,0,123.5221,1,9939,13676,-1.3129,-2.1725,0.8596,9.41
2026-01-13,133.35,133.35,127.36,129.96,129.73,131.10,134.70,154.47,152.71,137.1673,0,124.7306,1,10683,13623,-1.3212,-2.0022,0.6810,9.71
2026-01-14,130.70,133.34,125.70,127.77,129.94,130.89,134.19,154.30,152.69,137.1673,0,138.6280,0,18156,13643,-1.4874,-1.8993,0.4119,8.41
2026-01-15,127.93,128.97,125.16,126.09,130.38,130.57,133.72,154.17,152.66,137.1673,0,138.3694,0,11197,13515,-1.7346,-1.8663,0.1317,7.59
2026-01-16,125.23,126.36,122.20,126.00,130.56,130.21,133.43,153.99,152.62,137.1673,0,137.8411,0,17035,13392,-1.9158,-1.8762,-0.0395,8.85
2026-01-20,124.60,124.60,117.15,122.57,129.79,129.64,133.03,153.83,152.54,137.1673,0,136.9026,0,18202,13487,-2.3095,-1.9629,-0.3466,8.92
2026-01-21,122.79,128.10,122.79,124.49,128.91,129.05,132.78,153.65,152.53,137.1673,0,135.3224,0,12412,13255,-2.4384,-2.0580,-0.3805,8.85
2026-01-22,124.88,128.07,124.88,126.93,128.31,128.64,132.48,153.49,152.57,137.1673,0,133.8686,0,6473,12139,-2.3171,-2.1098,-0.2073,8.73
2026-01-23,126.27,127.46,122.93,127.00,127.42,128.33,132.23,153.40,152.63,137.1673,0,132.5311,0,15329,12149,-2.1900,-2.1258,-0.0641,7.88
2026-01-26,127.62,131.68,126.78,128.81,127.20,128.16,132.03,153.34,152.70,137.1673,0,117.1500,1,8295,12156,-1.9210,-2.0849,0.1638,7.99
2026-01-27,129.80,130.12,126.13,127.19,126.68,127.96,131.77,153.24,152.69,137.1673,0,117.4406,1,8356,12201,-1.8177,-2.0314,0.2137,7.13
2026-01-28,128.73,128.73,125.72,127.77,126.46,128.10,131.57,153.13,152.72,137.1673,0,117.7254,1,7807,12178,-1.6697,-1.9591,0.2894,8.06
2026-01-29,127.15,127.82,123.53,125.70,126.25,128.10,131.28,153.01,152.71,137.1673,0,118.0045,1,8422,12136,-1.6999,-1.9073,0.2073,7.65
2026-01-30,124.22,125.51,122.00,123.70,126.02,128.20,131.05,152.87,152.69,137.1673,0,118.2780,1,10292,12095,-1.8637,-1.8986,0.0348,7.68
2026-02-02,123.05,124.60,121.63,122.72,125.69,128.12,130.76,152.73,152.66,136.8234,0,118.5460,1,8455,12001,-2.0490,-1.9286,-0.1204,8.27
2026-02-03,122.81,122.81,112.50,120.66,125.50,127.64,130.42,152.56,152.64,133.0878,0,131.6800,0,29465,12407,-2.3352,-2.0099,-0.3252,9.57
2026-02-04,120.64,120.70,112.50,117.13,124.76,126.83,130.10,152.39,152.58,132.9495,0,131.2964,0,21505,12671,-2.8143,-2.1708,-0.6435,7.68
2026-02-05,117.14,117.50,113.42,115.54,123.62,125.96,129.72,152.23,152.52,131.3985,0,130.9205,0,14315,12764,-3.2845,-2.3936,-0.8910,9.53
2026-02-06,117.00,124.76,117.00,122.76,123.20,125.31,129.47,152.10,152.47,131.3985,0,130.5521,0,18770,12899,-3.0395,-2.5228,-0.5168,9.75
2026-02-09,121.90,122.88,119.07,122.16,122.53,124.87,129.25,151.98,152.39,131.3985,0,130.1910,0,10884,12824,-2.8608,-2.5904,-0.2704,9.53
2026-02-10,123.44,126.89,123.03,124.36,122.25,124.47,129.09,151.86,152.30,131.3985,0,129.8372,0,10944,12909,-2.5126,-2.5748,0.0622,10.12
2026-02-11,125.29,125.50,118.69,118.95,121.37,123.91,128.83,151.70,152.18,131.3985,0,129.4905,0,10955,13048,-2.6428,-2.5884,-0.0544,9.71
2026-02-12,119.39,120.04,115.66,117.27,120.53,123.39,128.50,151.51,152.04,131.3985,0,129.1506,0,8830,12882,-2.8487,-2.6405,-0.2082,10.41
2026-02-13,118.71,120.00,116.16,116.40,119.80,122.91,128.17,151.31,151.90,131.3985,0,128.8176,0,12408,12932,-3.0470,-2.7218,-0.3252,9.97
2026-02-17,117.00,117.00,111.57,112.32,118.76,122.22,127.74,151.05,151.74,130.2053,0,128.4913,0,14152,13111,-3.4930,-2.8760,-0.6170,8.68
2026-02-18,112.81,114.35,111.04,112.46,117.93,121.72,127.25,150.76,151.60,128.0121,0,127.8144,0,12146,13201,-3.7916,-3.0591,-0.7324,8.05
2026-02-19,111.25,112.22,107.97,112.03,117.43,121.09,126.84,150.44,151.43,125.2324,0,126.8077,0,13903,13295,-4.0165,-3.2506,-0.7659,7.34
2026-02-20,111.86,120.46,111.86,119.65,117.84,120.73,126.59,150.10,151.28,125.2324,0,125.3010,0,17612,13414,-3.5391,-3.3083,-0.2308,11.15
2026-02-23,118.26,118.40,111.79,117.76,117.34,120.27,126.29,149.69,151.13,125.2324,0,123.9150,0,30500,13876,-3.2756,-3.3018,0.0262,12.81
2026-02-24,117.00,121.36,116.97,118.51,116.97,119.75,125.98,149.30,150.96,125.2324,0,122.6398,0,13332,14016,-2.9719,-3.2358,0.2639,13.37
2026-02-25,119.33,121.00,117.71,119.47,116.48,119.37,125.66,148.99,150.78,125.2324,0,121.4666,0,12962,14123,-2.6235,-3.1133,0.4898,14.07
2026-02-26,120.32,120.32,117.10,119.49,116.54,118.95,125.31,148.66,150.60,125.2324,0,121.3600,0,6656,13949,-2.3191,-2.9545,0.6354,14.00
2026-02-27,118.35,120.62,115.71,120.17,116.83,118.68,125.08,148.32,150.40,125.2324,0,121.0000,0,19227,14112,-1.9999,-2.7636,0.7637,15.66
2026-03-02,118.38,125.99,118.25,125.35,117.72,118.76,124.94,148.01,150.21,108.6531,1,107.9750,1,13663,14175,-1.3138,-2.4736,1.1598,17.66
2026-03-03,122.72,128.59,121.50,127.13,119.20,118.98,124.81,147.68,150.00,108.6531,1,108.3353,1,14569,14350,-0.6193,-2.1028,1.4834,20.84
2026-03-04,128.99,131.88,128.48,130.78,121.03,119.48,124.75,147.36,149.80,113.8688,1,109.1455,1,8239,14385,0.2230,-1.6376,1.8606,21.02
2026-03-05,130.00,131.25,124.50,130.66,122.90,120.16,124.64,147.05,149.57,113.8688,1,110.5096,1,34076,14785,0.8708,-1.1359,2.0068,20.99
2026-03-06,129.84,133.49,127.30,131.52,124.08,120.96,124.56,146.69,149.33,113.8688,1,111.7918,1,10719,14764,1.4371,-0.6213,2.0584,24.80
2026-03-09,130.22,133.00,129.46,132.20,125.53,121.43,124.54,146.35,149.08,114.9666,1,113.5272,1,9399,14735,1.9186,-0.1133,2.0319,25.02
2026-03-10,132.62,134.36,130.00,132.80,126.96,121.96,124.56,145.99,148.85,116.2350,1,115.1239,1,7835,14760,2.3219,0.3737,1.9482,27.72
2026-03-11,133.71,137.61,132.85,137.44,128.75,122.62,124.68,145.64,148.68,119.4340,1,117.0475,1,9786,14795,2.9815,0.8953,2.0862,33.75
2026-03-12,137.51,137.96,132.76,133.86,130.19,123.36,124.86,145.27,148.50,119.5842,1,119.5150,1,9772,14412,3.1787,1.3519,1.8268,32.27
2026-03-13,135.00,138.43,131.53,131.99,131.37,124.10,124.98,144.91,148.38,119.5842,1,122.0973,1,11180,14297,3.1478,1.7111,1.4367,30.31
2026-03-16,132.92,137.28,132.92,136.23,132.46,125.09,125.27,144.63,148.23,119.5842,1,124.7105,1,10571,14351,3.4260,2.0541,1.3719,36.28
2026-03-17,136.32,139.99,135.50,136.41,133.39,126.30,125.52,144.37,148.08,121.7932,1,126.9056,1,11963,14393,3.6193,2.3671,1.2521,35.50
2026-03-18,135.78,139.27,135.78,138.20,134.13,127.58,125.68,144.09,147.94,122.1214,1,129.2608,1,9481,14246,3.8722,2.6682,1.2041,38.78
2026-03-19,137.76,139.83,135.53,138.28,134.89,128.90,125.78,143.85,147.83,122.5267,1,131.1921,1,10813,13508,4.0327,2.9411,1.0916,37.77
2026-03-20,138.28,139.28,135.49,138.76,135.62,129.85,125.89,143.62,147.74,122.6101,1,132.7757,1,22826,13405,4.1507,3.1830,0.9677,40.80
2026-03-23,139.20,142.17,139.20,140.97,136.49,131.01,125.99,143.42,147.68,126.3646,1,134.0743,1,11672,13345,4.3722,3.4208,0.9514,42.21
2026-03-24,139.09,144.68,139.09,142.80,137.49,132.23,126.23,143.22,147.62,127.3206,1,135.4900,1,10938,13343,4.6419,3.6650,0.9768,44.38
2026-03-25,145.00,149.00,142.95,145.84,138.33,133.54,126.50,143.06,147.57,131.0048,1,137.3290,1,22255,13589,5.0428,3.9406,1.1022,47.23
2026-03-26,146.00,149.40,141.18,143.18,139.27,134.73,126.76,142.86,147.54,131.0048,1,139.0900,1,22035,13816,5.0872,4.1699,0.9173,44.94
2026-03-27,143.21,144.21,140.86,141.19,140.19,135.78,127.03,142.63,147.49,131.0048,1,149.3970,0,10716,13667,4.9053,4.3170,0.5883,48.63
2026-03-30,142.00,142.44,138.57,140.77,140.64,136.55,127.33,142.41,147.46,131.0048,1,149.3970,0,15766,13758,4.6734,4.3883,0.2851,47.49
2026-03-31,142.42,145.24,140.71,144.88,141.49,137.44,127.70,142.23,147.42,131.0048,1,148.9639,0,23355,13885,4.7663,4.4639,0.3024,50.44
2026-04-01,146.00,152.51,145.50,147.84,142.45,138.29,128.21,142.05,147.42,133.3627,1,138.5700,1,20210,13925,5.0208,4.5753,0.4456,49.41
2026-04-02,145.42,152.00,145.10,151.64,143.79,139.34,128.75,141.91,147.42,133.3627,1,138.8488,1,14633,13969,5.4662,4.7534,0.7128,49.30
2026-04-06,151.83,155.41,151.47,153.75,145.29,140.45,129.29,141.76,147.44,137.7248,1,139.1220,1,11870,14077,5.9212,4.9870,0.9342,49.02
2026-04-07,154.11,154.50,150.58,153.42,146.53,141.51,129.82,141.64,147.51,137.7248,1,139.7735,1,19914,14169,6.1839,5.2264,0.9575,47.66
2026-04-08,155.15,157.78,152.67,157.27,147.98,142.74,130.39,141.53,147.60,139.9051,1,140.3990,1,12094,14245,6.6263,5.5064,1.1199,44.00
2026-04-09,155.86,157.98,150.81,151.15,148.51,143.42,130.87,141.39,147.65,139.9051,1,141.4419,1,33767,14753,6.4092,5.6869,0.7223,39.20
2026-04-10,151.55,153.01,148.33,150.84,149.28,144.27,131.33,141.24,147.68,139.9051,1,142.7649,1,21404,15025,6.1414,5.7778,0.3636,41.41
2026-04-13,150.72,152.87,145.00,150.54,150.21,145.20,131.82,141.12,147.71,139.9051,1,143.9821,1,29325,15443,5.8376,5.7898,0.0478,40.42
2026-04-14,150.57,157.11,150.57,156.70,151.80,146.22,132.48,141.09,147.77,139.9051,1,145.0000,1,15388,15545,6.0245,5.8367,0.1878,45.92
2026-04-15,156.70,161.34,153.27,161.10,153.42,147.46,133.25,141.05,147.86,139.9051,1,145.0000,1,18881,15754,6.4532,5.9600,0.4932,53.75
2026-04-16,161.99,163.00,159.86,162.66,154.91,148.68,134.09,141.03,147.94,144.6594,1,146.6335,1,14249,15449,6.8400,6.1360,0.7040,54.89
2026-04-17,165.00,165.00,160.10,160.87,155.83,149.81,134.97,141.02,148.04,145.9865,1,148.5975,1,16328,15346,6.9224,6.2933,0.6291,51.50
2026-04-20,162.00,163.00,159.05,161.01,156.56,150.92,135.88,141.00,148.15,145.9865,1,150.8938,1,9870,15257,6.9191,6.4185,0.5007,51.09
2026-04-21,161.50,162.05,155.40,155.42,156.76,151.64,136.53,140.93,148.21,145.9865,1,152.8687,1,15899,15200,6.3918,6.4131,-0.0213,43.11
2026-04-22,156.35,158.35,153.89,154.23,156.45,152.21,137.17,140.86,148.28,145.9865,1,165.0000,0,18338,15349,5.8110,6.2927,-0.4817,40.82
2026-04-23,154.41,154.41,145.41,145.41,155.88,152.19,137.59,140.70,148.29,165.4731,0,164.7777,0,11604,15362,4.5860,5.9514,-1.3653,31.59
2026-04-24,145.50,148.80,145.18,148.11,155.60,152.44,138.17,140.58,148.32,163.6058,0,164.0030,0,8042,15304,3.7894,5.5190,-1.7295,34.03
2026-04-27,147.61,153.95,147.61,152.00,155.75,152.98,138.87,140.46,148.35,163.6058,0,162.8738,0,9044,15308,3.4325,5.1017,-1.6692,36.76
2026-04-28,152.07,152.07,148.50,150.00,155.08,153.44,139.54,140.34,148.37,163.6058,0,161.8124,0,3690,15133,2.9541,4.6722,-1.7180,37.87
2026-04-29,150.00,150.42,146.00,147.60,153.73,153.58,140.25,140.18,148.35,163.6058,0,160.8146,0,8753,15025,2.3542,4.2086,-1.8543,39.15
2026-04-30,148.30,150.99,147.89,149.83,152.45,153.68,140.99,140.05,148.32,163.6058,0,159.8767,0,9140,14965,2.0353,3.7739,-1.7386,40.73
2026-05-01,151.55,151.55,134.70,135.11,149.87,152.85,141.46,139.81,148.20,162.0057,0,158.9951,0,11147,14910,0.5880,3.1367,-2.5487,27.22
2026-05-04,140.01,144.60,140.00,140.64,147.84,152.20,141.88,139.59,148.04,162.0057,0,157.0511,0,14992,14858,-0.1115,2.4871,-2.5986,38.58
2026-05-05,140.83,140.83,137.00,138.00,146.09,151.42,142.28,139.36,147.84,157.9217,0,155.2626,0,6955,14387,-0.8689,1.8159,-2.6848,32.97
2026-05-06,139.00,141.74,136.48,141.11,144.78,150.62,142.73,139.15,147.66,157.7916,0,153.6172,0,6562,14251,-1.2043,1.2119,-2.4161,32.08
2026-05-07,141.13,144.76,139.03,139.03,144.14,150.01,143.12,138.97,147.52,157.7916,0,152.1034,0,7758,14147,-1.6192,0.6456,-2.2649,30.76
2026-05-08,140.60,140.60,136.62,139.81,143.31,149.46,143.53,138.75,147.38,156.4831,0,150.7107,0,8361,14182,-1.8637,0.1438,-2.0075,31.32
2026-05-11,139.93,142.84,137.90,141.76,142.29,149.02,143.96,138.56,147.23,156.4831,0,149.4295,0,9299,13983,-1.8784,-0.2607,-1.6177,37.59
2026-05-12,141.76,143.37,137.83,140.85,141.37,148.23,144.27,138.38,147.07,156.4831,0,148.2507,0,13691,13984,-1.9411,-0.5967,-1.3444,38.88
2026-05-13,140.97,142.88,138.86,141.89,140.80,147.27,144.57,138.19,146.90,156.4831,0,147.1663,0,15111,13994,-1.8852,-0.8544,-1.0307,41.94
2026-05-14,141.90,142.30,139.34,141.63,139.98,146.22,144.78,138.00,146.72,156.4831,0,146.1686,0,6671,13963,-1.8406,-1.0517,-0.7889,44.52
2026-05-15,141.00,142.10,139.52,140.02,140.47,145.17,144.97,137.80,146.53,156.0979,0,145.2507,0,6525,13412,-1.9131,-1.2240,-0.6892,44.23
2026-05-18,139.33,145.81,139.33,145.26,140.94,144.39,145.25,137.68,146.33,156.0979,0,134.6950,1,14686,13491,-1.5302,-1.2852,-0.2450,51.73
2026-05-19,145.86,146.87,141.58,146.30,141.77,143.93,145.53,137.52,146.15,156.0979,0,134.9173,1,20643,13716,-1.1297,-1.2541,0.1244,50.33
2026-05-20,148.61,150.54,143.25,147.38,142.39,143.59,145.82,137.36,145.94,156.0979,0,135.3954,1,19233,13944,-0.7169,-1.1467,0.4297,50.18
2026-05-21,147.01,150.50,146.11,147.07,143.20,143.67,146.01,137.21,145.74,156.0979,0,136.3041,1,14589,14040,-0.4101,-0.9993,0.5893,49.30
2026-05-22,147.20,149.04,142.92,144.15,143.63,143.47,146.22,137.06,145.51,156.0979,0,137.1582,1,19028,14225,-0.3979,-0.8791,0.4811,45.42
2026-05-26,144.30,147.57,138.31,139.50,143.41,142.85,146.37,136.91,145.27,156.0979,0,137.9611,1,21037,14422,-0.7548,-0.8542,0.0994,41.07
2026-05-27,138.23,142.93,138.23,142.11,143.53,142.45,146.49,136.80,145.09,156.0979,0,150.5400,0,16598,14543,-0.8176,-0.8469,0.0293,41.84
2026-05-28,140.82,144.83,139.85,144.07,143.75,142.28,146.64,136.72,144.94,156.0979,0,150.2938,0,14292,14590,-0.7012,-0.8178,0.1166,43.08
2026-05-29,144.58,145.82,142.18,142.82,143.87,141.93,146.73,136.65,144.75,156.0979,0,150.0525,0,15010,14700,-0.7017,-0.7945,0.0929,37.75
2026-06-01,142.82,152.74,142.82,150.47,144.91,142.69,146.98,136.62,144.63,156.0979,0,138.2300,1,31328,15110,-0.0838,-0.6524,0.5686,46.49
2026-06-02,155.00,160.00,148.68,157.84,146.17,143.55,147.36,136.63,144.56,135.0890,1,138.5202,1,62662,15907,0.9892,-0.3241,1.3133,54.72
2026-06-03,155.71,160.71,147.35,158.56,147.40,144.58,147.71,136.64,144.49,135.0890,1,139.3794,1,43398,16542,1.8760,0.1159,1.7600,54.98
2026-06-04,153.59,160.21,146.00,159.22,148.58,145.49,148.04,136.64,144.42,135.0890,1,140.6592,1,73416,17791,2.6020,0.6132,1.9889,55.38
2026-06-05,157.86,157.86,142.00,148.51,148.73,145.96,148.09,136.59,144.32,135.0890,1,141.8623,1,38776,18122,2.2869,0.9479,1.3390,44.73
2026-06-08,150.06,150.53,141.70,142.01,148.51,146.07,148.07,136.51,144.16,135.0890,1,160.7100,0,20705,18095,1.4954,1.0574,0.4380,34.06
2026-06-09,143.01,145.52,134.71,141.86,148.75,146.08,148.08,136.43,143.99,135.0890,1,160.3297,0,25648,18394,0.8463,1.0152,-0.1689,32.30
2026-06-10,140.04,143.63,138.99,139.01,148.44,145.98,148.05,136.36,143.82,135.0890,1,159.3049,0,24466,18568,0.1007,0.8323,-0.7316,32.03
2026-06-11,139.87,141.25,135.16,140.38,148.07,145.91,147.96,136.36,143.66,135.0890,1,158.3211,0,27614,18653,-0.3749,0.5908,-0.9657,30.18
2026-06-12,138.63,141.01,136.79,138.20,147.61,145.74,147.76,136.33,143.48,135.0890,1,157.3767,0,14000,18529,-0.9176,0.2892,-1.2067,26.70
2026-06-15,137.74,140.00,133.00,138.90,146.45,145.68,147.51,136.35,143.31,135.0890,1,156.4700,0,43670,19109,-1.2764,-0.0240,-1.2525,25.49
2026-06-16,138.90,141.97,134.01,135.65,144.23,145.20,147.15,136.31,143.11,135.0890,1,155.0618,0,51927,19911,-1.8023,-0.3796,-1.4227,22.95
2026-06-17,135.55,136.70,133.38,134.18,141.79,144.59,146.76,136.27,142.92,157.1343,0,153.7381,0,19792,19908,-2.3110,-0.7659,-1.5451,22.95
2026-06-18,135.00,145.00,135.00,143.70,140.24,144.41,146.49,136.30,142.77,157.1343,0,152.4938,0,45208,20570,-1.9238,-0.9975,-0.9263,30.15
2026-06-22,141.54,145.20,138.52,142.23,139.61,144.17,146.31,136.32,142.62,157.1343,0,151.3242,0,27123,20438,-1.7158,-1.1412,-0.5747,30.07
2026-06-23,141.27,145.35,139.10,139.20,139.33,143.92,146.08,136.33,142.45,157.1343,0,150.2247,0,18333,20376,-1.7750,-1.2679,-0.5071,26.77
2026-06-24,138.07,140.08,132.41,135.45,138.69,143.72,145.78,136.29,142.28,157.1343,0,149.1913,0,21388,20217,-2.1003,-1.4344,-0.6659,23.54
2026-06-25,137.70,137.79,128.97,129.06,137.70,143.07,145.22,136.25,142.12,156.2520,0,147.8492,0,14661,20203,-2.8409,-1.7157,-1.1252,18.77
2026-06-26,128.01,130.22,126.33,128.82,136.54,142.30,144.58,136.20,141.93,150.0283,0,145.9612,0,18524,20196,-3.4080,-2.0542,-1.3538,17.48
2026-06-29,131.44,133.00,128.32,129.67,135.69,141.65,143.92,136.14,141.75,150.0283,0,143.6061,0,16027,20231,-3.7456,-2.3925,-1.3532,16.53
2026-06-30,126.10,131.30,126.10,130.47,134.84,140.65,143.31,136.12,141.59,149.1417,0,141.5336,0,11481,20134,-3.9037,-2.6947,-1.2090,15.57
2026-07-01,132.59,157.79,131.65,157.11,136.99,140.61,143.23,136.28,141.56,119.8086,1,126.1000,1,54831,21034,-1.8579,-2.5273,0.6695,33.98
2026-07-02,157.70,167.60,156.64,162.21,139.79,140.79,143.37,136.45,141.54,134.8988,1,126.1000,1,50060,21717,0.1734,-1.9872,2.1606,35.26
2026-07-06,160.02,167.50,149.15,150.25,140.45,140.34,143.29,136.57,141.46,134.8988,1,127.7602,1,29254,21935,0.8084,-1.4281,2.2364,22.42
2026-07-07,151.53,155.00,135.52,153.05,141.53,140.57,143.44,136.71,141.39,134.8988,1,129.3540,1,61358,22930,1.5200,-0.8385,2.3585,26.42
2026-07-08,150.69,161.55,148.84,158.81,143.49,141.41,143.66,136.89,141.35,134.8988,1,130.8840,1,48644,23742,2.5197,-0.1668,2.6866,38.82
2026-07-09,157.03,161.63,152.87,160.59,146.00,142.35,143.83,137.07,141.30,134.8988,1,132.3529,1,28569,24133,3.4163,0.5498,2.8665,39.83
2026-07-10,161.52,166.69,155.99,166.09,149.71,143.70,144.15,137.29,141.29,134.8988,1,133.7630,1,25212,24563,4.5185,1.3435,3.1750,47.86
2026-07-13,162.90,172.24,149.45,160.82,152.91,144.72,144.41,137.47,141.24,134.8988,1,135.1166,1,35670,25101,4.9102,2.0569,2.8533,41.08
2026-07-14,160.00,163.51,140.01,148.91,154.83,145.26,144.39,137.55,141.14,134.8988,1,137.3437,1,31554,25550,4.2110,2.4877,1.7233,28.55
2026-07-15,149.30,159.20,145.70,157.68,157.55,146.20,144.85,137.71,141.07,134.8988,1,139.4372,1,33475,25996,4.3148,2.8531,1.4617,35.22
2026-07-16,156.74,158.49,148.00,149.67,156.81,146.90,145.03,137.83,140.95,134.8988,1,140.0100,1,18320,26063,3.7080,3.0241,0.6839,27.81
2026-07-17,147.81,153.90,147.81,152.69,155.86,147.82,145.32,137.96,140.85,134.8988,1,141.9435,1,16353,26251,3.4313,3.1055,0.3257,30.03
2026-07-20,152.49,157.99,147.45,157.52,156.58,148.52,145.65,138.12,140.78,134.8988,1,143.7610,1,19942,26518,3.5606,3.1966,0.3641,37.02
2026-07-21,156.94,161.05,156.34,160.04,157.28,149.41,146.07,138.28,140.75,134.8988,1,145.4694,1,26775,26899,3.8224,3.3217,0.5007,38.27
2026-07-22,160.63,162.09,157.86,158.06,157.21,150.35,146.43,138.43,140.67,134.8988,1,147.0754,1,9926,26930,3.8261,3.4226,0.4034,40.43
2026-07-23,156.24,160.05,153.00,154.48,156.60,151.30,146.69,138.58,140.59,134.8988,1,148.5849,1,18167,27107,3.4997,3.4380,0.0617,36.80
2026-07-24,155.80,157.00,149.60,151.02,155.09,152.40,146.89,138.70,140.50,134.8988,1,172.2350,0,12021,27074,2.9281,3.3360,-0.4079,32.53
2026-07-27,152.73,157.24,150.50,156.21,154.63,153.77,147.18,138.85,140.44,134.8988,1,171.7823,0,15074,27073,2.8609,3.2410,-0.3801,38.24
2026-07-28,154.95,160.00,153.00,154.63,155.20,155.02,147.44,138.99,140.36,134.8988,1,171.3387,0,17690,27294,2.6496,3.1227,-0.4731,37.57
2026-07-29,152.21,153.75,147.80,148.24,154.26,155.90,147.60,139.07,140.25,134.8988,1,170.9039,0,12393,27411,1.9442,2.8870,-0.9428,32.89
2026-07-30,149.52,155.49,149.52,155.13,154.80,155.81,147.80,139.20,140.21,134.8988,1,169.9799,0,12597,27369,1.9189,2.6934,-0.7745,53.82
2026-07-31,156.51,157.41,150.66,151.27,154.66,155.26,147.90,139.32,140.12,134.8988,1,169.0929,0,15732,27271,1.5694,2.4686,-0.8992,44.63
2026-08-03,151.63,154.45,150.05,152.76,154.18,155.38,148.01,139.46,140.02,134.8988,1,168.2414,0,6706,27020,1.3965,2.2542,-0.8577,45.32
2026-08-04,154.35,156.16,152.99,154.50,153.63,155.46,148.16,139.62,139.94,134.8988,1,167.4240,0,8667,26902,1.3839,2.0801,-0.6962,44.23
2026-08-05,154.74,154.76,149.02,149.50,152.77,154.99,148.26,139.78,139.86,134.8988,1,166.6392,0,10585,26733,0.9594,1.8560,-0.8966,37.91
2026-08-06,149.87,153.29,147.47,147.48,152.07,154.34,148.42,139.92,139.79,134.8988,1,165.8858,0,10530,26523,0.4548,1.5757,-1.1210,36.63
2026-08-07,149.45,150.09,147.38,148.98,151.87,153.48,148.56,140.11,139.74,134.8988,1,164.7809,0,6764,26326,0.1739,1.2954,-1.1215,34.07
2026-08-10,149.34,152.40,148.58,150.00,151.25,152.94,148.68,140.28,139.71,134.8988,1,163.3888,0,11265,26266,0.0332,1.0429,-1.0098,38.78
2026-08-11,152.49,153.44,150.44,151.00,150.89,153.04,148.84,140.42,139.70,134.8988,1,162.1081,0,10555,26177,0.0023,0.8348,-0.8325,40.06
2026-08-12,152.03,153.50,150.00,151.33,151.19,152.73,148.86,140.54,139.68,134.8988,1,160.9299,0,10956,25769,0.0045,0.6687,-0.6643,40.57
2026-08-13,149.89,150.60,146.00,146.58,150.34,152.57,148.63,140.63,139.63,134.8988,1,159.8459,0,10598,24728,-0.3728,0.4604,-0.8332,34.44
2026-08-14,146.05,148.34,146.05,146.45,149.86,152.26,148.39,140.70,139.58,134.8988,1,158.4613,0,8055,24021,-0.6745,0.2334,-0.9080,29.10
2026-08-17,144.02,152.01,144.02,150.47,149.63,151.91,148.22,140.83,139.54,134.8988,1,157.2152,0,16356,22880,-0.5826,0.0702,-0.6528,35.24
2026-08-18,147.23,160.82,147.23,160.80,150.26,151.94,148.46,141.02,139.56,134.8988,1,144.0200,1,31742,22739,0.3202,0.1202,0.2000,51.35
2026-08-19,157.80,161.40,156.21,159.15,151.22,152.00,148.81,141.21,139.59,139.3893,1,144.0200,1,44371,23213,0.8922,0.2746,0.6176,48.83
2026-08-20,160.43,169.70,153.55,163.69,152.84,152.46,149.24,141.45,139.64,139.3893,1,144.7152,1,43165,23563,1.6923,0.5582,1.1342,59.24
2026-08-21,165.98,171.00,160.53,170.66,155.01,153.44,149.87,141.75,139.74,142.5384,1,146.2143,1,34934,23772,2.8560,1.0177,1.8382,68.78
2026-08-24,169.69,169.99,156.05,157.41,155.75,153.50,150.22,141.96,139.83,142.5384,1,148.1971,1,25988,23740,2.6781,1.3498,1.3283,51.46
2026-08-25,158.00,171.50,158.00,171.02,157.76,154.32,150.87,142.28,139.97,142.5384,1,150.0214,1,31245,24085,3.5940,1.7986,1.7953,65.02
2026-08-26,170.95,171.50,168.41,170.35,159.66,155.43,151.50,142.59,140.14,144.7421,1,152.1692,1,27205,23755,4.2171,2.2823,1.9348,63.66
2026-08-27,170.53,172.00,165.88,170.66,162.07,156.20,152.20,142.88,140.28,144.7421,1,154.1023,1,13602,22989,4.6820,2.7623,1.9197,62.04
2026-08-28,170.34,176.19,165.64,174.85,164.91,157.38,153.01,143.20,140.45,145.6768,1,156.2500,1,35844,23310,5.3271,3.2752,2.0519,63.61
2026-08-31,173.30,176.00,166.33,175.01,167.36,158.49,153.64,143.51,140.64,145.6768,1,159.0416,1,37697,23160,5.7846,3.7771,2.0075,63.54
2026-09-01,174.25,174.50,168.45,171.87,168.47,159.36,154.23,143.80,140.80,146.4483,1,161.4424,1,25729,23132,5.8266,4.1870,1.6396,61.32
2026-09-02,170.02,172.07,168.53,169.00,169.45,160.34,154.83,144.08,140.95,146.7194,1,163.5071,1,10258,22970,5.5642,4.4624,1.1017,58.60
2026-09-03,171.26,173.61,162.58,163.44,169.43,161.14,155.39,144.33,141.07,146.7194,1,176.1900,0,8891,22720,4.8516,4.5403,0.3114,54.53
2026-09-04,165.00,166.50,161.98,164.54,168.82,161.91,156.10,144.60,141.22,146.7194,1,175.9178,0,13015,22687,4.3258,4.4974,-0.1716,57.61
2026-09-08,165.02,165.35,161.40,162.02,169.28,162.52,156.76,144.86,141.34,146.7194,1,175.3603,0,8457,22486,3.6635,4.3306,-0.6671,57.17
2026-09-09,164.20,164.20,160.63,162.43,168.42,163.09,157.42,145.14,141.46,146.7194,1,174.5227,0,8446,22334,3.1356,4.0916,-0.9560,59.14
2026-09-10,162.43,164.43,162.21,162.73,167.65,163.66,158.06,145.45,141.61,146.7194,1,173.4117,0,7258,22250,2.7102,3.8153,-1.1051,61.10
2026-09-11,163.91,167.02,163.91,165.50,167.14,164.60,158.23,145.78,141.77,146.7194,1,172.3895,0,9400,21341,2.5670,3.5657,-0.9987,61.65
2026-09-14,164.61,166.18,162.29,165.34,166.19,165.55,158.29,146.06,141.91,146.7194,1,171.4492,0,8829,20517,2.4128,3.3351,-0.9223,63.30
2026-09-15,165.26,165.44,161.53,161.81,164.87,166.11,158.52,146.33,142.06,146.7194,1,170.5840,0,10421,20140,1.9828,3.0646,-1.0818,61.28
2026-09-16,162.90,164.50,161.67,163.86,164.07,166.27,158.74,146.59,142.22,146.7194,1,169.7881,0,10208,19117,1.7869,2.8091,-1.0222,60.37
2026-09-17,165.09,167.50,164.61,164.71,163.64,166.55,158.86,146.90,142.38,149.9353,1,169.0559,0,9932,18343,1.6809,2.5835,-0.9026,61.70
2026-09-18,166.50,166.50,163.69,164.48,163.74,166.58,158.94,147.21,142.53,149.9353,1,168.3822,0,15708,18086,1.5603,2.3788,-0.8185,65.01
