Date,Open,High,Low,Close,Ma10:Top:Line,Ma20:Top:Line,Ma50:Top:Line,Ma150:Top:Line,Ma200:Top:Line,Supertrend:Top:ColorLine,Supertrend_Dir,ParabolicSAR:Top:ColorLine,ParabolicSAR_Dir,Volume:Middle:Histogram,Vo50:Middle:Line,Macd:Bottom:Line,MacdSignal:Bottom:Line,MacdDelta:Bottom:Histogram,RsRating:Hidden:Hidden
2023-07-13,115.76,116.16,113.58,115.92,,,,,,,0,113.5800,1,5704041,,,,,0
2023-07-14,116.17,122.12,115.25,115.94,,,,,,,0,113.5800,1,10658040,,,,,0
2023-07-17,115.95,118.84,112.73,118.32,,,,,,,0,122.1200,0,8115959,,,,,0
2023-07-18,117.55,118.43,115.19,117.93,,,,,,,0,122.1200,0,6837593,,,,,0
2023-07-19,121.30,121.67,115.55,116.43,,,,,,,0,121.9322,0,8192376,,,,,0
2023-07-20,114.96,115.05,109.24,110.25,,,,,,,0,121.7482,0,8416529,,,,,0
2023-07-21,110.97,112.30,109.54,110.95,,,,,,,0,121.6700,0,8522668,,,,,0
2023-07-24,110.62,111.31,108.55,110.61,,,,,,,0,121.1728,0,5042002,,,,,0
2023-07-25,111.14,114.05,111.00,113.00,,,,,,,0,120.4154,0,5075542,,,,,0
2023-07-26,111.91,112.36,109.30,110.09,113.94,,,,,124.2610,0,119.7035,0,5694042,,,,,0
2023-07-27,111.79,115.08,110.51,111.10,113.46,,,,,124.2610,0,119.0343,0,7852326,,,,,0
2023-07-28,113.38,114.86,112.44,112.96,113.16,,,,,124.2610,0,118.4052,0,6272217,,,,,0
2023-07-31,114.16,114.68,112.35,114.40,112.77,,,,,124.2610,0,117.8139,0,6199027,,,,,0
2023-08-01,114.26,118.19,113.16,117.60,112.74,,,,,124.2610,0,108.5500,1,11204846,,,,,0
2023-08-02,119.49,119.50,107.38,109.35,112.03,,,,,124.2610,0,118.1900,0,18958228,,,,,0
2023-08-03,108.95,114.96,108.95,113.15,112.32,,,,,124.2610,0,119.5000,0,10252001,,,,,0
2023-08-04,114.48,118.85,113.96,115.82,112.81,,,,,124.2610,0,119.5000,0,9632715,,,,,0
2023-08-07,116.36,119.08,115.49,116.81,113.43,,,,,124.2610,0,119.2576,0,7692499,,,,,0
2023-08-08,114.94,115.46,111.41,113.23,113.45,,,,,124.2610,0,119.0800,0,6130476,,,,,0
2023-08-09,112.89,113.15,108.78,110.47,113.49,113.72,,,,124.2610,0,119.0800,0,6214722,,,,,0
2023-08-10,111.30,113.89,109.47,110.23,113.40,113.43,,,,124.2610,0,118.8460,0,6315937,,,,,0
2023-08-11,108.85,109.07,106.48,107.57,112.86,113.01,,,,122.3461,0,118.6167,0,5988174,,,,,0
2023-08-14,106.75,111.99,105.42,111.98,112.62,112.70,,,,122.3461,0,118.1312,0,6430093,,,,,0
2023-08-15,111.99,113.18,110.17,111.35,112.00,112.37,,,,122.3461,0,117.3685,0,5992478,,,,,0
2023-08-16,110.09,110.44,106.98,107.19,111.78,111.91,,,,122.3461,0,116.6516,0,5823343,,,,,0
2023-08-17,107.62,107.85,104.10,104.44,110.91,111.62,,,,120.0083,0,115.9777,0,6168676,,,,,0
2023-08-18,102.40,106.07,101.68,105.45,109.87,111.34,,,,117.8220,0,115.0275,0,6318216,,,,,0
2023-08-21,106.20,108.54,105.67,108.22,109.01,111.22,,,,117.8220,0,113.6928,0,5337324,,,,,0
2023-08-22,109.40,109.72,104.85,105.66,108.26,110.85,,,,117.8220,0,112.4915,0,4997211,,,,,0
2023-08-23,105.65,110.08,105.00,109.43,108.15,110.82,,,,117.8220,0,111.4103,0,5981039,,,,,0
2023-08-24,111.06,111.64,100.87,101.80,107.31,110.36,,,,117.8220,0,101.6800,1,11114433,,,,,0
2023-08-25,101.17,104.12,99.58,102.25,106.78,109.82,,,,117.2632,0,111.6400,0,7647594,,,,,0
2023-08-28,103.47,104.07,100.89,102.61,105.84,109.23,,,,117.2632,0,111.6400,0,5683240,,,,,0
2023-08-29,102.11,106.57,101.79,105.92,105.30,108.65,,,,117.2632,0,111.3988,0,5386064,,-2.8754,-2.6472,-0.2282,0
2023-08-30,105.40,107.67,104.50,106.59,105.24,108.51,,,,117.2632,0,111.1624,0,5846174,,-2.6317,-2.6441,0.0124,0
2023-08-31,106.19,108.06,104.86,105.72,105.37,108.14,,,,117.2632,0,110.9308,0,6228917,,-2.4802,-2.6113,0.1311,0
2023-09-01,107.00,110.06,106.61,109.45,105.77,107.82,,,,117.2632,0,110.7038,0,6004000,,-2.0357,-2.4962,0.4604,0
2023-09-05,109.00,111.82,106.30,110.78,106.02,107.52,,,,117.2632,0,99.5800,1,7316155,,-1.5582,-2.3086,0.7504,0
2023-09-06,110.56,111.33,108.22,109.28,106.38,107.32,,,,117.2632,0,99.8248,1,5216667,,-1.2859,-2.1041,0.8181,0
2023-09-07,106.14,107.69,105.09,106.59,106.10,107.13,,,,117.2632,0,100.0647,1,5231448,,-1.2726,-1.9378,0.6652,0
2023-09-08,107.02,109.74,105.75,106.09,106.53,106.92,,,,117.2632,0,100.2998,1,4904753,,-1.2875,-1.8077,0.5202,0
2023-09-11,107.32,107.51,103.00,105.32,106.83,106.81,,,,117.2632,0,100.5302,1,5330382,,-1.3459,-1.7154,0.3694,0
2023-09-12,104.20,106.74,103.18,105.31,107.10,106.47,,,,117.2632,0,100.7560,1,4677196,,-1.3772,-1.6477,0.2705,0
2023-09-13,105.10,108.74,104.83,107.71,107.28,106.29,,,,117.2632,0,100.9773,1,4814885,,-1.1945,-1.5571,0.3626,0
2023-09-14,108.43,109.15,106.22,106.63,107.29,106.26,,,,117.2632,0,101.1941,1,4896513,,-1.1239,-1.4704,0.3465,0
2023-09-15,106.07,106.76,101.28,101.49,106.86,106.11,,,,116.9166,0,111.8200,0,7216304,,-1.4659,-1.4695,0.0037,0
2023-09-18,100.82,102.99,99.45,102.37,106.16,105.96,,,,113.8889,0,111.6092,0,5022405,,-1.6468,-1.5050,-0.1418,0
2023-09-19,101.75,102.86,100.70,101.61,105.24,105.63,,,,113.8300,0,111.1228,0,4237554,,-1.8305,-1.5701,-0.2604,0
2023-09-20,102.36,103.94,100.28,100.34,104.35,105.36,,,,113.8300,0,110.6559,0,5536821,,-2.0548,-1.6670,-0.3878,0
2023-09-21,98.60,98.87,95.84,96.11,103.30,104.70,109.00,,,109.4537,0,110.2077,0,5738180,6801400,-2.5446,-1.8426,-0.7021,0
2023-09-22,96.92,98.42,95.61,96.20,102.31,104.42,108.60,,,108.7468,0,109.3456,0,5018696,6787694,-2.8922,-2.0525,-0.8397,0
2023-09-25,95.95,97.45,94.46,97.38,101.51,104.17,108.23,,,107.4107,0,108.2468,0,4209124,6658715,-3.0374,-2.2495,-0.7879,0
2023-09-26,96.50,97.83,95.27,95.96,100.58,103.84,107.78,,,107.4107,0,106.8681,0,4113469,6578665,-3.2298,-2.4455,-0.7843,0
2023-09-27,96.82,99.23,96.35,98.07,99.62,103.45,107.39,,,107.4107,0,105.6273,0,5027215,6542458,-3.1755,-2.5915,-0.5839,0
2023-09-28,97.94,104.20,97.76,102.76,99.23,103.26,107.11,,,107.4107,0,104.5106,0,7454426,6527699,-2.7226,-2.6177,-0.1048,0
2023-09-29,104.69,104.94,102.56,102.82,99.36,103.11,106.96,,,107.4107,0,94.4600,1,5766002,6474688,-2.3319,-2.5606,0.2287,0
2023-10-02,102.21,103.71,101.70,103.27,99.45,102.80,106.81,,,107.4107,0,94.6696,1,4659398,6397423,-1.9634,-2.4411,0.4778,0
2023-10-03,101.80,103.29,99.17,100.08,99.30,102.27,106.60,,,107.4107,0,94.8750,1,4815549,6392894,-1.9067,-2.3342,0.4275,0
2023-10-04,100.65,104.40,100.34,104.07,99.67,102.01,106.42,,,107.4107,0,95.0763,1,5309984,6397583,-1.5223,-2.1719,0.6495,0
2023-10-05,103.41,103.74,100.27,102.91,100.35,101.82,106.28,,,107.4107,0,95.2736,1,5329678,6390295,-1.2963,-1.9968,0.7004,0
2023-10-06,102.16,107.87,102.03,107.24,101.46,101.88,106.20,,,107.4107,0,95.4669,1,6956026,6372369,-0.7591,-1.7492,0.9901,0
2023-10-09,106.01,107.31,104.79,106.97,102.42,101.96,106.08,,,107.4107,0,95.9630,1,4235285,6331631,-0.3511,-1.4696,1.1185,0
2023-10-10,107.49,110.12,106.40,109.01,103.72,102.15,105.97,,,96.8969,1,96.4393,1,6225071,6332152,0.1353,-1.1486,1.2839,0
2023-10-11,109.14,110.10,106.93,108.31,104.74,102.18,105.79,,,97.3372,1,97.2602,1,5533081,6218716,0.4590,-0.8271,1.2861,0
2023-10-12,108.40,111.31,107.51,108.79,105.35,102.29,105.78,,,98.2100,1,98.0317,1,6631773,5972187,0.7457,-0.5125,1.2582,0
2023-10-13,108.65,108.97,104.75,105.09,105.57,102.47,105.61,,,98.2100,1,99.0940,1,5557317,5878294,0.6667,-0.2767,0.9434,0
2023-10-16,105.42,107.48,105.03,106.46,105.89,102.67,105.43,,,98.2100,1,100.0713,1,4520771,5776055,0.7064,-0.0801,0.7865,0
2023-10-17,103.54,106.29,101.66,105.14,106.40,102.85,105.19,,,98.2100,1,100.9704,1,5219370,5726592,0.6242,0.0608,0.5634,0
2023-10-18,103.38,104.78,101.74,102.17,106.21,102.94,104.97,,,98.2100,1,101.6600,1,5154476,5707072,0.3158,0.1118,0.2040,0
2023-10-19,103.81,105.60,101.84,102.40,106.16,103.25,104.81,,,98.2100,1,101.6600,1,5399982,5690777,0.0889,0.1072,-0.0183,0
2023-10-20,102.28,104.34,101.44,101.81,105.61,103.54,104.64,,,98.2100,1,111.3100,0,6242775,5689314,-0.1370,0.0584,-0.1953,0
2023-10-23,100.81,102.42,99.32,100.01,104.92,103.67,104.49,,,98.2100,1,111.1126,0,5082248,5671196,-0.4559,-0.0445,-0.4115,0
2023-10-24,100.97,101.79,99.38,101.67,104.18,103.95,104.29,,,98.2100,1,110.6409,0,5285101,5648296,-0.5682,-0.1492,-0.4190,0
2023-10-25,100.42,101.03,95.23,96.06,102.96,103.85,103.98,,,109.4435,0,110.1881,0,5131957,5631085,-1.0973,-0.3388,-0.7584,0
2023-10-26,95.99,97.52,93.12,93.67,101.45,103.40,103.71,,,106.8222,0,109.2906,0,4673796,5608094,-1.6899,-0.6091,-1.0808,0
2023-10-27,95.80,97.35,94.59,96.43,100.58,103.08,103.55,,,106.8222,0,107.9969,0,5058592,5585893,-1.9148,-0.8702,-1.0446,0
2023-10-30,96.14,97.04,94.70,96.18,99.55,102.72,103.36,,,106.8222,0,106.8068,0,4204663,5543622,-2.0891,-1.1140,-0.9751,0
2023-10-31,96.24,98.82,94.07,98.50,98.89,102.64,103.17,,,106.8222,0,105.7118,0,7835389,5593583,-2.0168,-1.2945,-0.7222,0
2023-11-01,98.58,108.15,98.50,108.04,99.48,102.84,103.22,,,90.2275,1,93.1200,1,14978828,5793215,-1.1761,-1.2709,0.0947,0
2023-11-02,107.96,109.41,105.91,107.83,100.02,103.09,103.19,,,94.8222,1,93.4206,1,7696582,5827526,-0.5208,-1.1209,0.6000,0
2023-11-03,109.05,113.39,107.86,112.25,101.06,103.34,103.39,,,97.4030,1,94.0602,1,7367214,5752582,0.3511,-0.8265,1.1776,0
2023-11-06,112.60,113.08,110.22,111.75,102.24,103.58,103.58,,,98.8922,1,95.2200,1,5505967,5709749,0.9903,-0.4631,1.4534,0
2023-11-07,111.86,114.65,111.22,113.45,103.42,103.80,103.80,,,100.4240,1,96.3102,1,5734920,5710783,1.6155,-0.0474,1.6629,0
2023-11-08,113.55,115.32,112.88,113.59,105.17,104.06,103.95,,,102.1081,1,97.7774,1,4757217,5698206,2.0981,0.3817,1.7164,0
2023-11-09,114.10,115.81,113.06,113.49,107.15,104.30,104.09,,,102.8173,1,99.5316,1,6939562,5720074,2.4443,0.7942,1.6500,0
2023-11-10,114.35,119.70,114.03,118.59,109.37,104.97,104.35,,,104.5461,1,101.4850,1,8910366,5773703,3.0945,1.2543,1.8402,0
2023-11-13,118.34,118.68,116.00,116.79,111.43,105.49,104.50,,,105.4490,1,104.0351,1,5458987,5762802,3.4250,1.6884,1.7366,0
2023-11-14,119.70,122.11,119.22,119.88,113.57,106.23,104.68,,,108.3671,1,106.2282,1,7314766,5762775,3.8915,2.1290,1.7625,0
2023-11-15,120.54,120.59,116.87,118.00,114.56,107.02,104.85,,,108.3671,1,108.7693,1,7027561,5798993,4.0626,2.5158,1.5469,0
2023-11-16,117.20,120.73,116.41,119.83,115.76,107.89,105.12,,,108.3671,1,110.9038,1,5950986,5813383,4.2964,2.8719,1.4245,0
2023-11-17,119.64,121.49,118.82,120.62,116.60,108.83,105.41,,,108.3671,1,112.6968,1,4644944,5808187,4.4936,3.1962,1.2974,0
2023-11-20,120.70,121.93,120.07,121.53,117.58,109.91,105.73,,,109.7891,1,114.2029,1,5242646,5806432,4.6695,3.4909,1.1786,0
2023-11-21,120.54,120.65,117.94,119.16,118.15,110.78,106.01,,,109.7891,1,115.4680,1,4893282,5810754,4.5650,3.7057,0.8593,0
2023-11-22,120.00,124.76,119.95,122.51,119.04,112.10,106.31,,,110.6249,1,116.5308,1,6966188,5853780,4.6984,3.9043,0.7942,0
2023-11-24,122.03,123.25,121.54,122.31,119.92,113.54,106.62,,,111.3249,1,117.9400,1,2324012,5802330,4.7334,4.0701,0.6633,0
2023-11-27,122.07,123.89,121.77,122.65,120.33,114.85,107.04,,,112.2309,1,119.1676,1,4015929,5738323,4.7340,4.2029,0.5311,0
2023-11-28,121.98,122.54,120.79,122.01,120.85,116.14,107.44,,,112.2309,1,120.1742,1,3910067,5716076,4.6295,4.2882,0.3413,0
2023-11-29,123.98,125.73,123.48,123.85,121.25,117.41,107.88,,,114.4015,1,120.7900,1,4690980,5725144,4.6416,4.3589,0.2827,0
2023-11-30,123.61,124.05,119.65,121.16,121.56,118.06,108.30,,,114.4015,1,125.7300,0,5390917,5722226,4.3836,4.3638,0.0198,0
2023-12-01,119.88,121.40,118.65,121.39,121.72,118.74,108.80,,,114.4015,1,125.7300,0,4497257,5697408,4.1499,4.3210,-0.1712,0
2023-12-04,119.75,119.90,116.37,118.57,121.51,119.06,109.25,,,114.4015,1,125.4468,0,4725536,5691545,3.6945,4.1957,-0.5012,0
2023-12-05,117.43,118.49,116.45,118.38,121.20,119.39,109.67,,,114.4015,1,124.9022,0,4639502,5700152,3.2805,4.0127,-0.7322,0
2023-12-06,120.69,122.83,116.38,116.82,120.97,119.56,110.09,,,114.4015,1,124.3903,0,7079175,5759466,2.7942,3.7690,-0.9747,0
2023-12-07,120.79,128.68,119.56,128.37,121.55,120.30,110.69,,,114.4015,1,116.3700,1,15221998,5963362,3.3028,3.6757,-0.3729,0
2023-12-08,129.54,131.00,126.89,128.92,122.21,121.07,111.22,,,115.4218,1,116.3800,1,11517842,6044630,3.7075,3.6821,0.0254,0
2023-12-11,130.56,135.04,128.25,134.41,123.39,121.86,111.85,,,117.4371,1,116.9648,1,13262007,6194550,4.4203,3.8297,0.5906,0
2023-12-12,132.25,139.89,131.90,137.61,124.95,122.90,112.53,,,120.7109,1,118.0493,1,15367982,6408722,5.1836,4.1005,1.0831,0
2023-12-13,137.97,139.24,136.03,138.19,126.38,123.81,113.30,,,123.0063,1,119.7966,1,9763345,6507678,5.7689,4.4342,1.3347,0
2023-12-14,138.89,141.82,135.73,138.00,128.07,124.81,113.98,,,123.7822,1,121.4040,1,10503898,6611556,6.1465,4.7767,1.3699,0
2023-12-15,139.52,140.89,137.25,139.15,129.84,125.78,114.70,,,124.4844,1,123.4456,1,9769972,6700362,6.4641,5.1141,1.3499,0
2023-12-18,139.15,139.79,137.65,138.90,131.87,126.69,115.33,,,124.9510,1,125.2831,1,6278210,6686806,6.6193,5.4152,1.2041,0
2023-12-19,138.57,143.47,138.56,140.15,134.05,127.63,116.00,,,127.1499,1,126.9368,1,8933133,6780763,6.7651,5.6852,1.0800,0
2023-12-20,139.00,139.58,135.37,135.47,135.92,128.44,116.53,,,127.1499,1,128.9208,1,7406375,6804389,6.4290,5.8339,0.5951,0
2023-12-21,138.14,139.98,137.38,139.91,137.07,129.31,117.16,,,127.1499,1,130.6667,1,6600870,6825745,6.4466,5.9565,0.4901,0
2023-12-22,140.48,140.70,138.31,139.60,138.14,130.18,117.77,,,127.1499,1,132.2031,1,4941366,6791936,6.3621,6.0376,0.3245,0
2023-12-26,140.07,143.85,139.92,143.41,139.04,131.21,118.54,,,128.7265,1,133.5551,1,6762843,6816047,6.5274,6.1355,0.3918,0
2023-12-27,144.72,146.25,143.18,146.07,139.89,132.42,119.33,,,131.9513,1,134.9964,1,7162309,6868878,6.7947,6.2674,0.5273,0
2023-12-28,146.80,150.41,145.95,148.76,140.94,133.66,120.21,,,135.3547,1,136.7970,1,9490992,6954310,7.1413,6.4422,0.6991,0
2023-12-29,149.50,151.05,147.20,147.41,141.88,134.97,121.11,,,136.4272,1,139.2473,1,9151095,7034243,7.2237,6.5985,0.6253,0
2024-01-02,144.28,144.40,137.43,138.58,141.83,135.83,121.83,,,136.4272,1,151.0500,0,8994119,7106125,6.5016,6.5791,-0.0775,0
2024-01-03,135.71,137.43,133.74,135.32,141.47,136.67,122.50,,,150.0168,0,151.0500,0,8388298,7149036,5.6017,6.3836,-0.7819,0
2024-01-04,134.30,137.70,134.00,136.01,141.05,137.55,123.22,,,149.9486,0,150.3576,0,7971587,7206823,4.8879,6.0845,-1.1966,0
2024-01-05,136.78,141.01,136.44,138.58,141.37,138.64,123.96,,,149.9486,0,149.6929,0,9653164,7294184,4.4779,5.7632,-1.2853,0
2024-01-08,140.36,147.15,140.15,146.18,141.99,139.53,124.96,,,149.9486,0,149.0548,0,10489423,7401333,4.7119,5.5529,-0.8410,0
2024-01-09,145.95,149.86,145.08,149.26,142.96,140.55,126.08,,,149.9486,0,133.7400,1,10131127,7510480,5.0873,5.4598,-0.3725,0
2024-01-10,150.07,150.88,146.65,148.54,143.47,141.25,127.12,,,149.9486,0,134.0624,1,8459531,7578499,5.2660,5.4210,-0.1550,0
2024-01-11,148.52,150.38,143.69,148.02,143.67,141.78,128.16,,,149.9486,0,134.7351,1,9290416,7680214,5.3045,5.3977,-0.0932,0
2024-01-12,148.04,148.75,145.00,146.56,143.45,142.19,129.12,,,149.9486,0,135.3809,1,7077837,7665063,5.1577,5.3497,-0.1920,0
2024-01-16,150.36,159.72,149.98,158.74,144.58,143.23,130.13,,,137.3392,1,136.0009,1,17891808,7723322,5.9556,5.4709,0.4847,0
2024-01-17,158.45,160.64,154.40,160.17,146.74,144.28,131.18,,,139.8883,1,137.4240,1,16671294,7902816,6.6269,5.7021,0.9248,0
2024-01-18,166.20,168.60,158.22,162.67,149.47,145.47,132.19,,,144.4275,1,139.2813,1,21450463,8184481,7.2768,6.0170,1.2597,0
2024-01-19,165.80,174.25,162.20,174.23,153.29,147.17,133.44,,,147.5257,1,142.2132,1,24456299,8563488,8.6252,6.5387,2.0865,0
2024-01-22,174.39,174.72,164.15,168.18,156.25,148.81,134.53,,,147.6347,1,146.0576,1,20681733,8862424,9.1007,7.0511,2.0496,0
2024-01-23,166.50,169.63,164.27,168.42,158.48,150.24,135.63,,,147.6347,1,150.0703,1,12939793,9026076,9.3887,7.5186,1.8701,0
2024-01-24,172.55,180.58,170.56,178.29,161.38,152.17,136.92,,,152.8165,1,153.5213,1,22378318,9334851,10.2947,8.0738,2.2209,0
2024-01-25,183.41,184.92,177.63,180.33,164.56,154.02,138.16,,,158.6099,1,157.8507,1,22932819,9615300,11.0499,8.6690,2.3809,0
2024-01-26,175.29,181.23,174.15,177.25,167.48,155.57,139.37,,,158.6099,1,162.7232,1,19033318,9886787,11.2700,9.1892,2.0808,0
2024-01-29,178.77,178.89,174.40,177.83,170.61,157.03,140.53,,,158.6099,1,166.7186,1,15895246,10058396,11.3603,9.6234,1.7368,0
2024-01-30,176.13,178.48,169.52,172.06,171.94,158.26,141.61,,,158.6099,1,184.9200,0,21037036,10338586,10.8413,9.8670,0.9743,0
2024-01-31,165.74,171.30,162.56,167.69,172.69,159.72,142.56,,,158.6099,1,184.6120,0,22329148,10666149,9.9625,9.8861,0.0764,0
2024-02-01,169.27,171.14,165.86,170.48,173.48,161.47,143.56,,,158.6099,1,183.7299,0,15611995,10885490,9.3830,9.7855,-0.4025,0
2024-02-02,173.79,179.00,173.05,177.66,173.82,163.56,144.68,,,158.6099,1,182.8831,0,14591980,11072477,9.3948,9.7073,-0.3125,0
2024-02-05,179.09,180.01,171.11,174.23,174.42,165.34,145.79,,,158.6099,1,182.0702,0,13302321,11240657,9.0234,9.5705,-0.5472,0
2024-02-06,173.15,173.88,165.50,167.88,174.37,166.42,146.69,,,158.6099,1,181.2898,0,11559227,11332518,8.1230,9.2810,-1.1580,0
2024-02-07,169.47,172.97,168.20,170.94,173.64,167.51,147.67,,,158.6099,1,180.5406,0,9173564,11469509,7.5691,8.9387,-1.3695,0
2024-02-08,170.33,172.17,168.60,169.35,172.54,168.55,148.60,,,158.6099,1,179.8214,0,7347301,11536137,6.9221,8.5353,-1.6133,0
2024-02-09,171.00,175.10,168.66,172.48,172.06,169.77,149.61,,,158.6099,1,179.1309,0,9723680,11652409,6.5859,8.1454,-1.5595,0
2024-02-12,172.68,177.41,170.67,171.91,171.47,171.04,150.57,,,158.6099,1,178.4681,0,10001225,11758614,6.2020,7.7568,-1.5547,0
2024-02-13,167.94,173.17,164.30,171.54,171.42,171.68,151.58,,,158.6099,1,177.8318,0,10819250,11867180,5.8011,7.3656,-1.5646,0
2024-02-14,173.47,178.74,172.88,178.70,172.52,172.61,152.72,123.51,,158.6099,1,162.5600,1,10257827,11982392,5.9920,7.0909,-1.0989,0
2024-02-15,179.14,180.50,175.26,176.76,173.14,173.31,153.89,123.91,,158.6099,1,162.8836,1,9037102,12068623,5.9185,6.8564,-0.9379,0
2024-02-16,177.45,180.33,173.25,173.87,172.77,173.29,155.00,124.30,,158.6099,1,163.5883,1,9378600,12163405,5.5630,6.5977,-1.0348,0
2024-02-20,171.14,171.81,162.00,165.69,171.91,173.17,155.97,124.61,,158.6099,1,180.5000,0,11026670,12242355,4.5685,6.1919,-1.6234,0
2024-02-21,162.74,164.90,161.81,164.29,171.55,172.96,156.69,124.92,,158.6099,1,180.3300,0,7946001,12096835,3.6256,5.6786,-2.0530,0
2024-02-22,173.20,183.83,172.00,181.86,172.64,173.14,157.75,125.36,,158.6099,1,161.8100,1,18310520,12232689,4.2471,5.3923,-1.1452,0
2024-02-23,181.86,183.80,174.55,176.52,173.36,172.95,158.59,125.80,,158.6099,1,161.8100,1,12216491,12211778,4.2597,5.1658,-0.9061,0
2024-02-26,178.78,179.84,174.81,176.01,173.71,172.89,159.36,126.24,,158.6099,1,162.2504,1,7997032,12064359,4.1803,4.9687,-0.7884,0
2024-02-27,175.92,178.46,172.49,178.00,174.32,172.90,160.16,126.69,,158.6099,1,162.6820,1,7772406,12024541,4.2292,4.8208,-0.5916,0
2024-02-28,176.25,176.84,173.59,176.54,174.82,173.12,160.93,127.11,,158.6099,1,163.1049,1,6340328,11941269,4.1029,4.6772,-0.5743,0
2024-02-29,179.82,193.00,179.82,192.53,176.21,174.36,162.00,127.66,,161.0959,1,163.5195,1,20319327,12152256,5.2327,4.7883,0.4444,0
2024-03-01,197.91,202.72,195.42,202.64,178.79,175.97,163.27,128.27,,173.2303,1,164.6987,1,21038247,12447457,6.8647,5.2036,1.6612,0
2024-03-04,205.16,211.01,203.50,205.36,181.94,177.35,164.58,128.88,,181.4882,1,166.9800,1,17832497,12625444,8.2822,5.8193,2.4629,0
2024-03-05,200.50,205.33,199.15,205.13,185.89,178.90,165.97,129.49,,181.4882,1,170.5024,1,13416959,12745656,9.2800,6.5114,2.7685,0
2024-03-06,210.43,214.81,207.32,210.63,190.52,181.04,167.38,130.11,,185.6132,1,173.7430,1,18258883,12978816,10.3947,7.2881,3.1066,0
2024-03-07,212.52,213.83,208.22,211.38,193.47,183.06,168.82,130.79,,186.4354,1,177.8497,1,13500630,13150001,11.2094,8.0724,3.1371,0
2024-03-08,213.41,227.30,205.60,207.39,196.56,184.96,170.10,131.42,,187.8094,1,181.5457,1,25055864,13515862,11.4017,8.7382,2.6635,0
2024-03-11,203.01,203.55,196.70,198.39,198.80,186.26,171.14,131.97,,187.8094,1,187.0362,1,14502031,13662656,10.7045,9.1315,1.5730,0
2024-03-12,200.52,202.85,194.27,202.76,201.28,187.80,172.22,132.54,,187.8094,1,191.8679,1,13980646,13752449,10.3848,9.3821,1.0027,0
2024-03-13,198.73,198.83,192.70,194.79,203.10,188.96,173.17,133.09,,187.8094,1,227.3000,0,13737934,13844186,9.3803,9.3818,-0.0015,0
2024-03-14,192.92,196.93,184.03,187.06,202.55,189.38,174.14,133.60,,220.2802,0,226.6080,0,15804793,13980400,7.8697,9.0794,-1.2097,0
2024-03-15,184.83,193.80,184.48,191.06,201.39,190.09,175.26,134.13,,218.7561,0,224.9049,0,18206012,14176754,6.9156,8.6466,-1.7310,0
2024-03-18,193.29,193.50,188.05,190.65,199.92,190.93,176.35,134.69,,218.7561,0,223.2699,0,11306860,14243459,6.0566,8.1286,-2.0720,0
2024-03-19,183.16,185.61,177.36,181.42,197.55,191.72,177.21,135.15,,210.9326,0,221.7003,0,15150293,14353402,4.5782,7.4185,-2.8403,0
2024-03-20,182.03,182.68,174.00,179.73,194.46,192.49,177.88,135.61,,207.4468,0,219.0399,0,14697079,14437555,3.2330,6.5814,-3.3484,0
2024-03-21,185.97,187.69,177.66,178.68,191.19,192.33,178.47,136.08,,207.4468,0,215.4367,0,13448457,14503902,2.0584,5.6768,-3.6184,0
2024-03-22,177.21,180.76,175.05,179.65,188.42,192.49,179.09,136.59,,205.9026,0,212.1217,0,10401573,14542743,1.1921,4.7799,-3.5878,0
2024-03-25,172.90,182.80,172.00,178.63,186.44,192.62,179.70,137.07,,205.8379,0,209.0720,0,12849803,14613930,0.4184,3.9076,-3.4892,0
2024-03-26,179.54,182.60,176.33,177.87,183.95,192.61,180.33,137.54,,205.8379,0,205.3648,0,11618895,14704752,-0.2532,3.0754,-3.3286,0
2024-03-27,179.96,181.23,175.40,179.59,182.43,192.77,180.74,138.03,,204.7916,0,202.0283,0,10000577,14546927,-0.6392,2.3325,-2.9717,0
2024-03-28,179.47,183.40,178.30,180.49,181.78,192.16,181.15,138.50,,204.7916,0,199.0255,0,10401386,14421529,-0.8626,1.6935,-2.5561,0
2024-04-01,180.10,187.24,179.90,183.34,181.00,191.20,181.56,139.05,,204.7916,0,196.3229,0,13622143,14264962,-0.8005,1.1947,-1.9951,0
2024-04-02,179.47,180.10,174.83,178.70,179.81,189.87,181.65,139.56,,202.5405,0,193.8907,0,11007705,13995990,-1.1128,0.7332,-1.8460,0
2024-04-03,177.54,182.05,176.70,180.77,179.74,188.65,181.90,140.08,,202.5405,0,191.7016,0,9008691,13762530,-1.1797,0.3506,-1.5303,0
2024-04-04,182.92,183.02,165.65,165.83,178.35,186.41,181.85,140.48,,201.3017,0,189.7314,0,14639473,13796523,-2.4104,-0.2016,-2.2088,0
2024-04-05,168.10,172.69,165.58,170.42,177.53,184.36,181.70,140.90,,195.5380,0,186.8417,0,11261405,13574185,-2.9811,-0.7575,-2.2236,0
2024-04-08,168.20,171.66,166.82,169.90,176.55,182.49,181.49,141.33,,194.4547,0,183.8650,0,7475175,13265032,-3.4357,-1.2931,-2.1425,0
2024-04-09,170.21,171.60,167.29,170.78,175.77,181.11,181.36,141.74,,193.4312,0,181.3051,0,7324088,13030847,-3.6825,-1.7710,-1.9115,0
2024-04-10,166.71,169.78,164.00,167.14,174.70,179.32,181.14,142.12,,190.5116,0,179.1036,0,9961544,12912173,-4.1243,-2.2417,-1.8826,0
2024-04-11,167.55,170.95,166.55,170.50,173.79,178.11,181.11,142.52,,190.5116,0,176.6870,0,8353562,12658504,-4.1553,-2.6244,-1.5310,0
2024-04-12,164.53,165.70,161.82,163.28,172.07,176.92,181.02,142.90,,186.6855,0,174.6571,0,10371480,12419351,-4.7083,-3.0412,-1.6671,0
2024-04-15,164.43,164.44,158.76,160.32,169.76,175.38,180.82,143.26,,183.9370,0,172.3464,0,9853460,12304180,-5.3240,-3.4977,-1.8263,0
2024-04-16,162.28,164.88,161.67,163.46,168.24,174.02,180.54,143.65,,183.9370,0,169.6291,0,9039682,12193134,-5.4952,-3.8972,-1.5980,0
2024-04-17,163.97,164.45,153.88,154.02,165.57,172.65,180.13,143.98,,181.6601,0,167.4553,0,11691505,12160918,-6.3198,-4.3817,-1.9381,0
2024-04-18,155.51,156.96,152.32,155.08,164.49,171.42,179.88,144.29,,176.2776,0,164.8800,0,8168033,12093094,-6.8093,-4.8672,-1.9420,0
2024-04-19,151.59,154.25,145.29,146.64,162.11,169.82,179.39,144.56,,172.1809,0,164.4500,0,10502093,12119664,-7.7884,-5.4515,-2.3369,0
2024-04-22,148.15,149.89,145.63,148.64,159.99,168.27,178.98,144.87,,169.2078,0,160.6180,0,7342370,12119566,-8.3073,-6.0226,-2.2846,0
2024-04-23,151.65,153.50,150.35,152.27,158.14,166.95,178.57,145.21,,169.2078,0,157.5524,0,7012323,12065339,-8.3295,-6.4840,-1.8455,0
2024-04-24,156.56,157.66,150.63,151.74,156.60,165.65,178.17,145.54,,169.2078,0,145.2900,1,6587428,11997063,-8.2943,-6.8461,-1.4482,0
2024-04-25,149.15,155.14,146.75,153.76,154.92,164.35,177.81,145.90,,169.2078,0,145.5374,1,6376642,11908210,-8.0111,-7.0791,-0.9320,0
2024-04-26,154.24,158.63,153.43,157.40,154.33,163.20,177.39,146.30,136.98,169.2078,0,145.7798,1,6691184,11836878,-7.4075,-7.1448,-0.2627,0
2024-04-29,159.08,160.77,156.26,160.20,154.32,162.04,177.06,146.73,137.20,169.2078,0,146.2939,1,6965208,11795440,-6.6268,-7.0412,0.4143,0
2024-04-30,160.63,162.29,158.35,158.38,153.81,161.03,176.75,147.14,137.41,169.2078,0,147.1624,1,9620445,11800277,-6.0849,-6.8499,0.7651,0
2024-05-01,148.11,151.37,142.14,144.27,152.84,159.20,176.32,147.46,137.54,168.8540,0,162.2900,0,12899643,11837736,-6.7165,-6.8232,0.1067,0
2024-05-02,145.51,147.62,141.16,146.16,151.95,158.22,175.96,147.78,137.68,166.2171,0,162.2900,0,7313072,11825077,-6.9840,-6.8554,-0.1286,0
2024-05-03,148.75,150.79,147.24,150.60,152.34,157.23,175.33,148.10,137.85,166.2171,0,161.4448,0,7433782,11607543,-6.7599,-6.8363,0.0764,0
2024-05-06,153.10,156.65,151.26,155.78,153.06,156.52,174.92,148.45,138.08,166.2171,0,160.6334,0,6951605,11502245,-6.0940,-6.6878,0.5938,0
2024-05-07,156.32,157.70,153.66,154.43,153.27,155.70,174.48,148.79,138.30,166.2171,0,159.8545,0,5771806,11457741,-5.6105,-6.4724,0.8618,0
2024-05-08,153.40,155.33,152.52,153.62,153.46,155.03,174.00,149.15,138.51,166.2171,0,159.1067,0,4413195,11390556,-5.2324,-6.2244,0.9919,0
2024-05-09,153.13,154.09,150.61,152.39,153.32,154.12,173.51,149.47,138.71,166.2171,0,158.3888,0,5031613,11364382,-4.9747,-5.9744,0.9997,0
2024-05-10,154.29,156.37,151.31,151.92,152.78,153.55,172.70,149.80,138.92,166.2171,0,157.6997,0,5720213,11072400,-4.7536,-5.7303,0.9767,0
2024-05-13,151.28,153.33,150.40,150.56,151.81,153.07,171.66,150.09,139.12,166.2171,0,157.0381,0,4194481,10735524,-4.6346,-5.5111,0.8765,0
2024-05-14,150.43,153.49,148.78,153.16,151.29,152.55,170.62,150.40,139.32,166.2171,0,156.4030,0,4891670,10476708,-4.2812,-5.2652,0.9839,0
2024-05-15,155.59,159.69,154.70,159.67,152.83,152.83,169.71,150.73,139.54,166.2171,0,141.1600,1,6897089,10346310,-3.4362,-4.8994,1.4631,0
2024-05-16,160.92,168.06,159.90,162.62,154.47,153.21,168.75,151.10,139.77,166.2171,0,141.5306,1,12477296,10230679,-2.4997,-4.4194,1.9197,0
2024-05-17,168.43,169.72,162.32,164.47,155.86,154.10,167.81,151.47,140.04,166.2171,0,142.5918,1,10845876,10177584,-1.5899,-3.8535,2.2636,0
2024-05-20,165.55,168.49,164.47,166.33,156.92,154.99,166.99,151.88,140.31,148.9912,1,144.2195,1,7587642,9828219,-0.7106,-3.2250,2.5143,0
2024-05-21,164.00,165.83,163.10,164.66,157.94,155.61,166.31,152.26,140.55,148.9912,1,145.7495,1,4940706,9636993,-0.1468,-2.6093,2.4625,0
2024-05-22,167.41,169.81,163.86,165.52,159.13,156.29,165.57,152.67,140.80,150.0119,1,147.1877,1,7850068,9514381,0.3652,-2.0144,2.3796,0
2024-05-23,170.18,173.14,158.27,160.43,159.93,156.63,164.88,153.05,141.03,150.0119,1,148.9975,1,14741720,9534457,0.3561,-1.5403,1.8964,0
2024-05-24,161.41,167.66,160.25,166.36,161.38,157.08,164.47,153.48,141.31,150.0119,1,151.4118,1,9127940,9400920,0.8180,-1.0687,1.8866,0
2024-05-28,169.42,174.55,164.96,171.61,163.48,157.65,164.08,153.95,141.62,150.0119,1,153.5846,1,11411276,9265025,1.5893,-0.5371,2.1264,0
2024-05-29,167.46,168.48,162.91,165.14,164.68,157.98,163.57,154.38,141.91,150.0119,1,156.1004,1,9336603,9225620,1.6594,-0.0978,1.7572,0
2024-05-30,167.90,168.75,163.80,166.75,165.39,159.11,163.27,154.81,142.18,150.0119,1,158.3144,1,7731697,9077248,1.8239,0.2866,1.5373,0
2024-05-31,166.65,169.50,160.07,166.90,165.82,160.15,163.02,155.29,142.46,150.0119,1,174.5500,0,10736994,8998046,1.9439,0.6180,1.3259,0
2024-06-03,170.82,171.08,160.91,163.55,165.73,160.79,162.71,155.75,142.74,150.0119,1,174.2604,0,9675226,8922582,1.7486,0.8441,0.9044,0
2024-06-04,162.84,164.83,158.87,159.99,165.09,161.00,162.32,156.18,143.02,150.0119,1,173.9766,0,7704671,8868644,1.2916,0.9336,0.3580,0
2024-06-05,162.07,167.12,161.38,166.17,165.24,161.59,162.07,156.64,143.32,150.0119,1,173.3723,0,10054531,8812738,1.4118,1.0293,0.3826,0
2024-06-06,165.46,169.51,163.86,166.78,165.37,162.25,161.85,157.10,143.62,150.0119,1,172.7922,0,7864294,8737646,1.5386,1.1311,0.4075,0
2024-06-07,166.59,169.45,165.86,167.87,166.11,163.02,161.62,157.50,143.93,150.0119,1,172.2353,0,7519904,8688033,1.7074,1.2464,0.4610,0
2024-06-10,162.48,165.55,159.61,160.34,165.51,163.44,161.21,157.85,144.18,150.0119,1,171.7007,0,10814067,8696286,1.2194,1.2410,-0.0216,0
2024-06-11,160.50,161.54,156.92,158.96,164.24,163.86,160.72,158.16,144.47,150.0119,1,171.1875,0,6437419,8552592,0.7132,1.1354,-0.4223,0
2024-06-12,160.32,162.24,158.62,160.24,163.76,164.22,160.36,158.48,144.76,150.0119,1,170.3315,0,7743726,8487312,0.4105,0.9904,-0.5799,0
2024-06-13,160.40,162.66,157.31,159.90,163.07,164.23,159.94,158.79,145.04,150.0119,1,169.5268,0,7106355,8449266,0.1416,0.8207,-0.6791,0
2024-06-14,158.50,161.34,157.61,159.63,162.34,164.08,159.81,159.10,145.31,150.0119,1,168.7704,0,5436040,8265197,-0.0923,0.6381,-0.7304,0
2024-06-17,158.00,159.23,154.14,158.40,161.83,163.78,159.57,159.40,145.57,150.0119,1,168.0593,0,7050019,8180969,-0.3726,0.4359,-0.8085,0
2024-06-18,156.99,157.24,153.34,154.63,161.29,163.19,159.27,159.64,145.82,150.0119,1,166.9458,0,8017875,8191823,-0.8887,0.1710,-1.0597,0
2024-06-20,155.82,166.82,155.50,161.78,160.85,163.05,159.09,159.94,146.08,150.0119,1,153.3400,1,15085289,8347047,-0.7125,-0.0057,-0.7068,0
2024-06-21,161.75,163.20,157.89,161.23,160.30,162.83,158.97,160.21,146.33,150.0119,1,153.3400,1,9882415,8345465,-0.6103,-0.1266,-0.4837,0
2024-06-24,159.75,163.40,158.19,160.25,159.54,162.82,158.77,160.49,146.58,150.0119,1,153.6096,1,7364145,8325676,-0.6014,-0.2215,-0.3798,0
2024-06-25,160.73,161.00,156.45,160.25,159.53,162.52,158.70,160.76,146.85,150.0119,1,153.8738,1,6501711,8248281,-0.5875,-0.2947,-0.2928,0
2024-06-26,160.60,160.74,156.00,157.54,159.38,161.81,158.65,161.01,147.11,150.0119,1,154.1327,1,5824789,8167707,-0.7862,-0.3930,-0.3932,0.00
2024-06-27,157.18,160.61,156.81,159.47,159.31,161.53,158.57,161.26,147.38,150.0119,1,154.3865,1,5424882,8095411,-0.7789,-0.4702,-0.3087,71.40
2024-06-28,160.23,166.45,159.41,162.21,159.54,161.30,158.73,161.55,147.67,150.0119,1,154.6351,1,9116949,8043920,-0.5458,-0.4853,-0.0604,73.33
2024-07-01,161.25,161.51,153.64,157.69,159.34,160.84,158.79,161.78,147.92,150.0119,1,166.8200,0,7953363,8039627,-0.7175,-0.5318,-0.1857,67.24
2024-07-02,157.04,164.58,156.70,164.31,159.94,160.88,159.14,162.06,148.20,150.0119,1,166.5564,0,9503460,8019654,-0.3157,-0.4885,0.1728,77.37
2024-07-03,164.20,165.26,162.51,163.90,160.86,161.08,159.44,162.34,148.52,150.0119,1,166.2981,0,4422169,7961250,-0.0300,-0.3968,0.3668,74.54
2024-07-05,165.97,174.04,165.68,171.90,161.87,161.36,159.84,162.67,148.86,150.7227,1,153.6400,1,10633235,8033669,0.8323,-0.1510,0.9833,83.52
2024-07-08,174.90,178.95,173.22,178.69,163.62,161.96,160.38,163.04,149.25,156.7465,1,154.0480,1,10761319,8117146,2.0401,0.2872,1.7529,85.74
2024-07-09,177.97,180.41,174.70,177.10,165.31,162.42,160.84,163.41,149.63,158.4373,1,155.0441,1,7685361,8143321,2.8363,0.7970,2.0392,86.32
2024-07-10,179.99,187.28,177.80,183.96,167.68,163.60,161.37,163.83,150.07,162.2801,1,156.5660,1,16601839,8341534,3.9750,1.4326,2.5424,86.51
2024-07-11,184.07,187.11,177.25,181.94,170.12,164.75,161.81,164.25,150.50,162.2801,1,159.0232,1,10776561,8417761,4.6607,2.0782,2.5824,84.94
2024-07-12,182.02,186.99,179.69,181.61,172.33,165.82,162.27,164.67,150.92,162.2801,1,161.2837,1,9230764,8409967,5.1185,2.6863,2.4322,83.56
2024-07-15,184.45,185.50,178.54,179.83,174.09,166.82,162.98,165.09,151.34,162.2801,1,163.3634,1,7589312,8303761,5.2768,3.2044,2.0724,79.07
2024-07-16,179.69,179.75,174.53,177.55,176.08,167.71,163.61,165.42,151.74,162.2801,1,165.2767,1,7214407,8301787,5.1589,3.5953,1.5636,76.89
2024-07-17,169.80,169.80,159.37,159.43,175.59,167.76,163.79,165.62,152.02,188.6618,0,187.2800,0,12268808,8398488,3.5622,3.5887,-0.0265,58.67
2024-07-18,163.41,163.41,153.20,155.77,174.78,167.82,163.79,165.77,152.29,183.0371,0,186.7218,0,10813600,8475728,1.9787,3.2667,-1.2880,64.23
2024-07-19,154.86,155.81,150.62,151.58,172.75,167.31,163.73,165.86,152.53,177.0309,0,185.3809,0,7202036,8504332,0.3812,2.6896,-2.3083,54.37
2024-07-22,154.23,156.70,152.54,155.87,170.46,167.04,163.78,165.98,152.81,177.0309,0,183.2953,0,6844641,8552961,-0.5325,2.0452,-2.5776,57.05
2024-07-23,154.95,157.05,153.80,154.00,168.15,166.73,163.81,166.08,153.06,177.0309,0,181.3348,0,4920392,8550737,-1.3914,1.3579,-2.7493,52.18
2024-07-24,152.72,153.68,144.53,144.63,164.22,165.95,163.66,166.12,153.27,171.4295,0,179.4919,0,7116245,8578658,-2.7960,0.5271,-3.3231,38.35
2024-07-25,144.07,144.75,136.81,138.32,159.86,164.99,163.42,166.12,153.42,163.2540,0,176.6949,0,8379219,8662352,-4.3679,-0.4519,-3.9160,29.30
2024-07-26,140.32,141.29,138.27,139.99,155.70,164.01,163.15,166.12,153.59,160.9126,0,172.7064,0,6920518,8702929,-5.4165,-1.4448,-3.9717,27.42
2024-07-29,141.19,144.59,138.75,139.75,151.69,162.89,162.76,166.14,153.74,160.9126,0,169.1168,0,6630746,8697602,-6.1955,-2.3950,-3.8005,26.66
2024-07-30,139.88,141.70,134.05,138.44,147.78,161.93,162.27,166.13,153.89,158.8642,0,165.8861,0,9524908,8638555,-6.8397,-3.2839,-3.5558,28.36
2024-07-31,150.73,153.60,140.03,144.48,146.28,160.94,161.87,166.17,154.07,158.8642,0,162.0658,0,16515046,8751938,-6.7846,-3.9840,-2.8006,36.44
2024-08-01,145.00,147.29,130.24,132.54,143.96,159.37,161.20,166.09,154.21,158.8642,0,158.7039,0,12555765,8851301,-7.6166,-4.7106,-2.9061,24.80
2024-08-02,133.50,137.10,131.33,132.50,142.05,157.40,160.55,166.00,154.34,158.8642,0,154.7189,0,10409465,8960676,-8.1849,-5.4054,-2.7795,27.71
2024-08-05,122.16,139.14,121.83,134.82,139.95,155.21,159.94,165.91,154.48,158.4656,0,151.2919,0,10258373,9008842,-8.3518,-5.9947,-2.3571,35.75
2024-08-06,135.15,136.44,129.10,130.18,137.57,152.86,159.33,165.80,154.62,158.4656,0,146.5780,0,8390830,8881824,-8.7575,-6.5473,-2.2102,28.94
2024-08-07,133.75,136.24,128.37,128.67,135.97,150.10,158.58,165.73,154.76,158.4656,0,142.6183,0,7035225,8839970,-9.0960,-7.0570,-2.0390,30.62
2024-08-08,131.97,136.48,128.94,136.32,135.77,147.81,157.88,165.74,154.93,158.4656,0,139.2922,0,6684792,8745440,-8.6473,-7.3751,-1.2722,32.92
2024-08-09,134.69,135.50,132.44,134.27,135.20,145.45,157.26,165.72,155.10,158.4656,0,136.4982,0,5449080,8667690,-8.3608,-7.5722,-0.7885,35.83
2024-08-12,134.44,137.99,133.23,136.77,134.90,143.29,156.66,165.71,155.27,158.4656,0,121.8300,1,5433093,8621717,-7.8415,-7.6261,-0.2155,39.05
2024-08-13,138.12,141.19,137.52,141.13,135.17,141.47,156.14,165.68,155.50,158.4656,0,122.1532,1,5958227,8526142,-6.9976,-7.5004,0.5028,42.57
2024-08-14,143.00,143.25,137.64,140.75,134.80,140.54,155.69,165.62,155.74,158.4656,0,122.9147,1,4997526,8432588,-6.2869,-7.2577,0.9708,38.51
2024-08-15,143.00,147.96,141.81,147.36,136.28,140.12,155.43,165.61,155.99,158.4656,0,124.1348,1,6422302,8406941,-5.1312,-6.8324,1.7012,39.81
2024-08-16,145.70,149.37,145.20,148.56,137.88,139.97,155.08,165.62,156.25,158.4656,0,126.0408,1,4623767,8298325,-4.0715,-6.2802,2.2087,41.84
2024-08-19,148.43,155.37,147.72,155.28,139.93,139.94,154.85,165.68,156.54,158.4656,0,128.3737,1,9435884,8329757,-2.6588,-5.5559,2.8971,48.28
2024-08-20,156.49,162.04,154.51,156.40,142.55,140.06,154.62,165.66,156.78,158.4656,0,131.6133,1,12019527,8419750,-1.4324,-4.7312,3.2989,48.28
2024-08-21,156.12,158.65,155.07,157.81,145.47,140.72,154.57,165.64,157.03,158.4656,0,135.8730,1,6752879,8338526,-0.3427,-3.8535,3.5109,51.42
2024-08-22,158.87,159.84,151.01,151.70,147.00,141.39,154.43,165.57,157.23,158.4656,0,139.5364,1,6938348,8348545,0.0276,-3.0773,3.1049,41.61
2024-08-23,153.60,156.40,151.83,154.98,149.07,142.14,154.32,165.44,157.44,158.4656,0,142.6869,1,6771789,8329106,0.5790,-2.3460,2.9250,39.54
2024-08-26,154.70,158.28,148.91,149.99,150.40,142.65,154.12,165.32,157.62,158.4656,0,145.3963,1,7483496,8336649,0.6064,-1.7555,2.3619,34.41
2024-08-27,150.13,151.70,148.44,150.50,151.33,143.25,153.94,165.20,157.81,158.4656,0,147.7264,1,5282956,8333587,0.6616,-1.2721,1.9337,35.48
2024-08-28,149.40,150.43,144.72,146.36,151.89,143.34,153.70,164.99,157.97,158.4656,0,162.0400,0,4987334,8292333,0.3671,-0.9443,1.3113,28.20
2024-08-29,146.59,149.49,144.47,145.49,151.71,143.99,153.52,164.76,158.11,158.4656,0,161.6936,0,4597790,8223932,0.0627,-0.7429,0.8056,27.77
2024-08-30,147.52,148.99,145.25,148.56,151.71,144.80,153.25,164.57,158.27,158.4656,0,161.0046,0,4630481,8014835,0.0685,-0.5806,0.6491,31.78
2024-09-03,146.41,146.49,136.10,136.94,149.87,144.90,152.77,164.29,158.35,158.4656,0,160.3433,0,5775130,7932690,-0.8548,-0.6354,-0.2193,23.02
2024-09-04,140.51,143.37,138.51,140.87,148.32,145.44,152.38,164.09,158.47,158.4656,0,158.8887,0,5934937,7904106,-1.2549,-0.7593,-0.4955,27.14
2024-09-05,138.20,141.71,137.83,139.44,146.48,145.97,151.96,163.90,158.56,158.4656,0,157.5213,0,3489207,7843855,-1.6681,-0.9411,-0.7270,27.25
2024-09-06,138.70,139.13,132.11,134.35,144.75,145.88,151.50,163.66,158.63,155.2832,0,156.2361,0,5373127,7834822,-2.3789,-1.2286,-1.1502,28.43
2024-09-09,136.10,138.45,134.86,138.15,143.07,146.07,151.07,163.39,158.72,155.2832,0,154.3060,0,3756920,7801463,-2.6055,-1.5040,-1.1015,30.96
2024-09-10,139.06,143.08,137.25,142.84,142.35,146.37,150.69,163.18,158.83,155.2832,0,152.5303,0,5316148,7725447,-2.3793,-1.6791,-0.7002,36.62
2024-09-11,145.32,150.16,140.71,149.86,142.29,146.81,150.53,163.06,158.97,155.2832,0,150.8967,0,7633179,7719043,-1.6149,-1.6662,0.0513,46.02
2024-09-12,148.43,151.54,147.65,150.77,142.73,147.31,150.26,162.93,159.11,155.2832,0,132.1100,1,4407565,7617125,-0.9250,-1.5180,0.5930,43.98
2024-09-13,152.32,153.03,150.70,152.31,143.41,147.56,150.03,162.82,159.26,155.2832,0,132.4986,1,3825601,7605194,-0.2511,-1.2646,1.0135,42.64
2024-09-16,151.70,154.44,150.91,152.08,143.76,147.73,149.63,162.68,159.41,155.2832,0,133.3199,1,4209240,7476714,0.2613,-0.9594,1.2208,41.42
2024-09-17,153.55,154.04,149.23,150.82,145.15,147.51,149.07,162.54,159.55,155.2832,0,134.5871,1,4507859,7351645,0.5594,-0.6557,1.2150,34.79
2024-09-18,150.90,152.82,148.01,148.29,145.89,147.11,148.50,162.38,159.68,155.2832,0,135.7782,1,3903007,7275998,0.5847,-0.4076,0.9923,33.49
2024-09-19,153.81,159.25,152.77,156.74,147.62,147.05,147.95,162.24,159.86,137.8442,1,136.8979,1,6974930,7083460,1.2719,-0.0717,1.3436,38.90
2024-09-20,156.00,157.45,152.47,155.95,149.78,147.26,147.43,162.10,160.05,137.8442,1,138.6861,1,6276707,6993463,1.7328,0.2892,1.4436,42.04
2024-09-23,156.45,157.19,154.97,156.75,151.64,147.35,146.93,161.98,160.24,139.3551,1,140.3312,1,3405942,6876966,2.1380,0.6590,1.4790,41.73
2024-09-24,157.46,159.64,154.58,158.32,153.19,147.77,146.50,161.94,160.45,140.5396,1,141.8447,1,4358740,6812355,2.5564,1.0384,1.5179,42.65
2024-09-25,158.50,162.95,158.18,162.02,154.41,148.35,146.19,161.92,160.61,144.2206,1,143.6243,1,5708499,6782237,3.1501,1.4608,1.6893,46.54
2024-09-26,167.06,168.68,164.05,167.49,156.08,149.40,146.36,161.82,160.81,149.6570,1,145.9433,1,6372141,6664303,4.0158,1.9718,2.0440,54.03
2024-09-27,167.48,168.73,163.74,164.35,157.28,150.35,146.53,161.74,160.96,149.7008,1,149.1265,1,4581421,6539660,4.3978,2.4570,1.9408,43.34
2024-09-30,163.10,165.08,162.18,164.08,158.48,151.12,146.78,161.66,161.09,149.7008,1,152.2630,1,3590333,6467426,4.6254,2.8907,1.7347,45.21
2024-10-01,164.48,165.40,158.08,159.75,159.37,152.26,146.85,161.54,161.20,149.7008,1,154.8977,1,5085146,6432236,4.4056,3.1937,1.2119,38.38
2024-10-02,159.31,163.10,158.67,159.78,160.52,153.21,146.97,161.43,161.31,149.7008,1,157.1109,1,3935445,6412537,4.1856,3.3920,0.7935,37.23
2024-10-03,159.71,166.79,159.40,162.85,161.13,154.38,147.33,161.23,161.42,149.7008,1,158.0800,1,4820165,6366615,4.2104,3.5557,0.6547,39.45
2024-10-04,166.53,171.21,164.42,170.90,162.63,156.21,147.99,161.02,161.58,150.3003,1,158.6700,1,7614706,6351325,4.8240,3.8094,1.0147,44.26
2024-10-07,171.08,172.41,168.21,170.97,164.05,157.85,148.61,160.79,161.74,153.2867,1,159.4000,1,6561812,6344151,5.2554,4.0986,1.1568,48.66
2024-10-08,171.75,173.60,170.00,172.80,165.50,159.34,149.27,160.58,161.92,155.3991,1,162.0020,1,6001379,6331563,5.6795,4.4148,1.2647,49.69
2024-10-09,174.05,174.05,169.55,171.02,166.40,160.40,149.92,160.31,162.08,155.6892,1,164.3216,1,5795988,6256985,5.8050,4.6928,1.1122,51.68
2024-10-10,169.76,172.01,162.00,164.18,166.07,161.07,150.31,160.00,162.20,155.6892,1,174.0500,0,12332150,6173327,5.2916,4.8126,0.4790,49.08
2024-10-11,164.19,169.35,163.01,167.89,166.42,161.85,151.02,159.73,162.33,155.6892,1,174.0500,0,7074247,6063697,5.1249,4.8750,0.2499,61.37
2024-10-14,167.77,168.90,165.15,165.27,166.54,162.51,151.67,159.51,162.42,155.6892,1,173.8090,0,5248513,5960478,4.7270,4.8454,-0.1184,54.81
2024-10-15,163.21,164.13,155.74,156.64,166.23,162.80,152.11,159.21,162.46,155.6892,1,173.5728,0,7952299,5914356,3.6729,4.6109,-0.9380,44.62
2024-10-16,158.07,158.28,154.92,156.13,165.87,163.19,152.63,158.95,162.50,155.6892,1,172.8595,0,4773800,5842016,2.7645,4.2416,-1.4771,40.58
2024-10-17,160.00,160.44,156.20,156.25,165.21,163.17,153.18,158.74,162.59,155.6892,1,171.7831,0,4608109,5793473,2.0309,3.7995,-1.7686,37.29
2024-10-18,157.41,158.01,155.56,155.97,163.71,163.17,153.57,158.51,162.70,155.6892,1,170.7714,0,3715673,5734091,1.4106,3.3217,-1.9111,40.61
2024-10-21,155.76,158.00,154.15,157.90,162.41,163.23,154.05,158.29,162.81,155.6892,1,169.8203,0,4070851,5706526,1.0625,2.8699,-1.8073,48.63
2024-10-22,156.60,156.74,151.91,154.09,160.53,163.02,154.39,158.11,162.88,170.0910,0,168.5666,0,5392749,5705719,0.4738,2.3907,-1.9169,42.18
2024-10-23,153.00,153.45,150.52,152.91,158.72,162.56,154.63,157.93,162.92,167.2454,0,166.9010,0,3990324,5666361,-0.0870,1.8951,-1.9821,44.28
2024-10-24,154.74,155.19,152.35,153.44,157.65,161.86,154.88,157.76,162.94,167.2454,0,164.9353,0,3510247,5636616,-0.4831,1.4195,-1.9026,46.53
2024-10-25,155.40,158.91,155.05,156.23,156.48,161.45,155.06,157.61,162.98,167.2454,0,163.2054,0,4649170,5601153,-0.5654,1.0225,-1.5879,45.96
2024-10-28,158.50,160.28,157.04,159.92,155.95,161.24,155.29,157.48,163.04,167.2454,0,161.6832,0,5758735,5623853,-0.3291,0.7522,-1.0812,52.65
2024-10-29,161.10,167.51,158.94,166.25,156.91,161.57,155.51,157.40,163.13,167.2454,0,150.5200,1,11952710,5674189,0.3648,0.6747,-0.3099,61.08
2024-10-30,153.01,153.12,148.10,148.60,156.16,161.01,155.35,157.20,163.08,167.2454,0,167.5100,0,13032473,5694448,-0.5037,0.4390,-0.9427,35.34
2024-10-31,147.80,148.68,143.33,144.07,154.94,160.07,155.08,156.95,163.00,165.1685,0,167.5100,0,6394778,5687286,-1.5397,0.0433,-1.5830,36.21
2024-11-01,144.44,144.54,141.32,141.86,153.53,158.62,154.88,156.68,162.90,161.1431,0,166.5428,0,5536427,5659248,-2.5102,-0.4674,-2.0428,32.09
2024-11-04,141.70,143.64,139.72,140.71,151.81,157.11,154.59,156.42,162.73,159.2478,0,165.0294,0,4097110,5605754,-3.3337,-1.0407,-2.2930,28.61
2024-11-05,141.94,143.08,140.80,141.66,150.57,155.55,154.43,156.16,162.60,158.4620,0,163.0047,0,3834354,5532771,-3.8651,-1.6056,-2.2596,28.27
2024-11-06,144.95,145.63,141.52,145.10,149.78,154.25,154.32,156.02,162.48,158.4620,0,161.1419,0,4775459,5522621,-3.9630,-2.0771,-1.8859,27.01
2024-11-07,146.68,150.12,145.66,149.82,149.42,153.54,154.39,155.89,162.34,158.4620,0,159.4281,0,4543501,5513744,-3.6180,-2.3852,-1.2328,29.57
2024-11-08,149.39,150.71,147.53,147.95,148.59,152.54,154.44,155.74,162.18,158.4620,0,157.8515,0,4077546,5503340,-3.4556,-2.5993,-0.8563,25.18
2024-11-11,147.38,148.57,144.91,147.35,147.34,151.64,154.41,155.58,162.03,158.4620,0,156.4010,0,4401065,5498751,-3.3369,-2.7468,-0.5901,23.24
2024-11-12,147.00,147.45,141.55,143.63,145.08,150.99,154.55,155.43,161.86,158.4620,0,155.0665,0,4820266,5479654,-3.5026,-2.8980,-0.6046,22.05
2024-11-13,142.86,144.49,139.07,139.30,144.15,150.15,154.52,155.22,161.69,157.0805,0,153.8388,0,4895921,5458874,-3.9380,-3.1060,-0.8320,17.51
2024-11-14,140.34,141.40,138.56,138.84,143.62,149.28,154.50,155.06,161.55,154.6024,0,152.3619,0,4398645,5477062,-4.2709,-3.3390,-0.9319,18.38
2024-11-15,136.57,137.35,133.65,134.90,142.93,148.23,154.52,154.89,161.37,150.2172,0,150.7057,0,5964940,5488899,-4.7973,-3.6306,-1.1667,16.06
2024-11-18,138.19,140.90,137.21,138.93,142.75,147.28,154.53,154.72,161.18,150.2172,0,148.3179,0,5377341,5521307,-4.8336,-3.8712,-0.9624,18.46
2024-11-19,137.41,139.75,137.14,139.39,142.52,146.54,154.46,154.63,161.00,150.2172,0,146.2644,0,3224286,5479470,-4.7703,-4.0510,-0.7192,18.84
2024-11-20,138.96,140.77,135.48,137.60,141.77,145.78,154.22,154.51,160.85,150.2172,0,144.4984,0,3968811,5406183,-4.8091,-4.2026,-0.6064,18.38
2024-11-21,138.87,140.28,134.93,137.49,140.54,144.98,153.95,154.45,160.68,150.2172,0,142.9796,0,4030025,5398632,-4.7934,-4.3208,-0.4726,14.88
2024-11-22,137.35,139.13,137.04,138.35,139.58,144.09,153.67,154.38,160.53,150.2172,0,141.6734,0,3013913,5382398,-4.6580,-4.3882,-0.2697,15.37
2024-11-25,140.49,142.35,139.05,141.13,138.96,143.15,153.45,154.31,160.37,150.2172,0,133.6500,1,4364177,5385497,-4.2770,-4.3660,0.0890,15.22
2024-11-26,142.55,142.80,136.62,137.72,138.37,141.72,153.19,154.21,160.20,150.2172,0,133.8240,1,4419765,5383735,-4.2018,-4.3331,0.1314,13.96
2024-11-27,137.20,137.94,132.96,136.24,138.06,141.10,152.95,154.10,160.03,149.6442,0,142.8000,0,4111083,5387896,-4.2130,-4.3091,0.0961,14.19
2024-11-29,136.24,138.59,135.78,137.18,137.89,140.76,152.56,153.96,159.82,149.6442,0,142.8000,0,2206636,5292530,-4.0988,-4.2671,0.1682,13.89
2024-12-02,137.92,142.82,137.80,142.06,138.61,140.77,152.28,153.84,159.64,149.6442,0,132.9600,1,4702527,5261047,-3.5734,-4.1283,0.5549,17.50
2024-12-03,142.58,143.45,141.08,141.98,138.91,140.83,151.99,153.73,159.48,149.6442,0,133.1572,1,3218019,5257288,-3.1274,-3.9281,0.8008,19.07
2024-12-04,142.96,144.12,141.18,143.99,139.37,140.95,151.70,153.73,159.38,149.6442,0,133.5689,1,3735490,5244823,-2.5819,-3.6589,1.0770,19.71
2024-12-05,143.68,143.95,140.38,141.36,139.75,140.76,151.29,153.70,159.26,149.6442,0,134.2020,1,4180991,5214273,-2.3350,-3.3941,1.0591,18.04
2024-12-06,141.48,142.79,137.40,138.59,139.86,140.20,150.71,153.62,159.05,149.6442,0,134.7971,1,4653409,5179899,-2.3359,-3.1825,0.8466,14.15
2024-12-09,135.71,135.77,130.00,130.87,139.11,139.35,150.04,153.45,158.82,147.1401,0,144.1200,0,7466866,5237608,-2.9258,-3.1311,0.2054,9.54
2024-12-10,131.56,131.56,127.07,127.74,137.77,138.36,149.31,153.27,158.58,143.4916,0,143.8376,0,4970006,5265201,-3.6043,-3.2258,-0.3785,9.24
2024-12-11,128.52,131.21,126.22,130.15,137.02,137.69,148.72,153.12,158.34,142.9710,0,143.1669,0,5933291,5282164,-3.9026,-3.3611,-0.5415,9.35
2024-12-12,130.00,132.32,129.07,130.60,136.45,137.26,148.14,152.97,158.11,142.9710,0,142.1501,0,4475283,5292961,-4.0559,-3.5001,-0.5558,10.76
2024-12-13,131.30,131.30,124.77,126.91,135.42,136.66,147.42,152.80,157.78,142.4188,0,141.1943,0,8572098,5367999,-4.4242,-3.6849,-0.7393,10.41
2024-12-16,126.01,127.76,123.12,126.69,133.89,136.25,146.53,152.65,157.40,139.7774,0,139.8803,0,5332420,5322354,-4.6798,-3.8839,-0.7959,10.53
2024-12-17,124.45,127.08,123.15,125.02,132.19,135.55,145.61,152.46,157.00,139.1977,0,138.2043,0,5415229,5299422,-4.9600,-4.0991,-0.8609,9.92
2024-12-18,125.43,127.75,120.43,121.41,129.93,134.65,144.59,152.20,156.58,138.9604,0,136.6959,0,6037040,5300135,-5.4110,-4.3615,-1.0495,10.18
2024-12-19,122.16,123.38,118.45,118.88,127.69,133.72,143.54,151.91,156.12,135.7774,0,134.7440,0,5487584,5293967,-5.9045,-4.6701,-1.2344,9.08
2024-12-20,118.00,121.86,117.90,119.21,125.75,132.80,142.64,151.61,155.66,134.4441,0,132.4628,0,6388607,5175096,-6.1975,-4.9756,-1.2219,8.55
2024-12-23,120.71,126.34,120.47,124.60,125.12,132.12,141.78,151.33,155.25,134.4441,0,130.1328,0,5953126,5152674,-5.9265,-5.1657,-0.7607,9.15
2024-12-24,127.51,127.51,124.66,126.29,124.98,131.37,141.00,151.08,154.88,134.4441,0,128.1755,0,3135730,5110418,-5.5118,-5.2349,-0.2768,10.37
2024-12-26,125.52,127.30,125.05,125.06,124.47,130.74,140.37,150.81,154.50,134.4441,0,127.5100,0,3126275,5013898,-5.2222,-5.2324,0.0102,8.89
2024-12-27,124.37,126.18,122.26,125.19,123.93,130.19,139.75,150.57,154.15,134.4441,0,127.5100,0,4121756,5000857,-4.9254,-5.1710,0.2456,9.54
2024-12-30,123.56,124.10,122.35,122.44,123.48,129.45,139.07,150.28,153.82,134.4441,0,127.3000,0,3734616,4983387,-4.8561,-5.1080,0.2519,7.90
2024-12-31,123.10,123.55,120.14,120.79,122.89,128.39,138.37,149.94,153.47,134.4441,0,126.1800,0,3648269,4982039,-4.8782,-5.0621,0.1839,6.49
2025-01-02,122.29,123.14,119.44,120.63,122.45,127.32,137.62,149.64,153.12,133.9292,0,124.8552,0,4132325,4983268,-4.8526,-5.0202,0.1676,5.77
2025-01-03,121.65,125.56,121.42,125.37,122.85,126.39,137.05,149.37,152.84,133.9292,0,117.9000,1,4611773,4967649,-4.3991,-4.8959,0.4968,5.96
2025-01-06,129.07,130.73,127.36,129.55,123.91,125.80,136.58,149.12,152.59,133.9292,0,118.0532,1,6221017,5012263,-3.6603,-4.6488,0.9886,7.71
2025-01-07,130.51,131.71,126.85,127.33,124.73,125.24,136.06,148.88,152.34,133.9292,0,118.5603,1,4993934,5041936,-3.2168,-4.3624,1.1456,7.06
2025-01-08,124.51,125.30,120.12,121.84,124.45,124.79,135.37,148.62,152.05,133.9292,0,119.3493,1,5692742,5062808,-3.2706,-4.1440,0.8735,7.44
2025-01-10,118.18,118.71,114.45,116.04,123.42,124.20,134.49,148.29,151.73,131.5306,0,131.7100,0,6894586,5085525,-3.7382,-4.0629,0.3247,6.03
2025-01-13,115.28,117.48,114.41,117.32,122.65,123.56,133.51,147.96,151.43,130.3216,0,131.3648,0,4590603,4938283,-3.9598,-4.0422,0.0825,6.74
2025-01-14,118.00,118.66,114.50,116.09,121.74,122.83,132.86,147.61,151.11,130.3216,0,130.6866,0,4295945,4763552,-4.1864,-4.0711,-0.1153,6.97
2025-01-15,117.55,120.42,117.46,119.96,121.49,122.49,132.38,147.34,150.81,130.3216,0,130.0355,0,4580769,4727272,-4.0075,-4.0584,0.0508,8.23
2025-01-16,120.24,121.09,118.25,118.44,121.26,122.07,131.91,147.07,150.49,130.3216,0,129.4105,0,3483806,4686220,-3.9430,-4.0353,0.0923,8.11
2025-01-17,120.78,122.74,120.55,121.46,121.34,121.90,131.53,146.81,150.20,130.3216,0,128.8105,0,4344126,4691160,-3.6066,-3.9496,0.3430,9.70
2025-01-21,122.39,123.75,121.12,122.28,121.03,121.94,131.14,146.56,149.91,130.3216,0,128.2345,0,3861456,4691702,-3.2365,-3.8069,0.5705,8.45
2025-01-22,123.08,125.65,121.91,123.75,120.45,122.18,130.71,146.32,149.70,130.3216,0,127.6815,0,4334195,4682877,-2.7924,-3.6040,0.8116,10.88
2025-01-23,121.43,123.71,120.63,123.04,120.02,122.37,130.18,146.09,149.46,130.3216,0,127.1506,0,3066292,4653332,-2.4692,-3.3771,0.9078,10.57
2025-01-24,124.55,125.25,122.23,122.84,120.12,122.29,129.68,145.88,149.22,130.3216,0,126.6410,0,3878096,4649343,-2.2039,-3.1424,0.9385,9.58
2025-01-27,117.80,118.08,112.80,115.01,120.02,121.72,129.03,145.57,148.95,129.3040,0,126.1518,0,7023419,4701790,-2.5955,-3.0330,0.4375,7.08
2025-01-28,115.18,116.15,112.95,114.17,119.70,121.18,128.44,145.25,148.68,127.9876,0,125.3507,0,4630141,4697988,-2.9397,-3.0144,0.0746,6.62
2025-01-29,115.77,118.52,114.96,117.35,119.83,120.78,128.00,144.97,148.42,127.9876,0,124.5976,0,4717364,4694417,-2.9223,-2.9960,0.0737,6.69
2025-01-30,118.53,120.44,117.09,118.86,119.72,120.61,127.60,144.69,148.19,127.9876,0,123.8898,0,3540649,4677257,-2.7548,-2.9477,0.1929,8.74
2025-01-31,119.14,119.57,115.33,115.95,119.47,120.36,127.22,144.41,147.97,127.9876,0,123.2244,0,4691731,4651793,-2.8244,-2.9231,0.0987,8.06
2025-02-03,113.88,115.16,112.98,114.27,118.75,120.05,126.73,144.11,147.73,126.6876,0,122.5989,0,3952154,4623289,-2.9807,-2.9346,-0.0461,8.78
2025-02-04,115.45,119.85,114.79,119.50,118.47,119.75,126.33,143.83,147.55,126.6876,0,122.0110,0,8294746,4724698,-2.6520,-2.8781,0.2261,10.67
2025-02-05,107.61,112.09,106.50,112.01,117.30,118.88,125.82,143.52,147.34,124.9218,0,121.4583,0,12364246,4892607,-2.9617,-2.8948,-0.0669,7.52
2025-02-06,110.93,112.56,109.02,110.16,116.01,118.02,125.27,143.16,147.16,124.9218,0,120.2617,0,5554994,4923106,-3.3182,-2.9795,-0.3387,6.77
2025-02-07,109.13,109.92,106.79,107.56,114.48,117.30,124.66,142.79,146.95,122.9795,0,119.1607,0,4956634,4961961,-3.7671,-3.1370,-0.6301,5.33
2025-02-10,108.44,111.40,108.15,110.48,114.03,117.02,124.04,142.38,146.74,122.9795,0,118.1479,0,3856349,4951804,-3.8430,-3.2782,-0.5648,6.01
2025-02-11,108.98,113.07,108.94,111.10,113.72,116.71,123.51,141.93,146.54,122.9795,0,117.2160,0,3892255,4941254,-3.8092,-3.3844,-0.4247,6.77
2025-02-12,109.52,111.84,109.06,111.72,113.16,116.50,123.02,141.49,146.33,122.9795,0,116.3588,0,2828717,4915607,-3.6898,-3.4455,-0.2443,7.03
2025-02-13,112.00,114.60,110.40,111.81,112.46,116.09,122.51,141.01,146.10,122.9795,0,115.5701,0,4574348,4962961,-3.5470,-3.4658,-0.0812,6.80
2025-02-14,112.65,114.63,111.70,113.10,112.17,115.82,121.94,140.55,145.86,122.9795,0,114.8445,0,3673171,4942374,-3.2918,-3.4310,0.1392,6.05
2025-02-18,114.05,115.55,113.45,114.28,112.17,115.46,121.38,140.10,145.64,122.9795,0,106.5000,1,3624996,4950513,-2.9603,-3.3369,0.3766,6.08
2025-02-19,114.25,116.11,113.14,114.69,111.69,115.08,120.80,139.67,145.50,122.9795,0,106.6810,1,3303955,4941883,-2.6341,-3.1963,0.5622,5.74
2025-02-20,115.01,116.55,113.11,114.17,111.91,114.60,120.25,139.24,145.34,122.9795,0,107.0582,1,3107662,4920416,-2.3899,-3.0350,0.6451,6.08
2025-02-21,114.85,115.76,110.43,110.84,111.97,113.99,119.70,138.92,145.14,122.9795,0,107.6277,1,4583644,4919021,-2.4371,-2.9154,0.4784,5.89
2025-02-24,111.49,111.60,107.98,108.11,112.03,113.26,119.24,138.60,144.90,121.9493,0,116.5500,0,3142996,4832543,-2.6640,-2.8652,0.2011,5.74
2025-02-25,107.89,108.64,103.62,103.96,111.38,112.70,118.77,138.28,144.65,118.5793,0,116.3786,0,4072030,4814584,-3.1425,-2.9206,-0.2219,5.55
2025-02-26,104.95,105.80,103.99,104.74,110.74,112.23,118.26,137.94,144.40,116.6514,0,115.8683,0,3056125,4757040,-3.4194,-3.0204,-0.3990,6.23
2025-02-27,105.08,105.76,99.50,99.51,109.52,111.34,117.64,137.58,144.14,115.0888,0,115.3783,0,4703211,4761599,-4.0145,-3.2192,-0.7953,5.63
2025-02-28,99.56,101.80,98.69,99.86,108.33,110.39,117.09,137.28,143.88,112.3909,0,114.4256,0,4513133,4680420,-4.4071,-3.4568,-0.9503,6.08
2025-03-03,101.52,102.34,97.09,98.23,106.84,109.50,116.53,137.01,143.62,112.2213,0,113.1668,0,3826844,4650308,-4.7946,-3.7243,-1.0702,7.18
2025-03-04,96.00,103.18,95.89,100.75,105.49,108.83,116.04,136.75,143.35,112.2213,0,111.5591,0,5456308,4651130,-4.8424,-3.9480,-0.8945,7.71
2025-03-05,100.36,101.84,98.87,101.67,104.18,107.94,115.65,136.50,143.06,112.2213,0,109.6788,0,2832069,4587030,-4.7513,-4.1086,-0.6427,6.92
2025-03-06,99.05,101.08,98.27,98.85,102.65,107.28,115.24,136.24,142.74,112.2213,0,108.0242,0,2865167,4534582,-4.8508,-4.2571,-0.5937,5.93
2025-03-07,98.88,100.65,96.39,100.31,101.60,106.79,114.87,135.94,142.42,111.2374,0,106.5681,0,3335749,4473525,-4.7570,-4.3570,-0.3999,5.74
2025-03-10,98.57,101.29,95.83,96.63,100.45,106.24,114.31,135.70,142.08,111.2374,0,105.2867,0,3742789,4429318,-4.9228,-4.4702,-0.4526,6.23
2025-03-11,96.79,98.16,94.73,96.76,99.73,105.55,113.72,135.46,141.74,109.2493,0,103.9628,0,3297416,4432552,-4.9863,-4.5734,-0.4129,7.93
2025-03-12,99.05,101.72,98.17,100.79,99.34,105.04,113.23,135.24,141.41,109.2493,0,102.4855,0,3451181,4439050,-4.6577,-4.5903,-0.0674,9.30
2025-03-13,99.72,100.07,97.27,98.11,99.20,104.36,112.69,135.02,141.10,109.2493,0,101.7200,0,2803513,4412685,-4.5610,-4.5844,0.0234,8.95
2025-03-14,99.64,101.22,99.58,100.97,99.31,103.82,112.26,134.84,140.77,109.2493,0,101.7200,0,2495504,4387903,-4.2050,-4.5085,0.3035,8.87
2025-03-17,102.60,106.15,102.60,104.59,99.94,103.39,111.94,134.63,140.44,109.2493,0,94.7300,1,4569485,4406327,-3.5895,-4.3247,0.7352,9.78
2025-03-18,103.85,104.55,102.97,103.51,100.22,102.85,111.59,134.42,140.13,109.2493,0,94.9584,1,2810586,4379892,-3.1525,-4.0903,0.9378,9.55
2025-03-19,104.42,107.90,101.96,106.23,100.68,102.43,111.21,134.22,139.83,109.2493,0,95.1822,1,3429901,4356255,-2.5572,-3.7837,1.2265,10.12
2025-03-20,105.12,108.26,105.12,107.14,101.50,102.08,110.76,133.99,139.53,109.2493,0,95.6909,1,2879045,4289416,-1.9891,-3.4247,1.4357,10.65
2025-03-21,105.33,107.25,104.33,106.44,102.12,101.86,110.34,133.76,139.24,109.2493,0,96.4451,1,3274935,4255036,-1.5771,-3.0552,1.4781,11.48
2025-03-24,109.73,114.85,109.40,113.85,103.84,102.15,110.19,133.54,139.01,98.9129,1,97.1540,1,6072987,4262640,-0.6453,-2.5732,1.9279,13.67
2025-03-25,113.27,114.95,112.71,114.81,105.64,102.69,110.16,133.31,138.76,101.2671,1,98.5697,1,3338388,4191516,0.1687,-2.0248,2.1936,14.16
2025-03-26,114.11,115.90,108.68,110.19,106.58,102.96,110.02,133.01,138.47,101.2671,1,100.2077,1,4388207,4187469,0.4360,-1.5327,1.9687,11.63
2025-03-27,106.11,107.62,105.55,106.65,107.44,103.32,109.83,132.68,138.17,101.2671,1,102.0908,1,3495315,4171456,0.3581,-1.1545,1.5126,10.34
2025-03-28,105.53,106.51,102.48,103.22,107.66,103.49,109.49,132.32,137.88,101.2671,1,115.9000,0,3206953,4143980,0.0193,-0.9198,0.9390,10.03
2025-03-31,100.24,102.82,98.80,102.74,107.48,103.71,109.18,131.99,137.60,101.2671,1,115.6316,0,3171101,4137726,-0.2846,-0.7927,0.5081,10.29
2025-04-01,102.16,102.83,100.93,102.78,107.41,103.81,108.81,131.64,137.31,101.2671,1,114.9583,0,2417714,4099197,-0.5163,-0.7375,0.2211,11.23
2025-04-02,101.52,104.19,100.76,102.96,107.08,103.88,108.42,131.33,137.03,101.2671,1,114.3120,0,2140950,4064787,-0.6776,-0.7255,0.0479,10.71
2025-04-03,97.79,99.45,93.64,93.80,105.74,103.62,107.82,130.95,136.70,110.4981,0,113.6915,0,4734321,4072790,-1.5270,-0.8858,-0.6412,11.20
2025-04-04,90.10,91.08,83.67,85.76,103.68,102.90,107.08,130.55,136.34,102.9718,0,112.4884,0,5647039,4124405,-2.8164,-1.2719,-1.5445,9.23
2025-04-07,80.68,89.00,77.75,83.64,100.66,102.25,106.29,130.14,135.98,100.7871,0,110.1830,0,5897908,4164801,-3.9636,-1.8102,-2.1534,10.06
2025-04-08,86.15,88.93,76.48,78.21,97.00,101.32,105.56,129.67,135.56,100.7871,0,106.9397,0,5467677,4133686,-5.2504,-2.4983,-2.7522,10.13
2025-04-09,79.22,97.91,78.87,96.84,95.66,101.12,105.21,129.40,135.24,100.7871,0,103.2845,0,9473605,4230555,-4.7127,-2.9412,-1.7715,16.51
2025-04-10,91.00,92.95,85.06,88.70,93.86,100.65,104.64,129.05,134.88,100.7871,0,100.0680,0,5784180,4251892,-4.8870,-3.3303,-1.5566,14.70
2025-04-11,90.51,94.76,90.50,93.40,92.88,100.27,104.13,128.74,134.55,100.7871,0,97.9100,0,5407169,4289222,-4.5929,-3.5828,-1.0101,17.10
2025-04-14,97.11,97.37,93.45,94.50,92.06,99.77,103.70,128.48,134.23,100.7871,0,76.4800,1,3402284,4263433,-4.2224,-3.7107,-0.5117,16.69
2025-04-15,94.66,96.85,94.62,95.29,91.31,99.36,103.32,128.19,133.91,100.7871,0,76.8978,1,2679221,4237974,-3.8210,-3.7328,-0.0882,18.61
2025-04-16,87.61,90.47,85.30,88.29,89.84,98.46,102.69,127.83,133.54,100.7871,0,77.3072,1,5483604,4181752,-4.0214,-3.7905,-0.2309,13.82
2025-04-17,88.84,89.03,86.52,87.50,89.21,97.48,102.20,127.41,133.19,100.7871,0,77.7085,1,3045123,3995369,-4.1956,-3.8715,-0.3240,13.63
2025-04-21,86.02,86.14,83.75,85.56,89.19,96.43,101.71,126.98,132.80,100.7871,0,78.1017,1,2896668,3942203,-4.4390,-3.9850,-0.4540,12.65
2025-04-22,86.12,87.17,85.17,86.26,89.45,95.05,101.29,126.54,132.41,100.7871,0,78.4871,1,3039518,3903860,-4.5232,-4.0927,-0.4306,11.36
2025-04-23,91.88,93.74,90.12,90.39,90.67,93.83,100.88,126.13,132.00,100.7871,0,78.8648,1,3715264,3901039,-4.2083,-4.1158,-0.0925,13.21
2025-04-24,91.59,94.75,90.37,94.47,90.44,93.05,100.55,125.75,131.58,100.7871,0,79.2349,1,3181929,3886832,-3.5881,-4.0102,0.4222,15.06
2025-04-25,93.28,97.10,92.85,96.65,91.23,92.55,100.25,125.41,131.18,100.7871,0,79.5976,1,2761803,3885494,-2.8874,-3.7857,0.8983,15.50
2025-04-28,95.58,97.49,94.27,96.39,91.53,92.21,99.94,125.00,130.74,100.7871,0,79.9530,1,2935721,3852721,-2.3262,-3.4938,1.1676,16.30
2025-04-29,95.76,97.18,95.33,96.06,91.69,91.87,99.60,124.61,130.31,100.7871,0,80.6545,1,1988500,3819028,-1.8864,-3.1723,1.2859,15.73
2025-04-30,92.81,97.55,91.87,97.35,91.89,91.60,99.26,124.21,129.89,100.7871,0,81.3279,1,2894284,3804414,-1.4174,-2.8213,1.4039,17.99
2025-05-01,99.27,100.10,96.45,96.65,92.73,91.29,98.90,123.80,129.48,100.7871,0,82.3012,1,2860019,3795535,-1.0896,-2.4750,1.3854,17.09
2025-05-02,98.40,99.88,98.30,98.80,93.86,91.54,98.59,123.38,129.08,100.7871,0,83.7251,1,2959841,3792578,-0.6489,-2.1098,1.4609,14.90
2025-05-05,99.00,102.05,98.76,100.59,95.36,92.28,98.39,122.93,128.79,100.7871,0,85.0351,1,4151238,3783930,-0.1534,-1.7185,1.5651,20.06
2025-05-06,98.41,100.07,97.44,98.62,96.60,93.03,98.20,122.49,128.50,100.7871,0,86.7366,1,5351545,3828101,0.0794,-1.3589,1.4383,18.78
2025-05-07,100.75,103.42,96.88,100.36,97.59,94.13,98.13,122.07,128.25,100.7871,0,88.2680,1,8678571,3920232,0.3997,-1.0072,1.4069,20.21
2025-05-08,101.92,105.44,101.56,101.70,98.32,94.38,98.07,121.68,127.97,89.0336,1,90.0862,1,5515333,3969416,0.7530,-0.6552,1.4081,18.37
2025-05-09,102.59,103.54,101.60,102.84,98.94,95.08,98.13,121.30,127.72,89.0336,1,92.2357,1,3260470,3940561,1.1121,-0.3017,1.4138,18.44
2025-05-12,110.42,110.67,106.98,108.12,100.11,95.82,98.30,120.94,127.54,94.2344,1,94.0843,1,5464753,3959594,1.8020,0.1190,1.6830,18.74
2025-05-13,109.60,113.13,109.00,112.46,101.75,96.72,98.58,120.55,127.41,96.4304,1,96.7380,1,6259467,4008246,2.6682,0.6289,2.0393,22.32
2025-05-14,119.83,122.52,116.59,117.72,103.79,97.84,98.92,120.19,127.30,103.3659,1,99.6886,1,10211468,4103349,3.7360,1.2503,2.4857,28.38
2025-05-15,117.02,117.50,114.01,114.99,105.62,99.17,99.19,119.81,127.17,103.3659,1,104.2549,1,5041529,4147539,4.3123,1.8627,2.4496,25.13
2025-05-16,118.07,118.24,116.01,117.17,107.46,100.66,99.56,119.45,127.07,103.3659,1,107.9079,1,5087486,4191985,4.8886,2.4679,2.4207,26.07
2025-05-19,115.02,115.53,114.06,114.74,108.87,102.12,99.84,119.12,126.92,103.3659,1,110.8303,1,4329989,4211870,5.0905,2.9924,2.0981,25.17
2025-05-20,114.35,114.51,112.08,113.51,110.36,103.48,100.18,118.76,126.82,103.3659,1,122.5200,0,3295286,4202920,5.0926,3.4124,1.6801,24.91
2025-05-21,113.85,116.10,111.09,112.06,111.53,104.56,100.49,118.40,126.72,103.3659,1,122.3112,0,4885211,4234676,4.9205,3.7140,1.2064,28.45
2025-05-22,111.90,112.64,110.61,110.71,112.43,105.37,100.69,118.09,126.60,103.3659,1,121.8623,0,3238489,4230422,4.6219,3.8956,0.7263,28.14
2025-05-23,108.09,111.02,107.67,110.31,113.18,106.06,100.93,117.79,126.50,103.3659,1,121.1872,0,3404972,4242451,4.3034,3.9772,0.3262,29.11
2025-05-27,113.18,115.40,112.27,114.56,113.82,106.97,101.20,117.51,126.43,103.3659,1,120.1058,0,4340106,4279343,4.3438,4.0505,0.2933,33.72
2025-05-28,114.92,114.95,112.66,112.86,113.86,107.81,101.37,117.22,126.31,103.3659,1,119.1110,0,3101810,4249990,4.1904,4.0785,0.1119,34.36
2025-05-29,115.49,115.54,112.13,113.03,113.39,108.59,101.56,116.92,126.21,103.3659,1,118.1957,0,3447573,4262729,4.0360,4.0700,-0.0340,32.96
2025-05-30,111.58,112.11,108.62,110.73,112.97,109.29,101.65,116.64,126.08,103.3659,1,117.3536,0,3996080,4274053,3.6856,3.9931,-0.3075,27.68
2025-06-02,111.06,114.86,111.01,114.63,112.71,110.09,101.80,116.38,125.94,103.3659,1,116.5789,0,3906407,4294600,3.6801,3.9305,-0.2504,31.25
2025-06-03,114.50,117.68,113.28,117.31,112.97,110.92,102.01,116.14,125.83,103.3659,1,107.6700,1,4359415,4316290,3.8477,3.9139,-0.0663,32.78
2025-06-04,117.41,119.30,115.73,118.58,113.48,111.92,102.11,115.89,125.68,105.2416,1,107.8702,1,3678945,4268409,4.0364,3.9384,0.0980,35.74
2025-06-05,118.95,119.24,114.71,115.69,113.84,112.69,102.13,115.59,125.52,105.2416,1,108.3274,1,3943988,4280521,3.9078,3.9323,-0.0245,35.29
2025-06-06,117.69,118.38,115.88,116.19,114.39,113.41,102.25,115.26,125.32,105.2416,1,108.7663,1,3142022,4255597,3.8023,3.9063,-0.1040,33.26
2025-06-09,119.18,122.37,119.04,121.73,115.53,114.35,102.55,115.08,125.15,108.0766,1,109.1876,1,6748431,4320660,4.1183,3.9487,0.1696,37.21
2025-06-10,121.11,124.09,120.80,123.24,116.40,115.11,102.95,114.94,124.98,110.0924,1,109.9786,1,5138110,4359283,4.4394,4.0469,0.3926,40.70
2025-06-11,124.44,124.47,119.88,121.14,117.23,115.54,103.32,114.80,124.82,110.0924,1,111.1075,1,3908207,4374025,4.4729,4.1321,0.3408,35.93
2025-06-12,120.62,122.25,118.03,118.50,117.77,115.58,103.63,114.66,124.64,110.0924,1,112.4437,1,5299130,4431653,4.2375,4.1532,0.0844,30.03
2025-06-13,116.05,117.88,115.06,116.16,118.32,115.64,103.90,114.49,124.47,110.0924,1,113.6464,1,4611866,4481071,3.8182,4.0862,-0.2680,29.87
2025-06-16,118.64,128.14,117.78,126.39,119.49,116.10,104.55,114.36,124.35,110.0924,1,114.7287,1,12761409,4641613,4.2622,4.1214,0.1408,43.56
2025-06-17,127.93,130.70,126.58,127.10,120.47,116.72,105.37,114.21,124.25,114.1560,1,115.0600,1,11009898,4748870,4.6181,4.2207,0.3974,45.29
2025-06-18,128.01,129.21,125.77,126.79,121.29,117.39,106.24,114.07,124.16,114.1560,1,117.2496,1,6292220,4756757,4.8196,4.3405,0.4791,42.77
2025-06-20,129.00,132.81,127.55,128.24,122.55,118.19,107.24,113.94,124.06,115.7132,1,119.1327,1,10250352,4852410,5.0382,4.4800,0.5582,39.28
2025-06-23,130.47,133.25,126.82,129.58,123.89,119.14,107.89,113.85,124.02,115.7132,1,121.3210,1,8442513,4831788,5.2590,4.6358,0.6232,36.69
2025-06-24,133.43,138.79,132.93,138.43,125.56,120.54,108.89,113.84,124.01,119.6428,1,123.4682,1,10876721,4933639,6.0780,4.9243,1.1537,53.58
2025-06-25,140.94,144.18,139.46,143.40,127.57,121.99,109.89,113.87,124.03,125.4995,1,126.5326,1,10698672,5039469,7.0469,5.3488,1.6981,65.57
2025-06-26,145.97,146.00,141.91,143.68,129.83,123.53,110.87,113.93,124.08,128.0396,1,130.0621,1,8359316,5138610,7.7480,5.8286,1.9194,64.07
2025-06-27,144.18,147.75,141.63,143.81,132.36,125.07,111.84,113.96,124.10,128.5301,1,133.2497,1,8907289,5263171,8.2194,6.3068,1.9126,65.35
2025-06-30,144.00,146.00,141.01,141.90,134.93,126.62,112.91,113.98,124.10,128.5301,1,136.1497,1,6097797,5275455,8.3427,6.7140,1.6287,62.27
2025-07-01,138.77,140.23,135.12,136.11,135.90,127.70,113.89,113.97,124.03,128.5301,1,147.7500,0,7521058,5364974,7.8823,6.9476,0.9347,50.19
2025-07-02,135.53,139.78,135.22,138.52,137.05,128.76,114.94,113.98,123.97,128.5301,1,147.4974,0,5433863,5415718,7.6241,7.0829,0.5411,58.26
2025-07-03,139.11,139.50,137.32,137.91,138.16,129.73,115.98,113.97,123.90,128.5301,1,147.2499,0,3950570,5433939,7.2862,7.1236,0.1626,64.48
2025-07-07,136.56,137.44,133.50,134.80,138.81,130.68,116.87,113.93,123.81,128.5301,1,147.0073,0,5040846,5460450,6.6903,7.0369,-0.3466,65.83
2025-07-08,137.32,139.15,135.91,137.82,139.64,131.76,117.73,113.93,123.75,128.5301,1,146.4670,0,4978693,5496386,6.3882,6.9072,-0.5190,74.80
2025-07-09,138.69,140.65,137.59,138.41,139.64,132.60,118.57,113.95,123.70,128.5301,1,145.9483,0,5122983,5543609,6.1257,6.7509,-0.6252,62.91
2025-07-10,143.00,145.82,141.85,144.16,139.71,133.64,119.52,113.99,123.63,128.7741,1,133.5000,1,8808392,5661063,6.3089,6.6625,-0.3536,74.84
2025-07-11,142.60,147.40,141.60,146.42,139.99,134.91,120.53,114.02,123.59,129.2052,1,133.7464,1,7328204,5767857,6.5609,6.6422,-0.0813,76.45
2025-07-14,145.09,147.58,141.90,146.24,140.23,136.29,121.51,114.05,123.53,129.2707,1,134.2925,1,6539648,5840764,6.6692,6.6476,0.0216,76.66
2025-07-15,153.75,158.68,153.56,155.61,141.60,138.27,122.69,114.13,123.52,138.4656,1,135.0898,1,14529321,6074150,7.4255,6.8031,0.6223,83.26
2025-07-16,155.31,160.36,152.85,160.08,144.00,139.95,123.91,114.25,123.51,138.4656,1,136.9770,1,9523608,6205425,8.2899,7.1005,1.1894,88.17
2025-07-17,161.81,161.96,158.68,160.41,146.19,141.62,125.11,114.40,123.48,143.0083,1,139.3153,1,8117564,6284752,8.8991,7.4602,1.4389,87.83
2025-07-18,159.59,160.83,155.81,156.99,148.09,143.13,126.28,114.57,123.44,143.0083,1,142.0327,1,7670500,6331131,9.0021,7.7686,1.2335,86.63
2025-07-21,157.62,160.34,156.92,157.00,150.31,144.56,127.41,114.77,123.40,143.0083,1,144.4240,1,6126313,6280086,8.9811,8.0111,0.9700,87.35
2025-07-22,156.20,156.23,149.34,154.72,152.00,145.82,128.47,114.93,123.38,143.0083,1,146.5283,1,7585612,6321491,8.6803,8.1450,0.5354,84.87
2025-07-23,156.32,159.45,156.00,158.65,154.03,146.83,129.59,115.12,123.37,143.0083,1,148.3801,1,6585704,6387996,8.6593,8.2478,0.4115,83.56
2025-07-24,159.12,163.93,158.36,162.12,155.82,147.77,130.67,115.35,123.37,144.3771,1,149.3400,1,7853109,6435763,8.8209,8.3624,0.4585,86.33
2025-07-25,163.51,167.18,162.36,166.47,157.83,148.91,131.75,115.62,123.35,148.1609,1,151.3826,1,8894875,6488471,9.1941,8.5288,0.6653,87.91
2025-07-28,169.08,174.70,168.67,173.66,160.57,150.40,132.87,115.94,123.36,154.2678,1,153.9102,1,11855386,6521350,9.9552,8.8141,1.1411,90.34
2025-07-29,175.21,182.31,174.68,177.44,162.75,152.18,134.11,116.32,123.38,160.2245,1,157.6523,1,19190988,6804339,10.7396,9.1992,1.5404,91.43
2025-07-30,175.61,180.37,173.80,179.51,164.70,154.35,135.36,116.72,123.43,160.2245,1,162.5839,1,11635892,6935307,11.3969,9.6387,1.7582,92.22
2025-07-31,182.02,182.50,173.00,176.31,166.29,156.24,136.59,117.10,123.49,160.2245,1,166.5291,1,12652940,7101766,11.5268,10.0163,1.5104,92.26
2025-08-01,170.16,174.40,166.82,171.70,167.76,157.93,137.76,117.41,123.51,160.2245,1,182.5000,0,12945510,7294771,11.1294,10.2389,0.8904,91.74
2025-08-04,174.61,177.86,173.56,176.78,169.74,160.03,139.05,117.75,123.56,160.2245,1,182.5000,0,9360678,7384280,11.0964,10.4104,0.6860,92.30
2025-08-05,177.57,177.99,171.80,174.31,171.69,161.85,140.32,118.08,123.65,160.2245,1,182.1864,0,15480209,7629114,10.7471,10.4778,0.2694,90.96
2025-08-06,165.05,166.18,157.80,163.12,172.14,163.08,141.38,118.33,123.69,160.2245,1,181.8791,0,21799650,7997008,9.4584,10.2739,-0.8155,87.66
2025-08-07,166.84,175.75,166.70,172.40,173.17,164.50,142.54,118.67,123.77,160.2245,1,180.9159,0,16455286,8239311,9.0811,10.0353,-0.9542,90.17
2025-08-08,174.04,176.48,170.52,172.76,173.80,165.81,143.73,119.01,123.85,160.2245,1,179.9913,0,11897411,8415223,8.7108,9.7704,-1.0596,89.42
2025-08-11,170.04,178.82,169.38,172.28,173.66,167.12,144.92,119.36,123.92,160.2245,1,179.1036,0,12171754,8589707,8.2831,9.4730,-1.1899,88.67
2025-08-12,173.32,175.16,168.50,174.95,173.41,168.08,146.20,119.69,124.03,160.2245,1,178.8200,0,9140000,8692586,8.0666,9.1917,-1.1251,87.21
2025-08-13,179.91,186.65,179.38,184.42,173.90,169.30,147.60,120.05,124.18,160.2245,1,157.8000,1,19973626,9013930,8.5605,9.0655,-0.5050,90.09
2025-08-14,179.83,185.44,179.56,180.95,174.37,170.33,148.87,120.41,124.32,160.2245,1,158.3770,1,11998577,9166713,8.5731,8.9670,-0.3939,89.49
2025-08-15,180.06,180.14,176.25,177.51,174.95,171.35,150.05,120.78,124.43,160.2245,1,158.9425,1,9149415,9276123,8.2108,8.8158,-0.6049,89.23
2025-08-18,176.76,178.80,174.36,176.14,174.88,172.31,151.26,121.18,124.51,160.2245,1,159.4966,1,6330031,9323843,7.7242,8.5974,-0.8733,89.31
2025-08-19,173.10,173.17,166.10,166.55,174.11,172.90,152.27,121.51,124.51,160.2245,1,160.0397,1,10734980,9475703,6.4898,8.1759,-1.6861,87.10
2025-08-20,164.10,166.65,158.25,165.20,174.32,173.23,153.14,121.84,124.59,160.2245,1,186.6500,0,9950524,9539744,5.3411,7.6090,-2.2678,87.66
2025-08-21,165.86,165.88,162.26,163.71,173.45,173.31,153.95,122.13,124.69,160.2245,1,186.0820,0,6201417,9561011,4.2614,6.9394,-2.6781,87.06
2025-08-22,162.17,168.53,161.80,167.76,172.95,173.37,154.88,122.46,124.82,160.2245,1,185.5254,0,7381205,9630471,3.6900,6.2895,-2.5996,86.12
2025-08-25,165.55,165.59,161.72,163.36,172.05,172.86,155.77,122.74,124.94,160.2245,1,184.9798,0,5902965,9642547,2.8492,5.6015,-2.7523,83.69
2025-08-26,168.65,169.77,164.91,166.62,171.22,172.32,156.78,123.03,125.06,160.2245,1,184.4453,0,8687333,9724057,2.4181,4.9648,-2.5467,83.99
2025-08-27,166.04,167.68,164.65,167.13,169.49,171.70,157.60,123.32,125.17,160.2245,1,183.9213,0,6188991,9592608,2.0935,4.3905,-2.2971,84.14
2025-08-28,168.50,170.99,166.65,168.58,168.26,171.31,158.43,123.63,125.26,160.2245,1,183.4079,0,6116959,9494749,1.9309,3.8986,-1.9677,83.24
2025-08-29,166.81,168.57,161.90,162.63,166.77,170.86,159.15,123.89,125.34,160.2245,1,182.9048,0,6101357,9490932,1.3069,3.3803,-2.0733,80.96
2025-09-02,158.42,162.39,156.62,162.32,165.39,170.13,159.83,124.21,125.41,160.2245,1,182.4117,0,6274658,9411418,0.7784,2.8599,-2.0815,82.02
2025-09-03,161.81,164.75,160.58,162.13,164.94,169.53,160.48,124.53,125.50,160.2245,1,181.3800,0,4985952,9342287,0.3403,2.3560,-2.0157,83.52
2025-09-04,159.94,162.05,157.79,161.79,164.60,169.46,160.94,124.82,125.62,160.2245,1,180.3896,0,5194025,9228633,-0.0339,1.8780,-1.9119,81.91
2025-09-05,157.12,157.14,150.18,151.14,163.35,168.40,161.10,125.04,125.68,173.3566,0,179.4388,0,11827612,9251212,-1.1763,1.2671,-2.4435,71.92
2025-09-08,151.80,152.64,149.22,151.41,161.71,167.33,161.25,125.27,125.76,169.6830,0,177.6833,0,6336357,9210753,-2.0364,0.6064,-2.6428,70.58
2025-09-09,151.99,156.66,151.93,155.82,160.96,166.51,161.49,125.55,125.85,169.6830,0,175.4062,0,6669486,9165997,-2.3353,0.0181,-2.3534,76.00
2025-09-10,163.54,164.53,158.00,159.54,160.25,165.74,161.85,125.82,125.95,169.6830,0,173.3113,0,8370314,9211447,-2.2461,-0.4347,-1.8113,79.18
2025-09-11,158.62,160.21,154.99,155.67,159.10,164.30,162.24,126.11,126.04,169.6830,0,171.3840,0,7599451,9213015,-2.4593,-0.8396,-1.6196,74.10
2025-09-12,157.00,160.41,154.92,158.57,158.10,163.18,162.64,126.43,126.14,169.6830,0,169.6109,0,6696855,9238275,-2.3670,-1.1451,-1.2219,73.17
2025-09-15,160.01,162.30,157.60,161.16,157.96,162.36,163.10,126.79,126.26,169.6830,0,167.9796,0,5932090,9277905,-2.0611,-1.3283,-0.7328,73.77
2025-09-16,161.37,161.95,159.22,160.46,157.77,161.58,163.62,127.12,126.35,169.6830,0,166.4789,0,4484296,9266774,-1.8537,-1.4334,-0.4204,71.75
2025-09-17,159.28,161.63,155.76,159.16,157.47,161.21,164.04,127.44,126.46,169.6830,0,165.0981,0,6656676,9300334,-1.7739,-1.5015,-0.2724,68.80
2025-09-18,150.96,158.77,149.85,157.92,157.09,160.84,164.43,127.75,126.57,169.6830,0,163.8279,0,13352057,9464915,-1.7900,-1.5592,-0.2308,67.16
2025-09-19,157.38,159.84,155.90,157.39,157.71,160.53,164.70,128.05,126.67,169.6830,0,162.6593,0,8726976,9463287,-1.8246,-1.6123,-0.2123,65.38
2025-09-22,157.42,162.68,157.42,159.79,158.55,160.13,164.97,128.37,126.76,169.6830,0,149.2200,1,7431114,9465345,-1.6394,-1.6177,-0.0217,65.76
2025-09-23,160.52,163.39,159.21,160.90,159.06,160.01,165.26,128.68,126.85,169.6830,0,149.4892,1,6347231,9461497,-1.3870,-1.5716,0.1845,66.88
2025-09-24,162.98,165.10,158.43,160.88,159.19,159.72,165.37,128.98,126.94,169.6830,0,150.0452,1,6188105,9294673,-1.1751,-1.4923,0.3171,67.67
2025-09-25,157.14,161.63,154.78,161.27,159.75,159.43,165.39,129.30,127.04,169.6830,0,150.9485,1,5936333,9222927,-0.9646,-1.3867,0.4221,68.94
2025-09-26,160.52,162.11,157.05,159.46,159.84,158.97,165.37,129.62,127.14,169.6830,0,151.7976,1,4834333,9157262,-0.9331,-1.2960,0.3629,69.61
2025-09-29,160.12,164.30,159.90,161.36,159.86,158.91,165.46,129.98,127.29,169.6830,0,152.5958,1,6426775,9132388,-0.7462,-1.1860,0.4399,72.72
2025-09-30,160.79,162.28,159.33,161.79,159.99,158.88,165.55,130.36,127.46,169.6830,0,153.3460,1,4800196,9105866,-0.5569,-1.0602,0.5033,75.00
2025-10-01,160.93,164.18,160.49,164.01,160.48,158.97,165.74,130.76,127.63,169.6830,0,154.0512,1,6543212,9085018,-0.2252,-0.8932,0.6680,78.21
2025-10-02,168.68,171.06,166.12,169.73,161.66,159.37,165.96,131.23,127.83,152.3127,1,154.7142,1,9415805,9141620,0.4935,-0.6159,1.1094,77.91
2025-10-03,170.68,170.68,163.14,164.67,162.39,160.05,166.01,131.66,128.02,152.3127,1,156.0218,1,7031261,9125183,0.6474,-0.3632,1.0106,76.72
2025-10-06,226.45,226.71,203.01,203.71,166.78,162.66,166.76,132.36,128.40,181.0276,1,157.2249,1,50695191,9961189,3.8749,0.4844,3.3905,87.45
2025-10-07,214.85,218.90,209.28,211.51,171.84,165.45,167.51,133.10,128.84,181.0276,1,163.1400,1,24481880,10213719,6.9816,1.7838,5.1977,89.54
2025-10-08,212.95,235.87,210.70,235.56,179.31,169.25,168.68,133.99,129.41,184.2284,1,169.4970,1,37685713,10583613,11.2546,3.6780,7.5766,91.45
2025-10-09,236.30,240.10,229.53,232.89,186.47,173.11,169.74,134.89,129.98,196.4931,1,177.4618,1,21959361,10790083,14.2611,5.7946,8.4665,91.15
2025-10-10,232.77,234.22,213.20,214.90,192.01,175.93,170.52,135.65,130.45,196.4931,1,186.2311,1,25499303,11047010,15.0190,7.6395,7.3795,90.25
2025-10-13,220.20,224.19,214.90,216.42,197.52,178.69,171.41,136.45,130.91,196.4931,1,193.7728,1,13656968,11061239,15.5629,9.2242,6.3388,89.47
2025-10-14,219.20,224.98,215.90,218.09,203.15,181.57,172.24,137.26,131.37,196.4931,1,200.2586,1,15531563,11184657,15.9449,10.5683,5.3766,89.78
2025-10-15,222.71,239.24,220.76,238.60,210.61,185.54,173.52,138.18,131.94,196.4931,1,205.8364,1,25883567,11392724,17.6986,11.9944,5.7043,91.24
2025-10-16,236.29,241.20,232.24,234.56,217.09,189.37,174.95,139.09,132.49,197.3173,1,210.6333,1,16355024,11283831,18.5487,13.3052,5.2434,91.24
2025-10-17,233.26,235.38,227.91,233.08,223.93,193.16,176.16,139.97,133.04,197.3173,1,215.5240,1,13006843,11214863,18.8852,14.4212,4.4640,92.17
2025-10-20,236.47,242.88,234.40,240.56,227.62,197.20,177.52,140.87,133.64,201.7669,1,219.6321,1,13649783,11249910,19.5303,15.4430,4.0873,92.17
2025-10-21,239.39,242.26,234.02,238.03,230.27,201.05,178.84,141.77,134.23,202.4822,1,223.8167,1,11216545,11230806,19.6114,16.2767,3.3347,92.58
2025-10-22,236.85,240.13,224.88,230.23,229.74,204.52,179.94,142.60,134.75,202.4822,1,242.8800,0,13737548,11322757,18.8292,16.7872,2.0420,91.79
2025-10-23,230.16,235.90,228.54,234.99,229.95,208.21,180.95,143.45,135.28,202.4822,1,242.5200,0,9170344,11106691,18.3815,17.1061,1.2754,91.64
2025-10-24,243.36,253.39,241.95,252.92,233.75,212.88,182.39,144.43,135.91,210.4625,1,224.8800,1,18013240,11226984,19.2515,17.5352,1.7164,92.87
2025-10-27,257.88,260.42,249.80,259.67,238.07,217.80,184.03,145.40,136.59,218.4373,1,225.4502,1,17037755,11384751,20.2523,18.0786,2.1737,93.65
2025-10-28,259.14,264.58,257.00,258.01,242.07,222.61,185.67,146.35,137.30,225.5105,1,226.8490,1,12242240,11502995,20.6731,18.5975,2.0757,93.54
2025-10-29,264.19,267.08,257.40,264.33,244.64,227.62,187.63,147.38,138.04,227.5845,1,229.1129,1,13040878,11549113,21.2714,19.1323,2.1392,93.95
2025-10-30,259.92,263.88,252.31,254.84,246.67,231.88,189.42,148.37,138.73,227.5845,1,232.1502,1,11509211,11580287,20.7407,19.4540,1.2868,93.47
2025-10-31,259.60,262.13,253.41,256.12,248.97,236.45,191.27,149.39,139.41,227.5845,1,234.9446,1,8823129,11632721,20.1907,19.6013,0.5894,93.88
2025-11-03,259.33,260.91,253.89,259.65,250.88,239.25,193.11,150.43,140.12,227.5845,1,237.5154,1,9438641,11673870,19.8113,19.6433,0.1679,94.10
2025-11-04,250.35,257.38,247.39,250.05,252.08,241.17,194.84,151.42,140.76,227.5845,1,239.8806,1,14125775,11838326,18.5224,19.4191,-0.8967,93.84
2025-11-05,243.24,259.65,242.81,256.33,254.69,242.21,196.63,152.44,141.43,227.5845,1,242.0566,1,17268080,12009941,17.8025,19.0958,-1.2933,93.69
2025-11-06,253.47,253.51,235.74,237.70,254.96,242.45,198.05,153.40,142.00,227.5845,1,267.0800,0,15700013,12200162,15.5494,18.3865,-2.8371,92.72
2025-11-07,230.94,235.87,224.64,233.54,253.02,243.39,199.35,154.38,142.56,227.5845,1,266.4532,0,12182053,12321463,13.2751,17.3642,-4.0891,91.91
2025-11-10,242.14,248.90,240.50,243.98,251.45,244.76,200.97,155.45,143.16,227.5845,1,264.7807,0,10579363,12411024,12.1748,16.3264,-4.1515,92.50
2025-11-11,241.66,248.46,234.64,237.52,249.41,245.74,202.48,156.51,143.77,227.5845,1,263.1750,0,14568717,12576905,10.6587,15.1928,-4.5341,92.24
2025-11-12,253.13,263.51,250.00,258.89,248.86,246.75,204.41,157.59,144.50,227.5845,1,224.6400,1,28203996,13041266,11.0541,14.3651,-3.3110,94.36
2025-11-13,251.90,259.63,246.06,247.96,248.17,247.42,206.13,158.66,145.15,227.5845,1,225.4174,1,15665766,13250700,10.3660,13.5653,-3.1992,94.55
2025-11-14,240.11,253.44,235.08,246.81,247.24,248.11,208.05,159.68,145.79,227.5845,1,226.1793,1,11761879,13249386,9.6171,12.7756,-3.1586,94.81
2025-11-17,242.75,248.77,237.15,240.52,245.33,248.10,209.83,160.65,146.41,227.5845,1,226.9259,1,9125858,13305176,8.4189,11.9043,-3.4854,94.29
2025-11-18,236.78,238.00,224.71,230.29,243.35,247.72,211.32,161.55,146.99,227.5845,1,263.5100,0,10505806,13381902,6.5682,10.8371,-4.2689,93.36
2025-11-19,230.26,235.28,219.71,223.55,240.08,247.38,212.60,162.45,147.51,267.9241,0,262.7340,0,11645480,13447406,4.5056,9.5708,-5.0651,92.54
2025-11-20,232.70,234.25,204.53,206.02,236.91,245.93,213.61,163.24,147.98,267.6148,0,261.0130,0,13667965,13568776,1.4400,7.9446,-6.5047,91.28
2025-11-21,208.81,208.83,195.00,203.78,233.93,243.48,214.51,164.03,148.45,249.4663,0,257.6241,0,13739072,13709620,-1.1570,6.1243,-7.2813,90.31
2025-11-24,207.16,217.13,205.85,215.05,231.04,241.25,215.59,164.89,148.99,249.4663,0,252.6141,0,10053502,13792048,-2.2795,4.4435,-6.7230,90.91
2025-11-25,201.48,206.58,194.28,206.13,227.90,238.65,216.50,165.66,149.47,248.7820,0,248.0050,0,14382412,13990011,-3.8445,2.7859,-6.6304,89.53
2025-11-26,210.05,215.59,207.00,214.24,223.44,236.15,217.60,166.46,149.98,248.7820,0,242.6325,0,9270208,14042281,-4.3799,1.3528,-5.7327,90.68
2025-11-28,216.14,218.30,214.02,217.53,220.39,234.28,218.80,167.27,150.51,248.7820,0,237.7973,0,4058675,13856414,-4.4870,0.1848,-4.6718,90.54
2025-12-01,213.88,220.98,213.50,219.76,217.69,232.47,220.04,168.09,151.05,248.7820,0,233.4455,0,6761729,13817109,-4.3419,-0.7205,-3.6214,91.58
2025-12-02,221.79,225.98,214.39,215.24,215.16,230.24,221.15,168.88,151.56,248.7820,0,229.5290,0,9040618,13849299,-4.5393,-1.4843,-3.0550,91.69
2025-12-03,216.26,218.20,211.77,217.60,213.89,228.62,222.29,169.68,152.08,248.7820,0,226.0041,0,6211436,13846583,-4.4539,-2.0782,-2.3757,91.40
2025-12-04,216.88,219.12,214.14,215.98,213.13,226.60,223.39,170.48,152.59,248.7820,0,225.9800,0,5286802,13828557,-4.4656,-2.5557,-1.9099,90.65
2025-12-05,217.17,223.64,216.24,217.97,214.33,225.62,224.52,171.27,153.10,248.7820,0,194.2800,1,7256744,13854965,-4.2650,-2.8976,-1.3675,90.80
2025-12-08,219.09,223.71,218.36,221.11,216.06,225.00,225.76,172.08,153.66,248.7820,0,194.8672,1,6841851,13895115,-3.8088,-3.0798,-0.7290,90.95
2025-12-09,221.04,224.84,217.91,221.62,216.72,223.88,226.96,172.90,154.22,248.7820,0,196.0209,1,5577311,13878126,-3.3673,-3.1373,-0.2300,90.32
2025-12-10,222.00,222.61,218.67,221.42,218.25,223.07,228.15,173.71,154.81,248.7820,0,197.7501,1,5154525,13885213,-2.9990,-3.1096,0.1107,89.76
2025-12-11,217.81,221.50,210.19,221.43,218.97,221.20,229.30,174.50,155.39,245.9456,0,199.3755,1,6796705,13890283,-2.6754,-3.0228,0.3474,88.80
2025-12-12,218.37,222.49,209.06,210.78,218.29,219.34,230.12,175.22,155.95,245.9456,0,200.9033,1,7814437,13858255,-3.2410,-3.0664,-0.1746,88.05
2025-12-15,212.28,215.36,206.58,207.58,217.07,217.38,230.98,175.89,156.49,241.6116,0,202.3395,1,5650784,13830646,-3.9025,-3.2336,-0.6688,88.24
2025-12-16,206.92,210.22,205.11,209.17,216.47,215.81,231.09,176.53,157.04,236.7754,0,203.6896,1,4908718,12914916,-4.2494,-3.4368,-0.8126,88.87
2025-12-17,210.04,211.50,197.53,198.11,214.52,214.20,230.82,177.07,157.53,234.9054,0,224.8400,0,6259365,12550466,-5.3550,-3.8204,-1.5346,87.35
2025-12-18,203.82,206.36,200.50,201.06,213.02,213.08,230.13,177.64,158.03,233.2563,0,224.2938,0,5975523,11916262,-5.9249,-4.2413,-1.6836,87.57
2025-12-19,204.60,215.18,204.20,213.43,212.57,213.45,229.74,178.28,158.60,233.2563,0,223.7585,0,12474023,11726555,-5.3172,-4.4565,-0.8607,88.95
2025-12-22,220.00,220.17,213.31,214.95,211.95,214.01,229.74,178.95,159.17,233.2563,0,223.2340,0,5363153,11323832,-4.6591,-4.4970,-0.1621,89.10
2025-12-23,212.86,217.03,212.28,214.90,211.28,214.00,229.71,179.63,159.77,233.2563,0,222.7199,0,4356517,11137823,-4.0945,-4.4165,0.3221,89.65
2025-12-24,214.98,216.54,213.97,215.04,210.64,214.45,229.65,180.31,160.36,233.2563,0,222.2161,0,1711030,10861413,-3.5942,-4.2521,0.6578,89.99
2025-12-26,215.43,216.83,213.03,214.99,210.00,214.48,229.18,181.01,160.93,233.2563,0,221.7224,0,3395251,10411646,-3.1653,-4.0347,0.8694,90.51
2025-12-29,211.58,216.05,209.24,215.61,210.48,214.39,228.80,181.71,161.52,233.2563,0,221.2385,0,4382683,10172200,-2.7438,-3.7765,1.0327,89.77
2025-12-30,215.87,216.82,214.33,215.34,211.26,214.17,228.45,182.38,162.09,233.2563,0,220.7643,0,3533643,9982736,-2.4038,-3.5020,1.0982,90.10
2025-12-31,215.82,217.64,213.80,214.16,211.76,214.11,227.92,183.06,162.63,233.2563,0,220.2996,0,3767417,9785088,-2.2041,-3.2424,1.0383,90.47
2026-01-02,218.90,227.15,218.90,223.47,214.29,214.41,227.63,183.79,163.23,233.2563,0,197.5300,1,8144632,9723650,-1.2799,-2.8499,1.5700,89.25
2026-01-05,230.25,234.02,220.48,221.08,216.30,214.66,227.44,184.53,163.81,233.2563,0,198.1224,1,7061538,9590130,-0.7319,-2.4263,1.6944,87.65
2026-01-06,222.71,222.92,211.25,214.35,216.39,214.48,227.03,185.19,164.34,233.2563,0,199.5583,1,8581117,9578345,-0.8310,-2.1072,1.2762,84.24
2026-01-07,212.13,212.13,207.17,210.02,215.90,213.93,226.17,185.81,164.86,233.2563,0,200.9368,1,6240849,9342897,-1.2447,-1.9347,0.6901,82.64
2026-01-08,210.90,210.94,203.33,204.68,214.87,213.08,225.07,186.39,165.32,232.4748,0,202.2601,1,5629723,9114737,-1.9805,-1.9439,-0.0366,81.30
2026-01-09,205.72,207.30,203.07,203.17,213.69,212.17,223.98,186.97,165.76,229.2598,0,234.0200,0,4920229,8968297,-2.6549,-2.0861,-0.5688,81.61
2026-01-12,201.18,209.88,199.80,207.69,212.96,211.48,222.84,187.58,166.25,229.2598,0,233.4010,0,5667299,8820825,-2.7925,-2.2274,-0.5651,82.31
2026-01-13,215.10,223.11,214.98,220.97,213.49,211.99,222.17,188.24,166.82,229.2598,0,232.0570,0,12572066,8842082,-1.8091,-2.1437,0.3346,84.84
2026-01-14,217.54,224.09,215.11,223.60,214.32,212.79,221.52,188.91,167.42,229.2598,0,230.7667,0,9048310,8846586,-0.8082,-1.8766,1.0684,84.25
2026-01-15,227.90,238.35,227.22,227.92,215.70,213.73,220.88,189.62,168.05,229.2598,0,199.8000,1,12597184,8909757,0.3298,-1.4353,1.7651,84.77
2026-01-16,234.30,234.49,228.86,231.83,216.53,215.41,220.52,190.38,168.69,204.1884,1,200.5710,1,9863347,8824508,1.5296,-0.8423,2.3719,85.82
2026-01-20,226.08,239.50,225.41,231.92,217.62,216.96,220.03,191.15,169.34,204.1884,1,201.3266,1,10280480,8684756,2.4593,-0.1820,2.6413,85.78
2026-01-21,235.99,252.90,235.78,249.80,221.16,218.77,220.27,191.97,170.12,211.7982,1,202.8535,1,15583923,8682434,4.5860,0.7716,3.8144,88.08
2026-01-22,251.75,256.08,246.63,253.73,225.53,220.71,220.68,192.82,170.96,219.2324,1,205.8563,1,9627785,8631349,6.5135,1.9200,4.5935,88.97
2026-01-23,261.18,266.96,256.25,259.68,231.03,222.95,220.99,193.70,171.84,228.7257,1,209.8742,1,12341525,8666592,8.4240,3.2208,5.2032,89.49
2026-01-26,256.75,258.29,250.30,251.31,235.84,224.77,221.26,194.52,172.70,228.7257,1,215.5828,1,7708306,8529384,9.1572,4.4081,4.7491,88.57
2026-01-27,252.16,255.55,247.96,252.03,240.28,226.62,221.13,195.34,173.48,228.7257,1,220.7205,1,6475054,8094805,9.6847,5.4634,4.2213,87.45
2026-01-28,254.13,257.40,250.21,252.74,243.46,228.47,221.22,196.10,174.30,228.7257,1,225.3445,1,6839448,7918279,10.0443,6.3796,3.6647,87.68
2026-01-29,254.66,260.53,240.91,252.18,246.31,230.32,221.33,196.83,175.09,228.7257,1,229.5060,1,7990374,7842849,10.1668,7.1370,3.0298,88.19
2026-01-30,236.93,245.24,234.55,236.73,247.19,231.44,221.25,197.45,175.80,228.7257,1,233.2514,1,9477651,7849884,8.9145,7.4925,1.4220,86.06
2026-02-02,235.77,249.97,235.00,246.27,248.64,232.58,221.57,198.13,176.56,228.7257,1,234.5500,1,8941596,7818600,8.5928,7.7126,0.8802,86.76
2026-02-03,251.55,252.65,237.04,242.11,249.66,233.64,221.95,198.80,177.33,228.7257,1,234.5500,1,12855339,7842797,7.9110,7.7522,0.1587,84.62
2026-02-04,215.00,218.58,199.15,200.19,244.70,232.93,221.83,199.22,177.89,255.3061,0,266.9600,0,21455023,7998539,3.9426,6.9903,-3.0478,66.04
2026-02-05,201.86,204.04,190.72,192.50,238.57,232.05,221.60,199.58,178.42,243.1730,0,265.6038,0,11972807,7963213,0.1750,5.6273,-5.4522,62.38
2026-02-06,197.13,209.27,196.43,208.44,233.45,232.24,221.47,200.05,179.04,243.1730,0,262.6084,0,11360918,7989362,-1.5072,4.2004,-5.7075,73.26
2026-02-09,206.90,217.60,204.15,216.00,229.92,232.88,221.67,200.60,179.66,243.1730,0,259.7329,0,8383133,7869376,-2.2049,2.9193,-5.1242,77.41
2026-02-10,215.14,219.39,213.13,213.57,226.07,233.18,221.66,201.10,180.26,243.1730,0,256.9724,0,5409024,7792152,-2.9202,1.7514,-4.6716,78.15
2026-02-11,217.88,219.65,209.21,213.58,222.16,232.81,221.58,201.60,180.84,243.1730,0,254.3223,0,7130304,7853585,-3.4466,0.7118,-4.1584,75.93
2026-02-12,215.83,218.46,205.14,205.94,217.53,231.92,221.30,202.01,181.39,243.1730,0,251.7782,0,6627355,7850897,-4.4292,-0.3164,-4.1128,76.23
2026-02-13,204.02,210.05,203.88,207.32,214.59,230.89,221.14,202.42,181.95,243.1730,0,249.3359,0,5416007,7778405,-5.0385,-1.2608,-3.7777,75.90
2026-02-17,202.15,205.30,194.83,203.08,210.27,229.46,220.85,202.80,182.48,239.1890,0,246.9912,0,6846253,7791102,-5.7966,-2.1680,-3.6287,73.60
2026-02-18,198.41,203.20,195.00,200.12,206.07,227.87,220.53,203.10,182.99,236.7716,0,244.7404,0,7137100,7828108,-6.5607,-3.0465,-3.5142,71.75
2026-02-19,200.11,204.10,198.29,203.37,206.39,225.54,220.24,203.38,183.52,236.7716,0,242.5796,0,5255548,7788084,-6.8253,-3.8023,-3.0230,74.23
2026-02-20,200.12,204.87,198.56,200.15,207.16,222.87,219.82,203.65,184.01,235.6907,0,240.5052,0,7268907,7796625,-7.2117,-4.4842,-2.7276,73.58
2026-02-23,198.09,199.38,194.15,196.60,205.97,219.71,219.32,203.91,184.50,229.1431,0,238.5138,0,5541741,7795913,-7.7155,-5.1304,-2.5850,74.06
2026-02-24,211.63,216.71,206.50,213.84,205.76,217.84,219.17,204.29,185.07,229.1431,0,236.6020,0,17399519,8040813,-6.6469,-5.4337,-1.2132,79.86
2026-02-25,214.82,216.70,210.33,210.86,205.49,215.78,218.96,204.67,185.62,229.1431,0,234.7667,0,9401847,8092916,-5.9717,-5.5413,-0.4304,80.60
2026-02-26,208.80,209.79,201.46,203.68,204.50,213.33,218.82,204.97,186.12,229.1431,0,233.0049,0,7132975,8079287,-5.9474,-5.6225,-0.3249,76.57
2026-02-27,200.11,201.89,197.74,200.21,203.92,210.73,218.67,205.22,186.58,229.1431,0,231.3135,0,6269056,8091652,-6.1374,-5.7255,-0.4119,74.87
2026-03-02,193.85,198.74,190.00,198.62,203.05,208.82,218.46,205.44,187.01,225.7913,0,229.6897,0,6776954,8129017,-6.3432,-5.8491,-0.4941,74.24
2026-03-03,191.46,193.64,188.22,190.95,201.84,206.06,218.32,205.55,187.38,222.3292,0,227.3084,0,7215179,8148133,-7.0440,-6.0880,-0.9559,72.84
2026-03-04,192.12,202.44,189.86,202.07,202.03,204.05,218.34,205.71,187.81,222.3292,0,224.1813,0,8267209,8193967,-6.6257,-6.1956,-0.4301,77.50
2026-03-05,197.77,203.79,194.88,199.45,201.64,204.02,218.06,205.85,188.23,222.3292,0,221.3044,0,7180340,8088093,-6.4314,-6.2427,-0.1887,77.94
2026-03-06,195.27,200.24,191.25,192.43,200.87,204.01,217.61,205.96,188.61,222.3292,0,218.6576,0,6526032,8111351,-6.7660,-6.3474,-0.4186,74.57
2026-03-09,189.36,202.97,189.02,202.68,201.48,203.73,217.36,206.16,189.06,222.3292,0,216.2226,0,7879631,8181813,-6.1333,-6.3046,0.1713,77.05
2026-03-10,202.51,206.59,202.20,203.23,200.42,203.09,217.13,206.34,189.52,222.3292,0,213.9824,0,5921959,8266032,-5.5238,-6.1484,0.6246,75.57
2026-03-11,205.11,209.21,203.63,204.83,199.81,202.65,216.92,206.54,189.99,222.3292,0,211.9214,0,4726739,8292662,-4.8558,-5.8899,1.0341,76.24
2026-03-12,202.83,203.62,196.67,197.74,199.22,201.86,216.56,206.77,190.42,222.3292,0,210.0253,0,5712096,8319250,-4.8426,-5.6804,0.8378,76.02
2026-03-13,198.11,199.68,192.27,193.39,198.54,201.23,216.13,206.91,190.82,222.3292,0,209.2100,0,5330196,8355181,-5.1241,-5.5692,0.4451,75.24
2026-03-16,194.98,200.17,194.80,196.58,198.33,200.69,215.77,207.07,191.24,222.3292,0,207.5308,0,5953465,8398902,-5.0318,-5.4617,0.4299,75.80
2026-03-17,196.68,199.21,195.26,196.31,198.87,200.36,215.23,207.23,191.65,222.3292,0,205.9859,0,4471883,8325447,-4.9236,-5.3541,0.4304,74.30
2026-03-18,196.00,202.86,195.75,199.46,198.61,200.32,214.80,207.39,192.10,222.3292,0,204.5647,0,5698393,8298184,-4.5315,-5.1896,0.6580,78.51
2026-03-19,195.03,205.88,192.83,205.27,199.19,200.42,214.62,207.53,192.55,222.3292,0,188.2200,1,6618993,8258941,-3.7092,-4.8935,1.1843,80.77
2026-03-20,204.89,206.30,198.26,201.33,200.08,200.48,214.44,207.67,192.97,222.3292,0,188.5732,1,7502583,8284176,-3.3370,-4.5822,1.2452,81.14
2026-03-23,206.40,209.11,201.71,202.68,200.08,200.78,214.40,207.84,193.39,222.3292,0,189.2823,1,6456939,8300720,-2.8996,-4.2457,1.3461,81.84
2026-03-24,201.39,206.43,200.13,205.37,200.30,200.36,214.45,208.03,193.84,222.3292,0,190.4719,1,5598140,8314279,-2.3093,-3.8584,1.5491,82.10
2026-03-25,211.51,221.33,211.51,220.27,201.84,200.83,214.70,208.39,194.36,222.3292,0,191.5902,1,10687126,8414675,-0.6319,-3.2131,2.5812,86.28
2026-03-26,217.98,221.00,203.43,203.77,202.44,200.83,214.35,208.65,194.77,222.3292,0,193.9694,1,10028133,8363797,-0.6267,-2.6958,2.0691,79.63
2026-03-27,201.77,203.27,197.69,201.99,203.30,200.92,213.92,208.90,195.16,222.3292,0,196.1583,1,5899441,8300819,-0.7575,-2.3082,1.5506,80.40
2026-03-30,204.95,208.43,192.87,196.04,203.25,200.79,213.28,209.09,195.54,222.3292,0,221.3300,0,8048089,8209837,-1.3260,-2.1117,0.7857,78.52
2026-03-31,198.05,204.00,196.41,203.43,203.96,201.42,212.72,209.36,195.96,222.3292,0,220.7608,0,8608893,8184748,-1.1668,-1.9228,0.7559,75.67
2026-04-01,207.59,213.83,205.84,210.21,205.04,201.82,212.28,209.65,196.43,222.3292,0,220.2030,0,8584094,8150820,-0.4879,-1.6358,1.1479,76.01
2026-04-02,204.05,217.78,200.62,217.50,206.26,202.73,211.64,209.98,196.89,222.3292,0,219.6563,0,8365811,8006458,0.6311,-1.1824,1.8135,78.22
2026-04-06,219.28,226.31,217.73,220.18,208.14,204.11,210.97,210.33,197.35,222.3292,0,192.8700,1,6778549,7949474,1.7144,-0.6030,2.3174,80.15
2026-04-07,218.26,222.10,215.38,221.53,210.03,205.06,210.20,210.72,197.83,222.3292,0,193.5388,1,5866779,7819979,2.6513,0.0478,2.6035,81.30
2026-04-08,232.12,234.00,227.09,231.82,212.67,206.49,209.81,211.18,198.35,199.3287,1,194.1942,1,8228776,7830388,4.1760,0.8735,3.3025,83.95
2026-04-09,233.01,237.10,230.91,236.64,214.31,208.08,209.51,211.68,198.88,204.0534,1,195.7865,1,6419144,7829270,5.7074,1.8403,3.8672,84.14
2026-04-10,239.00,249.58,238.96,245.04,218.44,210.44,209.35,212.24,199.41,213.4315,1,198.2653,1,8938373,7871248,7.5123,2.9747,4.5377,85.51
2026-04-13,245.03,247.33,242.03,246.83,222.92,213.11,209.24,212.87,199.93,215.3354,1,202.3704,1,5623232,7823905,8.9836,4.1765,4.8072,83.81
2026-04-14,249.79,255.46,245.70,255.07,228.83,216.04,209.61,213.57,200.49,221.2418,1,206.1472,1,6563768,7765628,10.6913,5.4794,5.2119,84.88
2026-04-15,254.96,258.18,251.85,258.12,234.29,219.13,209.85,214.25,201.06,226.7117,1,211.0785,1,6374325,7714282,12.1507,6.8137,5.3370,85.47
2026-04-16,264.99,279.34,261.51,278.26,241.10,223.07,210.57,215.04,201.74,238.5860,1,216.7307,1,18045384,7818083,14.7622,8.4034,6.3588,88.24
2026-04-17,281.00,281.05,274.14,278.39,247.19,226.72,212.13,215.86,202.45,246.8669,1,225.4960,1,9888385,7586751,16.6504,10.0528,6.5976,87.54
2026-04-20,280.60,287.61,272.00,274.95,252.67,230.40,213.78,216.63,203.13,247.4667,1,234.3846,1,9577581,7538846,17.6656,11.5753,6.0903,85.28
2026-04-21,277.33,286.20,276.62,284.49,258.96,234.50,215.30,217.45,203.87,248.9305,1,243.9652,1,11081141,7533250,19.0207,13.0644,5.9563,86.80
2026-04-22,291.22,304.25,286.14,303.46,266.13,239.40,217.05,218.41,204.71,260.0355,1,251.8212,1,14885987,7663308,21.3789,14.7273,6.6516,88.90
2026-04-23,302.01,310.22,299.76,305.33,272.99,243.65,218.89,219.38,205.55,270.2084,1,262.3070,1,13929062,7833708,23.1320,16.4083,6.7238,89.09
2026-04-24,336.76,352.99,334.54,347.81,283.27,250.85,221.57,220.65,206.60,298.1636,1,271.8896,1,28387104,8258844,27.6307,18.6527,8.9779,93.63
2026-04-27,346.32,349.21,328.81,334.63,292.05,257.49,224.15,221.83,207.55,298.1636,1,288.1097,1,16927359,8464844,29.7890,20.8800,8.9090,93.04
2026-04-28,311.86,327.50,310.00,323.21,298.86,263.84,226.47,222.92,208.43,298.1636,1,301.0857,1,13898838,8634501,30.2295,22.7499,7.4796,91.78
2026-04-29,326.58,340.17,318.86,337.11,306.76,270.53,229.15,224.09,209.39,298.1636,1,310.0000,1,15070300,8798982,31.3389,24.4677,6.8712,93.15
2026-04-30,341.36,354.96,332.60,354.49,314.39,277.74,232.23,225.39,210.38,298.1636,1,310.0000,1,14929452,8954829,33.2375,26.2216,7.0158,92.71
2026-05-01,351.87,362.79,349.25,360.54,322.60,284.89,235.38,226.71,211.38,304.4134,1,318.8600,1,12359023,9096898,34.8288,27.9431,6.8857,93.56
2026-05-04,360.31,361.85,338.70,341.54,329.26,290.96,238.20,227.93,212.29,304.4134,1,327.6460,1,14344749,9238415,34.1629,29.1870,4.9759,93.41
2026-05-05,351.51,359.57,344.88,355.26,336.34,297.65,241.38,229.22,213.28,304.4134,1,334.6748,1,22820162,9583984,34.3464,30.2189,4.1275,93.89
2026-05-06,409.49,430.60,402.04,421.39,348.13,307.13,245.53,230.95,214.60,345.6032,1,338.7000,1,36969473,9975383,39.3741,32.0500,7.3241,96.00
2026-05-07,417.07,421.71,401.08,408.46,358.44,315.72,249.48,232.58,215.87,345.6032,1,344.8800,1,18333931,10154025,41.8330,34.0066,7.8264,95.81
2026-05-08,418.59,456.29,418.29,455.19,369.18,326.23,254.51,234.48,217.35,360.0903,1,362.0240,1,26462425,10540614,47.0105,36.6074,10.4032,96.77
2026-05-11,460.55,469.22,450.88,458.79,381.60,336.82,259.68,236.44,218.84,385.0683,1,380.8772,1,21143521,10838103,50.8184,39.4496,11.3688,96.44
2026-05-12,449.25,458.80,426.11,448.29,394.11,346.49,264.68,238.07,220.25,385.0683,1,398.5458,1,17546116,11053486,52.3851,42.0367,10.3484,96.40
2026-05-13,457.04,459.50,432.65,445.50,404.95,355.85,269.77,239.63,221.60,385.0683,1,412.6806,1,13553625,11180255,52.7930,44.1879,8.6050,96.22
2026-05-14,440.60,453.31,435.68,449.70,414.47,364.43,274.72,241.06,222.97,385.0683,1,423.9885,1,11743286,11249776,52.8460,45.9195,6.9264,96.55
2026-05-15,433.34,439.00,423.36,424.10,420.82,371.71,279.21,242.34,224.19,385.0683,1,469.2200,0,12354712,11353264,50.2431,46.7842,3.4588,96.48
2026-05-18,429.50,438.80,410.71,420.99,428.77,379.01,283.78,243.71,225.41,385.0683,1,468.3028,0,11969630,11462136,47.3831,46.9040,0.4791,96.81
2026-05-19,412.60,428.75,393.36,414.05,434.65,385.49,288.01,245.03,226.62,385.0683,1,465.9991,0,16047294,11625489,44.0488,46.3330,-2.2842,96.81
2026-05-20,428.04,449.39,426.05,447.58,437.26,392.70,292.90,246.56,227.98,385.0683,1,461.6407,0,16174422,11830538,43.6093,45.7882,-2.1790,97.25
2026-05-21,441.99,451.20,431.60,449.59,441.38,399.91,297.79,247.97,229.35,385.0683,1,457.5439,0,12252227,11981048,42.9282,45.2162,-2.2880,97.18
2026-05-22,469.84,481.41,461.71,467.51,442.61,405.90,303.19,249.52,230.88,390.2650,1,393.3600,1,16249993,12191806,43.3350,44.8400,-1.5050,97.40
2026-05-26,484.74,506.96,480.23,503.89,447.12,414.36,309.40,251.32,232.53,408.5945,1,395.1210,1,19386564,12472933,46.0619,45.0844,0.9775,97.77
2026-05-27,508.00,510.21,486.66,495.54,451.85,422.98,315.38,253.02,234.15,414.8696,1,399.5945,1,13671602,12627296,47.0074,45.4690,1.5384,97.66
2026-05-28,499.00,527.20,493.52,518.09,459.10,432.02,321.81,254.89,235.88,425.0471,1,406.2315,1,16287973,12863618,49.0113,46.1774,2.8339,97.99
2026-05-29,520.80,522.00,503.43,516.10,465.74,440.11,328.15,256.80,237.58,430.3624,1,415.9090,1,15897531,13067601,49.8640,46.9148,2.9493,97.92
2026-06-01,500.16,517.50,486.80,510.13,474.35,447.58,334.24,258.63,239.21,430.3624,1,424.8122,1,16992022,13275061,49.4876,47.4293,2.0583,97.89
2026-06-02,506.30,522.49,501.22,521.54,484.40,456.58,340.65,260.42,240.91,430.4794,1,433.0033,1,12669875,13378407,49.5390,47.8513,1.6877,97.92
2026-06-03,533.75,546.44,524.30,542.52,497.25,465.95,347.44,262.31,242.74,454.6619,1,440.5390,1,15956111,13568391,50.6883,48.4187,2.2696,98.07
2026-06-04,514.75,532.19,499.87,523.20,504.81,471.04,353.80,264.08,244.47,454.6619,1,451.1291,1,15230352,13761035,49.4699,48.6289,0.8410,97.78
2026-06-05,499.53,505.62,463.95,466.38,506.49,473.93,358.72,265.42,245.97,454.6619,1,460.6602,1,21873502,13984762,43.4189,47.5869,-4.1680,97.70
2026-06-08,485.00,494.97,477.71,490.33,508.77,475.69,364.45,266.99,247.60,454.6619,1,463.9500,1,12336114,14030922,40.0938,46.0883,-5.9945,97.85
2026-06-09,502.75,505.00,437.23,475.51,505.93,476.53,369.93,268.45,249.16,454.6619,1,546.4400,0,17974183,14272417,35.8496,44.0406,-8.1910,97.93
2026-06-10,467.97,477.45,448.33,452.40,501.62,476.73,375.05,269.74,250.58,565.8813,0,544.2558,0,12566496,14362785,30.2723,41.2869,-11.0146,97.74
2026-06-11,461.60,490.46,458.02,488.45,498.66,478.88,380.75,271.33,252.21,565.8813,0,542.1153,0,14879702,14488201,28.4334,38.7162,-10.2828,97.93
2026-06-12,499.69,521.71,494.00,511.57,498.20,481.97,386.78,273.03,253.93,565.8813,0,540.0176,0,16141620,14639352,28.5129,36.6755,-8.1626,97.96
2026-06-15,535.75,558.37,530.50,547.26,501.92,488.13,393.38,275.09,255.83,565.8813,0,437.2300,1,18323579,14838507,31.0974,35.5599,-4.4625,98.11
2026-06-16,546.89,548.95,507.25,507.29,500.49,492.45,399.12,276.92,257.53,565.8813,0,439.6528,1,14412972,14991195,29.5794,34.3638,-4.7844,97.82
2026-06-17,529.66,532.50,507.30,512.48,497.49,497.37,404.94,278.71,259.28,565.8813,0,442.0272,1,13880674,15151473,28.4670,33.1844,-4.7174,97.82
2026-06-18,531.58,539.69,526.32,537.37,498.90,501.86,411.05,280.71,261.15,565.8813,0,444.3540,1,23539815,15457694,29.2566,32.3989,-3.1423,98.04
2026-06-22,545.50,562.99,535.71,551.63,507.43,506.96,417.35,282.66,263.10,565.8813,0,446.6343,1,14333113,15615974,30.6793,32.0550,-1.3756,98.04
2026-06-23,509.08,528.49,506.81,519.85,510.38,509.58,422.84,284.47,264.89,565.8813,0,451.2886,1,15697806,15751162,28.9093,31.4258,-2.5166,97.74
2026-06-24,520.82,524.96,503.50,519.74,514.80,510.37,428.30,286.29,266.73,565.8813,0,455.7566,1,13798213,15914662,27.1842,30.5775,-3.3933,97.93
2026-06-25,543.93,550.88,507.00,532.57,522.82,512.22,433.85,288.24,268.64,565.8813,0,460.0459,1,14396060,16071308,26.5464,29.7713,-3.2249,98.00
2026-06-26,519.80,525.11,502.61,521.58,526.13,512.39,439.12,290.18,270.47,565.8813,0,464.1637,1,27489927,16493620,24.8674,28.7905,-3.9231,97.49
2026-06-29,522.84,542.19,495.35,539.49,528.93,513.56,444.35,292.29,272.37,565.8813,0,468.1168,1,14388738,16420487,24.6973,27.9719,-3.2745,97.45
2026-06-30,545.57,584.73,545.57,580.91,532.29,517.10,450.40,294.79,274.49,456.1043,1,471.9117,1,20034714,16623413,27.5868,27.8949,-0.3081,97.56
2026-07-01,557.53,564.09,538.74,540.88,535.65,518.07,455.71,297.03,276.40,456.1043,1,478.6808,1,15321400,16738290,26.3429,27.5845,-1.2415,97.38
2026-07-02,538.16,547.65,506.00,517.82,536.18,516.84,460.38,299.05,278.19,456.1043,1,485.0437,1,14572750,16808122,23.2287,26.7133,-3.4846,97.52
2026-07-06,535.35,572.50,527.00,552.05,537.65,518.28,465.35,301.36,280.14,456.1043,1,491.0249,1,16939212,16849186,23.2546,26.0216,-2.7670,97.93
2026-07-07,515.91,524.97,503.11,516.11,534.10,520.76,469.57,303.37,281.93,456.1043,1,496.6472,1,15053277,16871671,20.1429,24.8458,-4.7029,97.74
2026-07-08,504.81,522.98,498.15,517.41,533.86,522.12,472.96,305.37,283.73,456.1043,1,584.7300,0,12298059,16549890,17.5791,23.3925,-5.8134,97.63
2026-07-09,537.27,559.50,535.20,546.72,536.55,525.68,477.20,307.55,285.67,456.1043,1,582.9984,0,14707205,16505487,17.7082,22.2556,-4.5474,97.78
2026-07-10,544.01,560.25,540.05,557.89,539.09,530.95,481.90,309.83,287.66,456.1043,1,581.3014,0,11550834,16458527,18.4986,21.5042,-3.0056,97.97
2026-07-13,537.50,551.87,526.92,534.39,540.37,533.25,485.84,311.95,289.53,456.1043,1,579.6384,0,12268205,16402485,17.0325,20.6099,-3.5774,97.97
2026-07-14,567.22,574.20,546.77,548.13,541.23,535.08,489.71,314.16,291.47,456.1043,1,578.0086,0,11621123,16336318,16.7857,19.8450,-3.0593,97.89
2026-07-15,556.02,558.89,509.57,529.14,536.05,534.17,493.09,316.23,293.31,456.1043,1,576.4114,0,14723956,16383617,14.8862,18.8533,-3.9671,97.42
2026-07-16,509.33,518.74,491.80,500.94,532.06,533.85,496.27,318.10,295.01,456.1043,1,574.8462,0,13572318,16368168,10.9788,17.2784,-6.2996,97.24
2026-07-17,476.88,505.88,460.21,495.76,529.85,533.02,499.08,319.93,296.69,456.1043,1,571.5244,0,15921779,16230201,7.3791,15.2985,-7.9194,97.13
2026-07-20,517.00,522.44,502.36,503.57,525.01,531.33,500.73,321.81,298.40,456.1043,1,564.8455,0,11804033,15726892,5.0977,13.2584,-8.1606,97.27
2026-07-21,526.00,548.14,522.60,544.43,527.84,530.97,503.45,323.96,300.30,456.1043,1,558.5674,0,15813024,15676474,6.5118,11.9090,-5.3973,97.27
2026-07-22,526.88,561.47,526.60,552.33,531.33,532.59,505.39,326.24,302.21,456.1043,1,460.2100,1,13684915,15420923,8.1756,11.1624,-2.9868,97.46
2026-07-23,544.74,556.49,525.00,539.69,530.63,533.59,507.01,328.45,304.09,456.1043,1,462.2352,1,14655336,15291160,8.3777,10.6054,-2.2277,97.38
2026-07-24,546.92,549.00,518.00,521.95,527.03,533.06,508.48,330.54,305.68,456.1043,1,464.2199,1,14197406,15224185,7.0254,9.8894,-2.8640,97.42
2026-07-27,527.51,528.00,476.93,494.95,523.09,531.73,509.47,332.52,307.09,456.1043,1,466.1649,1,15739559,15267904,3.7320,8.6579,-4.9259,96.91
2026-07-28,467.00,472.75,442.27,454.62,513.74,527.48,509.57,334.21,308.19,576.1237,0,561.4700,0,16509752,15363233,-2.1081,6.5047,-8.6128,95.30
2026-07-29,452.68,457.22,424.03,429.56,503.78,519.92,509.68,335.65,309.17,557.3343,0,559.0860,0,13876893,15393677,-8.6587,3.4721,-12.1307,94.31
2026-07-30,460.00,498.20,457.68,485.39,502.23,517.14,510.97,337.45,310.52,557.3343,0,553.6837,0,17928657,15512858,-9.2385,0.9299,-10.1685,96.88
2026-07-31,510.28,515.62,475.76,476.15,500.26,515.06,512.21,339.19,311.82,557.3343,0,548.4976,0,12673065,15445373,-10.3247,-1.3210,-9.0037,97.20
2026-08-03,461.79,490.95,455.30,484.64,498.37,511.69,512.95,340.99,313.16,557.3343,0,543.5189,0,11836024,15358605,-10.3807,-3.1329,-7.2478,97.02
2026-08-04,504.00,530.13,502.20,518.58,495.79,511.81,514.33,343.01,314.56,557.3343,0,538.7393,0,25132255,15616206,-7.5988,-4.0261,-3.5727,96.88
2026-08-05,484.50,502.00,478.20,482.05,488.76,510.04,514.62,344.79,315.79,557.3343,0,534.1510,0,23917296,15769552,-8.2468,-4.8703,-3.3766,95.85
2026-08-06,471.75,496.72,469.50,489.28,483.72,507.17,514.33,346.62,317.07,557.3343,0,530.1300,0,12073131,15623283,-8.0837,-5.5129,-2.5708,95.49
2026-08-07,497.94,498.99,476.06,483.36,479.86,503.45,514.08,348.41,318.29,557.3343,0,525.8860,0,12866463,15607180,-8.3361,-6.0776,-2.2585,95.34
2026-08-10,477.09,483.36,469.29,469.56,477.32,500.20,513.11,350.05,319.45,557.3343,0,521.8118,0,9229953,15466020,-9.5397,-6.7700,-2.7697,94.83
2026-08-11,474.75,475.99,463.21,474.32,479.29,496.51,512.28,351.74,320.67,557.3343,0,517.9005,0,8562662,15319323,-9.9942,-7.4148,-2.5794,95.38
2026-08-12,488.32,491.69,480.88,482.93,484.63,494.20,511.73,353.53,321.91,557.3343,0,514.1457,0,8996165,15159405,-9.5496,-7.8418,-1.7078,95.41
2026-08-13,483.00,497.99,481.00,483.01,484.39,493.31,510.96,355.35,323.06,557.3343,0,510.5410,0,9063635,15087281,-9.0861,-8.0906,-0.9954,96.04
2026-08-14,487.60,514.67,483.20,514.39,488.21,494.24,510.40,357.42,324.33,557.3343,0,424.0300,1,13153107,15031220,-6.1161,-7.6957,1.5796,97.13
2026-08-17,514.16,517.35,504.52,506.00,490.35,494.36,510.06,359.43,325.57,557.3343,0,425.8428,1,10149146,14929596,-4.3888,-7.0343,2.6456,96.95
2026-08-18,487.56,491.81,474.98,484.39,486.93,491.36,510.42,361.28,326.67,557.3343,0,429.5031,1,11490458,14721935,-4.7093,-6.5693,1.8600,96.44
2026-08-19,486.08,487.01,462.55,466.42,485.37,487.06,509.94,362.92,327.73,557.3343,0,433.0170,1,8959182,14654397,-6.3403,-6.5235,0.1832,95.85
2026-08-20,465.67,475.53,460.27,469.46,483.38,483.55,509.82,364.55,328.80,549.5760,0,436.3903,1,7125886,14437431,-7.3034,-6.6795,-0.6239,96.47
2026-08-21,476.50,477.36,462.11,473.25,482.37,481.12,510.23,366.19,329.86,547.8184,0,439.6287,1,6788251,14321866,-7.6724,-6.8781,-0.7943,96.73
2026-08-24,468.54,468.54,451.00,456.75,481.09,479.21,509.60,367.69,330.90,536.7200,0,442.7375,1,7583055,14175933,-9.1903,-7.3405,-1.8497,96.47
2026-08-25,474.20,481.50,469.07,479.18,481.58,480.43,508.95,369.34,332.01,536.7200,0,445.7220,1,9105091,14035202,-8.4855,-7.5695,-0.9160,96.84
2026-08-26,475.07,491.12,474.58,480.93,481.38,483.00,507.63,370.88,333.23,536.7200,0,448.5871,1,6900432,13806740,-7.6970,-7.5950,-0.1020,96.66
2026-08-27,481.50,483.00,469.63,476.67,480.74,482.57,507.01,372.37,334.44,536.7200,0,451.3377,1,7837313,13675226,-7.3313,-7.5423,0.2109,96.70
2026-08-28,472.52,478.75,465.29,465.58,475.86,482.04,506.08,373.74,335.55,536.7200,0,453.9781,1,7157780,13540768,-7.8460,-7.6030,-0.2430,96.41
2026-08-31,466.22,475.81,463.68,470.72,472.34,481.34,504.74,375.20,336.72,534.1942,0,456.5130,1,5866583,13187304,-7.7498,-7.6324,-0.1174,96.41
2026-09-01,459.91,461.50,452.30,459.61,469.86,478.39,502.90,376.58,337.72,520.4303,0,517.3500,0,7451565,13049673,-8.4723,-7.8004,-0.6720,96.45
2026-09-02,459.51,462.21,452.36,457.06,468.92,477.14,501.65,377.95,338.77,517.4172,0,516.0490,0,5456748,12844852,-9.1453,-8.0693,-1.0760,96.34
2026-09-03,453.15,459.77,440.50,456.16,467.59,475.49,500.37,379.31,339.81,510.0350,0,514.7740,0,6782233,12704532,-9.6401,-8.3835,-1.2566,96.52
2026-09-04,462.00,478.83,458.00,477.57,468.02,475.20,499.27,380.91,341.00,510.0350,0,511.8030,0,9397957,12604570,-8.2100,-8.3488,0.1388,97.22
2026-09-08,488.92,512.36,486.57,505.74,472.92,477.01,498.96,382.64,342.38,510.0350,0,440.5000,1,14244925,12339670,-4.7489,-7.6288,2.8800,97.62
2026-09-09,507.50,526.79,506.36,521.10,477.11,479.35,498.59,384.50,343.86,451.6908,1,441.9372,1,11543615,12282768,-0.7577,-6.2546,5.4969,97.94
2026-09-10,509.07,516.33,502.81,503.60,479.38,480.38,497.04,386.52,345.35,451.6908,1,445.3313,1,8060370,12043281,0.9819,-4.8073,5.7892,97.80
2026-09-11,510.71,521.06,501.35,516.13,483.33,482.04,496.55,388.68,346.91,451.6908,1,448.5897,1,9819993,11933253,3.3332,-3.1792,6.5124,97.54
2026-09-14,486.28,498.39,480.33,493.41,486.11,480.99,496.06,390.58,348.30,451.6908,1,451.7177,1,12241552,11886629,3.3250,-1.8784,5.2033,97.54
2026-09-15,501.70,513.67,497.51,504.20,489.46,480.90,495.10,392.50,349.79,451.6908,1,454.7206,1,8638963,11720624,4.1414,-0.6744,4.8158,97.73
2026-09-16,517.39,527.25,506.05,512.50,494.75,482.30,495.03,394.50,351.29,451.6908,1,457.6033,1,11437821,11648315,5.3959,0.5397,4.8563,97.87
2026-09-17,533.60,551.42,527.60,545.09,503.55,486.24,495.59,396.71,352.92,467.2562,1,461.7821,1,15515824,11712670,8.9171,2.2151,6.7020,98.02
2026-09-18,547.37,559.91,541.53,559.82,513.92,490.75,495.85,399.07,354.62,480.1776,1,468.9532,1,17794271,11774411,12.7493,4.3220,8.4273,98.31
