Date,Open,High,Low,Close,Ma10:Top:Line,Ma20:Top:Line,Ma50:Top:Line,Ma150:Top:Line,Ma200:Top:Line,Supertrend:Top:ColorLine,Supertrend_Dir,ParabolicSAR:Top:ColorLine,ParabolicSAR_Dir,Volume:Middle:Histogram,Vo50:Middle:Line,Macd:Bottom:Line,MacdSignal:Bottom:Line,MacdDelta:Bottom:Histogram,RsRating:Hidden:Hidden
2023-07-19,211.24,212.66,210.34,210.40,,,,,,,0,210.3425,1,475053,,,,,0
2023-07-20,211.99,216.23,211.18,211.47,,,,,,,0,210.3425,1,872583,,,,,0
2023-07-21,211.96,214.32,211.06,212.91,,,,,,,0,210.3425,1,2202870,,,,,0
2023-07-24,213.07,214.10,212.09,213.45,,,,,,,0,210.4602,1,416999,,,,,0
2023-07-25,212.49,214.50,212.42,213.35,,,,,,,0,210.5755,1,311927,,,,,0
2023-07-26,212.12,213.74,210.75,213.26,,,,,,,0,210.6885,1,370879,,,,,0
2023-07-27,212.60,216.23,212.45,214.02,,,,,,,0,210.7505,1,575868,,,,,0
2023-07-28,214.72,215.95,213.15,214.31,,,,,,,0,210.7505,1,446621,,,,,0
2023-07-31,214.41,214.41,211.28,212.30,,,,,,,0,210.8601,1,661848,,,,,0
2023-08-01,213.01,213.42,209.07,210.46,212.59,,,,,221.0097,0,216.2269,0,427890,,,,,0
2023-08-02,211.00,211.29,207.36,208.91,212.45,,,,,219.2889,0,216.0838,0,597568,,,,,0
2023-08-03,209.25,209.54,206.92,209.17,212.22,,,,,217.9812,0,215.7349,0,535732,,,,,0
2023-08-04,215.71,223.43,214.89,220.58,212.98,,,,,206.0994,1,206.9153,1,1260482,,,,,0
2023-08-07,221.46,230.14,220.74,229.34,214.57,,,,,210.8214,1,206.9153,1,1031135,,,,,0
2023-08-08,233.49,239.18,232.57,236.46,216.88,,,,,219.7633,1,207.8441,1,1387873,,,,,0
2023-08-09,235.67,239.16,234.94,235.12,219.07,,,,,221.2878,1,209.7239,1,629655,,,,,0
2023-08-10,237.14,240.07,236.16,237.61,221.43,,,,,222.4442,1,211.4910,1,502946,,,,,0
2023-08-11,237.28,239.47,236.49,238.01,223.80,,,,,222.9830,1,213.7776,1,409673,,,,,0
2023-08-14,237.75,238.89,235.60,236.62,226.23,,,,,222.9830,1,215.8812,1,513093,,,,,0
2023-08-15,236.94,241.75,235.70,241.19,229.30,220.95,,,,223.8797,1,217.8165,1,739827,,,,,0
2023-08-16,241.48,243.21,239.89,240.29,232.44,222.44,,,,227.1931,1,220.2099,1,594705,,,,,0
2023-08-17,241.19,243.66,240.64,241.17,235.64,223.93,,,,228.2168,1,222.9699,1,595272,,,,,0
2023-08-18,240.03,240.38,238.63,239.31,237.51,225.25,,,,228.2168,1,225.8669,1,736892,,,,,0
2023-08-21,239.09,239.91,236.74,238.29,238.41,226.49,,,,228.2168,1,228.3584,1,605893,,,,,0
2023-08-22,237.87,238.01,235.23,235.47,238.31,227.60,,,,228.2168,1,230.5011,1,443184,,,,,0
2023-08-23,237.19,237.51,233.97,235.24,238.32,228.69,,,,228.2168,1,232.3438,1,580810,,,,,0
2023-08-24,234.66,237.82,234.15,234.56,238.01,229.72,,,,228.2168,1,233.9285,1,484730,,,,,0
2023-08-25,235.01,235.58,232.91,234.34,237.65,230.72,,,,228.2168,1,243.6632,0,458049,,,,,0
2023-08-28,234.87,235.93,233.21,234.50,237.44,231.83,,,,228.2168,1,243.4480,0,426206,,,,,0
2023-08-29,235.24,237.51,234.74,237.32,237.05,233.17,,,,228.2168,1,243.2372,0,575518,,,,,0
2023-08-30,237.65,238.44,234.86,235.71,236.59,234.51,,,,228.2168,1,243.0305,0,436926,,,,,0
2023-08-31,236.02,236.73,234.26,234.30,235.90,235.77,,,,228.2168,1,242.8280,0,529342,,,,,0
2023-09-01,236.44,236.76,234.08,234.64,235.44,236.47,,,,228.2168,1,242.6296,0,346610,,,,,0
2023-09-05,234.64,235.26,232.09,232.17,234.83,236.62,,,,228.2168,1,242.4351,0,447972,,5.1586,7.4030,-2.2445,0
2023-09-06,232.57,232.57,227.03,227.60,234.04,236.17,,,,240.8267,0,242.0213,0,495256,,4.2228,6.7670,-2.5442,0
2023-09-07,229.00,232.80,228.87,232.52,233.77,236.04,,,,240.8267,0,241.1217,0,566857,,3.8338,6.1804,-2.3465,0
2023-09-08,233.76,237.96,233.05,237.13,234.02,236.02,,,,240.8267,0,240.2761,0,635344,,3.8529,5.7149,-1.8620,0
2023-09-11,236.01,240.22,235.28,239.22,234.51,236.08,,,,240.8267,0,227.0278,1,558798,,3.9908,5.3701,-1.3792,0
2023-09-12,240.10,240.41,235.69,237.93,234.86,236.15,,,,240.8267,0,227.2916,1,409728,,3.9507,5.0862,-1.1355,0
2023-09-13,237.05,237.85,234.93,235.12,234.64,235.84,,,,240.8267,0,227.8163,1,561482,,3.6496,4.7989,-1.1493,0
2023-09-14,236.64,240.52,236.31,239.75,235.04,235.81,,,,240.8267,0,228.3200,1,805890,,3.7418,4.5874,-0.8457,0
2023-09-15,241.09,241.24,237.48,238.31,235.44,235.67,,,,240.8267,0,229.0519,1,1606322,,3.6562,4.4012,-0.7450,0
2023-09-18,240.74,242.42,239.41,240.53,236.03,235.73,,,,240.8267,0,230.0271,1,465802,,3.7246,4.2659,-0.5413,0
2023-09-19,240.52,242.92,239.88,241.59,236.97,235.90,,,,229.3437,1,231.2664,1,403919,,3.8203,4.1768,-0.3564,0
2023-09-20,242.22,249.60,241.28,248.12,239.02,236.53,,,,232.0914,1,232.6652,1,970551,,4.3732,4.2160,0.1571,0
2023-09-21,248.68,249.06,244.69,246.25,240.39,237.08,,,,233.5461,1,235.0366,1,656579,,4.6070,4.2942,0.3128,0
2023-09-22,244.66,246.33,243.61,244.69,241.15,237.59,,,,233.5461,1,237.0761,1,507051,,4.6130,4.3580,0.2550,0
2023-09-25,244.54,244.79,242.23,243.92,241.62,238.07,,,,233.5461,1,238.8301,1,455076,,4.5039,4.3872,0.1167,0
2023-09-26,243.75,246.69,242.83,245.91,242.42,238.64,,,,233.5461,1,240.3385,1,636979,,4.5260,4.4149,0.1111,0
2023-09-27,248.37,250.09,243.83,245.86,243.49,239.06,231.41,,,234.0782,1,241.6357,1,627234,639910,4.4874,4.4294,0.0580,0
2023-09-28,244.77,248.05,243.63,247.54,244.27,239.66,232.16,,,234.0782,1,242.8314,1,658282,643575,4.5402,4.4516,0.0886,0
2023-09-29,247.70,247.70,244.25,245.66,245.01,240.22,232.84,,,234.0782,1,243.6266,1,569261,637508,4.3796,4.4372,-0.0576,0
2023-10-02,244.70,245.41,241.65,243.42,245.29,240.66,233.45,,,234.0782,1,250.0889,0,509265,603636,4.0252,4.3548,-0.3296,0
2023-10-03,241.34,243.15,237.35,238.57,244.99,240.98,233.95,,,234.0782,1,249.9202,0,730280,609902,3.3153,4.1469,-0.8316,0
2023-10-04,239.57,243.26,238.48,242.62,244.44,241.73,234.54,,,234.0782,1,249.4172,0,670608,617075,3.0442,3.9263,-0.8821,0
2023-10-05,243.31,244.89,239.97,242.29,244.05,242.22,235.12,,,234.0782,1,248.9344,0,764411,624946,2.7710,3.6953,-0.9243,0
2023-10-06,240.53,245.50,239.69,244.48,244.03,242.59,235.73,,,234.0782,1,248.4710,0,759080,628610,2.6996,3.4961,-0.7966,0
2023-10-09,247.74,249.17,245.49,248.20,244.45,243.04,236.41,,,234.0782,1,237.3473,1,620279,632083,2.9096,3.3788,-0.4692,0
2023-10-10,247.60,248.70,245.07,247.93,244.66,243.54,237.12,,,234.0782,1,237.5836,1,490610,628659,3.0199,3.3070,-0.2872,0
2023-10-11,251.23,259.89,250.58,259.22,245.99,244.74,238.09,,,239.4494,1,237.8153,1,1282751,645756,3.9723,3.4401,0.5322,0
2023-10-12,259.57,263.10,259.22,260.54,247.29,245.78,239.13,,,245.7901,1,238.6982,1,870113,651207,4.7783,3.7077,1.0706,0
2023-10-13,262.97,263.66,255.93,259.68,248.69,246.85,240.14,,,245.7901,1,240.1626,1,986736,660227,5.2868,4.0235,1.2632,0
2023-10-16,260.04,263.07,259.41,262.22,250.57,247.93,240.97,,,245.7901,1,242.0425,1,705553,649128,5.8276,4.3844,1.4432,0
2023-10-17,260.67,262.64,258.21,259.97,252.71,248.85,241.58,,,245.7901,1,243.7721,1,814351,644792,6.0055,4.7086,1.2969,0
2023-10-18,258.95,260.73,256.83,259.20,254.37,249.41,242.04,,,245.7901,1,245.3633,1,790933,632854,6.0152,4.9699,1.0453,0
2023-10-19,257.84,258.86,254.19,256.48,255.79,249.92,242.46,,,245.7901,1,246.8273,1,711714,634495,5.7370,5.1233,0.6137,0
2023-10-20,256.48,256.90,252.04,254.84,256.83,250.43,242.81,,,245.7901,1,248.1741,1,684479,638125,5.3232,5.1633,0.1599,0
2023-10-23,256.04,256.04,249.26,249.59,256.97,250.71,243.04,,,245.7901,1,263.6623,0,664492,643222,4.5190,5.0344,-0.5155,0
2023-10-24,248.70,253.24,247.82,252.38,257.41,251.03,243.36,,,245.7901,1,263.3742,0,622098,645402,4.0605,4.8397,-0.7791,0
2023-10-25,251.44,252.90,248.70,248.76,256.37,251.18,243.51,,,245.7901,1,262.7521,0,626594,643137,3.3664,4.5450,-1.1786,0
2023-10-26,248.16,249.93,246.00,246.52,254.96,251.13,243.63,,,245.7901,1,262.1549,0,612215,643488,2.6055,4.1571,-1.5516,0
2023-10-27,245.83,246.20,237.80,239.08,252.91,250.80,243.59,,,258.0678,0,261.1858,0,751988,646622,1.3861,3.6029,-2.2168,0
2023-10-30,242.22,243.45,239.93,240.56,250.74,250.66,243.61,,,257.4655,0,259.3146,0,782885,647542,0.5331,2.9889,-2.4558,0
2023-10-31,233.89,235.29,228.23,233.72,248.11,250.41,243.52,,,249.6564,0,257.5930,0,1249120,660406,-0.6874,2.2537,-2.9411,0
2023-11-01,234.24,238.74,233.16,238.42,246.04,250.20,243.58,,,249.6564,0,254.6571,0,654604,664635,-1.2610,1.5507,-2.8118,0
2023-11-02,240.67,245.05,239.90,243.67,244.76,250.27,243.75,,,249.6564,0,252.0149,0,658584,666190,-1.2768,0.9852,-2.2620,0
2023-11-03,245.44,247.29,242.68,246.66,243.94,250.38,243.99,,,249.6564,0,249.6368,0,677295,670041,-1.0362,0.5809,-1.6172,0
2023-11-06,247.49,251.31,247.47,249.38,243.92,250.44,244.29,,,249.6564,0,228.2343,1,755221,675985,-0.6193,0.3409,-0.9602,0
2023-11-07,249.50,250.45,246.22,247.80,243.46,250.43,244.56,,,249.6564,0,228.6959,1,684959,681160,-0.4111,0.1905,-0.6016,0
2023-11-08,249.00,251.15,247.47,249.77,243.56,249.96,244.81,,,233.1260,1,229.1483,1,523785,680125,-0.0865,0.1351,-0.2216,0
2023-11-09,248.74,249.74,241.03,241.36,243.04,249.00,244.92,,,233.1260,1,229.5916,1,598360,683354,-0.5020,0.0077,-0.5097,0
2023-11-10,243.72,244.91,239.94,244.33,243.57,248.24,245.12,,,233.1260,1,230.0260,1,553492,683837,-0.5848,-0.1108,-0.4740,0
2023-11-13,242.84,244.25,240.87,243.76,243.89,247.31,245.30,,,233.1260,1,230.4518,1,421317,685331,-0.6883,-0.2263,-0.4620,0
2023-11-14,246.08,249.49,245.29,246.81,245.20,246.66,245.60,,,233.1260,1,230.8690,1,556241,687496,-0.5187,-0.2848,-0.2339,0
2023-11-15,247.05,251.00,246.81,249.56,246.31,246.17,246.04,,,233.1260,1,231.2779,1,763146,692854,-0.1604,-0.2599,0.0995,0
2023-11-16,251.13,252.82,246.77,247.81,246.72,245.74,246.34,,,233.5704,1,231.6786,1,636508,694247,-0.0175,-0.2114,0.1939,0
2023-11-17,248.19,248.19,243.76,244.48,246.51,245.22,246.49,,,233.5704,1,232.5243,1,701399,695568,-0.1707,-0.2033,0.0326,0
2023-11-20,241.90,245.69,240.85,244.45,246.01,244.96,246.59,,,233.5704,1,233.3361,1,587458,696142,-0.2916,-0.2209,-0.0707,0
2023-11-21,244.44,245.08,240.00,242.12,245.44,244.45,246.68,,,233.5704,1,234.1154,1,692951,701806,-0.5690,-0.2906,-0.2785,0
2023-11-22,243.93,245.48,241.60,243.75,244.84,244.20,246.85,,,233.5704,1,234.8636,1,436335,699303,-0.6498,-0.3624,-0.2874,0
2023-11-24,244.23,245.14,244.02,244.55,245.16,244.10,246.95,,,233.5704,1,235.5819,1,247090,688127,-0.6417,-0.4183,-0.2235,0
2023-11-27,244.52,244.65,241.05,243.45,245.07,244.32,247.05,,,233.5704,1,236.2714,1,487948,665760,-0.7155,-0.4777,-0.2378,0
2023-11-28,243.53,245.60,242.88,244.60,245.16,244.52,247.13,,,233.5704,1,236.9333,1,465563,665755,-0.6734,-0.5168,-0.1565,0
2023-11-29,243.88,246.99,242.74,245.60,245.04,245.12,247.21,,,233.5704,1,237.5688,1,534586,668368,-0.5533,-0.5241,-0.0291,0
2023-11-30,246.62,249.25,246.28,248.40,244.92,245.61,247.22,,,234.7502,1,238.1788,1,724361,663444,-0.2295,-0.4652,0.2357,0
2023-12-01,248.69,251.12,246.54,250.99,245.24,245.98,247.31,,,235.7419,1,238.7645,1,627698,662867,0.2333,-0.3255,0.5588,0
2023-12-04,249.54,251.89,248.82,251.07,245.90,246.20,247.44,,,237.6592,1,239.3267,1,642486,665575,0.5999,-0.1404,0.7403,0
2023-12-05,250.45,250.57,247.32,249.53,246.40,246.21,247.55,,,237.6592,1,239.8664,1,502085,666516,0.7575,0.0392,0.7183,0
2023-12-06,250.03,250.54,247.93,248.13,247.01,246.23,247.60,,,237.6592,1,240.3845,1,475645,663289,0.7606,0.1835,0.5772,0
2023-12-07,249.19,251.87,245.63,249.94,247.63,246.23,247.68,,,237.6592,1,240.8820,1,564677,662038,0.8985,0.3265,0.5720,0
2023-12-08,249.81,250.54,247.64,247.92,247.96,246.56,247.68,,,237.6592,1,241.3595,1,701919,662911,0.8353,0.4282,0.4071,0
2023-12-11,250.54,254.16,249.12,250.70,248.69,246.88,247.79,,,238.6605,1,241.8179,1,772497,666975,0.9982,0.5422,0.4560,0
2023-12-12,255.30,255.41,251.73,252.41,249.47,247.31,247.97,,,240.4763,1,242.5587,1,700565,670801,1.2504,0.6839,0.5666,0
2023-12-13,252.56,259.65,251.78,259.43,250.85,247.94,248.38,,,241.5673,1,243.5867,1,670256,669601,1.9945,0.9460,1.0485,0
2023-12-14,259.16,260.46,252.49,254.55,251.47,248.19,248.62,,,241.5673,1,245.1926,1,811054,672410,2.1652,1.1898,0.9754,0
2023-12-15,254.51,257.27,251.80,253.75,251.74,248.49,248.85,,,241.5673,1,247.0243,1,2404954,705221,2.2104,1.3940,0.8165,0
2023-12-18,255.18,255.27,252.74,253.78,252.01,248.95,249.04,,,241.5673,1,248.6362,1,613659,702312,2.2228,1.5597,0.6631,0
2023-12-19,256.74,258.47,254.80,256.50,252.71,249.56,249.20,,,242.1899,1,250.0547,1,691673,703740,2.4247,1.7327,0.6920,0
2023-12-20,255.94,256.84,253.34,253.50,253.25,250.13,249.31,,,242.1899,1,251.3029,1,704791,708024,2.3157,1.8493,0.4664,0
2023-12-21,254.76,257.78,254.63,257.32,253.99,250.81,249.28,,,242.2763,1,252.4014,1,516760,692704,2.5089,1.9812,0.5276,0
2023-12-22,257.94,263.17,257.94,261.77,255.37,251.67,249.30,,,246.2711,1,253.3450,1,515523,685612,2.9866,2.1823,0.8043,0
2023-12-26,261.74,262.29,259.48,261.53,256.46,252.57,249.34,,,247.1840,1,254.6254,1,377701,673431,3.3077,2.4074,0.9003,0
2023-12-27,262.09,264.66,261.03,263.96,257.61,253.54,249.37,,,249.4228,1,255.8223,1,534894,670018,3.7149,2.6689,1.0460,0
2023-12-28,265.20,266.27,264.97,265.74,258.24,254.55,249.49,,,252.8486,1,257.2359,1,354344,660818,4.1334,2.9618,1.1716,0
2023-12-29,265.18,265.76,263.83,265.33,259.32,255.39,249.61,,,252.8486,1,258.8620,1,508816,655176,4.3818,3.2458,1.1360,0
2024-01-02,264.65,276.97,264.65,273.96,261.34,256.54,249.96,,,256.2443,1,260.1954,1,1003662,661015,5.2151,3.6397,1.5755,0
2024-01-03,276.41,279.36,273.65,277.00,263.66,257.84,250.40,,,261.6849,1,263.5493,1,833362,663992,6.0511,4.1219,1.9291,0
2024-01-04,277.75,281.06,275.07,279.29,265.94,259.33,251.00,,,262.9273,1,264.6483,1,1018015,671063,6.8193,4.6614,2.1579,0
2024-01-05,278.39,279.62,276.15,279.13,268.50,260.88,251.53,,,263.2192,1,267.9297,1,567943,669980,7.3310,5.1953,2.1357,0
2024-01-08,277.72,286.55,276.69,286.39,271.41,262.70,252.28,,,265.4638,1,270.5548,1,1078039,679009,8.2274,5.8018,2.4257,0
2024-01-09,283.75,285.55,281.84,283.05,273.54,264.46,253.02,,,267.7912,1,273.7530,1,800013,682765,8.5700,6.3554,2.2146,0
2024-01-10,282.96,283.40,280.30,280.58,275.44,265.95,253.85,,,267.7912,1,276.3115,1,673374,681192,8.5430,6.7929,1.7501,0
2024-01-11,279.53,280.61,276.37,279.22,276.97,267.29,254.62,,,267.7912,1,286.5457,0,647755,678490,8.3165,7.0976,1.2189,0
2024-01-12,281.19,282.77,279.50,282.36,278.63,268.44,255.59,,,267.7912,1,286.3421,0,480577,663119,8.2949,7.3371,0.9578,0
2024-01-16,282.36,283.74,277.45,279.57,280.06,269.69,256.41,,,267.7912,1,286.1426,0,605837,662143,7.9607,7.4618,0.4989,0
2024-01-17,278.63,280.63,277.38,280.12,280.67,271.01,257.14,,,267.7912,1,285.9471,0,672138,662415,7.6523,7.4999,0.1524,0
2024-01-18,278.44,281.57,275.95,280.50,281.02,272.34,257.82,,,267.7912,1,285.7555,0,717683,663222,7.3536,7.4706,-0.1171,0
2024-01-19,280.72,284.74,277.39,283.56,281.45,273.70,258.50,,,267.7912,1,285.3633,0,789994,663918,7.2797,7.4324,-0.1528,0
2024-01-22,284.38,287.57,282.45,285.73,282.11,275.31,259.26,,,269.5758,1,275.9517,1,806385,666346,7.3116,7.4083,-0.0967,0
2024-01-23,285.15,286.78,284.75,285.50,282.02,276.71,259.98,,,271.2664,1,276.1841,1,550214,666875,7.2348,7.3736,-0.1388,0
2024-01-24,285.50,287.84,281.19,281.43,281.86,277.70,260.78,,,271.2664,1,276.4117,1,597008,666848,6.7682,7.2525,-0.4843,0
2024-01-25,284.40,285.87,281.62,285.82,282.38,278.91,261.61,,,271.2664,1,276.8687,1,622195,668222,6.6752,7.1370,-0.4618,0
2024-01-26,286.10,287.44,285.45,287.21,283.18,280.07,262.48,,,272.4667,1,277.3074,1,634701,672490,6.6373,7.0371,-0.3998,0
2024-01-29,286.91,288.91,285.48,288.76,283.82,281.23,263.32,,,273.5845,1,277.7285,1,767200,676709,6.6554,6.9608,-0.3053,0
2024-01-30,287.91,290.11,286.06,289.83,284.85,282.45,264.12,,,274.6185,1,278.3996,1,829653,678039,6.6798,6.9046,-0.2248,0
2024-01-31,291.11,291.70,287.99,289.50,285.78,283.23,264.96,,,276.6136,1,279.3365,1,1086303,687035,6.5963,6.8429,-0.2467,0
2024-02-01,289.72,299.23,288.99,298.99,287.63,284.33,266.05,,,279.1287,1,280.5724,1,1260331,698213,7.2126,6.9168,0.2957,0
2024-02-02,298.14,300.11,295.48,297.73,289.05,285.25,267.11,,,282.9243,1,282.8114,1,835737,703179,7.5126,7.0360,0.4766,0
2024-02-05,298.04,303.74,292.68,296.61,290.14,286.12,268.20,,,282.9243,1,285.2327,1,1147276,712266,7.5723,7.1433,0.4291,0
2024-02-06,299.77,301.20,289.95,291.17,290.71,286.36,269.15,,,282.9243,1,288.1946,1,1822902,739997,7.0993,7.1345,-0.0352,0
2024-02-07,290.65,290.65,272.01,272.56,289.82,285.84,269.71,,,303.6456,0,303.7450,0,2488651,784828,5.1633,6.7402,-1.5769,0
2024-02-08,273.60,274.52,266.03,271.62,288.40,285.39,270.27,,,292.9076,0,303.1102,0,1753208,810133,3.5127,6.0947,-2.5820,0
2024-02-09,271.62,271.76,266.89,268.19,286.50,284.84,270.74,,,291.1530,0,301.6270,0,972661,820275,1.9054,5.2569,-3.3515,0
2024-02-12,267.13,271.39,266.10,271.24,284.74,284.28,271.26,,,289.9807,0,300.2032,0,971177,829007,0.8676,4.3790,-3.5114,0
2024-02-13,271.40,272.24,264.29,267.60,282.52,283.68,271.64,,,289.7589,0,298.8362,0,1048662,835493,-0.2456,3.4541,-3.6997,0
2024-02-14,267.04,267.96,264.90,267.22,280.29,283.04,271.97,,,286.6890,0,296.7634,0,759200,838123,-1.1451,2.5343,-3.6794,0
2024-02-15,267.27,269.57,265.16,268.38,277.23,282.43,272.31,,,286.6890,0,294.8150,0,838881,842051,-1.7443,1.6786,-3.4228,0
2024-02-16,267.12,267.12,262.99,263.39,273.80,281.42,272.59,,,284.2743,0,292.9834,0,1020412,852418,-2.5915,0.8245,-3.4160,0
2024-02-20,263.53,264.88,260.47,263.22,270.46,280.30,272.89,,,281.2940,0,290.5843,0,964501,862195,-3.2398,0.0117,-3.2515,0
2024-02-21,264.45,265.32,260.70,263.17,267.66,279.18,273.16,250.75,,281.1580,0,287.5727,0,548297,861867,-3.7146,-0.7336,-2.9810,0
2024-02-22,262.26,265.27,261.17,264.77,266.88,278.35,273.49,251.11,,280.7787,0,284.8624,0,853458,864898,-3.9168,-1.3702,-2.5466,0
2024-02-23,266.01,271.32,265.54,268.48,266.56,277.48,273.85,251.49,,280.7787,0,282.4230,0,712077,863689,-3.7343,-1.8430,-1.8913,0
2024-02-26,267.65,269.12,265.00,265.87,266.33,276.41,274.12,251.84,,280.7787,0,280.2276,0,701291,863704,-3.7570,-2.2258,-1.5311,0
2024-02-27,259.12,261.09,257.26,258.56,265.07,274.90,274.10,252.15,,277.2668,0,278.2517,0,933972,868978,-4.3155,-2.6438,-1.6717,0
2024-02-28,259.02,260.36,257.26,257.60,264.07,273.29,274.16,252.44,,276.0210,0,275.7323,0,839871,869555,-4.7802,-3.0710,-1.7091,0
2024-02-29,258.58,259.80,253.86,254.23,262.77,271.53,274.17,252.71,,274.1046,0,273.1457,0,1605575,853567,-5.3586,-3.5285,-1.8301,0
2024-03-01,256.71,261.75,255.20,260.26,261.96,269.59,274.30,253.02,,274.1046,0,270.0598,0,1057601,862446,-5.2693,-3.8767,-1.3926,0
2024-03-04,262.98,265.43,257.78,259.39,261.56,267.68,274.36,253.32,,274.1046,0,267.4676,0,690177,862416,-5.2090,-4.1432,-1.0658,0
2024-03-05,259.61,259.73,255.33,256.85,260.92,265.69,274.43,253.62,,274.1046,0,265.4267,0,847656,865273,-5.3052,-4.3756,-0.9297,0
2024-03-06,255.67,259.00,254.90,256.79,260.28,263.97,274.41,253.93,,274.1046,0,265.4267,0,619617,867330,-5.3246,-4.5654,-0.7593,0
2024-03-07,256.52,257.00,250.28,253.33,259.14,263.01,274.25,254.22,,271.1833,0,263.5758,0,1109531,879211,-5.5554,-4.7634,-0.7920,0
2024-03-08,253.28,256.76,252.54,254.16,257.70,262.13,274.10,254.52,,271.1833,0,261.1833,0,616239,883981,-5.6070,-4.9321,-0.6749,0
2024-03-11,254.86,258.28,253.45,255.65,256.68,261.51,273.93,254.76,,271.1833,0,259.2214,0,509691,883477,-5.4643,-5.0385,-0.4257,0
2024-03-12,257.03,258.24,254.52,256.75,256.50,260.78,273.75,254.94,,271.1833,0,258.2778,0,480820,886007,-5.2028,-5.0714,-0.1314,0
2024-03-13,258.27,258.62,255.51,256.24,256.36,260.21,273.57,255.07,,271.1833,0,250.2841,1,452900,884888,-4.9794,-5.0530,0.0736,0
2024-03-14,257.02,257.39,251.09,252.10,256.15,259.46,273.13,255.19,,270.1183,0,250.4509,1,643686,877689,-5.0771,-5.0578,-0.0193,0
2024-03-15,252.61,255.48,248.98,249.62,255.09,258.52,272.59,255.27,,268.4728,0,258.6213,0,2364927,908320,-5.2936,-5.1050,-0.1887,0
2024-03-18,250.67,254.00,249.94,251.51,254.30,257.93,272.03,255.36,,267.9003,0,258.4284,0,977488,907510,-5.2526,-5.1345,-0.1181,0
2024-03-19,250.84,253.61,250.22,252.28,253.84,257.38,271.49,255.46,,267.2682,0,258.2393,0,825380,912658,-5.0991,-5.1274,0.0283,0
2024-03-20,251.80,253.53,249.97,253.51,253.51,256.90,270.84,255.54,,266.6398,0,258.0541,0,700237,905102,-4.8230,-5.0665,0.2436,0
2024-03-21,254.97,258.03,254.75,257.13,253.89,256.52,270.32,255.65,,266.6398,0,248.9750,1,689439,902891,-4.2628,-4.9058,0.6430,0
2024-03-22,257.54,258.37,255.41,256.40,254.12,255.91,269.83,255.76,,266.6398,0,249.1561,1,636047,902144,-3.8332,-4.6913,0.8581,0
2024-03-25,256.64,261.19,255.70,260.72,254.63,255.65,269.46,255.90,,266.6398,0,249.5247,1,829655,905782,-3.1084,-4.3747,1.2663,0
2024-03-26,261.95,264.14,260.61,261.60,255.11,255.81,269.05,256.05,,266.6398,0,250.2248,1,941957,915010,-2.4349,-3.9867,1.5519,0
2024-03-27,263.88,266.29,262.33,265.81,256.07,256.22,268.77,256.26,,266.6398,0,251.3377,1,645979,915813,-1.5439,-3.4982,1.9543,0
2024-03-28,267.26,267.91,263.87,263.97,257.25,256.70,268.45,256.45,,266.6398,0,252.8329,1,651064,915391,-0.9749,-2.9935,2.0186,0
2024-04-01,261.92,263.51,259.03,262.78,258.57,256.83,268.10,256.64,,266.6398,0,254.6427,1,528889,911615,-0.6128,-2.5174,1.9046,0
2024-04-02,263.06,263.59,256.28,256.44,259.06,256.68,267.55,256.78,,266.6398,0,256.2354,1,613324,908082,-0.8279,-2.1795,1.3516,0
2024-04-03,255.96,256.68,254.09,254.78,259.31,256.58,266.93,256.92,,266.6398,0,267.9149,0,458062,901116,-1.1196,-1.9675,0.8479,0
2024-04-04,256.29,256.92,248.59,248.90,258.85,256.18,266.20,257.00,,266.6398,0,267.6384,0,657142,903254,-1.8042,-1.9348,0.1306,0
2024-04-05,246.87,253.52,246.11,250.63,258.20,256.05,265.59,257.10,,265.6614,0,266.8762,0,619211,903698,-2.1823,-1.9843,-0.1979,0
2024-04-08,250.19,250.87,248.41,249.93,257.56,255.84,264.87,257.20,,264.6385,0,265.6300,0,492851,901111,-2.5091,-2.0893,-0.4198,0
2024-04-09,250.85,251.87,249.36,251.01,256.58,255.60,264.14,257.31,,264.6385,0,264.4586,0,484647,898110,-2.6507,-2.2016,-0.4491,0
2024-04-10,248.78,249.17,245.69,247.38,255.16,255.14,263.32,257.41,,261.8542,0,263.3575,0,519444,893155,-3.0210,-2.3655,-0.6556,0
2024-04-11,250.88,253.46,249.23,250.67,253.65,254.86,262.53,257.56,,261.8542,0,261.9439,0,585792,888278,-3.0138,-2.4951,-0.5187,0
2024-04-12,249.53,250.02,247.12,248.15,252.07,254.66,261.71,257.67,,261.8542,0,260.6435,0,572006,877992,-3.1752,-2.6312,-0.5441,0
2024-04-15,250.61,251.54,245.43,246.51,250.44,254.50,260.66,257.73,,261.8542,0,259.4471,0,461987,862025,-3.3966,-2.7843,-0.6124,0
2024-04-16,247.73,248.36,244.93,246.63,249.46,254.26,259.63,257.78,,260.9829,0,258.0452,0,535955,856029,-3.5218,-2.9318,-0.5900,0
2024-04-17,248.39,249.53,244.54,245.17,248.50,253.90,258.61,257.83,,260.9829,0,256.4711,0,574379,844572,-3.6959,-3.0846,-0.6113,0
2024-04-18,246.63,246.89,243.79,243.94,248.00,253.43,257.66,257.89,,259.2285,0,254.8003,0,547229,819058,-3.8880,-3.2453,-0.6428,0
2024-04-19,245.69,250.10,242.02,249.68,247.91,253.05,257.20,257.95,,259.2285,0,253.0379,0,909010,787465,-3.5365,-3.3035,-0.2330,0
2024-04-22,250.53,253.59,250.53,252.45,248.16,252.86,256.82,258.05,,259.2285,0,242.0211,1,588903,764179,-3.0001,-3.2428,0.2427,0
2024-04-23,252.66,254.83,251.65,253.96,248.45,252.52,256.54,258.14,,259.2285,0,242.0211,1,682017,758366,-2.4250,-3.0793,0.6543,0
2024-04-24,251.26,255.19,250.35,253.47,249.06,252.11,256.18,258.22,,259.2285,0,242.5336,1,673543,752414,-1.9859,-2.8606,0.8747,0
2024-04-25,253.88,254.71,248.11,250.10,249.00,251.33,255.83,258.23,,259.2285,0,243.2928,1,483268,741106,-1.8882,-2.6661,0.7779,0
2024-04-26,246.70,252.23,246.70,250.66,249.26,250.66,255.50,258.26,,259.2285,0,244.0064,1,657914,739080,-1.7457,-2.4820,0.7364,0
2024-04-29,249.91,257.04,249.74,256.60,250.26,250.35,255.26,258.34,,259.2285,0,244.6772,1,740394,737110,-1.1401,-2.2136,1.0735,0
2024-04-30,256.35,256.36,252.86,254.33,251.04,250.25,255.08,258.41,,259.2285,0,245.6664,1,678632,730275,-0.8334,-1.9376,1.1042,0
2024-05-01,254.55,259.81,253.81,257.52,252.27,250.38,254.97,258.48,,259.2285,0,246.5766,1,644525,723875,-0.3295,-1.6160,1.2864,0
2024-05-02,257.81,258.69,255.22,258.46,253.72,250.86,254.87,258.57,251.78,259.2285,0,247.8999,1,884584,730601,0.1445,-1.2639,1.4084,0
2024-05-03,290.96,299.51,286.59,289.01,257.65,252.78,255.36,258.85,252.17,267.2878,1,249.0909,1,3002299,773578,2.9509,-0.4209,3.3718,0
2024-05-06,288.63,290.35,276.22,278.04,260.21,254.19,255.55,259.06,252.51,267.2878,1,255.1411,1,1412827,787593,4.2414,0.5115,3.7298,0
2024-05-07,280.15,281.23,277.14,278.81,262.70,255.58,255.81,259.30,252.84,267.2878,1,260.4652,1,736366,788294,5.2648,1.4622,3.8026,0
2024-05-08,278.64,285.55,277.50,285.31,265.88,257.47,256.34,259.61,253.19,267.2878,1,265.1505,1,878784,787190,6.5258,2.4749,4.0509,0
2024-05-09,287.37,292.08,284.39,290.47,269.92,259.46,257.00,259.93,253.58,267.2878,1,269.2735,1,913958,788672,7.8504,3.5500,4.3004,0
2024-05-10,290.49,292.35,287.64,287.95,273.65,261.45,257.68,260.23,253.95,267.2878,1,272.9018,1,810050,772762,8.5981,4.5596,4.0385,0
2024-05-13,289.81,289.81,285.08,286.37,276.63,263.45,258.20,260.51,254.32,267.2878,1,276.0947,1,480719,761224,8.9600,5.4397,3.5203,0
2024-05-14,286.63,290.04,285.46,289.12,280.11,265.57,258.79,260.78,254.69,267.2878,1,278.9044,1,507941,757579,9.3606,6.2239,3.1367,0
2024-05-15,292.29,298.43,290.48,296.20,283.97,268.12,259.58,261.11,255.11,271.5398,1,281.3770,1,1105793,762742,10.1329,7.0057,3.1272,0
2024-05-16,294.18,295.60,290.57,294.27,287.56,270.64,260.33,261.34,255.53,271.5398,1,283.5528,1,745194,765254,10.4682,7.6982,2.7700,0
2024-05-17,294.79,294.79,290.20,292.16,287.87,272.76,261.11,261.55,255.94,271.5398,1,285.4676,1,616878,755401,10.4437,8.2473,2.1964,0
2024-05-20,293.98,295.29,292.30,294.10,289.48,274.85,261.90,261.78,256.37,273.5454,1,287.1526,1,438657,751849,10.4599,8.6898,1.7701,0
2024-05-21,293.70,296.09,291.63,294.39,291.03,276.87,262.68,261.99,256.74,274.2979,1,288.6353,1,537103,752397,10.3765,9.0271,1.3493,0
2024-05-22,294.25,294.53,288.47,289.30,291.43,278.66,263.33,262.19,257.04,274.2979,1,299.5091,0,881540,760412,9.7871,9.1791,0.6080,0
2024-05-23,288.42,291.72,284.60,286.58,291.05,280.48,263.94,262.37,257.29,274.2979,1,299.2883,0,655818,764470,8.9968,9.1427,-0.1459,0
2024-05-24,286.51,287.52,284.15,285.97,290.85,282.25,264.61,262.57,257.54,274.2979,1,298.7008,0,741907,766434,8.2259,8.9593,-0.7334,0
2024-05-28,283.41,283.79,278.92,280.68,290.28,283.45,265.24,262.74,257.76,274.2979,1,297.8279,0,791511,734966,7.1067,8.5888,-1.4821,0
2024-05-29,279.61,279.63,276.59,277.11,289.08,284.59,265.75,262.93,257.95,274.2979,1,296.3156,0,733782,730092,5.8639,8.0438,-2.1799,0
2024-05-30,277.87,283.84,276.29,281.44,287.60,285.79,266.33,263.12,258.18,274.2979,1,294.3428,0,820857,730001,5.1687,7.4688,-2.3001,0
2024-05-31,282.38,286.02,280.04,285.97,286.77,287.16,266.98,263.37,258.40,274.2979,1,292.1762,0,1372930,743455,4.9270,6.9604,-2.0335,0
2024-06-03,286.85,291.24,284.10,287.44,286.30,287.09,267.59,263.64,258.64,274.2979,1,276.2881,1,752380,744714,4.7985,6.5280,-1.7296,0
2024-06-04,287.99,290.72,287.10,287.40,285.63,287.55,268.21,263.96,258.87,274.2979,1,276.5871,1,562549,743244,4.6394,6.1503,-1.5109,0
2024-06-05,287.80,290.14,286.49,287.41,284.93,287.98,268.74,264.27,259.11,274.2979,1,276.8801,1,537485,737401,4.4626,5.8128,-1.3501,0
2024-06-06,286.98,289.86,284.53,285.83,284.58,288.01,269.22,264.62,259.35,274.2979,1,277.1673,1,589340,730348,4.1472,5.4797,-1.3324,0
2024-06-07,286.79,287.95,284.69,285.20,284.44,287.74,269.61,264.93,259.60,274.2979,1,277.4487,1,587163,729172,3.8029,5.1443,-1.3414,0
2024-06-10,284.76,285.68,281.34,284.92,284.34,287.59,270.03,265.21,259.84,274.2979,1,277.7245,1,607246,728296,3.4674,4.8089,-1.3415,0
2024-06-11,282.65,282.92,280.32,281.16,284.39,287.33,270.40,265.44,260.08,274.2979,1,277.9948,1,523278,728184,2.8652,4.4202,-1.5550,0
2024-06-12,281.71,283.81,279.97,281.51,284.83,286.95,270.90,265.65,260.31,274.2979,1,278.2597,1,493801,725793,2.3891,4.0140,-1.6249,0
2024-06-13,277.66,279.89,276.11,279.10,284.59,286.10,271.39,265.86,260.54,274.2979,1,291.2389,0,517211,726976,1.7964,3.5704,-1.7741,0
2024-06-14,278.27,280.26,276.67,279.21,283.92,285.34,271.99,266.06,260.75,274.2979,1,290.9364,0,511715,724067,1.3205,3.1204,-1.8000,0
2024-06-17,279.09,284.22,277.29,283.57,283.53,284.91,272.65,266.34,260.98,274.2979,1,290.6399,0,568923,723062,1.2802,2.7524,-1.4722,0
2024-06-18,283.08,286.63,282.39,286.11,283.40,284.52,273.38,266.62,261.24,274.2979,1,290.3493,0,662836,726461,1.4361,2.4891,-1.0530,0
2024-06-20,285.02,290.14,283.82,289.75,283.64,284.28,274.15,266.92,261.52,274.2979,1,276.1104,1,895644,734681,1.8328,2.3579,-0.5250,0
2024-06-21,292.78,293.07,287.32,288.13,283.87,284.22,274.97,267.20,261.80,274.3363,1,276.3909,1,2032870,764950,1.9937,2.2850,-0.2913,0
2024-06-24,289.86,297.65,287.91,297.48,285.09,284.77,275.90,267.52,262.15,275.5848,1,277.0581,1,1078306,774800,2.8422,2.3965,0.4457,0
2024-06-25,298.49,304.93,297.71,298.56,286.46,285.40,276.91,267.86,262.48,283.6055,1,278.2938,1,1006018,783480,3.5611,2.6294,0.9317,0
2024-06-26,296.57,296.86,291.46,292.49,287.59,285.99,277.83,268.18,262.76,283.6055,1,280.4245,1,875959,791760,3.5997,2.8235,0.7762,0
2024-06-27,291.47,296.20,290.53,293.31,288.77,286.80,278.76,268.50,263.03,283.6055,1,282.3848,1,653165,794104,3.6538,2.9895,0.6643,0
2024-06-28,293.31,296.10,290.41,292.15,290.08,287.33,279.70,268.84,263.30,283.6055,1,284.1882,1,1099230,804601,3.5620,3.1040,0.4580,0
2024-07-01,292.98,298.27,290.07,290.80,291.23,287.58,280.64,269.15,263.58,283.6055,1,285.8473,1,550301,804662,3.3421,3.1516,0.1905,0.00
2024-07-02,290.09,292.13,287.65,290.58,291.93,287.73,281.46,269.46,263.83,283.6055,1,287.3738,1,479425,796071,3.1139,3.1441,-0.0302,0.00
2024-07-03,291.25,292.23,286.22,289.28,292.25,287.83,282.19,269.76,264.08,283.6055,1,304.9276,0,309597,790485,2.7959,3.0745,-0.2786,70.74
2024-07-05,290.82,293.04,288.52,290.68,292.34,287.99,282.93,270.07,264.33,283.6055,1,304.5534,0,396185,784768,2.6268,2.9849,-0.3582,73.47
2024-07-08,291.13,294.98,290.43,291.22,292.65,288.26,283.68,270.37,264.58,283.6055,1,304.1867,0,363536,778568,2.5076,2.8894,-0.3819,72.74
2024-07-09,291.37,295.54,287.64,295.38,292.44,288.77,284.59,270.69,264.82,283.6055,1,303.8273,0,585223,780607,2.7175,2.8551,-0.1375,75.20
2024-07-10,296.46,301.90,294.19,300.77,292.66,289.56,285.59,271.02,265.09,283.6055,1,303.4751,0,705133,781551,3.2807,2.9402,0.3405,75.28
2024-07-11,301.08,306.68,299.37,303.96,293.81,290.70,286.54,271.37,265.39,284.2958,1,286.2179,1,732753,781399,3.9396,3.1401,0.7996,72.01
2024-07-12,306.52,312.16,304.82,309.33,295.41,292.09,287.64,271.77,265.72,289.1767,1,286.6271,1,724948,782325,4.8391,3.4799,1.3592,72.66
2024-07-15,310.31,311.18,306.56,308.70,297.07,293.57,288.66,272.17,266.03,290.1056,1,287.6482,1,557557,780585,5.4380,3.8715,1.5665,71.24
2024-07-16,308.99,314.08,306.69,311.49,299.14,295.19,289.72,272.58,266.36,291.2736,1,288.6285,1,626103,775416,6.0682,4.3109,1.7574,68.63
2024-07-17,308.56,314.74,307.25,313.86,301.47,296.70,290.22,273.02,266.69,291.5456,1,290.1556,1,648917,728348,6.6816,4.7850,1.8966,71.94
2024-07-18,312.48,316.95,309.18,309.46,303.48,297.87,290.85,273.42,267.01,293.2349,1,292.1221,1,737534,714842,6.7354,5.1751,1.5603,71.21
2024-07-19,311.97,312.28,307.09,309.76,305.39,298.87,291.47,273.80,267.34,293.2349,1,294.6051,1,612456,712364,6.7247,5.4850,1.2397,72.52
2024-07-22,311.58,315.18,310.86,314.14,307.68,300.17,292.04,274.16,267.72,293.9328,1,296.8397,1,582471,706438,6.9887,5.7857,1.2030,70.39
2024-07-23,312.63,315.14,309.78,311.58,309.31,300.87,292.47,274.54,268.06,293.9328,1,298.8510,1,485931,697877,6.9123,6.0111,0.9013,67.70
2024-07-24,311.59,315.27,308.87,313.80,310.61,301.64,292.98,274.94,268.42,293.9328,1,300.6610,1,825366,698184,6.9505,6.1989,0.7515,71.77
2024-07-25,314.16,324.31,311.38,312.58,311.47,302.64,293.51,275.34,268.76,297.0187,1,302.2901,1,814254,704854,6.8034,6.3198,0.4836,68.70
2024-07-26,312.82,316.91,311.62,313.09,311.85,303.63,293.99,275.71,269.09,297.0187,1,304.9326,1,507465,704845,6.6517,6.3862,0.2655,64.51
2024-07-29,312.37,313.08,309.77,310.90,312.07,304.57,294.28,276.10,269.40,297.0187,1,307.2579,1,535740,693444,6.2825,6.3655,-0.0829,62.82
2024-07-30,311.36,316.57,310.12,311.62,312.08,305.61,294.63,276.46,269.66,297.0187,1,309.3042,1,527916,689098,5.9791,6.2882,-0.3091,61.08
2024-07-31,310.00,314.55,309.09,310.86,311.78,306.62,295.00,276.78,269.91,297.0187,1,324.3105,0,705003,690861,5.6128,6.1531,-0.5403,58.70
2024-08-01,314.25,318.74,311.79,313.73,312.21,307.85,295.39,277.13,270.18,297.0187,1,324.0060,0,801145,698110,5.4902,6.0205,-0.5304,60.77
2024-08-02,315.49,316.36,304.56,312.29,312.46,308.93,295.75,277.45,270.43,297.0187,1,323.7077,0,703450,701437,5.2166,5.8597,-0.6432,68.72
2024-08-05,311.10,311.68,300.52,304.09,311.45,309.57,296.05,277.71,270.65,297.0187,1,322.9419,0,967497,703157,4.2887,5.5455,-1.2569,70.68
2024-08-06,304.10,311.34,302.50,307.57,311.05,310.18,296.47,277.99,270.90,297.0187,1,321.5968,0,801487,706070,3.7910,5.1946,-1.4036,70.68
2024-08-07,300.13,302.01,286.67,292.19,308.89,309.75,296.59,278.11,271.08,321.2115,0,320.3324,0,1443250,720097,2.1309,4.5819,-2.4510,59.66
2024-08-08,293.60,303.99,292.46,303.59,307.99,309.73,297.05,278.29,271.32,321.2115,0,317.6391,0,891826,722103,1.7152,4.0086,-2.2933,65.76
2024-08-09,302.71,303.92,298.58,301.53,306.84,309.34,297.54,278.44,271.58,321.2115,0,315.1614,0,576096,718949,1.2059,3.4480,-2.2421,66.03
2024-08-12,302.85,302.85,297.27,299.21,305.67,308.87,297.89,278.57,271.81,321.2115,0,312.8818,0,585184,714236,0.6074,2.8799,-2.2725,66.15
2024-08-13,300.87,302.95,298.43,302.43,304.75,308.41,298.22,278.68,272.08,321.2115,0,310.7846,0,528129,697340,0.3889,2.3817,-1.9928,64.92
2024-08-14,299.61,303.28,298.79,301.76,303.84,307.81,298.51,278.80,272.36,321.2115,0,308.8552,0,534473,692982,0.1596,1.9373,-1.7777,64.15
2024-08-15,302.83,305.90,301.02,304.25,302.89,307.55,298.85,278.96,272.68,321.2115,0,307.0801,0,613946,694010,0.1765,1.5851,-1.4086,63.77
2024-08-16,304.73,305.83,301.76,302.64,301.93,307.19,299.15,279.12,272.99,321.2115,0,305.9001,0,463677,692534,0.0600,1.2801,-1.2201,60.62
2024-08-19,302.66,308.99,302.62,308.79,302.40,306.93,299.61,279.29,273.37,321.2115,0,286.6667,1,398221,688711,0.4586,1.1158,-0.6572,63.23
2024-08-20,308.93,311.17,307.52,309.34,302.57,306.81,300.09,279.49,273.72,321.2115,0,287.1132,1,444397,685856,0.8092,1.0545,-0.2453,67.49
2024-08-21,310.28,311.64,308.74,309.90,304.34,306.62,300.59,279.69,274.05,321.2115,0,288.0757,1,374639,681204,1.1197,1.0675,0.0522,66.23
2024-08-22,310.23,310.23,304.23,305.55,304.54,306.27,301.08,279.86,274.35,321.2115,0,289.4893,1,704879,684836,1.0032,1.0546,-0.0515,65.03
2024-08-23,307.19,311.92,306.35,309.57,305.34,306.09,301.64,280.03,274.65,321.2115,0,290.8181,1,582338,686606,1.2212,1.0880,0.1332,62.58
2024-08-26,309.21,310.95,306.47,307.67,306.19,305.93,302.21,280.18,274.95,321.2115,0,292.5061,1,578368,687830,1.2264,1.1156,0.1107,60.96
2024-08-27,309.22,310.54,306.54,307.81,306.73,305.74,302.79,280.33,275.24,321.2115,0,294.0591,1,472185,687039,1.2277,1.1381,0.0897,62.42
2024-08-28,306.88,311.18,306.36,310.22,307.58,305.71,303.32,280.52,275.58,321.2115,0,295.4879,1,475849,685178,1.4071,1.1919,0.2152,64.43
2024-08-29,312.28,314.72,310.00,311.65,308.32,305.60,303.83,280.69,275.92,321.2115,0,296.8023,1,428426,680489,1.6457,1.2826,0.3631,64.95
2024-08-30,312.54,316.03,311.00,314.31,309.48,305.70,304.32,280.87,276.27,321.2115,0,298.5945,1,725546,677087,2.0257,1.4313,0.5945,64.06
2024-09-03,312.48,313.66,309.86,311.18,309.72,306.06,304.78,281.02,276.60,321.2115,0,300.6871,1,700846,650447,2.0510,1.5552,0.4958,65.83
2024-09-04,310.64,311.74,308.44,311.31,309.92,306.25,305.06,281.16,276.90,321.2115,0,302.5286,1,536331,639607,2.0572,1.6556,0.4016,65.69
2024-09-05,311.55,312.46,303.09,305.39,309.47,306.91,305.20,281.27,277.19,321.2115,0,316.0329,0,641389,632315,1.5670,1.6379,-0.0709,62.06
2024-09-06,305.71,307.85,300.35,301.82,309.09,306.82,305.38,281.29,277.48,321.2115,0,315.7740,0,718824,629172,0.8796,1.4862,-0.6066,62.06
2024-09-09,303.66,308.64,301.38,306.86,308.82,307.08,305.65,281.35,277.79,321.2115,0,315.1570,0,556606,627241,0.7336,1.3357,-0.6021,65.66
2024-09-10,307.88,309.98,303.54,309.70,309.03,307.61,306.00,281.44,278.13,321.2115,0,314.5646,0,463265,614522,0.8370,1.2360,-0.3990,67.73
2024-09-11,308.64,311.32,301.57,310.69,309.31,308.02,306.40,281.57,278.46,321.2115,0,313.9959,0,564596,614808,0.9872,1.1862,-0.1990,67.31
2024-09-12,310.91,312.94,307.32,310.76,309.37,308.47,306.81,281.82,278.79,321.2115,0,313.4499,0,524795,615715,1.0997,1.1689,-0.0692,65.37
2024-09-13,308.78,314.89,308.02,313.01,309.50,308.91,307.28,282.10,279.14,321.2115,0,300.3471,1,464433,618812,1.3549,1.2061,0.1488,61.42
2024-09-16,316.20,317.82,313.45,315.66,309.64,309.56,307.78,282.41,279.50,321.2115,0,300.6381,1,791415,626716,1.7504,1.3150,0.4354,62.00
2024-09-17,315.02,315.02,311.72,313.34,309.85,309.79,308.22,282.70,279.84,321.2115,0,301.3254,1,670259,632851,1.8555,1.4231,0.4324,57.22
2024-09-18,314.40,319.18,311.65,313.45,310.07,309.99,308.58,283.00,280.16,321.2115,0,301.9853,1,454968,630246,1.9257,1.5236,0.4021,57.64
2024-09-19,317.32,318.90,315.04,316.31,311.16,310.31,308.89,283.33,280.49,321.2115,0,303.0168,1,546288,627069,2.1864,1.6562,0.5303,53.94
2024-09-20,315.55,319.15,314.72,317.65,312.74,310.92,309.17,283.66,280.82,321.2115,0,303.9865,1,1372529,639864,2.4731,1.8196,0.6536,54.40
2024-09-23,319.18,319.34,313.87,315.99,313.65,311.24,309.30,284.01,281.15,321.2115,0,304.8979,1,562986,636625,2.5366,1.9630,0.5737,52.95
2024-09-24,313.67,315.80,311.17,311.57,313.84,311.43,309.36,284.33,281.47,321.2115,0,306.0531,1,695263,639379,2.2052,2.0114,0.1938,49.31
2024-09-25,309.76,310.23,293.91,294.57,312.23,310.77,309.02,284.54,281.69,321.2115,0,319.3378,0,1329499,653447,0.5640,1.7219,-1.1579,42.03
2024-09-26,295.34,301.08,295.05,300.44,311.20,310.28,308.75,284.78,281.96,318.8132,0,318.8292,0,815524,656779,-0.2596,1.3256,-1.5852,41.27
2024-09-27,303.83,308.80,301.78,303.80,310.28,309.89,308.64,285.01,282.22,318.8132,0,318.3307,0,784927,657727,-0.6338,0.9337,-1.5675,42.04
2024-09-30,302.53,304.33,300.15,303.37,309.05,309.34,308.51,285.26,282.48,318.8132,0,317.8422,0,633755,658153,-0.9543,0.5561,-1.5104,42.58
2024-10-01,303.22,303.36,298.39,301.59,307.87,308.86,308.26,285.55,282.69,318.8132,0,317.3635,0,671839,659940,-1.3365,0.1776,-1.5141,43.11
2024-10-02,299.06,301.92,297.69,301.03,306.63,308.35,308.05,285.84,282.92,318.8132,0,316.8944,0,835902,666940,-1.6650,-0.1909,-1.4741,43.42
2024-10-03,298.57,301.03,297.01,298.92,304.89,308.03,307.75,286.14,283.15,317.3943,0,316.4347,0,484252,660118,-2.0724,-0.5672,-1.5052,40.39
2024-10-04,300.08,301.99,297.93,300.97,303.22,307.98,307.52,286.41,283.38,317.3943,0,315.9841,0,469197,653216,-2.2042,-0.8946,-1.3096,38.52
2024-10-07,301.36,301.49,297.45,298.89,301.51,307.58,307.24,286.67,283.59,316.6539,0,315.5426,0,400717,651081,-2.4484,-1.2053,-1.2430,39.69
2024-10-08,300.51,301.24,297.97,299.10,300.27,307.06,307.00,286.95,283.82,316.0565,0,315.1099,0,461684,649600,-2.5945,-1.4832,-1.1113,40.00
2024-10-09,298.14,304.10,296.30,303.56,301.17,306.70,306.84,287.27,284.05,316.0565,0,314.6858,0,444732,647937,-2.3241,-1.6514,-0.6728,42.94
2024-10-10,302.18,303.71,300.11,302.24,301.35,306.27,306.67,287.59,284.25,316.0565,0,314.2702,0,402739,641891,-2.1910,-1.7593,-0.4317,43.90
2024-10-11,303.36,309.92,301.38,309.15,301.88,306.08,306.57,287.96,284.49,316.0565,0,313.8630,0,514590,636160,-1.5104,-1.7095,0.1991,44.85
2024-10-14,306.55,307.83,303.73,305.64,302.11,305.58,306.44,288.29,284.70,316.0565,0,313.4638,0,523709,632566,-1.2401,-1.6156,0.3755,41.79
2024-10-15,306.97,308.19,305.08,306.08,302.56,305.22,306.48,288.62,284.90,316.0565,0,313.0727,0,635941,625934,-0.9790,-1.4883,0.5093,41.91
2024-10-16,307.13,307.63,302.53,302.82,302.74,304.68,306.39,288.93,285.09,316.0565,0,312.6894,0,571440,621333,-1.0230,-1.3952,0.3722,39.31
2024-10-17,306.86,306.86,301.76,302.54,303.10,304.00,306.59,289.27,285.23,316.0565,0,312.3138,0,525567,602980,-1.0685,-1.3299,0.2614,39.23
2024-10-18,301.86,303.70,300.52,302.85,303.29,303.26,306.58,289.62,285.36,316.0565,0,311.9456,0,499248,595128,-1.0671,-1.2773,0.2103,37.17
2024-10-21,301.44,302.98,297.40,298.22,303.22,302.37,306.51,289.93,285.46,315.9103,0,311.5848,0,485626,593319,-1.4233,-1.3065,-0.1168,36.44
2024-10-22,296.81,302.31,295.62,300.97,303.41,301.84,306.55,290.26,285.57,315.1152,0,311.2313,0,673364,595082,-1.4670,-1.3386,-0.1283,38.54
2024-10-23,297.53,299.92,295.36,296.49,302.70,301.93,306.43,290.54,285.62,313.8606,0,310.8848,0,480632,594132,-1.8419,-1.4393,-0.4026,36.59
2024-10-24,296.04,298.69,295.29,297.23,302.20,301.77,306.34,290.81,285.69,312.6086,0,310.5453,0,418794,591819,-2.0554,-1.5625,-0.4929,37.78
2024-10-25,299.87,300.54,296.47,298.45,301.13,301.51,306.22,291.09,285.78,312.6086,0,310.2125,0,508563,589711,-2.1023,-1.6704,-0.4318,39.08
2024-10-28,299.46,301.42,297.43,298.62,300.43,301.27,306.14,291.34,285.87,312.6086,0,309.8864,0,575981,591957,-2.1008,-1.7565,-0.3443,37.11
2024-10-29,298.47,300.54,296.41,297.52,299.57,301.06,305.92,291.58,285.95,312.6086,0,309.5668,0,463414,593261,-2.1636,-1.8379,-0.3257,36.46
2024-10-30,293.71,299.31,292.47,297.09,299.00,300.87,305.67,291.79,286.04,311.1650,0,309.2536,0,701635,598406,-2.2227,-1.9149,-0.3078,36.23
2024-10-31,299.11,304.49,297.19,301.44,298.89,300.99,305.50,292.04,286.14,311.1650,0,308.5821,0,868754,608288,-1.8966,-1.9112,0.0146,40.17
2024-11-01,300.06,302.89,298.38,300.55,298.66,300.97,305.40,292.29,286.24,311.1650,0,307.9375,0,583119,605853,-1.6902,-1.8670,0.1768,43.19
2024-11-04,301.83,301.83,296.21,298.38,298.67,300.95,305.18,292.57,286.32,311.1650,0,307.3187,0,662374,607454,-1.6827,-1.8302,0.1475,42.26
2024-11-05,297.67,300.84,294.72,300.62,298.64,301.02,305.04,292.88,286.39,311.1650,0,306.7246,0,470091,605288,-1.4788,-1.7599,0.2810,42.26
2024-11-06,306.00,306.36,299.57,302.97,299.29,300.99,304.94,293.24,286.48,311.1650,0,292.4665,1,710705,610059,-1.1145,-1.6308,0.5163,36.37
2024-11-07,303.17,304.08,299.91,303.09,299.87,301.04,304.80,293.59,286.59,311.1650,0,292.7445,1,854574,617633,-0.8074,-1.4661,0.6587,37.86
2024-11-08,303.62,309.06,302.49,306.26,300.65,300.89,304.69,293.97,286.69,311.1650,0,293.0169,1,643436,621933,-0.3044,-1.2338,0.9294,39.81
2024-11-11,306.85,308.43,302.80,302.99,301.09,300.76,304.46,294.31,286.77,311.1650,0,293.6584,1,790687,623236,-0.1676,-1.0205,0.8530,36.83
2024-11-12,300.90,302.44,276.62,281.37,299.48,299.52,303.87,294.54,286.73,311.1650,0,309.0563,0,1996341,649146,-1.7836,-1.1732,-0.6104,27.95
2024-11-13,288.11,289.45,281.43,283.81,298.15,298.57,303.32,294.76,286.70,308.3670,0,308.4254,0,1123045,660880,-2.8341,-1.5054,-1.3288,30.74
2024-11-14,280.49,281.03,275.24,278.63,295.87,297.38,302.78,294.96,286.65,301.3368,0,307.7893,0,1040371,668860,-4.0388,-2.0120,-2.0267,28.44
2024-11-15,274.46,274.46,263.27,267.03,292.51,295.59,302.09,295.10,286.49,294.3539,0,306.4872,0,1510138,684686,-5.8618,-2.7820,-3.0798,26.30
2024-11-18,265.15,267.03,262.47,264.56,289.13,293.90,301.24,295.22,286.32,289.0576,0,303.8941,0,884952,691253,-7.4202,-3.7096,-3.7106,24.85
2024-11-19,263.52,267.25,261.52,265.69,285.64,292.14,300.36,295.36,286.17,287.9858,0,300.5803,0,898724,699962,-8.4665,-4.6610,-3.8055,25.69
2024-11-20,266.78,273.78,264.37,273.20,282.66,290.98,299.61,295.55,286.08,287.9858,0,296.6744,0,1370031,716071,-8.5902,-5.4469,-3.1433,29.70
2024-11-21,273.50,276.28,269.66,275.13,279.87,289.87,298.90,295.72,286.09,287.9858,0,293.1592,0,1030073,726177,-8.4355,-6.0446,-2.3909,28.25
2024-11-22,276.02,280.43,274.07,279.53,277.19,288.92,298.23,295.90,286.13,287.9858,0,289.9955,0,899259,734873,-7.8676,-6.4092,-1.4584,28.44
2024-11-25,278.60,282.17,278.55,279.02,274.80,287.94,297.49,296.07,286.18,287.9858,0,287.1481,0,1380536,746656,-7.3732,-6.6020,-0.7712,25.95
2024-11-26,250.76,266.06,244.67,265.75,273.23,286.36,296.54,296.15,286.16,285.4273,0,284.5855,0,4763054,828511,-7.9609,-6.8738,-1.0872,20.61
2024-11-27,264.79,268.29,263.84,265.80,271.43,284.79,295.59,296.25,286.15,285.4273,0,282.1735,0,1854848,856509,-8.3261,-7.1642,-1.1619,19.19
2024-11-29,265.22,269.19,263.50,268.46,270.42,283.14,294.63,296.37,286.15,285.4273,0,277.6726,0,631592,858215,-8.3054,-7.3925,-0.9129,20.30
2024-12-02,267.71,268.00,262.78,263.93,270.11,281.31,293.56,296.42,286.13,285.4273,0,273.7119,0,1300896,856782,-8.5557,-7.6251,-0.9306,18.39
2024-12-03,262.89,267.05,262.41,264.14,270.07,279.60,292.52,296.49,286.14,285.4273,0,270.2265,0,1522076,875964,-8.6376,-7.8276,-0.8100,19.39
2024-12-04,261.76,265.18,259.91,264.08,269.90,277.77,291.57,296.53,286.14,285.4273,0,268.0040,0,1161429,885288,-8.6078,-7.9837,-0.6242,19.00
2024-12-05,262.89,264.82,259.23,260.35,268.62,275.64,290.89,296.54,286.13,285.3825,0,267.0455,0,874290,876183,-8.7840,-8.1437,-0.6403,17.67
2024-12-06,261.00,261.33,257.65,258.69,266.98,273.42,290.05,296.34,286.10,281.6131,0,265.1759,0,1082197,881517,-8.9544,-8.3059,-0.6485,16.86
2024-12-09,259.24,265.74,258.41,263.49,265.37,271.28,289.25,296.24,286.07,281.6131,0,244.6667,1,894552,883709,-8.6035,-8.3654,-0.2381,16.86
2024-12-10,263.70,263.74,258.48,261.70,263.64,269.22,288.41,296.13,286.05,281.6131,0,245.0881,1,769729,886429,-8.3729,-8.3669,-0.0060,17.63
2024-12-11,261.94,262.21,256.80,259.48,263.01,268.12,287.57,295.96,286.05,280.4504,0,245.5010,1,1228568,897563,-8.2740,-8.3483,0.0743,15.64
2024-12-12,259.86,261.83,258.29,260.10,262.44,266.94,286.75,295.76,286.07,279.9726,0,245.9057,1,1027506,901395,-8.0530,-8.2892,0.2363,17.70
2024-12-13,259.05,260.11,256.26,256.83,261.28,265.85,285.91,295.55,286.08,277.2644,0,246.3023,1,786503,907440,-8.0485,-8.2411,0.1926,16.85
2024-12-16,256.83,258.80,252.66,252.92,260.18,265.14,284.95,295.33,286.04,274.7406,0,246.6910,1,989008,917837,-8.2651,-8.2459,-0.0192,16.05
2024-12-17,251.94,256.49,251.32,252.40,259.01,264.54,284.02,295.08,286.01,272.5689,0,247.0719,1,1261268,935048,-8.3823,-8.2732,-0.1092,15.48
2024-12-18,251.67,253.58,245.50,245.60,257.16,263.53,282.95,294.74,285.95,268.7598,0,265.7357,0,1059342,947001,-8.9215,-8.4028,-0.5186,16.24
2024-12-19,244.86,248.47,240.40,247.88,255.91,262.27,281.84,294.43,285.91,264.1549,0,265.3311,0,1234332,962793,-9.0598,-8.5342,-0.5255,19.45
2024-12-20,255.30,255.88,248.85,249.96,255.04,261.01,280.79,294.15,285.89,264.1549,0,264.3337,0,3605040,1026839,-8.8990,-8.6072,-0.2918,20.71
2024-12-23,249.71,251.31,247.58,250.55,253.74,259.56,279.62,293.86,285.87,264.1549,0,263.3762,0,798785,1032523,-8.6248,-8.6107,-0.0141,20.48
2024-12-24,249.11,251.07,248.05,251.02,252.67,258.16,278.53,293.57,285.85,264.1549,0,262.4569,0,402183,1030092,-8.2745,-8.5435,0.2690,20.44
2024-12-26,248.85,251.24,248.42,249.77,251.70,257.36,277.40,293.31,285.81,264.1549,0,261.5745,0,430905,1025992,-8.0050,-8.4358,0.4308,19.10
2024-12-27,247.80,250.08,247.24,249.27,250.62,256.53,276.33,293.06,285.78,264.1549,0,260.7274,0,566641,1025896,-7.7427,-8.2971,0.5545,19.33
2024-12-30,247.54,248.24,245.33,246.09,249.55,255.41,275.20,292.80,285.75,262.7080,0,259.9141,0,788090,1031146,-7.7026,-8.1782,0.4757,18.34
2024-12-31,247.47,248.22,245.66,247.36,248.99,254.59,274.09,292.57,285.74,262.0380,0,259.1334,0,512470,1031410,-7.4819,-8.0390,0.5570,17.46
2025-01-02,248.82,250.15,245.15,246.07,248.36,253.68,273.05,292.37,285.71,262.0380,0,258.3839,0,611227,1033922,-7.3268,-7.8965,0.5698,17.19
2025-01-03,246.75,248.73,246.56,247.91,248.59,252.87,271.99,292.14,285.69,262.0193,0,257.6644,0,778357,1036022,-6.9748,-7.7122,0.7374,16.54
2025-01-06,245.85,247.88,243.95,245.42,248.34,252.13,270.96,291.87,285.65,260.0463,0,256.9736,0,1207150,1050553,-6.8187,-7.5335,0.7148,14.98
2025-01-07,246.96,251.70,246.14,248.71,248.22,251.63,269.99,291.61,285.61,260.0463,0,256.3105,0,831700,1058811,-6.3560,-7.2980,0.9420,16.43
2025-01-08,248.62,250.79,246.58,250.75,248.24,250.99,269.04,291.37,285.58,260.0463,0,255.6739,0,639784,1061435,-5.7582,-6.9900,1.2318,17.64
2025-01-10,247.50,251.30,247.28,248.87,248.02,250.35,268.05,291.11,285.52,260.0463,0,255.0628,0,713738,1064190,-5.3742,-6.6669,1.2927,17.82
2025-01-13,248.76,256.71,247.97,256.43,248.69,250.20,267.22,290.92,285.49,260.0463,0,240.3960,1,909433,1073111,-4.4094,-6.2154,1.8059,21.39
2025-01-14,257.77,257.77,251.41,253.49,249.11,249.87,266.35,290.71,285.43,260.0463,0,240.7222,1,785888,1074796,-3.8373,-5.7398,1.9025,19.30
2025-01-15,255.61,258.92,254.90,255.24,250.03,249.79,265.43,290.51,285.39,260.0463,0,241.4043,1,1005163,1077524,-3.2059,-5.2330,2.0271,19.75
2025-01-16,255.22,256.54,253.54,255.70,250.86,249.92,264.53,290.34,285.35,260.0463,0,242.4553,1,723285,1080327,-2.6377,-4.7139,2.0762,18.76
2025-01-17,262.86,262.86,256.04,258.25,252.08,250.22,263.73,290.18,285.36,260.0463,0,243.4433,1,882725,1084734,-1.9595,-4.1630,2.2035,19.25
2025-01-21,258.28,262.41,256.51,260.81,253.37,250.98,262.93,290.06,285.39,243.6957,1,244.9966,1,1079591,1096924,-1.2014,-3.5707,2.3693,18.67
2025-01-22,258.77,261.01,258.21,259.51,254.78,251.56,262.06,289.93,285.45,244.4163,1,246.4257,1,962044,1101951,-0.6975,-2.9961,2.2986,17.68
2025-01-23,259.51,263.84,258.45,263.72,256.28,252.25,261.27,289.80,285.51,245.8511,1,247.7405,1,693588,1098731,0.0414,-2.3886,2.4300,20.23
2025-01-24,262.19,263.23,259.57,261.39,257.34,252.79,260.38,289.63,285.57,246.3895,1,249.3502,1,553209,1096927,0.4335,-1.8242,2.2577,18.21
2025-01-27,263.24,268.80,262.11,268.54,259.31,253.67,259.69,289.49,285.66,249.7240,1,250.7989,1,988401,1100881,1.3060,-1.1981,2.5041,21.63
2025-01-28,265.86,269.06,265.71,266.02,260.27,254.48,259.38,289.34,285.75,252.2187,1,252.9592,1,766761,1076290,1.7740,-0.6037,2.3777,21.84
2025-01-29,265.76,268.62,265.08,267.33,261.65,255.38,259.05,289.14,285.83,252.2187,1,255.2130,1,691496,1067659,2.2249,-0.0380,2.2629,21.73
2025-01-30,270.48,271.14,267.29,269.55,263.08,256.55,258.87,288.95,285.94,254.8226,1,257.1512,1,725983,1061371,2.7300,0.5156,2.2144,20.32
2025-01-31,267.80,272.08,267.61,270.88,264.60,257.73,258.95,288.80,286.06,255.5565,1,259.3887,1,1084568,1052859,3.2006,1.0526,2.1480,22.29
2025-02-03,272.29,274.83,268.96,274.15,266.19,259.13,259.14,288.68,286.20,257.2715,1,261.6740,1,1292260,1061006,3.7940,1.6009,2.1931,27.31
2025-02-04,271.03,275.68,270.03,274.30,267.54,260.45,259.31,288.56,286.34,257.9956,1,264.3048,1,942899,1061889,4.2271,2.1261,2.1010,26.05
2025-02-05,275.88,292.52,274.77,292.13,270.80,262.79,259.69,288.57,286.59,264.8056,1,266.5802,1,1813186,1070752,5.9408,2.8891,3.0517,35.29
2025-02-06,293.72,293.72,281.98,282.61,272.69,264.48,259.84,288.51,286.75,267.3766,1,270.0255,1,1377084,1077692,6.4563,3.6025,2.8538,31.53
2025-02-07,283.92,284.35,277.67,278.59,274.41,265.88,259.82,288.44,286.88,267.3766,1,274.7651,1,994602,1079599,6.4657,4.1751,2.2905,31.45
2025-02-10,281.76,281.76,275.86,279.77,275.53,267.42,259.84,288.37,287.01,267.3766,1,293.7234,0,700303,1065995,6.4940,4.6389,1.8551,30.39
2025-02-11,275.76,282.77,273.67,281.55,277.09,268.68,260.15,288.31,287.15,267.3766,1,293.3662,0,1040357,991541,6.5837,5.0279,1.5558,33.05
2025-02-12,278.85,281.11,277.72,280.03,278.36,270.00,260.44,288.20,287.30,267.3766,1,292.5783,0,775978,969963,6.4578,5.3139,1.1440,39.17
2025-02-13,282.39,283.15,278.60,281.84,279.58,271.33,260.70,288.08,287.46,267.3766,1,291.8220,0,612263,969577,6.4302,5.5371,0.8931,36.35
2025-02-14,281.99,282.39,277.88,278.56,280.35,272.48,261.00,287.91,287.57,267.3766,1,291.0959,0,637437,956307,6.0736,5.6444,0.4291,37.19
2025-02-18,279.13,280.64,276.49,280.13,280.95,273.57,261.32,287.71,287.69,267.3766,1,290.3989,0,633092,938528,5.8501,5.6856,0.1645,39.28
2025-02-19,279.36,283.16,279.17,281.54,281.67,274.61,261.67,287.53,287.81,267.3766,1,289.7297,0,825986,931819,5.7205,5.6925,0.0279,42.51
2025-02-20,281.92,285.23,281.21,285.04,280.96,275.88,262.16,287.36,287.95,267.3766,1,289.0873,0,690900,928151,5.8331,5.7206,0.1124,45.71
2025-02-21,286.28,292.12,284.33,289.90,281.69,277.19,262.78,287.20,287.95,270.6398,1,273.6698,1,988237,926272,6.2426,5.8250,0.4175,50.95
2025-02-24,292.07,300.17,291.23,296.32,283.47,278.94,263.44,287.11,288.04,276.7923,1,274.0388,1,1327646,934934,7.0043,6.0609,0.9434,57.53
2025-02-25,298.31,304.53,296.87,301.97,285.69,280.61,264.24,287.06,288.16,281.2193,1,275.0841,1,1377946,947098,7.9724,6.4432,1.5292,60.43
2025-02-26,298.45,300.06,292.33,293.12,286.84,281.96,264.92,286.92,288.20,281.2193,1,276.8506,1,853850,939604,7.9340,6.7414,1.1927,53.59
2025-02-27,292.09,297.54,289.98,292.59,288.10,283.23,265.57,286.79,288.21,281.2193,1,278.5110,1,993640,938926,7.7708,6.9472,0.8236,59.78
2025-02-28,295.16,295.26,290.38,294.73,289.39,284.49,266.33,286.66,288.24,281.2193,1,280.0719,1,977474,942746,7.7253,7.1029,0.6225,58.80
2025-03-03,294.04,298.96,294.04,297.33,291.26,285.81,267.21,286.56,288.30,281.2193,1,281.5391,1,923234,941430,7.8093,7.2441,0.5651,63.77
2025-03-04,302.83,305.98,298.59,298.68,293.12,287.03,268.14,286.46,288.35,282.1251,1,282.9182,1,1192566,940056,7.8936,7.3740,0.5196,70.38
2025-03-05,297.19,305.14,296.72,302.87,295.25,288.46,269.28,286.41,288.38,282.1251,1,284.7631,1,832263,935515,8.2041,7.5400,0.6640,70.76
2025-03-06,302.73,304.89,298.98,304.07,297.16,289.06,270.41,286.36,288.43,282.1251,1,286.4604,1,977773,930384,8.4492,7.7219,0.7273,74.83
2025-03-07,305.15,313.99,304.03,310.80,299.25,290.47,271.62,286.36,288.52,287.6798,1,288.0220,1,1281540,883914,9.0822,7.9939,1.0883,78.98
2025-03-10,310.10,321.34,308.80,313.19,300.93,292.20,272.88,286.36,288.62,292.1153,1,290.6185,1,1348952,894917,9.6655,8.3283,1.3372,82.37
2025-03-11,314.57,314.86,304.64,305.09,301.25,293.47,273.96,286.31,288.67,292.1153,1,294.3056,1,982213,906518,9.3659,8.5358,0.8301,78.30
2025-03-12,297.91,302.34,295.28,298.98,301.83,294.34,274.94,286.27,288.72,292.1153,1,321.3444,0,994438,917788,8.5368,8.5360,0.0008,74.24
2025-03-13,300.09,303.04,298.49,299.11,302.48,295.29,275.94,286.22,288.78,292.1153,1,320.8231,0,644883,919353,7.8005,8.3889,-0.5883,76.61
2025-03-14,298.72,300.90,296.87,300.13,303.03,296.21,277.02,286.27,288.85,292.1153,1,320.3123,0,751900,918629,7.2165,8.1544,-0.9379,72.34
2025-03-17,301.02,304.87,298.30,303.44,303.64,297.45,278.14,286.27,288.97,292.1153,1,319.8118,0,727239,922925,6.9408,7.9117,-0.9709,73.06
2025-03-18,303.82,305.49,301.54,304.86,304.25,298.69,279.32,286.29,289.10,292.1153,1,319.3212,0,812334,926947,6.7586,7.6811,-0.9225,75.90
2025-03-19,303.77,305.12,299.84,302.09,304.18,299.71,280.40,286.31,289.21,292.1153,1,318.8404,0,579180,922963,6.3175,7.4083,-1.0909,72.26
2025-03-20,300.58,302.32,298.73,301.41,303.91,300.53,281.52,286.30,289.28,292.1153,1,318.3693,0,645738,911735,5.8457,7.0958,-1.2501,73.93
2025-03-21,298.33,302.79,297.69,302.36,303.07,301.16,282.59,286.31,289.36,292.1153,1,317.9076,0,3158820,958277,5.4858,6.7738,-1.2880,76.70
2025-03-24,301.37,303.84,299.87,300.77,301.82,301.38,283.60,286.29,289.43,292.1153,1,317.4551,0,766899,960820,5.0146,6.4220,-1.4074,72.73
2025-03-25,300.39,300.62,290.38,293.58,300.67,300.96,284.49,286.23,289.46,292.1153,1,317.0116,0,787188,962289,4.0144,5.9405,-1.9261,68.25
2025-03-26,293.18,295.71,291.18,292.48,300.02,300.93,285.21,286.12,289.49,292.1153,1,315.9462,0,726122,958622,3.0972,5.3718,-2.2746,68.21
2025-03-27,292.97,294.26,291.12,292.54,299.37,300.93,285.99,286.00,289.53,292.1153,1,314.9233,0,531092,953527,2.3479,4.7670,-2.4191,69.06
2025-03-28,294.14,294.83,291.52,293.67,298.72,300.87,286.76,285.90,289.57,292.1153,1,313.9414,0,542810,944279,1.8241,4.1784,-2.3543,71.12
2025-03-31,294.27,301.37,292.33,298.07,298.18,300.91,287.61,285.85,289.66,292.1153,1,312.9988,0,1039393,950602,1.7441,3.6916,-1.9475,73.97
2025-04-01,297.14,299.09,291.80,293.64,297.06,300.66,288.31,285.74,289.72,292.1153,1,312.0938,0,933743,951622,1.3081,3.2149,-1.9068,70.90
2025-04-02,292.19,293.48,287.11,292.47,296.10,300.14,288.95,285.64,289.78,292.1153,1,311.2251,0,584651,941723,0.8585,2.7436,-1.8851,68.33
2025-04-03,297.71,301.27,293.43,296.44,295.60,299.76,289.69,285.56,289.87,292.1153,1,309.7784,0,1016401,942810,0.8132,2.3575,-1.5443,77.91
2025-04-04,298.60,298.60,281.01,281.65,293.53,298.30,290.05,285.37,289.86,308.9731,0,308.4184,0,1546460,959868,-0.4114,1.8037,-2.2152,78.55
2025-04-07,275.24,284.09,269.51,277.15,291.17,296.50,290.36,285.14,289.81,301.6763,0,306.2257,0,1426144,977326,-1.7250,1.0980,-2.8230,77.09
2025-04-08,276.73,281.29,265.50,268.13,288.62,294.65,290.35,284.83,289.71,300.5185,0,302.5540,0,1148281,980524,-3.4541,0.1876,-3.6417,73.50
2025-04-09,257.27,278.88,255.83,278.49,287.22,293.62,290.60,284.62,289.66,298.6862,0,298.1076,0,1762754,1000444,-3.9429,-0.6385,-3.3044,67.86
2025-04-10,275.52,276.03,258.00,269.23,284.89,292.13,290.64,284.34,289.52,298.6862,0,292.1884,0,1316746,1012949,-5.0198,-1.5148,-3.5050,65.97
2025-04-11,270.27,275.44,265.11,273.60,282.89,290.80,290.72,284.12,289.39,298.6862,0,287.0979,0,991521,1018260,-5.4574,-2.3033,-3.1541,69.32
2025-04-14,274.36,282.41,272.87,281.20,281.20,289.69,290.93,283.99,289.34,298.6862,0,282.7201,0,732654,1011221,-5.1322,-2.8691,-2.2631,71.10
2025-04-15,281.57,283.35,279.50,282.52,280.09,288.57,291.09,283.82,289.28,298.6862,0,255.8279,1,765890,1000694,-4.7135,-3.2380,-1.4756,71.29
2025-04-16,281.98,281.99,268.87,270.41,277.88,286.99,291.02,283.56,289.17,298.6862,0,256.3784,1,750777,996852,-5.2980,-3.6500,-1.6481,65.54
2025-04-17,265.05,266.62,256.88,265.29,274.77,285.18,290.48,283.26,289.05,294.8315,0,283.3529,0,1212256,984833,-6.1039,-4.1408,-1.9631,60.53
2025-04-21,265.29,266.21,258.66,261.84,272.79,283.16,290.06,282.93,288.90,294.4720,0,282.8234,0,493609,967164,-6.9413,-4.7009,-2.2404,62.07
2025-04-22,263.77,266.67,262.61,266.35,271.71,281.44,289.82,282.62,288.79,294.4720,0,282.3045,0,579350,958858,-7.1580,-5.1923,-1.9657,55.69
2025-04-23,267.80,271.33,264.46,265.87,271.48,280.05,289.54,282.29,288.66,294.4720,0,281.7961,0,744633,959745,-7.2843,-5.6107,-1.6736,53.99
2025-04-24,266.42,270.04,262.54,267.73,270.40,278.81,289.27,281.99,288.55,294.4720,0,281.2977,0,632578,951590,-7.1523,-5.9190,-1.2333,48.43
2025-04-25,267.38,269.98,264.48,268.69,270.35,277.62,289.04,281.69,288.41,294.4720,0,280.8094,0,560163,947273,-6.8910,-6.1134,-0.7776,49.28
2025-04-28,268.49,271.81,267.88,270.84,270.07,276.48,288.82,281.39,288.26,294.4720,0,280.3308,0,589507,946818,-6.4360,-6.1779,-0.2581,49.28
2025-04-29,268.95,277.35,266.98,276.07,269.56,275.38,288.77,281.11,288.12,294.4720,0,279.8618,0,619740,946464,-5.5887,-6.0601,0.4714,53.29
2025-04-30,276.91,279.36,273.71,278.33,269.14,274.62,288.73,280.86,287.97,294.4720,0,279.4022,0,759970,949002,-4.6811,-5.7843,1.1032,54.61
2025-05-01,274.62,275.42,269.86,271.50,269.25,273.57,288.53,280.59,287.78,294.4720,0,279.3633,0,835079,949184,-4.4616,-5.5197,1.0582,47.70
2025-05-02,278.88,278.99,263.29,269.05,269.63,272.20,288.21,280.42,287.57,294.4720,0,279.3633,0,1275895,960883,-4.4341,-5.3026,0.8685,42.67
2025-05-05,269.38,269.77,264.14,267.94,270.24,271.51,287.77,280.20,287.34,293.4844,0,278.9902,0,778959,956698,-4.4506,-5.1322,0.6816,40.52
2025-05-06,265.10,265.60,257.18,258.74,269.48,270.59,287.02,279.90,287.09,288.4922,0,278.9902,0,879850,947742,-5.1470,-5.1352,-0.0118,38.44
2025-05-07,260.26,264.71,258.74,263.90,269.28,270.38,286.26,279.64,286.86,287.9075,0,278.5480,0,651920,933221,-5.2218,-5.1525,-0.0693,41.54
2025-05-08,257.79,262.89,254.51,260.28,268.53,269.47,285.60,279.36,286.59,285.0841,0,278.1146,0,984277,935830,-5.5102,-5.2241,-0.2862,36.74
2025-05-09,258.95,261.64,254.16,254.35,267.10,268.73,284.84,279.05,286.30,283.8959,0,277.1703,0,885021,933658,-6.1458,-5.4084,-0.7374,33.68
2025-05-12,254.94,264.14,251.61,262.87,266.30,268.19,284.20,278.81,286.05,283.8959,0,275.7899,0,1158608,937280,-5.8944,-5.5056,-0.3888,31.59
2025-05-13,261.98,262.07,256.91,258.75,264.57,267.07,283.43,278.53,285.78,283.8959,0,273.8554,0,719586,933207,-5.9593,-5.5963,-0.3629,30.19
2025-05-14,258.16,258.64,250.12,250.93,261.83,265.49,282.48,278.21,285.47,280.5703,0,272.0757,0,1031547,929987,-6.5657,-5.7902,-0.7755,29.21
2025-05-15,253.82,259.93,252.72,259.93,260.67,264.96,281.62,277.95,285.21,280.5703,0,269.8798,0,1085429,935050,-6.2478,-5.8817,-0.3661,34.37
2025-05-16,261.24,263.05,258.41,262.92,260.06,264.84,280.79,277.68,284.97,280.5703,0,267.9034,0,705351,929602,-5.6889,-5.8432,0.1543,34.52
2025-05-19,263.09,266.39,262.53,266.24,259.89,265.06,279.90,277.44,284.75,280.5703,0,250.1163,1,603946,916050,-4.9213,-5.6588,0.7375,34.48
2025-05-20,266.30,267.26,264.73,265.43,260.56,265.02,278.95,277.15,284.50,280.5703,0,250.4417,1,601804,901107,-4.3285,-5.3927,1.0642,31.46
2025-05-21,264.63,265.99,261.09,261.89,260.36,264.82,278.08,276.86,284.25,280.5703,0,251.1144,1,694549,895354,-4.0973,-5.1336,1.0363,31.43
2025-05-22,261.89,262.95,259.73,262.43,260.58,264.55,277.35,276.57,284.04,280.5703,0,251.7601,1,521994,885905,-3.8263,-4.8722,1.0458,31.77
2025-05-23,260.10,263.03,259.76,262.20,261.36,264.23,276.61,276.29,283.82,280.5361,0,252.3800,1,687843,886764,-3.5889,-4.6155,1.0266,34.77
2025-05-27,264.17,269.89,263.61,269.72,262.05,264.17,276.01,276.08,283.70,280.5361,0,252.9752,1,815184,888030,-2.7622,-4.2449,1.4826,35.12
2025-05-28,269.30,271.54,266.99,268.71,263.04,263.81,275.31,275.85,283.53,280.5361,0,253.9902,1,1075682,894999,-2.1639,-3.8287,1.6648,36.67
2025-05-29,269.50,273.94,268.71,273.67,265.32,263.57,274.69,275.68,283.39,280.5361,0,255.3945,1,794451,894641,-1.2747,-3.3179,2.0432,37.50
2025-05-30,272.77,278.75,271.25,278.15,267.14,263.91,274.21,275.53,283.29,280.5361,0,257.2487,1,1567469,914407,-0.2063,-2.6956,2.4893,39.43
2025-06-02,275.69,279.37,274.85,278.43,268.69,264.37,273.75,275.41,283.17,280.5361,0,259.8293,1,690597,915304,0.6555,-2.0254,2.6808,39.85
2025-06-03,275.58,281.60,273.18,279.49,270.01,264.95,273.29,275.29,283.05,280.5361,0,262.5651,1,671918,865566,1.4079,-1.3387,2.7466,36.21
2025-06-04,280.09,283.00,276.90,277.02,271.17,265.87,272.82,275.15,282.92,280.5361,0,265.6108,1,671116,863650,1.7842,-0.7141,2.4983,34.22
2025-06-05,276.36,281.21,275.07,277.10,272.69,266.53,272.49,275.01,282.79,280.5361,0,268.7408,1,724181,862390,2.0657,-0.1582,2.2238,31.81
2025-06-06,279.71,283.35,278.95,280.22,274.47,267.52,272.24,274.89,282.65,280.5361,0,271.3075,1,579528,859458,2.5113,0.3757,2.1356,32.45
2025-06-09,280.36,281.50,277.53,279.88,276.24,268.80,271.99,274.78,282.50,280.5361,0,273.7155,1,570420,860245,2.8049,0.8616,1.9434,32.94
2025-06-10,279.90,285.35,279.70,283.21,277.59,269.82,271.78,274.66,282.37,264.3883,1,275.6419,1,716409,863717,3.2686,1.3430,1.9256,30.87
2025-06-11,283.00,284.41,281.01,281.65,278.88,270.96,271.45,274.53,282.25,265.3706,1,277.5275,1,533516,853599,3.4699,1.7684,1.7016,32.75
2025-06-12,283.97,287.08,282.49,286.94,280.21,272.76,271.32,274.45,282.13,267.5496,1,279.0911,1,642057,847765,4.0100,2.2167,1.7933,38.21
2025-06-13,284.47,289.06,283.83,284.94,280.89,274.01,271.17,274.35,282.02,269.3639,1,280.6894,1,646886,849010,4.2281,2.6190,1.6091,39.78
2025-06-16,285.99,288.37,282.28,285.27,281.57,275.13,270.94,274.23,281.91,269.3639,1,289.0614,0,605189,840786,4.3770,2.9706,1.4064,41.19
2025-06-17,284.16,285.50,279.54,279.95,281.62,275.81,270.91,274.08,281.76,269.3639,1,289.0614,0,729505,824447,4.0195,3.1804,0.8391,39.73
2025-06-18,280.66,281.71,276.62,279.54,281.87,276.52,270.96,273.90,281.60,269.3639,1,288.6807,0,587022,807664,3.6613,3.2765,0.3847,37.47
2025-06-20,282.00,284.29,278.49,279.26,282.09,277.39,271.18,273.74,281.42,269.3639,1,287.9571,0,1967820,824055,3.3158,3.2844,0.0314,40.03
2025-06-23,279.98,280.54,258.50,262.95,280.36,277.41,270.87,273.62,281.18,291.5218,0,287.2769,0,1570589,820212,1.7069,2.9689,-1.2620,28.58
2025-06-24,263.62,270.26,259.64,267.83,279.15,277.70,270.84,273.51,280.96,287.9367,0,284.9750,0,1023078,814339,0.8157,2.5383,-1.7225,29.68
2025-06-25,266.20,270.77,263.62,270.59,277.89,277.74,270.78,273.46,280.79,287.9367,0,282.8573,0,768243,809873,0.3284,2.0963,-1.7679,32.07
2025-06-26,270.25,276.21,268.08,269.39,276.67,277.77,270.54,273.47,280.63,287.9367,0,280.9091,0,836828,811956,-0.1526,1.6465,-1.7991,27.11
2025-06-27,268.87,271.52,266.10,267.48,274.72,277.46,270.24,273.49,280.43,287.9367,0,279.1166,0,802153,812682,-0.6802,1.1812,-1.8613,25.45
2025-06-30,269.14,270.29,266.95,269.49,273.17,277.03,270.22,273.52,280.23,287.9367,0,277.4676,0,827439,814215,-0.9256,0.7598,-1.6854,27.03
2025-07-01,270.26,283.74,269.27,280.40,272.69,277.13,270.53,273.57,280.08,287.9367,0,258.5038,1,1017604,810322,-0.2365,0.5606,-0.7971,33.73
2025-07-02,280.90,287.54,279.42,286.51,273.34,277.48,271.02,273.64,279.96,287.9367,0,259.0086,1,678896,814028,0.7934,0.6071,0.1863,30.27
2025-07-03,286.66,288.58,285.22,287.85,274.18,278.02,271.45,273.70,279.83,287.9367,0,260.1497,1,452877,811498,1.6983,0.8254,0.8729,28.57
2025-07-07,287.51,287.62,281.23,282.75,274.52,278.31,271.79,273.72,279.67,287.9367,0,261.8554,1,628231,809170,1.9806,1.0564,0.9242,27.29
2025-07-08,281.79,288.28,281.11,286.66,276.90,278.63,272.17,273.86,279.53,287.9367,0,263.4588,1,455628,805631,2.4911,1.3433,1.1477,28.46
2025-07-09,288.12,291.16,281.61,286.19,278.73,278.94,272.52,274.00,279.40,287.9367,0,264.9660,1,622099,806870,2.8257,1.6398,1.1858,29.40
2025-07-10,285.88,291.85,284.89,289.91,280.66,279.28,272.90,274.14,279.26,266.0229,1,267.0612,1,578453,806649,3.3520,1.9823,1.3698,32.26
2025-07-11,287.85,289.47,283.76,284.99,282.22,279.44,273.08,274.28,279.10,266.0229,1,269.5402,1,478278,803819,3.3335,2.2525,1.0810,30.53
2025-07-14,283.63,286.79,282.64,286.69,284.14,279.43,273.24,274.43,278.95,266.0229,1,271.7712,1,357119,795762,3.4166,2.4853,0.9313,31.52
2025-07-15,286.84,287.17,281.77,282.32,285.43,279.30,273.46,274.55,278.81,266.0229,1,273.7792,1,465881,788378,3.0947,2.6072,0.4875,31.86
2025-07-16,282.32,288.92,282.15,288.61,286.25,279.47,273.85,274.74,278.78,266.0229,1,275.5863,1,562457,774110,3.3085,2.7474,0.5610,37.95
2025-07-17,287.23,289.51,285.96,287.86,286.38,279.86,274.25,274.94,278.71,268.2194,1,277.2128,1,514660,768824,3.3790,2.8737,0.5052,38.25
2025-07-18,290.45,290.52,283.52,284.50,286.05,280.11,274.76,275.08,278.62,268.2194,1,278.6766,1,579999,762827,3.1270,2.9244,0.2026,36.48
2025-07-21,284.49,286.74,283.38,285.57,286.33,280.43,275.20,275.23,278.53,268.2194,1,279.9940,1,599166,761772,2.9794,2.9354,0.0440,36.37
2025-07-22,286.14,296.12,285.56,295.05,287.17,282.03,275.89,275.47,278.50,270.8334,1,281.1797,1,770583,757498,3.5859,3.0655,0.5204,39.98
2025-07-23,297.09,298.71,295.34,298.45,288.39,283.56,276.78,275.73,278.48,277.9202,1,282.9721,1,551246,750822,4.2920,3.3108,0.9812,41.97
2025-07-24,298.46,300.44,296.65,297.81,289.18,284.92,277.47,276.00,278.48,280.2129,1,285.1759,1,472452,737099,4.7447,3.5976,1.1471,43.67
2025-07-25,297.83,298.27,293.85,295.90,290.28,286.25,278.22,276.29,278.45,280.2129,1,287.6183,1,444940,731606,4.8936,3.8568,1.0369,41.67
2025-07-28,295.17,295.34,289.65,290.80,290.69,287.42,279.01,276.54,278.41,280.2129,1,300.4409,0,586913,722714,4.5473,3.9949,0.5524,35.85
2025-07-29,290.63,293.48,287.41,292.99,291.75,288.59,279.68,276.86,278.38,280.2129,1,300.2250,0,426957,709544,4.3988,4.0757,0.3232,37.24
2025-07-30,293.73,294.93,289.23,290.88,291.98,289.11,280.23,277.15,278.32,280.2129,1,299.7125,0,467244,704782,4.0638,4.0733,-0.0095,41.90
2025-07-31,288.05,292.41,283.41,284.82,291.68,289.03,280.61,277.38,278.23,280.2129,1,299.2204,0,664772,705998,3.2722,3.9131,-0.6408,40.76
2025-08-01,286.72,288.13,282.40,286.54,291.88,288.96,281.03,277.62,278.12,280.2129,1,298.2715,0,715748,708277,2.7518,3.6808,-0.9290,46.62
2025-08-04,286.95,291.80,285.98,291.43,292.47,289.40,281.62,277.89,278.05,280.2129,1,297.0019,0,699353,708373,2.7024,3.4851,-0.7828,50.00
2025-08-05,290.26,291.58,286.68,289.63,291.93,289.55,282.16,278.15,277.96,280.2129,1,295.8339,0,799443,713922,2.4896,3.2860,-0.7965,47.15
2025-08-06,285.22,288.14,271.84,274.76,289.56,288.97,282.41,278.32,277.82,301.6409,0,294.7593,0,1302650,726219,1.1080,2.8504,-1.7424,40.72
2025-08-07,277.34,279.18,271.88,274.79,287.25,288.22,282.52,278.51,277.69,297.2012,0,292.4676,0,737031,724656,0.0153,2.2834,-2.2681,41.81
2025-08-08,273.62,278.44,273.62,278.19,285.48,287.88,282.71,278.72,277.56,296.9837,0,290.4051,0,519765,713537,-0.5693,1.7129,-2.2821,44.78
2025-08-11,279.65,281.58,274.81,275.16,283.92,287.30,282.74,278.91,277.45,296.9837,0,288.5489,0,529355,708235,-1.2625,1.1178,-2.3803,47.07
2025-08-12,275.54,276.29,272.76,275.06,282.13,286.94,282.67,279.09,277.32,294.3863,0,286.8782,0,627042,689427,-1.7997,0.5343,-2.3340,45.31
2025-08-13,275.38,279.50,274.78,279.26,280.96,286.47,282.69,279.32,277.23,294.3863,0,285.3747,0,516425,685943,-1.8652,0.0544,-1.9196,41.10
2025-08-14,278.82,281.39,277.40,280.18,280.50,286.09,282.70,279.53,277.15,294.3863,0,284.0215,0,560927,683723,-1.8213,-0.3207,-1.5005,41.85
2025-08-15,281.86,286.65,280.46,286.15,280.46,286.17,282.89,279.77,277.08,294.3863,0,271.8426,1,642836,683158,-1.2903,-0.5146,-0.7757,44.03
2025-08-18,286.59,287.76,282.12,282.43,279.56,286.01,282.99,279.99,277.00,294.3863,0,272.1387,1,510271,678880,-1.1560,-0.6429,-0.5131,39.56
2025-08-19,282.23,286.65,281.94,285.26,279.12,285.52,283.09,280.18,276.94,294.3863,0,272.7635,1,549280,678275,-0.8121,-0.6767,-0.1353,39.37
2025-08-20,285.93,290.97,285.50,286.13,280.26,284.91,283.22,280.40,276.89,294.3863,0,273.3633,1,510991,677086,-0.4640,-0.6342,0.1702,43.69
2025-08-21,285.60,289.46,284.24,285.46,281.33,284.29,283.26,280.60,276.81,294.3863,0,274.4198,1,545293,673664,-0.2392,-0.5552,0.3160,42.68
2025-08-22,287.51,289.85,285.43,285.79,282.09,283.78,283.35,280.80,276.73,294.3863,0,275.4130,1,482876,672651,-0.0339,-0.4509,0.4170,34.12
2025-08-25,284.71,286.65,279.80,280.68,282.64,283.28,283.22,280.95,276.65,294.3863,0,276.3465,1,500294,669816,-0.2802,-0.4168,0.1366,31.71
2025-08-26,280.00,282.07,278.80,281.76,283.31,282.72,283.16,281.09,276.55,294.3863,0,277.2241,1,506881,667016,-0.3838,-0.4102,0.0264,29.72
2025-08-27,281.04,282.42,278.91,280.20,283.40,282.18,283.06,281.23,276.44,294.3863,0,278.0490,1,403388,662980,-0.5856,-0.4453,-0.1403,26.19
2025-08-28,279.48,279.48,277.18,277.90,283.18,281.84,283.02,281.32,276.31,293.8036,0,290.9724,0,538860,659167,-0.9202,-0.5402,-0.3799,24.69
2025-08-29,278.09,280.52,277.46,279.94,282.56,281.51,283.02,281.45,276.18,293.8036,0,290.6966,0,374800,654922,-1.0088,-0.6340,-0.3749,26.98
2025-09-02,279.73,280.95,277.03,279.18,282.23,280.90,283.02,281.52,276.06,293.5215,0,290.4262,0,558978,626745,-1.1281,-0.7328,-0.3953,27.29
2025-09-03,276.41,279.19,272.81,276.19,281.32,280.22,283.29,281.59,276.03,290.9928,0,289.8902,0,739174,610117,-1.4470,-0.8756,-0.5714,25.64
2025-09-04,277.07,277.07,271.23,272.54,279.96,280.11,283.38,281.62,275.98,289.3990,0,288.8655,0,734422,604344,-1.9714,-1.0948,-0.8766,23.84
2025-09-05,272.25,277.59,271.47,275.98,279.02,280.17,283.49,281.66,275.97,289.3990,0,287.4544,0,652202,602023,-2.0850,-1.2928,-0.7922,24.85
2025-09-08,273.46,274.81,269.83,272.63,277.70,279.89,283.55,281.68,275.99,288.1697,0,286.1561,0,687278,599032,-2.4181,-1.5179,-0.9002,24.14
2025-09-09,271.96,274.47,271.26,272.41,276.87,279.76,283.65,281.66,276.03,288.0881,0,284.5240,0,485188,592693,-2.6686,-1.7480,-0.9205,25.38
2025-09-10,272.44,272.74,267.73,270.99,275.80,279.55,283.68,281.64,276.06,285.4464,0,283.0550,0,598991,588124,-2.9477,-1.9880,-0.9597,23.57
2025-09-11,271.00,275.26,270.50,275.10,275.29,279.35,283.58,281.53,276.07,285.4464,0,281.2164,0,631364,580399,-2.8053,-2.1514,-0.6538,23.23
2025-09-12,273.45,275.30,268.62,268.93,274.39,278.78,283.22,281.44,276.04,285.4464,0,279.5984,0,592497,578671,-3.1538,-2.3519,-0.8019,23.08
2025-09-15,268.62,269.76,264.28,266.99,273.09,277.83,282.81,281.36,275.97,282.7112,0,278.1745,0,703315,583680,-3.5454,-2.5906,-0.9548,21.81
2025-09-16,268.44,270.10,264.40,265.71,271.75,276.99,282.47,281.27,275.91,282.7112,0,276.2291,0,589143,582898,-3.9142,-2.8553,-1.0589,21.36
2025-09-17,266.74,270.30,265.63,267.30,270.86,276.09,282.08,281.17,275.92,282.7112,0,274.5561,0,480413,583394,-4.0321,-3.0907,-0.9414,22.93
2025-09-18,267.29,269.04,266.58,268.38,270.44,275.20,281.72,281.09,275.93,282.6315,0,273.1173,0,916445,589281,-3.9916,-3.2709,-0.7207,26.15
2025-09-19,271.12,278.43,269.88,277.71,270.62,274.82,281.48,281.07,275.98,282.6315,0,264.2788,1,2493085,627573,-3.1707,-3.2508,0.0801,32.99
2025-09-22,276.46,279.45,274.11,278.28,271.18,274.44,281.35,281.06,276.05,282.6315,0,264.5617,1,872443,635457,-2.4457,-3.0898,0.6441,31.33
2025-09-23,276.30,279.51,276.30,279.07,271.85,274.36,281.19,281.06,276.12,282.6315,0,265.1572,1,671709,641749,-1.7869,-2.8292,1.0423,32.87
2025-09-24,277.76,278.96,270.50,271.68,271.92,273.86,280.98,280.99,276.16,282.6315,0,266.0182,1,662924,645689,-1.8395,-2.6313,0.7918,28.97
2025-09-25,271.47,273.46,263.34,263.86,270.79,273.04,280.49,280.85,276.18,282.6315,0,279.5064,0,760036,649641,-2.4838,-2.6018,0.1180,25.65
2025-09-26,266.94,268.06,262.49,265.61,270.46,272.42,280.04,280.69,276.21,282.6315,0,279.1830,0,494694,649242,-2.8206,-2.6456,-0.1751,22.20
2025-09-29,265.73,267.11,263.36,266.58,270.42,271.76,279.68,280.49,276.23,282.4727,0,278.5152,0,484680,647335,-2.9755,-2.7115,-0.2640,21.60
2025-09-30,266.74,277.13,266.62,274.58,271.30,271.53,279.46,280.31,276.29,282.4727,0,277.8742,0,990155,655155,-2.4241,-2.6541,0.2299,25.29
2025-10-01,276.77,293.52,275.36,290.44,273.62,272.24,279.37,280.29,276.45,262.2475,1,262.4885,1,1443367,668611,-0.6993,-2.2631,1.5638,35.94
2025-10-02,290.26,292.39,287.49,289.37,275.72,273.08,279.19,280.27,276.59,268.2235,1,263.1091,1,631440,670215,0.5746,-1.6956,2.2702,36.13
2025-10-03,289.68,293.40,287.65,289.85,276.93,273.77,279.03,280.24,276.76,269.2583,1,263.7173,1,750236,675770,1.6042,-1.0356,2.6398,37.07
2025-10-06,289.59,289.59,285.12,286.18,277.72,274.45,278.83,280.16,276.92,269.2583,1,264.3133,1,575681,678385,2.0999,-0.4085,2.5084,34.37
2025-10-07,285.35,287.86,282.38,287.56,278.57,275.21,278.77,280.09,277.10,269.2583,1,264.8974,1,444581,675538,2.5746,0.1881,2.3865,36.88
2025-10-08,287.81,289.60,284.40,286.67,280.07,275.99,278.64,279.98,277.31,269.2583,1,265.4698,1,866360,684327,2.8458,0.7196,2.1261,35.52
2025-10-09,286.19,288.62,285.77,287.46,282.43,276.61,278.58,279.87,277.50,269.2583,1,266.0307,1,404444,683071,3.0887,1.1935,1.8952,38.28
2025-10-10,288.17,289.07,281.76,282.30,284.10,277.28,278.52,279.68,277.66,269.2583,1,266.5805,1,771891,685213,2.8324,1.5212,1.3111,40.38
2025-10-13,283.88,288.14,281.63,284.51,285.89,278.15,278.48,279.49,277.83,269.2583,1,267.1192,1,537548,681649,2.7755,1.7721,1.0034,39.43
2025-10-14,283.88,288.86,283.12,285.92,287.03,279.17,278.37,279.36,278.01,269.2583,1,267.6472,1,580618,679274,2.8119,1.9800,0.8318,38.50
2025-10-15,284.92,290.16,284.54,289.29,286.91,280.27,278.37,279.29,278.21,269.2583,1,268.1646,1,743924,678164,3.0776,2.1996,0.8781,40.17
2025-10-16,290.02,294.11,286.49,287.83,286.76,281.24,278.63,279.22,278.40,271.2700,1,268.6717,1,507314,662257,3.1336,2.3864,0.7472,42.29
2025-10-17,287.27,291.29,285.23,290.74,286.85,281.89,278.95,279.16,278.62,271.2700,1,269.6892,1,585488,659226,3.3746,2.5840,0.7906,42.37
2025-10-20,291.40,295.46,289.71,295.14,287.74,282.73,279.29,279.10,278.86,273.8108,1,270.6661,1,489393,658619,3.8758,2.8424,1.0334,41.14
2025-10-21,294.43,295.65,289.99,293.01,288.29,283.43,279.64,279.02,279.10,274.2184,1,272.1540,1,461768,657267,4.0543,3.0847,0.9695,38.45
2025-10-22,293.16,294.65,287.62,287.99,288.42,284.24,279.90,278.93,279.30,274.2184,1,274.0336,1,502722,654781,3.7474,3.2173,0.5301,34.72
2025-10-23,288.02,288.46,284.03,284.98,288.17,285.30,280.02,278.82,279.49,274.2184,1,275.7628,1,438398,653220,3.2245,3.2187,0.0057,32.74
2025-10-24,284.98,286.01,282.81,283.88,288.33,286.21,280.09,278.70,279.67,274.2184,1,277.3536,1,401549,650033,2.6903,3.1130,-0.4228,31.40
2025-10-27,283.35,284.12,280.48,283.30,288.21,287.05,280.03,278.58,279.83,274.2184,1,278.8172,1,522428,647624,2.1945,2.9293,-0.7348,32.52
2025-10-28,281.13,284.73,280.48,284.21,288.04,287.53,280.07,278.52,280.01,274.2184,1,280.1637,1,647622,650371,1.8533,2.7141,-0.8608,33.97
2025-10-29,283.88,286.85,281.63,283.89,287.50,287.20,280.04,278.46,280.15,274.2184,1,280.4794,1,824046,655867,1.5400,2.4793,-0.9393,37.63
2025-10-30,282.74,286.61,281.20,284.12,287.13,286.94,280.00,278.40,280.30,274.2184,1,280.4794,1,600994,657667,1.2948,2.2424,-0.9476,42.93
2025-10-31,280.67,290.81,280.23,290.37,287.09,286.97,280.10,278.38,280.48,274.2184,1,295.6487,0,801911,662799,1.5871,2.1113,-0.5243,50.73
2025-11-03,290.37,292.88,284.24,288.30,286.41,287.07,280.15,278.32,280.64,274.2184,1,295.3402,0,815803,669458,1.6326,2.0156,-0.3830,49.65
2025-11-04,290.65,290.99,286.53,288.69,285.97,287.13,280.31,278.28,280.79,274.2184,1,295.0379,0,1012489,679702,1.6808,1.9486,-0.2679,53.08
2025-11-05,294.95,314.26,293.98,311.23,288.30,288.36,280.90,278.41,281.04,280.1409,1,280.2264,1,1754816,704660,3.4970,2.2583,1.2387,65.73
2025-11-06,310.49,312.64,304.08,307.07,290.51,289.34,281.44,278.48,281.28,284.2151,1,280.9072,1,1051009,717613,4.5487,2.7164,1.8323,65.62
2025-11-07,307.55,312.74,305.52,311.56,293.27,290.80,282.11,278.68,281.52,285.2373,1,281.5743,1,853397,723903,5.6786,3.3088,2.3698,65.06
2025-11-10,311.95,317.38,310.92,314.92,296.44,292.32,282.81,278.93,281.79,290.6998,1,282.2280,1,815170,732711,6.7678,4.0006,2.7671,63.53
2025-11-11,314.69,329.41,314.69,329.31,300.95,294.49,283.81,279.34,282.09,296.5336,1,283.6339,1,1061548,742762,8.6919,4.9389,3.7530,66.96
2025-11-12,329.50,333.16,326.76,327.20,305.28,296.39,284.83,279.66,282.40,305.0703,1,286.3806,1,988999,747759,9.9320,5.9375,3.9945,66.16
2025-11-13,328.78,336.51,326.07,326.93,309.56,298.34,285.92,280.05,282.70,305.7628,1,290.1228,1,1146936,756009,10.7686,6.9037,3.8649,69.42
2025-11-14,327.65,330.63,321.43,327.65,313.29,300.19,286.95,280.41,282.99,305.7628,1,294.7611,1,1114710,765259,11.3588,7.7947,3.5641,69.17
2025-11-17,328.53,334.77,327.74,332.49,317.71,302.06,288.15,280.75,283.29,305.9596,1,298.9355,1,1023968,771993,12.0775,8.6513,3.4262,72.49
2025-11-18,334.45,336.16,330.14,334.71,322.31,304.14,289.40,281.10,283.60,308.5797,1,302.6925,1,1020481,782699,12.6800,9.4570,3.2229,73.05
2025-11-19,334.20,335.97,330.84,333.16,324.50,306.40,290.64,281.52,283.89,309.7517,1,306.0737,1,729244,785304,12.8841,10.1424,2.7416,72.73
2025-11-20,335.22,335.78,325.96,327.00,326.49,308.50,291.68,281.93,284.07,309.7517,1,309.1169,1,1069946,794076,12.4058,10.5951,1.8107,72.05
2025-11-21,328.16,335.97,328.03,330.77,328.41,310.84,292.92,282.39,284.31,309.7517,1,311.8557,1,1393568,810097,12.1907,10.9142,1.2765,71.46
2025-11-24,329.11,331.87,325.06,327.60,329.68,313.06,294.13,282.80,284.55,309.7517,1,314.3207,1,1187300,819777,11.6299,11.0574,0.5726,68.85
2025-11-25,328.68,334.88,328.68,334.27,330.18,315.56,295.50,283.25,284.82,309.7517,1,316.5391,1,978508,827564,11.5904,11.1640,0.4265,67.13
2025-11-26,334.68,338.11,333.18,337.66,331.22,318.25,296.91,283.72,285.10,312.6863,1,318.5358,1,803916,834034,11.6979,11.2708,0.4271,68.21
2025-11-28,337.10,338.73,335.40,338.53,332.38,320.97,298.31,284.18,285.40,315.3988,1,320.8849,1,438320,824472,11.7183,11.3603,0.3580,69.78
2025-12-01,336.19,337.08,329.51,330.72,332.69,322.99,299.37,284.58,285.64,315.3988,1,323.3830,1,804509,790700,10.9778,11.2838,-0.3060,68.41
2025-12-02,332.07,335.63,329.59,331.58,332.60,325.15,300.44,284.95,285.91,315.3988,1,325.5315,1,827798,789807,10.3404,11.0951,-0.7547,68.80
2025-12-03,333.71,339.43,332.06,338.49,332.98,327.64,301.62,285.35,286.20,315.3988,1,327.3791,1,980682,795987,10.2752,10.9311,-0.6559,71.07
2025-12-04,337.33,339.39,332.14,333.34,333.00,328.75,302.86,285.77,286.46,315.3988,1,329.3080,1,1257129,807871,9.6958,10.6841,-0.9883,67.38
2025-12-05,333.54,334.04,322.04,323.28,332.62,329.56,304.05,286.13,286.65,315.3988,1,339.4345,0,955922,811788,8.3285,10.2129,-1.8844,64.06
2025-12-08,322.49,323.06,313.75,314.79,331.03,329.72,305.03,286.44,286.77,342.2843,0,339.3855,0,1127742,824449,6.4854,9.4674,-2.9820,60.56
2025-12-09,315.37,316.52,306.90,307.56,329.02,329.35,305.85,286.77,286.83,336.0902,0,338.3601,0,917980,833115,4.3905,8.4521,-4.0615,57.13
2025-12-10,309.91,311.10,306.72,309.06,326.50,328.34,306.54,287.07,286.86,332.1687,0,336.4725,0,968690,832686,2.8188,7.3254,-4.5066,56.39
2025-12-11,311.52,313.77,306.13,311.02,323.84,327.53,306.95,287.40,286.95,332.1687,0,334.0926,0,779104,819401,1.7117,6.2027,-4.4910,57.43
2025-12-12,310.94,313.05,308.87,311.37,321.12,326.75,307.39,287.78,287.05,332.1687,0,331.2960,0,714025,821053,0.8529,5.1327,-4.2798,61.23
2025-12-15,314.77,319.24,312.66,318.79,319.93,326.31,307.97,288.16,287.17,332.1687,0,328.7790,0,1317343,832395,0.7621,4.2586,-3.4965,65.29
2025-12-16,318.31,320.78,316.54,320.19,318.79,325.69,308.65,288.57,287.28,332.1687,0,326.5137,0,863410,838149,0.7940,3.5657,-2.7716,63.48
2025-12-17,320.95,323.42,318.90,319.47,316.88,324.93,309.29,289.02,287.39,332.1687,0,324.4749,0,820665,845671,0.7529,3.0031,-2.2502,63.85
2025-12-18,319.73,321.66,315.46,317.91,315.34,324.17,309.91,289.41,287.46,332.1687,0,323.4222,0,865877,845661,0.5879,2.5201,-1.9322,62.63
2025-12-19,319.03,324.85,318.22,320.82,315.10,323.86,310.58,289.80,287.55,332.1687,0,306.1261,1,4408401,925740,0.6833,2.1527,-1.4694,65.68
2025-12-22,320.45,325.23,319.54,324.75,316.09,323.56,311.43,290.19,287.62,332.1687,0,306.5006,1,795469,926212,1.0637,1.9349,-0.8712,64.49
2025-12-23,321.51,326.98,321.49,324.84,317.82,323.42,312.23,290.58,287.67,332.1687,0,307.2496,1,514738,925756,1.3574,1.8194,-0.4620,64.04
2025-12-24,324.09,327.68,324.09,327.26,319.64,323.07,313.06,291.02,287.78,332.1687,0,308.4334,1,278422,919712,1.7651,1.8085,-0.0434,64.26
2025-12-26,326.96,327.28,324.22,326.25,321.17,322.50,313.80,291.44,287.92,332.1687,0,309.9727,1,263880,910111,1.9840,1.8436,0.1403,62.18
2025-12-29,325.79,326.81,322.86,323.02,322.33,321.72,314.50,291.85,288.04,332.1687,0,311.3889,1,718923,914343,1.8748,1.8499,0.0250,58.64
2025-12-30,322.06,323.16,319.30,322.10,322.66,321.29,315.13,292.20,288.15,332.1687,0,312.6918,1,412802,910889,1.6945,1.8188,-0.1243,59.83
2025-12-31,322.10,322.89,320.50,320.75,322.72,320.75,315.64,292.55,288.24,332.1687,0,313.8905,1,463896,910380,1.4260,1.7402,-0.3142,61.10
2026-01-02,322.18,322.59,318.49,321.07,322.88,319.88,316.20,292.86,288.32,332.1687,0,314.9933,1,504467,911233,1.2252,1.6372,-0.4120,60.37
2026-01-05,318.40,319.97,311.83,314.29,322.51,318.93,316.73,293.10,288.38,332.1687,0,327.6751,0,727617,915731,0.5130,1.4124,-0.8994,53.00
2026-01-06,313.08,324.30,312.44,323.55,322.79,318.94,317.50,293.40,288.49,332.1687,0,327.3582,0,898888,924941,0.6878,1.2675,-0.5796,57.95
2026-01-07,325.44,336.17,325.44,334.79,323.79,319.94,318.52,293.77,288.65,310.3489,1,311.8294,1,1229631,941503,1.7136,1.3567,0.3569,63.98
2026-01-08,330.99,334.61,321.63,323.49,323.66,320.74,319.32,294.08,288.77,310.3489,1,312.3162,1,924077,949536,1.5965,1.4046,0.1918,55.83
2026-01-09,322.22,325.42,317.40,319.56,322.89,321.26,320.03,294.36,288.90,310.3489,1,312.7933,1,690810,950400,1.1730,1.3583,-0.1853,55.14
2026-01-12,321.88,321.88,316.27,319.01,322.16,321.66,320.73,294.62,289.03,310.3489,1,313.2609,1,801024,949939,0.7841,1.2435,-0.4594,54.61
2026-01-13,320.85,321.18,313.38,317.80,321.64,321.99,321.41,294.88,289.15,310.3489,1,336.1713,0,772547,953370,0.3735,1.0695,-0.6960,53.59
2026-01-14,317.59,322.60,317.06,322.37,321.67,322.16,322.05,295.14,289.30,310.3489,1,335.7154,0,624188,949816,0.4126,0.9381,-0.5255,54.71
2026-01-15,322.37,325.83,318.67,323.41,321.93,322.33,322.75,295.42,289.42,310.3489,1,335.2687,0,855405,950608,0.5214,0.8548,-0.3333,52.01
2026-01-16,322.11,326.35,320.35,323.78,322.21,322.54,323.45,295.66,289.58,310.3489,1,334.8308,0,1332775,957013,0.6305,0.8099,-0.1794,52.32
2026-01-20,319.05,324.70,315.26,324.36,323.21,322.86,323.71,295.92,289.73,310.3489,1,334.4018,0,975623,941430,0.7548,0.7989,-0.0441,54.89
2026-01-21,323.33,337.08,322.72,336.71,324.53,323.66,324.31,296.27,289.94,310.3489,1,313.3777,1,1425459,948919,1.8286,1.0048,0.8238,58.72
2026-01-22,337.25,342.96,335.28,340.11,325.06,324.43,324.88,296.67,290.23,315.1912,1,313.8518,1,1049921,952849,2.9203,1.3879,1.5324,59.92
2026-01-23,339.24,342.23,334.97,337.84,326.50,325.08,325.34,297.06,290.53,315.1912,1,315.0162,1,698084,950507,3.5610,1.8226,1.7385,63.42
2026-01-26,337.79,343.40,336.73,342.68,328.81,325.85,325.60,297.48,290.90,316.7208,1,316.1341,1,1089669,951070,4.4086,2.3398,2.0688,65.83
2026-01-27,341.58,346.17,339.97,344.28,331.33,326.75,325.94,298.02,291.23,320.2010,1,317.7702,1,1148676,954263,5.1498,2.9018,2.2480,64.72
2026-01-28,342.00,344.89,333.18,335.36,333.09,327.37,326.11,298.47,291.56,320.2010,1,320.0419,1,803464,947394,4.9605,3.3135,1.6470,62.82
2026-01-29,334.81,340.31,331.96,336.06,334.46,328.06,326.28,298.91,291.88,320.2010,1,322.1319,1,1081324,946726,4.8119,3.6132,1.1987,64.05
2026-01-30,333.98,338.57,331.29,335.02,335.62,328.78,326.33,299.35,292.15,320.2010,1,324.0547,1,862358,943494,4.5578,3.8021,0.7557,63.64
2026-02-02,332.66,339.04,332.60,337.77,337.02,329.61,326.39,299.81,292.42,320.2010,1,325.8237,1,654858,936181,4.5256,3.9468,0.5788,64.46
2026-02-03,334.40,342.49,331.80,331.80,337.76,330.49,326.37,300.23,292.73,320.2010,1,327.4511,1,1367904,948955,3.9728,3.9520,0.0208,61.17
2026-02-04,344.97,361.36,335.51,358.86,339.98,332.25,327.00,300.75,293.20,320.2010,1,328.9484,1,2160434,970764,5.6528,4.2922,1.3606,68.18
2026-02-05,358.40,367.38,357.68,360.42,342.01,333.54,327.60,301.25,293.69,331.9181,1,331.8007,1,1473885,972371,7.0296,4.8396,2.1900,70.19
2026-02-06,362.57,377.40,361.50,376.61,345.89,336.19,328.58,301.84,294.24,336.8061,1,335.5147,1,1475904,978143,9.3196,5.7356,3.5840,69.70
2026-02-09,373.07,376.91,364.87,368.28,348.45,338.63,329.26,302.41,294.75,337.9009,1,341.3784,1,1068719,979947,10.3431,6.6571,3.6860,64.11
2026-02-10,369.48,369.79,356.36,357.34,349.75,340.54,329.65,302.88,295.20,337.9009,1,346.4211,1,1285902,989587,10.1540,7.3565,2.7975,56.92
2026-02-11,357.82,361.12,353.76,359.23,352.14,342.62,330.06,303.37,295.65,337.9009,1,350.7578,1,1035955,1001540,10.0409,7.8934,2.1475,59.18
2026-02-12,359.31,363.44,357.74,358.86,354.42,344.44,330.63,303.83,296.09,337.9009,1,353.7614,1,869542,1002840,9.8082,8.2764,1.5319,59.92
2026-02-13,357.85,365.51,356.91,364.29,357.35,346.48,331.28,304.35,296.53,337.9009,1,353.7614,1,891299,1004110,9.9479,8.6107,1.3372,60.26
2026-02-17,365.96,369.80,364.11,368.41,360.41,348.71,331.88,304.90,296.98,337.9009,1,356.9132,1,842076,1001338,10.2721,8.9430,1.3292,59.44
2026-02-18,368.55,375.53,365.53,374.69,364.70,351.23,332.71,305.51,297.50,341.2948,1,356.9132,1,1037384,996943,10.9105,9.3365,1.5741,60.96
2026-02-19,372.90,374.89,369.17,370.52,365.87,352.92,333.65,306.06,298.01,344.0013,1,359.7811,1,911339,996051,10.9534,9.6599,1.2935,58.88
2026-02-20,367.08,372.00,366.46,369.78,366.80,354.41,334.75,306.61,298.52,344.0013,1,362.2474,1,1091160,995320,10.8031,9.8885,0.9146,57.79
2026-02-23,370.28,376.72,369.77,374.39,366.58,356.23,336.09,307.21,299.10,346.9618,1,364.3684,1,1119820,999357,10.9299,10.0968,0.8331,64.02
2026-02-24,374.98,378.12,373.80,377.79,367.53,357.99,337.46,307.82,299.67,351.0070,1,366.1925,1,939831,998779,11.1762,10.3127,0.8635,63.83
2026-02-25,376.44,382.35,375.49,379.23,369.72,359.74,338.83,308.38,300.26,354.4098,1,368.1006,1,945260,1002103,11.3567,10.5215,0.8353,64.02
2026-02-26,380.03,380.03,369.29,374.30,371.23,361.68,340.09,308.89,300.86,354.4098,1,382.3513,0,982237,1007467,10.9752,10.6122,0.3630,62.20
2026-02-27,374.26,384.97,373.73,383.01,373.64,364.03,341.37,309.46,301.46,354.4098,1,369.2869,1,1335659,1007833,11.2462,10.7390,0.5072,67.24
2026-03-02,382.85,386.10,376.83,380.59,375.27,366.31,342.58,310.02,302.07,355.1653,1,369.2869,1,1094578,1012456,11.1368,10.8186,0.3182,67.54
2026-03-03,372.96,376.68,367.77,372.00,375.63,368.02,343.63,310.56,302.67,355.1653,1,386.1010,0,1021821,1016480,10.2393,10.7027,-0.4634,67.50
2026-03-04,374.96,375.05,365.90,374.24,375.59,370.14,344.76,311.10,303.25,355.1653,1,386.1010,0,769273,1014548,9.5982,10.4818,-0.8837,65.46
2026-03-05,370.20,372.09,356.61,362.73,374.81,370.34,345.59,311.58,303.75,355.1653,1,385.2930,0,1054424,947468,8.0678,9.9990,-1.9312,65.28
2026-03-06,359.37,364.86,356.91,364.63,374.29,370.55,346.39,312.11,304.24,355.1653,1,383.5719,0,902762,949614,6.9289,9.3850,-2.4561,70.10
2026-03-09,363.39,373.80,361.67,371.97,374.05,370.31,347.33,312.68,304.77,355.1653,1,381.9540,0,1025321,959826,6.5432,8.8166,-2.2734,72.73
2026-03-10,371.18,374.23,367.80,370.45,373.31,370.42,348.20,313.21,305.31,355.1653,1,380.4332,0,857670,971410,6.0452,8.2623,-2.2171,73.92
2026-03-11,370.08,375.10,368.05,372.63,372.65,371.19,349.13,313.76,305.86,355.1653,1,379.0037,0,868270,983498,5.7601,7.7619,-2.0018,75.10
2026-03-12,368.56,370.03,362.88,362.91,371.52,371.37,349.92,314.35,306.37,355.1653,1,377.6599,0,732086,983762,4.6958,7.1487,-2.4529,75.44
2026-03-13,365.76,368.03,361.08,361.35,369.35,371.50,350.71,314.93,306.83,355.1653,1,376.3967,0,549425,986494,3.6840,6.4558,-2.7717,74.92
2026-03-16,364.48,365.97,359.88,361.39,367.43,371.35,351.52,315.48,307.29,355.1653,1,375.2094,0,768795,992592,2.8525,5.7351,-2.8826,71.18
2026-03-17,363.36,363.89,355.03,356.34,365.86,370.75,352.23,316.02,307.70,355.1653,1,374.0932,0,842986,999362,1.7655,4.9412,-3.1757,68.49
2026-03-18,355.05,355.91,346.16,346.82,363.12,369.35,352.88,316.50,308.05,378.0793,0,372.5681,0,1017570,1005161,0.1342,3.9798,-3.8456,67.49
2026-03-19,348.61,351.59,343.24,345.28,361.38,368.09,353.31,316.94,308.38,374.2655,0,369.9270,0,758872,1002361,-1.2683,2.9302,-4.1984,68.13
2026-03-20,343.39,346.59,340.38,343.19,359.23,366.76,353.48,317.36,308.70,369.5133,0,366.7242,0,3188909,1041547,-2.5195,1.8402,-4.3597,67.72
2026-03-23,347.13,348.73,343.99,345.13,356.55,365.30,353.91,317.76,309.04,369.5133,0,363.0354,0,828500,1039635,-3.3160,0.8090,-4.1250,65.24
2026-03-24,341.96,347.90,341.21,343.81,353.89,363.60,354.40,318.17,309.37,369.1475,0,359.8630,0,814176,1042102,-4.0077,-0.1543,-3.8534,64.24
2026-03-25,346.11,353.25,346.11,349.24,351.55,362.10,355.00,318.59,309.72,369.1475,0,357.1348,0,648364,1039049,-4.0711,-0.9377,-3.1334,64.43
2026-03-26,345.68,350.10,343.90,348.48,350.10,360.81,355.62,319.01,310.06,369.1475,0,354.7885,0,722142,1038041,-4.1349,-1.5771,-2.5578,65.06
2026-03-27,350.94,350.94,343.19,344.14,348.38,358.87,356.05,319.40,310.37,369.1475,0,353.2524,0,793382,1041425,-4.4834,-2.1584,-2.3250,65.39
2026-03-30,347.16,347.16,343.51,344.37,346.68,357.06,356.47,319.79,310.68,368.2339,0,351.4496,0,903875,1042394,-4.6872,-2.6642,-2.0231,66.57
2026-03-31,346.08,350.78,342.51,347.18,345.76,355.81,356.94,320.23,310.98,368.2339,0,350.9435,0,1318417,1042107,-4.5691,-3.0452,-1.5240,64.13
2026-04-01,350.19,352.27,347.00,348.60,345.94,354.53,357.42,320.68,311.30,368.2339,0,340.3755,1,963253,1041860,-4.3120,-3.2985,-1.0135,63.39
2026-04-02,348.04,349.46,341.28,343.33,345.75,353.56,357.55,321.10,311.59,367.9499,0,340.6133,1,558200,1024515,-4.4817,-3.5352,-0.9466,63.61
2026-04-06,340.87,343.55,336.12,338.03,345.23,352.23,357.51,321.50,311.88,362.3857,0,352.2657,0,734367,1018204,-4.9863,-3.8254,-1.1609,59.26
2026-04-07,336.47,337.34,330.62,335.49,344.27,350.41,357.47,321.87,312.16,356.4928,0,351.9428,0,1075148,1025745,-5.5272,-4.1658,-1.3614,55.92
2026-04-08,341.03,346.67,337.81,345.17,344.40,349.14,357.52,322.31,312.49,356.4928,0,351.0898,0,932733,1022606,-5.1157,-4.3557,-0.7600,59.89
2026-04-09,342.85,354.68,341.83,350.88,344.57,348.06,357.65,322.81,312.93,356.4928,0,330.6166,1,1045713,1020547,-4.2793,-4.3405,0.0612,62.59
2026-04-10,352.72,352.72,345.11,346.36,344.36,347.23,357.87,323.30,313.32,356.4928,0,331.0980,1,792638,1020330,-3.9357,-4.2595,0.3238,60.26
2026-04-13,347.42,347.94,340.91,345.18,344.46,346.42,358.05,323.76,313.69,356.4928,0,331.5697,1,891236,1016529,-3.7161,-4.1508,0.4347,58.70
2026-04-14,341.59,347.06,340.83,346.30,344.65,345.67,358.28,324.25,314.08,356.4928,0,332.0319,1,739381,1014069,-3.4128,-4.0032,0.5904,57.26
2026-04-15,347.04,347.92,339.65,343.60,344.29,345.03,358.39,324.73,314.46,356.4928,0,332.4850,1,745191,1015876,-3.3512,-3.8728,0.5217,56.07
2026-04-16,342.03,346.59,342.00,344.76,343.91,344.93,358.65,325.22,314.84,356.4928,0,332.9289,1,692351,1002365,-3.1726,-3.7328,0.5602,56.48
2026-04-17,347.23,351.96,344.79,350.59,344.64,345.19,358.49,325.72,315.19,356.4928,0,333.3640,1,1309600,985348,-2.5313,-3.4925,0.9612,57.07
2026-04-20,349.55,352.17,345.38,345.52,345.39,345.31,358.19,326.23,315.48,356.4928,0,333.7904,1,737997,970630,-2.4046,-3.2749,0.8703,54.59
2026-04-21,345.59,345.59,335.55,340.29,345.86,345.07,357.46,326.72,315.74,356.4928,0,334.2083,1,712688,955366,-2.6952,-3.1590,0.4638,53.85
2026-04-22,339.53,343.07,338.42,341.33,345.48,344.94,356.92,327.23,316.04,356.4928,0,334.6177,1,738920,948770,-2.8086,-3.0889,0.2803,54.89
2026-04-23,340.94,346.04,340.92,344.00,344.79,344.68,356.66,327.74,316.32,356.4928,0,335.0191,1,708884,937230,-2.6530,-3.0017,0.3487,53.74
2026-04-24,341.41,343.05,337.98,339.98,344.15,344.25,356.27,328.21,316.59,356.4928,0,335.4123,1,758423,931679,-2.8212,-2.9656,0.1444,52.92
2026-04-27,337.81,343.42,335.47,335.67,343.20,343.83,355.81,328.60,316.82,356.4928,0,354.6832,0,902770,932344,-3.2648,-3.0254,-0.2394,54.00
2026-04-28,339.93,341.43,333.34,335.07,342.08,343.37,355.22,328.98,317.07,356.4928,0,354.2990,0,806954,930657,-3.6232,-3.1450,-0.4782,53.37
2026-04-29,330.57,334.62,329.13,333.54,341.07,342.68,354.53,329.34,317.31,353.3329,0,353.4606,0,850627,930828,-3.9847,-3.3129,-0.6717,55.16
2026-04-30,336.23,344.90,335.54,341.66,340.76,342.34,353.86,329.81,317.60,353.3329,0,352.0006,0,1243938,934959,-3.5747,-3.3653,-0.2094,58.38
2026-05-01,328.11,332.53,320.32,325.45,338.25,341.44,352.96,330.22,317.79,353.2782,0,350.6281,0,1260275,941937,-4.5060,-3.5934,-0.9125,48.46
2026-05-04,321.71,322.46,317.65,319.56,335.65,340.52,351.96,330.58,317.94,346.5574,0,348.2039,0,1127322,942661,-5.6542,-4.0056,-1.6486,42.97
2026-05-05,317.64,325.29,316.27,325.22,334.15,340.01,350.98,330.97,318.15,346.5574,0,345.1486,0,1094700,942158,-6.0375,-4.4120,-1.6256,41.86
2026-05-06,324.77,328.56,324.69,326.72,332.68,339.08,349.95,331.32,318.35,346.5574,0,341.6831,0,951743,942397,-6.1494,-4.7595,-1.3900,38.49
2026-05-07,326.01,326.89,322.88,324.73,330.76,337.77,348.86,331.55,318.50,346.5574,0,338.6334,0,1084977,945191,-6.3260,-5.0728,-1.2533,38.16
2026-05-08,325.11,327.92,323.65,327.30,329.49,336.82,347.92,331.80,318.65,346.5574,0,335.9498,0,810409,941754,-6.1869,-5.2956,-0.8913,41.31
2026-05-11,328.57,329.76,323.28,325.22,328.44,335.82,346.77,332.04,318.78,346.5574,0,333.5881,0,632417,927689,-6.1734,-5.4712,-0.7022,40.68
2026-05-12,327.55,334.00,325.43,331.83,328.12,335.10,345.79,332.34,318.96,346.5574,0,316.2695,1,1048922,926776,-5.5651,-5.4899,-0.0752,43.79
2026-05-13,327.91,333.52,325.68,331.99,327.97,334.52,344.99,332.64,319.17,346.5574,0,316.6241,1,734740,921035,-5.0125,-5.3945,0.3819,43.72
2026-05-14,331.80,333.46,329.05,331.77,326.98,333.87,344.14,332.94,319.36,346.5574,0,316.9716,1,686447,919378,-4.5398,-5.2235,0.6837,42.01
2026-05-15,334.28,334.28,323.27,324.41,326.87,332.56,343.38,333.18,319.53,346.5574,0,317.3122,1,1125019,920790,-4.7045,-5.1197,0.4152,40.61
2026-05-18,323.66,323.88,319.34,322.51,327.17,331.41,342.53,333.45,319.72,343.8117,0,317.9908,1,658544,915906,-4.9323,-5.0822,0.1500,39.15
2026-05-19,321.37,330.41,319.11,328.83,327.53,330.84,341.67,333.75,319.93,343.8117,0,318.6422,1,1005612,915512,-4.5501,-4.9758,0.4257,44.70
2026-05-20,328.83,331.59,324.90,329.64,327.82,330.25,340.86,334.04,320.12,343.8117,0,319.1051,1,1350949,925377,-4.1338,-4.8074,0.6736,41.19
2026-05-21,328.08,335.67,327.18,335.46,328.90,329.83,340.11,334.35,320.35,343.8117,0,319.1051,1,675177,921515,-3.2966,-4.5052,1.2087,42.78
2026-05-22,338.28,341.80,336.43,337.33,329.90,329.69,339.60,334.68,320.66,343.8117,0,320.0989,1,531412,917502,-2.4539,-4.0950,1.6410,43.32
2026-05-26,338.58,340.50,333.25,333.99,330.78,329.61,339.05,334.96,320.96,343.8117,0,321.8352,1,624916,919012,-2.0323,-3.6824,1.6502,42.69
2026-05-27,337.55,339.41,334.04,334.11,331.00,329.56,338.51,335.22,321.24,343.8117,0,323.4326,1,648428,916604,-1.6692,-3.2798,1.6106,40.22
2026-05-28,334.49,335.99,332.22,334.53,331.26,329.61,338.07,335.50,321.54,343.8117,0,324.9022,1,726460,914274,-1.3325,-2.8903,1.5579,40.24
2026-05-29,334.27,335.55,331.12,334.83,331.56,329.27,337.83,335.81,321.84,343.8117,0,326.2542,1,994810,913819,-1.0289,-2.5180,1.4892,40.14
2026-06-01,331.44,331.89,324.45,327.22,331.84,329.36,337.47,336.09,322.08,343.8117,0,341.8025,0,697920,912600,-1.3868,-2.2918,0.9050,37.43
2026-06-02,324.27,327.55,320.43,326.35,332.23,329.70,337.13,336.38,322.31,343.8117,0,341.4555,0,511692,859055,-1.7204,-2.1775,0.4571,39.42
2026-06-03,326.07,336.73,324.09,336.25,332.97,330.25,336.96,336.73,322.56,343.8117,0,340.6144,0,774287,857971,-1.1722,-1.9764,0.8042,47.12
2026-06-04,343.86,347.15,340.26,343.59,334.37,331.09,336.95,337.13,322.86,343.8117,0,320.4274,1,1004694,861781,-0.1441,-1.6100,1.4659,48.42
2026-06-05,346.73,354.43,345.64,347.55,335.57,332.24,336.92,337.55,323.17,325.2145,1,320.9619,1,1206331,872941,0.9787,-1.0922,2.0709,52.54
2026-06-08,347.31,350.12,342.24,343.72,336.21,333.06,336.82,337.95,323.46,325.2145,1,322.3005,1,860245,875703,1.5419,-0.5654,2.1073,52.67
2026-06-09,346.22,347.61,340.63,342.57,337.07,333.92,336.79,338.30,323.75,325.2145,1,323.5857,1,1167472,883185,1.8736,-0.0776,1.9512,50.02
2026-06-10,344.84,346.56,335.53,335.77,337.24,334.12,336.62,338.61,324.00,325.2145,1,324.8194,1,1013325,885374,1.5696,0.2518,1.3178,45.03
2026-06-11,340.92,356.38,339.48,352.00,338.99,335.12,336.72,339.03,324.35,325.2145,1,326.0038,1,1673677,892479,2.6087,0.7232,1.8855,51.12
2026-06-12,355.32,356.09,349.92,353.14,340.82,336.19,336.81,339.31,324.71,325.2145,1,327.8262,1,969732,892608,3.4835,1.2752,2.2082,51.75
2026-06-15,353.43,356.22,347.53,348.49,342.94,337.39,336.91,339.59,325.05,325.2145,1,329.5392,1,1532307,912090,3.7588,1.7719,1.9868,51.49
2026-06-16,349.95,351.61,343.86,345.82,344.89,338.56,337.07,339.82,325.39,325.2145,1,331.1495,1,1223145,921866,3.7183,2.1612,1.5571,49.80
2026-06-17,345.06,347.37,336.93,339.67,345.23,339.10,337.15,339.98,325.69,325.2145,1,332.6632,1,1185663,924076,3.1540,2.3598,0.7943,47.11
2026-06-18,342.38,343.00,332.11,335.64,344.44,339.40,336.96,340.03,325.97,325.2145,1,356.3773,0,2751811,960458,2.3541,2.3586,-0.0046,44.50
2026-06-22,335.69,343.10,335.64,342.72,343.95,339.76,336.79,340.13,326.31,325.2145,1,355.8919,0,869039,956924,2.2651,2.3399,-0.0748,47.48
2026-06-23,346.29,347.37,343.48,344.99,344.08,340.15,336.77,340.25,326.67,325.2145,1,355.4163,0,799719,957066,2.3513,2.3422,0.0091,45.53
2026-06-24,345.98,352.36,343.99,349.39,344.76,340.92,336.85,340.39,327.03,325.2145,1,354.9501,0,840585,956053,2.7425,2.4223,0.3202,46.74
2026-06-25,348.03,357.01,348.03,350.77,346.26,341.75,336.94,340.52,327.43,326.3453,1,332.1091,1,825916,957784,3.1280,2.5634,0.5646,45.93
2026-06-26,352.63,360.17,352.10,356.25,346.69,342.84,337.19,340.66,327.84,329.7582,1,332.6072,1,1293679,968753,3.8314,2.8170,1.0144,47.28
2026-06-29,359.85,361.00,356.38,358.46,347.22,344.02,337.47,340.83,328.28,333.5251,1,333.7095,1,887638,972659,4.5149,3.1566,1.3583,49.41
2026-06-30,360.05,360.67,354.80,360.02,348.37,345.66,337.66,341.05,328.71,333.5251,1,335.3470,1,813647,962740,5.1234,3.5499,1.5735,50.48
2026-07-01,360.52,361.89,355.81,359.23,349.71,347.30,337.93,341.24,329.16,335.0565,1,336.8862,1,811114,964202,5.4792,3.9358,1.5434,50.02
2026-07-02,362.62,372.97,361.28,371.98,352.94,349.09,338.56,341.53,329.68,341.5904,1,338.8861,1,930736,968563,6.7122,4.4911,2.2211,55.13
2026-07-06,369.54,371.81,357.38,364.31,355.81,350.12,339.02,341.73,330.18,341.5904,1,342.2945,1,1039957,974584,6.9903,4.9909,1.9994,54.06
2026-07-07,372.11,373.07,364.23,365.96,358.14,351.04,339.46,341.92,330.67,341.5904,1,345.3621,1,730200,975010,7.2601,5.4448,1.8154,56.34
2026-07-08,364.06,369.26,360.89,365.85,360.22,352.15,339.98,342.11,331.16,341.5904,1,348.6870,1,647221,972786,7.3801,5.8318,1.5483,56.56
2026-07-09,365.68,366.61,358.93,361.51,361.43,353.10,340.50,342.31,331.58,341.5904,1,351.6129,1,628408,967299,7.0434,6.0741,0.9693,53.23
2026-07-10,360.97,362.78,359.04,361.28,362.48,354.37,341.02,342.51,331.99,341.5904,1,354.1878,1,593271,963025,6.6811,6.1955,0.4856,52.79
2026-07-13,360.93,361.18,353.66,358.36,362.69,354.69,341.52,342.64,332.39,341.5904,1,373.0698,0,744221,960897,6.0879,6.1740,-0.0861,51.91
2026-07-14,356.10,356.77,352.65,353.19,362.17,354.69,341.75,342.77,332.79,341.5904,1,372.6816,0,661795,949255,5.1414,5.9675,-0.8261,51.18
2026-07-15,352.60,357.81,351.89,356.24,361.79,355.08,342.36,342.99,333.26,341.5904,1,371.8803,0,658521,937219,4.5848,5.6909,-1.1062,51.21
2026-07-16,356.17,369.98,355.66,369.42,362.81,356.26,343.36,343.36,333.78,341.5904,1,370.6811,0,875331,932180,5.1480,5.5824,-0.4344,56.74
2026-07-17,371.80,376.34,359.62,364.16,362.03,357.49,344.14,343.73,334.26,341.5904,1,351.8935,1,1048066,931247,5.1111,5.4881,-0.3770,56.64
2026-07-20,365.81,368.14,361.54,362.05,361.80,358.81,344.85,344.09,334.70,341.5904,1,352.3825,1,699935,926211,4.8558,5.3616,-0.5059,56.61
2026-07-21,362.97,366.77,360.04,364.11,361.62,359.88,345.64,344.44,335.07,341.5904,1,352.8616,1,1055430,925620,4.7646,5.2422,-0.4777,55.28
2026-07-22,367.08,368.84,362.74,363.92,361.42,360.82,346.37,344.79,335.44,341.5904,1,353.3312,1,566828,920748,4.6237,5.1185,-0.4948,54.77
2026-07-23,357.89,369.68,357.12,369.34,362.21,361.82,347.25,345.13,335.84,341.5904,1,353.7914,1,1089201,929884,4.8930,5.0734,-0.1805,61.19
2026-07-24,370.56,377.21,370.00,373.86,363.46,362.97,348.09,345.49,336.28,347.1261,1,354.2424,1,937769,927661,5.4082,5.1404,0.2678,62.98
2026-07-27,376.35,380.06,372.22,374.07,365.04,363.87,348.93,345.85,336.71,349.9635,1,355.1609,1,1091982,934806,5.7677,5.2658,0.5018,62.36
2026-07-28,381.02,395.69,379.99,390.82,368.80,365.48,350.11,346.34,337.23,357.7939,1,356.6548,1,1341650,947910,7.3191,5.6765,1.6427,69.12
2026-07-29,392.73,395.57,384.33,385.39,371.71,366.75,351.33,346.77,337.72,359.5407,1,359.7774,1,1164354,948696,8.0183,6.1448,1.8734,67.39
2026-07-30,377.54,386.15,376.02,385.39,373.31,368.06,352.59,347.17,338.24,359.5407,1,362.6502,1,1164819,958822,8.4746,6.6108,1.8638,66.82
2026-07-31,379.78,384.57,377.14,382.92,375.19,368.61,353.67,347.56,338.73,359.5407,1,365.2932,1,752834,953766,8.5389,6.9964,1.5425,65.84
2026-08-03,386.24,388.76,373.78,376.67,376.65,369.23,354.61,347.89,339.18,359.5407,1,367.7248,1,1304487,952837,7.9931,7.1958,0.7973,58.70
2026-08-04,378.55,388.65,373.84,387.75,379.01,370.31,355.66,348.30,339.67,359.5407,1,369.9618,1,1412925,967592,8.3587,7.4283,0.9303,61.78
2026-08-05,391.07,413.82,388.73,405.46,383.17,372.30,357.02,348.85,340.26,364.0585,1,372.0199,1,2345308,1003870,9.9623,7.9351,2.0272,71.48
2026-08-06,411.32,415.97,398.87,402.50,386.48,374.34,358.39,349.38,340.82,368.7942,1,373.8353,1,1056254,1012497,10.8689,8.5219,2.3470,69.40
2026-08-07,401.74,409.21,398.74,408.56,389.95,376.71,359.88,349.97,341.39,368.7942,1,378.8913,1,748545,1014499,11.9391,9.2053,2.7337,69.73
2026-08-10,406.09,414.94,404.06,414.78,394.02,379.53,361.49,350.59,342.00,372.1213,1,383.3407,1,817587,1016322,13.1372,9.9917,3.1455,70.97
2026-08-11,413.11,419.34,409.81,411.89,396.13,382.47,363.03,351.24,342.62,378.0739,1,387.2561,1,840905,1013244,13.6961,10.7326,2.9635,68.63
2026-08-12,410.91,415.76,406.62,413.76,398.97,385.34,364.76,351.85,343.26,378.0739,1,391.7477,1,859620,1016478,14.1271,11.4115,2.7156,69.03
2026-08-13,417.48,417.82,413.36,415.41,401.97,387.64,366.54,352.38,343.92,382.2246,1,395.6106,1,1160718,1029458,14.4354,12.0163,2.4191,70.68
2026-08-14,411.36,413.61,408.11,412.80,404.96,390.07,368.07,352.98,344.57,382.2246,1,398.9326,1,845700,1030886,14.3038,12.4738,1.8301,70.64
2026-08-17,410.58,417.16,408.02,416.94,408.99,392.82,369.54,353.63,345.23,382.2246,1,401.7895,1,1208024,1034953,14.3685,12.8527,1.5158,70.42
2026-08-18,419.19,424.91,418.28,422.81,412.49,395.75,371.04,354.32,345.92,390.6350,1,404.2465,1,1102071,1032868,14.7233,13.2268,1.4965,74.89
2026-08-19,427.74,440.62,426.89,439.79,415.92,399.55,372.96,355.13,346.70,400.5498,1,407.5522,1,1125364,1038170,16.1881,13.8191,2.3690,79.32
2026-08-20,433.25,438.78,428.57,431.21,418.80,402.64,374.74,355.86,347.41,400.5498,1,413.5053,1,1264019,1040101,16.4668,14.3486,2.1182,79.32
2026-08-21,431.72,440.51,429.38,439.33,421.87,405.91,376.81,356.63,348.16,401.6791,1,418.3868,1,928875,1038412,17.1453,14.9080,2.2373,80.27
2026-08-24,440.31,445.87,435.51,443.84,424.78,409.40,378.64,357.43,348.94,407.6427,1,422.3897,1,1093311,1026805,17.8413,15.4946,2.3466,82.29
2026-08-25,443.26,447.03,441.26,442.24,427.81,411.97,380.43,358.22,349.59,412.6714,1,427.0858,1,929102,1025992,18.0556,16.0068,2.0487,82.07
2026-08-26,441.00,442.89,438.24,440.34,430.47,414.72,382.26,358.91,350.26,412.6714,1,431.0746,1,1007938,1015505,17.8661,16.3787,1.4875,82.29
2026-08-27,433.08,442.13,431.01,436.99,432.63,417.30,384.09,359.56,350.89,412.6714,1,447.0300,0,769758,1006437,17.2469,16.5523,0.6946,82.53
2026-08-28,437.89,437.89,430.72,432.42,434.59,419.77,385.94,360.19,351.47,412.6714,1,446.7096,0,752281,997769,16.2006,16.4820,-0.2814,83.25
2026-08-31,428.59,431.85,426.00,429.88,435.88,422.44,387.83,360.77,351.98,412.6714,1,446.0700,0,1005704,962847,14.9936,16.1843,-1.1907,82.04
2026-09-01,435.30,438.65,431.00,438.12,437.42,424.95,389.73,361.39,352.53,412.6714,1,444.8658,0,1033175,966130,14.5345,15.8543,-1.3199,84.93
2026-09-02,440.65,445.57,435.00,442.84,437.72,426.82,391.69,362.11,353.11,412.6714,1,426.0000,1,1012111,970378,14.3856,15.5606,-1.1750,83.33
2026-09-03,445.67,445.82,438.08,444.12,439.01,428.90,393.59,362.83,353.69,414.0627,1,426.3914,1,818202,969930,14.2071,15.2899,-1.0828,83.33
2026-09-04,437.03,441.85,435.00,437.23,438.80,430.34,395.32,363.51,354.22,414.0627,1,427.1685,1,720905,967830,13.3558,14.9031,-1.5473,80.38
2026-09-08,408.90,410.03,391.17,393.17,433.74,429.26,396.05,363.88,354.51,439.4691,0,445.8200,0,2683425,995625,9.0218,13.7268,-4.7050,68.45
2026-09-09,393.07,395.55,389.28,391.27,428.64,428.23,396.71,364.28,354.80,429.2782,0,444.7270,0,1143056,1000733,5.3719,12.0558,-6.6840,66.92
2026-09-10,387.84,391.67,381.51,382.47,422.85,426.66,397.16,364.43,355.08,422.8149,0,442.5091,0,1312216,1010705,1.7490,9.9945,-8.2455,66.41
2026-09-11,386.14,386.99,377.22,377.35,416.89,424.76,397.52,364.55,355.31,417.6384,0,438.8492,0,857490,1011632,-1.5178,7.6920,-9.2098,64.91
2026-09-14,381.94,384.61,376.76,381.50,411.80,423.19,397.71,364.58,355.58,415.0200,0,433.9188,0,1035544,1013728,-3.7289,5.4078,-9.1367,67.18
2026-09-15,380.23,381.04,375.15,375.65,406.37,421.13,397.94,364.63,355.79,410.9015,0,428.2030,0,980071,1012531,-5.8854,3.1492,-9.0346,65.66
2026-09-16,377.01,379.11,374.46,376.35,400.20,418.81,398.15,364.76,355.98,407.7059,0,421.8366,0,903729,1016001,-7.4521,1.0289,-8.4810,67.16
2026-09-22,405.25,412.99,398.53,410.24,396.94,417.33,399.03,365.10,356.34,366.9402,1,415.2039,0,1455033,1032157,-5.8911,-0.3551,-5.5360,75.01
2026-09-17,379.15,382.49,376.08,379.78,390.50,414.76,399.40,365.23,356.58,366.9402,1,412.9950,0,1228474,1044159,-7.0309,-1.6902,-5.3406,63.98
2026-09-18,378.51,386.50,378.51,385.65,385.34,412.07,399.89,365.38,356.85,366.9402,1,412.9950,0,3287203,1098037,-7.3754,-2.8273,-4.5482,66.75
2026-09-21,385.71,394.50,381.90,393.16,385.34,409.54,400.58,365.54,357.13,366.9402,1,407.6001,0,1135839,1105870,-6.9623,-3.6543,-3.3080,69.84
2026-09-23,410.09,415.76,404.34,406.09,386.82,407.73,401.64,365.75,357.49,366.9402,1,374.4600,1,1146189,1115558,-5.5278,-4.0290,-1.4988,75.05
2026-09-24,405.95,409.99,403.88,406.04,389.18,406.02,402.64,365.99,357.90,366.9402,1,375.2860,1,747613,1117339,-4.3449,-4.0921,-0.2527,76.39
