symbol,longName,sector,industry,country,marketCap,currentPrice,averageVolume10days,averageVolume3months,averageDollarVolume,revenueGrowth,earningsGrowth,earningsQuarterlyGrowth,grossMargins,operatingMargins,profitMargins,returnOnEquity,returnOnAssets,totalCash,totalDebt,debtToEquity,currentRatio,quickRatio,operatingCashflow,freeCashflow,sharesOutstanding,floatShares,heldPercentInsiders,heldPercentInstitutions,sharesShort,shortRatio,shortPercentOfFloat,trailingPE,forwardPE,priceToSalesTrailing12Months,priceToBook,enterpriseToRevenue,enterpriseToEbitda,targetMeanPrice,targetHighPrice,targetLowPrice,recommendationMean,recommendationKey,numberOfAnalystOpinions,epsRevisionUpLast7Days,epsRevisionUpLast30Days,epsRevisionDownLast7Days,epsRevisionDownLast30Days,nextEarningsDate,beta,website,retrievedAt
AWI,Armstrong World Industries Inc.,Industrials,Building Products & Equipment,United States,6841082880,161.87,326840,425825,68928292.75,0.112,0.124,0.101,0.40308997,0.21568,0.18597001,0.36618,0.10623,78600000,580000000,65.589,1.519,0.971,358800000,220824992,42262826,41547316,0.01548,1.04402,1515301,4.63,0.0419,22.143639,16.9004,4.035085,7.7479415,4.361,16.458,210.18182,230.0,190.0,1.7,buy,11,0,4,1,5,2026-10-27,1.158,https://www.armstrong.com,2026-10-10T21:21:26.802727+01:00
Date,Open,High,Low,Close,Ma10:Top:Line,Ma20:Top:Line,Ma50:Top:Line,Ma150:Top:Line,Ma200:Top:Line,Supertrend:Top:ColorLine,Supertrend_Dir,ParabolicSAR:Top:ColorLine,ParabolicSAR_Dir,Volume:Middle:Histogram,Vo50:Middle:Line,Macd:Bottom:Line,MacdSignal:Bottom:Line,MacdDelta:Bottom:Histogram,RsRating:Hidden:Hidden
2023-08-03,75.02,75.57,74.29,75.28,,,,,,,0,74.2898,1,18323,,,,,0
2023-08-04,75.63,76.86,75.36,76.27,,,,,,,0,74.2898,1,28717,,,,,0
2023-08-07,76.48,77.31,76.40,76.60,,,,,,,0,74.2898,1,24713,,,,,0
2023-08-08,75.94,76.06,74.17,75.48,,,,,,,0,77.3097,0,32875,,,,,0
2023-08-09,75.57,76.33,75.25,75.28,,,,,,,0,77.3097,0,13833,,,,,0
2023-08-10,75.22,75.98,74.32,74.46,,,,,,,0,77.2470,0,12619,,,,,0
2023-08-11,74.58,74.67,73.50,73.80,,,,,,,0,77.1855,0,14804,,,,,0
2023-08-14,73.41,74.98,73.10,74.98,,,,,,,0,77.0381,0,28325,,,,,0
2023-08-15,74.86,74.92,73.88,74.50,,,,,,,0,76.8019,0,23525,,,,,0
2023-08-16,74.41,75.01,74.31,74.40,75.11,,,,,78.8304,0,76.5798,0,21025,,,,,0
2023-08-17,74.32,75.46,72.04,72.21,74.80,,,,,78.5283,0,76.3711,0,17524,,,,,0
2023-08-18,72.00,72.88,72.00,72.64,74.44,,,,,77.0031,0,76.0246,0,20387,,,,,0
2023-08-21,72.55,72.64,71.33,71.64,73.94,,,,,76.4883,0,75.6222,0,11590,,,,,0
2023-08-22,71.51,72.09,71.34,71.66,73.56,,,,,75.9903,0,75.1069,0,16146,,,,,0
2023-08-23,71.99,72.27,71.61,71.90,73.22,,,,,75.9902,0,74.6535,0,17574,,,,,0
2023-08-24,71.45,72.67,71.45,71.94,72.97,,,,,75.9902,0,74.2545,0,20072,,,,,0
2023-08-25,72.24,72.55,71.08,71.75,72.76,,,,,75.8616,0,73.9033,0,17934,,,,,0
2023-08-28,71.99,73.41,71.99,73.37,72.60,,,,,75.8616,0,73.5087,0,17120,,,,,0
2023-08-29,73.36,75.22,72.87,75.21,72.67,,,,,75.8616,0,71.0848,1,22218,,,,,0
2023-08-30,75.20,76.09,74.98,75.14,72.75,73.93,,,,75.8616,0,71.1674,1,19144,,,,,0
2023-08-31,75.63,75.94,74.35,74.61,72.99,73.89,,,,75.8616,0,71.3644,1,17455,,,,,0
2023-09-01,74.96,75.78,74.83,74.97,73.22,73.83,,,,75.8616,0,71.5535,1,13884,,,,,0
2023-09-05,74.37,74.37,70.88,71.57,73.21,73.58,,,,75.8616,0,76.0920,0,22607,,,,,0
2023-09-06,71.41,72.23,70.09,70.34,73.08,73.32,,,,75.8616,0,75.9877,0,25728,,,,,0
2023-09-07,70.29,70.29,68.90,70.10,72.90,73.06,,,,74.7197,0,75.7519,0,38714,,,,,0
2023-09-08,69.83,70.80,69.35,70.79,72.79,72.88,,,,74.7197,0,75.3409,0,18044,,,,,0
2023-09-11,71.44,71.68,70.62,71.39,72.75,72.76,,,,74.7197,0,74.9546,0,21537,,,,,0
2023-09-12,70.91,71.71,70.91,71.17,72.53,72.57,,,,74.7197,0,74.5915,0,16460,,,,,0
2023-09-13,71.33,71.33,69.94,70.66,72.07,72.37,,,,74.7197,0,74.2502,0,15906,,,,,0
2023-09-14,71.21,71.73,71.00,71.32,71.69,72.22,,,,74.7197,0,73.9293,0,15455,,,,,0
2023-09-15,71.21,71.21,70.08,71.12,71.34,72.17,,,,74.7197,0,73.6277,0,49442,,,,,0
2023-09-18,71.27,71.72,71.09,71.54,71.00,72.11,,,,74.7197,0,73.3442,0,20688,,,,,0
2023-09-19,71.57,71.87,70.79,71.56,71.00,72.11,,,,74.7197,0,73.0777,0,21502,,,,,0
2023-09-20,71.95,73.47,71.37,71.42,71.11,72.09,,,,74.7197,0,68.9027,1,26883,,-0.8859,-1.0595,0.1736,0
2023-09-21,70.64,70.82,70.06,70.24,71.12,72.01,,,,74.6783,0,68.9940,1,9676,,-0.9289,-1.0334,0.1045,0
2023-09-22,70.15,70.48,69.00,69.28,70.97,71.88,,,,73.9975,0,73.4715,0,23078,,-1.0282,-1.0324,0.0042,0
2023-09-25,68.96,69.41,68.46,68.80,70.71,71.73,,,,73.0516,0,73.3821,0,16624,,-1.1331,-1.0525,-0.0806,0
2023-09-26,68.33,68.86,67.96,68.05,70.40,71.46,,,,72.3859,0,73.1853,0,14180,,-1.2622,-1.0944,-0.1677,0
2023-09-27,68.48,69.53,68.38,69.43,70.28,71.17,,,,72.3859,0,72.8717,0,13221,,-1.2386,-1.1233,-0.1153,0
2023-09-28,69.61,71.69,69.36,71.28,70.27,70.98,,,,72.3859,0,72.5769,0,24044,,-1.0584,-1.1103,0.0519,0
2023-09-29,71.82,71.82,69.64,70.14,70.17,70.76,,,,72.3859,0,72.2997,0,27122,,-0.9960,-1.0874,0.0914,0
2023-10-02,69.94,70.39,69.05,69.29,69.95,70.47,,,,72.3859,0,72.0392,0,23288,,-1.0034,-1.0706,0.0672,0
2023-10-03,68.96,69.09,68.00,68.64,69.66,70.33,,,,72.3859,0,71.8154,0,31397,,-1.0498,-1.0665,0.0166,0
2023-10-04,68.93,69.53,68.17,69.14,69.43,70.27,,,,72.3859,0,71.5840,0,35797,,-1.0346,-1.0601,0.0255,0
2023-10-05,69.12,69.89,69.03,69.34,69.34,70.23,,,,72.3859,0,71.3664,0,26899,,-0.9946,-1.0470,0.0524,0
2023-10-06,68.66,69.38,68.34,68.79,69.29,70.13,,,,72.3859,0,71.1619,0,20703,,-0.9962,-1.0368,0.0406,0
2023-10-09,68.06,69.86,67.86,69.50,69.36,70.03,,,,72.3859,0,70.9696,0,17771,,-0.9294,-1.0153,0.0860,0
2023-10-10,69.99,70.84,69.78,70.42,69.60,70.00,,,,72.3859,0,67.8603,1,25106,,-0.7926,-0.9708,0.1782,0
2023-10-11,70.48,71.62,70.25,71.61,69.81,70.04,,,,72.3859,0,67.8603,1,15753,,-0.5816,-0.8930,0.3114,0
2023-10-12,71.84,71.84,69.45,69.71,69.66,69.96,71.89,,,72.3859,0,68.0107,1,16022,21269,-0.5612,-0.8266,0.2654,0
2023-10-13,69.74,70.18,68.72,68.92,69.54,69.85,71.77,,,72.3859,0,68.2408,1,15459,21212,-0.6017,-0.7816,0.1799,0
2023-10-16,69.20,70.92,69.20,70.63,69.67,69.81,71.65,,,72.3859,0,68.4570,1,20532,21048,-0.4907,-0.7234,0.2328,0
2023-10-17,70.05,71.36,70.05,70.27,69.83,69.74,71.53,,,72.3859,0,68.6603,1,20333,20961,-0.4268,-0.6641,0.2373,0
2023-10-18,69.56,69.56,68.40,68.58,69.78,69.60,71.39,,,72.3859,0,71.8446,0,18579,20675,-0.5064,-0.6326,0.1262,0
2023-10-19,69.11,69.64,67.77,67.93,69.64,69.49,71.24,,,72.3859,0,71.7757,0,23060,20859,-0.6150,-0.6290,0.0141,0
2023-10-20,68.20,68.48,67.43,67.48,69.50,69.40,71.10,,,72.3859,0,71.6156,0,20102,21009,-0.7288,-0.6490,-0.0798,0
2023-10-23,66.99,68.01,66.58,67.28,69.28,69.32,70.97,,,71.8866,0,71.3645,0,26671,21246,-0.8260,-0.6844,-0.1416,0
2023-10-24,72.58,74.58,70.04,72.02,69.44,69.52,70.91,,,66.6840,1,66.5842,1,78233,22244,-0.5143,-0.6504,0.1361,0
2023-10-25,71.91,72.82,70.36,70.65,69.35,69.58,70.84,,,66.6840,1,66.5842,1,49024,22754,-0.3738,-0.5951,0.2213,0
2023-10-26,71.54,72.41,70.82,71.34,69.51,69.58,70.78,,,66.6840,1,66.7441,1,30698,22948,-0.2043,-0.5169,0.3126,0
2023-10-27,71.30,72.03,70.43,71.11,69.73,69.63,70.75,,,66.6840,1,66.9009,1,37018,23338,-0.0870,-0.4309,0.3439,0
2023-10-30,71.57,73.10,71.36,73.02,69.97,69.82,70.76,,,66.6840,1,67.0545,1,36318,23656,0.1582,-0.3131,0.4713,0
2023-10-31,72.79,74.27,72.45,73.93,70.33,70.08,70.81,,,67.2851,1,67.2051,1,33756,24100,0.4207,-0.1663,0.5871,0
2023-11-01,73.68,75.49,73.37,75.48,71.02,70.40,70.88,,,68.3294,1,67.3526,1,29598,24369,0.7457,0.0161,0.7296,0
2023-11-02,76.34,77.41,76.00,77.07,71.94,70.79,70.99,,,70.6352,1,67.6782,1,32143,24660,1.1181,0.2365,0.8816,0
2023-11-03,78.07,79.40,78.07,78.90,73.08,71.29,71.13,,,72.5682,1,68.2622,1,39046,25039,1.5430,0.4978,1.0452,0
2023-11-06,78.57,79.33,78.03,78.06,74.16,71.72,71.25,,,72.7405,1,69.1528,1,40769,25496,1.7913,0.7565,1.0348,0
2023-11-07,77.93,79.41,77.93,79.01,74.86,72.15,71.36,,,72.8833,1,69.9722,1,27920,25712,2.0418,1.0135,1.0282,0
2023-11-08,78.92,79.38,78.10,78.57,75.65,72.50,71.43,,,73.1492,1,70.9164,1,21649,25701,2.1797,1.2468,0.9329,0
2023-11-09,78.96,78.96,77.63,77.91,76.31,72.91,71.49,,,73.1492,1,71.7662,1,18111,25680,2.2099,1.4394,0.7705,0
2023-11-10,78.46,79.15,77.73,79.12,77.11,73.42,71.58,,,73.1492,1,72.5311,1,17260,25676,2.3050,1.6125,0.6925,0
2023-11-13,78.60,79.22,78.36,78.37,77.64,73.80,71.65,,,73.7492,1,73.2194,1,19188,25782,2.2933,1.7487,0.5446,0
2023-11-14,80.18,81.87,79.66,81.63,78.41,74.37,71.85,,,75.1781,1,73.8390,1,28170,25894,2.5184,1.9026,0.6158,0
2023-11-15,81.77,82.36,80.49,80.82,78.95,74.99,72.06,,,75.8364,1,74.8026,1,28716,25953,2.6014,2.0424,0.5590,0
2023-11-16,80.62,81.16,79.66,80.52,79.29,75.61,72.26,,,75.8364,1,75.8603,1,31408,25807,2.6126,2.1564,0.4562,0
2023-11-17,81.30,81.38,80.47,81.22,79.52,76.30,72.47,,,75.8364,1,76.7699,1,21341,25873,2.6477,2.2547,0.3931,0
2023-11-20,80.86,81.58,80.17,81.57,79.88,77.02,72.68,,,75.8364,1,77.5522,1,21889,25880,2.6724,2.3382,0.3342,0
2023-11-21,81.30,81.90,80.83,81.46,80.12,77.49,72.88,,,76.4513,1,78.2250,1,22302,25997,2.6527,2.4011,0.2516,0
2023-11-22,81.97,81.97,81.26,81.53,80.41,78.03,73.10,,,76.9808,1,78.8036,1,12982,25939,2.6125,2.4434,0.1691,0
2023-11-24,81.25,82.12,81.25,81.49,80.77,78.54,73.30,,,77.2565,1,79.3012,1,11376,25857,2.5481,2.4643,0.0837,0
2023-11-27,81.12,82.43,81.12,82.29,81.09,79.10,73.53,,,77.3897,1,79.7291,1,16605,25200,2.5325,2.4780,0.0546,0
2023-11-28,81.90,82.24,80.79,81.06,81.36,79.50,73.72,,,77.3897,1,80.1606,1,17848,25143,2.3932,2.4610,-0.0678,0
2023-11-29,81.75,82.68,81.75,82.28,81.42,79.92,73.93,,,77.7762,1,80.5231,1,19506,25103,2.3543,2.4397,-0.0854,0
2023-11-30,82.13,83.26,81.73,82.92,81.63,80.29,74.16,,,78.0412,1,80.7933,1,31210,25190,2.3485,2.4214,-0.0730,0
2023-12-01,82.66,84.98,82.66,84.78,82.06,80.68,74.45,,,79.1163,1,81.2861,1,28424,25565,2.4653,2.4302,0.0351,0
2023-12-04,89.04,89.86,87.87,89.43,82.88,81.20,74.86,,,83.1095,1,81.7320,1,186944,28842,2.8993,2.5240,0.3753,0
2023-12-05,89.18,89.56,88.01,88.13,83.54,81.71,75.24,,,83.1404,1,82.6609,1,72437,29959,3.1025,2.6397,0.4628,0
2023-12-06,88.93,90.03,88.93,88.99,84.29,82.20,75.66,,,83.8273,1,84.1001,1,59948,30874,3.2950,2.7708,0.5242,0
2023-12-07,89.04,90.00,88.91,89.77,85.11,82.76,76.07,,,84.0397,1,85.2868,1,49531,31600,3.4707,2.9108,0.5599,0
2023-12-08,90.02,91.54,90.01,90.21,85.99,83.38,76.45,,,85.3704,1,86.2361,1,53363,32187,3.6038,3.0494,0.5545,0
2023-12-11,90.40,91.33,90.24,91.17,86.87,83.98,76.87,,,85.5834,1,87.2967,1,52606,32696,3.7435,3.1882,0.5553,0
2023-12-12,91.17,93.00,90.87,92.50,88.02,84.69,77.33,,,86.6161,1,88.1451,1,57536,33381,3.9164,3.3339,0.5826,0
2023-12-13,92.52,93.99,91.15,92.74,89.06,85.24,77.81,,,86.9299,1,89.1153,1,81372,34381,4.0267,3.4724,0.5543,0
2023-12-14,94.30,96.82,93.96,95.80,90.35,85.99,78.35,,,89.0917,1,90.0909,1,77051,35206,4.3114,3.6402,0.6712,0
2023-12-15,95.25,97.27,95.25,96.72,91.54,86.80,78.89,,,89.9876,1,91.1479,1,832451,51317,4.5586,3.8239,0.7347,0
2023-12-18,96.17,96.52,94.88,95.03,92.11,87.49,79.42,,,89.9876,1,92.3721,1,63805,52179,4.5654,3.9722,0.5932,0
2023-12-19,95.66,96.13,94.17,96.13,92.91,88.22,79.95,,,89.9876,1,93.3514,1,44126,52706,4.6069,4.0991,0.5077,0
2023-12-20,95.69,96.97,95.19,95.22,93.53,88.91,80.45,,,89.9909,1,94.1349,1,49235,53189,4.5135,4.1820,0.3315,0
2023-12-21,96.17,96.38,95.42,96.35,94.19,89.65,80.94,,,90.0743,1,94.1692,1,26192,53397,4.4794,4.2415,0.2379,0
2023-12-22,96.87,97.06,96.12,96.85,94.85,90.42,81.48,,,91.0695,1,94.7891,1,30557,53688,4.4415,4.2815,0.1600,0
2023-12-26,96.74,97.40,96.69,96.77,95.41,91.14,82.04,,,91.8605,1,95.2851,1,25673,53892,4.3548,4.2962,0.0587,0
2023-12-27,97.05,97.53,96.80,97.04,95.87,91.94,82.57,,,92.2723,1,95.7072,1,19701,53876,4.2592,4.2888,-0.0296,0
2023-12-28,97.08,97.16,96.42,97.04,96.30,92.68,83.11,,,92.2723,1,96.0723,1,30172,54072,4.1357,4.2582,-0.1224,0
2023-12-29,96.64,97.33,96.09,96.13,96.33,93.34,83.66,,,92.2723,1,97.5328,0,26596,54233,3.9193,4.1904,-0.2711,0
2024-01-02,95.02,96.17,94.88,95.41,96.20,93.87,84.21,,,92.2723,1,97.5038,0,27098,54314,3.6474,4.0818,-0.4344,0
2024-01-03,94.56,95.16,93.17,93.33,96.03,94.07,84.72,,,92.2723,1,97.3990,0,36204,54636,3.2266,3.9108,-0.6841,0
2024-01-04,93.53,94.33,93.43,93.49,95.76,94.33,85.25,,,92.2723,1,97.1454,0,55163,55205,2.8735,3.7033,-0.8298,0
2024-01-05,93.43,95.69,93.12,95.46,95.79,94.66,85.72,,,92.2723,1,96.9070,0,37783,54396,2.7208,3.5068,-0.7860,0
2024-01-08,95.59,96.68,95.42,96.34,95.79,94.99,86.23,,,92.2723,1,93.1230,1,43678,54290,2.6404,3.3335,-0.6931,0
2024-01-09,95.52,97.51,95.33,96.95,95.80,95.32,86.74,,,92.2723,1,93.1230,1,36834,54412,2.5956,3.1859,-0.5903,0
2024-01-10,97.78,98.57,97.31,98.22,95.94,95.68,87.28,,,93.0252,1,93.2986,1,31431,54301,2.6324,3.0752,-0.4428,0
2024-01-11,97.55,98.20,97.01,97.41,95.98,95.92,87.77,,,93.0252,1,93.6149,1,40755,54389,2.5665,2.9735,-0.4070,0
2024-01-12,97.85,97.85,95.95,96.40,95.91,96.10,88.22,,,93.0252,1,93.9121,1,33264,54379,2.4052,2.8598,-0.4546,0
2024-01-16,95.82,96.61,95.45,96.43,95.94,96.14,88.64,,,93.0252,1,94.1915,1,25661,54301,2.2538,2.7386,-0.4848,0
2024-01-17,95.84,96.93,95.69,95.70,95.97,96.09,89.01,,,93.0252,1,94.4542,1,25468,54167,2.0518,2.6013,-0.5494,0
2024-01-18,96.37,96.62,95.44,96.44,96.28,96.16,89.36,,,93.0252,1,94.7011,1,28060,53947,1.9287,2.4668,-0.5381,0
2024-01-19,96.56,97.34,95.48,97.28,96.66,96.21,89.75,,,93.0252,1,94.9332,1,25171,53635,1.8773,2.3489,-0.4716,0
2024-01-22,98.12,99.04,98.08,98.40,96.96,96.37,90.14,,,93.8661,1,95.1514,1,25784,53593,1.9053,2.2601,-0.3548,0
2024-01-23,98.27,99.43,95.99,96.09,96.93,96.36,90.49,,,93.8661,1,95.4623,1,22956,53619,1.7207,2.1523,-0.4316,0
2024-01-24,96.73,96.73,94.54,94.60,96.70,96.25,90.82,,,93.8661,1,99.4297,0,15703,53571,1.4379,2.0094,-0.5715,0
2024-01-25,95.56,96.11,95.30,95.98,96.47,96.21,91.16,,,93.8661,1,99.4297,0,22390,53673,1.3099,1.8695,-0.5596,0
2024-01-26,96.25,96.64,95.60,96.51,96.38,96.18,91.52,,,93.8661,1,99.3319,0,21428,53718,1.2369,1.7430,-0.5061,0
2024-01-29,96.28,98.19,96.28,98.02,96.54,96.23,91.85,,,93.8661,1,99.2361,0,33895,53833,1.2864,1.6517,-0.3652,0
2024-01-30,97.62,98.83,97.42,98.47,96.75,96.35,92.20,,,93.8661,1,99.1422,0,20122,53661,1.3465,1.5906,-0.2442,0
2024-01-31,98.03,99.35,96.91,97.00,96.88,96.43,92.53,,,93.8661,1,94.5408,1,25933,53551,1.2612,1.5247,-0.2636,0
2024-02-01,97.70,99.98,97.10,99.98,97.23,96.76,92.91,,,93.8661,1,94.6370,1,23855,53602,1.4171,1.5032,-0.0861,0
2024-02-02,98.88,101.14,98.31,100.00,97.50,97.08,93.27,,,93.8661,1,94.8506,1,26979,53703,1.5246,1.5075,0.0172,0
2024-02-05,99.01,99.17,97.42,98.43,97.51,97.23,93.61,,,93.8661,1,95.2280,1,24493,53747,1.4667,1.4993,-0.0326,0
2024-02-06,98.10,98.85,98.10,98.54,97.75,97.34,93.95,,,93.8661,1,95.5828,1,17274,53833,1.4132,1.4821,-0.0689,0
2024-02-07,99.61,101.16,99.58,100.66,98.36,97.53,94.34,,,94.4272,1,95.9163,1,25727,54120,1.5245,1.4906,0.0339,0
2024-02-08,101.75,102.67,101.06,102.28,98.99,97.73,94.74,,,95.9159,1,96.3358,1,52880,54846,1.7237,1.5372,0.1865,0
2024-02-09,102.11,103.05,101.50,102.52,99.59,97.99,95.17,,,96.4580,1,96.9688,1,31791,55124,1.8789,1.6056,0.2734,0
2024-02-12,102.52,104.08,102.24,103.16,100.11,98.32,95.58,,,97.3701,1,97.6982,1,35209,55438,2.0306,1.6906,0.3400,0
2024-02-13,100.47,102.18,99.47,101.48,100.41,98.58,95.96,,,97.3701,1,98.5922,1,40748,55629,1.9921,1.7509,0.2412,0
2024-02-14,102.60,103.16,101.94,102.73,100.98,98.93,96.31,,,97.3701,1,99.3611,1,33475,55730,2.0391,1.8085,0.2306,0
2024-02-15,103.11,103.71,102.21,103.58,101.34,99.29,96.60,,,97.3701,1,99.4688,1,31737,52626,2.1197,1.8708,0.2490,0
2024-02-16,102.46,104.40,102.44,102.75,101.61,99.56,96.89,,,97.4101,1,100.1149,1,74477,52667,2.0933,1.9153,0.1780,0
2024-02-20,110.89,114.84,107.86,114.84,103.26,100.38,97.41,,,102.3152,1,100.8000,1,146484,54398,3.0127,2.1347,0.8780,0
2024-02-21,115.55,117.27,114.81,116.41,105.04,101.40,97.94,,,107.1726,1,102.4412,1,81604,55039,3.8243,2.4727,1.3517,0
2024-02-22,116.46,118.28,115.94,117.97,106.77,102.57,98.50,,,108.4292,1,105.4077,1,57043,55113,4.5407,2.8863,1.6544,0
2024-02-23,118.52,120.10,118.34,119.65,108.51,103.75,99.06,,,110.7652,1,107.9824,1,43845,54937,5.1843,3.3459,1.8384,0
2024-02-26,119.45,120.14,118.90,119.71,110.23,104.91,99.61,,,111.5363,1,110.4059,1,39092,54568,5.6342,3.8035,1.8306,0
2024-02-27,120.32,121.07,119.62,120.47,111.96,106.03,100.16,,,112.7265,1,112.3525,1,44762,53836,5.9833,4.2395,1.7438,0
2024-02-28,119.83,121.25,119.21,119.31,113.74,107.07,100.63,,,112.7589,1,114.0955,1,41054,53116,6.0963,4.6109,1.4855,0
2024-02-29,119.31,120.32,118.11,118.20,115.29,108.13,101.06,,,112.7589,1,115.5255,1,102277,38513,6.0263,4.8939,1.1324,0
2024-03-01,118.00,118.96,117.22,118.52,116.78,109.06,101.53,,,112.7589,1,116.6695,1,53637,38310,5.9286,5.1009,0.8277,0
2024-03-04,118.67,120.23,118.67,119.13,118.42,110.02,101.99,,,112.7589,1,117.2177,1,41245,38252,5.8330,5.2473,0.5857,0
2024-03-05,118.52,119.10,117.34,117.79,118.72,110.99,102.44,,,112.7589,1,117.2177,1,27536,37818,5.5844,5.3147,0.2697,0
2024-03-06,118.64,119.82,118.32,119.15,118.99,112.02,102.90,,,112.7589,1,117.3353,1,24462,37783,5.4347,5.3387,0.0960,0
2024-03-07,120.01,120.68,119.39,119.94,119.19,112.98,103.36,85.58,,113.5133,1,117.3353,1,27721,37727,5.3189,5.3348,-0.0159,0
2024-03-08,120.67,120.76,118.89,119.67,119.19,113.85,103.82,85.88,,113.5133,1,118.1174,1,27487,37763,5.1456,5.2969,-0.1514,0
2024-03-11,118.88,118.88,117.32,118.26,119.04,114.64,104.24,86.16,,113.5133,1,121.2455,0,41885,38207,4.8386,5.2052,-0.3667,0
2024-03-12,118.26,119.66,118.18,119.29,118.92,115.44,104.69,86.44,,113.5133,1,121.1669,0,31866,38240,4.6250,5.0892,-0.4642,0
2024-03-13,119.32,120.60,119.01,119.23,118.92,116.33,105.15,86.73,,113.6713,1,121.0899,0,44747,38603,4.4003,4.9514,-0.5511,0
2024-03-14,118.56,119.64,117.83,119.11,119.01,117.15,105.63,87.02,,113.6713,1,121.0144,0,48981,39041,4.1647,4.7941,-0.6294,0
2024-03-15,118.52,120.09,118.52,119.93,119.15,117.97,106.16,87.33,,113.6713,1,120.9404,0,87612,40069,3.9983,4.6349,-0.6366,0
2024-03-18,120.36,121.23,119.33,119.47,119.18,118.80,106.68,87.63,,114.3775,1,117.3157,1,37268,39711,3.7857,4.4651,-0.6794,0
2024-03-19,119.65,121.68,119.38,121.28,119.53,119.12,107.19,87.94,,114.5297,1,117.3939,1,40284,39761,3.7205,4.3162,-0.5956,0
2024-03-20,121.33,122.16,119.97,120.33,119.65,119.32,107.67,88.25,,115.0082,1,117.5652,1,71771,40323,3.5513,4.1632,-0.6119,0
2024-03-21,121.39,122.94,120.85,122.25,119.88,119.53,108.18,88.57,,115.6648,1,117.8407,1,104341,41673,3.5314,4.0368,-0.5054,0
2024-03-22,122.55,123.05,121.33,122.08,120.12,119.66,108.66,88.90,,116.0675,1,118.2487,1,35191,41749,3.4615,3.9218,-0.4602,0
2024-03-25,122.06,122.36,120.78,120.94,120.39,119.72,109.13,89.22,,116.0675,1,118.7287,1,42675,41787,3.2767,3.7928,-0.5161,0
2024-03-26,120.80,121.48,120.60,120.92,120.56,119.74,109.62,89.55,,116.0675,1,119.1607,1,37325,41868,3.0929,3.6528,-0.5599,0
2024-03-27,121.42,122.18,121.42,121.98,120.83,119.87,110.13,89.88,,116.3348,1,119.5495,1,35300,42061,2.9981,3.5219,-0.5237,0
2024-03-28,122.05,122.66,121.62,121.74,121.09,120.05,110.65,90.22,,116.9077,1,119.8995,1,44135,42434,2.8702,3.3915,-0.5213,0
2024-04-01,122.27,122.27,120.59,120.78,121.18,120.16,111.14,90.54,,116.9077,1,120.2144,1,43270,42738,2.6606,3.2453,-0.5847,0
2024-04-02,119.74,119.75,117.57,117.98,121.03,120.11,111.55,90.85,,116.9077,1,123.0487,0,52923,43294,2.2433,3.0449,-0.8017,0
2024-04-03,117.98,120.28,117.98,120.10,120.91,120.22,111.98,91.16,,116.9077,1,122.9391,0,133800,45454,2.0596,2.8479,-0.7883,0
2024-04-04,121.11,121.52,117.74,117.99,120.68,120.16,112.42,91.45,,116.9077,1,122.8318,0,40924,45813,1.7242,2.6231,-0.8990,0
2024-04-05,117.76,119.34,117.76,119.22,120.37,120.13,112.91,91.74,,116.9077,1,122.7265,0,72735,46954,1.5394,2.4064,-0.8670,0
2024-04-08,119.64,119.69,118.74,118.91,120.06,120.09,113.37,92.04,,116.9077,1,122.6234,0,60415,47714,1.3529,2.1957,-0.8428,0
2024-04-09,118.78,119.20,116.41,117.58,119.72,120.06,113.80,92.32,,116.9077,1,122.5224,0,35562,47997,1.0850,1.9735,-0.8885,0
2024-04-10,115.53,117.53,115.30,116.37,119.26,119.91,114.16,92.62,,122.5836,0,122.2780,0,59417,48508,0.7658,1.7320,-0.9662,0
2024-04-11,116.93,116.93,115.89,116.25,118.69,119.76,114.52,92.92,,122.2783,0,121.8592,0,32597,48757,0.4977,1.4851,-0.9875,0
2024-04-12,115.64,116.47,114.49,114.85,118.00,119.55,114.87,93.22,,121.3547,0,121.4654,0,35591,48950,0.1701,1.2221,-1.0520,0
2024-04-15,116.01,116.40,113.64,114.17,117.34,119.26,115.16,93.51,,121.1360,0,120.9077,0,26422,49001,-0.1424,0.9492,-1.0916,0
2024-04-16,113.85,113.85,112.62,113.34,116.88,118.95,115.42,93.79,,119.2007,0,120.1810,0,25686,48976,-0.4521,0.6690,-1.1211,0
2024-04-17,114.17,114.17,111.48,112.40,116.11,118.51,115.70,94.07,,119.0029,0,119.2738,0,29647,49079,-0.7646,0.3822,-1.1469,0
2024-04-18,113.09,113.52,111.20,111.57,115.46,118.07,115.96,94.34,,118.6166,0,118.1834,0,22861,49190,-1.0665,0.0925,-1.1589,0
2024-04-19,111.79,113.11,111.25,111.70,114.71,117.54,116.19,94.61,,118.3684,0,117.0661,0,25452,49185,-1.2806,-0.1821,-1.0985,0
2024-04-22,112.63,113.15,111.13,112.41,114.06,117.06,116.39,94.88,,118.3161,0,116.1276,0,33515,48798,-1.3775,-0.4212,-0.9563,0
2024-04-23,112.88,114.46,112.88,114.17,113.72,116.72,116.62,95.17,,118.3161,0,115.2284,0,31455,48791,-1.2970,-0.5964,-0.7006,0
2024-04-24,114.31,115.39,112.84,113.64,113.45,116.36,116.83,95.45,,118.3161,0,111.1319,1,32712,48741,-1.2614,-0.7294,-0.5320,0
2024-04-25,112.31,114.00,111.39,113.44,113.17,115.93,117.07,95.73,,118.3161,0,111.2172,1,20976,48346,-1.2347,-0.8304,-0.4043,0
2024-04-26,113.87,115.28,113.87,114.64,113.15,115.57,117.31,96.03,,118.3161,0,111.3007,1,23794,48152,-1.1044,-0.8852,-0.2192,0
2024-04-29,114.60,117.30,114.60,116.47,113.38,115.36,117.57,96.34,,118.3161,0,111.3826,1,71678,48951,-0.8435,-0.8769,0.0334,0
2024-04-30,111.89,118.50,110.97,112.58,113.30,115.09,117.76,96.63,,118.3161,0,117.2961,0,80014,49062,-0.9398,-0.8895,-0.0504,0
2024-05-01,112.74,114.39,111.23,111.84,113.25,114.68,117.70,96.92,,118.3161,0,118.5015,0,39634,46925,-1.0640,-0.9244,-0.1397,0
2024-05-02,112.95,113.45,111.36,112.87,113.38,114.42,117.63,97.21,,118.3161,0,118.5015,0,53692,46366,-1.0671,-0.9529,-0.1142,0
2024-05-03,114.49,114.90,112.76,113.30,113.54,114.12,117.54,97.49,,118.3161,0,118.3508,0,32382,45873,-1.0230,-0.9669,-0.0560,0
2024-05-06,113.72,114.65,113.49,114.46,113.74,113.90,117.43,97.79,,118.3161,0,118.2031,0,21982,45436,-0.8837,-0.9503,0.0666,0
2024-05-07,113.89,115.08,113.89,113.95,113.72,113.72,117.32,98.09,,118.3161,0,118.0583,0,22070,45095,-0.8052,-0.9213,0.1161,0
2024-05-08,113.89,114.53,113.67,114.23,113.78,113.61,117.19,98.39,,118.3161,0,117.9165,0,15244,44505,-0.7125,-0.8795,0.1670,0
2024-05-09,114.27,115.54,113.95,115.48,113.98,113.58,117.12,98.70,,118.3161,0,117.7774,0,28247,44249,-0.5323,-0.8101,0.2778,0
2024-05-10,115.33,116.03,114.90,115.53,114.07,113.61,117.06,99.01,,118.3161,0,117.6412,0,20368,42611,-0.3811,-0.7243,0.3432,0
2024-05-13,115.91,116.15,114.31,114.38,113.86,113.62,116.98,99.31,,118.3161,0,117.5077,0,22541,41989,-0.3500,-0.6494,0.2994,0
2024-05-14,114.86,115.56,114.68,115.41,114.14,113.72,116.91,99.62,,118.3161,0,117.3768,0,16154,41487,-0.2394,-0.5674,0.3281,0
2024-05-15,116.23,116.66,114.73,114.99,114.46,113.85,116.85,99.91,,118.3161,0,117.2486,0,29052,41517,-0.1836,-0.4907,0.3070,0
2024-05-16,114.84,115.11,111.92,112.26,114.40,113.89,116.71,100.19,,118.3161,0,117.1229,0,42992,41888,-0.3550,-0.4635,0.1086,0
2024-05-17,112.90,113.56,111.30,111.86,114.25,113.90,116.55,100.47,93.32,118.3161,0,116.9998,0,46709,42268,-0.5173,-0.4743,-0.0430,0
2024-05-20,111.99,112.95,111.82,112.73,114.08,113.91,116.41,100.76,93.51,118.3161,0,116.8791,0,17258,42063,-0.5696,-0.4933,-0.0763,0
2024-05-21,112.80,113.10,112.48,112.89,113.97,113.85,116.31,101.04,93.69,118.3161,0,116.7608,0,9780,41421,-0.5908,-0.5128,-0.0779,0
2024-05-22,112.09,113.41,112.09,112.85,113.84,113.81,116.18,101.32,93.88,118.1680,0,116.6449,0,35096,41486,-0.6037,-0.5310,-0.0727,0
2024-05-23,113.54,114.16,112.25,113.41,113.63,113.81,116.06,101.62,94.06,118.1680,0,116.5313,0,36194,41314,-0.5624,-0.5373,-0.0251,0
2024-05-24,114.10,114.78,113.52,114.69,113.55,113.81,115.97,101.93,94.26,118.1680,0,116.4200,0,18820,40711,-0.4217,-0.5142,0.0925,0
2024-05-28,114.70,114.70,113.16,113.54,113.46,113.66,115.84,102.24,94.46,118.1680,0,116.3109,0,26433,39488,-0.3983,-0.4910,0.0927,0
2024-05-29,113.32,114.69,112.34,112.81,113.20,113.67,115.71,102.55,94.65,118.1680,0,116.2040,0,29675,39336,-0.4335,-0.4795,0.0460,0
2024-05-30,112.83,114.11,112.83,113.81,113.09,113.77,115.56,102.82,94.85,118.1680,0,116.0992,0,28082,39092,-0.3769,-0.4590,0.0820,0
2024-05-31,114.10,114.50,111.71,113.76,113.24,113.82,115.43,103.11,95.04,118.1680,0,115.9965,0,21921,38095,-0.3323,-0.4336,0.1014,0
2024-06-03,114.64,114.64,112.34,113.77,113.43,113.84,115.26,103.39,95.24,118.1680,0,115.8959,0,30643,36621,-0.2927,-0.4054,0.1128,0
2024-06-04,113.21,114.55,111.69,111.79,113.33,113.71,115.05,103.67,95.44,118.1680,0,115.7973,0,35984,36637,-0.4159,-0.4075,-0.0083,0
2024-06-05,112.44,113.77,111.79,113.69,113.41,113.69,114.91,103.94,95.64,118.1680,0,115.7007,0,30888,36401,-0.3564,-0.3973,0.0409,0
2024-06-06,114.05,114.37,111.98,113.14,113.44,113.64,114.75,104.20,95.85,118.1680,0,115.6060,0,45895,36572,-0.3496,-0.3878,0.0382,0
2024-06-07,112.38,112.91,110.94,111.30,113.23,113.43,114.54,104.44,96.05,118.0829,0,115.5131,0,25085,36368,-0.4868,-0.4076,-0.0793,0
2024-06-10,110.46,112.94,110.03,112.49,113.01,113.28,114.36,104.67,96.25,117.9024,0,115.3302,0,31822,36122,-0.4940,-0.4249,-0.0691,0
2024-06-11,112.35,112.96,110.58,112.06,112.86,113.16,114.18,104.89,96.45,117.9024,0,115.0124,0,18285,35622,-0.5285,-0.4456,-0.0829,0
2024-06-12,114.18,115.53,112.25,112.76,112.86,113.03,114.08,105.13,96.66,117.9024,0,110.0347,1,34882,35261,-0.4938,-0.4552,-0.0386,0
2024-06-13,112.52,113.32,111.08,112.99,112.77,112.93,113.93,105.35,96.85,117.9024,0,110.1445,1,26777,33121,-0.4422,-0.4526,0.0104,0
2024-06-14,111.90,112.76,110.21,110.94,112.49,112.86,113.79,105.57,97.03,117.9024,0,115.5261,0,20181,32706,-0.5605,-0.4742,-0.0863,0
2024-06-17,110.91,112.23,110.18,112.04,112.32,112.87,113.65,105.80,97.22,117.9024,0,115.4198,0,20962,31671,-0.5591,-0.4912,-0.0679,0
2024-06-18,111.68,112.70,111.46,112.45,112.39,112.86,113.52,106.02,97.41,117.9024,0,115.2103,0,30815,31079,-0.5187,-0.4967,-0.0220,0
2024-06-20,111.81,112.25,109.96,112.08,112.22,112.82,113.41,106.24,97.59,117.7946,0,115.0092,0,32299,31013,-0.5109,-0.4995,-0.0113,0
2024-06-21,111.70,112.59,109.37,112.59,112.17,112.81,113.34,106.45,97.80,117.7946,0,114.7060,0,87023,31565,-0.4582,-0.4912,0.0331,0
2024-06-24,112.68,113.34,112.15,112.94,112.33,112.78,113.27,106.66,98.01,117.7946,0,114.2788,0,32238,31558,-0.3835,-0.4697,0.0862,0
2024-06-25,112.69,112.69,108.88,110.13,112.10,112.55,113.17,106.86,98.21,117.7946,0,113.8859,0,28543,31417,-0.5447,-0.4847,-0.0600,0
2024-06-26,109.72,110.78,108.82,110.05,111.90,112.38,113.09,107.05,98.41,116.8687,0,113.3848,0,33251,31554,-0.6711,-0.5220,-0.1491,0
2024-06-27,110.47,111.56,109.83,110.71,111.69,112.27,113.04,107.25,98.60,116.8687,0,112.8366,0,20680,31454,-0.7099,-0.5596,-0.1504,0.00
2024-06-28,110.98,112.46,110.23,111.24,111.52,112.15,113.02,107.44,98.80,116.8687,0,108.8165,1,49724,31855,-0.6900,-0.5856,-0.1043,0.00
2024-07-01,111.82,112.23,109.04,109.46,111.37,111.93,112.97,107.63,99.00,116.8687,0,108.8894,1,24425,31887,-0.8083,-0.6302,-0.1781,0.00
2024-07-02,108.99,111.00,108.94,110.25,111.19,111.76,112.95,107.82,99.19,116.8687,0,112.4611,0,29988,31977,-0.8291,-0.6700,-0.1592,0.00
2024-07-03,110.30,111.63,110.13,110.89,111.04,111.71,112.92,108.01,99.39,116.8687,0,112.3908,0,17925,31665,-0.7850,-0.6930,-0.0921,0.00
2024-07-05,110.39,110.92,108.73,110.16,110.84,111.53,112.84,108.21,99.59,116.5812,0,112.3219,0,30816,31653,-0.7995,-0.7143,-0.0853,0.00
2024-07-08,110.71,111.74,110.71,110.82,110.67,111.42,112.78,108.40,99.78,116.5812,0,112.1781,0,20283,31404,-0.7493,-0.7213,-0.0280,0.00
2024-07-09,110.44,111.09,109.92,110.39,110.41,111.37,112.72,108.58,99.98,116.5812,0,112.0401,0,19732,31379,-0.7359,-0.7242,-0.0117,0.00
2024-07-10,110.57,111.87,110.22,111.83,110.58,111.34,112.66,108.76,100.18,116.5812,0,111.9076,0,24908,31401,-0.6018,-0.6997,0.0980,0.00
2024-07-11,113.26,116.41,113.26,116.03,111.18,111.54,112.65,108.94,100.42,116.5812,0,108.7281,1,63590,31240,-0.1552,-0.5908,0.4356,0.00
2024-07-12,117.09,117.82,115.85,115.94,111.70,111.70,112.72,109.12,100.65,116.5812,0,108.8818,1,33648,30312,0.1894,-0.4348,0.6241,0.00
2024-07-15,116.94,117.30,115.93,115.93,112.17,111.84,112.80,109.30,100.89,116.5812,0,109.2395,1,43581,30391,0.4564,-0.2565,0.7129,0.00
2024-07-16,117.02,121.64,116.91,121.44,113.37,112.37,112.97,109.51,101.15,111.6929,1,109.5829,1,43663,30191,1.1000,0.0148,1.0852,0.00
2024-07-17,120.40,122.40,117.67,117.84,114.13,112.66,113.06,109.70,101.39,111.7919,1,110.3061,1,45561,30454,1.3049,0.2728,1.0321,0.00
2024-07-18,117.65,122.09,116.95,119.25,114.96,113.00,113.16,109.89,101.63,111.7919,1,111.2738,1,35033,30715,1.5627,0.5308,1.0319,0.00
2024-07-19,119.15,119.35,117.99,118.75,115.82,113.33,113.26,110.06,101.88,111.7919,1,112.1641,1,25905,30792,1.7068,0.7660,0.9408,79.30
2024-07-22,119.50,125.28,118.93,124.94,117.23,113.95,113.47,110.28,102.16,112.5193,1,112.9832,1,161671,33721,2.2940,1.0716,1.2224,82.43
2024-07-23,124.76,127.75,123.86,127.73,118.97,114.69,113.71,110.49,102.45,116.0093,1,114.2130,1,149913,36154,2.9505,1.4474,1.5031,83.44
2024-07-24,127.12,127.93,124.12,124.32,120.22,115.40,113.89,110.67,102.73,116.0710,1,115.8370,1,51860,36784,3.1593,1.7898,1.3695,82.66
2024-07-25,124.55,128.11,124.38,125.38,121.15,116.17,114.11,110.88,103.01,116.1452,1,117.5305,1,46483,37263,3.3715,2.1061,1.2654,82.74
2024-07-26,127.66,130.83,127.54,128.94,122.45,117.08,114.38,111.09,103.31,118.4616,1,119.2233,1,25423,37448,3.7830,2.4415,1.3415,83.63
2024-07-29,129.25,129.99,126.81,128.44,123.70,117.94,114.65,111.32,103.60,118.4616,1,121.3127,1,58785,38043,4.0231,2.7578,1.2653,84.64
2024-07-30,127.10,131.24,122.94,129.84,124.54,118.96,115.00,111.54,103.89,118.4616,1,130.8313,0,76659,38716,4.2767,3.0616,1.2151,85.62
2024-07-31,132.13,132.52,128.00,129.08,125.67,119.90,115.35,111.75,104.19,118.4616,1,122.9430,1,62954,39041,4.3662,3.3225,1.0437,84.26
2024-08-01,129.17,129.52,125.74,127.14,126.45,120.71,115.63,111.96,104.48,118.4616,1,122.9430,1,59003,39876,4.2315,3.5043,0.7272,85.39
2024-08-02,124.17,125.02,122.02,124.12,126.99,121.41,115.86,112.14,104.74,118.4616,1,132.5210,0,55897,40798,3.8371,3.5709,0.2663,86.63
2024-08-05,117.81,121.49,116.82,118.87,126.39,121.81,115.98,112.28,104.99,118.4616,1,132.3110,0,46561,41027,3.0652,3.4697,-0.4046,85.55
2024-08-06,118.27,121.17,117.67,119.30,125.54,122.25,116.10,112.44,105.24,118.4616,1,131.6915,0,53980,41383,2.4599,3.2678,-0.8079,85.12
2024-08-07,119.94,120.54,115.95,116.46,124.76,122.49,116.13,112.58,105.48,131.3987,0,131.0967,0,28891,41585,1.7312,2.9605,-1.2293,83.10
2024-08-08,117.88,118.61,117.16,118.07,124.03,122.59,116.22,112.74,105.74,130.3669,0,130.1878,0,27567,41607,1.2694,2.6222,-1.3529,82.01
2024-08-09,117.98,118.85,116.96,118.07,122.94,122.70,116.33,112.91,105.99,129.7102,0,129.3335,0,24630,41506,0.8931,2.2764,-1.3833,82.32
2024-08-12,117.80,118.44,116.11,116.88,121.78,122.74,116.39,113.05,106.22,128.5969,0,128.5304,0,20333,41351,0.4930,1.9197,-1.4267,82.05
2024-08-13,117.73,119.30,117.03,118.62,120.66,122.60,116.49,113.20,106.46,128.5969,0,127.7755,0,25935,41432,0.3122,1.5982,-1.2860,78.75
2024-08-14,118.55,119.11,117.29,117.79,119.53,122.60,116.57,113.34,106.69,128.5646,0,127.0658,0,19079,41200,0.1010,1.2988,-1.1978,78.02
2024-08-15,119.92,121.00,119.07,120.77,118.90,122.68,116.75,113.49,106.94,128.5646,0,126.3988,0,27130,41023,0.1724,1.0735,-0.9011,80.00
2024-08-16,120.20,122.03,119.72,120.54,118.54,122.76,116.88,113.64,107.17,128.5646,0,125.7718,0,44643,41298,0.2075,0.9003,-0.6928,78.02
2024-08-19,121.00,121.65,119.89,120.64,118.71,122.55,117.03,113.80,107.41,128.5646,0,125.1824,0,37320,41127,0.2413,0.7685,-0.5272,76.93
2024-08-20,120.57,120.79,119.02,119.39,118.72,122.13,117.20,113.96,107.63,128.5646,0,124.6284,0,17169,40969,0.1653,0.6479,-0.4826,77.55
2024-08-21,120.45,122.37,120.45,121.66,119.24,122.00,117.38,114.13,107.85,128.5646,0,124.1076,0,13418,40600,0.2845,0.5752,-0.2907,78.37
2024-08-22,121.74,122.34,120.57,121.67,119.60,121.81,117.57,114.30,108.06,128.5646,0,123.6180,0,20338,40641,0.3754,0.5352,-0.1598,79.76
2024-08-23,122.11,124.20,122.11,123.97,120.19,121.57,117.80,114.47,108.29,128.5646,0,115.9485,1,54137,41027,0.6262,0.5534,0.0728,76.19
2024-08-26,124.95,126.49,123.63,123.73,120.88,121.33,118.01,114.64,108.52,128.5646,0,116.1135,1,13281,40757,0.7959,0.6019,0.1940,74.99
2024-08-27,123.04,124.17,121.39,122.74,121.29,120.98,118.25,114.82,108.74,128.5646,0,116.5287,1,17513,40703,0.8413,0.6498,0.1915,74.80
2024-08-28,121.93,123.54,121.93,123.03,121.81,120.67,118.47,115.01,108.96,128.5646,0,116.9273,1,26737,40819,0.8900,0.6978,0.1921,75.97
2024-08-29,123.90,124.60,122.20,123.30,122.07,120.48,118.68,115.19,109.18,128.5646,0,117.3099,1,32069,40844,0.9400,0.7463,0.1937,75.09
2024-08-30,124.22,124.82,122.37,124.82,122.50,120.52,118.94,115.38,109.42,128.5646,0,117.6773,1,32375,40845,1.0895,0.8149,0.2745,76.10
2024-09-03,124.34,125.03,121.48,121.87,122.62,120.67,119.12,115.54,109.62,128.5646,0,118.0299,1,24344,39592,0.9585,0.8436,0.1148,74.54
2024-09-04,121.85,122.82,120.49,121.98,122.88,120.80,119.30,115.70,109.82,128.5646,0,118.3685,1,29050,39528,0.8544,0.8458,0.0086,76.03
2024-09-05,122.51,122.58,119.65,120.77,122.79,121.02,119.52,115.86,110.02,128.5646,0,118.6935,1,20311,39363,0.6664,0.8099,-0.1435,74.14
2024-09-06,121.12,122.36,119.16,119.34,122.56,121.08,119.70,115.98,110.21,128.5646,0,119.0055,1,15853,39015,0.3977,0.7275,-0.3298,72.98
2024-09-09,119.31,119.74,118.02,118.82,122.04,121.12,119.87,116.11,110.40,126.9083,0,126.4933,0,30686,39216,0.1410,0.6102,-0.4692,72.43
2024-09-10,119.77,120.68,118.09,119.89,121.66,121.27,120.04,116.25,110.59,126.9083,0,126.3238,0,25434,38730,0.0231,0.4928,-0.4697,74.99
2024-09-11,119.02,120.08,116.33,120.06,121.39,121.34,120.25,116.40,110.79,126.5375,0,126.1576,0,18460,38610,-0.0554,0.3831,-0.4385,74.10
2024-09-12,120.18,122.34,119.67,122.11,121.30,121.56,120.49,116.54,110.99,126.5375,0,125.7646,0,29539,38601,0.0471,0.3159,-0.2688,75.50
2024-09-13,123.38,125.39,123.12,125.14,121.48,121.77,120.77,116.69,111.20,126.5375,0,116.3313,1,12645,38496,0.3688,0.3265,0.0423,75.58
2024-09-16,125.67,126.59,124.93,124.97,121.50,122.00,121.07,116.84,111.42,126.5375,0,116.5125,1,26182,38403,0.6026,0.3817,0.2208,75.08
2024-09-17,125.15,127.20,125.15,126.56,121.97,122.29,121.38,117.00,111.64,118.2125,1,116.9157,1,24048,38479,0.9061,0.4866,0.4195,77.10
2024-09-18,127.24,130.46,125.99,126.85,122.45,122.66,121.71,117.17,111.86,119.7160,1,117.5329,1,26241,38609,1.1563,0.6205,0.5358,76.91
2024-09-19,129.73,130.07,128.18,129.82,123.36,123.07,122.07,117.35,112.09,120.4972,1,118.5672,1,21226,38535,1.5764,0.8117,0.7647,78.35
2024-09-20,129.86,131.04,128.20,129.29,124.35,123.45,122.34,117.52,112.29,121.0032,1,119.5187,1,79148,38846,1.8452,1.0184,0.8268,79.93
2024-09-23,129.79,131.26,129.35,130.35,125.50,123.77,122.63,117.70,112.50,121.9584,1,120.6711,1,28104,38735,2.1195,1.2386,0.8809,81.40
2024-09-24,130.46,131.36,129.18,130.69,126.58,124.12,122.92,117.81,112.71,122.1057,1,121.9417,1,17055,38205,2.3370,1.4583,0.8787,81.68
2024-09-25,130.89,130.93,128.07,128.88,127.47,124.43,123.07,117.89,112.90,122.1057,1,123.2599,1,19868,37729,2.3363,1.6339,0.7024,80.05
2024-09-26,129.69,130.23,128.19,128.35,128.09,124.69,123.28,117.96,113.09,122.1057,1,124.3936,1,20048,37219,2.2675,1.7606,0.5068,78.33
2024-09-27,129.13,129.78,127.64,129.04,128.48,124.98,123.48,118.02,113.28,122.1057,1,125.3686,1,21663,36951,2.2427,1.8570,0.3856,78.79
2024-09-30,128.32,129.90,128.11,129.42,128.93,125.21,123.69,118.09,113.47,122.1057,1,126.2071,1,24932,36932,2.2275,1.9311,0.2964,78.05
2024-10-01,129.65,132.70,127.40,131.94,129.46,125.71,123.83,118.16,113.66,122.1057,1,126.9282,1,34261,34384,2.3914,2.0232,0.3682,82.23
2024-10-02,130.85,132.53,130.14,131.42,129.92,126.19,123.90,118.25,113.84,123.0325,1,127.3993,1,22234,31830,2.4509,2.1087,0.3422,82.19
2024-10-03,130.95,131.91,130.19,131.82,130.12,126.74,124.05,118.34,114.02,123.0600,1,127.3993,1,19411,31181,2.5018,2.1873,0.3144,83.43
2024-10-04,132.34,134.13,130.75,132.68,130.46,127.41,124.20,118.43,114.21,124.2359,1,128.2469,1,27137,30794,2.5815,2.2662,0.3153,82.00
2024-10-07,131.61,132.12,130.85,131.22,130.55,128.03,124.24,118.51,114.38,124.2359,1,129.3067,1,26332,30812,2.4982,2.3126,0.1857,81.35
2024-10-08,132.19,133.53,130.98,132.03,130.68,128.63,124.32,118.61,114.57,124.3531,1,130.1757,1,23638,30109,2.4689,2.3438,0.1251,82.35
2024-10-09,132.95,134.26,132.47,133.36,131.13,129.30,124.39,118.70,114.75,125.5808,1,130.8457,1,29050,29157,2.5239,2.3799,0.1441,81.00
2024-10-10,131.95,132.62,130.22,131.26,131.42,129.75,124.43,118.78,114.92,125.5808,1,134.2626,0,25020,28398,2.3709,2.3781,-0.0072,79.53
2024-10-11,131.35,134.51,131.35,134.17,131.93,130.21,124.57,118.87,115.11,125.5808,1,130.2155,1,34964,27918,2.4565,2.3938,0.0628,81.19
2024-10-14,134.10,136.06,133.96,136.03,132.59,130.76,124.81,118.99,115.30,127.0623,1,130.2155,1,25017,27300,2.6433,2.4437,0.1996,80.54
2024-10-15,135.89,138.84,135.88,136.53,133.05,131.26,125.16,119.11,115.50,129.3165,1,130.4494,1,29158,26952,2.7996,2.5148,0.2847,80.38
2024-10-16,137.26,139.89,136.72,138.95,133.80,131.86,125.56,119.24,115.72,130.0588,1,130.9530,1,30593,26484,3.0833,2.6285,0.4548,79.18
2024-10-17,138.93,140.10,138.27,139.03,134.52,132.32,126.01,119.37,115.93,131.2152,1,131.6675,1,35665,26620,3.2768,2.7582,0.5186,77.56
2024-10-18,138.77,140.15,137.81,138.87,135.14,132.80,126.42,119.50,116.16,131.2152,1,132.5110,1,34087,26750,3.3784,2.8822,0.4962,77.17
2024-10-21,139.30,139.43,137.14,137.42,135.76,133.15,126.81,119.62,116.38,131.2152,1,133.4278,1,42482,27107,3.3041,2.9666,0.3375,76.83
2024-10-22,136.37,136.98,134.73,135.98,136.16,133.42,127.19,119.71,116.58,131.2152,1,134.2345,1,27977,27260,3.0928,2.9918,0.1009,75.63
2024-10-23,135.89,136.87,134.90,136.06,136.43,133.78,127.54,119.82,116.78,131.2152,1,134.7253,1,25397,27249,2.8990,2.9733,-0.0743,76.09
2024-10-24,137.61,138.04,135.39,137.88,137.09,134.25,127.94,119.92,116.99,131.2152,1,134.7253,1,28564,27439,2.8587,2.9504,-0.0917,77.68
2024-10-25,137.31,137.93,132.63,134.10,137.08,134.51,128.21,120.00,117.17,131.2152,1,140.1510,0,44030,27777,2.4937,2.8590,-0.3653,74.86
2024-10-28,135.05,136.22,133.48,135.20,137.00,134.80,128.50,120.10,117.36,131.2152,1,140.0006,0,56568,28016,2.2665,2.7405,-0.4740,73.28
2024-10-29,134.00,138.23,129.91,137.86,137.13,135.09,128.85,120.21,117.56,131.2152,1,139.8531,0,66038,28590,2.2747,2.6474,-0.3726,76.53
2024-10-30,138.38,140.88,138.17,138.22,137.06,135.43,129.22,120.32,117.77,131.2152,1,129.9102,1,33562,28918,2.2843,2.5747,-0.2904,77.18
2024-10-31,137.40,139.15,137.04,137.41,136.90,135.71,129.54,120.42,117.98,131.2152,1,129.9102,1,25147,29152,2.2014,2.5001,-0.2987,78.54
2024-11-01,138.24,139.19,137.98,138.44,136.86,136.00,129.87,120.54,118.19,131.2152,1,130.1296,1,29580,29337,2.1931,2.4387,-0.2456,80.12
2024-11-04,138.37,141.43,137.94,140.89,137.20,136.48,130.21,120.69,118.41,131.2152,1,130.3446,1,42852,29112,2.3571,2.4224,-0.0653,83.14
2024-11-05,140.89,146.86,140.89,145.77,138.18,137.17,130.65,120.87,118.65,133.6882,1,130.7881,1,45996,29766,2.8484,2.5076,0.3408,84.53
2024-11-06,148.77,151.84,147.15,151.26,139.70,138.07,131.22,121.09,118.92,138.5095,1,131.7522,1,53057,30477,3.6384,2.7337,0.9046,80.17
2024-11-07,151.35,151.85,149.34,150.49,140.96,139.03,131.77,121.30,119.20,139.9559,1,133.3592,1,32990,30602,4.1543,3.0178,1.1364,80.32
2024-11-08,150.96,152.49,150.96,151.65,142.72,139.90,132.34,121.51,119.48,141.5487,1,135.2081,1,49399,30948,4.6040,3.3351,1.2689,81.02
2024-11-11,153.17,154.30,151.99,153.10,144.51,140.76,132.90,121.75,119.76,143.1889,1,137.2819,1,25246,30806,5.0196,3.6720,1.3476,79.35
2024-11-12,152.64,153.30,151.18,152.51,145.97,141.55,133.52,121.99,120.03,143.1889,1,139.6638,1,27467,30868,5.2408,3.9857,1.2550,80.68
2024-11-13,154.05,155.41,151.50,151.62,147.31,142.19,134.11,122.23,120.30,143.6506,1,141.7122,1,22190,30731,5.2835,4.2453,1.0382,81.49
2024-11-14,151.83,152.22,150.58,151.17,148.69,142.80,134.72,122.47,120.57,143.6506,1,143.9039,1,33997,31005,5.2206,4.4403,0.7802,81.84
2024-11-15,150.31,151.84,150.17,151.24,149.97,143.41,135.36,122.72,120.83,143.6506,1,145.7449,1,27330,31234,5.1173,4.5757,0.5415,82.77
2024-11-18,151.35,152.42,150.44,150.83,150.96,144.08,136.00,122.97,121.08,143.6506,1,147.2913,1,21753,31056,4.9457,4.6497,0.2960,81.26
2024-11-19,149.28,151.60,148.92,151.37,151.52,144.85,136.63,123.23,121.35,143.6506,1,148.5904,1,24286,31033,4.7983,4.6794,0.1189,81.03
2024-11-20,151.64,152.49,150.69,152.35,151.63,145.67,137.27,123.50,121.62,143.6506,1,148.9179,1,18606,31036,4.7060,4.6848,0.0213,81.96
2024-11-21,152.83,155.14,152.83,155.00,152.08,146.52,137.93,123.79,121.89,145.7446,1,148.9179,1,23454,30914,4.7910,4.7060,0.0850,82.27
2024-11-22,156.23,157.53,155.07,156.96,152.61,147.67,138.57,124.08,122.16,148.1266,1,149.9567,1,27903,31219,4.9597,4.7567,0.2029,81.42
2024-11-25,158.23,162.21,158.23,159.80,153.28,148.90,139.26,124.39,122.45,151.2866,1,151.3202,1,52783,31751,5.2619,4.8578,0.4042,82.54
2024-11-26,158.63,160.30,157.17,159.85,154.02,150.00,139.93,124.70,122.73,151.2866,1,153.4978,1,28773,31846,5.4427,4.9748,0.4680,82.15
2024-11-27,160.52,161.12,157.72,158.08,154.67,150.99,140.55,124.99,123.01,151.2866,1,155.2399,1,25299,31827,5.3815,5.0561,0.3254,81.26
2024-11-29,159.20,159.66,157.68,157.70,155.32,152.00,141.11,125.28,123.29,151.2866,1,156.6336,1,18061,31763,5.2414,5.0932,0.1483,80.53
2024-12-02,156.88,157.65,154.77,157.02,155.90,152.93,141.67,125.55,123.56,151.2866,1,162.2083,0,26147,30703,5.0177,5.0781,-0.0604,78.87
2024-12-03,157.64,157.86,155.77,157.03,156.52,153.74,142.20,125.85,123.83,151.2866,1,162.0596,0,28933,30720,4.7860,5.0197,-0.2337,79.76
2024-12-04,157.07,158.36,156.33,157.81,157.16,154.34,142.74,126.15,124.04,151.2866,1,161.9137,0,14698,30673,4.6121,4.9382,-0.3260,80.88
2024-12-05,157.97,157.97,156.29,156.79,157.60,154.62,143.30,126.45,124.24,151.2866,1,161.7708,0,16574,30607,4.3423,4.8190,-0.4767,79.95
2024-12-06,158.11,158.43,154.51,155.68,157.67,154.88,143.85,126.73,124.43,151.2866,1,161.6308,0,32692,30860,3.9924,4.6537,-0.6613,79.56
2024-12-09,155.77,156.86,153.92,154.14,157.39,155.00,144.35,126.99,124.60,151.2866,1,161.3461,0,24074,30908,3.5500,4.4329,-0.8829,78.75
2024-12-10,153.58,154.40,150.53,152.75,156.68,154.98,144.81,127.25,124.77,151.2866,1,160.9005,0,20342,30816,3.0520,4.1567,-1.1048,77.48
2024-12-11,154.45,155.08,153.36,154.99,156.20,155.11,145.28,127.52,124.94,151.2866,1,160.0706,0,24332,30618,2.8057,3.8865,-1.0809,78.98
2024-12-12,154.55,155.17,153.08,153.24,155.71,155.19,145.71,127.78,125.11,151.2866,1,159.3070,0,18187,30537,2.4414,3.5975,-1.1561,77.80
2024-12-13,153.29,154.74,151.21,151.60,155.10,155.21,146.11,128.02,125.28,151.2866,1,158.6046,0,43544,31019,1.9975,3.2775,-1.2800,77.46
2024-12-16,151.43,152.76,150.44,150.92,154.49,155.20,146.47,128.26,125.44,159.9853,0,157.9583,0,24718,30971,1.5727,2.9365,-1.3638,76.73
2024-12-17,149.95,150.12,147.86,148.60,153.65,155.08,146.82,128.48,125.59,157.4592,0,157.2062,0,36583,31176,1.0370,2.5566,-1.5197,76.69
2024-12-18,149.30,150.53,141.49,141.80,152.05,154.61,147.02,128.66,125.71,156.3392,0,156.0849,0,41046,31524,0.0631,2.0579,-1.9948,75.68
2024-12-19,142.18,144.53,139.55,139.97,150.37,153.99,147.15,128.85,125.81,152.8314,0,154.0414,0,35153,31646,-0.8470,1.4769,-2.3239,73.06
2024-12-20,140.19,141.98,138.58,140.98,148.90,153.28,147.34,129.04,125.92,151.0124,0,151.7235,0,68011,32506,-1.4701,0.8875,-2.3576,73.56
2024-12-23,140.32,141.52,139.54,141.24,147.61,152.50,147.48,129.23,126.03,150.7827,0,149.3572,0,21573,32238,-1.9203,0.3260,-2.2463,73.87
2024-12-24,141.11,142.90,141.11,142.79,146.61,151.65,147.62,129.43,126.15,150.7827,0,147.4169,0,6903,31876,-2.1276,-0.1648,-1.9628,73.91
2024-12-26,142.58,143.48,142.13,143.14,145.43,150.81,147.75,129.63,126.27,150.7827,0,145.8258,0,15842,31610,-2.2382,-0.5794,-1.6587,73.76
2024-12-27,142.07,143.23,140.75,141.73,144.28,150.00,147.81,129.82,126.38,150.7827,0,144.5212,0,12742,31253,-2.4111,-0.9458,-1.4653,72.52
2024-12-30,141.36,141.36,138.40,140.02,143.12,149.11,147.83,129.99,126.48,148.9969,0,143.4814,0,22195,30983,-2.6560,-1.2878,-1.3682,71.56
2024-12-31,140.76,141.47,139.15,139.45,141.97,148.23,147.84,130.16,126.58,148.9969,0,143.2347,0,18232,30666,-2.8633,-1.6029,-1.2604,70.56
2025-01-02,140.03,141.55,137.76,138.26,140.94,147.29,147.85,130.33,126.68,148.8004,0,142.2678,0,25644,30329,-3.0875,-1.8998,-1.1877,69.28
2025-01-03,138.66,142.12,137.15,140.19,140.78,146.41,147.94,130.51,126.77,148.8004,0,137.7587,1,25091,30272,-3.0745,-2.1348,-0.9398,70.26
2025-01-06,140.50,142.91,140.49,140.88,140.87,145.62,148.03,130.69,126.87,148.8004,0,137.1470,1,26500,30294,-2.9742,-2.3027,-0.6716,70.95
2025-01-07,140.85,142.38,138.01,139.10,140.68,144.79,148.06,130.86,126.96,148.8004,0,137.1470,1,22359,30170,-3.0034,-2.4428,-0.5606,70.68
2025-01-08,138.36,141.05,138.03,140.76,140.63,144.12,148.19,131.05,127.05,148.8004,0,137.3774,1,30001,29889,-2.8598,-2.5262,-0.3336,73.74
2025-01-10,138.96,139.85,138.32,139.15,140.27,143.44,148.27,131.22,127.14,148.6700,0,137.5987,1,17488,29107,-2.8430,-2.5896,-0.2535,74.09
2025-01-13,137.87,141.00,137.87,141.00,140.05,142.74,148.33,131.40,127.24,148.6700,0,137.8111,1,25752,28302,-2.6495,-2.6016,-0.0479,74.81
2025-01-14,141.87,143.92,141.87,143.90,140.27,142.27,148.45,131.62,127.35,148.6700,0,137.8672,1,24282,28116,-2.2371,-2.5287,0.2916,74.65
2025-01-15,146.79,147.22,145.96,146.03,140.87,141.99,148.62,131.85,127.47,148.6700,0,137.8672,1,27262,28158,-1.7184,-2.3666,0.6482,73.31
2025-01-16,146.20,147.53,145.72,146.13,141.54,141.76,148.77,132.07,127.60,148.6700,0,138.6155,1,28095,28129,-1.2846,-2.1502,0.8656,73.04
2025-01-17,147.48,148.27,146.53,146.70,142.38,141.66,148.89,132.30,127.74,148.6700,0,139.5066,1,21960,27711,-0.8845,-1.8971,1.0126,71.59
2025-01-21,148.29,149.99,148.29,149.06,143.27,142.02,148.96,132.54,127.89,140.1850,1,140.5579,1,26724,27325,-0.3728,-1.5922,1.2194,72.06
2025-01-22,148.51,149.82,148.16,149.23,144.10,142.49,148.92,132.79,128.04,140.4304,1,141.8788,1,30749,26879,0.0466,-1.2645,1.3110,73.90
2025-01-23,149.22,149.67,147.75,148.40,145.03,142.86,148.87,133.04,128.19,140.4355,1,143.0149,1,36171,26943,0.3077,-0.9500,1.2577,72.10
2025-01-24,148.40,149.16,147.78,148.20,145.78,143.20,148.80,133.28,128.34,140.6118,1,143.9919,1,19361,26342,0.4930,-0.6614,1.1544,70.68
2025-01-27,147.23,149.48,146.28,147.05,146.57,143.42,148.68,133.51,128.48,140.6118,1,144.8321,1,56203,26961,0.5412,-0.4209,0.9621,71.11
2025-01-28,146.84,148.17,146.83,147.66,147.23,143.64,148.59,133.74,128.64,140.6118,1,145.5547,1,19216,26796,0.6217,-0.2124,0.8341,71.74
2025-01-29,148.16,148.80,145.15,145.43,147.39,143.83,148.46,133.96,128.79,140.6118,1,149.9934,0,32028,26993,0.4990,-0.0701,0.5691,69.17
2025-01-30,146.72,150.55,146.18,150.12,147.80,144.33,148.44,134.23,128.96,140.6118,1,145.1488,1,44915,27211,0.7718,0.0983,0.6735,72.21
2025-01-31,150.20,151.17,147.94,149.00,148.08,144.81,148.40,134.49,129.14,140.7515,1,145.1488,1,33388,27333,0.8870,0.2560,0.6310,72.02
2025-02-03,145.69,148.12,143.95,147.48,148.16,145.27,148.33,134.73,129.31,140.7515,1,151.1675,0,35933,27616,0.8460,0.3740,0.4720,73.44
2025-02-04,147.54,149.09,147.22,147.54,148.01,145.64,148.25,134.97,129.48,140.7515,1,151.1675,0,23192,27594,0.8089,0.4610,0.3479,70.53
2025-02-05,148.73,150.87,148.08,150.43,148.13,146.12,148.21,135.25,129.68,140.7515,1,151.0233,0,37886,27980,1.0012,0.5690,0.4322,66.76
2025-02-06,151.57,151.96,150.10,151.11,148.40,146.72,148.14,135.52,129.87,142.2411,1,143.9550,1,31411,28139,1.1948,0.6942,0.5006,68.80
2025-02-07,150.88,151.62,148.22,149.00,148.48,147.13,147.98,135.77,130.06,142.2411,1,144.1150,1,25460,28090,1.1645,0.7883,0.3762,67.61
2025-02-10,149.98,150.15,148.68,149.46,148.72,147.65,147.77,136.03,130.23,142.2411,1,144.2719,1,22298,27480,1.1644,0.8635,0.3009,67.42
2025-02-11,149.13,150.90,149.00,150.40,148.99,148.11,147.58,136.30,130.42,142.2411,1,144.4256,1,24953,27404,1.2258,0.9360,0.2899,68.34
2025-02-12,147.34,150.65,146.02,149.24,149.38,148.38,147.40,136.56,130.60,142.2411,1,144.5762,1,52956,27957,1.1679,0.9823,0.1856,68.15
2025-02-13,150.62,151.16,149.14,150.99,149.46,148.63,147.27,136.82,130.78,142.2411,1,144.7238,1,23857,28073,1.2486,1.0356,0.2130,68.22
2025-02-14,151.51,152.56,151.16,151.82,149.75,148.91,147.17,137.06,130.96,143.7380,1,144.8685,1,32713,28204,1.3636,1.1012,0.2624,68.30
2025-02-18,151.69,153.98,150.88,152.13,150.21,149.19,147.07,137.30,131.15,144.1928,1,145.1761,1,60227,28830,1.4634,1.1736,0.2898,67.49
2025-02-19,150.80,151.49,149.38,150.22,150.48,149.25,146.92,137.53,131.35,144.1928,1,145.7043,1,26233,29061,1.3722,1.2134,0.1589,65.88
2025-02-20,149.48,149.65,147.02,147.35,150.17,149.15,146.73,137.70,131.52,144.1928,1,146.2008,1,40830,29546,1.0561,1.1819,-0.1258,64.27
2025-02-21,148.05,148.05,143.18,144.93,149.55,148.98,146.51,137.88,131.68,144.1928,1,153.9795,0,48151,29855,0.6035,1.0662,-0.4627,65.30
2025-02-24,144.70,145.71,142.74,143.78,149.03,148.76,146.31,138.04,131.82,153.2169,0,153.7635,0,56583,30505,0.1500,0.8830,-0.7330,63.92
2025-02-25,147.41,154.51,143.45,151.28,149.21,148.97,146.28,138.26,132.01,153.2169,0,142.7414,1,114729,32393,0.3912,0.7846,-0.3935,74.99
2025-02-26,152.55,153.52,149.77,150.20,149.19,149.09,146.18,138.43,132.19,153.2169,0,142.7414,1,49186,32890,0.4899,0.7257,-0.2358,72.73
2025-02-27,148.70,150.09,147.05,149.17,149.19,149.28,146.10,138.57,132.36,153.2169,0,142.9768,1,71165,33950,0.4797,0.6765,-0.1968,72.99
2025-02-28,149.88,151.63,149.37,151.61,149.25,149.36,146.10,138.75,132.54,153.2169,0,143.2075,1,39567,33870,0.6607,0.6733,-0.0126,74.45
2025-03-03,151.67,153.03,149.14,150.04,149.07,149.41,146.08,138.92,132.72,153.2169,0,143.4336,1,58304,34542,0.6699,0.6726,-0.0028,74.57
2025-03-04,148.02,149.73,145.77,147.20,148.58,149.39,146.05,139.04,132.88,153.2169,0,143.6552,1,35865,34528,0.4427,0.6267,-0.1839,73.76
2025-03-05,146.89,151.36,146.00,150.54,148.61,149.54,146.23,139.19,133.05,153.2169,0,143.8723,1,44139,34590,0.5258,0.6065,-0.0807,76.99
2025-03-06,149.19,150.19,145.66,147.14,148.59,149.38,146.37,139.30,133.23,153.2169,0,144.0851,1,49322,34873,0.3141,0.5480,-0.2339,75.64
2025-03-07,146.40,148.98,143.32,147.83,148.88,149.22,146.51,139.43,133.41,153.2169,0,154.5124,0,84554,35204,0.1992,0.4782,-0.2791,77.19
2025-03-10,145.87,148.86,141.02,142.37,148.74,148.89,146.53,139.53,133.56,153.2169,0,154.2885,0,80626,36385,-0.3285,0.3169,-0.6454,74.17
2025-03-11,142.04,142.81,137.43,139.89,147.60,148.41,146.47,139.63,133.69,153.2169,0,153.7578,0,63614,37519,-0.9362,0.0663,-1.0024,70.68
2025-03-12,140.52,141.42,136.93,138.62,146.44,147.82,146.38,139.77,133.82,152.9207,0,152.7784,0,94417,39091,-1.5025,-0.2475,-1.2550,70.14
2025-03-13,138.77,138.80,134.06,134.46,144.97,147.08,146.24,139.87,133.92,150.2232,0,151.5106,0,75562,40347,-2.2612,-0.6502,-1.6109,63.65
2025-03-14,136.52,138.98,135.48,138.65,143.67,146.46,146.21,140.01,134.04,150.2232,0,149.7658,0,77707,41457,-2.4954,-1.0192,-1.4761,67.03
2025-03-17,138.18,140.52,137.78,140.01,142.67,145.87,146.22,140.16,134.18,150.2232,0,148.1955,0,60160,42296,-2.5416,-1.3237,-1.2179,67.15
2025-03-18,139.04,140.40,137.75,139.86,141.94,145.26,146.25,140.31,134.31,150.2232,0,146.7823,0,43244,42648,-2.5615,-1.5713,-0.9902,68.07
2025-03-19,139.59,142.74,138.21,141.50,141.03,144.82,146.28,140.47,134.45,150.2232,0,145.5103,0,57577,43297,-2.4169,-1.7404,-0.6765,69.29
2025-03-20,139.79,141.62,138.94,139.47,140.26,144.43,146.25,140.61,134.58,150.2232,0,144.3656,0,36368,43495,-2.4378,-1.8799,-0.5579,66.76
2025-03-21,138.03,139.70,136.26,139.46,139.43,144.15,146.26,140.75,134.71,150.0851,0,143.3353,0,79233,44632,-2.4272,-1.9893,-0.4378,70.36
2025-03-24,141.85,144.65,141.81,144.39,139.63,144.18,146.33,140.91,134.87,150.0851,0,134.0630,1,57106,45174,-1.9976,-1.9910,-0.0066,73.86
2025-03-25,143.85,146.50,143.22,144.35,140.08,143.84,146.44,141.07,135.02,150.0851,0,134.2747,1,21770,45260,-1.6415,-1.9211,0.2796,74.17
2025-03-26,144.83,145.50,141.93,142.89,140.51,143.47,146.47,141.22,135.17,150.0851,0,134.7638,1,36104,45467,-1.4605,-1.8290,0.3685,73.40
2025-03-27,142.57,143.49,140.57,142.63,141.32,143.15,146.45,141.37,135.33,150.0851,0,135.2332,1,45560,45893,-1.3225,-1.7277,0.4052,71.96
2025-03-28,142.00,142.65,137.38,137.97,141.25,142.46,146.29,141.48,135.46,150.0851,0,135.6839,1,30506,45958,-1.5716,-1.6965,0.1248,68.91
2025-03-31,136.72,139.40,134.69,139.28,141.18,141.93,146.15,141.60,135.59,149.3728,0,146.5003,0,60071,46597,-1.6440,-1.6860,0.0420,70.03
2025-04-01,138.32,140.47,137.09,140.03,141.20,141.57,146.02,141.71,135.73,149.3728,0,146.2640,0,38214,46922,-1.6220,-1.6732,0.0512,70.37
2025-04-02,138.55,142.51,138.55,141.49,141.20,141.12,145.87,141.82,135.87,149.3728,0,146.0325,0,33817,47064,-1.4704,-1.6326,0.1623,71.56
2025-04-03,138.03,138.44,130.28,133.50,140.60,140.43,145.55,141.90,135.98,148.6002,0,145.8055,0,55443,47558,-1.9720,-1.7005,-0.2715,69.53
2025-04-04,127.65,131.84,124.87,129.11,139.57,139.50,145.17,141.94,136.07,143.7593,0,145.1844,0,49598,47826,-2.6928,-1.8990,-0.7938,71.29
2025-04-07,123.64,130.43,120.98,126.90,137.82,138.72,144.74,141.96,136.14,142.4095,0,143.9654,0,64445,48728,-3.4035,-2.1999,-1.2036,72.31
2025-04-08,129.72,131.55,123.41,124.67,135.85,137.96,144.29,141.96,136.20,142.4095,0,142.1268,0,107399,49752,-4.0989,-2.5797,-1.5193,70.89
2025-04-09,123.91,136.08,121.81,133.99,134.96,137.73,144.02,142.04,136.31,142.4095,0,140.4353,0,79841,50965,-3.8534,-2.8344,-1.0190,70.36
2025-04-10,131.51,132.42,127.58,131.03,133.80,137.56,143.73,142.10,136.40,142.4095,0,138.8791,0,37016,51064,-3.8537,-3.0383,-0.8154,70.39
2025-04-11,129.03,133.47,128.53,133.21,133.32,137.29,143.39,142.18,136.52,142.4095,0,137.4474,0,30505,50776,-3.6357,-3.1578,-0.4779,68.96
2025-04-14,134.61,135.03,131.56,133.50,132.74,136.96,143.08,142.28,136.63,142.4095,0,136.1302,0,30530,50719,-3.4006,-3.2063,-0.1943,67.06
2025-04-15,132.92,135.68,132.92,134.28,132.17,136.68,142.82,142.38,136.75,142.4095,0,120.9829,1,59231,51185,-3.1154,-3.1881,0.0728,67.48
2025-04-16,133.42,134.60,130.17,132.16,131.24,136.22,142.51,142.46,136.86,142.4095,0,121.2769,1,32524,51372,-3.0252,-3.1556,0.1304,66.44
2025-04-17,132.26,134.75,131.92,132.52,131.14,135.87,142.15,142.55,136.97,142.4095,0,121.5651,1,37089,51356,-2.8916,-3.1028,0.2111,66.65
2025-04-21,131.21,131.27,127.19,128.58,131.08,135.32,141.70,142.59,137.06,142.4095,0,121.8475,1,39639,51520,-3.0687,-3.0960,0.0272,63.55
2025-04-22,130.56,132.01,129.28,130.99,131.49,134.65,141.34,142.63,137.16,142.4095,0,122.1242,1,39429,51800,-2.9801,-3.0728,0.0927,63.48
2025-04-23,133.68,137.02,131.77,132.59,132.29,134.07,141.00,142.68,137.28,142.4095,0,122.3954,1,43814,52230,-2.7489,-3.0080,0.2591,63.82
2025-04-24,132.96,137.22,131.30,136.88,132.57,133.77,140.73,142.75,137.41,142.4095,0,122.9804,1,58910,52909,-2.1942,-2.8452,0.6511,68.21
2025-04-25,137.13,137.94,135.54,136.93,133.16,133.48,140.49,142.82,137.54,142.4095,0,123.8345,1,50788,52866,-1.7306,-2.6223,0.8917,67.96
2025-04-28,137.10,138.75,135.43,137.35,133.58,133.45,140.22,142.87,137.67,142.4095,0,124.9629,1,57860,53546,-1.3145,-2.3608,1.0462,68.91
2025-04-29,139.09,143.99,135.89,143.67,134.59,133.67,140.05,142.96,137.81,124.3362,1,126.3415,1,104790,54987,-0.4688,-1.9824,1.5135,73.61
2025-04-30,143.18,144.47,140.33,143.38,135.50,133.84,139.88,143.05,137.94,127.1157,1,128.4592,1,75265,55288,0.1754,-1.5508,1.7262,73.34
2025-05-01,144.42,147.06,144.42,145.15,136.80,134.02,139.78,143.14,138.09,130.8797,1,130.7012,1,62071,56005,0.8194,-1.0768,1.8961,75.21
2025-05-02,146.57,149.24,146.53,148.23,138.37,134.76,139.79,143.27,138.22,133.2787,1,133.3192,1,58353,56355,1.5606,-0.5493,2.1099,76.05
2025-05-05,146.68,150.15,146.68,148.42,140.36,135.72,139.86,143.41,138.38,134.2271,1,136.1848,1,63020,56653,2.1385,-0.0117,2.1503,76.70
2025-05-06,146.51,148.95,146.38,148.37,142.10,136.79,139.95,143.54,138.52,134.2271,1,138.9775,1,27763,56076,2.5630,0.5032,2.0598,77.35
2025-05-07,148.88,149.19,146.57,147.50,143.59,137.94,139.88,143.66,138.66,134.9086,1,141.2117,1,33284,54447,2.7970,0.9620,1.8350,76.09
2025-05-08,148.87,151.45,148.40,150.14,144.91,138.74,139.88,143.78,138.79,137.0650,1,142.9991,1,43722,54338,3.1593,1.4014,1.7579,78.38
2025-05-09,151.01,151.69,149.68,150.72,146.29,139.73,139.91,143.91,138.91,138.5055,1,144.6892,1,57170,54058,3.4530,1.8117,1.6412,77.39
2025-05-12,155.95,157.71,153.15,154.98,148.05,140.82,139.98,144.06,139.06,142.3753,1,146.0889,1,45771,54182,3.9835,2.2461,1.7374,79.68
2025-05-13,155.49,156.68,155.13,156.19,149.31,141.95,140.10,144.22,139.21,143.6404,1,148.4134,1,39554,53807,4.4503,2.6869,1.7633,79.38
2025-05-14,156.26,157.24,155.20,155.87,150.56,143.03,140.27,144.38,139.35,144.5744,1,150.2729,1,36894,53828,4.7399,3.0975,1.6424,79.42
2025-05-15,156.19,157.48,155.76,157.45,151.79,144.29,140.41,144.55,139.49,145.6231,1,151.7606,1,35553,53656,5.0393,3.4859,1.5534,79.39
2025-05-16,157.52,158.97,157.06,158.67,152.83,145.60,140.64,144.72,139.64,147.5412,1,152.9507,1,34210,53354,5.3136,3.8514,1.4622,80.23
2025-05-19,156.84,158.84,156.84,158.25,153.81,147.09,140.85,144.90,139.78,147.8147,1,154.1544,1,41945,52502,5.4340,4.1679,1.2661,80.42
2025-05-20,158.92,159.44,157.45,158.02,154.78,148.44,141.16,145.06,139.94,148.8291,1,155.1174,1,36414,51617,5.4482,4.4240,1.0242,79.46
2025-05-21,156.06,156.49,152.48,154.38,155.47,149.53,141.45,145.18,140.09,148.8291,1,159.4449,0,31213,50969,5.1072,4.5606,0.5466,79.12
2025-05-22,153.46,154.68,152.63,153.75,155.83,150.37,141.76,145.30,140.26,148.8291,1,159.4449,0,37649,49834,4.7313,4.5948,0.1365,75.92
2025-05-23,151.70,153.62,150.33,153.00,156.05,151.17,142.13,145.39,140.43,148.8291,1,159.3056,0,27164,48866,4.3228,4.5404,-0.2176,75.70
2025-05-27,154.60,156.43,152.46,156.43,156.20,152.13,142.48,145.51,140.63,148.8291,1,158.9466,0,30980,47932,4.2277,4.4778,-0.2502,76.21
2025-05-28,156.51,157.95,153.43,154.05,155.99,152.65,142.76,145.61,140.81,148.8291,1,158.6019,0,32715,47383,3.9145,4.3652,-0.4506,74.72
2025-05-29,154.76,154.90,152.96,154.53,155.85,153.20,143.06,145.72,140.99,148.8291,1,158.2711,0,24411,47006,3.6633,4.2248,-0.5615,74.23
2025-05-30,154.05,154.60,152.05,154.18,155.53,153.66,143.31,145.84,141.18,148.8291,1,157.9534,0,29227,46439,3.3971,4.0593,-0.6622,74.67
2025-06-02,153.95,153.95,150.71,152.63,154.92,153.88,143.57,145.95,141.35,148.8291,1,157.6485,0,35819,46428,3.0257,3.8525,-0.8269,71.43
2025-06-03,152.94,153.93,152.54,153.61,154.46,154.14,143.86,146.06,141.53,148.8291,1,157.3558,0,39259,45629,2.7785,3.6377,-0.8593,72.05
2025-06-04,153.99,155.07,153.13,154.06,154.06,154.42,144.05,146.19,141.70,148.8291,1,157.0748,0,31147,45109,2.5887,3.4279,-0.8392,72.89
2025-06-05,154.24,154.28,152.70,153.58,153.98,154.72,144.23,146.31,141.86,148.8291,1,156.8050,0,24199,45158,2.3726,3.2169,-0.8443,72.05
2025-06-06,154.77,154.90,152.37,153.36,153.94,154.88,144.44,146.42,142.02,148.8291,1,156.5460,0,25836,44953,2.1588,3.0052,-0.8464,71.71
2025-06-09,153.80,153.98,152.47,153.09,153.95,155.00,144.65,146.52,142.19,148.8291,1,156.2974,0,50887,45059,1.9454,2.7933,-0.8479,71.63
2025-06-10,153.59,154.55,152.36,152.99,153.61,154.90,144.95,146.62,142.35,148.8291,1,156.0587,0,41554,45280,1.7473,2.5841,-0.8368,72.20
2025-06-11,153.99,155.04,151.48,151.48,153.35,154.67,145.20,146.71,142.50,148.8291,1,155.8296,0,50870,45096,1.4521,2.3577,-0.9056,70.99
2025-06-12,150.36,153.40,149.73,152.67,153.16,154.51,145.45,146.79,142.64,148.8291,1,155.6096,0,35859,45049,1.2991,2.1460,-0.8469,72.89
2025-06-13,150.72,151.80,148.85,149.86,152.73,154.13,145.62,146.81,142.77,148.8291,1,155.2566,0,29422,44961,0.9408,1.9049,-0.9642,71.78
2025-06-16,151.19,152.16,150.04,150.24,152.49,153.71,145.95,146.81,142.91,148.8291,1,154.7444,0,38807,44628,0.6793,1.6598,-0.9805,70.62
2025-06-17,148.89,150.87,147.68,149.05,152.04,153.25,146.35,146.80,143.04,148.8291,1,154.2732,0,58465,44806,0.3719,1.4022,-1.0303,72.52
2025-06-18,149.27,150.97,148.67,149.92,151.63,152.84,146.81,146.78,143.17,148.8291,1,153.6134,0,63816,44793,0.1964,1.1611,-0.9647,73.09
2025-06-20,150.56,151.55,149.15,150.77,151.34,152.66,147.33,146.77,143.30,148.8291,1,153.0196,0,65042,43946,0.1238,0.9536,-0.8298,73.35
2025-06-23,150.83,155.02,150.07,154.87,151.49,152.72,147.75,146.79,143.47,148.8291,1,147.6752,1,37704,43103,0.3927,0.8414,-0.4487,76.06
2025-06-24,156.73,157.53,155.23,156.89,151.87,152.91,148.27,146.82,143.64,148.8291,1,147.8221,1,39701,43157,0.7601,0.8252,-0.0650,75.03
2025-06-25,157.38,157.93,155.54,157.93,152.37,152.99,148.76,146.87,143.83,148.8291,1,148.2105,1,54885,43645,1.1223,0.8846,0.2377,77.02
2025-06-26,158.66,159.50,157.14,159.09,153.13,153.24,149.27,146.92,144.03,149.7529,1,148.7936,1,58387,44202,1.4858,1.0048,0.4809,76.48
2025-06-27,159.76,167.75,159.33,161.60,154.02,153.59,149.82,146.99,144.24,153.2281,1,149.6505,1,97611,44969,1.9543,1.1947,0.7596,77.13
2025-06-30,161.90,161.90,159.12,160.93,155.13,153.93,150.40,147.05,144.45,153.2281,1,151.4601,1,52452,45368,2.2454,1.4049,0.8405,76.75
2025-07-01,160.70,165.97,160.06,164.06,156.51,154.50,151.03,147.13,144.67,153.2281,1,153.0888,1,55244,45731,2.6976,1.6634,1.0342,79.07
2025-07-02,163.66,165.32,162.85,164.54,158.06,155.05,151.75,147.19,144.88,153.5580,1,154.5546,1,34910,45636,3.0591,1.9425,1.1166,76.33
2025-07-03,164.64,166.36,164.17,166.19,159.69,155.66,152.45,147.26,145.08,155.1330,1,155.8739,1,50023,45848,3.4394,2.2419,1.1975,76.29
2025-07-07,165.88,166.50,164.28,165.70,161.18,156.26,153.11,147.30,145.29,155.6043,1,157.0612,1,35072,45673,3.6587,2.5253,1.1334,75.88
2025-07-08,165.31,167.12,164.49,165.15,162.21,156.85,153.68,147.33,145.48,156.2083,1,158.1298,1,60679,45709,3.7453,2.7693,0.9761,74.74
2025-07-09,166.13,167.45,164.54,166.57,163.18,157.52,154.27,147.39,145.68,156.4824,1,159.0915,1,56778,45829,3.8836,2.9921,0.8914,74.25
2025-07-10,166.74,169.27,166.02,168.03,164.19,158.28,154.88,147.46,145.87,158.1131,1,159.9571,1,40045,45472,4.0645,3.2066,0.8579,72.73
2025-07-11,166.78,167.39,165.61,166.50,164.93,159.03,155.34,147.52,146.06,158.1131,1,161.0749,1,30251,43981,4.0375,3.3728,0.6647,73.03
2025-07-14,166.24,166.93,165.22,166.39,165.41,159.71,155.80,147.58,146.24,158.1131,1,162.0587,1,34698,43170,3.9617,3.4906,0.4711,72.52
2025-07-15,167.75,167.75,162.56,162.59,165.57,160.35,156.15,147.61,146.40,158.1131,1,169.2727,0,28768,42504,3.5536,3.5032,0.0504,70.47
2025-07-16,162.72,163.69,160.51,162.99,165.46,160.99,156.44,147.66,146.57,158.1131,1,169.1384,0,44881,42235,3.2258,3.4477,-0.2219,70.28
2025-07-17,163.23,166.10,163.23,165.29,165.54,161.80,156.78,147.72,146.75,158.1131,1,168.7934,0,53372,42042,3.1155,3.3813,-0.2657,70.77
2025-07-18,165.34,165.86,162.72,163.74,165.30,162.49,157.09,147.78,146.92,158.1131,1,168.4623,0,43452,42355,2.8704,3.2791,-0.4087,70.24
2025-07-21,164.34,165.06,162.47,162.47,164.97,163.08,157.39,147.85,147.09,158.1131,1,168.1444,0,35520,42400,2.5436,3.1320,-0.5884,70.36
2025-07-22,163.30,165.39,162.82,163.88,164.85,163.53,157.66,147.91,147.25,158.1131,1,167.8392,0,57301,42672,2.3717,2.9799,-0.6083,70.21
2025-07-23,165.16,167.55,164.19,165.94,164.78,163.98,157.97,147.99,147.42,158.1131,1,160.5148,1,42981,42388,2.3743,2.8588,-0.4845,70.21
2025-07-24,165.77,167.26,164.90,166.09,164.59,164.39,158.19,148.09,147.59,158.1131,1,160.6555,1,64847,42769,2.3612,2.7593,-0.3981,72.29
2025-07-25,167.25,167.85,166.33,166.97,164.64,164.78,158.41,148.20,147.76,158.2618,1,160.7934,1,43197,42842,2.3943,2.6863,-0.2920,72.33
2025-07-28,167.42,167.93,166.46,167.25,164.72,165.06,158.63,148.32,147.95,158.8086,1,161.0755,1,90437,43913,2.4151,2.6320,-0.2170,70.93
2025-07-29,171.39,182.98,171.39,182.94,166.76,166.16,159.14,148.59,148.20,164.9235,1,161.4865,1,282511,48852,3.6557,2.8368,0.8189,82.21
2025-07-30,182.24,189.26,181.91,188.22,169.28,167.37,159.73,148.92,148.47,172.3439,1,163.2063,1,167372,51516,5.0065,3.2707,1.7358,84.49
2025-07-31,187.49,189.96,184.68,186.42,171.39,168.47,160.30,149.22,148.75,173.8176,1,165.8112,1,117230,53021,5.8647,3.7895,2.0752,84.64
2025-08-01,185.52,186.94,183.33,186.77,173.70,169.50,160.87,149.52,149.01,173.8176,1,168.7089,1,97107,54235,6.4979,4.3312,2.1667,85.93
2025-08-04,187.47,189.18,186.39,187.82,176.23,170.60,161.54,149.82,149.27,175.0396,1,171.2589,1,75282,55117,7.0037,4.8657,2.1380,84.23
2025-08-05,188.71,189.20,186.16,188.99,178.74,171.79,162.25,150.13,149.53,175.3005,1,173.5029,1,78956,55943,7.4135,5.3753,2.0382,84.80
2025-08-06,189.43,189.54,186.04,189.10,181.06,172.92,162.97,150.44,149.78,175.5953,1,175.4776,1,60792,56615,7.6587,5.8320,1.8268,84.65
2025-08-07,189.20,190.52,186.28,186.43,183.09,173.84,163.57,150.75,150.02,176.1517,1,177.2153,1,61584,57227,7.5505,6.1757,1.3748,83.93
2025-08-08,188.29,188.62,186.15,186.83,185.08,174.86,164.22,151.07,150.26,176.1517,1,179.0785,1,73994,58053,7.4121,6.4230,0.9891,83.62
2025-08-11,186.71,188.13,185.42,188.13,187.16,175.94,164.90,151.40,150.52,176.1517,1,180.6808,1,97260,59510,7.3229,6.6029,0.7200,83.78
2025-08-12,188.73,192.85,188.09,192.64,188.13,177.45,165.67,151.75,150.80,178.7822,1,182.0589,1,113702,61199,7.5289,6.7881,0.7408,83.89
2025-08-13,194.56,195.53,192.96,194.77,188.79,179.03,166.51,152.11,151.09,182.8604,1,183.7848,1,91349,62310,7.7748,6.9855,0.7893,83.81
2025-08-14,192.77,194.50,190.69,192.67,189.41,180.40,167.29,152.47,151.37,182.8604,1,185.8980,1,60927,62743,7.7109,7.1306,0.5804,83.70
2025-08-15,192.42,192.67,190.26,192.64,190.00,181.85,168.06,152.81,151.66,182.8604,1,187.6309,1,78137,63683,7.5707,7.2186,0.3521,83.43
2025-08-18,192.62,193.17,190.54,192.37,190.46,183.34,168.84,153.17,151.94,182.8604,1,189.0518,1,79231,64784,7.3532,7.2455,0.1077,83.06
2025-08-19,192.52,194.88,192.20,193.77,190.93,184.84,169.64,153.52,152.22,183.0793,1,190.2170,1,45068,65168,7.2105,7.2385,-0.0280,83.40
2025-08-20,192.78,194.56,190.91,192.41,191.27,186.16,170.43,153.84,152.49,183.0793,1,190.5436,1,55475,65260,6.9082,7.1724,-0.2643,83.21
2025-08-21,191.15,193.58,190.62,192.05,191.83,187.46,171.21,154.15,152.77,183.0793,1,195.5250,0,54888,65527,6.5641,7.0508,-0.4867,82.75
2025-08-22,192.75,197.01,192.47,195.72,192.72,188.90,172.10,154.48,153.05,183.9407,1,190.6230,1,59093,65691,6.5126,6.9431,-0.4306,81.76
2025-08-25,195.55,195.69,194.39,194.74,193.38,190.27,172.94,154.80,153.32,184.9245,1,190.6230,1,55244,66079,6.3196,6.8184,-0.4988,81.54
2025-08-26,194.10,197.11,194.10,196.04,193.72,190.93,173.86,155.11,153.58,185.5921,1,190.7508,1,38030,66251,6.2001,6.6948,-0.4946,81.73
2025-08-27,195.59,196.97,195.59,196.15,193.86,191.32,174.78,155.43,153.80,186.8593,1,191.0053,1,68097,66837,6.0446,6.5647,-0.5202,81.65
2025-08-28,196.47,196.72,194.40,196.05,194.19,191.80,175.72,155.75,154.03,186.8593,1,191.2496,1,76223,67192,5.8459,6.4210,-0.5751,81.73
2025-08-29,196.43,196.43,192.31,194.26,194.36,192.18,176.61,156.05,154.24,186.8593,1,191.4841,1,103327,67982,5.4811,6.2330,-0.7519,81.54
2025-09-02,192.01,193.59,191.31,193.27,194.45,192.45,177.46,156.36,154.44,186.8593,1,197.1127,0,78921,68260,5.0537,5.9971,-0.9434,81.60
2025-09-03,192.31,194.40,191.51,193.11,194.38,192.66,178.22,156.66,154.64,186.8593,1,196.9966,0,51163,68529,4.6486,5.7274,-1.0788,82.16
2025-09-04,194.39,195.81,193.61,195.65,194.71,192.99,179.00,157.00,154.86,186.8593,1,196.8828,0,66565,69066,4.4808,5.4781,-0.9973,82.85
2025-09-05,196.80,198.19,194.63,196.90,195.19,193.51,179.78,157.31,155.09,187.0359,1,191.3077,1,59370,69156,4.3981,5.2621,-0.8640,83.30
2025-09-08,196.35,197.36,194.87,195.49,195.17,193.94,180.50,157.62,155.31,187.0359,1,191.4454,1,124997,70488,4.1700,5.0437,-0.8737,82.01
2025-09-09,195.16,195.16,190.66,192.71,194.96,194.17,181.13,157.92,155.52,187.0359,1,198.1943,0,90924,70355,3.7221,4.7794,-1.0573,81.67
2025-09-10,192.94,195.30,192.94,194.20,194.78,194.25,181.79,158.23,155.74,187.0359,1,198.0437,0,43719,70180,3.4475,4.5130,-1.0655,82.01
2025-09-11,195.40,198.03,194.27,197.60,194.92,194.39,182.46,158.55,155.96,187.0359,1,190.6627,1,90226,70880,3.4645,4.3033,-0.8387,82.13
2025-09-12,199.17,199.30,194.74,195.01,194.82,194.51,183.07,158.84,156.16,187.0359,1,190.8099,1,50741,71196,3.2318,4.0890,-0.8572,82.63
2025-09-15,195.35,196.48,194.34,195.09,194.90,194.63,183.65,159.15,156.35,187.0359,1,191.1494,1,41738,71030,3.0190,3.8750,-0.8560,81.93
2025-09-16,194.86,195.44,192.86,193.55,194.93,194.69,184.21,159.44,156.52,187.0359,1,191.4752,1,53132,71392,2.6952,3.6390,-0.9439,81.70
2025-09-17,194.24,195.99,190.96,192.44,194.86,194.62,184.75,159.72,156.69,187.0359,1,199.2958,0,56240,71303,2.3221,3.3756,-1.0536,80.30
2025-09-18,192.12,196.33,192.11,195.90,194.89,194.80,185.34,160.03,156.88,187.0359,1,199.1291,0,59601,71359,2.2796,3.1564,-0.8768,78.79
2025-09-19,196.15,196.64,193.55,195.06,194.70,194.95,185.88,160.33,157.06,187.0359,1,198.9657,0,126945,73097,2.1530,2.9558,-0.8027,79.17
2025-09-22,194.25,195.34,192.79,194.58,194.61,194.89,186.44,160.61,157.25,187.0359,1,198.8056,0,40983,73312,1.9913,2.7629,-0.7715,77.97
2025-09-23,194.49,195.69,192.03,193.40,194.68,194.82,186.98,160.89,157.43,187.0359,1,198.6487,0,41670,73451,1.7478,2.5598,-0.8121,77.97
2025-09-24,192.62,194.27,190.62,191.49,194.41,194.60,187.56,161.16,157.60,187.0359,1,198.4949,0,34928,73575,1.3842,2.3247,-0.9405,77.02
2025-09-25,191.05,192.88,190.04,190.69,193.72,194.32,188.11,161.45,157.77,187.0359,1,198.1801,0,34322,73363,1.0203,2.0638,-1.0435,77.36
2025-09-26,191.94,193.89,191.45,192.49,193.47,194.14,188.66,161.77,157.95,187.0359,1,197.6915,0,33811,72972,0.8668,1.8244,-0.9576,76.27
2025-09-29,194.24,194.24,191.11,192.24,193.18,194.04,189.23,162.09,158.14,187.0359,1,197.2323,0,46321,73030,0.7169,1.6029,-0.8860,76.31
2025-09-30,192.21,194.82,192.20,194.50,193.28,194.11,189.87,162.38,158.35,187.0359,1,196.8006,0,39829,73116,0.7718,1.4367,-0.6649,77.46
2025-10-01,193.55,195.35,193.11,194.51,193.49,194.17,190.48,162.67,158.55,187.0359,1,196.3948,0,41145,72793,0.8068,1.3107,-0.5039,75.60
2025-10-02,194.32,196.37,193.59,194.65,193.36,194.12,191.06,162.98,158.76,187.0359,1,190.0375,1,67146,73276,0.8361,1.2158,-0.3797,75.83
2025-10-03,194.72,196.49,193.96,195.26,193.38,194.04,191.64,163.27,158.98,187.0359,1,190.1641,1,84946,73678,0.8978,1.1522,-0.2544,75.53
2025-10-06,197.00,198.57,194.74,198.38,193.76,194.19,192.27,163.59,159.21,187.2964,1,190.4171,1,81927,74452,1.1852,1.1588,0.0264,76.89
2025-10-07,198.58,200.17,193.88,195.53,193.98,194.33,192.83,163.91,159.45,187.2964,1,190.9063,1,56750,73779,1.1698,1.1610,0.0088,76.63
2025-10-08,195.99,197.63,193.75,196.78,194.50,194.46,193.11,164.22,159.72,187.2964,1,191.6474,1,51181,69152,1.2433,1.1774,0.0658,76.14
2025-10-09,197.05,197.05,193.18,193.18,194.75,194.24,193.21,164.53,159.99,187.2964,1,192.3291,1,44699,66699,1.0001,1.1420,-0.1419,76.03
2025-10-10,194.03,196.06,191.92,192.12,194.72,194.09,193.32,164.82,160.24,187.2964,1,200.1690,0,55798,65470,0.7135,1.0563,-0.3428,78.33
2025-10-13,193.44,196.54,193.37,194.34,194.93,194.06,193.47,165.17,160.51,187.2964,1,200.0041,0,36898,64266,0.6582,0.9767,-0.3185,77.47
2025-10-14,193.75,199.21,193.56,197.31,195.21,194.24,193.66,165.55,160.78,187.2964,1,199.8425,0,63589,64032,0.8440,0.9501,-0.1061,78.81
2025-10-15,197.60,200.52,197.60,199.82,195.74,194.61,193.88,165.96,161.07,187.6647,1,191.9229,1,64136,63736,1.1802,0.9962,0.1841,78.97
2025-10-16,200.23,200.23,195.25,196.57,195.93,194.65,194.03,166.37,161.34,187.6647,1,192.0948,1,41955,63359,1.1706,1.0310,0.1395,78.29
2025-10-17,196.62,197.89,195.68,197.69,196.17,194.78,194.26,166.77,161.63,187.6647,1,192.2632,1,41358,62954,1.2391,1.0727,0.1665,79.57
2025-10-20,199.72,200.20,197.48,199.67,196.30,195.03,194.51,167.17,161.93,187.9130,1,192.4283,1,32779,62130,1.4370,1.1455,0.2915,77.91
2025-10-21,199.35,204.39,198.85,202.14,196.96,195.47,194.79,167.58,162.25,190.1229,1,192.5901,1,47016,61125,1.7728,1.2710,0.5018,78.59
2025-10-22,202.46,203.31,199.47,199.71,197.26,195.88,194.93,167.97,162.55,190.1229,1,193.0619,1,30028,59452,1.8217,1.3811,0.4406,78.06
2025-10-23,199.69,202.16,198.57,201.53,198.09,196.42,195.07,168.38,162.85,190.1229,1,193.5149,1,49168,58608,1.9842,1.5017,0.4824,73.46
2025-10-24,202.86,204.02,201.52,201.76,199.05,196.89,195.25,168.80,163.16,191.7359,1,193.9497,1,34036,58070,2.1070,1.6228,0.4842,71.31
2025-10-27,201.89,204.50,200.80,201.08,199.73,197.33,195.42,169.18,163.47,191.7359,1,194.3672,1,78037,58068,2.1254,1.7233,0.4021,70.52
2025-10-28,196.52,200.92,187.28,192.10,199.21,197.21,195.41,169.49,163.73,191.7359,1,204.4955,0,163022,59744,1.3993,1.6585,-0.2592,64.15
2025-10-29,192.08,194.42,188.97,190.51,198.28,197.01,195.35,169.81,163.98,204.7379,0,204.4955,0,84898,60541,0.6877,1.4644,-0.7766,65.28
2025-10-30,190.30,192.91,188.34,189.71,197.59,196.76,195.30,170.13,164.21,204.7379,0,204.1512,0,84712,61125,0.0583,1.1831,-1.1249,65.24
2025-10-31,189.04,189.91,188.51,188.97,196.72,196.45,195.23,170.47,164.42,202.4476,0,203.8137,0,57815,61184,-0.4949,0.8475,-1.3424,64.37
2025-11-03,188.38,191.14,187.21,191.10,195.86,196.08,195.14,170.81,164.65,202.2678,0,203.4830,0,108191,62166,-0.7525,0.5275,-1.2800,66.48
2025-11-04,191.13,191.13,187.62,188.51,194.50,195.73,195.02,171.13,164.86,202.2108,0,202.8321,0,62006,62301,-1.1523,0.1916,-1.3439,65.50
2025-11-05,188.04,190.82,187.65,190.06,193.53,195.39,194.90,171.46,165.06,201.7407,0,202.2072,0,56463,62670,-1.3289,-0.1125,-1.2164,65.09
2025-11-06,189.79,190.39,185.88,185.97,191.98,195.03,194.69,171.81,165.24,200.7480,0,201.6073,0,51746,62343,-1.7782,-0.4457,-1.3325,63.50
2025-11-07,184.80,188.15,184.09,187.59,190.56,194.81,194.52,172.20,165.44,198.6857,0,200.6637,0,69426,62207,-1.9806,-0.7526,-1.2280,64.37
2025-11-10,188.63,189.34,186.81,187.14,189.17,194.45,194.38,172.60,165.63,198.6857,0,199.3380,0,60846,61357,-2.1524,-1.0326,-1.1198,62.45
2025-11-11,187.69,189.35,185.92,187.59,188.72,193.96,194.27,173.02,165.84,198.6857,0,198.1183,0,45328,60685,-2.2267,-1.2714,-0.9553,61.54
2025-11-12,187.69,190.25,187.25,187.39,188.40,193.34,194.15,173.38,166.04,198.6857,0,196.9962,0,91484,61492,-2.2754,-1.4722,-0.8032,59.49
2025-11-13,187.08,188.32,182.94,183.49,187.78,192.69,193.91,173.73,166.23,197.6813,0,195.9639,0,49486,61150,-2.5993,-1.6976,-0.9017,58.75
2025-11-14,183.17,183.58,180.84,181.58,187.04,191.88,193.60,174.05,166.38,193.8764,0,194.6614,0,58670,61136,-2.9757,-1.9532,-1.0224,57.86
2025-11-17,181.91,182.38,177.96,178.80,185.81,190.84,193.27,174.35,166.53,191.9989,0,193.0030,0,56155,59759,-3.4579,-2.2542,-1.2037,57.82
2025-11-18,178.47,181.53,176.90,178.83,184.84,189.67,192.99,174.65,166.69,191.2484,0,190.8967,0,68128,59303,-3.7939,-2.5621,-1.2318,57.98
2025-11-19,179.66,181.13,179.01,179.10,183.75,188.64,192.69,174.96,166.85,191.2484,0,188.6580,0,50952,59448,-3.9926,-2.8482,-1.1444,58.39
2025-11-20,180.30,183.02,178.77,179.35,183.09,187.53,192.33,175.27,166.99,191.2484,0,186.7775,0,42435,58492,-4.0829,-3.0951,-0.9877,59.75
2025-11-21,180.83,184.84,179.75,181.83,182.51,186.54,192.06,175.63,167.15,191.2484,0,185.1979,0,81688,59111,-3.9096,-3.2580,-0.6516,59.48
2025-11-24,181.86,184.77,181.86,184.21,182.22,185.69,191.84,175.98,167.32,191.2484,0,184.8375,0,57483,59426,-3.5390,-3.3142,-0.2248,61.03
2025-11-25,185.31,189.72,183.62,188.68,182.33,185.52,191.75,176.36,167.52,191.2484,0,176.9048,1,55785,59479,-2.8515,-3.2217,0.3702,62.69
2025-11-26,188.09,192.51,188.09,189.67,182.55,185.48,191.69,176.71,167.71,191.2484,0,177.1611,1,75538,59865,-2.2018,-3.0177,0.8159,63.03
2025-11-28,189.81,191.28,188.38,188.61,183.07,185.42,191.55,177.05,167.91,191.2484,0,177.7751,1,24685,59167,-1.7518,-2.7645,1.0127,61.97
2025-12-01,186.82,190.97,186.23,188.08,183.72,185.38,191.41,177.39,168.10,191.2484,0,178.3646,1,57706,57782,-1.4220,-2.4960,1.0740,63.72
2025-12-02,188.69,189.87,186.54,187.17,184.55,185.18,191.26,177.68,168.27,191.2484,0,178.9305,1,46790,57898,-1.2197,-2.2408,1.0211,63.17
2025-12-03,188.06,189.22,184.81,186.73,185.34,185.09,191.12,177.97,168.45,191.2484,0,179.4737,1,66420,58393,-1.0829,-2.0092,0.9263,61.62
2025-12-04,186.23,186.59,183.72,183.88,185.82,184.79,190.97,178.23,168.61,191.2484,0,179.9953,1,48354,58662,-1.1902,-1.8454,0.6552,59.33
2025-12-05,184.02,185.13,181.97,182.78,186.16,184.63,190.81,178.46,168.79,191.2484,0,180.4959,1,51594,59007,-1.3487,-1.7460,0.3973,58.69
2025-12-08,183.02,183.60,181.27,183.13,186.29,184.40,190.63,178.69,168.98,191.2484,0,180.9766,1,62911,59589,-1.4298,-1.6828,0.2530,60.46
2025-12-09,182.54,184.19,180.61,181.00,185.97,184.10,190.40,178.91,169.17,191.2484,0,192.5118,0,44373,59550,-1.6467,-1.6756,0.0289,58.01
2025-12-10,181.54,185.11,181.34,183.32,185.44,183.88,190.18,179.15,169.33,191.2484,0,192.2738,0,60745,59969,-1.6131,-1.6631,0.0500,56.35
2025-12-11,185.01,186.63,183.95,186.42,185.11,183.83,190.02,179.39,169.51,191.2484,0,192.0406,0,50033,60146,-1.3210,-1.5947,0.2736,58.12
2025-12-12,187.46,187.46,183.19,185.21,184.77,183.92,189.83,179.62,169.69,191.2484,0,191.8120,0,78790,60379,-1.1739,-1.5105,0.3367,58.12
2025-12-15,185.97,185.97,182.78,183.70,184.33,184.03,189.60,179.81,169.85,191.2484,0,191.5880,0,45258,59585,-1.1649,-1.4414,0.2765,56.39
2025-12-16,184.01,184.01,182.15,183.57,183.97,184.26,189.30,179.99,170.02,191.2484,0,191.3685,0,61436,59176,-1.1557,-1.3843,0.2285,57.50
2025-12-17,182.82,185.07,181.94,183.51,183.65,184.50,189.06,180.18,170.20,191.2484,0,191.1534,0,55454,59150,-1.1401,-1.3354,0.1953,58.14
2025-12-18,185.64,188.44,184.13,184.88,183.75,184.79,188.82,180.36,170.37,191.2484,0,190.9426,0,72904,59584,-1.0055,-1.2694,0.2640,59.00
2025-12-19,183.58,185.87,183.58,185.11,183.98,185.07,188.66,180.53,170.56,191.2484,0,190.7360,0,118374,61058,-0.8703,-1.1896,0.3193,59.38
2025-12-22,185.91,190.11,185.91,188.11,184.48,185.39,188.58,180.73,170.76,191.2484,0,190.5335,0,89846,61739,-0.5150,-1.0547,0.5397,60.36
2025-12-23,187.32,190.62,186.99,189.43,185.32,185.65,188.48,180.94,171.00,191.2484,0,180.6127,1,45163,61904,-0.1253,-0.8688,0.7435,61.83
2025-12-24,190.00,190.42,188.90,190.24,186.02,185.73,188.34,181.18,171.25,191.2484,0,180.8129,1,17663,60985,0.2457,-0.6459,0.8916,61.98
2025-12-26,190.02,191.38,189.02,191.11,186.48,185.80,188.17,181.43,171.51,191.2484,0,181.0091,1,40469,60512,0.6034,-0.3960,0.9994,61.56
2025-12-29,191.27,191.27,189.42,191.01,187.07,185.92,188.05,181.68,171.79,191.2484,0,181.4239,1,59240,60858,0.8688,-0.1431,1.0119,62.96
2025-12-30,190.29,191.64,190.29,191.16,187.81,186.07,187.92,181.92,172.06,191.2484,0,181.8221,1,63247,61296,1.0787,0.1013,0.9774,62.24
2025-12-31,191.27,191.27,188.39,189.97,188.45,186.21,187.73,182.16,172.31,191.2484,0,182.4110,1,99124,62622,1.1357,0.3082,0.8276,62.99
2026-01-02,189.79,195.74,187.96,195.68,189.67,186.66,187.60,182.43,172.59,181.9860,1,182.9645,1,83799,63358,1.6235,0.5712,1.0522,65.57
2026-01-05,194.64,202.09,194.64,199.81,191.16,187.46,187.60,182.73,172.88,186.7817,1,183.9868,1,114269,65043,2.3161,0.9202,1.3959,66.13
2026-01-06,198.70,198.70,188.31,194.22,192.07,188.03,187.46,183.01,173.15,186.7817,1,185.7976,1,200851,68077,2.3868,1.2135,1.1733,60.90
2026-01-07,194.28,197.50,187.91,188.27,192.09,188.28,187.19,183.24,173.40,186.7817,1,187.4273,1,72820,68852,1.9400,1.3588,0.5811,57.34
2026-01-08,188.27,194.64,187.88,194.57,192.60,188.96,187.06,183.51,173.65,186.7817,1,202.0946,0,65902,68610,2.0705,1.5012,0.5694,60.05
2026-01-09,196.27,199.89,195.83,199.32,193.51,189.76,187.20,183.82,173.92,186.7817,1,201.8103,0,55541,66460,2.5282,1.7066,0.8217,64.77
2026-01-12,199.08,200.72,191.98,197.23,194.12,190.30,187.34,184.11,174.19,186.7817,1,201.5317,0,117736,67117,2.6915,1.9036,0.7880,63.56
2026-01-13,197.21,199.24,195.92,198.15,194.84,190.95,187.50,184.41,174.47,186.7817,1,201.2586,0,47720,66377,2.8618,2.0952,0.7666,63.39
2026-01-14,197.32,199.05,193.87,194.60,195.18,191.50,187.62,184.69,174.75,186.7817,1,200.9910,0,65462,66530,2.6794,2.2120,0.4674,59.93
2026-01-15,196.28,198.25,195.07,195.33,195.72,192.08,187.70,184.98,175.03,186.7817,1,200.7288,0,63194,65630,2.5647,2.2826,0.2821,57.80
2026-01-16,196.33,197.32,194.43,194.96,195.65,192.66,187.83,185.26,175.31,186.7817,1,200.4718,0,75408,65898,2.4154,2.3091,0.1063,56.80
2026-01-20,192.86,194.35,186.66,187.08,194.37,192.77,187.77,185.51,175.54,186.7817,1,200.2200,0,167874,68126,1.6429,2.1759,-0.5330,51.16
2026-01-21,188.44,191.54,186.29,188.87,193.84,192.96,187.83,185.77,175.81,186.7817,1,199.6774,0,163647,70364,1.1617,1.9731,-0.8113,45.83
2026-01-22,191.27,191.27,185.42,187.92,193.80,192.95,187.84,186.03,176.11,186.7817,1,198.8741,0,74973,70475,0.6953,1.7175,-1.0222,41.57
2026-01-23,186.92,188.84,184.24,186.17,192.96,192.78,187.82,186.27,176.40,202.3858,0,197.7981,0,57944,70417,0.1824,1.4105,-1.2281,41.34
2026-01-26,185.84,188.17,184.27,186.24,191.66,192.58,187.79,186.50,176.71,201.6474,0,196.4424,0,49292,70496,-0.2159,1.0852,-1.3012,41.53
2026-01-27,186.37,186.80,183.89,184.48,190.38,192.25,187.73,186.70,176.96,200.1007,0,195.2223,0,57957,69826,-0.6660,0.7350,-1.4009,42.62
2026-01-28,184.02,185.33,181.42,182.52,188.82,191.83,187.71,186.87,177.22,197.8318,0,193.8628,0,304462,74925,-1.1672,0.3546,-1.5217,40.93
2026-01-29,182.76,184.46,180.98,183.03,187.66,191.42,187.74,187.04,177.47,196.7739,0,192.1205,0,116953,76091,-1.5061,-0.0176,-1.4885,40.10
2026-01-30,181.52,184.22,180.82,182.65,186.39,191.06,187.82,187.20,177.72,196.1896,0,190.3381,0,75095,76470,-1.7846,-0.3710,-1.4136,41.48
2026-02-02,183.41,185.69,182.91,185.67,185.46,190.55,187.95,187.36,177.97,196.1896,0,188.6251,0,70790,76523,-1.7414,-0.6451,-1.0963,41.14
2026-02-03,184.89,189.06,183.90,186.44,185.40,189.89,188.10,187.53,178.24,196.1896,0,180.8215,1,70069,76905,-1.6267,-0.8414,-0.7853,42.52
2026-02-04,186.90,190.19,186.36,189.87,185.50,189.67,188.31,187.70,178.53,196.1896,0,180.9863,1,86580,77788,-1.2447,-0.9220,-0.3226,43.79
2026-02-05,189.88,192.85,189.88,192.59,185.97,189.88,188.53,187.89,178.85,196.1896,0,181.3543,1,67906,77513,-0.7139,-0.8804,0.1665,50.17
2026-02-06,194.04,198.17,193.57,197.07,187.06,190.01,188.78,188.09,179.18,182.6605,1,182.0440,1,102614,78415,0.0677,-0.6908,0.7585,50.66
2026-02-09,198.36,200.80,196.94,198.67,188.30,189.98,188.98,188.31,179.51,185.8231,1,183.3339,1,44949,78198,0.8070,-0.3912,1.1982,52.40
2026-02-10,198.71,202.14,198.71,201.95,190.05,190.21,189.23,188.56,179.84,187.6476,1,185.0808,1,54383,77775,1.6379,0.0146,1.6233,53.26
2026-02-11,202.41,204.83,199.51,199.74,191.77,190.29,189.45,188.78,180.15,189.0699,1,187.1284,1,65885,78599,2.0942,0.4305,1.6637,51.57
2026-02-12,201.58,204.48,195.17,195.77,193.04,190.35,189.61,188.96,180.44,189.0699,1,189.6064,1,82183,79089,2.1114,0.7667,1.3447,51.12
2026-02-13,194.96,200.40,194.96,199.09,194.69,190.54,189.84,189.18,180.72,189.0699,1,191.7374,1,88664,79926,2.3657,1.0865,1.2792,52.62
2026-02-17,198.81,199.05,196.22,197.04,195.82,190.64,190.05,189.39,180.99,189.0699,1,193.5702,1,77623,80150,2.3746,1.3441,1.0305,50.56
2026-02-18,197.73,199.97,195.28,195.50,196.73,191.06,190.28,189.61,181.24,189.0699,1,194.9572,1,50780,80199,2.2316,1.5216,0.7100,49.93
2026-02-19,194.63,197.07,193.90,195.32,197.28,191.39,190.53,189.82,181.48,189.0699,1,204.8283,0,52129,80210,2.0799,1.6333,0.4466,48.28
2026-02-20,195.34,200.99,195.34,197.74,197.79,191.88,190.83,190.04,181.72,189.0699,1,204.6098,0,91026,80772,2.1300,1.7326,0.3974,49.83
2026-02-23,197.31,197.32,190.29,191.69,197.25,192.15,191.04,190.22,181.94,189.0699,1,204.3957,0,202934,83943,1.6621,1.7185,-0.0565,47.66
2026-02-24,186.89,189.56,171.06,173.27,194.71,191.51,190.84,190.30,182.07,199.8546,0,203.8316,0,293783,88604,-0.1929,1.3362,-1.5291,31.73
2026-02-25,173.28,174.55,167.30,171.19,191.64,190.84,190.53,190.34,182.17,190.6901,0,201.8653,0,193616,91476,-1.8098,0.7070,-2.5168,29.97
2026-02-26,172.93,175.87,172.01,174.53,189.12,190.44,190.32,190.40,182.29,190.6901,0,199.1003,0,154677,92993,-2.7895,0.0077,-2.7972,32.14
2026-02-27,171.20,174.48,169.67,172.47,186.78,189.91,190.10,190.44,182.38,190.6901,0,196.5564,0,104534,94179,-3.6894,-0.7317,-2.9577,33.15
2026-03-02,169.89,172.42,168.58,170.97,183.97,189.33,189.84,190.47,182.45,188.5277,0,194.2161,0,84808,94646,-4.4722,-1.4798,-2.9924,31.20
2026-03-03,171.37,172.44,165.27,168.87,181.16,188.49,189.55,190.48,182.52,187.2302,0,192.0629,0,126815,96074,-5.2018,-2.2242,-2.9776,31.43
2026-03-04,168.87,169.56,166.02,168.91,178.50,187.61,189.23,190.39,182.58,185.3860,0,189.3841,0,103345,96682,-5.7110,-2.9216,-2.7895,31.17
2026-03-05,167.43,172.33,163.88,171.04,176.07,186.67,188.95,190.27,182.64,185.3860,0,186.9731,0,193700,98189,-5.8749,-3.5123,-2.3627,35.66
2026-03-06,168.61,168.81,165.00,167.58,173.05,185.42,188.54,190.15,182.69,185.2522,0,184.2021,0,113781,98668,-6.2129,-4.0524,-2.1605,35.78
2026-03-09,165.31,167.07,162.65,165.82,170.47,183.86,188.07,190.01,182.72,182.8497,0,181.7636,0,214859,102062,-6.5468,-4.5513,-1.9955,33.94
2026-03-10,166.69,169.47,164.89,165.74,169.71,182.21,187.58,189.86,182.78,182.8497,0,179.0872,0,131223,104333,-6.7401,-4.9890,-1.7510,34.80
2026-03-11,165.74,167.24,163.02,167.06,169.30,180.47,187.10,189.71,182.85,182.2062,0,176.7855,0,112138,105766,-6.7098,-5.3332,-1.3766,36.94
2026-03-12,164.70,167.47,163.61,164.33,168.28,178.70,186.56,189.55,182.90,182.0636,0,174.8060,0,78349,106148,-6.8274,-5.6320,-1.1954,37.09
2026-03-13,165.43,166.98,164.08,166.64,167.70,177.24,186.07,189.42,182.96,181.2708,0,173.1036,0,76306,106409,-6.6573,-5.8371,-0.8202,39.55
2026-03-16,167.86,167.86,165.49,166.82,167.28,175.63,185.61,189.28,183.02,181.2708,0,171.6396,0,70811,105843,-6.4339,-5.9565,-0.4775,39.31
2026-03-17,168.03,170.01,167.36,169.50,167.34,174.25,185.09,189.16,183.09,181.2708,0,170.3805,0,74824,105664,-5.9719,-5.9595,-0.0123,40.45
2026-03-18,169.08,171.55,169.08,169.30,167.38,172.94,184.48,189.00,183.17,181.2708,0,162.6463,1,123364,105846,-5.5577,-5.8792,0.3215,41.54
2026-03-19,167.32,168.77,160.80,164.74,166.75,171.41,183.89,188.80,183.23,179.6243,0,171.5511,0,121661,104262,-5.5337,-5.8101,0.2764,37.86
2026-03-20,165.20,165.20,161.56,163.21,166.32,169.68,183.39,188.61,183.28,177.8219,0,171.5511,0,186571,106537,-5.5735,-5.7628,0.1893,38.34
2026-03-23,166.83,169.09,165.05,165.16,166.25,168.36,182.80,188.42,183.33,177.8219,0,171.3361,0,83867,106896,-5.3862,-5.6874,0.3013,36.62
2026-03-24,163.37,167.10,163.35,164.95,166.17,167.94,182.11,188.24,183.39,177.8219,0,171.1255,0,60891,107003,-5.1947,-5.5889,0.3942,36.10
2026-03-25,166.75,167.14,163.82,166.52,166.12,167.71,181.50,188.06,183.46,177.8219,0,170.9190,0,91447,106477,-4.8600,-5.4431,0.5831,35.54
2026-03-26,165.65,168.01,163.47,164.32,166.12,167.20,180.82,187.87,183.51,177.8219,0,170.7167,0,52906,106581,-4.7179,-5.2981,0.5801,34.75
2026-03-27,163.70,164.66,161.48,161.53,165.60,166.65,180.16,187.67,183.56,176.5570,0,170.5185,0,52786,106328,-4.7754,-5.1935,0.4182,34.52
2026-03-30,163.66,163.66,158.37,159.10,164.83,166.06,179.43,187.43,183.59,174.7431,0,170.3242,0,131186,107687,-4.9598,-5.1468,0.1870,32.84
2026-03-31,161.58,165.42,158.90,164.15,164.30,165.82,178.82,187.22,183.65,174.7431,0,169.8461,0,78296,107745,-4.6450,-5.0464,0.4015,32.73
2026-04-01,164.98,165.81,162.85,165.08,163.88,165.63,178.38,187.02,183.73,174.7431,0,169.3872,0,60243,105592,-4.2714,-4.8914,0.6200,31.98
2026-04-02,162.87,166.33,160.57,164.38,163.84,165.30,177.89,186.80,183.80,174.7431,0,168.9466,0,65599,103632,-3.9858,-4.7103,0.7245,31.46
2026-04-06,163.47,165.48,162.49,165.45,164.06,165.19,177.44,186.60,183.88,174.7431,0,168.5237,0,44930,103031,-3.6315,-4.4945,0.8631,33.84
2026-04-07,164.50,167.75,164.50,165.92,164.14,165.19,177.03,186.41,183.96,174.7431,0,168.1177,0,116306,104198,-3.2744,-4.2505,0.9761,35.22
2026-04-08,171.15,173.80,169.77,172.09,164.85,165.51,176.75,186.27,184.07,174.7431,0,158.3732,1,95179,105116,-2.4655,-3.8935,1.4280,35.97
2026-04-09,171.04,174.43,170.71,173.66,165.57,165.84,176.53,186.14,184.16,174.7431,0,158.6818,1,45436,104865,-1.6780,-3.4504,1.7724,35.75
2026-04-10,173.17,175.34,172.57,174.79,166.61,166.37,176.38,186.00,184.25,160.5687,1,159.3117,1,47818,99732,-0.9522,-2.9508,1.9986,37.50
2026-04-13,173.43,177.78,172.59,177.67,168.23,166.92,176.27,185.87,184.35,161.5803,1,160.2732,1,68012,98754,-0.1430,-2.3892,2.2462,38.03
2026-04-14,177.38,179.47,176.21,178.48,170.17,167.50,176.19,185.76,184.45,164.6227,1,161.6734,1,41518,98082,0.5577,-1.7998,2.3575,38.33
2026-04-15,177.81,177.81,174.78,175.63,171.31,167.81,175.99,185.64,184.52,164.6227,1,163.4531,1,46692,97600,0.8731,-1.2652,2.1383,34.40
2026-04-16,175.93,179.12,172.77,172.89,172.10,167.99,175.72,185.50,184.58,164.6227,1,165.0547,1,39227,96983,0.8910,-0.8340,1.7250,32.04
2026-04-17,174.54,180.80,174.54,178.81,173.54,168.69,175.50,185.38,184.65,164.6227,1,166.4962,1,50050,96253,1.3676,-0.3937,1.7613,31.78
2026-04-20,177.95,180.35,176.03,179.90,174.98,169.52,175.24,185.28,184.73,164.6227,1,168.2132,1,58373,96062,1.8120,0.0474,1.7646,31.59
2026-04-21,180.66,181.83,176.17,176.96,176.09,170.11,174.84,185.16,184.78,164.6227,1,169.7241,1,46582,94941,1.9052,0.4190,1.4862,31.82
2026-04-22,178.65,179.22,175.61,176.04,176.48,170.67,174.39,185.04,184.83,164.6227,1,171.4190,1,42665,94896,1.8833,0.7119,1.1715,30.62
2026-04-23,176.83,180.01,176.73,178.67,176.98,171.28,173.92,184.95,184.90,164.6227,1,172.8766,1,56576,94940,2.0546,0.9804,1.0741,34.01
2026-04-24,179.34,179.46,177.06,177.57,177.26,171.94,173.48,184.83,184.95,164.8689,1,174.1301,1,74000,95102,2.0771,1.1997,0.8773,33.15
2026-04-27,176.34,181.09,175.42,177.06,177.20,172.71,173.10,184.71,185.00,164.8689,1,175.2082,1,161459,96687,2.0305,1.3659,0.6646,32.97
2026-04-28,167.44,170.20,160.41,169.17,176.27,173.22,172.50,184.54,185.01,164.8689,1,181.8304,0,217039,99255,1.3416,1.3610,-0.0194,28.37
2026-04-29,171.30,173.96,167.19,168.17,175.52,173.42,171.93,184.37,185.02,164.8689,1,181.4019,0,107045,99843,0.7071,1.2303,-0.5231,28.17
2026-04-30,168.87,170.77,168.26,169.72,175.21,173.65,171.41,184.22,185.06,164.8689,1,180.9819,0,67014,100168,0.3251,1.0492,-0.7241,26.75
2026-05-01,170.32,170.57,167.19,167.80,174.11,173.82,170.86,184.07,185.08,164.8689,1,180.5704,0,64234,100410,-0.1312,0.8131,-0.9444,24.13
2026-05-04,166.65,167.44,161.78,162.98,172.41,173.70,170.17,183.87,185.07,180.8409,0,180.1671,0,75695,100103,-0.8711,0.4763,-1.3474,22.07
2026-05-05,163.66,164.95,163.44,163.73,171.09,173.59,169.61,183.68,185.07,179.3930,0,179.7719,0,42558,96896,-1.3812,0.1048,-1.4860,19.75
2026-05-06,166.09,166.94,164.23,165.57,170.05,173.26,169.45,183.49,185.08,179.3930,0,179.3845,0,75967,92540,-1.6181,-0.2398,-1.3783,20.20
2026-05-07,166.80,167.89,163.11,164.43,168.62,172.80,169.32,183.29,185.09,179.3930,0,179.0049,0,58735,89842,-1.8767,-0.5672,-1.3095,20.16
2026-05-08,164.98,165.02,160.45,161.12,166.98,172.12,169.05,183.07,185.06,177.2513,0,178.6329,0,52475,87798,-2.3217,-0.9181,-1.4036,17.72
2026-05-11,160.60,161.33,158.89,159.14,165.18,171.19,168.78,182.83,185.03,173.9057,0,178.2684,0,57395,86855,-2.8024,-1.2949,-1.5075,18.05
2026-05-12,159.77,161.14,157.56,158.81,164.15,170.21,168.54,182.56,184.99,172.8424,0,177.4931,0,69861,86556,-3.1733,-1.6706,-1.5027,18.39
2026-05-13,158.24,158.81,156.20,157.75,163.10,169.31,168.32,182.31,184.94,170.4281,0,176.2970,0,62600,85272,-3.5122,-2.0389,-1.4733,18.95
2026-05-14,158.87,160.05,157.49,160.03,162.14,168.67,168.14,182.06,184.83,170.4281,0,174.6892,0,52845,84262,-3.5554,-2.3422,-1.2131,20.56
2026-05-15,159.13,159.26,154.80,154.88,160.84,167.48,167.82,181.81,184.66,169.7649,0,173.2101,0,37536,81139,-3.9595,-2.6657,-1.2938,18.91
2026-05-18,155.65,159.90,155.63,157.60,160.31,166.36,167.62,181.58,184.52,169.7649,0,171.3694,0,76024,80383,-4.0144,-2.9354,-1.0790,19.96
2026-05-19,156.00,156.00,151.70,152.55,159.19,165.14,167.35,181.30,184.34,167.2872,0,169.7128,0,63745,77361,-4.4146,-3.2313,-1.1834,17.68
2026-05-20,152.93,157.19,152.36,157.06,158.34,164.19,167.18,181.03,184.19,167.2872,0,167.5511,0,61980,75976,-4.3180,-3.4486,-0.8694,18.35
2026-05-21,155.43,157.73,153.61,156.86,157.58,163.10,166.97,180.75,184.03,167.2872,0,165.6488,0,58287,74899,-4.2090,-3.6007,-0.6083,22.26
2026-05-22,156.80,157.56,154.88,157.13,157.18,162.08,166.83,180.48,183.87,167.2872,0,163.9748,0,43826,74209,-4.0541,-3.6914,-0.3627,22.70
2026-05-26,157.97,160.95,157.62,159.40,157.21,161.20,166.68,180.23,183.73,167.2872,0,162.5017,0,100148,74686,-3.7050,-3.6941,-0.0109,23.81
2026-05-27,160.88,162.68,158.93,159.46,157.27,160.71,166.54,179.96,183.60,167.2872,0,151.6988,1,74352,74757,-3.3845,-3.6322,0.2477,23.40
2026-05-28,158.15,161.05,157.35,160.04,157.50,160.30,166.35,179.68,183.46,167.2872,0,151.9184,1,44446,74149,-3.0486,-3.5155,0.4668,23.39
2026-05-29,159.54,161.21,157.34,157.61,157.26,159.70,166.11,179.40,183.28,167.2872,0,152.1336,1,84066,73363,-2.9450,-3.4014,0.4563,22.14
2026-06-01,156.16,157.40,152.44,154.88,157.26,159.05,165.92,179.09,183.08,167.2872,0,152.3445,1,60144,72133,-3.0477,-3.3306,0.2830,20.38
2026-06-02,155.11,156.21,152.40,152.56,156.76,158.53,165.70,178.76,182.88,166.8586,0,162.6784,0,106774,70537,-3.2789,-3.3203,0.0414,19.19
2026-06-03,152.36,154.25,150.94,152.93,156.79,157.99,165.46,178.44,182.68,164.8904,0,162.4728,0,90103,70661,-3.3932,-3.3349,-0.0583,21.09
2026-06-04,154.36,155.58,150.91,152.47,156.33,157.34,165.21,178.17,182.48,164.8904,0,162.0115,0,54685,70537,-3.4807,-3.3640,-0.1167,19.92
2026-06-05,150.00,156.03,150.00,154.86,156.13,156.86,164.98,177.94,182.29,164.8904,0,161.3454,0,69678,70102,-3.3186,-3.3549,0.0364,22.08
2026-06-08,153.93,155.51,151.61,151.80,155.60,156.39,164.73,177.68,182.09,164.8904,0,160.4380,0,49487,70034,-3.3981,-3.3636,-0.0345,19.62
2026-06-09,152.97,156.40,152.97,156.16,155.28,156.24,164.62,177.46,181.91,164.8904,0,159.6031,0,85703,70692,-3.0738,-3.3056,0.2319,20.91
2026-06-10,156.13,156.64,151.35,151.91,154.52,155.90,164.48,177.20,181.69,164.8904,0,158.8350,0,59050,69249,-3.1238,-3.2693,0.1454,18.00
2026-06-11,153.44,155.07,151.49,154.80,154.00,155.75,164.29,176.98,181.49,164.8904,0,158.1283,0,44526,68574,-2.8965,-3.1947,0.2982,19.08
2026-06-12,156.66,156.66,153.86,153.92,153.63,155.44,164.07,176.74,181.28,164.8904,0,157.4782,0,55377,68476,-2.7555,-3.1069,0.3514,17.33
2026-06-15,155.30,160.43,155.25,156.37,153.78,155.52,163.91,176.54,181.08,164.8904,0,150.0019,1,65594,68476,-2.4185,-2.9692,0.5507,18.33
2026-06-16,157.78,159.51,156.67,157.71,154.29,155.52,163.75,176.34,180.89,164.8904,0,150.2106,1,48301,68544,-2.0203,-2.7794,0.7591,19.56
2026-06-17,156.98,159.74,152.86,153.61,154.36,155.58,163.50,176.12,180.68,164.8904,0,150.4150,1,79700,67812,-2.0125,-2.6260,0.6136,18.37
2026-06-18,154.97,160.17,154.97,157.59,154.87,155.60,163.21,175.92,180.51,164.8904,0,150.6154,1,82840,67565,-1.6657,-2.4340,0.7682,20.23
2026-06-22,156.55,157.71,154.70,156.55,155.04,155.59,162.87,175.71,180.32,164.8904,0,150.8117,1,40057,67457,-1.4579,-2.2387,0.7809,20.00
2026-06-23,156.46,157.42,154.61,154.68,155.33,155.47,162.47,175.52,180.12,164.8904,0,151.0041,1,53961,67580,-1.4273,-2.0765,0.6491,18.78
2026-06-24,154.97,158.77,153.82,157.41,155.45,155.37,162.06,175.36,179.92,164.8904,0,151.1927,1,80821,67836,-1.1698,-1.8951,0.7254,19.04
2026-06-25,158.45,163.24,158.45,161.16,156.38,155.45,161.72,175.24,179.75,164.8904,0,151.3775,1,57722,68160,-0.6552,-1.6471,0.9919,21.38
2026-06-26,161.30,162.18,159.81,161.86,157.09,155.54,161.44,175.13,179.59,164.8904,0,151.8519,1,92026,69067,-0.1889,-1.3555,1.1666,20.03
2026-06-29,161.51,161.52,156.95,159.17,157.61,155.62,161.17,175.00,179.42,164.8904,0,152.3073,1,70996,69702,-0.0356,-1.0915,1.0559,18.62
2026-06-30,160.03,160.47,158.35,160.12,157.99,155.88,160.79,174.87,179.23,164.8904,0,152.7445,1,93060,70563,0.1606,-0.8411,1.0017,19.03
2026-07-01,160.02,162.13,157.84,157.86,158.00,156.15,160.35,174.71,179.05,164.8904,0,153.1642,1,88944,71174,0.1317,-0.6465,0.7782,18.21
2026-07-02,158.75,158.99,155.93,158.27,158.47,156.41,159.98,174.53,178.86,164.8904,0,153.5671,1,60285,71448,0.1402,-0.4892,0.6294,17.02
2026-07-06,158.69,159.78,156.94,159.30,158.64,156.76,159.65,174.34,178.69,164.8904,0,153.9540,1,64287,71880,0.2281,-0.3457,0.5738,16.91
2026-07-07,158.38,159.80,153.87,155.07,158.49,156.77,159.17,174.11,178.50,164.8904,0,163.2374,0,54516,71839,-0.0433,-0.2852,0.2420,13.75
2026-07-08,153.09,153.09,151.35,151.65,158.19,156.76,158.66,173.86,178.28,164.5685,0,163.0502,0,57764,71515,-0.5285,-0.3339,-0.1946,13.01
2026-07-09,152.21,154.20,151.50,153.80,157.83,156.64,158.19,173.63,178.08,164.5685,0,162.5821,0,55888,69403,-0.7306,-0.4132,-0.3174,13.01
2026-07-10,154.60,156.45,153.99,155.21,157.23,156.81,157.91,173.42,177.88,164.5685,0,162.1328,0,90952,66881,-0.7684,-0.4843,-0.2841,13.89
2026-07-13,155.17,157.18,154.24,155.40,156.59,156.84,157.66,173.21,177.69,164.5685,0,161.7015,0,86128,66463,-0.7741,-0.5422,-0.2319,14.40
2026-07-14,156.04,156.76,154.85,155.24,156.19,156.90,157.37,173.02,177.51,164.5685,0,161.2874,0,46488,66053,-0.7825,-0.5903,-0.1922,15.29
2026-07-15,154.96,157.89,154.83,155.61,155.74,156.86,157.12,172.84,177.33,164.5685,0,160.8899,0,72400,66216,-0.7507,-0.6224,-0.1283,14.26
2026-07-16,155.45,160.96,155.21,160.37,155.99,157.00,157.07,172.69,177.17,164.5685,0,151.3494,1,103038,66763,-0.3374,-0.5654,0.2280,15.14
2026-07-17,160.01,161.96,155.22,155.68,155.74,157.10,156.91,172.52,176.99,164.5685,0,151.5417,1,75131,67414,-0.3840,-0.5291,0.1451,14.02
2026-07-20,156.25,156.32,151.72,151.94,155.00,156.82,156.64,172.31,176.78,164.5685,0,161.9598,0,76825,67431,-0.7147,-0.5662,-0.1485,12.91
2026-07-21,152.10,153.01,150.76,151.15,154.61,156.55,156.37,172.07,176.56,163.6147,0,161.9598,0,77426,67805,-1.0286,-0.6587,-0.3699,12.91
2026-07-22,155.12,157.62,153.44,156.99,155.14,156.66,156.29,171.89,176.37,163.6147,0,161.5118,0,94494,68646,-0.7970,-0.6864,-0.1106,15.17
2026-07-23,156.31,158.48,155.32,157.76,155.54,156.68,156.26,171.71,176.18,163.6147,0,161.0817,0,93581,69369,-0.5451,-0.6581,0.1130,16.69
2026-07-24,157.77,161.84,157.77,160.41,156.06,156.64,156.29,171.56,175.99,163.6147,0,150.7605,1,69861,69369,-0.1298,-0.5525,0.4227,17.86
2026-07-27,161.92,166.71,161.74,164.91,157.01,156.80,156.44,171.43,175.84,151.3559,1,150.9821,1,160825,71334,0.5562,-0.3307,0.8869,20.09
2026-07-28,169.95,188.24,169.81,178.32,159.31,157.75,156.80,171.39,175.75,160.4424,1,151.6113,1,342561,77128,2.1567,0.1667,1.9899,26.85
2026-07-29,174.99,178.58,170.87,174.16,161.17,158.46,157.19,171.32,175.65,160.4424,1,153.8091,1,130755,78992,3.0540,0.7442,2.3098,25.11
2026-07-30,173.41,174.53,170.03,174.05,162.54,159.27,157.52,171.22,175.56,160.4424,1,155.8750,1,79059,79053,3.7135,1.3380,2.3754,24.99
2026-07-31,173.00,174.58,172.16,174.34,164.40,160.07,157.95,171.12,175.46,160.4424,1,157.8169,1,102648,79831,4.2109,1.9126,2.2983,26.76
2026-08-03,176.78,179.97,176.59,179.13,167.12,161.06,158.39,171.05,175.37,160.9709,1,159.6424,1,116864,80929,4.9349,2.5171,2.4178,28.38
2026-08-04,178.67,183.43,178.67,182.88,170.29,162.45,158.91,170.99,175.29,164.0433,1,161.3583,1,100496,81773,5.7452,3.1627,2.5825,29.16
2026-08-05,183.94,186.27,183.89,186.08,173.20,164.17,159.49,170.96,175.24,168.7578,1,162.9713,1,85020,82597,6.5698,3.8441,2.7257,32.19
2026-08-06,185.41,186.68,183.62,183.97,175.82,165.68,159.98,170.91,175.17,169.5420,1,164.4875,1,67149,81937,6.9727,4.4698,2.5029,32.86
2026-08-07,183.92,188.32,183.92,185.52,178.34,167.20,160.51,170.88,175.10,170.7528,1,165.9127,1,93929,82329,7.3325,5.0424,2.2901,33.93
2026-08-10,185.08,185.08,181.89,183.35,180.18,168.59,160.97,170.80,175.00,170.7528,1,167.7053,1,53116,82502,7.3578,5.5054,1.8523,32.38
2026-08-11,184.19,187.18,184.19,186.70,181.02,170.17,161.55,170.71,174.94,171.1085,1,169.3544,1,69303,82207,7.5609,5.9165,1.6444,35.34
2026-08-12,186.30,186.64,181.15,183.46,181.95,171.56,162.12,170.64,174.85,171.1085,1,170.8717,1,74797,82500,7.3755,6.2083,1.1671,31.45
2026-08-13,184.95,185.46,181.59,181.68,182.71,172.62,162.71,170.60,174.75,171.1085,1,172.2676,1,59991,81564,7.0041,6.3675,0.6366,29.83
2026-08-14,181.09,182.27,180.40,182.20,183.50,173.95,163.29,170.52,174.65,171.1085,1,173.5518,1,35055,80463,6.6749,6.4290,0.2459,29.16
2026-08-17,181.45,182.12,178.48,179.17,183.50,175.31,163.83,170.38,174.59,171.1085,1,174.7332,1,44560,80261,6.0991,6.3630,-0.2639,30.23
2026-08-18,179.72,179.72,176.49,177.15,182.93,176.61,164.27,170.25,174.52,171.1085,1,175.8202,1,45882,79785,5.4174,6.1739,-0.7565,31.71
2026-08-19,178.86,180.92,178.30,178.60,182.18,177.69,164.81,170.12,174.46,171.1085,1,176.4900,1,43078,79657,4.9372,5.9265,-0.9893,32.01
2026-08-20,176.20,179.66,175.95,178.11,181.59,178.71,165.25,170.01,174.41,171.1085,1,188.3200,0,76302,79469,4.4656,5.6344,-1.1687,33.15
2026-08-21,178.66,179.87,176.97,178.54,180.90,179.62,165.78,169.90,174.35,171.1085,1,188.0726,0,60061,79489,4.0796,5.3234,-1.2438,31.97
2026-08-24,179.12,180.98,177.45,178.25,180.39,180.28,166.25,169.78,174.30,171.1085,1,187.8302,0,67129,79941,3.7075,5.0002,-1.2927,32.56
2026-08-25,180.92,181.29,179.00,179.81,179.70,180.36,166.77,169.74,174.25,171.1085,1,187.5926,0,55274,79939,3.4982,4.6998,-1.2016,34.67
2026-08-26,180.59,181.93,177.78,177.78,179.13,180.54,167.19,169.66,174.20,171.1085,1,187.3597,0,59112,79809,3.1323,4.3863,-1.2540,34.12
2026-08-27,176.88,181.29,175.49,175.55,178.52,180.61,167.55,169.58,174.14,171.1085,1,187.1315,0,44783,79739,2.6322,4.0355,-1.4033,32.59
2026-08-28,175.87,177.34,173.50,175.09,177.80,180.65,167.98,169.51,174.08,171.1085,1,186.6658,0,39570,78936,2.1736,3.6631,-1.4895,34.36
2026-08-31,173.88,174.49,172.29,172.58,177.15,180.32,168.28,169.42,174.01,171.1085,1,185.8759,0,52154,78322,1.5893,3.2483,-1.6590,32.66
2026-09-01,171.62,173.48,167.76,168.94,176.33,179.63,168.53,169.31,173.92,183.0688,0,184.7890,0,65768,78837,0.8231,2.7633,-1.9402,32.48
2026-09-02,169.03,171.40,166.77,169.11,175.38,178.78,168.82,169.22,173.84,181.6780,0,183.0861,0,52712,78812,0.2269,2.2560,-2.0291,28.74
2026-09-03,171.16,173.09,167.67,170.84,174.65,178.12,169.09,169.14,173.79,181.6780,0,181.1282,0,86377,78923,-0.1048,1.7839,-1.8886,30.91
2026-09-04,170.02,173.49,169.89,173.33,174.13,177.51,169.33,169.08,173.76,181.6780,0,179.4052,0,76525,79299,-0.1648,1.3941,-1.5589,31.12
2026-09-08,172.67,172.67,170.32,170.41,173.34,176.86,169.50,168.98,173.72,181.6780,0,177.8890,0,49368,78446,-0.4429,1.0267,-1.4696,31.30
2026-09-09,169.40,171.48,166.42,167.21,172.08,175.89,169.66,168.85,173.66,181.6031,0,176.5547,0,45765,77941,-0.9110,0.6392,-1.5501,30.05
2026-09-10,166.58,166.83,161.10,162.73,170.58,174.85,169.71,168.67,173.58,177.1858,0,175.1358,0,64116,77362,-1.6247,0.1864,-1.8111,27.65
2026-09-11,164.27,165.21,162.18,163.87,169.41,173.96,169.83,168.48,173.49,176.5027,0,172.8901,0,50357,76590,-2.0744,-0.2658,-1.8087,27.87
2026-09-14,161.57,163.61,160.09,160.23,167.93,172.86,169.87,168.23,173.37,174.5109,0,171.0037,0,48341,76352,-2.6935,-0.7513,-1.9422,23.37
2026-09-15,160.43,160.43,156.91,160.09,166.68,171.91,169.89,167.97,173.23,171.1208,0,169.0392,0,54062,76147,-3.1590,-1.2329,-1.9262,26.38
2026-09-16,161.39,161.39,157.22,157.92,165.57,170.95,169.95,167.68,173.07,171.1208,0,166.6134,0,63215,76321,-3.6609,-1.7185,-1.9424,23.66
2026-09-17,160.75,163.01,158.20,159.89,164.65,170.01,170.11,167.41,172.92,171.1208,0,164.6727,0,51692,76200,-3.8552,-2.1458,-1.7094,25.24
2026-09-18,159.39,160.41,157.74,159.63,163.53,169.09,170.23,167.17,172.78,171.1208,0,163.1202,0,149078,78063,-3.9842,-2.5135,-1.4707,26.43
2026-09-21,162.00,162.69,160.18,161.88,162.39,168.26,170.36,166.93,172.66,171.1208,0,163.0100,0,55363,77352,-3.8604,-2.7829,-1.0775,26.74
2026-09-22,165.62,165.82,161.84,163.81,161.73,167.53,170.53,166.70,172.54,171.1208,0,156.9100,1,54057,76710,-3.5655,-2.9394,-0.6261,26.04
2026-09-23,162.42,166.75,162.00,163.97,161.40,166.74,170.70,166.49,172.44,171.1208,0,157.0882,1,56176,76904,-3.2810,-3.0077,-0.2733,29.33
2026-09-24,163.84,164.96,160.35,162.13,161.34,165.96,170.83,166.27,172.34,171.1208,0,157.4747,1,47504,76406,-3.1675,-3.0397,-0.1278,29.77
2026-09-25,162.19,164.35,160.97,162.81,161.24,165.32,170.88,166.04,172.24,171.1208,0,157.8457,1,43959,75225,-2.9882,-3.0294,0.0411,31.13
2026-09-28,161.98,165.19,161.31,164.75,161.69,164.81,171.06,165.86,172.15,171.1208,0,158.2019,1,65982,75042,-2.6590,-2.9553,0.2963,36.29
2026-09-29,164.65,165.98,162.09,163.09,161.99,164.33,171.29,165.79,172.05,171.1208,0,158.5438,1,37054,74246,-2.5031,-2.8649,0.3617,34.35
2026-09-30,163.80,163.86,161.93,161.93,162.39,163.98,171.50,165.73,171.93,171.1208,0,158.8720,1,46021,73618,-2.4450,-2.7809,0.3359,32.43
2026-10-01,161.61,163.31,159.70,162.68,162.67,163.66,171.62,165.65,171.82,171.1208,0,159.1872,1,41418,72557,-2.3118,-2.6871,0.3752,34.39
2026-10-02,164.91,165.41,163.08,163.12,163.02,163.27,171.72,165.59,171.72,171.1208,0,159.4897,1,53242,71750,-2.1460,-2.5789,0.4328,34.35
2026-10-05,162.53,165.57,161.56,163.47,163.18,162.78,171.78,165.54,171.62,171.1208,0,159.7000,1,56969,71492,-1.9637,-2.4558,0.4921,34.26
2026-10-06,164.70,166.45,163.90,164.87,163.28,162.50,171.78,165.51,171.52,171.1208,0,159.9820,1,65734,69590,-1.6869,-2.3020,0.6152,34.76
2026-10-07,162.54,164.16,161.40,162.32,163.12,162.26,171.46,165.47,171.41,171.1208,0,160.2527,1,66730,64073,-1.6541,-2.1725,0.5183,34.03
2026-10-08,159.89,163.92,159.89,163.10,163.21,162.28,171.24,165.42,171.30,171.1208,0,166.7500,0,52176,62502,-1.5474,-2.0475,0.5000,35.46
2026-10-09,163.95,163.95,161.80,161.87,163.12,162.18,171.00,165.38,171.17,171.1208,0,166.6128,0,48124,61883,-1.5443,-1.9468,0.4025,32.96
