rsRating,symbol,longName,sector,industry,country,marketCap,currentPrice,averageVolume10days,averageVolume3months,averageDollarVolume,revenueGrowth,earningsGrowth,earningsQuarterlyGrowth,grossMargins,operatingMargins,profitMargins,returnOnEquity,returnOnAssets,totalCash,totalDebt,debtToEquity,currentRatio,quickRatio,operatingCashflow,freeCashflow,sharesOutstanding,floatShares,heldPercentInsiders,heldPercentInstitutions,sharesShort,shortRatio,shortPercentOfFloat,trailingPE,forwardPE,priceToSalesTrailing12Months,priceToBook,enterpriseToRevenue,enterpriseToEbitda,targetMeanPrice,targetHighPrice,targetLowPrice,recommendationMean,recommendationKey,numberOfAnalystOpinions,epsRevisionUpLast7Days,epsRevisionUpLast30Days,epsRevisionDownLast7Days,epsRevisionDownLast30Days,nextEarningsDate,beta,website,retrievedAt
38.66,BH,Biglari Holdings Inc.,Consumer Cyclical,Restaurants,United States,1158544896,363.81,65470,153950,56008549.5,0.079,-0.187,-0.216,0.39130002,0.07743,-0.07334,-0.05251,0.015570001,342715008,358448000,65.917,2.447,2.344,84297000,27708124,2112068,185349,0.00426,0.95265996,158600,0.9,0.0364,,-48.833557,2.8562884,0.42001906,0.616,3.845,,,,,none,,,,,,2026-11-06,0.511,https://www.biglariholdings.com,2026-10-10T21:22:11.263160+01:00
Date,Open,High,Low,Close,Ma10:Top:Line,Ma20:Top:Line,Ma50:Top:Line,Ma150:Top:Line,Ma200:Top:Line,Supertrend:Top:ColorLine,Supertrend_Dir,ParabolicSAR:Top:ColorLine,ParabolicSAR_Dir,Volume:Middle:Histogram,Vo50:Middle:Line,Macd:Bottom:Line,MacdSignal:Bottom:Line,MacdDelta:Bottom:Histogram
2023-08-03,202.92,204.98,202.77,203.25,,,,,,,0,204.9800,0,285,,,,
2023-08-04,202.93,204.93,197.37,198.74,,,,,,,0,204.9800,0,1073,,,,
2023-08-07,198.70,200.01,194.13,194.91,,,,,,,0,204.9800,0,1150,,,,
2023-08-08,194.60,197.73,192.03,193.13,,,,,,,0,204.9300,0,483,,,,
2023-08-09,193.13,196.70,190.72,195.85,,,,,,,0,204.1560,0,607,,,,
2023-08-10,195.85,195.85,194.09,194.09,,,,,,,0,203.0811,0,194,,,,
2023-08-11,193.64,196.60,193.64,194.56,,,,,,,0,202.0922,0,253,,,,
2023-08-14,192.87,192.87,187.95,189.74,,,,,,,0,201.1824,0,1309,,,,
2023-08-15,188.91,188.91,187.22,187.22,,,,,,,0,199.8592,0,318,,,,
2023-08-16,187.00,188.70,183.82,183.82,193.53,,,,,200.0780,0,198.3425,0,551,,,,
2023-08-17,183.69,190.99,179.70,179.98,191.20,,,,,200.0780,0,196.3093,0,342,,,,
2023-08-18,179.07,186.04,179.07,183.50,189.68,,,,,198.8869,0,193.6519,0,1174,,,,
2023-08-21,185.00,185.18,179.68,179.68,188.16,,,,,198.7787,0,191.0271,0,521,,,,
2023-08-22,179.11,186.88,178.00,181.90,187.03,,,,,198.7787,0,188.8748,0,728,,,,
2023-08-23,182.27,186.00,181.35,185.80,186.03,,,,,198.7787,0,186.8800,0,502,,,,
2023-08-24,185.00,187.75,185.00,186.51,185.27,,,,,198.7787,0,178.0000,1,336,,,,
2023-08-25,186.55,187.80,185.00,186.62,184.48,,,,,198.7787,0,178.1950,1,280,,,,
2023-08-28,185.00,186.49,182.90,183.75,183.88,,,,,198.7787,0,178.5792,1,404,,,,
2023-08-29,182.89,189.00,182.89,185.19,183.67,,,,,198.7787,0,178.9480,1,426,,,,
2023-08-30,183.45,188.19,183.45,184.88,183.78,188.66,,,,198.7787,0,179.5512,1,333,,,,
2023-08-31,186.00,187.85,186.00,186.00,184.38,187.79,,,,198.7787,0,180.1181,1,353,,,,
2023-09-01,187.90,187.90,183.53,186.19,184.65,187.17,,,,198.7787,0,180.6510,1,503,,,,
2023-09-05,185.00,187.45,182.97,183.03,184.99,186.57,,,,198.7787,0,181.1519,1,403,,,,
2023-09-06,180.25,186.37,180.25,183.72,185.17,186.10,,,,198.0321,0,189.0000,0,1507,,,,
2023-09-07,183.96,186.35,180.73,185.27,185.12,185.57,,,,198.0321,0,188.8250,0,704,,,,
2023-09-08,185.00,185.83,184.97,184.99,184.96,185.12,,,,198.0321,0,188.6535,0,370,,,,
2023-09-11,181.17,184.64,180.08,181.34,184.44,184.46,,,,196.1633,0,188.4854,0,290,,,,
2023-09-12,181.88,181.88,178.34,179.25,183.99,183.93,,,,193.5950,0,188.1492,0,269,,,,
2023-09-13,177.00,179.98,175.93,177.25,183.19,183.43,,,,191.3065,0,187.5607,0,372,,,,
2023-09-14,178.08,178.50,175.90,175.91,182.30,183.04,,,,189.9963,0,186.6302,0,440,,,,
2023-09-15,175.80,175.80,166.77,166.78,180.37,182.38,,,,185.5437,0,185.5572,0,984,,,,
2023-09-18,167.80,170.99,165.00,169.14,178.67,181.66,,,,182.6248,0,183.3027,0,321,,,,
2023-09-19,169.94,169.99,164.02,166.01,176.97,180.98,,,,181.9628,0,180.7403,0,764,,,,
2023-09-20,165.62,169.47,165.00,166.31,175.23,180.20,,,,181.9628,0,178.0651,0,299,,-5.8420,-3.8602,-1.9818
2023-09-21,164.54,168.64,164.54,167.08,173.41,179.26,,,,181.1427,0,175.8179,0,368,,-6.0078,-4.2897,-1.7181
2023-09-22,166.92,170.00,164.59,165.89,171.50,178.23,,,,181.1427,0,173.9302,0,647,,-6.1642,-4.6646,-1.4996
2023-09-25,165.00,167.51,164.59,165.40,169.90,177.17,,,,180.1744,0,172.3446,0,215,,-6.2555,-4.9828,-1.2727
2023-09-26,166.43,166.50,164.01,166.01,168.58,176.28,,,,178.7140,0,171.0126,0,299,,-6.2071,-5.2276,-0.9795
2023-09-27,167.96,167.96,164.00,166.31,167.48,175.34,,,,178.7140,0,169.7522,0,316,,-6.0745,-5.3970,-0.6775
2023-09-28,165.92,171.94,164.58,166.86,166.58,174.44,,,,178.7140,0,164.0000,1,167,,-5.8576,-5.4891,-0.3684
2023-09-29,167.20,167.50,165.52,166.00,166.50,173.44,,,,178.7140,0,164.0000,1,232,,-5.6894,-5.5292,-0.1602
2023-10-02,166.00,169.59,166.00,166.01,166.19,172.43,,,,178.7140,0,164.1588,1,183,,-5.4921,-5.5218,0.0297
2023-10-03,166.00,166.77,162.50,162.66,165.85,171.41,,,,177.7029,0,171.9400,0,651,,-5.5421,-5.5258,-0.0162
2023-10-04,162.75,165.15,160.12,164.05,165.63,170.43,,,,175.9051,0,171.7512,0,738,,-5.4072,-5.5021,0.0949
2023-10-05,164.06,164.94,153.00,155.88,164.51,168.96,,,,174.4951,0,171.2860,0,1481,,-5.8917,-5.5800,-0.3117
2023-10-06,155.63,163.99,155.63,158.36,163.75,167.62,,,,174.4951,0,170.1888,0,285,,-6.0063,-5.6653,-0.3410
2023-10-09,157.40,158.53,151.75,154.84,162.70,166.30,,,,172.0065,0,169.1575,0,1084,,-6.3084,-5.7939,-0.5145
2023-10-10,155.11,159.59,155.11,157.79,161.88,165.23,,,,172.0065,0,167.7649,0,237,,-6.2379,-5.8827,-0.3552
2023-10-11,157.00,157.00,152.65,152.65,160.51,164.00,,,,171.3114,0,166.4837,0,473,,-6.5216,-6.0105,-0.5111
2023-10-12,152.75,152.75,145.11,146.77,158.50,162.54,176.94,,,166.0598,0,165.3050,0,910,543,-7.1386,-6.2361,-0.9025
2023-10-13,146.35,150.00,146.35,147.03,156.60,161.55,175.81,,,164.6868,0,163.2855,0,853,554,-7.5199,-6.4929,-1.0271
2023-10-16,146.90,155.24,146.90,153.96,155.40,160.79,174.92,,,164.6868,0,161.4679,0,1001,553,-7.1802,-6.6303,-0.5498
2023-10-17,154.15,157.31,152.00,155.90,154.72,160.29,174.14,,,164.6868,0,159.8321,0,452,539,-6.6774,-6.6397,-0.0376
2023-10-18,155.15,159.68,155.15,158.35,154.15,159.89,173.44,,,164.6868,0,145.1100,1,1172,552,-6.0119,-6.5142,0.5022
2023-10-19,156.75,157.05,147.00,148.95,153.46,158.98,172.50,,,164.6868,0,145.4014,1,1102,562,-6.1719,-6.4457,0.2738
2023-10-20,149.79,149.79,145.11,148.20,152.44,158.10,171.59,,,164.6868,0,159.6800,0,548,569,-6.2867,-6.4139,0.1272
2023-10-23,151.44,154.45,147.03,147.99,151.76,157.23,170.65,,,164.6868,0,159.3886,0,577,576,-6.3218,-6.3955,0.0737
2023-10-24,147.61,148.28,145.90,146.63,150.64,156.26,169.79,,,164.4864,0,159.1030,0,396,558,-6.3858,-6.3936,0.0078
2023-10-25,147.85,152.80,144.98,147.88,150.17,155.34,169.01,,,164.4864,0,158.8232,0,296,557,-6.2634,-6.3675,0.1042
2023-10-26,146.78,148.39,144.00,145.14,150.00,154.25,168.23,,,163.7145,0,158.2694,0,493,556,-6.3147,-6.3569,0.0423
2023-10-27,144.99,147.00,143.51,144.66,149.77,153.19,167.53,,,162.0695,0,157.4133,0,217,553,-6.3212,-6.3498,0.0286
2023-10-30,145.50,148.63,144.00,146.88,149.06,152.23,166.79,,,162.0695,0,156.3010,0,367,537,-6.0772,-6.2953,0.2181
2023-10-31,145.46,148.74,144.96,147.77,148.25,151.48,166.15,,,162.0695,0,155.2777,0,236,532,-5.7457,-6.1854,0.4396
2023-11-01,147.63,151.97,146.59,147.87,147.20,150.68,165.47,,,162.0695,0,154.3363,0,370,524,-5.4126,-6.0308,0.6182
2023-11-02,150.22,154.24,150.17,152.77,147.58,150.52,164.81,,,162.0695,0,143.5100,1,550,525,-4.6990,-5.7644,1.0654
2023-11-03,159.03,159.68,156.70,158.07,148.57,150.51,164.24,,,162.0695,0,143.7246,1,474,528,-3.6636,-5.3443,1.6807
2023-11-06,156.36,156.54,147.39,148.96,148.66,150.21,163.49,,,162.0695,0,144.3628,1,1102,545,-3.5374,-4.9829,1.4455
2023-11-07,148.21,150.79,145.90,146.52,148.65,149.65,162.75,,,162.0695,0,144.9755,1,440,545,-3.5928,-4.7049,1.1121
2023-11-08,145.74,149.82,142.78,146.00,148.46,149.32,161.96,,,162.0695,0,159.6800,0,482,546,-3.6368,-4.4913,0.8545
2023-11-09,145.07,145.07,142.50,142.94,148.24,149.12,161.12,,,161.2607,0,159.3420,0,529,550,-3.8739,-4.3678,0.4939
2023-11-10,141.88,143.23,141.49,142.60,148.04,148.90,160.26,,,158.6101,0,158.6683,0,242,548,-4.0426,-4.3028,0.2601
2023-11-13,142.90,143.19,137.01,141.70,147.52,148.29,159.37,,,156.5791,0,157.6376,0,1176,562,-4.2005,-4.2823,0.0818
2023-11-14,143.20,148.37,138.00,147.94,147.54,147.89,158.66,,,156.5791,0,155.9874,0,1361,581,-3.7786,-4.1816,0.4029
2023-11-15,147.52,149.99,147.33,149.11,147.66,147.43,157.97,,,156.5791,0,154.4692,0,253,556,-3.3117,-4.0076,0.6959
2023-11-16,148.94,149.88,147.63,147.70,147.15,147.37,157.22,,,156.5791,0,153.0725,0,222,546,-3.0206,-3.8102,0.7896
2023-11-17,149.56,149.56,142.01,145.44,145.89,147.23,156.43,,,156.5791,0,151.7875,0,494,549,-2.9384,-3.6358,0.6975
2023-11-20,143.92,149.27,142.01,144.19,145.41,147.04,155.69,,,156.5791,0,150.6053,0,231,547,-2.9402,-3.4967,0.5565
2023-11-21,143.40,146.00,143.00,143.27,145.09,146.87,154.97,,,156.5791,0,149.5600,0,172,545,-2.9815,-3.3937,0.4122
2023-11-22,144.65,146.24,144.00,145.57,145.05,146.76,154.33,,,156.5791,0,149.2700,0,277,544,-2.7964,-3.2742,0.4778
2023-11-24,146.20,146.20,145.69,146.04,145.36,146.80,153.74,,,156.5791,0,148.2892,0,58,536,-2.5820,-3.1358,0.5537
2023-11-27,145.17,152.41,145.17,149.23,146.02,147.03,153.39,,,156.5791,0,137.0100,1,313,523,-2.1302,-2.9346,0.8045
2023-11-28,148.62,153.00,144.74,145.12,146.36,146.94,152.91,,,156.5791,0,137.3180,1,247,521,-2.0797,-2.7637,0.6839
2023-11-29,149.15,149.30,143.40,143.94,145.96,146.75,152.46,,,156.5791,0,137.9453,1,345,513,-2.1107,-2.6331,0.5224
2023-11-30,144.41,147.01,144.20,145.82,145.63,146.65,152.05,,,156.5791,0,138.5475,1,233,511,-1.9609,-2.4986,0.5378
2023-12-01,144.29,150.35,144.29,148.58,145.72,146.44,151.68,,,156.5791,0,139.1256,1,238,509,-1.6010,-2.3191,0.7181
2023-12-04,146.66,150.90,146.63,148.40,146.02,145.95,151.33,,,156.5791,0,139.6805,1,252,501,-1.3151,-2.1183,0.8032
2023-12-05,147.00,152.98,147.00,148.48,146.44,145.93,151.00,,,156.5791,0,140.2133,1,223,501,-1.0698,-1.9086,0.8388
2023-12-06,149.94,150.94,147.51,148.40,146.96,146.02,150.64,,,156.5791,0,140.7248,1,831,512,-0.8718,-1.7012,0.8294
2023-12-07,149.49,152.24,149.45,151.72,147.57,146.31,150.35,,,156.5791,0,141.2158,1,334,512,-0.4419,-1.4494,1.0075
2023-12-08,149.92,151.00,149.92,150.94,148.06,146.71,150.03,,,156.5791,0,141.6872,1,106,511,-0.1622,-1.1919,1.0297
2023-12-11,152.00,160.76,149.90,159.41,149.08,147.55,149.90,,,141.4229,1,142.1397,1,1307,532,0.7344,-0.8067,1.5411
2023-12-12,160.25,175.39,160.25,171.44,151.71,149.04,150.01,,,148.8940,1,143.2569,1,1320,555,2.3881,-0.1677,2.5559
2023-12-13,172.21,183.50,171.10,179.89,155.31,150.63,150.35,,,156.5466,1,145.8275,1,1133,565,4.3307,0.7320,3.5987
2023-12-14,180.00,180.94,176.47,178.93,158.62,152.13,150.65,,,158.6860,1,149.5948,1,483,560,5.7267,1.7309,3.9958
2023-12-15,178.77,178.77,171.66,171.69,160.93,153.33,150.97,,,158.6860,1,152.9853,1,1047,551,6.1776,2.6202,3.5574
2023-12-18,173.79,173.79,168.95,169.69,163.06,154.54,151.20,,,158.6860,1,156.0368,1,272,551,6.3009,3.3564,2.9446
2023-12-19,171.13,173.00,165.52,170.84,165.29,155.87,151.52,,,158.6860,1,158.7831,1,239,534,6.4175,3.9686,2.4489
2023-12-20,171.78,173.50,167.50,168.76,167.33,157.14,151.73,,,158.6860,1,161.2548,1,405,537,6.2698,4.4288,1.8409
2023-12-21,170.29,171.49,165.81,169.56,169.11,158.34,152.07,,,158.6860,1,163.4793,1,187,531,6.1464,4.7724,1.3740
2023-12-22,169.23,171.90,166.50,169.67,170.99,159.53,152.53,,,158.6860,1,165.4814,1,271,519,5.9885,5.0156,0.9729
2023-12-26,169.06,170.15,167.00,169.03,171.95,160.52,152.97,,,158.6860,1,165.8100,1,237,506,5.7454,5.1615,0.5839
2023-12-27,167.72,169.90,167.72,168.35,171.64,161.68,153.26,,,158.6860,1,166.5000,1,236,491,5.4353,5.2163,0.2190
2023-12-28,169.00,169.04,166.34,166.97,170.35,162.83,153.48,,,158.6860,1,183.5000,0,401,490,5.0203,5.1771,-0.1568
2023-12-29,166.90,166.98,163.68,164.93,168.95,163.78,153.61,,,158.6860,1,183.1568,0,495,476,4.4752,5.0367,-0.5615
2024-01-02,163.74,163.74,157.67,159.13,167.69,164.31,153.82,,,158.6860,1,182.3777,0,509,465,3.5345,4.7363,-1.2018
2024-01-03,159.45,162.94,158.19,161.00,166.82,164.94,154.07,,,158.6860,1,180.8953,0,1030,474,2.9063,4.3703,-1.4640
2024-01-04,161.00,162.01,160.99,160.99,165.84,165.57,154.33,,,158.6860,1,179.5017,0,1143,486,2.3802,3.9723,-1.5920
2024-01-05,162.79,170.00,161.87,164.05,165.37,166.35,154.68,,,158.6860,1,178.1918,0,1050,499,2.1851,3.6148,-1.4298
2024-01-08,164.00,169.45,164.00,167.33,165.15,167.13,155.07,,,158.6860,1,176.9605,0,218,497,2.2689,3.3456,-1.0767
2024-01-09,166.16,169.75,164.49,166.74,164.85,167.92,155.50,,,158.6860,1,175.8031,0,350,494,2.2616,3.1288,-0.8672
2024-01-10,167.31,168.10,160.96,163.50,164.30,168.12,155.88,,,158.6860,1,174.7151,0,736,505,1.9717,2.8974,-0.9257
2024-01-11,162.92,165.88,161.51,162.33,163.70,167.67,156.19,,,158.6860,1,173.6924,0,243,502,1.6288,2.6437,-1.0149
2024-01-12,163.68,164.08,159.02,160.44,163.04,166.70,156.44,,,158.6860,1,172.7311,0,353,504,1.1908,2.3531,-1.1623
2024-01-16,159.01,159.99,156.12,156.12,162.16,165.56,156.60,,,173.7814,0,171.8274,0,281,503,0.4894,1.9804,-1.4910
2024-01-17,154.29,156.98,154.15,154.96,161.75,164.72,156.65,,,170.5677,0,170.5708,0,403,500,-0.1582,1.5527,-1.7109
2024-01-18,154.63,156.57,150.50,152.34,160.88,163.85,156.53,,,168.8585,0,168.9287,0,289,496,-0.8728,1.0676,-1.9404
2024-01-19,152.37,154.67,150.52,151.40,159.92,162.88,156.58,,,167.6311,0,166.7173,0,227,478,-1.4977,0.5545,-2.0522
2024-01-22,153.08,156.47,153.08,156.05,159.12,162.24,156.77,,,167.6311,0,164.7712,0,265,475,-1.5993,0.1238,-1.7230
2024-01-23,157.88,157.88,152.51,153.04,157.69,161.42,156.91,,,167.6311,0,163.0587,0,337,472,-1.9008,-0.2811,-1.6196
2024-01-24,154.00,158.01,153.30,154.11,156.43,160.64,157.14,,,167.6311,0,161.5516,0,185,465,-2.0299,-0.6309,-1.3990
2024-01-25,156.25,158.33,155.79,157.31,155.81,160.05,157.43,,,167.6311,0,160.2254,0,189,464,-1.8527,-0.8753,-0.9775
2024-01-26,157.98,157.98,154.98,157.89,155.37,159.53,157.76,,,167.6311,0,159.0584,0,95,443,-1.6465,-1.0295,-0.6170
2024-01-29,156.76,158.03,155.25,156.98,155.02,159.03,157.94,,,167.6311,0,158.3300,0,78,417,-1.5388,-1.1314,-0.4074
2024-01-30,158.25,158.25,154.04,157.28,155.14,158.65,158.10,,,167.6311,0,150.5000,1,157,415,-1.4129,-1.1877,-0.2252
2024-01-31,157.92,158.51,154.00,154.67,155.11,158.43,158.24,,,167.6311,0,150.6550,1,186,414,-1.5064,-1.2514,-0.2550
2024-02-01,154.00,158.78,154.00,157.49,155.62,158.25,158.48,,,167.6311,0,150.9692,1,409,413,-1.3375,-1.2687,-0.0689
2024-02-02,155.47,157.92,154.70,155.67,156.05,157.98,158.71,,,167.6311,0,151.4378,1,140,411,-1.3352,-1.2820,-0.0532
2024-02-05,154.71,157.21,153.69,153.69,155.81,157.47,158.92,,,167.6311,0,151.8784,1,523,418,-1.4761,-1.3208,-0.1553
2024-02-06,153.15,154.99,153.15,154.60,155.97,156.83,159.10,,,166.3157,0,152.2925,1,186,416,-1.4970,-1.3560,-0.1410
2024-02-07,154.30,155.69,152.04,152.04,155.76,156.10,159.22,,,165.9812,0,158.7800,0,122,417,-1.7006,-1.4249,-0.2756
2024-02-08,152.06,154.01,151.12,151.73,155.20,155.51,159.27,,,164.3365,0,158.6452,0,364,418,-1.8654,-1.5130,-0.3524
2024-02-09,151.30,153.44,151.30,152.87,154.70,155.03,159.42,,,163.6064,0,158.3442,0,168,417,-1.8824,-1.5869,-0.2955
2024-02-12,154.98,156.10,151.25,152.13,154.22,154.62,159.59,,,163.6064,0,158.0552,0,289,415,-1.9333,-1.6562,-0.2771
2024-02-13,151.01,151.10,145.95,147.42,153.23,154.18,159.62,,,160.7900,0,157.7778,0,604,423,-2.3268,-1.7903,-0.5365
2024-02-14,149.00,158.37,147.64,153.06,153.07,154.09,159.71,,,160.7900,0,145.9500,1,352,425,-2.1587,-1.8640,-0.2947
2024-02-15,153.10,155.25,149.92,153.99,152.72,154.17,159.82,,,160.7900,0,145.9500,1,246,425,-1.9282,-1.8768,-0.0514
2024-02-16,152.93,157.10,152.69,152.69,152.42,154.24,159.91,,,160.7900,0,146.1984,1,260,426,-1.8294,-1.8673,0.0380
2024-02-20,152.69,156.78,150.00,151.33,152.19,154.00,159.96,,,160.7900,0,146.4418,1,303,415,-1.8396,-1.8618,0.0222
2024-02-21,151.69,153.75,151.69,152.45,151.97,153.97,159.98,,,160.7900,0,146.6804,1,168,412,-1.7372,-1.8369,0.0996
2024-02-22,153.10,159.57,151.70,157.03,152.47,154.12,160.10,,,160.7900,0,146.9142,1,361,417,-1.2719,-1.7239,0.4520
2024-02-23,157.52,163.50,157.52,163.50,153.65,154.43,160.18,,,144.9490,1,147.4204,1,262,396,-0.3767,-1.4544,1.0777
2024-02-26,178.00,178.00,170.00,175.00,155.86,155.28,160.25,,,155.6451,1,148.3852,1,700,384,1.2463,-0.9143,2.1606
2024-02-27,175.39,177.61,175.00,175.00,158.15,156.18,160.16,,,159.0026,1,150.7544,1,158,364,2.5037,-0.2307,2.7344
2024-02-28,174.01,178.01,171.00,171.00,160.51,156.87,160.00,,,159.0026,1,152.9340,1,1129,377,3.1412,0.4437,2.6975
2024-02-29,173.12,177.10,171.80,173.21,162.52,157.80,160.03,,,159.0026,1,155.4416,1,156,359,3.7812,1.1112,2.6700
2024-03-01,172.41,172.41,169.00,169.00,164.02,158.37,160.01,,,159.0026,1,157.6985,1,135,357,3.9037,1.6697,2.2340
2024-03-04,169.40,184.18,169.40,181.01,166.85,159.64,160.22,,,159.0026,1,159.7296,1,652,365,4.9132,2.3184,2.5948
2024-03-05,181.99,181.99,175.11,177.76,169.50,160.84,160.40,,,159.0026,1,162.6637,1,267,362,5.3889,2.9325,2.4564
2024-03-06,179.32,192.70,179.32,190.10,173.26,162.62,160.81,,,163.4232,1,165.2456,1,627,371,6.6846,3.6829,3.0017
2024-03-07,190.95,191.24,186.52,188.86,176.44,164.46,161.19,163.55,,167.1359,1,169.0892,1,415,374,7.5246,4.4513,3.0734
2024-03-08,190.18,190.18,180.93,184.02,178.50,166.07,161.49,163.43,,167.1359,1,172.3947,1,552,380,7.7109,5.1032,2.6077
2024-03-11,183.06,191.11,173.90,185.00,179.50,167.68,161.82,163.33,,167.1359,1,192.7000,0,870,393,7.8472,5.6520,2.1952
2024-03-12,187.40,196.85,182.28,191.15,181.11,169.63,162.31,163.31,,167.1359,1,173.9000,1,822,401,8.3551,6.1926,2.1625
2024-03-13,194.07,197.06,188.25,193.99,183.41,171.96,162.89,163.31,,167.1359,1,173.9000,1,795,407,8.8844,6.7310,2.1534
2024-03-14,192.54,193.00,184.30,185.28,184.62,173.57,163.41,163.24,,167.1359,1,174.8264,1,241,402,8.5030,7.0854,1.4176
2024-03-15,184.03,198.03,181.21,197.97,187.51,175.77,164.15,163.27,,167.1359,1,175.7157,1,1980,421,9.1196,7.4922,1.6274
2024-03-18,195.20,206.97,190.86,201.24,189.54,178.20,164.96,163.31,,167.4678,1,177.0546,1,1207,422,9.7597,7.9457,1.8139
2024-03-19,203.42,204.35,197.42,199.00,191.66,180.58,165.66,163.38,,170.5035,1,179.4478,1,398,409,9.9712,8.3508,1.6204
2024-03-20,198.72,203.00,195.00,199.40,192.59,182.93,166.30,163.46,,170.5035,1,181.6496,1,479,414,10.0552,8.6917,1.3635
2024-03-21,198.40,203.92,198.40,202.69,193.97,185.21,167.02,163.58,,172.7350,1,183.6752,1,709,421,10.2689,9.0071,1.2617
2024-03-22,203.00,204.99,200.00,201.01,195.67,187.08,167.77,163.72,,175.4155,1,185.5388,1,523,417,10.1853,9.2428,0.9425
2024-03-25,198.00,203.63,198.00,200.78,197.25,188.37,168.53,163.84,,175.4155,1,187.2533,1,281,418,9.9853,9.3913,0.5940
2024-03-26,200.00,200.18,186.21,187.39,196.88,188.99,169.07,163.89,,175.4155,1,206.9700,0,600,423,8.6467,9.2424,-0.5956
2024-03-27,188.59,190.18,184.51,188.60,196.34,189.87,169.72,163.93,,175.4155,1,206.5548,0,415,426,7.5960,8.9131,-1.3171
2024-03-28,189.99,190.98,186.56,189.68,196.78,190.70,170.42,163.96,,175.4155,1,205.6730,0,816,434,6.7723,8.4849,-1.7126
2024-04-01,189.99,199.00,188.00,198.41,196.82,192.17,171.34,164.04,,175.4155,1,204.8265,0,1329,455,6.7462,8.1372,-1.3910
2024-04-02,197.90,200.00,190.10,197.11,196.41,192.97,172.25,164.11,,175.4155,1,204.0138,0,434,459,6.5452,7.8188,-1.2736
2024-04-03,195.00,201.50,192.00,193.93,195.90,193.78,173.01,164.18,,175.4155,1,203.2337,0,950,472,6.0594,7.4669,-1.4075
2024-04-04,193.56,197.90,193.56,194.97,195.46,194.02,173.85,164.24,,175.4155,1,202.4847,0,253,471,5.6928,7.1121,-1.4193
2024-04-05,194.11,197.00,190.26,194.17,194.60,194.29,174.65,164.30,,175.4155,1,201.7657,0,194,471,5.2768,6.7450,-1.4682
2024-04-08,193.63,198.17,193.01,195.36,194.04,194.86,175.41,164.37,,175.4155,1,201.0755,0,137,470,4.9857,6.3932,-1.4075
2024-04-09,195.54,198.79,193.02,195.06,193.47,195.36,176.16,164.43,,175.4155,1,200.4129,0,195,472,4.6769,6.0499,-1.3730
2024-04-10,192.89,195.00,188.63,192.02,193.93,195.40,176.86,164.49,,175.4155,1,199.7768,0,422,479,4.1391,5.6677,-1.5286
2024-04-11,192.96,197.06,191.81,195.00,194.57,195.45,177.61,164.56,,175.4155,1,199.1661,0,273,481,3.9083,5.3159,-1.4075
2024-04-12,196.07,196.07,190.32,191.07,194.71,195.74,178.34,164.60,,175.4155,1,198.5799,0,248,482,3.3695,4.9266,-1.5571
2024-04-15,193.00,197.49,191.36,193.02,194.17,195.50,179.05,164.65,,175.4155,1,198.0171,0,328,481,3.0645,4.5542,-1.4897
2024-04-16,191.52,197.35,191.52,195.07,193.97,195.19,179.84,164.74,,175.4155,1,197.4900,0,273,483,2.9541,4.2341,-1.2800
2024-04-17,195.78,196.01,191.15,192.16,193.79,194.85,180.61,164.83,,175.4155,1,197.4900,0,269,478,2.6018,3.9077,-1.3059
2024-04-18,192.19,198.47,192.19,196.57,193.95,194.70,181.45,164.96,,175.4155,1,184.5100,1,629,487,2.6480,3.6557,-1.0078
2024-04-19,193.42,200.00,193.42,199.73,194.51,194.56,182.40,165.12,,176.5324,1,184.7892,1,439,494,2.9060,3.5058,-0.5998
2024-04-22,197.28,203.00,197.28,201.02,195.07,194.56,183.39,165.35,,180.2642,1,185.3976,1,1005,506,3.1780,3.4402,-0.2622
2024-04-23,199.08,202.50,199.02,201.96,195.76,194.62,184.37,165.57,,181.8278,1,186.4538,1,687,517,3.4299,3.4382,-0.0083
2024-04-24,201.64,201.64,198.50,200.19,196.58,195.26,185.33,165.79,,181.9930,1,187.4465,1,460,520,3.4469,3.4399,0.0070
2024-04-25,197.84,201.95,196.92,201.36,197.22,195.89,186.41,166.03,,181.9930,1,188.3798,1,221,513,3.5143,3.4548,0.0595
2024-04-26,202.93,207.00,200.72,206.85,198.79,196.75,187.48,166.29,,185.9755,1,189.2570,1,496,515,3.9650,3.5568,0.4082
2024-04-29,207.00,207.00,200.06,203.60,199.85,197.01,188.48,166.54,,185.9755,1,190.6764,1,977,530,4.0137,3.6482,0.3655
2024-04-30,203.04,203.04,196.65,197.11,200.06,197.01,189.36,166.75,,185.9755,1,191.9823,1,887,543,3.4884,3.6162,-0.1279
2024-05-01,198.91,199.67,196.68,198.87,200.73,197.26,190.31,166.97,,185.9755,1,193.1837,1,219,541,3.1774,3.5285,-0.3511
2024-05-02,201.01,201.01,197.39,200.40,201.11,197.53,191.27,167.20,,185.9755,1,194.2890,1,200,542,3.0197,3.4267,-0.4071
2024-05-03,201.84,205.70,199.38,203.94,201.53,198.02,192.21,167.45,,185.9755,1,195.3059,1,428,543,3.1440,3.3702,-0.2261
2024-05-06,205.06,206.99,198.90,201.00,201.53,198.30,192.96,167.68,,185.9755,1,196.2414,1,362,545,2.9711,3.2904,-0.3193
2024-05-07,199.82,203.96,199.82,201.87,201.52,198.64,193.50,167.92,,185.9755,1,197.1021,1,262,536,2.8712,3.2065,-0.3353
2024-05-08,201.01,203.81,201.01,203.33,201.83,199.21,194.07,168.19,,186.0594,1,197.8939,1,244,538,2.8766,3.1405,-0.2639
2024-05-09,203.61,209.50,203.35,209.50,202.65,199.93,194.84,168.50,,189.8585,1,198.6224,1,608,527,3.3403,3.1805,0.1598
2024-05-10,209.05,212.00,208.00,212.00,203.16,200.98,195.61,168.87,,193.8901,1,199.7102,1,318,531,3.8650,3.3174,0.5476
2024-05-13,212.00,216.14,202.39,202.87,203.09,201.47,196.29,169.17,,193.8901,1,201.1850,1,811,544,3.5037,3.3546,0.1490
2024-05-14,204.08,209.95,203.00,209.22,204.30,202.18,196.85,169.53,,193.8901,1,202.3900,1,607,543,3.6872,3.4212,0.2660
2024-05-15,211.30,216.10,208.85,213.83,205.80,203.26,197.57,169.90,,193.8901,1,202.3900,1,620,550,4.1567,3.5683,0.5885
2024-05-16,212.40,219.00,211.27,215.80,207.34,204.22,198.09,170.32,,195.5612,1,203.0000,1,691,552,4.6344,3.7815,0.8529
2024-05-17,215.27,215.27,198.65,200.00,206.94,204.24,198.31,170.68,172.24,195.5612,1,219.0000,0,1820,580,3.6954,3.7643,-0.0689
2024-05-20,200.11,200.11,194.84,196.62,206.50,204.02,198.56,171.01,172.21,195.5612,1,219.0000,0,649,582,2.6480,3.5410,-0.8930
2024-05-21,196.60,197.69,193.76,195.10,205.83,203.67,198.77,171.28,172.19,216.7636,0,218.0336,0,429,573,1.6759,3.1680,-1.4921
2024-05-22,195.05,197.13,193.07,197.13,205.21,203.52,198.89,171.56,172.20,215.2528,0,216.5772,0,335,563,1.0572,2.7458,-1.6887
2024-05-23,197.22,197.22,192.95,194.47,203.70,203.18,198.89,171.80,172.21,214.5035,0,214.6966,0,564,558,0.3482,2.2663,-1.9181
2024-05-24,195.47,195.47,193.94,194.71,201.98,202.57,199.08,172.10,172.20,212.6406,0,212.5219,0,175,557,-0.1922,1.7746,-1.9668
2024-05-28,192.90,194.98,192.69,194.62,201.15,202.12,199.02,172.41,172.21,210.6641,0,210.5648,0,428,526,-0.6205,1.2956,-1.9161
2024-05-29,192.86,196.05,192.86,194.62,199.69,201.99,198.88,172.72,172.21,210.5582,0,208.4198,0,292,508,-0.9490,0.8467,-1.7956
2024-05-30,196.59,198.00,194.97,196.50,197.96,201.88,198.83,173.06,172.24,210.5582,0,206.5322,0,334,507,-1.0456,0.4682,-1.5138
2024-05-31,196.42,199.00,193.27,198.99,196.28,201.81,198.83,173.40,172.30,210.5582,0,204.8711,0,1035,518,-0.9107,0.1924,-1.1031
2024-06-03,198.99,198.99,194.53,196.23,195.90,201.42,198.70,173.74,172.36,210.5582,0,203.4094,0,981,523,-1.0148,-0.0490,-0.9658
2024-06-04,194.22,195.94,194.05,194.99,195.74,201.12,198.58,174.07,172.44,209.5501,0,202.1231,0,156,516,-1.1837,-0.2759,-0.9078
2024-06-05,195.94,199.88,192.38,198.44,196.07,200.95,198.53,174.42,172.51,209.5501,0,200.9911,0,198,514,-1.0274,-0.4262,-0.6011
2024-06-06,196.25,196.25,194.21,194.91,195.85,200.53,198.68,174.73,172.59,209.5501,0,199.8800,0,97,504,-1.1748,-0.5759,-0.5988
2024-06-07,193.51,195.60,193.31,195.60,195.96,199.83,198.82,175.05,172.66,208.7173,0,199.8800,0,59,497,-1.2218,-0.7051,-0.5167
2024-06-10,194.13,194.13,188.10,189.28,195.42,198.70,198.81,175.29,172.67,206.2010,0,198.8300,0,454,490,-1.7489,-0.9139,-0.8350
2024-06-11,187.90,188.35,186.01,188.35,194.79,197.97,198.61,175.49,172.68,201.7384,0,197.1132,0,188,467,-2.2161,-1.1743,-1.0418
2024-06-12,190.89,193.88,190.25,193.18,194.65,197.17,198.53,175.79,172.71,201.7384,0,195.1146,0,174,462,-2.1716,-1.3738,-0.7979
2024-06-13,189.41,193.21,188.03,193.21,194.32,196.14,198.52,176.10,172.76,201.7384,0,193.8800,0,251,448,-2.1096,-1.5210,-0.5887
2024-06-14,190.22,190.22,180.02,180.02,192.42,194.35,198.22,176.33,172.74,201.7384,0,193.8800,0,990,462,-3.0892,-1.8346,-1.2546
2024-06-17,180.98,187.86,180.00,187.86,191.58,193.74,198.09,176.63,172.75,201.7384,0,193.2100,0,376,466,-3.1961,-2.1069,-1.0892
2024-06-18,187.50,187.95,180.00,182.32,190.32,193.03,197.83,176.89,172.73,201.7384,0,190.5680,0,802,479,-3.6853,-2.4226,-1.2627
2024-06-20,182.69,186.76,181.76,186.11,189.08,192.58,197.65,177.19,172.73,201.7384,0,188.4544,0,354,483,-3.7243,-2.6829,-1.0414
2024-06-21,184.34,189.95,180.00,189.95,188.59,192.22,197.61,177.47,172.77,201.7384,0,180.0000,1,2450,523,-3.4060,-2.8275,-0.5785
2024-06-24,188.60,188.60,182.92,184.03,187.43,191.70,197.39,177.70,172.77,201.7384,0,180.0000,1,294,524,-3.5901,-2.9801,-0.6101
2024-06-25,185.76,186.41,180.01,185.67,187.07,191.24,197.28,177.95,172.77,201.7384,0,180.0000,1,204,523,-3.5626,-3.0966,-0.4661
2024-06-26,184.47,188.86,184.44,188.06,187.04,190.92,197.18,178.24,172.79,201.7384,0,180.0100,1,320,523,-3.3098,-3.1392,-0.1706
2024-06-27,188.99,189.00,184.95,188.00,186.52,190.59,197.04,178.53,172.82,201.7384,0,180.0100,1,301,523,-3.0789,-3.1272,0.0483
2024-06-28,189.85,193.38,185.48,193.38,186.54,190.43,197.07,178.86,172.89,201.7384,0,180.2088,1,1315,544,-2.4336,-2.9884,0.5548
2024-07-01,190.59,191.58,185.56,190.00,187.54,189.98,196.94,179.16,172.95,201.7384,0,180.7356,1,665,545,-2.1700,-2.8248,0.6548
2024-07-02,191.00,191.94,185.01,185.01,187.25,189.42,196.64,179.42,173.00,201.7384,0,181.2414,1,426,544,-2.3368,-2.7272,0.3904
2024-07-03,186.99,188.14,184.81,187.66,187.79,189.05,196.37,179.68,173.10,201.7384,0,181.7270,1,188,528,-2.2294,-2.6276,0.3982
2024-07-05,186.00,186.99,181.30,183.35,187.51,188.30,196.00,179.93,173.17,201.7384,0,193.3800,0,422,523,-2.4637,-2.5948,0.1311
2024-07-08,183.50,186.55,182.51,184.91,187.01,187.80,195.70,180.20,173.27,201.7384,0,193.1384,0,314,520,-2.4948,-2.5748,0.0801
2024-07-09,185.00,188.36,185.00,186.40,187.24,187.34,195.40,180.47,173.37,201.7384,0,192.9016,0,298,521,-2.3718,-2.5342,0.1624
2024-07-10,188.64,188.64,182.98,184.56,187.13,187.10,194.95,180.71,173.46,201.7384,0,192.6696,0,295,517,-2.3952,-2.5064,0.1112
2024-07-11,185.96,192.00,182.00,190.43,187.37,187.21,194.69,180.99,173.58,201.7384,0,192.4422,0,514,508,-1.9180,-2.3887,0.4707
2024-07-12,191.00,193.80,187.14,192.78,187.85,187.19,194.60,181.29,173.72,201.7384,0,181.3000,1,501,500,-1.3348,-2.1779,0.8432
2024-07-15,193.64,196.28,193.39,195.49,188.06,187.30,194.53,181.60,173.86,201.7384,0,181.5500,1,469,505,-0.6465,-1.8716,1.2252
2024-07-16,195.99,200.94,195.28,198.95,188.95,188.25,194.51,181.92,174.03,201.7384,0,182.1392,1,776,517,0.1762,-1.4621,1.6383
2024-07-17,198.00,201.00,197.99,199.60,190.41,188.83,194.42,182.24,174.19,201.7384,0,183.2673,1,459,518,0.8706,-0.9955,1.8661
2024-07-18,199.60,200.98,196.03,196.39,191.29,189.54,194.33,182.49,174.34,201.7384,0,184.6859,1,216,515,1.1486,-0.5667,1.7153
2024-07-19,196.01,197.35,193.07,194.78,192.43,189.97,194.18,182.65,174.49,201.7384,0,185.9910,1,253,514,1.2249,-0.2084,1.4333
2024-07-22,192.98,196.26,192.00,195.71,193.51,190.26,194.03,182.75,174.65,201.7384,0,187.1917,1,235,514,1.3450,0.1023,1.2427
2024-07-23,196.52,198.50,192.24,197.74,194.64,190.94,193.80,182.88,174.82,201.7384,0,188.2964,1,494,512,1.5856,0.3990,1.1867
2024-07-24,195.96,198.11,192.56,195.23,195.71,191.42,193.46,183.03,175.02,201.7384,0,189.3127,1,293,511,1.5558,0.6303,0.9255
2024-07-25,196.00,199.56,195.32,197.84,196.45,191.91,193.36,183.22,175.21,201.7384,0,190.2477,1,356,502,1.7230,0.8489,0.8741
2024-07-26,198.38,201.90,197.50,198.97,197.07,192.46,193.16,183.41,175.44,201.7384,0,191.1078,1,318,497,1.9245,1.0640,0.8605
2024-07-29,199.60,200.22,197.23,197.71,197.29,192.68,192.83,183.60,175.63,201.7384,0,192.1871,1,376,492,1.9599,1.2432,0.7167
2024-07-30,197.58,199.39,197.58,199.39,197.34,193.15,192.51,183.80,175.87,201.7384,0,193.1584,1,100,480,2.0993,1.4144,0.6849
2024-07-31,198.99,202.00,198.00,200.75,197.45,193.93,192.52,184.01,176.14,201.7384,0,194.0325,1,381,451,2.2931,1.5901,0.7030
2024-08-01,200.00,200.00,191.61,195.50,197.36,194.32,192.50,184.18,176.38,201.7384,0,202.0000,0,332,445,2.0000,1.6721,0.3279
2024-08-02,188.58,194.30,182.95,188.10,196.69,194.56,192.36,184.32,176.55,201.7384,0,202.0000,0,188,440,1.1573,1.5691,-0.4119
2024-08-05,185.00,185.77,179.63,181.31,195.25,194.38,192.04,184.41,176.68,200.9172,0,201.2380,0,363,441,-0.0578,1.2437,-1.3016
2024-08-06,182.00,189.13,182.00,189.13,194.39,194.52,191.93,184.57,176.83,200.9172,0,199.9415,0,303,435,-0.3854,0.9179,-1.3033
2024-08-07,188.44,192.87,185.96,188.05,193.68,194.69,191.80,184.77,177.03,200.9172,0,198.7228,0,244,437,-0.7238,0.5896,-1.3133
2024-08-08,191.39,191.39,186.89,188.06,192.70,194.57,191.67,184.95,177.23,200.9172,0,197.5773,0,132,431,-0.9798,0.2757,-1.2555
2024-08-09,188.04,193.03,187.01,187.03,191.50,194.29,191.52,185.12,177.42,200.9172,0,196.5004,0,262,430,-1.2514,-0.0297,-1.2217
2024-08-12,190.00,190.33,168.42,172.17,188.95,193.12,191.03,185.17,177.55,200.9172,0,195.4882,0,1171,447,-2.6354,-0.5509,-2.0845
2024-08-13,175.84,178.03,172.51,175.97,186.61,191.97,190.57,185.23,177.69,197.8175,0,193.3227,0,211,430,-3.3865,-1.1180,-2.2685
2024-08-14,176.38,177.16,173.00,173.13,183.85,190.65,190.11,185.27,177.83,196.6207,0,191.3305,0,139,414,-4.1630,-1.7270,-2.4360
2024-08-15,178.50,183.00,175.59,183.00,182.60,189.98,189.87,185.40,178.02,196.6207,0,189.4977,0,311,417,-3.9365,-2.1689,-1.7676
2024-08-16,182.64,183.51,175.27,178.98,181.68,189.19,189.48,185.51,178.18,196.6207,0,187.8115,0,179,416,-4.0349,-2.5421,-1.4928
2024-08-19,178.70,181.50,176.00,177.95,181.35,188.30,189.14,185.63,178.33,196.6207,0,186.2601,0,338,421,-4.1482,-2.8633,-1.2849
2024-08-20,178.00,178.00,175.25,175.26,179.96,187.18,188.73,185.76,178.47,196.6207,0,184.8329,0,123,422,-4.4043,-3.1715,-1.2327
2024-08-21,176.20,183.62,176.00,177.67,178.92,186.30,188.50,185.91,178.60,196.6207,0,168.4200,1,142,416,-4.3624,-3.4097,-0.9527
2024-08-22,178.62,178.62,175.06,176.15,177.73,185.21,188.26,186.07,178.69,196.6207,0,168.7240,1,53,413,-4.4012,-3.6080,-0.7932
2024-08-23,177.00,181.79,176.31,181.79,177.21,184.35,188.03,186.27,178.85,196.6207,0,169.0219,1,509,420,-3.9315,-3.6727,-0.2588
2024-08-26,180.09,180.09,174.55,174.55,177.44,183.20,187.66,186.40,178.99,196.6207,0,169.3139,1,297,421,-4.0963,-3.7574,-0.3389
2024-08-27,176.07,177.69,175.00,176.09,177.46,182.03,187.58,186.55,179.14,195.2027,0,169.6000,1,123,404,-4.0558,-3.8171,-0.2387
2024-08-28,177.10,178.70,175.53,178.65,178.01,180.93,187.39,186.71,179.32,195.0379,0,169.8804,1,232,401,-3.7737,-3.8084,0.0347
2024-08-29,179.55,179.55,177.42,179.13,177.62,180.11,187.33,186.86,179.50,195.0379,0,170.1552,1,90,387,-3.4713,-3.7410,0.2696
2024-08-30,179.05,179.59,175.36,178.99,177.62,179.65,187.19,187.00,179.69,193.8367,0,170.4245,1,161,383,-3.2061,-3.6340,0.4279
2024-09-03,176.00,178.41,172.00,172.01,177.03,179.19,186.83,187.10,179.81,192.0275,0,170.6884,1,241,339,-3.5185,-3.6109,0.0924
2024-09-04,173.23,173.23,170.01,171.25,176.63,178.29,186.57,187.19,179.92,187.7263,0,183.6200,0,103,335,-3.7838,-3.6455,-0.1383
2024-09-05,172.90,172.99,169.69,169.69,175.83,177.38,186.25,187.29,180.03,186.8256,0,183.3478,0,170,334,-4.0730,-3.7310,-0.3420
2024-09-06,171.00,171.11,166.14,168.49,175.06,176.40,185.86,187.37,180.14,184.0531,0,182.8015,0,236,332,-4.3489,-3.8546,-0.4943
2024-09-09,170.33,170.33,164.00,164.80,173.37,175.29,185.40,187.43,180.25,182.9493,0,181.8018,0,379,334,-4.8099,-4.0457,-0.7642
2024-09-10,164.00,167.42,162.22,166.42,172.55,175.00,184.86,187.51,180.36,180.5858,0,180.3777,0,316,314,-4.9870,-4.2339,-0.7531
2024-09-11,165.00,169.49,159.69,165.71,171.51,174.49,184.37,187.59,180.46,180.5858,0,178.5619,0,911,319,-5.1255,-4.4122,-0.7133
2024-09-12,166.93,171.83,162.80,166.98,170.35,174.18,184.01,187.68,180.57,180.5858,0,176.2973,0,401,318,-5.0744,-4.5447,-0.5297
2024-09-13,168.59,172.40,164.52,171.45,169.58,173.60,183.69,187.82,180.68,180.5858,0,174.3044,0,326,321,-4.6199,-4.5597,-0.0602
2024-09-16,172.72,172.72,169.01,170.00,168.68,173.15,183.42,187.93,180.80,180.5858,0,159.6900,1,306,319,-4.3268,-4.5131,0.1863
2024-09-17,171.82,177.15,171.33,175.25,169.00,173.02,183.23,188.08,180.96,180.5858,0,159.9506,1,999,332,-3.6291,-4.3363,0.7072
2024-09-18,175.25,178.25,173.82,174.26,169.31,172.97,182.99,188.26,181.10,180.5858,0,160.6386,1,227,331,-3.1201,-4.0931,0.9730
2024-09-19,177.90,178.95,174.41,177.63,170.10,172.96,182.85,188.43,181.25,180.5858,0,161.6953,1,355,332,-2.4169,-3.7578,1.3410
2024-09-20,175.55,178.59,173.82,174.75,170.73,172.89,182.53,188.57,181.38,180.5858,0,163.0756,1,926,340,-2.0681,-3.4199,1.3518
2024-09-23,176.33,176.33,172.17,172.17,171.46,172.41,182.12,188.70,181.50,180.5858,0,164.3456,1,379,338,-1.9771,-3.1313,1.1542
2024-09-24,171.36,175.04,164.60,169.26,171.75,172.15,181.60,188.82,181.60,180.5858,0,178.9500,0,1506,359,-2.1155,-2.9282,0.8127
2024-09-25,170.33,170.38,166.63,168.80,172.05,171.78,180.99,188.92,181.69,180.5858,0,178.6630,0,658,356,-2.2364,-2.7898,0.5534
2024-09-26,171.00,172.00,169.55,171.98,172.55,171.45,180.44,189.02,181.79,180.5858,0,178.3817,0,241,352,-2.0520,-2.6423,0.5902
2024-09-27,171.15,171.18,169.72,169.72,172.38,170.98,179.91,189.07,181.84,180.5858,0,178.1061,0,204,352,-2.0645,-2.5267,0.4622
2024-09-30,171.25,172.01,167.50,172.01,172.58,170.63,179.45,189.05,181.85,180.5858,0,177.8360,0,464,356,-1.8680,-2.3950,0.5270
2024-10-01,169.41,170.09,167.96,170.08,172.07,170.53,178.94,189.01,181.80,180.5858,0,177.5713,0,323,358,-1.8467,-2.2853,0.4386
2024-10-02,167.82,169.38,165.42,169.19,171.56,170.43,178.37,189.00,181.75,180.5858,0,177.3118,0,491,358,-1.8800,-2.2043,0.3242
2024-10-03,167.11,169.25,164.62,165.42,170.34,170.22,177.77,188.95,181.72,180.5858,0,177.0576,0,347,359,-2.1854,-2.2005,0.0151
2024-10-04,168.88,172.54,167.00,169.94,169.86,170.29,177.21,188.95,181.72,180.5858,0,176.8084,0,170,355,-2.0393,-2.1682,0.1290
2024-10-07,171.05,171.05,168.20,168.20,169.46,170.46,176.60,188.87,181.71,180.5858,0,176.5643,0,185,352,-2.0403,-2.1427,0.1024
2024-10-08,169.57,172.00,166.93,168.09,169.34,170.54,176.01,188.80,181.70,180.5858,0,176.3250,0,319,351,-2.0266,-2.1194,0.0928
2024-10-09,168.08,170.48,167.52,168.95,169.36,170.71,175.40,188.66,181.70,180.5858,0,176.0905,0,253,354,-1.9242,-2.0804,0.1562
2024-10-10,167.50,173.17,167.50,170.92,169.25,170.90,174.80,188.54,181.71,180.5858,0,175.8607,0,222,351,-1.6649,-1.9973,0.3324
2024-10-11,171.63,173.60,171.50,172.05,169.48,170.93,174.33,188.46,181.72,180.5858,0,175.6355,0,189,348,-1.3526,-1.8683,0.5158
2024-10-14,170.00,170.54,168.56,170.06,169.29,170.94,173.97,188.36,181.73,180.5858,0,175.4148,0,153,348,-1.2512,-1.7449,0.4937
2024-10-15,168.92,169.70,168.92,168.92,169.17,170.62,173.72,188.22,181.74,180.5858,0,175.1985,0,186,344,-1.2485,-1.6456,0.3971
2024-10-16,168.89,171.08,168.89,171.08,169.36,170.46,173.36,188.06,181.77,180.5858,0,174.9865,0,103,340,-1.0599,-1.5285,0.4686
2024-10-17,170.90,172.50,170.89,172.50,170.07,170.20,173.05,187.98,181.84,180.5858,0,174.7788,0,190,339,-0.7867,-1.3801,0.5934
2024-10-18,173.00,173.00,171.60,172.00,170.28,170.07,172.73,187.81,181.89,180.5858,0,174.5752,0,172,340,-0.6036,-1.2248,0.6212
2024-10-21,173.00,173.00,167.50,167.52,170.21,169.83,172.34,187.58,181.92,180.5858,0,174.3757,0,436,343,-0.8107,-1.1420,0.3313
2024-10-22,168.06,168.32,165.36,165.36,169.94,169.64,172.20,187.36,181.93,177.7413,0,174.1802,0,198,324,-1.1359,-1.1408,0.0048
2024-10-23,165.41,170.90,165.41,170.90,170.13,169.74,172.10,187.17,181.95,177.7413,0,173.9886,0,342,326,-0.9359,-1.0998,0.1639
2024-10-24,170.90,170.94,168.31,170.94,170.13,169.69,172.06,186.95,181.97,177.7413,0,173.8008,0,205,328,-0.7653,-1.0329,0.2676
2024-10-25,172.94,173.00,170.95,172.28,170.16,169.82,171.84,186.76,182.01,177.7413,0,173.6168,0,620,334,-0.5161,-0.9296,0.4135
2024-10-28,172.96,173.00,171.97,172.61,170.41,169.85,171.72,186.58,182.07,177.7413,0,173.4364,0,155,334,-0.2886,-0.8014,0.5128
2024-10-29,171.05,172.89,171.05,172.79,170.80,169.99,171.61,186.48,182.13,177.7413,0,173.2597,0,121,329,-0.0927,-0.6596,0.5669
2024-10-30,172.24,173.00,171.95,173.00,170.99,170.18,171.57,186.37,182.21,177.7413,0,173.0865,0,138,329,0.0786,-0.5120,0.5906
2024-10-31,172.41,172.48,170.31,170.31,170.77,170.42,171.42,186.25,182.29,177.7413,0,173.0000,0,119,329,-0.0027,-0.4101,0.4074
2024-11-01,171.57,173.00,170.90,173.00,170.87,170.57,171.36,186.08,182.39,177.7413,0,173.0000,0,242,333,0.1482,-0.2985,0.4467
2024-11-04,170.85,173.00,170.85,173.00,171.42,170.81,171.18,185.92,182.50,177.7413,0,173.0000,0,121,325,0.2648,-0.1858,0.4506
2024-11-05,171.53,173.00,171.50,173.00,172.18,171.06,171.15,185.78,182.58,177.7413,0,173.0000,0,138,322,0.3531,-0.0780,0.4311
2024-11-06,173.00,180.99,173.00,179.97,173.09,171.61,171.23,185.68,182.72,167.3535,1,164.6000,1,2574,371,0.9742,0.1324,0.8418
2024-11-07,180.59,182.37,177.11,179.88,173.98,172.06,171.25,185.58,182.85,169.4846,1,164.9278,1,432,375,1.4426,0.3945,1.0482
2024-11-08,180.62,183.31,180.00,180.60,174.82,172.49,171.28,185.48,182.96,171.3962,1,165.6255,1,488,383,1.8506,0.6857,1.1649
2024-11-11,179.47,179.91,171.00,174.53,175.01,172.71,171.19,185.34,183.05,171.3962,1,166.6866,1,454,389,1.6649,0.8815,0.7834
2024-11-12,174.70,187.00,171.94,185.48,176.28,173.54,171.46,185.30,183.19,171.3962,1,167.6840,1,1725,418,2.3740,1.1800,1.1940
2024-11-13,186.83,205.00,186.83,204.00,179.38,175.18,172.12,185.36,183.42,176.1813,1,169.2293,1,2978,476,4.3799,1.8200,2.5599
2024-11-14,204.04,215.06,202.01,212.16,183.56,177.17,172.97,185.50,183.71,186.8597,1,171.9400,1,3098,534,6.5524,2.7665,3.7859
2024-11-15,214.12,214.78,204.94,210.00,187.26,179.07,173.80,185.62,183.97,187.4002,1,177.1144,1,3948,609,8.0076,3.8147,4.1929
2024-11-18,210.11,215.00,189.21,210.00,190.96,181.19,174.70,185.71,184.25,187.4002,1,181.6679,1,4200,685,9.0564,4.8631,4.1934
2024-11-19,209.56,211.90,205.00,209.03,194.57,183.37,175.55,185.83,184.52,187.4002,1,185.6749,1,2237,724,9.6976,5.8300,3.8676
2024-11-20,210.00,213.50,209.93,210.61,197.63,185.36,176.45,185.92,184.80,187.4002,1,189.2011,1,1453,734,10.2154,6.7071,3.5084
2024-11-21,209.64,213.95,200.01,208.50,200.49,187.24,177.28,185.98,185.08,187.4002,1,192.3042,1,1647,759,10.3364,7.4329,2.9035
2024-11-22,208.49,208.49,203.81,206.41,203.07,188.94,177.98,186.02,185.36,187.4002,1,195.0349,1,908,771,10.1467,7.9757,2.1710
2024-11-25,208.88,211.69,205.15,206.98,206.32,190.66,178.72,186.05,185.63,187.4002,1,197.4379,1,1635,798,9.9279,8.3661,1.5618
2024-11-26,205.88,208.00,201.03,206.86,208.46,192.37,179.35,186.09,185.90,187.4002,1,199.5526,1,1158,801,9.6338,8.6197,1.0141
2024-11-27,207.44,217.69,204.31,215.00,209.56,194.47,180.17,186.18,186.24,187.4002,1,201.0300,1,2086,838,9.9429,8.8843,1.0586
2024-11-29,214.33,216.00,208.71,210.43,209.38,196.47,180.82,186.21,186.53,187.4002,1,201.0300,1,316,837,9.7072,9.0489,0.6583
2024-12-02,212.43,219.50,208.39,216.04,209.99,198.62,181.65,186.29,186.84,187.4002,1,203.3624,1,2420,867,9.8594,9.2110,0.6484
2024-12-03,217.73,226.30,216.93,224.00,211.39,201.17,182.69,186.47,187.19,194.4361,1,205.9444,1,3651,932,10.5013,9.4691,1.0323
2024-12-04,224.00,228.98,221.46,224.18,212.90,203.73,183.79,186.64,187.56,198.5030,1,208.3900,1,1457,931,10.8989,9.7550,1.1439
2024-12-05,228.05,231.50,219.52,230.00,214.84,206.23,185.01,186.84,187.95,198.5030,1,212.5080,1,2461,967,11.5505,10.1141,1.4364
2024-12-06,232.28,236.51,225.00,229.67,216.96,208.72,186.16,187.01,188.31,202.4267,1,216.3064,1,2871,1020,11.9031,10.4719,1.4311
2024-12-09,229.97,233.66,226.24,226.31,218.95,211.01,187.30,187.18,188.62,202.4267,1,219.5200,1,996,1036,11.7756,10.7326,1.0429
2024-12-10,230.27,232.49,224.00,228.60,221.11,213.71,188.43,187.35,188.89,202.4267,1,222.9180,1,1440,1055,11.7242,10.9310,0.7932
2024-12-11,231.71,234.60,228.50,230.79,223.50,215.98,189.64,187.54,189.17,204.9733,1,224.0000,1,1431,1078,11.7250,11.0898,0.6353
2024-12-12,234.49,239.68,230.67,236.10,225.61,217.58,190.98,187.72,189.50,208.5529,1,224.0000,1,1440,1097,12.0156,11.2749,0.7407
2024-12-13,238.71,239.66,230.82,230.83,227.65,218.52,192.29,187.84,189.78,208.6282,1,227.1360,1,739,1104,11.6860,11.3572,0.3289
2024-12-16,231.01,244.27,220.75,236.24,229.67,219.83,193.61,188.06,190.12,208.6282,1,239.6800,0,1559,1132,11.7261,11.4310,0.2952
2024-12-17,235.00,265.73,232.10,256.69,232.94,222.16,195.38,188.38,190.50,210.9200,1,220.7500,1,4312,1215,13.2553,11.7958,1.4595
2024-12-18,256.04,262.45,235.90,236.41,234.16,223.53,196.75,188.53,190.79,210.9200,1,220.7500,1,2293,1254,12.6845,11.9736,0.7110
2024-12-19,236.87,254.99,232.34,243.70,235.53,225.19,198.24,188.72,191.06,210.9200,1,221.6496,1,11040,1470,12.6743,12.1137,0.5606
2024-12-20,238.92,253.13,234.01,250.68,237.64,227.30,199.84,189.05,191.37,210.9200,1,222.5312,1,25218,1970,13.0787,12.3067,0.7720
2024-12-23,250.34,258.99,248.00,253.59,240.36,229.65,201.47,189.43,191.72,210.9200,1,223.3952,1,6898,2104,13.4786,12.5411,0.9375
2024-12-24,255.37,266.93,255.20,264.55,243.96,232.53,203.36,189.90,192.11,216.8345,1,224.2419,1,2989,2161,14.5126,12.9354,1.5772
2024-12-26,262.59,271.35,260.46,262.92,247.17,235.34,205.24,190.34,192.47,222.8305,1,225.9494,1,2182,2201,15.0273,13.3538,1.6735
2024-12-27,259.14,266.99,252.62,257.20,249.28,237.45,206.96,190.75,192.79,222.8305,1,228.6734,1,2752,2254,14.8030,13.6436,1.1594
2024-12-30,249.70,262.98,249.59,256.00,251.80,239.73,208.63,191.16,193.14,222.8305,1,231.2340,1,2278,2295,14.3629,13.7875,0.5754
2024-12-31,255.76,262.69,251.87,254.29,253.60,241.64,210.28,191.56,193.42,222.8305,1,233.6410,1,6179,2416,13.7180,13.7736,-0.0556
2025-01-02,254.29,257.08,244.98,249.96,252.93,242.94,211.93,191.93,193.67,222.8305,1,235.9035,1,2775,2462,12.7109,13.5611,-0.8501
2025-01-03,247.60,269.00,244.70,257.76,255.07,244.61,213.78,192.34,193.96,222.8305,1,238.0303,1,8377,2626,12.3993,13.3287,-0.9294
2025-01-06,257.68,260.00,248.05,248.17,255.51,245.52,215.32,192.67,194.21,222.8305,1,240.0295,1,1787,2655,11.2489,12.9127,-1.6639
2025-01-07,245.52,248.20,229.74,236.40,254.08,245.86,216.63,192.93,194.37,222.8305,1,271.3500,0,4515,2741,9.2804,12.1863,-2.9059
2025-01-08,233.07,234.00,227.23,228.11,251.54,245.95,217.75,193.15,194.51,222.8305,1,270.5178,0,1848,2766,6.9711,11.1432,-4.1722
2025-01-10,224.34,228.93,214.18,218.16,246.90,245.43,218.66,193.29,194.60,264.6716,0,268.7863,0,2291,2808,4.2886,9.7723,-5.4837
2025-01-13,217.31,221.08,215.48,218.32,242.44,244.80,219.57,193.44,194.75,258.7650,0,265.5099,0,1288,2832,2.1509,8.2480,-6.0972
2025-01-14,222.03,223.00,216.80,219.18,238.64,243.96,220.49,193.60,194.90,258.1965,0,262.4301,0,1512,2859,0.5201,6.7024,-6.1824
2025-01-15,223.00,223.10,217.22,218.97,234.93,243.37,221.47,193.80,195.05,256.3908,0,259.5351,0,898,2875,-0.7803,5.2059,-5.9862
2025-01-16,219.36,219.36,213.10,214.39,230.94,242.27,222.29,193.97,195.13,250.7158,0,256.8138,0,600,2882,-2.1556,3.7336,-5.8892
2025-01-17,216.15,219.97,215.50,218.34,227.78,240.36,223.20,194.14,195.24,250.4462,0,253.3167,0,1245,2904,-2.8934,2.4082,-5.3016
2025-01-21,221.22,223.69,215.32,220.92,224.10,239.58,224.16,194.32,195.37,250.4462,0,250.0994,0,751,2917,-3.2327,1.2800,-4.5127
2025-01-22,221.34,224.75,219.43,221.57,221.44,238.47,224.99,194.60,195.50,250.4462,0,247.1394,0,753,2880,-3.4098,0.3421,-3.7519
2025-01-23,218.87,222.53,218.87,222.05,220.00,237.04,225.83,194.83,195.64,249.1148,0,244.4163,0,1221,2896,-3.4714,-0.4206,-3.0508
2025-01-24,220.38,225.91,220.38,225.24,219.71,235.63,226.73,195.11,195.79,249.1148,0,241.9110,0,1059,2907,-3.2257,-0.9816,-2.2440
2025-01-27,223.42,234.35,223.42,228.09,220.71,233.80,227.80,195.39,195.96,249.1148,0,239.6061,0,1026,2919,-2.7690,-1.3391,-1.4299
2025-01-28,226.28,232.18,226.28,229.73,221.85,232.14,228.68,195.66,196.15,249.1148,0,237.4856,0,735,2899,-2.2489,-1.5211,-0.7278
2025-01-29,227.26,232.87,226.93,231.70,223.10,230.87,229.24,195.98,196.33,249.1148,0,235.5348,0,1228,2864,-1.6586,-1.5486,-0.1100
2025-01-30,230.73,236.50,230.73,233.86,224.59,229.76,229.67,196.30,196.54,249.1148,0,213.1000,1,819,2818,-1.0049,-1.4398,0.4350
2025-01-31,235.47,235.90,228.93,232.01,226.35,228.65,230.11,196.59,196.74,249.1148,0,213.5680,1,835,2756,-0.6288,-1.2776,0.6488
2025-02-03,227.56,232.22,225.00,228.79,227.40,227.59,230.49,196.86,196.91,249.1148,0,214.0266,1,412,2680,-0.5839,-1.1389,0.5550
2025-02-04,230.84,237.05,230.22,234.75,228.78,226.44,231.00,197.14,197.12,249.1148,0,214.4761,1,634,2648,-0.0666,-0.9244,0.8578
2025-02-05,236.00,239.51,232.36,235.33,230.15,225.80,231.50,197.44,197.31,249.1148,0,215.3791,1,918,2638,0.3857,-0.6624,1.0481
2025-02-06,233.81,237.50,231.03,233.33,231.28,225.64,231.99,197.76,197.48,249.1148,0,216.8269,1,350,2612,0.5761,-0.4147,0.9908
2025-02-07,232.34,235.61,230.18,231.21,231.88,225.80,232.49,198.05,197.63,249.1148,0,218.1879,1,855,2611,0.5496,-0.2218,0.7715
2025-02-10,234.36,239.75,234.00,236.69,232.74,226.72,233.08,198.41,197.81,249.1148,0,219.4672,1,568,2589,0.9598,0.0145,0.9453
2025-02-11,236.24,244.32,236.24,240.05,233.77,227.81,233.75,198.78,198.01,249.1148,0,221.0899,1,528,2577,1.5382,0.3192,1.2190
2025-02-12,240.76,241.13,235.91,237.56,234.36,228.73,234.20,199.12,198.19,249.1148,0,223.4129,1,618,2547,1.7752,0.6104,1.1648
2025-02-13,239.72,245.00,235.64,242.88,235.26,229.92,234.85,199.51,198.37,249.1148,0,225.5036,1,534,2552,2.3651,0.9614,1.4037
2025-02-14,245.00,246.02,241.07,241.83,236.24,231.30,235.36,199.85,198.56,249.1148,0,227.8432,1,484,2513,2.7165,1.3124,1.4041
2025-02-18,240.88,247.57,234.05,238.75,237.24,232.32,235.66,200.16,198.77,249.1148,0,230.3879,1,812,2456,2.7152,1.5929,1.1222
2025-02-19,240.00,256.15,239.50,251.88,238.95,233.87,236.21,200.53,199.03,221.3086,1,233.1370,1,1536,2458,3.7306,2.0205,1.7101
2025-02-20,250.28,254.99,243.10,244.00,239.82,234.99,236.49,200.83,199.25,221.3086,1,234.0500,1,1488,2438,3.8551,2.3874,1.4677
2025-02-21,246.85,246.85,233.61,234.28,239.91,235.60,236.58,201.06,199.40,221.3086,1,256.1500,0,1382,2409,3.1332,2.5366,0.5967
2025-02-24,235.00,242.50,235.00,237.11,240.50,236.19,236.80,201.33,199.58,221.3086,1,255.6992,0,830,2405,2.7578,2.5808,0.1770
2025-02-25,237.20,243.27,237.20,241.79,241.01,236.88,237.06,201.65,199.78,221.3086,1,255.2574,0,798,2392,2.8055,2.6257,0.1798
2025-02-26,239.86,248.04,239.86,245.45,241.55,237.66,237.36,201.98,199.99,221.3086,1,254.8245,0,982,2383,3.1029,2.7212,0.3817
2025-02-27,245.00,245.45,239.78,242.33,242.03,238.19,237.48,202.28,200.16,221.3086,1,254.4002,0,436,2363,3.0516,2.7873,0.2644
2025-02-28,244.62,245.12,238.76,245.12,242.25,238.76,237.77,202.61,200.32,221.3086,1,253.9844,0,1446,2378,3.1993,2.8697,0.3296
2025-03-03,243.00,244.00,222.00,228.79,240.95,238.60,237.62,202.82,200.45,221.3086,1,253.5769,0,1990,2386,1.9758,2.6909,-0.7151
2025-03-04,223.10,230.47,220.61,222.01,239.28,238.26,236.92,202.97,200.52,221.3086,1,252.3138,0,1132,2323,0.4539,2.2435,-1.7896
2025-03-05,222.01,224.98,217.70,224.36,236.52,237.74,236.68,203.15,200.57,221.3086,1,250.4116,0,920,2295,-0.5562,1.6835,-2.2398
2025-03-06,221.99,224.36,219.54,221.90,234.31,237.07,236.25,203.30,200.60,221.3086,1,247.7947,0,1265,2100,-1.5375,1.0393,-2.5769
2025-03-07,221.81,225.20,214.01,217.89,232.67,236.29,235.59,203.41,200.69,247.7913,0,245.3871,0,697,1609,-2.6087,0.3097,-2.9184
2025-03-10,214.76,222.52,211.01,212.58,230.22,235.36,234.77,203.52,200.77,245.5857,0,242.2494,0,1658,1504,-3.8418,-0.5206,-3.3212
2025-03-11,214.78,219.80,207.69,214.35,227.48,234.25,233.77,203.70,200.86,243.3166,0,238.5006,0,1822,1481,-4.6229,-1.3411,-3.2819
2025-03-12,219.69,221.66,214.31,216.45,224.58,233.07,232.84,203.93,200.96,243.3166,0,234.1872,0,693,1451,-5.0147,-2.0758,-2.9389
2025-03-13,214.22,220.72,210.45,210.60,221.40,231.72,231.91,204.08,201.04,243.3166,0,230.4776,0,379,1404,-5.7312,-2.8069,-2.9243
2025-03-14,213.00,217.84,212.68,216.56,218.55,230.40,231.12,204.27,201.15,243.3166,0,227.2873,0,866,1376,-5.7518,-3.3959,-2.3559
2025-03-17,217.61,217.98,210.51,212.07,216.88,228.91,230.27,204.43,201.24,241.9458,0,224.5437,0,742,1267,-6.0606,-3.9288,-2.1318
2025-03-18,208.69,212.39,207.00,208.00,215.48,227.38,229.43,204.57,201.30,236.2427,0,222.1842,0,499,1221,-6.5581,-4.4547,-2.1034
2025-03-19,209.31,222.97,207.35,220.43,215.08,225.80,228.69,204.89,201.42,236.2427,0,207.0000,1,639,1067,-5.8816,-4.7400,-1.1415
2025-03-20,219.85,225.79,219.85,224.03,215.30,224.80,228.20,205.21,201.55,236.2427,0,207.0000,1,605,1043,-4.9973,-4.7915,-0.2058
2025-03-21,220.46,221.00,211.17,211.81,214.69,223.68,227.71,205.47,201.63,236.2427,0,207.3500,1,1334,979,-5.2224,-4.8777,-0.3447
2025-03-24,215.77,221.00,213.88,218.71,215.30,222.76,227.52,205.71,201.75,236.2427,0,208.0876,1,831,959,-4.7888,-4.8599,0.0711
2025-03-25,216.18,218.85,208.63,209.93,214.86,221.17,227.36,205.91,201.80,236.2427,0,225.7900,0,1763,948,-5.0949,-4.9069,-0.1880
2025-03-26,211.13,212.25,207.01,211.40,214.35,219.47,227.22,206.13,201.89,236.2427,0,225.4468,0,1184,946,-5.1594,-4.9574,-0.2020
2025-03-27,209.52,225.39,208.34,224.07,215.70,218.55,227.32,206.46,202.03,236.2427,0,207.0100,1,2173,960,-4.1405,-4.7940,0.6536
2025-03-28,221.67,221.67,213.53,216.14,215.66,217.10,227.26,206.72,202.16,236.2427,0,207.0100,1,973,961,-3.9275,-4.6207,0.6932
2025-03-31,215.88,220.03,209.00,216.54,216.11,216.49,227.31,206.99,202.30,236.2427,0,207.3776,1,4223,1033,-3.6841,-4.4334,0.7493
2025-04-01,214.65,216.14,210.63,213.01,216.61,216.04,227.20,207.19,202.40,236.2427,0,207.7378,1,959,1028,-3.7329,-4.2933,0.5604
2025-04-02,209.46,217.96,209.46,216.41,216.20,215.64,227.11,207.47,202.52,236.2427,0,208.0909,1,563,1024,-3.4574,-4.1261,0.6687
2025-04-03,209.12,215.00,208.46,213.30,215.13,215.21,226.94,207.72,202.69,236.2427,0,208.4369,1,1045,1030,-3.4502,-3.9909,0.5407
2025-04-04,208.27,208.27,201.56,203.78,214.33,214.51,226.58,207.89,202.76,233.8138,0,225.3900,0,978,1025,-4.1647,-4.0257,-0.1390
2025-04-07,200.31,207.30,199.33,202.02,212.66,213.98,226.11,208.04,202.86,231.7149,0,224.9134,0,606,1016,-4.8175,-4.1841,-0.6334
2025-04-08,208.41,213.36,200.83,203.60,212.03,213.44,225.62,208.21,202.95,231.7149,0,223.8901,0,672,1009,-5.1479,-4.3768,-0.7711
2025-04-09,203.64,221.00,200.33,217.29,212.62,213.48,225.37,208.51,203.09,231.7149,0,222.9077,0,2086,1036,-4.2561,-4.3527,0.0966
2025-04-10,212.08,212.08,202.36,204.26,210.63,213.17,224.83,208.73,203.19,231.7149,0,221.9646,0,837,1028,-4.5483,-4.3918,-0.1565
2025-04-11,203.99,209.97,195.05,209.68,209.99,212.82,224.34,208.99,203.31,231.7149,0,221.0592,0,755,1027,-4.2930,-4.3721,0.0790
2025-04-14,210.03,216.19,208.64,214.39,209.77,212.94,223.99,209.30,203.44,231.7149,0,219.4986,0,643,1023,-3.6684,-4.2313,0.5629
2025-04-15,216.69,218.76,213.26,216.00,210.07,213.34,223.73,209.64,203.58,231.7149,0,195.0500,1,497,1025,-3.0087,-3.9868,0.9781
2025-04-16,216.02,216.02,207.15,208.85,209.32,212.76,223.22,209.92,203.66,231.7149,0,195.5242,1,627,1024,-3.0280,-3.7950,0.7670
2025-04-17,209.37,222.44,206.62,220.03,209.99,212.56,222.91,210.29,203.81,231.7149,0,195.9889,1,1540,1037,-2.1168,-3.4594,1.3426
2025-04-21,215.93,220.00,214.75,216.52,211.26,212.80,222.57,210.62,203.97,231.7149,0,197.0470,1,606,1042,-1.6587,-3.0993,1.4406
2025-04-22,218.09,229.46,217.64,219.61,213.02,212.84,222.34,210.94,204.13,231.7149,0,198.0627,1,615,1037,-1.0344,-2.6863,1.6519
2025-04-23,224.62,227.89,222.10,223.52,215.01,213.52,222.08,211.29,204.33,231.7149,0,199.9465,1,7667,1179,-0.2216,-2.1933,1.9717
2025-04-24,222.74,228.95,222.26,226.99,215.99,214.30,221.82,211.64,204.54,231.7149,0,201.7173,1,1929,1207,0.6946,-1.6158,2.3103
2025-04-25,224.47,231.79,221.50,223.40,217.90,214.27,221.53,211.97,204.72,231.7149,0,203.3819,1,4312,1281,1.1180,-1.0690,2.1870
2025-04-28,222.49,232.54,222.29,232.54,220.19,215.09,221.33,212.33,204.96,197.0901,1,205.6545,1,6744,1405,2.1662,-0.4220,2.5882
2025-04-29,229.13,238.58,227.39,232.22,221.97,215.87,221.13,212.72,205.17,202.3356,1,208.3431,1,1509,1426,2.9372,0.2499,2.6873
2025-04-30,228.93,234.56,222.54,232.91,223.66,216.87,221.02,213.12,205.37,202.3356,1,211.9715,1,1234,1434,3.5628,0.9125,2.6504
2025-05-01,237.00,237.00,225.70,226.56,225.43,217.37,220.51,213.50,205.53,202.3356,1,215.1645,1,1767,1439,3.5058,1.4311,2.0747
2025-05-02,228.57,237.29,227.13,233.95,226.82,218.41,220.31,213.94,205.70,202.3356,1,217.9744,1,2246,1454,4.0108,1.9471,2.0637
2025-05-05,228.84,239.42,228.84,232.83,228.45,219.86,220.28,214.34,205.87,202.5751,1,220.4471,1,2142,1469,4.2713,2.4119,1.8594
2025-05-06,229.42,235.72,229.42,235.46,230.04,221.53,220.25,214.78,206.06,202.5751,1,223.1033,1,1436,1481,4.6365,2.8568,1.7797
2025-05-07,237.76,239.17,233.04,237.11,231.40,223.21,220.16,215.22,206.27,207.0055,1,225.3876,1,7398,1613,5.0015,3.2858,1.7157
2025-05-08,239.95,247.04,239.16,243.18,233.02,224.50,220.11,215.70,206.51,213.9315,1,227.3521,1,1581,1625,5.7146,3.7715,1.9431
2025-05-09,241.76,246.46,238.28,239.53,234.63,226.26,220.05,216.17,206.72,213.9315,1,230.5022,1,1054,1638,5.9171,4.2007,1.7164
2025-05-12,247.21,247.21,232.00,237.00,235.08,227.63,219.89,216.65,206.93,213.9315,1,247.0400,0,2512,1659,5.8064,4.5218,1.2846
2025-05-13,238.53,242.00,234.28,237.40,235.59,228.78,220.06,217.10,207.13,213.9315,1,247.2100,0,902,1637,5.6855,4.7545,0.9309
2025-05-14,237.31,238.70,234.00,237.12,236.01,229.84,220.37,217.56,207.32,213.9315,1,247.2100,0,925,1633,5.5036,4.9044,0.5992
2025-05-15,236.69,241.00,236.41,239.00,237.26,231.34,220.66,218.03,207.52,213.9315,1,246.9058,0,621,1627,5.4483,5.0132,0.4352
2025-05-16,240.15,243.80,237.38,241.74,238.04,232.43,221.06,218.52,207.74,214.6501,1,246.6077,0,1233,1626,5.5615,5.1228,0.4387
2025-05-19,240.80,243.05,237.78,241.53,238.91,233.68,221.53,218.99,207.94,215.4880,1,246.3155,0,1159,1636,5.5701,5.2123,0.3578
2025-05-20,241.77,244.27,235.70,237.52,239.11,234.58,222.03,219.42,208.15,215.4880,1,246.0292,0,760,1618,5.1934,5.2085,-0.0151
2025-05-21,235.20,239.11,230.12,234.33,238.83,235.12,222.43,219.85,208.38,215.4880,1,245.7486,0,2015,1622,4.5847,5.0837,-0.4991
2025-05-22,233.10,246.98,233.10,246.42,239.16,236.09,223.03,220.37,208.71,215.4880,1,230.1200,1,24297,2094,5.0199,5.0710,-0.0511
2025-05-23,244.74,253.61,242.70,246.97,239.90,237.27,223.75,220.87,209.00,220.7210,1,230.1200,1,2396,2134,5.3476,5.1263,0.2213
2025-05-27,250.00,255.75,244.78,251.10,241.31,238.19,224.44,221.40,209.31,222.2834,1,231.0596,1,25487,2626,5.8728,5.2756,0.5972
2025-05-28,250.03,263.95,249.01,261.07,243.68,239.64,225.42,221.99,209.68,226.8146,1,232.5410,1,36550,3343,7.0128,5.6230,1.3897
2025-05-29,260.23,267.00,250.64,252.75,245.24,240.63,226.32,222.56,210.01,227.2131,1,235.0537,1,29926,3931,7.1622,5.9309,1.2314
2025-05-30,253.04,256.08,244.01,247.14,246.06,241.66,226.85,223.11,210.38,227.2131,1,238.2484,1,15965,4238,6.7502,6.0947,0.6555
2025-06-02,247.14,255.97,245.07,251.81,247.06,242.55,227.41,223.64,210.76,227.2131,1,241.1235,1,5741,4340,6.7230,6.2204,0.5026
2025-06-03,254.19,261.35,248.97,254.23,248.33,243.62,228.26,224.20,211.16,227.2131,1,243.7112,1,4119,4396,6.8181,6.3399,0.4782
2025-06-04,253.55,266.06,253.55,260.33,250.61,244.86,229.09,224.79,211.55,227.2131,1,245.0700,1,15359,4687,7.3015,6.5323,0.7693
2025-06-05,260.62,262.08,254.02,257.11,252.89,245.86,230.03,225.35,211.94,227.2131,1,247.2630,1,10644,4864,7.3402,6.6938,0.6464
2025-06-06,260.20,264.47,256.16,263.70,254.62,246.89,231.08,225.96,212.37,228.8176,1,249.2367,1,5511,4951,7.8126,6.9176,0.8950
2025-06-09,265.00,271.00,261.09,267.07,256.63,248.27,231.94,226.58,212.83,234.7243,1,251.0130,1,17814,5264,8.3625,7.2066,1.1559
2025-06-10,269.91,272.17,265.55,266.44,258.16,249.74,232.95,227.22,213.27,238.6854,1,253.4115,1,2664,5297,8.6477,7.4948,1.1529
2025-06-11,267.08,267.09,255.81,257.19,257.78,250.73,233.76,227.79,213.68,238.6854,1,272.1700,0,3112,5275,8.0348,7.6028,0.4320
2025-06-12,257.03,261.54,253.59,258.72,258.37,251.81,234.67,228.36,214.06,238.6854,1,272.1700,0,2768,5311,7.5850,7.5992,-0.0142
2025-06-13,255.48,258.72,251.90,256.52,259.31,252.68,235.47,228.91,214.47,238.6854,1,271.4268,0,6695,5434,6.9707,7.4735,-0.5028
2025-06-16,260.25,273.76,255.87,273.18,261.45,254.26,236.67,229.54,214.96,238.6854,1,251.9000,1,12020,5654,7.7390,7.5266,0.2124
2025-06-17,271.66,274.12,266.77,272.12,263.24,255.79,238.04,230.15,215.43,239.9757,1,251.9000,1,6830,5771,8.1682,7.6549,0.5132
2025-06-18,273.83,278.36,271.99,274.29,264.63,257.62,239.48,230.77,215.90,245.8416,1,252.7888,1,5623,5871,8.5844,7.8408,0.7436
2025-06-20,274.95,283.48,271.99,282.57,267.18,260.04,241.06,231.49,216.42,247.8880,1,254.3231,1,5990,5977,9.4733,8.1673,1.3059
2025-06-23,283.70,292.50,281.92,291.95,270.01,262.31,242.56,232.20,217.02,257.1737,1,256.6556,1,4554,6027,10.8099,8.6959,2.1141
2025-06-24,293.50,296.40,286.44,287.32,272.03,264.33,244.22,232.76,217.60,261.3993,1,260.2401,1,4511,6100,11.3647,9.2296,2.1350
2025-06-25,286.83,293.41,283.29,289.48,274.33,266.25,245.81,233.28,218.20,261.3993,1,264.5793,1,5847,6202,11.8421,9.7521,2.0900
2025-06-26,292.08,293.18,286.65,289.32,277.55,267.66,247.31,233.80,218.80,261.3993,1,268.3977,1,3790,6265,12.0684,10.2154,1.8530
2025-06-27,291.72,295.00,286.23,291.47,280.82,269.60,248.82,234.35,219.44,261.8767,1,271.7580,1,6325,6381,12.2797,10.6282,1.6515
2025-06-30,293.30,293.81,289.07,292.21,284.39,271.85,250.49,234.90,220.07,264.1535,1,274.7150,1,10286,6575,12.3643,10.9754,1.3889
2025-07-01,289.28,298.49,285.25,294.14,286.49,273.97,251.97,235.46,220.71,264.1535,1,277.3172,1,4794,6640,12.4437,11.2691,1.1746
2025-07-02,294.14,297.50,289.99,292.17,288.49,275.87,253.48,236.02,221.33,265.8151,1,280.2814,1,2980,6687,12.2069,11.4566,0.7502
2025-07-03,291.83,293.43,286.62,290.00,290.06,277.35,254.89,236.57,221.93,265.8151,1,282.8306,1,3132,6738,11.7092,11.5072,0.2020
2025-07-07,288.00,288.88,282.42,287.63,290.57,278.87,256.17,237.11,222.51,265.8151,1,298.4900,0,4372,6672,10.9967,11.4051,-0.4083
2025-07-08,287.51,295.81,285.31,295.50,290.92,280.46,257.55,237.70,223.12,265.8151,1,298.1686,0,3782,6709,10.9410,11.3123,-0.3712
2025-07-09,297.00,301.82,289.27,301.34,292.33,282.18,259.10,238.28,223.75,267.2889,1,282.4200,1,7112,6765,11.2386,11.2975,-0.0590
2025-07-10,300.14,308.62,295.58,298.67,293.25,283.79,260.43,238.87,224.36,272.7575,1,282.8080,1,5077,6731,11.1306,11.2641,-0.1335
2025-07-11,297.34,297.34,290.92,296.70,293.98,285.77,261.72,239.40,224.97,272.7575,1,283.8405,1,5786,6817,10.7620,11.1637,-0.4017
2025-07-14,295.62,298.50,288.53,294.07,294.24,287.53,262.94,239.87,225.58,272.7575,1,284.8317,1,5293,6898,10.1408,10.9591,-0.8183
2025-07-15,293.96,294.58,289.57,293.69,294.39,289.39,264.28,240.33,226.20,272.7575,1,285.7832,1,5051,6964,9.5082,10.6690,-1.1607
2025-07-16,293.93,298.81,289.43,297.15,294.69,290.59,265.55,240.78,226.84,272.7575,1,286.6967,1,9776,7114,9.1803,10.3712,-1.1909
2025-07-17,298.18,301.10,294.58,300.56,295.53,292.01,266.90,241.26,227.48,272.7575,1,287.5736,1,3757,7147,9.0907,10.1151,-1.0244
2025-07-18,303.49,305.66,298.70,304.83,297.01,293.54,268.29,241.78,228.16,276.0275,1,288.4155,1,4054,7199,9.2576,9.9436,-0.6860
2025-07-21,307.36,317.61,303.96,315.91,299.84,295.21,269.86,242.36,228.88,283.1527,1,289.2236,1,7645,7204,10.1667,9.9883,0.1785
2025-07-22,317.90,323.91,314.60,322.64,302.56,296.74,271.45,242.97,229.64,291.5930,1,290.9268,1,5388,7280,11.3000,10.2506,1.0494
2025-07-23,324.41,328.65,319.00,324.71,304.89,298.61,273.16,243.56,230.42,296.0342,1,293.5655,1,6267,7384,12.2243,10.6453,1.5789
2025-07-24,322.42,322.42,312.64,313.69,306.40,299.82,274.69,244.12,231.16,296.0342,1,297.0739,1,5803,7450,11.9300,10.9023,1.0277
2025-07-25,313.00,320.77,309.99,319.55,308.68,301.33,276.33,244.67,231.91,296.0342,1,300.2315,1,7414,7580,12.0309,11.1280,0.9029
2025-07-28,319.75,319.75,311.24,313.90,310.66,302.45,277.87,245.05,232.64,296.0342,1,303.0734,1,8852,7739,11.5222,11.2068,0.3154
2025-07-29,313.01,318.00,305.65,309.14,312.21,303.30,279.27,245.54,233.34,296.0342,1,305.6310,1,10696,7941,10.6126,11.0880,-0.4754
2025-07-30,310.82,316.05,306.71,310.75,313.57,304.13,280.65,245.98,234.05,296.0342,1,305.6500,1,7520,8066,9.9075,10.8519,-0.9444
2025-07-31,307.01,309.96,301.35,308.32,314.34,304.94,281.99,246.37,234.74,296.0342,1,328.6500,0,4656,8136,9.0483,10.4912,-1.4429
2025-08-01,308.53,310.44,297.26,298.97,313.76,305.39,283.22,246.67,235.37,296.0342,1,328.1040,0,4485,8211,7.5261,9.8982,-2.3721
2025-08-04,299.93,305.09,293.08,294.23,311.59,305.72,284.41,246.87,235.99,329.9254,0,326.8702,0,3766,8246,5.8696,9.0925,-3.2228
2025-08-05,295.91,295.91,289.46,291.89,308.52,305.54,285.32,247.06,236.61,322.3764,0,324.8428,0,4524,7850,4.3183,8.1376,-3.8193
2025-08-06,290.86,299.30,289.55,291.79,305.22,305.06,286.22,247.29,237.21,322.3764,0,322.0122,0,7908,7960,3.0456,7.1192,-4.0736
2025-08-07,292.80,295.91,281.30,281.31,301.99,304.19,286.82,247.46,237.75,319.6705,0,319.4080,0,2279,7496,1.1778,5.9309,-4.7531
2025-08-08,282.18,282.18,273.39,275.24,297.55,303.12,287.11,247.60,238.27,308.3810,0,315.5972,0,5312,6872,-0.7832,4.5881,-5.3713
2025-08-11,274.85,288.49,274.05,284.36,294.60,302.63,287.74,247.83,238.86,308.3810,0,310.5324,0,6938,6412,-1.5831,3.3539,-4.9370
2025-08-12,284.31,288.27,277.07,283.95,292.08,302.14,288.48,248.01,239.45,308.3810,0,306.0753,0,13147,6355,-2.2246,2.2382,-4.4627
2025-08-13,284.93,291.10,279.14,287.22,289.73,301.65,289.18,248.27,240.03,308.3810,0,302.1530,0,8186,6404,-2.4409,1.3024,-3.7433
2025-08-14,285.46,290.20,280.00,288.27,287.72,301.03,289.87,248.61,240.62,308.3810,0,298.7015,0,4699,6416,-2.4988,0.5421,-3.0409
2025-08-15,290.04,318.36,288.35,312.89,289.12,301.44,290.92,249.18,241.32,265.3094,1,273.3900,1,16927,6447,-0.5517,0.3234,-0.8751
2025-08-18,313.58,317.75,302.65,303.10,290.00,300.80,291.84,249.74,241.97,271.4290,1,274.2894,1,6365,6362,0.1991,0.2985,-0.0994
2025-08-19,300.64,309.67,300.01,305.00,291.31,299.91,292.66,250.32,242.63,271.4290,1,275.1708,1,10767,6467,0.9367,0.4261,0.5105
2025-08-20,304.99,305.60,299.05,302.05,292.34,298.78,293.36,250.87,243.28,271.4290,1,276.0346,1,4682,6204,1.2685,0.5946,0.6739
2025-08-21,302.64,303.00,291.74,295.62,293.77,297.88,293.95,251.38,243.90,271.4290,1,276.8811,1,4050,6232,1.0011,0.6759,0.3252
2025-08-22,298.21,311.69,293.03,305.54,296.80,297.18,294.91,251.99,244.57,271.4290,1,277.7107,1,7425,6318,1.5715,0.8550,0.7165
2025-08-25,304.83,312.33,299.70,303.88,298.75,296.68,295.82,252.56,245.22,271.4290,1,278.5237,1,14130,6545,1.8681,1.0577,0.8105
2025-08-26,306.72,314.27,305.43,310.96,301.45,296.77,296.90,253.16,245.91,272.7210,1,279.3204,1,6344,6538,2.6440,1.3749,1.2691
2025-08-27,314.07,316.92,308.53,316.92,304.42,297.08,297.78,253.80,246.60,276.7919,1,280.1012,1,10332,6505,3.6972,1.8394,1.8578
2025-08-28,319.73,319.99,310.06,319.80,307.58,297.65,298.73,254.45,247.30,279.7062,1,280.8664,1,5724,6482,4.7099,2.4135,2.2964
2025-08-29,320.00,322.07,310.73,310.87,307.37,298.24,299.46,255.02,247.95,281.2111,1,282.4313,1,5067,6471,4.7374,2.8783,1.8591
2025-09-02,305.38,314.90,303.46,308.35,307.90,298.95,299.98,255.56,248.62,281.2111,1,284.8096,1,5828,6468,4.5038,3.2034,1.3005
2025-09-03,305.97,314.26,305.23,309.97,308.40,299.85,300.34,256.09,249.24,281.2111,1,287.0453,1,17947,6736,4.3988,3.4425,0.9563
2025-09-04,308.16,314.70,307.26,310.90,309.28,300.81,300.81,256.62,249.77,281.2111,1,289.1467,1,4974,6745,4.3405,3.6221,0.7185
2025-09-05,313.21,317.32,307.60,311.31,310.85,302.31,301.25,257.14,250.27,281.2111,1,291.1221,1,3736,6703,4.2781,3.7533,0.5249
2025-09-08,314.27,317.10,309.58,314.28,311.72,304.26,301.75,257.68,250.79,281.6464,1,292.9790,1,6380,6755,4.4174,3.8861,0.5313
2025-09-09,314.70,317.15,309.91,311.97,312.53,305.64,302.16,258.24,251.30,282.8337,1,294.7245,1,5615,6741,4.2919,3.9673,0.3247
2025-09-10,311.25,315.79,306.08,306.38,312.08,306.76,302.44,258.72,251.79,282.8337,1,296.3652,1,4320,6621,3.6988,3.9136,-0.2148
2025-09-11,306.10,318.08,302.66,317.37,312.12,308.27,302.91,259.26,252.32,282.8337,1,297.9075,1,4919,6624,4.0686,3.9446,0.1240
2025-09-12,317.43,317.43,303.92,303.94,310.53,309.06,303.14,259.73,252.80,282.8337,1,299.3572,1,4802,6660,3.2407,3.8038,-0.5632
2025-09-15,303.66,314.13,301.22,313.42,310.79,309.08,303.61,260.28,253.33,282.8337,1,300.7200,1,5548,6709,3.3113,3.7053,-0.3940
2025-09-16,314.42,314.42,304.29,309.72,310.93,309.41,304.05,260.77,253.85,282.8337,1,301.2200,1,5358,6728,3.0337,3.5710,-0.5373
2025-09-17,307.27,315.58,307.27,309.39,310.87,309.63,304.33,261.23,254.36,282.8337,1,301.2200,1,3249,6718,2.7554,3.4079,-0.6525
2025-09-18,312.87,312.87,306.83,309.81,310.76,310.02,304.50,261.71,254.83,282.8337,1,302.4710,1,2540,6626,2.5394,3.2342,-0.6948
2025-09-19,310.52,313.57,307.04,312.36,310.86,310.86,304.77,262.18,255.34,282.8337,1,303.6469,1,11089,6746,2.5446,3.0963,-0.5516
2025-09-22,312.34,314.02,306.75,313.84,310.82,311.27,305.12,262.66,255.83,282.8337,1,304.7523,1,3797,6707,2.6378,3.0046,-0.3667
2025-09-23,316.33,323.63,309.02,313.32,310.96,311.74,305.50,263.15,256.28,285.8214,1,305.7914,1,4355,6688,2.6393,2.9315,-0.2922
2025-09-24,314.08,318.47,309.54,317.70,312.09,312.08,305.98,263.59,256.75,285.8214,1,306.7500,1,4225,6671,2.9598,2.9372,0.0226
2025-09-25,316.31,321.67,312.13,320.90,312.44,312.28,306.46,264.10,257.20,286.9190,1,308.1004,1,4685,6570,3.4324,3.0362,0.3962
2025-09-26,322.00,327.99,318.35,327.21,314.77,312.65,306.99,264.72,257.69,293.2951,1,309.3428,1,4090,6576,4.2669,3.2824,0.9846
2025-09-29,329.00,332.90,323.80,324.44,315.87,313.33,307.38,265.31,258.18,298.7326,1,311.2075,1,3277,6561,4.6512,3.5561,1.0951
2025-09-30,325.31,325.31,317.05,323.65,317.26,314.09,307.54,265.85,258.65,298.7326,1,313.8106,1,3042,6469,4.8362,3.8121,1.0241
2025-10-01,320.45,325.85,314.59,323.07,318.63,314.75,307.54,266.37,259.12,298.7326,1,332.9000,0,4103,6443,4.8798,4.0257,0.8541
2025-10-02,323.05,334.82,319.74,333.22,320.97,315.87,307.71,266.98,259.60,298.7326,1,314.5900,1,3899,6396,5.6680,4.3541,1.3139
2025-10-03,335.73,335.73,326.84,330.69,322.80,316.83,308.05,267.55,260.10,300.5717,1,314.5900,1,4001,6359,6.0191,4.6871,1.3320
2025-10-06,333.73,336.64,329.60,336.09,325.03,317.92,308.39,268.26,260.60,303.3661,1,315.4356,1,6386,6339,6.6564,5.0810,1.5754
2025-10-07,333.56,344.87,331.45,343.27,328.02,319.49,308.97,269.07,261.03,307.3555,1,316.7079,1,4360,6249,7.6526,5.5953,2.0573
2025-10-08,345.83,345.83,336.80,343.61,330.61,321.35,309.66,269.86,261.57,310.8819,1,318.9608,1,3058,6096,8.3730,6.1509,2.2222
2025-10-09,343.00,345.58,337.93,343.46,332.87,322.66,310.32,270.67,262.07,312.0702,1,321.6477,1,3229,6010,8.8301,6.6867,2.1434
2025-10-10,343.21,348.63,337.02,338.14,333.96,324.37,310.91,271.48,262.51,312.6257,1,324.0660,1,3212,5982,8.6631,7.0820,1.5811
2025-10-13,342.57,351.66,339.66,350.32,336.55,326.21,311.94,272.39,262.99,314.4246,1,327.0137,1,3889,5970,9.4052,7.5466,1.8586
2025-10-14,346.50,361.06,343.45,356.82,339.87,328.57,313.19,273.34,263.45,318.8602,1,330.4641,1,5352,6001,10.3980,8.1169,2.2811
2025-10-15,357.24,360.52,355.78,359.81,343.54,331.09,314.55,274.30,263.93,326.6727,1,335.3595,1,4642,6004,11.2958,8.7527,2.5431
2025-10-16,358.47,361.67,354.12,356.16,345.84,333.40,315.84,275.27,264.43,327.3004,1,339.4716,1,3241,5910,11.5794,9.3180,2.2613
2025-10-17,357.83,362.85,350.56,360.86,348.85,335.83,317.43,276.23,264.95,327.3004,1,343.4673,1,4799,5961,12.0445,9.8633,2.1812
2025-10-20,365.00,369.91,359.59,367.97,352.04,338.54,319.28,277.27,265.52,333.5541,1,347.3438,1,3753,5930,12.8388,10.4584,2.3804
2025-10-21,367.96,367.96,357.10,362.19,353.93,340.98,320.84,278.30,266.08,333.5541,1,350.5600,1,2572,5842,12.8537,10.9375,1.9163
2025-10-22,362.56,365.77,359.68,364.36,356.01,343.31,322.45,279.26,266.62,333.5541,1,354.4300,1,2186,5623,12.8921,11.3284,1.5637
2025-10-23,363.43,377.13,361.13,372.81,358.94,345.91,324.16,280.25,267.24,337.3025,1,357.1000,1,4287,5545,13.4492,11.7526,1.6967
2025-10-24,377.35,381.83,373.77,375.00,362.63,348.30,325.89,281.34,267.93,346.4492,1,359.6800,1,2588,5503,13.9072,12.1835,1.7237
2025-10-27,373.92,377.10,370.01,373.76,364.97,350.76,327.11,282.37,268.66,346.4492,1,361.1300,1,3289,5230,14.0086,12.5485,1.4601
2025-10-28,374.00,376.41,371.74,373.00,366.59,353.23,328.51,283.46,269.43,346.4492,1,365.2700,1,2686,5157,13.8678,12.8124,1.0554
2025-10-29,373.00,374.52,361.16,366.42,367.25,355.40,329.74,284.49,270.18,346.4492,1,381.8300,0,3554,5012,13.0745,12.8648,0.2097
2025-10-30,362.84,368.58,358.12,362.07,367.84,356.84,330.94,285.41,270.89,346.4492,1,381.4166,0,3693,4993,11.9570,12.6833,-0.7262
2025-10-31,360.46,365.82,353.20,361.31,367.89,358.37,332.25,286.38,271.60,346.4492,1,380.4847,0,2493,4961,10.8846,12.3235,-1.4389
2025-11-03,365.73,365.73,353.07,355.75,366.67,359.35,333.26,287.31,272.31,346.4492,1,378.8476,0,2704,4867,9.4768,11.7542,-2.2774
2025-11-04,350.90,366.96,349.08,362.03,366.65,360.29,334.42,288.30,273.03,346.4492,1,376.7854,0,3150,4647,8.7668,11.1567,-2.3899
2025-11-05,356.50,372.44,356.50,369.38,367.15,361.58,335.59,289.32,273.77,346.4492,1,374.0149,0,5873,4638,8.6969,10.6647,-1.9678
2025-11-06,367.00,369.00,360.61,361.63,366.04,362.49,336.48,290.31,274.47,346.4492,1,372.4400,0,7594,4583,7.9249,10.1168,-2.1919
2025-11-07,365.56,366.60,351.15,360.01,364.54,363.58,337.29,291.35,275.16,346.4492,1,372.4400,0,7092,4611,7.1004,9.5135,-2.4131
2025-11-10,358.98,360.98,332.78,332.78,360.44,362.71,337.72,292.22,275.70,387.2516,0,370.1040,0,5591,4621,4.2014,8.4511,-4.2497
2025-11-11,333.59,343.50,328.02,329.46,356.08,361.34,338.15,293.06,276.20,376.7384,0,366.6000,0,44345,5391,1.6173,7.0843,-5.4670
2025-11-12,329.00,332.86,299.00,318.80,351.32,359.29,338.32,293.74,276.65,362.9686,0,361.1988,0,26014,5553,-1.2760,5.4123,-6.6883
2025-11-13,319.00,321.86,311.19,321.03,347.22,357.53,338.53,294.52,277.10,362.0607,0,351.2470,0,38010,6213,-3.3504,3.6597,-7.0102
2025-11-14,314.96,322.90,312.42,316.80,342.77,355.33,338.64,295.23,277.51,361.7861,0,342.8875,0,65166,7442,-5.2750,1.8728,-7.1477
2025-11-17,319.90,323.00,299.12,307.60,337.95,352.31,338.50,295.85,277.89,357.9375,0,335.8655,0,30914,7933,-7.4566,0.0069,-7.4635
2025-11-18,305.00,312.45,300.02,306.68,332.42,349.53,338.40,296.46,278.28,352.1538,0,329.9670,0,91636,9653,-9.1542,-1.8253,-7.3289
2025-11-19,307.43,310.39,296.00,300.36,325.51,346.33,338.28,297.07,278.61,348.8389,0,325.0123,0,56918,10705,-10.8841,-3.6371,-7.2470
2025-11-20,304.50,309.31,271.30,273.70,316.72,341.38,337.40,297.43,278.80,342.7875,0,319.7901,0,56957,11746,-14.2421,-5.7581,-8.4841
2025-11-21,277.62,289.57,276.45,283.63,309.08,336.81,337.00,297.87,279.05,335.0053,0,310.3900,0,68638,13023,-15.9186,-7.7902,-8.1284
2025-11-24,282.00,290.03,266.53,286.96,304.50,332.47,336.47,298.32,279.33,332.1257,0,309.3100,0,39916,13710,-16.7851,-9.5892,-7.1959
2025-11-25,291.79,302.28,288.79,294.16,300.97,328.53,336.16,298.79,279.62,332.1257,0,266.5300,1,32887,14261,-16.6983,-11.0110,-5.6873
2025-11-26,295.74,304.69,289.90,300.33,299.12,325.22,335.97,299.28,279.92,332.1257,0,266.5300,1,19672,14589,-15.9478,-11.9984,-3.9494
2025-11-28,301.42,306.88,292.54,293.91,296.41,321.82,335.66,299.75,280.20,332.1257,0,268.0564,1,6055,14659,-15.6902,-12.7367,-2.9535
2025-12-01,293.38,301.80,287.61,300.09,294.74,318.75,335.41,300.20,280.48,332.1257,0,270.3858,1,16505,14768,-14.8166,-13.1527,-1.6639
2025-12-02,300.08,307.90,292.13,303.99,294.38,316.17,335.21,300.68,280.80,332.1257,0,272.5755,1,16750,15027,-13.6521,-13.2526,-0.3996
2025-12-03,303.83,308.62,295.99,308.60,294.57,313.49,335.12,301.19,281.14,332.1257,0,275.4014,1,24256,15425,-12.2165,-13.0454,0.8289
2025-12-04,308.60,310.78,303.78,309.46,295.48,310.50,334.95,301.74,281.43,332.1257,0,278.7233,1,12409,15588,-10.8839,-12.6131,1.7292
2025-12-05,308.40,313.42,300.97,304.33,298.55,307.63,334.62,302.21,281.73,332.1257,0,282.5701,1,8278,15660,-10.1250,-12.1155,1.9904
2025-12-08,316.48,324.20,310.00,316.93,301.88,305.48,334.42,302.77,282.15,332.1257,0,286.8891,1,40535,16389,-8.4100,-11.3744,2.9644
2025-12-09,317.73,324.24,312.50,320.36,305.22,304.86,334.34,303.34,282.56,332.1257,0,292.8588,1,36457,17053,-6.6968,-10.4389,3.7420
2025-12-10,320.77,324.80,316.34,321.87,307.99,304.48,334.30,303.90,282.96,332.1257,0,298.5074,1,23368,17459,-5.1578,-9.3826,4.2248
2025-12-11,325.69,331.10,322.77,328.27,310.78,304.95,334.40,304.47,283.38,332.1257,0,303.7659,1,15987,17697,-3.3827,-8.1827,4.7999
2025-12-12,327.53,334.26,322.02,331.36,314.53,305.47,334.37,305.08,283.82,332.1257,0,309.2328,1,9742,17814,-1.7069,-6.8875,5.1806
2025-12-15,330.01,333.30,323.38,324.57,316.97,305.86,334.25,305.66,284.22,332.1257,0,314.2382,1,28238,18298,-0.9162,-5.6933,4.7771
2025-12-16,326.05,326.05,309.00,322.69,318.84,306.61,333.98,306.23,284.69,332.1257,0,334.2600,0,39884,18968,-0.4362,-4.6418,4.2056
2025-12-17,321.30,329.00,314.80,323.67,320.35,307.46,333.59,306.81,285.20,332.1257,0,333.7548,0,21006,19301,0.0230,-3.7089,3.7319
2025-12-18,328.31,342.43,324.64,340.54,323.46,309.47,333.52,307.49,285.78,290.6009,1,309.0000,1,21011,19660,1.7283,-2.6214,4.3497
2025-12-19,340.40,352.20,340.40,349.24,327.95,313.25,333.64,308.20,286.42,304.1193,1,309.6686,1,21723,20030,3.7386,-1.3494,5.0881
2025-12-22,349.07,357.50,347.33,353.76,331.63,316.75,333.95,308.95,287.10,311.4014,1,311.3699,1,18926,20345,5.6317,0.0468,5.5849
2025-12-23,346.98,364.58,346.98,360.30,335.63,320.42,334.15,309.77,287.83,313.5877,1,314.1377,1,13980,20546,7.5723,1.5519,6.0204
2025-12-24,358.05,362.98,355.13,361.39,339.58,323.78,334.24,310.62,288.57,318.7270,1,318.1731,1,6613,20572,9.0935,3.0602,6.0333
2025-12-26,359.66,364.95,352.99,355.60,342.31,326.55,334.16,311.34,289.26,319.0868,1,321.8856,1,9815,20675,9.7197,4.3921,5.3276
2025-12-29,350.76,358.56,349.39,350.78,344.25,329.39,334.05,312.04,289.97,319.0868,1,326.1920,1,13295,20876,9.7151,5.4567,4.2584
2025-12-30,350.40,350.40,337.54,338.24,345.62,331.30,333.60,312.62,290.57,319.0868,1,330.0678,1,19009,21160,8.6005,6.0855,2.5150
2025-12-31,340.45,340.45,326.06,332.43,346.60,332.72,332.89,313.09,291.18,319.0868,1,364.9500,0,17818,21442,7.1657,6.3015,0.8642
2026-01-02,331.91,347.33,331.17,343.66,348.59,334.47,332.52,313.70,291.85,319.0868,1,364.1722,0,16599,21722,6.8557,6.4123,0.4434
2026-01-05,346.90,355.02,346.90,352.21,349.76,336.61,332.27,314.40,292.51,319.0868,1,363.4100,0,13983,21958,7.2168,6.5732,0.6436
2026-01-06,353.00,376.60,346.56,372.94,352.13,340.04,332.28,315.21,293.26,319.0868,1,326.0600,1,24838,22369,9.0711,7.0728,1.9983
2026-01-07,371.17,390.90,366.96,387.26,355.48,343.56,332.52,316.09,294.13,331.6267,1,327.0708,1,51583,23349,11.5629,7.9708,3.5921
2026-01-08,384.37,411.09,384.37,408.15,360.27,347.95,333.21,317.08,295.08,347.1410,1,329.6240,1,32979,23943,15.0498,9.3866,5.6632
2026-01-09,407.38,424.48,398.71,420.55,366.18,352.88,334.16,318.17,296.14,358.3339,1,334.5119,1,31163,24512,18.5994,11.2292,7.3702
2026-01-12,420.27,430.79,401.43,430.74,373.70,358.00,335.45,319.28,297.23,359.3670,1,341.7094,1,40662,25255,21.9814,13.3796,8.6017
2026-01-13,426.28,440.82,420.03,436.98,382.32,363.29,336.95,320.42,298.30,373.1193,1,350.6174,1,63624,26453,24.8783,15.6794,9.1989
2026-01-14,438.34,452.68,435.51,452.68,393.76,369.69,338.77,321.66,299.48,387.3689,1,361.4417,1,38342,27170,28.1169,18.1669,9.9500
2026-01-15,455.77,461.60,451.90,458.94,406.41,376.50,340.84,323.00,300.69,402.7865,1,374.2151,1,12483,27366,30.8332,20.7001,10.1331
2026-01-16,458.43,463.13,453.29,460.20,418.06,383.33,342.80,324.35,301.93,406.6909,1,388.1967,1,33503,27973,32.7105,23.1022,9.6083
2026-01-20,455.15,465.73,443.97,446.80,427.52,388.64,344.35,325.61,303.08,406.6909,1,401.6847,1,22966,28315,32.7396,25.0297,7.7099
2026-01-21,448.50,477.00,440.85,476.92,437.92,395.03,346.65,326.97,304.40,406.6909,1,414.4937,1,45784,29078,34.7920,26.9822,7.8099
2026-01-22,479.53,483.60,463.54,469.61,446.16,400.82,348.85,328.29,305.73,414.9464,1,426.9950,1,27848,29494,35.4204,28.6698,6.7506
2026-01-23,465.36,472.97,454.79,467.14,452.06,406.16,351.53,329.57,307.05,414.9464,1,438.3160,1,20788,29798,35.3121,29.9983,5.3138
2026-01-26,463.68,464.95,377.84,399.97,450.00,408.09,352.94,330.36,308.03,487.7307,0,483.6000,0,29918,29509,29.4665,29.8919,-0.4254
2026-01-27,392.85,405.36,383.86,398.36,446.76,410.23,354.53,331.07,308.94,472.3254,0,481.4848,0,18285,29354,24.4224,28.7980,-4.3756
2026-01-28,403.37,408.87,381.19,382.08,441.27,411.79,355.76,331.70,309.83,472.3254,0,479.4119,0,23498,29064,18.8934,26.8171,-7.9237
2026-01-29,386.44,390.68,365.35,371.54,433.16,413.46,356.85,332.25,310.64,456.0370,0,477.3805,0,23518,28231,13.5055,24.1548,-10.6492
2026-01-30,369.00,386.39,369.00,375.03,424.76,415.59,358.20,332.82,311.44,453.1319,0,472.8993,0,14439,27902,9.4087,21.2056,-11.7968
2026-02-02,375.73,395.67,372.54,388.98,417.64,417.85,359.85,333.47,312.31,453.1319,0,468.5973,0,43682,26943,7.2046,18.4054,-11.2008
2026-02-03,385.69,409.59,378.06,406.05,413.57,420.55,361.96,334.23,313.29,453.1319,0,464.4674,0,35489,26514,6.7573,16.0758,-9.3185
2026-02-04,405.23,413.49,398.70,402.74,406.15,422.04,364.54,334.95,314.21,453.1319,0,460.5027,0,33750,26050,6.0658,14.0738,-8.0080
2026-02-05,394.61,408.02,391.91,394.07,398.60,422.38,366.75,335.63,315.09,453.1319,0,456.6966,0,40432,25486,4.7633,12.2117,-7.4484
2026-02-06,395.18,419.54,395.18,415.90,393.47,422.76,369.33,336.47,316.07,453.1319,0,453.0427,0,48203,25651,5.4300,10.8553,-5.4254
2026-02-09,418.07,419.00,399.92,407.88,394.26,422.13,371.60,337.27,317.00,453.1319,0,449.5350,0,36832,25730,5.2506,9.7344,-4.4838
2026-02-10,402.13,415.10,397.99,407.56,395.18,420.97,373.75,338.02,317.90,453.1319,0,446.1676,0,33664,26010,5.0247,8.7925,-3.7677
2026-02-11,409.56,419.46,401.70,412.23,398.20,419.73,376.11,338.76,318.84,453.1319,0,442.9349,0,19911,26287,5.1630,8.0666,-2.9035
2026-02-12,414.11,417.27,391.34,398.65,400.91,417.03,378.08,339.42,319.67,453.1319,0,439.8315,0,25235,26462,4.1293,7.2791,-3.1499
2026-02-13,391.94,404.95,384.63,396.75,403.08,413.92,379.94,340.09,320.50,453.1319,0,436.8523,0,31185,26751,3.1207,6.4474,-3.3267
2026-02-17,400.98,416.12,387.90,413.52,405.53,411.59,382.04,340.89,321.40,453.1319,0,433.9922,0,47472,27215,3.6327,5.8845,-2.2518
2026-02-18,415.63,423.77,392.72,397.12,404.64,409.10,383.79,341.58,322.25,453.1319,0,431.2465,0,58853,28144,2.6842,5.2444,-2.5602
2026-02-19,396.44,403.67,390.26,399.17,404.29,405.22,385.69,342.26,323.08,453.1319,0,428.6106,0,52531,29029,2.0740,4.6103,-2.5363
2026-02-20,398.24,398.99,379.12,391.18,404.00,401.30,387.17,342.86,323.87,453.1319,0,426.0802,0,86959,29957,0.9349,3.8753,-2.9403
2026-02-23,389.04,392.71,366.20,377.61,400.17,396.82,388.32,343.34,324.58,448.0921,0,423.6510,0,60002,30428,-1.0507,2.8901,-3.9407
2026-02-24,377.34,384.79,367.00,375.02,396.88,395.57,389.38,343.74,325.27,443.0054,0,421.3189,0,48678,30934,-2.8010,1.7519,-4.5528
2026-02-25,377.39,387.62,368.13,376.58,393.78,394.48,390.35,344.10,325.94,443.0054,0,419.0802,0,130598,33227,-4.0159,0.5983,-4.6142
2026-02-26,378.55,396.46,378.55,391.16,391.68,394.94,391.54,344.54,326.70,443.0054,0,416.9310,0,72208,34476,-3.7590,-0.2731,-3.4858
2026-02-27,387.69,389.80,369.52,387.78,390.59,395.75,392.81,345.04,327.45,443.0054,0,414.8677,0,81201,35535,-3.7845,-0.9754,-2.8090
2026-03-02,379.38,383.00,323.34,336.40,384.55,393.82,393.08,345.15,327.94,431.4693,0,412.8870,0,46221,35662,-7.8600,-2.3523,-5.5077
2026-03-03,329.29,340.66,323.55,334.83,376.68,391.11,393.30,345.29,328.43,407.7073,0,407.5142,0,36563,35973,-11.0887,-4.0996,-6.9891
2026-03-04,344.33,360.44,336.00,346.02,371.57,388.11,393.41,345.53,328.97,407.7073,0,402.4638,0,100623,37565,-12.5993,-5.7995,-6.7998
2026-03-05,340.46,345.62,329.40,343.05,365.96,385.12,393.29,345.75,329.47,407.7073,0,397.7163,0,62984,38391,-13.8762,-7.4149,-6.4613
2026-03-06,336.14,339.84,300.53,304.60,357.30,380.65,392.31,345.72,329.79,398.7657,0,393.2538,0,45842,38929,-17.7857,-9.4891,-8.2967
2026-03-09,301.06,309.15,293.59,306.76,350.22,375.19,391.24,345.78,330.14,376.7607,0,385.8359,0,50002,39649,-20.4737,-11.6860,-8.7877
2026-03-10,314.73,328.19,301.37,323.94,345.11,371.00,390.49,345.97,330.58,376.7607,0,376.6113,0,39067,40298,-20.9759,-13.5440,-7.4319
2026-03-11,321.75,323.00,304.77,317.73,339.23,366.50,389.73,346.15,330.94,376.7607,0,368.3091,0,55317,41209,-21.6257,-15.1603,-6.4654
2026-03-12,310.06,316.79,305.75,307.91,330.90,361.29,388.87,346.25,331.25,376.7607,0,360.8372,0,38119,41705,-22.6717,-16.6626,-6.0091
2026-03-13,308.98,313.98,297.59,300.35,322.16,356.37,388.11,346.38,331.49,373.9243,0,354.1125,0,41598,42157,-23.8360,-18.0973,-5.7387
2026-03-16,311.94,311.94,293.96,299.77,318.50,351.52,387.46,346.54,331.69,369.6693,0,348.0603,0,24911,42299,-24.5228,-19.3824,-5.1404
2026-03-17,303.59,313.00,301.84,304.94,315.51,346.10,386.69,346.68,331.95,369.6693,0,342.6132,0,34001,42647,-24.3689,-20.3797,-3.9893
2026-03-18,301.55,305.80,295.14,299.99,310.90,341.24,385.64,346.79,332.21,361.2828,0,337.7109,0,20069,42768,-24.3656,-21.1769,-3.1887
2026-03-19,297.35,316.16,296.24,312.07,307.81,336.88,384.43,346.95,332.51,361.2828,0,333.2988,0,38073,43033,-23.1217,-21.5658,-1.5558
2026-03-20,313.42,324.06,303.50,307.18,308.06,332.68,382.82,347.08,332.78,361.2828,0,329.3279,0,19782,42397,-22.2737,-21.7074,-0.5663
2026-03-23,317.65,329.87,316.08,321.53,309.54,329.88,381.09,347.14,333.08,361.2828,0,293.5900,1,26687,42271,-20.2107,-21.4081,1.1973
2026-03-24,317.04,324.58,308.82,315.89,308.74,326.92,379.00,347.22,333.38,361.2828,0,294.3156,1,74203,43132,-18.8140,-20.8893,2.0752
2026-03-25,318.00,320.88,307.98,320.56,309.02,324.12,376.79,347.33,333.66,361.2828,0,295.0267,1,51161,43342,-17.1328,-20.1380,3.0051
2026-03-26,318.00,329.49,316.53,320.21,310.25,320.58,374.46,347.45,333.93,361.2828,0,295.7236,1,73456,43539,-15.6483,-19.2400,3.5917
2026-03-27,317.41,321.00,303.23,305.79,310.79,316.48,371.52,347.52,334.12,361.2828,0,296.4065,1,18072,43133,-15.4572,-18.4835,3.0262
2026-03-30,309.38,315.38,305.79,311.34,311.95,315.22,368.57,347.55,334.39,361.2828,0,297.0757,1,18525,43254,-14.6886,-17.7245,3.0359
2026-03-31,316.69,329.74,311.35,329.59,314.41,314.96,365.96,347.73,334.75,361.2828,0,297.7316,1,14008,42864,-12.4632,-16.6723,4.2090
2026-04-01,330.66,338.69,326.93,332.53,317.67,314.29,363.67,347.87,335.13,361.2828,0,298.3744,1,14964,42704,-10.3431,-15.4064,5.0633
2026-04-02,324.02,341.12,322.16,332.80,319.74,313.77,360.79,347.98,335.43,361.2828,0,299.9870,1,19269,42174,-8.5426,-14.0337,5.4910
2026-04-06,331.89,338.48,326.29,337.38,322.76,315.41,358.14,348.09,335.75,361.2828,0,302.4550,1,11538,41848,-6.6693,-12.5608,5.8915
2026-04-07,337.00,339.30,332.88,335.59,324.17,316.85,355.51,348.26,336.06,361.2828,0,304.7749,1,31009,42052,-5.2684,-11.1023,5.8339
2026-04-08,352.42,360.28,338.48,340.93,326.67,317.70,354.33,348.47,336.35,361.2828,0,306.9556,1,136133,44176,-3.6848,-9.6188,5.9340
2026-04-09,340.00,341.45,301.21,327.30,327.35,318.18,352.91,348.59,336.53,361.2828,0,360.2800,0,33810,44487,-3.4894,-8.3929,4.9036
2026-04-10,328.74,335.38,322.18,325.87,327.91,319.08,351.79,348.69,336.72,361.2828,0,360.2800,0,16098,44339,-3.4106,-7.3964,3.9859
2026-04-13,324.26,330.55,321.12,330.38,330.37,320.58,350.96,348.82,336.92,361.2828,0,359.0986,0,32212,44513,-2.9502,-6.5072,3.5570
2026-04-14,330.40,338.67,328.26,334.80,332.72,322.33,350.16,348.95,337.15,361.2828,0,357.9408,0,5892,44342,-2.2033,-5.6464,3.4431
2026-04-15,334.94,336.71,329.66,335.36,333.29,323.85,349.09,349.11,337.37,361.2828,0,356.8062,0,14320,43755,-1.5483,-4.8268,3.2785
2026-04-16,333.15,335.48,314.66,314.89,331.53,324.60,347.26,349.17,337.49,361.2828,0,355.6943,0,17571,43396,-2.6505,-4.3915,1.7411
2026-04-17,322.54,328.64,301.70,307.66,329.02,324.38,345.36,349.10,337.55,361.2828,0,354.6046,0,28643,43294,-4.0605,-4.3253,0.2648
2026-04-20,306.31,311.40,289.21,291.73,324.45,323.61,343.32,349.02,337.55,353.9724,0,353.5367,0,29727,43080,-6.3897,-4.7382,-1.6515
2026-04-21,292.00,303.17,288.97,299.00,320.79,322.48,340.98,348.92,337.60,348.6306,0,350.9636,0,24668,42609,-7.5619,-5.3029,-2.2589
2026-04-22,300.30,311.37,298.52,304.10,317.11,321.89,338.90,348.89,337.68,348.6306,0,347.2440,0,12377,42120,-7.9872,-5.8398,-2.1474
2026-04-23,303.53,310.89,301.46,306.02,314.98,321.16,336.87,348.86,337.73,348.6306,0,343.7476,0,51320,42473,-8.0763,-6.2871,-1.7892
2026-04-24,306.39,311.79,302.10,309.35,313.33,320.62,334.81,348.86,337.77,348.6306,0,340.4609,0,13333,42342,-7.7884,-6.5873,-1.2010
2026-04-27,309.69,316.52,304.18,314.21,311.71,321.04,333.12,348.87,337.85,348.6306,0,337.3715,0,14265,42122,-7.0863,-6.6871,-0.3992
2026-04-28,313.50,314.51,303.35,306.70,308.90,320.81,331.32,348.83,337.90,348.6306,0,334.4674,0,29566,42090,-7.0547,-6.7606,-0.2940
2026-04-29,305.00,305.72,292.98,297.39,305.11,319.20,329.00,348.72,337.91,343.6624,0,331.7375,0,23851,41618,-7.6921,-6.9469,-0.7452
2026-04-30,298.93,312.11,298.93,309.25,304.54,318.04,327.24,348.66,337.99,343.6624,0,329.1715,0,14535,40731,-7.1578,-6.9891,-0.1687
2026-05-01,309.35,310.68,286.74,290.20,302.80,315.91,325.06,348.46,337.96,343.6624,0,326.7594,0,15294,39987,-8.1773,-7.2267,-0.9505
2026-05-04,285.55,289.25,273.75,285.00,302.12,313.29,322.94,348.18,337.88,328.7795,0,323.5578,0,8693,38421,-9.2976,-7.6409,-1.6567
2026-05-05,284.72,297.25,284.38,291.75,301.40,311.09,321.22,347.96,337.81,328.7795,0,318.5771,0,9278,37407,-9.5310,-8.0189,-1.5120
2026-05-06,294.21,304.46,293.10,300.84,301.07,309.09,319.74,347.81,337.74,328.7795,0,314.0944,0,10800,36649,-8.8800,-8.1911,-0.6889
2026-05-07,301.48,303.97,291.05,300.72,300.54,307.76,318.22,347.66,337.63,328.7795,0,310.0599,0,14344,34324,-8.2784,-8.2086,-0.0698
2026-05-08,298.33,308.36,297.01,306.74,300.28,306.80,316.53,347.48,337.54,328.7795,0,273.7500,1,17607,33232,-7.2325,-8.0134,0.7809
2026-05-11,296.38,302.00,234.92,247.83,293.64,302.68,313.74,346.93,337.21,328.7795,0,308.3600,0,22751,32063,-11.0300,-8.6167,-2.4133
2026-05-12,247.92,256.84,242.86,255.64,288.54,298.72,312.12,346.39,336.89,308.9269,0,308.3600,0,18892,31516,-13.2566,-9.5447,-3.7119
2026-05-13,257.00,265.86,250.90,253.29,284.13,294.62,310.49,345.79,336.59,308.9269,0,306.8912,0,20820,31202,-15.0374,-10.6432,-4.3942
2026-05-14,254.79,259.69,251.23,258.17,279.02,291.78,308.73,345.22,336.33,308.9269,0,305.4518,0,22719,29643,-15.8720,-11.6890,-4.1830
2026-05-15,264.96,274.59,263.59,267.44,276.74,289.77,307.22,344.72,336.12,308.9269,0,304.0411,0,15003,28684,-15.6055,-12.4723,-3.1332
2026-05-18,264.19,277.00,264.19,273.70,275.61,288.87,306.60,344.29,335.94,308.9269,0,302.6587,0,10756,27982,-14.7195,-12.9217,-1.7978
2026-05-19,273.80,274.08,267.23,272.63,273.70,287.55,305.92,343.77,335.81,308.9269,0,301.3039,0,11042,27203,-13.9429,-13.1260,-0.8170
2026-05-20,271.68,276.76,265.66,268.13,270.43,285.75,304.80,343.18,335.68,308.9269,0,299.9763,0,16034,26742,-13.5346,-13.2077,-0.3269
2026-05-21,264.30,277.29,257.32,273.95,267.75,284.15,303.93,342.61,335.59,308.9269,0,298.6751,0,15040,25937,-12.5962,-13.0854,0.4892
2026-05-22,275.00,278.00,267.32,276.96,264.77,282.53,303.31,342.08,335.52,308.9269,0,297.4000,0,13876,25452,-11.4773,-12.7638,1.2865
2026-05-26,277.42,281.99,270.50,276.68,267.66,280.65,302.84,341.52,335.49,308.9269,0,296.1504,0,31652,25253,-10.4922,-12.3094,1.8173
2026-05-27,275.56,293.08,273.83,283.87,270.48,279.51,302.52,340.96,335.54,308.9269,0,294.9258,0,48400,25723,-9.0273,-11.6530,2.6257
2026-05-28,281.01,283.01,268.81,280.94,273.25,278.69,302.04,340.41,335.52,308.9269,0,293.7257,0,28178,25606,-8.0104,-10.9245,2.9141
2026-05-29,280.12,296.78,275.91,290.48,276.48,277.75,301.85,339.92,335.55,308.9269,0,234.9200,1,39651,25998,-6.3614,-10.0119,3.6505
2026-06-01,290.48,300.59,282.92,298.65,279.60,278.17,301.58,339.43,335.61,308.9269,0,236.1572,1,14335,25523,-4.3452,-8.8785,4.5333
2026-06-02,294.51,299.02,282.50,295.97,281.83,278.72,301.35,338.90,335.65,308.9269,0,238.7345,1,17403,25476,-2.9298,-7.6888,4.7590
2026-06-03,292.55,297.38,286.59,292.51,283.81,278.76,300.77,338.36,335.55,308.9269,0,241.2087,1,15971,25261,-2.0636,-6.5637,4.5002
2026-06-04,300.84,300.84,282.27,296.20,286.62,278.53,300.38,337.85,335.51,308.9269,0,243.5840,1,10989,23997,-1.0670,-5.4644,4.3974
2026-06-05,299.03,301.00,289.78,293.54,288.58,278.17,299.84,337.36,335.45,308.9269,0,247.0193,1,11448,23203,-0.4862,-4.4688,3.9826
2026-06-08,301.69,308.59,296.57,299.72,290.86,277.82,299.43,336.94,335.44,308.9269,0,251.3378,1,14596,22026,0.4673,-3.4815,3.9489
2026-06-09,299.72,311.16,296.58,304.18,293.61,280.63,299.40,336.56,335.49,308.9269,0,257.0630,1,12228,21909,1.5649,-2.4723,4.0371
2026-06-10,305.00,316.13,305.00,311.86,296.41,283.44,299.41,336.27,335.52,265.3399,1,263.5547,1,30937,22157,3.0196,-1.3739,4.3935
2026-06-11,310.72,337.63,310.31,335.54,301.87,287.56,299.53,336.09,335.68,275.0714,1,270.9152,1,21340,22304,6.0139,0.1037,5.9102
2026-06-12,337.39,348.66,330.54,339.90,306.81,291.64,299.67,335.90,335.82,290.1553,1,281.5896,1,25764,22520,8.6392,1.8108,6.8284
2026-06-15,339.15,346.75,327.25,343.73,311.32,295.46,299.89,335.78,335.95,290.1553,1,293.6622,1,35198,22838,10.9031,3.6292,7.2738
2026-06-16,345.96,348.40,337.39,341.25,315.84,298.83,299.97,335.65,336.06,294.2768,1,303.5618,1,17063,22949,12.3547,5.3743,6.9804
2026-06-17,342.55,345.74,331.82,335.42,320.13,301.97,299.97,335.67,336.18,294.2768,1,311.6795,1,24351,22815,12.8861,6.8767,6.0094
2026-06-18,338.74,348.09,329.65,332.74,323.79,305.20,299.80,335.69,336.31,294.2768,1,318.3360,1,11513,20323,12.9419,8.0897,4.8521
2026-06-22,329.92,340.52,328.23,336.00,328.03,308.31,299.98,335.81,336.44,294.2768,1,323.7943,1,10483,19857,13.0981,9.0914,4.0067
2026-06-23,326.27,348.65,324.89,345.47,332.61,311.73,300.37,335.97,336.61,294.2768,1,348.6600,0,18794,19910,13.8267,10.0385,3.7882
2026-06-24,348.96,360.34,346.14,359.51,338.14,315.87,300.95,336.26,336.85,303.8961,1,324.8900,1,13841,19543,15.3599,11.1028,4.2572
2026-06-25,360.10,377.60,357.18,375.94,344.55,320.48,301.78,336.71,337.16,316.8545,1,324.8900,1,20226,19830,17.6968,12.4216,5.2753
2026-06-26,379.00,404.96,376.69,403.99,351.40,326.63,303.15,337.36,337.62,336.6370,1,326.9984,1,44964,20443,21.5637,14.2500,7.3137
2026-06-29,400.05,443.00,397.98,437.33,361.14,333.97,305.60,338.27,338.27,358.2148,1,331.6761,1,17712,20445,27.0071,16.8014,10.2057
2026-06-30,432.96,440.00,418.15,426.03,369.37,340.34,307.96,339.29,338.82,366.4723,1,340.5820,1,19896,20270,30.0627,19.4537,10.6090
2026-07-01,423.25,436.42,416.28,420.65,377.31,346.58,310.54,340.20,339.40,366.4723,1,348.7755,1,17878,20033,31.6849,21.8999,9.7850
2026-07-02,426.96,426.96,392.30,420.92,385.86,353.00,312.98,341.10,339.94,366.4723,1,356.3134,1,14353,19827,32.6163,24.0432,8.5731
2026-07-06,421.42,431.36,418.17,424.23,395.01,359.40,315.38,341.96,340.51,366.4723,1,363.2483,1,19727,19974,33.2384,25.8822,7.3562
2026-07-07,424.23,426.00,408.52,412.03,402.61,365.32,317.50,342.71,341.02,366.4723,1,369.6285,1,50968,19967,32.3738,27.1805,5.1933
2026-07-08,417.09,417.09,396.35,403.73,408.44,370.52,319.39,343.44,341.49,366.4723,1,375.4982,1,25475,20210,30.6654,27.8775,2.7879
2026-07-09,404.07,410.59,391.22,394.70,411.96,375.05,321.00,344.07,341.91,366.4723,1,380.8983,1,24511,20415,28.2570,27.9534,0.3036
2026-07-10,397.11,403.50,361.02,373.05,411.67,378.11,322.33,344.53,342.20,366.4723,1,443.0000,0,23726,20298,24.3211,27.2270,-2.9059
2026-07-13,376.56,393.83,376.56,390.14,410.28,380.84,324.18,345.07,342.59,366.4723,1,441.3604,0,23369,20288,22.3235,26.2463,-3.9227
2026-07-14,389.69,392.09,376.40,384.81,405.03,383.08,325.69,345.58,342.92,366.4723,1,439.7536,0,20126,20400,20.0789,25.0128,-4.9339
2026-07-15,380.41,396.91,380.41,388.19,401.25,385.31,327.65,346.14,343.26,366.4723,1,438.1789,0,14674,20388,18.3611,23.6824,-5.3214
2026-07-16,384.87,396.66,384.87,393.70,398.55,387.93,329.83,346.65,343.59,366.4723,1,436.6357,0,18898,20592,17.2455,22.3951,-5.1495
2026-07-17,398.70,398.70,379.78,384.19,394.88,390.37,331.68,347.07,343.89,366.4723,1,435.1234,0,71690,21840,15.4163,20.9993,-5.5830
2026-07-20,385.05,386.31,355.00,382.39,390.69,392.85,333.31,347.48,344.18,366.4723,1,433.6414,0,102328,23671,13.6639,19.5322,-5.8683
2026-07-21,384.59,395.51,375.37,393.57,388.85,395.73,335.16,347.91,344.53,366.4723,1,430.4957,0,65254,24689,13.0271,18.2312,-5.2041
2026-07-22,386.42,388.17,365.96,373.29,385.80,397.12,336.50,348.19,344.74,366.4723,1,427.4759,0,57039,25478,10.7620,16.7374,-5.9754
2026-07-23,365.46,383.83,362.80,383.32,384.67,398.31,339.21,348.58,345.00,366.4723,1,424.5768,0,40095,25824,9.6647,15.3228,-5.6581
2026-07-24,387.91,404.65,379.79,381.39,385.50,398.58,341.72,348.97,345.22,366.4723,1,421.7938,0,120862,27864,8.5410,13.9665,-5.4255
2026-07-27,379.28,391.93,364.19,373.46,383.83,397.06,344.12,349.31,345.38,366.4723,1,419.1220,0,88996,29227,6.9306,12.5593,-5.6287
2026-07-28,379.24,380.86,363.87,376.43,382.99,394.01,346.49,349.55,345.54,366.4723,1,416.5571,0,105589,30885,5.8269,11.2128,-5.3859
2026-07-29,359.35,400.00,359.35,382.51,382.43,391.84,348.79,349.77,345.74,366.4723,1,414.0948,0,143327,33451,5.3807,10.0464,-4.6657
2026-07-30,380.53,400.64,375.05,399.02,382.96,390.75,351.30,350.07,346.04,366.4723,1,411.7311,0,54347,34323,6.2869,9.2945,-3.0076
2026-07-31,398.49,398.49,377.33,397.49,384.29,389.58,353.79,350.32,346.28,366.4723,1,409.4618,0,79061,35683,6.8032,8.7962,-1.9931
2026-08-03,403.40,409.09,390.48,391.75,385.22,387.96,356.27,350.52,346.45,366.4723,1,355.0000,1,101307,37389,6.6722,8.3714,-1.6992
2026-08-04,388.86,399.57,386.00,393.04,385.17,387.01,358.65,350.77,346.62,366.4723,1,356.0818,1,74009,38568,6.5965,8.0165,-1.4199
2026-08-05,387.96,400.88,383.75,397.99,387.64,386.72,361.07,351.08,346.83,366.4723,1,357.1420,1,47918,39249,6.8569,7.7845,-0.9276
2026-08-06,403.96,408.26,384.90,390.23,388.33,386.50,363.34,351.43,346.97,366.4723,1,358.1809,1,98572,40588,6.3637,7.5004,-1.1366
2026-08-07,384.22,387.65,369.08,386.55,388.85,387.17,365.39,351.79,347.06,366.4723,1,359.1991,1,45226,40524,5.6113,7.1226,-1.5113
2026-08-10,382.76,390.15,376.86,385.62,390.06,386.95,367.49,352.07,347.18,366.4723,1,360.1969,1,94091,41842,4.8836,6.6748,-1.7912
2026-08-11,390.51,401.88,378.62,382.84,390.70,386.85,369.33,352.27,347.27,366.4723,1,361.1748,1,106965,43189,4.0360,6.1470,-2.1110
2026-08-12,384.97,393.83,376.50,390.96,391.55,386.99,371.18,352.39,347.37,366.4723,1,362.1331,1,63101,44164,3.9738,5.7124,-1.7386
2026-08-13,395.00,398.19,386.06,388.16,390.46,386.71,373.02,352.40,347.43,366.4723,1,363.0722,1,38195,44580,3.6563,5.3012,-1.6448
2026-08-14,388.55,398.00,380.50,385.03,389.22,386.75,374.87,352.25,347.49,366.4723,1,363.9926,1,40005,45060,3.1163,4.8642,-1.7479
2026-08-17,385.81,398.87,375.49,391.30,389.17,387.20,376.78,352.05,347.58,366.4723,1,364.8945,1,134998,47541,3.1578,4.5229,-1.3651
2026-08-18,392.91,400.00,381.09,383.30,388.20,386.68,378.57,351.74,347.66,366.4723,1,365.7784,1,153128,50374,2.5162,4.1216,-1.6054
2026-08-19,389.05,394.76,380.00,390.20,387.42,387.53,380.38,351.42,347.80,366.4723,1,366.6447,1,120221,52487,2.5353,3.8043,-1.2691
2026-08-20,387.63,398.61,381.90,390.90,387.49,387.91,382.12,351.01,347.95,366.4723,1,367.4936,1,41474,53072,2.5771,3.5589,-0.9817
2026-08-21,393.00,394.45,376.38,388.85,387.72,388.28,383.66,350.54,348.12,366.4723,1,368.3255,1,46351,53380,2.4171,3.3305,-0.9135
2026-08-24,394.11,394.11,376.06,378.04,386.96,388.51,384.51,350.00,348.20,366.4723,1,369.1408,1,18033,53314,1.4017,2.9448,-1.5430
2026-08-25,380.97,383.91,372.38,379.70,386.64,388.67,385.30,349.55,348.25,366.4723,1,369.9398,1,18150,53161,0.7227,2.5004,-1.7776
2026-08-26,378.09,386.77,376.99,383.07,385.86,388.70,386.09,348.92,348.36,366.4723,1,370.7228,1,25168,52961,0.4513,2.0905,-1.6392
2026-08-27,386.66,386.92,375.48,379.12,384.95,387.71,386.85,348.32,348.45,366.4723,1,371.4901,1,38822,53396,-0.0816,1.6561,-1.7377
2026-08-28,380.66,386.25,370.31,376.97,384.15,386.68,387.68,347.72,348.67,366.4723,1,409.0900,0,23636,53382,-0.6696,1.1910,-1.8606
2026-08-31,375.03,395.51,375.03,388.48,383.86,386.52,388.79,347.64,348.97,366.4723,1,408.3144,0,60253,54357,-0.2046,0.9119,-1.1164
2026-09-01,390.00,391.22,377.50,390.01,384.53,386.37,389.87,347.59,349.32,366.4723,1,407.5543,0,114078,56428,0.2842,0.7863,-0.5022
2026-09-02,387.92,400.53,385.92,393.99,384.91,386.17,390.84,347.67,349.69,366.4723,1,406.8094,0,174853,59550,0.9814,0.8253,0.1560
2026-09-03,397.01,400.00,384.37,385.53,384.38,385.93,391.36,347.76,350.03,366.4723,1,406.0794,0,40635,60086,0.8415,0.8286,0.0129
2026-09-04,384.16,388.11,377.64,383.75,383.87,385.79,391.52,347.82,350.41,366.4723,1,405.3640,0,33847,60358,0.5804,0.7789,-0.1986
2026-09-08,413.36,413.36,357.60,358.58,381.92,384.44,390.61,347.62,350.67,428.4137,0,370.3100,1,27360,60006,-1.6387,0.2954,-1.9341
2026-09-09,355.00,372.32,350.58,364.42,380.39,383.52,389.15,347.34,350.99,421.5398,0,413.3600,0,103532,61722,-2.8927,-0.3422,-2.5505
2026-09-10,362.07,368.37,354.01,364.09,378.49,382.17,387.91,347.08,351.44,419.5788,0,413.3600,0,94518,63215,-3.8686,-1.0475,-2.8211
2026-09-11,367.69,373.58,359.23,372.67,377.85,381.40,386.95,346.94,351.89,419.5788,0,412.1044,0,36894,63595,-3.9047,-1.6189,-2.2857
2026-09-14,375.00,386.02,364.71,364.95,376.65,380.40,385.83,346.60,352.28,419.5788,0,410.8739,0,54706,64402,-4.5042,-2.1960,-2.3082
2026-09-15,364.33,364.35,339.57,346.62,372.46,378.16,384.28,346.19,352.54,411.3802,0,409.6680,0,47868,64965,-6.3849,-3.0338,-3.3511
2026-09-16,346.85,358.53,346.85,355.72,369.03,376.78,383.16,345.84,352.82,409.7412,0,406.8641,0,115716,66260,-7.0597,-3.8390,-3.2207
2026-09-17,361.47,361.47,342.48,352.93,364.93,374.92,382.14,345.45,353.11,409.0181,0,404.1723,0,62186,66994,-7.7304,-4.6172,-3.1132
2026-09-18,353.61,353.61,341.35,345.34,360.91,372.64,381.15,345.09,353.34,402.4967,0,401.5882,0,39852,67301,-8.7733,-5.4485,-3.3249
2026-09-21,349.09,349.19,336.41,343.13,356.85,370.36,380.55,344.74,353.54,396.1491,0,399.1075,0,39872,67624,-9.6667,-6.2921,-3.3746
2026-09-22,341.22,354.21,341.22,346.30,355.62,368.77,379.68,344.29,353.72,396.1491,0,395.3457,0,30128,67759,-10.0036,-7.0344,-2.9692
2026-09-23,345.18,349.63,338.92,346.96,353.87,367.13,378.92,343.95,353.91,394.2081,0,391.8095,0,31990,67996,-10.1010,-7.6477,-2.4532
2026-09-24,343.36,353.29,343.36,348.61,352.32,365.41,378.13,343.62,354.13,394.2081,0,388.4856,0,28133,68265,-9.9305,-8.1043,-1.8262
2026-09-25,347.98,350.73,340.05,344.81,349.54,363.69,377.15,343.31,354.27,391.7209,0,385.3610,0,22068,68329,-9.9869,-8.4808,-1.5061
2026-09-28,340.12,350.76,340.12,342.06,347.25,361.95,376.31,343.07,354.38,390.3298,0,382.4240,0,19326,67282,-10.1366,-8.8120,-1.3247
2026-09-29,342.05,346.50,338.60,339.63,346.55,359.50,375.45,342.83,354.47,385.3208,0,379.6631,0,18408,65603,-10.3323,-9.1160,-1.2162
2026-09-30,338.09,344.88,337.00,343.86,345.36,357.20,374.46,342.62,354.55,381.7977,0,377.0679,0,24311,64784,-10.0304,-9.2989,-0.7315
2026-10-01,340.11,362.37,338.94,357.19,345.79,355.36,374.14,342.39,354.68,381.7977,0,374.6285,0,25039,64144,-8.6162,-9.1624,0.5462
2026-10-02,362.00,364.42,356.48,363.76,347.63,354.27,373.75,342.23,354.87,381.7977,0,372.3354,0,16260,63668,-6.8859,-8.7071,1.8212
2026-10-05,366.37,375.01,364.10,364.40,349.76,353.30,373.41,342.42,355.08,381.7977,0,336.4100,1,22156,61694,-5.4007,-8.0458,2.6451
2026-10-06,368.62,374.50,364.36,369.87,352.11,353.87,373.33,342.65,355.31,381.7977,0,337.1820,1,26631,60446,-3.7393,-7.1845,3.4452
2026-10-07,365.00,371.24,361.56,368.90,354.31,354.09,373.18,342.80,355.45,381.7977,0,337.9386,1,43235,59199,-2.4723,-6.2420,3.7698
2026-10-08,367.56,372.69,365.15,367.70,356.22,354.27,372.89,342.97,355.55,381.7977,0,338.6800,1,18900,56711,-1.5472,-5.3031,3.7559
2026-10-09,368.00,368.59,360.08,363.81,358.12,353.83,372.18,343.36,355.60,381.7977,0,339.4066,1,20774,56039,-1.1151,-4.4655,3.3504
