rsRating,symbol,longName,sector,industry,country,marketCap,currentPrice,averageVolume10days,averageVolume3months,averageDollarVolume,revenueGrowth,earningsGrowth,earningsQuarterlyGrowth,grossMargins,operatingMargins,profitMargins,returnOnEquity,returnOnAssets,totalCash,totalDebt,debtToEquity,currentRatio,quickRatio,operatingCashflow,freeCashflow,sharesOutstanding,floatShares,heldPercentInsiders,heldPercentInstitutions,sharesShort,shortRatio,shortPercentOfFloat,trailingPE,forwardPE,priceToSalesTrailing12Months,priceToBook,enterpriseToRevenue,enterpriseToEbitda,targetMeanPrice,targetHighPrice,targetLowPrice,recommendationMean,recommendationKey,numberOfAnalystOpinions,epsRevisionUpLast7Days,epsRevisionUpLast30Days,epsRevisionDownLast7Days,epsRevisionDownLast30Days,nextEarningsDate,beta,website,retrievedAt
69.43,CBOE,Cboe Global Markets Inc.,Financial Services,Financial Data & Stock Exchanges,United States,31763738624,304.16,1469040,1098089,333994750.24,0.229,0.502,0.502,0.54078996,0.34634,0.26734,0.26297,0.11578,2354500096,1580300032,28.09,1.565,0.793,1962800000,678249984,104431019,104034181,0.0025499999,0.91346,2549419,2.87,0.0298,23.706938,20.010881,6.275806,5.6527963,5.915,15.506,320.46667,358.0,288.0,2.83333,hold,15,0,0,1,2,2026-10-30,0.414,https://www.cboe.com,2026-10-10T21:23:40.121693+01:00
Date,Open,High,Low,Close,Ma10:Top:Line,Ma20:Top:Line,Ma50:Top:Line,Ma150:Top:Line,Ma200:Top:Line,Supertrend:Top:ColorLine,Supertrend_Dir,ParabolicSAR:Top:ColorLine,ParabolicSAR_Dir,Volume:Middle:Histogram,Vo50:Middle:Line,Macd:Bottom:Line,MacdSignal:Bottom:Line,MacdDelta:Bottom:Histogram
2023-08-03,134.96,136.41,132.71,135.63,,,,,,,0,132.7149,1,130685,,,,
2023-08-04,134.67,142.76,134.36,141.02,,,,,,,0,132.7149,1,191643,,,,
2023-08-07,140.14,143.18,140.14,141.71,,,,,,,0,132.7149,1,108079,,,,
2023-08-08,140.42,142.95,140.37,141.39,,,,,,,0,133.1334,1,93356,,,,
2023-08-09,142.40,143.64,141.22,141.61,,,,,,,0,133.5351,1,72505,,,,
2023-08-10,142.73,144.11,142.23,143.72,,,,,,,0,134.1415,1,101805,,,,
2023-08-11,142.70,146.07,142.70,145.55,,,,,,,0,134.9388,1,153315,,,,
2023-08-14,146.14,146.18,143.72,143.88,,,,,,,0,136.0522,1,112719,,,,
2023-08-15,143.95,145.02,143.52,144.67,,,,,,,0,137.2676,1,83406,,,,
2023-08-16,144.17,145.48,144.17,145.30,142.45,,,,,154.2079,0,138.3371,1,70450,,,,
2023-08-17,143.78,146.42,143.78,145.10,143.40,,,,,154.2079,0,139.2782,1,109654,,,,
2023-08-18,145.78,146.41,144.96,145.42,143.84,,,,,154.2079,0,140.2784,1,122453,,,,
2023-08-21,146.30,146.48,145.18,145.88,144.25,,,,,154.0967,0,141.1385,1,91468,,,,
2023-08-22,145.49,145.88,144.39,145.10,144.62,,,,,153.0202,0,141.9932,1,78625,,,,
2023-08-23,144.86,147.60,144.86,145.42,145.01,,,,,153.0202,0,142.7112,1,89532,,,,
2023-08-24,145.86,146.74,143.80,144.21,145.05,,,,,153.0202,0,143.5919,1,58402,,,,
2023-08-25,143.79,147.05,143.37,146.50,145.15,,,,,153.0202,0,147.6041,0,126973,,,,
2023-08-28,145.91,147.03,145.70,146.94,145.45,,,,,153.0202,0,147.5194,0,60171,,,,
2023-08-29,146.96,147.35,145.42,145.57,145.54,,,,,153.0202,0,147.4365,0,64826,,,,
2023-08-30,145.22,146.61,145.03,145.74,145.59,144.02,,,,153.0202,0,147.3551,0,95720,,,,
2023-08-31,145.41,146.37,144.90,145.56,145.63,144.51,,,,152.7174,0,147.3522,0,68537,,,,
2023-09-01,144.95,146.65,144.95,146.19,145.71,144.77,,,,152.6847,0,147.2726,0,63903,,,,
2023-09-05,145.12,146.34,144.75,144.87,145.61,144.93,,,,152.2188,0,147.1946,0,51554,,,,
2023-09-06,144.49,146.97,144.41,145.82,145.68,145.15,,,,152.2188,0,147.1181,0,92223,,,,
2023-09-07,146.72,149.54,146.27,149.30,146.07,145.54,,,,152.2188,0,143.3708,1,130081,,,,
2023-09-08,150.12,150.60,148.82,148.82,146.53,145.79,,,,152.2188,0,143.4941,1,67499,,,,
2023-09-11,148.60,150.33,148.30,150.33,146.91,146.03,,,,152.2188,0,143.7782,1,58694,,,,
2023-09-12,150.05,150.52,148.56,148.91,147.11,146.28,,,,152.2188,0,144.0509,1,68309,,,,
2023-09-13,148.12,148.85,146.69,147.42,147.30,146.42,,,,152.2188,0,144.3128,1,129438,,,,
2023-09-14,146.77,147.41,145.11,146.46,147.37,146.48,,,,152.2188,0,144.5641,1,109982,,,,
2023-09-15,145.60,146.87,144.03,145.12,147.33,146.48,,,,152.2188,0,150.5965,0,195486,,,,
2023-09-18,146.69,147.76,146.17,147.49,147.46,146.58,,,,152.2188,0,150.4652,0,73074,,,,
2023-09-19,147.49,154.31,147.49,151.55,148.12,146.87,,,,152.2188,0,144.0336,1,257123,,,,
2023-09-20,151.58,153.02,150.82,150.83,148.62,147.15,,,,152.2188,0,144.2391,1,97344,,1.6726,1.6289,0.0437
2023-09-21,150.83,151.36,150.06,151.01,148.80,147.43,,,,152.2188,0,144.4405,1,112933,,1.7776,1.6586,0.1189
2023-09-22,151.08,153.06,150.89,152.75,149.19,147.86,,,,144.2998,1,144.6379,1,92218,,1.9776,1.7224,0.2552
2023-09-25,151.88,152.99,150.65,151.06,149.26,148.09,,,,144.2998,1,144.8314,1,99266,,1.9776,1.7734,0.2041
2023-09-26,150.79,152.53,150.51,151.61,149.53,148.32,,,,144.2998,1,145.0210,1,123730,,1.9985,1.8185,0.1800
2023-09-27,151.33,151.64,150.35,150.48,149.84,148.57,,,,144.2998,1,145.2068,1,80744,,1.9021,1.8352,0.0669
2023-09-28,151.03,152.39,150.75,152.06,150.40,148.88,,,,144.6127,1,145.3888,1,61762,,1.9314,1.8544,0.0769
2023-09-29,151.50,153.56,150.93,151.88,151.07,149.20,,,,145.1936,1,145.5673,1,103442,,1.9175,1.8670,0.0505
2023-10-02,151.10,152.45,149.95,152.45,151.57,149.51,,,,145.1936,1,145.7421,1,84484,,1.9306,1.8798,0.0508
2023-10-03,150.91,153.32,150.87,152.88,151.70,149.91,,,,145.1936,1,145.9135,1,87237,,1.9530,1.8944,0.0586
2023-10-04,152.58,155.74,152.41,155.53,152.17,150.40,,,,146.6685,1,146.0815,1,163591,,2.1592,1.9474,0.2118
2023-10-05,156.33,156.48,154.46,155.77,152.65,150.72,,,,148.1930,1,146.4678,1,117722,,2.3156,2.0210,0.2946
2023-10-06,155.03,157.50,154.98,157.17,153.09,151.14,,,,148.9380,1,147.0684,1,144677,,2.5234,2.1215,0.4019
2023-10-09,155.83,159.70,155.56,158.36,153.82,151.54,,,,149.8189,1,147.9029,1,100931,,2.7520,2.2476,0.5045
2023-10-10,158.24,159.84,157.07,157.07,154.37,151.95,,,,150.5953,1,149.0824,1,118933,,2.7975,2.3576,0.4399
2023-10-11,156.64,157.71,155.24,157.10,155.03,152.43,,,,150.5953,1,150.3736,1,152515,,2.8035,2.4467,0.3567
2023-10-12,156.16,157.31,154.99,156.39,155.46,152.93,148.25,,,150.5953,1,151.5099,1,124257,104950,2.7197,2.5013,0.2183
2023-10-13,155.77,157.65,154.44,157.59,156.03,153.55,148.69,,,150.5953,1,152.5099,1,149065,105317,2.7184,2.5447,0.1736
2023-10-16,156.89,159.14,156.89,158.68,156.65,154.11,149.04,,,150.5953,1,153.3898,1,141086,104306,2.7733,2.5904,0.1828
2023-10-17,158.18,159.51,157.73,159.04,157.27,154.49,149.39,,,151.0634,1,154.1642,1,102362,104192,2.8134,2.6350,0.1783
2023-10-18,159.63,161.27,158.51,159.16,157.63,154.90,149.75,,,152.2597,1,154.8456,1,122644,104777,2.8228,2.6726,0.1502
2023-10-19,160.29,160.29,157.66,158.22,157.88,155.26,150.08,,,152.2597,1,155.7453,1,104749,105422,2.7228,2.6826,0.0402
2023-10-20,158.09,159.44,156.47,157.48,157.91,155.50,150.35,,,152.2597,1,161.2721,0,113298,105652,2.5545,2.6570,-0.1025
2023-10-23,156.83,157.31,156.02,156.76,157.75,155.78,150.58,,,152.2597,1,161.1760,0,113925,104864,2.3361,2.5928,-0.2567
2023-10-24,156.79,158.65,156.79,157.77,157.82,156.09,150.86,,,152.2597,1,160.9699,0,118830,104987,2.2190,2.5180,-0.2990
2023-10-25,157.44,159.24,156.69,157.92,157.90,156.46,151.12,,,152.2597,1,160.7719,0,123797,105794,2.1136,2.4372,-0.3235
2023-10-26,157.73,160.80,157.73,159.35,158.20,156.83,151.40,,,152.2597,1,156.0218,1,111019,106606,2.1210,2.3739,-0.2529
2023-10-27,159.84,160.31,156.79,156.79,158.12,157.07,151.64,,,152.2597,1,156.1173,1,132443,107062,1.8986,2.2789,-0.3802
2023-10-30,157.57,159.22,157.53,158.97,158.15,157.40,151.91,,,152.2597,1,156.2109,1,116739,106947,1.8765,2.1984,-0.3219
2023-10-31,159.38,160.46,158.48,159.35,158.18,157.72,152.18,,,152.2597,1,156.3026,1,125441,107627,1.8680,2.1323,-0.2643
2023-11-01,160.16,162.15,160.02,161.09,158.37,158.00,152.50,,,153.4347,1,156.3924,1,125221,108559,1.9789,2.1016,-0.1227
2023-11-02,161.26,162.57,158.19,158.29,158.38,158.13,152.75,,,153.4347,1,156.6226,1,203712,110842,1.8199,2.0453,-0.2254
2023-11-03,158.58,165.46,157.88,164.80,159.11,158.51,153.16,,,153.4347,1,156.9798,1,245860,114591,2.1942,2.0751,0.1191
2023-11-06,166.32,170.14,165.35,169.25,160.36,159.05,153.62,,,157.4529,1,157.6584,1,224476,116541,2.8177,2.2236,0.5941
2023-11-07,169.26,171.30,168.06,168.10,161.39,159.60,154.04,,,159.4454,1,157.8789,1,150674,118352,3.1818,2.4152,0.7665
2023-11-08,170.45,170.54,167.14,169.17,162.51,160.21,154.52,,,159.4454,1,159.4890,1,93415,118923,3.5161,2.6354,0.8807
2023-11-09,169.80,171.46,168.97,171.46,163.73,160.96,155.03,,,160.2662,1,160.9059,1,106674,119142,3.9210,2.8925,1.0285
2023-11-10,171.18,172.40,170.10,170.12,165.06,161.59,155.52,,,161.6036,1,162.3837,1,125366,120279,4.0865,3.1313,0.9552
2023-11-13,170.92,173.53,170.44,173.53,166.52,162.33,156.07,,,162.2831,1,163.9855,1,131665,121634,4.4419,3.3934,1.0484
2023-11-14,174.00,174.00,170.97,172.47,167.83,163.00,156.62,,,162.8392,1,165.7040,1,265642,125916,4.5851,3.6318,0.9533
2023-11-15,172.47,173.30,171.68,172.07,168.93,163.65,157.14,,,163.3213,1,167.3630,1,182555,127723,4.6133,3.8281,0.7852
2023-11-16,171.65,172.86,171.39,172.86,170.38,164.38,157.62,,,163.4377,1,168.6903,1,145308,128027,4.6456,3.9916,0.6540
2023-11-17,172.38,172.86,171.41,171.76,171.08,165.09,158.07,,,163.8818,1,169.7521,1,200774,130693,4.5303,4.0993,0.4310
2023-11-20,171.28,172.49,171.03,171.90,171.34,165.85,158.51,,,163.8955,1,170.6015,1,135995,132239,4.3993,4.1593,0.2399
2023-11-21,172.46,174.97,172.04,172.04,171.74,166.56,158.97,,,165.5058,1,171.0338,1,128731,133447,4.2581,4.1791,0.0790
2023-11-22,174.30,175.23,172.28,175.07,172.33,167.42,159.52,,,165.5972,1,171.0338,1,106542,132989,4.3401,4.2113,0.1289
2023-11-24,174.71,175.42,174.33,175.07,172.69,168.21,160.09,,,167.2046,1,171.8739,1,37903,131548,4.3550,4.2400,0.1150
2023-11-27,175.30,175.82,174.74,175.40,173.22,169.14,160.70,,,168.0513,1,172.2783,1,115095,129940,4.3433,4.2607,0.0827
2023-11-28,176.10,177.28,174.59,175.88,173.45,169.98,161.27,,,168.6252,1,172.9861,1,194475,132368,4.3227,4.2731,0.0496
2023-11-29,176.40,176.40,174.12,175.06,173.71,170.77,161.74,,,168.6252,1,173.8441,1,143205,130089,4.1920,4.2569,-0.0649
2023-11-30,175.54,177.68,175.39,177.68,174.27,171.60,162.27,,,169.2106,1,174.1203,1,297389,134090,4.2510,4.2557,-0.0047
2023-12-01,177.72,179.19,175.80,175.80,174.57,172.47,162.77,,,169.8854,1,174.1203,1,251102,136854,4.0987,4.2243,-0.1256
2023-12-04,176.25,177.32,175.54,177.28,175.12,173.10,163.26,,,169.8854,1,175.1345,1,197613,138962,4.0509,4.1896,-0.1387
2023-12-05,177.11,177.68,175.65,177.46,175.67,173.51,163.79,,,169.8854,1,175.5442,1,126499,139506,3.9813,4.1480,-0.1667
2023-12-06,177.82,177.82,171.06,173.36,175.80,173.77,164.22,,,169.8854,1,179.1916,0,208193,141195,3.5546,4.0293,-0.4747
2023-12-07,173.16,173.82,170.80,172.87,175.58,173.96,164.67,,,169.8854,1,179.0289,0,177721,143135,3.1410,3.8516,-0.7107
2023-12-08,172.41,174.65,171.65,174.30,175.51,174.10,165.12,,,169.8854,1,178.6999,0,144066,144781,2.8946,3.6602,-0.7656
2023-12-11,174.82,175.01,173.29,173.59,175.33,174.27,165.55,,,169.8854,1,178.3841,0,172393,146160,2.6127,3.4507,-0.8381
2023-12-12,173.73,175.82,173.05,174.00,175.14,174.30,165.98,,,169.8854,1,178.0809,0,137615,147223,2.3946,3.2395,-0.8449
2023-12-13,173.80,175.22,171.40,174.05,175.04,174.38,166.40,,,169.8854,1,177.7899,0,206204,149602,2.2004,3.0317,-0.8313
2023-12-14,174.52,174.52,164.21,168.02,174.07,174.17,166.65,,,178.0324,0,177.5105,0,339374,153118,1.5416,2.7337,-1.1921
2023-12-15,167.80,170.71,167.06,170.71,173.56,174.06,166.95,,,178.0324,0,176.7125,0,232068,155405,1.2226,2.4314,-1.2089
2023-12-18,170.71,172.12,168.90,170.66,172.90,174.01,167.22,,,178.0324,0,175.9625,0,114898,154809,0.9548,2.1361,-1.1813
2023-12-19,171.53,172.61,170.36,172.61,172.42,174.04,167.51,,,178.0324,0,175.2575,0,106690,154924,0.8898,1.8869,-0.9971
2023-12-20,171.77,172.75,169.22,169.79,172.06,173.93,167.76,,,178.0324,0,174.5947,0,155158,155649,0.6038,1.6302,-1.0264
2023-12-21,170.31,171.94,169.84,171.75,171.95,173.77,168.06,,,178.0324,0,173.9718,0,114736,154893,0.5293,1.4101,-0.8808
2023-12-22,171.50,172.00,170.46,171.18,171.64,173.57,168.35,,,178.0324,0,173.3862,0,73758,153883,0.4197,1.2120,-0.7923
2023-12-26,171.51,171.51,169.21,169.39,171.22,173.27,168.59,,,178.0324,0,172.8357,0,75260,152407,0.1859,1.0068,-0.8208
2023-12-27,169.80,171.28,169.34,171.26,170.94,173.04,168.84,,,178.0324,0,172.3183,0,83520,151256,0.1500,0.8354,-0.6854
2023-12-28,171.68,174.22,171.68,173.44,170.88,172.96,169.13,,,178.0324,0,164.2118,1,121394,151636,0.2937,0.7271,-0.4334
2023-12-29,173.45,174.66,173.05,174.14,171.49,172.78,169.43,,,178.0324,0,164.4119,1,93190,151047,0.4589,0.6734,-0.2145
2024-01-02,173.94,175.41,171.21,173.79,171.80,172.68,169.74,,,178.0324,0,164.8217,1,119216,151337,0.5551,0.6498,-0.0947
2024-01-03,174.07,174.61,168.73,170.55,171.79,172.35,170.00,,,178.0324,0,165.4569,1,132349,151718,0.3659,0.5930,-0.2271
2024-01-04,170.78,171.70,169.00,169.25,171.45,171.94,170.25,,,178.0324,0,166.0539,1,146060,152360,0.1100,0.4964,-0.3864
2024-01-05,170.04,171.38,168.04,168.84,171.36,171.71,170.47,,,178.0324,0,166.6152,1,141742,152819,-0.1244,0.3722,-0.4967
2024-01-08,169.81,172.03,168.42,172.03,171.39,171.67,170.75,,,178.0324,0,167.1427,1,122563,152794,-0.0523,0.2873,-0.3396
2024-01-09,172.00,172.23,170.55,171.16,171.39,171.51,170.99,,,178.0324,0,167.6386,1,127325,153120,-0.0652,0.2168,-0.2820
2024-01-10,170.65,171.82,169.73,171.26,171.57,171.39,171.28,,,178.0324,0,168.1047,1,95391,152379,-0.0660,0.1603,-0.2263
2024-01-11,171.48,173.84,171.48,173.40,171.79,171.36,171.57,,,178.0324,0,168.5429,1,129616,152637,0.1045,0.1491,-0.0446
2024-01-12,173.54,176.39,172.76,176.21,172.06,171.47,171.90,,,178.0324,0,168.9548,1,115455,152437,0.4610,0.2115,0.2495
2024-01-16,176.58,179.91,176.52,179.13,172.56,172.03,172.27,,,168.9628,1,169.5498,1,201975,153972,0.9684,0.3629,0.6055
2024-01-17,179.45,183.69,179.00,182.50,173.43,172.62,172.75,,,171.6065,1,170.5862,1,205675,154011,1.6233,0.6149,1.0083
2024-01-18,182.76,182.96,180.11,182.30,174.61,173.20,173.10,,,171.9159,1,172.1583,1,142609,151946,2.1023,0.9124,1.1899
2024-01-19,182.05,182.91,180.79,180.79,175.76,173.61,173.33,,,172.5596,1,173.5418,1,91874,149294,2.3331,1.1966,1.1365
2024-01-22,181.40,182.54,180.17,181.26,177.00,174.18,173.59,,,172.5596,1,174.7593,1,110847,148498,2.5247,1.4622,1.0625
2024-01-23,181.54,184.27,179.84,184.19,178.22,174.80,173.89,,,172.5596,1,175.8307,1,175177,150133,2.8801,1.7458,1.1344
2024-01-24,184.72,185.45,183.84,184.13,179.52,175.45,174.15,,,175.6193,1,177.0126,1,117169,150343,3.1204,2.0207,1.0997
2024-01-25,184.22,185.02,182.59,184.02,180.79,176.18,174.43,,,175.6193,1,178.3630,1,126894,150373,3.2645,2.2695,0.9950
2024-01-26,183.45,184.20,181.76,181.82,181.63,176.71,174.59,,,175.6193,1,179.4973,1,102387,149788,3.1644,2.4484,0.7159
2024-01-29,180.92,181.62,178.05,178.96,181.91,176.99,174.72,,,175.6193,1,185.4527,0,175004,147975,2.8219,2.5231,0.2988
2024-01-30,179.85,180.74,177.17,178.72,181.87,177.22,174.85,,,175.6193,1,185.3046,0,142448,147173,2.5028,2.5191,-0.0163
2024-01-31,179.23,181.38,178.92,179.30,181.55,177.49,174.98,,,175.6193,1,184.9793,0,178004,147827,2.2701,2.4693,-0.1991
2024-02-01,179.30,180.59,176.58,180.16,181.33,177.97,175.15,,,175.6193,1,184.6671,0,224890,148309,2.1305,2.4015,-0.2711
2024-02-02,176.49,182.39,176.32,178.26,181.08,178.42,175.28,,,175.6193,1,184.1817,0,215333,149896,1.8450,2.2902,-0.4452
2024-02-05,175.86,178.30,175.62,177.25,180.68,178.84,175.38,,,175.6193,1,183.5531,0,145764,150237,1.5203,2.1362,-0.6160
2024-02-06,178.45,178.45,174.10,175.94,179.85,179.04,175.40,,,175.6193,1,182.7601,0,92009,149946,1.1442,1.9378,-0.7936
2024-02-07,177.84,181.24,177.59,179.89,179.43,179.47,175.50,,,175.6193,1,181.7209,0,137072,151929,1.1517,1.7806,-0.6289
2024-02-08,181.57,181.66,179.04,179.60,178.99,179.89,175.58,,,175.6193,1,174.1008,1,100791,151643,1.1210,1.6487,-0.5277
2024-02-09,179.33,181.32,178.20,178.96,178.70,180.17,175.64,,,175.6193,1,174.2520,1,105898,149872,1.0329,1.5255,-0.4926
2024-02-12,179.63,180.06,177.66,179.87,178.80,180.35,175.74,,,175.6193,1,174.4001,1,96296,148933,1.0252,1.4255,-0.4003
2024-02-13,181.05,182.37,178.98,180.62,178.98,180.43,175.80,,,175.6193,1,174.5453,1,107064,145127,1.0666,1.3537,-0.2871
2024-02-14,182.12,182.41,179.13,180.19,179.07,180.31,175.88,,,175.6193,1,174.8583,1,109304,142291,1.0527,1.2935,-0.2408
2024-02-15,180.85,181.45,179.73,181.45,179.20,180.27,175.97,,,175.6193,1,175.3114,1,91430,140167,1.1309,1.2610,-0.1301
2024-02-16,182.08,183.33,181.61,182.07,179.58,180.33,176.06,,,175.6193,1,175.7373,1,81173,139261,1.2283,1.2544,-0.0261
2024-02-20,182.33,187.40,182.12,186.97,180.56,180.62,176.33,,,175.6193,1,176.3445,1,267162,140440,1.6819,1.3399,0.3420
2024-02-21,187.84,190.84,184.71,185.21,181.48,180.67,176.58,,,177.0420,1,177.4503,1,197430,140834,1.8774,1.4474,0.4300
2024-02-22,190.82,191.96,186.78,190.68,182.56,181.00,176.91,,,177.6851,1,179.0566,1,328865,144530,2.4456,1.6471,0.7985
2024-02-23,191.93,192.98,191.48,192.27,183.83,181.41,177.28,,,181.0253,1,180.8628,1,221163,145506,2.9896,1.9156,1.0741
2024-02-26,193.08,194.07,191.57,191.70,185.10,181.90,177.63,,,181.9839,1,182.8018,1,125608,145266,3.3367,2.1998,1.1369
2024-02-27,192.61,192.77,188.45,190.04,186.12,182.46,177.95,,,181.9839,1,184.8307,1,140884,143959,3.4376,2.4474,0.9902
2024-02-28,191.21,191.65,189.68,191.47,187.21,183.10,178.42,,,181.9839,1,186.4945,1,103587,139243,3.5921,2.6763,0.9158
2024-02-29,190.12,190.35,186.27,187.78,187.96,183.52,178.76,,,181.9839,1,194.0738,0,227136,139145,3.3774,2.8165,0.5609
2024-03-01,188.10,188.46,182.79,182.91,188.11,183.66,179.01,,,181.9839,1,193.9178,0,191939,140686,2.7821,2.8096,-0.0275
2024-03-04,183.23,187.13,182.17,185.20,188.42,184.00,179.26,,,181.9839,1,193.4727,0,288092,144314,2.4666,2.7410,-0.2745
2024-03-05,184.98,186.31,181.16,186.07,188.33,184.44,179.59,,,181.9839,1,192.7947,0,173908,144689,2.2607,2.6450,-0.3843
2024-03-06,185.65,186.63,182.76,183.49,188.16,184.82,179.82,,,181.9839,1,191.8636,0,134711,145088,1.8684,2.4897,-0.6212
2024-03-07,184.36,185.33,178.36,179.77,187.07,184.82,179.99,165.53,,194.9564,0,191.0070,0,278086,149175,1.2426,2.2402,-0.9977
2024-03-08,179.59,182.86,178.25,182.58,186.10,184.96,180.26,165.85,,193.7363,0,189.7422,0,160535,150880,0.9628,1.9847,-1.0220
2024-03-11,181.73,183.35,179.32,179.79,184.91,185.01,180.43,166.10,,193.7363,0,188.3633,0,145171,152113,0.5094,1.6897,-1.1803
2024-03-12,180.59,180.68,177.52,177.70,183.68,184.90,180.51,166.34,,191.8101,0,187.1498,0,178139,153248,-0.0177,1.3482,-1.3659
2024-03-13,178.92,181.54,178.05,179.46,182.47,184.84,180.62,166.60,,191.8101,0,185.8014,0,169829,154781,-0.2901,1.0205,-1.3106
2024-03-14,179.62,179.69,176.44,177.15,181.41,184.69,180.69,166.83,,190.3721,0,184.6417,0,156207,155521,-0.6851,0.6794,-1.3645
2024-03-15,175.07,179.87,174.82,179.48,181.07,184.59,180.87,167.07,,189.9317,0,183.3297,0,255423,157982,-0.8003,0.3835,-1.1838
2024-03-18,179.95,181.51,179.01,179.66,180.52,184.47,181.07,167.30,,189.9317,0,181.7977,0,115106,157363,-0.8674,0.1333,-1.0007
2024-03-19,179.09,180.51,178.65,179.49,179.86,184.09,181.29,167.54,,189.9317,0,181.5081,0,150128,157531,-0.9234,-0.0780,-0.8453
2024-03-20,179.48,179.49,177.24,179.17,179.43,183.79,181.43,167.77,,189.3293,0,181.5081,0,133809,157756,-0.9824,-0.2589,-0.7235
2024-03-21,177.33,180.20,177.33,180.15,179.46,183.27,181.61,168.00,,189.3293,0,180.5105,0,159609,158401,-0.9395,-0.3950,-0.5444
2024-03-22,179.57,179.57,176.48,176.94,178.90,182.50,181.72,168.21,,188.7784,0,180.1976,0,134206,159178,-1.1510,-0.5462,-0.6048
2024-03-25,177.49,178.00,175.37,175.65,178.49,181.70,181.77,168.41,,187.1477,0,180.1976,0,124319,159072,-1.4066,-0.7183,-0.6883
2024-03-26,175.55,176.43,173.86,174.19,178.13,180.91,181.73,168.60,,185.3373,0,179.5716,0,159515,159953,-1.7071,-0.9161,-0.7910
2024-03-27,174.57,176.21,174.29,176.21,177.81,180.14,181.67,168.81,,185.0253,0,178.4293,0,113381,158181,-1.7623,-1.0853,-0.6770
2024-03-28,176.18,179.69,175.98,179.69,178.06,179.74,181.61,169.04,,185.0253,0,173.8601,1,186633,157800,-1.5078,-1.1698,-0.3380
2024-04-01,179.02,179.94,176.90,177.87,177.90,179.49,181.52,169.26,,185.0253,0,173.9767,1,94009,156828,-1.4363,-1.2231,-0.2132
2024-04-02,177.09,179.08,177.09,178.63,177.80,179.16,181.48,169.48,,185.0253,0,174.2153,1,106503,157121,-1.3031,-1.2391,-0.0640
2024-04-03,178.50,179.27,174.90,174.90,177.34,178.60,181.35,169.66,,185.0253,0,174.4445,1,132281,157550,-1.4819,-1.2877,-0.1942
2024-04-04,176.24,180.37,175.65,177.58,177.18,178.30,181.22,169.88,,185.0253,0,174.6644,1,171783,157482,-1.3913,-1.3084,-0.0829
2024-04-05,178.07,179.04,175.65,176.95,176.86,178.16,181.08,170.08,,185.0253,0,174.8968,1,129094,157720,-1.3544,-1.3176,-0.0368
2024-04-08,177.01,179.49,176.88,178.36,177.00,177.95,180.96,170.30,,185.0253,0,175.2254,1,129738,157777,-1.1977,-1.2936,0.0959
2024-04-09,178.11,178.46,173.20,175.19,176.96,177.72,180.83,170.50,,185.0253,0,180.3736,0,160662,158943,-1.3141,-1.2977,-0.0164
2024-04-10,175.51,177.31,175.14,176.04,177.14,177.64,180.77,170.70,,185.0253,0,180.2302,0,139950,158242,-1.3224,-1.3026,-0.0198
2024-04-11,176.19,176.70,171.77,173.60,176.88,177.34,180.67,170.89,,184.9979,0,180.0897,0,159803,158589,-1.5089,-1.3439,-0.1650
2024-04-12,173.17,175.64,172.71,174.58,176.37,177.22,180.58,171.06,,184.7428,0,179.7568,0,193433,158897,-1.5590,-1.3869,-0.1721
2024-04-15,176.08,176.55,173.37,173.47,175.93,176.92,180.44,171.22,,184.7428,0,179.4372,0,133435,157068,-1.6695,-1.4434,-0.2260
2024-04-16,173.72,175.60,172.59,172.82,175.35,176.57,180.33,171.37,,184.4182,0,179.1304,0,116947,155100,-1.7884,-1.5124,-0.2760
2024-04-17,172.84,173.91,171.15,173.07,175.17,176.25,180.25,171.53,,182.6484,0,178.8359,0,103557,154256,-1.8418,-1.5783,-0.2635
2024-04-18,172.82,174.13,171.54,173.61,174.77,175.97,180.20,171.71,,182.6484,0,178.3748,0,122908,154874,-1.8197,-1.6266,-0.1931
2024-04-19,174.35,177.05,174.20,176.87,174.76,175.81,180.14,171.91,,182.6484,0,177.9414,0,159582,155324,-1.5211,-1.6055,0.0844
2024-04-22,176.84,178.30,175.16,176.03,174.53,175.77,180.07,172.12,,182.6484,0,171.1510,1,105402,155417,-1.3368,-1.5517,0.2149
2024-04-23,176.35,176.76,173.91,174.89,174.50,175.73,179.99,172.30,,182.6484,0,171.2940,1,114659,155592,-1.2686,-1.4951,0.2265
2024-04-24,173.69,176.33,173.20,175.44,174.44,175.79,179.90,172.46,,182.6484,0,171.4341,1,103903,155744,-1.1561,-1.4273,0.2712
2024-04-25,175.87,178.39,174.67,177.69,174.85,175.86,179.84,172.64,,182.6484,0,171.5715,1,129527,156193,-0.8754,-1.3169,0.4415
2024-04-26,177.41,177.57,174.48,174.48,174.84,175.60,179.73,172.79,,182.6484,0,171.8441,1,91876,155845,-0.9022,-1.2340,0.3318
2024-04-29,175.94,177.77,174.53,176.43,175.13,175.53,179.63,172.95,,182.6484,0,172.1059,1,107717,156170,-0.7569,-1.1386,0.3817
2024-04-30,175.86,177.43,174.98,177.17,175.57,175.46,179.53,173.13,,182.6484,0,172.3572,1,108002,156707,-0.5759,-1.0260,0.4501
2024-05-01,176.98,177.41,174.79,175.94,175.86,175.51,179.31,173.29,,182.6484,0,172.5984,1,96318,153290,-0.5250,-0.9258,0.4008
2024-05-02,177.45,177.45,170.29,170.29,175.52,175.15,179.01,173.42,,182.6484,0,178.3883,0,235828,154058,-0.9302,-0.9267,-0.0035
2024-05-03,172.63,176.12,171.16,175.72,175.41,175.08,178.71,173.58,,182.6484,0,178.2263,0,172681,150934,-0.8040,-0.9022,0.0982
2024-05-06,175.71,179.64,175.71,178.85,175.69,175.11,178.44,173.76,,182.6484,0,170.2904,1,179176,150095,-0.4463,-0.8110,0.3647
2024-05-07,178.65,181.15,177.76,180.20,176.22,175.36,178.21,173.94,,182.6484,0,170.4774,1,168478,150952,-0.0533,-0.6594,0.6062
2024-05-08,180.21,182.08,179.26,181.42,176.82,175.63,178.04,174.13,,182.6484,0,170.9041,1,133746,150809,0.3528,-0.4570,0.8098
2024-05-09,180.99,181.66,177.75,178.90,176.94,175.89,177.79,174.29,,182.6484,0,171.5744,1,157951,151897,0.4656,-0.2725,0.7381
2024-05-10,179.87,179.97,176.02,177.08,177.20,176.02,177.58,174.43,,182.6484,0,172.2045,1,106300,149480,0.4035,-0.1373,0.5408
2024-05-13,177.52,179.46,176.48,178.14,177.37,176.25,177.48,174.57,,182.6484,0,172.7967,1,112387,147889,0.4354,-0.0227,0.4581
2024-05-14,178.22,179.72,175.22,176.64,177.32,176.44,177.31,174.69,,182.6484,0,173.3534,1,122345,144574,0.3352,0.0488,0.2864
2024-05-15,176.81,176.99,173.66,173.88,177.11,176.48,177.07,174.80,,182.6484,0,182.0754,0,121199,143520,0.0329,0.0457,-0.0128
2024-05-16,174.33,178.32,173.66,177.61,177.84,176.68,176.95,174.94,,182.6484,0,181.9071,0,132332,143472,0.0929,0.0551,0.0378
2024-05-17,179.09,179.47,176.90,179.47,178.22,176.81,176.94,175.10,168.38,182.6484,0,181.5774,0,101573,139942,0.2879,0.1017,0.1862
2024-05-20,178.20,179.32,176.46,178.68,178.20,176.95,176.86,175.24,168.60,182.6484,0,181.2609,0,81886,138369,0.3742,0.1562,0.2180
2024-05-21,179.87,181.22,178.93,179.70,178.15,177.19,176.86,175.38,168.79,182.6484,0,173.6645,1,116234,137790,0.5187,0.2287,0.2900
2024-05-22,179.64,180.95,178.98,179.95,178.00,177.41,176.91,175.52,168.98,182.6484,0,173.8157,1,77850,135784,0.6462,0.3122,0.3341
2024-05-23,179.51,179.97,176.26,176.44,177.76,177.35,176.85,175.63,169.16,182.6484,0,173.9639,1,111908,134626,0.4587,0.3415,0.1172
2024-05-24,176.66,178.97,176.44,178.56,177.91,177.55,176.88,175.77,169.34,182.6484,0,174.1091,1,70056,132903,0.4759,0.3684,0.1075
2024-05-28,178.15,179.19,174.57,174.92,177.59,177.48,176.78,175.88,169.50,182.6484,0,174.2514,1,113695,130068,0.1929,0.3333,-0.1404
2024-05-29,174.29,174.55,171.86,172.72,177.19,177.26,176.65,175.99,169.64,182.6484,0,181.2245,0,94251,129651,-0.2065,0.2253,-0.4318
2024-05-30,173.58,173.58,170.88,170.88,176.89,177.00,176.47,176.08,169.77,182.1795,0,181.0371,0,91012,128469,-0.6638,0.0475,-0.7113
2024-05-31,172.55,172.56,169.70,169.72,176.10,176.97,176.28,176.16,169.90,180.9491,0,180.6307,0,305535,131904,-1.1068,-0.1834,-0.9235
2024-06-03,170.32,171.98,169.97,171.68,175.33,176.77,176.11,176.24,170.03,180.4874,0,179.9749,0,135652,131424,-1.2848,-0.4037,-0.8812
2024-06-04,170.67,173.21,169.92,172.40,174.70,176.45,176.02,176.34,170.17,180.4874,0,179.3584,0,93501,130610,-1.3525,-0.5934,-0.7591
2024-06-05,172.14,172.94,169.74,171.40,173.87,176.01,175.94,176.42,170.30,180.4874,0,178.7789,0,107598,130276,-1.4699,-0.7687,-0.7012
2024-06-06,170.66,171.42,168.20,170.71,172.94,175.47,175.87,176.50,170.42,179.3721,0,178.2341,0,190861,130903,-1.6000,-0.9350,-0.6650
2024-06-07,170.74,172.06,168.65,169.42,172.24,175.00,175.73,176.56,170.54,179.3721,0,177.4313,0,123466,131104,-1.7869,-1.1054,-0.6816
2024-06-10,169.63,170.31,167.77,168.33,171.22,174.56,175.51,176.62,170.66,178.4689,0,176.6927,0,109221,129556,-1.9999,-1.2843,-0.7156
2024-06-11,168.75,170.65,167.49,170.18,170.74,174.16,175.35,176.66,170.79,178.4689,0,175.8001,0,129557,130267,-1.9961,-1.4266,-0.5694
2024-06-12,170.80,171.48,165.17,166.20,170.09,173.64,175.10,176.64,170.88,178.4689,0,174.8032,0,181224,131762,-2.2881,-1.5989,-0.6891
2024-06-13,166.41,166.95,163.92,165.52,169.55,173.22,174.92,176.62,170.98,175.6928,0,173.4542,0,116140,131439,-2.5448,-1.7881,-0.7567
2024-06-14,165.15,165.56,164.24,164.43,169.03,172.57,174.65,176.59,171.07,174.5269,0,171.9289,0,76509,129533,-2.8037,-1.9912,-0.8125
2024-06-17,163.56,167.05,162.99,167.05,168.56,171.94,174.46,176.56,171.18,174.5269,0,170.6477,0,104069,129033,-2.7657,-2.1461,-0.6196
2024-06-18,166.58,167.27,165.20,166.20,167.94,171.32,174.21,176.53,171.28,174.5269,0,169.2691,0,163590,129710,-2.7725,-2.2714,-0.5011
2024-06-20,166.26,169.08,166.07,169.08,167.71,170.79,174.09,176.50,171.40,174.5269,0,162.9892,1,101301,128523,-2.5162,-2.3204,-0.1958
2024-06-21,168.34,173.27,166.32,172.58,167.90,170.42,174.02,176.50,171.53,174.5269,0,163.1110,1,252853,130781,-2.0072,-2.2577,0.2505
2024-06-24,171.13,171.89,167.85,168.09,167.77,170.00,173.91,176.48,171.64,174.5269,0,163.5174,1,127846,130142,-1.9441,-2.1950,0.2509
2024-06-25,168.63,168.82,165.12,165.75,167.51,169.36,173.73,176.43,171.73,174.5269,0,163.9076,1,129678,128866,-2.0595,-2.1679,0.1084
2024-06-26,166.32,166.79,164.65,166.79,167.17,168.96,173.60,176.40,171.82,174.5269,0,164.2821,1,167977,129557,-2.0435,-2.1430,0.0995
2024-06-27,166.86,167.71,166.20,167.05,167.25,168.67,173.48,176.37,171.90,174.5269,0,164.6417,1,103201,129282,-1.9865,-2.1117,0.1252
2024-06-28,167.21,169.11,165.47,166.84,167.39,168.47,173.36,176.33,171.99,174.5269,0,164.6472,1,278558,132782,-1.9357,-2.0765,0.1408
2024-07-01,168.79,168.91,167.23,168.67,167.81,168.42,173.26,176.29,172.10,174.5269,0,164.9922,1,94075,132206,-1.7282,-2.0068,0.2786
2024-07-02,168.85,169.60,167.30,168.15,167.92,168.24,173.09,176.24,172.20,174.5269,0,165.3233,1,91197,130838,-1.5875,-1.9230,0.3355
2024-07-03,168.55,168.55,166.10,167.69,168.07,168.01,172.92,176.19,172.32,174.5269,0,165.6412,1,51703,129764,-1.4959,-1.8376,0.3417
2024-07-05,168.36,168.36,164.99,166.46,167.81,167.76,172.75,176.13,172.41,174.5269,0,173.2711,0,96678,129404,-1.5049,-1.7710,0.2661
2024-07-08,166.70,166.89,165.11,165.61,167.11,167.50,172.55,176.06,172.48,174.5269,0,173.1054,0,93583,129198,-1.5629,-1.7294,0.1665
2024-07-09,166.11,167.00,163.73,165.38,166.84,167.30,172.31,175.98,172.56,174.3295,0,172.9431,0,91163,128431,-1.6086,-1.7052,0.0967
2024-07-10,165.35,166.65,164.44,166.13,166.88,167.19,172.14,175.92,172.63,174.2767,0,172.5744,0,87036,128334,-1.5665,-1.6775,0.1110
2024-07-11,166.03,167.77,164.98,166.56,166.85,167.01,171.94,175.85,172.70,174.2767,0,172.2204,0,113169,128443,-1.4813,-1.6383,0.1570
2024-07-12,167.33,168.03,165.89,166.30,166.78,167.02,171.73,175.77,172.78,174.2767,0,171.8806,0,128023,128843,-1.4188,-1.5944,0.1756
2024-07-15,168.02,170.25,166.76,169.26,167.02,167.20,171.59,175.75,172.86,174.2767,0,171.5544,0,120212,129321,-1.1172,-1.4989,0.3817
2024-07-16,168.64,171.87,168.64,169.58,167.11,167.46,171.58,175.72,172.96,174.2767,0,163.7250,1,124901,127103,-0.8425,-1.3676,0.5252
2024-07-17,169.88,177.06,169.73,176.84,167.98,167.95,171.60,175.74,173.08,163.1465,1,163.8879,1,203610,127721,-0.0384,-1.1018,1.0634
2024-07-18,176.40,181.20,176.40,180.46,169.26,168.66,171.63,175.79,173.23,168.1377,1,164.4147,1,160745,127353,0.8808,-0.7053,1.5861
2024-07-19,181.59,182.06,180.09,181.14,170.73,169.27,171.65,175.83,173.37,170.8884,1,165.4217,1,159797,127179,1.6449,-0.2353,1.8801
2024-07-22,181.49,183.48,180.52,182.48,172.41,169.76,171.67,175.89,173.52,171.9455,1,166.7529,1,129121,127087,2.3320,0.2782,2.0538
2024-07-23,182.98,183.73,179.55,179.76,173.85,170.34,171.69,175.97,173.64,171.9455,1,168.4260,1,151633,126960,2.6262,0.7478,1.8784
2024-07-24,180.13,183.24,178.58,181.67,175.40,171.14,171.78,176.04,173.77,171.9455,1,170.2625,1,150451,127843,2.9794,1.1941,1.7853
2024-07-25,180.78,185.55,180.12,183.51,177.10,171.98,171.89,176.13,173.90,171.9455,1,171.8785,1,173545,129066,3.3693,1.6292,1.7402
2024-07-26,184.25,185.18,182.23,182.93,178.76,172.77,172.02,176.20,174.02,172.7064,1,173.7931,1,102534,128670,3.5903,2.0214,1.5689
2024-07-29,182.52,183.47,181.20,182.07,180.05,173.53,172.18,176.28,174.15,172.7064,1,175.4397,1,94163,128129,3.6535,2.3478,1.3057
2024-07-30,181.85,184.07,181.51,183.51,181.44,174.28,172.30,176.36,174.28,172.7064,1,176.8558,1,110790,127699,3.7765,2.6336,1.1430
2024-07-31,183.37,183.37,178.89,180.04,181.76,174.87,172.31,176.41,174.40,172.7064,1,178.0736,1,153396,128735,3.5528,2.8174,0.7354
2024-08-01,180.27,182.98,177.89,182.24,181.94,175.60,172.38,176.50,174.52,172.7064,1,185.5544,0,219371,131485,3.5123,2.9564,0.5559
2024-08-02,182.58,191.31,182.58,190.13,182.83,176.78,172.59,176.63,174.68,174.2247,1,177.8920,1,278186,134724,4.0699,3.1791,0.8908
2024-08-05,190.27,198.84,188.68,192.56,183.84,178.13,172.84,176.75,174.85,179.2644,1,177.8920,1,351794,140203,4.6544,3.4741,1.1802
2024-08-06,192.30,195.30,191.59,193.52,185.22,179.53,173.18,176.88,175.02,179.2826,1,178.7299,1,313568,144236,5.1360,3.8065,1.3295
2024-08-07,192.67,199.53,190.33,198.42,186.89,181.15,173.58,177.05,175.22,179.4271,1,179.5342,1,468590,152207,5.8453,4.2143,1.6310
2024-08-08,198.59,202.07,197.74,200.32,188.57,182.84,174.09,177.25,175.43,184.6534,1,180.7337,1,337265,156678,6.4863,4.6687,1.8176
2024-08-09,200.31,200.60,197.02,197.02,189.98,184.37,174.57,177.43,175.64,184.6534,1,182.4403,1,161017,158013,6.6516,5.0653,1.5863
2024-08-12,197.73,200.31,196.68,199.77,191.75,185.90,175.15,177.64,175.85,184.6534,1,184.0103,1,101077,158215,6.9244,5.4371,1.4873
2024-08-13,199.70,200.00,195.38,198.46,193.25,187.34,175.73,177.81,176.05,184.6534,1,185.4548,1,207054,156245,6.9544,5.7406,1.2139
2024-08-14,197.24,202.53,196.52,202.10,195.45,188.61,176.34,178.02,176.26,184.8085,1,186.7837,1,209039,157713,7.1890,6.0302,1.1588
2024-08-15,202.85,202.85,196.75,197.18,196.95,189.44,176.83,178.19,176.46,184.8085,1,188.3581,1,218546,160214,6.8988,6.2040,0.6948
2024-08-16,197.21,200.63,197.21,199.10,197.84,190.34,177.38,178.36,176.66,184.8085,1,190.0972,1,139887,160859,6.7462,6.3124,0.4338
2024-08-19,200.17,201.29,199.14,200.72,198.66,191.25,177.99,178.53,176.87,186.4167,1,191.6277,1,98817,159019,6.6789,6.3857,0.2932
2024-08-20,200.07,202.53,199.66,202.13,199.52,192.37,178.64,178.68,177.08,187.8153,1,192.9745,1,130617,159162,6.6619,6.4409,0.2210
2024-08-21,201.65,203.25,201.11,203.02,199.98,193.44,179.33,178.82,177.30,189.5907,1,194.1597,1,137070,159719,6.6440,6.4815,0.1624
2024-08-22,202.50,206.91,202.18,205.82,200.53,194.55,180.05,178.97,177.51,191.7958,1,195.4328,1,135063,159829,6.7780,6.5408,0.2372
2024-08-23,206.23,206.59,202.68,205.66,201.40,195.69,180.84,179.14,177.69,191.9879,1,197.2696,1,186499,159934,6.7925,6.5912,0.2013
2024-08-26,206.03,210.22,206.03,209.10,202.33,197.04,181.71,179.33,177.89,195.3719,1,198.8125,1,176365,161139,7.0011,6.6732,0.3280
2024-08-27,209.12,212.05,207.06,207.35,203.22,198.23,182.57,179.48,178.08,196.5814,1,200.8657,1,214795,163904,6.9455,6.7276,0.2179
2024-08-28,206.68,207.73,204.27,205.07,203.52,199.48,183.33,179.62,178.25,196.5814,1,203.1033,1,155783,164939,6.6404,6.7102,-0.0698
2024-08-29,205.27,206.59,202.16,203.17,204.11,200.53,184.07,179.75,178.42,196.5814,1,212.0537,0,139082,164448,6.1747,6.6031,-0.4284
2024-08-30,203.38,205.76,201.15,202.13,204.42,201.13,184.73,179.88,178.56,196.5814,1,211.8559,0,205770,166538,5.6562,6.4137,-0.7575
2024-09-03,201.63,209.45,200.47,209.45,205.29,201.98,185.46,180.09,178.74,196.5814,1,211.4276,0,232932,166139,5.7695,6.2849,-0.5153
2024-09-04,209.94,210.41,205.26,207.08,205.79,202.65,186.24,180.27,178.92,196.5814,1,210.7700,0,129057,166164,5.6034,6.1486,-0.5451
2024-09-05,207.16,208.02,204.55,207.27,206.21,203.10,187.07,180.46,179.09,196.5814,1,210.4078,0,118284,165936,5.4244,6.0037,-0.5794
2024-09-06,206.69,208.86,206.29,207.79,206.41,203.47,187.89,180.65,179.27,196.5814,1,210.4078,0,158954,165755,5.2638,5.8558,-0.5919
2024-09-09,207.56,212.11,207.20,207.98,206.64,204.02,188.71,180.84,179.45,196.5814,1,200.4686,1,158949,166870,5.0930,5.7032,-0.6102
2024-09-10,208.26,208.95,206.27,208.44,206.57,204.45,189.54,181.05,179.63,196.5814,1,200.7014,1,131936,163938,4.9380,5.5502,-0.6122
2024-09-11,207.93,208.49,204.27,208.37,206.68,204.95,190.34,181.27,179.80,196.5814,1,200.9296,1,143454,164925,4.7548,5.3911,-0.6363
2024-09-12,208.12,208.48,205.94,206.38,206.81,205.16,191.10,181.44,179.96,196.5814,1,201.1532,1,106747,165236,4.3985,5.1926,-0.7941
2024-09-13,208.00,208.83,206.09,206.26,207.12,205.61,191.87,181.62,180.11,196.5814,1,201.3723,1,77192,165746,4.0590,4.9659,-0.9068
2024-09-16,206.55,210.07,206.55,209.23,207.82,206.12,192.73,181.82,180.28,196.5814,1,201.5871,1,99948,165812,3.9839,4.7695,-0.7856
2024-09-17,209.60,211.81,207.92,210.25,207.90,206.60,193.62,182.03,180.45,197.9591,1,201.7975,1,98642,165913,3.9613,4.6078,-0.6466
2024-09-18,210.25,210.32,204.85,207.31,207.93,206.86,194.46,182.20,180.60,197.9591,1,202.0038,1,125785,166605,3.6637,4.4190,-0.7553
2024-09-19,206.56,207.39,202.27,203.65,207.56,206.89,195.21,182.36,180.74,197.9591,1,202.2059,1,181486,168494,3.0967,4.1545,-1.0578
2024-09-20,204.11,205.65,203.45,204.90,207.28,206.84,195.98,182.52,180.88,197.9591,1,202.2695,1,353978,173310,2.7169,3.8670,-1.1501
2024-09-23,205.08,207.01,204.88,206.25,207.10,206.87,196.78,182.68,181.02,197.9591,1,202.2695,1,97245,172695,2.4960,3.5928,-1.0968
2024-09-24,206.25,207.43,200.75,203.45,206.60,206.59,197.46,182.79,181.17,197.9591,1,212.1103,0,127290,172836,2.0715,3.2885,-1.2171
2024-09-25,205.62,205.70,199.29,199.87,205.75,206.21,198.07,182.89,181.31,197.9591,1,211.8832,0,138149,173101,1.4295,2.9167,-1.4872
2024-09-26,198.57,202.69,198.29,202.18,205.33,206.07,198.57,182.96,181.45,197.9591,1,211.3794,0,120558,171440,1.0948,2.5523,-1.4576
2024-09-27,200.76,202.72,199.15,199.38,204.65,205.88,198.95,183.01,181.58,197.9591,1,210.5942,0,141536,171056,0.5963,2.1611,-1.5649
2024-09-30,199.90,201.61,198.30,201.61,203.88,205.85,199.36,183.08,181.72,197.9591,1,209.8562,0,135296,170566,0.3771,1.8043,-1.4272
2024-10-01,201.97,208.23,201.52,206.60,203.52,205.71,199.84,183.19,181.88,197.9591,1,209.1624,0,146097,170906,0.5991,1.5633,-0.9642
2024-10-02,206.39,208.59,204.39,208.48,203.64,205.78,200.42,183.30,182.08,197.9591,1,198.2937,1,122492,170323,0.9162,1.4339,-0.5177
2024-10-03,207.32,209.77,206.39,206.81,203.95,205.76,200.92,183.43,182.26,197.9591,1,198.4996,1,186109,171036,1.0207,1.3512,-0.3305
2024-10-04,208.51,208.74,204.93,207.07,204.17,205.72,201.39,183.59,182.44,197.9591,1,198.9503,1,169199,170949,1.1122,1.3034,-0.1913
2024-10-07,207.78,209.11,203.56,204.08,203.95,205.53,201.81,183.71,182.60,197.9591,1,199.3830,1,188819,172675,0.9325,1.2292,-0.2968
2024-10-08,204.79,206.36,202.14,204.22,204.03,205.32,202.26,183.83,182.77,197.9591,1,199.7985,1,267099,176133,0.7921,1.1418,-0.3497
2024-10-09,204.01,205.69,201.28,202.83,204.33,205.04,202.64,183.96,182.93,197.9591,1,200.1972,1,196773,177853,0.5623,1.0259,-0.4636
2024-10-10,203.53,204.03,201.97,203.51,204.46,204.90,203.11,184.12,183.09,197.9591,1,200.5801,1,132455,177434,0.4301,0.9067,-0.4766
2024-10-11,203.20,203.71,200.95,202.72,204.79,204.72,203.52,184.26,183.26,197.9591,1,200.9476,1,136022,175767,0.2588,0.7772,-0.5183
2024-10-14,202.32,204.26,201.88,202.16,204.85,204.37,203.76,184.41,183.41,197.9591,1,200.9508,1,129750,172799,0.0769,0.6371,-0.5602
2024-10-15,203.55,208.22,203.34,207.15,204.90,204.21,204.06,184.60,183.58,197.9591,1,200.9508,1,344378,172650,0.3315,0.5760,-0.2445
2024-10-16,207.17,209.66,205.51,207.35,204.79,204.21,204.33,184.79,183.75,197.9591,1,201.3035,1,168750,169754,0.5429,0.5694,-0.0264
2024-10-17,207.16,207.88,205.76,206.22,204.73,204.34,204.49,184.98,183.91,197.9591,1,201.6420,1,118291,162748,0.6121,0.5779,0.0342
2024-10-18,207.20,207.85,205.03,205.95,204.62,204.39,204.60,185.16,184.08,197.9591,1,201.9671,1,147040,158943,0.6381,0.5900,0.0482
2024-10-21,205.95,209.29,205.83,209.04,205.11,204.53,204.84,185.35,184.28,197.9591,1,202.2791,1,126602,158255,0.8977,0.6515,0.2462
2024-10-22,209.40,210.97,208.10,210.37,205.73,204.88,205.05,185.56,184.49,198.5765,1,202.5787,1,188609,160006,1.1969,0.7606,0.4363
2024-10-23,209.33,211.58,207.30,210.15,206.46,205.39,205.29,185.77,184.68,198.5765,1,203.0821,1,183653,159538,1.4004,0.8885,0.5118
2024-10-24,210.59,213.33,210.20,211.57,207.27,205.86,205.48,185.98,184.88,200.7826,1,203.7619,1,114805,157653,1.6568,1.0422,0.6146
2024-10-25,211.63,213.50,208.30,209.43,207.94,206.37,205.72,186.19,185.07,200.7826,1,204.7187,1,117540,155633,1.6686,1.1675,0.5011
2024-10-28,208.47,209.92,207.57,209.55,208.68,206.76,205.93,186.42,185.26,200.7826,1,205.7722,1,116436,155164,1.6682,1.2676,0.4005
2024-10-29,209.96,211.91,208.64,208.83,208.85,206.87,206.09,186.65,185.42,200.7826,1,206.6993,1,140250,155993,1.5915,1.3324,0.2591
2024-10-30,210.10,210.10,206.17,206.28,208.74,206.76,206.18,186.85,185.55,200.7826,1,213.4979,0,154658,156473,1.3100,1.3279,-0.0179
2024-10-31,206.98,212.80,206.61,210.17,209.14,206.93,206.32,187.05,185.69,200.7826,1,213.3513,0,539371,164519,1.3846,1.3393,0.0454
2024-11-01,203.86,207.75,199.78,206.66,209.21,206.91,206.34,187.24,185.81,200.7826,1,213.2076,0,272076,167260,1.1471,1.3008,-0.1538
2024-11-04,205.26,207.01,203.46,206.26,208.93,207.02,206.35,187.43,185.94,200.7826,1,212.7992,0,165856,166847,0.9164,1.2239,-0.3075
2024-11-05,206.80,211.85,206.13,208.78,208.77,207.25,206.34,187.65,186.08,200.7826,1,212.2784,0,228645,167892,0.9263,1.1644,-0.2381
2024-11-06,203.40,208.66,193.79,198.16,207.57,207.02,206.16,187.79,186.15,212.4806,0,211.8545,0,478331,173163,0.0756,0.9467,-0.8710
2024-11-07,199.69,200.68,196.09,196.58,206.07,206.67,205.99,187.92,186.21,212.4806,0,211.8545,0,189193,173831,-0.7173,0.6139,-1.3312
2024-11-08,195.59,196.38,193.59,193.73,204.50,206.22,205.80,188.03,186.26,210.8491,0,210.7704,0,371239,178475,-1.5581,0.1795,-1.7375
2024-11-11,192.82,199.31,192.60,196.87,203.23,205.96,205.69,188.17,186.34,210.8491,0,209.3959,0,257984,179519,-1.9486,-0.2461,-1.7025
2024-11-12,196.65,197.03,194.40,196.30,201.98,205.41,205.43,188.30,186.42,210.8491,0,207.7159,0,200208,178864,-2.2779,-0.6525,-1.6254
2024-11-13,195.25,198.23,192.45,193.75,200.73,204.73,205.16,188.44,186.50,210.8491,0,206.2039,0,182823,179940,-2.7132,-1.0646,-1.6486
2024-11-14,194.86,198.48,194.17,195.27,199.24,204.19,204.92,188.58,186.58,210.8491,0,204.5532,0,147056,180515,-2.9017,-1.4321,-1.4697
2024-11-15,195.70,198.07,194.38,197.52,198.32,203.76,204.72,188.74,186.66,210.8491,0,203.1006,0,283302,183002,-2.8373,-1.7131,-1.1242
2024-11-18,198.51,203.98,198.10,202.50,197.94,203.44,204.61,188.94,186.78,210.8491,0,192.4483,1,346085,186745,-2.3573,-1.8420,-0.5154
2024-11-19,202.68,204.43,200.80,201.72,197.24,203.00,204.47,189.13,186.91,210.8491,0,192.6789,1,186532,187837,-2.0164,-1.8769,-0.1396
2024-11-20,202.61,206.09,201.73,205.18,197.94,202.76,204.41,189.34,187.05,210.8491,0,193.1492,1,153373,188035,-1.4500,-1.7915,0.3415
2024-11-21,206.84,207.85,205.18,207.62,199.04,202.56,204.44,189.54,187.19,210.8491,0,193.9255,1,178320,189467,-0.7951,-1.5922,0.7972
2024-11-22,207.10,209.97,206.41,209.87,200.66,202.58,204.51,189.77,187.34,210.8491,0,195.0394,1,143865,190800,-0.0938,-1.2925,1.1987
2024-11-25,208.85,210.86,207.87,210.72,202.04,202.64,204.54,190.01,187.50,210.8491,0,196.5319,1,431065,197422,0.5249,-0.9290,1.4539
2024-11-26,208.94,216.46,206.88,213.84,203.80,202.89,204.61,190.26,187.67,196.8106,1,198.2514,1,327993,202009,1.2525,-0.4927,1.7453
2024-11-27,216.45,218.13,213.19,214.37,205.86,203.29,204.75,190.51,187.84,200.8052,1,200.8006,1,289139,205276,1.8507,-0.0240,1.8748
2024-11-29,215.81,217.83,212.20,213.03,207.64,203.44,204.94,190.76,188.01,200.8052,1,203.5737,1,100521,203657,2.1913,0.4190,1.7722
2024-12-02,214.28,214.42,209.14,209.14,208.80,203.56,205.02,190.98,188.14,200.8052,1,205.9032,1,160522,199788,2.1229,0.7598,1.3631
2024-12-03,210.86,211.70,206.89,209.35,209.49,203.71,205.09,191.20,188.28,200.8052,1,218.1329,0,214199,202127,2.0616,1.0202,1.0415
2024-12-04,208.37,212.37,206.70,209.29,210.24,203.74,205.20,191.42,188.39,200.8052,1,217.9081,0,217510,203931,1.9854,1.2132,0.7722
2024-12-05,210.87,212.19,205.62,205.83,210.31,204.12,205.32,191.66,188.49,200.8052,1,217.4596,0,162898,204426,1.6268,1.2959,0.3308
2024-12-06,205.83,205.83,200.29,201.33,209.68,204.36,205.30,191.83,188.55,200.8052,1,216.7492,0,172086,205457,0.9682,1.2304,-0.2622
2024-12-09,199.80,200.71,197.56,198.97,208.59,204.62,205.30,191.96,188.58,214.4843,0,215.4325,0,172691,206080,0.2531,1.0349,-0.7819
2024-12-10,199.54,202.61,198.51,200.35,207.55,204.80,205.27,192.09,188.62,214.4843,0,213.6449,0,119790,205770,-0.1999,0.7880,-0.9879
2024-12-11,200.40,202.44,198.58,199.94,206.16,204.98,205.14,192.22,188.67,214.4843,0,212.0360,0,127591,205400,-0.5848,0.5134,-1.0982
2024-12-12,201.30,201.41,197.01,197.24,204.45,205.15,204.91,192.34,188.70,213.7535,0,210.5880,0,123847,205427,-1.0954,0.1916,-1.2871
2024-12-13,198.85,198.85,195.93,198.36,202.98,205.31,204.74,192.48,188.76,211.3546,0,208.9591,0,107846,203862,-1.3940,-0.1255,-1.2685
2024-12-16,197.72,199.52,193.10,193.10,201.37,205.09,204.46,192.58,188.81,210.8048,0,207.1347,0,134451,203167,-2.0317,-0.5067,-1.5250
2024-12-17,194.43,195.98,193.09,195.49,199.99,204.74,204.29,192.71,188.86,208.4461,0,204.8884,0,184769,203086,-2.3169,-0.8688,-1.4481
2024-12-18,195.39,197.60,192.42,197.46,198.81,204.52,204.16,192.86,188.92,208.4461,0,202.7638,0,234602,202436,-2.3572,-1.1664,-1.1908
2024-12-19,196.59,197.73,191.27,191.27,197.35,203.83,203.93,192.96,188.95,208.4461,0,200.6959,0,194614,202393,-2.8556,-1.5043,-1.3513
2024-12-20,189.50,192.74,189.11,189.11,196.13,202.90,203.64,193.02,189.00,205.1596,0,198.8106,0,416254,208069,-3.3859,-1.8806,-1.5053
2024-12-23,190.92,191.83,188.63,190.58,195.29,201.94,203.40,193.10,189.04,204.0045,0,197.7339,0,172593,208800,-3.6455,-2.2336,-1.4119
2024-12-24,190.57,192.58,189.04,191.87,194.44,201.00,203.19,193.18,189.10,204.0045,0,195.9139,0,54124,207287,-3.7043,-2.5277,-1.1765
2024-12-26,191.25,194.27,191.25,193.98,193.85,200.00,202.93,193.27,189.18,204.0045,0,194.4580,0,125006,202900,-3.5396,-2.7301,-0.8095
2024-12-27,193.31,195.02,192.84,194.65,193.59,199.02,202.67,193.40,189.26,204.0045,0,188.6343,1,94020,201405,-3.3167,-2.8474,-0.4693
2024-12-30,194.63,195.13,191.78,193.37,193.09,198.03,202.42,193.49,189.34,204.0045,0,188.7620,1,127021,201580,-3.2066,-2.9192,-0.2873
2024-12-31,193.84,194.05,191.99,192.85,193.06,197.22,202.15,193.61,189.41,204.0045,0,189.0166,1,92170,200483,-3.1255,-2.9605,-0.1650
2025-01-02,193.79,194.69,192.40,193.87,192.90,196.45,201.85,193.75,189.48,204.0045,0,189.2611,1,112855,200208,-2.9445,-2.9573,0.0128
2025-01-03,194.58,194.58,192.37,192.69,192.43,195.62,201.50,193.90,189.54,204.0045,0,189.4958,1,97034,198376,-2.8636,-2.9386,0.0750
2025-01-06,190.10,192.39,187.89,189.26,192.22,194.79,201.08,194.03,189.59,201.1479,0,195.1284,0,145201,197607,-3.0416,-2.9592,-0.0824
2025-01-07,188.53,193.56,186.90,188.35,192.15,194.14,200.61,194.14,189.63,201.1479,0,194.9837,0,180649,198924,-3.2188,-3.0111,-0.2077
2025-01-08,188.43,190.47,187.28,190.47,192.14,193.71,200.23,194.26,189.70,200.5441,0,194.6602,0,122626,199026,-3.1517,-3.0392,-0.1125
2025-01-10,189.55,192.28,187.79,188.45,191.79,193.12,199.81,194.38,189.77,200.5441,0,194.3497,0,148914,199675,-3.2246,-3.0763,-0.1483
2025-01-13,189.13,190.80,188.75,190.20,191.42,192.63,199.44,194.51,189.85,200.5441,0,194.0516,0,153212,199935,-3.1048,-3.0820,-0.0228
2025-01-14,189.78,193.00,188.35,190.85,191.04,192.31,199.13,194.65,189.92,200.5441,0,193.7654,0,178539,200412,-2.9244,-3.0505,0.1261
2025-01-15,191.68,191.82,184.85,189.90,190.69,191.89,198.73,194.79,189.97,200.5441,0,193.4907,0,342509,196475,-2.8253,-3.0054,0.1801
2025-01-16,190.84,191.86,189.19,191.39,190.54,191.80,198.42,194.93,190.04,200.5441,0,192.9966,0,96223,192958,-2.5966,-2.9237,0.3271
2025-01-17,191.07,193.45,189.92,192.24,190.38,191.64,198.14,195.11,190.11,200.5441,0,184.8543,1,130055,192242,-2.3201,-2.8029,0.4828
2025-01-21,193.29,194.78,191.03,194.60,190.57,191.50,197.86,195.30,190.20,200.5441,0,185.0262,1,157992,190829,-1.8889,-2.6201,0.7313
2025-01-22,194.57,196.00,192.61,195.15,191.16,191.69,197.80,195.51,190.29,200.5441,0,185.4165,1,116364,183589,-1.4854,-2.3932,0.9078
2025-01-23,196.51,199.61,194.53,198.98,192.22,192.18,197.84,195.72,190.40,200.5441,0,186.0513,1,169473,183195,-0.8469,-2.0839,1.2370
2025-01-24,197.99,198.39,196.82,197.57,192.93,192.53,197.92,195.93,190.50,200.5441,0,187.1359,1,141687,178604,-0.4496,-1.7571,1.3075
2025-01-27,200.34,202.91,196.17,202.76,194.36,193.08,198.04,196.15,190.64,187.1668,1,188.1338,1,212487,177694,0.2810,-1.3495,1.6304
2025-01-28,203.25,203.87,200.45,200.97,195.44,193.43,198.13,196.34,190.76,189.9970,1,189.6109,1,121750,176125,0.7076,-0.9380,1.6457
2025-01-29,199.37,201.80,199.16,201.36,196.49,193.76,198.28,196.56,190.90,189.9970,1,191.3223,1,99501,174459,1.0645,-0.5375,1.6021
2025-01-30,201.10,204.46,201.10,203.22,197.82,194.25,198.44,196.81,191.04,191.2087,1,192.8284,1,90374,173325,1.4808,-0.1339,1.6147
2025-01-31,203.29,204.19,201.64,201.66,198.85,194.70,198.53,197.05,191.18,191.7354,1,194.4575,1,129137,170242,1.6657,0.2261,1.4397
2025-02-03,202.23,208.06,201.77,206.81,200.31,195.34,198.61,197.31,191.35,192.9333,1,195.8585,1,160452,166529,2.2026,0.6214,1.5812
2025-02-04,205.97,208.56,205.37,206.46,201.49,196.03,198.71,197.58,191.52,195.2279,1,197.8103,1,146579,165730,2.5698,1.0110,1.5587
2025-02-05,206.75,208.12,204.74,205.56,202.53,196.85,198.71,197.82,191.68,195.2279,1,199.7454,1,157501,165812,2.7565,1.3601,1.3964
2025-02-06,206.95,208.40,204.07,204.30,203.07,197.64,198.65,198.06,191.82,195.2279,1,201.3321,1,189736,166041,2.7706,1.6422,1.1284
2025-02-07,203.84,209.99,202.96,208.41,204.15,198.54,198.62,198.33,191.98,195.2279,1,202.6333,1,194868,167061,3.0784,1.9295,1.1489
2025-02-10,210.27,214.00,206.87,206.97,204.57,199.47,198.54,198.60,192.14,196.9079,1,202.9647,1,179134,162022,3.1695,2.1775,0.9920
2025-02-11,206.15,206.46,198.38,205.28,205.00,200.22,198.37,198.87,192.29,196.9079,1,213.9987,0,208291,159628,3.0702,2.3560,0.7141
2025-02-12,203.32,210.48,203.32,209.27,205.80,201.14,198.27,199.16,192.45,196.9079,1,213.9987,0,173406,157313,3.2754,2.5399,0.7355
2025-02-13,209.23,209.23,205.23,205.51,206.02,201.92,198.12,199.42,192.60,196.9079,1,213.6862,0,124917,157801,3.0989,2.6517,0.4472
2025-02-14,206.72,206.72,199.36,199.69,205.83,202.34,197.93,199.64,192.72,196.9079,1,213.3800,0,139871,157388,2.4608,2.6135,-0.1527
2025-02-18,200.66,204.37,199.69,204.32,205.58,202.94,197.83,199.90,192.85,196.9079,1,213.0799,0,123736,155579,2.3021,2.5512,-0.2492
2025-02-19,204.98,208.13,204.02,207.50,205.68,203.59,197.79,200.15,193.01,196.9079,1,212.7858,0,103359,153296,2.4058,2.5221,-0.1164
2025-02-20,207.50,207.50,203.75,206.18,205.74,204.14,197.80,200.40,193.19,196.9079,1,212.4976,0,100527,152049,2.3541,2.4885,-0.1344
2025-02-21,206.28,208.43,204.21,208.18,206.13,204.60,197.94,200.61,193.35,196.9079,1,212.2152,0,171254,152032,2.4458,2.4800,-0.0342
2025-02-24,208.36,209.60,207.17,208.04,206.09,205.12,198.12,200.79,193.50,196.9079,1,211.9384,0,146351,151505,2.4788,2.4797,-0.0010
2025-02-25,207.22,210.77,205.02,205.34,205.93,205.25,198.22,200.95,193.63,196.9079,1,211.6671,0,186339,152836,2.2614,2.4361,-0.1746
2025-02-26,204.79,206.84,202.32,202.63,205.67,205.33,198.27,201.08,193.73,196.9079,1,211.4013,0,234094,154966,1.8489,2.3186,-0.4698
2025-02-27,202.38,206.71,202.31,205.28,205.27,205.53,198.43,201.26,193.86,196.9079,1,211.1408,0,171558,155921,1.7164,2.1982,-0.4818
2025-02-28,206.89,209.98,205.88,208.68,205.58,205.80,198.64,201.44,194.02,196.9079,1,210.8855,0,194379,157651,1.8638,2.1313,-0.2675
2025-03-03,209.57,213.28,208.40,212.80,206.90,206.36,199.04,201.63,194.20,196.9079,1,198.3754,1,179406,158550,2.2867,2.1624,0.1243
2025-03-04,213.86,215.57,208.76,209.19,207.38,206.48,199.31,201.81,194.36,197.3943,1,198.6735,1,203691,158929,2.3044,2.1908,0.1136
2025-03-05,208.70,212.42,208.70,210.23,207.66,206.67,199.56,201.99,194.54,197.3943,1,199.3494,1,158428,157405,2.3750,2.2276,0.1474
2025-03-06,210.47,213.48,209.02,210.86,208.12,206.93,199.96,202.18,194.71,197.3943,1,199.9982,1,225695,158027,2.4530,2.2727,0.1803
2025-03-07,211.84,216.04,210.41,210.86,208.39,207.26,200.39,202.38,194.86,198.6613,1,200.6210,1,198899,153680,2.4861,2.3154,0.1707
2025-03-10,212.53,217.00,210.79,216.82,209.27,207.68,200.92,202.61,195.05,198.9192,1,201.5464,1,207018,154368,2.9591,2.4441,0.5150
2025-03-11,216.73,218.41,208.61,209.04,209.64,207.78,201.26,202.74,195.20,198.9192,1,202.7823,1,262873,158543,2.6753,2.4904,0.1850
2025-03-12,209.20,209.20,201.01,206.40,210.02,207.84,201.51,202.83,195.33,198.9192,1,218.4106,0,220426,160452,2.2124,2.4348,-0.2224
2025-03-13,205.47,214.12,205.47,212.97,210.78,208.03,201.87,202.96,195.52,198.9192,1,218.4106,0,228145,163134,2.3481,2.4174,-0.0694
2025-03-14,209.91,213.23,209.91,211.80,211.10,208.34,202.24,203.05,195.68,198.9192,1,218.0625,0,140950,163413,2.3344,2.4008,-0.0664
2025-03-17,212.13,216.68,211.77,213.72,211.19,209.04,202.66,203.14,195.88,198.9192,1,217.7214,0,160169,164773,2.4503,2.4107,0.0396
2025-03-18,215.68,217.62,212.65,217.45,212.01,209.70,203.13,203.27,196.10,198.9192,1,201.0074,1,131554,165147,2.8109,2.4908,0.3202
2025-03-19,215.75,217.79,214.83,215.61,212.55,210.10,203.59,203.38,196.32,200.2779,1,201.3397,1,157535,166357,2.9146,2.5755,0.3390
2025-03-20,216.38,217.86,214.57,217.21,213.19,210.65,204.15,203.50,196.56,200.8008,1,201.9976,1,145783,166368,3.0904,2.6785,0.4119
2025-03-21,218.35,221.26,212.61,212.61,213.36,210.88,204.63,203.57,196.76,200.8008,1,202.9491,1,327868,169313,2.8258,2.7080,0.1178
2025-03-24,212.64,214.91,210.56,210.82,212.76,211.02,205.04,203.67,196.96,200.8008,1,204.4141,1,216303,171186,2.4434,2.6551,-0.2117
2025-03-25,212.29,214.25,210.96,212.07,213.06,211.35,205.51,203.75,197.16,200.8008,1,205.7619,1,145927,171127,2.2154,2.5671,-0.3518
2025-03-26,212.66,215.93,211.77,215.76,214.00,212.01,206.02,203.85,197.39,200.8008,1,207.0019,1,136153,170785,2.3060,2.5149,-0.2089
2025-03-27,214.63,218.78,214.22,218.05,214.51,212.65,206.57,203.96,197.63,201.4224,1,208.1426,1,122933,169673,2.5340,2.5187,0.0153
2025-03-28,218.09,220.57,217.57,220.44,215.37,213.23,207.18,204.07,197.89,204.5992,1,209.1922,1,198475,166793,2.8741,2.5898,0.2843
2025-03-31,221.18,224.93,221.18,224.01,216.40,213.80,207.83,204.20,198.16,208.6874,1,210.1577,1,213120,169131,3.3928,2.7504,0.6424
2025-04-01,223.25,224.45,220.95,222.78,216.94,214.47,208.44,204.31,198.44,208.7197,1,211.6354,1,141573,169361,3.6619,2.9327,0.7292
2025-04-02,222.82,225.72,222.06,222.22,217.60,215.07,209.00,204.40,198.72,210.2100,1,212.9653,1,157114,169343,3.7867,3.1035,0.6832
2025-04-03,225.26,232.01,222.81,223.53,218.23,215.71,209.56,204.51,199.02,212.1601,1,214.4954,1,301533,173047,3.9456,3.2719,0.6737
2025-04-04,224.72,228.03,211.77,212.93,218.26,215.81,209.84,204.56,199.25,212.1601,1,232.0124,0,412112,177899,3.1794,3.2534,-0.0740
2025-04-07,210.25,210.75,204.43,205.18,217.70,215.23,209.99,204.57,199.44,226.8819,0,232.0124,0,433816,183742,1.9253,2.9878,-1.0625
2025-04-08,208.25,211.30,205.35,206.04,217.09,215.08,210.06,204.60,199.63,226.8819,0,230.9092,0,308241,185657,0.9887,2.5880,-1.5993
2025-04-09,203.62,208.28,198.86,203.74,215.89,214.95,210.12,204.56,199.79,223.6764,0,229.8501,0,438684,191996,0.0604,2.0825,-2.0220
2025-04-10,202.40,210.98,200.46,207.91,214.88,214.69,210.25,204.56,199.98,223.6764,0,227.9907,0,318054,196367,-0.3351,1.5990,-1.9340
2025-04-11,205.88,215.02,205.88,212.93,214.13,214.75,210.44,204.60,200.22,223.6764,0,226.2428,0,256086,199681,-0.2407,1.2310,-1.4718
2025-04-14,214.69,216.45,211.93,214.97,213.22,214.81,210.71,204.65,200.46,223.6764,0,224.5998,0,194653,200991,-0.0014,0.9845,-0.9860
2025-04-15,215.27,216.15,212.92,215.76,212.52,214.73,210.89,204.70,200.70,223.6764,0,223.0553,0,133887,200460,0.2493,0.8375,-0.5882
2025-04-16,215.94,217.62,214.80,215.78,211.88,214.74,211.07,204.75,200.95,223.6764,0,221.6036,0,202167,201572,0.4444,0.7589,-0.3144
2025-04-17,216.93,217.70,214.85,214.89,211.01,214.62,211.26,204.79,201.18,223.6764,0,220.2389,0,118564,200793,0.5212,0.7113,-0.1901
2025-04-21,215.78,216.33,211.86,212.23,210.94,214.60,211.42,204.83,201.40,223.6764,0,218.9561,0,205386,201106,0.3637,0.6418,-0.2781
2025-04-22,214.08,214.29,210.37,211.92,211.61,214.66,211.49,204.87,201.62,223.6764,0,217.7503,0,170121,200611,0.2110,0.5556,-0.3447
2025-04-23,213.12,213.12,205.66,209.29,211.94,214.52,211.53,204.87,201.84,223.6764,0,216.6169,0,277785,202584,-0.1204,0.4204,-0.5408
2025-04-24,208.70,211.24,207.14,210.54,212.62,214.26,211.64,204.87,202.06,223.6764,0,215.5514,0,165571,201730,-0.2791,0.2805,-0.5596
2025-04-25,209.05,211.71,207.93,211.44,212.97,213.93,211.68,204.90,202.29,223.6764,0,214.5499,0,136719,200996,-0.3284,0.1587,-0.4872
2025-04-28,210.62,212.59,209.78,210.06,212.69,213.41,211.77,204.94,202.51,223.6764,0,213.6084,0,135186,201201,-0.4739,0.0322,-0.5061
2025-04-29,210.68,215.02,209.07,214.87,212.68,212.95,212.08,205.01,202.75,223.6764,0,198.8593,1,141300,201230,-0.1987,-0.0140,-0.1847
2025-04-30,215.41,220.35,214.03,219.57,213.06,212.79,212.38,205.10,203.02,223.6764,0,199.1824,1,275099,204257,0.3943,0.0677,0.3266
2025-05-01,217.79,219.62,215.10,218.98,213.38,212.63,212.61,205.20,203.27,223.6764,0,200.0291,1,240831,207007,0.8079,0.2157,0.5921
2025-05-02,216.74,227.15,211.90,224.11,214.30,212.66,212.97,205.36,203.54,201.5637,1,200.8420,1,310403,211204,1.5317,0.4789,1.0528
2025-05-05,225.55,230.61,223.73,229.34,216.01,213.48,213.39,205.55,203.80,208.1878,1,202.4206,1,289333,213566,2.4983,0.8828,1.6155
2025-05-06,229.38,231.92,227.13,230.97,217.92,214.77,213.85,205.76,204.05,211.0093,1,204.6755,1,196969,214578,3.3575,1.3777,1.9797
2025-05-07,231.57,233.63,229.77,231.87,220.18,216.06,214.38,205.96,204.31,213.8708,1,207.4003,1,242592,215703,4.0642,1.9150,2.1492
2025-05-08,233.65,233.65,225.85,225.85,221.71,217.16,214.85,206.09,204.53,213.8708,1,210.5473,1,273243,216486,4.0906,2.3501,1.7405
2025-05-09,227.03,229.60,224.67,229.38,223.50,218.24,215.33,206.23,204.77,213.8708,1,213.7811,1,171813,216491,4.3467,2.7494,1.5972
2025-05-12,227.16,227.20,213.48,218.90,224.38,218.54,215.53,206.31,204.96,213.8708,1,233.6458,0,373626,220076,3.6614,2.9318,0.7296
2025-05-13,219.30,220.52,217.23,218.16,224.71,218.70,215.64,206.38,205.13,213.8708,1,233.2425,0,173395,219956,3.0244,2.9504,0.0741
2025-05-14,214.98,215.56,210.61,211.38,223.89,218.48,215.68,206.43,205.28,233.2403,0,232.8472,0,356958,223021,1.9499,2.7503,-0.8003
2025-05-15,211.78,217.05,211.73,216.94,223.69,218.53,215.82,206.51,205.45,233.2403,0,231.9578,0,193106,223715,1.5289,2.5060,-0.9771
2025-05-16,217.24,219.94,215.67,218.73,223.15,218.73,215.98,206.62,205.63,233.2403,0,231.1038,0,255440,224310,1.3245,2.2697,-0.9452
2025-05-19,217.97,222.23,217.97,222.15,222.43,219.22,216.20,206.74,205.84,233.2403,0,230.2841,0,265410,225640,1.4225,2.1003,-0.6777
2025-05-20,220.88,223.91,220.66,223.79,221.71,219.82,216.34,206.88,206.04,233.2403,0,229.4971,0,193440,225368,1.6134,2.0029,-0.3895
2025-05-21,222.84,226.50,222.15,225.93,221.12,220.65,216.68,207.04,206.22,233.2403,0,228.7416,0,212368,224358,1.9160,1.9855,-0.0696
2025-05-22,225.99,226.92,223.24,226.12,221.15,221.43,217.07,207.17,206.39,233.2403,0,228.0164,0,160145,223153,2.1462,2.0176,0.1285
2025-05-23,224.30,229.76,224.30,229.25,221.13,222.32,217.40,207.32,206.57,233.2403,0,210.6099,1,147655,221543,2.5516,2.1244,0.4272
2025-05-27,227.86,229.62,226.23,228.93,222.14,223.26,217.74,207.47,206.72,233.2403,0,210.9928,1,151522,221754,2.8149,2.2625,0.5524
2025-05-28,229.63,230.29,223.17,223.72,222.69,223.70,217.94,207.59,206.84,233.2403,0,211.3680,1,202284,222597,2.5729,2.3246,0.2483
2025-05-29,223.47,225.40,221.75,224.95,224.05,223.97,218.09,207.69,206.98,233.2403,0,212.1249,1,130095,222567,2.4528,2.3502,0.1025
2025-05-30,227.39,229.01,226.16,227.45,225.10,224.40,218.33,207.80,207.12,233.2403,0,212.8515,1,268093,224779,2.5294,2.3861,0.1433
2025-06-02,229.04,229.95,226.65,229.41,226.17,224.66,218.57,207.93,207.27,233.2403,0,213.5491,1,187075,225605,2.7175,2.4524,0.2651
2025-06-03,230.00,230.00,223.67,225.62,226.52,224.48,218.83,208.03,207.39,233.2403,0,214.2187,1,165551,222358,2.5313,2.4681,0.0632
2025-06-04,226.62,226.62,221.87,222.11,226.35,224.03,219.06,208.11,207.51,233.2403,0,214.8615,1,143529,220903,2.0763,2.3898,-0.3135
2025-06-05,223.61,224.25,220.30,221.12,225.87,223.49,219.24,208.19,207.62,233.2403,0,215.4787,1,217783,222340,1.6177,2.2354,-0.6176
2025-06-06,221.36,221.73,219.55,220.97,225.35,223.25,219.34,208.27,207.73,233.2403,0,216.0711,1,91845,221454,1.2281,2.0339,-0.8058
2025-06-09,219.75,221.14,216.55,217.95,224.22,222.68,219.34,208.35,207.80,232.8894,0,230.2899,0,148657,221968,0.6674,1.7606,-1.0932
2025-06-10,218.17,219.93,216.98,219.48,223.28,222.71,219.32,208.41,207.89,231.9822,0,230.0150,0,146744,220934,0.3432,1.4771,-1.1339
2025-06-11,218.26,221.49,217.67,221.26,223.03,222.86,219.27,208.51,207.96,231.9822,0,229.7457,0,108859,218848,0.2270,1.2271,-1.0001
2025-06-12,221.26,224.83,221.26,224.65,223.00,223.53,219.31,208.63,208.06,231.9822,0,229.4817,0,157097,219159,0.4035,1.0624,-0.6589
2025-06-13,226.27,227.33,223.30,224.16,222.67,223.89,219.34,208.73,208.13,231.9822,0,229.2229,0,163351,219284,0.4983,0.9496,-0.4513
2025-06-16,224.12,224.65,221.98,222.85,222.02,224.09,219.33,208.90,208.21,231.9822,0,228.9694,0,119990,215653,0.4624,0.8521,-0.3897
2025-06-17,223.47,224.50,222.33,223.76,221.83,224.17,219.55,209.08,208.31,231.9822,0,228.7209,0,117213,209755,0.5018,0.7821,-0.2802
2025-06-18,224.56,226.00,222.68,225.94,222.21,224.28,219.96,209.29,208.42,231.9822,0,228.4774,0,138631,203851,0.7004,0.7657,-0.0653
2025-06-20,227.73,228.82,223.27,224.20,222.52,224.20,220.33,209.47,208.53,231.9822,0,216.5460,1,218849,202063,0.7095,0.7545,-0.0450
2025-06-23,225.20,228.73,223.36,228.44,223.27,224.31,220.82,209.69,208.62,231.9822,0,216.7914,1,183498,196959,1.0466,0.8129,0.2337
2025-06-24,228.44,229.23,224.91,227.59,224.23,224.23,221.21,209.91,208.73,231.9822,0,217.0319,1,135728,193313,1.2315,0.8966,0.3349
2025-06-25,227.77,229.29,225.91,228.72,225.16,224.22,221.53,210.14,208.83,231.9822,0,217.5199,1,109532,190382,1.4519,1.0077,0.4442
2025-06-26,228.33,230.13,224.39,224.50,225.48,224.26,221.72,210.32,208.92,231.9822,0,218.2263,1,150548,189500,1.2714,1.0604,0.2109
2025-06-27,223.76,227.68,221.91,227.33,225.75,224.37,221.95,210.48,209.01,231.9822,0,219.1782,1,169735,190217,1.3412,1.1166,0.2246
2025-06-30,227.81,231.51,225.96,231.51,226.48,224.58,222.27,210.68,209.13,231.9822,0,220.0541,1,146642,189106,1.7139,1.2360,0.4779
2025-07-01,232.00,232.01,225.77,230.30,227.23,224.62,222.57,210.85,209.24,231.9822,0,221.1992,1,171982,190175,1.8907,1.3670,0.5237
2025-07-02,230.71,232.06,225.80,229.66,227.82,224.82,222.92,211.00,209.36,231.9822,0,222.4968,1,178903,189645,1.9561,1.4848,0.4713
2025-07-03,229.50,231.04,228.07,229.68,228.19,225.20,223.28,211.13,209.47,231.9822,0,223.8359,1,75265,187748,1.9867,1.5852,0.4015
2025-07-07,230.61,233.54,228.09,233.50,229.12,225.82,223.76,211.28,209.59,216.5494,1,224.9875,1,149647,185185,2.2928,1.7267,0.5661
2025-07-08,233.21,235.54,230.09,230.84,229.36,226.32,224.17,211.39,209.70,218.3364,1,226.3561,1,139524,184664,2.2944,1.8402,0.4541
2025-07-09,230.51,231.99,228.58,230.36,229.64,226.94,224.55,211.50,209.81,218.3364,1,228.0085,1,139259,184715,2.2314,1.9185,0.3129
2025-07-10,230.82,232.89,229.50,232.72,230.04,227.60,225.00,211.63,209.96,218.3364,1,228.5774,1,161663,185244,2.3443,2.0036,0.3407
2025-07-11,231.82,235.05,230.12,233.29,230.92,228.20,225.37,211.79,210.10,218.8069,1,228.5774,1,157292,185564,2.4520,2.0933,0.3587
2025-07-14,234.39,235.98,232.22,234.24,231.61,228.68,225.66,211.96,210.24,220.5746,1,229.5006,1,177937,183621,2.5837,2.1914,0.3923
2025-07-15,234.92,235.59,231.39,232.24,231.68,229.08,225.93,212.11,210.38,220.5746,1,230.1161,1,203981,182884,2.4982,2.2527,0.2455
2025-07-16,233.28,236.75,231.37,235.37,232.19,229.71,226.15,212.31,210.56,220.5746,1,231.2895,1,257159,181819,2.6522,2.3326,0.3196
2025-07-17,236.14,237.50,234.43,236.10,232.83,230.33,226.29,212.54,210.73,222.7134,1,231.3669,1,167487,179382,2.8013,2.4264,0.3749
2025-07-18,235.90,237.92,234.14,236.88,233.55,230.87,226.40,212.79,210.92,222.9638,1,231.3669,1,506566,185574,2.9479,2.5307,0.4172
2025-07-21,236.27,237.24,234.53,234.53,233.66,231.39,226.46,213.02,211.08,223.3182,1,232.6773,1,163516,183993,2.8423,2.5930,0.2493
2025-07-22,234.69,239.43,234.01,239.42,234.51,231.94,226.73,213.28,211.25,223.7781,1,233.7255,1,164340,181815,3.1167,2.6977,0.4190
2025-07-23,239.11,241.93,236.26,238.99,235.38,232.51,226.92,213.56,211.40,225.7491,1,234.0074,1,203626,182451,3.2622,2.8106,0.4516
2025-07-24,239.20,245.24,239.02,244.11,236.52,233.28,227.43,213.87,211.59,228.2451,1,234.0074,1,307806,181134,3.7476,2.9980,0.7496
2025-07-25,244.98,246.97,243.95,244.71,237.66,234.29,227.96,214.21,211.77,232.0590,1,236.2549,1,192795,181522,4.1328,3.2250,0.9078
2025-07-28,245.92,245.92,239.09,239.77,238.21,234.91,228.52,214.51,211.95,232.0590,1,238.3983,1,224149,178866,3.9938,3.3787,0.6151
2025-07-29,239.29,242.21,236.26,238.01,238.79,235.24,228.95,214.78,212.12,232.0590,1,246.9720,0,527904,185562,3.6985,3.4427,0.2558
2025-07-30,238.03,241.26,236.46,239.91,239.24,235.72,229.37,215.10,212.31,232.0590,1,246.7578,0,257148,185596,3.5770,3.4696,0.1075
2025-07-31,239.85,240.91,238.77,239.28,239.56,236.20,229.71,215.44,212.49,232.0590,1,246.5479,0,226096,184810,3.3904,3.4537,-0.0633
2025-08-01,239.70,247.81,239.39,245.98,240.47,237.01,230.16,215.80,212.70,232.0590,1,236.2609,1,328991,187521,3.7401,3.5110,0.2291
2025-08-04,246.33,249.37,244.20,249.04,241.92,237.79,230.62,216.19,212.94,232.0590,1,236.4918,1,244473,188163,4.2153,3.6519,0.5634
2025-08-05,247.68,248.85,244.22,246.97,242.68,238.60,231.04,216.54,213.14,232.0590,1,237.0071,1,321188,191384,4.3749,3.7965,0.5784
2025-08-06,246.55,247.01,242.22,246.29,243.41,239.39,231.38,216.88,213.33,232.0590,1,237.5018,1,149828,191427,4.3954,3.9163,0.4792
2025-08-07,246.30,248.97,243.37,247.68,243.76,240.14,231.75,217.25,213.54,232.0590,1,237.9767,1,174974,191897,4.4723,4.0275,0.4448
2025-08-08,246.28,251.07,246.28,250.73,244.37,241.01,232.29,217.63,213.76,233.7127,1,238.4326,1,223912,192329,4.7255,4.1671,0.5584
2025-08-11,250.08,253.40,249.37,251.39,245.53,241.87,232.82,218.01,213.97,236.7148,1,239.1910,1,200389,193735,4.9222,4.3181,0.6041
2025-08-12,252.64,252.64,244.83,246.70,246.40,242.59,233.21,218.37,214.16,236.7148,1,240.3281,1,202991,192433,4.6465,4.3838,0.2627
2025-08-13,244.53,246.63,243.40,243.64,246.77,243.01,233.49,218.74,214.32,236.7148,1,241.3742,1,189546,192482,4.1328,4.3336,-0.2007
2025-08-14,243.79,245.73,241.71,241.93,247.03,243.30,233.82,219.09,214.47,236.7148,1,253.4047,0,161360,192399,3.5471,4.1763,-0.6292
2025-08-15,241.95,246.38,241.73,245.82,247.02,243.75,234.29,219.46,214.66,236.7148,1,253.1708,0,183345,193195,3.3582,4.0127,-0.6545
2025-08-18,245.11,247.48,243.91,244.16,246.53,244.23,234.75,219.83,214.83,236.7148,1,252.9416,0,202327,192886,3.0397,3.8181,-0.7784
2025-08-19,242.61,245.21,242.15,244.33,246.27,244.47,235.22,220.20,215.01,236.7148,1,252.7170,0,188806,194825,2.7689,3.6082,-0.8393
2025-08-20,245.15,250.15,244.70,250.09,246.65,245.03,235.86,220.59,215.23,236.7148,1,252.4969,0,377593,199404,2.9845,3.4835,-0.4990
2025-08-21,248.00,250.27,247.09,247.43,246.62,245.19,236.42,220.97,215.41,236.7148,1,252.2811,0,161340,199696,2.9072,3.3682,-0.4610
2025-08-22,248.76,249.45,243.38,244.63,246.01,245.19,236.89,221.33,215.60,236.7148,1,252.0697,0,174029,200999,2.5902,3.2126,-0.6224
2025-08-25,243.21,247.54,242.48,247.26,245.60,245.56,237.34,221.70,215.81,236.7148,1,251.8626,0,206388,201985,2.5222,3.0746,-0.5524
2025-08-26,246.96,247.35,240.30,240.99,245.03,245.71,237.68,222.01,215.97,236.7148,1,251.6595,0,355158,205821,1.9397,2.8476,-0.9079
2025-08-27,240.28,241.82,236.17,236.21,244.28,245.53,237.94,222.28,216.16,253.3398,0,251.2052,0,281067,209042,1.0803,2.4941,-1.4138
2025-08-28,235.56,236.02,232.31,233.54,243.45,245.24,238.14,222.51,216.34,248.9318,0,250.3032,0,274290,212184,0.1816,2.0316,-1.8500
2025-08-29,233.98,235.70,232.85,234.23,242.29,244.65,238.30,222.75,216.55,248.4142,0,248.8637,0,193314,213278,-0.4699,1.5313,-2.0012
2025-09-02,234.93,236.29,229.96,230.19,240.89,243.71,238.42,222.94,216.71,247.7533,0,247.5394,0,264158,214184,-1.2972,0.9656,-2.2629
2025-09-03,229.81,233.91,228.47,233.69,239.82,243.05,238.53,223.15,216.90,245.9866,0,245.7812,0,230631,215126,-1.6511,0.4423,-2.0934
2025-09-04,231.01,234.76,231.01,232.46,238.06,242.35,238.63,223.36,217.09,245.9866,0,243.7036,0,174621,215904,-2.0078,-0.0478,-1.9601
2025-09-05,232.13,232.17,229.21,230.88,236.41,241.51,238.67,223.55,217.27,244.6655,0,241.8754,0,154991,216814,-2.3903,-0.5163,-1.8740
2025-09-08,232.13,233.12,229.28,232.66,235.21,240.61,238.83,223.75,217.45,244.6655,0,240.2665,0,176668,217336,-2.5209,-0.9172,-1.6037
2025-09-09,231.56,233.13,230.40,230.73,233.56,239.58,238.90,223.91,217.59,244.6655,0,238.8507,0,148988,216921,-2.7482,-1.2834,-1.4648
2025-09-10,231.72,233.88,229.21,232.80,232.74,238.88,238.93,224.09,217.74,244.6655,0,237.6048,0,139275,216774,-2.7302,-1.5728,-1.1575
2025-09-11,233.26,235.91,232.80,234.64,232.58,238.43,239.01,224.28,217.89,244.6655,0,236.5084,0,139127,216117,-2.5377,-1.7658,-0.7720
2025-09-12,234.81,235.51,232.11,232.50,232.48,237.96,239.07,224.47,218.01,244.6655,0,235.9134,0,140854,215356,-2.5291,-1.9184,-0.6106
2025-09-15,231.72,237.06,231.58,232.38,232.29,237.29,239.12,224.63,218.13,244.6655,0,228.4682,1,266160,219173,-2.5029,-2.0353,-0.4676
2025-09-16,231.41,236.02,230.67,232.03,232.48,236.68,239.10,224.80,218.23,244.6655,0,228.6400,1,199965,220180,-2.4817,-2.1246,-0.3571
2025-09-17,232.15,235.39,230.88,235.23,232.63,236.23,239.18,225.00,218.34,244.6655,0,228.8083,1,143621,220262,-2.1817,-2.1360,-0.0457
2025-09-18,234.94,235.55,231.30,232.72,232.66,235.36,239.23,225.15,218.43,244.6655,0,228.9732,1,219520,221867,-2.1222,-2.1333,0.0110
2025-09-19,230.00,233.41,229.69,231.36,232.70,234.56,239.20,225.33,218.52,244.5976,0,229.1348,1,229075,223215,-2.1599,-2.1386,-0.0213
2025-09-22,233.28,236.24,231.94,234.89,232.93,234.07,239.23,225.56,218.65,244.5976,0,229.2932,1,198784,224045,-1.8829,-2.0875,0.2045
2025-09-23,235.26,238.76,233.13,238.56,233.71,233.63,239.32,225.79,218.80,244.5976,0,229.4485,1,276608,226019,-1.3514,-1.9402,0.5888
2025-09-24,238.31,241.53,236.26,241.41,234.57,233.66,239.50,226.01,218.96,244.5976,0,229.8210,1,233244,226604,-0.6923,-1.6907,0.9983
2025-09-25,241.39,244.09,237.45,242.21,235.33,233.95,239.64,226.25,219.14,244.5976,0,230.5237,1,274440,226949,-0.1047,-1.3735,1.2687
2025-09-26,244.22,245.14,241.72,241.74,236.25,234.36,239.75,226.48,219.34,244.5976,0,231.6093,1,150422,226608,0.3196,-1.0349,1.3545
2025-09-29,242.29,245.76,240.43,244.44,237.46,234.88,239.91,226.72,219.57,244.5976,0,232.9619,1,205487,220587,0.8639,-0.6551,1.5190
2025-09-30,245.81,247.17,242.45,243.46,238.60,235.54,240.08,226.97,219.79,244.5976,0,234.4978,1,206133,221439,1.2020,-0.2837,1.4857
2025-10-01,243.21,243.66,237.58,239.80,239.06,235.84,240.09,227.22,219.99,244.5976,0,236.2720,1,194923,222051,1.1618,0.0054,1.1564
2025-10-02,240.05,241.21,237.34,239.73,239.76,236.21,240.11,227.45,220.20,244.5976,0,247.1706,0,163392,221246,1.1108,0.2265,0.8843
2025-10-03,239.54,240.48,237.35,237.79,240.40,236.55,239.98,227.65,220.40,244.5976,0,246.9740,0,152659,218143,0.9037,0.3619,0.5418
2025-10-06,236.83,238.01,233.00,235.11,240.43,236.68,239.79,227.80,220.61,244.5976,0,246.7814,0,203540,218358,0.5173,0.3930,0.1243
2025-10-07,235.92,239.14,235.03,239.14,240.48,237.10,239.78,227.99,220.82,244.5976,0,246.2303,0,149021,216855,0.5302,0.4204,0.1098
2025-10-08,239.45,239.68,235.40,239.50,240.29,237.43,239.81,228.19,221.03,244.5976,0,245.7013,0,136650,209030,0.5628,0.4489,0.1139
2025-10-09,240.13,240.37,237.78,239.01,239.97,237.65,239.79,228.38,221.27,244.5976,0,245.1934,0,118483,206257,0.5431,0.4678,0.0754
2025-10-10,239.70,244.58,238.53,242.92,240.09,238.17,239.86,228.59,221.54,244.5976,0,244.7059,0,161386,204963,0.8335,0.5409,0.2926
2025-10-13,244.60,244.60,239.47,241.71,239.82,238.64,239.77,228.76,221.80,244.5976,0,233.0048,1,178795,201959,0.9549,0.6237,0.3312
2025-10-14,242.11,244.84,235.68,236.47,239.12,238.86,239.52,228.94,222.02,244.5976,0,233.2367,1,223346,201536,0.6210,0.6232,-0.0021
2025-10-15,237.30,242.01,235.22,239.97,239.13,239.10,239.38,229.16,222.25,244.5976,0,233.7008,1,201708,199147,0.6319,0.6249,0.0070
2025-10-16,240.62,240.83,233.99,234.25,238.59,239.17,239.14,229.31,222.45,244.5976,0,244.8377,0,171007,199570,0.1763,0.5352,-0.3589
2025-10-17,235.17,238.65,234.87,237.87,238.59,239.50,238.95,229.48,222.67,244.5976,0,244.6207,0,173724,199545,0.1064,0.4494,-0.3431
2025-10-20,236.97,237.50,231.82,235.36,238.62,239.52,238.64,229.62,222.88,244.5976,0,244.4081,0,147043,198008,-0.1500,0.3296,-0.4795
2025-10-21,235.36,236.45,231.12,231.59,237.86,239.17,238.24,229.72,223.07,244.5976,0,243.9047,0,118418,196368,-0.6500,0.1336,-0.7837
2025-10-22,232.44,236.98,229.91,235.62,237.48,238.88,238.02,229.85,223.29,244.5976,0,243.1375,0,182878,195966,-0.7129,-0.0357,-0.6772
2025-10-23,234.16,239.09,233.47,235.52,237.13,238.55,237.86,229.97,223.52,244.5976,0,242.0791,0,114615,194468,-0.7619,-0.1809,-0.5810
2025-10-24,235.15,238.70,233.78,237.01,236.53,238.31,237.76,230.14,223.76,244.5976,0,241.1054,0,141101,194062,-0.6729,-0.2793,-0.3936
2025-10-27,236.86,237.93,234.78,236.53,236.02,237.92,237.57,230.31,223.99,244.5976,0,240.2096,0,150896,193413,-0.6335,-0.3501,-0.2833
2025-10-28,236.27,239.03,235.89,236.79,236.05,237.58,237.43,230.47,224.23,244.5976,0,239.3854,0,146410,192295,-0.5748,-0.3951,-0.1797
2025-10-29,236.66,236.66,230.10,230.98,235.15,237.14,237.16,230.57,224.44,244.5976,0,239.0305,0,208900,192697,-0.9855,-0.5131,-0.4723
2025-10-30,230.42,236.82,230.42,235.08,235.23,236.91,236.86,230.69,224.66,244.5976,0,239.0305,0,266553,190476,-0.9690,-0.6043,-0.3647
2025-10-31,237.63,249.37,237.20,243.85,235.83,237.21,236.79,230.84,224.93,244.5976,0,229.9076,1,431835,195886,-0.2458,-0.5326,0.2868
2025-11-03,245.39,246.37,241.41,245.12,236.81,237.71,236.80,230.98,225.20,230.6152,1,230.2970,1,254575,197497,0.4250,-0.3411,0.7661
2025-11-04,247.48,249.59,244.18,248.43,238.49,238.18,236.82,231.16,225.48,230.6152,1,230.6785,1,183816,197046,1.2102,-0.0308,1.2410
2025-11-05,249.60,251.79,247.37,249.56,239.89,238.68,236.99,231.34,225.75,231.9937,1,231.4351,1,194609,193835,1.9018,0.3557,1.5461
2025-11-06,248.17,251.15,247.04,250.79,241.41,239.27,237.28,231.52,226.03,232.0377,1,232.6562,1,136476,190943,2.5202,0.7886,1.7316
2025-11-07,253.38,255.53,250.97,254.74,243.19,239.86,237.71,231.80,226.31,236.4775,1,233.8040,1,251077,190478,3.2912,1.2891,2.0021
2025-11-10,254.11,258.08,249.78,257.25,245.26,240.64,238.17,232.15,226.61,236.4775,1,235.5420,1,241518,191443,4.0573,1.8428,2.2145
2025-11-11,259.99,259.99,255.10,257.36,247.32,241.68,238.71,232.49,226.88,240.2519,1,237.7958,1,217900,190517,4.6200,2.3982,2.2218
2025-11-12,258.82,261.06,257.11,258.97,250.11,242.63,239.22,232.86,227.17,242.3345,1,240.4587,1,173981,189384,5.1373,2.9460,2.1912
2025-11-13,259.08,259.45,256.96,258.06,252.41,243.82,239.73,233.19,227.45,242.3833,1,243.3426,1,185741,189607,5.4111,3.4390,1.9721
2025-11-14,259.23,260.29,255.20,256.46,253.67,244.75,240.24,233.48,227.72,242.3833,1,245.8228,1,189655,190300,5.4365,3.8385,1.5980
2025-11-17,256.18,257.24,253.72,255.99,254.76,245.78,240.71,233.75,227.99,242.3833,1,247.9558,1,165037,190067,5.3565,4.1421,1.2144
2025-11-18,256.92,259.21,254.50,257.22,255.64,247.07,241.24,234.03,228.24,242.3833,1,249.7902,1,207418,191236,5.3309,4.3799,0.9510
2025-11-19,256.71,257.48,249.78,252.43,255.93,247.91,241.63,234.27,228.47,242.3833,1,261.0583,0,220571,192862,4.8684,4.4776,0.3908
2025-11-20,252.43,253.96,250.49,253.45,256.19,248.80,242.01,234.53,228.71,242.3833,1,260.8328,0,187992,193839,4.5322,4.4885,0.0437
2025-11-21,253.91,254.76,249.77,250.75,255.79,249.49,242.37,234.79,228.95,242.3833,1,260.6118,0,217716,195377,4.0017,4.3912,-0.3894
2025-11-24,250.70,254.79,249.72,252.64,255.33,250.30,242.78,235.06,229.17,242.3833,1,260.1781,0,386229,197778,3.6909,4.2511,-0.5602
2025-11-25,254.57,255.85,250.64,255.44,255.14,251.23,243.25,235.37,229.41,242.3833,1,259.5508,0,153877,196856,3.6287,4.1266,-0.4979
2025-11-26,256.30,257.31,254.11,256.23,254.87,252.49,243.67,235.67,229.66,242.3833,1,258.9610,0,136649,196717,3.6019,4.0217,-0.4197
2025-11-28,256.68,258.53,255.71,256.28,254.69,253.55,244.14,235.97,229.90,242.9675,1,249.7218,1,59792,193522,3.5439,3.9261,-0.3822
2025-12-01,256.83,257.66,252.88,253.41,254.39,254.03,244.58,236.26,230.14,242.9675,1,249.8979,1,166647,192274,3.2292,3.7867,-0.5576
2025-12-02,254.45,254.72,251.04,252.49,254.04,254.40,244.93,236.51,230.40,242.9675,1,250.0705,1,148540,191269,2.8721,3.6038,-0.7317
2025-12-03,254.03,254.38,250.47,252.04,253.52,254.58,245.20,236.73,230.64,242.9675,1,250.2396,1,141321,188563,2.5241,3.3879,-0.8638
2025-12-04,251.25,253.41,248.85,253.06,253.58,254.75,245.43,236.95,230.87,242.9675,1,258.5270,0,157770,187053,2.3033,3.1710,-0.8676
2025-12-05,253.27,253.27,248.76,250.91,253.33,254.76,245.61,237.13,231.09,242.9675,1,258.3334,0,127138,184107,1.9331,2.9234,-0.9903
2025-12-08,251.36,252.89,250.14,251.37,253.39,254.59,245.80,237.28,231.31,242.9675,1,257.9504,0,218605,185471,1.6575,2.6702,-1.0127
2025-12-09,252.39,255.35,250.98,251.17,253.24,254.29,245.93,237.41,231.52,242.9675,1,257.5828,0,124208,183845,1.4068,2.4175,-1.0108
2025-12-10,251.85,251.93,245.87,247.24,252.42,253.78,246.01,237.52,231.73,242.9675,1,257.2298,0,214391,184011,0.8807,2.1102,-1.2294
2025-12-11,248.43,250.65,247.72,249.27,251.73,253.30,246.20,237.67,231.97,242.9675,1,256.5482,0,167308,183458,0.6201,1.8122,-1.1920
2025-12-12,252.13,252.66,250.09,251.17,251.21,252.95,246.43,237.82,232.20,242.9675,1,255.9075,0,196445,184119,0.5609,1.5619,-1.0010
2025-12-15,250.96,252.32,242.95,244.95,250.37,252.38,246.57,237.99,232.38,242.9675,1,255.3053,0,286205,186790,0.0116,1.2518,-1.2403
2025-12-16,246.35,249.62,245.33,247.17,249.83,251.94,246.81,238.19,232.55,242.9675,1,254.3170,0,206811,186856,-0.2415,0.9532,-1.1947
2025-12-17,247.53,251.85,247.53,250.42,249.67,251.60,247.04,238.45,232.76,242.9675,1,253.4078,0,177238,187420,-0.1781,0.7269,-0.9050
2025-12-18,249.46,251.18,246.50,246.85,249.05,251.32,247.18,238.65,232.94,242.9675,1,252.5713,0,183220,188352,-0.4107,0.4994,-0.9101
2025-12-19,247.51,248.71,245.46,245.46,248.51,250.92,247.31,238.82,233.11,242.9675,1,251.8462,0,327287,192528,-0.6991,0.2597,-0.9588
2025-12-22,246.06,250.97,243.55,249.99,248.37,250.88,247.45,239.01,233.31,242.9675,1,251.1810,0,165049,192601,-0.5560,0.0965,-0.6526
2025-12-23,250.10,254.00,249.35,252.90,248.54,250.89,247.68,239.20,233.49,242.9675,1,242.9516,1,95892,190943,-0.2056,0.0361,-0.2417
2025-12-24,252.83,254.97,252.17,254.09,249.23,250.82,248.03,239.39,233.71,242.9675,1,243.1726,1,56106,187598,0.1664,0.0622,0.1042
2025-12-26,254.78,255.03,252.83,254.28,249.73,250.73,248.32,239.58,233.95,242.9675,1,243.6446,1,65651,184877,0.4710,0.1439,0.3270
2025-12-29,254.66,256.18,253.25,254.24,250.03,250.62,248.72,239.75,234.16,242.9675,1,244.3279,1,79983,183056,0.7011,0.2554,0.4457
2025-12-30,254.82,255.07,252.45,252.68,250.81,250.59,249.01,239.90,234.36,242.9675,1,245.2764,1,96318,181508,0.7490,0.3541,0.3949
2025-12-31,253.97,253.97,249.12,249.17,251.01,250.42,249.29,240.07,234.54,242.9675,1,246.1490,1,94075,180449,0.4977,0.3828,0.1149
2026-01-02,249.12,249.59,245.52,246.30,250.60,250.13,249.58,240.22,234.68,242.9675,1,256.1842,0,118026,180441,0.0663,0.3195,-0.2532
2026-01-05,246.35,252.94,245.92,250.27,250.94,249.99,249.88,240.37,234.86,242.9675,1,255.9710,0,154745,179878,0.0443,0.2645,-0.2202
2026-01-06,249.35,251.26,246.49,248.26,251.22,249.86,250.13,240.49,235.01,242.9675,1,255.7620,0,163084,180848,-0.1334,0.1849,-0.3183
2026-01-07,250.11,257.52,247.82,253.30,251.55,249.96,250.46,240.68,235.22,242.9675,1,245.5227,1,331887,184663,0.1304,0.1740,-0.0436
2026-01-08,251.98,260.71,251.98,258.64,252.12,250.33,250.90,240.92,235.46,242.9675,1,245.7627,1,436587,190377,0.7616,0.2915,0.4701
2026-01-09,258.86,260.79,257.73,259.04,252.62,250.92,251.34,241.17,235.69,243.8028,1,246.3607,1,210769,191664,1.2799,0.4892,0.7907
2026-01-12,258.63,262.57,258.21,262.04,253.39,251.56,251.97,241.45,235.92,245.1680,1,247.2264,1,291740,193321,1.9106,0.7735,1.1371
2026-01-13,261.30,264.82,258.86,264.82,254.45,252.24,252.56,241.76,236.16,246.3575,1,248.4537,1,261888,193228,2.6047,1.1397,1.4650
2026-01-14,264.82,266.90,259.84,266.85,255.87,253.34,253.02,242.08,236.39,247.3123,1,250.0904,1,185049,188292,3.2803,1.5678,1.7125
2026-01-15,266.99,269.70,265.79,268.85,257.84,254.42,253.50,242.39,236.61,252.1271,1,252.1070,1,198248,187166,3.9323,2.0407,1.8915
2026-01-16,267.51,274.45,266.22,271.55,260.36,255.48,253.96,242.71,236.86,253.8065,1,254.5707,1,252541,188540,4.6136,2.5553,2.0583
2026-01-20,271.85,273.74,267.33,269.93,262.33,256.63,254.37,243.01,237.09,253.8065,1,257.7513,1,193607,188520,4.9658,3.0374,1.9284
2026-01-21,269.93,272.60,268.29,271.07,264.61,257.91,254.77,243.33,237.33,254.0292,1,260.4231,1,198740,189765,5.2762,3.4852,1.7910
2026-01-22,272.40,276.46,272.19,275.10,266.79,259.17,255.18,243.67,237.64,257.9350,1,262.6673,1,208893,188922,5.7800,3.9441,1.8358
2026-01-23,275.08,275.69,271.81,274.37,268.36,260.24,255.52,244.00,237.99,257.9350,1,265.1509,1,157598,187243,6.0510,4.3655,1.6855
2026-01-26,275.96,277.29,264.09,268.17,269.27,260.95,255.74,244.29,238.30,257.9350,1,276.4649,0,302665,188939,5.6994,4.6323,1.0672
2026-01-27,267.76,268.33,262.49,266.08,269.68,261.54,255.88,244.54,238.61,257.9350,1,277.2889,0,207463,189608,5.1927,4.7444,0.4484
2026-01-28,266.34,267.03,262.59,262.67,269.46,261.96,255.97,244.78,238.88,257.9350,1,277.2889,0,149499,188883,4.4642,4.6883,-0.2241
2026-01-29,264.38,268.33,262.07,263.58,269.14,262.50,256.11,245.01,239.14,257.9350,1,276.6968,0,247757,190045,3.9154,4.5337,-0.6184
2026-01-30,265.00,265.00,259.89,263.12,268.56,263.20,256.26,245.27,239.38,257.9350,1,275.8193,0,186284,190470,3.4043,4.3079,-0.9035
2026-02-02,265.85,267.69,260.48,261.99,267.61,263.98,256.35,245.50,239.61,257.9350,1,274.5447,0,259565,191513,2.8749,4.0213,-1.1464
2026-02-03,261.89,268.04,259.27,266.72,267.29,264.81,256.64,245.73,239.86,257.9350,1,273.3721,0,332653,193755,2.8042,3.7778,-0.9736
2026-02-04,266.04,271.75,265.49,269.22,267.10,265.86,256.95,245.99,240.14,257.9350,1,271.9620,0,293872,195873,2.9165,3.6056,-0.6891
2026-02-05,270.17,275.32,270.17,273.27,266.92,266.85,257.40,246.28,240.44,257.9350,1,259.2715,1,403505,199588,3.2943,3.5433,-0.2490
2026-02-06,265.55,272.90,253.90,271.36,266.62,267.49,257.78,246.56,240.74,257.9350,1,275.3233,0,443909,200742,3.4007,3.5148,-0.1141
2026-02-09,272.74,278.84,269.73,278.83,267.68,268.48,258.24,246.86,241.09,257.9350,1,253.9010,1,285234,203369,4.0408,3.6200,0.4208
2026-02-10,278.25,281.06,270.01,272.07,268.28,268.98,258.56,247.14,241.39,257.9350,1,253.9010,1,245265,205541,3.9570,3.6874,0.2696
2026-02-11,271.32,272.19,266.31,266.68,268.68,269.07,258.77,247.38,241.67,257.9350,1,254.9874,1,185550,208057,3.4163,3.6332,-0.2169
2026-02-12,268.77,272.40,265.55,268.62,269.19,269.16,259.07,247.62,241.96,257.9350,1,256.0304,1,201245,208749,3.1089,3.5283,-0.4194
2026-02-13,270.15,273.10,268.94,273.10,270.19,269.37,259.49,247.88,242.25,257.9350,1,257.0316,1,233899,210456,3.1898,3.4606,-0.2708
2026-02-17,275.18,283.71,274.19,282.12,272.20,269.90,260.09,248.20,242.57,257.9350,1,257.9928,1,385460,215339,3.9366,3.5558,0.3808
2026-02-18,282.92,284.61,280.45,283.30,273.86,270.57,260.69,248.54,242.89,260.4026,1,259.5359,1,222975,216643,4.5711,3.7589,0.8123
2026-02-19,282.94,285.45,280.03,284.08,275.34,271.22,261.36,248.87,243.19,261.2023,1,261.5415,1,157565,217251,5.0779,4.0227,1.0552
2026-02-20,282.34,286.57,280.68,286.57,276.67,271.80,262.06,249.20,243.47,262.4784,1,263.9322,1,164172,216163,5.6159,4.3413,1.2746
2026-02-23,287.52,291.43,286.44,287.99,278.34,272.48,262.80,249.54,243.76,268.4062,1,266.6488,1,293620,219551,6.0866,4.6904,1.3962
2026-02-24,289.81,292.13,286.50,290.80,279.53,273.61,263.67,249.92,244.05,269.1480,1,270.1188,1,168177,218626,6.6101,5.0743,1.5358
2026-02-25,291.84,292.84,286.50,289.14,281.24,274.76,264.46,250.25,244.37,269.6192,1,273.6405,1,279823,220877,6.8128,5.4220,1.3907
2026-02-26,290.08,292.65,286.29,290.16,283.59,276.14,265.24,250.59,244.67,269.6192,1,277.0972,1,172983,220408,6.9754,5.7327,1.2427
2026-02-27,290.18,301.65,290.18,298.26,286.55,277.87,266.31,250.95,245.07,274.5121,1,279.9317,1,405491,222793,7.6696,6.1201,1.5495
2026-03-02,301.20,304.20,295.97,296.05,288.85,279.52,267.29,251.30,245.46,278.3482,1,284.2750,1,339168,225440,7.9490,6.4858,1.4631
2026-03-03,297.55,303.52,293.28,302.95,290.93,281.56,268.34,251.72,245.92,278.3482,1,288.2591,1,321235,228320,8.6282,6.9143,1.7139
2026-03-04,300.70,301.08,296.66,299.16,292.52,283.19,269.39,252.12,246.33,278.3482,1,291.4464,1,296742,230591,8.7596,7.2834,1.4762
2026-03-05,300.27,300.27,291.74,296.05,293.71,284.53,270.40,252.50,246.72,278.3482,1,304.1956,0,228145,228608,8.5143,7.5296,0.9847
2026-03-06,297.85,300.50,294.92,299.81,295.04,285.86,271.39,252.90,247.11,278.3482,1,303.9464,0,228694,229881,8.5251,7.7287,0.7964
2026-03-09,301.58,301.70,296.11,297.75,296.01,287.17,272.29,253.25,247.47,278.3482,1,303.7022,0,297435,233912,8.2721,7.8374,0.4347
2026-03-10,295.31,296.40,277.69,284.13,295.35,287.44,272.89,253.48,247.77,278.3482,1,303.4629,0,481044,242410,6.8936,7.6486,-0.7550
2026-03-11,283.81,287.49,281.66,282.62,294.69,287.97,273.46,253.72,248.05,278.3482,1,302.4322,0,367042,248438,5.6144,7.2418,-1.6274
2026-03-12,283.16,288.90,280.26,288.84,294.56,289.08,274.15,254.00,248.35,278.3482,1,301.4427,0,319507,253229,5.0443,6.8023,-1.7580
2026-03-13,290.58,292.43,287.58,288.49,293.58,290.07,274.87,254.28,248.64,278.3482,1,300.4928,0,237776,256058,4.5124,6.3443,-1.8319
2026-03-16,286.84,292.35,285.81,290.36,293.02,290.93,275.69,254.54,248.98,278.3482,1,299.5809,0,298783,260152,4.1935,5.9141,-1.7206
2026-03-17,293.45,295.66,290.90,291.47,291.87,291.40,276.59,254.81,249.31,278.3482,1,298.7054,0,216006,262112,3.9840,5.5281,-1.5441
2026-03-18,294.99,294.99,285.58,285.58,290.51,291.51,277.30,255.07,249.60,278.3482,1,297.8650,0,199702,263011,3.3044,5.0834,-1.7789
2026-03-19,284.45,286.07,280.56,283.03,289.21,291.46,277.99,255.33,249.87,278.3482,1,297.0582,0,174201,263233,2.5312,4.5729,-2.0418
2026-03-20,284.24,285.36,281.11,282.57,287.48,291.26,278.58,255.60,250.15,278.3482,1,296.2837,0,279918,262194,1.8600,4.0303,-2.1704
2026-03-23,282.75,284.53,278.47,279.26,285.64,290.82,278.99,255.82,250.44,278.3482,1,295.5401,0,294791,259358,1.0486,3.4340,-2.3854
2026-03-24,280.13,281.77,277.82,281.72,285.39,290.37,279.45,256.07,250.74,278.3482,1,294.8263,0,189953,258942,0.5970,2.8666,-2.2696
2026-03-25,281.34,283.24,275.63,275.69,284.70,289.70,279.72,256.28,251.02,299.9143,0,294.1411,0,274297,258593,-0.2439,2.2445,-2.4884
2026-03-26,279.03,280.58,276.84,278.43,283.66,289.11,279.99,256.47,251.32,298.6104,0,293.0301,0,230603,257967,-0.6817,1.6592,-2.3409
2026-03-27,281.20,282.26,270.83,271.67,281.98,287.78,280.09,256.63,251.58,297.8862,0,291.9858,0,228337,258833,-1.5559,1.0162,-2.5721
2026-03-30,273.15,281.20,273.15,280.93,281.03,287.03,280.33,256.87,251.88,297.8862,0,290.2932,0,191484,258698,-1.4848,0.5160,-2.0008
2026-03-31,281.29,282.55,276.93,279.71,279.86,285.86,280.49,257.09,252.15,297.8862,0,288.7360,0,190706,257461,-1.5098,0.1109,-1.6207
2026-04-01,278.68,282.14,277.43,278.93,279.19,284.85,280.67,257.34,252.43,297.8862,0,287.3034,0,239648,258382,-1.5741,-0.2261,-1.3480
2026-04-02,280.57,288.88,278.81,288.54,279.74,284.48,281.02,257.69,252.76,297.8862,0,270.8284,1,214070,258688,-0.8397,-0.3489,-0.4909
2026-04-06,286.85,295.26,286.85,294.62,280.95,284.22,281.41,258.10,253.11,297.8862,0,271.1895,1,176629,258043,0.2303,-0.2330,0.4633
2026-04-07,296.09,300.68,293.87,294.20,282.44,284.04,281.81,258.50,253.45,297.8862,0,272.1523,1,202159,258934,1.0326,0.0201,1.0125
2026-04-08,288.96,295.81,282.99,295.51,283.82,284.61,282.36,258.93,253.81,297.8862,0,273.8641,1,249973,257880,1.7535,0.3668,1.3867
2026-04-09,297.22,298.19,291.61,293.39,285.59,285.15,282.90,259.33,254.13,297.8862,0,275.4732,1,227247,258276,2.1292,0.7192,1.4099
2026-04-10,293.57,296.17,292.22,294.51,287.20,285.43,283.54,259.75,254.47,297.8862,0,276.9858,1,208645,259459,2.4889,1.0732,1.4158
2026-04-13,294.21,299.64,293.79,298.84,289.92,285.95,284.24,260.20,254.82,275.3451,1,278.4076,1,208769,258679,3.0878,1.4761,1.6117
2026-04-14,298.86,300.99,293.46,299.29,291.75,286.39,284.97,260.64,255.19,275.5121,1,279.7441,1,207187,259097,3.5575,1.8924,1.6651
2026-04-15,301.93,304.19,299.29,303.51,294.13,287.00,285.80,261.13,255.57,280.7275,1,281.4439,1,163841,257183,4.2216,2.3582,1.8633
2026-04-16,301.25,308.37,300.93,307.88,297.03,288.11,286.62,261.63,255.95,283.5092,1,283.7181,1,244627,255422,5.0422,2.8950,2.1472
2026-04-17,305.51,307.20,297.98,298.48,298.02,288.88,287.21,262.06,256.29,283.5092,1,286.6757,1,466617,258877,4.8783,3.2917,1.5867
2026-04-20,299.45,305.79,298.45,302.92,298.85,289.90,287.80,262.52,256.66,283.5092,1,289.2785,1,381078,258429,5.0484,3.6430,1.4054
2026-04-21,301.26,303.92,297.56,297.80,299.21,290.83,288.33,262.96,257.00,283.5092,1,291.5689,1,290931,255369,4.7153,3.8575,0.8578
2026-04-22,299.06,300.50,292.25,296.01,299.26,291.54,288.67,263.39,257.31,283.5092,1,308.3653,0,278205,255228,4.2577,3.9375,0.3201
2026-04-23,297.96,301.58,296.01,298.66,299.79,292.69,289.20,263.81,257.65,283.5092,1,308.0431,0,183073,253985,4.0626,3.9625,0.1000
2026-04-24,297.36,302.81,296.20,302.33,300.57,293.89,289.92,264.27,258.01,283.5092,1,307.7273,0,201396,254301,4.1563,4.0013,0.1551
2026-04-27,302.51,303.02,296.73,296.99,300.39,295.15,290.48,264.71,258.33,283.5092,1,307.4178,0,220995,254696,3.7562,3.9523,-0.1961
2026-04-28,300.75,303.58,299.71,302.17,300.67,296.21,291.07,265.16,258.68,283.5092,1,307.1145,0,202224,254063,3.8126,3.9243,-0.1117
2026-04-29,303.95,306.00,301.88,304.12,300.74,297.44,291.51,265.60,259.03,283.8558,1,306.8173,0,210467,250563,3.9690,3.9333,0.0357
2026-04-30,303.63,306.40,297.44,298.63,299.81,298.42,291.81,265.98,259.36,283.8558,1,306.5261,0,266870,251441,3.6089,3.8684,-0.2595
2026-05-01,312.84,328.19,312.84,325.37,302.50,300.26,292.64,266.53,259.81,292.9627,1,292.2539,1,512641,258543,5.4187,4.1784,1.2402
2026-05-04,323.35,338.88,323.35,337.26,305.93,302.39,293.65,267.17,260.32,301.6590,1,292.9726,1,418012,263619,7.7235,4.8875,2.8360
2026-05-05,337.44,344.80,337.03,342.31,310.39,304.80,294.74,267.82,260.84,312.0701,1,294.8087,1,345218,264651,9.8437,5.8787,3.9650
2026-05-06,336.53,344.32,332.75,344.32,315.22,307.24,295.81,268.49,261.39,312.0701,1,297.8080,1,355446,268397,11.5531,7.0136,4.5395
2026-05-07,340.47,341.95,331.92,337.01,319.05,309.42,296.77,269.14,261.88,312.0701,1,300.6274,1,349114,269782,12.1771,8.0463,4.1309
2026-05-08,336.56,347.69,334.10,346.87,323.50,312.04,297.90,269.86,262.42,312.0701,1,303.2776,1,281114,271945,13.3140,9.0998,4.2142
2026-05-11,344.17,348.78,337.89,348.78,328.68,314.54,298.91,270.60,262.94,312.0701,1,306.8309,1,517484,274185,14.2055,10.1210,4.0845
2026-05-12,348.30,354.15,345.76,354.07,333.87,317.27,300.07,271.39,263.49,319.1776,1,311.0256,1,388818,275178,15.1643,11.1296,4.0347
2026-05-13,352.93,366.12,351.10,364.92,339.95,320.34,301.31,272.23,264.12,326.4003,1,316.2008,1,328013,275314,16.6080,12.2253,4.3827
2026-05-14,364.94,365.59,356.16,356.93,345.78,322.80,302.47,273.01,264.71,329.0580,1,323.1899,1,263300,274645,16.9124,13.1627,3.7497
2026-05-15,360.26,362.68,355.68,361.26,349.37,325.94,303.77,273.83,265.32,329.0580,1,329.2006,1,400847,278099,17.3035,13.9909,3.3126
2026-05-18,356.35,368.52,356.35,364.50,352.10,329.02,305.06,274.64,265.94,331.1254,1,334.3698,1,236544,278256,17.6715,14.7270,2.9445
2026-05-19,366.00,369.38,361.00,361.21,353.99,332.19,306.33,275.43,266.52,334.4943,1,339.8341,1,358143,279470,17.4956,15.2807,2.2149
2026-05-20,363.47,367.52,358.74,359.17,355.47,335.34,307.83,276.25,267.07,334.4943,1,345.1519,1,345256,276754,16.9958,15.6237,1.3720
2026-05-21,358.17,362.16,349.50,350.23,356.79,337.92,309.19,276.99,267.59,334.4943,1,369.3776,0,363061,276674,15.6976,15.6385,0.0591
2026-05-22,349.98,359.53,348.53,355.61,357.67,340.59,310.52,277.80,268.13,334.4943,1,368.9801,0,176138,273807,14.9310,15.4970,-0.5660
2026-05-26,355.06,356.24,350.29,352.77,358.07,343.37,311.81,278.56,268.66,334.4943,1,368.1621,0,261259,274277,13.9333,15.1843,-1.2510
2026-05-27,352.88,354.27,345.56,346.00,357.26,345.57,312.92,279.30,269.13,334.4943,1,367.3767,0,315007,274601,12.4530,14.6380,-2.1850
2026-05-28,347.23,348.25,341.14,342.57,355.02,347.49,313.94,280.04,269.59,334.4943,1,366.0680,0,260142,275484,10.8774,13.8859,-3.0085
2026-05-29,344.11,346.28,326.78,332.64,352.60,349.19,314.88,280.69,270.02,368.2043,0,364.0734,0,858450,288659,8.7267,12.8540,-4.1274
2026-06-01,327.63,329.51,299.67,300.16,346.49,347.93,315.23,281.12,270.30,352.9883,0,360.3442,0,851561,302206,4.3512,11.1535,-6.8023
2026-06-02,296.86,298.17,269.21,274.83,337.52,344.81,315.07,281.37,270.47,327.5327,0,353.0630,0,1377978,324167,-1.1470,8.6934,-9.8404
2026-06-03,272.24,290.01,272.09,284.31,329.83,341.91,315.17,281.69,270.66,325.8870,0,341.3239,0,688402,332040,-4.6852,6.0177,-10.7028
2026-06-04,284.70,288.09,281.72,285.24,322.44,338.95,315.24,282.01,270.86,325.8870,0,331.2283,0,488797,338016,-7.3299,3.3481,-10.6780
2026-06-05,281.60,287.21,278.62,281.13,315.52,336.16,315.35,282.35,271.05,323.5280,0,322.5460,0,428503,341101,-9.6461,0.7493,-10.3954
2026-06-08,279.55,280.85,273.27,279.54,307.92,332.79,315.37,282.64,271.20,315.9703,0,315.0793,0,439177,345272,-11.4774,-1.6961,-9.7814
2026-06-09,279.22,290.75,275.33,289.79,301.62,329.84,315.74,282.95,271.41,315.9703,0,308.6579,0,521017,351126,-11.9636,-3.7496,-8.2140
2026-06-10,289.51,301.15,281.30,300.25,297.04,327.15,316.12,283.32,271.69,315.9703,0,303.1355,0,421873,355733,-11.3745,-5.2745,-6.0999
2026-06-11,298.81,305.34,292.70,295.08,292.30,323.66,316.43,283.63,271.93,315.9703,0,269.2122,1,368484,359289,-11.1954,-6.4587,-4.7367
2026-06-12,294.44,297.47,289.84,294.09,288.44,320.52,316.73,283.92,272.19,315.9703,0,269.9348,1,342007,361336,-11.0062,-7.3682,-3.6380
2026-06-15,289.40,299.52,288.40,292.10,287.64,317.06,316.80,284.20,272.47,315.9703,0,270.6429,1,460044,366256,-10.8917,-8.0729,-2.8188
2026-06-16,292.11,294.50,263.78,264.51,286.60,312.06,316.20,284.26,272.62,315.9703,0,305.3418,0,727580,377275,-12.8790,-9.0341,-3.8449
2026-06-17,264.27,264.40,247.87,253.98,283.57,306.70,315.40,284.24,272.72,300.8658,0,304.5105,0,1073951,394710,-15.1286,-10.2530,-4.8755
2026-06-18,256.73,258.41,246.28,248.41,279.89,301.16,314.45,284.18,272.81,296.2440,0,302.2449,0,760054,404912,-17.1633,-11.6351,-5.5282
2026-06-22,250.70,258.15,247.02,255.27,277.30,296.41,313.69,284.16,272.92,295.4371,0,298.8868,0,606442,412496,-18.0146,-12.9110,-5.1036
2026-06-23,254.51,263.87,253.54,256.71,275.02,291.47,312.94,284.15,273.04,295.4371,0,295.7301,0,386362,416050,-18.3616,-14.0011,-4.3605
2026-06-24,256.83,263.38,248.65,248.90,270.93,286.27,311.94,284.10,273.13,295.4371,0,292.7629,0,529580,422467,-19.0472,-15.0103,-4.0369
2026-06-25,252.78,253.63,241.37,244.30,265.33,281.19,310.84,284.02,273.19,288.8983,0,289.9737,0,446917,427261,-19.7340,-15.9551,-3.7789
2026-06-26,241.50,245.23,240.56,241.54,259.98,276.14,309.60,283.92,273.25,281.5562,0,286.0853,0,421809,432421,-20.2676,-16.8176,-3.4500
2026-06-29,239.34,245.57,226.52,230.87,253.66,271.05,308.06,283.77,273.24,276.5532,0,281.5330,0,451120,436550,-21.3058,-17.7152,-3.5906
2026-06-30,228.62,242.31,228.37,242.00,248.65,268.14,306.93,283.70,273.27,275.9767,0,274.9315,0,511742,437453,-20.9887,-18.3699,-2.6188
2026-07-01,240.82,251.05,240.33,247.03,246.90,266.75,305.81,283.67,273.35,275.9767,0,269.1222,0,308882,436009,-20.0993,-18.7158,-1.3835
2026-07-02,248.99,253.52,248.13,248.30,246.33,264.95,304.82,283.64,273.43,275.9767,0,264.0100,0,340419,436999,-19.0724,-18.7871,-0.2853
2026-07-06,248.62,252.51,241.35,244.40,245.93,262.91,303.79,283.57,273.49,275.9767,0,259.5113,0,322893,437893,-18.3615,-18.7020,0.3405
2026-07-07,243.67,260.09,243.67,257.92,246.20,261.75,302.97,283.58,273.60,275.9767,0,226.5207,1,411315,442457,-16.5166,-18.2649,1.7483
2026-07-08,256.45,270.61,253.90,264.25,246.95,260.99,302.21,283.63,273.76,275.9767,0,227.1921,1,409447,446618,-14.3786,-17.4877,3.1090
2026-07-09,263.68,267.81,257.62,267.11,248.77,259.85,301.61,283.72,273.94,275.9767,0,228.9287,1,280680,447812,-12.3114,-16.4524,4.1410
2026-07-10,269.94,270.02,262.66,267.33,251.07,258.20,300.92,283.82,274.10,275.9767,0,230.5959,1,217834,448124,-10.5339,-15.2687,4.7348
2026-07-13,266.99,279.98,266.26,276.36,254.56,257.27,300.36,283.99,274.29,235.6168,1,232.1964,1,405995,452035,-8.3006,-13.8751,5.5745
2026-07-14,273.82,278.76,270.45,274.22,258.89,256.28,299.87,284.13,274.45,238.3560,1,235.0636,1,226666,451231,-6.6272,-12.4255,5.7983
2026-07-15,275.70,277.73,272.35,276.34,262.33,255.49,298.89,284.30,274.62,240.8069,1,237.7587,1,259458,446167,-5.0712,-10.9547,5.8834
2026-07-16,276.90,282.08,274.18,277.12,265.33,256.12,297.69,284.47,274.80,244.9473,1,240.2921,1,300121,443809,-3.7323,-9.5102,5.7779
2026-07-17,277.81,283.21,271.83,272.65,267.77,257.05,296.30,284.61,274.94,244.9473,1,243.6348,1,469336,446292,-2.9972,-8.2076,5.2104
2026-07-20,273.19,278.59,269.46,277.44,271.07,258.50,294.96,284.81,275.11,244.9473,1,247.5927,1,236395,443911,-2.0052,-6.9671,4.9619
2026-07-21,277.69,279.54,272.14,273.64,272.65,259.42,293.69,284.97,275.28,244.9473,1,251.1547,1,239496,441718,-1.5082,-5.8753,4.3671
2026-07-22,275.54,290.22,274.24,281.02,274.32,260.64,292.38,285.17,275.49,248.7828,1,254.3606,1,318349,442463,-0.5130,-4.8029,4.2899
2026-07-23,279.69,290.36,277.23,284.07,276.02,262.40,291.08,285.43,275.72,249.7532,1,258.6642,1,279248,437698,0.5160,-3.7391,4.2551
2026-07-24,284.29,285.46,280.56,284.28,277.71,264.39,289.69,285.68,275.96,250.9008,1,263.1021,1,184326,433608,1.3330,-2.7247,4.0577
2026-07-27,284.55,289.52,276.28,288.07,278.89,266.72,288.15,285.93,276.21,250.9008,1,266.9187,1,286039,432769,2.2602,-1.7277,3.9879
2026-07-28,286.79,298.54,286.79,296.57,281.12,270.01,286.94,286.26,276.49,259.5623,1,270.2009,1,338073,434264,3.6387,-0.6544,4.2931
2026-07-29,295.57,307.98,293.77,306.96,284.18,273.25,285.86,286.67,276.83,266.8218,1,274.7353,1,425763,434763,5.5062,0.5777,4.9285
2026-07-30,302.09,306.11,295.70,295.70,286.04,275.69,284.48,286.98,277.10,266.8749,1,280.7201,1,484365,439719,6.0084,1.6638,4.3445
2026-07-31,286.74,310.20,286.74,309.37,289.71,278.74,283.44,287.36,277.44,266.8749,1,285.6277,1,526429,443085,7.4240,2.8159,4.6082
2026-08-03,301.69,309.89,291.66,297.00,291.67,281.37,282.20,287.64,277.74,266.8749,1,286.7435,1,316832,442516,7.4621,3.7451,3.7170
2026-08-04,292.55,296.22,287.20,287.62,293.07,282.86,280.95,287.86,277.98,266.8749,1,286.7435,1,274057,440736,6.6584,4.3278,2.3306
2026-08-05,287.50,290.04,283.72,283.97,293.36,283.84,279.51,288.06,278.23,266.8749,1,310.1983,0,266336,442540,5.6616,4.5945,1.0671
2026-08-06,289.43,290.10,283.56,288.37,293.79,284.91,278.23,288.30,278.48,266.8749,1,309.6688,0,269362,442702,5.1670,4.7090,0.4579
2026-08-07,283.63,289.95,283.63,285.79,293.94,285.83,277.02,288.54,278.73,266.8749,1,308.6245,0,216654,440735,4.5145,4.6701,-0.1556
2026-08-10,287.26,292.32,283.54,284.23,293.56,286.22,275.86,288.80,278.99,266.8749,1,307.6220,0,215276,439838,3.8278,4.5017,-0.6739
2026-08-11,283.16,286.27,279.27,281.95,292.10,286.61,274.84,289.01,279.23,266.8749,1,306.1772,0,219398,427057,3.0639,4.2141,-1.1502
2026-08-12,278.18,290.17,278.18,290.17,290.42,287.30,274.64,289.29,279.50,266.8749,1,304.0250,0,236916,414764,3.0869,3.9887,-0.9018
2026-08-13,290.02,294.05,289.65,292.27,290.07,288.06,274.99,289.55,279.77,266.8749,1,301.4402,0,195719,391119,3.2367,3.8383,-0.6016
2026-08-14,296.06,296.10,291.54,295.32,288.67,289.19,275.21,289.79,280.07,266.8749,1,299.1139,0,107380,379498,3.5607,3.7827,-0.2221
2026-08-17,292.46,296.85,290.05,294.18,288.39,290.03,275.39,290.03,280.36,266.8749,1,297.0203,0,154521,372813,3.6832,3.7628,-0.0796
2026-08-18,297.70,300.06,289.91,290.18,288.64,290.85,275.57,290.21,280.65,267.1719,1,278.1773,1,192053,368084,3.4182,3.6939,-0.2757
2026-08-19,292.44,294.93,272.60,279.97,288.24,290.80,275.58,290.31,280.88,267.1719,1,300.0565,0,522588,369752,2.3571,3.4265,-1.0695
2026-08-20,281.61,296.38,279.98,293.30,288.74,291.26,275.65,290.49,281.12,267.1719,1,300.0565,0,425518,367842,2.5616,3.2536,-0.6919
2026-08-21,296.42,301.92,294.37,299.91,290.15,292.04,275.64,290.70,281.40,267.1719,1,272.6027,1,373639,366877,3.2201,3.2469,-0.0268
2026-08-24,303.78,308.97,299.73,307.24,292.45,293.00,275.89,290.94,281.69,272.1293,1,273.1891,1,409020,367688,4.2840,3.4543,0.8297
2026-08-25,306.22,310.14,301.66,307.96,295.05,293.57,276.16,291.19,281.98,274.3591,1,274.6204,1,243783,365724,5.1268,3.7888,1.3380
2026-08-26,308.44,312.62,307.13,311.33,297.17,293.79,276.55,291.46,282.29,279.8387,1,276.7515,1,227056,361064,5.9968,4.2304,1.7664
2026-08-27,311.47,316.86,310.08,313.08,299.25,294.66,277.52,291.71,282.58,284.4030,1,279.6211,1,262588,351764,6.7501,4.7343,2.0157
2026-08-28,314.13,315.94,306.56,309.59,300.67,294.67,278.63,291.95,282.84,284.4030,1,283.3450,1,296138,336208,6.9849,5.1845,1.8005
2026-08-31,309.00,310.08,299.14,300.20,301.28,294.83,279.67,292.16,283.05,284.4030,1,286.6964,1,633452,333676,6.3402,5.4156,0.9246
2026-09-01,296.99,309.18,296.99,307.62,303.02,295.83,280.71,292.44,283.30,284.4030,1,289.7128,1,228900,326125,6.3548,5.6035,0.7513
2026-09-02,305.05,306.29,288.31,294.12,304.43,296.34,281.46,292.65,283.48,284.4030,1,316.8598,0,347679,325351,5.2169,5.5261,-0.3093
2026-09-03,296.00,300.62,290.08,298.50,304.95,296.85,282.45,292.88,283.69,284.4030,1,316.2888,0,338111,321522,4.6153,5.3440,-0.7287
2026-09-04,293.50,301.82,293.50,298.38,304.80,297.47,283.54,293.11,283.90,284.4030,1,315.7292,0,232677,317237,4.0818,5.0915,-1.0098
2026-09-08,294.48,296.42,290.19,293.33,303.41,297.93,284.57,293.32,284.08,284.4030,1,315.1808,0,263176,314064,3.2144,4.7161,-1.5017
2026-09-09,291.44,297.98,287.80,291.87,301.80,298.43,285.79,293.49,284.28,284.4030,1,314.6434,0,298787,311018,2.3818,4.2492,-1.8675
2026-09-10,290.99,295.90,283.38,287.49,299.42,298.29,286.70,293.61,284.45,284.4030,1,313.5697,0,248851,305760,1.3529,3.6700,-2.3171
2026-09-11,290.99,290.99,279.89,281.04,296.21,297.73,287.38,293.66,284.60,314.1125,0,311.7583,0,210892,303800,0.0168,2.9393,-2.9225
2026-09-14,285.04,287.17,282.12,284.50,293.70,297.19,288.11,293.75,284.76,314.1125,0,309.2088,0,247060,301933,-0.7542,2.2006,-2.9548
2026-09-15,281.31,282.71,270.05,270.44,290.73,296.00,288.63,293.70,284.83,308.2464,0,306.8633,0,288749,301250,-2.4712,1.2663,-3.7375
2026-09-16,268.48,276.20,266.14,270.43,287.01,295.01,288.88,293.68,284.90,302.8678,0,303.1820,0,311319,299250,-3.7891,0.2552,-4.0443
2026-09-17,267.20,268.41,264.91,266.67,284.26,294.35,288.93,293.68,284.96,296.8440,0,298.7370,0,194829,294958,-5.0784,-0.8115,-4.2669
2026-09-18,270.13,273.82,265.17,272.86,281.70,293.33,289.04,293.71,285.05,296.8440,0,294.0012,0,511230,299569,-5.5368,-1.7566,-3.7803
2026-09-21,271.38,275.76,268.65,271.43,279.01,291.90,289.12,293.70,285.15,296.8440,0,289.9284,0,279193,300796,-5.9470,-2.5947,-3.3523
2026-09-22,269.81,272.29,264.73,266.83,276.36,289.88,288.93,293.60,285.22,296.8038,0,286.4258,0,260880,297894,-6.5675,-3.3892,-3.1783
2026-09-23,265.25,273.34,265.25,268.87,274.06,287.93,288.82,293.50,285.30,296.8038,0,282.9545,0,223216,297825,-6.8162,-4.0746,-2.7415
2026-09-24,268.87,270.53,265.76,267.57,272.06,285.74,288.65,293.39,285.38,294.6783,0,280.0386,0,143230,295500,-7.0369,-4.6671,-2.3699
2026-09-25,265.19,268.00,253.45,258.03,269.76,282.99,288.27,293.20,285.42,288.9699,0,277.5892,0,339232,296282,-7.8908,-5.3118,-2.5789
2026-09-28,257.75,258.50,252.82,253.26,266.64,280.17,287.88,292.97,285.43,282.7844,0,273.2442,0,207395,291044,-8.8503,-6.0195,-2.8308
2026-09-29,279.54,282.00,259.36,261.75,265.77,278.25,287.57,292.78,285.50,282.7844,0,252.8200,1,672462,299765,-8.8240,-6.5804,-2.2436
2026-09-30,263.12,278.34,263.11,275.29,266.26,276.63,287.60,292.69,285.63,282.7844,0,252.8200,1,629864,307572,-7.6226,-6.7889,-0.8338
2026-10-01,273.94,283.54,273.94,277.19,267.31,275.79,287.52,292.60,285.76,282.7844,0,253.4036,1,406804,309341,-6.4430,-6.7197,0.2767
2026-10-02,278.93,280.33,269.54,271.26,267.15,274.42,287.27,292.42,285.89,282.7844,0,254.6091,1,312492,310006,-5.9184,-6.5594,0.6410
2026-10-05,278.35,281.51,266.32,277.47,267.75,273.38,287.13,292.30,286.04,282.7844,0,255.7663,1,378275,313885,-4.9446,-6.2365,1.2919
2026-10-06,276.88,281.38,271.60,278.20,268.89,272.62,286.93,292.13,286.18,282.7844,0,256.8772,1,237722,312919,-4.0670,-5.8026,1.7356
2026-10-07,275.85,283.12,275.19,281.57,270.16,272.11,286.63,292.01,286.36,282.7844,0,257.9438,1,236068,310879,-3.0643,-5.2549,2.1906
2026-10-08,280.17,298.00,278.81,294.08,272.81,272.44,286.37,292.00,286.60,252.5389,1,258.9676,1,557399,313511,-1.2458,-4.4531,3.2073
2026-10-09,301.50,307.84,298.02,304.16,277.42,273.59,286.54,292.03,286.87,266.5225,1,261.3096,1,438964,312603,0.9972,-3.3630,4.3603
