Date,Open,High,Low,Close,Ma10:Top:Line,Ma20:Top:Line,Ma50:Top:Line,Ma150:Top:Line,Ma200:Top:Line,Supertrend:Top:ColorLine,Supertrend_Dir,ParabolicSAR:Top:ColorLine,ParabolicSAR_Dir,Volume:Middle:Histogram,Vo50:Middle:Line,Macd:Bottom:Line,MacdSignal:Bottom:Line,MacdDelta:Bottom:Histogram,RsRating:Hidden:Hidden
2023-07-19,132.91,135.00,132.91,134.93,,,,,,,0,132.9128,1,112219,,,,,0
2023-07-20,135.61,136.25,134.78,135.40,,,,,,,0,132.9128,1,121988,,,,,0
2023-07-21,135.43,137.07,134.42,136.13,,,,,,,0,132.9128,1,111252,,,,,0
2023-07-24,136.13,137.27,134.90,135.80,,,,,,,0,133.0791,1,128898,,,,,0
2023-07-25,135.18,136.88,134.12,136.65,,,,,,,0,133.3305,1,170180,,,,,0
2023-07-26,130.37,133.18,128.01,128.46,,,,,,,0,137.2691,0,297194,,,,,0
2023-07-27,128.24,130.05,126.31,126.69,,,,,,,0,137.0839,0,143362,,,,,0
2023-07-28,127.55,127.68,125.12,126.81,,,,,,,0,136.6530,0,92395,,,,,0
2023-07-31,127.30,127.53,125.51,127.49,,,,,,,0,135.9613,0,129910,,,,,0
2023-08-01,127.65,128.68,126.55,126.92,131.53,,,,,136.7363,0,135.3111,0,151412,,,,,0
2023-08-02,126.82,127.26,125.31,127.07,130.74,,,,,135.0773,0,134.6999,0,123211,,,,,0
2023-08-03,127.32,129.06,126.82,128.89,130.09,,,,,135.0773,0,134.1253,0,97788,,,,,0
2023-08-04,128.54,129.88,127.81,127.91,129.27,,,,,135.0773,0,133.5853,0,99323,,,,,0
2023-08-07,128.35,129.05,127.86,128.81,128.57,,,,,135.0773,0,133.0776,0,79712,,,,,0
2023-08-08,128.85,128.85,126.77,127.22,127.63,,,,,135.0773,0,132.6004,0,65585,,,,,0
2023-08-09,127.04,128.20,127.04,127.61,127.54,,,,,134.8988,0,132.1519,0,55462,,,,,0
2023-08-10,127.22,128.71,126.30,126.46,127.52,,,,,134.7789,0,131.7302,0,88023,,,,,0
2023-08-11,126.53,127.38,125.94,127.30,127.57,,,,,133.6357,0,131.3339,0,89809,,,,,0
2023-08-14,127.38,127.87,126.88,127.44,127.56,,,,,133.6357,0,130.9613,0,59970,,,,,0
2023-08-15,127.28,127.60,125.65,125.91,127.46,129.49,,,,133.1343,0,130.6111,0,79717,,,,,0
2023-08-16,125.80,126.20,124.79,124.80,127.24,128.99,,,,131.7737,0,130.2819,0,75657,,,,,0
2023-08-17,124.27,125.15,123.46,124.69,126.82,128.45,,,,130.4643,0,129.8429,0,92700,,,,,0
2023-08-18,124.70,126.21,124.61,125.88,126.61,127.94,,,,130.4643,0,129.2051,0,109176,,,,,0
2023-08-21,125.61,126.74,125.27,125.30,126.26,127.42,,,,130.4643,0,128.6311,0,109594,,,,,0
2023-08-22,125.25,126.06,124.65,124.82,126.02,126.82,,,,130.4643,0,128.1144,0,146955,,,,,0
2023-08-23,125.14,125.90,124.88,125.80,125.84,126.69,,,,130.4643,0,127.6495,0,81026,,,,,0
2023-08-24,125.38,126.47,125.34,125.61,125.76,126.64,,,,130.4643,0,127.2310,0,72738,,,,,0
2023-08-25,126.09,126.27,124.77,124.83,125.51,126.54,,,,130.4643,0,126.8544,0,55630,,,,,0
2023-08-28,125.28,125.69,124.32,124.88,125.25,126.41,,,,130.0683,0,126.5155,0,69915,,,,,0
2023-08-29,124.96,125.53,124.46,124.84,125.15,126.30,,,,129.8724,0,126.2653,0,79255,,,,,0
2023-08-30,125.24,127.43,125.07,126.99,125.37,126.30,,,,129.8724,0,123.4649,1,106545,,,,,0
2023-08-31,127.36,127.43,123.95,123.99,125.30,126.06,,,,129.8724,0,123.5443,1,158431,,,,,0
2023-09-01,124.48,124.61,122.65,123.07,125.01,125.81,,,,129.3415,0,127.4345,0,90764,,,,,0
2023-09-05,122.65,122.65,119.77,119.98,124.48,125.37,,,,127.3419,0,127.4345,0,110712,,-2.0506,-1.9277,-0.1229,0
2023-09-06,119.49,120.34,118.36,119.88,123.99,125.01,,,,125.4653,0,127.1279,0,92189,,-2.2589,-1.9939,-0.2649,0
2023-09-07,120.29,120.97,119.42,119.85,123.39,124.62,,,,125.4653,0,126.6020,0,114107,,-2.3986,-2.0749,-0.3237,0
2023-09-08,119.66,120.54,119.40,119.77,122.81,124.28,,,,125.4653,0,126.1077,0,104410,,-2.4875,-2.1574,-0.3301,0
2023-09-11,119.65,120.65,119.29,119.48,122.27,123.89,,,,125.4653,0,125.6431,0,66105,,-2.5521,-2.2363,-0.3158,0
2023-09-12,119.51,120.36,119.23,119.97,121.78,123.52,,,,125.1307,0,125.2063,0,73628,,-2.5345,-2.2960,-0.2386,0
2023-09-13,120.23,121.42,119.37,120.82,121.38,123.26,,,,125.1307,0,124.7958,0,76981,,-2.4242,-2.3216,-0.1026,0
2023-09-14,121.41,121.91,119.23,120.08,120.69,123.03,,,,125.1307,0,124.4098,0,93819,,-2.3688,-2.3310,-0.0377,0
2023-09-15,120.00,120.47,118.77,119.01,120.19,122.74,,,,125.1307,0,124.0471,0,135270,,-2.3833,-2.3415,-0.0419,0
2023-09-18,119.23,119.57,118.38,118.61,119.74,122.38,,,,124.3890,0,123.7061,0,103538,,-2.4000,-2.3532,-0.0468,0
2023-09-19,118.84,119.86,118.16,118.40,119.59,122.03,,,,124.3890,0,123.3855,0,99652,,-2.4022,-2.3630,-0.0392,0
2023-09-20,118.92,118.99,117.58,117.87,119.39,121.69,,,,123.5499,0,122.9672,0,139211,,-2.4187,-2.3741,-0.0445,0
2023-09-21,117.44,117.96,116.32,116.47,119.05,121.22,,,,122.3698,0,122.4286,0,124286,,-2.5161,-2.4025,-0.1136,0
2023-09-22,116.19,117.02,116.07,116.43,118.71,120.76,,,,121.5354,0,121.6952,0,95154,,-2.5668,-2.4354,-0.1314,0
2023-09-25,115.98,117.23,115.94,117.20,118.49,120.38,,,,121.4663,0,120.9080,0,81814,,-2.5155,-2.4514,-0.0641,0
2023-09-26,116.99,118.60,116.99,117.47,118.24,120.01,,,,121.4663,0,120.1132,0,86035,,-2.4256,-2.4462,0.0206,0
2023-09-27,117.49,117.53,115.70,116.36,117.79,119.58,124.66,,,121.4663,0,119.4456,0,92636,104707,-2.4164,-2.4403,0.0239,0
2023-09-28,116.82,118.28,116.01,116.31,117.41,119.05,124.29,,,121.4663,0,118.7705,0,75540,103973,-2.3853,-2.4293,0.0440,0
2023-09-29,116.39,116.99,114.78,114.90,117.00,118.60,123.88,,,121.1605,0,118.2788,0,97927,103492,-2.4459,-2.4326,-0.0133,0
2023-10-02,114.34,114.38,112.76,114.01,116.54,118.14,123.44,,,118.9601,0,118.2788,0,76318,102793,-2.5369,-2.4534,-0.0834,0
2023-10-03,113.54,114.76,113.31,114.12,116.11,117.85,123.00,,,118.9601,0,117.1756,0,85471,101925,-2.5703,-2.4768,-0.0935,0
2023-10-04,114.37,115.87,113.71,115.58,115.88,117.64,122.58,,,118.9601,0,116.2930,0,119724,100916,-2.4505,-2.4716,0.0210,0
2023-10-05,115.86,116.82,115.12,116.64,115.90,117.47,122.35,,,118.9601,0,112.7628,1,145140,97875,-2.2441,-2.4261,0.1820,0
2023-10-06,116.41,118.65,116.17,117.86,116.05,117.38,122.17,,,118.9601,0,112.8438,1,102871,97065,-1.9599,-2.3328,0.3729,0
2023-10-09,117.60,118.53,117.11,118.39,116.16,117.32,122.00,,,118.9601,0,113.0763,1,69393,96605,-1.6726,-2.2008,0.5282,0
2023-10-10,118.33,118.84,117.26,117.38,116.16,117.20,121.80,,,118.9601,0,113.2994,1,100736,96021,-1.5086,-2.0623,0.5538,0
2023-10-11,116.51,116.79,115.82,116.40,116.16,116.97,121.59,,,118.9601,0,113.6316,1,63758,94268,-1.4416,-1.9382,0.4966,0
2023-10-12,116.11,116.11,113.90,114.40,115.97,116.69,121.33,,,118.9601,0,118.8351,0,98161,93767,-1.5323,-1.8570,0.3247,0
2023-10-13,114.53,116.82,114.53,116.18,116.10,116.55,121.08,,,118.9601,0,118.7365,0,112418,94060,-1.4437,-1.7743,0.3307,0
2023-10-16,116.18,117.15,115.62,116.47,116.34,116.44,120.85,,,118.9601,0,118.6398,0,84899,93771,-1.3343,-1.6863,0.3520,0
2023-10-17,116.08,117.62,115.79,116.93,116.62,116.37,120.61,,,118.9601,0,118.5451,0,77919,93735,-1.1972,-1.5885,0.3913,0
2023-10-18,117.24,117.49,116.33,116.45,116.71,116.30,120.40,,,118.9601,0,118.4523,0,111064,94645,-1.1139,-1.4936,0.3797,0
2023-10-19,116.51,117.53,115.54,116.49,116.70,116.30,120.18,,,118.9601,0,118.3613,0,103890,95614,-1.0329,-1.4014,0.3686,0
2023-10-20,117.29,118.84,116.51,117.35,116.64,116.34,119.99,,,118.9601,0,113.9034,1,159290,97039,-0.8896,-1.2991,0.4095,0
2023-10-23,116.23,118.12,115.08,115.18,116.32,116.24,119.75,,,118.9601,0,114.0022,1,235649,99956,-0.9397,-1.2272,0.2875,0
2023-10-24,116.33,117.64,114.63,117.20,116.31,116.23,119.55,,,118.9601,0,114.0991,1,187632,102509,-0.8070,-1.1432,0.3361,0
2023-10-25,115.55,119.30,115.33,119.00,116.57,116.36,119.41,,,112.6673,1,114.1940,1,204918,105013,-0.5509,-1.0247,0.4738,0
2023-10-26,118.84,124.72,118.61,124.49,117.57,116.77,119.40,,,113.6932,1,114.3982,1,323110,109962,0.0940,-0.8010,0.8950,0
2023-10-27,124.01,124.63,121.02,121.09,118.07,117.08,119.33,,,114.5635,1,115.0178,1,139899,110906,0.3274,-0.5753,0.9027,0
2023-10-30,121.35,124.30,120.55,122.73,118.69,117.52,119.27,,,114.5635,1,115.6002,1,169954,112122,0.6374,-0.3327,0.9702,0
2023-10-31,123.14,124.66,121.87,123.39,119.34,117.98,119.23,,,114.7259,1,116.1477,1,126132,112452,0.9253,-0.0811,1.0064,0
2023-11-01,123.45,126.33,123.37,125.69,120.26,118.49,119.25,,,116.2758,1,116.6623,1,159328,112700,1.3241,0.1999,1.1242,0
2023-11-02,124.85,125.79,124.00,124.55,121.07,118.88,119.22,,,116.6456,1,117.4355,1,130870,113697,1.5306,0.4660,1.0646,0
2023-11-03,125.76,128.21,124.90,127.00,122.03,119.34,119.25,,,118.0301,1,118.1469,1,116073,114563,1.8702,0.7469,1.1234,0
2023-11-06,126.84,128.30,126.19,126.98,123.21,119.77,119.29,,,118.9476,1,119.1527,1,116699,115785,2.1135,1.0202,1.0933,0
2023-11-07,127.20,127.26,125.88,126.02,124.09,120.20,119.31,,,118.9476,1,120.2504,1,84671,116080,2.2036,1.2569,0.9467,0
2023-11-08,126.88,126.97,125.45,126.58,124.85,120.71,119.35,,,118.9476,1,121.2164,1,97033,116435,2.2937,1.4642,0.8294,0
2023-11-09,126.38,126.78,124.74,124.85,124.89,121.23,119.31,,,118.9476,1,122.0665,1,101534,116335,2.1997,1.6113,0.5883,0
2023-11-10,125.55,126.15,124.64,125.97,125.38,121.72,119.35,,,118.9476,1,122.8145,1,78550,114738,2.1902,1.7271,0.4631,0
2023-11-13,126.04,126.14,124.90,125.52,125.66,122.17,119.40,,,118.9476,1,123.4728,1,89005,114702,2.1223,1.8061,0.3162,0
2023-11-14,125.81,126.98,124.97,126.88,126.01,122.67,119.53,,,119.2724,1,124.0521,1,134502,115178,2.1531,1.8755,0.2776,0
2023-11-15,126.83,129.17,126.74,128.46,126.28,123.27,119.70,,,121.1966,1,124.5619,1,197351,117281,2.2790,1.9562,0.3228,0
2023-11-16,128.64,128.90,127.46,127.97,126.62,123.85,119.87,,,121.6585,1,124.9713,1,162294,118245,2.3124,2.0275,0.2849,0
2023-11-17,128.56,128.93,127.32,127.93,126.72,124.37,120.03,,,121.7773,1,125.5595,1,114603,118449,2.3091,2.0838,0.2253,0
2023-11-20,127.24,128.48,126.85,127.89,126.81,125.01,120.20,,,121.7773,1,126.0653,1,105979,119247,2.2773,2.1225,0.1548,0
2023-11-21,128.26,128.58,127.27,127.39,126.94,125.52,120.35,,,121.9483,1,126.5004,1,145133,120677,2.1862,2.1352,0.0510,0
2023-11-22,127.82,129.01,127.82,128.75,127.16,126.01,120.51,,,122.5479,1,126.8491,1,89337,120924,2.1982,2.1478,0.0504,0
2023-11-24,128.88,128.88,127.88,128.55,127.53,126.21,120.68,,,122.8026,1,127.1744,1,51424,120076,2.1666,2.1516,0.0150,0
2023-11-27,128.55,129.34,127.57,128.33,127.77,126.57,120.86,,,122.9042,1,127.4542,1,112294,119616,2.0998,2.1412,-0.0414,0
2023-11-28,128.57,129.57,127.35,128.72,128.09,126.87,121.06,,,122.9042,1,129.3434,0,109132,119728,2.0545,2.1239,-0.0694,0
2023-11-29,128.54,129.56,128.00,128.29,128.23,127.12,121.26,,,123.2130,1,129.5711,0,78889,119313,1.9616,2.0914,-0.1298,0
2023-11-30,128.53,130.23,127.68,130.15,128.40,127.34,121.51,,,123.2130,1,127.3518,1,177260,120074,2.0147,2.0761,-0.0614,0
2023-12-01,130.26,130.29,128.90,129.14,128.51,127.57,121.76,,,123.9791,1,127.4095,1,156786,120724,1.9532,2.0515,-0.0983,0
2023-12-04,129.00,130.51,128.84,130.40,128.76,127.74,122.04,,,124.1205,1,127.5248,1,119754,121216,1.9826,2.0377,-0.0551,0
2023-12-05,130.19,130.19,127.88,127.93,128.76,127.79,122.25,,,124.1205,1,127.7039,1,101275,121605,1.7863,1.9874,-0.2011,0
2023-12-06,127.71,128.47,127.15,127.96,128.82,127.88,122.46,,,124.1205,1,130.5100,0,106276,122010,1.6145,1.9128,-0.2984,0
2023-12-07,128.72,128.76,127.39,128.24,128.77,127.97,122.70,,,124.1205,1,130.4428,0,119399,122545,1.4841,1.8271,-0.3430,0
2023-12-08,128.44,129.21,128.21,128.90,128.81,128.17,122.95,,,124.1205,1,130.3770,0,97760,122990,1.4173,1.7451,-0.3279,0
2023-12-11,129.27,130.02,128.18,129.87,128.96,128.36,123.25,,,124.1205,1,130.3125,0,107758,123186,1.4267,1.6814,-0.2548,0
2023-12-12,132.30,133.96,131.50,132.22,129.31,128.70,123.62,,,126.8088,1,127.1526,1,137486,124410,1.6047,1.6661,-0.0614,0
2023-12-13,132.88,133.84,132.30,133.84,129.87,129.05,124.01,,,127.2557,1,127.2888,1,152113,125742,1.8552,1.7039,0.1513,0
2023-12-14,134.66,134.66,129.05,130.18,129.87,129.13,124.30,,,127.2557,1,127.4223,1,284979,129048,1.7383,1.7108,0.0275,0
2023-12-15,129.28,130.09,127.70,128.06,129.76,129.14,124.53,,,127.2557,1,134.6640,0,243986,131024,1.4582,1.6603,-0.2021,0
2023-12-18,128.77,129.64,128.07,128.81,129.60,129.18,124.75,,,127.2557,1,134.6640,0,92996,130827,1.2819,1.5846,-0.3027,0
2023-12-19,129.03,129.79,127.67,129.41,129.75,129.26,124.97,,,127.2557,1,134.5248,0,122628,131892,1.1768,1.5031,-0.3262,0
2023-12-20,129.64,129.64,127.74,127.82,129.74,129.28,125.18,,,127.2557,1,134.2507,0,96751,131812,0.9540,1.3932,-0.4392,0
2023-12-21,128.21,129.10,127.61,129.02,129.81,129.29,125.43,,,127.2557,1,133.9877,0,90929,132355,0.8646,1.2875,-0.4229,0
2023-12-22,129.65,130.13,129.09,129.68,129.89,129.35,125.74,,,127.2557,1,133.6049,0,55804,131508,0.8377,1.1976,-0.3598,0
2023-12-26,129.26,130.05,128.94,129.70,129.87,129.42,126.01,,,127.2557,1,133.2451,0,63881,130538,0.8086,1.1198,-0.3112,0
2023-12-27,129.53,130.49,128.95,130.48,129.70,129.51,126.29,,,127.2557,1,132.9068,0,89234,130624,0.8386,1.0635,-0.2249,0
2023-12-28,130.75,131.42,130.41,130.56,129.37,129.62,126.56,,,127.2557,1,132.5889,0,59855,130263,0.8586,1.0225,-0.1639,0
2023-12-29,130.25,130.88,129.96,130.77,129.43,129.65,126.85,,,127.2557,1,132.2900,0,57358,129189,0.8811,0.9943,-0.1131,0
2024-01-02,131.00,136.22,131.00,133.55,129.98,129.87,127.19,,,127.3299,1,127.6078,1,147213,130055,1.1112,1.0176,0.0935,0
2024-01-03,133.66,133.90,132.07,132.47,130.35,129.97,127.49,,,127.3299,1,127.7801,1,145225,129774,1.1925,1.0526,0.1399,0
2024-01-04,132.69,133.58,132.34,133.31,130.74,130.24,127.85,,,127.3299,1,127.9489,1,123819,127537,1.3092,1.1039,0.2053,0
2024-01-05,133.68,135.04,132.57,134.65,131.42,130.58,128.20,,,127.7037,1,128.1143,1,132127,126427,1.4931,1.1818,0.3114,0
2024-01-08,134.60,134.76,132.40,134.29,131.95,130.88,128.51,,,127.7037,1,128.2764,1,120643,124742,1.5915,1.2637,0.3278,0
2024-01-09,134.67,135.55,133.71,134.78,132.46,131.17,128.71,,,128.4939,1,128.4352,1,95029,120180,1.6890,1.3488,0.3402,0
2024-01-10,135.42,135.42,128.27,130.03,132.49,131.18,128.89,,,128.4939,1,136.2194,0,293572,123254,1.3671,1.3524,0.0147,0
2024-01-11,130.03,130.33,128.32,128.76,132.32,131.01,129.01,,,128.4939,1,136.0605,0,155552,122966,0.9987,1.2817,-0.2830,0
2024-01-12,128.60,129.21,126.93,128.32,132.09,130.73,129.11,,,135.5064,0,135.9047,0,136477,123173,0.6631,1.1580,-0.4948,0
2024-01-16,127.87,128.69,127.07,127.61,131.78,130.61,129.15,,,135.0573,0,135.5459,0,118725,122360,0.3364,0.9937,-0.6573,0
2024-01-17,127.45,129.21,127.37,127.49,131.17,130.58,129.21,,,135.0573,0,135.2014,0,106227,121868,0.0667,0.8083,-0.7416,0
2024-01-18,126.57,128.37,126.01,127.98,130.72,130.53,129.23,,,134.2058,0,134.8707,0,95303,121452,-0.1066,0.6253,-0.7319,0
2024-01-19,128.10,128.12,125.53,126.39,130.03,130.38,129.22,,,133.9151,0,134.3392,0,125305,121624,-0.3674,0.4267,-0.7942,0
2024-01-22,126.53,126.77,124.18,124.62,129.03,130.22,129.19,,,132.6318,0,133.6341,0,128906,122509,-0.7090,0.1996,-0.9086,0
2024-01-23,124.93,124.93,123.21,123.73,127.97,129.96,129.13,,,131.0322,0,132.6889,0,155022,123669,-1.0393,-0.0482,-0.9911,0
2024-01-24,123.75,124.51,121.72,121.81,126.67,129.57,129.07,,,130.2131,0,131.5513,0,218125,126001,-1.4399,-0.3265,-1.1134,0
2024-01-25,121.39,124.78,121.37,124.09,126.08,129.28,129.03,,,130.2131,0,130.1751,0,241246,129255,-1.5556,-0.5723,-0.9832,0
2024-01-26,124.90,125.63,123.70,124.36,125.64,128.98,129.01,,,130.2131,0,128.7661,0,126005,129995,-1.6064,-0.7792,-0.8272,0
2024-01-29,123.85,123.90,122.83,123.31,125.14,128.62,128.94,,,130.2131,0,127.5825,0,117855,129662,-1.7116,-0.9656,-0.7459,0
2024-01-30,123.57,123.80,122.45,122.83,124.66,128.22,128.83,,,129.8162,0,126.5883,0,115483,128024,-1.8132,-1.1352,-0.6781,0
2024-01-31,123.39,123.90,122.23,122.45,124.16,127.66,128.72,,,129.5854,0,125.7532,0,219988,129178,-1.9027,-1.2887,-0.6140,0
2024-02-01,118.27,123.56,117.31,121.24,123.48,127.10,128.58,,,128.1827,0,125.0517,0,318650,133259,-2.0469,-1.4403,-0.6066,0
2024-02-02,120.57,121.21,118.05,119.18,122.76,126.40,128.41,,,127.5604,0,123.8954,0,159575,134331,-2.3016,-1.6126,-0.6890,0
2024-02-05,118.86,119.06,117.44,118.01,122.10,125.56,128.22,,,125.9101,0,123.5617,0,170841,134845,-2.5677,-1.8036,-0.7641,0
2024-02-06,118.22,120.90,117.97,120.38,121.77,124.87,128.05,,,125.9101,0,122.4359,0,245285,137964,-2.5583,-1.9545,-0.6038,0
2024-02-07,122.04,123.34,120.81,121.48,121.73,124.20,127.91,,,125.9101,0,117.3073,1,152229,139980,-2.4336,-2.0503,-0.3832,0
2024-02-08,120.84,121.29,119.38,120.64,121.39,123.73,127.76,,,125.9101,0,117.4280,1,126970,140274,-2.3750,-2.1153,-0.2598,0
2024-02-09,120.62,121.65,120.05,120.83,121.04,123.34,127.60,,,125.9101,0,117.5463,1,78744,139666,-2.2869,-2.1496,-0.1373,0
2024-02-12,120.59,124.09,120.26,123.95,121.10,123.12,127.51,,,125.9101,0,117.6622,1,131466,140718,-1.9431,-2.1083,0.1652,0
2024-02-13,123.96,124.64,121.29,121.90,121.01,122.83,127.35,,,125.9101,0,117.9192,1,101201,139196,-1.8151,-2.0497,0.2346,0
2024-02-14,121.91,122.70,121.00,121.77,120.94,122.55,127.20,,,125.9101,0,118.3224,1,102316,138107,-1.7048,-1.9807,0.2759,0
2024-02-15,122.04,122.89,119.43,119.87,120.80,122.14,126.99,,,125.9101,0,118.7014,1,154862,138809,-1.7503,-1.9346,0.1843,0
2024-02-16,119.82,120.34,118.04,118.22,120.71,121.73,126.80,,,125.9101,0,124.6390,0,173253,140249,-1.8975,-1.9272,0.0296,0
2024-02-20,118.22,119.22,117.60,118.03,120.71,121.41,126.60,,,125.9101,0,124.5071,0,139250,140908,-2.0065,-1.9431,-0.0635,0
2024-02-21,118.28,120.88,117.56,120.83,120.75,121.26,126.45,124.60,,125.9101,0,124.2309,0,188663,142293,-1.8462,-1.9237,0.0775,0
2024-02-22,120.26,120.67,118.22,119.50,120.56,121.14,126.26,124.50,,125.9101,0,123.8303,0,109522,142529,-1.8052,-1.9000,0.0948,0
2024-02-23,119.88,121.29,119.64,121.16,120.61,121.00,126.09,124.41,,125.9101,0,123.4538,0,100063,142375,-1.6203,-1.8440,0.2238,0
2024-02-26,120.05,121.94,119.60,120.32,120.56,120.80,125.85,124.30,,125.9101,0,123.0999,0,120647,142038,-1.5238,-1.7800,0.2562,0
2024-02-27,119.89,121.38,119.19,120.54,120.21,120.66,125.58,124.20,,125.9101,0,122.7672,0,79866,140593,-1.4134,-1.7067,0.2933,0
2024-02-28,120.41,120.99,119.65,119.81,120.00,120.51,125.38,124.09,,125.9101,0,122.4545,0,73348,136360,-1.3693,-1.6392,0.2699,0
2024-02-29,120.01,120.49,118.42,119.07,119.73,120.34,125.20,124.02,,125.9101,0,122.1606,0,198625,135453,-1.3777,-1.5869,0.2092,0
2024-03-01,119.17,119.17,117.90,118.87,119.63,120.22,125.00,123.97,,125.2225,0,121.8842,0,128932,136172,-1.3846,-1.5464,0.1618,0
2024-03-04,118.32,120.13,118.11,119.47,119.76,120.23,124.80,123.92,,125.2225,0,121.6245,0,114483,136009,-1.3263,-1.5024,0.1761,0
2024-03-05,119.92,120.75,118.55,118.71,119.83,120.27,124.62,123.87,,125.2225,0,121.3803,0,132977,136734,-1.3263,-1.4672,0.1409,0
2024-03-06,118.84,121.09,118.46,121.01,119.85,120.30,124.46,123.83,,125.2225,0,121.1508,0,127707,137469,-1.1280,-1.3993,0.2714,0
2024-03-07,121.18,121.78,120.74,121.45,120.04,120.30,124.29,123.79,,125.2225,0,117.5552,1,104358,138440,-0.9240,-1.3043,0.3803,0
2024-03-08,121.71,122.88,121.05,121.31,120.06,120.33,124.12,123.74,,125.2225,0,117.6397,1,103293,139228,-0.7650,-1.1964,0.4314,0
2024-03-11,121.09,123.59,120.86,123.40,120.36,120.46,123.98,123.71,,125.2225,0,117.8491,1,106832,139580,-0.4652,-1.0502,0.5850,0
2024-03-12,123.05,123.83,122.47,123.70,120.68,120.45,123.85,123.67,,125.2225,0,118.1936,1,117960,140742,-0.2014,-0.8804,0.6790,0
2024-03-13,123.94,125.14,122.72,123.38,121.04,120.52,123.70,123.65,,125.2225,0,118.6444,1,109921,141794,-0.0175,-0.7078,0.6903,0
2024-03-14,123.06,123.08,119.26,121.20,121.25,120.49,123.45,123.61,,125.2225,0,125.1443,0,129523,141440,-0.0474,-0.5757,0.5283,0
2024-03-15,119.80,122.75,119.80,122.30,121.59,120.61,123.25,123.58,,125.2225,0,125.1443,0,250775,143551,0.0179,-0.4570,0.4749,0
2024-03-18,121.78,122.24,120.57,122.17,121.86,120.81,123.02,123.54,,125.2225,0,125.0267,0,107407,143223,0.0582,-0.3540,0.4122,0
2024-03-19,122.32,123.89,121.86,123.05,122.30,121.06,122.79,123.51,,125.2225,0,124.9114,0,116515,142910,0.1591,-0.2513,0.4105,0
2024-03-20,122.56,123.19,121.39,121.77,122.37,121.11,122.54,123.49,,125.2225,0,124.7984,0,74921,141996,0.1345,-0.1742,0.3087,0
2024-03-21,121.86,122.95,121.32,122.83,122.51,121.28,122.30,123.47,,125.2225,0,124.6876,0,82425,141744,0.1980,-0.0997,0.2978,0
2024-03-22,122.88,123.36,122.06,123.28,122.71,121.38,122.17,123.46,,125.2225,0,124.5791,0,91557,137704,0.2813,-0.0235,0.3048,0
2024-03-25,123.88,123.93,122.66,123.26,122.69,121.53,122.06,123.45,,125.2225,0,124.4728,0,75525,136103,0.3418,0.0495,0.2923,0
2024-03-26,123.58,123.70,122.47,122.87,122.61,121.64,121.95,123.43,,125.2225,0,124.3686,0,85853,135091,0.3542,0.1105,0.2437,0
2024-03-27,123.47,124.99,122.71,124.95,122.77,121.90,121.90,123.43,,125.2225,0,119.2618,1,98688,134690,0.5264,0.1937,0.3327,0
2024-03-28,125.07,127.19,125.07,126.91,123.34,122.29,121.88,123.44,,120.1547,1,119.3764,1,118202,134929,0.8112,0.3172,0.4940,0
2024-04-01,126.55,129.14,124.93,128.49,123.96,122.77,121.89,123.46,,120.3891,1,119.6891,1,284230,138708,1.1514,0.4840,0.6674,0
2024-04-02,128.33,128.33,125.28,126.13,124.35,123.11,121.89,123.47,,120.3891,1,120.2561,1,185775,139917,1.2161,0.6304,0.5857,0
2024-04-03,125.95,127.26,125.15,126.22,124.67,123.48,121.92,123.48,,120.3891,1,120.7891,1,141273,140165,1.2606,0.7565,0.5042,0
2024-04-04,126.90,127.80,125.28,125.37,125.03,123.70,121.95,123.48,,120.3891,1,121.2901,1,111486,139294,1.2134,0.8479,0.3656,0
2024-04-05,124.89,125.76,123.80,125.26,125.27,123.89,122.02,123.47,,120.3891,1,121.7610,1,90331,136738,1.1534,0.9090,0.2445,0
2024-04-08,125.26,126.27,124.69,124.69,125.41,124.06,122.03,123.47,,120.3891,1,122.2037,1,77387,133461,1.0482,0.9368,0.1114,0
2024-04-09,125.35,127.32,125.35,127.29,125.82,124.26,122.09,123.50,,120.3891,1,122.6198,1,106200,133065,1.1610,0.9817,0.1794,0
2024-04-10,127.21,127.52,125.75,126.21,126.15,124.38,122.15,123.54,,120.3891,1,123.0110,1,103638,132780,1.1498,1.0153,0.1345,0
2024-04-11,126.84,127.09,123.87,124.67,126.12,124.45,122.19,123.57,,120.3891,1,123.3787,1,98061,132432,1.0055,1.0133,-0.0078,0
2024-04-12,124.31,124.94,123.00,123.24,125.76,124.55,122.20,123.60,,120.3891,1,129.1391,0,92567,129884,0.7670,0.9641,-0.1970,0
2024-04-15,123.96,124.55,122.80,123.35,125.24,124.60,122.25,123.62,,120.3891,1,129.0162,0,89894,125308,0.5799,0.8872,-0.3074,0
2024-04-16,124.11,124.11,122.16,122.18,124.85,124.60,122.31,123.64,,120.3891,1,128.7677,0,88213,123881,0.3333,0.7764,-0.4432,0
2024-04-17,122.37,122.73,121.53,121.76,124.40,124.54,122.38,123.65,,120.3891,1,128.3713,0,112606,122716,0.1027,0.6417,-0.5390,0
2024-04-18,122.02,122.10,120.26,120.73,123.94,124.48,122.39,123.65,,120.3891,1,127.8238,0,110008,120011,-0.1611,0.4811,-0.6422,0
2024-04-19,121.32,123.58,120.90,123.16,123.73,124.50,122.42,123.67,,120.3891,1,127.0677,0,200058,120967,-0.1723,0.3504,-0.5228,0
2024-04-22,123.46,125.81,123.10,124.74,123.73,124.57,122.50,123.71,,120.3891,1,126.3871,0,220411,122836,-0.0530,0.2698,-0.3227,0
2024-04-23,129.45,133.20,127.64,131.08,124.11,124.97,122.71,123.79,,121.9356,1,120.2623,1,285471,126971,0.5468,0.3252,0.2216,0
2024-04-24,130.41,132.63,129.40,131.89,124.68,125.42,122.87,123.88,,122.4136,1,120.5210,1,215458,128651,1.0754,0.4752,0.6002,0
2024-04-25,131.89,132.91,128.61,129.85,125.20,125.66,123.03,123.96,,122.4136,1,120.7746,1,137587,129378,1.3144,0.6431,0.6714,0
2024-04-26,129.45,130.40,128.54,128.74,125.75,125.75,123.17,124.04,,122.4136,1,121.0230,1,80784,128948,1.3980,0.7940,0.6039,0
2024-04-29,128.97,136.60,128.97,133.76,126.79,126.02,123.44,124.16,,122.6090,1,121.2665,1,389219,133635,1.8483,1.0049,0.8434,0
2024-04-30,133.09,133.90,131.59,132.50,127.82,126.34,123.73,124.26,,122.8902,1,121.8799,1,147507,133120,2.0791,1.2197,0.8594,0
2024-05-01,132.62,132.72,130.86,131.89,128.83,126.62,124.01,124.36,,122.8902,1,122.4688,1,93066,132196,2.1881,1.4134,0.7747,0
2024-05-02,131.77,131.77,129.78,130.73,129.83,126.89,124.20,124.45,124.50,122.8902,1,123.0341,1,94784,130319,2.1559,1.5619,0.5940,0
2024-05-03,131.04,131.83,129.70,131.73,130.69,127.21,124.45,124.55,124.49,122.8902,1,123.5768,1,87992,129888,2.1857,1.6867,0.4991,0
2024-05-06,132.34,132.43,129.99,130.06,131.22,127.48,124.63,124.66,124.46,122.8902,1,124.0978,1,101811,129923,2.0511,1.7596,0.2915,0
2024-05-07,130.43,131.52,129.78,131.31,131.25,127.68,124.85,124.77,124.44,122.8902,1,124.5979,1,87340,129257,2.0216,1.8120,0.2097,0
2024-05-08,131.58,132.04,130.50,130.54,131.11,127.90,125.05,124.88,124.41,123.3012,1,125.0781,1,83372,129327,1.9144,1.8325,0.0819,0
2024-05-09,130.52,132.68,130.41,132.48,131.37,128.29,125.30,124.99,124.39,123.6896,1,125.5390,1,81280,129486,1.9630,1.8586,0.1044,0
2024-05-10,132.44,133.25,131.75,132.73,131.77,128.76,125.57,125.10,124.41,124.9803,1,125.9815,1,78844,127090,1.9986,1.8866,0.1120,0
2024-05-13,132.97,135.90,132.56,134.99,131.90,129.34,125.90,125.21,124.45,126.4589,1,126.4063,1,157139,127654,2.1843,1.9461,0.2382,0
2024-05-14,135.24,135.37,132.42,133.44,131.99,129.91,126.18,125.32,124.49,126.4589,1,126.8141,1,103131,127427,2.1809,1.9931,0.1878,0
2024-05-15,133.68,135.21,133.31,134.99,132.30,130.57,126.50,125.43,124.52,126.6017,1,127.2056,1,106655,126901,2.2774,2.0499,0.2274,0
2024-05-16,134.98,137.07,134.64,136.57,132.88,131.36,126.81,125.57,124.57,128.2288,1,127.5815,1,141846,127184,2.4532,2.1306,0.3226,0
2024-05-17,137.12,138.52,136.12,138.40,133.55,132.12,127.15,125.73,124.63,129.7392,1,128.1509,1,205367,129204,2.7091,2.2463,0.4628,0
2024-05-20,138.23,139.63,137.98,138.24,134.37,132.80,127.49,125.87,124.68,131.4888,1,128.9804,1,155531,130248,2.8657,2.3701,0.4955,0
2024-05-21,138.36,138.56,136.85,137.45,134.98,133.12,127.77,126.01,124.72,131.4888,1,130.0455,1,80528,129722,2.8922,2.4746,0.4177,0
2024-05-22,136.31,137.54,135.69,136.03,135.53,133.32,128.02,126.14,124.76,131.4888,1,131.0041,1,114297,129649,2.7668,2.5330,0.2338,0
2024-05-23,135.40,137.04,134.22,134.28,135.71,133.54,128.24,126.26,124.79,131.4888,1,131.8668,1,160640,130664,2.4979,2.5260,-0.0281,0
2024-05-24,134.82,135.77,134.02,135.47,135.99,133.88,128.52,126.39,124.83,131.4888,1,132.6433,1,91479,129903,2.3535,2.4915,-0.1380,0
2024-05-28,135.01,135.76,132.97,133.20,135.81,133.85,128.74,126.49,124.87,131.4888,1,139.6316,0,123116,127349,2.0323,2.3997,-0.3673,0
2024-05-29,132.45,133.35,131.69,132.51,135.71,133.85,128.95,126.61,124.89,131.4888,1,139.4983,0,136366,127929,1.7025,2.2602,-0.5578,0
2024-05-30,132.30,133.94,131.71,133.60,135.57,133.94,129.16,126.72,124.92,131.4888,1,139.1861,0,116842,127935,1.5118,2.1105,-0.5987,0
2024-05-31,133.84,136.22,133.66,136.13,135.53,134.21,129.44,126.83,124.98,131.4888,1,138.8863,0,317729,132791,1.5471,1.9979,-0.4507,0
2024-06-03,135.12,136.40,134.08,135.31,135.22,134.39,129.69,126.90,125.03,131.4888,1,138.5986,0,89506,132933,1.4914,1.8966,-0.4052,0
2024-06-04,135.17,136.17,133.96,135.75,134.97,134.67,129.94,127.00,125.08,131.4888,1,138.3223,0,115918,133420,1.4659,1.8104,-0.3445,0
2024-06-05,135.46,137.12,135.01,136.82,134.91,134.95,130.21,127.10,125.14,131.4888,1,138.0571,0,119503,134300,1.5149,1.7513,-0.2364,0
2024-06-06,136.52,137.92,136.43,136.77,134.98,135.26,130.49,127.18,125.20,131.4888,1,131.6922,1,88209,134347,1.5322,1.7075,-0.1753,0
2024-06-07,136.45,137.30,136.39,136.49,135.20,135.46,130.72,127.26,125.25,131.4888,1,131.8168,1,52125,133416,1.5054,1.6671,-0.1617,0
2024-06-10,136.13,136.35,134.66,135.65,135.22,135.60,130.90,127.33,125.30,131.4888,1,131.9390,1,83397,132719,1.4007,1.6138,-0.2132,0
2024-06-11,135.16,135.61,134.57,134.97,135.40,135.60,131.03,127.38,125.35,131.4888,1,132.0587,1,76573,128566,1.2483,1.5407,-0.2924,0
2024-06-12,135.75,135.90,132.48,133.12,135.46,135.59,131.17,127.42,125.39,131.4888,1,132.1760,1,115395,127159,0.9671,1.4260,-0.4589,0
2024-06-13,133.17,133.41,131.83,132.83,135.38,135.48,131.30,127.47,125.43,131.4888,1,137.9248,0,92538,126184,0.7128,1.2834,-0.5705,0
2024-06-14,132.33,133.46,131.38,132.18,134.99,135.26,131.44,127.51,125.47,131.4888,1,137.8029,0,99059,125936,0.4535,1.1174,-0.6639,0
2024-06-17,131.15,132.09,130.98,131.39,134.60,134.91,131.56,127.55,125.49,137.4329,0,137.5458,0,111781,126365,0.1816,0.9302,-0.7486,0
2024-06-18,130.72,132.09,130.72,131.65,134.19,134.58,131.70,127.59,125.53,137.1221,0,137.1520,0,104307,126903,-0.0120,0.7418,-0.7538,0
2024-06-20,130.76,132.60,130.23,132.52,133.76,134.33,131.80,127.64,125.58,137.1221,0,136.6377,0,104825,126875,-0.0948,0.5745,-0.6692,0
2024-06-21,132.94,133.95,132.23,133.25,133.40,134.19,131.94,127.68,125.64,137.1221,0,135.9974,0,124786,127298,-0.1004,0.4395,-0.5399,0
2024-06-24,133.63,134.80,132.54,134.46,133.20,134.20,132.14,127.72,125.71,137.1221,0,135.4211,0,84054,127018,-0.0065,0.3503,-0.3568,0
2024-06-25,134.03,134.41,131.99,132.61,132.90,134.06,132.33,127.75,125.78,137.1221,0,134.9025,0,84239,126852,-0.0805,0.2641,-0.3446,0
2024-06-26,132.13,133.01,131.33,132.90,132.69,134.05,132.52,127.78,125.84,137.1221,0,134.7989,0,98531,127024,-0.1146,0.1884,-0.3030,0
2024-06-27,132.88,133.64,131.39,131.69,132.55,134.00,132.71,127.81,125.91,137.1221,0,134.4058,0,128578,127832,-0.2364,0.1034,-0.3398,0
2024-06-28,132.27,132.92,129.90,131.25,132.39,133.89,132.90,127.83,125.96,137.1221,0,133.9887,0,175850,129097,-0.3643,0.0099,-0.3742,0
2024-07-01,131.86,133.55,130.69,131.45,132.32,133.65,133.11,127.85,126.01,137.1221,0,133.6387,0,108123,129059,-0.4443,-0.0810,-0.3634,0.00
2024-07-02,131.42,132.37,130.74,131.02,132.28,133.44,133.27,127.87,126.07,137.1221,0,133.5524,0,143267,127923,-0.5363,-0.1720,-0.3643,0.00
2024-07-03,134.22,135.14,131.57,135.11,132.63,133.41,133.48,127.91,126.15,137.1221,0,129.8990,1,113904,125793,-0.2765,-0.1929,-0.0836,54.35
2024-07-05,135.40,136.16,133.06,134.67,132.84,133.30,133.55,127.95,126.23,137.1221,0,130.0039,1,142922,122942,-0.1042,-0.1752,0.0710,55.69
2024-07-08,135.34,135.87,133.85,133.92,132.91,133.16,133.59,127.99,126.31,137.1221,0,130.2502,1,89256,120418,-0.0280,-0.1457,0.1178,52.81
2024-07-09,133.63,134.20,132.06,133.38,132.80,133.00,133.66,128.01,126.39,137.1221,0,130.4866,1,128979,120246,-0.0110,-0.1188,0.1078,52.04
2024-07-10,135.67,135.88,133.93,135.40,133.08,132.99,133.79,128.05,126.48,137.1221,0,130.7136,1,101545,120661,0.1631,-0.0624,0.2255,52.08
2024-07-11,136.75,138.58,136.45,138.34,133.62,133.16,133.88,128.11,126.59,130.1893,1,130.9314,1,136555,115608,0.5323,0.0565,0.4757,52.65
2024-07-12,138.98,140.00,138.33,138.93,134.35,133.45,134.01,128.18,126.70,132.0699,1,131.3903,1,83858,114335,0.8623,0.2177,0.6446,49.50
2024-07-15,138.91,141.24,138.57,139.39,135.16,133.78,134.16,128.26,126.81,132.7202,1,132.0787,1,184656,116166,1.1480,0.4038,0.7442,49.88
2024-07-16,140.11,143.38,139.10,143.25,136.34,134.33,134.41,128.36,126.94,133.4897,1,132.9947,1,149878,117268,1.6671,0.6564,1.0107,50.71
2024-07-17,143.57,145.17,142.77,143.14,137.55,134.92,134.64,128.45,127.08,136.2776,1,134.2409,1,114300,117795,2.0456,0.9343,1.1113,52.33
2024-07-18,142.28,144.46,140.98,141.56,138.20,135.41,134.87,128.53,127.21,136.2776,1,135.7713,1,112435,118007,2.1927,1.1859,1.0067,49.44
2024-07-19,142.78,142.78,140.69,140.76,138.81,135.82,135.06,128.59,127.34,136.2776,1,137.0875,1,132431,118909,2.2191,1.3926,0.8265,48.52
2024-07-22,141.27,142.93,140.48,142.05,139.62,136.26,135.29,128.64,127.48,136.2776,1,138.2194,1,196624,121174,2.3176,1.5776,0.7400,44.18
2024-07-23,138.78,141.14,132.76,135.89,139.87,136.34,135.36,128.68,127.58,146.2537,0,145.1725,0,266894,124886,1.8769,1.6375,0.2395,35.68
2024-07-24,136.88,139.19,135.02,138.73,140.20,136.64,135.48,128.75,127.70,146.2537,0,144.9241,0,152660,126362,1.7371,1.6574,0.0798,42.72
2024-07-25,139.45,141.82,138.61,139.06,140.28,136.95,135.56,128.82,127.80,146.2537,0,144.6808,0,162671,126473,1.6340,1.6527,-0.0187,43.64
2024-07-26,139.71,141.45,139.37,140.35,140.42,137.38,135.70,128.89,127.91,146.2537,0,144.4423,0,186734,128145,1.6376,1.6497,-0.0121,42.03
2024-07-29,139.78,139.89,136.72,137.03,140.18,137.67,135.74,128.95,128.01,146.2537,0,144.2085,0,217787,130368,1.3564,1.5910,-0.2346,36.99
2024-07-30,136.71,139.53,136.71,137.75,139.63,137.99,135.76,129.01,128.12,146.2537,0,143.9795,0,133917,130209,1.1784,1.5085,-0.3301,37.92
2024-07-31,137.40,138.35,135.65,137.18,139.04,138.29,135.74,129.06,128.23,146.2537,0,143.7550,0,181603,129734,0.9801,1.4028,-0.4227,36.54
2024-08-01,137.72,142.57,137.72,142.36,139.12,138.66,135.82,129.14,128.36,146.2537,0,143.5350,0,165509,129933,1.2265,1.3676,-0.1411,48.02
2024-08-02,142.68,146.32,141.91,144.68,139.51,139.16,135.96,129.24,128.50,146.2537,0,132.7558,1,153682,131397,1.5909,1.4122,0.1787,60.00
2024-08-05,144.50,145.13,139.66,140.55,139.36,139.49,136.05,129.31,128.62,146.2537,0,133.0271,1,183972,132790,1.5284,1.4355,0.0929,59.39
2024-08-06,140.68,142.97,140.26,141.61,139.93,139.90,136.20,129.38,128.75,146.2537,0,133.2930,1,120832,131994,1.5466,1.4577,0.0889,59.70
2024-08-07,141.62,143.37,140.59,140.87,140.14,140.17,136.31,129.43,128.87,146.2537,0,133.5535,1,159326,133351,1.4848,1.4631,0.0217,59.24
2024-08-08,140.58,144.84,140.20,144.66,140.70,140.49,136.54,129.51,129.00,146.2537,0,133.8088,1,120048,133289,1.7217,1.5148,0.2068,61.35
2024-08-09,144.60,145.10,143.08,143.94,141.06,140.74,136.77,129.58,129.15,146.2537,0,134.0590,1,100874,132580,1.8299,1.5778,0.2521,60.43
2024-08-12,143.64,145.14,143.39,145.01,141.86,141.02,137.00,129.65,129.29,146.2537,0,134.3042,1,104241,132328,1.9793,1.6581,0.3212,65.92
2024-08-13,145.57,146.53,143.48,145.35,142.62,141.13,137.18,129.72,129.42,146.2537,0,134.5446,1,109821,128169,2.1007,1.7466,0.3540,63.38
2024-08-14,145.06,145.32,144.06,144.46,143.35,141.19,137.36,129.79,129.52,146.2537,0,135.0240,1,76483,127909,2.1011,1.8175,0.2835,59.70
2024-08-15,144.78,145.43,143.23,144.30,143.54,141.33,137.53,129.88,129.63,146.2537,0,135.4844,1,102568,127642,2.0651,1.8670,0.1981,55.40
2024-08-16,144.58,146.38,143.31,145.93,143.67,141.59,137.72,130.00,129.75,146.2537,0,135.9262,1,108555,127423,2.1434,1.9223,0.2211,57.47
2024-08-19,145.99,147.38,145.11,145.68,144.18,141.77,137.89,130.11,129.86,146.2537,0,136.3505,1,104016,127739,2.1603,1.9699,0.1904,56.01
2024-08-20,145.91,145.91,144.61,145.48,144.57,142.25,138.07,130.23,129.96,146.2537,0,137.0122,1,65223,128001,2.1328,2.0025,0.1303,58.54
2024-08-21,145.92,147.56,145.47,147.47,145.23,142.69,138.31,130.36,130.08,138.4360,1,137.6343,1,95606,128245,2.2453,2.0511,0.1943,58.89
2024-08-22,147.79,147.79,146.69,147.34,145.50,143.10,138.56,130.49,130.18,139.6346,1,138.4286,1,72996,128174,2.2979,2.1004,0.1975,61.96
2024-08-23,148.22,148.28,146.55,148.04,145.91,143.48,138.86,130.64,130.28,140.0510,1,139.3652,1,72526,127316,2.3683,2.1540,0.2143,59.81
2024-08-26,148.41,149.14,147.98,148.36,146.24,144.05,139.17,130.80,130.39,141.5846,1,140.4346,1,65469,126775,2.4226,2.2077,0.2149,59.70
2024-08-27,148.73,149.09,147.45,148.07,146.51,144.57,139.48,130.96,130.50,141.5846,1,141.6540,1,75955,126313,2.4145,2.2491,0.1654,59.85
2024-08-28,148.01,149.70,147.86,149.31,147.00,145.17,139.84,131.14,130.62,142.1369,1,142.7026,1,88282,125843,2.4790,2.2951,0.1840,60.98
2024-08-29,149.44,151.08,148.86,150.61,147.63,145.59,140.22,131.32,130.75,143.3269,1,143.8227,1,109158,125940,2.6052,2.3571,0.2481,62.53
2024-08-30,150.31,151.68,149.90,151.32,148.17,145.92,140.60,131.50,130.88,144.2711,1,145.1294,1,138714,126618,2.7312,2.4319,0.2993,61.19
2024-09-03,151.35,152.53,150.41,151.32,148.73,146.46,140.96,131.68,131.00,144.9662,1,146.4394,1,117084,126464,2.7989,2.5053,0.2935,64.29
2024-09-04,151.55,153.63,149.32,149.80,149.16,146.87,141.27,131.86,131.11,144.9662,1,147.6572,1,94182,126666,2.6984,2.5439,0.1545,62.12
2024-09-05,149.67,149.92,146.80,148.68,149.29,147.26,141.59,132.04,131.21,144.9662,1,153.6270,0,116613,127314,2.4998,2.5351,-0.0353,62.71
2024-09-06,148.69,149.45,146.55,147.43,149.29,147.40,141.88,132.21,131.31,144.9662,1,153.6270,0,126550,127874,2.2157,2.4712,-0.2555,64.67
2024-09-09,147.46,150.04,147.07,148.74,149.37,147.64,142.22,132.41,131.41,144.9662,1,153.3439,0,140728,128117,2.0725,2.3915,-0.3190,64.51
2024-09-10,149.03,149.82,145.80,147.36,149.26,147.75,142.54,132.61,131.51,144.9662,1,153.0722,0,100291,126606,1.8267,2.2785,-0.4518,64.28
2024-09-11,146.66,148.43,144.14,148.04,149.26,147.89,142.87,132.79,131.61,144.9662,1,152.6358,0,147126,127386,1.6671,2.1562,-0.4891,64.13
2024-09-12,147.99,149.39,146.42,149.19,149.25,148.12,143.24,132.98,131.71,144.9662,1,151.9562,0,118004,126881,1.6154,2.0481,-0.4327,65.25
2024-09-13,149.44,149.92,147.81,148.83,149.07,148.35,143.51,133.16,131.81,144.9662,1,151.3310,0,88105,126365,1.5272,1.9439,-0.4167,62.15
2024-09-16,149.75,151.57,149.64,150.73,149.01,148.59,143.83,133.36,131.92,144.9662,1,144.1410,1,96709,125441,1.5930,1.8737,-0.2807,63.99
2024-09-17,150.74,151.16,149.01,149.79,148.86,148.80,144.15,133.54,132.03,144.9662,1,144.2896,1,73992,125135,1.5510,1.8092,-0.2582,60.71
2024-09-18,149.62,151.41,149.52,149.89,148.87,149.02,144.48,133.72,132.13,144.9662,1,144.4353,1,68442,123925,1.5081,1.7490,-0.2408,60.13
2024-09-19,150.23,151.24,148.95,149.54,148.95,149.12,144.76,133.91,132.23,144.9662,1,144.5781,1,80585,123505,1.4297,1.6851,-0.2554,55.63
2024-09-20,149.52,149.52,147.07,147.49,148.96,149.13,144.95,134.09,132.32,144.9662,1,144.7180,1,222799,125230,1.1881,1.5857,-0.3976,52.72
2024-09-23,147.71,149.42,147.50,148.44,148.93,149.15,145.14,134.29,132.42,144.9662,1,144.8551,1,104460,125642,1.0614,1.4809,-0.4194,51.91
2024-09-24,148.08,149.12,146.73,147.57,148.95,149.11,145.30,134.49,132.52,144.9662,1,144.9895,1,120627,124362,0.8809,1.3609,-0.4800,51.26
2024-09-25,148.06,148.61,146.43,147.00,148.85,149.05,145.37,134.66,132.61,144.9662,1,145.1211,1,106362,123491,0.6840,1.2255,-0.5415,53.60
2024-09-26,146.57,148.94,146.57,148.86,148.81,149.03,145.49,134.86,132.71,144.9662,1,145.2502,1,100033,123206,0.6704,1.1145,-0.4441,54.44
2024-09-27,149.10,150.89,148.90,149.23,148.86,148.96,145.64,135.05,132.81,144.9662,1,145.3767,1,110264,123163,0.6813,1.0279,-0.3465,54.71
2024-09-30,149.51,149.99,148.03,149.66,148.75,148.88,145.82,135.24,132.89,144.9662,1,145.5006,1,145112,123416,0.7167,0.9656,-0.2489,53.41
2024-10-01,149.24,149.76,148.16,148.41,148.61,148.73,145.95,135.43,132.97,144.9662,1,145.6221,1,77006,121024,0.6363,0.8998,-0.2634,54.06
2024-10-02,148.93,149.80,147.48,149.29,148.55,148.71,146.22,135.62,133.06,144.9662,1,145.7411,1,89478,117476,0.6360,0.8470,-0.2110,55.93
2024-10-03,149.40,149.51,146.33,146.66,148.26,148.61,146.37,135.81,133.16,144.9662,1,145.8577,1,85025,116123,0.4186,0.7613,-0.3427,53.48
2024-10-04,147.36,147.73,145.73,146.09,148.12,148.54,146.52,135.99,133.24,144.9662,1,151.5736,0,75516,114380,0.1979,0.6487,-0.4507,48.20
2024-10-07,146.05,146.05,141.61,142.32,147.51,148.22,146.55,136.14,133.31,151.5199,0,151.4567,0,94045,112526,-0.2779,0.4634,-0.7412,43.78
2024-10-08,142.62,144.74,141.96,144.14,147.17,148.06,146.70,136.31,133.39,151.1053,0,151.0628,0,111302,110396,-0.5022,0.2703,-0.7724,48.45
2024-10-09,144.44,145.31,143.51,144.36,146.90,147.87,146.83,136.47,133.46,151.1053,0,150.6847,0,80361,109325,-0.6544,0.0853,-0.7397,48.95
2024-10-10,144.62,144.62,142.70,143.20,146.34,147.57,146.95,136.61,133.53,151.0084,0,150.3217,0,62967,106953,-0.8590,-0.1035,-0.7554,47.19
2024-10-11,143.92,144.78,143.07,144.03,145.82,147.34,146.98,136.76,133.60,151.0084,0,149.9732,0,71376,105070,-0.9430,-0.2714,-0.6716,43.09
2024-10-14,144.55,145.27,142.43,144.35,145.28,147.02,146.98,136.90,133.67,151.0084,0,149.6386,0,101141,104019,-0.9726,-0.4117,-0.5609,42.21
2024-10-15,143.66,146.72,143.46,144.69,144.91,146.76,147.06,137.04,133.74,151.0084,0,149.3175,0,128665,102913,-0.9576,-0.5209,-0.4368,41.41
2024-10-16,144.56,146.17,143.99,144.28,144.41,146.48,147.11,137.18,133.81,151.0084,0,149.0092,0,78099,102058,-0.9675,-0.6102,-0.3573,39.15
2024-10-17,145.04,145.63,143.96,144.31,144.18,146.22,147.18,137.34,133.87,151.0084,0,148.7132,0,86710,100606,-0.9618,-0.6805,-0.2813,42.33
2024-10-18,144.45,145.89,143.34,144.98,144.07,146.09,147.19,137.49,133.93,151.0084,0,148.4290,0,94489,100095,-0.8931,-0.7230,-0.1701,42.10
2024-10-21,144.40,145.08,142.33,142.77,144.11,145.81,147.16,137.63,133.98,151.0084,0,148.1563,0,211579,102309,-1.0053,-0.7795,-0.2258,41.95
2024-10-22,146.61,154.18,146.61,152.56,144.95,146.06,147.32,137.82,134.06,140.3818,1,141.6096,1,321869,106661,-0.3012,-0.6838,0.3826,57.13
2024-10-23,154.85,154.95,150.35,152.22,145.74,146.32,147.45,138.03,134.15,142.2552,1,141.8611,1,227086,109007,0.2269,-0.5017,0.7285,59.47
2024-10-24,152.67,155.93,152.01,153.06,146.73,146.53,147.62,138.23,134.25,143.4428,1,142.3847,1,194833,111374,0.7052,-0.2603,0.9655,60.20
2024-10-25,152.87,153.48,148.96,150.20,147.34,146.58,147.74,138.41,134.35,143.4428,1,143.1973,1,126311,111849,0.8440,-0.0394,0.8834,57.33
2024-10-28,150.82,152.46,150.34,151.06,148.01,146.65,147.85,138.59,134.46,143.4428,1,143.9612,1,79192,111261,1.0111,0.1707,0.8404,52.79
2024-10-29,150.45,152.53,150.13,151.09,148.65,146.78,147.95,138.78,134.57,143.4428,1,144.6792,1,109141,111364,1.1336,0.3632,0.7703,51.26
2024-10-30,150.65,151.77,148.76,151.07,149.33,146.87,148.07,138.95,134.69,143.4428,1,145.3542,1,103070,112121,1.2143,0.5335,0.6809,51.72
2024-10-31,150.64,151.52,149.48,150.00,149.90,147.04,148.12,139.11,134.80,143.4428,1,145.9886,1,135352,112916,1.1787,0.6625,0.5162,51.61
2024-11-01,151.06,152.09,150.21,150.45,150.45,147.26,148.18,139.25,134.91,143.4428,1,146.5850,1,169996,114856,1.1729,0.7646,0.4083,52.98
2024-11-04,150.52,151.37,149.20,149.52,151.12,147.62,148.21,139.41,135.03,143.4428,1,147.1456,1,85638,115118,1.0809,0.8278,0.2530,51.28
2024-11-05,149.30,149.58,147.59,149.29,150.79,147.87,148.23,139.56,135.15,143.4428,1,155.9285,0,94294,115694,0.9786,0.8580,0.1206,50.21
2024-11-06,149.76,150.53,147.32,150.34,150.61,148.17,148.27,139.73,135.29,143.4428,1,155.7617,0,124780,116671,0.9708,0.8806,0.0903,44.02
2024-11-07,150.97,152.11,150.58,151.33,150.43,148.58,148.31,139.90,135.43,143.4428,1,155.4238,0,82021,116546,1.0325,0.9110,0.1215,44.36
2024-11-08,151.04,155.47,150.92,154.40,150.85,149.10,148.39,140.10,135.59,144.2288,1,147.3159,1,150445,117371,1.3140,0.9916,0.3225,48.76
2024-11-11,155.48,157.41,154.80,155.17,151.26,149.64,148.46,140.29,135.74,147.1280,1,147.4790,1,124420,117086,1.5815,1.1095,0.4719,48.87
2024-11-12,155.64,157.49,155.41,156.66,151.82,150.24,148.57,140.49,135.91,147.6748,1,147.8763,1,160811,117960,1.8912,1.2659,0.6253,52.45
2024-11-13,156.77,157.52,154.80,155.54,152.27,150.80,148.69,140.70,136.07,147.6748,1,148.4530,1,127862,118634,2.0235,1.4174,0.6061,53.02
2024-11-14,154.93,155.28,151.23,151.95,152.46,151.18,148.75,140.89,136.22,147.6748,1,149.1781,1,148433,119270,1.8173,1.4974,0.3199,49.60
2024-11-15,151.86,157.07,151.44,155.43,152.96,151.70,148.91,141.10,136.39,147.6748,1,149.8453,1,437343,125486,1.9133,1.5806,0.3327,56.70
2024-11-18,155.86,157.64,155.74,157.05,153.72,152.42,149.08,141.33,136.58,147.6748,1,150.4590,1,145429,125580,2.0957,1.6836,0.4121,58.31
2024-11-19,155.26,157.80,153.57,156.13,154.40,152.60,149.25,141.56,136.77,147.6748,1,151.1775,1,122772,126030,2.1414,1.7752,0.3662,57.31
2024-11-20,156.35,156.97,155.02,156.29,154.99,152.80,149.42,141.80,136.95,147.6748,1,151.9720,1,123216,125551,2.1651,1.8531,0.3120,57.77
2024-11-21,156.29,159.13,155.33,158.78,155.74,153.09,149.61,142.04,137.13,147.6748,1,152.6711,1,106774,125327,2.3577,1.9540,0.4036,57.39
2024-11-22,158.88,159.95,158.30,158.49,156.15,153.50,149.80,142.26,137.32,149.9232,1,153.5748,1,97565,125516,2.4584,2.0549,0.4035,53.80
2024-11-25,158.57,160.16,157.12,157.37,156.37,153.82,149.94,142.44,137.51,149.9232,1,154.5946,1,243774,128457,2.4205,2.1280,0.2925,49.06
2024-11-26,157.77,158.21,156.54,157.21,156.42,154.12,150.08,142.61,137.67,149.9232,1,155.5968,1,122676,129431,2.3501,2.1725,0.1776,48.61
2024-11-27,156.99,158.77,156.60,158.22,156.69,154.48,150.25,142.80,137.85,149.9232,1,156.4186,1,109751,130257,2.3493,2.2078,0.1415,48.53
2024-11-29,157.18,158.66,156.63,157.59,157.26,154.86,150.41,142.99,138.03,149.9232,1,156.5389,1,69537,130036,2.2709,2.2204,0.0504,49.68
2024-12-02,157.40,157.87,156.17,156.47,157.36,155.16,150.59,143.14,138.22,149.9232,1,160.1622,0,127318,128127,2.0947,2.1953,-0.1006,49.79
2024-12-03,156.57,157.43,156.07,156.89,157.34,155.53,150.76,143.30,138.41,149.9232,1,160.0823,0,109002,128217,1.9660,2.1494,-0.1834,49.64
2024-12-04,156.54,157.15,155.10,155.24,157.25,155.83,150.91,143.46,138.60,149.9232,1,159.9220,0,81466,127434,1.7114,2.0618,-0.3504,47.88
2024-12-05,155.08,155.08,153.24,153.57,156.98,155.99,151.05,143.61,138.76,149.9232,1,159.6324,0,120000,127707,1.3595,1.9213,-0.5619,48.11
2024-12-06,154.10,154.20,151.83,152.44,156.35,156.04,151.12,143.75,138.92,149.9232,1,159.1206,0,149703,128700,0.9778,1.7326,-0.7548,47.50
2024-12-09,153.24,155.49,152.85,153.26,155.83,155.99,151.20,143.90,139.08,149.9232,1,158.3916,0,132825,129152,0.7334,1.5328,-0.7994,49.18
2024-12-10,154.04,155.01,151.87,153.52,155.44,155.90,151.27,144.05,139.25,149.9232,1,157.7355,0,161217,129474,0.5536,1.3369,-0.7833,51.24
2024-12-11,153.09,154.72,150.40,150.83,154.80,155.61,151.32,144.19,139.40,149.9232,1,157.1450,0,142410,130782,0.1924,1.1080,-0.9157,46.66
2024-12-12,150.50,153.58,150.50,151.20,154.10,155.40,151.36,144.31,139.56,149.9232,1,156.3352,0,141259,131817,-0.0635,0.8737,-0.9372,49.27
2024-12-13,151.23,152.17,149.99,150.16,153.36,155.31,151.43,144.43,139.71,149.9232,1,155.6226,0,131719,132751,-0.3459,0.6298,-0.9757,48.76
2024-12-16,149.96,150.65,147.43,147.89,152.50,154.93,151.47,144.51,139.86,157.3182,0,154.8340,0,107496,133391,-0.7448,0.3549,-1.0997,45.71
2024-12-17,148.41,151.66,147.60,150.64,151.88,154.61,151.63,144.63,140.02,157.3182,0,153.6497,0,173480,134979,-0.8294,0.1180,-0.9474,49.79
2024-12-18,150.57,151.17,146.53,146.53,151.01,154.13,151.68,144.71,140.15,157.3182,0,152.6549,0,147091,135695,-1.2139,-0.1484,-1.0656,51.77
2024-12-19,145.45,147.83,144.42,146.79,150.33,153.65,151.73,144.77,140.28,155.4212,0,151.6561,0,166263,137413,-1.4805,-0.4148,-1.0657,53.42
2024-12-20,146.95,149.29,146.95,148.32,149.92,153.13,151.83,144.84,140.42,155.4212,0,151.1717,0,214355,140441,-1.5503,-0.6419,-0.9084,53.11
2024-12-23,147.58,148.67,146.18,148.17,149.41,152.62,151.92,144.91,140.55,155.4212,0,149.8212,0,88216,140778,-1.5998,-0.8335,-0.7663,53.00
2024-12-24,147.71,148.70,147.38,148.63,148.92,152.18,152.00,144.98,140.68,155.4212,0,149.2922,0,32709,139409,-1.5832,-0.9834,-0.5997,52.65
2024-12-26,147.65,148.72,147.44,148.25,148.66,151.73,152.07,145.06,140.80,155.4212,0,144.4192,1,67818,138192,-1.5830,-1.1033,-0.4797,50.97
2024-12-27,147.15,148.83,147.15,147.87,148.33,151.21,152.14,145.15,140.92,155.4212,0,144.5052,1,73415,138099,-1.5950,-1.2017,-0.3933,52.19
2024-12-30,147.09,147.51,145.59,146.26,147.93,150.65,152.18,145.22,141.05,154.1586,0,144.6781,1,72526,137815,-1.7145,-1.3042,-0.4103,51.47
2024-12-31,146.42,147.72,145.82,146.15,147.76,150.13,152.21,145.31,141.17,154.1586,0,144.8440,1,69924,137324,-1.7971,-1.4028,-0.3943,50.90
2025-01-02,147.22,147.26,145.60,146.25,147.32,149.60,152.28,145.40,141.29,153.6016,0,145.0034,1,63433,134361,-1.8336,-1.4890,-0.3446,52.35
2025-01-03,146.26,147.47,145.24,147.18,147.39,149.20,152.17,145.49,141.41,153.4802,0,145.1563,1,116401,130251,-1.7671,-1.5446,-0.2225,54.35
2025-01-06,147.70,149.01,146.80,147.52,147.46,148.89,152.07,145.57,141.54,153.4802,0,145.2426,1,118740,128084,-1.6679,-1.5693,-0.0986,55.61
2025-01-07,148.50,149.20,147.45,148.85,147.51,148.71,151.99,145.66,141.67,153.4802,0,145.2426,1,93674,126061,-1.4652,-1.5484,0.0833,59.54
2025-01-08,149.47,149.47,146.90,149.22,147.62,148.51,151.97,145.75,141.80,153.4802,0,145.5588,1,97054,125476,-1.2596,-1.4907,0.2311,60.16
2025-01-10,147.78,148.63,146.01,147.05,147.46,148.19,151.89,145.82,141.92,153.4802,0,145.9496,1,142075,126734,-1.2572,-1.4440,0.1868,61.13
2025-01-13,147.78,150.60,147.05,149.21,147.56,148.11,151.85,145.90,142.05,153.4802,0,146.0080,1,134090,127233,-1.0687,-1.3689,0.3002,61.54
2025-01-14,149.00,149.07,146.43,148.93,147.66,147.99,151.81,145.98,142.17,153.4802,0,146.0080,1,95291,127077,-0.9314,-1.2814,0.3500,59.41
2025-01-15,150.05,150.35,146.30,146.35,147.67,147.80,151.74,146.05,142.27,153.4802,0,150.6001,0,122579,126822,-1.0190,-1.2289,0.2100,56.32
2025-01-16,146.35,147.68,144.77,147.65,147.82,147.79,151.68,146.14,142.36,153.4802,0,150.5142,0,149142,126405,-0.9727,-1.1777,0.2050,55.41
2025-01-17,147.54,149.52,147.10,147.20,147.92,147.62,151.63,146.23,142.47,153.4802,0,150.3538,0,114912,126990,-0.9611,-1.1344,0.1733,54.06
2025-01-21,147.31,148.94,146.81,148.61,148.06,147.72,151.62,146.34,142.58,153.4802,0,150.1303,0,172006,128544,-0.8284,-1.0732,0.2448,54.00
2025-01-22,147.79,148.16,146.60,147.50,148.06,147.76,151.56,146.44,142.69,153.4802,0,149.9157,0,100921,128067,-0.8035,-1.0192,0.2157,50.15
2025-01-23,148.03,148.35,146.17,147.83,147.96,147.73,151.49,146.55,142.80,153.4802,0,149.7097,0,107996,128587,-0.7485,-0.9651,0.2166,49.58
2025-01-24,147.10,152.30,147.00,151.17,148.15,147.88,151.43,146.68,142.93,153.4802,0,144.7656,1,189411,129366,-0.4305,-0.8582,0.4277,53.37
2025-01-27,152.78,155.83,151.45,155.74,149.02,148.24,151.44,146.83,143.08,144.6520,1,144.9164,1,234884,131575,0.1878,-0.6490,0.8368,58.54
2025-01-28,154.79,155.76,152.15,152.97,149.40,148.48,151.37,146.97,143.21,144.7865,1,145.3527,1,275213,133863,0.4495,-0.4293,0.8788,54.81
2025-01-29,153.15,154.17,150.35,151.33,149.64,148.65,151.28,147.08,143.34,144.7865,1,145.7716,1,268274,136672,0.5182,-0.2398,0.7580,52.83
2025-01-30,149.93,162.66,149.92,159.83,150.98,149.33,151.44,147.26,143.53,144.7865,1,146.1737,1,427170,142246,1.2441,0.0570,1.1871,59.75
2025-01-31,159.60,162.55,158.25,158.78,152.10,149.96,151.51,147.43,143.70,148.0572,1,147.1629,1,256915,138638,1.7156,0.3887,1.3268,60.34
2025-02-03,157.56,159.26,155.78,158.17,153.19,150.56,151.53,147.61,143.88,148.0572,1,148.0927,1,131373,138357,2.0164,0.7143,1.3022,61.82
2025-02-04,157.99,161.61,157.41,159.04,154.24,151.15,151.59,147.79,144.07,148.0572,1,148.9667,1,145358,138808,2.2983,1.0311,1.2672,62.66
2025-02-05,159.97,161.32,159.14,160.51,155.54,151.80,151.67,147.99,144.27,148.5686,1,149.7882,1,103538,138415,2.6102,1.3469,1.2633,62.73
2025-02-06,160.06,160.71,157.80,158.34,156.59,152.27,151.66,148.17,144.44,148.5686,1,150.5605,1,148848,139256,2.6517,1.6079,1.0438,61.40
2025-02-07,158.69,159.03,157.43,158.34,157.30,152.73,151.66,148.33,144.61,148.5686,1,151.2864,1,81239,138930,2.6539,1.8171,0.8369,62.73
2025-02-10,158.34,162.33,157.37,160.82,157.81,153.42,151.73,148.50,144.76,148.7242,1,151.9688,1,192364,137902,2.8235,2.0184,0.8051,64.79
2025-02-11,160.63,163.72,160.24,162.51,158.77,154.08,151.84,148.69,144.91,150.9263,1,152.6102,1,181653,139081,3.0593,2.2266,0.8328,66.72
2025-02-12,162.07,162.07,159.79,160.00,159.63,154.63,151.87,148.87,145.07,150.9263,1,153.4990,1,232983,141546,3.0088,2.3830,0.6258,64.63
2025-02-13,160.58,164.79,160.25,164.26,160.08,155.53,152.01,149.06,145.24,151.3944,1,154.3168,1,181391,143783,3.2744,2.5613,0.7131,67.86
2025-02-14,164.77,166.77,163.66,164.30,160.63,156.36,152.16,149.23,145.40,154.2674,1,155.3642,1,223975,145716,3.4490,2.7388,0.7102,68.78
2025-02-18,163.64,165.67,161.75,165.16,161.33,157.26,152.33,149.41,145.56,154.2674,1,156.7326,1,177013,147076,3.6148,2.9140,0.7008,67.18
2025-02-19,164.42,168.07,164.31,167.21,162.14,158.19,152.57,149.59,145.74,155.1418,1,157.9368,1,248746,150422,3.8666,3.1045,0.7621,69.84
2025-02-20,166.47,167.94,165.96,167.59,162.85,159.19,152.85,149.76,145.92,156.4085,1,159.3558,1,197479,151971,4.0502,3.2937,0.7565,73.03
2025-02-21,166.74,168.34,166.07,167.68,163.79,160.19,153.15,149.92,146.10,157.0351,1,160.5761,1,125287,151483,4.1556,3.4660,0.6895,75.69
2025-02-24,167.20,171.24,167.05,169.45,164.90,161.10,153.48,150.11,146.30,158.7380,1,161.8175,1,175522,152337,4.3321,3.6393,0.6929,78.35
2025-02-25,169.40,171.77,169.32,170.77,165.89,161.85,153.82,150.31,146.49,160.4444,1,163.5129,1,294075,154994,4.5259,3.8166,0.7093,80.22
2025-02-26,169.07,171.11,168.11,168.87,166.53,162.65,154.18,150.48,146.69,160.4444,1,165.1646,1,172679,155600,4.4748,3.9482,0.5265,78.06
2025-02-27,168.04,169.02,166.87,167.01,167.23,163.43,154.50,150.69,146.86,160.4444,1,166.4861,1,187230,156519,4.2353,4.0056,0.2297,77.49
2025-02-28,167.39,168.96,166.48,168.33,167.64,163.86,154.86,150.89,147.04,160.4444,1,171.7717,0,207117,158027,4.1043,4.0254,0.0789,76.20
2025-03-03,169.05,173.38,168.67,172.27,168.43,164.53,155.35,151.11,147.22,161.0304,1,166.4756,1,234618,160569,4.2694,4.0742,0.1953,82.35
2025-03-04,171.14,172.74,170.18,170.38,168.96,165.14,155.74,151.31,147.41,161.6946,1,166.4756,1,248654,162073,4.1995,4.0993,0.1002,82.62
2025-03-05,169.52,170.86,166.81,167.46,168.98,165.56,156.16,151.51,147.57,161.6946,1,166.6136,1,263881,164409,3.8638,4.0522,-0.1883,79.50
2025-03-06,167.44,167.58,164.82,167.13,168.93,165.89,156.57,151.71,147.72,161.6946,1,173.3780,0,162194,164327,3.5304,3.9478,-0.4174,82.77
2025-03-07,166.40,171.45,165.63,170.91,169.26,166.52,157.02,151.93,147.88,161.6946,1,173.2069,0,191729,163875,3.5311,3.8645,-0.3334,85.32
2025-03-10,170.19,174.14,167.84,168.54,169.17,167.03,157.43,152.11,148.04,161.6946,1,164.8206,1,241797,166946,3.3019,3.7520,-0.4501,87.03
2025-03-11,170.06,170.06,163.43,163.70,168.46,167.18,157.73,152.24,148.17,161.6946,1,174.1374,0,241564,171123,2.6987,3.5413,-0.8426,83.54
2025-03-12,162.54,163.21,158.69,162.02,167.77,167.15,158.00,152.38,148.30,161.6946,1,174.1374,0,254240,174852,2.0610,3.2452,-1.1843,81.49
2025-03-13,162.26,164.94,161.37,164.35,167.51,167.37,158.33,152.53,148.45,161.6946,1,173.5194,0,244418,178272,1.7242,2.9410,-1.2168,84.81
2025-03-14,163.83,165.95,163.78,165.66,167.24,167.44,158.72,152.70,148.60,161.6946,1,172.9261,0,217226,181166,1.5449,2.6618,-1.1169,83.30
2025-03-17,165.50,169.77,165.50,168.89,166.90,167.67,159.18,152.86,148.78,161.6946,1,172.3565,0,186075,183489,1.6445,2.4583,-0.8138,84.24
2025-03-18,168.24,170.25,166.78,167.89,166.65,167.80,159.61,153.02,148.95,161.6946,1,171.8098,0,234532,186911,1.6239,2.2915,-0.6676,84.58
2025-03-19,164.27,165.50,159.37,163.56,166.27,167.62,159.94,153.14,149.10,161.6946,1,171.2849,0,268245,189948,1.2444,2.0820,-0.8376,79.54
2025-03-20,163.36,163.36,161.12,162.06,165.76,167.35,160.23,153.25,149.23,161.6946,1,170.7810,0,184205,191257,0.8125,1.8281,-1.0156,79.01
2025-03-21,162.07,163.12,161.49,162.69,164.94,167.10,160.50,153.37,149.37,161.6946,1,170.2972,0,240287,194189,0.5154,1.5656,-1.0502,79.77
2025-03-24,163.21,164.16,161.50,162.90,164.37,166.77,160.78,153.50,149.51,161.6946,1,169.8328,0,112245,194493,0.2938,1.3112,-1.0174,77.99
2025-03-25,163.39,163.68,160.25,161.28,164.13,166.29,161.06,153.60,149.63,173.2473,0,169.3870,0,127426,194200,-0.0129,1.0464,-1.0593,76.48
2025-03-26,161.87,163.69,161.68,162.21,164.15,165.96,161.32,153.71,149.76,173.2473,0,168.9590,0,95607,193430,-0.1784,0.8014,-0.9799,77.65
2025-03-27,161.72,163.54,161.22,161.61,163.87,165.69,161.58,153.82,149.88,172.8601,0,168.5481,0,144735,194419,-0.3543,0.5703,-0.9246,77.62
2025-03-28,161.72,163.39,160.73,162.90,163.60,165.42,161.91,153.92,150.02,172.2927,0,168.1537,0,190890,195786,-0.3847,0.3793,-0.7640,80.51
2025-03-31,163.50,166.13,163.05,164.72,163.18,165.04,162.25,154.04,150.17,172.2927,0,167.7750,0,269231,198187,-0.2589,0.2517,-0.5106,82.07
2025-04-01,164.48,166.05,163.96,164.80,162.87,164.76,162.60,154.15,150.32,172.2927,0,167.4115,0,175340,199396,-0.1512,0.1711,-0.3223,81.77
2025-04-02,165.50,165.90,162.83,163.52,162.87,164.57,162.90,154.25,150.48,172.2927,0,167.0626,0,157983,199115,-0.1676,0.1033,-0.2710,80.18
2025-04-03,164.13,169.40,162.63,166.12,163.27,164.52,163.27,154.37,150.65,172.2927,0,158.6873,1,312014,203337,0.0288,0.0884,-0.0596,85.48
2025-04-04,164.98,168.71,159.50,159.84,162.99,163.96,163.51,154.44,150.79,172.2927,0,158.9015,1,411304,209403,-0.3186,0.0070,-0.3256,86.84
2025-04-07,158.41,163.07,154.33,160.75,162.77,163.57,163.70,154.51,150.94,172.2927,0,169.3962,0,378110,213177,-0.5145,-0.0973,-0.4172,88.18
2025-04-08,163.94,163.94,154.59,156.33,162.28,163.20,163.71,154.54,151.05,172.2927,0,169.0949,0,315030,214780,-1.0141,-0.2806,-0.7335,87.31
2025-04-09,154.72,164.61,153.79,160.50,162.11,163.13,163.87,154.60,151.19,172.2927,0,168.7995,0,357470,216426,-1.0615,-0.4368,-0.6247,82.84
2025-04-10,160.21,161.56,156.36,160.30,161.98,162.93,164.04,154.67,151.32,172.2927,0,168.1992,0,339710,217854,-1.1030,-0.5701,-0.5329,84.43
2025-04-11,160.30,161.48,158.09,160.43,161.73,162.66,164.06,154.75,151.46,172.2927,0,167.6228,0,363795,216587,-1.1120,-0.6784,-0.4335,84.29
2025-04-14,161.48,164.45,160.36,164.36,161.69,162.44,164.17,154.86,151.62,172.2927,0,167.0695,0,289481,217238,-0.7934,-0.7014,-0.0920,85.77
2025-04-15,164.45,166.01,163.02,163.60,161.57,162.22,164.28,154.96,151.78,172.2927,0,166.5383,0,190575,218422,-0.5948,-0.6801,0.0853,84.18
2025-04-16,163.97,165.99,160.53,160.90,161.31,162.09,164.31,155.05,151.92,172.2927,0,166.0284,0,206032,219636,-0.6479,-0.6737,0.0258,83.76
2025-04-17,160.75,162.01,158.95,160.25,160.73,162.00,164.31,155.13,152.07,172.2927,0,166.0092,0,244291,222451,-0.7344,-0.6858,-0.0486,82.37
2025-04-21,160.08,160.47,156.55,158.35,160.58,161.78,164.31,155.19,152.21,172.2927,0,165.9896,0,226798,224010,-0.9451,-0.7377,-0.2075,83.65
2025-04-22,165.33,172.20,164.66,169.09,161.41,162.09,164.52,155.33,152.37,172.2927,0,153.7901,1,418999,230765,-0.2426,-0.6387,0.3960,87.70
2025-04-23,169.02,171.55,165.58,169.81,162.76,162.52,164.70,155.46,152.55,172.2927,0,154.1583,1,321799,233354,0.3675,-0.4374,0.8050,86.45
2025-04-24,170.11,172.67,168.81,172.06,163.91,163.01,164.89,155.61,152.74,172.2927,0,154.5192,1,275975,235240,1.0209,-0.1458,1.1666,84.75
2025-04-25,172.01,172.34,168.92,169.99,164.88,163.43,165.09,155.74,152.92,172.2927,0,155.2453,1,179564,234172,1.3565,0.1547,1.2018,84.11
2025-04-28,170.89,173.17,170.50,172.85,166.12,163.93,165.27,155.89,153.11,156.5201,1,155.9424,1,200178,234547,1.8318,0.4901,1.3417,85.74
2025-04-29,171.57,175.27,170.54,174.63,167.15,164.42,165.47,156.08,153.29,157.7024,1,156.9760,1,233335,234735,2.3254,0.8572,1.4682,84.42
2025-04-30,173.95,175.20,171.01,174.35,168.23,164.90,165.66,156.25,153.47,158.1623,1,158.4399,1,289091,236976,2.6637,1.2185,1.4453,83.96
2025-05-01,172.56,174.83,171.55,173.47,169.48,165.40,165.78,156.42,153.64,158.7581,1,159.7866,1,152016,235042,2.8282,1.5404,1.2878,84.42
2025-05-02,175.40,175.43,172.61,174.09,170.87,165.80,165.91,156.60,153.79,160.1876,1,161.0255,1,156899,234230,2.9740,1.8271,1.1469,82.98
2025-05-05,174.15,175.39,173.03,173.72,172.41,166.49,166.03,156.77,153.95,161.0545,1,162.4660,1,148200,234688,3.0247,2.0667,0.9581,83.02
2025-05-06,173.31,173.60,171.67,172.29,172.73,167.07,166.09,156.92,154.10,161.0545,1,163.7624,1,153180,234241,2.9160,2.2365,0.6795,82.49
2025-05-07,172.04,173.87,171.45,172.74,173.02,167.89,166.13,157.07,154.26,161.0545,1,164.9292,1,194880,232257,2.8336,2.3559,0.4776,82.41
2025-05-08,172.48,174.86,171.99,172.08,173.02,168.47,166.19,157.23,154.41,161.8179,1,165.9793,1,264677,234097,2.6844,2.4216,0.2627,80.87
2025-05-09,171.90,174.16,171.32,173.12,173.33,169.11,166.32,157.39,154.60,161.8179,1,166.9244,1,231818,234989,2.6196,2.4612,0.1584,80.90
2025-05-12,171.91,174.07,168.50,172.08,173.26,169.69,166.39,157.56,154.76,161.8179,1,167.7750,1,234686,235541,2.4563,2.4602,-0.0040,78.83
2025-05-13,171.51,173.13,170.42,170.71,172.87,170.01,166.36,157.73,154.92,161.8179,1,168.5039,1,204118,234931,2.1903,2.4062,-0.2160,76.38
2025-05-14,170.40,170.71,167.65,168.74,172.30,170.27,166.33,157.90,155.06,161.8179,1,175.4303,0,230054,234559,1.8001,2.2850,-0.4849,74.04
2025-05-15,168.43,173.15,168.27,172.58,172.22,170.85,166.43,158.09,155.24,161.8179,1,175.2748,0,285079,234983,1.7805,2.1841,-0.4036,76.76
2025-05-16,172.88,174.36,171.87,174.11,172.22,171.54,166.57,158.29,155.42,161.9467,1,175.1223,0,379770,239334,1.8667,2.1206,-0.2539,76.46
2025-05-19,173.43,174.58,172.96,174.26,172.27,172.34,166.64,158.50,155.61,163.2271,1,174.9729,0,137687,238253,1.9246,2.0814,-0.1568,75.03
2025-05-20,173.91,176.09,173.77,174.37,172.48,172.60,166.75,158.70,155.77,164.7448,1,167.6527,1,177260,236962,1.9574,2.0566,-0.0992,73.74
2025-05-21,173.28,173.75,166.00,166.78,171.88,172.45,166.81,158.85,155.88,164.7448,1,176.0858,0,362202,239375,1.3552,1.9163,-0.5611,68.23
2025-05-22,166.25,167.41,164.81,165.94,171.27,172.15,166.89,158.99,156.01,164.7448,1,176.0858,0,175777,237806,0.8008,1.6932,-0.8924,67.86
2025-05-23,166.36,167.69,165.38,167.52,170.71,172.02,166.96,159.14,156.14,164.7448,1,175.6346,0,175613,236430,0.4830,1.4512,-0.9682,69.75
2025-05-27,167.80,170.18,167.80,169.91,170.49,171.88,167.04,159.32,156.28,164.7448,1,175.2014,0,182086,235727,0.4197,1.2449,-0.8252,68.46
2025-05-28,169.16,169.90,167.29,167.66,170.19,171.53,167.02,159.47,156.40,164.7448,1,174.7856,0,127935,234564,0.1859,1.0331,-0.8472,68.04
2025-05-29,167.55,168.84,166.89,168.27,170.14,171.22,167.02,159.64,156.52,164.7448,1,174.3864,0,134710,232568,0.0489,0.8363,-0.7874,65.55
2025-05-30,168.48,169.66,167.64,169.58,169.84,171.03,167.14,159.75,156.64,164.7448,1,174.0032,0,279545,232794,0.0456,0.6781,-0.6325,67.77
2025-06-02,168.77,171.41,167.34,170.62,169.49,170.85,167.32,159.87,156.77,164.7448,1,173.6353,0,152809,232166,0.1252,0.5675,-0.4423,70.74
2025-06-03,169.42,170.43,168.29,169.82,169.05,170.66,167.46,159.98,156.89,164.7448,1,173.2821,0,133543,230031,0.1230,0.4786,-0.3557,67.33
2025-06-04,170.05,171.47,169.10,170.04,168.61,170.55,167.60,160.12,157.02,164.7448,1,172.9431,0,129141,230369,0.1370,0.4103,-0.2733,68.27
2025-06-05,170.21,170.91,169.61,169.88,168.92,170.40,167.77,160.24,157.14,164.7448,1,172.6176,0,104676,229914,0.1339,0.3550,-0.2211,67.25
2025-06-06,170.43,171.69,170.39,170.56,169.39,170.33,167.94,160.37,157.27,164.7448,1,172.3051,0,75698,229516,0.1838,0.3208,-0.1370,66.99
2025-06-09,170.29,172.67,168.74,172.08,169.84,170.28,168.15,160.51,157.40,164.7448,1,164.8059,1,87282,228367,0.3426,0.3251,0.0174,69.96
2025-06-10,172.65,174.27,172.18,173.59,170.21,170.35,168.36,160.67,157.53,164.7448,1,164.9632,1,135404,227257,0.5832,0.3767,0.2065,68.53
2025-06-11,173.37,174.49,172.41,173.14,170.76,170.47,168.53,160.82,157.66,165.1765,1,165.3353,1,103215,223937,0.7292,0.4472,0.2820,70.26
2025-06-12,173.29,175.95,172.46,175.16,171.45,170.79,168.74,160.99,157.80,165.7093,1,165.8846,1,133063,223091,0.9961,0.5570,0.4391,72.94
2025-06-13,174.14,177.96,173.86,176.30,172.12,170.98,168.99,161.17,157.94,167.0331,1,166.6898,1,185346,223638,1.2851,0.7026,0.5825,75.62
2025-06-16,177.01,178.42,175.32,178.12,172.87,171.18,169.23,161.36,158.09,167.9540,1,167.8172,1,180067,220999,1.6421,0.8905,0.7515,77.78
2025-06-17,177.11,178.31,174.51,175.07,173.39,171.22,169.54,161.52,158.21,167.9540,1,169.0900,1,156027,215894,1.6595,1.0443,0.6152,75.97
2025-06-18,174.90,176.91,173.90,175.88,173.98,171.30,169.84,161.66,158.34,167.9540,1,170.2101,1,111266,210557,1.7191,1.1793,0.5398,75.89
2025-06-20,176.10,177.07,174.87,175.54,174.54,171.73,170.23,161.79,158.46,167.9540,1,171.1957,1,182426,207905,1.7188,1.2872,0.4316,76.87
2025-06-23,175.49,176.41,174.65,175.82,175.07,172.23,170.53,161.92,158.58,167.9540,1,172.0631,1,216005,205076,1.7217,1.3741,0.3476,76.35
2025-06-24,175.85,176.12,173.47,176.00,175.46,172.65,170.85,162.06,158.72,167.9540,1,172.8264,1,128377,200849,1.7183,1.4429,0.2754,73.79
2025-06-25,175.43,175.43,173.70,174.77,175.58,172.90,171.13,162.21,158.85,167.9540,1,173.4737,1,133541,196244,1.5986,1.4740,0.1245,73.80
2025-06-26,175.64,176.18,171.83,173.22,175.59,173.17,171.31,162.33,158.97,167.9540,1,178.4239,0,184178,194138,1.3624,1.4517,-0.0893,68.75
2025-06-27,173.31,176.33,172.73,173.97,175.47,173.46,171.52,162.44,159.10,167.9540,1,178.2921,0,214445,194615,1.2220,1.4058,-0.1838,69.32
2025-06-30,174.00,175.86,173.37,175.73,175.41,173.77,171.81,162.57,159.24,167.9540,1,178.1628,0,147171,193438,1.2385,1.3723,-0.1338,70.71
2025-07-01,175.47,177.22,174.21,175.44,175.14,174.01,172.12,162.70,159.38,167.9540,1,178.0362,0,152484,191602,1.2139,1.3407,-0.1267,71.54
2025-07-02,175.23,175.23,170.85,172.77,174.91,174.15,172.41,162.79,159.50,167.9540,1,177.9120,0,158163,190229,0.9678,1.2661,-0.2983,59.50
2025-07-03,172.32,173.08,171.89,173.08,174.63,174.31,172.49,162.89,159.62,167.9540,1,177.6296,0,77226,183394,0.7889,1.1706,-0.3818,56.49
2025-07-07,172.93,173.07,170.09,170.97,174.18,174.36,172.51,162.98,159.72,167.9540,1,177.3585,0,146030,179878,0.4712,1.0308,-0.5596,55.14
2025-07-08,170.22,171.47,169.16,169.52,173.55,174.31,172.46,163.06,159.82,167.9540,1,176.9227,0,186386,178087,0.1017,0.8449,-0.7433,51.79
2025-07-09,170.57,170.79,168.34,170.63,173.01,174.24,172.47,163.15,159.92,167.9540,1,176.3018,0,151223,177520,-0.1012,0.6557,-0.7569,57.28
2025-07-10,168.90,171.46,168.40,168.49,172.38,173.98,172.38,163.22,160.02,167.9540,1,175.5052,0,156722,176651,-0.4291,0.4387,-0.8679,52.69
2025-07-11,167.58,167.93,164.26,165.19,171.58,173.58,172.20,163.28,160.11,175.0628,0,174.7882,0,224501,176474,-0.9446,0.1621,-1.1066,51.34
2025-07-14,165.35,166.36,164.00,165.47,170.73,173.10,172.02,163.33,160.19,173.9596,0,173.5245,0,214604,174984,-1.3157,-0.1335,-1.1822,49.98
2025-07-15,165.47,165.98,161.81,163.55,169.51,172.46,171.82,163.39,160.27,173.0444,0,172.1913,0,195993,175864,-1.7443,-0.4556,-1.2887,52.58
2025-07-16,163.42,164.87,162.60,164.15,168.38,171.76,171.62,163.46,160.36,172.6482,0,170.5303,0,191817,176562,-2.0124,-0.7670,-1.2454,50.62
2025-07-17,163.22,165.80,162.34,165.28,167.63,171.27,171.45,163.55,160.44,172.6482,0,169.1351,0,228506,178168,-2.1094,-1.0355,-1.0739,51.18
2025-07-18,165.66,167.35,163.02,164.03,166.73,170.68,171.29,163.62,160.51,172.6482,0,167.9631,0,259929,180303,-2.2609,-1.2806,-0.9804,49.12
2025-07-21,164.13,164.53,162.45,163.58,165.99,170.08,171.10,163.68,160.58,172.6268,0,167.3529,0,332867,183063,-2.3899,-1.5024,-0.8875,42.58
2025-07-22,167.69,175.78,167.10,175.17,166.55,170.05,171.17,163.85,160.72,159.5549,1,161.8102,1,480874,187387,-1.5395,-1.5099,-0.0296,53.36
2025-07-23,176.53,177.77,165.42,167.54,166.24,169.63,171.05,163.96,160.81,159.5549,1,162.0895,1,526187,193274,-1.4640,-1.5007,0.0367,42.42
2025-07-24,169.55,172.73,167.53,168.94,166.29,169.34,170.99,164.08,160.92,159.5549,1,162.7167,1,363431,195849,-1.2768,-1.4559,0.1791,48.25
2025-07-25,169.62,170.06,164.28,165.64,166.33,168.96,170.89,164.20,161.02,159.5549,1,163.3188,1,316453,198096,-1.3782,-1.4404,0.0621,39.45
2025-07-28,164.70,165.85,162.92,164.96,166.28,168.51,170.81,164.29,161.13,159.5549,1,177.7701,0,182386,197143,-1.4969,-1.4517,-0.0452,38.52
2025-07-29,165.81,166.69,164.15,165.03,166.43,167.97,170.66,164.42,161.23,159.5549,1,177.4731,0,136141,194164,-1.5665,-1.4746,-0.0919,39.76
2025-07-30,164.51,166.82,163.87,165.82,166.60,167.49,170.50,164.54,161.34,159.5549,1,177.1820,0,184591,190260,-1.5405,-1.4878,-0.0527,44.72
2025-07-31,163.88,167.21,163.88,164.52,166.52,167.08,170.30,164.65,161.45,159.5549,1,176.8968,0,157600,190658,-1.6060,-1.5115,-0.0946,48.20
2025-08-01,165.34,168.94,165.06,167.90,166.91,166.82,170.17,164.78,161.57,159.5549,1,176.6173,0,242795,191969,-1.3694,-1.4830,0.1136,54.92
2025-08-04,167.59,169.75,167.59,169.47,167.50,166.74,170.23,164.92,161.69,159.5549,1,176.3434,0,135952,187444,-1.0438,-1.3952,0.3514,53.76
2025-08-05,169.62,171.57,168.94,170.28,167.01,166.78,170.31,165.07,161.82,159.5549,1,176.0749,0,128948,186508,-0.7117,-1.2585,0.5468,52.97
2025-08-06,169.88,172.45,168.83,170.02,167.26,166.75,170.36,165.22,161.95,159.5549,1,175.8118,0,172014,186436,-0.4645,-1.0997,0.6352,53.79
2025-08-07,170.60,171.46,169.72,171.26,167.49,166.89,170.39,165.38,162.08,159.5733,1,175.5540,0,156564,185925,-0.1660,-0.9130,0.7469,55.33
2025-08-08,171.64,174.19,171.57,173.91,168.32,167.33,170.52,165.57,162.23,162.0863,1,175.3013,0,109060,185548,0.2806,-0.6742,0.9549,60.10
2025-08-11,174.04,175.47,173.99,175.28,169.35,167.82,170.66,165.76,162.39,164.5445,1,162.9207,1,116505,185184,0.7371,-0.3920,1.1291,61.19
2025-08-12,174.30,175.78,172.53,175.60,170.41,168.42,170.78,165.95,162.51,164.5445,1,163.1717,1,136369,182320,1.1114,-0.0913,1.2027,59.28
2025-08-13,175.78,176.37,174.53,175.95,171.42,169.01,170.88,166.14,162.63,165.7693,1,163.6762,1,166239,182589,1.4203,0.2110,1.2092,54.92
2025-08-14,175.76,175.76,174.23,175.36,172.50,169.51,170.99,166.32,162.74,165.7693,1,164.4381,1,121250,182343,1.5990,0.4886,1.1104,55.14
2025-08-15,175.85,177.26,174.21,176.67,173.38,170.14,171.13,166.50,162.87,166.5154,1,165.1543,1,145650,182673,1.8251,0.7559,1.0692,55.63
2025-08-18,177.12,177.33,175.76,175.86,174.02,170.76,171.25,166.69,162.99,167.7716,1,166.1227,1,144681,183473,1.9171,0.9881,0.9290,54.43
2025-08-19,175.99,180.21,175.96,179.68,174.96,170.98,171.43,166.90,163.14,168.8884,1,167.2432,1,143467,184828,2.2716,1.2448,1.0267,60.29
2025-08-20,180.18,181.78,179.29,181.22,176.08,171.67,171.61,167.11,163.29,171.5141,1,168.7989,1,176618,186615,2.6465,1.5252,1.1213,61.30
2025-08-21,180.34,182.06,179.69,180.55,177.01,172.25,171.75,167.34,163.44,172.0419,1,170.6162,1,197426,187856,2.8567,1.7915,1.0653,59.61
2025-08-22,181.81,182.42,176.83,177.12,177.33,172.82,171.83,167.54,163.57,172.0419,1,172.4480,1,170822,189208,2.7153,1.9762,0.7391,50.45
2025-08-25,174.16,176.10,173.92,175.58,177.36,173.35,171.84,167.73,163.70,172.0419,1,182.4185,0,134602,189238,2.4505,2.0711,0.3794,49.06
2025-08-26,175.69,177.26,175.31,177.25,177.52,173.97,171.86,167.92,163.84,172.0419,1,182.4185,0,188368,189299,2.3483,2.1265,0.2218,50.08
2025-08-27,177.43,177.77,176.35,176.66,177.60,174.51,171.83,168.11,163.97,172.0419,1,182.2485,0,107335,187844,2.1945,2.1401,0.0544,49.36
2025-08-28,176.41,176.61,175.06,176.11,177.67,175.09,171.85,168.30,164.10,172.0419,1,182.0819,0,100352,186731,2.0051,2.1131,-0.1080,47.56
2025-08-29,176.46,179.20,175.97,178.51,177.85,175.62,171.90,168.48,164.22,172.0419,1,181.9186,0,132870,187163,2.0251,2.0955,-0.0704,52.07
2025-09-02,177.78,178.87,175.23,175.62,177.83,175.92,171.90,168.61,164.32,172.0419,1,181.7586,0,198214,187479,1.7872,2.0339,-0.2466,49.91
2025-09-03,175.26,176.52,173.99,176.41,177.50,176.23,171.91,168.77,164.42,172.0419,1,181.6017,0,123772,185634,1.6440,1.9559,-0.3119,50.73
2025-09-04,177.43,177.72,176.29,177.00,177.08,176.58,171.93,168.94,164.53,172.0419,1,181.4481,0,105490,185176,1.5601,1.8767,-0.3166,52.23
2025-09-05,177.09,180.61,177.09,180.33,177.06,177.03,172.05,169.08,164.67,172.0419,1,181.2975,0,102057,184547,1.7415,1.8497,-0.1082,53.73
2025-09-08,180.34,180.34,177.79,179.38,177.28,177.31,172.17,169.22,164.79,172.0419,1,181.1499,0,80039,182464,1.7886,1.8375,-0.0489,53.58
2025-09-09,179.03,180.22,178.05,179.53,177.68,177.52,172.28,169.36,164.90,172.0419,1,181.0052,0,79557,179766,1.8168,1.8333,-0.0165,55.42
2025-09-10,178.78,178.97,176.67,177.03,177.66,177.59,172.31,169.48,165.01,172.0419,1,180.8635,0,117469,179172,1.6191,1.7905,-0.1714,51.14
2025-09-11,177.17,180.96,176.90,180.30,178.02,177.81,172.40,169.61,165.13,172.0419,1,173.9177,1,109801,178318,1.7061,1.7736,-0.0675,51.76
2025-09-12,180.08,181.86,179.36,179.76,178.39,178.03,172.54,169.75,165.23,172.1026,1,174.0586,1,83059,176816,1.7116,1.7612,-0.0496,52.29
2025-09-15,179.22,180.11,177.47,177.50,178.29,178.07,172.63,169.88,165.33,172.1026,1,174.3706,1,115994,177592,1.5169,1.7123,-0.1954,49.36
2025-09-16,177.37,178.46,176.56,177.05,178.43,178.13,172.75,169.99,165.42,172.1026,1,174.6701,1,98998,176651,1.3110,1.6321,-0.3211,49.81
2025-09-17,178.03,180.30,177.41,179.11,178.70,178.10,172.94,170.10,165.53,172.1026,1,174.9576,1,120814,175339,1.2986,1.5654,-0.2668,52.28
2025-09-18,177.72,180.95,177.59,180.17,179.02,178.05,173.14,170.23,165.64,172.1026,1,175.2337,1,122428,174764,1.3588,1.5241,-0.1653,51.01
2025-09-19,180.52,181.81,180.10,180.43,179.03,178.04,173.37,170.34,165.76,172.7868,1,175.4987,1,263576,176901,1.4116,1.5016,-0.0900,53.27
2025-09-22,180.16,182.31,179.75,181.50,179.24,178.26,173.70,170.46,165.88,172.9078,1,175.7530,1,180257,176016,1.5223,1.5057,0.0166,54.49
2025-09-23,181.53,184.72,181.53,183.75,179.66,178.67,174.07,170.58,166.02,174.8539,1,176.1465,1,144902,174622,1.7705,1.5587,0.2118,58.27
2025-09-24,183.27,184.68,182.77,183.60,180.32,178.99,174.47,170.69,166.16,175.7086,1,176.8322,1,139760,173497,1.9330,1.6335,0.2994,59.09
2025-09-25,183.49,184.03,180.45,182.19,180.51,179.26,174.83,170.79,166.30,175.7086,1,177.4631,1,121950,172100,1.9262,1.6921,0.2341,58.53
2025-09-26,183.08,185.97,181.98,185.73,181.10,179.74,175.24,170.91,166.47,175.7086,1,178.0435,1,104039,169610,2.1811,1.7899,0.3912,58.12
2025-09-29,185.73,186.21,184.52,185.58,181.91,180.10,175.67,171.01,166.63,177.0687,1,178.8358,1,99708,166406,2.3442,1.9007,0.4435,59.70
2025-09-30,185.62,188.19,185.62,187.29,182.94,180.68,176.14,171.13,166.80,178.6553,1,179.7209,1,148748,162724,2.5817,2.0369,0.5448,60.80
2025-10-01,187.39,187.69,178.67,178.93,182.92,180.81,176.22,171.19,166.94,178.6553,1,188.1873,0,324431,159595,2.0712,2.0438,0.0274,52.99
2025-10-02,177.71,178.86,174.72,177.84,182.68,180.85,176.42,171.26,167.07,187.1694,0,188.1873,0,186335,152798,1.5606,1.9472,-0.3865,54.04
2025-10-03,177.62,178.35,175.95,177.02,182.34,180.68,176.59,171.32,167.21,187.1694,0,187.6860,0,250201,150533,1.0774,1.7732,-0.6958,50.93
2025-10-06,175.71,177.32,175.10,176.13,181.81,180.52,176.80,171.35,167.35,185.9266,0,187.1675,0,150595,147216,0.6157,1.5417,-0.9260,53.36
2025-10-07,177.45,182.10,176.46,179.55,181.39,180.52,177.09,171.41,167.49,185.9266,0,186.6698,0,202007,147608,0.5194,1.3373,-0.8178,58.41
2025-10-08,179.18,179.28,176.24,178.56,180.88,180.60,177.36,171.48,167.65,185.9266,0,186.1919,0,134817,147582,0.3593,1.1417,-0.7824,57.27
2025-10-09,178.72,180.43,178.65,179.10,180.57,180.54,177.62,171.56,167.81,185.9266,0,185.7332,0,97742,145845,0.2731,0.9679,-0.6949,56.30
2025-10-10,179.95,181.96,179.08,181.70,180.17,180.64,177.97,171.63,167.98,185.9266,0,185.2928,0,135660,145406,0.4095,0.8563,-0.4467,64.18
2025-10-13,180.36,181.87,179.48,180.43,179.65,180.78,178.22,171.71,168.14,185.9266,0,184.8700,0,147924,143509,0.4102,0.7670,-0.3569,60.57
2025-10-14,180.46,183.31,180.42,183.00,179.23,181.08,178.49,171.84,168.31,185.9266,0,184.4642,0,133203,143454,0.6115,0.7359,-0.1244,60.04
2025-10-15,183.17,185.69,182.80,184.94,179.83,181.37,178.78,172.00,168.50,185.9266,0,174.7236,1,200820,144891,0.9166,0.7721,0.1446,60.24
2025-10-16,185.08,186.28,183.88,184.41,180.48,181.58,179.07,172.13,168.68,185.9266,0,174.9428,1,197394,145399,1.1035,0.8384,0.2651,58.75
2025-10-17,185.19,187.63,184.64,187.07,181.49,181.92,179.38,172.27,168.88,176.9014,1,175.3963,1,186459,145997,1.4492,0.9605,0.4886,65.62
2025-10-20,188.23,189.40,187.06,187.96,182.67,182.24,179.67,172.40,169.09,179.2157,1,176.1303,1,283920,149494,1.7743,1.1233,0.6511,60.39
2025-10-21,192.57,195.00,177.54,182.26,182.94,182.16,179.81,172.50,169.27,179.2157,1,177.1918,1,533591,157836,1.5545,1.2095,0.3450,55.95
2025-10-22,182.50,184.06,178.51,178.84,182.97,181.93,179.87,172.60,169.43,194.9631,0,177.5427,1,286828,160845,1.0913,1.1859,-0.0945,54.09
2025-10-23,179.62,181.02,177.22,180.87,183.15,181.86,179.97,172.72,169.60,192.5686,0,195.0048,0,225538,162031,0.8782,1.1244,-0.2461,55.62
2025-10-24,181.62,182.35,179.60,179.83,182.96,181.57,180.06,172.84,169.75,192.5686,0,194.6491,0,157968,162765,0.6186,1.0232,-0.4046,54.87
2025-10-27,179.03,179.81,177.42,177.94,182.71,181.18,180.08,172.94,169.90,190.9805,0,194.3004,0,162396,163100,0.2569,0.8699,-0.6130,52.67
2025-10-28,177.48,178.30,174.89,175.98,182.01,180.62,180.09,173.03,170.04,188.7454,0,193.9588,0,255654,165319,-0.1853,0.6589,-0.8442,48.56
2025-10-29,176.00,176.46,172.45,172.53,180.77,180.30,179.94,173.10,170.16,186.5906,0,193.1959,0,177367,165997,-0.8052,0.3661,-1.1713,47.15
2025-10-30,172.98,176.58,172.66,173.49,179.68,180.08,179.79,173.18,170.28,186.5906,0,191.9511,0,250795,167481,-1.2054,0.0518,-1.2572,48.08
2025-10-31,172.08,174.53,172.08,173.68,178.34,179.91,179.65,173.25,170.42,184.9666,0,190.7810,0,170003,166933,-1.4894,-0.2565,-1.2330,47.93
2025-11-03,173.52,176.84,172.11,176.54,177.20,179.93,179.64,173.33,170.56,184.9666,0,189.2852,0,197958,167475,-1.4674,-0.4987,-0.9688,52.29
2025-11-04,177.04,177.72,174.00,175.74,176.54,179.74,179.64,173.41,170.70,184.9666,0,187.9091,0,188623,168556,-1.4972,-0.6984,-0.7989,51.29
2025-11-05,175.52,177.08,174.57,175.96,176.26,179.61,179.62,173.49,170.84,184.9666,0,186.6431,0,139916,167587,-1.4854,-0.8558,-0.6296,49.31
2025-11-06,175.70,176.67,173.41,174.24,175.59,179.37,179.57,173.54,170.98,184.9666,0,185.4784,0,146539,168371,-1.5970,-1.0040,-0.5930,49.68
2025-11-07,174.86,178.26,173.82,177.19,175.33,179.14,179.59,173.66,171.12,184.9666,0,184.4068,0,183216,170028,-1.4308,-1.0894,-0.3414,51.29
2025-11-10,175.90,182.21,173.51,181.94,175.73,179.22,179.66,173.80,171.28,184.9666,0,183.4210,0,293532,173241,-0.9056,-1.0526,0.1471,53.86
2025-11-11,182.60,188.85,182.46,186.42,176.77,179.39,179.87,174.00,171.43,171.9514,1,172.0840,1,244315,174163,-0.1262,-0.8673,0.7411,56.51
2025-11-12,185.93,186.63,184.40,184.44,177.96,179.37,180.03,174.16,171.59,172.5190,1,172.4192,1,201163,175711,0.3284,-0.6282,0.9566,55.90
2025-11-13,183.21,188.02,182.12,185.16,179.13,179.40,180.20,174.33,171.76,172.5190,1,172.7477,1,264863,178899,0.7382,-0.3549,1.0932,58.41
2025-11-14,184.48,186.46,183.72,184.54,180.22,179.28,180.28,174.49,171.88,172.5190,1,173.0697,1,172723,180312,1.0014,-0.0837,1.0850,56.79
2025-11-17,184.60,186.82,182.71,183.79,180.94,179.07,180.37,174.62,172.00,172.5190,1,173.3852,1,202295,182757,1.1362,0.1603,0.9759,59.66
2025-11-18,184.94,185.74,181.97,182.93,181.66,179.10,180.44,174.75,172.13,172.5190,1,173.6944,1,253592,186238,1.1605,0.3604,0.8001,60.11
2025-11-19,182.95,185.26,181.81,183.56,182.42,179.34,180.57,174.90,172.25,172.5190,1,173.9974,1,162641,187141,1.2166,0.5316,0.6850,60.38
2025-11-20,184.73,186.34,183.85,185.19,183.52,179.55,180.67,175.06,172.37,173.0244,1,174.2944,1,207196,189089,1.3767,0.7006,0.6760,64.34
2025-11-21,185.69,191.26,185.38,188.79,184.68,180.00,180.85,175.27,172.53,175.6380,1,174.5854,1,338474,194197,1.7730,0.9151,0.8579,64.45
2025-11-24,190.27,190.27,187.30,188.12,185.30,180.51,181.06,175.39,172.68,176.4741,1,175.2525,1,435532,200588,2.0106,1.1342,0.8764,62.62
2025-11-25,189.29,190.86,188.27,189.87,185.64,181.21,181.32,175.53,172.82,177.6692,1,175.8930,1,232224,203253,2.3131,1.3700,0.9432,59.71
2025-11-26,188.97,189.78,186.78,187.25,185.92,181.94,181.48,175.63,172.94,177.6692,1,176.5078,1,164954,204135,2.3144,1.5589,0.7555,58.11
2025-11-28,187.67,187.81,186.51,186.74,186.08,182.60,181.61,175.74,173.08,177.6692,1,177.0980,1,71832,203124,2.2488,1.6969,0.5520,58.33
2025-12-01,186.07,186.95,181.29,181.40,185.77,182.99,181.63,175.80,173.16,177.6692,1,177.6647,1,216058,202173,1.7458,1.7067,0.0392,53.54
2025-12-02,181.43,182.51,179.86,180.20,185.41,183.17,181.60,175.83,173.24,177.6692,1,178.2086,1,214953,202867,1.2358,1.6125,-0.3767,51.66
2025-12-03,180.91,181.79,179.86,180.26,185.14,183.40,181.53,175.87,173.32,177.6692,1,178.7308,1,193074,203830,0.8268,1.4553,-0.6285,49.80
2025-12-04,179.96,182.73,179.90,181.81,184.96,183.69,181.50,175.93,173.39,177.6692,1,179.2321,1,192450,204884,0.6206,1.2884,-0.6678,49.24
2025-12-05,180.84,181.82,179.73,180.16,184.46,183.99,181.46,175.97,173.45,177.6692,1,179.7134,1,134729,205140,0.3205,1.0948,-0.7743,48.64
2025-12-08,179.94,181.14,178.90,179.48,183.53,184.10,181.33,176.01,173.51,177.6692,1,191.2637,0,178311,206625,0.0273,0.8813,-0.8540,48.01
2025-12-09,179.37,180.42,176.31,177.31,182.45,183.87,181.17,176.04,173.55,188.2689,0,191.0163,0,152048,207672,-0.3759,0.6299,-1.0058,44.24
2025-12-10,177.68,178.66,176.64,177.20,181.18,183.41,180.97,176.07,173.59,187.1716,0,190.4280,0,192273,208543,-0.6962,0.3647,-1.0608,42.94
2025-12-11,177.33,179.71,177.20,179.23,180.38,183.15,180.97,176.12,173.64,187.1716,0,189.8632,0,124484,204544,-0.7770,0.1363,-0.9133,44.32
2025-12-12,179.81,180.65,178.90,180.21,179.72,182.90,181.02,176.17,173.70,187.1716,0,189.3210,0,207936,204976,-0.7534,-0.0416,-0.7118,46.52
2025-12-15,180.89,182.43,180.60,181.74,179.76,182.76,181.11,176.23,173.77,187.1716,0,188.8006,0,175254,203477,-0.6044,-0.1542,-0.4502,48.64
2025-12-16,182.46,182.46,176.22,176.36,179.37,182.39,181.12,176.27,173.79,187.1716,0,188.3009,0,239208,205249,-0.9099,-0.3053,-0.6046,42.55
2025-12-17,176.03,176.92,174.74,176.79,179.03,182.08,181.06,176.32,173.82,185.2101,0,187.5760,0,295927,207127,-1.1042,-0.4651,-0.6391,42.85
2025-12-18,176.88,177.48,173.76,173.88,178.23,181.60,180.97,176.33,173.85,185.1812,0,186.5491,0,171535,207862,-1.4761,-0.6673,-0.8088,38.79
2025-12-19,173.54,174.55,172.34,173.79,177.60,181.03,180.86,176.33,173.89,182.7121,0,185.2704,0,278333,211474,-1.7578,-0.8854,-0.8724,39.46
2025-12-22,173.73,174.96,173.37,174.07,177.06,180.29,180.71,176.33,173.90,182.7121,0,183.7188,0,124196,211244,-1.9364,-1.0956,-0.8408,36.03
2025-12-23,174.28,174.28,172.23,172.82,176.61,179.53,180.56,176.32,173.93,181.8012,0,182.3534,0,114240,210571,-2.1535,-1.3072,-0.8463,34.62
2025-12-24,173.48,173.99,172.87,173.65,176.25,178.72,180.37,176.36,173.97,181.4736,0,180.9364,0,52160,208950,-2.2329,-1.4923,-0.7406,34.06
2025-12-26,174.20,174.45,173.39,173.67,175.70,178.04,180.15,176.41,174.03,181.4736,0,179.7178,0,70851,206350,-2.2681,-1.6475,-0.6206,33.84
2025-12-29,173.46,174.08,172.38,173.26,175.00,177.36,179.92,176.45,174.08,180.5404,0,178.6698,0,110929,204621,-2.3029,-1.7786,-0.5243,38.68
2025-12-30,173.04,174.10,172.77,173.23,174.15,176.96,179.65,176.47,174.12,180.4134,0,177.7685,0,128599,203464,-2.3063,-1.8841,-0.4222,38.79
2025-12-31,173.23,173.47,171.16,171.29,173.65,176.51,179.31,176.50,174.13,179.2833,0,176.9934,0,111979,200025,-2.4370,-1.9947,-0.4423,41.51
2026-01-02,171.08,171.57,169.81,171.55,173.12,176.07,179.10,176.52,174.15,177.4943,0,176.0595,0,118733,191728,-2.4911,-2.0940,-0.3972,41.12
2026-01-05,171.23,172.24,168.97,171.25,172.86,175.55,178.95,176.53,174.18,177.4943,0,174.9352,0,129909,188590,-2.5288,-2.1809,-0.3479,36.99
2026-01-06,171.15,178.89,171.15,178.14,173.29,175.45,178.89,176.58,174.26,166.3021,1,168.9746,1,210308,188285,-1.9806,-2.1409,0.1602,43.80
2026-01-07,178.82,178.90,175.41,175.84,173.47,175.26,178.81,176.62,174.33,168.2652,1,168.9746,1,136687,187859,-1.7113,-2.0550,0.3437,42.68
2026-01-08,175.89,178.33,174.42,175.45,173.73,175.17,178.76,176.66,174.39,168.2652,1,169.3714,1,154652,187704,-1.5123,-1.9464,0.4342,37.14
2026-01-09,175.23,176.00,172.18,172.19,173.59,174.92,178.69,176.67,174.45,168.2652,1,169.7523,1,164392,185879,-1.5989,-1.8769,0.2780,32.69
2026-01-12,173.54,173.79,171.27,173.67,173.59,174.64,178.71,176.69,174.51,168.2652,1,170.1180,1,122313,184778,-1.5305,-1.8076,0.2771,32.88
2026-01-13,175.38,178.91,174.00,178.45,174.11,174.56,178.81,176.74,174.59,168.2652,1,170.4691,1,192485,183612,-1.0782,-1.6618,0.5836,36.63
2026-01-14,178.99,185.53,178.32,185.21,175.31,174.73,179.04,176.81,174.70,170.8875,1,170.9755,1,279950,185811,-0.1728,-1.3640,1.1912,43.28
2026-01-15,185.58,189.39,184.87,188.67,177.04,175.34,179.28,176.92,174.82,175.8362,1,172.1401,1,236988,186592,0.8146,-0.9283,1.7428,42.00
2026-01-16,187.81,189.36,187.17,187.90,178.68,175.90,179.53,177.00,174.94,177.4435,1,173.8652,1,214597,187111,1.5180,-0.4390,1.9570,42.66
2026-01-20,186.12,189.47,185.27,187.37,180.29,176.57,179.75,177.08,175.06,177.4435,1,175.4177,1,280024,189913,2.0091,0.0506,1.9584,47.27
2026-01-21,187.44,188.16,182.89,183.10,180.79,177.04,179.93,177.11,175.14,177.4435,1,177.1040,1,210556,191194,2.0308,0.4466,1.5841,40.61
2026-01-22,183.56,183.92,180.49,180.63,181.26,177.37,180.00,177.15,175.24,177.4435,1,178.5879,1,319545,193920,1.8277,0.7228,1.1048,36.70
2026-01-23,180.42,180.91,178.22,179.50,181.67,177.70,179.95,177.17,175.34,177.4435,1,189.4699,0,153668,191123,1.5575,0.8898,0.6677,38.37
2026-01-26,180.61,182.25,179.85,181.00,182.55,178.07,179.84,177.21,175.46,177.4435,1,189.2450,0,124467,188726,1.4476,1.0013,0.4462,39.63
2026-01-27,179.99,182.85,179.96,182.70,183.45,178.52,179.81,177.25,175.57,177.4435,1,189.0246,0,123054,187164,1.4802,1.0971,0.3831,41.08
2026-01-28,181.49,182.04,180.11,181.21,183.73,178.92,179.73,177.29,175.68,177.4435,1,188.8086,0,153301,184932,1.3702,1.1517,0.2185,41.56
2026-01-29,180.64,182.43,180.16,180.82,183.29,179.30,179.65,177.33,175.78,177.4435,1,188.5969,0,115920,183796,1.2376,1.1689,0.0687,39.56
2026-01-30,182.28,185.62,182.28,185.46,182.97,180.01,179.69,177.41,175.88,177.4435,1,188.3894,0,217722,184105,1.4898,1.2331,0.2567,45.01
2026-02-02,184.45,185.36,180.83,183.45,182.53,180.60,179.70,177.47,175.98,177.4435,1,188.1861,0,185703,182747,1.5099,1.2885,0.2214,40.14
2026-02-03,183.23,187.55,183.14,183.62,182.15,181.22,179.70,177.52,176.10,177.4435,1,187.9869,0,149599,182486,1.5218,1.3351,0.1867,40.54
2026-02-04,183.79,188.21,183.58,187.65,182.60,181.70,179.75,177.61,176.23,177.4435,1,178.2248,1,253095,183404,1.8350,1.4351,0.3999,42.10
2026-02-05,188.41,191.84,187.07,190.69,183.61,182.44,179.79,177.73,176.40,177.8879,1,178.4245,1,314507,182925,2.3023,1.6085,0.6937,47.77
2026-02-06,191.58,191.98,188.35,189.11,184.57,183.12,179.81,177.83,176.50,178.6648,1,178.9611,1,209686,178408,2.5164,1.7901,0.7263,40.09
2026-02-09,188.41,190.17,186.01,189.65,185.44,183.99,179.80,177.96,176.60,178.6648,1,179.7422,1,368252,181129,2.6982,1.9717,0.7265,38.63
2026-02-10,193.09,205.32,190.29,203.63,187.53,185.49,180.13,178.18,176.75,182.6653,1,180.4764,1,473927,187308,3.9252,2.3624,1.5628,50.13
2026-02-11,205.31,208.62,200.30,207.57,190.16,186.95,180.55,178.43,176.94,188.3371,1,182.4635,1,299579,191863,5.1559,2.9211,2.2348,54.54
2026-02-12,210.03,211.41,205.08,205.13,192.60,187.94,181.02,178.68,177.10,191.8363,1,185.0790,1,345766,194457,5.8667,3.5102,2.3565,52.84
2026-02-13,205.74,207.64,202.87,205.14,194.56,188.77,181.52,178.94,177.26,191.8363,1,188.2393,1,280226,195763,6.3576,4.0797,2.2779,51.32
2026-02-17,206.25,207.18,201.13,203.77,196.59,189.56,181.99,179.20,177.40,191.8363,1,191.0203,1,199572,195893,6.5606,4.5759,1.9847,49.46
2026-02-18,203.55,205.02,201.47,202.68,198.50,190.33,182.41,179.46,177.55,191.8363,1,193.4676,1,178167,195607,6.5578,4.9723,1.5855,49.17
2026-02-19,203.11,203.37,200.31,200.74,199.81,191.21,182.82,179.70,177.68,191.8363,1,195.6212,1,165049,196213,6.3267,5.2431,1.0835,46.87
2026-02-20,202.65,202.71,199.26,200.71,200.81,192.21,183.24,179.94,177.82,191.8363,1,197.5164,1,129947,195246,6.0711,5.4087,0.6624,43.99
2026-02-23,200.30,205.98,200.30,205.69,202.47,193.52,183.81,180.22,177.98,191.8363,1,199.1842,1,162438,195454,6.1988,5.5667,0.6320,52.48
2026-02-24,206.07,208.14,204.63,207.79,204.28,194.86,184.42,180.51,178.16,191.9115,1,199.2572,1,184835,195305,6.3951,5.7324,0.6627,52.48
2026-02-25,207.77,208.93,204.40,206.06,204.53,196.03,184.96,180.72,178.33,192.2801,1,200.2984,1,165887,196133,6.3384,5.8536,0.4848,52.89
2026-02-26,206.92,209.79,206.35,209.33,204.70,197.43,185.54,180.99,178.51,194.0032,1,201.6323,1,165439,195283,6.4827,5.9794,0.5033,55.93
2026-02-27,209.32,211.71,207.22,210.14,205.20,198.90,186.11,181.27,178.70,195.4602,1,202.8062,1,224349,196265,6.5860,6.1007,0.4853,58.97
2026-03-02,210.74,211.47,207.68,208.49,205.54,200.05,186.75,181.56,178.89,195.8305,1,204.0530,1,193935,195360,6.4606,6.1727,0.2879,58.60
2026-03-03,205.99,208.07,202.18,206.62,205.82,201.21,187.35,181.83,179.08,195.8305,1,211.7120,0,162417,192689,6.1392,6.1660,-0.0268,59.53
2026-03-04,206.40,208.00,205.38,206.70,206.23,202.36,188.01,182.11,179.25,195.8305,1,211.5214,0,105955,191378,5.8246,6.0977,-0.2732,58.90
2026-03-05,204.48,204.48,201.77,202.27,206.38,203.10,188.58,182.35,179.39,195.8305,1,211.3346,0,123224,188276,5.1581,5.9098,-0.7517,58.12
2026-03-06,202.05,202.07,197.34,197.54,206.06,203.44,189.04,182.57,179.51,195.8305,1,210.9519,0,210306,189998,4.1998,5.5678,-1.3680,56.71
2026-03-09,196.59,200.78,193.75,199.89,205.48,203.98,189.59,182.79,179.63,195.8305,1,210.1354,0,165215,191017,3.5886,5.1720,-1.5834,58.60
2026-03-10,201.45,202.68,197.20,199.22,204.63,204.46,190.10,182.99,179.80,195.8305,1,208.8248,0,135788,192690,3.0151,4.7406,-1.7255,60.05
2026-03-11,198.32,200.02,196.71,198.88,203.91,204.22,190.60,183.18,179.96,195.8305,1,207.6191,0,129702,193867,2.5045,4.2933,-1.7889,60.86
2026-03-12,198.66,201.30,198.30,199.20,202.89,203.80,191.12,183.37,180.12,195.8305,1,206.5099,0,155240,194753,2.1012,3.8549,-1.7537,62.83
2026-03-13,201.14,203.28,197.42,198.03,201.68,203.44,191.62,183.55,180.26,195.8305,1,205.4894,0,132421,194830,1.6679,3.4175,-1.7496,62.38
2026-03-16,199.30,200.19,197.19,197.27,200.56,203.05,192.14,183.70,180.41,195.8305,1,204.5505,0,154616,195682,1.2494,2.9839,-1.7345,58.80
2026-03-17,199.02,199.02,195.53,196.95,199.60,202.71,192.64,183.85,180.55,195.8305,1,203.6868,0,157974,196467,0.8811,2.5633,-1.6822,60.26
2026-03-18,195.42,199.80,193.25,193.59,198.28,202.26,193.09,183.97,180.67,210.4640,0,202.8921,0,135529,196579,0.3152,2.1137,-1.7985,59.15
2026-03-19,193.38,195.56,192.29,192.53,197.31,201.85,193.38,184.08,180.78,207.4488,0,201.9277,0,156609,195506,-0.2165,1.6477,-1.8641,59.43
2026-03-20,192.44,195.18,191.18,193.62,196.92,201.49,193.73,184.20,180.90,206.5543,0,200.7707,0,396397,200700,-0.5435,1.2094,-1.7530,61.50
2026-03-23,195.68,201.21,193.60,193.96,196.33,200.90,194.10,184.32,181.02,206.5543,0,191.1754,1,172343,201054,-0.7667,0.8142,-1.5809,58.91
2026-03-24,192.95,195.38,192.19,194.44,195.85,200.24,194.55,184.44,181.14,206.5543,0,191.1754,1,148864,200743,-0.8948,0.4724,-1.3672,58.50
2026-03-25,195.12,196.06,192.65,194.81,195.44,199.67,194.97,184.54,181.26,206.5543,0,191.3761,1,133514,200967,-0.9549,0.1869,-1.1419,57.17
2026-03-26,194.60,197.21,193.37,196.49,195.17,199.03,195.33,184.64,181.39,206.5543,0,191.5728,1,139934,199916,-0.8574,-0.0219,-0.8355,63.72
2026-03-27,196.27,196.97,192.94,193.87,194.76,198.22,195.51,184.73,181.49,206.5543,0,191.7656,1,190876,198135,-0.9801,-0.2136,-0.7666,62.65
2026-03-30,195.02,195.91,193.09,195.51,194.58,197.57,195.64,184.85,181.60,206.5543,0,191.9545,1,170642,196808,-0.9346,-0.3578,-0.5768,65.72
2026-03-31,193.23,197.28,191.12,194.34,194.32,196.96,195.77,184.98,181.69,206.5543,0,201.2107,0,248640,197488,-0.9816,-0.4825,-0.4991,61.54
2026-04-01,193.87,197.19,192.46,196.03,194.56,196.42,195.94,185.10,181.79,206.5543,0,201.0088,0,116103,194210,-0.8720,-0.5604,-0.3115,61.31
2026-04-02,195.01,197.47,194.42,196.36,194.94,196.13,196.21,185.24,181.88,206.5543,0,200.8109,0,102970,192058,-0.7500,-0.5983,-0.1517,62.17
2026-04-06,196.07,198.41,195.77,198.15,195.40,196.16,196.56,185.38,182.00,206.5543,0,200.6170,0,95063,187569,-0.5029,-0.5793,0.0763,61.00
2026-04-07,198.68,200.19,194.91,196.01,195.60,195.96,196.89,185.50,182.10,206.5543,0,200.4270,0,178861,188073,-0.4744,-0.5583,0.0839,58.11
2026-04-08,195.39,198.08,193.23,198.00,195.96,195.90,197.23,185.65,182.21,206.5543,0,200.2408,0,158909,188761,-0.2878,-0.5042,0.2164,56.26
2026-04-09,197.13,198.60,195.75,197.02,196.18,195.81,197.52,185.79,182.32,206.5543,0,200.1861,0,142114,189143,-0.2169,-0.4467,0.2298,55.66
2026-04-10,196.86,196.86,189.35,190.73,195.60,195.39,197.71,185.88,182.39,206.5543,0,200.0047,0,199975,190076,-0.6603,-0.4895,-0.1708,49.33
2026-04-13,190.26,192.35,188.95,192.13,195.43,195.09,197.93,185.96,182.48,203.8807,0,199.5785,0,173426,191226,-0.8889,-0.5693,-0.3195,48.70
2026-04-14,191.49,193.47,190.39,193.37,195.22,194.90,198.09,186.05,182.58,203.8807,0,198.9409,0,171929,190310,-0.9585,-0.6472,-0.3114,45.30
2026-04-15,192.39,193.49,190.27,190.64,194.85,194.58,198.24,186.12,182.66,203.8807,0,198.3415,0,168009,189956,-1.2199,-0.7617,-0.4582,43.22
2026-04-16,190.45,193.48,190.38,190.68,194.31,194.44,198.38,186.22,182.74,203.8807,0,197.7782,0,189009,190745,-1.4076,-0.8909,-0.5167,43.82
2026-04-17,189.46,195.65,189.46,194.23,194.10,194.52,198.51,186.31,182.83,203.8807,0,197.2486,0,195040,189584,-1.2557,-0.9639,-0.2919,43.37
2026-04-20,193.43,195.97,190.85,195.52,193.83,194.62,198.61,186.41,182.95,203.8807,0,196.7508,0,385612,191006,-1.0200,-0.9751,-0.0449,46.78
2026-04-21,202.43,208.94,201.31,204.21,194.65,195.13,198.91,186.59,183.10,189.3178,1,188.9518,1,497448,196761,-0.1300,-0.8061,0.6760,59.22
2026-04-22,204.54,206.16,197.91,203.17,195.17,195.57,199.18,186.77,183.26,189.3178,1,189.3515,1,328318,195962,0.4861,-0.5476,1.0337,56.66
2026-04-23,204.45,204.83,196.16,198.72,195.34,195.76,199.08,186.90,183.41,189.3178,1,189.7433,1,252086,191525,0.6081,-0.3165,0.9246,52.26
2026-04-24,199.18,199.26,193.67,195.48,195.82,195.71,198.84,187.00,183.53,189.3178,1,190.1273,1,203905,189612,0.4377,-0.1656,0.6034,49.67
2026-04-27,195.12,197.20,194.82,195.83,196.19,195.81,198.65,187.10,183.67,189.3178,1,190.5035,1,138211,185461,0.3279,-0.0669,0.3948,48.96
2026-04-28,197.79,197.98,193.48,194.26,196.27,195.75,198.43,187.19,183.81,189.3178,1,190.8723,1,177320,183403,0.1126,-0.0310,0.1436,50.11
2026-04-29,193.07,193.70,186.74,188.55,196.07,195.46,198.13,187.22,183.93,207.0598,0,208.9405,0,265029,184712,-0.5126,-0.1274,-0.3853,43.87
2026-04-30,189.47,195.08,189.15,193.41,196.34,195.33,197.94,187.28,184.08,207.0598,0,208.4965,0,215562,185460,-0.6089,-0.2237,-0.3853,46.72
2026-05-01,193.71,195.54,191.43,191.89,196.10,195.10,197.77,187.35,184.22,207.0598,0,208.0614,0,133328,184825,-0.7990,-0.3387,-0.4603,46.72
2026-05-04,189.84,192.72,189.64,190.72,195.63,194.73,197.57,187.38,184.35,207.0598,0,207.6350,0,108676,184400,-1.0318,-0.4773,-0.5544,46.78
2026-05-05,190.61,190.92,188.41,190.07,194.21,194.43,197.26,187.41,184.48,204.7264,0,207.2171,0,117138,183494,-1.2548,-0.6328,-0.6220,42.27
2026-05-06,190.12,191.84,187.73,188.36,192.73,193.95,196.87,187.42,184.60,204.5692,0,206.8075,0,169952,183196,-1.5511,-0.8165,-0.7346,39.46
2026-05-07,187.43,190.22,187.14,190.07,191.86,193.60,196.55,187.49,184.67,202.9084,0,206.4062,0,141203,182703,-1.6297,-0.9791,-0.6506,41.56
2026-05-08,190.93,191.42,185.48,186.63,190.98,193.40,196.09,187.55,184.77,202.9084,0,206.0129,0,142885,182251,-1.9468,-1.1727,-0.7742,34.77
2026-05-11,186.60,189.68,186.37,189.04,190.30,193.24,195.67,187.63,184.87,202.1495,0,205.1914,0,117815,180121,-1.9808,-1.3343,-0.6465,36.14
2026-05-12,190.44,191.52,188.70,189.41,189.82,193.05,195.29,187.72,184.99,202.1495,0,204.4028,0,143567,179113,-1.9555,-1.4586,-0.4970,36.99
2026-05-13,188.05,190.34,186.75,190.08,189.97,193.02,194.96,187.79,185.11,201.8205,0,203.6457,0,132278,178511,-1.8602,-1.5389,-0.3213,39.87
2026-05-14,190.15,192.02,186.38,187.18,189.35,192.84,194.57,187.85,185.23,201.8205,0,202.9189,0,144357,179279,-1.9954,-1.6302,-0.3653,37.58
2026-05-15,188.39,189.11,185.68,185.85,188.74,192.42,194.24,187.89,185.33,200.7004,0,202.2212,0,201819,180851,-2.1844,-1.7410,-0.4433,39.32
2026-05-18,186.88,190.39,186.49,189.07,188.58,192.10,194.07,187.94,185.45,200.7004,0,201.5514,0,175811,180161,-2.0509,-1.8030,-0.2479,40.56
2026-05-19,188.47,190.41,186.30,189.62,188.53,191.37,193.87,188.00,185.56,200.7004,0,200.9084,0,151284,179882,-1.8792,-1.8182,-0.0610,42.81
2026-05-20,191.09,194.06,189.63,192.97,188.99,190.86,193.74,188.07,185.67,200.7004,0,200.2911,0,183811,180842,-1.4563,-1.7459,0.2895,40.71
2026-05-21,191.95,193.05,188.12,193.04,189.29,190.58,193.62,188.12,185.79,200.7004,0,199.6985,0,91871,180086,-1.1029,-1.6173,0.5144,40.60
2026-05-22,193.20,196.12,193.17,194.42,190.07,190.52,193.53,188.19,185.91,200.7004,0,199.1296,0,170086,180383,-0.7030,-1.4344,0.7314,42.51
2026-05-26,193.47,193.90,191.57,192.10,190.37,190.34,193.41,188.22,186.01,200.7004,0,198.5834,0,167690,181088,-0.5667,-1.2609,0.6941,38.63
2026-05-27,193.47,195.53,191.79,193.20,190.75,190.28,193.33,188.26,186.11,200.7004,0,198.0591,0,115851,180313,-0.3653,-1.0818,0.7164,38.08
2026-05-28,193.24,196.00,193.12,195.41,191.29,190.63,193.30,188.35,186.21,200.7004,0,197.5558,0,128256,179718,-0.0278,-0.8710,0.8431,39.94
2026-05-29,195.79,196.58,193.51,194.11,191.98,190.66,193.31,188.45,186.30,200.7004,0,197.0726,0,246412,181936,0.1336,-0.6701,0.8037,39.03
2026-06-01,193.35,195.68,191.07,191.42,192.54,190.64,193.28,188.52,186.38,200.7004,0,196.6087,0,117146,181147,0.0441,-0.5272,0.5713,37.03
2026-06-02,192.15,192.53,190.25,192.38,192.87,190.72,193.26,188.60,186.47,200.7004,0,196.5807,0,131020,175839,0.0497,-0.4118,0.4616,38.65
2026-06-03,192.22,194.42,191.60,192.89,193.19,190.86,193.24,188.70,186.55,200.7004,0,196.1366,0,125518,174903,0.0941,-0.3106,0.4047,42.00
2026-06-04,194.20,201.17,194.20,195.33,193.43,191.21,193.26,188.83,186.64,200.7004,0,185.4759,1,144325,174812,0.3224,-0.1840,0.5065,42.27
2026-06-05,196.61,200.72,196.51,199.48,194.07,191.68,193.35,189.01,186.74,200.7004,0,185.7898,1,163477,175411,0.8290,0.0186,0.8104,47.35
2026-06-08,201.26,201.26,195.90,196.41,194.27,192.17,193.35,189.16,186.82,200.7004,0,186.0975,1,162047,175854,0.9717,0.2092,0.7625,44.27
2026-06-09,197.10,204.01,196.19,203.70,195.43,192.90,193.54,189.36,186.94,185.8730,1,186.7040,1,152804,175092,1.6540,0.4981,1.1558,47.92
2026-06-10,202.53,206.46,202.15,202.95,196.41,193.58,193.69,189.54,187.06,190.2050,1,187.7424,1,160293,174885,2.1101,0.8205,1.2895,48.01
2026-06-11,203.24,206.66,201.72,203.00,197.17,194.23,193.87,189.72,187.20,190.2050,1,189.2399,1,220116,174315,2.4474,1.1459,1.3015,47.26
2026-06-12,204.70,205.13,201.56,202.24,197.98,194.98,193.99,189.90,187.33,190.2050,1,190.9819,1,182510,175643,2.6226,1.4412,1.1813,45.42
2026-06-15,201.43,202.38,199.56,201.36,198.97,195.75,194.09,190.08,187.45,190.2050,1,192.5496,1,204060,177665,2.6600,1.6850,0.9750,44.87
2026-06-16,202.21,203.87,198.85,200.23,199.76,196.31,194.13,190.23,187.57,190.2050,1,193.9607,1,205121,179866,2.5685,1.8617,0.7068,44.50
2026-06-17,199.19,200.23,195.70,196.96,200.17,196.68,194.15,190.33,187.66,190.2050,1,195.2306,1,149151,179272,2.2069,1.9307,0.2762,42.88
2026-06-18,195.89,196.64,192.05,194.21,200.05,196.74,194.08,190.38,187.76,190.2050,1,206.6598,0,251979,181133,1.6792,1.8804,-0.2012,40.67
2026-06-22,193.34,194.37,192.12,192.80,199.39,196.73,193.99,190.44,187.84,190.2050,1,206.3675,0,175151,181794,1.1338,1.7311,-0.5973,39.50
2026-06-23,194.99,196.99,193.36,196.38,199.38,196.83,194.10,190.51,187.93,190.2050,1,206.0812,0,194814,181690,0.9795,1.5808,-0.6012,44.87
2026-06-24,197.61,204.93,197.61,202.29,199.24,197.34,194.31,190.63,188.04,190.2050,1,205.8005,0,230652,182835,1.3187,1.5284,-0.2097,47.88
2026-06-25,202.32,207.01,202.32,205.40,199.49,197.95,194.55,190.78,188.17,190.5054,1,192.0492,1,130426,182005,1.8181,1.5863,0.2318,49.87
2026-06-26,207.13,209.04,205.71,209.03,200.09,198.63,194.92,190.95,188.32,193.5445,1,192.3483,1,283275,184310,2.4778,1.7646,0.7132,50.99
2026-06-29,207.13,211.90,206.14,211.78,201.04,199.51,195.34,191.14,188.50,194.8441,1,193.0160,1,167199,183874,3.1857,2.0488,1.1369,55.04
2026-06-30,212.03,213.34,209.82,211.09,202.02,200.50,195.67,191.31,188.65,197.7636,1,194.1490,1,179691,183567,3.6492,2.3689,1.2803,54.85
2026-07-01,212.80,215.99,210.54,215.15,203.51,201.63,196.07,191.49,188.83,199.1990,1,195.6845,1,216906,180193,4.2941,2.7539,1.5402,56.05
2026-07-02,216.19,216.53,214.07,214.85,205.30,202.73,196.28,191.66,189.01,201.8996,1,197.7152,1,187612,173996,4.7266,3.1485,1.5781,53.29
2026-07-06,214.77,215.64,211.71,212.59,207.13,203.59,196.47,191.82,189.19,201.8996,1,199.9729,1,159212,170614,4.8312,3.4850,1.3462,53.69
2026-07-07,216.01,218.31,211.26,211.52,209.01,204.20,196.72,191.98,189.35,201.8996,1,201.9597,1,208366,169740,4.7732,3.7426,1.0305,55.72
2026-07-08,210.74,210.74,207.23,208.21,210.19,204.79,196.98,192.12,189.49,201.8996,1,204.2491,1,161092,168883,4.4092,3.8760,0.5333,53.00
2026-07-09,210.20,210.20,206.34,208.05,210.77,205.00,197.22,192.30,189.63,201.8996,1,206.2180,1,129220,168704,4.0611,3.9130,0.1481,54.01
2026-07-10,208.25,209.86,207.03,207.44,210.97,205.23,197.49,192.48,189.76,201.8996,1,206.3400,1,127534,167708,3.6934,3.8691,-0.1757,50.99
2026-07-13,207.48,210.76,207.01,207.35,210.80,205.45,197.86,192.66,189.88,201.8996,1,206.3400,1,117961,164767,3.3560,3.7664,-0.4104,51.69
2026-07-14,202.80,208.52,201.13,206.00,210.22,205.63,198.11,192.82,189.99,201.8996,1,218.3124,0,178375,164023,2.9457,3.6023,-0.6566,53.34
2026-07-15,204.68,206.41,201.12,201.77,209.29,205.65,198.31,192.97,190.09,217.8542,0,217.9687,0,240752,166171,2.2533,3.3325,-1.0792,49.30
2026-07-16,201.00,209.56,201.00,209.41,208.72,206.11,198.69,193.17,190.21,217.8542,0,217.2948,0,207672,168151,2.2946,3.1249,-0.8303,55.34
2026-07-17,210.95,214.40,209.41,210.68,208.30,206.80,199.10,193.39,190.33,217.8542,0,216.3171,0,201305,169835,2.4021,2.9804,-0.5783,57.41
2026-07-20,208.61,211.00,205.61,207.66,207.81,207.47,199.48,193.59,190.43,217.8542,0,215.3981,0,170883,169853,2.2180,2.8279,-0.6099,51.87
2026-07-21,206.16,208.01,204.10,206.84,207.34,208.17,199.82,193.78,190.57,217.8542,0,214.5342,0,143113,169891,1.9831,2.6589,-0.6758,50.11
2026-07-22,207.13,212.30,205.41,209.83,207.50,208.85,200.28,193.97,190.73,217.8542,0,213.7221,0,384828,174730,2.0150,2.5302,-0.5151,54.62
2026-07-23,228.09,237.78,220.00,227.90,209.49,210.13,201.06,194.28,190.99,206.5297,1,201.0000,1,856539,189505,3.4585,2.7158,0.7427,69.78
2026-07-24,228.00,233.21,223.42,227.86,211.53,211.25,201.83,194.62,191.25,206.5297,1,201.7356,1,351383,193661,4.5469,3.0820,1.4648,69.95
2026-07-27,225.95,231.95,224.97,231.84,213.98,212.39,202.66,194.99,191.51,206.5297,1,202.4565,1,265039,196316,5.6652,3.5987,2.0666,70.50
2026-07-28,235.18,240.13,233.98,235.94,216.97,213.60,203.64,195.40,191.80,214.0037,1,203.1630,1,380312,201035,6.8039,4.2397,2.5642,74.25
2026-07-29,235.11,237.84,233.00,235.22,220.32,214.80,204.63,195.81,192.08,214.0037,1,204.6416,1,226870,201536,7.5611,4.9040,2.6571,76.08
2026-07-30,230.91,235.61,229.01,234.30,222.81,215.76,205.53,196.22,192.34,214.0037,1,206.0612,1,222046,202461,7.9948,5.5222,2.4726,74.48
2026-07-31,234.00,235.29,232.01,233.01,225.04,216.67,206.40,196.62,192.60,214.0037,1,207.4239,1,203301,203501,8.1406,6.0459,2.0947,73.24
2026-08-03,232.84,233.44,230.54,231.95,227.47,217.64,207.18,197.01,192.85,214.0037,1,208.7322,1,194652,203718,8.0774,6.4522,1.6253,72.11
2026-08-04,231.95,234.55,229.76,233.72,230.16,218.75,207.99,197.41,193.09,214.0037,1,209.9881,1,211189,206105,8.0771,6.7772,1.3000,71.37
2026-08-05,234.22,236.67,232.56,235.84,232.76,220.13,208.82,197.82,193.35,216.2598,1,211.1938,1,159003,205883,8.1540,7.0525,1.1014,69.36
2026-08-06,237.66,238.88,235.32,238.50,233.82,221.65,209.75,198.26,193.61,219.5123,1,212.3512,1,153165,205593,8.3334,7.3087,1.0247,72.00
2026-08-07,236.34,239.38,236.34,238.35,234.87,223.20,210.65,198.71,193.86,221.1191,1,213.4624,1,136932,206014,8.3671,7.5204,0.8467,68.88
2026-08-10,236.53,239.33,235.85,237.63,235.45,224.71,211.50,199.15,194.13,221.4792,1,214.5291,1,203435,207518,8.2407,7.6644,0.5762,69.73
2026-08-11,236.35,239.92,235.51,237.50,235.60,226.29,212.36,199.59,194.43,221.8923,1,215.5531,1,201163,206613,8.0374,7.7390,0.2983,69.03
2026-08-12,234.46,238.51,232.28,237.77,235.86,228.09,213.29,199.98,194.71,221.8923,1,216.5362,1,163300,207536,7.8080,7.7528,0.0552,70.09
2026-08-13,239.10,240.00,235.65,236.04,236.03,229.42,214.16,200.39,194.99,222.0215,1,217.4799,1,129586,207507,7.4013,7.6825,-0.2812,67.82
2026-08-14,235.82,237.70,233.69,234.40,236.17,230.60,215.00,200.78,195.28,222.0215,1,218.3859,1,126998,207537,6.8675,7.5195,-0.6520,65.66
2026-08-17,233.94,237.17,233.00,235.52,236.53,232.00,215.80,201.20,195.57,222.0215,1,219.2557,1,144656,207543,6.4604,7.3077,-0.8473,64.49
2026-08-18,238.01,239.38,236.07,236.25,236.78,233.47,216.53,201.62,195.89,222.9459,1,220.0907,1,163863,207551,6.1260,7.0714,-0.9453,67.20
2026-08-19,238.10,242.39,237.38,241.76,237.37,235.06,217.44,202.04,196.23,224.7418,1,220.8922,1,223386,208778,6.2338,6.9039,-0.6701,72.55
2026-08-20,239.86,245.68,237.53,241.30,237.65,235.73,218.19,202.41,196.57,225.5311,1,222.1821,1,274937,211221,6.2105,6.7652,-0.5547,73.68
2026-08-21,240.33,244.70,239.43,244.39,238.26,236.56,219.02,202.79,196.91,226.0175,1,224.0619,1,308689,214188,6.3680,6.6857,-0.3178,75.81
2026-08-24,243.97,246.00,242.46,243.87,238.88,237.16,219.84,203.16,197.25,228.7253,1,225.7914,1,204290,213872,6.3773,6.6240,-0.2468,76.21
2026-08-25,243.93,245.78,241.79,244.51,239.58,237.59,220.68,203.54,197.59,228.7253,1,227.8122,1,173406,213690,6.3630,6.5718,-0.2089,76.17
2026-08-26,244.11,246.00,243.49,245.00,240.30,238.08,221.56,203.95,197.95,230.3559,1,229.6310,1,198695,213583,6.3183,6.5211,-0.2028,77.27
2026-08-27,242.83,247.19,242.44,244.61,241.16,238.60,222.45,204.38,198.28,230.4398,1,231.2679,1,205423,213589,6.1802,6.4529,-0.2727,77.60
2026-08-28,245.17,245.28,242.27,242.76,242.00,239.08,223.36,204.80,198.59,230.4398,1,233.1786,1,155342,213712,5.8540,6.3332,-0.4791,77.11
2026-08-31,241.99,242.64,239.40,240.30,242.47,239.50,224.28,205.20,198.86,230.4398,1,234.8599,1,326351,215200,5.3355,6.1336,-0.7981,76.27
2026-09-01,242.72,243.72,235.63,236.22,242.47,239.63,225.15,205.55,199.12,230.4398,1,247.1900,0,192141,215540,4.5430,5.8155,-1.2725,76.01
2026-09-02,238.03,242.84,236.27,240.80,242.38,239.87,226.04,205.95,199.40,230.4398,1,246.9588,0,275499,217153,4.2356,5.4995,-1.2639,74.53
2026-09-03,242.00,242.00,236.35,239.40,242.19,239.92,226.78,206.34,199.67,230.4398,1,246.7322,0,249766,217536,3.8349,5.1666,-1.3317,73.04
2026-09-04,235.38,238.92,235.38,237.14,241.46,239.86,227.42,206.69,199.94,230.4398,1,246.5102,0,189404,218715,3.2969,4.7927,-1.4957,69.07
2026-09-08,233.61,237.56,231.52,235.50,240.62,239.75,227.95,207.03,200.20,230.4398,1,246.0650,0,171656,216483,2.7071,4.3755,-1.6685,70.89
2026-09-09,233.58,236.24,232.43,235.46,239.72,239.65,228.42,207.38,200.46,230.4398,1,245.1923,0,186272,216864,2.2109,3.9426,-1.7317,72.21
2026-09-10,236.32,236.48,228.57,231.14,238.33,239.32,228.82,207.67,200.69,230.4398,1,244.3719,0,252058,218312,1.4523,3.4445,-1.9922,71.66
2026-09-11,233.20,235.12,229.33,235.02,237.37,239.27,229.22,207.96,200.92,230.4398,1,243.1078,0,234268,218659,1.1509,2.9858,-1.8349,73.59
2026-09-14,237.49,239.78,234.67,237.89,236.89,239.44,229.68,208.29,201.17,230.4398,1,241.9448,0,231871,219544,1.1307,2.6148,-1.4841,75.76
2026-09-15,238.39,248.65,237.21,247.08,237.57,240.02,230.37,208.67,201.45,230.4398,1,228.5700,1,339364,223147,1.8350,2.4588,-0.6238,81.05
2026-09-16,245.47,248.57,244.85,247.08,238.65,240.56,231.08,208.96,201.75,230.4398,1,228.9716,1,234405,223668,2.3659,2.4403,-0.0743,82.33
2026-09-22,228.59,237.29,227.24,234.76,238.05,240.21,231.61,209.14,201.99,230.4398,1,248.6500,0,628029,233007,1.7721,2.3066,-0.5345,76.58
2026-09-17,248.28,248.70,246.26,247.45,238.85,240.52,232.40,209.42,202.32,230.4398,1,227.2400,1,244852,235319,2.2990,2.3051,-0.0061,81.91
2026-09-18,246.52,247.63,244.89,246.45,239.78,240.62,233.18,209.70,202.65,230.4398,1,227.2400,1,474367,242256,2.6059,2.3653,0.2406,80.89
2026-09-21,247.13,248.84,243.93,244.88,240.72,240.67,233.93,209.97,202.98,230.4398,1,227.6692,1,222253,244342,2.6913,2.4305,0.2608,79.57
2026-09-23,235.12,238.62,231.92,233.00,240.48,240.10,234.47,210.18,203.23,230.4398,1,228.5160,1,263197,246038,1.7799,2.3004,-0.5204,74.00
2026-09-24,234.08,237.29,233.55,236.59,241.02,239.68,235.17,210.42,203.52,230.4398,1,229.3290,1,181244,244848,1.3319,2.1067,-0.7747,76.53
