symbol,longName,sector,industry,country,marketCap,currentPrice,averageVolume10days,averageVolume3months,averageDollarVolume,revenueGrowth,earningsGrowth,earningsQuarterlyGrowth,grossMargins,operatingMargins,profitMargins,returnOnEquity,returnOnAssets,totalCash,totalDebt,debtToEquity,currentRatio,quickRatio,operatingCashflow,freeCashflow,sharesOutstanding,floatShares,heldPercentInsiders,heldPercentInstitutions,sharesShort,shortRatio,shortPercentOfFloat,trailingPE,forwardPE,priceToSalesTrailing12Months,priceToBook,enterpriseToRevenue,enterpriseToEbitda,targetMeanPrice,targetHighPrice,targetLowPrice,recommendationMean,recommendationKey,numberOfAnalystOpinions,epsRevisionUpLast7Days,epsRevisionUpLast30Days,epsRevisionDownLast7Days,epsRevisionDownLast30Days,nextEarningsDate,beta,website,retrievedAt
ESTC,Elastic N.V.,Technology,Software - Application,Netherlands,10313293824,98.23,1635360,2251743,221188714.89000002,0.151,,,0.75586,-0.00606,0.20844,0.33122003,-0.0057300003,1461042048,595774976,45.94,1.81,1.637,354063008,504316864,104991280,88186376,0.11842,0.89585996,4219506,1.37,0.045900002,28.065716,24.83654,5.722753,7.962228,5.07,-410.284,111.19231,130.0,75.0,1.93333,buy,26,0,16,1,9,2026-11-19,1.037,https://www.elastic.co,2026-10-10T21:27:55.998880+01:00
Date,Open,High,Low,Close,Ma10:Top:Line,Ma20:Top:Line,Ma50:Top:Line,Ma150:Top:Line,Ma200:Top:Line,Supertrend:Top:ColorLine,Supertrend_Dir,ParabolicSAR:Top:ColorLine,ParabolicSAR_Dir,Volume:Middle:Histogram,Vo50:Middle:Line,Macd:Bottom:Line,MacdSignal:Bottom:Line,MacdDelta:Bottom:Histogram,RsRating:Hidden:Hidden
2023-08-03,61.51,62.86,61.01,62.46,,,,,,,0,61.0100,1,57913,,,,,0
2023-08-04,65.76,66.72,63.07,63.51,,,,,,,0,61.0100,1,90508,,,,,0
2023-08-07,63.16,63.42,60.90,62.41,,,,,,,0,66.7200,0,45291,,,,,0
2023-08-08,60.00,60.48,58.77,59.49,,,,,,,0,66.7200,0,65266,,,,,0
2023-08-09,59.49,59.49,58.23,58.75,,,,,,,0,66.4020,0,48134,,,,,0
2023-08-10,59.68,60.19,58.61,59.53,,,,,,,0,65.9117,0,46213,,,,,0
2023-08-11,58.93,59.79,58.93,59.44,,,,,,,0,65.4508,0,36942,,,,,0
2023-08-14,58.82,61.74,58.73,61.30,,,,,,,0,65.0175,0,46134,,,,,0
2023-08-15,60.85,63.20,60.42,62.37,,,,,,,0,64.6103,0,104008,,,,,0
2023-08-16,61.49,62.81,61.20,61.54,61.08,,,,,69.0430,0,64.2275,0,68519,,,,,0
2023-08-17,61.58,62.05,59.06,60.27,60.86,,,,,67.7862,0,63.8676,0,66858,,,,,0
2023-08-18,59.38,60.47,59.00,60.02,60.51,,,,,66.6841,0,63.5294,0,48808,,,,,0
2023-08-21,60.12,61.19,59.92,60.52,60.32,,,,,66.6841,0,63.2114,0,42437,,,,,0
2023-08-22,61.06,61.46,60.05,60.41,60.41,,,,,66.6841,0,62.9125,0,45126,,,,,0
2023-08-23,60.40,61.51,60.04,60.89,60.63,,,,,66.6841,0,62.6316,0,71978,,,,,0
2023-08-24,61.80,62.00,59.32,59.38,60.61,,,,,66.6841,0,62.3675,0,31935,,,,,0
2023-08-25,58.97,60.51,58.59,60.03,60.67,,,,,65.8685,0,62.1192,0,31702,,,,,0
2023-08-28,60.31,60.67,57.77,57.91,60.33,,,,,65.7767,0,62.0000,0,61778,,,,,0
2023-08-29,57.69,60.38,57.38,59.69,60.07,,,,,65.6810,0,61.6616,0,67832,,,,,0
2023-08-30,59.55,61.07,59.30,60.76,59.99,60.53,,,,65.6810,0,61.2334,0,36900,,,,,0
2023-08-31,61.10,62.73,60.86,61.88,60.15,60.50,,,,65.6810,0,57.3800,1,99212,,,,,0
2023-09-01,72.72,76.26,71.27,74.27,61.57,61.04,,,,63.5311,1,57.4870,1,427327,,,,,0
2023-09-05,73.35,76.30,72.03,75.02,63.02,61.67,,,,63.6735,1,58.2379,1,157497,,,,,0
2023-09-06,74.95,79.87,74.48,79.21,64.90,62.66,,,,66.1156,1,59.3216,1,186801,,,,,0
2023-09-07,77.65,79.41,77.50,78.58,66.67,63.65,,,,67.9286,1,60.9655,1,89385,,,,,0
2023-09-08,79.14,79.97,77.87,77.89,68.52,64.57,,,,68.8162,1,62.4779,1,61502,,,,,0
2023-09-11,78.01,79.83,76.75,79.68,70.49,65.58,,,,68.8162,1,64.2271,1,89775,,,,,0
2023-09-12,78.25,80.13,78.06,79.45,72.64,66.49,,,,69.4583,1,65.8014,1,91161,,,,,0
2023-09-13,79.26,79.50,77.90,78.58,74.53,67.30,,,,69.5470,1,67.5208,1,69001,,,,,0
2023-09-14,78.54,79.33,78.09,78.59,76.31,68.15,,,,70.1003,1,69.0339,1,62644,,,,,0
2023-09-15,77.28,78.51,77.06,78.29,77.96,69.05,,,,70.1003,1,70.3654,1,74673,,,,,0
2023-09-18,77.39,78.45,76.82,78.09,78.34,69.96,,,,70.1003,1,71.5372,1,51938,,,,,0
2023-09-19,77.75,78.00,76.61,77.05,78.54,70.78,,,,70.1003,1,72.5683,1,57865,,,,,0
2023-09-20,77.03,77.66,76.25,76.39,78.26,71.58,,,,70.1003,1,73.4757,1,45933,,5.4671,6.2931,-0.8260,0
2023-09-21,78.24,79.20,76.77,77.78,78.18,72.43,,,,70.6601,1,74.2742,1,96074,,5.2193,6.0783,-0.8590,0
2023-09-22,78.97,80.28,77.58,79.56,78.35,73.43,,,,71.5276,1,74.9769,1,83260,,5.1078,5.8842,-0.7765,0
2023-09-25,78.75,82.33,78.29,80.38,78.42,74.45,,,,72.4358,1,75.7194,1,119051,,5.0276,5.7129,-0.6853,0
2023-09-26,80.70,82.84,79.01,79.07,78.38,75.51,,,,72.6892,1,76.7771,1,106231,,4.8029,5.5309,-0.7280,0
2023-09-27,79.51,81.21,79.12,81.18,78.64,76.58,,,,72.6892,1,77.8684,1,73833,,4.7405,5.3728,-0.6323,0
2023-09-28,80.12,80.68,78.47,79.07,78.69,77.50,,,,72.6892,1,82.8400,0,113450,,4.4693,5.1921,-0.7228,0
2023-09-29,80.05,82.28,80.00,81.24,78.98,78.47,,,,72.9214,1,82.7526,0,177282,,4.3789,5.0295,-0.6505,0
2023-10-02,81.27,82.39,80.75,80.95,79.27,78.80,,,,73.6813,1,82.6669,0,88948,,4.2351,4.8706,-0.6355,0
2023-10-03,79.90,81.69,78.94,79.51,79.51,79.03,,,,73.6813,1,82.5830,0,108380,,3.9593,4.6883,-0.7290,0
2023-10-04,79.25,79.96,75.14,75.95,79.47,78.86,,,,73.6813,1,82.5007,0,173720,,3.4141,4.4335,-1.0194,0
2023-10-05,75.82,76.73,74.16,76.13,79.30,78.74,,,,73.6813,1,82.2063,0,103248,,2.9624,4.1393,-1.1769,0
2023-10-06,75.43,81.19,75.43,81.01,79.45,78.90,,,,73.6813,1,81.7235,0,184314,,2.9640,3.9042,-0.9402,0
2023-10-09,80.00,82.38,79.91,81.78,79.59,79.00,,,,73.6813,1,74.1600,1,81608,,2.9930,3.7220,-0.7290,0
2023-10-10,81.98,82.48,80.31,80.38,79.72,79.05,,,,73.6813,1,74.3244,1,84214,,2.8698,3.5515,-0.6817,0
2023-10-11,80.84,82.06,80.01,82.00,79.80,79.22,,,,73.6813,1,74.6506,1,91889,,2.8699,3.4152,-0.5453,0
2023-10-12,81.41,83.35,79.33,80.52,79.95,79.32,71.20,,,73.6813,1,74.9638,1,101962,89329,2.7192,3.2760,-0.5568,0
2023-10-13,80.71,81.02,78.90,78.97,79.72,79.35,71.53,,,73.6813,1,75.4670,1,82618,89823,2.4465,3.1101,-0.6636,0
2023-10-16,78.83,80.14,77.45,79.05,79.53,79.40,71.84,,,73.6813,1,75.9400,1,105334,90120,2.2113,2.9303,-0.7190,0
2023-10-17,78.41,81.98,78.10,80.64,79.64,79.58,72.21,,,73.6813,1,76.3846,1,71770,90649,2.1287,2.7700,-0.6413,0
2023-10-18,83.53,83.96,81.08,81.82,80.23,79.85,72.66,,,73.6813,1,76.8025,1,217224,93689,2.1338,2.6428,-0.5089,0
2023-10-19,82.49,84.04,81.85,82.20,80.84,80.07,73.12,,,74.1346,1,77.3751,1,156007,95846,2.1439,2.5430,-0.3991,0
2023-10-20,81.98,82.47,78.58,79.62,80.70,80.07,73.53,,,74.1346,1,78.0416,1,95775,96837,1.9215,2.4187,-0.4972,0
2023-10-23,78.62,80.75,78.01,79.00,80.42,80.00,73.92,,,74.1346,1,84.0400,0,69394,97486,1.6759,2.2701,-0.5942,0
2023-10-24,80.11,81.56,79.72,80.80,80.46,80.09,74.31,,,74.1346,1,83.9194,0,74861,98061,1.6080,2.1377,-0.5297,0
2023-10-25,80.55,81.01,75.39,75.53,79.82,79.81,74.57,,,74.1346,1,83.8012,0,81572,97612,1.1160,1.9334,-0.8173,0
2023-10-26,75.76,76.19,73.98,74.98,79.26,79.60,74.84,,,74.1346,1,83.4648,0,92405,98090,0.6740,1.6815,-1.0075,0
2023-10-27,75.97,76.66,75.15,75.50,78.91,79.32,75.14,,,74.1346,1,82.8957,0,62363,98000,0.3615,1.4175,-1.0560,0
2023-10-30,76.00,76.20,74.36,74.52,78.46,79.00,75.43,,,74.1346,1,82.3607,0,112533,99274,0.0344,1.1409,-1.1065,0
2023-10-31,74.62,76.19,73.61,75.04,77.90,78.77,75.72,,,74.1346,1,81.8579,0,65225,99730,-0.1809,0.8765,-1.0574,0
2023-11-01,74.90,75.49,73.84,74.48,77.17,78.70,76.01,,,74.1346,1,81.1981,0,116338,101154,-0.3921,0.6228,-1.0149,0
2023-11-02,76.54,76.97,70.73,70.87,76.03,78.44,76.21,,,82.8187,0,80.5910,0,148862,102692,-0.8411,0.3300,-1.1711,0
2023-11-03,70.44,72.86,70.25,72.33,75.31,78.00,76.46,,,80.6273,0,79.6049,0,150114,105056,-1.0668,0.0507,-1.1175,0
2023-11-06,72.95,73.29,69.66,71.25,74.53,77.48,76.69,,,80.6273,0,78.4823,0,88029,106182,-1.3177,-0.2230,-1.0947,0
2023-11-07,75.14,77.07,73.33,75.90,74.04,77.25,77.05,,,80.6273,0,77.2472,0,190289,108752,-1.1282,-0.4040,-0.7242,0
2023-11-08,75.76,76.25,73.94,74.80,73.97,76.89,77.35,,,80.6273,0,77.0700,0,70327,108802,-1.0547,-0.5342,-0.5205,0
2023-11-09,75.16,75.52,73.40,73.50,73.82,76.54,77.61,,,80.6273,0,77.0700,0,68333,109431,-1.0888,-0.6451,-0.4437,0
2023-11-10,73.29,76.44,73.00,76.20,73.89,76.40,77.89,,,80.6273,0,69.6600,1,43845,108324,-0.8877,-0.6936,-0.1941,0
2023-11-13,76.80,77.23,74.42,74.88,73.93,76.19,77.90,,,80.6273,0,69.7956,1,62585,101029,-0.8254,-0.7200,-0.1054,0
2023-11-14,76.74,78.34,76.34,78.23,74.24,76.07,77.97,,,80.6273,0,70.0930,1,63358,99146,-0.4999,-0.6760,0.1761,0
2023-11-15,78.39,79.21,75.86,75.95,74.39,75.78,77.90,,,80.6273,0,70.5878,1,75547,96921,-0.4210,-0.6250,0.2039,0
2023-11-16,75.79,76.40,73.20,73.57,74.66,75.35,77.80,,,80.6273,0,71.2776,1,74835,96630,-0.5443,-0.6088,0.0645,0
2023-11-17,74.00,75.85,73.22,75.14,74.94,75.12,77.75,,,80.6273,0,71.9122,1,106413,97528,-0.5095,-0.5890,0.0795,0
2023-11-20,75.39,77.56,75.12,77.06,75.52,75.03,77.70,,,80.6273,0,72.4960,1,60669,96946,-0.3232,-0.5358,0.2126,0
2023-11-21,75.73,78.16,75.51,77.47,75.68,74.86,77.66,,,80.6273,0,73.0331,1,94173,97006,-0.1409,-0.4568,0.3160,0
2023-11-22,77.87,78.41,76.53,77.25,75.92,74.95,77.63,,,80.6273,0,73.5273,1,66821,96963,-0.0139,-0.3682,0.3543,0
2023-11-24,76.90,77.77,76.65,77.45,76.32,75.07,77.61,,,80.6273,0,73.9819,1,26503,96240,0.1016,-0.2743,0.3759,0
2023-11-27,77.32,78.63,76.13,76.14,76.31,75.10,77.56,,,80.6273,0,74.4001,1,83655,96420,0.0865,-0.2021,0.2886,0
2023-11-28,75.72,78.24,74.99,77.90,76.62,75.27,77.56,,,80.6273,0,74.7849,1,80112,96983,0.2140,-0.1189,0.3329,0
2023-11-29,79.21,81.31,79.11,79.64,76.76,75.50,77.61,,,80.6273,0,74.9900,1,113009,98086,0.4503,-0.0051,0.4554,0
2023-11-30,80.79,81.66,79.22,80.36,77.20,75.79,77.69,,,80.6273,0,74.9900,1,254267,102253,0.6878,0.1335,0.5542,0
2023-12-01,98.24,111.75,97.78,110.20,80.86,77.76,78.34,,,87.8254,1,75.7904,1,1349267,127316,3.2463,0.7561,2.4903,0
2023-12-04,109.22,115.50,107.70,110.51,84.40,79.67,78.96,,,94.0143,1,79.2200,1,441742,134486,5.2387,1.6526,3.5861,0
2023-12-05,110.11,115.76,108.81,115.63,88.25,81.89,79.66,,,94.3729,1,85.0248,1,358765,139280,7.1483,2.7517,4.3966,0
2023-12-06,115.13,115.99,112.09,112.80,91.79,83.73,80.34,,,96.7491,1,90.5571,1,266569,142487,8.3373,3.8689,4.4685,0
2023-12-07,113.80,114.56,112.13,113.19,95.38,85.65,80.98,,,97.0542,1,95.6437,1,157594,144162,9.2049,4.9361,4.2689,0
2023-12-08,112.74,118.24,112.49,115.81,99.22,87.77,81.71,,,98.9783,1,99.7130,1,289687,147687,9.9888,5.9466,4.0422,0
2023-12-11,115.00,117.33,113.96,117.23,103.33,89.82,82.43,,,99.8860,1,103.4184,1,180171,147745,10.6024,6.8778,3.7246,0
2023-12-12,116.00,117.93,115.18,116.35,107.17,91.89,83.14,,,101.5469,1,106.3827,1,118270,148331,10.8921,7.6806,3.2115,0
2023-12-13,115.86,117.69,114.44,116.52,110.86,93.81,83.88,,,101.5827,1,108.7542,1,106278,148289,11.0085,8.3462,2.6623,0
2023-12-14,117.00,117.52,112.25,113.82,114.21,95.70,84.64,,,101.5827,1,110.6513,1,203738,148890,10.7589,8.8287,1.9301,0
2023-12-15,114.80,115.52,111.25,112.73,114.46,97.66,85.37,,,101.5827,1,118.2400,0,213353,151092,10.3537,9.1337,1.2200,0
2023-12-18,111.66,114.74,111.30,114.01,114.81,99.60,86.03,,,101.5827,1,118.1002,0,108138,149568,10.0204,9.3111,0.7094,0
2023-12-19,114.66,115.00,112.17,113.05,114.55,101.40,86.66,,,101.5827,1,117.9632,0,84754,149631,9.5685,9.3626,0.2060,0
2023-12-20,111.67,113.14,109.48,110.17,114.29,103.04,87.25,,,101.5827,1,117.8289,0,115811,150263,8.8757,9.2652,-0.3895,0
2023-12-21,110.58,113.52,109.30,113.35,114.30,104.84,87.88,,,101.5827,1,117.4950,0,159087,151607,8.4854,9.1092,-0.6238,0
2023-12-22,114.00,115.32,111.32,112.85,114.01,106.61,88.53,,,101.5827,1,117.0033,0,110006,151768,8.0430,8.8960,-0.8530,0
2023-12-26,113.00,114.67,112.23,114.58,113.74,108.54,89.24,,,101.5827,1,116.5411,0,120057,152517,7.7428,8.6653,-0.9226,0
2023-12-27,115.00,117.39,112.97,113.36,113.44,110.31,89.92,,,102.6261,1,109.3000,1,106751,152545,7.3220,8.3967,-1.0747,0
2023-12-28,113.44,115.14,112.65,113.97,113.19,112.02,90.59,,,102.6261,1,109.4618,1,90002,152910,6.9575,8.1088,-1.1513,0
2023-12-29,113.10,113.94,111.82,112.70,113.08,113.64,91.21,,,102.6261,1,109.6204,1,86204,150289,6.4914,7.7853,-1.2940,0
2024-01-02,111.83,111.83,106.04,106.54,112.46,113.46,91.69,,,102.6261,1,117.3900,0,178838,150746,5.5608,7.3404,-1.7796,0
2024-01-03,104.61,106.60,102.81,105.65,111.62,113.22,92.22,,,102.6261,1,117.1630,0,122649,151283,4.6973,6.8118,-2.1145,0
2024-01-04,104.45,105.55,102.93,103.34,110.65,112.60,92.70,,,102.6261,1,116.5889,0,89503,151686,3.7830,6.2060,-2.4230,0
2024-01-05,103.40,105.21,103.15,104.10,110.04,112.17,93.17,,,102.6261,1,116.0377,0,85664,151902,3.0842,5.5817,-2.4975,0
2024-01-08,105.11,109.05,104.37,108.69,109.58,111.94,93.83,,,102.6261,1,115.5086,0,128950,152849,2.8677,5.0389,-2.1712,0
2024-01-09,108.06,109.80,107.76,108.61,109.15,111.58,94.50,,,102.6261,1,115.0007,0,73822,152478,2.6590,4.5629,-1.9039,0
2024-01-10,109.07,109.07,106.33,108.04,108.50,111.12,95.15,,,102.6261,1,114.5130,0,93022,153091,2.4197,4.1343,-1.7145,0
2024-01-11,109.78,114.53,108.90,112.29,108.39,110.92,95.91,,,102.6261,1,102.8100,1,236415,155568,2.5437,3.8162,-1.2724,0
2024-01-12,109.41,114.07,109.31,111.94,108.19,110.69,96.65,,,102.6261,1,103.0444,1,113776,156539,2.5840,3.5697,-0.9858,0
2024-01-16,111.70,116.85,110.61,116.58,108.58,110.83,97.49,,,102.6261,1,103.2741,1,261349,159440,2.9562,3.4470,-0.4908,0
2024-01-17,115.66,116.61,111.39,116.16,109.54,111.00,98.40,,,102.6261,1,103.8171,1,261674,161696,3.1806,3.3937,-0.2131,0
2024-01-18,118.00,120.91,115.30,118.25,110.80,111.21,99.31,,,104.8074,1,104.3385,1,315728,165008,3.4869,3.4124,0.0746,0
2024-01-19,118.90,121.63,118.06,120.33,112.50,111.58,100.30,,,106.8061,1,105.3328,1,278552,168819,3.8531,3.5005,0.3526,0
2024-01-22,122.74,124.75,120.75,123.22,114.41,112.23,101.24,,,109.6890,1,106.6365,1,233218,169677,4.3266,3.6657,0.6609,0
2024-01-23,122.99,123.32,120.51,122.23,115.77,112.67,102.19,,,109.6890,1,108.4479,1,148302,171237,4.5693,3.8465,0.7229,0
2024-01-24,123.25,125.83,118.88,119.42,116.85,113.00,103.11,,,109.6890,1,110.0781,1,152523,172920,4.4833,3.9738,0.5094,0
2024-01-25,119.99,120.69,117.04,118.12,117.85,113.18,103.95,,,109.6890,1,111.9683,1,161624,175276,4.2610,4.0313,0.2298,0
2024-01-26,117.64,119.17,115.76,117.64,118.39,113.39,104.80,,,109.6890,1,113.6317,1,135227,176729,4.0001,4.0250,-0.0249,0
2024-01-29,118.30,123.20,118.00,123.18,119.51,113.85,105.70,,,109.6890,1,115.0955,1,118302,177828,4.1920,4.0584,0.1336,0
2024-01-30,122.69,123.00,119.90,121.55,120.01,114.29,106.61,,,109.6890,1,115.7600,1,107207,178461,4.1645,4.0796,0.0849,0
2024-01-31,120.03,120.82,116.81,117.06,120.10,114.82,107.48,,,109.6890,1,125.8300,0,110598,179176,3.7374,4.0112,-0.2738,0
2024-02-01,117.00,119.27,116.36,118.66,120.14,115.47,108.35,,,109.6890,1,125.6496,0,119692,179442,3.4878,3.9065,-0.4187,0
2024-02-02,120.52,125.23,120.25,124.60,120.57,116.53,109.30,,,109.6890,1,125.2780,0,222947,182687,3.7263,3.8705,-0.1442,0
2024-02-05,124.13,126.97,120.31,122.26,120.47,117.44,110.20,,,109.6890,1,116.3600,1,105254,182909,3.6840,3.8332,-0.1491,0
2024-02-06,123.46,123.98,119.11,122.23,120.47,118.12,111.10,,,109.6890,1,116.5722,1,94679,183466,3.6066,3.7879,-0.1813,0
2024-02-07,123.27,126.54,122.24,125.50,121.08,118.96,112.06,,,110.4487,1,116.7802,1,114795,185232,3.7656,3.7834,-0.0178,0
2024-02-08,125.39,128.48,124.29,126.54,121.92,119.89,113.07,,,112.5809,1,116.9840,1,139536,186350,3.9303,3.8128,0.1175,0
2024-02-09,129.00,131.71,128.00,130.39,123.20,120.79,114.12,,,115.8803,1,117.4438,1,149570,187739,4.3216,3.9146,0.4071,0
2024-02-12,129.75,130.00,126.42,127.68,123.65,121.58,115.08,,,115.8803,1,118.2998,1,159038,188659,4.3628,4.0042,0.3586,0
2024-02-13,121.05,125.87,117.00,122.55,123.75,121.88,115.92,,,115.8803,1,131.7100,0,210210,187778,3.9361,3.9906,-0.0545,0
2024-02-14,124.55,126.81,120.71,126.60,124.70,122.40,116.25,,,115.8803,1,131.4158,0,194331,164679,3.8800,3.9685,-0.0884,0
2024-02-15,132.85,133.59,130.00,132.52,126.09,123.11,116.69,,,115.8803,1,117.0000,1,180532,159455,4.2641,4.0276,0.2365,0
2024-02-16,131.92,133.19,129.01,130.27,126.65,123.61,116.98,,,115.8803,1,117.3318,1,107903,154438,4.3370,4.0895,0.2475,0
2024-02-20,129.48,130.69,123.54,125.38,126.97,123.72,117.24,,,115.8803,1,117.6570,1,175883,152624,3.9546,4.0625,-0.1079,0
2024-02-21,121.55,122.67,117.60,121.28,126.87,123.67,117.40,,,115.8803,1,133.5900,0,142371,152320,3.2828,3.9066,-0.6238,0
2024-02-22,126.82,127.97,124.34,127.56,127.08,124.08,117.63,,,115.8803,1,133.2702,0,138313,149292,3.2200,3.7693,-0.5492,0
2024-02-23,128.92,131.48,127.73,129.62,127.38,124.65,117.88,,,115.8803,1,132.9568,0,133859,148366,3.2985,3.6751,-0.3766,0
2024-02-26,130.81,132.90,128.22,130.70,127.42,125.31,118.17,,,115.8803,1,117.6000,1,138738,148775,3.4086,3.6218,-0.2132,0
2024-02-27,132.05,133.25,130.46,131.21,127.77,125.71,118.46,,,116.0416,1,117.9060,1,146758,149585,3.4966,3.5968,-0.1001,0
2024-02-28,129.96,131.98,128.75,129.71,128.49,126.12,118.78,,,116.0416,1,118.5198,1,123095,147972,3.4061,3.5586,-0.1525,0
2024-02-29,129.00,136.06,129.00,133.81,129.21,126.95,119.20,,,116.7311,1,119.1090,1,455248,152810,3.6234,3.5716,0.0518,0
2024-03-01,115.96,119.97,112.40,117.01,127.66,126.87,119.26,,,116.7311,1,136.0600,0,796850,166584,2.4122,3.3397,-0.9275,0
2024-03-04,116.69,117.90,107.63,108.40,125.47,126.06,119.17,,,134.4238,0,136.0600,0,338078,171651,0.7490,2.8216,-2.0726,0
2024-03-05,106.84,109.39,105.27,108.40,123.77,125.37,119.13,,,128.0589,0,134.9228,0,240377,174142,-0.5627,2.1447,-2.7074,0
2024-03-06,110.25,111.38,107.24,108.35,122.48,124.67,119.03,,,128.0589,0,133.1436,0,174714,174455,-1.5879,1.3982,-2.9861,0
2024-03-07,108.84,108.92,104.11,106.80,120.40,123.74,118.91,92.88,,125.8662,0,131.4712,0,291425,178083,-2.4967,0.6192,-3.1159,0
2024-03-08,107.31,109.72,105.06,105.73,118.01,122.70,118.73,93.17,,125.8662,0,129.2823,0,116758,178017,-3.2656,-0.1578,-3.1079,0
2024-03-11,105.10,105.25,101.77,103.86,115.33,121.37,118.54,93.44,,121.6307,0,127.2685,0,188963,179661,-3.9800,-0.9222,-3.0578,0
2024-03-12,104.42,107.18,103.50,105.91,112.80,120.28,118.38,93.73,,121.6307,0,124.7187,0,122612,180314,-4.3308,-1.6039,-2.7269,0
2024-03-13,105.26,107.14,104.93,106.23,110.45,119.47,118.25,94.04,,121.6307,0,122.4238,0,100685,180603,-4.5308,-2.1893,-2.3415,0
2024-03-14,104.49,105.99,102.82,103.06,107.38,118.29,118.18,94.33,,120.1289,0,120.3584,0,89363,178814,-4.8887,-2.7292,-2.1595,0
2024-03-15,103.06,103.08,100.28,101.08,105.78,116.72,118.09,94.61,,116.6715,0,118.4996,0,160616,179573,-5.2714,-3.2376,-2.0338,0
2024-03-18,100.00,102.90,99.09,101.60,105.10,115.29,118.06,94.89,,115.6304,0,116.3132,0,142006,180623,-5.4696,-3.6840,-1.7856,0
2024-03-19,100.37,101.97,99.03,101.84,104.45,114.11,118.01,95.16,,114.5539,0,113.9020,0,167537,182261,-5.5435,-4.0559,-1.4876,0
2024-03-20,102.79,103.72,100.67,103.48,103.96,113.22,117.91,95.44,,114.5539,0,111.5225,0,135404,182390,-5.4074,-4.3262,-1.0811,0
2024-03-21,104.28,105.24,100.18,100.93,103.37,111.89,117.76,95.70,,114.5539,0,109.5237,0,165929,184232,-5.4425,-4.5495,-0.8930,0
2024-03-22,101.10,102.81,99.97,102.38,103.04,110.52,117.64,95.98,,114.5539,0,107.8447,0,96667,184305,-5.2923,-4.6980,-0.5943,0
2024-03-25,100.98,102.25,100.66,101.05,102.76,109.04,117.42,96.25,,113.8551,0,106.4343,0,85842,181293,-5.2204,-4.8025,-0.4179,0
2024-03-26,102.00,102.04,100.39,100.45,102.21,107.50,117.19,96.52,,112.8701,0,105.2496,0,61144,180241,-5.1525,-4.8725,-0.2800,0
2024-03-27,98.90,100.82,97.90,100.13,101.60,106.03,116.86,96.78,,110.7256,0,104.2545,0,148863,177991,-5.0661,-4.9112,-0.1549,0
2024-03-28,99.99,102.41,99.61,100.24,101.32,104.35,116.54,97.05,,110.7256,0,103.1107,0,118664,175131,-4.9319,-4.9154,-0.0165,0
2024-04-01,100.09,101.61,99.80,100.56,101.27,103.52,116.19,97.32,,110.7256,0,102.4100,0,99987,170816,-4.7450,-4.8813,0.1363,0
2024-04-02,98.10,98.48,96.01,97.98,100.90,103.00,115.74,97.57,,108.0646,0,102.4100,0,86830,166981,-4.7503,-4.8551,0.1048,0
2024-04-03,97.46,98.32,96.57,97.61,100.48,102.46,115.23,97.84,,107.7077,0,101.6100,0,103808,164393,-4.7299,-4.8301,0.1002,0
2024-04-04,99.16,100.36,97.45,97.63,99.90,101.93,114.74,98.09,,107.7077,0,100.4900,0,83972,163107,-4.6583,-4.7957,0.1374,0
2024-04-05,97.77,98.72,96.80,97.44,99.55,101.46,114.30,98.34,,107.4345,0,100.3600,0,98142,162019,-4.5644,-4.7494,0.1851,0
2024-04-08,97.92,98.58,96.58,98.31,99.14,101.09,113.90,98.58,,106.8870,0,100.3600,0,57649,159939,-4.3693,-4.6734,0.3041,0
2024-04-09,98.63,99.13,97.43,98.71,98.91,100.83,113.52,98.74,,106.8870,0,99.4900,0,96667,159168,-4.1348,-4.5657,0.4309,0
2024-04-10,97.00,98.61,96.40,98.23,98.68,100.45,113.02,98.90,,106.1957,0,99.1300,0,48378,157770,-3.9423,-4.4410,0.4987,0
2024-04-11,98.96,99.87,98.29,99.85,98.66,100.13,112.59,99.03,,106.1957,0,96.0100,1,91792,157461,-3.6173,-4.2763,0.6590,0
2024-04-12,99.41,100.57,97.02,97.24,98.36,99.84,112.19,99.16,,106.1957,0,96.0872,1,125760,157765,-3.5296,-4.1269,0.5973,0
2024-04-15,96.66,97.19,94.79,94.85,97.78,99.53,111.72,99.27,,104.4175,0,100.5700,0,118885,157749,-3.6113,-4.0238,0.4125,0
2024-04-16,94.80,95.73,94.14,95.18,97.50,99.20,111.13,99.38,,102.9968,0,100.5700,0,113807,155566,-3.6079,-3.9406,0.3327,0
2024-04-17,95.67,95.84,94.25,94.61,97.20,98.84,110.57,99.48,,102.7776,0,100.3128,0,79444,155050,-3.6096,-3.8744,0.2648,0
2024-04-18,95.00,96.00,93.33,95.31,96.97,98.43,110.04,99.59,,102.4253,0,100.0659,0,63543,154427,-3.5139,-3.8023,0.2884,0
2024-04-19,94.97,97.90,94.92,96.19,96.85,98.20,109.45,99.71,,102.4253,0,99.6617,0,150701,155145,-3.3287,-3.7076,0.3789,0
2024-04-22,97.01,98.43,94.61,98.36,96.85,98.00,108.89,99.84,,102.4253,0,99.2818,0,111698,154588,-2.9726,-3.5606,0.5880,0
2024-04-23,98.29,103.23,98.29,102.54,97.24,98.07,108.33,100.00,,91.8652,1,93.3300,1,194293,155483,-2.3262,-3.3137,0.9875,0
2024-04-24,103.74,104.97,102.34,103.71,97.78,98.23,107.85,100.18,,94.8607,1,93.5280,1,163955,155581,-1.7000,-2.9910,1.2910,0
2024-04-25,101.79,104.83,100.72,104.79,98.28,98.47,107.49,100.37,,94.8607,1,93.9857,1,99027,153357,-1.1038,-2.6135,1.5097,0
2024-04-26,105.00,108.72,105.00,107.43,99.30,98.83,107.11,100.57,,97.4479,1,94.4251,1,114628,151763,-0.4135,-2.1735,1.7600,0
2024-04-29,108.35,108.41,103.62,103.92,100.20,98.99,106.54,100.73,,97.4479,1,95.2828,1,122885,150610,-0.1480,-1.7684,1.6204,0
2024-04-30,103.25,104.89,102.20,102.22,100.91,99.21,105.98,100.88,,97.4479,1,96.0890,1,119291,150838,-0.0739,-1.4295,1.3556,0
2024-05-01,103.25,108.07,102.64,105.75,102.02,99.61,105.58,101.05,,97.4479,1,96.8468,1,117795,149676,0.2666,-1.0903,1.3569,0
2024-05-02,107.11,107.68,103.90,106.10,103.10,100.04,105.28,101.22,,97.4479,1,97.5592,1,122662,149282,0.5582,-0.7606,1.3188,0
2024-05-03,107.69,107.94,105.51,105.66,104.05,100.45,104.84,101.40,,97.4479,1,98.2289,1,72927,147974,0.7453,-0.4594,1.2047,0
2024-05-06,105.91,107.88,105.82,107.29,104.94,100.90,104.40,101.57,,97.4479,1,98.8583,1,73204,146761,1.0133,-0.1649,1.1782,0
2024-05-07,105.46,107.58,103.43,106.95,105.38,101.31,103.92,101.74,,97.4479,1,99.4500,1,114362,146274,1.1847,0.1050,1.0797,0
2024-05-08,105.72,106.37,105.00,105.65,105.58,101.68,103.41,101.92,,97.4479,1,100.0062,1,60654,144552,1.2018,0.3244,0.8774,0
2024-05-09,105.99,106.57,104.93,104.99,105.60,101.94,102.92,102.11,,97.4479,1,100.5291,1,60086,143291,1.1488,0.4893,0.6595,0
2024-05-10,105.80,106.60,104.65,106.05,105.46,102.38,102.36,102.31,,97.4479,1,101.0205,1,75147,135689,1.1787,0.6272,0.5516,0
2024-05-13,106.65,107.63,105.60,107.40,105.81,103.01,102.17,102.49,,97.9918,1,101.4825,1,62367,121000,1.2965,0.7610,0.5354,0
2024-05-14,107.12,110.00,107.06,109.31,106.52,103.71,102.19,102.67,,99.8871,1,101.9167,1,128866,116816,1.5263,0.9141,0.6122,0
2024-05-15,110.25,111.65,108.06,111.23,107.06,104.54,102.24,102.88,,100.9994,1,102.5634,1,80931,113627,1.8421,1.0997,0.7424,0
2024-05-16,111.12,111.58,108.18,108.21,107.27,105.19,102.24,103.05,,100.9994,1,103.4721,1,107961,112292,1.8277,1.2453,0.5824,0
2024-05-17,108.25,110.18,107.62,110.08,107.72,105.88,102.31,103.25,95.24,100.9994,1,104.2899,1,119338,108850,1.9447,1.3852,0.5595,0
2024-05-20,110.00,111.24,108.52,110.66,108.05,106.50,102.40,103.46,95.48,101.0909,1,105.0259,1,81911,108153,2.0605,1.5202,0.5402,0
2024-05-21,110.25,111.22,108.49,109.40,108.30,106.84,102.52,103.66,95.71,101.1258,1,105.6883,1,65946,105693,2.0272,1.6216,0.4056,0
2024-05-22,110.85,111.62,107.63,107.86,108.52,107.05,102.55,103.84,95.93,101.1258,1,106.2845,1,79223,104825,1.8552,1.6683,0.1868,0
2024-05-23,109.59,109.59,105.80,106.05,108.63,107.11,102.55,104.00,96.17,101.1258,1,111.6500,0,134917,105509,1.5549,1.6456,-0.0908,0
2024-05-24,106.04,106.04,103.59,104.95,108.52,106.99,102.59,104.16,96.40,101.1258,1,111.6200,0,90645,105535,1.2141,1.5593,-0.3452,0
2024-05-28,104.52,104.52,99.51,100.13,107.79,106.80,102.57,104.29,96.60,111.8320,0,111.2988,0,165435,105631,0.5488,1.3572,-0.8084,0
2024-05-29,98.88,102.53,98.62,102.30,107.09,106.80,102.58,104.45,96.82,110.5833,0,110.5915,0,149624,105784,0.1944,1.1247,-0.9303,0
2024-05-30,100.00,100.01,92.96,93.18,105.28,106.17,102.41,104.53,96.97,108.2945,0,109.6338,0,303720,108507,-0.8130,0.7371,-1.5501,0
2024-05-31,107.00,107.00,100.51,104.05,104.87,106.07,102.42,104.72,97.18,108.2945,0,107.9664,0,450630,114812,-0.7259,0.4445,-1.1704,0
2024-06-03,103.97,105.22,98.78,102.79,104.14,105.93,102.46,104.91,97.39,108.2945,0,107.0000,0,239532,116284,-0.7499,0.2056,-0.9555,0
2024-06-04,104.29,104.66,99.83,102.97,103.37,105.71,102.47,105.09,97.60,108.2945,0,107.0000,0,233690,119025,-0.7458,0.0154,-0.7611,0
2024-06-05,104.00,107.77,103.44,107.21,103.15,105.72,102.59,105.31,97.84,108.2945,0,92.9600,1,159582,120499,-0.3958,-0.0669,-0.3289,0
2024-06-06,107.48,113.73,107.48,113.11,103.67,106.10,102.85,105.56,98.10,95.0773,1,93.2562,1,281248,124901,0.3535,0.0172,0.3363,0
2024-06-07,113.00,113.07,110.05,111.95,104.26,106.44,103.08,105.81,98.36,96.6671,1,94.0752,1,107506,124074,0.8441,0.1826,0.6615,0
2024-06-10,111.26,113.07,108.60,112.77,105.05,106.78,103.33,106.09,98.62,96.6671,1,94.8613,1,148383,124669,1.2842,0.4029,0.8813,0
2024-06-11,112.65,112.65,110.09,111.57,106.19,106.99,103.55,106.35,98.88,97.2958,1,95.6161,1,159422,125857,1.5186,0.6260,0.8926,0
2024-06-12,113.69,116.88,112.23,114.64,107.42,107.26,103.89,106.64,99.15,100.2952,1,96.3406,1,172029,127561,1.9299,0.8868,1.0431,0
2024-06-13,116.49,116.49,112.36,112.53,109.36,107.32,104.19,106.89,99.43,100.3522,1,97.5730,1,127226,128030,2.0618,1.1218,0.9400,0
2024-06-14,112.17,115.00,112.06,114.18,110.37,107.62,104.52,107.15,99.70,100.3522,1,98.7314,1,98275,128316,2.2733,1.3521,0.9212,0
2024-06-17,113.91,114.50,110.62,112.34,111.33,107.73,104.82,107.41,99.96,100.3522,1,99.8203,1,64405,127641,2.2663,1.5350,0.7314,0
2024-06-18,111.60,111.65,109.84,109.97,112.03,107.70,105.05,107.63,100.20,100.3522,1,100.8439,1,98159,128451,2.0460,1.6372,0.4088,0
2024-06-20,109.93,111.12,107.06,108.99,112.20,107.68,105.25,107.86,100.37,100.3522,1,101.8061,1,98244,128483,1.7718,1.6641,0.1077,0
2024-06-21,108.45,108.89,106.75,108.84,111.78,107.73,105.47,108.06,100.54,100.3522,1,102.7105,1,180141,131118,1.5249,1.6362,-0.1114,0
2024-06-24,107.98,110.64,106.96,108.98,111.48,107.87,105.65,108.28,100.69,100.3522,1,103.5607,1,140257,132087,1.3252,1.5740,-0.2489,0
2024-06-25,108.86,109.73,107.10,108.95,111.10,108.07,105.88,108.52,100.84,100.3522,1,104.3598,1,96475,131502,1.1512,1.4895,-0.3382,0
2024-06-26,108.97,111.39,108.43,110.04,110.95,108.57,106.19,108.75,101.00,100.3522,1,105.1111,1,94689,131018,1.0888,1.4093,-0.3205,0
2024-06-27,109.54,115.95,109.48,114.76,110.96,109.19,106.58,109.00,101.18,100.5837,1,105.8172,1,128015,131302,1.4040,1.4083,-0.0043,0.00
2024-06-28,114.94,116.02,113.55,113.91,111.10,110.23,106.96,109.25,101.35,103.1258,1,106.4810,1,152434,132762,1.5671,1.4400,0.1271,0.00
2024-07-01,114.30,115.57,112.34,115.48,111.23,110.80,107.37,109.50,101.53,103.1258,1,107.1049,1,159051,134672,1.8023,1.5125,0.2898,0.00
2024-07-02,115.66,116.44,113.51,114.67,111.46,111.39,107.74,109.75,101.71,103.7800,1,107.6914,1,142971,134517,1.9014,1.5903,0.3112,0.00
2024-07-03,114.45,116.08,114.45,115.88,112.05,112.04,108.09,110.01,101.90,104.7005,1,108.2427,1,49701,133277,2.0539,1.6830,0.3709,0.00
2024-07-05,115.78,117.24,114.39,114.87,112.64,112.42,108.33,110.26,102.09,105.4519,1,108.7610,1,105462,131501,2.0695,1.7603,0.3092,0.00
2024-07-08,116.83,118.00,113.94,115.72,113.33,112.55,108.57,110.50,102.28,105.4519,1,109.4393,1,125093,130723,2.1258,1.8334,0.2924,0.00
2024-07-09,115.22,115.97,111.79,112.38,113.67,112.57,108.73,110.71,102.46,105.4519,1,110.2954,1,123596,131215,1.8793,1.8426,0.0367,0.00
2024-07-10,113.04,116.13,111.40,115.35,114.31,112.70,108.88,110.75,102.65,105.4519,1,111.0658,1,157095,132064,1.9017,1.8544,0.0473,0.00
2024-07-11,116.32,120.79,115.61,120.61,115.36,113.15,109.22,110.82,102.85,106.5880,1,111.4000,1,230498,134216,2.3172,1.9470,0.3702,0.00
2024-07-12,120.75,123.58,120.16,122.27,116.11,113.54,109.62,110.86,103.06,110.3932,1,111.4000,1,162069,135072,2.7487,2.1073,0.6414,0.00
2024-07-15,123.50,123.96,118.05,118.42,116.56,113.83,109.87,110.90,103.26,110.3932,1,113.1052,1,130309,135322,2.7483,2.2355,0.5128,0.00
2024-07-16,119.49,121.05,118.25,118.38,116.85,114.04,110.12,110.93,103.44,110.3932,1,114.8420,1,115326,135175,2.7136,2.3311,0.3824,0.00
2024-07-17,116.55,117.70,114.60,115.53,116.94,114.20,110.32,110.93,103.63,110.3932,1,123.9600,0,91823,135553,2.4280,2.3505,0.0775,0.00
2024-07-18,115.55,116.74,110.67,111.28,116.48,114.27,110.40,110.89,103.78,110.3932,1,123.7728,0,101142,136112,1.8376,2.2479,-0.4103,0.00
2024-07-19,111.08,113.14,110.61,111.84,116.18,114.41,110.49,110.86,103.93,110.3932,1,123.2487,0,61076,135046,1.3988,2.0781,-0.6793,77.17
2024-07-22,112.30,114.20,111.54,113.37,115.94,114.63,110.65,110.84,104.10,110.3932,1,122.4904,0,98881,135811,1.1611,1.8947,-0.7336,75.94
2024-07-23,113.79,118.05,113.44,117.39,116.44,115.05,110.90,110.86,104.31,110.3932,1,121.7775,0,154074,137691,1.2823,1.7722,-0.4899,78.85
2024-07-24,116.16,116.48,110.22,110.42,115.95,115.13,110.98,110.85,104.48,110.3932,1,121.1075,0,77923,137746,0.8066,1.5791,-0.7725,75.20
2024-07-25,111.58,114.95,108.56,113.63,115.25,115.31,111.11,110.85,104.64,110.3932,1,120.2365,0,131254,139124,0.6808,1.3994,-0.7186,80.21
2024-07-26,115.11,115.62,112.52,112.67,114.29,115.20,111.18,110.84,104.80,110.3932,1,119.0688,0,64391,137835,0.4979,1.2191,-0.7212,77.73
2024-07-29,113.48,114.57,112.24,112.31,113.68,115.12,111.20,110.86,104.96,110.3932,1,118.0180,0,65522,137526,0.3202,1.0394,-0.7191,77.22
2024-07-30,112.61,114.24,104.86,106.52,112.50,114.68,111.16,110.81,105.08,123.4852,0,117.0722,0,241705,140201,-0.2845,0.7746,-1.0591,60.44
2024-07-31,108.44,111.06,106.24,109.67,111.91,114.43,111.15,110.79,105.22,122.6377,0,115.6067,0,124311,140301,-0.5038,0.5189,-1.0227,66.49
2024-08-01,108.61,110.67,106.32,107.18,111.50,113.99,111.09,110.74,105.37,122.3889,0,114.3171,0,105851,140780,-0.8685,0.2414,-1.1099,66.38
2024-08-02,103.00,103.00,98.51,102.12,110.53,113.35,110.94,110.67,105.48,115.8605,0,113.1822,0,107624,141613,-1.5479,-0.1164,-1.4315,60.28
2024-08-05,96.89,101.30,96.56,100.00,109.19,112.57,110.78,110.57,105.58,114.1930,0,111.1281,0,125720,142543,-2.2318,-0.5395,-1.6923,63.15
2024-08-06,101.89,103.39,100.60,101.53,107.60,112.02,110.69,110.50,105.68,114.1930,0,108.7972,0,68056,141206,-2.6200,-0.9556,-1.6644,65.29
2024-08-07,103.94,108.08,100.99,101.11,106.67,111.31,110.62,110.46,105.77,114.1930,0,96.5600,1,72577,140844,-2.9279,-1.3501,-1.5778,69.09
2024-08-08,103.18,105.23,100.37,104.93,105.80,110.53,110.71,110.46,105.90,114.1930,0,96.7904,1,69233,138920,-2.8310,-1.6463,-1.1847,72.93
2024-08-09,105.03,105.44,103.22,104.96,105.03,109.66,110.76,110.47,106.03,114.1930,0,97.0162,1,58410,137096,-2.7204,-1.8611,-0.8593,72.00
2024-08-12,105.54,105.85,102.43,102.77,104.08,108.88,110.96,110.46,106.14,114.1930,0,97.2375,1,96573,132953,-2.7775,-2.0444,-0.7331,66.34
2024-08-13,103.31,107.79,102.75,107.16,104.14,108.32,111.02,110.45,106.30,114.1930,0,97.4543,1,73319,125407,-2.4403,-2.1236,-0.3168,74.72
2024-08-14,107.31,108.11,103.49,105.57,103.73,107.82,111.07,110.43,106.45,114.1930,0,97.6668,1,94929,122515,-2.2752,-2.1539,-0.1213,73.24
2024-08-15,107.01,110.44,106.51,108.79,103.89,107.70,111.19,110.43,106.61,114.1930,0,98.0846,1,86129,119564,-1.8631,-2.0957,0.2327,73.59
2024-08-16,108.38,109.64,107.48,108.81,104.56,107.55,111.22,110.41,106.79,114.1930,0,98.8259,1,52055,117413,-1.5173,-1.9801,0.4627,71.07
2024-08-19,109.19,111.15,108.05,110.94,105.66,107.42,111.18,110.40,106.97,114.1930,0,99.5227,1,106536,113919,-1.0592,-1.7959,0.7366,61.76
2024-08-20,111.14,111.52,109.42,110.39,106.54,107.07,111.15,110.36,107.15,114.1930,0,100.4529,1,62370,113016,-0.7321,-1.5831,0.8510,60.52
2024-08-21,110.61,110.83,107.80,110.08,107.44,107.06,111.09,110.32,107.34,114.1930,0,101.5596,1,70110,111451,-0.4923,-1.3650,0.8727,54.81
2024-08-22,107.90,109.37,105.42,105.57,107.50,106.65,110.97,110.24,107.51,114.1930,0,102.5557,1,70236,109667,-0.6585,-1.2237,0.5652,34.83
2024-08-23,106.52,106.87,104.05,105.66,107.57,106.30,110.79,110.14,107.68,114.1930,0,103.4521,1,119501,108616,-0.7740,-1.1337,0.3597,39.17
2024-08-26,108.50,110.49,106.97,107.47,108.04,106.06,110.69,110.04,107.84,114.1930,0,104.0500,1,72446,107521,-0.7113,-1.0493,0.3379,38.94
2024-08-27,106.52,107.43,105.04,105.54,107.88,106.01,110.52,109.92,107.99,114.1930,0,104.0500,1,74891,107053,-0.8081,-1.0010,0.1929,44.30
2024-08-28,105.39,105.39,102.35,102.98,107.62,105.68,110.33,109.81,108.14,114.1930,0,111.5200,0,90993,107585,-1.0789,-1.0166,-0.0623,34.08
2024-08-29,106.94,107.66,102.76,103.64,107.11,105.50,110.21,109.72,108.28,114.1930,0,111.3366,0,258530,110792,-1.2261,-1.0585,-0.1676,35.15
2024-08-30,79.22,80.77,73.68,76.19,103.85,104.20,109.55,109.44,108.28,96.7735,0,111.1569,0,891553,126659,-3.5172,-1.5502,-1.9670,6.18
2024-09-03,75.50,77.69,72.71,73.25,100.08,102.87,108.84,109.11,108.26,94.2876,0,109.6578,0,295176,128959,-5.5067,-2.3415,-3.1652,6.34
2024-09-04,74.00,75.90,72.56,73.34,96.37,101.46,108.13,108.79,108.24,92.4109,0,107.4409,0,201223,130179,-6.9955,-3.2723,-3.7232,5.99
2024-09-05,71.35,73.42,71.12,72.52,92.62,100.03,107.40,108.49,108.24,89.3228,0,104.6504,0,217814,132605,-8.1476,-4.2474,-3.9002,5.91
2024-09-06,72.79,72.80,70.09,70.14,89.07,98.29,106.60,108.17,108.21,87.6055,0,101.2974,0,157598,133863,-9.1473,-5.2274,-3.9199,5.44
2024-09-09,69.41,71.88,69.00,71.10,85.62,96.60,105.73,107.81,108.18,85.8484,0,97.5525,0,186581,135035,-9.7496,-6.1318,-3.6178,5.68
2024-09-10,70.52,73.02,70.52,72.09,82.08,95.06,104.89,107.48,108.16,85.8484,0,93.5552,0,92751,133841,-10.0315,-6.9118,-3.1198,5.99
2024-09-11,72.14,74.72,71.28,74.46,78.97,93.43,104.07,107.16,108.14,85.8484,0,90.1174,0,107677,132814,-9.9490,-7.5192,-2.4298,6.80
2024-09-12,74.46,75.16,73.47,73.82,76.05,91.84,103.25,106.81,108.13,85.8484,0,87.1610,0,113077,132216,-9.8220,-7.9798,-1.8422,5.75
2024-09-13,74.00,75.86,73.85,75.24,73.21,90.16,102.44,106.47,108.12,85.8484,0,84.6185,0,90837,133038,-9.4973,-8.2833,-1.2140,6.25
2024-09-16,75.18,76.80,74.15,75.80,73.18,88.51,101.66,106.11,108.11,85.8484,0,82.4319,0,69789,132325,-9.0900,-8.4446,-0.6454,6.37
2024-09-17,76.42,77.57,75.08,75.16,73.37,86.72,100.85,105.76,108.09,85.8484,0,80.5514,0,69824,131220,-8.7183,-8.4994,-0.2190,6.10
2024-09-18,75.24,76.56,74.47,74.92,73.52,84.95,100.10,105.44,108.06,85.8484,0,78.9342,0,54991,129848,-8.3470,-8.4689,0.1219,5.94
2024-09-19,77.25,78.49,76.13,76.30,73.90,83.26,99.32,105.10,107.89,85.8484,0,69.0000,1,72134,128148,-7.8508,-8.3453,0.4945,6.33
2024-09-20,76.19,76.89,75.45,76.39,74.53,81.80,98.43,104.73,107.72,85.8484,0,69.1898,1,96664,125472,-7.3654,-8.1493,0.7839,6.91
2024-09-23,76.69,77.36,76.03,77.04,75.12,80.37,97.53,104.37,107.53,85.8484,0,69.3758,1,53096,123292,-6.8493,-7.8893,1.0400,6.56
2024-09-24,77.50,78.30,76.21,78.19,75.73,78.91,96.72,104.06,107.35,85.8484,0,69.5581,1,63318,121952,-6.2752,-7.5665,1.2913,6.25
2024-09-25,77.92,78.87,77.27,78.32,76.12,77.54,95.92,103.77,107.18,85.8484,0,69.7367,1,82823,121302,-5.7435,-7.2019,1.4584,7.49
2024-09-26,79.31,79.37,77.27,77.54,76.49,76.27,95.16,103.44,106.99,85.8484,0,70.1021,1,72608,120918,-5.3237,-6.8262,1.5026,5.63
2024-09-27,79.00,79.00,76.81,77.35,76.70,74.96,94.48,103.09,106.79,85.8484,0,70.6581,1,54385,119983,-4.9493,-6.4508,1.5016,5.24
2024-09-30,77.00,77.49,75.82,76.76,76.80,74.99,93.78,102.73,106.59,84.7744,0,71.1808,1,76115,120284,-4.6466,-6.0900,1.4434,5.47
2024-10-01,77.02,77.02,74.16,75.01,76.78,75.07,93.01,102.36,106.38,83.7555,0,71.6722,1,103551,120377,-4.4961,-5.7712,1.2751,5.32
2024-10-02,75.30,76.60,74.14,76.49,76.94,75.23,92.20,102.00,106.20,83.4570,0,72.1341,1,123103,119758,-4.2089,-5.4587,1.2499,5.67
2024-10-03,75.82,76.27,74.85,76.20,76.93,75.42,91.51,101.62,106.01,83.3303,0,72.5682,1,69540,119590,-3.9590,-5.1588,1.1998,5.39
2024-10-04,78.07,79.44,77.11,79.01,77.19,75.86,90.82,101.37,105.84,83.3303,0,72.9763,1,73645,118438,-3.4940,-4.8258,1.3318,5.51
2024-10-07,80.00,80.00,77.07,77.14,77.20,76.16,90.11,101.16,105.66,83.3303,0,73.4934,1,74733,118645,-3.2390,-4.5085,1.2695,5.16
2024-10-08,77.33,77.85,76.29,76.51,77.03,76.38,89.39,100.94,105.49,83.3303,0,74.1441,1,66717,118669,-3.0526,-4.2173,1.1647,5.24
2024-10-09,77.25,80.07,76.95,79.87,77.19,76.65,88.86,100.75,105.32,83.3303,0,74.7297,1,112928,116093,-2.6037,-3.8946,1.2909,6.71
2024-10-10,78.68,82.71,78.68,82.03,77.64,77.06,88.31,100.59,105.17,83.3303,0,75.3705,1,85114,115309,-2.0500,-3.5257,1.4756,8.56
2024-10-11,81.48,84.03,81.20,83.00,78.20,77.45,87.82,100.44,105.01,83.3303,0,76.3980,1,148761,116167,-1.5155,-3.1236,1.6081,8.91
2024-10-14,85.77,87.16,82.53,83.12,78.84,77.82,87.44,100.30,104.86,83.3303,0,77.6192,1,122137,116458,-1.0699,-2.7129,1.6430,8.76
2024-10-15,83.34,83.74,82.12,82.18,79.56,78.17,87.09,100.14,104.70,83.3303,0,79.3365,1,70593,115355,-0.7835,-2.3270,1.5435,8.37
2024-10-16,82.21,83.09,80.93,81.97,80.10,78.52,86.70,99.98,104.55,83.3303,0,80.7447,1,62855,115251,-0.5670,-1.9750,1.4080,7.33
2024-10-17,82.26,83.37,82.05,82.31,80.71,78.82,86.32,99.84,104.43,83.3303,0,80.9300,1,106748,115934,-0.3638,-1.6528,1.2890,7.05
2024-10-18,82.38,83.00,81.42,81.57,80.97,79.08,85.85,99.71,104.31,83.3303,0,80.9300,1,96987,116489,-0.2594,-1.3741,1.1147,7.79
2024-10-21,81.47,82.15,80.25,80.45,81.30,79.25,85.36,99.57,104.19,83.3303,0,87.1600,0,73169,116785,-0.2641,-1.1521,0.8880,7.79
2024-10-22,80.41,80.55,79.34,79.42,81.59,79.31,84.90,99.42,104.07,83.3303,0,87.0218,0,71756,116288,-0.3469,-0.9910,0.6442,7.33
2024-10-23,79.38,79.42,77.28,77.61,81.37,79.28,84.31,99.25,103.91,83.3303,0,86.7145,0,69927,116220,-0.5522,-0.9033,0.3511,6.47
2024-10-24,78.25,78.91,77.97,78.40,81.00,79.32,83.76,99.10,103.76,83.3303,0,86.1485,0,71093,115744,-0.6437,-0.8514,0.2077,7.33
2024-10-25,78.75,80.24,78.51,79.35,80.64,79.42,83.17,98.94,103.62,83.3303,0,85.6164,0,48277,114987,-0.6323,-0.8075,0.1752,7.36
2024-10-28,80.00,80.59,79.24,79.52,80.28,79.56,82.59,98.80,103.46,83.3303,0,85.1162,0,58415,115114,-0.6026,-0.7666,0.1640,6.55
2024-10-29,80.01,81.49,79.58,80.98,80.16,79.86,81.99,98.67,103.30,83.3303,0,84.6460,0,32627,113636,-0.4560,-0.7044,0.2484,7.63
2024-10-30,81.06,83.03,80.97,80.98,80.06,80.08,81.40,98.54,103.12,83.3303,0,84.2040,0,55965,113508,-0.3359,-0.6307,0.2948,7.71
2024-10-31,80.65,81.44,79.46,80.23,79.85,80.28,80.80,98.41,102.94,83.3303,0,83.7886,0,47865,113063,-0.2979,-0.5642,0.2663,8.13
2024-11-01,80.82,81.43,80.00,80.84,79.78,80.37,80.31,98.28,102.76,83.3303,0,83.3981,0,51341,112685,-0.2160,-0.4945,0.2785,8.21
2024-11-04,80.25,80.71,79.30,79.63,79.70,80.50,79.79,98.16,102.55,83.3303,0,83.0310,0,63314,111561,-0.2459,-0.4448,0.1989,6.74
2024-11-05,80.00,82.75,79.80,82.40,79.99,80.79,79.29,98.06,102.35,83.3303,0,77.2800,1,50429,111121,-0.0456,-0.3650,0.3194,7.01
2024-11-06,83.60,86.67,83.50,85.35,80.77,81.07,78.88,97.97,102.16,78.1887,1,77.3894,1,85734,111338,0.3472,-0.2225,0.5697,7.82
2024-11-07,85.42,87.10,85.30,85.98,81.53,81.26,78.54,97.90,102.00,79.4534,1,77.7606,1,54133,110600,0.7013,-0.0378,0.7390,8.32
2024-11-08,85.89,87.20,84.79,86.95,82.29,81.46,78.21,97.82,101.84,79.4534,1,78.3210,1,67856,106787,1.0480,0.1794,0.8687,9.44
2024-11-11,87.54,91.21,87.15,89.96,83.33,81.80,78.48,97.76,101.70,81.7865,1,79.0313,1,116993,91296,1.5479,0.4531,1.0948,10.45
2024-11-12,89.78,91.38,89.36,89.80,84.21,82.18,78.81,97.71,101.54,83.1099,1,80.2492,1,78808,86968,1.9091,0.7443,1.1648,11.53
2024-11-13,90.23,92.60,90.06,90.12,85.13,82.59,79.15,97.64,101.38,83.9559,1,81.5849,1,103052,85005,2.1959,1.0346,1.1613,12.26
2024-11-14,90.33,90.97,88.58,89.23,86.03,82.94,79.48,97.59,101.24,83.9559,1,83.1270,1,128589,83220,2.3246,1.2926,1.0320,11.21
2024-11-15,88.34,88.78,85.50,86.32,86.57,83.18,79.81,97.53,101.08,83.9559,1,84.4532,1,153339,83135,2.1668,1.4674,0.6993,7.70
2024-11-18,87.11,87.33,84.47,86.06,87.22,83.46,80.11,97.47,100.88,83.9559,1,92.6000,0,106353,81531,1.9977,1.5735,0.4242,9.78
2024-11-19,85.52,88.48,85.49,88.27,87.80,83.90,80.43,97.43,100.71,83.9559,1,92.4374,0,165268,82981,2.0187,1.6625,0.3562,11.21
2024-11-20,88.77,88.88,87.21,88.58,88.13,84.45,80.71,97.38,100.55,83.9559,1,92.2781,0,111115,83050,2.0370,1.7374,0.2995,12.18
2024-11-21,92.30,94.68,91.47,94.13,88.94,85.23,81.12,97.37,100.39,84.3656,1,84.4700,1,501233,90813,2.4708,1.8841,0.5867,14.69
2024-11-22,117.60,118.18,106.53,108.03,91.05,86.67,81.78,97.43,100.30,97.3015,1,84.6742,1,835990,105716,3.8913,2.2855,1.6058,30.82
2024-11-25,114.00,116.23,110.35,111.48,93.20,88.27,82.49,97.49,100.20,97.3015,1,86.0144,1,408084,112482,5.2351,2.8755,2.3597,33.60
2024-11-26,111.00,112.62,109.21,111.53,95.38,89.79,83.22,97.55,100.12,97.3015,1,87.3011,1,205862,115203,6.2323,3.5468,2.6855,57.87
2024-11-27,111.05,112.55,108.20,110.13,97.38,91.25,83.92,97.58,100.06,97.3015,1,88.5362,1,164843,117400,6.8309,4.2036,2.6273,56.79
2024-11-29,110.17,112.38,109.30,109.46,99.40,92.71,84.58,97.60,99.97,97.3015,1,89.7220,1,89932,117756,7.1686,4.7966,2.3719,55.87
2024-12-02,109.63,113.27,109.11,113.09,102.08,94.32,85.32,97.66,99.88,97.3015,1,90.8603,1,195533,119733,7.6410,5.3655,2.2755,62.89
2024-12-03,111.15,114.96,111.00,112.94,104.76,95.99,86.04,97.73,99.79,98.8452,1,91.9531,1,157619,121824,7.9121,5.8748,2.0373,66.02
2024-12-04,114.80,118.03,113.86,116.22,107.56,97.68,86.80,97.80,99.74,101.6967,1,93.0022,1,204396,124645,8.2960,6.3591,1.9369,68.72
2024-12-05,113.44,113.50,110.51,111.53,109.85,98.99,87.46,97.83,99.70,101.6967,1,94.0093,1,306574,129120,8.1281,6.7129,1.4152,62.81
2024-12-06,113.27,113.60,110.91,110.98,111.54,100.24,88.13,97.87,99.61,101.6967,1,94.9761,1,175992,131188,7.8600,6.9423,0.9177,58.72
2024-12-09,110.00,111.00,107.50,107.86,111.52,101.29,88.74,97.87,99.50,101.6967,1,95.9043,1,253989,135180,7.3116,7.0161,0.2954,57.14
2024-12-10,106.50,108.46,102.87,103.81,110.75,101.98,89.28,97.85,99.37,101.6967,1,96.7953,1,166989,136997,6.4754,6.9080,-0.4326,49.85
2024-12-11,106.00,107.52,104.81,107.04,110.31,102.84,89.92,97.86,99.25,101.6967,1,97.6507,1,137000,137666,6.0042,6.7273,-0.7230,55.79
2024-12-12,106.29,108.20,106.05,107.26,110.02,103.70,90.54,97.88,99.14,101.6967,1,98.4718,1,78353,136771,5.5842,6.4986,-0.9145,58.93
2024-12-13,107.85,108.14,103.27,104.05,109.48,104.44,91.09,97.86,98.99,101.6967,1,99.2602,1,154670,138474,4.9354,6.1860,-1.2506,55.75
2024-12-16,103.69,105.98,103.24,104.61,108.63,105.35,91.61,97.84,98.93,101.6967,1,100.0170,1,100164,139004,4.4155,5.8319,-1.4164,57.06
2024-12-17,106.66,107.46,105.02,107.25,108.06,106.41,92.21,97.83,98.92,101.6967,1,100.7435,1,165004,140810,4.1684,5.4992,-1.3308,61.34
2024-12-18,107.01,108.41,102.78,103.91,106.83,107.19,92.76,97.78,98.90,101.6967,1,101.4409,1,201731,143510,3.6609,5.1315,-1.4706,62.07
2024-12-19,105.67,106.88,103.37,103.71,106.05,107.95,93.23,97.75,98.87,101.6967,1,102.1105,1,122741,143706,3.2056,4.7464,-1.5407,61.15
2024-12-20,102.07,104.89,101.14,103.63,105.31,108.43,93.66,97.71,98.86,101.6967,1,118.1800,0,192617,145856,2.8060,4.3583,-1.5523,56.59
2024-12-23,104.08,104.17,102.10,102.67,104.79,108.16,94.06,97.66,98.84,101.6967,1,117.8392,0,130134,145484,2.3844,3.9635,-1.5791,56.52
2024-12-24,102.56,104.26,102.38,103.62,104.78,107.77,94.47,97.62,98.84,101.6967,1,117.5052,0,35345,143748,2.1026,3.5913,-1.4887,57.67
2024-12-26,102.96,104.02,102.67,103.62,104.43,107.37,94.90,97.59,98.83,101.6967,1,117.1779,0,79383,143924,1.8579,3.2447,-1.3867,56.56
2024-12-27,103.14,103.32,100.40,101.52,103.86,106.94,95.29,97.56,98.81,112.1786,0,116.8572,0,73237,144131,1.4775,2.8912,-1.4137,55.51
2024-12-30,100.00,100.62,97.98,100.28,103.48,106.48,95.65,97.53,98.79,109.6488,0,116.1989,0,86842,143733,1.0637,2.5257,-1.4620,51.23
2024-12-31,100.63,101.01,98.22,99.08,102.93,105.78,96.00,97.52,98.78,109.6488,0,115.1057,0,101874,143831,0.6317,2.1469,-1.5152,48.03
2025-01-02,101.79,101.79,98.76,99.10,102.11,105.09,96.37,97.50,98.77,109.6488,0,114.0782,0,111973,144607,0.2876,1.7750,-1.4875,45.76
2025-01-03,99.81,101.86,99.81,101.40,101.86,104.35,96.81,97.55,98.77,109.6488,0,113.1123,0,124174,145655,0.1982,1.4597,-1.2615,49.17
2025-01-06,102.51,103.06,100.68,101.67,101.66,103.85,97.29,97.54,98.76,109.6488,0,112.2044,0,114125,146539,0.1474,1.1972,-1.0498,52.33
2025-01-07,102.16,102.41,98.30,98.68,101.16,103.24,97.70,97.51,98.75,109.6488,0,111.3509,0,107058,147259,-0.1326,0.9313,-1.0638,43.77
2025-01-08,98.31,99.00,96.53,98.04,100.70,102.75,98.07,97.48,98.73,107.3880,0,110.5486,0,98589,148265,-0.4014,0.6647,-1.0662,41.33
2025-01-10,96.50,98.29,96.22,97.47,100.09,102.43,98.43,97.41,98.71,106.5367,0,109.4272,0,122841,149553,-0.6530,0.4012,-1.0542,44.40
2025-01-13,96.28,96.96,95.11,96.02,99.33,101.88,98.73,97.30,98.69,105.0966,0,108.1064,0,94052,150782,-0.9583,0.1293,-1.0876,39.47
2025-01-14,97.21,99.34,97.21,97.99,98.97,101.42,99.07,97.21,98.68,105.0966,0,106.5469,0,92855,151520,-1.0295,-0.1025,-0.9270,41.24
2025-01-15,100.46,101.76,98.60,99.18,98.86,101.17,99.45,97.12,98.67,105.0966,0,105.1744,0,163230,153827,-0.9786,-0.2777,-0.7009,40.47
2025-01-16,98.28,100.36,97.64,99.97,98.95,100.94,99.83,97.04,98.67,105.0966,0,103.9667,0,154634,155893,-0.8645,-0.3951,-0.4694,42.28
2025-01-17,100.98,101.59,100.00,100.39,99.08,100.60,100.25,96.94,98.68,105.0966,0,102.9039,0,113099,156889,-0.7318,-0.4624,-0.2694,43.96
2025-01-21,101.04,102.15,99.10,100.36,98.98,100.42,100.61,96.86,98.69,105.0966,0,95.1100,1,103491,157950,-0.6218,-0.4943,-0.1275,41.10
2025-01-22,101.05,101.95,100.47,101.18,98.93,100.29,100.92,96.78,98.71,105.0966,0,95.2508,1,89261,158020,-0.4632,-0.4881,0.0249,43.87
2025-01-23,100.82,105.37,100.82,104.09,99.47,100.32,101.29,96.72,98.74,105.0966,0,95.3888,1,172269,160383,-0.1015,-0.4107,0.3093,53.83
2025-01-24,105.45,107.40,104.18,104.36,100.10,100.40,101.63,96.68,98.77,105.0966,0,95.7880,1,118177,161390,0.2046,-0.2877,0.4923,52.11
2025-01-27,101.69,107.96,100.57,104.92,100.85,100.47,101.93,96.66,98.81,105.0966,0,96.4848,1,176402,162578,0.4867,-0.1328,0.6195,50.27
2025-01-28,106.07,117.55,105.74,117.25,102.97,101.15,102.48,96.71,98.90,98.5272,1,97.4028,1,396094,168923,1.6858,0.2309,1.4549,71.13
2025-01-29,116.24,117.00,110.65,113.29,104.50,101.74,102.95,96.74,98.97,100.0389,1,99.4175,1,216259,171188,2.2902,0.6428,1.6474,65.52
2025-01-30,111.98,114.08,110.55,110.60,105.64,102.25,103.37,96.75,99.03,100.0389,1,101.2307,1,127765,171171,2.5230,1.0188,1.5042,60.03
2025-01-31,112.29,114.41,111.51,112.58,106.90,102.93,103.90,96.77,99.12,100.0389,1,102.8627,1,132045,170745,2.8346,1.3820,1.4526,63.46
2025-02-03,108.48,112.97,107.67,111.52,108.01,103.55,104.41,96.75,99.20,100.0389,1,104.3314,1,87409,170366,2.9619,1.6979,1.2639,62.00
2025-02-04,114.44,115.58,112.42,115.45,109.52,104.25,104.95,96.76,99.31,100.6081,1,105.6533,1,143204,169925,3.3413,2.0266,1.3147,67.11
2025-02-05,113.89,115.06,112.92,114.73,110.88,104.90,105.47,96.75,99.41,101.1783,1,106.8429,1,86724,169437,3.5431,2.3299,1.2132,63.77
2025-02-06,115.01,116.24,113.84,114.30,111.90,105.68,105.88,96.75,99.50,102.7895,1,107.9136,1,124656,161906,3.6265,2.5892,1.0373,63.15
2025-02-07,115.00,116.30,112.16,112.96,112.76,106.43,105.98,96.73,99.57,102.7895,1,108.8773,1,71504,146616,3.5436,2.7801,0.7635,60.77
2025-02-10,114.71,118.84,114.14,116.39,113.91,107.38,106.07,96.74,99.64,103.6853,1,109.7446,1,211958,142693,3.7120,2.9665,0.7455,64.69
2025-02-11,115.50,117.93,114.21,115.18,113.70,108.33,106.15,96.74,99.70,103.6853,1,110.8360,1,117990,140936,3.7050,3.1142,0.5908,60.89
2025-02-12,113.84,118.12,113.02,117.76,114.15,109.32,106.30,96.77,99.76,103.6853,1,111.7965,1,119373,140027,3.8631,3.2640,0.5992,65.57
2025-02-13,116.68,117.92,112.00,117.59,114.85,110.24,106.46,96.79,99.81,103.6853,1,118.8400,0,124398,140716,3.9294,3.3971,0.5324,62.50
2025-02-14,117.45,118.46,113.13,113.13,114.90,110.90,106.46,96.74,99.86,103.6853,1,118.7032,0,138777,139581,3.5808,3.4338,0.1470,56.70
2025-02-18,113.14,115.10,111.50,114.91,115.24,111.63,106.50,96.69,99.92,103.6853,1,118.5691,0,122218,138873,3.4089,3.4288,-0.0199,67.19
2025-02-19,114.04,114.35,110.80,111.51,114.85,112.18,106.41,96.64,99.95,103.6853,1,118.4600,0,93412,136653,2.9641,3.3359,-0.3718,64.61
2025-02-20,110.80,110.80,106.83,109.61,114.33,112.61,106.37,96.58,99.97,103.6853,1,118.0004,0,114203,132806,2.4303,3.1548,-0.7245,64.65
2025-02-21,111.20,111.20,105.81,106.38,113.54,112.72,106.28,96.52,99.97,103.6853,1,117.1068,0,97019,131226,1.7267,2.8692,-1.1425,59.20
2025-02-24,107.14,107.29,100.64,104.91,112.74,112.75,106.22,96.48,99.96,103.6853,1,115.9771,0,146916,129085,1.0385,2.5030,-1.4645,54.09
2025-02-25,103.78,104.90,100.00,102.87,111.39,112.65,106.20,96.42,99.94,116.7534,0,114.1366,0,134204,128429,0.3247,2.0674,-1.7426,38.83
2025-02-26,104.10,105.62,103.00,103.52,110.22,111.96,106.13,96.36,99.93,116.7534,0,112.1575,0,132350,128336,-0.1863,1.6166,-1.8029,52.50
2025-02-27,107.00,107.99,101.02,101.28,108.57,111.36,106.01,96.25,99.91,116.7534,0,110.4555,0,256836,131906,-0.7633,1.1406,-1.9039,48.08
2025-02-28,113.00,117.49,111.13,116.36,108.45,111.65,106.26,96.29,99.96,116.7534,0,100.0000,1,485326,138519,-0.0037,0.9118,-0.9154,75.53
2025-03-03,115.39,116.00,106.60,107.15,107.85,111.38,106.31,96.24,99.96,116.7534,0,100.3498,1,238023,141276,-0.1432,0.7008,-0.8440,64.01
2025-03-04,106.64,109.70,103.80,107.95,107.15,111.20,106.32,96.21,99.95,116.7534,0,100.6926,1,200258,141981,-0.1870,0.5232,-0.7103,68.93
2025-03-05,106.91,109.92,106.15,109.63,106.97,110.91,106.44,96.19,99.95,116.7534,0,101.0286,1,131117,140569,-0.0852,0.4015,-0.4868,68.96
2025-03-06,105.99,106.57,99.24,99.35,105.94,110.14,106.35,96.15,99.90,116.7534,0,117.4900,0,164613,141406,-0.8246,0.1563,-0.9809,47.04
2025-03-07,98.52,99.49,91.21,95.00,104.80,109.17,106.18,96.05,99.83,115.3013,0,117.1250,0,228532,142125,-1.7414,-0.2232,-1.5182,36.93
2025-03-10,92.21,92.72,89.15,91.18,103.43,108.08,105.95,95.94,99.73,110.6462,0,116.0884,0,302581,145574,-2.7447,-0.7275,-2.0171,37.96
2025-03-11,90.90,99.45,89.95,97.09,102.85,107.12,105.81,95.91,99.67,110.6462,0,114.4721,0,384836,152563,-3.0279,-1.1876,-1.8403,52.30
2025-03-12,100.25,101.31,96.54,98.56,102.35,106.29,105.71,95.90,99.62,110.6462,0,112.9528,0,142833,153832,-3.0981,-1.5697,-1.5284,59.24
2025-03-13,97.09,98.30,91.25,91.67,101.39,104.98,105.52,95.83,99.55,110.6462,0,111.5246,0,202536,156418,-3.6674,-1.9892,-1.6782,45.09
2025-03-14,92.94,95.49,92.60,95.10,99.27,103.86,105.41,95.79,99.50,110.6462,0,110.1821,0,111086,156903,-3.7980,-2.3510,-1.4470,48.72
2025-03-17,94.37,96.68,94.04,95.30,98.08,102.97,105.34,95.73,99.47,110.6462,0,108.9202,0,109452,157055,-3.8411,-2.6490,-1.1921,48.52
2025-03-18,94.56,94.95,91.52,93.79,96.67,101.91,105.23,95.65,99.43,110.6462,0,107.7340,0,81691,156449,-3.9516,-2.9095,-1.0420,44.39
2025-03-19,94.21,96.48,93.15,95.32,95.24,101.10,105.11,95.61,99.44,110.6462,0,106.6189,0,77457,155515,-3.8710,-3.1018,-0.7692,41.86
2025-03-20,94.60,95.83,93.79,94.81,94.78,100.36,104.97,95.52,99.40,110.4725,0,105.5708,0,66120,154555,-3.8045,-3.2424,-0.5621,41.74
2025-03-21,93.68,97.24,91.95,97.21,95.00,99.90,104.94,95.47,99.37,110.2783,0,104.5856,0,110606,154626,-3.5175,-3.2974,-0.2201,45.77
2025-03-24,98.51,101.98,97.97,101.61,96.05,99.74,105.01,95.42,99.36,110.2783,0,103.6594,0,119747,155049,-2.9016,-3.2182,0.3166,53.56
2025-03-25,102.17,103.79,101.43,102.42,96.58,99.71,105.11,95.38,99.34,110.2783,0,89.1500,1,83206,154256,-2.3214,-3.0389,0.7175,56.97
2025-03-26,102.00,102.20,98.17,99.36,96.66,99.51,105.18,95.30,99.27,110.2783,0,89.4428,1,69204,153759,-2.0845,-2.8480,0.7635,51.65
2025-03-27,98.25,98.25,94.62,95.06,97.00,99.20,105.12,95.20,99.18,110.2783,0,89.7297,1,83054,153563,-2.2181,-2.7220,0.5039,44.47
2025-03-28,93.81,94.32,89.76,91.68,96.66,97.96,104.97,95.07,99.08,106.6584,0,103.7900,0,97997,152258,-2.5672,-2.6911,0.1239,42.15
2025-03-31,89.67,90.28,86.08,89.10,96.04,97.06,104.75,94.96,98.97,103.0165,0,103.5094,0,107820,151322,-3.0172,-2.7563,-0.2609,37.66
2025-04-01,89.57,92.22,88.74,91.34,95.79,96.23,104.57,94.87,98.85,103.0165,0,102.8122,0,125985,151580,-3.1567,-2.8364,-0.3203,40.61
2025-04-02,89.42,93.04,89.37,91.39,95.40,95.32,104.39,94.76,98.74,103.0165,0,102.1429,0,142797,152366,-3.2260,-2.9143,-0.3117,39.15
2025-04-03,86.81,87.36,80.28,82.21,94.14,94.46,104.01,94.61,98.59,99.8054,0,101.5004,0,225395,155089,-3.9759,-3.1266,-0.8493,34.76
2025-04-04,79.05,79.23,73.72,76.14,92.03,93.52,103.46,94.43,98.40,93.4088,0,100.2272,0,198802,155619,-5.0023,-3.5018,-1.5006,30.74
2025-04-07,71.43,79.59,70.15,74.64,89.33,92.69,102.86,94.23,98.23,92.9424,0,98.1066,0,246596,158188,-5.8691,-3.9752,-1.8939,29.84
2025-04-08,77.62,78.75,72.26,73.36,86.43,91.50,102.23,94.22,98.05,92.9424,0,95.3110,0,119408,157048,-6.5835,-4.4969,-2.0866,32.32
2025-04-09,73.02,84.85,71.56,83.35,84.83,90.74,101.55,94.28,97.92,92.9424,0,92.7949,0,152472,152175,-6.2712,-4.8518,-1.4195,34.50
2025-04-10,80.53,81.31,76.77,78.78,83.20,90.10,100.86,94.32,97.77,92.9424,0,90.5304,0,103966,149930,-6.3197,-5.1453,-1.1743,34.16
2025-04-11,79.05,80.04,76.50,79.83,82.01,89.33,100.25,94.37,97.63,92.9424,0,88.4923,0,100722,149389,-6.2018,-5.3566,-0.8452,32.72
2025-04-14,82.46,82.76,79.14,79.42,81.05,88.54,99.58,94.43,97.47,92.9424,0,86.6581,0,90539,148559,-6.0715,-5.4996,-0.5719,31.15
2025-04-15,79.00,80.82,78.63,79.95,79.91,87.85,98.95,94.49,97.30,92.9424,0,85.0073,0,146356,149738,-5.8580,-5.5713,-0.2867,32.33
2025-04-16,78.63,79.94,76.59,78.79,78.65,87.02,98.22,94.53,97.12,92.9424,0,83.5216,0,135298,149579,-5.7165,-5.6003,-0.1161,33.21
2025-04-17,78.71,79.39,76.64,77.87,78.21,86.18,97.48,94.56,96.93,92.9424,0,82.1844,0,68946,149224,-5.6138,-5.6030,-0.0108,30.64
2025-04-21,76.84,77.28,74.17,75.67,78.17,85.10,96.71,94.57,96.74,91.0084,0,80.9810,0,154246,149816,-5.6449,-5.6114,-0.0335,30.95
2025-04-22,76.70,77.35,75.42,76.39,78.34,83.84,95.98,94.58,96.54,90.7190,0,79.8979,0,159938,151584,-5.5475,-5.5986,0.0511,27.47
2025-04-23,80.21,82.38,77.08,77.54,78.76,82.59,95.20,94.59,96.36,90.7190,0,70.1500,1,208831,151522,-5.3163,-5.5422,0.2259,26.37
2025-04-24,78.25,82.53,78.00,82.12,78.64,81.73,94.54,94.63,96.19,90.7190,0,70.3946,1,223851,153639,-4.7091,-5.3756,0.6664,30.22
2025-04-25,81.80,84.63,81.39,84.22,79.18,81.19,93.87,94.70,96.05,90.7190,0,70.8800,1,152674,154305,-4.0123,-5.1029,1.0906,27.54
2025-04-28,84.30,85.36,83.36,84.80,79.68,80.85,93.21,94.75,95.89,90.7190,0,71.7050,1,157474,154966,-3.3743,-4.7572,1.3829,29.41
2025-04-29,85.86,86.66,84.67,85.97,80.33,80.69,92.67,94.82,95.72,90.7190,0,72.7974,1,98264,154156,-2.7427,-4.3543,1.6116,31.66
2025-04-30,83.65,86.20,82.61,86.20,80.96,80.43,92.10,94.88,95.54,90.7190,0,74.1837,1,174831,155208,-2.1982,-3.9231,1.7248,30.02
2025-05-01,88.20,88.50,86.03,86.30,81.71,80.18,91.59,94.93,95.38,90.7190,0,75.4313,1,148186,156304,-1.7387,-3.4862,1.7475,29.68
2025-05-02,87.56,87.56,82.57,82.92,82.21,80.21,91.06,94.96,95.20,90.7190,0,76.9995,1,228337,158587,-1.6284,-3.1146,1.4863,21.43
2025-05-05,82.45,84.18,82.11,83.26,82.97,80.57,90.59,95.00,95.04,90.7190,0,78.3796,1,177485,160196,-1.4963,-2.7910,1.2947,23.34
2025-05-06,81.97,83.71,81.03,82.85,83.62,80.98,90.15,95.04,94.90,90.7190,0,79.5941,1,143703,160132,-1.4085,-2.5145,1.1060,23.61
2025-05-07,83.05,84.89,82.77,84.52,84.32,81.54,89.79,95.09,94.76,90.7190,0,80.6628,1,119866,159845,-1.1904,-2.2497,1.0592,24.71
2025-05-08,85.20,86.51,84.36,86.27,84.73,81.68,89.44,95.16,94.63,90.7190,0,81.0300,1,122089,159640,-0.8664,-1.9730,1.1066,23.03
2025-05-09,86.83,87.12,84.71,85.56,84.86,82.02,89.13,95.22,94.47,90.7190,0,81.9264,1,85620,156215,-0.6593,-1.7103,1.0510,22.39
2025-05-12,89.64,92.92,88.61,92.76,85.66,82.67,88.66,95.33,94.38,79.5082,1,82.7152,1,208330,150675,0.0848,-1.3512,1.4361,24.25
2025-05-13,92.58,94.85,92.06,93.50,86.41,83.37,88.38,95.43,94.28,82.4868,1,84.1439,1,125851,148432,0.7259,-0.9358,1.6617,26.19
2025-05-14,93.71,94.86,92.83,93.07,87.10,84.03,88.08,95.54,94.18,83.3647,1,85.8569,1,160080,147629,1.1856,-0.5115,1.6971,31.30
2025-05-15,92.11,93.45,91.25,92.19,87.69,84.70,87.74,95.64,94.08,83.3647,1,87.4774,1,269195,150390,1.4621,-0.1168,1.5789,29.23
2025-05-16,92.14,93.14,91.53,92.32,88.63,85.42,87.60,95.73,94.01,83.3647,1,88.8063,1,144527,149988,1.6724,0.2410,1.4313,31.14
2025-05-19,90.50,92.31,89.77,92.29,89.53,86.25,87.54,95.79,93.92,83.3647,1,94.8600,0,202244,149463,1.8157,0.5559,1.2597,29.84
2025-05-20,91.48,95.15,91.25,94.17,90.66,87.14,87.60,95.87,93.86,83.5930,1,89.7700,1,219228,147796,2.0572,0.8562,1.2010,32.02
2025-05-21,92.83,93.53,90.12,90.65,91.28,87.80,87.47,95.92,93.80,83.5930,1,89.7700,1,186041,143820,1.9422,1.0734,0.8688,26.95
2025-05-22,91.20,93.57,90.71,93.00,91.95,88.34,87.36,95.99,93.76,83.5930,1,89.8776,1,196797,144899,2.0175,1.2622,0.7553,43.23
2025-05-23,90.75,92.89,90.00,92.25,92.62,88.74,87.37,96.06,93.72,83.5930,1,89.9830,1,105322,142955,1.9936,1.4085,0.5851,40.70
2025-05-27,93.79,94.29,92.37,92.85,92.63,89.14,87.33,96.13,93.68,84.0095,1,90.0000,1,242459,145582,2.0001,1.5268,0.4732,38.72
2025-05-28,92.83,93.88,91.98,92.37,92.52,89.46,87.27,96.20,93.61,84.0095,1,90.0000,1,140818,146209,1.9440,1.6103,0.3338,31.30
2025-05-29,92.84,93.57,90.42,92.03,92.41,89.76,87.23,96.28,93.55,84.0095,1,90.1030,1,303892,150653,1.8508,1.6584,0.1925,33.58
2025-05-30,77.83,83.25,77.00,80.87,91.28,89.48,86.94,96.29,93.44,92.7408,0,95.1500,0,713152,163367,0.8665,1.5000,-0.6335,17.03
2025-06-02,80.87,82.95,78.69,81.70,90.22,89.42,86.68,96.32,93.31,92.7408,0,94.7870,0,257322,167191,0.1516,1.2303,-1.0787,17.72
2025-06-03,81.60,84.02,80.45,83.71,89.36,89.45,86.41,96.35,93.20,92.7408,0,94.4313,0,266834,170316,-0.2499,0.9343,-1.1841,20.91
2025-06-04,83.46,86.17,83.46,83.83,88.33,89.50,86.06,96.38,93.08,92.7408,0,94.0826,0,159093,171103,-0.5520,0.6370,-1.1890,24.45
2025-06-05,84.55,87.84,84.50,86.29,87.89,89.58,85.73,96.43,92.97,92.7408,0,93.7410,0,209823,173635,-0.5862,0.3924,-0.9786,29.78
2025-06-06,87.14,87.50,85.79,86.39,87.23,89.59,85.47,96.46,92.84,92.7408,0,93.4062,0,159476,175441,-0.5983,0.1943,-0.7925,25.29
2025-06-09,86.92,87.62,85.63,85.71,86.58,89.60,85.29,96.49,92.72,92.7408,0,93.0780,0,169894,177177,-0.6552,0.0244,-0.6796,22.09
2025-06-10,85.54,86.74,84.50,84.72,85.76,89.20,85.15,96.52,92.59,92.7408,0,92.7565,0,168381,178585,-0.7713,-0.1348,-0.6365,21.52
2025-06-11,84.56,85.44,82.88,83.17,84.84,88.68,85.03,96.54,92.48,92.7408,0,92.4414,0,154364,179516,-0.9771,-0.3033,-0.6739,19.73
2025-06-12,82.77,85.22,82.77,83.25,83.96,88.19,84.87,96.56,92.37,92.7408,0,92.1325,0,95330,178903,-1.1209,-0.4668,-0.6541,20.11
2025-06-13,81.79,82.47,79.12,79.39,83.82,87.55,84.63,96.54,92.23,90.8853,0,91.8299,0,206025,180167,-1.5287,-0.6792,-0.8495,16.34
2025-06-16,80.12,81.54,79.53,81.18,83.76,86.99,84.61,96.52,92.11,90.2612,0,91.5333,0,229488,180249,-1.6879,-0.8809,-0.8070,17.06
2025-06-17,80.91,84.25,80.40,84.06,83.80,86.58,84.77,96.50,92.01,90.2612,0,91.2426,0,163900,179551,-1.5637,-1.0175,-0.5462,21.36
2025-06-18,84.35,84.51,82.51,83.43,83.76,86.04,84.94,96.48,91.91,90.2612,0,90.9578,0,91448,176448,-1.4988,-1.1137,-0.3851,19.42
2025-06-20,83.75,84.55,81.53,82.00,83.33,85.61,85.11,96.43,91.94,90.2612,0,90.6786,0,186115,177782,-1.5450,-1.2000,-0.3450,17.59
2025-06-23,81.53,83.44,79.98,82.12,82.90,85.07,85.09,96.37,91.98,90.2612,0,90.4050,0,113983,177013,-1.5540,-1.2708,-0.2832,16.98
2025-06-24,83.27,84.36,82.50,83.91,82.72,84.65,85.19,96.33,92.04,90.2612,0,90.1369,0,126503,177463,-1.4005,-1.2967,-0.1038,18.85
2025-06-25,84.56,84.66,80.77,80.98,82.35,84.06,85.22,96.28,92.08,90.2612,0,89.8742,0,148031,178410,-1.4981,-1.3370,-0.1611,17.59
2025-06-26,81.60,82.95,80.50,82.61,82.29,83.57,85.28,96.25,92.14,90.2612,0,89.6167,0,95530,178509,-1.4274,-1.3551,-0.0723,18.50
2025-06-27,83.72,84.26,82.03,82.69,82.24,83.10,85.33,96.23,92.20,90.2612,0,89.3644,0,135769,178298,-1.3494,-1.3539,0.0046,19.22
2025-06-30,83.50,84.57,82.81,84.33,82.73,83.27,85.45,96.20,92.26,90.2612,0,89.1171,0,140106,178394,-1.1420,-1.3116,0.1695,20.74
2025-07-01,83.86,85.27,82.45,83.71,82.98,83.37,85.56,96.17,92.31,90.2612,0,88.8747,0,118081,179377,-1.0160,-1.2525,0.2364,18.92
2025-07-02,83.48,85.10,82.87,84.20,83.00,83.40,85.73,96.11,92.36,90.2612,0,88.6372,0,122839,178748,-0.8667,-1.1753,0.3086,18.88
2025-07-03,85.22,88.80,85.18,87.20,83.38,83.57,85.95,95.97,92.42,90.2612,0,77.0000,1,105730,177664,-0.5004,-1.0403,0.5399,25.49
2025-07-07,86.87,87.46,85.48,86.28,83.80,83.57,86.12,95.80,92.47,90.2612,0,77.2360,1,131663,176121,-0.2812,-0.8885,0.6073,27.42
2025-07-08,86.47,87.13,85.08,86.07,84.20,83.55,86.20,95.63,92.53,90.2612,0,77.4673,1,110299,173850,-0.1230,-0.7354,0.6124,23.77
2025-07-09,86.91,87.19,85.77,86.56,84.46,83.59,86.25,95.47,92.58,90.2612,0,77.6939,1,111195,173020,0.0415,-0.5800,0.6215,21.42
2025-07-10,86.45,86.45,83.27,84.70,84.83,83.59,86.25,95.31,92.63,90.2612,0,77.9161,1,151223,172895,0.0215,-0.4597,0.4812,16.97
2025-07-11,84.40,85.28,83.00,84.27,85.00,83.65,86.21,95.12,92.67,90.2612,0,78.1337,1,127147,173473,-0.0287,-0.3735,0.3448,19.29
2025-07-14,83.94,86.54,83.66,85.25,85.26,83.75,86.19,94.93,92.71,90.2612,0,78.3471,1,147679,172930,0.0104,-0.2967,0.3072,22.31
2025-07-15,85.69,86.40,83.81,84.03,85.23,83.98,86.15,94.72,92.74,90.2612,0,78.5561,1,120205,172370,-0.0563,-0.2486,0.1923,23.60
2025-07-16,84.60,85.16,83.28,85.04,85.36,84.17,86.19,94.54,92.77,90.2612,0,78.7610,1,73543,169274,-0.0274,-0.2044,0.1770,25.35
2025-07-17,85.53,86.70,84.99,86.30,85.57,84.28,86.25,94.37,92.81,90.2612,0,78.9618,1,85955,167444,0.0961,-0.1443,0.2404,30.74
2025-07-18,86.62,86.94,84.94,86.79,85.53,84.45,86.33,94.23,92.86,90.2612,0,79.1585,1,89185,166353,0.2308,-0.0693,0.3001,32.00
2025-07-21,87.00,87.55,85.61,86.86,85.59,84.70,86.38,94.12,92.91,90.2612,0,79.3514,1,102147,165999,0.3393,0.0124,0.3269,32.91
2025-07-22,87.19,88.49,86.61,87.35,85.71,84.96,86.40,93.99,92.97,90.2612,0,79.5403,1,67277,164903,0.4595,0.1018,0.3577,31.43
2025-07-23,87.77,88.00,86.27,86.99,85.76,85.11,86.43,93.85,93.03,90.2612,0,79.7255,1,82884,164848,0.5198,0.1854,0.3343,20.11
2025-07-24,87.45,89.00,87.32,88.71,86.16,85.50,86.35,93.75,93.09,90.2612,0,79.9070,1,97714,162636,0.6983,0.2880,0.4103,23.95
2025-07-25,89.23,91.12,88.64,89.86,86.72,85.86,86.27,93.65,93.14,90.2612,0,80.2707,1,106619,162251,0.9219,0.4148,0.5071,26.72
2025-07-28,90.61,90.98,88.84,88.86,87.08,86.17,86.19,93.53,93.20,90.2612,0,80.9217,1,76189,160573,1.0068,0.5332,0.4736,23.03
2025-07-29,89.88,90.76,87.63,88.78,87.55,86.39,86.12,93.43,93.26,90.2612,0,81.5336,1,84812,156886,1.0555,0.6377,0.4178,23.98
2025-07-30,88.81,89.00,86.40,87.99,87.85,86.60,86.03,93.33,93.30,90.2612,0,82.1088,1,67682,155349,1.0186,0.7138,0.3048,23.57
2025-07-31,88.30,88.30,83.55,83.70,87.59,86.58,85.86,93.19,93.31,90.2612,0,82.6495,1,128865,153881,0.6358,0.6982,-0.0624,21.47
2025-08-01,82.17,82.56,79.33,79.58,86.87,86.20,85.57,93.04,93.29,89.3396,0,91.1200,0,97223,151441,0.0001,0.5586,-0.5585,16.00
2025-08-04,81.00,81.26,79.67,80.53,86.23,85.91,85.37,92.89,93.28,88.5242,0,90.8842,0,110374,149928,-0.4223,0.3624,-0.7847,14.71
2025-08-05,81.04,81.44,79.63,80.09,85.51,85.61,85.11,92.73,93.27,88.3313,0,90.6531,0,131235,148616,-0.7834,0.1333,-0.9167,11.97
2025-08-06,80.48,80.97,78.88,80.64,84.87,85.32,84.88,92.59,93.26,87.5686,0,90.4267,0,194125,150392,-1.0136,-0.0961,-0.9175,13.04
2025-08-07,82.00,82.82,75.05,76.37,83.64,84.90,84.55,92.43,93.23,87.5686,0,89.9648,0,127859,148100,-1.5230,-0.3815,-1.1415,8.60
2025-08-08,75.76,76.00,72.15,74.51,82.10,84.41,84.19,92.27,93.20,83.6302,0,89.0699,0,212070,149526,-2.0532,-0.7158,-1.3373,7.46
2025-08-11,74.06,75.00,72.24,72.54,80.47,83.78,83.80,92.09,93.16,83.0477,0,87.7163,0,119756,145843,-2.6023,-1.0931,-1.5091,7.42
2025-08-12,73.00,73.58,72.07,73.12,78.91,83.23,83.65,91.90,93.13,81.7629,0,86.4710,0,121489,134010,-2.9565,-1.4658,-1.4907,6.51
2025-08-13,74.00,76.48,73.00,76.38,77.75,82.80,83.54,91.73,93.12,81.7629,0,85.0309,0,111622,131096,-2.9404,-1.7607,-1.1796,6.77
2025-08-14,75.48,76.78,75.01,76.42,77.02,82.30,83.39,91.58,93.11,81.7629,0,83.7348,0,122509,128209,-2.8910,-1.9868,-0.9042,7.72
2025-08-15,77.00,78.22,76.25,77.26,76.79,81.83,83.26,91.44,93.10,81.7629,0,82.5683,0,162331,128274,-2.7523,-2.1399,-0.6125,7.87
2025-08-18,77.51,78.76,76.81,78.52,76.58,81.41,83.11,91.32,93.10,81.7629,0,81.5185,0,60076,125279,-2.5118,-2.2143,-0.2976,7.23
2025-08-19,78.62,79.70,77.36,77.63,76.34,80.92,82.93,91.20,93.08,81.7629,0,80.5736,0,149042,125070,-2.3658,-2.2446,-0.1212,10.76
2025-08-20,77.19,77.81,75.50,77.11,75.99,80.43,82.76,91.06,93.06,81.7629,0,79.7233,0,140679,124486,-2.2659,-2.2488,-0.0170,9.89
2025-08-21,76.42,77.89,75.59,77.59,76.11,79.87,82.62,90.91,93.05,81.7629,0,79.7000,0,143891,123996,-2.1235,-2.2238,0.1003,10.42
2025-08-22,77.57,80.49,77.48,80.06,76.66,79.38,82.56,90.78,93.04,81.7629,0,72.0700,1,112444,123158,-1.7907,-2.1372,0.3465,9.62
2025-08-25,79.75,79.97,78.90,78.97,77.31,78.89,82.47,90.64,93.04,81.7629,0,72.2384,1,106128,123374,-1.5965,-2.0290,0.4325,9.70
2025-08-26,78.87,79.75,77.08,77.58,77.75,78.33,82.43,90.49,93.02,81.7629,0,72.4034,1,176479,122783,-1.5371,-1.9306,0.3936,8.63
2025-08-27,82.41,83.78,80.70,83.30,78.44,78.09,82.48,90.37,93.01,73.5752,1,72.5652,1,269734,123588,-1.0167,-1.7478,0.7312,19.41
2025-08-28,84.75,88.22,84.65,87.79,79.58,78.30,82.55,90.26,93.01,77.1607,1,73.0138,1,435930,129028,-0.2392,-1.4461,1.2069,28.90
2025-08-29,94.37,94.44,83.65,85.06,80.36,78.57,82.58,90.13,93.01,77.4611,1,73.9261,1,754184,142283,0.1549,-1.1259,1.2808,25.64
2025-09-02,83.80,85.26,82.69,85.09,81.02,78.80,82.65,90.00,92.98,77.4611,1,75.5672,1,244506,143451,0.4643,-0.8079,1.2722,27.88
2025-09-03,85.14,86.34,83.65,86.29,81.88,79.11,82.73,89.79,92.96,77.4611,1,77.0771,1,136174,143895,0.7971,-0.4869,1.2840,26.86
2025-09-04,85.58,85.58,83.11,84.71,82.64,79.31,82.74,89.60,92.94,77.4611,1,78.4661,1,168319,144731,0.9228,-0.2049,1.1277,22.57
2025-09-05,85.30,87.83,85.30,86.71,83.56,79.83,82.86,89.44,92.92,77.4611,1,79.7440,1,195991,145690,1.1702,0.0701,1.1001,28.22
2025-09-08,87.79,92.72,87.01,92.30,84.78,80.72,83.05,89.31,92.95,78.5125,1,80.9197,1,329889,150377,1.7967,0.4154,1.3813,41.34
2025-09-09,92.18,92.20,89.06,91.19,86.00,81.65,83.22,89.17,92.98,79.4408,1,82.0013,1,217689,152016,2.1785,0.7680,1.4105,41.30
2025-09-10,91.26,92.95,89.27,89.93,87.24,82.49,83.34,89.00,92.99,79.9357,1,82.9964,1,176371,152741,2.3523,1.0849,1.2674,37.70
2025-09-11,90.39,91.25,88.16,89.06,87.81,83.13,83.44,88.83,92.99,79.9357,1,83.9119,1,121896,152817,2.3922,1.3464,1.0459,33.97
2025-09-12,89.20,89.38,86.85,87.54,87.79,83.68,83.51,88.65,92.96,79.9357,1,84.7541,1,183922,154039,2.2750,1.5321,0.7429,31.36
2025-09-15,88.14,89.91,87.63,88.31,88.11,84.24,83.53,88.49,92.86,79.9357,1,85.5290,1,85564,153636,2.2187,1.6694,0.5493,29.47
2025-09-16,88.02,88.14,85.70,86.54,88.26,84.64,83.54,88.29,92.73,79.9357,1,94.4400,0,173400,154470,2.0081,1.7371,0.2709,26.55
2025-09-17,87.50,88.40,86.02,87.12,88.34,85.11,83.56,88.10,92.61,79.9357,1,94.2652,0,101617,154297,1.8665,1.7630,0.1034,28.63
2025-09-18,88.31,89.88,87.54,89.64,88.83,85.74,83.62,87.91,92.51,79.9357,1,94.0939,0,160124,155275,1.9352,1.7975,0.1378,34.08
2025-09-19,90.00,90.49,87.30,89.18,89.08,86.32,83.71,87.72,92.41,79.9357,1,93.9260,0,229879,156848,1.9304,1.8240,0.1064,35.05
2025-09-22,88.09,89.13,87.48,89.06,88.76,86.77,83.80,87.56,92.29,79.9357,1,93.7615,0,111307,156532,1.8950,1.8382,0.0568,37.50
2025-09-23,89.15,89.67,85.00,86.81,88.32,87.16,83.84,87.38,92.16,79.9357,1,93.6003,0,167474,156928,1.6662,1.8038,-0.1376,32.28
2025-09-24,87.52,88.21,85.66,85.87,87.91,87.58,83.87,87.20,92.01,79.9357,1,93.2563,0,61835,155760,1.3930,1.7217,-0.3287,30.16
2025-09-25,84.97,85.49,83.87,85.12,87.52,87.67,83.87,87.04,91.87,79.9357,1,92.9260,0,58529,155460,1.1032,1.5980,-0.4948,28.88
2025-09-26,85.11,86.04,84.50,85.95,87.36,87.57,83.87,86.90,91.75,79.9357,1,92.3826,0,124198,156225,0.9298,1.4643,-0.5345,30.73
2025-09-29,86.46,87.95,85.87,87.02,87.23,87.67,83.87,86.79,91.64,79.9357,1,91.8719,0,105338,156548,0.8687,1.3452,-0.4765,34.42
2025-09-30,87.01,87.09,82.80,84.49,87.03,87.64,83.82,86.66,91.55,79.9357,1,91.3918,0,125113,157007,0.6092,1.1980,-0.5889,27.61
2025-10-01,83.12,86.68,83.12,86.62,86.98,87.66,83.81,86.55,91.44,79.9357,1,90.7044,0,150459,158671,0.5687,1.0722,-0.5034,30.86
2025-10-02,87.00,89.07,86.35,87.58,86.77,87.80,83.82,86.46,91.35,79.9357,1,90.0721,0,95445,158922,0.6072,0.9792,-0.3720,33.28
2025-10-03,87.76,88.29,85.58,85.58,86.41,87.75,83.76,86.25,91.25,79.9357,1,89.4903,0,94814,158864,0.4708,0.8775,-0.4067,28.21
2025-10-06,84.40,86.40,83.21,84.04,85.91,87.33,83.64,86.10,91.15,79.9357,1,89.0700,0,185896,160449,0.2358,0.7492,-0.5134,27.68
2025-10-07,83.96,84.12,79.63,80.40,85.27,86.79,83.47,85.92,91.02,79.9357,1,88.5684,0,122361,161373,-0.2414,0.5511,-0.7924,22.88
2025-10-08,81.50,84.01,81.22,83.20,85.00,86.46,83.36,85.74,90.91,79.9357,1,87.6746,0,133819,162353,-0.3892,0.3630,-0.7522,26.01
2025-10-09,82.99,82.99,80.77,81.55,84.64,86.08,83.23,85.62,90.80,79.9357,1,86.8701,0,127577,163551,-0.6321,0.1640,-0.7961,24.69
2025-10-10,91.07,92.96,84.85,86.48,84.70,86.03,83.29,85.56,90.72,79.9357,1,79.6300,1,417223,169318,-0.4220,0.0468,-0.4688,42.86
2025-10-13,87.22,87.77,84.26,84.72,84.47,85.85,83.39,85.52,90.63,79.9357,1,79.8966,1,174769,170869,-0.3930,-0.0412,-0.3518,33.70
2025-10-14,83.50,84.59,81.73,81.81,84.20,85.61,83.42,85.42,90.52,79.9357,1,80.1579,1,161346,171888,-0.5979,-0.1525,-0.4454,24.81
2025-10-15,82.61,82.75,79.80,80.19,83.56,85.27,83.42,85.30,90.40,79.9357,1,92.9600,0,203474,173333,-0.8808,-0.2982,-0.5827,21.82
2025-10-16,81.00,82.34,78.90,80.54,82.85,84.81,83.42,85.22,90.30,79.9357,1,92.6968,0,149821,172447,-1.0645,-0.4514,-0.6131,20.39
2025-10-17,80.40,81.67,80.24,81.16,82.41,84.41,83.51,85.13,90.20,79.9357,1,92.1449,0,115612,172202,-1.1469,-0.5905,-0.5564,21.60
2025-10-20,81.47,83.95,81.47,83.83,82.39,84.15,83.70,85.05,90.12,79.9357,1,91.6151,0,105366,170068,-0.9854,-0.6695,-0.3159,22.76
2025-10-21,83.88,86.88,83.49,86.70,83.02,84.14,83.98,85.01,90.06,79.9357,1,91.1065,0,110907,169891,-0.6186,-0.6593,0.0407,25.71
2025-10-22,86.18,86.55,84.80,86.07,83.31,84.15,84.24,84.94,89.99,79.9357,1,90.6183,0,148944,170440,-0.3745,-0.6024,0.2278,25.78
2025-10-23,85.82,87.22,85.65,87.15,83.87,84.25,84.46,84.89,89.91,79.9357,1,90.1495,0,100423,170216,-0.0928,-0.5005,0.4076,25.52
2025-10-24,88.13,90.07,87.87,88.20,84.04,84.37,84.69,84.83,89.86,79.9357,1,78.9000,1,129345,170353,0.2127,-0.3578,0.5705,29.55
2025-10-27,89.20,89.71,88.12,88.68,84.43,84.45,84.92,84.75,89.81,80.1703,1,79.1234,1,122334,169553,0.4879,-0.1887,0.6766,32.76
2025-10-28,89.15,90.18,86.56,87.22,84.97,84.59,85.09,84.65,89.76,80.1703,1,79.3423,1,87630,170104,0.5815,-0.0346,0.6162,33.36
2025-10-29,86.66,87.65,85.71,86.38,85.59,84.57,85.27,84.56,89.71,80.1703,1,79.7758,1,99639,169116,0.5812,0.0885,0.4927,32.46
2025-10-30,85.84,90.38,85.84,88.39,86.38,84.61,85.50,84.51,89.67,80.1703,1,80.1920,1,128926,168881,0.7347,0.2178,0.5169,39.55
2025-10-31,89.24,90.69,88.50,89.22,87.18,84.80,85.73,84.50,89.62,80.6787,1,80.8033,1,118582,168375,0.9128,0.3568,0.5560,39.29
2025-11-03,89.99,92.24,89.34,90.73,87.87,85.13,85.94,84.51,89.57,81.8593,1,81.5942,1,190324,169932,1.1624,0.5179,0.6445,45.36
2025-11-04,88.31,90.10,86.31,88.53,88.06,85.54,86.13,84.49,89.51,81.8593,1,82.6588,1,138027,170570,1.1692,0.6481,0.5210,46.83
2025-11-05,88.22,88.52,86.72,87.04,88.15,85.73,86.32,84.46,89.44,81.8593,1,83.6169,1,101123,169063,1.0423,0.7270,0.3153,43.66
2025-11-06,88.27,89.67,84.84,86.58,88.10,85.98,86.39,84.49,89.37,81.8593,1,84.4792,1,108693,165843,0.8944,0.7605,0.1339,45.74
2025-11-07,85.29,90.08,84.87,90.02,88.28,86.16,86.43,84.58,89.30,81.8593,1,84.8400,1,142943,159983,1.0426,0.8169,0.2258,49.70
2025-11-10,89.99,93.32,89.88,93.07,88.72,86.58,86.59,84.71,89.24,81.8593,1,84.8400,1,177010,148439,1.3903,0.9316,0.4587,52.38
2025-11-11,92.61,95.01,92.61,94.47,89.44,87.21,86.78,84.85,89.19,83.9535,1,84.8700,1,133571,146221,1.7584,1.0969,0.6615,48.23
2025-11-12,94.88,96.07,92.23,92.46,90.05,87.82,86.90,84.91,89.07,84.1271,1,86.2896,1,137229,146242,1.8665,1.2509,0.6157,42.77
2025-11-13,91.38,93.92,90.46,91.30,90.34,88.36,87.04,84.99,88.96,84.1271,1,87.8545,1,114709,145169,1.8374,1.3682,0.4692,42.42
2025-11-14,88.48,92.27,87.51,90.83,90.50,88.84,87.12,85.06,88.86,84.1271,1,96.0700,0,113992,143530,1.7561,1.4458,0.3104,43.19
2025-11-17,90.21,91.00,86.69,87.44,90.17,89.02,87.02,85.12,88.73,84.1271,1,95.8988,0,171321,140358,1.4020,1.4370,-0.0350,36.90
2025-11-18,87.02,88.98,86.38,88.56,90.18,89.12,86.97,85.18,88.62,84.1271,1,95.5304,0,147311,138951,1.1980,1.3892,-0.1912,39.01
2025-11-19,88.05,89.84,87.54,88.28,90.30,89.23,86.93,85.24,88.48,84.1271,1,94.9814,0,136931,138162,1.0021,1.3118,-0.3097,39.23
2025-11-20,89.13,91.09,81.83,82.08,89.85,88.97,86.80,85.27,88.32,98.1131,0,94.4653,0,308916,141902,0.3426,1.1180,-0.7753,33.96
2025-11-21,72.56,76.00,68.78,70.04,87.85,88.07,86.45,85.23,88.10,87.0448,0,93.4545,0,626480,150753,-1.1384,0.6667,-1.8051,10.65
2025-11-24,70.51,71.24,68.88,69.07,85.45,87.09,86.06,85.18,87.88,83.9573,0,91.0900,0,241337,153869,-2.3631,0.0607,-2.4239,9.07
2025-11-25,69.26,70.09,68.10,69.53,82.96,86.20,85.72,85.13,87.65,82.1996,0,88.8590,0,262775,155656,-3.2591,-0.6032,-2.6559,8.92
2025-11-26,69.24,70.98,68.91,69.94,80.71,85.38,85.38,85.05,87.42,82.1996,0,86.3679,0,151987,156664,-3.8912,-1.2608,-2.6304,7.75
2025-11-28,69.97,71.27,69.97,70.53,78.63,84.49,84.99,84.95,87.18,82.1926,0,84.1758,0,66115,154784,-4.2950,-1.8677,-2.4274,7.15
2025-12-01,69.40,71.22,69.40,71.09,76.66,83.58,84.63,84.86,86.95,81.2714,0,82.2467,0,135789,152902,-4.5178,-2.3977,-2.1201,9.10
2025-12-02,72.00,73.44,71.82,72.26,75.14,82.66,84.30,84.77,86.75,81.2714,0,80.5491,0,126824,153212,-4.5475,-2.8277,-1.7199,10.31
2025-12-03,73.50,75.50,73.33,75.02,73.78,81.98,84.06,84.70,86.55,81.2714,0,79.0552,0,145021,152763,-4.2988,-3.1219,-1.1769,9.78
2025-12-04,75.00,75.48,73.34,73.73,72.33,81.32,83.82,84.61,86.36,81.2714,0,77.7406,0,123277,153992,-4.1579,-3.3291,-0.8288,8.72
2025-12-05,74.03,75.06,73.73,74.67,71.59,80.72,83.61,84.56,86.18,81.2714,0,76.5837,0,109757,155016,-3.9251,-3.4483,-0.4768,10.19
2025-12-08,74.60,76.35,74.50,75.55,72.14,80.00,83.40,84.51,86.03,81.2714,0,68.1000,1,234009,157213,-3.6277,-3.4842,-0.1436,11.74
2025-12-09,74.83,75.99,73.92,74.69,72.70,79.08,83.15,84.45,85.88,81.2714,0,68.2650,1,150448,158115,-3.4221,-3.4717,0.0497,10.23
2025-12-10,74.51,79.32,74.02,78.87,73.64,78.30,83.04,84.41,85.76,81.2714,0,68.4267,1,174137,159095,-2.8885,-3.3551,0.4666,12.53
2025-12-11,77.97,79.87,77.80,79.29,74.57,77.64,82.90,84.37,85.64,81.2714,0,68.8624,1,149739,159081,-2.4040,-3.1649,0.7609,12.98
2025-12-12,79.09,79.85,75.84,76.31,75.15,76.89,82.67,84.31,85.51,81.2714,0,69.5229,1,119730,159567,-2.2347,-2.9788,0.7441,10.91
2025-12-15,76.17,76.40,73.41,73.72,75.41,76.03,82.43,84.18,85.30,81.2714,0,70.1437,1,128464,160240,-2.2833,-2.8397,0.5564,9.44
2025-12-16,73.45,75.25,73.44,74.98,75.68,75.41,82.25,84.06,85.14,81.2714,0,70.7273,1,106277,158647,-2.1948,-2.7107,0.5160,10.72
2025-12-17,74.64,76.22,73.93,74.52,75.63,74.71,82.13,83.93,84.97,81.2714,0,71.2759,1,103084,158262,-2.1371,-2.5960,0.4589,10.79
2025-12-18,75.09,77.92,75.06,76.17,75.88,74.10,81.99,83.83,84.80,81.2714,0,71.7915,1,122870,158043,-1.9360,-2.4640,0.5280,13.31
2025-12-19,75.86,76.66,74.66,76.42,76.05,73.82,81.89,83.72,84.69,81.2714,0,72.2762,1,138863,158268,-1.7364,-2.3185,0.5821,14.11
2025-12-22,76.90,78.78,76.52,78.43,76.34,74.24,81.73,83.63,84.61,81.2714,0,72.7318,1,67411,151272,-1.3999,-2.1348,0.7349,16.63
2025-12-23,78.26,78.38,75.81,76.99,76.57,74.64,81.58,83.51,84.53,81.2714,0,73.1601,1,95267,149682,-1.2351,-1.9548,0.7197,16.40
2025-12-24,77.22,77.22,76.24,76.80,76.36,75.00,81.47,83.42,84.43,81.2714,0,73.5627,1,28462,147025,-1.1071,-1.7853,0.6782,14.75
2025-12-26,76.75,77.35,76.41,76.97,76.13,75.35,81.41,83.31,84.33,81.2714,0,73.9412,1,42041,143796,-0.9807,-1.6244,0.6437,15.50
2025-12-29,76.38,77.17,76.03,77.09,76.21,75.68,81.34,83.21,84.25,81.2714,0,74.2969,1,88769,142575,-0.8609,-1.4717,0.6108,14.56
2025-12-30,76.55,77.29,76.51,76.63,76.50,75.96,81.25,83.10,84.16,81.2714,0,74.6313,1,53863,141340,-0.7939,-1.3361,0.5422,14.37
2025-12-31,76.14,76.47,75.36,75.44,76.55,76.11,81.08,82.99,84.06,81.2714,0,74.9456,1,53057,140294,-0.8273,-1.2344,0.4071,15.16
2026-01-02,75.44,75.59,71.93,72.56,76.35,75.99,80.80,82.86,83.95,80.4757,0,79.8700,0,98283,140041,-1.0738,-1.2022,0.1285,12.10
2026-01-05,72.88,75.61,72.66,74.31,76.16,76.02,80.57,82.82,83.85,80.4757,0,79.7112,0,86675,138796,-1.1150,-1.1848,0.0698,13.76
2026-01-06,74.50,75.69,73.78,75.61,76.08,76.07,80.33,82.78,83.75,80.4757,0,79.5556,0,80978,138407,-1.0310,-1.1540,0.1231,13.69
2026-01-07,75.87,77.80,75.57,77.10,75.95,76.14,80.11,82.73,83.65,80.4757,0,79.4031,0,61904,137058,-0.8345,-1.0901,0.2556,17.18
2026-01-08,76.59,79.12,74.44,78.48,76.10,76.33,79.91,82.70,83.54,80.4757,0,79.2536,0,130920,137230,-0.5610,-0.9843,0.4233,13.42
2026-01-09,78.66,80.67,78.40,78.62,76.28,76.32,79.74,82.65,83.42,80.4757,0,71.9300,1,109919,137676,-0.3291,-0.8532,0.5242,14.43
2026-01-12,78.26,78.69,76.39,76.69,76.25,76.19,79.54,82.58,83.30,80.4757,0,72.1048,1,86476,137412,-0.2976,-0.7421,0.4445,13.34
2026-01-13,77.35,77.90,74.32,75.34,76.08,76.14,79.28,82.51,83.21,80.4757,0,72.2761,1,102078,136875,-0.3773,-0.6692,0.2919,11.49
2026-01-14,75.47,75.47,72.28,72.46,75.66,76.08,78.95,82.43,83.11,80.4757,0,80.6700,0,75750,136019,-0.6652,-0.6684,0.0032,8.74
2026-01-15,72.90,76.42,72.78,72.81,75.40,75.97,78.59,82.36,83.03,80.4757,0,80.5022,0,140589,135024,-0.8552,-0.7057,-0.1495,8.74
2026-01-16,73.81,74.93,71.22,71.38,75.28,75.81,78.24,82.28,82.93,80.4757,0,80.3378,0,161026,135484,-1.1084,-0.7863,-0.3221,7.16
2026-01-20,71.00,72.14,69.36,69.57,74.81,75.48,77.90,82.22,82.82,79.3276,0,79.9730,0,101043,135482,-1.4385,-0.9167,-0.5218,6.60
2026-01-21,69.73,70.01,67.97,69.52,74.20,75.14,77.55,82.14,82.76,77.3219,0,79.3363,0,96681,135242,-1.6848,-1.0703,-0.6145,5.77
2026-01-22,70.60,72.25,70.20,71.80,73.67,74.81,77.19,82.06,82.73,77.3219,0,78.4270,0,80265,133989,-1.6766,-1.1916,-0.4850,7.08
2026-01-23,71.72,72.58,71.23,71.78,73.00,74.55,76.76,81.98,82.72,77.3219,0,77.5904,0,82052,132089,-1.6527,-1.2838,-0.3689,7.57
2026-01-26,72.09,75.75,72.09,75.16,72.65,74.47,76.38,81.93,82.73,77.3219,0,76.8208,0,133567,132089,-1.3456,-1.2962,-0.0494,10.57
2026-01-27,75.33,75.71,73.74,74.22,72.40,74.33,76.01,81.88,82.68,77.3219,0,76.1127,0,127636,131897,-1.1645,-1.2698,0.1053,10.39
2026-01-28,75.31,76.15,73.27,73.38,72.21,74.14,75.65,81.81,82.66,77.3219,0,67.9700,1,58007,130763,-1.0764,-1.2312,0.1547,9.97
2026-01-29,71.32,71.89,65.39,67.72,71.73,73.70,75.19,81.72,82.60,77.3219,0,76.1500,0,168555,131855,-1.4467,-1.2743,-0.1724,5.73
2026-01-30,67.25,68.79,65.54,65.93,71.05,73.22,74.76,81.61,82.53,76.8689,0,76.1500,0,113175,130692,-1.8630,-1.3920,-0.4710,5.53
2026-02-02,65.99,67.03,64.28,65.48,70.46,72.87,74.30,81.50,82.46,75.2135,0,75.9348,0,154160,130829,-2.2039,-1.5544,-0.6495,5.53
2026-02-03,64.34,64.34,58.74,60.02,69.50,72.15,73.74,81.34,82.36,72.1647,0,75.4686,0,178680,131664,-2.8814,-1.8198,-1.0616,4.52
2026-02-04,59.02,61.70,57.27,60.38,68.59,71.39,73.30,81.18,82.28,70.3762,0,74.4649,0,157066,128627,-3.3507,-2.1260,-1.2247,4.86
2026-02-05,59.20,60.67,56.70,57.16,67.12,70.40,73.04,81.00,82.18,69.6781,0,73.0893,0,109559,118288,-3.9370,-2.4882,-1.4488,4.33
2026-02-06,58.40,60.03,57.01,59.12,65.86,69.43,72.84,80.81,82.10,69.3198,0,71.4504,0,125234,115966,-4.1952,-2.8296,-1.3656,3.84
2026-02-09,60.00,62.14,59.01,61.33,64.47,68.56,72.68,80.65,82.02,69.3198,0,69.9753,0,142427,113559,-4.1733,-3.0983,-1.0750,4.26
2026-02-10,64.00,65.48,62.70,63.38,63.39,67.90,72.55,80.49,81.92,69.3198,0,68.6478,0,106003,112640,-3.9451,-3.2677,-0.6774,5.04
2026-02-11,63.29,63.29,60.52,61.85,62.24,67.22,72.38,80.33,81.81,69.3198,0,67.4530,0,94556,113208,-3.8434,-3.3829,-0.4606,5.01
2026-02-12,61.62,62.50,57.55,60.38,61.50,66.62,72.16,80.17,81.69,69.3198,0,66.3777,0,149096,113475,-3.8372,-3.4737,-0.3635,5.23
2026-02-13,61.49,63.16,60.24,61.57,61.07,66.06,71.95,80.02,81.57,69.3198,0,65.4099,0,119729,113333,-3.6937,-3.5177,-0.1760,5.23
2026-02-17,61.26,62.00,58.85,60.44,60.56,65.51,71.66,79.85,81.44,69.3198,0,64.5390,0,190332,114239,-3.6293,-3.5400,-0.0893,5.04
2026-02-18,60.37,61.68,59.15,61.03,60.66,65.08,71.40,79.70,81.31,69.3198,0,63.7551,0,97508,113724,-3.4904,-3.5301,0.0397,4.67
2026-02-19,60.87,62.31,60.05,62.06,60.83,64.71,71.15,79.54,81.21,69.3198,0,63.0496,0,93810,113405,-3.2597,-3.4760,0.2164,5.64
2026-02-20,62.04,64.70,57.83,58.12,60.93,64.03,70.80,79.36,81.08,69.3198,0,56.7000,1,155401,111832,-3.3560,-3.4520,0.0960,4.97
2026-02-23,56.73,56.93,52.73,53.34,60.35,63.10,70.37,79.13,80.93,66.4066,0,64.7000,0,230861,113441,-3.7746,-3.5165,-0.2581,5.57
2026-02-24,53.82,57.98,53.27,56.38,59.85,62.16,69.92,78.93,80.79,66.4066,0,64.7000,0,173870,113435,-3.8170,-3.5766,-0.2404,7.07
2026-02-25,56.48,58.42,54.72,58.00,59.32,61.35,69.50,78.73,80.65,66.4066,0,64.4606,0,133330,113107,-3.6775,-3.5968,-0.0807,7.07
2026-02-26,58.99,62.10,58.99,61.58,59.29,60.76,69.20,78.57,80.53,66.4066,0,64.2260,0,251708,115747,-3.2407,-3.5256,0.2849,8.68
2026-02-27,55.10,55.10,49.90,52.07,58.46,59.98,68.77,78.32,80.33,66.4066,0,63.9961,0,384693,120871,-3.6202,-3.5445,-0.0757,4.52
2026-03-02,51.16,54.98,51.16,52.92,57.59,59.33,68.33,78.07,80.12,66.4066,0,63.4322,0,148726,121720,-3.8085,-3.5973,-0.2112,4.40
2026-03-03,51.05,53.76,50.59,52.68,56.82,58.69,67.89,77.83,79.92,65.6072,0,62.8909,0,152661,122712,-3.9317,-3.6642,-0.2675,4.18
2026-03-04,52.54,53.42,51.70,51.85,55.90,58.28,67.41,77.59,79.72,65.1650,0,62.3713,0,135064,122956,-4.0497,-3.7413,-0.3084,3.35
2026-03-05,52.40,54.98,52.03,53.02,55.00,57.91,66.94,77.35,79.52,65.1650,0,61.8724,0,146547,123109,-4.0026,-3.7935,-0.2091,3.84
2026-03-06,52.80,54.27,51.81,53.73,54.56,57.74,66.44,77.15,79.33,64.8332,0,61.3935,0,119877,124159,-3.8635,-3.8075,-0.0559,4.40
2026-03-09,52.90,53.48,51.31,53.25,54.55,57.45,65.97,76.98,79.13,63.7348,0,60.9338,0,136352,124980,-3.7487,-3.7958,0.0470,3.69
2026-03-10,53.60,53.82,50.63,51.85,54.09,56.97,65.47,76.79,78.93,63.3879,0,60.4925,0,107086,126553,-3.7278,-3.7822,0.0544,3.88
2026-03-11,52.49,54.20,51.16,52.85,53.58,56.45,64.99,76.61,78.73,63.3879,0,60.0688,0,81923,127351,-3.5891,-3.7436,0.1544,3.73
2026-03-12,52.55,54.58,51.42,51.70,52.59,55.94,64.48,76.41,78.53,63.3879,0,59.6620,0,75766,127091,-3.5313,-3.7011,0.1698,4.10
2026-03-13,51.55,52.59,50.93,51.49,52.53,55.50,63.98,76.25,78.32,61.9876,0,59.2715,0,104834,128110,-3.4626,-3.6534,0.1908,4.33
2026-03-16,52.87,54.15,51.99,53.44,52.59,55.09,63.54,76.11,78.13,61.9876,0,58.8967,0,147409,129997,-3.2137,-3.5655,0.3518,5.52
2026-03-17,53.46,56.33,53.05,55.40,52.86,54.84,63.20,75.99,77.94,61.9876,0,58.5368,0,127719,130586,-2.8257,-3.4175,0.5918,6.27
2026-03-18,54.97,56.61,54.51,55.76,53.25,54.57,62.82,75.88,77.82,61.9876,0,58.1913,0,96777,130788,-2.4608,-3.2262,0.7654,7.21
2026-03-19,55.49,56.88,54.04,55.15,53.46,54.23,62.41,75.74,77.69,61.9876,0,57.8597,0,89288,130954,-2.1955,-3.0200,0.8245,6.79
2026-03-20,54.00,54.52,52.64,53.31,53.42,53.99,61.94,75.58,77.53,61.9876,0,57.5413,0,416954,138055,-2.1095,-2.8379,0.7285,6.23
2026-03-23,53.31,54.21,52.38,52.89,53.38,53.97,61.43,75.42,77.38,61.9876,0,57.2356,0,96900,137374,-2.0515,-2.6806,0.6291,5.48
2026-03-24,52.00,52.00,49.55,49.67,53.17,53.63,60.85,75.23,77.20,59.8125,0,56.9422,0,101277,137202,-2.2396,-2.5924,0.3529,4.25
2026-03-25,50.82,51.44,48.71,49.94,52.88,53.23,60.31,75.04,77.01,59.0277,0,56.4987,0,68912,136850,-2.3398,-2.5419,0.2021,4.55
2026-03-26,49.43,52.18,49.33,51.31,52.84,52.71,59.83,74.87,76.84,59.0277,0,55.8756,0,65384,136117,-2.2825,-2.4900,0.2076,5.18
2026-03-27,50.40,50.40,47.49,48.52,52.54,52.54,59.35,74.68,76.66,58.1122,0,55.3023,0,84837,136298,-2.4341,-2.4788,0.0448,4.58
2026-03-30,49.25,51.02,49.10,49.41,52.14,52.36,58.89,74.47,76.49,58.1122,0,54.5211,0,66842,134823,-2.4541,-2.4739,0.0198,5.00
2026-03-31,49.56,50.92,49.00,49.99,51.60,52.23,58.46,74.28,76.33,58.1122,0,53.8180,0,93011,133463,-2.3956,-2.4582,0.0627,4.77
2026-04-01,50.74,50.99,48.57,49.91,51.01,52.13,58.06,74.09,76.18,58.1122,0,53.1852,0,60241,132647,-2.3288,-2.4323,0.1035,5.30
2026-04-02,49.67,51.54,48.11,50.67,50.56,52.01,57.69,73.88,76.03,58.1122,0,52.6157,0,46130,131636,-2.1893,-2.3837,0.1944,5.07
2026-04-06,50.83,51.29,49.69,50.56,50.29,51.85,57.26,73.63,75.86,58.1122,0,52.1031,0,56723,131165,-2.0638,-2.3198,0.2559,5.03
2026-04-07,50.24,50.45,48.91,49.82,49.98,51.68,56.82,73.39,75.69,57.6624,0,51.6418,0,78706,131098,-2.0011,-2.2560,0.2550,4.62
2026-04-08,51.60,51.91,48.43,48.72,49.89,51.53,56.30,73.15,75.52,57.6624,0,47.4900,1,87326,130173,-2.0168,-2.2082,0.1914,3.98
2026-04-09,48.32,48.32,44.41,45.00,49.39,51.13,55.71,72.88,75.34,55.0633,0,51.9100,0,113540,129891,-2.3029,-2.2271,-0.0758,3.39
2026-04-10,45.01,45.02,42.05,43.30,48.59,50.71,55.11,72.60,75.14,52.2545,0,51.9100,0,139257,131516,-2.6365,-2.3090,-0.3275,2.94
2026-04-13,43.67,45.78,43.30,45.59,48.30,50.42,54.67,72.33,74.96,52.2545,0,51.5156,0,92014,129986,-2.6851,-2.3842,-0.3008,2.97
2026-04-14,45.86,46.59,44.83,45.39,47.90,50.02,54.26,72.01,74.77,52.2545,0,51.1370,0,62661,128975,-2.7085,-2.4491,-0.2594,2.56
2026-04-15,46.59,48.20,46.28,47.51,47.65,49.62,53.90,71.72,74.60,52.2545,0,50.7735,0,67859,127249,-2.5268,-2.4646,-0.0622,2.49
2026-04-16,48.92,49.23,47.25,47.66,47.42,49.22,53.65,71.44,74.41,52.2545,0,50.4246,0,91960,125515,-2.3438,-2.4405,0.0967,2.56
2026-04-17,48.75,49.11,47.14,47.56,47.11,48.84,53.39,71.16,74.23,52.2545,0,50.0896,0,104194,124457,-2.1816,-2.3887,0.2071,2.23
2026-04-20,47.39,49.21,47.39,48.96,46.95,48.62,53.23,70.91,74.06,52.2545,0,49.7680,0,86620,123999,-1.9180,-2.2946,0.3765,2.49
2026-04-21,48.81,50.28,48.09,48.39,46.81,48.39,53.01,70.64,73.86,52.2545,0,42.0500,1,44596,122386,-1.7351,-2.1827,0.4475,2.38
2026-04-22,48.65,49.38,48.24,49.23,46.86,48.37,52.77,70.39,73.68,52.2545,0,42.2146,1,78571,121109,-1.5050,-2.0471,0.5421,2.60
2026-04-23,47.91,47.98,44.31,45.75,46.93,48.16,52.42,70.12,73.48,52.2545,0,42.3759,1,93335,120855,-1.5852,-1.9548,0.3695,2.11
2026-04-24,45.68,46.59,44.61,46.40,47.24,47.92,52.11,69.83,73.27,52.2545,0,42.5340,1,112246,121209,-1.5781,-1.8794,0.3013,2.26
2026-04-27,46.40,48.98,45.94,47.83,47.47,47.88,51.86,69.55,73.09,52.2545,0,42.6889,1,80828,119844,-1.4405,-1.7917,0.3511,2.19
2026-04-28,48.56,50.35,47.26,47.45,47.67,47.78,51.58,69.27,72.91,52.2545,0,42.8407,1,57675,118603,-1.3466,-1.7027,0.3560,2.49
2026-04-29,47.00,47.44,46.24,47.40,47.66,47.66,51.32,69.01,72.72,52.2545,0,43.1411,1,58340,115963,-1.2617,-1.6145,0.3528,2.97
2026-04-30,46.90,46.99,45.32,46.43,47.54,47.48,51.02,68.75,72.53,52.2545,0,43.4295,1,81721,115647,-1.2581,-1.5432,0.2851,2.34
2026-05-01,47.95,50.00,47.84,48.61,47.65,47.38,50.76,68.50,72.35,52.2545,0,43.7063,1,75030,115272,-1.0671,-1.4480,0.3809,3.50
2026-05-04,48.71,50.99,48.71,50.66,47.82,47.38,50.61,68.27,72.17,52.2545,0,43.9720,1,54743,113259,-0.7418,-1.3067,0.5650,4.91
2026-05-05,51.09,52.00,49.73,50.15,47.99,47.40,50.54,68.02,71.99,52.2545,0,44.3931,1,59197,109825,-0.5191,-1.1492,0.6301,4.84
2026-05-06,49.13,50.00,48.07,49.11,47.98,47.42,50.40,67.79,71.80,52.2545,0,45.0017,1,60906,107566,-0.4217,-1.0037,0.5820,3.49
2026-05-07,52.11,53.33,51.31,51.62,48.57,47.75,50.27,67.55,71.62,52.2545,0,45.5615,1,126768,107435,-0.1403,-0.8310,0.6907,4.20
2026-05-08,50.74,52.31,49.92,52.25,49.15,48.20,50.08,67.32,71.44,52.2545,0,46.3384,1,66373,103728,0.1320,-0.6384,0.7704,4.69
2026-05-11,51.42,52.74,49.49,50.38,49.41,48.44,50.05,67.08,71.25,52.2545,0,47.0375,1,108025,98195,0.1946,-0.4718,0.6664,4.24
2026-05-12,50.66,51.08,49.69,50.09,49.67,48.67,49.99,66.86,71.05,52.2545,0,47.6668,1,93177,97084,0.2184,-0.3338,0.5521,4.72
2026-05-13,48.21,49.00,47.59,48.57,49.79,48.73,49.91,66.65,70.85,52.2545,0,53.3300,0,109875,96228,0.1132,-0.2444,0.3576,4.20
2026-05-14,48.69,50.61,47.56,49.78,50.12,48.83,49.87,66.42,70.66,52.2545,0,53.2152,0,74904,95025,0.1261,-0.1703,0.2964,5.13
2026-05-15,50.48,51.52,49.29,50.60,50.32,48.98,49.82,66.22,70.47,52.2545,0,52.9890,0,121855,94531,0.2001,-0.0962,0.2963,6.81
2026-05-18,50.55,54.01,50.55,53.91,50.65,49.23,49.82,66.00,70.32,44.3525,1,47.5600,1,118198,94497,0.5199,0.0270,0.4929,8.38
2026-05-19,55.49,56.30,53.19,53.72,51.00,49.50,49.83,65.79,70.19,46.6397,1,47.6890,1,130314,94377,0.7494,0.1715,0.5779,11.86
2026-05-20,52.65,55.30,52.00,55.28,51.62,49.80,49.90,65.62,70.07,46.6397,1,48.0334,1,116773,94570,1.0450,0.3462,0.6988,15.14
2026-05-21,54.51,54.84,53.50,53.84,51.84,50.20,49.92,65.44,69.93,46.6397,1,48.3641,1,67488,94282,1.1499,0.5069,0.6430,10.47
2026-05-22,54.57,56.09,54.26,54.81,52.10,50.62,49.98,65.27,69.81,47.3088,1,48.6815,1,75358,94273,1.2964,0.6648,0.6315,10.65
2026-05-26,53.97,54.91,53.13,54.41,52.50,50.95,50.04,65.09,69.70,47.3088,1,48.9863,1,86349,93904,1.3644,0.8048,0.5597,9.30
2026-05-27,53.29,54.75,53.12,53.90,52.88,51.28,50.05,64.89,69.59,47.3088,1,49.2788,1,106938,93094,1.3615,0.9161,0.4454,13.07
2026-05-28,57.10,59.19,56.00,57.61,53.79,51.79,50.10,64.70,69.52,49.4009,1,49.5597,1,362983,97800,1.6397,1.0608,0.5788,16.79
2026-05-29,53.91,65.26,53.20,64.70,55.28,52.70,50.27,64.55,69.48,49.4009,1,50.1375,1,483432,105533,2.4045,1.3295,1.0749,28.92
2026-06-01,67.07,68.72,63.13,68.06,57.02,53.67,50.53,64.43,69.43,54.3546,1,51.3473,1,289126,109529,3.2443,1.7125,1.5318,41.05
2026-06-02,65.48,67.80,64.03,67.59,58.39,54.52,50.82,64.29,69.39,54.3546,1,53.0846,1,175714,104705,3.8279,2.1356,1.6923,36.58
2026-06-03,66.31,66.90,63.25,64.10,59.43,55.22,51.04,64.13,69.32,54.3546,1,54.6481,1,168609,106139,3.9630,2.5011,1.4620,27.01
2026-06-04,64.77,66.80,63.28,65.09,60.41,56.02,51.35,63.98,69.26,54.3546,1,56.0553,1,115047,106414,4.1028,2.8214,1.2813,28.44
2026-06-05,64.98,66.30,61.65,61.79,61.21,56.52,51.59,63.81,69.18,54.3546,1,57.3218,1,113484,107306,3.9022,3.0376,0.8646,24.35
2026-06-08,61.58,62.60,60.56,62.14,61.94,57.02,51.80,63.64,69.10,54.3546,1,58.4616,1,95876,107916,3.7285,3.1758,0.5528,24.27
2026-06-09,61.01,62.28,58.79,61.26,62.62,57.56,52.06,63.45,69.02,54.3546,1,68.7200,0,150565,109230,3.4798,3.2366,0.2432,22.10
2026-06-10,59.78,61.42,59.02,60.78,63.31,58.10,52.29,63.25,68.93,54.3546,1,68.5214,0,75477,109403,3.2069,3.2306,-0.0237,23.88
2026-06-11,59.68,60.74,58.32,60.22,63.57,58.68,52.49,63.06,68.83,54.3546,1,68.3268,0,90173,109346,2.9120,3.1669,-0.2549,19.00
2026-06-12,60.22,60.94,58.16,60.35,63.14,59.21,52.70,62.89,68.75,54.3546,1,67.9265,0,92945,110000,2.6580,3.0651,-0.4071,17.55
2026-06-15,61.07,63.39,60.20,62.30,62.56,59.79,52.93,62.72,68.64,54.3546,1,67.3405,0,145925,111996,2.5843,2.9690,-0.3846,19.22
2026-06-16,62.17,62.80,59.43,60.11,61.81,60.10,53.12,62.53,68.50,54.3546,1,66.7897,0,88524,112632,2.3225,2.8397,-0.5172,16.44
2026-06-17,59.66,60.94,58.10,58.56,61.26,60.34,53.30,62.30,68.37,54.3546,1,66.2719,0,105057,113159,1.9672,2.6652,-0.6980,16.21
2026-06-18,58.00,59.13,55.90,58.97,60.65,60.53,53.50,62.06,68.24,54.3546,1,65.6181,0,193876,115290,1.6991,2.4720,-0.7729,17.07
2026-06-22,57.98,60.47,56.60,58.73,60.34,60.77,53.78,61.83,68.10,54.3546,1,64.6463,0,125717,115534,1.4506,2.2677,-0.8171,20.71
2026-06-23,59.00,60.23,58.56,58.98,60.03,60.98,54.09,61.62,67.97,54.3546,1,63.7717,0,104778,114844,1.2593,2.0660,-0.8067,20.49
2026-06-24,58.40,59.59,57.75,58.71,59.77,61.20,54.35,61.40,67.83,54.3546,1,62.9845,0,94141,114887,1.0735,1.8675,-0.7940,17.33
2026-06-25,56.70,56.78,53.04,53.60,59.05,61.18,54.52,61.18,67.64,64.9091,0,62.2761,0,181656,117266,0.5081,1.5956,-1.0875,13.02
2026-06-26,53.88,56.93,53.88,56.24,58.65,61.11,54.69,60.96,67.46,64.9091,0,61.1677,0,198983,119889,0.2699,1.3305,-1.0606,14.17
2026-06-29,57.51,58.86,56.84,56.95,58.32,60.73,54.88,60.75,67.30,64.9091,0,60.1924,0,99737,120044,0.1368,1.0917,-0.9549,16.43
2026-06-30,56.11,57.56,56.01,57.02,57.79,60.17,55.07,60.59,67.14,64.9091,0,59.3341,0,67911,119319,0.0366,0.8807,-0.8441,16.65
2026-07-01,58.70,59.79,58.09,58.45,57.62,59.72,55.26,60.51,66.99,64.9091,0,53.0400,1,97641,119539,0.0718,0.7189,-0.6472,17.43
2026-07-02,58.45,59.79,57.46,58.04,57.57,59.41,55.45,60.44,66.84,64.9091,0,53.1750,1,90258,120452,0.0658,0.5883,-0.5225,13.75
2026-07-06,57.00,58.60,56.56,58.54,57.53,59.09,55.64,60.36,66.70,64.9091,0,53.3073,1,77173,120424,0.1002,0.4907,-0.3905,14.72
2026-07-07,59.80,61.28,58.01,59.46,57.60,58.97,55.91,60.29,66.56,64.9091,0,53.4370,1,93328,120424,0.1994,0.4324,-0.2330,20.36
2026-07-08,58.05,60.41,57.78,60.08,57.71,58.87,56.18,60.22,66.42,64.9091,0,53.7507,1,117751,120534,0.3244,0.4108,-0.0864,29.34
2026-07-09,58.62,62.75,58.35,62.06,58.04,58.91,56.47,60.16,66.28,64.9091,0,54.0518,1,93369,120785,0.5765,0.4440,0.1326,36.38
2026-07-10,63.49,63.97,59.76,60.24,58.71,58.88,56.72,60.08,66.14,64.9091,0,54.5737,1,90306,121438,0.6223,0.4796,0.1427,28.72
2026-07-13,61.16,63.12,60.56,62.43,59.33,58.99,57.03,60.00,66.01,64.9091,0,55.3254,1,123961,122750,0.8258,0.5488,0.2769,34.39
2026-07-14,59.84,62.95,59.46,62.32,59.86,59.09,57.34,59.92,65.90,64.9091,0,56.0170,1,129009,123696,0.9670,0.6325,0.3345,30.53
2026-07-15,63.42,64.64,61.62,62.24,60.39,59.09,57.62,59.84,65.78,64.9091,0,56.6532,1,106984,124335,1.0603,0.7180,0.3422,29.42
2026-07-16,62.19,63.16,60.70,62.11,60.75,59.19,57.84,59.75,65.66,64.9091,0,57.4519,1,92432,125089,1.1109,0.7966,0.3143,29.34
2026-07-17,61.30,62.46,61.02,61.59,61.11,59.34,58.07,59.66,65.54,64.9091,0,58.1707,1,89866,125702,1.0964,0.8566,0.2398,27.47
2026-07-20,60.61,63.22,60.30,62.74,61.53,59.53,58.35,59.56,65.43,64.9091,0,58.8177,1,84893,126182,1.1643,0.9181,0.2462,32.10
2026-07-21,60.72,63.44,59.29,60.18,61.60,59.60,58.52,59.43,65.30,64.9091,0,64.6400,0,114029,125927,1.0000,0.9345,0.0655,24.73
2026-07-22,59.66,59.71,58.29,58.68,61.46,59.58,58.65,59.31,65.15,64.9091,0,64.5330,0,89587,126392,0.7402,0.8956,-0.1554,26.44
2026-07-23,59.30,59.46,56.06,57.33,60.99,59.52,58.79,59.20,65.01,64.9091,0,64.2833,0,97765,126186,0.4205,0.8006,-0.3801,23.81
2026-07-24,58.06,58.96,57.65,58.68,60.83,59.77,58.96,59.09,64.88,64.9091,0,63.7899,0,56039,125444,0.2730,0.6951,-0.4221,26.12
2026-07-27,59.90,62.21,59.48,61.24,60.71,60.02,59.21,59.00,64.79,64.9091,0,63.3261,0,85644,124959,0.3585,0.6278,-0.2693,30.38
2026-07-28,61.62,63.13,60.25,62.10,60.69,60.28,59.46,58.91,64.68,64.9091,0,56.0600,1,76159,124984,0.4900,0.6002,-0.1102,30.59
2026-07-29,62.34,66.06,62.25,64.44,60.91,60.65,59.73,58.83,64.60,64.9091,0,56.2014,1,140260,125352,0.7742,0.6350,0.1391,46.98
2026-07-30,64.49,64.91,62.93,64.25,61.12,60.94,59.94,58.74,64.48,64.9091,0,56.5957,1,111499,125218,0.9728,0.7026,0.2702,40.68
2026-07-31,63.64,66.05,63.20,65.79,61.54,61.33,60.18,58.66,64.39,55.9142,1,56.9743,1,107896,124770,1.2402,0.8101,0.4301,42.18
2026-08-03,67.01,69.80,67.00,68.74,62.14,61.84,60.45,58.61,64.32,59.3573,1,57.3377,1,175418,125943,1.6708,0.9822,0.6886,48.24
2026-08-04,67.67,71.45,67.06,71.06,63.23,62.42,60.80,58.57,64.28,59.7996,1,58.0855,1,126465,127122,2.1743,1.2206,0.9536,52.90
2026-08-05,72.62,72.83,69.49,69.72,64.34,62.90,61.09,58.52,64.22,61.6481,1,59.1546,1,165160,128918,2.4371,1.4639,0.9731,43.81
2026-08-06,67.17,70.16,66.47,69.95,65.60,63.29,61.40,58.47,64.17,61.6481,1,60.5222,1,119887,129589,2.6335,1.6978,0.9357,44.55
2026-08-07,71.69,75.48,71.21,75.11,67.24,64.04,61.83,58.47,64.13,62.9851,1,61.7530,1,190704,131264,3.1690,1.9921,1.1770,61.08
2026-08-10,74.03,77.08,73.79,76.32,68.75,64.73,62.20,58.50,64.07,65.1241,1,63.4002,1,190640,127817,3.6490,2.3235,1.3256,64.85
2026-08-11,75.99,77.39,75.27,76.35,70.17,65.43,62.44,58.51,64.02,66.4141,1,65.3154,1,82550,119800,3.9859,2.6560,1.3299,67.29
2026-08-12,74.83,77.37,74.64,77.16,71.44,66.18,62.62,58.52,63.97,66.4141,1,67.2473,1,104097,116099,4.2690,2.9786,1.2904,66.88
2026-08-13,77.72,86.70,77.52,86.03,73.62,67.37,62.99,58.58,63.96,70.4791,1,68.8701,1,395901,120503,5.1497,3.4128,1.7369,79.46
2026-08-14,86.01,87.61,83.81,86.68,75.71,68.63,63.44,58.64,63.95,74.1022,1,72.0795,1,290326,122937,5.8330,3.8968,1.9361,80.38
2026-08-17,85.51,86.38,82.18,83.44,77.18,69.66,63.81,58.67,63.94,74.1022,1,75.1856,1,287242,126381,6.0433,4.3261,1.7172,79.72
2026-08-18,84.11,86.59,83.50,85.01,78.58,70.90,64.27,58.72,63.93,74.1022,1,77.6705,1,235767,128827,6.2645,4.7138,1.5507,81.27
2026-08-19,84.98,87.96,84.50,87.34,80.34,72.34,64.77,58.80,63.92,74.7859,1,79.6584,1,310459,133119,6.5522,5.0815,1.4707,83.71
2026-08-20,87.89,88.21,85.27,85.90,81.93,73.77,65.27,58.89,63.91,75.5583,1,81.3187,1,150926,133126,6.5881,5.3828,1.2053,81.97
2026-08-21,85.43,86.24,83.51,85.94,83.02,75.13,65.77,58.98,63.88,75.5583,1,82.6970,1,121270,134042,6.5444,5.6151,0.9293,84.45
2026-08-24,85.68,86.06,82.95,83.24,83.71,76.23,66.23,59.06,63.86,75.5583,1,88.2100,0,180606,135850,6.2201,5.7361,0.4840,81.53
2026-08-25,82.98,83.32,79.44,80.40,84.11,77.14,66.63,59.13,63.82,75.5583,1,88.1048,0,169917,137390,5.6687,5.7226,-0.0540,72.58
2026-08-26,79.05,80.91,78.79,79.25,84.32,77.88,66.97,59.20,63.79,75.5583,1,87.7582,0,134242,137156,5.0803,5.5942,-0.5139,62.56
2026-08-27,82.65,85.78,82.00,83.74,84.09,78.86,67.44,59.28,63.75,75.5583,1,87.2201,0,439719,144180,4.9196,5.4592,-0.5397,68.85
2026-08-28,103.89,108.00,96.82,99.91,85.42,80.56,68.27,59.46,63.79,84.9670,1,78.7900,1,1009880,162276,6.0275,5.5729,0.4546,88.47
2026-08-31,98.00,102.42,95.36,97.55,86.83,82.01,69.04,59.61,63.80,84.9670,1,79.3742,1,579281,169985,6.6386,5.7860,0.8525,88.36
2026-09-01,95.76,96.99,92.10,92.39,87.57,83.07,69.71,59.73,63.80,84.9670,1,79.9467,1,264420,172759,6.6301,5.9548,0.6752,86.04
2026-09-02,92.00,93.50,89.34,89.58,87.79,84.06,70.33,59.84,63.80,84.9670,1,80.5078,1,215655,174976,6.3237,6.0286,0.2951,82.25
2026-09-03,92.00,96.47,92.00,96.13,88.81,85.37,71.07,60.03,63.82,84.9670,1,81.0576,1,372792,180549,6.5341,6.1297,0.4044,87.67
2026-09-04,95.14,96.00,91.45,91.81,89.40,86.21,71.84,60.20,63.84,84.9670,1,81.5965,1,179626,180509,6.2799,6.1597,0.1201,85.35
2026-09-08,89.98,90.59,88.10,88.42,89.92,86.81,72.48,60.36,63.84,84.9670,1,82.1245,1,219971,180928,5.7387,6.0755,-0.3368,81.34
2026-09-09,88.39,88.85,86.01,86.58,90.54,87.33,73.08,60.53,63.83,84.9670,1,82.6421,1,223879,183411,5.1025,5.8809,-0.7784,81.26
2026-09-10,86.00,88.24,83.41,83.48,90.96,87.64,73.60,60.69,63.84,101.4495,0,83.1492,1,175341,185560,4.2986,5.5645,-1.2658,77.32
2026-09-11,83.49,84.76,82.15,83.39,90.92,87.51,74.10,60.86,63.91,98.3001,0,108.0000,0,196358,187534,3.6126,5.1741,-1.5615,75.00
2026-09-14,84.50,85.97,83.04,85.11,89.44,87.43,74.64,61.04,63.99,98.3001,0,107.4830,0,201855,189766,3.1712,4.7735,-1.6023,80.49
2026-09-15,83.61,87.66,83.30,85.16,88.21,87.52,75.18,61.20,64.07,98.3001,0,106.9763,0,132228,190867,2.7932,4.3775,-1.5842,82.10
2026-09-16,83.75,86.30,83.66,85.03,87.47,87.52,75.69,61.34,64.14,98.3001,0,106.4798,0,168291,192366,2.4549,3.9930,-1.5381,84.63
2026-09-17,85.49,89.73,83.81,88.97,87.41,87.60,76.27,61.52,64.23,98.3001,0,105.9932,0,177726,193566,2.4761,3.6896,-1.2134,86.76
2026-09-18,89.49,89.75,86.54,86.96,86.49,87.65,76.76,61.70,64.31,98.3001,0,105.5164,0,283820,197375,2.3042,3.4125,-1.1083,84.83
2026-09-21,87.51,90.12,86.96,89.71,86.28,87.84,77.35,61.89,64.40,98.3001,0,105.0490,0,111007,197789,2.3626,3.2025,-0.8399,87.36
2026-09-22,91.00,91.25,87.68,89.22,86.36,88.14,77.89,62.08,64.47,98.3001,0,104.5910,0,128736,197885,2.3424,3.0305,-0.6881,88.92
2026-09-23,89.39,91.52,88.77,91.28,86.83,88.68,78.47,62.28,64.56,98.3001,0,104.1422,0,138837,198081,2.4642,2.9172,-0.4531,90.62
2026-09-24,91.00,91.46,89.34,91.28,87.61,89.29,79.05,62.47,64.64,98.3001,0,103.7024,0,147709,198896,2.5315,2.8401,-0.3086,90.21
2026-09-25,90.88,92.64,87.37,88.12,88.08,89.50,79.57,62.67,64.71,98.3001,0,103.2713,0,155223,200151,2.3033,2.7327,-0.4294,89.14
2026-09-28,85.66,88.70,84.62,87.94,88.37,88.91,80.10,62.90,64.77,98.3001,0,102.8489,0,168326,201721,2.0839,2.6030,-0.5190,87.16
2026-09-29,87.49,89.09,86.72,88.80,88.73,88.47,80.62,63.12,64.82,98.3001,0,102.4349,0,142133,202865,1.9569,2.4738,-0.5168,88.54
2026-09-30,88.90,92.69,88.86,91.70,89.40,88.43,81.25,63.35,64.88,98.3001,0,102.0292,0,172359,204032,2.0664,2.3923,-0.3259,90.79
2026-10-01,93.56,93.82,90.20,92.31,89.73,88.57,81.92,63.55,64.96,98.3001,0,101.6316,0,126068,204762,2.1774,2.3493,-0.1720,92.01
2026-10-02,92.58,94.50,92.58,93.94,90.43,88.46,82.65,63.83,65.06,98.3001,0,101.2420,0,166217,206131,2.3695,2.3533,0.0161,92.38
2026-10-05,92.53,95.55,92.00,94.91,90.95,88.62,83.38,64.11,65.16,98.3001,0,100.8602,0,244137,209893,2.5704,2.3967,0.1736,91.82
2026-10-06,96.08,98.60,94.31,94.60,91.49,88.92,84.04,64.39,65.26,98.3001,0,100.4860,0,144227,211064,2.6737,2.4521,0.2216,92.67
2026-10-07,93.82,94.78,93.10,93.10,91.67,89.25,84.66,64.66,65.35,98.3001,0,100.1192,0,88035,211302,2.6046,2.4826,0.1220,91.56
2026-10-08,93.40,95.50,93.00,95.26,92.07,89.84,85.28,64.95,65.44,98.3001,0,99.7599,0,153407,211565,2.6931,2.5247,0.1683,92.70
2026-10-09,97.80,98.50,95.34,98.23,93.08,90.58,85.96,65.24,65.54,98.3001,0,99.4077,0,115057,211636,2.9686,2.6135,0.3551,93.47
