rsRating,symbol,longName,sector,industry,country,marketCap,currentPrice,averageVolume10days,averageVolume3months,averageDollarVolume,revenueGrowth,earningsGrowth,earningsQuarterlyGrowth,grossMargins,operatingMargins,profitMargins,returnOnEquity,returnOnAssets,totalCash,totalDebt,debtToEquity,currentRatio,quickRatio,operatingCashflow,freeCashflow,sharesOutstanding,floatShares,heldPercentInsiders,heldPercentInstitutions,sharesShort,shortRatio,shortPercentOfFloat,trailingPE,forwardPE,priceToSalesTrailing12Months,priceToBook,enterpriseToRevenue,enterpriseToEbitda,targetMeanPrice,targetHighPrice,targetLowPrice,recommendationMean,recommendationKey,numberOfAnalystOpinions,epsRevisionUpLast7Days,epsRevisionUpLast30Days,epsRevisionDownLast7Days,epsRevisionDownLast30Days,nextEarningsDate,beta,website,retrievedAt
13.18,EVR,Evercore Inc.,Financial Services,Capital Markets,United States,10455130112,271.86,494670,519007,141097243.02,0.188,-0.017,-0.02,0.93934995,0.17834999,0.15818,0.39504,0.19288999,1256599040,1093142016,50.183,1.827,1.598,1668034944,,38457778,36417593,0.02333,0.9472,1138626,2.59,0.030199999,15.307431,12.606269,2.2197762,5.624961,2.211,,336.0,391.0,285.0,2.0,buy,10,1,1,1,8,2026-10-28,1.509,https://www.evercore.com,2026-10-10T21:28:03.426383+01:00
Date,Open,High,Low,Close,Ma10:Top:Line,Ma20:Top:Line,Ma50:Top:Line,Ma150:Top:Line,Ma200:Top:Line,Supertrend:Top:ColorLine,Supertrend_Dir,ParabolicSAR:Top:ColorLine,ParabolicSAR_Dir,Volume:Middle:Histogram,Vo50:Middle:Line,Macd:Bottom:Line,MacdSignal:Bottom:Line,MacdDelta:Bottom:Histogram
2023-08-03,128.42,132.30,128.42,131.72,,,,,,,0,128.4182,1,49530,,,,
2023-08-04,131.87,134.22,130.97,131.94,,,,,,,0,128.4182,1,44738,,,,
2023-08-07,133.23,134.51,132.74,133.63,,,,,,,0,128.4182,1,31142,,,,
2023-08-08,131.69,132.40,129.93,131.93,,,,,,,0,128.6616,1,41722,,,,
2023-08-09,132.24,132.24,130.54,130.73,,,,,,,0,128.8954,1,29223,,,,
2023-08-10,131.92,134.11,131.15,131.88,,,,,,,0,129.1198,1,37428,,,,
2023-08-11,131.71,132.93,130.51,131.99,,,,,,,0,129.3352,1,23344,,,,
2023-08-14,131.59,131.59,129.96,130.98,,,,,,,0,129.5420,1,18559,,,,
2023-08-15,129.44,129.67,127.69,127.88,,,,,,,0,134.5051,0,16488,,,,
2023-08-16,127.60,128.49,126.67,127.16,130.98,,,,,135.9853,0,134.3688,0,24259,,,,
2023-08-17,127.37,128.11,125.46,125.56,130.37,,,,,135.1483,0,134.0608,0,23455,,,,
2023-08-18,124.33,127.45,124.33,127.22,129.90,,,,,134.3558,0,133.5445,0,18640,,,,
2023-08-21,127.60,128.67,126.09,127.42,129.28,,,,,134.3558,0,132.8072,0,30604,,,,
2023-08-22,124.07,126.54,123.95,125.44,128.63,,,,,133.8378,0,132.1289,0,37386,,,,
2023-08-23,125.88,127.57,125.71,126.86,128.24,,,,,133.8378,0,131.3107,0,27269,,,,
2023-08-24,126.33,128.88,125.18,128.15,127.87,,,,,133.8378,0,130.5742,0,25961,,,,
2023-08-25,128.80,129.84,126.54,128.99,127.57,,,,,133.8378,0,129.9114,0,26549,,,,
2023-08-28,129.13,132.51,129.13,132.26,127.70,,,,,133.8378,0,123.9461,1,35410,,,,
2023-08-29,132.04,135.32,132.04,135.14,128.42,,,,,124.6404,1,124.1174,1,33915,,,,
2023-08-30,135.33,136.39,134.56,135.02,129.21,130.10,,,,126.7908,1,124.5655,1,26581,,,,
2023-08-31,134.69,135.94,134.08,134.60,130.11,130.24,,,,126.7908,1,125.2752,1,30559,,,,
2023-09-01,136.05,137.79,135.64,135.97,130.99,130.44,,,,128.2203,1,125.9423,1,39869,,,,
2023-09-05,134.55,134.57,131.79,132.94,131.54,130.41,,,,128.2203,1,126.8900,1,46562,,,,
2023-09-06,132.49,134.50,130.96,132.90,132.28,130.45,,,,128.2203,1,127.7618,1,38151,,,,
2023-09-07,131.98,133.01,130.67,132.18,132.82,130.53,,,,128.2203,1,128.5639,1,36971,,,,
2023-09-08,132.58,134.40,130.95,134.39,133.44,130.65,,,,128.2203,1,129.3018,1,36314,,,,
2023-09-11,135.01,135.37,132.18,132.49,133.79,130.68,,,,128.2203,1,129.9807,1,43964,,,,
2023-09-12,132.32,134.40,132.32,134.20,133.98,130.84,,,,128.2203,1,130.6053,1,33528,,,,
2023-09-13,134.81,135.39,133.02,135.29,134.00,131.21,,,,128.2203,1,131.1799,1,64219,,,,
2023-09-14,136.34,138.64,135.99,137.79,134.28,131.74,,,,128.5501,1,131.7085,1,75871,,,,
2023-09-15,137.09,139.59,136.31,139.19,134.73,132.42,,,,129.0750,1,132.4020,1,111838,,,,
2023-09-18,139.17,140.83,137.07,140.29,135.17,133.08,,,,129.8320,1,133.2651,1,45645,,,,
2023-09-19,140.65,141.27,138.09,138.59,135.73,133.63,,,,130.5151,1,134.3248,1,38242,,,,
2023-09-20,139.56,140.34,135.30,135.54,135.99,134.14,,,,130.5151,1,141.2670,0,54381,,2.2794,1.9789,0.3004
2023-09-21,134.55,134.55,131.24,132.68,136.04,134.43,,,,130.5151,1,141.2670,0,66352,,1.8473,1.9526,-0.1053
2023-09-22,133.13,134.73,130.22,131.25,135.73,134.59,,,,130.5151,1,140.8660,0,38472,,1.3736,1.8368,-0.4632
2023-09-25,130.86,133.28,130.86,132.78,135.76,134.77,,,,130.5151,1,140.2275,0,26209,,1.1086,1.6912,-0.5825
2023-09-26,131.75,132.42,129.03,130.38,135.38,134.68,,,,140.7068,0,139.6273,0,41539,,0.6967,1.4923,-0.7955
2023-09-27,130.79,132.21,129.96,131.69,135.02,134.51,,,,140.7068,0,138.7797,0,33134,,0.4711,1.2880,-0.8169
2023-09-28,131.48,134.31,131.46,133.63,134.60,134.44,,,,140.7068,0,138.0000,0,23970,,0.4431,1.1191,-0.6759
2023-09-29,134.58,134.95,131.85,132.51,133.93,134.33,,,,140.7068,0,137.2826,0,29879,,0.3272,0.9607,-0.6335
2023-10-02,132.21,132.21,128.07,129.01,132.81,133.99,,,,140.2007,0,136.6226,0,31506,,-0.0465,0.7593,-0.8057
2023-10-03,127.91,127.91,123.67,126.07,131.56,133.64,,,,136.4443,0,135.7675,0,41558,,-0.5732,0.4928,-1.0660
2023-10-04,126.07,127.06,124.77,126.99,130.70,133.35,,,,136.1928,0,134.3157,0,30654,,-0.9066,0.2129,-1.1195
2023-10-05,126.56,128.79,125.98,128.18,130.25,133.15,,,,136.1928,0,133.0382,0,23820,,-1.0624,-0.0422,-1.0202
2023-10-06,127.46,129.48,126.48,127.93,129.92,132.82,,,,136.1928,0,131.9140,0,24426,,-1.1923,-0.2722,-0.9201
2023-10-09,126.72,129.47,126.26,129.09,129.55,132.65,,,,136.1928,0,130.9247,0,24218,,-1.1877,-0.4553,-0.7324
2023-10-10,130.21,130.69,128.64,128.73,129.38,132.38,,,,136.1928,0,123.6698,1,17507,,-1.1989,-0.6040,-0.5949
2023-10-11,129.39,130.56,128.24,129.64,129.18,132.10,,,,136.1928,0,123.8102,1,24402,,-1.1220,-0.7076,-0.4144
2023-10-12,130.16,130.16,125.85,125.95,128.41,131.51,131.50,,,136.1928,0,123.9477,1,23209,35983,-1.3433,-0.8348,-0.5086
2023-10-13,126.34,127.16,124.72,126.09,127.77,130.85,131.38,,,135.3714,0,124.0824,1,33495,35663,-1.4899,-0.9658,-0.5241
2023-10-16,128.11,129.14,127.40,127.60,127.63,130.22,131.30,,,135.3714,0,124.2145,1,24616,35260,-1.4675,-1.0661,-0.4013
2023-10-17,126.89,130.72,126.25,130.33,128.05,129.80,131.23,,,135.3714,0,124.3439,1,42012,35478,-1.2154,-1.0960,-0.1194
2023-10-18,128.06,129.27,126.66,128.05,128.16,129.43,131.15,,,135.3714,0,124.5991,1,55348,35750,-1.1857,-1.1139,-0.0718
2023-10-19,127.92,128.49,125.40,125.81,127.92,129.09,131.05,,,135.3714,0,124.8441,1,38802,35942,-1.3276,-1.1567,-0.1710
2023-10-20,125.93,126.91,124.19,124.62,127.59,128.75,130.91,,,135.2418,0,130.7241,0,22498,35643,-1.5187,-1.2291,-0.2897
2023-10-23,123.86,127.34,123.56,125.79,127.26,128.41,130.79,,,135.2418,0,130.5934,0,47317,36123,-1.5576,-1.2948,-0.2628
2023-10-24,126.61,127.25,124.99,125.90,126.98,128.18,130.68,,,135.2418,0,130.3122,0,42208,36596,-1.5619,-1.3482,-0.2137
2023-10-25,124.94,126.68,119.68,121.47,126.16,127.67,130.56,,,133.8725,0,130.0423,0,78627,37838,-1.9009,-1.4588,-0.4421
2023-10-26,121.47,125.10,120.84,122.55,125.82,127.12,130.46,,,133.8725,0,129.4206,0,43162,38216,-2.0590,-1.5788,-0.4802
2023-10-27,122.66,123.36,121.25,121.77,125.39,126.58,130.39,,,132.7502,0,128.8363,0,32093,38389,-2.2214,-1.7073,-0.5141
2023-10-30,122.86,125.19,121.31,124.45,125.07,126.35,130.33,,,132.7502,0,128.2870,0,28319,38583,-2.1095,-1.7878,-0.3218
2023-10-31,124.81,125.95,124.09,125.11,124.55,126.30,130.29,,,132.7502,0,127.7706,0,42816,38827,-1.9449,-1.8192,-0.1257
2023-11-01,125.55,127.03,124.71,126.87,124.43,126.30,130.31,,,132.7502,0,127.2853,0,55220,39184,-1.6534,-1.7860,0.1326
2023-11-02,128.64,131.64,127.61,131.59,125.01,126.47,130.41,,,132.7502,0,119.6814,1,27357,39185,-1.0298,-1.6348,0.6050
2023-11-03,133.02,136.22,131.34,135.89,126.14,126.87,130.56,,,123.1258,1,119.9205,1,47638,39619,-0.1860,-1.3450,1.1590
2023-11-06,136.11,136.11,132.06,133.56,126.92,127.09,130.65,,,123.2801,1,120.5726,1,25084,39590,0.2909,-1.0179,1.3087
2023-11-07,132.96,134.79,132.88,134.17,127.74,127.36,130.69,,,123.5368,1,121.1985,1,28704,39456,0.7103,-0.6722,1.3825
2023-11-08,133.74,134.46,132.92,132.95,128.89,127.53,130.65,,,123.9658,1,121.7994,1,29771,39373,0.9334,-0.3511,1.2845
2023-11-09,133.84,133.84,131.62,131.72,129.81,127.82,130.58,,,123.9658,1,122.3763,1,27851,39398,0.9994,-0.0810,1.0804
2023-11-10,132.21,133.77,130.73,133.15,130.95,128.17,130.55,,,123.9658,1,122.9301,1,21585,39219,1.1533,0.1658,0.9874
2023-11-13,132.43,134.65,131.82,133.84,131.89,128.48,130.51,,,123.9658,1,123.4618,1,23493,38891,1.3158,0.3958,0.9200
2023-11-14,137.10,142.24,137.10,141.02,133.48,129.01,130.67,,,128.7753,1,123.9722,1,73879,39437,2.0009,0.7169,1.2840
2023-11-15,140.55,141.97,138.55,138.87,134.68,129.56,130.79,,,129.4291,1,125.0681,1,60863,39892,2.3439,1.0423,1.3016
2023-11-16,138.81,139.30,135.17,136.62,135.18,130.10,130.88,,,129.4291,1,126.0983,1,40683,39966,2.4057,1.3149,1.0908
2023-11-17,137.43,139.71,137.07,138.81,135.47,130.80,130.97,,,129.4291,1,127.0666,1,33999,39920,2.6015,1.5723,1.0293
2023-11-20,138.50,139.84,136.91,139.73,136.09,131.50,131.11,,,129.4291,1,127.9769,1,20253,39445,2.7989,1.8176,0.9813
2023-11-21,139.29,140.01,138.36,138.41,136.51,132.13,131.20,,,129.4291,1,128.8325,1,19932,39173,2.8166,2.0174,0.7992
2023-11-22,139.50,140.76,139.01,140.74,137.29,133.09,131.31,,,130.1431,1,129.6368,1,17728,38244,2.9841,2.2107,0.7734
2023-11-24,140.84,142.00,138.55,141.93,138.31,134.06,131.39,,,130.4690,1,130.3929,1,10900,36944,3.1762,2.4038,0.7724
2023-11-27,141.40,142.59,140.21,142.36,139.23,135.09,131.45,,,131.8620,1,131.1036,1,41567,35539,3.3251,2.5881,0.7370
2023-11-28,142.51,142.71,141.08,141.56,140.01,135.95,131.48,,,132.8233,1,132.0222,1,36630,35359,3.3400,2.7385,0.6015
2023-11-29,142.34,144.06,142.09,142.55,140.16,136.82,131.56,,,134.1634,1,133.0912,1,45310,35500,3.3921,2.8692,0.5229
2023-11-30,142.82,144.51,142.09,142.56,140.53,137.60,131.70,,,134.5525,1,134.4080,1,39411,35200,3.3951,2.9744,0.4207
2023-12-01,142.02,145.32,141.60,144.82,141.35,138.26,131.94,,,134.5525,1,135.8221,1,31042,34494,3.5391,3.0873,0.4518
2023-12-04,144.44,148.12,144.44,147.40,142.21,138.84,132.26,,,137.0868,1,137.3419,1,43190,34589,3.8174,3.2334,0.5841
2023-12-05,146.26,147.36,145.08,146.64,142.90,139.49,132.54,,,137.2478,1,139.2824,1,27791,34620,3.9318,3.3730,0.5588
2023-12-06,147.36,149.99,145.89,146.13,143.67,140.09,132.86,,,138.6358,1,140.8736,1,24472,34279,3.9358,3.4856,0.4502
2023-12-07,146.44,148.13,144.91,147.01,144.30,140.79,133.16,,,138.6358,1,142.6964,1,26811,34152,3.9642,3.5813,0.3829
2023-12-08,146.60,149.64,146.17,149.53,145.06,141.68,133.48,,,138.6358,1,144.1545,1,41664,34506,4.1424,3.6935,0.4489
2023-12-11,149.68,149.82,148.05,148.52,145.67,142.45,133.80,,,139.8981,1,144.9052,1,30790,34525,4.1539,3.7856,0.3683
2023-12-12,148.62,152.39,148.16,150.45,146.56,143.28,134.23,,,140.8751,1,145.9216,1,46918,34833,4.2698,3.8824,0.3873
2023-12-13,150.43,155.77,150.16,155.09,147.82,143.99,134.81,,,142.8221,1,147.2159,1,55460,35111,4.6818,4.0423,0.6395
2023-12-14,157.81,160.85,156.95,158.91,149.45,144.99,135.45,,,148.0414,1,148.1612,1,60085,35699,5.2565,4.2851,0.9713
2023-12-15,158.10,160.09,156.89,159.11,150.88,146.11,136.07,,,148.0414,1,150.1611,1,77087,36765,5.6622,4.5606,1.1017
2023-12-18,159.82,160.40,158.62,159.23,152.06,147.13,136.69,,,149.3110,1,152.2983,1,24079,36758,5.9256,4.8336,1.0920
2023-12-19,159.47,162.26,158.61,161.54,153.55,148.23,137.34,,,150.1578,1,154.0080,1,36985,37013,6.2487,5.1166,1.1321
2023-12-20,161.04,164.07,160.11,160.13,154.95,149.31,137.97,,,151.6585,1,155.6579,1,59335,37850,6.3180,5.3569,0.9611
2023-12-21,161.91,163.45,160.27,162.94,156.55,150.42,138.64,,,151.6585,1,157.3411,1,25550,37873,6.5246,5.5904,0.9342
2023-12-22,163.92,165.11,163.07,163.37,157.93,151.49,139.39,,,154.0922,1,158.6877,1,33345,38075,6.6461,5.8016,0.8445
2023-12-26,163.72,166.07,163.66,165.70,159.65,152.66,140.18,,,155.0580,1,159.9717,1,16310,37732,6.8512,6.0115,0.8397
2023-12-27,166.26,168.15,166.01,167.54,161.36,153.96,140.98,,,157.5152,1,161.1921,1,19821,37636,7.0811,6.2254,0.8557
2023-12-28,167.22,168.06,166.29,167.24,162.57,155.19,141.71,,,158.0348,1,162.5839,1,18141,37158,7.1566,6.4116,0.7449
2023-12-29,166.66,167.43,165.11,165.26,163.21,156.33,142.46,,,158.0348,1,163.6973,1,44319,36938,6.9762,6.5246,0.4516
2024-01-02,163.94,164.40,161.57,163.03,163.60,157.24,143.20,,,158.0348,1,168.1511,0,32921,36820,6.5773,6.5351,0.0422
2024-01-03,161.52,161.52,157.79,158.14,163.49,157.78,143.87,,,158.0348,1,168.0195,0,48040,37331,5.7999,6.3881,-0.5882
2024-01-04,158.03,160.38,157.22,158.32,163.17,158.36,144.52,,,158.0348,1,167.6105,0,52468,37434,5.1385,6.1381,-0.9996
2024-01-05,157.98,161.57,157.21,160.95,163.25,159.10,145.23,,,158.0348,1,166.9873,0,45896,37508,4.7722,5.8650,-1.0927
2024-01-08,161.71,166.73,161.57,166.61,163.62,160.08,146.13,,,158.0348,1,157.2141,1,37575,36687,4.8817,5.6683,-0.7866
2024-01-09,163.83,163.83,159.97,162.99,163.58,160.75,146.94,,,158.0348,1,157.2141,1,44857,36721,4.6236,5.4594,-0.8357
2024-01-10,163.21,163.77,162.00,162.34,163.24,161.45,147.75,,,158.0348,1,157.4045,1,29792,36675,4.3171,5.2309,-0.9138
2024-01-11,161.87,161.87,159.69,161.46,162.63,162.00,148.49,,,158.0348,1,157.5910,1,37533,36859,3.9568,4.9761,-1.0193
2024-01-12,163.25,163.33,160.26,162.27,162.14,162.35,149.23,,,158.0348,1,157.7738,1,33472,36672,3.6942,4.7197,-1.0255
2024-01-16,160.52,163.88,159.48,163.82,161.99,162.60,149.97,,,158.0348,1,157.9529,1,56887,36705,3.5705,4.4899,-0.9194
2024-01-17,161.39,163.79,161.39,163.61,162.05,162.83,150.61,,,158.0348,1,158.1285,1,32479,36808,3.4159,4.2751,-0.8592
2024-01-18,165.02,165.02,162.22,164.26,162.66,163.08,151.18,,,158.0348,1,158.3005,1,25961,36374,3.3074,4.0816,-0.7741
2024-01-19,165.22,166.04,163.63,166.03,163.43,163.30,151.83,,,158.0348,1,158.4691,1,35708,36587,3.3258,3.9304,-0.6046
2024-01-22,167.14,170.06,167.06,169.34,164.27,163.76,152.53,,,158.3483,1,158.6344,1,45097,36915,3.5667,3.8577,-0.2909
2024-01-23,169.94,170.44,166.66,169.50,164.56,164.09,153.26,,,158.3483,1,159.0916,1,42035,37160,3.7279,3.8317,-0.1038
2024-01-24,171.55,171.84,168.15,168.90,165.15,164.37,154.01,,,159.5964,1,159.7725,1,31468,37232,3.7639,3.8182,-0.0542
2024-01-25,171.45,171.58,169.20,169.79,165.90,164.57,154.74,,,160.2297,1,160.7381,1,83318,38467,3.8201,3.8186,0.0016
2024-01-26,170.66,170.86,167.87,168.01,166.55,164.59,155.42,,,160.2297,1,161.6264,1,33213,38661,3.6781,3.7905,-0.1124
2024-01-29,167.50,170.57,167.47,169.87,167.31,164.73,156.00,,,160.2297,1,162.4436,1,50161,38187,3.6736,3.7671,-0.0935
2024-01-30,168.47,171.11,167.29,170.29,167.96,164.98,156.63,,,160.2297,1,163.1955,1,79189,38554,3.6614,3.7460,-0.0846
2024-01-31,174.94,175.84,165.33,165.92,168.19,165.12,157.21,,,160.2297,1,163.8872,1,105253,39845,3.2617,3.6491,-0.3874
2024-02-01,167.36,169.17,162.90,169.12,168.68,165.67,157.82,,,160.2297,1,175.8418,0,92159,41008,3.1665,3.5526,-0.3861
2024-02-02,168.58,173.21,167.74,170.85,169.16,166.30,158.44,,,160.2297,1,175.8418,0,83658,42276,3.1938,3.4808,-0.2870
2024-02-05,169.47,170.03,167.22,168.91,169.12,166.69,159.05,,,160.2297,1,175.5828,0,56785,43013,3.0247,3.3896,-0.3649
2024-02-06,168.51,170.14,166.19,167.74,168.94,166.75,159.59,,,160.2297,1,175.3291,0,59132,43841,2.7636,3.2644,-0.5008
2024-02-07,162.35,167.93,162.35,166.42,168.69,166.92,160.08,,,160.2297,1,175.0804,0,136749,46358,2.4228,3.0961,-0.6733
2024-02-08,165.09,170.20,164.52,169.93,168.70,167.30,160.63,,,160.2297,1,174.5714,0,93427,47396,2.4079,2.9585,-0.5505
2024-02-09,169.98,172.71,169.56,172.45,169.15,167.85,161.25,,,160.2297,1,174.0827,0,85336,48370,2.5700,2.8808,-0.3108
2024-02-12,172.86,177.76,172.86,177.26,169.89,168.60,161.95,,,161.7975,1,162.3541,1,78066,49025,3.0515,2.9149,0.1366
2024-02-13,172.29,176.04,171.98,174.39,170.30,169.13,162.58,,,161.7975,1,162.6623,1,95755,50152,3.1651,2.9650,0.2001
2024-02-14,176.81,178.42,174.80,176.61,171.37,169.78,163.22,,,163.0288,1,162.9644,1,82987,51191,3.3945,3.0509,0.3436
2024-02-15,177.80,180.49,176.80,179.29,172.38,170.53,163.86,,,165.2555,1,163.5826,1,58455,51496,3.7498,3.1907,0.5592
2024-02-16,178.96,180.60,178.05,178.19,173.12,171.14,164.49,,,166.5132,1,164.5970,1,54020,52020,3.8976,3.3320,0.5656
2024-02-20,176.11,178.64,175.09,175.74,173.80,171.46,165.08,,,166.5132,1,165.8769,1,42035,52372,3.7732,3.4203,0.3529
2024-02-21,174.68,175.21,173.62,175.14,174.54,171.74,165.64,,,166.5132,1,167.0544,1,51390,52863,3.5850,3.4532,0.1318
2024-02-22,176.68,179.20,175.80,179.04,175.80,172.25,166.23,,,166.5132,1,168.1376,1,57057,53171,3.7078,3.5041,0.2036
2024-02-23,179.55,180.97,177.55,177.56,176.57,172.64,166.81,,,167.4403,1,169.1342,1,27872,53113,3.6441,3.5321,0.1120
2024-02-26,177.31,178.61,176.16,176.74,176.99,173.07,167.34,,,167.4403,1,170.3176,1,32497,52824,3.4869,3.5231,-0.0362
2024-02-27,177.00,177.70,174.96,177.64,177.03,173.46,167.79,,,167.4403,1,171.3826,1,43392,52583,3.3959,3.4976,-0.1017
2024-02-28,177.00,178.83,176.94,178.28,177.42,173.86,168.18,,,167.4403,1,172.3411,1,44504,52271,3.3371,3.4655,-0.1285
2024-02-29,179.81,182.02,179.12,181.51,177.91,174.64,168.62,,,169.9839,1,173.2037,1,68265,52095,3.5107,3.4746,0.0361
2024-03-01,181.62,182.92,180.18,180.74,178.06,175.22,169.05,,,171.2016,1,174.2611,1,70474,53023,3.5455,3.4887,0.0568
2024-03-04,180.98,186.26,180.98,185.16,178.75,175.94,169.53,,,172.6517,1,175.4730,1,72576,53735,3.8846,3.5679,0.3167
2024-03-05,184.01,188.42,184.01,188.39,180.02,176.91,170.09,,,175.0225,1,177.1998,1,98871,54525,4.3637,3.7271,0.6366
2024-03-06,188.87,188.93,185.95,188.24,181.33,177.94,170.60,,,176.4757,1,179.2192,1,99552,56005,4.6777,3.9172,0.7605
2024-03-07,189.20,189.31,186.87,188.45,182.27,179.04,171.10,147.33,,177.4842,1,181.1620,1,72642,56791,4.8867,4.1111,0.7756
2024-03-08,189.20,192.14,188.99,190.49,183.56,180.07,171.60,147.72,,179.9147,1,182.7919,1,159970,59665,5.1573,4.3203,0.8369
2024-03-11,189.63,189.95,187.25,187.79,184.67,180.83,172.00,148.09,,179.9147,1,184.6624,1,138137,62031,5.0953,4.4753,0.6200
2024-03-12,187.98,188.76,184.92,185.05,185.41,181.22,172.36,148.43,,179.9147,1,192.1446,0,57562,62819,4.7705,4.5344,0.2361
2024-03-13,185.61,189.64,185.30,188.89,186.47,181.95,172.83,148.81,,179.9147,1,192.0000,0,63469,63202,4.7681,4.5811,0.1870
2024-03-14,187.78,188.19,182.67,184.31,186.75,182.33,173.25,149.17,,179.9147,1,191.8584,0,68522,63914,4.3466,4.5342,-0.1876
2024-03-15,183.09,185.49,182.72,183.64,187.04,182.55,173.76,149.52,,179.9147,1,191.4907,0,145681,65867,3.9126,4.4099,-0.4973
2024-03-18,183.89,184.97,182.30,182.35,186.76,182.76,174.25,149.85,,179.9147,1,191.1376,0,45312,65724,3.4251,4.2129,-0.7878
2024-03-19,181.49,185.01,181.49,184.93,186.41,183.22,174.72,150.21,,179.9147,1,190.6072,0,56856,65943,3.2099,4.0123,-0.8024
2024-03-20,184.27,186.93,180.71,186.43,186.23,183.78,175.12,150.60,,179.9147,1,189.8779,0,59221,66376,3.1248,3.8348,-0.7100
2024-03-21,188.22,193.07,186.75,189.31,186.32,184.29,175.65,151.02,,179.9147,1,180.7056,1,90633,67292,3.2523,3.7183,-0.4660
2024-03-22,189.36,189.49,185.26,186.36,185.91,184.73,176.13,151.42,,179.9147,1,180.7056,1,35055,67397,3.0799,3.5906,-0.5107
2024-03-25,186.05,188.77,186.05,186.63,185.79,185.23,176.63,151.82,,179.9147,1,180.9528,1,36529,67377,2.9314,3.4588,-0.5274
2024-03-26,187.10,188.09,184.50,184.59,185.74,185.58,177.08,152.20,,179.9147,1,181.1951,1,81027,68328,2.6183,3.2907,-0.6724
2024-03-27,185.83,187.65,184.93,186.49,185.50,185.99,177.53,152.61,,179.9147,1,181.4325,1,80844,68807,2.4949,3.1315,-0.6366
2024-03-28,187.42,187.74,185.73,186.86,185.76,186.25,178.00,153.01,,179.9147,1,181.6652,1,68658,69531,2.3992,2.9850,-0.5859
2024-04-01,186.86,187.16,182.68,183.62,185.76,186.40,178.38,153.38,,179.9147,1,181.8932,1,53766,70087,2.0383,2.7957,-0.7574
2024-04-02,181.96,183.66,181.32,183.14,185.84,186.30,178.73,153.74,,179.9147,1,193.0663,0,60498,70583,1.6944,2.5754,-0.8810
2024-04-03,184.93,187.14,184.77,186.93,186.04,186.22,179.08,154.10,,179.9147,1,192.8313,0,56375,70808,1.7083,2.4020,-0.6937
2024-04-04,188.62,189.74,184.44,185.27,185.92,186.08,179.39,154.43,,179.9147,1,192.6010,0,55929,71086,1.5666,2.2350,-0.6683
2024-04-05,185.76,188.19,185.19,187.64,185.75,186.04,179.77,154.79,,179.9147,1,192.3754,0,51019,71477,1.6274,2.1134,-0.4860
2024-04-08,189.50,190.95,188.45,189.79,186.10,186.00,180.17,155.15,,179.9147,1,192.1542,0,38653,70584,1.8275,2.0563,-0.2288
2024-04-09,189.50,190.03,186.92,188.08,186.24,186.02,180.57,155.50,,179.9147,1,191.9374,0,62846,71176,1.8272,2.0104,-0.1832
2024-04-10,184.46,187.43,183.17,185.70,186.35,186.05,180.89,155.85,,179.9147,1,191.7250,0,62301,71419,1.6166,1.9317,-0.3151
2024-04-11,186.73,188.56,183.86,188.31,186.53,186.02,181.25,156.22,,179.9147,1,191.5169,0,74104,71318,1.6413,1.8736,-0.2323
2024-04-12,186.50,187.44,183.57,185.22,186.37,186.06,181.63,156.58,,179.9147,1,191.3129,0,96519,71143,1.3951,1.7779,-0.3828
2024-04-15,187.19,188.17,179.03,180.33,186.04,185.90,181.86,156.88,,179.9147,1,191.1130,0,43993,70180,0.7962,1.5815,-0.7854
2024-04-16,179.76,180.46,177.47,179.17,185.64,185.74,182.02,157.19,,191.9573,0,190.6295,0,38227,69271,0.2258,1.3104,-1.0846
2024-04-17,181.05,182.76,179.98,179.98,184.95,185.49,182.24,157.50,,191.9573,0,189.8402,0,68450,69504,-0.1594,1.0164,-1.1759
2024-04-18,180.90,182.11,178.57,179.77,184.40,185.16,182.48,157.79,,191.9573,0,189.0983,0,41264,69147,-0.4757,0.7180,-1.1937
2024-04-19,180.06,182.10,179.27,180.81,183.72,184.73,182.77,158.08,,191.9573,0,188.4009,0,54939,67511,-0.6352,0.4474,-1.0826
2024-04-22,182.24,187.57,180.14,186.36,183.37,184.73,183.10,158.40,,191.9573,0,187.7453,0,73432,67111,-0.3103,0.2958,-0.6061
2024-04-23,186.82,192.55,186.77,190.26,183.59,184.92,183.46,158.73,,191.9573,0,177.4747,1,100599,67416,0.2590,0.2885,-0.0295
2024-04-24,171.15,185.66,170.02,181.04,183.13,184.74,183.53,159.01,,191.9573,0,192.5521,0,244340,70741,-0.0340,0.2240,-0.2580
2024-04-25,176.65,180.35,171.92,178.18,182.11,184.32,183.61,159.30,,191.9573,0,192.5521,0,155662,71940,-0.4907,0.0810,-0.5717
2024-04-26,178.96,180.07,178.24,178.80,181.47,183.92,183.65,159.60,,191.9573,0,192.1015,0,65478,71589,-0.7934,-0.0938,-0.6996
2024-04-29,179.49,180.48,178.44,179.35,181.37,183.71,183.65,159.92,,191.9573,0,191.6600,0,75308,71926,-0.9782,-0.2707,-0.7075
2024-04-30,178.52,179.50,176.01,176.10,181.07,183.35,183.61,160.21,,191.9573,0,191.2272,0,61910,72084,-1.3711,-0.4908,-0.8803
2024-05-01,176.55,182.03,174.75,178.60,180.93,182.94,183.67,160.53,,191.9573,0,190.8032,0,69803,72640,-1.4636,-0.6853,-0.7782
2024-05-02,180.26,182.29,179.36,180.98,181.05,182.72,183.79,160.86,,191.9573,0,190.3876,0,58626,72784,-1.3298,-0.8142,-0.5155
2024-05-03,183.86,184.69,182.42,184.18,181.38,182.55,183.89,161.20,,191.9573,0,189.9803,0,70579,73055,-0.9544,-0.8423,-0.1121
2024-05-06,186.16,187.58,185.72,187.48,181.50,182.44,184.09,161.57,,191.9573,0,189.5811,0,45274,73403,-0.3862,-0.7510,0.3648
2024-05-07,187.55,188.25,186.55,187.35,181.21,182.40,184.30,161.96,,191.9573,0,189.1900,0,91356,74580,0.0533,-0.5902,0.6434
2024-05-08,186.48,187.90,184.95,187.80,181.88,182.50,184.50,162.37,,191.9573,0,188.8066,0,46222,74637,0.4326,-0.3856,0.8182
2024-05-09,188.08,188.78,186.08,188.69,182.93,182.52,184.71,162.78,,191.9573,0,170.0233,1,57624,74899,0.7960,-0.1493,0.9453
2024-05-10,188.75,191.13,188.11,190.41,184.09,182.78,184.89,163.19,,191.9573,0,170.3984,1,56402,74662,1.2087,0.1223,1.0864
2024-05-13,191.62,192.30,189.94,190.05,185.16,183.27,185.07,163.61,,191.9573,0,171.2275,1,37354,73999,1.4896,0.3958,1.0939
2024-05-14,190.79,191.61,189.65,190.03,186.56,183.81,185.17,164.01,,191.9573,0,172.4919,1,33982,73227,1.6912,0.6549,1.0363
2024-05-15,191.57,194.47,190.84,194.33,188.13,184.53,185.29,164.45,,181.0176,1,173.6804,1,47929,72209,2.1727,0.9584,1.2143
2024-05-16,193.62,195.29,193.01,193.34,189.36,185.21,185.39,164.88,,182.9870,1,175.3438,1,45653,71131,2.4463,1.2560,1.1903
2024-05-17,194.38,197.62,193.68,197.42,190.69,186.04,185.57,165.35,156.89,184.3185,1,177.3382,1,53312,70744,2.9586,1.5965,1.3620
2024-05-20,197.63,198.76,196.20,196.98,191.64,186.57,185.70,165.83,157.21,186.5167,1,179.7716,1,45842,68461,3.2906,1.9353,1.3553
2024-05-21,196.75,200.18,196.64,199.64,192.87,187.04,185.94,166.31,157.55,187.4773,1,182.4302,1,59200,66883,3.7261,2.2935,1.4326
2024-05-22,198.98,200.18,193.88,195.84,193.67,187.78,186.15,166.74,157.86,187.4773,1,185.2699,1,69679,67125,3.7214,2.5791,1.1424
2024-05-23,196.28,196.87,193.65,194.13,194.22,188.57,186.26,167.18,158.18,187.4773,1,187.9534,1,56205,66980,3.5392,2.7711,0.7681
2024-05-24,195.14,199.58,194.58,198.33,195.01,189.55,186.54,167.67,158.51,187.4773,1,190.1538,1,43419,66478,3.6911,2.9551,0.7360
2024-05-28,198.77,199.63,194.97,195.97,195.60,190.38,186.79,168.14,158.83,187.4773,1,191.9582,1,41567,64395,3.5793,3.0799,0.4994
2024-05-29,193.51,194.01,192.02,193.09,195.91,191.23,187.00,168.59,159.14,187.4773,1,200.1782,0,35802,64205,3.2210,3.1082,0.1129
2024-05-30,193.53,196.43,192.80,195.99,196.07,192.10,187.22,169.06,159.46,187.4773,1,200.0150,0,42763,63923,3.1350,3.1135,0.0215
2024-05-31,196.23,198.31,194.26,197.68,196.51,192.94,187.45,169.57,159.81,187.4773,1,199.8550,0,74885,64237,3.1671,3.1242,0.0429
2024-06-03,198.72,198.72,192.92,196.16,196.38,193.54,187.58,170.06,160.16,187.4773,1,199.6983,0,45472,63333,3.0350,3.1064,-0.0714
2024-06-04,194.62,195.05,189.78,190.12,195.70,193.67,187.66,170.51,160.48,187.4773,1,199.5447,0,68742,64007,2.4151,2.9681,-0.5531
2024-06-05,190.58,195.07,189.66,192.42,194.97,193.92,187.78,170.97,160.81,187.4773,1,199.1542,0,50807,64293,2.0853,2.7916,-0.7063
2024-06-06,192.40,192.40,189.62,190.69,194.46,194.07,187.90,171.40,161.12,187.4773,1,198.5848,0,48451,63641,1.6648,2.5662,-0.9014
2024-06-07,189.45,189.96,187.17,187.61,193.81,194.01,187.92,171.81,161.43,187.4773,1,197.8673,0,33532,62695,1.0708,2.2671,-1.1963
2024-06-10,185.51,189.75,184.68,189.09,192.88,193.95,187.96,172.19,161.75,187.4773,1,196.7977,0,35369,62029,0.7114,1.9560,-1.2446
2024-06-11,187.59,189.21,186.88,188.02,192.09,193.84,188.05,172.54,162.04,187.4773,1,195.3433,0,29030,61535,0.3362,1.6320,-1.2958
2024-06-12,192.56,194.55,191.59,192.49,192.03,193.97,188.24,172.93,162.36,187.4773,1,184.6775,1,39996,61124,0.3951,1.3846,-0.9896
2024-06-13,189.64,193.18,189.50,192.29,191.66,193.86,188.35,173.32,162.66,187.4773,1,184.8751,1,75821,61513,0.4204,1.1918,-0.7714
2024-06-14,190.13,192.25,190.13,192.15,191.10,193.81,188.48,173.71,162.95,187.4773,1,185.0687,1,60855,61612,0.4245,1.0383,-0.6138
2024-06-17,193.02,195.13,189.66,195.07,190.99,193.69,188.63,174.14,163.25,187.4773,1,185.2584,1,63823,61868,0.6561,0.9619,-0.3058
2024-06-18,195.89,200.44,195.17,199.28,191.91,193.80,188.82,174.58,163.57,187.4773,1,185.6533,1,61947,62334,1.1657,1.0026,0.1630
2024-06-20,199.14,199.14,195.07,196.05,192.27,193.62,188.98,174.99,163.87,187.4773,1,186.5404,1,64383,62365,1.2937,1.0608,0.2328
2024-06-21,196.84,196.84,189.13,189.72,192.18,193.32,189.06,175.32,164.16,187.4773,1,187.3742,1,166645,64451,0.8749,1.0237,-0.1487
2024-06-24,189.91,193.87,189.35,191.69,192.58,193.20,189.13,175.67,164.45,187.4773,1,188.1581,1,57345,64116,0.6938,0.9577,-0.2639
2024-06-25,190.93,191.70,188.46,189.43,192.62,192.75,189.21,176.02,164.74,187.4773,1,200.4383,0,44281,63072,0.3638,0.8389,-0.4751
2024-06-26,188.11,190.47,187.62,189.60,192.78,192.43,189.40,176.36,165.01,187.4773,1,200.1987,0,41342,63019,0.1142,0.6940,-0.5797
2024-06-27,189.61,193.10,188.66,192.39,192.77,192.40,189.66,176.71,165.31,187.4773,1,199.6955,0,58581,63426,0.1404,0.5833,-0.4428
2024-06-28,193.16,203.35,193.16,203.03,193.84,192.75,190.13,177.14,165.66,187.4773,1,187.6193,1,172059,65498,1.0079,0.6682,0.3397
2024-07-01,203.80,205.86,202.15,205.61,195.19,193.15,190.64,177.57,166.01,189.3492,1,187.9339,1,89266,66458,1.8820,0.9109,0.9710
2024-07-02,204.63,207.68,204.63,205.93,196.27,193.63,191.14,178.00,166.35,192.0435,1,188.6511,1,83274,67025,2.5710,1.2430,1.3280
2024-07-03,206.92,207.50,204.96,205.53,196.90,194.40,191.53,178.42,166.68,192.7695,1,189.7926,1,32578,66207,3.0497,1.6043,1.4454
2024-07-05,204.84,207.55,204.14,207.26,198.02,195.15,191.87,178.86,167.01,192.7695,1,190.8656,1,46150,65118,3.5275,1.9889,1.5385
2024-07-08,207.61,209.81,207.05,207.13,199.76,195.97,192.39,179.29,167.36,195.7807,1,191.8742,1,62516,61482,3.8515,2.3614,1.4901
2024-07-09,209.44,211.48,207.29,209.05,201.50,197.04,193.01,179.73,167.72,196.6941,1,193.3090,1,91359,60196,4.2146,2.7321,1.4825
2024-07-10,210.05,216.35,209.59,215.31,204.08,198.35,193.74,180.20,168.14,199.3542,1,195.1265,1,76192,60410,4.9507,3.1758,1.7749
2024-07-11,217.45,220.81,216.28,219.63,207.09,199.93,194.54,180.68,168.58,204.6438,1,197.6728,1,67168,60247,5.8152,3.7037,2.1115
2024-07-12,220.89,224.92,219.28,221.06,209.95,201.36,195.44,181.18,169.02,207.8971,1,200.9115,1,65745,60324,6.5405,4.2710,2.2694
2024-07-15,223.26,230.66,223.08,230.26,212.68,203.26,196.48,181.74,169.52,211.2087,1,204.7524,1,110938,61147,7.7685,4.9705,2.7980
2024-07-16,230.63,238.25,229.27,238.01,215.92,205.55,197.62,182.35,170.05,216.9722,1,209.4166,1,97198,61918,9.2598,5.8284,3.4314
2024-07-17,236.45,239.08,233.67,237.05,219.03,207.65,198.67,182.93,170.57,219.6448,1,215.1837,1,96541,62438,10.2466,6.7120,3.5346
2024-07-18,237.23,241.60,232.98,235.53,222.03,209.46,199.63,183.51,171.08,219.6474,1,219.9631,1,212905,65790,10.7817,7.5260,3.2557
2024-07-19,235.53,235.92,232.65,234.28,224.73,211.38,200.57,184.07,171.61,219.6474,1,224.2911,1,72201,65407,10.9778,8.2163,2.7615
2024-07-22,235.15,236.07,231.85,234.22,227.44,213.60,201.50,184.60,172.15,219.6474,1,227.7536,1,113516,66753,11.0017,8.7734,2.2283
2024-07-23,236.44,240.04,235.37,237.85,230.32,215.91,202.48,185.12,172.71,221.1598,1,230.5235,1,110907,67819,11.1849,9.2557,1.9292
2024-07-24,236.70,240.03,228.60,230.26,231.82,217.95,203.28,185.60,173.22,221.1598,1,241.6033,0,169775,70086,10.5957,9.5237,1.0720
2024-07-25,230.05,243.25,230.05,239.35,233.79,220.44,204.27,186.13,173.77,221.1598,1,228.5992,1,180924,72957,10.7382,9.7666,0.9716
2024-07-26,241.21,246.43,240.82,242.77,235.96,222.96,205.32,186.67,174.34,223.1053,1,228.5992,1,105798,74394,11.0003,10.0134,0.9870
2024-07-29,243.52,243.58,237.80,238.85,236.82,224.75,206.21,187.20,174.89,223.1053,1,229.3126,1,84594,75127,10.7671,10.1641,0.6030
2024-07-30,241.40,245.54,240.45,240.76,237.09,226.51,207.16,187.72,175.45,223.1053,1,229.9975,1,96046,76135,10.6140,10.2541,0.3599
2024-07-31,242.76,248.14,242.28,243.90,237.78,228.40,208.09,188.25,176.04,224.8198,1,230.6550,1,149257,78054,10.6241,10.3281,0.2960
2024-08-01,244.59,244.90,228.92,231.96,237.42,229.73,208.79,188.70,176.57,224.8198,1,248.1395,0,126757,79672,9.5583,10.1741,-0.6159
2024-08-02,223.72,225.74,219.32,222.07,236.20,230.47,209.24,189.06,177.04,247.1461,0,248.1395,0,130792,81104,7.8256,9.7044,-1.8788
2024-08-05,209.64,218.89,207.11,216.34,234.41,230.93,209.65,189.39,177.47,239.6461,0,246.9865,0,131255,82336,5.9212,8.9478,-3.0266
2024-08-06,217.22,225.92,215.09,221.39,232.77,231.54,210.19,189.76,177.94,239.6461,0,244.5940,0,95935,83130,4.7650,8.1112,-3.3462
2024-08-07,225.00,225.01,217.98,218.00,231.54,231.68,210.59,190.13,178.40,239.6461,0,242.3450,0,86588,83993,3.5344,7.1959,-3.6615
2024-08-08,220.85,228.46,218.94,227.13,230.32,232.05,211.21,190.59,178.91,239.6461,0,240.2309,0,80327,84769,3.2581,6.4083,-3.1502
2024-08-09,227.79,228.15,225.26,227.05,228.74,232.35,211.89,191.05,179.42,239.6461,0,238.2437,0,74006,85533,2.9982,5.7263,-2.7281
2024-08-12,226.49,226.49,222.09,222.95,227.15,231.99,212.43,191.46,179.90,239.6461,0,236.3758,0,42549,85528,2.4333,5.0677,-2.6343
2024-08-13,224.55,229.32,223.20,228.03,225.88,231.49,213.04,191.87,180.43,239.6461,0,234.6199,0,76808,85567,2.3687,4.5279,-2.1592
2024-08-14,229.38,232.08,227.67,230.83,224.58,231.18,213.73,192.32,180.97,239.6461,0,232.9693,0,39005,85438,2.5140,4.1251,-1.6111
2024-08-15,234.69,237.08,234.69,235.53,224.93,231.18,214.64,192.81,181.54,239.6461,0,207.1108,1,73407,85531,2.9738,3.8948,-0.9211
2024-08-16,234.87,237.64,233.90,234.41,226.17,231.18,215.48,193.30,182.09,239.6461,0,207.7103,1,43630,85387,3.2115,3.7582,-0.5467
2024-08-19,234.15,236.59,232.98,234.68,228.00,231.21,216.36,193.78,182.64,239.6461,0,208.9074,1,55580,85530,3.3822,3.6830,-0.3008
2024-08-20,234.22,234.64,229.45,230.72,228.93,230.85,217.22,194.22,183.16,239.6461,0,210.0567,1,30460,85469,3.1618,3.5787,-0.4169
2024-08-21,231.59,233.81,229.67,233.42,230.48,231.01,218.11,194.69,183.67,239.6461,0,211.1599,1,41744,85596,3.1684,3.4967,-0.3283
2024-08-22,233.71,234.94,232.72,233.27,231.09,230.70,219.01,195.15,184.16,239.6461,0,212.2191,1,34006,85696,3.1258,3.4225,-0.2967
2024-08-23,234.87,241.63,234.87,238.74,232.26,230.50,219.94,195.63,184.68,239.6461,0,213.2359,1,50440,85904,3.4927,3.4366,0.0562
2024-08-26,240.42,240.81,236.58,238.97,233.86,230.51,220.87,196.10,185.21,239.6461,0,214.9397,1,36701,85122,3.7591,3.5011,0.2580
2024-08-27,237.35,238.06,235.98,236.20,234.68,230.28,221.75,196.54,185.72,239.6461,0,216.5413,1,35596,84617,3.7034,3.5415,0.1619
2024-08-28,235.21,238.42,233.71,237.36,235.33,229.95,222.60,197.00,186.25,239.6461,0,218.0467,1,36575,84072,3.7101,3.5752,0.1349
2024-08-29,238.54,240.90,237.05,237.47,235.53,230.23,223.36,197.45,186.77,239.6461,0,219.4619,1,41786,83669,3.6824,3.5967,0.0857
2024-08-30,237.91,240.29,236.92,240.16,236.10,231.13,224.24,197.93,187.30,223.0186,1,220.7921,1,51827,83418,3.8331,3.6440,0.1891
2024-09-03,237.97,238.44,230.45,232.14,235.85,231.92,225.09,198.35,187.76,223.0186,1,222.0425,1,50618,81097,3.2674,3.5686,-0.3012
2024-09-04,230.57,235.04,229.10,231.69,235.94,232.44,225.89,198.76,188.22,223.0186,1,223.2179,1,39140,80733,2.7511,3.4051,-0.6540
2024-09-05,232.63,234.88,231.77,233.73,235.97,233.22,226.78,199.21,188.71,223.0186,1,224.3228,1,56777,80983,2.4782,3.2198,-0.7415
2024-09-06,233.57,235.25,227.82,228.78,235.52,233.31,227.56,199.61,189.16,223.0186,1,225.3614,1,48550,81127,1.8409,2.9440,-1.1031
2024-09-09,230.74,236.20,230.06,233.14,234.96,233.61,228.38,200.02,189.63,223.0186,1,226.3377,1,64554,81246,1.6691,2.6890,-1.0199
2024-09-10,232.92,232.92,224.58,228.57,233.92,233.89,228.89,200.42,190.08,223.0186,1,241.6325,0,64153,79088,1.1506,2.3813,-1.2307
2024-09-11,231.33,231.33,221.04,226.36,232.94,233.81,229.30,200.81,190.51,223.0186,1,241.2915,0,141311,80129,0.5551,2.0161,-1.4610
2024-09-12,225.11,230.39,225.11,229.32,232.14,233.73,229.77,201.23,190.94,223.0186,1,240.4813,0,56363,79591,0.3184,1.6765,-1.3582
2024-09-13,230.44,235.63,230.44,233.51,231.74,233.63,230.33,201.65,191.40,223.0186,1,239.7034,0,58156,80103,0.4630,1.4338,-0.9708
2024-09-16,233.91,237.60,233.62,236.63,231.39,233.74,230.92,202.08,191.87,223.0186,1,238.9567,0,65157,80483,0.8205,1.3111,-0.4907
2024-09-17,237.76,244.36,237.76,240.64,232.24,234.04,231.59,202.50,192.36,223.0186,1,221.0351,1,42524,80083,1.4108,1.3311,0.0798
2024-09-18,240.05,246.44,238.26,241.00,233.17,234.56,232.23,202.95,192.86,223.0186,1,221.5016,1,68407,79624,1.8862,1.4421,0.4441
2024-09-19,246.45,250.01,243.70,249.78,234.77,235.37,232.92,203.44,193.38,226.6232,1,222.4990,1,56815,79236,2.9371,1.7411,1.1960
2024-09-20,250.22,251.29,248.29,250.92,236.99,236.26,233.54,203.91,193.90,230.6831,1,224.1497,1,147066,80834,3.8183,2.1565,1.6618
2024-09-23,252.46,253.80,248.53,252.81,238.95,236.96,234.18,204.41,194.43,232.3839,1,226.3211,1,60272,80725,4.6156,2.6484,1.9673
2024-09-24,253.21,253.29,249.26,252.48,241.35,237.63,234.62,204.92,194.96,233.1616,1,229.0694,1,51024,79527,5.1620,3.1511,2.0109
2024-09-25,252.45,253.10,249.31,250.44,243.75,238.35,234.87,205.42,195.48,233.7667,1,231.5428,1,59017,78763,5.3683,3.5945,1.7738
2024-09-26,251.53,252.82,248.51,251.00,245.92,239.03,235.15,205.90,195.99,233.7667,1,233.7689,1,58326,77999,5.5132,3.9783,1.5349
2024-09-27,252.28,252.28,248.21,248.36,247.41,239.57,235.40,206.38,196.48,233.7667,1,235.7724,1,62465,74990,5.3534,4.2533,1.1001
2024-09-30,247.00,249.08,244.00,247.59,248.50,239.94,235.67,206.85,196.97,233.7667,1,237.5756,1,106985,75685,5.1056,4.4237,0.6818
2024-10-01,247.16,247.16,242.62,245.30,248.97,240.60,235.89,207.30,197.42,233.7667,1,239.1984,1,55747,74530,4.6708,4.4732,0.1977
2024-10-02,243.06,247.60,242.75,243.13,249.18,241.17,236.00,207.73,197.84,233.7667,1,240.6589,1,77893,73870,4.1039,4.3993,-0.2954
2024-10-03,242.17,242.89,239.59,242.24,248.43,241.60,236.24,208.14,198.26,233.7667,1,253.8038,0,54234,71559,3.5420,4.2278,-0.6858
2024-10-04,246.44,248.32,244.21,246.02,247.94,242.46,236.37,208.57,198.69,233.7667,1,253.5196,0,40505,68751,3.3631,4.0549,-0.6918
2024-10-07,245.09,245.16,241.23,241.95,246.85,242.90,236.35,208.95,199.09,233.7667,1,253.2411,0,34858,67332,2.8596,3.8158,-0.9563
2024-10-08,242.49,245.38,241.06,242.97,245.90,243.62,236.44,209.31,199.51,233.7667,1,252.9682,0,48653,66613,2.5135,3.5554,-1.0419
2024-10-09,244.19,250.18,244.19,249.28,245.78,244.77,236.61,209.72,199.94,233.7667,1,252.7007,0,71190,66116,2.7174,3.3878,-0.6704
2024-10-10,247.96,247.96,244.97,247.15,245.40,245.66,236.67,210.11,200.36,233.7667,1,252.4385,0,39577,63922,2.6762,3.2455,-0.5693
2024-10-11,248.33,260.17,248.33,259.58,246.52,246.96,237.22,210.57,200.83,236.2136,1,239.5939,1,119657,63780,3.6051,3.3174,0.2877
2024-10-14,259.96,265.53,258.98,264.87,248.25,248.38,238.08,211.09,201.31,244.0617,1,240.0054,1,71143,62587,4.7135,3.5966,1.1169
2024-10-15,266.72,270.89,263.17,266.49,250.37,249.67,239.08,211.63,201.81,248.3343,1,241.0264,1,111826,62199,5.6577,4.0088,1.6488
2024-10-16,269.47,270.70,267.98,270.37,253.09,251.14,240.06,212.17,202.34,251.2560,1,242.8180,1,79869,61877,6.6424,4.5355,2.1069
2024-10-17,271.69,275.99,271.57,275.87,256.45,252.44,241.22,212.78,202.90,255.8158,1,244.5022,1,141168,62969,7.7771,5.1839,2.5933
2024-10-18,276.50,281.49,273.69,279.55,259.81,253.87,242.27,213.42,203.51,259.0840,1,247.0211,1,108638,63535,8.8707,5.9212,2.9495
2024-10-21,279.60,279.60,271.53,272.07,262.82,254.84,243.17,214.02,204.08,259.0840,1,250.4680,1,99274,64041,9.0300,6.5430,2.4870
2024-10-22,270.68,271.47,267.88,269.35,265.46,255.68,244.10,214.58,204.62,259.0840,1,253.5703,1,148499,66160,8.8351,7.0014,1.8337
2024-10-23,263.91,269.44,250.17,251.89,265.72,255.75,244.57,215.02,205.05,280.4532,0,281.4906,0,204285,68709,7.1886,7.0388,0.1498
2024-10-24,253.69,259.06,251.56,256.80,266.68,256.04,245.09,215.47,205.51,277.6909,0,280.8642,0,91523,69759,6.2088,6.8728,-0.6640
2024-10-25,257.83,260.70,253.01,254.65,266.19,256.36,245.48,215.92,205.98,277.6909,0,280.2503,0,90548,70102,5.1989,6.5381,-1.3391
2024-10-28,257.97,258.25,254.02,255.42,265.25,256.75,245.90,216.38,206.45,277.6103,0,279.6486,0,71741,70664,4.4093,6.1123,-1.7030
2024-10-29,252.87,259.55,252.44,259.19,264.52,257.44,246.39,216.88,206.93,277.4554,0,279.0590,0,108444,71722,4.0413,5.6981,-1.6568
2024-10-30,259.60,264.80,259.01,259.05,263.38,258.24,246.95,217.36,207.41,277.4554,0,278.4812,0,79441,72701,3.6960,5.2977,-1.6017
2024-10-31,257.76,260.71,255.38,258.17,261.61,259.03,247.45,217.84,207.88,277.4554,0,277.9149,0,81179,73490,3.3132,4.9008,-1.5876
2024-11-01,261.39,266.46,261.30,262.74,259.93,259.87,248.04,218.37,208.37,277.4554,0,277.3600,0,85599,74522,3.3396,4.5885,-1.2490
2024-11-04,261.54,261.54,254.71,257.77,258.50,260.66,248.42,218.87,208.83,277.4554,0,276.8162,0,85748,75228,2.9261,4.2561,-1.3299
2024-11-05,258.86,266.60,258.86,265.67,258.14,261.80,248.95,219.39,209.31,277.4554,0,276.2832,0,116755,76829,3.1988,4.0446,-0.8458
2024-11-06,292.05,316.70,290.77,308.83,263.83,264.77,250.40,220.21,210.01,268.7974,1,250.1683,1,423724,84592,6.8188,4.5994,2.2193
2024-11-07,307.12,310.21,299.34,299.47,268.10,267.39,251.65,220.96,210.66,270.0687,1,251.4990,1,150212,86865,8.8311,5.4458,3.3853
2024-11-08,299.93,303.12,296.55,301.81,272.81,269.50,252.93,221.71,211.32,270.0687,1,252.8030,1,86717,87763,10.4934,6.4553,4.0381
2024-11-11,307.67,312.11,305.81,308.48,278.12,271.68,254.30,222.51,212.02,275.9822,1,254.0810,1,90307,88533,12.2087,7.6060,4.6027
2024-11-12,307.00,309.71,297.99,300.08,282.21,273.36,255.66,223.27,212.67,275.9822,1,255.3334,1,73784,88996,12.7429,8.6334,4.1096
2024-11-13,297.21,301.24,294.65,294.95,285.80,274.59,256.92,223.98,213.30,275.9822,1,256.5608,1,91445,90042,12.6070,9.4281,3.1789
2024-11-14,296.64,297.10,291.54,292.86,289.26,275.44,258.11,224.70,213.93,275.9822,1,257.7637,1,78241,90471,12.1900,9.9805,2.2095
2024-11-15,289.92,293.43,287.13,292.58,292.25,276.09,259.38,225.45,214.55,275.9822,1,258.9424,1,73049,90961,11.7026,10.3249,1.3777
2024-11-18,294.04,295.58,289.07,290.62,295.53,277.02,260.53,226.19,215.15,275.9822,1,260.0976,1,76216,91195,11.0306,10.4660,0.5646
2024-11-19,287.16,294.45,284.94,294.06,298.37,278.25,261.84,226.95,215.77,275.9822,1,261.2297,1,64752,91207,10.6528,10.5034,0.1494
2024-11-20,294.54,295.18,288.44,294.46,296.94,280.38,263.20,227.72,216.41,275.9822,1,262.3392,1,81381,90008,10.2674,10.4562,-0.1888
2024-11-21,296.90,305.50,295.30,302.50,297.24,282.67,264.67,228.53,217.09,275.9822,1,263.4265,1,72523,90331,10.4901,10.4630,0.0271
2024-11-22,304.26,306.62,301.91,304.28,297.49,285.15,266.08,229.31,217.76,277.6304,1,264.4920,1,158072,92330,10.6869,10.5078,0.1791
2024-11-25,307.17,310.10,303.66,306.63,297.30,287.71,267.48,230.09,218.43,280.9757,1,265.5362,1,163558,94298,10.9064,10.5875,0.3189
2024-11-26,302.95,306.14,301.25,303.94,297.69,289.95,268.75,230.91,219.06,280.9757,1,266.5595,1,101293,95473,10.7397,10.6179,0.1218
2024-11-27,306.58,307.68,299.90,301.10,298.30,292.05,269.95,231.73,219.70,280.9757,1,267.5624,1,51052,95126,10.2606,10.5465,-0.2859
2024-11-29,304.61,305.71,301.19,301.69,299.19,294.23,270.99,232.55,220.32,280.9757,1,268.5452,1,43475,94859,9.8152,10.4002,-0.5850
2024-12-02,303.87,303.87,299.16,299.41,299.87,296.06,271.96,233.35,220.92,280.9757,1,269.5083,1,72145,93361,9.1723,10.1546,-0.9823
2024-12-03,300.89,301.34,295.67,296.89,300.50,298.02,272.84,234.15,221.52,280.9757,1,270.4522,1,72175,93599,8.3632,9.7963,-1.4332
2024-12-04,296.79,299.26,293.46,294.89,300.58,299.48,273.69,234.93,222.11,280.9757,1,271.3772,1,94471,94468,7.4745,9.3320,-1.8575
2024-12-05,292.69,294.96,289.45,290.70,300.20,298.57,274.49,235.66,222.69,280.9757,1,272.2837,1,100575,95299,6.3585,8.7373,-2.3788
2024-12-06,291.50,292.23,287.68,291.76,299.13,298.18,275.31,236.38,223.26,280.9757,1,273.1721,1,133575,96804,5.4961,8.0890,-2.5929
2024-12-09,294.13,297.51,287.44,289.22,297.62,297.56,276.13,237.06,223.81,280.9757,1,274.0427,1,88964,97334,4.5553,7.3823,-2.8269
2024-12-10,288.31,290.19,284.61,285.24,295.48,296.39,276.88,237.71,224.36,280.9757,1,274.8959,1,81685,96828,3.4490,6.5956,-3.1466
2024-12-11,287.90,292.01,287.51,291.44,294.24,295.96,277.80,238.40,224.92,280.9757,1,275.7321,1,90452,97522,3.0377,5.8841,-2.8463
2024-12-12,291.97,295.27,289.19,293.36,293.46,295.88,278.81,239.10,225.50,280.9757,1,276.5515,1,102425,98012,2.8341,5.2741,-2.4400
2024-12-13,293.37,296.77,288.54,289.56,292.25,295.72,279.75,239.76,226.04,280.9757,1,277.3545,1,75476,98437,2.3390,4.6870,-2.3481
2024-12-16,291.24,293.08,286.26,292.35,291.54,295.71,280.68,240.44,226.60,280.9757,1,278.1414,1,126479,100157,2.1471,4.1791,-2.0319
2024-12-17,289.44,291.11,281.75,284.35,290.29,295.39,281.53,241.07,227.09,280.9757,1,278.9127,1,113845,101737,1.3338,3.6100,-2.2762
2024-12-18,286.25,288.97,266.20,267.01,287.50,294.04,282.01,241.55,227.49,304.2551,0,316.7026,0,159685,103957,-0.7021,2.7476,-3.4497
2024-12-19,272.68,275.54,264.52,265.12,284.94,292.57,282.33,242.03,227.87,297.3359,0,315.6926,0,115533,104844,-2.4401,1.7100,-4.1501
2024-12-20,263.66,273.68,257.37,270.28,282.79,290.96,282.79,242.52,228.28,294.9942,0,313.6456,0,244532,108943,-3.3620,0.6956,-4.0577
2024-12-23,268.79,270.95,267.24,269.62,280.83,289.23,282.99,243.00,228.68,294.9942,0,310.2693,0,77763,108105,-4.0984,-0.2632,-3.8352
2024-12-24,270.69,274.85,270.05,273.63,279.67,287.58,283.16,243.49,229.11,294.9942,0,307.0956,0,24351,107169,-4.3089,-1.0723,-3.2366
2024-12-26,271.57,277.46,271.57,276.73,278.20,286.22,283.37,244.03,229.56,294.9942,0,304.1124,0,60636,106146,-4.1777,-1.6934,-2.4843
2024-12-27,273.29,275.55,269.44,272.43,276.11,284.78,283.41,244.56,229.98,294.9942,0,301.3081,0,46600,105480,-4.3697,-2.2287,-2.1411
2024-12-30,269.02,273.81,265.51,272.30,274.38,283.31,283.34,245.05,230.42,294.8173,0,298.6721,0,71476,104086,-4.4813,-2.6792,-1.8021
2024-12-31,272.70,274.92,270.68,271.60,272.31,281.92,283.18,245.55,230.86,294.8173,0,296.1943,0,50975,102933,-4.5731,-3.0580,-1.5151
2025-01-02,273.24,274.69,269.16,270.58,270.93,280.61,283.15,246.07,231.30,294.8173,0,293.8651,0,79421,102536,-4.6743,-3.3812,-1.2930
2025-01-03,270.88,272.92,267.37,272.09,271.44,279.47,283.21,246.58,231.74,292.6786,0,291.6757,0,84529,101257,-4.5798,-3.6210,-0.9589
2025-01-06,274.70,275.96,271.64,273.24,272.25,278.60,283.63,247.08,232.17,292.6786,0,289.6176,0,57696,98325,-4.3622,-3.7692,-0.5930
2025-01-07,273.22,274.39,262.24,269.23,272.15,277.47,283.88,247.57,232.57,291.3819,0,287.6830,0,109358,98682,-4.4617,-3.9077,-0.5540
2025-01-08,268.21,271.73,267.04,268.79,272.06,276.45,284.16,248.09,232.98,291.3819,0,285.8645,0,146021,99791,-4.5240,-4.0310,-0.4930
2025-01-10,262.85,262.85,252.16,257.65,270.46,275.07,284.21,248.53,233.34,282.4430,0,284.1551,0,121010,100776,-5.4099,-4.3068,-1.1032
2025-01-13,253.48,256.33,252.19,255.60,268.35,273.28,284.14,248.96,233.69,278.3386,0,281.5957,0,115144,100910,-6.2058,-4.6866,-1.5192
2025-01-14,262.04,262.04,256.29,260.83,267.19,271.65,284.17,249.45,234.07,278.3386,0,279.2410,0,137093,102063,-6.3412,-5.0175,-1.3237
2025-01-15,270.51,273.45,267.27,270.72,267.03,270.71,284.42,249.99,234.49,278.3386,0,277.0746,0,88882,102218,-5.5863,-5.1313,-0.4551
2025-01-16,272.65,277.77,271.76,273.71,267.24,269.78,284.64,250.56,234.94,278.3386,0,252.1619,1,78690,102079,-4.6929,-5.0436,0.3507
2025-01-17,276.05,277.64,274.62,276.90,267.88,269.40,285.03,251.13,235.41,278.3386,0,252.6741,1,62794,101620,-3.6845,-4.7718,1.0872
2025-01-21,280.25,283.64,278.99,281.79,268.85,270.14,285.35,251.72,235.88,258.2734,1,253.1762,1,59991,100485,-2.4625,-4.3099,1.8474
2025-01-22,283.35,284.87,278.75,280.52,269.57,270.91,284.78,252.31,236.36,259.2383,1,254.3949,1,117264,94356,-1.5787,-3.7637,2.1850
2025-01-23,280.09,280.99,275.87,278.90,270.54,271.34,284.37,252.87,236.81,259.2383,1,256.2233,1,87413,93100,-0.9972,-3.2104,2.2132
2025-01-24,277.29,281.79,277.29,280.20,271.68,271.87,283.94,253.41,237.26,259.2383,1,257.9421,1,71204,92790,-0.4270,-2.6537,2.2267
2025-01-27,275.76,281.25,272.59,275.71,273.49,271.98,283.28,253.94,237.70,259.2383,1,259.5577,1,88241,92748,-0.3335,-2.1896,1.8562
2025-01-28,275.27,281.52,274.75,280.89,276.02,272.18,282.90,254.55,238.18,259.2383,1,261.0763,1,76111,92795,0.1571,-1.7203,1.8774
2025-01-29,279.84,284.63,278.70,278.97,277.83,272.51,282.58,255.13,238.63,260.6308,1,262.5039,1,91449,92795,0.3865,-1.2989,1.6854
2025-01-30,284.15,286.93,281.86,283.68,279.13,273.08,282.40,255.76,239.12,263.0762,1,263.8458,1,74986,92730,0.9378,-0.8516,1.7894
2025-01-31,287.52,289.65,284.97,285.40,280.30,273.77,282.25,256.40,239.65,266.3328,1,265.6923,1,138819,94045,1.4958,-0.3821,1.8779
2025-02-03,276.83,279.44,272.93,277.44,280.35,274.11,281.99,256.97,240.14,266.3328,1,268.0881,1,108503,94691,1.2812,-0.0494,1.3307
2025-02-04,278.00,282.97,276.84,277.15,279.89,274.37,281.65,257.46,240.63,266.3328,1,270.2444,1,118203,95760,1.0751,0.1755,0.8996
2025-02-05,291.63,291.63,274.91,279.31,279.77,274.67,281.35,257.95,241.12,266.3328,1,272.1850,1,190819,97949,1.0741,0.3552,0.7189
2025-02-06,282.18,283.89,277.34,279.62,279.84,275.19,280.89,258.44,241.62,266.3328,1,274.5184,1,131841,99135,1.0853,0.5012,0.5841
2025-02-07,271.62,277.12,269.29,269.96,278.81,275.25,280.20,258.87,242.04,266.3328,1,291.6299,0,157261,99119,0.3110,0.4632,-0.1522
2025-02-10,270.44,270.72,263.42,266.70,277.91,275.70,279.40,259.27,242.42,266.3328,1,291.1831,0,138735,98622,-0.5587,0.2588,-0.8175
2025-02-11,264.58,264.58,256.88,260.22,275.84,275.93,278.53,259.62,242.81,285.9829,0,290.0725,0,177348,100143,-1.7512,-0.1432,-1.6080
2025-02-12,256.71,260.36,254.69,260.18,273.97,275.90,277.71,259.96,243.22,281.9556,0,288.0813,0,90493,100932,-2.6686,-0.6483,-2.0203
2025-02-13,260.71,263.60,258.82,261.95,271.79,275.46,276.92,260.27,243.64,281.9556,0,285.4100,0,129660,102656,-3.2155,-1.1617,-2.0538
2025-02-14,262.83,266.44,261.67,263.88,269.64,274.97,276.21,260.57,244.06,281.9556,0,282.9524,0,152887,104271,-3.4534,-1.6201,-1.8333
2025-02-18,266.04,270.13,263.71,269.88,268.88,274.62,275.67,260.89,244.53,281.9556,0,280.6914,0,108161,104991,-3.1220,-1.9204,-1.2016
2025-02-19,267.54,267.54,261.39,263.53,267.52,273.70,275.04,261.12,244.96,281.9556,0,278.6112,0,105025,105202,-3.3333,-2.2030,-1.1303
2025-02-20,262.57,262.57,247.07,251.82,264.77,272.27,274.26,261.21,245.31,280.0162,0,276.6975,0,140245,105995,-4.3949,-2.6414,-1.7535
2025-02-21,254.54,254.54,239.31,245.09,261.32,270.58,273.33,261.26,245.61,274.1746,0,273.7344,0,183145,106986,-5.7136,-3.2558,-2.4578
2025-02-24,244.31,246.23,237.60,240.67,258.39,268.60,272.36,261.30,245.88,269.0324,0,269.6031,0,190896,109025,-7.0341,-4.0115,-3.0226
2025-02-25,242.17,242.23,232.65,235.68,255.29,266.60,271.37,261.31,246.12,264.7149,0,265.1229,0,280650,113004,-8.3864,-4.8865,-3.5000
2025-02-26,237.28,242.70,237.07,241.17,253.38,264.61,270.36,261.35,246.39,264.7149,0,259.9277,0,132738,113850,-8.9127,-5.6917,-3.2209
2025-02-27,241.95,241.95,233.06,233.98,250.76,262.36,269.17,261.33,246.62,264.1597,0,255.5638,0,167893,115159,-9.7971,-6.5128,-3.2843
2025-02-28,233.35,237.74,232.31,237.72,248.34,260.07,268.14,261.38,246.85,260.6467,0,251.8981,0,168776,117025,-10.0796,-7.2261,-2.8534
2025-03-03,236.80,240.87,227.83,229.36,244.89,257.26,266.88,261.31,247.05,260.6467,0,248.3731,0,119258,116881,-10.8534,-7.9516,-2.9018
2025-03-04,222.65,222.65,209.18,215.79,239.48,254.18,265.50,261.13,247.18,246.2390,0,244.2648,0,294973,120504,-12.4183,-8.8449,-3.5734
2025-03-05,217.24,220.09,212.75,218.85,235.01,251.27,264.54,261.00,247.30,245.9162,0,240.8678,0,129464,119899,-13.2589,-9.7277,-3.5312
2025-03-06,213.32,213.97,204.70,206.85,230.51,247.64,263.38,260.77,247.37,240.1226,0,234.5306,0,255678,122702,-14.7233,-10.7268,-3.9964
2025-03-07,206.31,207.64,198.13,203.25,226.33,243.83,262.03,260.50,247.40,233.4464,0,228.5641,0,234402,122499,-15.9898,-11.7794,-4.2104
2025-03-10,197.69,197.69,181.94,187.07,220.97,239.68,260.38,260.20,247.35,223.7138,0,222.4775,0,319214,127328,-18.0908,-13.0417,-5.0491
2025-03-11,187.98,194.61,185.10,193.65,216.77,236.03,258.78,260.01,247.32,223.2200,0,214.3698,0,316688,133175,-19.0060,-14.2346,-4.7714
2025-03-12,198.27,200.30,192.55,195.13,212.16,232.77,257.15,259.87,247.31,223.2200,0,207.8836,0,207273,136108,-19.3880,-15.2652,-4.1228
2025-03-13,192.58,195.26,188.18,190.58,207.82,229.29,255.52,259.66,247.30,222.9622,0,202.6946,0,152172,138219,-19.8295,-16.1781,-3.6514
2025-03-14,194.73,198.42,192.47,197.38,203.79,226.07,254.02,259.53,247.29,222.9622,0,200.3037,0,147706,139744,-19.4067,-16.8238,-2.5829
2025-03-17,196.89,201.23,195.52,200.68,200.92,222.91,252.60,259.35,247.31,222.9622,0,181.9388,1,107449,140873,-18.5916,-17.1774,-1.4142
2025-03-18,199.06,199.50,194.66,197.95,199.14,219.31,251.15,259.16,247.34,222.9622,0,182.3246,1,153972,142364,-17.9583,-17.3336,-0.6247
2025-03-19,197.28,203.71,195.81,200.79,197.33,216.17,249.72,259.01,247.36,222.9622,0,182.7026,1,116350,143001,-17.0316,-17.2732,0.2415
2025-03-20,197.84,204.40,197.48,200.90,196.74,213.63,248.27,258.83,247.38,222.9622,0,183.5428,1,72851,143304,-16.1021,-17.0390,0.9369
2025-03-21,198.05,203.90,198.05,203.35,196.75,211.54,246.96,258.64,247.42,222.9622,0,184.7944,1,129668,143710,-14.9950,-16.6302,1.6351
2025-03-24,208.42,214.66,204.98,213.18,199.36,210.17,245.84,258.49,247.53,222.9622,0,185.9709,1,121474,143219,-13.1726,-15.9386,2.7661
2025-03-25,213.82,217.58,211.71,213.53,201.35,209.06,244.96,258.36,247.64,222.9622,0,188.2659,1,69305,142185,-11.5671,-15.0643,3.4972
2025-03-26,214.41,215.89,207.36,208.68,202.70,207.43,244.02,258.18,247.73,222.9622,0,191.1970,1,65143,141185,-10.5641,-14.1643,3.6002
2025-03-27,204.31,204.50,197.84,201.67,203.81,205.82,242.84,257.99,247.80,222.9622,0,193.8350,1,168719,141818,-10.2171,-13.3748,3.1578
2025-03-28,199.06,203.47,193.61,196.15,203.69,203.74,241.35,257.74,247.83,222.9622,0,217.5774,0,100598,142052,-10.2687,-12.7536,2.4849
2025-03-31,191.78,197.59,188.41,196.35,203.26,202.09,239.80,257.49,247.87,219.8767,0,217.0980,0,124286,142964,-10.1765,-12.2382,2.0617
2025-04-01,195.75,200.82,192.50,197.05,203.17,201.15,238.20,257.22,247.90,219.8767,0,215.9504,0,177982,145268,-9.9326,-11.7771,1.8445
2025-04-02,191.90,206.73,191.65,206.58,203.74,200.54,236.70,257.00,247.97,219.8767,0,214.8487,0,171500,147498,-8.8683,-11.1953,2.3270
2025-04-03,190.73,192.03,173.69,174.60,201.11,198.93,234.58,256.59,247.88,218.4130,0,213.7911,0,269171,150536,-10.4839,-11.0530,0.5692
2025-04-04,166.42,168.47,154.73,161.18,196.90,196.82,232.23,256.08,247.71,199.5609,0,211.3850,0,288929,154566,-12.7006,-11.3825,-1.3181
2025-04-07,150.10,168.46,146.12,162.09,191.79,195.57,229.86,255.58,247.52,198.1596,0,206.8523,0,308719,159317,-14.2206,-11.9501,-2.2704
2025-04-08,171.04,174.89,157.67,161.01,186.54,193.94,227.57,255.05,247.35,198.1596,0,200.7794,0,215521,161862,-15.3356,-12.6272,-2.7084
2025-04-09,158.30,192.14,157.78,186.34,184.30,193.50,225.68,254.75,247.33,198.1596,0,195.3138,0,351578,167372,-14.0134,-12.9045,-1.1089
2025-04-10,178.68,180.90,166.19,171.93,181.33,192.57,223.54,254.35,247.23,198.1596,0,192.1437,0,208597,169714,-13.9675,-13.1171,-0.8504
2025-04-11,169.46,173.22,165.36,170.88,178.80,191.25,221.28,253.93,247.14,198.1596,0,192.1437,0,217523,172565,-13.8563,-13.2649,-0.5914
2025-04-14,174.99,181.15,174.38,178.09,176.98,190.12,219.14,253.59,247.08,198.1596,0,187.5417,0,159774,172984,-13.0356,-13.2190,0.1835
2025-04-15,178.19,183.18,177.28,179.48,175.22,189.19,217.18,253.23,247.02,198.1596,0,183.3998,0,94201,172698,-12.1335,-13.0019,0.8685
2025-04-16,176.37,178.29,172.11,175.32,172.09,187.92,215.14,252.88,246.88,198.1596,0,183.1775,0,85402,172042,-11.6201,-12.7256,1.1054
2025-04-17,175.63,179.37,174.36,178.22,172.46,186.79,213.12,252.56,246.74,198.1596,0,183.1775,0,90441,170035,-10.8542,-12.3513,1.4971
2025-04-21,175.30,177.38,167.54,172.50,173.59,185.24,210.98,252.18,246.58,198.1596,0,179.4721,0,112979,169657,-10.5868,-11.9984,1.4116
2025-04-22,176.46,181.57,175.53,181.15,175.49,183.64,209.20,251.83,246.45,198.1596,0,146.1232,1,110022,168713,-9.5666,-11.5120,1.9455
2025-04-23,189.68,198.51,182.41,184.11,177.80,182.17,207.55,251.48,246.34,198.1596,0,146.8321,1,204124,170020,-8.4221,-10.8940,2.4719
2025-04-24,183.28,195.67,182.36,194.91,178.66,181.48,206.24,251.17,246.28,198.1596,0,148.8994,1,175570,169985,-6.5684,-10.0289,3.4605
2025-04-25,193.17,195.91,185.38,194.25,180.89,181.11,204.92,250.86,246.20,198.1596,0,150.8840,1,108570,170346,-5.0937,-9.0419,3.9482
2025-04-28,194.32,197.20,190.73,193.89,183.19,181.00,203.56,250.49,246.10,198.1596,0,152.7892,1,125057,170254,-3.9085,-8.0152,4.1067
2025-04-29,191.74,195.84,189.52,195.64,184.95,180.96,202.20,250.12,245.98,198.1596,0,154.6182,1,142683,170050,-2.7958,-6.9713,4.1755
2025-04-30,207.05,208.50,191.52,201.83,187.18,181.20,200.84,249.78,245.88,164.3780,1,156.3740,1,297896,173845,-1.3989,-5.8568,4.4580
2025-05-01,202.72,208.80,198.56,202.65,189.92,181.00,199.62,249.45,245.74,168.5383,1,159.5018,1,172222,175189,-0.2226,-4.7300,4.5074
2025-05-02,209.22,211.16,206.34,210.03,193.10,182.78,198.78,249.18,245.60,174.5694,1,163.4455,1,147255,175329,1.2898,-3.5260,4.8158
2025-05-05,204.86,213.47,204.86,208.30,196.68,185.13,198.05,248.90,245.46,175.8166,1,168.2167,1,121126,174089,2.3219,-2.3564,4.6783
2025-05-06,203.60,206.23,201.97,202.23,198.78,187.14,197.28,248.59,245.29,175.8166,1,173.6468,1,113156,172534,2.6202,-1.3611,3.9813
2025-05-07,204.87,207.09,203.14,204.29,200.80,189.30,196.65,248.30,245.14,175.8166,1,178.4254,1,98035,168882,2.9880,-0.4913,3.4793
2025-05-08,208.54,216.24,207.05,213.08,202.62,190.64,196.09,248.08,245.04,180.8992,1,182.6305,1,147210,169171,3.9440,0.3958,3.5482
2025-05-09,214.17,216.29,211.64,213.24,204.52,192.71,195.68,247.88,244.91,184.8988,1,187.3359,1,109773,168009,4.6606,1.2487,3.4119
2025-05-12,225.81,238.82,225.81,229.07,208.04,195.61,195.50,247.80,244.91,198.4812,1,191.9684,1,239874,169431,6.4316,2.2853,4.1463
2025-05-13,229.86,233.52,227.83,232.17,211.69,198.32,195.56,247.70,244.87,198.5199,1,200.4022,1,297903,173004,7.9929,3.4268,4.5661
2025-05-14,231.93,238.15,230.41,236.21,215.13,201.15,195.97,247.67,244.84,203.0148,1,207.3180,1,225724,171619,9.4474,4.6309,4.8164
2025-05-15,234.40,236.34,231.92,233.27,218.19,204.05,196.26,247.60,244.81,204.6647,1,212.9889,1,147795,171985,10.2448,5.7537,4.4911
2025-05-16,233.47,238.46,232.34,237.51,220.94,207.02,196.87,247.52,244.79,207.0497,1,217.6390,1,120911,169290,11.0908,6.8211,4.2697
2025-05-19,234.12,237.07,232.77,236.21,223.73,210.20,197.53,247.45,244.76,207.9816,1,221.4521,1,80631,166214,11.5237,7.7616,3.7621
2025-05-20,233.87,235.40,230.05,232.51,226.75,212.77,198.44,247.27,244.76,207.9816,1,224.5788,1,128751,162405,11.4366,8.4966,2.9400
2025-05-21,228.97,230.68,220.12,220.29,228.36,214.58,198.97,246.97,244.75,207.9816,1,238.8229,0,174864,159569,10.2633,8.8500,1.4133
2025-05-22,219.72,223.23,217.50,221.72,229.22,215.92,199.50,246.67,244.78,207.9816,1,238.4489,0,60327,156630,9.3407,8.9481,0.3926
2025-05-23,216.71,223.16,213.53,222.29,230.12,217.32,200.13,246.35,244.78,207.9816,1,237.6109,0,72895,155044,8.5570,8.8699,-0.3129
2025-05-27,225.38,230.86,222.90,230.53,230.27,219.15,200.80,246.05,244.84,207.9816,1,236.1659,0,98575,154062,8.5026,8.7964,-0.2938
2025-05-28,229.79,230.32,227.49,228.46,229.90,220.79,201.35,245.71,244.85,207.9816,1,234.8075,0,77568,153464,8.1985,8.6768,-0.4784
2025-05-29,231.16,232.16,227.04,231.02,229.38,222.25,202.01,245.44,244.87,207.9816,1,233.5307,0,106234,152509,8.0706,8.5556,-0.4850
2025-05-30,228.94,229.90,225.44,228.40,228.89,223.54,202.57,245.16,244.90,207.9816,1,232.3305,0,151186,153206,7.6699,8.3785,-0.7085
2025-06-02,227.65,229.67,225.14,228.97,228.04,224.49,203.13,245.01,244.90,207.9816,1,232.1573,0,95752,153664,7.3142,8.1656,-0.8514
2025-06-03,229.22,234.44,226.92,232.65,227.68,225.71,203.71,244.85,244.91,208.5453,1,213.5269,1,128912,153649,7.2458,7.9816,-0.7359
2025-06-04,233.84,235.45,231.58,232.13,227.65,227.20,204.09,244.70,244.89,212.4303,1,213.9452,1,113612,153492,7.0679,7.7989,-0.7310
2025-06-05,232.41,236.40,229.19,235.23,229.14,228.75,204.53,244.57,244.90,212.4303,1,214.8052,1,78389,153673,7.0951,7.6581,-0.5631
2025-06-06,240.63,243.62,239.37,242.22,231.19,230.20,205.20,244.45,244.94,219.9547,1,216.1012,1,87174,154114,7.5928,7.6451,-0.0523
2025-06-09,243.73,245.81,241.05,244.36,233.40,231.76,206.05,244.35,245.00,222.6159,1,218.3024,1,117267,153085,8.0670,7.7294,0.3375
2025-06-10,243.70,245.83,240.66,241.24,234.47,232.37,206.95,244.24,245.04,222.9587,1,221.0528,1,140856,153890,8.0979,7.8031,0.2947
2025-06-11,242.18,246.86,241.97,244.24,236.05,232.97,207.91,244.12,245.10,224.4740,1,224.0257,1,179764,155000,8.2691,7.8963,0.3727
2025-06-12,241.04,244.74,239.41,243.88,237.33,233.36,208.85,244.03,245.12,224.4740,1,227.2229,1,77886,152998,8.2806,7.9732,0.3074
2025-06-13,239.28,241.22,235.77,236.92,238.18,233.54,209.45,243.83,245.11,224.4740,1,229.9724,1,116962,151907,7.6396,7.9065,-0.2668
2025-06-16,240.43,246.98,240.03,244.66,239.75,233.90,210.86,243.41,245.16,224.4740,1,232.3370,1,127531,149074,7.6682,7.8588,-0.1906
2025-06-17,241.97,244.14,240.11,241.01,240.59,234.14,212.45,243.02,245.17,224.4740,1,234.6801,1,77214,144840,7.3120,7.7494,-0.4374
2025-06-18,240.70,247.28,240.70,243.54,241.73,234.69,214.08,242.63,245.20,224.4740,1,236.6482,1,84835,140362,7.1511,7.6298,-0.4787
2025-06-20,245.36,246.96,241.14,241.28,242.33,235.74,215.69,242.18,245.21,224.4740,1,238.5614,1,196317,139978,6.7633,7.4565,-0.6932
2025-06-23,245.02,254.53,242.99,253.45,243.46,237.32,217.03,241.87,245.32,226.8109,1,240.1302,1,244704,137841,7.3536,7.4359,-0.0823
2025-06-24,257.10,263.15,257.04,261.59,245.18,239.29,218.82,241.65,245.47,237.4375,1,241.1400,1,211017,137889,8.3817,7.6251,0.7566
2025-06-25,262.86,263.83,261.07,263.50,247.41,240.94,220.67,241.45,245.61,241.2280,1,242.9850,1,152491,136588,9.2435,7.9488,1.2948
2025-06-26,262.79,269.23,262.19,267.88,249.77,242.91,222.47,241.29,245.81,244.4930,1,247.1547,1,157144,136536,10.1629,8.3916,1.7713
2025-06-27,269.30,272.99,265.32,265.32,251.92,244.62,224.19,241.12,245.97,247.7629,1,251.5698,1,276332,140178,10.5635,8.8260,1.7376
2025-06-30,267.73,269.30,265.08,266.42,254.87,246.52,226.01,240.93,246.16,247.7629,1,255.8537,1,154667,141564,10.8444,9.2297,1.6147
2025-07-01,263.24,274.74,262.90,272.81,257.68,248.72,227.90,240.79,246.39,247.7629,1,259.2808,1,207292,143901,11.4509,9.6739,1.7770
2025-07-02,271.63,279.76,271.18,278.97,261.48,251.03,230.03,240.63,246.64,253.0800,1,262.3718,1,165290,144947,12.2867,10.1965,2.0902
2025-07-03,282.19,284.00,279.84,283.67,265.49,253.61,232.08,240.49,246.89,260.2573,1,262.8959,1,92575,144598,13.1762,10.7924,2.3838
2025-07-07,281.71,285.40,277.87,280.00,269.36,255.85,234.00,240.32,247.11,260.2573,1,267.1168,1,134800,143212,13.4309,11.3201,2.1108
2025-07-08,282.63,284.64,280.72,281.69,272.19,257.82,235.73,240.17,247.31,261.7138,1,270.7738,1,170301,143106,13.6120,11.7785,1.8335
2025-07-09,284.71,289.57,281.95,289.48,274.97,260.08,237.64,240.09,247.56,264.5222,1,273.6993,1,143380,143802,14.2198,12.2667,1.9530
2025-07-10,290.35,297.38,290.35,294.98,278.12,262.76,239.66,240.05,247.78,272.3850,1,276.8725,1,160368,144509,14.9731,12.8080,2.1651
2025-07-11,293.11,294.67,286.19,287.64,280.10,264.93,241.50,239.97,247.97,272.3850,1,280.9740,1,297302,147601,14.8071,13.2078,1.5992
2025-07-14,288.65,290.10,282.53,288.73,282.44,267.18,243.24,239.91,248.15,272.3850,1,297.3797,0,274721,147137,14.5948,13.4852,1.1096
2025-07-15,288.73,288.73,281.91,283.17,284.11,269.49,244.85,239.84,248.30,272.3850,1,297.0827,0,260280,148899,13.8191,13.5520,0.2671
2025-07-16,284.83,290.35,280.46,289.94,285.83,271.75,246.45,239.83,248.50,272.3850,1,296.4758,0,160359,149161,13.5938,13.5604,0.0334
2025-07-17,288.24,297.18,287.85,294.96,287.43,274.45,248.18,239.85,248.72,272.3850,1,280.4584,1,173690,150212,13.6630,13.5809,0.0821
2025-07-18,297.24,297.24,293.26,294.54,288.51,277.00,250.03,239.89,248.95,273.1733,1,280.4584,1,84063,149630,13.5276,13.5702,-0.0426
2025-07-21,296.28,296.75,288.90,289.34,289.45,279.40,251.73,239.91,249.16,273.1733,1,281.1298,1,113253,149934,12.8526,13.4267,-0.5741
2025-07-22,289.29,293.21,284.36,293.00,290.58,281.38,253.33,239.93,249.39,273.1733,1,281.7742,1,136750,149725,12.4693,13.2352,-0.7659
2025-07-23,295.14,297.76,293.75,296.04,291.23,283.10,254.98,239.94,249.66,273.9384,1,282.3929,1,95323,149436,12.2694,13.0421,-0.7727
2025-07-24,297.85,298.22,294.44,296.51,291.39,284.75,256.33,239.99,249.93,275.5589,1,283.3152,1,123904,147117,12.0106,12.8358,-0.8251
2025-07-25,299.30,299.49,295.22,297.06,292.33,286.21,257.63,240.02,250.19,277.3803,1,284.5075,1,162523,144409,11.7151,12.6116,-0.8965
2025-07-28,297.96,298.97,293.93,298.50,293.31,287.87,258.87,240.12,250.47,277.3803,1,286.0058,1,175140,143398,11.4650,12.3823,-0.9173
2025-07-29,300.89,300.93,294.83,298.51,294.84,289.48,260.18,240.33,250.75,278.5128,1,287.3544,1,213540,144712,11.1392,12.1337,-0.9945
2025-07-30,314.25,316.37,301.47,306.11,296.46,291.14,261.55,240.60,251.03,286.1329,1,288.9836,1,399416,150283,11.3630,11.9796,-0.6165
2025-07-31,301.52,305.31,296.01,297.12,296.67,292.05,262.77,240.78,251.28,286.1329,1,292.8181,1,272532,154121,10.6919,11.7220,-1.0302
2025-08-01,289.60,292.52,280.09,290.09,296.23,292.37,263.92,240.91,251.43,286.1329,1,316.3729,0,237090,156287,9.4830,11.2742,-1.7912
2025-08-04,293.04,297.76,291.97,296.01,296.90,293.17,265.44,241.06,251.59,286.1329,1,315.6473,0,119464,155179,8.9001,10.7994,-1.8993
2025-08-05,298.94,298.94,289.12,294.68,297.06,293.82,266.89,241.18,251.73,286.1329,1,314.9362,0,126303,156499,8.2357,10.2866,-2.0510
2025-08-06,295.21,297.88,292.91,295.71,297.03,294.13,268.36,241.34,251.86,286.1329,1,314.2393,0,108465,157210,7.7039,9.7701,-2.0662
2025-08-07,300.12,300.41,292.08,293.87,296.77,294.08,269.63,241.48,251.95,286.1329,1,313.5564,0,152732,158293,7.0523,9.2265,-2.1742
2025-08-08,296.09,298.51,291.21,291.79,296.24,294.28,270.90,241.62,252.01,286.1329,1,312.8872,0,124828,159239,6.2954,8.6403,-2.3449
2025-08-11,292.51,295.01,291.36,291.80,295.57,294.44,272.11,241.76,252.11,286.1329,1,312.2313,0,113682,159388,5.6314,8.0385,-2.4072
2025-08-12,295.15,304.10,293.12,303.77,296.09,295.47,273.62,241.97,252.28,286.1329,1,311.5885,0,112561,158615,6.0025,7.6313,-1.6288
2025-08-13,305.86,311.04,303.54,310.67,296.55,296.50,275.25,242.22,252.57,286.1329,1,280.0933,1,131616,159332,6.7750,7.4600,-0.6851
2025-08-14,307.28,309.80,306.26,309.23,297.76,297.22,276.79,242.48,252.83,286.1329,1,280.7124,1,74811,158250,7.1881,7.4057,-0.2175
2025-08-15,310.27,310.27,300.85,303.61,299.11,297.67,278.21,242.72,253.08,286.1329,1,281.3190,1,97636,157931,6.9812,7.3208,-0.3395
2025-08-18,303.25,303.90,299.43,300.58,299.57,298.23,279.52,243.00,253.30,286.1329,1,281.9135,1,96175,158287,6.4980,7.1562,-0.6582
2025-08-19,300.23,302.69,296.50,297.80,299.88,298.47,280.63,243.28,253.50,286.1329,1,282.4962,1,107270,158688,5.8241,6.8898,-1.0657
2025-08-20,296.00,300.73,289.61,300.45,300.36,298.69,281.76,243.55,253.70,286.1329,1,283.0672,1,147017,159283,5.4407,6.6000,-1.1593
2025-08-21,296.76,301.87,296.74,300.94,301.06,298.91,282.95,243.75,253.92,286.1329,1,283.6267,1,105472,158576,5.1177,6.3035,-1.1858
2025-08-22,304.46,318.45,302.72,315.59,303.44,299.84,284.38,244.03,254.18,286.1329,1,284.1751,1,182544,158631,5.9751,6.2379,-0.2627
2025-08-25,315.22,317.07,309.64,314.10,305.67,300.62,285.78,244.28,254.46,288.0051,1,285.5463,1,114542,159365,6.4600,6.2823,0.1777
2025-08-26,313.83,320.78,312.24,320.26,307.32,301.71,287.45,244.53,254.74,291.1295,1,286.8626,1,116528,159356,7.2573,6.4773,0.7800
2025-08-27,318.95,322.17,318.76,319.93,308.25,302.40,288.95,244.80,254.79,296.6000,1,288.8978,1,118485,159175,7.7734,6.7365,1.0369
2025-08-28,321.02,323.13,318.92,321.01,309.43,303.59,290.55,245.08,254.90,298.2804,1,291.5600,1,96954,159570,8.1749,7.0242,1.1507
2025-08-29,320.75,321.69,315.54,318.08,310.88,304.99,292.04,245.33,254.98,298.2804,1,294.7171,1,83699,159547,8.1627,7.2519,0.9108
2025-09-02,310.09,314.60,306.16,314.24,312.24,305.91,293.50,245.59,255.01,298.2804,1,297.5586,1,107881,157778,7.7540,7.3523,0.4017
2025-09-03,313.75,314.81,302.77,309.55,313.42,306.65,294.63,245.78,255.06,298.2804,1,300.1159,1,141252,155709,6.9705,7.2759,-0.3054
2025-09-04,310.81,316.67,309.02,314.71,314.84,307.60,295.69,246.02,255.16,298.2804,1,302.4174,1,155634,154602,6.6892,7.1586,-0.4694
2025-09-05,316.77,319.75,310.01,315.33,316.28,308.67,296.72,246.23,255.27,298.2804,1,302.7691,1,162891,154810,6.4423,7.0153,-0.5730
2025-09-08,316.94,322.34,316.64,320.80,316.80,310.12,297.78,246.46,255.41,298.2804,1,304.8053,1,119926,154065,6.6118,6.9346,-0.3228
2025-09-09,320.21,322.79,317.68,321.79,317.57,311.62,298.91,246.76,255.57,298.2804,1,306.6380,1,106178,150662,6.7482,6.8974,-0.1492
2025-09-10,323.03,329.25,320.62,329.05,318.45,312.89,300.16,247.10,255.74,300.9240,1,308.2873,1,138678,150342,7.3574,6.9894,0.3680
2025-09-11,330.75,339.78,329.48,339.65,320.42,314.34,301.50,247.51,255.97,309.7978,1,310.8029,1,163091,149458,8.5959,7.3107,1.2852
2025-09-12,339.30,340.50,336.48,338.17,322.14,315.78,302.69,247.90,256.15,314.9387,1,314.8591,1,102866,148210,9.3507,7.7187,1.6321
2025-09-15,339.50,346.01,339.00,341.34,324.46,317.67,303.84,248.37,256.33,318.9596,1,318.9613,1,164180,149642,10.0881,8.1926,1.8955
2025-09-16,343.61,343.72,337.65,341.79,327.22,319.73,305.07,248.87,256.51,318.9596,1,323.8296,1,132058,149587,10.5871,8.6715,1.9157
2025-09-17,341.78,349.94,339.99,344.57,330.72,322.07,306.33,249.44,256.71,321.2712,1,327.8217,1,207047,150322,11.0792,9.1530,1.9262
2025-09-18,348.18,358.88,348.18,358.88,335.14,324.99,307.72,250.09,257.00,327.9114,1,332.2463,1,208713,151629,12.4795,9.8183,2.6612
2025-09-19,358.76,360.49,349.03,352.04,338.81,327.55,308.86,250.69,257.25,328.2684,1,337.5725,1,470865,157839,12.8892,10.4325,2.4567
2025-09-22,349.94,351.78,346.42,350.57,341.79,329.29,310.12,251.27,257.51,328.2684,1,342.1560,1,143138,154755,12.9456,10.9351,2.0105
2025-09-23,351.75,359.10,347.75,350.83,344.69,331.13,311.36,251.81,257.78,328.2684,1,345.8227,1,138278,152027,12.8629,11.3207,1.5422
2025-09-24,352.96,354.15,334.40,336.80,345.46,331.96,312.43,252.30,257.99,328.2684,1,360.4898,0,191991,150661,11.5325,11.3630,0.1694
2025-09-25,331.86,334.96,327.64,334.27,344.93,332.67,313.32,252.85,258.20,328.2684,1,359.9681,0,116647,149786,10.1567,11.1218,-0.9651
2025-09-26,335.42,342.05,335.42,338.70,344.98,333.56,314.20,253.47,258.44,328.2684,1,358.6749,0,81215,147937,9.3166,10.7607,-1.4441
2025-09-29,342.64,344.77,330.82,336.97,344.54,334.50,315.04,254.12,258.68,328.2684,1,357.4334,0,134859,148953,8.4141,10.2914,-1.8773
2025-09-30,337.75,339.31,328.37,333.68,343.73,335.47,315.93,254.77,258.92,328.2684,1,356.2416,0,153717,149762,7.3492,9.7030,-2.3538
2025-10-01,329.84,332.97,325.07,327.34,342.01,336.36,316.62,255.34,259.10,358.9693,0,355.0974,0,120253,149432,5.9253,8.9474,-3.0222
2025-10-02,327.92,332.31,326.26,330.41,339.16,337.15,317.31,255.99,259.28,358.0545,0,353.2956,0,118540,149897,4.9867,8.1553,-3.1685
2025-10-03,332.49,335.38,325.34,325.51,336.51,337.66,317.89,256.57,259.46,358.0545,0,351.6018,0,109742,149613,3.8040,7.2850,-3.4810
2025-10-06,328.25,329.61,315.29,322.03,333.65,337.72,318.38,257.19,259.61,352.7579,0,350.0096,0,154924,149461,2.5562,6.3393,-3.7830
2025-10-07,323.84,327.83,317.44,320.65,330.64,337.66,318.83,257.89,259.79,352.7579,0,347.2323,0,130243,148563,1.4398,5.3594,-3.9196
2025-10-08,321.94,323.54,314.50,314.57,328.41,336.94,319.15,258.53,260.03,349.0886,0,344.6771,0,116197,146617,0.0634,4.3002,-4.2368
2025-10-09,316.56,320.09,308.64,310.58,326.04,335.48,319.24,259.22,260.26,344.8592,0,341.6595,0,132401,141276,-1.3337,3.1734,-4.5071
2025-10-10,312.32,313.18,296.25,297.74,321.95,333.46,319.25,259.85,260.40,337.2374,0,337.6966,0,197841,139782,-3.4374,1.8513,-5.2886
2025-10-13,304.37,313.10,304.25,312.25,319.48,332.01,319.69,260.68,260.61,337.2374,0,331.8941,0,136235,137765,-3.8895,0.7031,-4.5926
2025-10-14,306.88,318.69,306.70,316.46,317.75,330.74,320.10,261.50,260.82,337.2374,0,326.9039,0,116511,137706,-3.8633,-0.2102,-3.6531
2025-10-15,319.59,323.45,315.49,320.29,317.05,329.53,320.62,262.34,261.04,337.2374,0,296.2502,1,102282,137226,-3.4933,-0.8668,-2.6265
2025-10-16,321.08,322.41,306.02,312.54,315.26,327.21,320.95,263.15,261.24,337.2374,0,296.7942,1,189918,138855,-3.7816,-1.4498,-2.3318
2025-10-17,312.90,316.69,308.18,311.69,313.88,325.19,321.31,263.91,261.44,337.2374,0,297.3274,1,91471,137630,-4.0321,-1.9662,-2.0659
2025-10-20,315.89,321.69,311.15,317.51,313.43,323.54,321.82,264.69,261.67,337.2374,0,297.8500,1,84993,136833,-3.7185,-2.3167,-1.4018
2025-10-21,314.43,319.23,311.69,316.76,313.04,321.84,322.32,265.48,261.90,337.2374,0,298.3620,1,85112,136262,-3.4904,-2.5514,-0.9389
2025-10-22,316.33,318.74,310.46,313.65,312.95,320.68,322.52,266.24,262.11,337.2374,0,298.8639,1,64207,135294,-3.5197,-2.7451,-0.7746
2025-10-23,316.89,316.89,308.52,314.29,313.32,319.68,322.59,266.99,262.31,337.2374,0,299.3556,1,106436,134791,-3.4512,-2.8863,-0.5649
2025-10-24,318.23,322.68,317.64,320.74,315.62,318.78,322.82,267.77,262.57,337.2374,0,299.8376,1,86767,135030,-2.8437,-2.8778,0.0341
2025-10-27,324.40,327.74,321.44,326.74,317.07,318.27,323.28,268.53,262.86,337.2374,0,300.3099,1,89016,134858,-1.8572,-2.6737,0.8165
2025-10-28,328.01,328.90,318.04,318.28,317.25,317.50,323.64,269.23,263.16,337.2374,0,301.4070,1,159073,136116,-1.7377,-2.4865,0.7487
2025-10-29,291.82,309.36,285.93,289.34,314.15,315.60,323.47,269.77,263.33,334.1799,0,328.9041,0,421039,142391,-3.9333,-2.7758,-1.1575
2025-10-30,284.89,296.56,284.89,288.51,311.75,313.51,323.23,270.35,263.47,327.1057,0,328.9041,0,173713,142925,-5.6742,-3.3555,-2.3187
2025-10-31,287.55,293.70,284.89,291.38,309.72,311.80,323.04,270.98,263.57,324.6795,0,327.1437,0,154939,143914,-6.7446,-4.0333,-2.7113
2025-11-03,289.37,297.49,288.08,296.97,307.67,310.55,322.67,271.65,263.69,324.6795,0,324.6087,0,142480,143113,-7.0606,-4.6388,-2.4218
2025-11-04,293.87,300.86,289.90,294.40,305.43,309.24,322.27,272.30,263.78,324.6795,0,322.2259,0,217077,145164,-7.4328,-5.1976,-2.2352
2025-11-05,293.03,303.61,292.13,300.21,304.09,308.52,321.87,272.92,263.87,324.6795,0,319.9859,0,88707,144607,-7.1765,-5.5934,-1.5832
2025-11-06,299.80,305.85,296.36,299.60,302.62,307.97,321.47,273.76,263.96,324.6795,0,317.8804,0,72265,143683,-6.9421,-5.8631,-1.0790
2025-11-07,295.77,303.67,290.28,303.23,300.87,308.24,321.11,274.71,264.09,324.6795,0,315.9012,0,160198,144948,-6.3897,-5.9684,-0.4213
2025-11-10,308.16,311.27,304.64,305.80,298.77,307.92,320.86,275.66,264.21,324.6795,0,314.0408,0,75366,144781,-5.6797,-5.9107,0.2310
2025-11-11,305.92,310.41,304.19,308.47,297.79,307.52,320.75,276.65,264.38,324.6795,0,312.2920,0,52294,143669,-4.8457,-5.6977,0.8520
2025-11-12,309.42,320.78,309.42,317.70,300.63,307.39,320.91,277.52,264.56,324.6795,0,284.8940,1,122940,143303,-3.4008,-5.2383,1.8375
2025-11-13,314.85,319.18,300.19,303.30,302.11,306.93,320.68,278.40,264.68,324.6795,0,285.6117,1,113262,142456,-3.3781,-4.8663,1.4882
2025-11-14,298.76,307.83,293.09,304.43,303.41,306.57,320.47,279.29,264.79,324.6795,0,286.3152,1,106051,141319,-3.2319,-4.5394,1.3075
2025-11-17,302.94,307.12,290.46,293.29,303.04,305.35,319.92,280.06,264.83,324.6795,0,287.0045,1,109286,141106,-3.9691,-4.4253,0.4563
2025-11-18,290.03,298.46,289.81,296.50,303.25,304.34,319.41,280.84,264.92,324.6795,0,287.6801,1,95074,140884,-4.2457,-4.3894,0.1437
2025-11-19,295.79,306.25,295.79,302.02,303.43,303.76,318.87,281.68,265.05,324.6795,0,288.3421,1,130978,140730,-3.9738,-4.3063,0.3325
2025-11-20,307.09,316.55,291.82,292.65,302.74,302.68,317.93,282.44,265.11,324.6795,0,288.9909,1,142624,140321,-4.4627,-4.3376,-0.1251
2025-11-21,295.17,305.43,293.73,302.90,302.70,301.79,317.22,283.31,265.23,324.6795,0,289.6268,1,120949,140682,-3.9774,-4.2655,0.2882
2025-11-24,303.43,308.82,300.71,305.53,302.68,300.73,316.51,284.14,265.41,324.6795,0,290.2499,1,90774,139214,-3.3419,-4.0808,0.7389
2025-11-25,306.55,312.38,304.95,310.96,302.93,300.36,315.89,284.99,265.63,324.6795,0,290.8605,1,104144,138656,-2.3727,-3.7392,1.3665
2025-11-26,310.62,317.49,308.99,313.88,302.55,301.59,315.28,285.78,265.90,324.6795,0,291.4590,1,100743,136530,-1.3536,-3.2621,1.9085
2025-11-28,315.64,320.19,309.35,317.46,303.96,303.03,314.45,286.60,266.18,324.6795,0,292.0455,1,56780,133491,-0.2540,-2.6605,2.4064
2025-12-01,312.13,317.87,308.39,314.56,304.97,304.19,313.70,287.41,266.45,324.6795,0,292.6202,1,82269,125719,0.3793,-2.0525,2.4318
2025-12-02,317.10,319.05,312.67,316.10,307.25,305.15,313.01,288.21,266.71,324.6795,0,293.1834,1,98510,124827,0.9938,-1.4432,2.4370
2025-12-03,316.55,325.61,313.59,324.72,310.08,306.66,312.49,289.03,266.98,286.4714,1,293.7354,1,91735,123896,2.1515,-0.7243,2.8758
2025-12-04,325.32,329.73,322.89,325.62,312.44,307.94,312.26,289.85,267.29,294.4440,1,295.0105,1,149705,123050,3.1060,0.0418,3.0642
2025-12-05,324.18,334.70,322.50,328.98,316.07,309.40,312.16,290.64,267.68,296.2570,1,297.0935,1,143688,123591,4.0867,0.8507,3.2359
2025-12-08,319.62,333.44,317.08,327.14,318.49,310.60,311.93,291.43,268.09,296.2570,1,300.1018,1,109240,124151,4.6612,1.6128,3.0484
2025-12-09,325.52,341.85,325.52,337.22,321.66,312.17,311.93,292.33,268.57,298.1760,1,302.8694,1,137730,124209,5.8622,2.4627,3.3995
2025-12-10,336.70,343.71,331.52,341.92,324.76,313.84,312.10,293.25,269.10,302.0026,1,306.7672,1,117174,123478,7.1113,3.3924,3.7189
2025-12-11,338.36,347.06,338.13,341.86,327.56,315.05,312.39,294.11,269.61,307.8603,1,311.2006,1,87753,122828,8.0042,4.3148,3.6894
2025-12-12,343.63,343.63,328.90,334.28,329.24,316.60,312.46,294.92,270.11,307.8603,1,316.2203,1,135149,123160,8.0080,5.0534,2.9546
2025-12-15,338.17,339.50,332.27,333.94,331.18,318.08,312.63,295.62,270.59,307.8603,1,320.5371,1,144810,123861,7.8928,5.6213,2.2715
2025-12-16,333.87,336.42,329.79,334.47,333.01,320.13,312.88,296.30,271.11,307.8603,1,324.2496,1,140149,123566,7.7546,6.0480,1.7067
2025-12-17,337.23,339.49,327.75,331.29,333.67,321.87,313.09,296.93,271.69,307.8603,1,327.4424,1,111128,123184,7.3048,6.2993,1.0054
2025-12-18,335.69,340.29,333.54,335.49,334.66,323.55,313.51,297.61,272.27,307.8603,1,327.7538,1,100021,122860,7.2037,6.4802,0.7235
2025-12-19,336.04,339.97,334.33,339.57,335.72,325.89,314.09,298.29,272.94,307.8603,1,327.7538,1,180013,123812,7.3677,6.6577,0.7100
2025-12-22,342.19,349.75,342.04,348.36,337.84,328.17,315.10,299.04,273.66,315.0157,1,330.4560,1,106879,121993,8.1140,6.9490,1.1650
2025-12-23,348.22,350.27,344.23,345.64,338.68,330.17,315.77,299.80,274.46,317.6454,1,333.5435,1,63284,120534,8.3886,7.2369,1.1517
2025-12-24,344.40,349.99,339.78,347.56,339.25,332.00,316.39,300.64,275.23,317.6454,1,336.5540,1,33115,118866,8.6617,7.5219,1.1399
2025-12-26,348.29,350.42,345.86,349.31,339.99,333.77,316.98,301.49,276.00,320.0412,1,339.0226,1,59237,118005,8.9162,7.8007,1.1155
2025-12-29,348.33,349.25,341.00,344.36,341.00,335.12,317.61,302.31,276.77,320.0412,1,339.7848,1,59960,115406,8.6192,7.9644,0.6548
2025-12-30,344.17,345.65,338.81,340.84,341.69,336.43,318.19,303.04,277.48,320.0412,1,350.4173,0,63951,114856,8.0074,7.9730,0.0344
2025-12-31,340.17,343.18,336.18,337.47,341.99,337.50,318.59,303.77,278.17,320.0412,1,350.1853,0,71691,114590,7.1685,7.8121,-0.6436
2026-01-02,338.26,349.24,338.26,348.40,343.70,338.69,319.23,304.55,278.92,320.0412,1,349.6252,0,61507,114118,7.3016,7.7100,-0.4084
2026-01-05,348.43,370.42,348.43,361.50,346.30,340.48,320.18,305.44,279.72,328.2261,1,336.1844,1,179137,116416,8.3670,7.8414,0.5256
2026-01-06,360.45,372.45,353.28,370.97,349.44,342.58,321.32,306.39,280.57,329.0343,1,336.8692,1,183232,117952,9.8620,8.2455,1.6165
2026-01-07,370.92,373.28,365.59,370.01,351.60,344.72,322.30,307.30,281.41,336.6823,1,338.2923,1,139483,119006,10.8441,8.7652,2.0789
2026-01-08,371.03,371.25,361.11,362.69,353.31,346.00,323.02,308.17,282.15,336.6823,1,340.3915,1,135590,119938,10.9061,9.1934,1.7127
2026-01-09,363.89,371.71,357.87,366.00,355.15,347.20,323.98,309.05,282.92,336.6823,1,342.3648,1,120408,119165,11.0947,9.5737,1.5210
2026-01-12,361.10,368.48,356.37,367.65,356.99,348.49,325.54,309.88,283.71,336.6823,1,344.2197,1,108940,112923,11.2473,9.9084,1.3389
2026-01-13,367.64,368.95,360.08,362.74,358.83,349.91,327.03,310.67,284.52,336.6823,1,345.9632,1,104340,111535,10.8471,10.0961,0.7509
2026-01-14,360.61,365.56,352.26,363.55,361.10,351.39,328.47,311.49,285.35,336.6823,1,347.6022,1,103291,110502,10.4747,10.1719,0.3029
2026-01-15,365.97,380.98,364.50,379.99,365.35,353.67,330.13,312.39,286.27,337.1863,1,349.1428,1,158458,110822,11.3755,10.4126,0.9629
2026-01-16,380.54,385.54,373.83,375.75,368.08,355.89,331.76,313.27,287.16,344.1783,1,351.6895,1,177903,110038,11.6130,10.6527,0.9603
2026-01-20,364.50,376.78,349.13,363.51,368.28,357.29,333.02,314.11,287.95,344.1783,1,385.5385,0,127542,110815,10.6903,10.6602,0.0301
2026-01-21,367.18,377.42,364.01,369.23,368.11,358.78,334.42,314.94,288.92,344.1783,1,385.5385,0,132863,112027,10.3021,10.5886,-0.2865
2026-01-22,374.76,374.88,367.47,368.96,368.01,359.81,335.73,315.80,289.96,344.1783,1,384.8103,0,82175,110467,9.8592,10.4427,-0.5835
2026-01-23,365.98,367.86,357.88,359.05,367.64,360.48,336.80,316.57,290.95,344.1783,1,384.0966,0,89305,110745,8.6087,10.0759,-1.4672
2026-01-26,366.72,366.72,360.23,360.93,367.14,361.14,337.84,317.37,291.95,344.1783,1,383.3973,0,132787,112355,7.6811,9.5969,-1.9158
2026-01-27,360.65,362.84,358.01,360.54,366.43,361.71,338.70,318.08,292.82,344.1783,1,382.7119,0,111888,112134,6.8360,9.0447,-2.2088
2026-01-28,361.63,362.66,354.76,360.22,366.17,362.50,339.84,318.74,293.76,344.1783,1,382.0402,0,111642,112102,6.0698,8.4498,-2.3799
2026-01-29,364.10,368.30,349.68,353.01,365.12,363.11,340.81,319.33,294.67,344.1783,1,381.3820,0,205431,114089,4.8252,7.7248,-2.8996
2026-01-30,349.67,357.47,347.21,350.39,362.16,363.75,341.95,319.88,295.53,344.1783,1,380.7369,0,143604,114776,3.5862,6.8971,-3.3109
2026-02-02,353.16,359.38,348.77,351.79,359.76,363.92,343.06,320.46,296.39,344.1783,1,379.3959,0,177659,116427,2.6862,6.0549,-3.3688
2026-02-03,351.62,354.73,332.09,335.97,357.01,362.65,343.74,320.92,297.20,381.4636,0,378.1087,0,230574,118419,0.6884,4.9816,-4.2932
2026-02-04,353.71,358.05,337.23,353.45,355.43,361.77,344.95,321.46,298.07,381.4636,0,375.3474,0,312742,121822,0.5103,4.0873,-3.5771
2026-02-05,339.80,354.95,330.53,348.27,353.36,360.68,345.86,321.92,298.95,381.4636,0,372.7519,0,350543,126414,-0.0481,3.2603,-3.3084
2026-02-06,349.14,364.52,346.67,354.81,352.94,360.29,346.85,322.40,299.82,381.4636,0,369.3742,0,249982,129598,0.0363,2.6155,-2.5791
2026-02-09,354.09,366.62,350.32,356.72,352.52,359.83,347.76,322.91,300.68,381.4636,0,330.5309,1,200217,131519,0.2540,2.1432,-1.8892
2026-02-10,358.87,365.60,351.71,359.22,352.38,359.40,348.67,323.43,301.50,381.4636,0,331.2528,1,184024,133185,0.6219,1.8389,-1.2171
2026-02-11,360.20,363.24,341.72,342.73,350.64,358.40,349.17,323.78,302.25,381.4636,0,331.9602,1,170805,135465,-0.4128,1.3886,-1.8014
2026-02-12,336.95,349.24,302.52,316.57,346.99,356.06,349.21,323.92,302.86,381.4636,0,366.6241,0,371769,141255,-3.3060,0.4497,-3.7556
2026-02-13,319.00,326.03,311.85,319.65,343.92,353.04,349.29,324.14,303.48,373.8912,0,365.3420,0,194850,143182,-5.2890,-0.6981,-4.5909
2026-02-17,322.72,323.73,314.60,317.40,340.48,350.12,349.14,324.33,304.06,371.3568,0,364.0856,0,195622,145260,-6.9619,-1.9508,-5.0111
2026-02-18,319.31,331.98,319.31,328.34,339.72,348.36,349.19,324.63,304.69,371.3568,0,362.8543,0,190613,146078,-7.3206,-3.0248,-4.2958
2026-02-19,327.87,329.29,319.37,324.20,336.79,346.11,349.10,324.86,305.26,371.3568,0,361.6477,0,190206,147008,-7.8481,-3.9895,-3.8587
2026-02-20,321.37,329.49,316.49,325.46,334.51,343.94,349.06,325.06,305.84,371.1581,0,360.4652,0,145727,147738,-8.0715,-4.8059,-3.2656
2026-02-23,321.18,325.27,301.14,302.78,329.31,341.12,348.38,325.12,306.34,363.8575,0,359.3063,0,239790,149779,-9.9640,-5.8375,-4.1265
2026-02-24,301.42,315.62,297.46,310.68,324.70,338.61,347.75,325.26,306.88,357.5756,0,356.9797,0,225721,151950,-10.7026,-6.8105,-3.8921
2026-02-25,316.89,317.64,309.98,316.34,320.42,336.40,347.24,325.42,307.39,357.5756,0,353.4087,0,142598,153047,-10.7084,-7.5901,-3.1183
2026-02-26,319.50,325.74,315.61,324.28,318.57,334.60,347.04,325.60,307.95,357.5756,0,350.0520,0,168445,153713,-9.9570,-8.0635,-1.8936
2026-02-27,315.56,315.56,298.68,307.11,317.62,332.31,346.50,325.67,308.34,356.5982,0,346.8966,0,369373,158204,-10.6249,-8.5758,-2.0491
2026-03-02,297.93,315.18,296.80,312.72,316.93,330.42,346.07,325.78,308.74,356.0376,0,343.9306,0,150919,158420,-10.5796,-8.9765,-1.6031
2026-03-03,301.19,311.56,297.32,306.05,315.80,328.14,345.56,325.83,309.09,354.1046,0,340.1600,0,211684,160431,-10.9559,-9.3724,-1.5835
2026-03-04,308.54,315.63,307.09,311.67,314.13,326.92,345.09,325.92,309.48,354.1046,0,336.6909,0,156402,161558,-10.6769,-9.6333,-1.0436
2026-03-05,308.92,314.81,297.64,301.07,311.82,324.30,344.32,325.88,309.80,354.1046,0,333.4995,0,180209,161562,-11.1822,-9.9431,-1.2391
2026-03-06,293.31,294.28,279.09,287.40,308.01,321.26,343.10,325.82,310.06,336.4460,0,330.5633,0,278731,164999,-12.5414,-10.4627,-2.0786
2026-03-09,279.36,284.45,269.39,284.18,306.15,317.73,341.87,325.78,310.31,327.1074,0,325.4157,0,308842,169911,-13.7203,-11.1143,-2.6061
2026-03-10,287.01,291.36,280.61,285.34,303.62,314.16,340.63,325.71,310.64,327.1074,0,318.6928,0,149501,172238,-14.3949,-11.7704,-2.6245
2026-03-11,283.84,288.42,276.77,286.71,300.65,310.53,339.37,325.65,310.96,327.1074,0,312.7767,0,156246,174178,-14.6498,-12.3463,-2.3036
2026-03-12,280.22,282.80,264.38,265.69,294.79,306.68,337.80,325.45,311.18,322.6342,0,307.5705,0,374974,180479,-16.3596,-13.1489,-3.2107
2026-03-13,268.66,273.42,265.28,266.74,290.76,304.19,336.32,325.27,311.36,315.9337,0,301.5238,0,234120,183882,-17.4294,-14.0050,-3.4244
2026-03-16,273.46,279.15,269.23,270.79,286.56,301.75,334.98,325.13,311.57,315.9337,0,296.3237,0,197704,186402,-17.7453,-14.7531,-2.9922
2026-03-17,276.03,281.00,276.03,277.13,283.67,299.73,333.56,325.04,311.80,315.9337,0,291.8515,0,183573,188844,-17.2853,-15.2595,-2.0258
2026-03-18,281.43,283.34,273.09,273.49,279.85,296.99,331.80,324.83,312.03,315.9337,0,288.0055,0,243567,190132,-17.0182,-15.6113,-1.4070
2026-03-19,269.48,275.86,268.06,273.35,277.08,294.45,329.85,324.59,312.25,312.8198,0,284.6979,0,205370,190575,-16.6261,-15.8142,-0.8119
2026-03-20,272.71,276.39,269.48,273.33,275.68,291.84,327.91,324.35,312.46,311.7864,0,283.3431,0,218137,192148,-16.1311,-15.8776,-0.2535
2026-03-23,287.92,288.01,277.36,277.56,275.01,290.58,326.21,324.17,312.68,311.7864,0,264.3800,1,253860,194514,-15.2222,-15.7465,0.5243
2026-03-24,274.45,278.91,272.30,276.87,274.17,288.89,324.43,324.01,312.89,311.7864,0,264.8525,1,219848,196502,-14.3914,-15.4755,1.0841
2026-03-25,283.01,288.11,274.57,285.26,274.02,287.34,322.78,323.93,313.11,311.7864,0,265.3156,1,185978,198043,-12.9070,-14.9618,2.0548
2026-03-26,280.99,289.91,280.99,283.15,275.77,285.28,321.19,323.82,313.30,311.7864,0,266.2272,1,96957,197895,-11.7651,-14.3225,2.5574
2026-03-27,279.32,283.52,272.96,277.49,276.84,283.80,319.47,323.66,313.48,311.7864,0,267.6479,1,96495,197760,-11.1885,-13.6957,2.5072
2026-03-30,281.37,286.58,278.81,283.62,278.12,282.34,317.54,323.45,313.68,311.7864,0,268.9834,1,116769,196926,-10.1198,-12.9805,2.8607
2026-03-31,290.09,302.70,287.18,296.84,280.10,281.88,315.96,323.33,313.94,311.7864,0,270.2388,1,295226,199272,-8.1130,-12.0070,3.8940
2026-04-01,301.66,308.08,298.78,299.59,282.71,281.28,314.68,323.19,314.26,311.7864,0,272.8360,1,198031,200682,-6.2285,-10.8513,4.6228
2026-04-02,290.32,307.08,287.91,303.24,285.69,281.39,313.36,323.08,314.55,311.7864,0,276.3608,1,156012,201145,-4.3899,-9.5590,5.1691
2026-04-06,303.08,308.15,300.67,303.08,288.67,282.17,312.05,322.96,314.86,311.7864,0,279.5331,1,106402,201630,-2.9121,-8.2296,5.3175
2026-04-07,300.43,308.95,295.67,305.19,291.43,283.22,310.97,322.88,315.17,311.7864,0,282.9675,1,146120,202766,-1.5529,-6.8943,5.3414
2026-04-08,321.17,330.04,318.83,324.19,296.17,285.17,310.23,322.94,315.58,283.0541,1,286.6049,1,242265,204955,1.0455,-5.3063,6.3519
2026-04-09,321.32,333.98,320.48,333.08,300.95,287.48,309.68,323.10,315.98,285.9385,1,293.5545,1,164566,206009,3.7786,-3.4893,7.2680
2026-04-10,333.57,336.83,328.34,336.01,306.23,291.00,309.20,323.24,316.35,292.8749,1,300.8307,1,152258,206821,6.1101,-1.5695,7.6796
2026-04-13,331.22,350.35,329.49,348.58,313.34,295.09,309.11,323.46,316.78,297.9239,1,308.0309,1,238858,207490,8.8698,0.5184,8.3514
2026-04-14,348.78,356.44,348.70,355.61,320.54,299.33,309.22,323.69,317.22,312.4174,1,316.4938,1,229979,209217,11.4917,2.7131,8.7786
2026-04-15,359.37,361.79,349.88,355.05,326.36,303.23,309.28,323.92,317.67,316.1207,1,324.4833,1,163779,208940,13.3705,4.8445,8.5260
2026-04-16,355.61,358.37,352.20,355.52,331.95,307.33,309.67,324.09,318.11,317.6876,1,331.9448,1,140577,207140,14.7274,6.8211,7.9063
2026-04-17,361.50,369.96,360.50,360.88,337.72,311.71,309.82,324.23,318.55,327.0615,1,337.9140,1,184503,204575,16.0503,8.6669,7.3833
2026-04-20,359.06,364.81,355.38,356.28,343.04,315.85,309.98,324.36,318.94,327.0615,1,344.3242,1,174380,201052,16.5373,10.2410,6.2963
2026-04-21,356.89,365.93,350.91,351.46,347.66,319.55,309.91,324.42,319.28,327.0615,1,349.4523,1,218532,200423,16.3457,11.4619,4.8837
2026-04-22,356.38,360.09,347.86,350.04,350.25,323.21,309.78,324.48,319.63,327.0615,1,369.9649,0,169493,199808,15.8958,12.3487,3.5471
2026-04-23,347.78,350.88,336.29,346.03,351.54,326.25,309.52,324.49,319.95,327.0615,1,369.5228,0,206352,200255,15.0426,12.8875,2.1551
2026-04-24,346.88,348.79,339.32,342.37,352.18,329.21,309.51,324.38,320.21,327.0615,1,368.1937,0,216152,201162,13.9107,13.0921,0.8186
2026-04-27,341.78,347.42,336.63,345.84,351.91,332.62,310.09,324.34,320.47,327.0615,1,366.9177,0,215838,198043,13.1422,13.1022,0.0401
2026-04-28,346.74,349.68,337.37,338.60,350.21,335.37,310.47,324.26,320.72,327.0615,1,365.6928,0,216326,198473,11.8129,12.8443,-1.0314
2026-04-29,330.36,336.15,312.78,322.32,346.93,336.65,310.57,324.07,320.89,365.4439,0,364.5169,0,376942,202099,9.3383,12.1431,-2.8048
2026-04-30,325.26,325.26,314.81,319.49,343.33,337.64,310.40,323.95,321.07,360.0509,0,361.4125,0,364889,205585,7.0669,11.1279,-4.0609
2026-05-01,318.48,324.17,313.31,315.01,338.74,338.23,310.21,323.82,321.20,358.0189,0,358.4944,0,203696,205854,4.8499,9.8723,-5.0224
2026-05-04,311.66,318.58,309.85,317.26,334.84,338.94,310.05,323.68,321.31,352.1861,0,355.7513,0,216858,207277,3.2369,8.5452,-5.3083
2026-05-05,318.94,327.71,318.35,324.50,332.15,339.91,310.48,323.60,321.46,352.1861,0,352.0795,0,227909,207039,2.5138,7.3389,-4.8251
2026-05-06,329.71,336.75,322.04,331.45,330.29,340.27,310.90,323.58,321.67,352.1861,0,348.7015,0,193292,206391,2.4730,6.3657,-3.8927
2026-05-07,334.80,336.85,327.49,329.42,328.63,340.09,311.16,323.60,321.85,352.1861,0,345.5936,0,166634,206871,2.2511,5.5428,-3.2917
2026-05-08,326.94,341.28,326.94,339.28,328.32,340.25,311.46,323.65,322.07,352.1861,0,342.7344,0,205396,207611,2.8377,5.0018,-2.1641
2026-05-11,338.53,341.68,332.03,333.50,327.08,339.50,311.99,323.71,322.25,352.1861,0,309.8537,1,244995,205123,2.8041,4.5622,-1.7582
2026-05-12,332.13,342.43,328.00,339.07,327.13,338.67,312.51,323.82,322.46,352.1861,0,310.4903,1,127390,204652,3.1900,4.2878,-1.0978
2026-05-13,336.63,339.56,330.64,334.46,328.35,337.64,313.08,323.91,322.64,352.1861,0,311.7679,1,131681,203052,3.0887,4.0480,-0.9593
2026-05-14,338.01,343.07,330.90,339.16,330.31,336.82,313.63,324.08,322.85,352.1861,0,312.9944,1,130186,202528,3.3486,3.9081,-0.5595
2026-05-15,334.93,335.50,328.60,331.69,331.98,335.36,314.24,324.22,322.97,352.1861,0,314.7987,1,141830,201760,2.9183,3.7101,-0.7918
2026-05-18,332.72,335.31,327.57,330.06,333.26,334.05,315.10,324.43,323.14,352.1861,0,316.4948,1,143887,199064,2.4178,3.4517,-1.0339
2026-05-19,327.18,332.45,321.10,321.45,332.95,332.55,315.84,324.49,323.29,352.1861,0,318.0891,1,158430,196055,1.3112,3.0236,-1.7124
2026-05-20,323.73,336.01,320.91,335.66,333.38,331.83,316.85,324.62,323.49,352.1861,0,319.5877,1,135358,195772,1.5628,2.7314,-1.1686
2026-05-21,333.13,344.80,331.46,344.32,334.86,331.75,318.00,324.78,323.74,352.1861,0,320.9114,1,113469,194917,2.4330,2.6717,-0.2387
2026-05-22,345.75,347.25,339.15,344.18,335.35,331.84,319.57,324.99,323.98,352.1861,0,320.9114,1,97121,189360,3.0760,2.7526,0.3234
2026-05-26,342.70,346.37,341.33,341.95,336.20,331.64,321.08,325.20,324.22,352.1861,0,323.5455,1,183357,188345,3.3670,2.8755,0.4915
2026-05-27,341.62,345.44,337.38,340.61,336.35,331.74,322.47,325.35,324.47,352.1861,0,325.9162,1,73164,185854,3.4496,2.9903,0.4593
2026-05-28,337.44,347.67,334.28,344.98,337.41,332.88,323.83,325.54,324.73,352.1861,0,328.0499,1,114067,184464,3.8232,3.1569,0.6663
2026-05-29,344.70,351.55,337.06,339.82,337.47,333.89,325.15,325.71,324.91,352.1861,0,330.4044,1,235125,184295,3.6611,3.2577,0.4034
2026-06-01,335.55,346.88,329.68,345.91,338.89,335.44,326.61,325.92,325.09,352.1861,0,351.5457,0,131849,182824,3.9784,3.4019,0.5765
2026-06-02,348.59,351.59,341.44,346.00,340.49,336.87,328.06,326.09,325.27,352.1861,0,329.6825,1,111996,180702,4.1888,3.5593,0.6295
2026-06-03,342.15,342.87,333.27,339.05,342.25,337.60,329.29,326.17,325.45,352.1861,0,329.6825,1,116855,177962,3.7516,3.5977,0.1538
2026-06-04,344.48,349.76,342.07,345.73,343.26,338.32,330.67,326.36,325.68,352.1861,0,330.1206,1,126960,176104,3.8991,3.6580,0.2411
2026-06-05,344.21,346.94,334.74,338.40,342.66,338.76,331.73,326.68,325.88,352.1861,0,330.5499,1,95346,174291,3.3849,3.6034,-0.2185
2026-06-08,341.52,347.01,338.61,339.11,342.16,338.76,332.85,327.02,326.07,352.1861,0,330.9706,1,108236,174517,3.0008,3.4829,-0.4821
2026-06-09,343.58,356.70,339.67,356.02,343.56,339.88,334.42,327.45,326.35,312.0100,1,331.3829,1,200339,176594,4.0144,3.5892,0.4252
2026-06-10,356.35,360.75,338.25,339.74,343.48,339.92,335.54,327.74,326.47,312.0100,1,332.3956,1,147217,177203,3.4641,3.5641,-0.1001
2026-06-11,341.00,354.21,339.36,354.02,344.38,340.89,336.69,328.13,326.67,312.0100,1,334.0967,1,101772,173333,4.1323,3.6778,0.4545
2026-06-12,357.64,364.25,354.05,356.29,346.03,341.75,337.82,328.51,326.85,320.2307,1,335.6957,1,106285,171498,4.7901,3.9002,0.8899
2026-06-15,366.88,371.41,363.10,364.42,347.88,343.39,339.04,328.94,327.07,327.6954,1,337.9798,1,98401,170346,5.8990,4.3000,1.5990
2026-06-16,367.64,373.61,363.90,372.66,350.54,345.52,340.43,329.40,327.33,330.2340,1,341.3233,1,183424,171887,7.3583,4.9117,2.4467
2026-06-17,373.09,380.31,363.90,365.92,353.23,347.74,341.65,329.80,327.57,332.5127,1,345.1975,1,114516,171255,7.8802,5.5054,2.3748
2026-06-18,373.86,378.56,367.39,370.59,355.72,349.49,342.58,330.22,327.85,333.5517,1,350.1130,1,200134,170412,8.5714,6.1186,2.4529
2026-06-22,367.99,376.06,367.33,372.90,359.17,350.92,343.37,330.59,328.17,333.5929,1,354.3402,1,129156,169704,9.1998,6.7348,2.4650
2026-06-23,365.55,370.81,355.98,365.52,361.81,351.98,343.96,331.00,328.42,333.5929,1,380.3078,0,143686,169532,8.9988,7.1876,1.8112
2026-06-24,366.73,368.28,349.81,352.11,361.42,352.49,344.03,331.32,328.61,333.5929,1,379.8213,0,165046,168056,7.6691,7.2839,0.3852
2026-06-25,354.89,358.62,341.58,346.25,362.07,352.77,343.85,331.67,328.73,333.5929,1,378.6209,0,120412,165865,6.0723,7.0416,-0.9693
2026-06-26,346.18,346.18,334.26,340.98,360.76,352.57,343.57,331.97,328.83,333.5929,1,376.3982,0,179047,166170,4.3313,6.4996,-2.1682
2026-06-29,338.74,341.45,328.72,333.69,358.50,352.27,343.13,332.18,328.85,333.5929,1,373.0270,0,141917,166197,2.3366,5.6670,-3.3304
2026-06-30,333.21,343.95,332.31,340.40,356.10,351.99,342.72,332.50,328.86,333.5929,1,368.5958,0,120904,164925,1.2824,4.7900,-3.5077
2026-07-01,341.16,347.15,338.74,340.00,352.84,351.69,342.39,332.75,328.86,333.5929,1,364.6078,0,139724,164232,0.4100,3.9140,-3.5040
2026-07-02,346.18,352.08,336.00,341.60,350.40,351.82,342.20,332.99,328.87,333.5929,1,361.0186,0,129484,162451,-0.1509,3.1010,-3.2520
2026-07-06,341.36,356.63,341.36,354.40,348.79,352.25,342.28,333.28,328.93,333.5929,1,357.7883,0,171164,162484,0.4325,2.5673,-2.1348
2026-07-07,353.42,354.73,344.43,345.81,346.08,352.62,342.28,333.49,328.94,333.5929,1,356.6301,0,128585,160929,0.1999,2.0938,-1.8939
2026-07-08,341.39,341.39,328.15,330.03,342.53,352.17,342.03,333.57,328.79,375.6165,0,356.6301,0,136554,159337,-1.2436,1.4264,-2.6699
2026-07-09,334.78,348.35,333.86,338.71,341.19,351.30,341.89,333.73,328.72,375.6165,0,354.7260,0,133963,157699,-1.6676,0.8076,-2.4752
2026-07-10,343.79,346.53,333.30,333.73,339.94,351.00,341.79,333.85,328.64,375.6165,0,351.5365,0,87470,155122,-2.3785,0.1704,-2.5488
2026-07-13,334.27,336.59,328.99,333.13,339.15,349.96,342.01,333.91,328.55,372.8736,0,348.7298,0,133192,150247,-2.9560,-0.4549,-2.5011
2026-07-14,336.79,343.95,336.69,341.16,339.90,349.20,342.44,334.01,328.57,372.8736,0,346.5310,0,166617,146282,-2.7346,-0.9109,-1.8238
2026-07-15,345.91,355.72,344.02,352.57,341.11,348.61,343.19,334.17,328.67,372.8736,0,328.1472,1,208866,146385,-1.6194,-1.0526,-0.5668
2026-07-16,349.04,349.47,341.78,348.64,341.98,347.41,343.82,334.31,328.72,372.8736,0,328.6987,1,162685,145302,-1.0405,-1.0502,0.0096
2026-07-17,345.07,346.65,336.07,340.50,341.87,346.14,344.14,334.33,328.73,372.8736,0,329.2392,1,144471,143633,-1.2249,-1.0851,-0.1398
2026-07-20,341.69,342.30,331.82,332.51,339.68,344.23,344.16,334.27,328.73,372.8736,0,329.7689,1,146787,142703,-1.9924,-1.2666,-0.7259
2026-07-21,335.27,343.33,333.35,339.48,339.05,342.56,344.36,334.25,328.79,372.8736,0,330.2879,1,156162,142494,-2.0151,-1.4163,-0.5989
2026-07-22,338.64,342.18,332.90,333.96,339.44,340.98,344.26,334.25,328.81,372.8736,0,330.7966,1,112453,140635,-2.4506,-1.6231,-0.8274
2026-07-23,328.66,335.56,327.70,333.78,338.95,340.07,344.26,334.25,328.85,366.9345,0,355.7229,0,163014,138995,-2.7781,-1.8541,-0.9240
2026-07-24,335.55,341.86,331.63,338.60,339.43,339.68,344.25,334.28,328.93,366.9345,0,355.1624,0,129908,139045,-2.6189,-2.0071,-0.6118
2026-07-27,344.37,348.91,333.40,339.07,340.03,339.59,344.35,334.33,329.02,366.9345,0,354.6132,0,116930,138750,-2.4262,-2.0909,-0.3353
2026-07-28,336.05,341.85,328.13,339.46,339.86,339.88,344.35,334.36,329.15,366.9345,0,354.0749,0,209033,140327,-2.2165,-2.1160,-0.1005
2026-07-29,324.01,324.16,301.49,303.78,334.98,338.05,343.79,334.12,329.11,357.0889,0,353.5473,0,489334,147277,-4.8734,-2.6675,-2.2059
2026-07-30,304.36,314.27,295.18,311.92,331.31,336.64,343.43,333.88,329.18,350.2897,0,351.4650,0,219072,148781,-6.2504,-3.3841,-2.8663
2026-07-31,312.66,321.04,312.66,319.58,329.21,335.54,343.39,333.70,329.22,350.2897,0,348.0878,0,199933,149611,-6.6465,-4.0366,-2.6099
2026-08-03,320.30,324.16,309.69,317.37,327.70,333.69,343.03,333.50,329.22,350.2897,0,344.9132,0,184924,150603,-7.0576,-4.6408,-2.4169
2026-08-04,318.67,323.02,315.79,318.76,325.63,332.34,342.52,333.30,329.22,350.2897,0,341.9291,0,201941,152372,-7.1888,-5.1504,-2.0384
2026-08-05,323.45,323.49,315.06,317.81,324.01,331.73,341.99,333.12,329.24,350.2897,0,339.1240,0,115940,152748,-7.2852,-5.5773,-1.7078
2026-08-06,319.64,321.28,307.22,309.38,321.57,330.26,341.34,332.91,329.23,350.2897,0,336.4872,0,123325,151548,-7.9497,-6.0518,-1.8979
2026-08-07,311.09,314.81,304.90,305.01,318.21,328.82,340.63,332.69,329.17,348.9305,0,334.0087,0,103194,152148,-8.7288,-6.5872,-2.1416
2026-08-10,302.88,306.90,294.24,297.06,314.01,327.02,339.67,332.35,329.07,339.5395,0,331.6788,0,220349,154274,-9.8736,-7.2445,-2.6292
2026-08-11,299.92,308.46,297.79,302.14,310.28,325.07,338.91,331.96,329.01,339.5395,0,328.6838,0,185079,153273,-10.2533,-7.8462,-2.4070
2026-08-12,305.29,308.13,298.74,299.04,309.81,322.39,337.98,331.48,328.94,339.5395,0,325.9283,0,185909,154354,-10.6812,-8.4132,-2.2679
2026-08-13,300.60,312.86,298.81,311.48,309.76,320.53,337.29,331.09,328.89,339.5395,0,323.3933,0,226855,156651,-9.9022,-8.7110,-1.1912
2026-08-14,309.91,313.77,305.42,306.44,308.45,318.83,336.63,330.71,328.79,339.5395,0,321.0611,0,140473,157124,-9.5807,-8.8850,-0.6957
2026-08-17,305.99,308.84,299.87,302.26,306.94,317.32,335.76,330.29,328.71,339.5395,0,318.9155,0,126760,157120,-9.5536,-9.0187,-0.5349
2026-08-18,300.35,302.26,296.60,297.75,304.84,315.23,334.95,329.82,328.75,333.2264,0,316.9415,0,144342,158100,-9.7830,-9.1715,-0.6114
2026-08-19,300.12,305.00,296.71,297.47,302.80,313.41,334.12,329.39,328.80,333.2264,0,315.1255,0,141253,158760,-9.8735,-9.3119,-0.5615
2026-08-20,301.37,301.37,285.90,286.22,300.49,311.03,332.72,328.87,328.77,327.8865,0,313.4547,0,149201,157737,-10.7297,-9.5955,-1.1342
2026-08-21,289.49,293.71,288.63,291.00,299.08,308.65,331.75,328.28,328.74,324.2477,0,310.6989,0,141070,157614,-10.8966,-9.8557,-1.0409
2026-08-24,291.11,293.28,286.97,289.23,298.30,306.16,330.45,327.70,328.71,321.7914,0,308.2186,0,144939,158478,-11.0447,-10.0935,-0.9512
2026-08-25,290.72,291.45,285.77,288.66,296.95,303.62,329.10,327.20,328.66,318.8095,0,305.9864,0,124792,158848,-11.0802,-10.2908,-0.7894
2026-08-26,288.13,293.14,285.32,290.53,296.10,302.95,327.62,326.68,328.61,318.7603,0,303.5600,0,143903,159758,-10.8322,-10.3991,-0.4331
2026-08-27,290.66,294.47,286.74,291.23,294.08,301.92,325.99,326.16,328.55,318.7603,0,301.0061,0,118513,158460,-10.4588,-10.4111,-0.0478
2026-08-28,291.40,294.55,286.79,290.11,292.44,300.45,324.48,325.70,328.47,318.7603,0,298.8098,0,103482,158239,-10.1364,-10.3561,0.2197
2026-08-31,287.77,289.99,284.86,286.43,290.86,298.90,322.79,325.20,328.36,314.4995,0,296.9210,0,173920,157715,-10.0619,-10.2973,0.2354
2026-09-01,281.53,294.08,280.02,286.23,289.71,297.27,321.06,324.71,328.20,314.4995,0,294.9912,0,163724,158406,-9.9048,-10.2188,0.3140
2026-09-02,286.15,294.65,284.54,288.69,288.83,295.82,319.52,324.23,328.13,314.4995,0,280.0200,1,159299,158718,-9.4726,-10.0695,0.5970
2026-09-03,292.98,300.24,292.21,296.91,289.90,295.19,318.42,323.86,328.09,314.4995,0,280.0200,1,123544,157888,-8.3703,-9.7297,1.3594
2026-09-04,294.01,298.41,291.81,297.92,290.59,294.84,317.45,323.51,328.12,314.4995,0,280.8288,1,99029,157461,-7.3307,-9.2499,1.9192
2026-09-08,296.63,299.40,293.80,295.67,291.24,294.77,316.55,323.13,328.11,314.4995,0,281.6052,1,119835,156276,-6.6122,-8.7224,2.1102
2026-09-09,293.43,296.56,287.19,287.92,291.16,294.06,315.63,322.81,328.04,314.4995,0,282.3506,1,86117,155160,-6.5921,-8.2963,1.7042
2026-09-10,285.82,290.14,282.01,283.62,290.47,293.29,314.50,322.35,328.00,313.1037,0,300.2400,0,107350,154889,-6.8443,-8.0059,1.1616
2026-09-11,287.87,288.24,281.04,281.21,289.47,291.77,313.32,321.90,327.89,311.1258,0,299.8754,0,77248,153640,-7.1561,-7.8359,0.6799
2026-09-14,277.47,280.86,272.15,275.49,288.01,290.23,312.00,321.37,327.74,303.0602,0,299.1220,0,107909,153208,-7.7751,-7.8238,0.0486
2026-09-15,274.14,275.67,268.72,270.82,286.45,288.66,310.33,320.80,327.54,298.1797,0,297.5037,0,119513,152175,-8.5441,-7.9678,-0.5762
2026-09-16,271.51,275.62,258.61,261.83,284.01,286.86,308.65,320.15,327.28,295.6043,0,295.2010,0,174693,153097,-9.7663,-8.3275,-1.4388
2026-09-17,267.20,268.72,262.47,262.61,281.40,285.12,307.30,319.61,327.00,293.3023,0,291.5419,0,141626,153199,-10.5504,-8.7721,-1.7783
2026-09-18,261.44,263.57,259.62,262.60,277.97,283.94,305.78,319.25,326.74,287.7166,0,288.2487,0,217538,154870,-11.0452,-9.2267,-1.8185
2026-09-21,267.18,271.40,260.89,269.01,275.08,282.84,304.48,318.92,326.51,287.7166,0,285.2848,0,178327,156687,-10.7957,-9.5405,-1.2552
2026-09-22,271.46,272.85,260.63,263.20,271.83,281.53,303.08,318.55,326.20,287.7166,0,282.6173,0,170896,157442,-10.9407,-9.8206,-1.1201
2026-09-23,260.27,266.41,258.61,259.89,269.03,280.10,301.46,318.10,325.87,287.7166,0,280.2166,0,129009,156689,-11.1936,-10.0952,-1.0985
2026-09-24,258.61,260.42,254.31,256.93,266.36,278.42,299.54,317.65,325.51,283.7104,0,278.0559,0,109940,154711,-11.5004,-10.3762,-1.1242
2026-09-25,257.81,263.00,257.79,262.91,264.53,277.00,297.83,317.23,325.19,283.7104,0,275.2064,0,248213,156421,-11.1326,-10.5275,-0.6051
2026-09-28,260.07,265.59,257.55,261.62,263.14,275.58,296.25,316.96,324.81,283.7104,0,272.6988,0,103654,155605,-10.8205,-10.5861,-0.2344
2026-09-29,263.20,264.40,257.17,258.46,261.91,274.18,294.77,316.61,324.40,283.7104,0,270.4922,0,146599,155601,-10.7048,-10.6098,-0.0949
2026-09-30,258.28,259.44,256.26,257.50,261.47,272.74,293.13,316.22,323.97,281.3225,0,268.5503,0,95121,154380,-10.5687,-10.6016,0.0329
2026-10-01,253.74,259.45,251.13,259.00,261.11,271.26,291.63,315.78,323.60,278.9113,0,266.8415,0,87024,153872,-10.2219,-10.5257,0.3037
2026-10-02,262.88,265.26,259.20,261.68,261.02,269.49,290.19,315.48,323.24,278.9113,0,251.1300,1,175352,154119,-9.6200,-10.3445,0.7245
2026-10-05,262.07,268.62,258.13,265.35,260.65,267.87,288.73,315.16,322.89,278.9113,0,251.1300,1,159847,154717,-8.7460,-10.0248,1.2788
2026-10-06,267.51,272.23,265.59,268.08,261.14,266.49,287.31,314.91,322.57,278.9113,0,251.8296,1,114175,154662,-7.7438,-9.5686,1.8248
2026-10-07,261.79,267.63,259.41,267.26,261.88,265.45,285.86,314.61,322.23,278.9113,0,253.0536,1,145416,153390,-6.9358,-9.0420,2.1063
2026-10-08,264.24,268.22,261.24,266.75,262.86,264.61,285.12,314.39,321.87,278.9113,0,254.2042,1,137430,146352,-6.2643,-8.4865,2.2222
2026-10-09,270.51,272.98,264.64,271.86,263.76,264.14,284.32,314.28,321.49,278.9113,0,255.2858,1,141422,144799,-5.2593,-7.8411,2.5818
