symbol,longName,sector,industry,country,marketCap,currentPrice,averageVolume10days,averageVolume3months,averageDollarVolume,revenueGrowth,earningsGrowth,earningsQuarterlyGrowth,grossMargins,operatingMargins,profitMargins,returnOnEquity,returnOnAssets,totalCash,totalDebt,debtToEquity,currentRatio,quickRatio,operatingCashflow,freeCashflow,sharesOutstanding,floatShares,heldPercentInsiders,heldPercentInstitutions,sharesShort,shortRatio,shortPercentOfFloat,trailingPE,forwardPE,priceToSalesTrailing12Months,priceToBook,enterpriseToRevenue,enterpriseToEbitda,targetMeanPrice,targetHighPrice,targetLowPrice,recommendationMean,recommendationKey,numberOfAnalystOpinions,epsRevisionUpLast7Days,epsRevisionUpLast30Days,epsRevisionDownLast7Days,epsRevisionDownLast30Days,nextEarningsDate,beta,website,retrievedAt
EXPE,Expedia Group Inc.,Consumer Cyclical,Travel Services,United States,32911704064,274.22,1724740,1819703,498998956.66,0.14,1.887,1.661,0.90433,0.1898,0.12968001,0.89489,0.061079998,7127000064,5689999872,230.271,0.801,0.637,5216000000,3434374912,114495891,113551501,0.0061500003,1.08595,6289285,3.78,0.0675,17.128044,11.174254,2.096287,27.217867,2.054,11.158,336.14285,430.0,235.0,2.15789,buy,35,1,2,0,0,2026-11-04,1.362,https://www.expediagroup.com,2026-10-10T21:28:11.800722+01:00
Date,Open,High,Low,Close,Ma10:Top:Line,Ma20:Top:Line,Ma50:Top:Line,Ma150:Top:Line,Ma200:Top:Line,Supertrend:Top:ColorLine,Supertrend_Dir,ParabolicSAR:Top:ColorLine,ParabolicSAR_Dir,Volume:Middle:Histogram,Vo50:Middle:Line,Macd:Bottom:Line,MacdSignal:Bottom:Line,MacdDelta:Bottom:Histogram,RsRating:Hidden:Hidden
2023-08-03,104.84,108.04,95.94,97.32,,,,,,,0,95.9399,1,1379969,,,,,0
2023-08-04,99.71,102.80,99.63,101.78,,,,,,,0,95.9399,1,598708,,,,,0
2023-08-07,102.65,107.01,102.61,106.02,,,,,,,0,95.9399,1,555885,,,,,0
2023-08-08,105.41,108.83,104.13,108.34,,,,,,,0,96.1820,1,331069,,,,,0
2023-08-09,108.80,110.44,108.03,108.31,,,,,,,0,96.6880,1,346593,,,,,0
2023-08-10,109.49,111.03,108.87,110.14,,,,,,,0,97.5130,1,253335,,,,,0
2023-08-11,108.95,110.93,108.95,110.01,,,,,,,0,98.5944,1,316829,,,,,0
2023-08-14,109.49,110.53,107.82,110.40,,,,,,,0,99.5893,1,200993,,,,,0
2023-08-15,110.45,110.79,105.20,105.96,,,,,,,0,100.5047,1,346537,,,,,0
2023-08-16,105.59,106.88,105.33,105.67,106.40,,,,,119.4490,0,101.3467,1,213123,,,,,0
2023-08-17,106.52,106.52,104.14,104.19,107.08,,,,,118.0564,0,102.1215,1,321728,,,,,0
2023-08-18,101.94,106.48,101.66,105.74,107.48,,,,,116.9731,0,111.0308,0,271799,,,,,0
2023-08-21,105.94,107.36,105.76,106.59,107.54,,,,,116.9731,0,110.8434,0,185221,,,,,0
2023-08-22,107.12,108.64,106.76,107.11,107.41,,,,,116.9731,0,110.6597,0,155262,,,,,0
2023-08-23,107.11,107.53,106.02,106.12,107.19,,,,,116.9731,0,110.4797,0,197858,,,,,0
2023-08-24,105.81,107.13,104.46,104.51,106.63,,,,,116.3242,0,110.3033,0,257154,,,,,0
2023-08-25,104.80,106.63,104.73,105.48,106.18,,,,,115.7894,0,110.1305,0,202630,,,,,0
2023-08-28,105.96,107.07,105.56,106.69,105.81,,,,,115.7894,0,109.9611,0,125867,,,,,0
2023-08-29,106.42,108.94,106.42,108.45,106.05,,,,,115.7894,0,109.7951,0,154480,,,,,0
2023-08-30,107.57,109.12,107.18,107.37,106.22,106.31,,,,115.7894,0,109.6324,0,179238,,,,,0
2023-08-31,107.48,108.10,106.62,106.91,106.50,106.79,,,,115.7894,0,109.4730,0,184718,,,,,0
2023-09-01,107.74,108.48,106.75,108.07,106.73,107.10,,,,115.7894,0,109.3167,0,174644,,,,,0
2023-09-05,107.90,109.95,107.06,108.71,106.94,107.24,,,,115.7894,0,101.6606,1,220892,,,,,0
2023-09-06,107.70,108.21,104.48,106.93,106.92,107.17,,,,115.0529,0,101.8263,1,256812,,,,,0
2023-09-07,105.54,105.54,102.11,104.31,106.74,106.97,,,,113.1061,0,101.9887,1,415309,,,,,0
2023-09-08,104.54,108.79,104.45,108.30,107.12,106.88,,,,113.1061,0,102.1144,1,287918,,,,,0
2023-09-11,109.27,109.86,106.57,107.01,107.27,106.73,,,,113.1061,0,102.1144,1,192516,,,,,0
2023-09-12,106.02,109.23,106.02,108.15,107.42,106.61,,,,113.1061,0,102.2710,1,197260,,,,,0
2023-09-13,107.29,108.27,104.87,105.36,107.11,106.58,,,,113.1061,0,102.4245,1,265854,,,,,0
2023-09-14,106.25,106.42,103.48,105.47,106.92,106.57,,,,113.1061,0,102.5749,1,237075,,,,,0
2023-09-15,105.24,107.64,104.63,105.45,106.78,106.64,,,,113.1061,0,102.7223,1,606928,,,,,0
2023-09-18,104.80,105.61,104.02,104.29,106.40,106.56,,,,113.1061,0,102.8668,1,239596,,,,,0
2023-09-19,103.97,104.36,102.37,103.15,105.84,106.39,,,,112.1682,0,109.9458,0,221950,,,,,0
2023-09-20,103.44,104.51,102.79,102.86,105.44,106.18,,,,112.0870,0,109.7943,0,133721,,-0.5580,0.0737,-0.6317,0
2023-09-21,101.33,101.74,100.23,100.57,105.06,105.90,,,,109.3701,0,109.6458,0,184048,,-0.8891,-0.1189,-0.7703,0
2023-09-22,100.57,101.54,99.14,99.49,104.18,105.65,,,,108.6075,0,109.2692,0,235531,,-1.2242,-0.3400,-0.8843,0
2023-09-25,98.76,99.80,98.14,99.31,103.41,105.34,,,,106.9068,0,108.6612,0,178020,,-1.4870,-0.5694,-0.9176,0
2023-09-26,98.27,99.43,97.55,98.03,102.40,104.91,,,,106.1997,0,107.8195,0,165733,,-1.7782,-0.8111,-0.9670,0
2023-09-27,98.89,99.76,98.07,98.88,101.75,104.43,,,,106.1997,0,106.7923,0,168029,,-1.9184,-1.0326,-0.8858,0
2023-09-28,98.40,101.64,98.33,101.18,101.32,104.12,,,,106.1997,0,105.8678,0,173894,,-1.8230,-1.1907,-0.6324,0
2023-09-29,102.23,103.27,101.18,101.66,100.94,103.86,,,,106.1997,0,105.0358,0,229630,,-1.6890,-1.2903,-0.3987,0
2023-10-02,101.31,101.89,100.22,100.65,100.58,103.49,,,,106.1997,0,104.2870,0,194956,,-1.6450,-1.3613,-0.2838,0
2023-10-03,99.62,100.05,96.60,97.42,100.01,102.92,,,,106.1184,0,103.6131,0,203150,,-1.8499,-1.4590,-0.3909,0
2023-10-04,97.85,99.23,97.68,98.81,99.60,102.52,,,,106.0120,0,102.7716,0,172540,,-1.8784,-1.5429,-0.3355,0
2023-10-05,99.18,99.34,96.74,98.53,99.40,102.23,,,,105.6232,0,102.0311,0,131039,,-1.9013,-1.6146,-0.2867,0
2023-10-06,97.51,99.67,97.12,99.11,99.36,101.77,,,,105.6232,0,101.3795,0,146068,,-1.8520,-1.6620,-0.1899,0
2023-10-09,97.22,99.03,95.32,98.31,99.26,101.33,,,,105.1379,0,100.8060,0,163170,,-1.8559,-1.7008,-0.1551,0
2023-10-10,99.21,101.33,98.82,100.10,99.47,100.93,,,,105.1379,0,95.3186,1,156975,,-1.6947,-1.6996,0.0049,0
2023-10-11,100.61,102.27,99.84,102.19,99.80,100.77,,,,105.1379,0,95.3186,1,176956,,-1.3823,-1.6361,0.2539,0
2023-10-12,101.97,102.56,100.59,101.22,99.80,100.56,104.13,,,105.1379,0,95.5967,1,140046,260985,-1.1996,-1.5488,0.3492,0
2023-10-13,101.09,101.58,97.56,97.80,99.41,100.18,104.14,,,105.1379,0,96.0144,1,151338,236412,-1.3151,-1.5021,0.1870,0
2023-10-16,98.69,100.19,97.93,98.31,99.18,99.88,104.07,,,105.1379,0,96.4070,1,162163,227682,-1.3504,-1.4718,0.1213,0
2023-10-17,97.95,100.83,97.75,100.16,99.45,99.73,103.96,,,105.1379,0,96.7761,1,140718,219378,-1.2148,-1.4204,0.2055,0
2023-10-18,98.28,99.29,97.51,97.56,99.33,99.46,103.74,,,105.1379,0,97.1230,1,165180,216060,-1.3025,-1.3968,0.0943,0
2023-10-19,97.72,97.93,93.97,94.35,98.91,99.15,103.46,,,104.5172,0,102.5582,0,227814,213685,-1.6120,-1.4398,-0.1722,0
2023-10-20,93.73,93.92,91.77,92.37,98.24,98.80,103.11,,,101.3288,0,102.3864,0,254719,213712,-1.9943,-1.5507,-0.4435,0
2023-10-23,92.25,95.91,91.25,93.93,97.80,98.53,102.78,,,101.3288,0,101.9616,0,221448,211805,-2.1467,-1.6699,-0.4768,0
2023-10-24,95.19,96.12,94.51,95.96,97.38,98.43,102.50,,,101.3288,0,101.3186,0,119638,210178,-2.0796,-1.7519,-0.3278,0
2023-10-25,94.41,95.43,94.03,94.66,96.63,98.21,102.27,,,101.3288,0,100.7142,0,132448,205896,-2.1072,-1.8229,-0.2843,0
2023-10-26,94.66,95.18,91.89,93.74,95.88,97.84,102.03,,,101.3288,0,100.1461,0,271529,207064,-2.1780,-1.8939,-0.2841,0
2023-10-27,94.02,94.82,91.70,91.81,95.28,97.35,101.78,,,101.3288,0,99.6120,0,148826,203606,-2.3628,-1.9877,-0.3751,0
2023-10-30,93.56,94.78,92.99,93.65,94.82,97.00,101.54,,,101.3288,0,99.1100,0,182513,201820,-2.3336,-2.0569,-0.2767,0
2023-10-31,93.96,94.33,92.77,93.99,94.20,96.83,101.29,,,101.3288,0,98.6381,0,163394,201384,-2.2574,-2.0970,-0.1604,0
2023-11-01,93.99,94.24,91.22,91.99,93.64,96.49,100.99,,,101.1240,0,98.1945,0,205968,202398,-2.3308,-2.1438,-0.1871,0
2023-11-02,93.76,94.98,91.93,93.54,93.56,96.24,100.74,,,101.1240,0,97.6362,0,482005,208081,-2.2383,-2.1627,-0.0756,0
2023-11-03,106.52,111.43,106.33,111.17,95.44,96.84,100.87,,,95.8858,1,91.2155,1,1020995,223358,-0.7343,-1.8770,1.1427,0
2023-11-06,112.24,114.17,109.26,110.06,97.06,97.43,100.96,,,98.5469,1,91.6197,1,405116,227407,0.3644,-1.4287,1.7931,0
2023-11-07,110.36,119.51,110.29,116.44,99.11,98.24,101.15,,,100.2195,1,92.5216,1,657539,238041,1.7292,-0.7971,2.5264,0
2023-11-08,116.42,117.16,114.83,114.97,101.14,98.88,101.29,,,102.0793,1,94.1411,1,332709,241605,2.6616,-0.1054,2.7670,0
2023-11-09,114.93,116.42,111.88,112.12,102.97,99.43,101.38,,,102.0793,1,95.6634,1,250881,243038,3.1344,0.5426,2.5918,0
2023-11-10,112.16,117.45,112.16,117.06,105.50,100.39,101.58,,,102.0793,1,97.0944,1,328530,245915,3.8633,1.2067,2.6566,0
2023-11-13,116.38,118.18,116.12,116.86,107.82,101.32,101.76,,,103.8469,1,98.4395,1,205148,246525,4.3746,1.8403,2.5343,0
2023-11-14,119.86,122.25,119.27,120.95,110.52,102.36,102.00,,,107.1667,1,99.7039,1,292117,247949,5.0519,2.4826,2.5693,0
2023-11-15,123.05,132.53,122.82,128.55,114.17,103.91,102.44,,,111.9709,1,101.5072,1,741682,257647,6.1308,3.2123,2.9185,0
2023-11-16,126.33,129.78,125.31,128.04,117.62,105.59,102.91,,,112.0726,1,104.6098,1,351098,256362,6.8661,3.9430,2.9231,0
2023-11-17,132.46,135.62,130.26,134.52,119.96,107.70,103.44,,,116.7428,1,107.4021,1,656233,263729,7.8801,4.7304,3.1497,0
2023-11-20,133.98,134.90,131.29,133.06,122.26,109.66,103.96,,,117.4326,1,110.7882,1,333608,266550,8.4683,5.4780,2.9903,0
2023-11-21,132.21,134.27,131.85,133.62,123.97,111.54,104.47,,,118.2393,1,113.7680,1,246271,267531,8.8775,6.1579,2.7196,0
2023-11-22,134.62,136.27,134.35,135.02,125.98,113.56,105.06,,,121.1743,1,116.3902,1,226402,266742,9.2086,6.7680,2.4406,0
2023-11-24,134.17,135.28,132.98,134.55,128.22,115.60,105.64,,,121.1743,1,119.1735,1,98659,263973,9.3261,7.2797,2.0465,0
2023-11-27,133.63,135.47,133.47,134.04,129.92,117.71,106.21,,,121.7977,1,121.5671,1,184960,255534,9.2710,7.6779,1.5931,0
2023-11-28,134.25,135.77,132.90,133.57,131.59,119.71,106.80,,,122.0659,1,123.6256,1,210686,254956,9.0844,7.9592,1.1252,0
2023-11-29,133.83,136.83,133.51,133.89,132.89,121.70,107.41,,,123.1338,1,125.3960,1,1059447,271706,8.8606,8.1395,0.7211,0
2023-11-30,134.51,134.92,132.49,134.32,133.46,123.82,108.04,,,123.1338,1,127.2259,1,488151,278794,8.6182,8.2352,0.3829,0
2023-12-01,134.19,137.87,134.19,137.41,134.40,126.01,108.78,,,124.5201,1,128.7630,1,454123,284196,8.5763,8.3034,0.2728,0
2023-12-04,136.61,139.23,136.57,137.91,134.74,127.35,109.55,,,126.7412,1,130.4021,1,235681,284199,8.4858,8.3399,0.1459,0
2023-12-05,136.57,137.55,135.23,136.51,135.08,128.67,110.29,,,126.7412,1,132.1676,1,196445,284567,8.2066,8.3132,-0.1067,0
2023-12-06,137.99,138.58,136.32,137.10,135.43,129.70,111.07,,,127.0103,1,133.5801,1,243222,286117,7.9414,8.2389,-0.2975,0
2023-12-07,137.49,141.93,137.19,141.69,136.10,131.04,111.93,,,128.7151,1,134.7100,1,295818,288673,8.0091,8.1929,-0.1838,0
2023-12-08,140.75,143.84,140.56,143.51,136.99,132.61,112.77,,,131.4556,1,136.1545,1,254407,290283,8.1164,8.1776,-0.0612,0
2023-12-11,144.00,147.89,143.89,146.31,138.22,134.07,113.67,,,134.9050,1,137.1881,1,302732,291745,8.3314,8.2084,0.1230,0
2023-12-12,144.35,145.50,141.43,142.90,139.15,135.37,114.51,,,134.9050,1,139.3284,1,261537,293077,8.1327,8.1932,-0.0606,0
2023-12-13,142.90,144.30,140.30,142.92,140.06,136.47,115.42,,,134.9050,1,147.8898,0,319171,295397,7.8859,8.1318,-0.2459,0
2023-12-14,143.79,146.29,143.11,144.82,141.11,137.28,116.34,,,134.9050,1,147.7379,0,324098,298428,7.7545,8.0563,-0.3018,0
2023-12-15,143.89,145.06,141.90,143.99,141.77,138.08,117.25,,,134.9050,1,147.5890,0,695526,309718,7.4971,7.9445,-0.4474,0
2023-12-18,144.62,146.65,143.89,146.44,142.62,138.68,118.20,,,134.9050,1,147.4431,0,275709,312311,7.4051,7.8366,-0.4315,0
2023-12-19,146.45,149.72,146.45,149.45,143.91,139.50,119.22,,,137.3617,1,140.2951,1,392285,316893,7.4887,7.7670,-0.2783,0
2023-12-20,149.21,152.65,146.24,146.43,144.85,140.14,120.15,,,137.8720,1,140.4836,1,436265,322479,7.2280,7.6592,-0.4312,0
2023-12-21,148.44,152.47,148.05,152.41,145.92,141.01,121.15,,,138.0275,1,140.9704,1,400315,326946,7.4182,7.6110,-0.1928,0
2023-12-22,152.76,153.47,151.58,153.19,146.89,141.94,122.19,,,140.9509,1,141.4378,1,301348,330172,7.5449,7.5978,-0.0529,0
2023-12-26,153.13,153.71,150.76,151.05,147.36,142.79,123.26,,,140.9509,1,142.1598,1,234396,331833,7.3874,7.5557,-0.1683,0
2023-12-27,151.24,151.93,149.63,151.15,148.18,143.67,124.31,,,140.9509,1,143.0838,1,217630,332943,7.1885,7.4823,-0.2938,0
2023-12-28,150.92,151.84,150.25,151.18,149.01,144.53,125.33,,,140.9509,1,143.9338,1,175766,333644,6.9531,7.3764,-0.4234,0
2023-12-29,151.95,153.04,149.28,149.71,149.50,145.30,126.38,,,140.9509,1,144.7158,1,198450,334309,6.5721,7.2156,-0.6434,0
2024-01-02,149.60,150.30,145.23,146.73,149.77,145.77,127.42,,,140.9509,1,153.7091,0,431092,338375,5.9604,6.9645,-1.0041,0
2024-01-03,144.61,146.44,142.92,143.01,149.43,146.02,128.44,,,140.9509,1,153.5394,0,595648,345193,5.1166,6.5949,-1.4784,0
2024-01-04,143.99,145.33,142.58,142.84,148.77,146.34,129.42,,,140.9509,1,153.1146,0,392404,348612,4.3838,6.1527,-1.7689,0
2024-01-05,142.31,145.53,142.31,144.32,148.56,146.70,130.38,,,140.9509,1,152.4827,0,231127,350842,3.8777,5.6977,-1.8200,0
2024-01-08,145.10,148.41,144.03,147.63,148.08,147.00,131.44,,,140.9509,1,151.6687,0,349338,355180,3.7014,5.2984,-1.5971,0
2024-01-09,146.58,151.07,146.54,150.64,147.83,147.36,132.58,,,140.9509,1,142.3071,1,319954,356149,3.7610,4.9910,-1.2299,0
2024-01-10,149.95,152.66,149.28,149.77,147.70,147.53,133.74,,,140.9509,1,142.4823,1,237903,357930,3.6957,4.7319,-1.0362,0
2024-01-11,149.48,151.00,148.22,149.13,147.50,147.84,134.85,,,140.9509,1,142.8896,1,245231,359184,3.5512,4.4958,-0.9446,0
2024-01-12,149.15,149.70,146.00,146.58,147.04,148.02,135.90,,,140.9509,1,143.2805,1,204532,360007,3.1938,4.2354,-1.0416,0
2024-01-16,145.32,147.30,144.70,146.62,146.73,148.11,136.99,,,140.9509,1,143.6558,1,199488,359878,2.8805,3.9644,-1.0839,0
2024-01-17,144.60,145.80,143.98,145.29,146.58,148.18,138.03,,,140.9509,1,152.6636,0,244150,355120,2.4960,3.6707,-1.1747,0
2024-01-18,146.79,147.74,144.19,146.92,146.97,148.20,138.74,,,140.9509,1,152.4900,0,324703,341195,2.2969,3.3959,-1.0991,0
2024-01-19,147.89,147.93,143.32,146.54,147.34,148.06,139.47,,,140.9509,1,152.3198,0,373520,340563,2.0841,3.1336,-1.0495,0
2024-01-22,147.43,147.85,143.29,143.67,147.28,147.92,140.02,,,140.9509,1,151.9600,0,365679,334726,1.6646,2.8398,-1.1752,0
2024-01-23,144.62,146.89,143.41,146.47,147.16,147.62,140.65,,,140.9509,1,151.4400,0,283798,333747,1.5404,2.5799,-1.0395,0
2024-01-24,147.95,148.91,145.83,146.54,146.75,147.29,141.34,,,140.9509,1,150.9512,0,193512,332600,1.4311,2.3501,-0.9190,0
2024-01-25,148.73,151.47,147.71,150.22,146.80,147.25,142.00,,,140.9509,1,143.2935,1,321749,332464,1.6226,2.2046,-0.5820,0
2024-01-26,150.51,151.44,149.64,149.85,146.87,147.18,142.66,,,140.9509,1,143.4570,1,258433,333530,1.7251,2.1087,-0.3836,0
2024-01-29,149.85,152.08,148.38,151.87,147.40,147.22,143.28,,,140.9509,1,143.6173,1,278950,333267,1.9470,2.0764,-0.1294,0
2024-01-30,151.43,151.70,147.97,149.65,147.70,147.21,143.70,,,140.9509,1,143.9559,1,305625,324546,1.9208,2.0453,-0.1244,0
2024-01-31,149.08,149.78,145.94,146.30,147.80,147.19,144.06,,,140.9509,1,144.2809,1,216547,321855,1.6117,1.9586,-0.3468,0
2024-02-01,146.95,149.69,144.76,149.45,148.06,147.51,144.36,,,140.9509,1,144.5929,1,297116,314672,1.6022,1.8873,-0.2851,0
2024-02-02,148.65,151.29,144.55,148.98,148.30,147.82,144.68,,,140.9509,1,152.0816,0,297463,313949,1.5394,1.8177,-0.2783,0
2024-02-05,147.90,150.25,145.52,149.64,148.90,148.09,145.00,,,140.9509,1,151.9309,0,288158,314787,1.5247,1.7591,-0.2344,0
2024-02-06,150.83,152.27,148.57,151.60,149.41,148.29,145.33,,,140.9509,1,144.5461,1,286758,315994,1.6523,1.7378,-0.0854,0
2024-02-07,152.94,154.63,149.02,152.27,149.98,148.37,145.69,,,140.9509,1,144.7006,1,355213,321125,1.7870,1.7476,0.0394,0
2024-02-08,154.36,157.86,152.70,157.29,150.69,148.74,146.15,,,142.2224,1,145.0976,1,1180142,341029,2.2727,1.8526,0.4200,0
2024-02-09,128.82,130.98,124.33,129.32,148.64,147.75,146.07,,,149.2981,0,157.8615,0,2423883,385293,0.3958,1.5613,-1.1654,0
2024-02-12,130.23,135.42,130.23,131.77,146.63,147.01,146.03,,,149.2981,0,157.8615,0,916790,382440,-0.8832,1.0724,-1.9556,0
2024-02-13,129.59,134.52,128.91,133.00,144.96,146.33,146.00,,,149.2981,0,157.1908,0,661714,385911,-1.7777,0.5024,-2.2800,0
2024-02-14,133.59,134.59,132.05,132.98,143.63,145.72,145.91,,,149.2981,0,156.5335,0,457889,385986,-2.4598,-0.0901,-2.3697,0
2024-02-15,134.14,137.81,134.03,136.64,142.35,145.20,145.89,,,149.2981,0,155.8894,0,514071,391554,-2.6742,-0.6069,-2.0673,0
2024-02-16,136.05,136.07,132.98,133.40,140.79,144.54,145.82,,,149.2981,0,155.2581,0,361172,394849,-3.0699,-1.0995,-1.9704,0
2024-02-20,131.85,134.92,131.62,134.13,139.24,144.07,145.76,,,149.2981,0,154.6395,0,332251,396629,-3.2866,-1.5369,-1.7497,0
2024-02-21,132.98,134.33,132.01,132.80,137.36,143.38,145.59,,,149.2981,0,154.0332,0,271932,396151,-3.5252,-1.9346,-1.5906,0
2024-02-22,134.14,137.39,133.75,137.20,135.85,142.92,145.46,,,149.2981,0,153.4391,0,375542,398574,-3.3211,-2.2119,-1.1092,0
2024-02-23,135.13,136.83,133.16,134.44,133.57,142.13,145.22,,,149.2981,0,152.8569,0,452530,401570,-3.3436,-2.4382,-0.9054,0
2024-02-26,134.44,135.25,132.65,133.10,133.95,141.29,145.03,,,148.8506,0,152.2862,0,361990,403579,-3.4293,-2.6364,-0.7929,0
2024-02-27,134.39,135.41,133.57,134.38,134.21,140.42,144.86,,,148.5952,0,151.7270,0,282030,402836,-3.3559,-2.7803,-0.5756,0
2024-02-28,133.66,135.44,133.48,133.68,134.27,139.62,144.63,,,147.7440,0,151.1790,0,257778,401510,-3.3160,-2.8875,-0.4286,0
2024-02-29,135.00,136.01,133.98,134.95,134.47,139.05,144.45,,,147.6545,0,150.6420,0,330037,394200,-3.1455,-2.9391,-0.2064,0
2024-03-01,134.44,135.92,134.36,134.97,134.30,138.33,144.22,,,146.9945,0,150.1157,0,252196,393730,-2.9745,-2.9462,-0.0283,0
2024-03-04,134.75,135.33,133.32,133.67,134.33,137.56,143.91,,,145.6036,0,149.5999,0,302142,391927,-2.9104,-2.9390,0.0286,0
2024-03-05,132.74,133.88,131.29,132.20,134.14,136.69,143.62,,,143.5133,0,149.0944,0,406232,391326,-2.9443,-2.9401,-0.0043,0
2024-03-06,133.24,133.59,130.43,130.69,133.93,135.64,143.19,,,142.7906,0,148.5991,0,312872,389578,-3.0577,-2.9636,-0.0941,0
2024-03-07,130.93,131.80,129.61,131.61,133.37,134.61,142.76,123.03,,141.0674,0,148.1136,0,262657,388804,-3.0385,-2.9786,-0.0599,0
2024-03-08,131.78,134.21,131.20,133.92,133.32,133.44,142.41,123.27,,141.0674,0,147.6379,0,252442,389165,-2.8040,-2.9437,0.1397,0
2024-03-11,133.32,135.41,133.32,135.06,133.51,133.73,142.09,123.49,,141.0674,0,147.1716,0,196029,388733,-2.4978,-2.8545,0.3567,0
2024-03-12,136.11,136.24,134.66,134.75,133.55,133.88,141.76,123.68,,141.0674,0,146.7147,0,220122,389620,-2.2538,-2.7343,0.4806,0
2024-03-13,132.96,135.34,131.99,133.47,133.53,133.90,141.44,123.85,,141.0674,0,146.2670,0,283279,391316,-2.1392,-2.6153,0.4761,0
2024-03-14,133.84,134.21,132.79,133.88,133.42,133.95,141.18,124.02,,141.0674,0,145.8282,0,253712,387769,-1.9921,-2.4907,0.4986,0
2024-03-15,133.07,133.45,130.70,131.64,133.09,133.70,140.95,124.17,,141.0232,0,145.3981,0,530463,386465,-2.0327,-2.3991,0.3664,0
2024-03-18,131.96,132.95,130.69,131.39,132.86,133.60,140.73,124.31,,140.5495,0,144.9767,0,224898,383115,-2.0618,-2.3316,0.2698,0
2024-03-19,131.36,133.77,130.89,133.71,133.01,133.57,140.51,124.46,,140.5495,0,144.5637,0,216679,382826,-1.8762,-2.2405,0.3644,0
2024-03-20,133.42,136.72,133.22,136.21,133.56,133.75,140.28,124.67,,140.5495,0,144.1589,0,263288,381105,-1.5095,-2.0943,0.5848,0
2024-03-21,137.05,137.10,134.47,134.53,133.86,133.61,139.96,124.86,,140.5495,0,143.7623,0,229313,379292,-1.3396,-1.9434,0.6038,0
2024-03-22,133.82,135.58,133.30,134.97,133.96,133.64,139.67,125.06,,140.5495,0,143.3736,0,170544,377945,-1.1558,-1.7859,0.6301,0
2024-03-25,135.30,136.37,134.91,135.43,134.00,133.75,139.39,125.26,,140.5495,0,142.9926,0,161051,376261,-0.9617,-1.6210,0.6594,0
2024-03-26,136.51,136.98,134.70,134.75,134.00,133.77,139.16,125.45,,140.5495,0,142.6193,0,344897,379069,-0.8529,-1.4674,0.6145,0
2024-03-27,135.99,137.23,134.76,137.09,134.36,133.94,138.96,125.65,,140.5495,0,142.2534,0,308711,381253,-0.5715,-1.2882,0.7167,0
2024-03-28,137.55,137.99,135.71,135.87,134.56,133.99,138.78,125.85,,140.5495,0,141.8949,0,286727,382105,-0.4420,-1.1190,0.6769,0
2024-04-01,135.67,135.85,131.09,131.40,134.53,133.81,138.47,126.03,,140.5495,0,141.5435,0,482510,385261,-0.6920,-1.0336,0.3416,0
2024-04-02,130.25,131.42,128.72,129.89,134.38,133.62,138.13,126.19,,138.5413,0,141.1992,0,303703,383864,-1.0004,-1.0269,0.0266,0
2024-04-03,129.17,130.46,127.78,128.77,133.89,133.45,137.84,126.34,,137.5518,0,140.8617,0,292337,382398,-1.3194,-1.0854,-0.2340,0
2024-04-04,130.05,132.56,128.66,128.91,133.16,133.36,137.48,126.47,,137.5518,0,140.5310,0,359438,383910,-1.5434,-1.1770,-0.3664,0
2024-04-05,129.26,130.51,128.64,129.99,132.71,133.28,137.15,126.62,,137.5518,0,140.2069,0,219668,384433,-1.6155,-1.2647,-0.3508,0
2024-04-08,129.83,131.67,129.72,130.35,132.25,133.10,136.76,126.78,,137.5518,0,139.8893,0,147094,380940,-1.6245,-1.3367,-0.2878,0
2024-04-09,130.98,131.54,129.95,131.45,131.85,132.92,136.39,126.94,,137.5518,0,139.5781,0,147756,378727,-1.5257,-1.3745,-0.1512,0
2024-04-10,130.33,132.37,129.16,129.60,131.33,132.67,135.94,127.07,,137.5518,0,139.2730,0,198532,377118,-1.5780,-1.4152,-0.1628,0
2024-04-11,130.33,132.40,129.77,131.40,130.76,132.56,135.58,127.24,,137.5518,0,138.9741,0,225568,375517,-1.4578,-1.4237,-0.0341,0
2024-04-12,130.11,131.16,128.60,128.68,130.04,132.30,135.22,127.40,,137.5518,0,138.6812,0,277384,376734,-1.5642,-1.4518,-0.1124,0
2024-04-15,129.70,131.31,126.34,126.89,129.59,132.06,134.77,127.52,,137.5518,0,138.3941,0,233191,375456,-1.7721,-1.5159,-0.2563,0
2024-04-16,126.89,128.49,126.24,127.18,129.32,131.85,134.34,127.66,,135.9400,0,138.1127,0,206085,373628,-1.8920,-1.5911,-0.3009,0
2024-04-17,128.40,129.08,126.49,126.97,129.14,131.52,133.88,127.78,,135.9400,0,137.8370,0,171494,371295,-1.9809,-1.6691,-0.3119,0
2024-04-18,127.74,128.04,126.09,126.55,128.90,131.03,133.38,127.93,,135.2931,0,137.5668,0,160670,368773,-2.0618,-1.7476,-0.3142,0
2024-04-19,127.05,128.16,126.28,127.24,128.63,130.67,132.88,128.07,,135.1931,0,137.3020,0,174279,365154,-2.0466,-1.8074,-0.2392,0
2024-04-22,127.73,129.83,126.29,129.79,128.57,130.41,132.33,128.23,,135.1931,0,137.0425,0,186700,345285,-1.8076,-1.8075,-0.0002,0
2024-04-23,130.72,133.46,130.32,133.17,128.75,130.30,132.41,128.43,,135.1931,0,136.7881,0,191755,300643,-1.3299,-1.7120,0.3820,0
2024-04-24,133.47,137.10,132.62,133.94,129.18,130.26,132.45,128.63,,135.1931,0,124.3264,1,241222,287131,-0.8791,-1.5454,0.6663,0
2024-04-25,132.69,135.07,132.19,134.39,129.48,130.12,132.48,128.84,,135.1931,0,124.5819,1,204593,277989,-0.4805,-1.3324,0.8519,0
2024-04-26,134.39,136.11,133.81,133.84,130.00,130.02,132.50,129.06,,135.1931,0,124.8322,1,191703,272665,-0.2060,-1.1071,0.9012,0
2024-04-29,134.43,135.20,133.05,134.79,130.79,130.19,132.46,129.30,,135.1931,0,125.0776,1,312323,268630,0.0870,-0.8683,0.9553,0
2024-04-30,134.63,135.62,132.44,132.79,131.35,130.33,132.45,129.52,,135.1931,0,125.3180,1,282211,267051,0.1558,-0.6635,0.8193,0
2024-05-01,131.12,133.48,128.66,131.32,131.78,130.46,132.39,129.74,,135.1931,0,125.5536,1,410750,268621,0.0907,-0.5126,0.6033,0
2024-05-02,133.29,134.81,130.94,134.23,132.55,130.73,132.42,129.98,,135.1931,0,125.7846,1,660622,276395,0.2708,-0.3559,0.6267,0
2024-05-03,120.64,121.06,113.57,113.75,131.20,129.92,131.95,130.06,,132.0220,0,137.0993,0,1609557,301075,-1.2246,-0.5297,-0.6950,0
2024-05-06,114.21,115.22,113.06,114.43,129.67,129.12,131.55,130.15,,128.0282,0,136.6287,0,524028,302505,-2.3280,-0.8893,-1.4387,0
2024-05-07,114.05,115.10,110.72,111.37,127.49,128.12,131.12,130.22,,126.7234,0,135.6860,0,507677,305419,-3.4107,-1.3936,-2.0171,0
2024-05-08,110.41,111.45,109.21,110.01,125.09,127.14,130.63,130.30,,123.4375,0,134.1878,0,406686,307912,-4.3278,-1.9805,-2.3474,0
2024-05-09,109.32,111.52,108.37,110.99,122.75,126.12,130.18,130.38,,122.6890,0,132.1892,0,504292,312842,-4.9192,-2.5682,-2.3510,0
2024-05-10,111.45,111.87,110.79,111.30,120.50,125.25,129.70,130.47,,122.6890,0,129.8071,0,367170,313585,-5.3020,-3.1150,-2.1871,0
2024-05-13,111.91,112.46,110.81,111.13,118.13,124.46,129.23,130.55,,122.6890,0,127.6631,0,321831,314978,-5.5549,-3.6030,-1.9520,0
2024-05-14,111.36,112.18,111.17,111.93,116.05,123.70,128.79,130.64,,121.9892,0,125.7336,0,254116,314017,-5.6261,-4.0076,-1.6185,0
2024-05-15,112.49,113.05,110.38,110.91,114.01,122.89,128.37,130.71,,121.7993,0,123.9970,0,251832,310929,-5.6987,-4.3458,-1.3529,0
2024-05-16,110.85,112.78,110.52,111.90,111.77,122.16,127.99,130.78,,121.3995,0,122.4341,0,251848,309709,-5.6120,-4.5990,-1.0130,0
2024-05-17,112.44,113.03,111.24,112.45,111.64,121.42,127.61,130.85,124.17,121.3995,0,121.0274,0,348266,311421,-5.4360,-4.7664,-0.6696,0
2024-05-20,112.33,112.99,111.08,112.76,111.47,120.57,127.18,130.95,124.25,120.9949,0,119.7614,0,344286,313258,-5.2119,-4.8555,-0.3563,0
2024-05-21,112.17,112.64,109.89,110.18,111.36,119.42,126.69,131.03,124.29,120.1859,0,118.6221,0,285553,315048,-5.1822,-4.9209,-0.2613,0
2024-05-22,109.68,110.99,109.54,110.54,111.41,118.25,126.20,131.10,124.31,118.7323,0,117.5966,0,179144,314229,-5.0715,-4.9510,-0.1205,0
2024-05-23,110.67,111.46,108.66,108.98,111.21,116.98,125.71,131.18,124.32,118.5239,0,116.6737,0,213445,312832,-5.0514,-4.9711,-0.0803,0
2024-05-24,109.48,109.85,108.75,108.80,110.96,115.73,125.21,131.27,124.32,117.2420,0,115.8431,0,135880,310475,-4.9922,-4.9753,-0.0169,0
2024-05-28,108.84,109.45,107.81,108.60,110.71,114.42,124.75,131.38,124.31,116.2712,0,115.0956,0,251667,304899,-4.9046,-4.9612,0.0565,0
2024-05-29,107.12,109.07,105.78,108.77,110.39,113.22,124.30,131.48,124.31,115.2890,0,114.2208,0,198636,304374,-4.7668,-4.9223,0.1555,0
2024-05-30,108.77,109.20,107.54,107.98,110.10,112.05,123.78,131.56,124.29,115.2890,0,113.0395,0,147612,302993,-4.6674,-4.8713,0.2039,0
2024-05-31,107.77,111.41,107.77,111.32,110.04,110.91,123.29,131.67,124.32,115.2890,0,112.0237,0,256474,302857,-4.2704,-4.7511,0.4807,0
2024-06-03,111.40,112.96,110.81,112.50,110.04,110.84,122.84,131.80,124.35,115.2890,0,105.7835,1,288903,304048,-3.8163,-4.5642,0.7479,0
2024-06-04,111.63,113.08,111.61,112.92,110.06,110.77,122.40,131.94,124.40,115.2890,0,105.9271,1,207238,304782,-3.3832,-4.3280,0.9448,0
2024-06-05,113.37,115.30,112.93,113.78,110.42,110.89,121.97,132.07,124.44,115.2890,0,106.2133,1,246305,306487,-2.9368,-4.0497,1.1129,0
2024-06-06,113.23,118.76,113.22,118.66,111.23,111.32,121.65,132.24,124.50,107.6711,1,106.7586,1,367042,306930,-2.1642,-3.6726,1.5084,0
2024-06-07,118.10,121.50,118.03,121.38,112.47,111.84,121.34,132.43,124.57,111.2373,1,107.7190,1,316904,307094,-1.3178,-3.2017,1.8839,0
2024-06-10,120.63,122.45,120.33,121.69,113.76,112.36,121.05,132.62,124.65,113.0813,1,109.0967,1,203589,305431,-0.6145,-2.6842,2.0697,0
2024-06-11,121.19,121.62,120.43,121.11,115.01,112.86,120.85,132.69,124.73,113.1686,1,110.6994,1,185867,299499,-0.1029,-2.1680,2.0651,0
2024-06-12,123.17,123.50,121.60,122.86,116.42,113.41,120.71,132.77,124.82,114.7623,1,112.1097,1,232877,298082,0.4384,-1.6467,2.0851,0
2024-06-13,122.53,122.96,120.82,121.73,117.80,113.95,120.56,132.81,124.89,114.7623,1,113.7041,1,186994,295975,0.7678,-1.1638,1.9316,0
2024-06-14,120.42,123.05,120.33,122.91,118.95,114.50,120.44,132.86,124.97,114.7623,1,115.0752,1,198454,292755,1.1107,-0.7089,1.8196,0
2024-06-17,122.71,123.05,121.04,122.37,119.94,114.99,120.29,132.93,125.04,114.7623,1,116.2544,1,203673,292436,1.3243,-0.3023,1.6265,0
2024-06-18,122.35,125.13,121.80,122.84,120.93,115.50,120.14,132.97,125.12,115.6832,1,117.2685,1,244696,294388,1.5134,0.0609,1.4526,0
2024-06-20,122.91,126.07,122.91,123.76,121.93,116.18,119.99,133.01,125.20,116.5164,1,118.5256,1,237973,296192,1.7184,0.3924,1.3260,0
2024-06-21,123.50,126.34,122.99,125.97,122.66,116.95,119.92,133.05,125.28,116.5164,1,119.8840,1,490355,302028,2.0356,0.7210,1.3146,0
2024-06-24,125.23,128.14,124.70,126.41,123.17,117.82,119.82,133.03,125.38,118.0263,1,121.1749,1,242492,302367,2.2956,1.0359,1.2596,0
2024-06-25,127.20,129.05,126.52,127.99,123.79,118.78,119.80,133.03,125.50,119.4340,1,122.5686,1,245921,301738,2.5990,1.3486,1.2504,0
2024-06-26,126.98,127.55,122.30,125.62,124.25,119.63,119.78,132.97,125.59,119.4340,1,129.0509,0,224039,301555,2.6183,1.6025,1.0158,0
2024-06-27,125.30,125.62,122.61,122.96,124.26,120.34,119.69,132.90,125.67,119.4340,1,129.0509,0,301528,303463,2.3911,1.7602,0.6309,0.00
2024-06-28,123.09,124.81,122.93,124.27,124.51,121.15,119.64,132.84,125.75,119.4340,1,128.9160,0,339278,306819,2.2905,1.8663,0.4242,0.00
2024-07-01,124.50,125.10,120.33,120.82,124.30,121.63,119.52,132.75,125.82,119.4340,1,128.7838,0,236180,308329,1.9109,1.8752,0.0358,0.00
2024-07-02,121.07,122.34,120.14,121.18,124.18,122.06,119.40,132.66,125.90,119.4340,1,128.4457,0,175518,308354,1.6201,1.8242,-0.2040,0.00
2024-07-03,121.94,122.67,121.18,122.55,124.15,122.54,119.26,132.58,125.99,119.4340,1,127.9476,0,105078,306722,1.4832,1.7560,-0.2728,0.00
2024-07-05,122.22,123.23,120.97,121.92,123.97,122.95,119.03,132.50,126.08,119.4340,1,127.4794,0,184451,306576,1.3087,1.6665,-0.3578,0.00
2024-07-08,122.79,124.46,122.45,123.78,123.75,123.21,118.83,132.44,126.18,119.4340,1,127.0393,0,187786,305507,1.3057,1.5944,-0.2886,0.00
2024-07-09,124.39,128.11,123.86,126.80,123.79,123.48,118.68,132.39,126.30,119.4340,1,120.1444,1,275350,306922,1.5293,1.5814,-0.0521,0.00
2024-07-10,127.31,128.26,126.07,127.76,123.77,123.78,118.56,132.32,126.44,119.4340,1,120.3038,1,218388,307456,1.7634,1.6178,0.1456,0.00
2024-07-11,127.25,128.78,125.35,126.96,123.90,124.07,118.40,132.25,126.57,119.4340,1,120.6221,1,186554,304940,1.8629,1.6668,0.1961,0.00
2024-07-12,127.43,130.13,127.11,129.89,124.59,124.42,118.34,132.20,126.73,119.7654,1,121.1119,1,191490,303126,2.1534,1.7641,0.3893,0.00
2024-07-15,130.06,132.09,128.78,130.71,125.24,124.87,118.33,132.16,126.89,121.4791,1,121.8330,1,200370,298918,2.4217,1.8956,0.5261,0.00
2024-07-16,131.19,139.66,131.18,137.79,126.93,125.62,118.40,132.14,127.08,124.6740,1,122.8586,1,531614,296338,3.1692,2.1503,1.0189,0.00
2024-07-17,136.86,137.00,132.36,133.69,128.18,126.18,118.80,132.07,127.25,124.6740,1,124.8752,1,238957,268926,3.3915,2.3986,0.9929,0.00
2024-07-18,133.69,135.85,131.61,131.69,129.10,126.63,119.14,131.97,127.40,124.6740,1,126.6498,1,181948,262085,3.3681,2.5925,0.7756,0.00
2024-07-19,132.65,134.71,132.04,134.02,130.31,127.14,119.60,131.91,127.56,124.6740,1,128.2115,1,191890,255769,3.4970,2.7734,0.7236,54.66
2024-07-22,132.99,134.45,130.81,132.62,131.19,127.47,120.05,131.85,127.74,124.6740,1,129.5858,1,220783,252051,3.4464,2.9080,0.5384,45.07
2024-07-23,133.01,134.35,130.71,130.86,131.60,127.69,120.45,131.75,127.90,124.6740,1,139.6638,0,202269,246010,3.2267,2.9717,0.2550,39.75
2024-07-24,129.84,130.05,125.46,126.73,131.50,127.63,120.76,131.64,128.04,124.6740,1,139.4847,0,267837,244024,2.6889,2.9152,-0.2263,36.02
2024-07-25,124.89,124.97,120.28,123.19,131.12,127.51,121.00,131.48,128.16,135.0501,0,138.9237,0,276316,243113,1.9544,2.7230,-0.7686,30.04
2024-07-26,124.96,125.45,123.48,124.15,130.55,127.57,121.24,131.31,128.29,135.0501,0,137.8053,0,181265,241656,1.4330,2.4650,-1.0320,21.96
2024-07-29,124.70,127.08,124.23,126.53,130.13,127.68,121.55,131.18,128.42,135.0501,0,136.7539,0,169535,240010,1.1978,2.2116,-1.0138,25.07
2024-07-30,126.87,127.94,125.92,126.77,129.03,127.98,121.85,131.01,128.55,135.0501,0,135.7656,0,177307,238520,1.0196,1.9732,-0.9536,23.57
2024-07-31,127.32,127.52,124.22,125.92,128.25,128.22,122.12,130.83,128.67,135.0501,0,134.8366,0,209545,235745,0.8006,1.7387,-0.9380,22.56
2024-08-01,125.07,125.37,118.42,119.82,127.06,128.08,122.26,130.62,128.78,133.9501,0,133.9634,0,329357,235447,0.1329,1.4175,-1.2846,29.16
2024-08-02,114.91,115.57,111.64,113.91,125.05,127.68,122.34,130.37,128.86,126.9076,0,132.7198,0,352372,236783,-0.8630,0.9614,-1.8244,24.70
2024-08-05,110.22,112.78,108.69,110.59,122.85,127.02,122.34,130.10,128.91,124.2724,0,130.6120,0,372373,240648,-1.8986,0.3894,-2.2880,31.02
2024-08-06,111.45,116.20,111.00,115.92,121.35,126.48,122.48,129.88,129.00,124.2724,0,127.9818,0,346972,243318,-2.2627,-0.1410,-2.1217,37.85
2024-08-07,113.43,114.58,109.56,111.69,119.85,125.67,122.53,129.64,129.09,124.2724,0,125.6671,0,344272,247486,-2.8597,-0.6848,-2.1750,30.68
2024-08-08,111.82,116.94,111.14,116.36,119.17,125.14,122.69,129.46,129.21,124.2724,0,123.6303,0,486496,252182,-2.9227,-1.1324,-1.7904,33.59
2024-08-09,128.22,129.51,123.78,128.23,119.57,125.06,123.08,129.37,129.38,109.4808,1,108.6932,1,792086,264051,-1.9914,-1.3042,-0.6873,53.03
2024-08-12,126.75,127.92,124.60,125.15,119.44,124.78,123.42,129.24,129.53,109.7191,1,109.1096,1,306769,267235,-1.4846,-1.3403,-0.1443,50.12
2024-08-13,126.67,128.91,125.70,128.79,119.64,124.33,123.77,129.11,129.70,111.2913,1,109.5177,1,243963,266984,-0.7802,-1.2282,0.4480,53.57
2024-08-14,129.23,130.67,125.87,127.27,119.77,124.01,124.07,128.96,129.86,112.4133,1,109.9176,1,365155,268509,-0.3415,-1.0509,0.7094,49.50
2024-08-15,128.47,131.05,127.94,130.41,120.83,123.95,124.42,128.83,130.06,114.0904,1,110.7477,1,207585,268516,0.2572,-0.7893,1.0465,50.43
2024-08-16,129.14,130.00,128.37,129.25,122.37,123.71,124.73,128.70,130.23,114.7076,1,111.9660,1,219571,267982,0.6305,-0.5053,1.1358,48.91
2024-08-19,130.15,133.79,129.78,133.61,124.67,123.76,125.02,128.61,130.43,117.3931,1,113.1112,1,210288,264847,1.2635,-0.1516,1.4151,56.64
2024-08-20,133.15,134.40,131.53,131.69,126.25,123.80,125.23,128.51,130.63,119.1497,1,114.7651,1,178036,262069,1.5924,0.1972,1.3952,52.91
2024-08-21,132.17,133.00,130.13,131.37,128.21,124.03,125.42,128.42,130.82,119.1497,1,116.7283,1,170457,261407,1.8060,0.5190,1.2870,50.97
2024-08-22,131.80,133.30,130.91,131.30,129.71,124.44,125.63,128.31,130.92,119.4219,1,118.4952,1,141839,260526,1.9473,0.8046,1.1426,54.38
2024-08-23,132.56,137.00,132.08,136.24,130.51,125.04,125.90,128.24,131.05,121.4160,1,120.0853,1,180066,259470,2.4299,1.1297,1.3002,56.40
2024-08-26,136.24,137.77,135.12,135.25,131.52,125.48,126.17,128.19,131.15,123.8360,1,122.1152,1,174211,259214,2.7009,1.4439,1.2570,54.62
2024-08-27,134.82,139.85,134.50,138.87,132.53,126.08,126.49,128.14,131.27,124.2199,1,124.3069,1,240895,260063,3.1720,1.7896,1.3825,62.30
2024-08-28,137.89,138.59,136.89,137.81,133.58,126.68,126.79,128.08,131.39,125.4876,1,126.7939,1,172848,259446,3.4200,2.1156,1.3043,60.34
2024-08-29,139.07,140.47,138.03,138.98,134.44,127.64,127.12,128.00,131.50,127.4231,1,128.8831,1,177998,258112,3.6689,2.4263,1.2426,59.73
2024-08-30,140.29,140.29,136.50,137.19,135.23,128.80,127.39,127.92,131.61,127.4231,1,130.9692,1,279334,258940,3.6789,2.6768,1.0021,52.64
2024-09-03,136.67,137.73,134.02,134.87,135.36,130.01,127.56,127.81,131.67,127.4231,1,132.6798,1,209499,253323,3.4600,2.8334,0.6265,54.07
2024-09-04,134.34,135.84,132.90,133.08,135.50,130.87,127.70,127.70,131.70,127.4231,1,140.4726,0,143703,251347,3.1058,2.8879,0.2179,48.51
2024-09-05,132.17,135.79,131.74,133.34,135.69,131.95,127.80,127.61,131.72,127.4231,1,140.3211,0,181249,250053,2.8141,2.8732,-0.0590,47.56
2024-09-06,133.31,135.01,129.92,130.45,135.61,132.66,127.90,127.48,131.70,127.4231,1,139.9780,0,163209,248837,2.3230,2.7631,-0.4401,45.85
2024-09-09,131.17,132.64,130.05,131.04,135.09,132.80,128.06,127.36,131.69,127.4231,1,139.3744,0,172585,246258,1.9590,2.6023,-0.6433,46.32
2024-09-10,131.88,131.88,127.40,129.31,134.49,133.01,128.16,127.23,131.67,127.4231,1,138.8071,0,171898,242910,1.5130,2.3844,-0.8715,44.03
2024-09-11,128.83,129.14,124.73,128.05,133.41,132.97,128.31,127.07,131.64,127.4231,1,137.8948,0,192798,242043,1.0463,2.1168,-1.0705,42.06
2024-09-12,128.69,131.03,128.17,130.41,132.67,133.13,128.49,126.93,131.62,127.4231,1,136.5784,0,137059,241274,0.8569,1.8648,-1.0079,41.11
2024-09-13,131.68,134.01,131.16,133.91,132.17,133.30,128.72,126.77,131.62,127.4231,1,135.3937,0,144867,242069,0.9780,1.6875,-0.7094,43.82
2024-09-16,134.69,135.54,132.98,133.93,131.84,133.54,128.96,126.80,131.62,127.4231,1,124.7308,1,107641,240533,1.0633,1.5626,-0.4993,42.08
2024-09-17,134.34,137.87,133.94,136.52,132.00,133.68,129.21,126.83,131.63,127.4231,1,124.9470,1,243311,241644,1.3242,1.5150,-0.1907,44.23
2024-09-18,135.56,138.98,134.99,137.75,132.47,133.98,129.43,126.86,131.65,127.4231,1,125.4639,1,183709,239811,1.6119,1.5343,0.0775,45.74
2024-09-19,140.76,143.13,139.66,140.59,133.20,134.45,129.69,126.91,131.66,129.6432,1,126.2751,1,233823,240119,2.0455,1.6366,0.4089,46.03
2024-09-20,140.59,142.21,139.70,142.07,134.36,134.98,129.99,126.95,131.68,129.6432,1,127.6231,1,381389,244016,2.4799,1.8052,0.6747,49.44
2024-09-23,142.06,142.51,140.47,142.07,135.46,135.28,130.24,127.01,131.71,130.6857,1,128.8633,1,141130,243009,2.7920,2.0026,0.7894,51.92
2024-09-24,143.02,145.97,142.51,145.90,137.12,135.81,130.54,127.09,131.76,133.3446,1,130.0043,1,219957,243401,3.3100,2.2641,1.0459,60.62
2024-09-25,143.64,144.59,142.23,143.50,138.67,136.04,130.65,127.16,131.77,133.3446,1,131.6005,1,253807,237845,3.4869,2.5086,0.9783,57.68
2024-09-26,145.55,147.41,144.56,146.45,140.27,136.47,130.91,127.22,131.78,134.9932,1,133.0371,1,191554,236897,3.8210,2.7711,1.0499,60.31
2024-09-27,147.46,148.84,145.68,147.05,141.58,136.87,131.22,127.30,131.78,136.4224,1,134.7614,1,141457,236087,4.0873,3.0343,1.0529,59.07
2024-09-30,146.70,146.73,144.31,146.00,142.79,137.31,131.46,127.39,131.80,136.4224,1,136.7320,1,154207,235333,4.1651,3.2605,0.9046,57.87
2024-10-01,146.00,146.05,142.09,144.47,143.58,137.79,131.69,127.46,131.81,136.4224,1,138.4266,1,136261,233643,4.0566,3.4197,0.6369,58.18
2024-10-02,143.13,145.85,142.79,145.74,144.38,138.43,131.99,127.54,131.81,136.4224,1,139.8840,1,125433,232106,4.0269,3.5412,0.4858,59.57
2024-10-03,144.28,145.06,141.89,144.83,144.81,139.00,132.35,127.60,131.82,136.4224,1,141.1374,1,203183,230813,3.8854,3.6100,0.2754,56.09
2024-10-04,147.56,149.54,147.30,148.66,145.47,139.91,132.86,127.69,131.83,137.4211,1,141.8929,1,187677,229040,4.0355,3.6951,0.3404,61.70
2024-10-07,148.18,150.59,147.41,148.94,146.15,140.81,133.36,127.80,131.82,138.1469,1,141.8929,1,165858,228732,4.1291,3.7819,0.3472,66.39
2024-10-08,149.29,151.73,148.96,149.87,146.55,141.84,133.82,127.91,131.84,139.7411,1,143.4588,1,246524,230272,4.2302,3.8716,0.3586,65.23
2024-10-09,149.46,151.19,146.49,150.70,147.27,142.97,134.30,128.05,131.83,139.7411,1,145.1123,1,254915,231824,4.3273,3.9627,0.3646,65.69
2024-10-10,150.12,150.80,147.52,148.80,147.51,143.89,134.76,128.16,131.81,139.7411,1,146.4352,1,177728,231187,4.2022,4.0106,0.1916,61.98
2024-10-11,149.06,149.94,147.81,148.44,147.64,144.61,135.33,128.26,131.80,139.7411,1,146.4892,1,184062,228282,4.0279,4.0141,0.0138,61.06
2024-10-14,148.88,149.16,147.19,148.35,147.88,145.33,136.02,128.35,131.78,139.7411,1,151.7266,0,197955,225193,3.8384,3.9789,-0.1405,59.39
2024-10-15,148.28,150.48,148.23,149.13,148.35,145.97,136.79,128.44,131.77,139.7411,1,151.6358,0,145228,220650,3.7084,3.9248,-0.2165,57.92
2024-10-16,149.37,150.07,148.08,148.78,148.65,146.52,137.45,128.55,131.77,139.8095,1,151.5469,0,190149,217514,3.5359,3.8470,-0.3111,56.11
2024-10-17,158.32,159.67,153.35,155.85,149.75,147.28,138.33,128.69,131.81,144.9060,1,147.1895,1,820009,227029,3.9246,3.8625,0.0621,67.82
2024-10-18,156.85,158.28,154.53,157.43,150.63,148.05,139.15,128.86,131.89,144.9060,1,147.4390,1,288655,223072,4.3103,3.9521,0.3582,71.49
2024-10-21,157.81,162.40,157.35,160.94,151.83,148.99,139.81,129.06,131.98,147.9473,1,147.6836,1,298373,213197,4.8435,4.1304,0.7131,73.19
2024-10-22,160.77,160.94,158.27,158.99,152.74,149.65,140.48,129.23,132.05,148.0668,1,148.2722,1,184675,210756,5.0503,4.3144,0.7359,71.99
2024-10-23,158.01,159.41,154.60,156.19,153.29,150.28,141.03,129.36,132.09,148.0668,1,148.8372,1,158027,209037,4.9320,4.4379,0.4941,65.54
2024-10-24,156.80,158.38,155.91,158.26,154.24,150.87,141.65,129.52,132.13,148.0668,1,149.3797,1,121894,204172,4.9476,4.5398,0.4078,67.86
2024-10-25,158.32,158.80,155.90,156.22,155.01,151.33,142.17,129.66,132.16,148.0668,1,149.9004,1,154129,203103,4.7414,4.5801,0.1612,74.00
2024-10-28,156.72,157.35,154.46,155.84,155.76,151.82,142.70,129.80,132.20,148.0668,1,150.4004,1,150606,201723,4.4951,4.5631,-0.0681,71.85
2024-10-29,155.06,158.24,155.06,156.69,156.52,152.43,143.16,129.95,132.25,148.0668,1,150.8803,1,219449,201906,4.3185,4.5142,-0.1957,79.58
2024-10-30,156.50,159.55,155.92,158.95,157.54,153.09,143.71,130.09,132.31,148.0668,1,151.3410,1,217375,202693,4.3112,4.4736,-0.1624,82.09
2024-10-31,159.59,159.88,151.89,154.17,157.37,153.56,144.16,130.21,132.35,148.0668,1,151.7833,1,355308,206390,3.8755,4.3540,-0.4785,75.87
2024-11-01,154.24,157.94,153.89,157.22,157.35,153.99,144.68,130.39,132.41,148.0668,1,151.8942,1,193225,207418,3.7331,4.2298,-0.4967,79.97
2024-11-04,157.03,159.33,156.38,158.91,157.14,154.49,145.14,130.58,132.47,148.0668,1,151.8942,1,173999,207297,3.7135,4.1266,-0.4130,79.32
2024-11-05,159.50,164.33,158.91,162.62,157.51,155.12,145.68,130.80,132.56,149.4082,1,152.3144,1,293271,209678,3.9517,4.0916,-0.1399,75.69
2024-11-06,166.85,171.24,166.15,169.50,158.84,156.06,146.30,131.07,132.68,155.1151,1,153.0355,1,403349,212927,4.6425,4.2018,0.4407,74.91
2024-11-07,168.90,172.04,168.61,171.75,160.19,157.21,146.97,131.35,132.80,157.0783,1,154.4915,1,508164,219633,5.3102,4.4235,0.8867,75.80
2024-11-08,178.58,187.80,177.49,178.29,162.39,158.70,147.76,131.67,132.94,165.9078,1,156.2459,1,880572,233685,6.2945,4.7977,1.4968,80.20
2024-11-11,180.13,185.05,177.56,181.80,164.99,160.38,148.65,132.01,133.10,165.9078,1,160.0319,1,375515,235608,7.2740,5.2929,1.9811,80.36
2024-11-12,179.33,182.64,177.32,179.51,167.27,161.89,149.55,132.34,133.24,165.9078,1,163.3637,1,314805,237714,7.7760,5.7895,1.9864,81.87
2024-11-13,180.03,180.79,176.66,177.86,169.16,163.35,150.44,132.65,133.38,165.9078,1,166.2956,1,250857,239858,7.9493,6.2215,1.7278,80.95
2024-11-14,178.03,181.15,178.03,179.77,171.72,164.54,151.37,132.99,133.55,165.9078,1,168.8757,1,218420,240601,8.1463,6.6064,1.5399,83.31
2024-11-15,177.56,179.49,175.16,178.87,173.89,165.62,152.34,133.34,133.70,165.9078,1,171.1462,1,400620,245349,8.1362,6.9124,1.2238,85.01
2024-11-18,177.71,178.53,176.01,177.93,175.79,166.47,153.28,133.68,133.84,165.9078,1,173.1443,1,231417,246526,7.9609,7.1221,0.8388,84.39
2024-11-19,175.59,175.97,173.22,174.64,176.99,167.25,154.18,133.99,133.97,165.9078,1,187.7965,0,197723,247042,7.4700,7.1917,0.2783,80.72
2024-11-20,175.34,177.05,174.39,176.65,177.71,168.27,155.15,134.33,134.09,165.9078,1,187.5050,0,200950,247205,7.1608,7.1855,-0.0247,82.81
2024-11-21,177.54,181.29,175.98,181.00,178.63,169.41,156.17,134.69,134.24,165.9078,1,187.2192,0,181069,248086,7.1839,7.1852,-0.0013,82.00
2024-11-22,182.25,184.36,181.75,182.39,179.04,170.72,157.14,135.04,134.36,169.0511,1,186.9392,0,224789,249684,7.2310,7.1943,0.0367,80.30
2024-11-25,184.44,185.86,181.41,181.56,179.02,172.00,158.09,135.36,134.62,169.6912,1,186.6648,0,333277,254197,7.1195,7.1794,-0.0599,77.48
2024-11-26,181.57,183.98,180.70,183.73,179.44,173.36,159.03,135.69,134.88,169.6912,1,186.3959,0,184715,253025,7.1241,7.1683,-0.0442,80.64
2024-11-27,185.16,185.17,182.09,182.39,179.89,174.53,159.93,136.01,135.13,170.5252,1,186.1323,0,158236,252515,6.9395,7.1226,-0.1831,79.26
2024-11-29,183.05,183.80,181.89,182.10,180.13,175.92,160.76,136.33,135.37,170.5252,1,185.8741,0,128329,250406,6.6922,7.0365,-0.3443,78.37
2024-12-02,182.19,184.84,180.62,182.48,180.49,177.19,161.56,136.65,135.60,170.5252,1,185.6210,0,215222,247082,6.4528,6.9197,-0.4669,77.63
2024-12-03,183.19,184.12,180.79,181.18,180.81,178.30,162.35,136.97,135.84,170.5252,1,185.3729,0,114898,246558,6.0879,6.7534,-0.6655,77.87
2024-12-04,180.12,185.93,180.07,185.73,181.92,179.46,163.14,137.34,136.10,170.5252,1,173.2186,1,175232,245663,6.0953,6.6218,-0.5264,80.57
2024-12-05,186.09,189.65,184.79,188.40,183.10,180.40,164.04,137.70,136.38,174.3334,1,173.4729,1,206749,244722,6.2449,6.5464,-0.3015,83.00
2024-12-06,188.47,189.37,186.89,188.11,183.81,181.22,164.87,138.19,136.63,175.7887,1,174.1200,1,215704,245205,6.2681,6.4907,-0.2226,82.07
2024-12-09,187.20,189.71,185.95,186.93,184.26,181.65,165.67,138.68,136.90,175.7887,1,174.7412,1,172710,245830,6.1205,6.4167,-0.2962,83.11
2024-12-10,188.30,189.32,185.14,185.83,184.69,181.85,166.47,139.17,137.16,175.7887,1,175.6394,1,200110,246748,5.8477,6.3029,-0.4552,82.73
2024-12-11,186.17,188.69,186.17,187.69,185.08,182.26,167.33,139.69,137.43,175.7887,1,176.4836,1,169016,247403,5.7153,6.1854,-0.4701,82.15
2024-12-12,187.13,188.02,181.95,182.04,185.05,182.47,168.06,140.16,137.67,175.7887,1,177.2772,1,228005,249455,5.0955,5.9674,-0.8719,78.53
2024-12-13,181.70,182.45,179.75,180.50,184.89,182.51,168.77,140.63,137.90,175.7887,1,178.0231,1,159539,248582,4.4292,5.6598,-1.2306,77.88
2024-12-16,178.90,181.43,175.58,180.09,184.65,182.57,169.40,141.09,138.12,175.7887,1,189.7100,0,208865,249005,3.8244,5.2927,-1.4683,76.92
2024-12-17,179.17,179.59,177.02,178.17,184.35,182.58,169.98,141.53,138.34,175.7887,1,189.4273,0,210915,249907,3.1535,4.8649,-1.7113,77.46
2024-12-18,184.53,184.61,173.65,173.82,183.16,182.54,170.46,141.95,138.55,190.5986,0,189.1503,0,377802,252532,2.2450,4.3409,-2.0959,80.16
2024-12-19,176.55,178.18,174.37,176.96,182.01,182.55,170.99,142.38,138.78,190.5021,0,188.5304,0,268200,252798,1.7578,3.8243,-2.0665,81.24
2024-12-20,174.95,182.98,174.95,182.22,181.42,182.62,171.66,142.85,139.04,190.5021,0,187.9353,0,763904,264521,1.7762,3.4147,-1.6384,83.28
2024-12-23,183.69,186.88,180.87,186.26,181.36,182.81,172.41,143.34,139.30,190.5021,0,187.3640,0,275990,266360,2.0922,3.1502,-1.0579,83.90
2024-12-24,186.67,187.64,185.68,187.09,181.48,183.09,173.19,143.85,139.56,190.5021,0,173.6526,1,69461,263790,2.3821,2.9965,-0.6145,83.59
2024-12-26,187.13,187.69,185.92,187.52,181.47,183.27,173.96,144.36,139.82,190.5021,0,173.9323,1,167211,264230,2.6166,2.9206,-0.3040,83.51
2024-12-27,185.24,187.50,182.17,183.57,181.62,183.33,174.65,144.86,140.07,190.5021,0,174.4825,1,259623,265619,2.4550,2.8275,-0.3724,82.55
2024-12-30,180.50,184.30,180.12,183.94,181.96,183.43,175.21,145.36,140.32,190.5021,0,175.0108,1,292416,255067,2.3304,2.7280,-0.3977,82.24
2024-12-31,184.59,186.97,183.52,183.78,182.33,183.49,175.74,145.86,140.58,190.5021,0,175.5179,1,198926,253273,2.1936,2.6211,-0.4276,82.55
2025-01-02,184.82,185.33,180.50,182.80,182.79,183.57,176.18,146.35,140.84,190.5021,0,176.0047,1,170337,250712,1.9827,2.4935,-0.5108,82.28
2025-01-03,183.07,184.53,181.79,183.55,183.77,183.46,176.67,146.86,141.09,190.5021,0,176.4720,1,168002,250379,1.8547,2.3657,-0.5110,80.71
2025-01-06,185.43,185.43,180.25,182.46,184.32,183.17,177.19,147.33,141.32,190.5021,0,176.9206,1,249071,252199,1.6467,2.2219,-0.5752,80.51
2025-01-07,182.13,184.38,178.58,179.84,184.08,182.75,177.63,147.78,141.55,190.5021,0,177.3513,1,212396,254010,1.2557,2.0287,-0.7730,79.12
2025-01-08,178.49,180.78,177.54,180.12,183.47,182.41,178.10,148.23,141.77,190.5021,0,187.6880,0,171827,254363,0.9579,1.8145,-0.8566,79.98
2025-01-10,179.77,179.77,176.88,177.74,182.53,182.01,178.54,148.66,141.98,190.5021,0,187.4850,0,268246,256716,0.5232,1.5562,-1.0330,81.45
2025-01-13,176.75,178.85,174.98,178.82,181.66,181.56,178.98,149.06,142.21,189.6864,0,187.0608,0,199321,256314,0.2632,1.2976,-1.0344,81.39
2025-01-14,179.51,182.32,179.02,180.69,181.37,181.50,179.42,149.45,142.42,189.6864,0,186.3362,0,186396,255694,0.2053,1.0792,-0.8739,81.39
2025-01-15,183.97,184.58,182.97,183.97,181.38,181.67,180.02,149.87,142.66,189.6864,0,185.6550,0,238540,253359,0.4195,0.9472,-0.5277,81.85
2025-01-16,183.48,186.37,182.39,186.09,181.61,181.97,180.59,150.30,142.94,189.6864,0,174.9841,1,180746,253109,0.7518,0.9081,-0.1564,81.00
2025-01-17,187.40,188.50,183.12,184.72,181.80,182.30,181.11,150.71,143.21,189.6864,0,175.2118,1,357667,256783,0.8941,0.9053,-0.0112,79.90
2025-01-21,186.46,186.91,176.36,178.92,181.34,182.55,181.43,151.09,143.46,189.6864,0,175.7432,1,368859,258294,0.5328,0.8308,-0.2980,73.60
2025-01-22,179.31,179.86,170.48,171.28,180.22,182.27,181.47,151.42,143.67,189.6864,0,188.4968,0,529650,260820,-0.3661,0.5914,-0.9575,67.63
2025-01-23,171.09,178.30,165.86,174.47,179.68,181.88,181.52,151.76,143.90,189.6864,0,188.1364,0,659517,263847,-0.8113,0.3109,-1.1222,70.06
2025-01-24,174.48,174.77,166.91,168.89,178.56,181.01,181.34,152.07,144.09,189.5229,0,187.2454,0,377271,253781,-1.5961,-0.0705,-1.5256,70.18
2025-01-27,168.38,172.04,166.10,166.80,177.46,180.00,181.04,152.36,144.27,187.6651,0,186.3900,0,305835,252388,-2.3597,-0.5283,-1.8313,70.57
2025-01-28,167.95,170.51,165.47,169.42,176.52,179.09,180.84,152.65,144.46,186.2373,0,185.5688,0,257466,251241,-2.7217,-0.9670,-1.7547,79.77
2025-01-29,169.39,169.39,166.08,168.93,175.35,178.36,180.66,152.93,144.65,185.1637,0,184.3626,0,232191,250868,-3.0137,-1.3764,-1.6373,79.27
2025-01-30,170.46,171.28,167.88,169.60,173.91,177.64,180.45,153.21,144.86,185.1637,0,183.2289,0,310456,252708,-3.1546,-1.7320,-1.4226,76.58
2025-01-31,169.32,171.01,167.78,168.61,172.16,176.88,180.25,153.50,145.07,185.1637,0,182.1631,0,290820,250512,-3.3077,-2.0471,-1.2606,78.74
2025-02-03,162.96,169.22,162.96,167.30,170.42,176.11,180.04,153.79,145.27,182.3725,0,181.1613,0,299769,251879,-3.4946,-2.3366,-1.1580,77.55
2025-02-04,167.04,167.95,165.08,166.17,169.15,175.24,179.87,154.07,145.46,182.0296,0,179.7052,0,279963,253524,-3.6918,-2.6077,-1.0841,71.95
2025-02-05,168.27,169.98,165.70,167.41,168.76,174.49,179.68,154.38,145.67,182.0296,0,178.3657,0,286318,255232,-3.7050,-2.8271,-0.8778,71.95
2025-02-06,167.32,173.01,167.27,170.21,168.33,174.01,179.47,154.71,145.88,182.0296,0,177.1333,0,674369,265098,-3.4497,-2.9516,-0.4980,73.79
2025-02-07,192.06,202.32,191.41,199.60,171.40,174.98,179.81,155.22,146.23,173.3302,1,162.9608,1,1898939,298581,-0.8656,-2.5344,1.6688,88.31
2025-02-10,201.70,204.89,197.31,200.22,174.75,176.11,180.18,155.74,146.57,177.6520,1,163.7479,1,647144,304858,1.2184,-1.7839,3.0022,88.27
2025-02-11,198.07,199.75,192.73,194.49,177.25,176.89,180.40,156.21,146.87,177.6520,1,165.3936,1,711797,315400,2.3801,-0.9511,3.3312,87.62
2025-02-12,194.85,201.00,193.31,199.84,180.35,177.85,180.75,156.70,147.20,177.6520,1,166.9734,1,436260,320960,3.6896,-0.0229,3.7125,89.04
2025-02-13,201.21,201.25,198.07,200.42,183.43,178.67,181.11,157.19,147.53,177.7154,1,168.4901,1,346659,325327,4.7199,0.9256,3.7943,88.88
2025-02-14,202.20,202.25,198.42,199.61,186.53,179.35,181.46,157.67,147.85,179.4327,1,169.9460,1,265644,326335,5.4089,1.8223,3.5866,88.58
2025-02-18,197.85,201.51,197.40,201.42,189.94,180.18,181.86,158.15,148.20,179.4327,1,171.3438,1,319405,330425,6.0310,2.6640,3.3670,88.38
2025-02-19,200.92,204.44,197.61,203.70,193.69,181.42,182.22,158.63,148.56,180.9386,1,172.6856,1,401083,334942,6.6314,3.4575,3.1739,89.65
2025-02-20,203.18,203.95,198.30,202.33,197.19,182.97,182.50,159.06,148.90,181.3552,1,173.9738,1,300469,336817,6.9177,4.1496,2.7682,90.23
2025-02-21,203.94,204.58,190.23,194.12,199.58,183.95,182.62,159.47,149.30,181.3552,1,175.2104,1,503755,342578,6.4078,4.6012,1.8066,89.15
2025-02-24,196.04,198.03,192.65,197.24,199.34,185.37,182.83,159.90,149.71,181.3552,1,176.3976,1,525061,349625,6.1838,4.9177,1.2661,90.30
2025-02-25,197.26,198.74,193.68,197.03,199.02,186.88,183.05,160.32,150.14,181.3552,1,177.5372,1,498361,355590,5.9214,5.1185,0.8029,90.23
2025-02-26,199.24,201.36,195.44,196.81,199.25,188.25,183.23,160.75,150.58,181.3552,1,178.6313,1,303401,358277,5.6310,5.2210,0.4100,90.12
2025-02-27,197.00,198.25,190.67,190.90,198.36,189.35,183.41,161.15,150.98,181.3552,1,179.6817,1,279312,359303,4.8680,5.1504,-0.2824,88.73
2025-02-28,191.10,195.27,190.16,195.25,197.84,190.63,183.70,161.61,151.40,181.3552,1,180.6900,1,333820,362789,4.5617,5.0326,-0.4709,89.42
2025-03-03,195.77,197.26,189.68,190.85,196.97,191.75,183.92,162.06,151.79,181.3552,1,181.6580,1,402577,366663,3.9188,4.8099,-0.8910,89.16
2025-03-04,188.23,189.92,181.04,186.12,195.44,192.69,184.08,162.47,152.17,181.3552,1,204.8895,0,575158,373948,2.9928,4.4465,-1.4536,88.43
2025-03-05,187.11,189.60,185.20,188.38,193.90,193.80,184.37,162.89,152.55,181.3552,1,204.4126,0,272963,371851,2.4134,4.0399,-1.6264,88.20
2025-03-06,184.50,187.42,181.20,181.93,191.86,194.52,184.47,163.25,152.90,181.3552,1,203.9451,0,299942,372486,1.4179,3.5155,-2.0976,87.39
2025-03-07,183.39,183.90,177.09,182.19,190.67,195.12,184.47,163.63,153.25,181.3552,1,203.4870,0,416383,365536,0.6422,2.9408,-2.2986,86.97
2025-03-10,178.72,178.72,171.78,174.55,188.40,193.87,184.23,163.99,153.56,196.9478,0,202.4312,0,335787,366732,-0.5823,2.2362,-2.8185,85.52
2025-03-11,169.87,169.87,157.60,161.85,184.88,191.95,183.73,164.31,153.82,188.3438,0,200.5923,0,1090198,387147,-2.5482,1.2793,-3.8275,75.74
2025-03-12,164.26,164.26,157.75,160.63,181.27,190.26,183.19,164.65,154.07,185.1088,0,197.1529,0,420894,392220,-4.1564,0.1922,-4.3486,73.94
2025-03-13,160.14,161.24,154.75,155.29,177.71,188.03,182.63,164.91,154.30,181.6339,0,193.9887,0,340457,393837,-5.7955,-1.0054,-4.7902,67.02
2025-03-14,158.64,161.21,157.40,160.23,174.20,186.02,182.15,165.23,154.56,181.6339,0,190.0651,0,304670,394082,-6.6195,-2.1282,-4.4913,70.36
2025-03-17,162.38,165.85,160.93,164.43,171.56,184.26,181.76,165.55,154.84,181.6339,0,186.5339,0,328411,396672,-6.8545,-3.0735,-3.7811,72.74
2025-03-18,164.58,167.28,162.24,163.24,169.27,182.35,181.37,165.79,155.11,181.6339,0,183.3559,0,308816,399441,-7.0552,-3.8698,-3.1854,73.39
2025-03-19,163.46,172.96,163.46,170.48,167.48,180.69,181.11,166.09,155.42,181.6339,0,180.4956,0,382888,403739,-6.5548,-4.4068,-2.1480,79.33
2025-03-20,168.83,174.23,168.83,171.08,166.40,179.13,180.88,166.37,155.72,181.6339,0,177.9214,0,416230,407082,-6.0400,-4.7334,-1.3066,79.29
2025-03-21,170.15,172.38,168.09,171.79,165.36,178.01,180.72,166.67,156.02,181.6339,0,175.6045,0,767614,418186,-5.5110,-4.8890,-0.6221,80.40
2025-03-24,175.50,176.49,172.56,176.22,165.52,176.96,180.65,166.97,156.33,181.6339,0,154.7532,1,347416,421698,-4.6806,-4.8473,0.1667,80.14
2025-03-25,176.36,177.61,172.29,174.81,166.82,175.85,180.59,167.28,156.64,181.6339,0,155.1879,1,321991,422773,-4.0894,-4.6957,0.6063,78.27
2025-03-26,174.93,176.43,170.38,171.42,167.90,174.58,180.44,167.53,156.90,181.6339,0,156.0850,1,273829,424263,-3.8500,-4.5266,0.6766,76.66
2025-03-27,170.34,170.63,163.14,167.11,169.08,173.39,180.17,167.76,157.13,181.6339,0,156.9462,1,375217,428040,-3.9623,-4.4137,0.4514,71.61
2025-03-28,165.94,168.51,163.78,166.15,169.67,171.94,179.81,168.00,157.35,181.6339,0,157.7729,1,303790,429345,-4.0817,-4.3473,0.2656,71.97
2025-03-31,163.51,166.49,158.89,166.15,169.85,170.70,179.41,168.23,157.58,181.6339,0,158.5666,1,404331,433816,-4.1287,-4.3036,0.1749,71.56
2025-04-01,164.49,166.09,160.78,165.75,170.10,169.68,179.03,168.43,157.79,181.6339,0,158.8946,1,389835,434460,-4.1500,-4.2729,0.1229,71.52
2025-04-02,163.64,167.24,163.28,165.90,169.64,168.56,178.77,168.63,158.01,181.6339,0,158.8946,1,321584,433514,-4.1076,-4.2398,0.1322,69.07
2025-04-03,157.11,158.20,150.42,150.60,167.59,166.99,178.36,168.71,158.15,175.8292,0,177.6148,0,518195,433285,-5.2481,-4.4415,-0.8066,60.00
2025-04-04,143.29,145.05,137.56,140.21,164.43,164.90,177.67,168.72,158.24,164.5795,0,177.0710,0,659762,433290,-6.9105,-4.9353,-1.9752,54.80
2025-04-07,133.46,147.40,128.50,138.20,160.63,163.08,177.06,168.72,158.32,164.5704,0,175.4904,0,656944,438884,-8.2950,-5.6072,-2.6878,56.67
2025-04-08,143.86,147.77,132.69,135.04,156.65,161.74,176.43,168.70,158.37,164.5704,0,172.6710,0,485761,442482,-9.5368,-6.3931,-3.1437,55.56
2025-04-09,134.55,161.49,134.55,159.80,155.49,161.70,176.23,168.87,158.54,164.5704,0,170.0209,0,924955,455832,-8.4259,-6.7997,-1.6262,72.34
2025-04-10,153.62,154.37,144.34,147.79,153.56,161.32,175.81,168.97,158.65,164.5704,0,167.5297,0,419568,459579,-8.4183,-7.1234,-1.2949,64.32
2025-04-11,147.96,149.62,142.66,148.78,151.82,160.75,175.39,169.07,158.75,164.5704,0,165.1880,0,470256,462775,-8.2368,-7.3461,-0.8907,64.27
2025-04-14,152.79,152.79,145.36,147.50,149.96,159.90,174.97,169.19,158.86,164.5704,0,162.9868,0,276672,462492,-8.1032,-7.4975,-0.6057,59.64
2025-04-15,148.55,151.89,148.25,149.83,148.37,159.23,174.62,169.31,159.00,164.5704,0,160.9177,0,216364,460824,-7.7201,-7.5420,-0.1781,62.59
2025-04-16,148.28,153.72,148.25,150.80,146.86,158.25,174.31,169.45,159.13,164.5704,0,158.9727,0,335364,461932,-7.2547,-7.4845,0.2299,65.03
2025-04-17,152.78,152.78,146.73,149.40,146.74,157.16,173.95,169.60,159.27,164.5704,0,157.1444,0,325320,462712,-6.9194,-7.3715,0.4522,65.35
2025-04-21,147.34,148.68,142.53,144.97,147.21,155.82,173.45,169.69,159.39,164.5704,0,155.4258,0,207025,453366,-6.9310,-7.2834,0.3524,65.31
2025-04-22,147.69,152.21,145.43,151.16,148.51,154.57,172.48,169.81,159.54,164.5704,0,153.8104,0,227025,419927,-6.3676,-7.1002,0.7327,73.48
2025-04-23,156.66,161.85,153.27,154.46,150.45,153.55,171.57,169.95,159.70,164.5704,0,128.5014,1,233436,411653,-5.5902,-6.7982,1.2080,78.29
2025-04-24,152.90,158.30,151.44,157.70,150.24,152.86,170.83,170.09,159.87,164.5704,0,129.1684,1,217961,401776,-4.6589,-6.3704,1.7115,81.35
2025-04-25,157.32,158.66,156.35,158.25,151.28,152.42,170.00,170.22,160.03,164.5704,0,129.8220,1,163424,396320,-3.8319,-5.8627,2.0307,81.66
2025-04-28,158.59,160.65,156.91,159.37,152.34,152.08,169.18,170.35,160.18,164.5704,0,130.4626,1,237168,394130,-3.0513,-5.3004,2.2491,80.59
2025-04-29,159.17,160.26,155.82,158.29,153.42,151.69,168.35,170.46,160.34,164.5704,0,131.0903,1,353115,395879,-2.4908,-4.7385,2.2477,80.59
2025-04-30,149.39,155.65,143.01,155.11,153.95,151.16,167.42,170.54,160.47,164.5704,0,131.7055,1,445430,398400,-2.2772,-4.2462,1.9690,76.51
2025-05-01,157.90,160.23,155.89,156.13,154.48,150.67,166.47,170.61,160.59,164.5704,0,132.3084,1,355710,397492,-2.0027,-3.7975,1.7948,74.68
2025-05-02,158.35,160.48,155.97,159.91,155.53,151.13,165.62,170.72,160.70,164.5704,0,132.8992,1,435911,400201,-1.4628,-3.3306,1.8678,77.23
2025-05-05,158.35,164.96,157.16,163.70,157.41,152.31,165.02,170.84,160.85,164.5704,0,133.4782,1,297520,396076,-0.7212,-2.8087,2.0875,79.52
2025-05-06,162.24,164.99,161.90,162.82,158.57,153.54,164.33,170.94,161.01,164.5704,0,134.7376,1,284917,391274,-0.2021,-2.2874,2.0853,78.72
2025-05-07,163.09,168.25,162.79,164.63,159.59,155.02,163.68,171.07,161.16,144.6092,1,136.5530,1,367581,388658,0.3512,-1.7597,2.1109,71.09
2025-05-08,166.54,170.88,165.56,167.03,160.52,155.38,163.08,171.22,161.33,147.5218,1,139.0891,1,616526,394921,0.9723,-1.2133,2.1856,73.45
2025-05-09,150.82,156.77,146.83,154.84,160.18,155.73,162.36,171.28,161.45,147.5218,1,142.2686,1,999412,409323,0.4756,-0.8755,1.3511,58.42
2025-05-12,162.32,167.16,161.41,165.31,160.78,156.56,161.76,171.41,161.65,147.5218,1,145.1301,1,533260,413311,0.9161,-0.5172,1.4333,65.95
2025-05-13,166.62,171.64,165.48,167.40,161.69,157.55,161.29,171.54,161.87,147.5218,1,146.8263,1,487040,415001,1.4179,-0.1302,1.5480,69.04
2025-05-14,167.95,169.89,166.74,167.26,162.90,158.43,160.92,171.66,162.08,147.5218,1,149.8045,1,359508,410688,1.7830,0.2525,1.5306,69.27
2025-05-15,167.19,168.21,163.70,164.28,163.72,159.10,160.44,171.76,162.27,147.5218,1,152.4253,1,298696,411202,1.8115,0.5643,1.2472,62.03
2025-05-16,163.06,165.15,162.39,164.73,164.20,159.87,160.09,171.85,162.46,147.5218,1,154.7317,1,293288,411069,1.8486,0.8211,1.0275,62.72
2025-05-19,162.17,164.36,161.79,163.57,164.19,160.80,159.72,171.95,162.65,147.5218,1,156.7613,1,302102,408784,1.7644,1.0098,0.7546,57.61
2025-05-20,162.26,163.40,158.98,160.63,163.97,161.27,159.44,172.03,162.86,147.5218,1,158.5473,1,666186,415392,1.4441,1.0967,0.3475,54.14
2025-05-21,159.08,162.20,156.61,157.49,163.25,161.42,159.35,172.09,163.07,147.5218,1,171.6449,0,314489,399877,0.9260,1.0625,-0.1365,53.18
2025-05-22,157.15,159.55,154.24,158.86,162.44,161.48,159.32,172.16,163.31,147.5218,1,171.3442,0,423545,399930,0.6183,0.9737,-0.3554,56.66
2025-05-23,154.87,158.19,154.37,157.14,162.67,161.42,159.35,172.21,163.52,147.5218,1,170.6600,0,201873,397159,0.2330,0.8256,-0.5925,52.17
2025-05-27,159.38,163.52,159.14,163.08,162.44,161.61,159.41,172.26,163.78,147.5218,1,170.0032,0,358622,398238,0.4024,0.7409,-0.3385,56.51
2025-05-28,163.26,166.23,162.86,165.74,162.28,161.98,159.44,172.31,164.02,147.5218,1,169.3726,0,264246,396954,0.7433,0.7414,0.0019,60.59
2025-05-29,167.93,170.20,162.13,164.12,161.96,162.43,159.46,172.34,164.20,147.9892,1,154.2392,1,275642,396291,0.8724,0.7676,0.1048,58.88
2025-05-30,162.84,165.46,162.40,165.21,162.06,162.89,159.35,172.38,164.40,147.9892,1,154.5585,1,356595,395765,1.0505,0.8242,0.2263,60.58
2025-06-02,163.64,166.13,161.71,165.63,162.15,163.17,159.24,172.44,164.59,147.9892,1,154.8714,1,250989,392460,1.2113,0.9016,0.3097,61.15
2025-06-03,165.46,168.91,163.51,167.06,162.50,163.34,159.15,172.50,164.79,149.3996,1,155.1780,1,310564,383319,1.4380,1.0089,0.4291,61.17
2025-06-04,166.90,169.19,166.28,168.25,163.26,163.61,158.99,172.58,164.98,151.7325,1,155.4785,1,316952,382710,1.6941,1.1459,0.5482,63.34
2025-06-05,169.42,173.29,168.73,171.78,164.69,163.97,158.93,172.69,165.19,155.0944,1,155.7730,1,329838,382867,2.1569,1.3481,0.8087,67.29
2025-06-06,173.42,175.15,169.72,174.92,166.29,164.36,159.00,172.81,165.40,156.4789,1,156.4738,1,321780,383826,2.7453,1.6276,1.1178,72.39
2025-06-09,175.11,176.27,174.37,174.99,168.08,165.37,159.15,172.91,165.61,160.3946,1,157.5942,1,193929,380200,3.1807,1.9382,1.2425,72.01
2025-06-10,175.82,175.82,171.07,172.45,169.01,165.73,159.28,173.04,165.82,160.3946,1,159.0879,1,234076,378806,3.2831,2.2072,1.0760,71.21
2025-06-11,173.90,174.35,171.03,171.72,169.61,165.94,159.39,173.13,166.02,160.3946,1,160.4622,1,191501,374549,3.2675,2.4192,0.8483,68.89
2025-06-12,170.47,171.01,168.75,170.11,170.21,166.09,159.48,173.21,166.19,160.3946,1,161.7265,1,177486,370302,3.0900,2.5534,0.5366,66.57
2025-06-13,166.68,168.13,162.98,164.10,170.10,166.08,159.44,173.22,166.33,160.3946,1,162.8896,1,232561,368522,2.4360,2.5299,-0.0939,64.44
2025-06-16,166.77,167.78,162.95,163.09,169.85,166.00,159.69,173.17,166.45,160.3946,1,176.2660,0,345747,365073,1.8152,2.3870,-0.5718,56.35
2025-06-17,161.07,163.24,159.80,160.49,169.19,165.84,160.10,173.10,166.57,160.3946,1,175.9997,0,226446,356407,1.1011,2.1298,-1.0287,55.36
2025-06-18,160.40,162.64,160.40,160.96,168.46,165.86,160.55,172.98,166.68,160.3946,1,175.3517,0,200183,347271,0.5662,1.8171,-1.2509,52.97
2025-06-20,162.56,163.82,161.84,163.36,167.62,166.15,161.12,172.86,166.81,160.3946,1,174.7296,0,422192,346000,0.3319,1.5200,-1.1881,54.83
2025-06-23,162.07,164.97,158.52,164.29,166.56,166.42,161.21,172.76,166.96,160.3946,1,174.1324,0,254086,332583,0.2189,1.2598,-1.0409,54.79
2025-06-24,166.26,168.76,165.69,167.66,165.82,166.95,161.61,172.69,167.13,160.3946,1,173.1958,0,296270,330117,0.3965,1.0871,-0.6906,57.84
2025-06-25,166.25,167.22,162.95,164.22,165.00,167.01,161.92,172.59,167.28,160.3946,1,172.3153,0,361004,327932,0.2569,0.9211,-0.6642,55.57
2025-06-26,165.27,166.10,164.02,165.26,164.35,166.98,162.27,172.50,167.46,160.3946,1,171.4877,0,317470,328748,0.2277,0.7824,-0.5548,51.92
2025-06-27,165.58,169.54,164.68,169.18,164.26,167.24,162.66,172.44,167.65,160.3946,1,170.7097,0,318963,330800,0.5151,0.7289,-0.2139,57.85
2025-06-30,169.23,170.01,166.44,167.12,164.56,167.33,162.98,172.39,167.84,160.3946,1,158.5215,1,246543,329023,0.5700,0.6972,-0.1271,54.09
2025-07-01,166.45,173.28,165.80,172.43,165.50,167.67,163.44,172.36,168.06,160.3946,1,158.7514,1,455619,331629,1.0302,0.7638,0.2664,59.71
2025-07-02,172.51,172.51,167.67,169.43,166.39,167.79,163.93,172.28,168.25,160.3946,1,159.3327,1,281277,333114,1.1395,0.8389,0.3006,55.08
2025-07-03,169.69,176.97,169.69,174.85,167.78,168.12,164.41,172.23,168.46,160.3946,1,159.8907,1,252261,333619,1.6445,1.0000,0.6445,62.98
2025-07-07,174.77,177.84,174.09,176.16,169.06,168.34,164.84,172.20,168.67,161.5859,1,160.9155,1,246804,333886,2.1257,1.2252,0.9005,67.71
2025-07-08,177.04,179.55,175.83,175.91,170.22,168.39,165.21,172.14,168.87,163.6331,1,162.2695,1,228098,334089,2.4588,1.4719,0.9869,65.51
2025-07-09,177.35,178.77,174.04,174.46,170.90,168.36,165.53,172.09,169.05,163.6331,1,163.9971,1,224039,335301,2.5763,1.6928,0.8835,56.99
2025-07-10,177.60,184.44,177.40,181.28,172.61,168.80,165.97,172.09,169.25,165.2616,1,165.5520,1,392983,338418,3.1828,1.9908,1.1920,67.33
2025-07-11,181.13,184.14,179.14,181.94,174.28,169.31,166.44,172.08,169.45,166.0494,1,167.8185,1,232433,336004,3.6746,2.3275,1.3471,68.85
2025-07-14,181.94,183.04,180.53,181.86,175.54,169.90,166.98,172.09,169.65,166.9973,1,169.8131,1,200025,331096,4.0117,2.6644,1.3474,70.66
2025-07-15,181.80,182.03,176.91,177.34,176.57,170.56,167.40,172.03,169.81,166.9973,1,171.5683,1,289176,329765,3.8690,2.9053,0.9637,67.47
2025-07-16,178.24,178.73,175.36,176.65,176.99,171.24,167.74,171.95,169.97,166.9973,1,173.1129,1,204813,325143,3.6585,3.0559,0.6026,65.53
2025-07-17,176.63,181.34,175.98,180.40,178.09,172.24,168.07,171.90,170.14,166.9973,1,174.4721,1,241074,324014,3.7507,3.1949,0.5558,69.60
2025-07-18,181.81,183.35,180.32,183.22,178.92,173.35,168.48,171.88,170.33,167.8366,1,175.3645,1,213613,322588,4.0054,3.3570,0.6484,72.45
2025-07-21,183.47,184.90,182.30,183.76,179.68,174.37,168.86,171.86,170.51,170.2212,1,175.9787,1,221859,319674,4.2020,3.5260,0.6760,74.15
2025-07-22,183.70,189.13,183.43,187.69,180.86,175.54,169.27,171.86,170.73,172.5298,1,177.2271,1,264913,312641,4.6219,3.7452,0.8767,77.12
2025-07-23,188.39,190.53,187.41,190.41,182.46,176.68,169.98,171.92,170.95,175.6632,1,179.1309,1,242275,297499,5.1155,4.0192,1.0963,76.93
2025-07-24,190.59,192.00,188.08,188.72,183.20,177.90,170.45,171.97,171.17,176.8822,1,181.1833,1,370369,294241,5.3089,4.2772,1.0317,75.56
2025-07-25,190.32,190.80,185.16,185.61,183.57,178.92,170.82,172.01,171.36,176.8822,1,183.3465,1,265892,289818,5.1517,4.4521,0.6996,73.89
2025-07-28,185.80,187.10,184.40,185.43,183.92,179.73,171.18,172.06,171.54,176.8822,1,191.9993,0,243720,287502,4.9556,4.5528,0.4028,73.97
2025-07-29,185.62,186.74,180.90,181.12,184.30,180.43,171.52,172.11,171.70,176.8822,1,191.8473,0,230779,286144,4.4017,4.5225,-0.1209,68.53
2025-07-30,178.22,180.36,175.60,178.13,184.45,180.72,171.79,172.12,171.83,176.8822,1,191.4095,0,358393,287446,3.6788,4.3538,-0.6750,68.31
2025-07-31,178.67,181.65,177.80,178.55,184.26,181.17,172.08,172.09,171.98,176.8822,1,190.4611,0,235764,286119,3.1046,4.1040,-0.9994,68.74
2025-08-01,175.63,176.60,172.44,176.41,183.58,181.25,172.40,172.03,172.12,188.5337,0,189.5696,0,298108,278758,2.4486,3.7729,-1.3243,66.31
2025-08-04,178.07,183.92,177.95,183.28,183.54,181.61,172.92,172.00,172.30,188.5337,0,188.1993,0,276856,278005,2.4544,3.5092,-1.0548,63.89
2025-08-05,184.08,184.69,178.76,180.16,182.78,181.82,173.34,171.95,172.45,188.5337,0,186.9387,0,287689,275288,2.1821,3.2438,-1.0617,59.41
2025-08-06,181.07,183.90,180.47,183.43,182.08,182.27,173.87,171.95,172.63,188.5337,0,185.7790,0,332789,277906,2.2046,3.0359,-0.8313,61.73
2025-08-07,182.80,186.43,179.90,185.88,181.80,182.50,174.32,171.96,172.78,188.5337,0,172.4417,1,822276,287179,2.3924,2.9072,-0.5148,70.15
2025-08-08,209.64,211.03,189.38,193.46,182.59,183.08,174.88,172.03,172.96,178.9407,1,172.7215,1,1362934,309153,3.1169,2.9491,0.1677,74.10
2025-08-11,191.64,196.33,190.54,190.85,183.13,183.52,175.41,172.08,173.11,178.9407,1,174.2539,1,452469,312690,3.4411,3.0475,0.3935,71.02
2025-08-12,191.52,201.56,191.05,201.31,185.15,184.72,176.14,172.20,173.32,178.9407,1,175.7250,1,493792,315433,4.4905,3.3361,1.1544,74.59
2025-08-13,202.11,208.34,200.65,207.74,188.11,186.28,176.98,172.37,173.57,182.3849,1,177.1373,1,505706,320528,5.7744,3.8238,1.9507,78.08
2025-08-14,207.06,208.88,204.91,205.29,190.78,187.52,177.74,172.54,173.81,185.8064,1,178.4931,1,493032,324177,6.5186,4.3627,2.1558,76.79
2025-08-15,206.73,208.54,205.09,205.52,193.69,188.64,178.49,172.71,174.06,186.7987,1,179.7946,1,332506,324488,7.0463,4.8995,2.1468,77.93
2025-08-18,205.07,206.03,203.58,204.76,195.84,189.69,179.15,172.89,174.30,186.7987,1,181.0441,1,303867,323969,7.3186,5.3833,1.9353,76.79
2025-08-19,204.05,207.61,202.75,206.12,198.44,190.61,179.77,173.07,174.55,186.8471,1,182.2436,1,359264,324719,7.5568,5.8180,1.7388,79.75
2025-08-20,205.07,205.58,202.14,203.78,200.47,191.28,180.35,173.22,174.77,186.8471,1,183.3951,1,277833,326397,7.4707,6.1485,1.3222,77.63
2025-08-21,203.41,204.28,202.28,203.45,202.23,192.01,180.97,173.35,175.02,186.8471,1,184.5006,1,232929,326374,7.2921,6.3772,0.9149,78.65
2025-08-22,204.16,214.60,202.90,212.83,204.16,193.37,181.79,173.53,175.30,190.3664,1,185.5619,1,476556,332075,7.8168,6.6651,1.1516,79.30
2025-08-25,212.85,214.00,209.79,211.38,206.22,194.67,182.61,173.71,175.56,194.0919,1,187.3041,1,337370,335272,8.0233,6.9368,1.0865,78.01
2025-08-26,211.03,212.48,209.92,211.66,207.25,196.20,183.57,173.93,175.80,194.4073,1,188.9417,1,352789,337677,8.1159,7.1726,0.9433,78.16
2025-08-27,211.66,212.88,209.27,210.25,207.50,197.81,184.51,174.19,176.01,194.8779,1,190.4811,1,294929,336661,7.9836,7.3348,0.6488,76.49
2025-08-28,211.35,213.68,208.73,213.13,208.29,199.53,185.56,174.44,176.21,195.1424,1,191.9282,1,304867,338229,8.0187,7.4716,0.5471,78.05
2025-08-29,213.42,214.62,211.93,213.22,209.06,201.37,186.61,174.74,176.39,198.0065,1,193.2884,1,269638,339618,7.9619,7.5697,0.3923,78.99
2025-09-02,208.28,211.15,207.47,210.56,209.64,202.74,187.55,175.03,176.53,198.0065,1,194.9947,1,237723,335929,7.6145,7.5786,0.0359,77.81
2025-09-03,210.83,213.22,208.48,210.97,210.12,204.28,188.48,175.31,176.69,198.0065,1,196.5644,1,253199,335911,7.2888,7.5207,-0.2319,78.94
2025-09-04,211.89,215.40,210.92,214.92,211.24,205.85,189.43,175.62,176.88,198.0161,1,198.0086,1,238973,334765,7.2657,7.4697,-0.2040,79.70
2025-09-05,214.33,217.49,209.97,213.37,212.23,207.23,190.41,175.91,177.04,198.0161,1,199.7478,1,290870,333362,7.0404,7.3838,-0.3434,78.94
2025-09-08,213.29,216.18,212.46,215.60,212.50,208.33,191.42,176.22,177.23,198.9078,1,201.8763,1,295110,332915,6.9619,7.2994,-0.3375,79.66
2025-09-09,215.51,216.39,214.28,216.10,212.98,209.60,192.36,176.55,177.42,200.8320,1,203.7494,1,254382,331624,6.8606,7.2117,-0.3510,79.81
2025-09-10,215.59,216.91,210.74,213.90,213.20,210.23,193.29,176.86,177.61,200.8320,1,205.3977,1,231889,331331,6.5281,7.0750,-0.5468,79.40
2025-09-11,214.64,220.46,214.39,219.73,214.15,210.83,194.24,177.21,177.83,202.0419,1,206.8483,1,232406,326866,6.6580,6.9916,-0.3336,79.78
2025-09-12,219.73,221.58,217.93,220.55,214.89,211.59,195.26,177.55,178.03,204.8151,1,208.7544,1,215547,325552,6.7496,6.9432,-0.1936,81.07
2025-09-15,220.71,227.31,219.62,226.56,216.23,212.64,196.30,177.73,178.25,207.7136,1,210.8057,1,624008,332987,7.2236,6.9993,0.2243,82.12
2025-09-16,226.28,227.02,221.12,223.32,217.50,213.57,197.24,177.88,178.46,208.1225,1,213.7769,1,338842,334827,7.2544,7.0503,0.2041,81.21
2025-09-17,223.32,226.50,221.33,223.52,218.76,214.44,198.19,178.08,178.66,208.1225,1,216.2133,1,267244,335610,7.2117,7.0826,0.1292,80.49
2025-09-18,224.37,225.32,219.61,220.28,219.29,215.26,199.11,178.21,178.85,208.1225,1,218.2111,1,373380,338597,6.8380,7.0337,-0.1957,77.35
2025-09-19,221.80,223.44,218.32,220.79,220.04,216.13,199.90,178.35,179.04,208.1225,1,227.3124,0,791851,346574,6.5076,6.9284,-0.4208,78.60
2025-09-22,221.07,222.56,217.41,221.86,220.66,216.58,200.70,178.50,179.24,208.1225,1,227.1326,0,411840,350163,6.2601,6.7948,-0.5346,78.35
2025-09-23,221.12,223.77,217.78,219.59,221.01,216.99,201.45,178.62,179.43,208.1225,1,226.7435,0,327892,352720,5.8136,6.5985,-0.7850,77.74
2025-09-24,220.67,221.62,216.03,216.22,221.24,217.22,202.23,178.70,179.58,208.1225,1,226.3700,0,289082,352718,5.1290,6.3046,-1.1756,75.96
2025-09-25,213.05,215.86,210.97,213.60,220.63,217.39,202.97,178.78,179.71,208.1225,1,225.7494,0,341162,355445,4.3252,5.9087,-1.5836,76.04
2025-09-26,214.48,222.29,214.37,221.23,220.70,217.80,203.78,178.96,179.87,208.1225,1,224.5673,0,257170,355767,4.2542,5.5778,-1.3236,77.93
2025-09-29,222.85,223.31,218.54,218.88,219.93,218.08,204.50,179.10,180.03,208.1225,1,223.4798,0,353941,358573,3.9633,5.2549,-1.2916,78.43
2025-09-30,218.92,220.06,208.72,212.17,218.82,218.16,205.07,179.20,180.16,208.1225,1,223.3121,0,553078,365198,3.1549,4.8349,-1.6800,75.11
2025-10-01,212.45,217.10,210.98,216.34,218.10,218.43,205.64,179.33,180.31,208.1225,1,223.3121,0,425896,368418,2.8182,4.4316,-1.6134,75.57
2025-10-02,216.79,216.79,209.95,216.09,217.68,218.49,206.15,179.50,180.48,208.1225,1,221.8530,0,449639,372565,2.5017,4.0456,-1.5439,73.41
2025-10-03,217.07,221.63,214.46,217.61,217.36,218.70,206.73,179.65,180.66,208.1225,1,208.7205,1,394877,373055,2.3471,3.7059,-1.3588,76.13
2025-10-06,218.69,239.20,215.24,222.18,217.39,219.03,207.46,179.86,180.87,208.1225,1,208.9787,1,837549,384488,2.5635,3.4774,-0.9139,76.13
2025-10-07,221.60,221.81,209.83,214.57,216.89,218.95,208.04,180.05,181.06,208.1225,1,239.2041,0,391358,387441,2.0965,3.2012,-1.1047,73.15
2025-10-08,216.14,216.14,210.80,210.84,216.35,218.80,208.64,180.20,181.24,208.1225,1,239.2041,0,248562,387797,1.4098,2.8429,-1.4332,69.38
2025-10-09,213.13,215.39,211.68,215.21,216.51,218.57,209.38,180.42,181.43,208.1225,1,238.6167,0,261625,385861,1.2041,2.5152,-1.3111,74.18
2025-10-10,213.91,216.41,208.25,208.78,215.27,217.98,209.99,180.60,181.56,208.1225,1,238.0410,0,274460,386635,0.5161,2.1154,-1.5992,75.73
2025-10-13,210.98,215.27,209.65,214.05,214.79,217.36,210.74,180.86,181.70,208.1225,1,236.8495,0,322921,387131,0.3917,1.7706,-1.3789,75.89
2025-10-14,210.56,222.91,210.56,221.48,215.72,217.27,211.50,181.26,181.88,208.1225,1,235.7057,0,324394,388082,0.8820,1.5929,-0.7109,77.60
2025-10-15,223.09,223.63,213.60,216.82,215.76,216.93,212.24,181.63,182.02,208.1225,1,234.6076,0,556407,393456,0.8848,1.4513,-0.5665,75.05
2025-10-16,216.66,217.96,209.15,212.00,215.35,216.52,212.81,182.01,182.16,208.1225,1,233.5535,0,394357,394688,0.4920,1.2594,-0.7674,73.05
2025-10-17,212.18,214.99,211.04,213.18,214.91,216.14,213.35,182.36,182.31,208.1225,1,232.5415,0,347374,385190,0.2729,1.0621,-0.7892,73.43
2025-10-20,213.81,218.14,213.81,216.64,214.36,215.87,213.82,182.71,182.47,208.1225,1,231.5700,0,215893,362249,0.3745,0.9246,-0.5501,73.92
2025-10-21,216.33,225.64,216.33,224.47,215.35,216.12,214.49,183.12,182.68,208.1225,1,230.6373,0,364515,360490,1.0746,0.9546,0.1200,78.18
2025-10-22,223.74,226.19,222.47,224.72,216.73,216.54,214.96,183.48,182.89,208.1225,1,229.7420,0,296571,356545,1.6306,1.0898,0.5408,79.16
2025-10-23,223.58,227.26,211.98,214.06,216.62,216.57,215.08,183.77,183.05,208.1225,1,228.8825,0,577403,357979,1.1973,1.1113,0.0860,73.39
2025-10-24,215.53,218.38,213.50,217.24,217.47,216.37,215.32,184.07,183.23,208.1225,1,228.0573,0,268748,353494,1.0975,1.1085,-0.0111,74.90
2025-10-27,217.56,222.16,217.34,220.86,218.15,216.47,215.63,184.37,183.44,208.1225,1,227.2652,0,307495,352993,1.2958,1.1460,0.1498,74.52
2025-10-28,219.44,224.71,217.68,223.64,218.36,217.04,216.01,184.69,183.67,208.1225,1,226.5047,0,343830,353793,1.6581,1.2484,0.4097,71.65
2025-10-29,227.35,227.58,214.68,218.14,218.49,217.13,216.25,185.00,183.86,208.1225,1,208.2539,1,424642,355100,1.4844,1.2956,0.1888,68.75
2025-10-30,217.63,222.88,216.43,218.85,219.18,217.27,216.55,185.35,184.05,208.1225,1,208.6404,1,275389,355051,1.3877,1.3140,0.0736,71.09
2025-10-31,218.67,221.03,215.71,218.38,219.70,217.31,216.85,185.70,184.23,208.1225,1,209.0192,1,289256,356178,1.2588,1.3030,-0.0442,71.46
2025-11-03,217.25,218.00,208.46,214.02,219.44,216.90,216.87,186.02,184.37,208.1225,1,227.5804,0,408646,354820,0.7959,1.2016,-0.4057,67.35
2025-11-04,212.12,215.28,208.84,210.57,218.05,216.70,216.85,186.32,184.50,208.1225,1,227.1981,0,324219,354557,0.1486,0.9910,-0.8424,64.37
2025-11-05,208.93,213.97,206.90,212.23,216.80,216.77,216.87,186.62,184.66,208.1225,1,226.8234,0,358837,354678,-0.2273,0.7473,-0.9746,64.90
2025-11-06,213.59,220.88,211.58,218.08,217.20,216.91,217.02,187.07,184.90,208.1225,1,226.0266,0,950224,367784,-0.0527,0.5873,-0.6400,69.43
2025-11-07,245.18,262.25,243.96,256.35,221.11,219.29,217.89,187.85,185.31,218.7226,1,206.9040,1,1976542,401217,3.1372,1.0973,2.0399,82.63
2025-11-10,260.37,268.23,258.66,266.06,225.63,221.89,218.94,188.70,185.79,228.9347,1,208.0109,1,887641,413577,6.3759,2.1530,4.2229,84.21
2025-11-11,266.02,267.40,262.20,263.36,229.60,223.98,220.00,189.56,186.27,232.1851,1,210.4196,1,636370,421550,8.6252,3.4474,5.1778,83.46
2025-11-12,266.22,275.19,265.11,271.63,234.95,226.72,221.21,190.30,186.78,237.2456,1,212.7320,1,734531,431177,10.9489,4.9477,6.0011,85.26
2025-11-13,270.79,277.55,264.24,265.38,239.61,229.39,222.22,191.09,187.27,237.2872,1,216.4793,1,710991,440617,12.1458,6.3873,5.7584,85.16
2025-11-14,264.78,265.93,258.44,262.71,244.04,231.87,223.21,191.85,187.73,237.2872,1,221.3649,1,559068,445981,12.7321,7.6563,5.0758,85.24
2025-11-17,261.85,264.24,239.72,242.36,246.87,233.16,223.74,192.48,188.10,237.2872,1,225.8597,1,1231812,464715,11.4231,8.4096,3.0134,80.22
2025-11-18,240.24,245.97,238.01,238.23,249.64,233.84,224.19,193.07,188.46,237.2872,1,229.9949,1,727032,474168,9.9379,8.7153,1.2226,77.43
2025-11-19,239.39,242.74,236.66,238.59,252.28,234.54,224.68,193.65,188.82,237.2872,1,233.7992,1,496309,479457,8.6896,8.7102,-0.0205,78.79
2025-11-20,241.12,242.28,233.00,233.43,253.81,235.51,224.96,194.21,189.15,270.6772,0,277.5495,0,444654,483701,7.2009,8.4083,-1.2074,78.26
2025-11-21,237.40,247.53,236.33,246.08,252.78,236.95,225.47,194.89,189.53,270.6772,0,276.6585,0,1205400,503499,6.9614,8.1189,-1.1575,81.58
2025-11-24,246.48,250.86,246.08,247.72,250.95,238.29,225.89,195.53,189.77,270.6772,0,275.7854,0,725396,505526,6.8253,7.8602,-1.0349,80.18
2025-11-25,250.23,257.35,249.09,256.67,250.28,239.94,226.56,196.21,190.05,270.6772,0,274.9297,0,813812,515026,7.3548,7.7591,-0.4044,81.32
2025-11-26,256.06,258.39,255.13,256.15,248.73,241.84,227.21,196.87,190.36,270.6772,0,274.0911,0,321175,516104,7.6445,7.7362,-0.0917,81.77
2025-11-28,256.26,257.03,253.27,254.23,247.62,243.61,227.89,197.51,190.63,270.6772,0,273.2693,0,197930,512595,7.6313,7.7152,-0.0839,80.83
2025-12-01,253.05,257.90,251.89,257.47,247.09,245.57,228.62,198.16,190.92,270.6772,0,272.4640,0,363126,504021,7.7926,7.7307,0.0619,83.28
2025-12-02,258.51,262.89,254.34,262.19,249.08,247.97,229.43,198.86,191.23,270.6772,0,271.6747,0,699860,509781,8.2069,7.8259,0.3809,85.14
2025-12-03,262.42,264.48,259.08,260.92,251.34,250.49,230.25,199.56,191.53,270.6772,0,270.9012,0,329573,509815,8.3364,7.9280,0.4084,84.34
2025-12-04,259.18,262.12,256.16,256.90,253.18,252.73,231.07,200.23,191.79,270.6772,0,270.1432,0,469399,513421,8.0225,7.9469,0.0756,82.12
2025-12-05,258.53,264.54,257.03,261.93,256.03,254.92,232.03,200.91,192.09,270.6772,0,269.4004,0,462135,515841,8.0856,7.9747,0.1110,83.48
2025-12-08,262.12,264.32,258.77,262.90,257.71,255.25,232.87,201.57,192.43,270.6772,0,268.6724,0,482416,520346,8.1207,8.0039,0.1168,83.55
2025-12-09,262.90,263.89,259.54,259.78,258.91,254.93,233.69,202.22,192.75,270.6772,0,267.9590,0,332414,519915,7.8066,7.9644,-0.1578,82.23
2025-12-10,261.75,273.83,260.88,272.50,260.50,255.39,234.89,202.94,193.12,242.6760,1,233.0014,1,696083,522775,8.4867,8.0689,0.4179,83.85
2025-12-11,272.00,281.34,271.63,279.54,262.84,255.78,236.16,203.69,193.54,251.3621,1,233.8179,1,649260,527242,9.4845,8.3520,1.1325,84.65
2025-12-12,279.88,280.92,272.21,272.64,264.68,256.15,237.29,204.47,193.95,251.3621,1,235.7189,1,408655,526423,9.6077,8.6031,1.0045,84.72
2025-12-15,275.44,285.84,274.49,281.83,267.11,257.10,238.57,205.25,194.38,253.5046,1,237.5439,1,611713,530759,10.3275,8.9480,1.3795,87.06
2025-12-16,281.84,288.33,280.27,283.39,269.23,259.15,239.80,206.02,194.84,257.8879,1,240.4416,1,705709,528123,10.8984,9.3381,1.5603,87.25
2025-12-17,281.35,285.69,278.63,281.20,271.26,261.30,241.13,206.78,195.32,257.8879,1,244.2729,1,497537,530246,11.0470,9.6799,1.3671,87.82
2025-12-18,285.79,288.23,283.08,283.96,273.97,263.57,242.59,207.58,195.80,260.2488,1,247.7978,1,574607,536767,11.2572,9.9953,1.2618,87.89
2025-12-19,284.99,290.75,284.38,287.60,276.54,266.28,244.04,208.40,196.32,262.6565,1,251.0406,1,882328,549181,11.5839,10.3130,1.2708,88.27
2025-12-22,289.91,289.91,284.56,287.64,279.01,268.36,245.62,209.23,196.85,263.2113,1,255.0115,1,333956,550371,11.7110,10.5926,1.1184,87.48
2025-12-23,286.76,289.70,285.82,286.58,281.69,270.30,247.07,210.07,197.41,264.9723,1,258.5853,1,341524,550743,11.5931,10.7927,0.8003,87.82
2025-12-24,285.71,287.14,284.52,284.93,282.93,271.71,248.34,210.92,198.03,264.9723,1,261.8018,1,93021,546116,11.2369,10.8815,0.3553,87.33
2025-12-26,285.36,287.67,284.84,285.92,283.57,273.20,249.72,211.76,198.65,266.2442,1,264.6966,1,153557,538059,10.9083,10.8869,0.0214,87.89
2025-12-29,284.82,286.35,283.70,285.18,284.82,274.75,251.18,212.62,199.30,266.2442,1,267.3019,1,278760,535747,10.4678,10.8031,-0.3352,87.51
2025-12-30,285.00,286.48,283.18,283.37,284.98,276.05,252.58,213.42,199.92,266.9174,1,269.6467,1,218795,533175,9.8591,10.6143,-0.7552,88.08
2025-12-31,282.92,284.82,280.82,281.69,284.81,277.02,253.89,214.19,200.50,266.9174,1,271.7570,1,268238,534222,9.1358,10.3186,-1.1828,87.93
2026-01-02,281.40,282.54,276.74,281.32,284.82,278.04,255.02,214.97,201.10,266.9174,1,273.6562,1,545395,537840,8.4356,9.9420,-1.5064,87.03
2026-01-05,281.32,287.86,275.67,285.83,285.01,279.49,256.24,215.78,201.67,266.9174,1,275.3656,1,324180,538392,8.1502,9.5836,-1.4334,87.41
2026-01-06,285.30,298.29,285.30,297.50,286.00,281.27,257.91,216.66,202.30,270.5670,1,275.6663,1,543934,537723,8.7649,9.4199,-0.6550,89.25
2026-01-07,296.20,298.74,294.00,295.48,286.78,282.90,259.48,217.51,202.92,275.8455,1,275.6663,1,405354,540455,8.9856,9.3331,-0.3474,89.25
2026-01-08,295.52,300.62,293.31,299.59,288.08,284.89,261.05,218.39,203.54,276.3023,1,278.8971,1,497734,544259,9.3837,9.3432,0.0405,89.56
2026-01-09,301.57,302.06,292.83,294.64,289.05,285.99,262.47,219.21,204.14,276.3023,1,282.3732,1,339061,544164,9.1937,9.3133,-0.1196,88.47
2026-01-12,291.60,292.46,286.98,289.86,289.45,286.51,263.91,219.98,204.73,276.3023,1,285.9177,1,361235,542896,8.5593,9.1625,-0.6032,86.17
2026-01-13,289.86,298.59,289.34,298.26,290.75,287.79,265.50,220.80,205.39,276.3023,1,286.9813,1,394371,545276,8.6342,9.0568,-0.4227,88.06
2026-01-14,297.35,297.81,279.84,289.10,291.33,288.15,266.91,221.57,206.00,276.3023,1,302.0646,0,530492,550100,7.8639,8.8183,-0.9543,86.67
2026-01-15,290.03,295.54,290.03,292.60,292.42,288.61,268.48,222.38,206.63,276.3023,1,301.6202,0,388773,549703,7.4500,8.5446,-1.0946,86.67
2026-01-16,292.35,293.63,282.60,283.48,292.63,288.73,269.94,223.14,207.22,276.3023,1,301.1846,0,465071,552520,6.3135,8.0984,-1.7849,84.95
2026-01-20,275.16,277.54,269.85,270.60,291.11,288.06,271.11,223.85,207.75,300.8905,0,300.7578,0,637212,558087,4.3232,7.3434,-3.0201,82.62
2026-01-21,269.27,272.98,263.50,270.01,288.36,287.18,272.15,224.56,208.34,295.5627,0,299.5215,0,650658,552096,2.6678,6.4083,-3.7404,81.64
2026-01-22,272.42,282.08,272.36,278.06,286.62,286.70,272.58,225.34,209.03,295.5627,0,297.3599,0,522237,523010,1.9829,5.5232,-3.5403,84.09
2026-01-23,274.88,278.01,267.94,269.59,283.62,285.85,272.65,226.07,209.69,295.5627,0,295.3281,0,427778,513813,0.7479,4.5681,-3.8202,82.02
2026-01-26,271.04,272.59,267.17,267.95,280.95,285.00,272.74,226.76,210.35,295.5627,0,293.4182,0,504863,511182,-0.3591,3.5827,-3.9418,78.57
2026-01-27,267.08,270.05,264.13,265.22,278.49,283.97,272.61,227.44,210.88,293.3577,0,291.6229,0,570237,507897,-1.4404,2.5781,-4.0185,76.28
2026-01-28,265.22,270.66,264.02,264.24,275.08,282.92,272.59,228.08,211.46,292.9691,0,289.9353,0,398799,501653,-2.3489,1.5927,-3.9416,78.64
2026-01-29,266.41,274.96,265.96,271.21,273.30,282.31,272.76,228.79,212.07,292.9691,0,288.3489,0,590820,502288,-2.4779,0.7785,-3.2565,80.56
2026-01-30,271.21,271.42,260.86,263.33,270.37,281.39,273.18,229.45,212.65,292.9631,0,286.8578,0,491305,487478,-3.1798,-0.0131,-3.1666,79.01
2026-02-02,267.93,277.63,267.49,275.09,269.53,281.08,273.92,230.15,213.28,292.9631,0,284.7781,0,609227,485122,-2.7551,-0.5615,-2.1936,81.74
2026-02-03,273.96,278.91,229.46,233.12,265.78,278.45,273.81,230.59,213.69,292.9631,0,282.8647,0,1604949,507294,-5.7389,-1.5970,-4.1419,60.63
2026-02-04,231.68,236.25,220.66,235.13,262.29,275.33,273.84,231.01,214.12,269.5127,0,278.9077,0,1053708,519475,-7.8510,-2.8478,-5.0032,60.52
2026-02-05,234.33,239.31,228.60,229.98,257.49,272.05,273.52,231.42,214.55,269.5127,0,278.9077,0,576099,506889,-9.8272,-4.2437,-5.5835,55.31
2026-02-06,231.22,238.00,230.49,235.50,254.08,268.85,273.28,231.82,214.97,269.5127,0,271.9182,0,778171,507945,-10.8233,-5.5596,-5.2637,47.77
2026-02-09,233.91,240.10,233.23,235.10,250.79,265.87,272.84,232.21,215.37,269.5127,0,265.7675,0,699230,505653,-11.5121,-6.7501,-4.7620,45.84
2026-02-10,234.55,247.27,232.77,240.16,248.29,263.39,272.53,232.64,215.78,269.5127,0,260.3549,0,803459,515299,-11.5169,-7.7035,-3.8134,50.04
2026-02-11,240.18,244.44,231.83,232.27,245.09,260.09,272.09,233.03,216.15,269.5127,0,255.5918,0,789732,527135,-12.0191,-8.5666,-3.4525,41.86
2026-02-12,238.02,246.73,218.39,225.94,240.56,256.93,271.46,233.32,216.49,269.5127,0,251.4002,0,1396049,547793,-12.7801,-9.4093,-3.3708,41.00
2026-02-13,210.79,217.67,202.77,211.46,235.37,252.87,270.44,233.52,216.75,255.1757,0,246.7782,0,1307708,559950,-14.3863,-10.4047,-3.9816,29.94
2026-02-17,210.80,210.96,197.20,199.28,227.79,248.66,269.21,233.64,216.97,248.8176,0,246.7325,0,1139909,576157,-16.4524,-11.6142,-4.8382,24.28
2026-02-18,197.87,206.04,196.86,202.63,224.74,245.26,268.12,233.81,217.20,244.4669,0,237.8161,0,850130,583772,-17.6164,-12.8147,-4.8017,27.17
2026-02-19,200.56,200.56,191.82,198.62,221.09,241.69,266.86,233.95,217.40,238.1476,0,229.6247,0,1007769,594684,-18.6472,-13.9812,-4.6660,23.57
2026-02-20,198.72,205.35,195.39,202.32,218.33,237.91,265.64,234.10,217.59,238.1476,0,222.0634,0,732793,599692,-18.9472,-14.9744,-3.9729,27.04
2026-02-23,198.81,199.23,184.28,187.43,213.52,233.80,264.20,234.13,217.71,233.8415,0,216.0143,0,903114,611106,-20.1538,-16.0103,-4.1435,20.00
2026-02-24,189.09,198.35,188.76,196.99,209.71,230.25,262.69,234.22,217.88,233.8415,0,209.6677,0,712776,611440,-20.1072,-16.8296,-3.2775,24.12
2026-02-25,201.01,203.49,196.70,202.58,205.95,227.12,261.15,234.31,218.05,233.8415,0,204.5904,0,608775,610630,-19.3957,-17.3429,-2.0529,28.09
2026-02-26,203.77,217.11,203.73,216.69,204.39,224.74,260.03,234.49,218.36,233.8415,0,184.2813,1,884425,620145,-17.4918,-17.3726,-0.1192,37.05
2026-02-27,208.71,216.38,206.46,214.46,203.24,221.90,258.68,234.66,218.61,233.8415,0,184.9379,1,824130,624394,-15.9785,-17.0938,1.1153,38.17
2026-03-02,207.12,214.61,202.02,212.02,203.30,219.34,257.25,234.84,218.83,233.8415,0,185.5814,1,677954,623839,-14.8051,-16.6361,1.8310,36.11
2026-03-03,204.78,216.50,204.28,213.91,204.76,216.28,255.91,235.03,219.07,233.8415,0,186.2120,1,449729,622883,-13.5663,-16.0221,2.4558,37.13
2026-03-04,217.07,223.60,215.77,220.46,206.55,215.65,254.64,235.29,219.35,233.8415,0,186.8301,1,541686,622224,-11.9184,-15.2014,3.2829,41.62
2026-03-05,234.16,251.33,234.16,250.65,211.75,216.42,253.90,235.77,219.78,199.7971,1,188.3007,1,2027010,645118,-8.0839,-13.7779,5.6940,68.08
2026-03-06,242.25,251.02,237.33,248.73,216.39,217.36,253.12,236.24,220.20,201.4148,1,192.0826,1,903450,656508,-5.1401,-12.0503,6.9103,68.87
2026-03-09,242.49,244.91,229.01,240.68,221.72,217.62,252.20,236.67,220.60,201.4148,1,195.6377,1,734861,664374,-3.4173,-10.3237,6.9064,62.28
2026-03-10,239.97,240.14,225.45,230.84,225.10,217.40,251.12,236.99,220.97,201.4148,1,198.9794,1,551999,673554,-2.8140,-8.8218,6.0077,54.18
2026-03-11,232.13,236.48,223.33,229.53,227.80,216.87,249.99,237.32,221.32,201.4148,1,202.1206,1,368790,677859,-2.4134,-7.5401,5.1267,52.23
2026-03-12,227.21,230.16,225.54,226.84,228.81,216.60,248.83,237.60,221.67,201.4148,1,205.0734,1,292234,678128,-2.2867,-6.4894,4.2027,52.31
2026-03-13,228.92,233.44,225.60,227.56,230.12,216.68,247.71,237.88,221.99,201.4148,1,207.8490,1,273359,679219,-2.1041,-5.6124,3.5083,56.29
2026-03-16,228.54,232.97,228.35,230.64,231.98,217.64,246.69,238.13,222.32,201.4148,1,210.4580,1,356402,680983,-1.6914,-4.8282,3.1367,55.41
2026-03-17,235.35,246.98,234.82,240.39,234.63,219.70,245.87,238.46,222.70,202.7366,1,212.9106,1,493911,679953,-0.5707,-3.9767,3.4060,60.97
2026-03-18,236.05,241.44,234.11,239.19,236.50,221.53,244.94,238.71,223.07,202.7366,1,215.2159,1,325758,679985,0.2178,-3.1378,3.3555,61.83
2026-03-19,231.96,243.19,231.96,238.56,235.30,223.52,243.76,238.92,223.43,202.7366,1,217.3830,1,417028,677446,0.7829,-2.3536,3.1366,62.44
2026-03-20,237.68,238.08,229.53,234.34,233.86,225.12,242.54,239.11,223.77,202.7366,1,219.4200,1,1144621,692232,0.8805,-1.7068,2.5873,63.87
2026-03-23,238.10,241.22,233.31,235.81,233.37,227.54,241.26,239.31,224.11,203.0825,1,221.3348,1,471478,691707,1.0638,-1.1527,2.2165,63.83
2026-03-24,234.39,237.05,226.89,236.15,233.90,229.50,240.09,239.52,224.43,203.0825,1,223.1347,1,403902,693003,1.2224,-0.6777,1.9000,62.82
2026-03-25,236.50,244.67,229.78,235.42,234.49,231.14,239.00,239.72,224.73,203.0825,1,224.8266,1,356351,692906,1.2746,-0.2872,1.5618,62.11
2026-03-26,232.15,237.31,229.91,232.01,235.01,231.91,237.68,239.91,225.02,203.0825,1,226.4170,1,277056,690560,1.0291,-0.0240,1.0531,55.82
2026-03-27,232.49,233.43,220.51,225.01,234.75,232.44,236.39,240.05,225.28,203.0825,1,251.3333,0,263069,685211,0.2663,0.0341,0.2322,55.63
2026-03-30,234.34,235.59,224.86,225.70,234.26,233.12,235.06,240.14,225.55,203.0825,1,250.7169,0,355372,684543,-0.2788,-0.0285,-0.2503,55.78
2026-03-31,228.14,233.23,223.10,230.07,233.23,233.93,233.99,240.26,225.85,203.0825,1,250.1128,0,447719,684196,-0.3545,-0.0937,-0.2608,53.87
2026-04-01,231.83,233.81,219.89,226.86,231.99,234.25,233.11,240.36,226.16,203.0825,1,249.5208,0,369531,678842,-0.6657,-0.2081,-0.4576,51.29
2026-04-02,219.99,229.71,217.87,224.50,230.59,232.94,232.20,240.46,226.47,203.0825,1,248.3354,0,370123,673232,-1.0903,-0.3845,-0.7058,48.90
2026-04-06,224.74,228.46,222.73,228.23,229.98,231.92,231.21,240.56,226.81,203.0825,1,246.5076,0,317060,669128,-1.1133,-0.5303,-0.5830,50.60
2026-04-07,225.81,229.08,222.53,223.50,228.74,231.06,230.29,240.63,227.12,203.0825,1,244.7895,0,444047,669454,-1.4954,-0.7233,-0.7721,47.83
2026-04-08,239.15,248.85,235.56,236.06,228.74,231.32,229.65,240.80,227.49,206.2739,1,217.8727,1,471478,668786,-0.7762,-0.7339,-0.0423,50.45
2026-04-09,234.13,234.89,224.83,229.44,228.14,231.31,228.93,240.92,227.81,206.2739,1,218.4923,1,356742,664516,-0.7316,-0.7334,0.0018,44.43
2026-04-10,230.76,232.84,224.11,227.28,227.66,231.34,228.19,241.00,228.11,206.2739,1,219.0995,1,316019,662860,-0.8609,-0.7589,-0.1020,45.06
2026-04-13,226.16,239.52,223.93,239.36,229.10,231.93,227.56,241.18,228.48,206.2739,1,219.6945,1,504873,661141,0.0111,-0.6049,0.6160,49.63
2026-04-14,243.75,251.22,242.50,247.69,231.30,232.78,227.24,241.39,228.90,210.9441,1,220.2777,1,524905,661813,1.3586,-0.2122,1.5708,56.40
2026-04-15,248.40,258.58,247.82,256.52,233.94,233.58,226.87,241.66,229.33,217.6012,1,221.5155,1,367264,656974,3.1040,0.4510,2.6529,63.32
2026-04-16,258.69,260.38,251.76,253.53,236.61,234.30,227.28,241.92,229.77,221.4497,1,223.7392,1,270815,630291,4.1968,1.2002,2.9966,62.16
2026-04-17,261.28,268.69,259.72,264.89,240.65,235.62,227.87,242.22,230.23,228.4981,1,226.6706,1,500444,619226,5.9121,2.1426,3.7695,67.85
2026-04-20,264.05,272.57,262.34,272.27,245.05,237.51,228.72,242.57,230.74,232.2504,1,230.8726,1,406062,615825,7.7769,3.2694,4.5074,73.08
2026-04-21,272.84,278.77,270.16,272.83,249.99,239.37,229.47,242.88,231.23,240.1931,1,235.8760,1,420310,608668,9.1937,4.4543,4.7395,72.33
2026-04-22,273.85,274.79,261.21,263.66,252.75,240.74,230.04,243.15,231.67,240.1931,1,241.8806,1,399440,602672,9.4678,5.4570,4.0108,68.82
2026-04-23,255.59,256.58,245.39,249.48,254.75,241.44,230.22,243.32,232.04,240.1931,1,278.7654,0,424953,595102,8.4434,6.0543,2.3892,59.59
2026-04-24,247.62,252.53,246.51,250.55,257.08,242.37,230.59,243.52,232.42,240.1931,1,278.0980,0,220287,583713,7.6297,6.3694,1.2604,62.55
2026-04-27,246.96,251.64,243.99,244.35,257.58,243.34,230.96,243.68,232.73,240.1931,1,277.4439,0,293234,561657,6.4108,6.3777,0.0332,59.26
2026-04-28,243.83,246.32,237.15,241.31,256.94,244.12,231.56,243.81,233.03,240.1931,1,276.1058,0,411423,543731,5.1404,6.1302,-0.9898,53.53
2026-04-29,233.57,251.12,232.67,249.68,256.25,245.10,232.56,244.01,233.37,240.1931,1,273.7687,0,508557,531104,4.7541,5.8550,-1.1009,62.52
2026-04-30,250.22,253.81,246.80,247.49,255.65,246.13,233.46,244.22,233.72,240.1931,1,270.4808,0,305445,520211,4.2225,5.5285,-1.3060,56.50
2026-05-01,249.63,251.99,246.19,250.94,254.25,247.45,234.51,244.47,234.09,240.1931,1,267.4559,0,179159,503638,4.0336,5.2295,-1.1959,67.42
2026-05-04,251.40,254.20,245.51,245.62,251.59,248.32,235.37,244.63,234.42,240.1931,1,264.6730,0,243148,493846,3.4152,4.8666,-1.4514,64.63
2026-05-05,247.33,250.46,243.88,247.77,249.08,249.54,236.58,244.82,234.74,240.1931,1,262.1128,0,255861,480901,3.0627,4.5059,-1.4432,61.19
2026-05-06,256.44,256.44,242.74,245.78,247.30,250.02,237.56,245.05,235.05,240.1931,1,259.7573,0,443199,475509,2.5934,4.1234,-1.5299,57.60
2026-05-07,246.34,254.14,243.17,251.89,247.54,251.14,238.54,245.28,235.37,240.1931,1,257.5903,0,832286,479979,2.6835,3.8354,-1.1519,63.55
2026-05-08,231.68,237.47,225.89,229.16,245.40,251.24,238.79,245.37,235.57,267.9974,0,256.4351,0,963570,481562,0.9103,3.2504,-2.3401,44.45
2026-05-11,224.13,230.01,218.66,220.67,243.03,250.30,238.92,245.39,235.72,260.4221,0,254.1433,0,650539,478090,-1.1665,2.3670,-3.5335,42.55
2026-05-12,221.80,223.93,219.34,220.69,240.97,248.95,239.09,245.38,235.90,255.4911,0,249.8853,0,412949,472790,-2.7788,1.3378,-4.1166,43.37
2026-05-13,218.50,220.47,213.75,216.78,237.68,246.97,239.15,245.39,236.06,249.6651,0,246.1382,0,429400,472384,-4.3227,0.2057,-4.5284,46.06
2026-05-14,216.12,220.14,213.59,216.40,234.57,245.11,239.07,245.43,236.23,248.1325,0,241.6035,0,286360,467277,-5.5133,-0.9381,-4.5752,50.58
2026-05-15,215.73,220.37,214.31,216.96,231.17,242.71,238.39,245.44,236.43,247.2997,0,237.1210,0,300424,432745,-6.3387,-2.0182,-4.3205,51.85
2026-05-18,214.77,220.53,212.76,214.23,228.03,239.81,237.70,245.48,236.61,245.9428,0,233.3557,0,342286,421522,-7.1310,-3.0407,-4.0902,50.58
2026-05-19,215.72,222.98,212.59,214.24,224.68,236.88,237.17,245.48,236.79,245.9428,0,229.6487,0,395213,414729,-7.6696,-3.9665,-3.7031,49.50
2026-05-20,214.09,217.32,205.62,216.82,221.78,234.54,236.89,245.45,236.96,241.5186,0,226.2372,0,371361,411116,-7.7984,-4.7329,-3.0655,52.74
2026-05-21,213.24,218.46,209.26,217.34,218.33,232.93,236.65,245.45,237.15,241.5186,0,222.9844,0,279804,409337,-7.7682,-5.3400,-2.4283,48.41
2026-05-22,217.40,220.52,210.10,213.89,216.80,231.10,236.39,245.47,237.30,241.5186,0,205.6164,1,332686,410146,-7.9319,-5.8584,-2.0736,43.17
2026-05-26,213.19,222.80,212.93,222.18,216.95,229.99,236.28,245.53,237.48,241.5186,0,205.9145,1,359160,411862,-7.3084,-6.1484,-1.1601,43.94
2026-05-27,224.18,231.25,223.39,225.75,217.46,229.21,236.18,245.59,237.64,241.5186,0,206.5898,1,315870,411051,-6.4513,-6.2090,-0.2423,47.07
2026-05-28,226.06,228.84,222.91,227.22,218.50,228.09,235.92,245.60,237.83,241.5186,0,208.0697,1,221930,405611,-5.5891,-6.0850,0.4959,47.73
2026-05-29,228.88,229.58,224.02,225.46,219.41,226.99,235.65,245.61,237.95,241.5186,0,209.4608,1,498883,409074,-4.9902,-5.8660,0.8759,46.05
2026-06-01,228.15,229.98,221.22,228.04,220.52,225.84,235.44,245.70,238.05,241.5186,0,210.7684,1,338741,407508,-4.2585,-5.5445,1.2860,49.53
2026-06-02,226.19,227.16,219.21,226.04,221.70,224.87,235.27,245.76,238.15,241.5186,0,211.9976,1,295005,390516,-3.7960,-5.1948,1.3988,37.77
2026-06-03,224.93,228.05,223.04,225.09,222.78,223.73,235.06,245.79,238.25,241.5186,0,213.1531,1,361265,388312,-3.4669,-4.8492,1.3823,38.40
2026-06-04,226.92,234.11,225.28,226.85,223.79,222.79,234.87,245.81,238.36,241.5186,0,214.2392,1,336136,386956,-3.0286,-4.4851,1.4565,39.01
2026-06-05,227.67,234.11,226.85,228.55,224.91,221.62,234.73,245.88,238.47,241.5186,0,215.8290,1,420727,388244,-2.5152,-4.0911,1.5759,42.69
2026-06-08,227.55,229.33,223.57,225.57,226.08,221.44,234.60,245.93,238.58,241.5186,0,217.2917,1,288181,388466,-2.3217,-3.7372,1.4155,40.63
2026-06-09,225.57,234.50,225.57,230.73,226.93,221.94,234.72,246.01,238.72,241.5186,0,218.6374,1,342223,390049,-1.7326,-3.3363,1.6037,42.66
2026-06-10,230.97,230.97,218.19,218.62,226.22,221.84,234.58,246.04,238.75,241.5186,0,234.5019,0,393851,390819,-2.2168,-3.1124,0.8956,34.39
2026-06-11,218.39,224.65,215.87,224.34,225.93,222.22,234.46,246.13,238.81,241.5186,0,234.5019,0,260291,387070,-2.1152,-2.9130,0.7978,35.64
2026-06-12,226.02,229.41,220.17,224.57,225.84,222.62,234.42,246.21,238.88,241.5186,0,233.7566,0,282777,385335,-1.9932,-2.7290,0.7358,32.00
2026-06-15,229.57,239.15,228.90,236.64,226.70,223.61,234.66,246.34,239.01,241.5186,0,215.8688,1,397013,385873,-0.9118,-2.3656,1.4537,39.10
2026-06-16,236.75,246.15,236.75,243.21,228.42,225.06,234.96,246.25,239.16,213.2354,1,216.3343,1,433269,388197,0.4699,-1.7985,2.2684,43.26
2026-06-17,241.53,244.01,238.47,239.13,229.82,226.30,235.27,246.07,239.29,214.1843,1,217.5268,1,281210,384941,1.2213,-1.1945,2.4159,43.00
2026-06-18,241.70,243.41,238.51,240.55,231.19,227.49,235.36,245.92,239.44,215.1391,1,218.6715,1,728530,390082,1.9101,-0.5736,2.4836,43.15
2026-06-22,239.33,242.10,232.19,237.68,232.10,228.51,235.53,245.69,239.57,215.1391,1,219.7704,1,376405,390475,2.1985,-0.0192,2.2176,42.44
2026-06-23,237.64,245.24,237.64,244.72,234.02,230.05,235.87,245.55,239.72,215.5670,1,220.8254,1,414658,392448,2.9610,0.5768,2.3841,47.23
2026-06-24,248.09,270.12,247.45,261.77,237.12,232.03,236.32,245.55,239.96,227.8829,1,221.8382,1,796490,398280,4.8851,1.4385,3.4466,58.67
2026-06-25,259.88,262.51,250.19,250.59,240.32,233.27,236.38,245.60,240.14,227.8829,1,224.7352,1,443253,396647,5.4449,2.2398,3.2051,49.35
2026-06-26,249.76,264.41,248.92,262.42,244.13,235.03,236.50,245.76,240.37,227.8829,1,227.4583,1,566124,400624,6.7653,3.1449,3.6204,53.12
2026-06-29,264.62,271.20,261.76,264.90,248.16,237.00,236.73,245.94,240.62,233.9450,1,230.0180,1,403332,403274,7.9203,4.1000,3.8203,56.91
2026-06-30,260.31,261.94,253.48,255.51,250.05,238.37,236.54,246.09,240.80,233.9450,1,233.3125,1,335356,399973,7.9861,4.8772,3.1089,52.75
2026-07-01,261.60,268.09,256.11,264.16,252.14,240.28,236.38,246.21,241.02,233.9450,1,236.3434,1,304036,397932,8.6365,5.6291,3.0075,57.78
2026-07-02,265.19,269.00,262.87,268.30,255.06,242.44,236.29,246.34,241.23,234.2080,1,239.1319,1,335083,396228,9.3783,6.3789,2.9994,58.85
2026-07-06,268.30,270.14,263.52,266.38,257.64,244.42,236.34,246.41,241.44,236.2884,1,241.6973,1,363300,395505,9.6988,7.0429,2.6559,57.89
2026-07-07,271.15,275.41,268.28,269.48,260.82,246.46,236.74,246.50,241.67,241.6493,1,244.0574,1,334450,393695,10.0871,7.6517,2.4354,58.41
2026-07-08,265.67,266.62,254.31,259.94,262.34,248.18,236.93,246.53,241.87,241.6493,1,247.1930,1,391012,397109,9.5149,8.0244,1.4905,57.18
2026-07-09,259.23,268.12,253.29,267.39,262.91,250.01,237.39,246.60,242.11,241.6493,1,250.0150,1,621865,403682,9.5532,8.3301,1.2231,60.39
2026-07-10,267.39,272.76,266.93,270.44,264.89,252.61,237.97,246.66,242.35,241.6493,1,252.5548,1,277872,401011,9.7173,8.6076,1.1097,60.09
2026-07-13,270.23,274.29,263.12,265.25,265.17,254.65,238.28,246.68,242.58,241.6493,1,253.2949,1,426549,399371,9.3209,8.7502,0.5706,55.71
2026-07-14,261.65,271.49,259.63,265.90,265.27,256.72,238.65,246.74,242.83,241.6493,1,255.5067,1,288328,399028,8.9558,8.7913,0.1645,53.37
2026-07-15,266.29,271.25,263.46,266.73,266.40,258.22,238.97,246.78,243.09,241.6493,1,257.4973,1,366795,402781,8.6339,8.7599,-0.1259,55.75
2026-07-16,270.25,272.01,262.74,270.56,267.04,259.59,239.47,246.83,243.34,241.6493,1,259.2889,1,356679,405052,8.5892,8.7257,-0.1365,58.62
2026-07-17,268.92,272.61,264.22,268.38,267.04,261.05,239.88,246.89,243.59,241.6493,1,260.9013,1,429145,408517,8.2826,8.6371,-0.3545,55.04
2026-07-20,267.64,269.19,263.16,264.70,266.88,262.26,240.26,246.83,243.85,241.6493,1,262.3524,1,428449,408222,7.6541,8.4405,-0.7864,53.04
2026-07-21,263.73,268.60,259.88,264.56,266.38,263.60,240.51,246.73,244.09,241.6493,1,275.4130,0,523309,402043,7.0633,8.1650,-1.1018,52.00
2026-07-22,265.45,265.90,259.29,260.70,266.46,264.40,241.14,246.65,244.31,241.6493,1,275.1022,0,239097,387553,6.2124,7.7745,-1.5621,55.26
2026-07-23,256.73,259.83,250.76,257.24,265.45,264.18,241.87,246.49,244.51,241.6493,1,274.4696,0,312661,380796,5.1986,7.2593,-2.0608,52.48
2026-07-24,259.15,266.22,257.88,259.57,264.36,264.63,242.65,246.33,244.70,241.6493,1,273.0469,0,320064,378938,4.5306,6.7136,-2.1830,53.48
2026-07-27,264.63,280.36,264.63,277.97,265.63,265.40,243.87,246.31,245.01,241.6493,1,250.7585,1,354365,377437,5.4237,6.4556,-1.0319,65.51
2026-07-28,282.02,296.22,279.52,295.36,268.58,266.93,245.45,246.39,245.44,254.1334,1,251.3505,1,427919,380269,7.4493,6.6544,0.7950,72.71
2026-07-29,291.12,311.95,290.22,303.83,272.29,269.34,247.19,246.49,245.88,264.2044,1,253.1454,1,759275,389446,9.6269,7.2489,2.3780,82.59
2026-07-30,299.13,300.65,286.75,292.51,274.48,270.76,248.76,246.53,246.30,264.2044,1,256.6737,1,508819,392776,10.3200,7.8631,2.4569,73.83
2026-07-31,290.02,296.94,287.24,294.32,277.08,272.06,250.36,246.58,246.70,264.2044,1,259.9903,1,331465,391501,10.8895,8.4684,2.4212,71.76
2026-08-03,302.98,306.80,297.37,297.60,280.37,273.62,251.97,246.66,247.08,264.6809,1,263.1079,1,646427,397003,11.4737,9.0694,2.4043,71.47
2026-08-04,299.65,312.30,298.27,311.61,285.07,275.73,253.86,246.83,247.55,267.2120,1,266.0384,1,688779,405182,12.9183,9.8392,3.0791,77.16
2026-08-05,322.54,326.52,313.01,319.20,290.92,278.69,255.96,247.06,248.09,281.0259,1,269.7393,1,964798,417824,14.5083,10.7730,3.7352,78.01
2026-08-06,324.53,330.83,305.48,306.13,295.81,280.63,257.64,247.21,248.55,281.0259,1,275.4173,1,715810,424957,14.5459,11.5276,3.0183,79.72
2026-08-07,311.03,314.34,304.41,310.23,300.88,282.62,259.33,247.40,249.02,281.0259,1,282.0672,1,503302,428706,14.7370,12.1695,2.5675,81.12
2026-08-10,307.09,313.94,303.76,313.56,304.44,285.03,261.06,247.62,249.47,281.0259,1,287.9191,1,425860,432785,14.9841,12.7324,2.2517,83.67
2026-08-11,310.46,325.35,310.46,320.61,306.96,287.77,262.96,247.85,249.95,281.0259,1,293.0688,1,454764,431902,15.5692,13.2998,2.2695,86.82
2026-08-12,319.67,328.79,315.63,325.10,309.09,290.69,264.90,248.03,250.50,281.7371,1,297.6005,1,531200,435751,16.2087,13.8816,2.3272,86.89
2026-08-13,325.18,329.09,318.39,327.84,312.62,293.55,266.94,248.25,251.06,284.1039,1,301.5884,1,273548,435322,16.7433,14.4539,2.2894,87.37
2026-08-14,328.54,332.76,327.41,332.21,316.41,296.74,269.08,248.47,251.61,292.8075,1,305.0978,1,443808,436973,17.3203,15.0272,2.2931,87.33
2026-08-17,330.02,334.52,316.89,318.04,318.45,299.41,270.91,248.62,252.08,292.8075,1,308.9705,1,717071,444592,16.4445,15.3107,1.1339,85.45
2026-08-18,316.31,327.42,316.28,320.96,319.39,302.23,272.75,248.83,252.60,292.8075,1,313.0581,1,325984,442697,15.8036,15.4093,0.3944,86.34
2026-08-19,323.66,334.38,322.76,325.80,320.05,305.48,274.76,249.01,253.13,292.8075,1,316.2841,1,395733,444848,15.5077,15.4289,0.0788,87.41
2026-08-20,326.21,328.15,322.30,323.70,321.81,308.81,276.62,249.24,253.66,292.8075,1,316.2841,1,302840,444060,14.9319,15.3295,-0.3976,87.89
2026-08-21,327.98,328.52,320.21,321.17,322.90,311.89,278.67,249.43,254.20,292.8075,1,319.2014,1,437964,444943,14.1083,15.0853,-0.9770,86.08
2026-08-24,323.08,340.60,323.08,338.64,325.41,314.92,280.95,249.80,254.84,294.2879,1,320.2084,1,530196,450341,14.6962,15.0075,-0.3113,88.92
2026-08-25,336.51,340.00,332.69,337.48,327.09,317.03,283.21,250.25,255.46,300.3539,1,320.2084,1,329791,451281,14.8969,14.9854,-0.0884,88.85
2026-08-26,338.51,341.51,332.74,332.96,327.88,318.48,285.14,250.67,256.04,302.1017,1,323.0842,1,395293,451247,14.5236,14.8930,-0.3694,88.44
2026-08-27,333.37,333.37,315.39,318.92,326.99,319.80,286.65,250.94,256.35,302.1017,1,341.5077,0,536583,453313,12.9456,14.5035,-1.5579,81.67
2026-08-28,319.39,329.72,316.26,329.44,326.71,321.56,288.46,251.34,256.67,302.1017,1,341.5077,0,319293,454075,12.4009,14.0830,-1.6821,85.67
2026-08-31,325.24,327.46,316.82,317.12,326.62,322.54,289.99,251.67,256.94,302.1017,1,340.9853,0,426273,448029,10.8501,13.4364,-2.5863,82.72
2026-09-01,313.25,315.35,302.79,304.23,324.95,322.17,291.32,251.93,257.10,302.1017,1,340.4734,0,713876,454779,8.4831,12.4458,-3.9626,80.03
2026-09-02,306.67,314.75,305.05,308.06,323.17,321.61,292.59,252.22,257.31,302.1017,1,338.9661,0,469391,455874,6.8375,11.3241,-4.4866,78.67
2026-09-03,310.22,314.13,301.88,303.14,321.12,321.46,293.42,252.43,257.51,302.1017,1,337.5191,0,487570,449695,5.0778,10.0749,-4.9970,77.61
2026-09-04,302.21,303.00,295.71,298.04,318.80,320.85,294.37,252.66,257.79,335.0679,0,335.3807,0,550092,451832,3.2345,8.7068,-5.4723,73.16
2026-09-08,296.50,296.50,271.66,274.55,312.39,318.90,294.61,252.66,257.97,324.1356,0,332.2071,0,944397,459397,-0.1205,6.9413,-7.0618,63.43
2026-09-09,266.40,274.37,261.43,272.60,305.91,316.50,294.76,252.92,258.14,307.8860,0,326.1524,0,734139,466014,-2.9032,4.9724,-7.8756,62.99
2026-09-10,269.60,283.72,267.82,276.88,300.30,314.09,295.19,253.20,258.36,307.8860,0,318.3857,0,498910,469285,-4.7089,3.0362,-7.7450,66.49
2026-09-11,280.50,282.65,275.27,280.83,296.49,311.74,295.52,253.54,258.54,307.8860,0,311.5510,0,383445,470873,-5.7548,1.2780,-7.0328,64.46
2026-09-14,284.60,292.92,281.81,287.86,292.33,309.52,295.91,253.89,258.74,307.8860,0,305.5365,0,497480,474121,-5.9479,-0.1672,-5.7807,66.36
2026-09-15,284.76,294.84,284.73,293.08,289.93,308.27,296.45,254.28,258.92,307.8860,0,300.2437,0,604302,478941,-5.6150,-1.2568,-4.3582,70.80
2026-09-16,290.28,291.77,286.37,286.97,288.20,306.57,296.80,254.59,259.07,307.8860,0,295.5860,0,561313,483478,-5.7776,-2.1609,-3.6166,70.02
2026-09-17,289.86,292.39,280.85,284.55,285.85,304.51,297.29,254.94,259.22,307.8860,0,294.8400,0,472780,485113,-6.0322,-2.9352,-3.0970,68.67
2026-09-18,284.44,287.49,276.68,279.35,283.47,302.29,297.53,255.29,259.33,307.8860,0,292.3900,0,935264,491381,-6.5777,-3.6637,-2.9140,64.17
2026-09-21,279.29,283.65,278.43,281.02,281.77,300.29,297.74,255.76,259.43,307.8860,0,292.3900,0,479195,495408,-6.7969,-4.2903,-2.5066,61.08
2026-09-22,285.25,287.12,263.18,280.70,282.38,297.39,298.05,256.30,259.53,307.8860,0,288.6748,0,1759287,522063,-6.9168,-4.8156,-2.1012,62.97
2026-09-23,278.00,278.00,257.69,259.04,281.03,293.47,297.91,256.67,259.54,307.8860,0,287.1200,0,1321519,542726,-8.6597,-5.5844,-3.0753,49.83
2026-09-24,260.55,268.14,256.50,261.75,279.51,289.91,297.81,257.10,259.54,302.3065,0,287.1200,0,595769,547306,-9.7104,-6.4096,-3.3008,53.13
2026-09-25,262.15,269.26,261.05,264.17,277.85,287.17,297.69,257.51,259.54,302.3065,0,282.2208,0,545115,551075,-10.2298,-7.1737,-3.0562,55.36
2026-09-28,260.01,266.65,257.22,264.23,275.49,283.91,297.60,258.02,259.56,299.3698,0,278.1055,0,478415,552060,-10.5155,-7.8420,-2.6734,54.56
2026-09-29,264.02,267.01,255.07,266.33,272.81,281.37,297.64,258.48,259.53,298.3133,0,274.6486,0,725163,557994,-10.4519,-8.3640,-2.0879,56.76
2026-09-30,264.50,268.78,262.61,263.36,270.45,279.33,297.61,258.89,259.45,298.3133,0,271.1244,0,634829,560225,-10.5199,-8.7952,-1.7247,54.54
2026-10-01,264.65,268.62,260.50,262.67,268.26,277.06,297.65,259.19,259.40,298.3133,0,268.7800,0,378402,563011,-10.5083,-9.1378,-1.3705,55.57
2026-10-02,265.44,269.05,261.27,265.00,266.83,275.15,297.81,259.53,259.32,298.3133,0,255.0700,1,378447,564326,-10.1937,-9.3490,-0.8447,57.42
2026-10-05,265.59,268.00,257.51,260.17,264.74,273.26,297.82,259.85,259.20,295.7802,0,255.3496,1,336062,564646,-10.2162,-9.5224,-0.6938,51.03
2026-10-06,261.60,266.88,253.16,260.07,262.68,272.53,297.46,260.16,259.10,293.8586,0,269.0500,0,432366,566206,-10.1255,-9.6430,-0.4824,48.29
2026-10-07,254.00,260.95,254.00,258.86,262.66,271.84,296.73,260.42,258.97,290.0148,0,268.7322,0,337942,564407,-10.0355,-9.7215,-0.3140,49.10
2026-10-08,259.04,272.78,258.54,270.13,263.50,271.51,296.06,260.55,258.88,290.0148,0,253.1600,1,524538,559712,-8.9516,-9.5676,0.6159,57.37
2026-10-09,272.09,274.98,268.78,274.22,264.50,271.18,295.69,260.72,258.82,290.0148,0,253.5524,1,338196,556300,-7.6742,-9.1889,1.5147,61.93
