symbol,longName,sector,industry,country,marketCap,currentPrice,averageVolume10days,averageVolume3months,averageDollarVolume,revenueGrowth,earningsGrowth,earningsQuarterlyGrowth,grossMargins,operatingMargins,profitMargins,returnOnEquity,returnOnAssets,totalCash,totalDebt,debtToEquity,currentRatio,quickRatio,operatingCashflow,freeCashflow,sharesOutstanding,floatShares,heldPercentInsiders,heldPercentInstitutions,sharesShort,shortRatio,shortPercentOfFloat,trailingPE,forwardPE,priceToSalesTrailing12Months,priceToBook,enterpriseToRevenue,enterpriseToEbitda,targetMeanPrice,targetHighPrice,targetLowPrice,recommendationMean,recommendationKey,numberOfAnalystOpinions,epsRevisionUpLast7Days,epsRevisionUpLast30Days,epsRevisionDownLast7Days,epsRevisionDownLast30Days,nextEarningsDate,beta,website,retrievedAt
GLW,Corning Incorporated,Technology,Electronic Components,United States,134688047104,156.68,7302360,10289707,1612191292.76,0.166,0.185,0.192,0.36395,0.15649,0.111999996,0.16813,0.05367,2504000000,9379000320,71.448,1.813,0.978,3915000064,734499968,859637825,790582210,0.08067001,0.74881,17615953,1.93,0.0231,71.87155,35.840588,7.9396396,11.302027,8.199,34.048,187.70589,238.0,129.0,1.55556,buy,17,1,1,0,0,2026-10-27,1.123,https://www.corning.com,2026-10-10T21:30:02.803319+01:00
Date,Open,High,Low,Close,Ma10:Top:Line,Ma20:Top:Line,Ma50:Top:Line,Ma150:Top:Line,Ma200:Top:Line,Supertrend:Top:ColorLine,Supertrend_Dir,ParabolicSAR:Top:ColorLine,ParabolicSAR_Dir,Volume:Middle:Histogram,Vo50:Middle:Line,Macd:Bottom:Line,MacdSignal:Bottom:Line,MacdDelta:Bottom:Histogram,RsRating:Hidden:Hidden
2023-08-03,31.27,31.51,30.87,31.26,,,,,,,0,31.5104,0,171942,,,,,0
2023-08-04,31.25,31.47,30.77,30.82,,,,,,,0,31.5104,0,158354,,,,,0
2023-08-07,31.06,31.23,30.71,30.83,,,,,,,0,31.5104,0,107816,,,,,0
2023-08-08,30.44,30.59,30.09,30.57,,,,,,,0,31.4784,0,111051,,,,,0
2023-08-09,30.61,30.65,30.30,30.32,,,,,,,0,31.3948,0,117870,,,,,0
2023-08-10,30.44,30.71,30.35,30.41,,,,,,,0,31.3163,0,95243,,,,,0
2023-08-11,30.19,30.34,30.09,30.20,,,,,,,0,31.2425,0,85006,,,,,0
2023-08-14,30.03,30.20,29.93,30.13,,,,,,,0,31.1731,0,94307,,,,,0
2023-08-15,29.89,29.99,29.62,29.69,,,,,,,0,31.0734,0,107230,,,,,0
2023-08-16,29.47,29.79,29.47,29.56,30.38,,,,,31.0625,0,30.9281,0,98301,,,,,0
2023-08-17,29.78,30.04,29.74,29.83,30.24,,,,,31.0625,0,30.7533,0,69749,,,,,0
2023-08-18,29.60,30.03,29.58,29.94,30.15,,,,,31.0625,0,30.5994,0,84535,,,,,0
2023-08-21,29.93,30.01,29.66,29.80,30.04,,,,,31.0625,0,30.4640,0,63757,,,,,0
2023-08-22,29.93,30.03,29.74,29.76,29.96,,,,,31.0625,0,30.3449,0,85215,,,,,0
2023-08-23,29.79,30.10,29.70,29.98,29.93,,,,,31.0625,0,30.2400,0,58073,,,,,0
2023-08-24,29.78,30.10,29.67,29.75,29.86,,,,,31.0625,0,30.1478,0,77134,,,,,0
2023-08-25,29.91,30.33,29.72,30.20,29.86,,,,,31.0625,0,29.4712,1,100938,,,,,0
2023-08-28,30.41,30.56,30.33,30.40,29.89,,,,,31.0625,0,29.4883,1,60775,,,,,0
2023-08-29,30.49,30.67,30.37,30.64,29.99,,,,,31.0625,0,29.5312,1,90353,,,,,0
2023-08-30,30.53,30.78,30.52,30.77,30.11,30.24,,,,31.0625,0,29.5997,1,86785,,,,,0
2023-08-31,30.94,31.10,30.79,30.82,30.21,30.22,,,,31.0625,0,29.6938,1,118713,,,,,0
2023-09-01,31.14,31.24,30.73,30.86,30.30,30.22,,,,31.0625,0,29.8349,1,99178,,,,,0
2023-09-05,30.80,30.82,30.24,30.24,30.34,30.19,,,,31.0625,0,30.0030,1,90820,,,,,0
2023-09-06,30.06,30.14,29.47,29.92,30.36,30.16,,,,31.0625,0,31.2362,0,195901,,,,,0
2023-09-07,29.47,29.90,29.47,29.60,30.32,30.13,,,,31.0625,0,31.2009,0,92448,,,,,0
2023-09-08,29.55,29.60,29.29,29.46,30.29,30.08,,,,30.8042,0,31.1663,0,86089,,,,,0
2023-09-11,29.68,29.73,29.05,29.14,30.19,30.02,,,,30.8042,0,31.0913,0,67571,,,,,0
2023-09-12,29.09,29.49,29.05,29.48,30.09,29.99,,,,30.6855,0,30.9687,0,102702,,,,,0
2023-09-13,29.49,29.58,29.29,29.36,29.97,29.98,,,,30.6855,0,30.8535,0,75087,,,,,0
2023-09-14,29.54,29.65,29.39,29.56,29.85,29.98,,,,30.6855,0,30.7451,0,86989,,,,,0
2023-09-15,29.38,29.61,29.23,29.33,29.70,29.95,,,,30.6855,0,30.6433,0,169513,,,,,0
2023-09-18,29.22,29.73,29.20,29.65,29.57,29.94,,,,30.6855,0,30.5476,0,100923,,,,,0
2023-09-19,29.71,30.05,29.63,29.94,29.54,29.94,,,,30.6855,0,30.4576,0,129726,,,,,0
2023-09-20,30.05,30.22,29.64,29.70,29.52,29.94,,,,30.6855,0,30.3730,0,63926,,-0.1881,-0.2043,0.0162,0
2023-09-21,29.48,29.54,29.18,29.28,29.49,29.91,,,,30.6855,0,30.2935,0,88274,,-0.2095,-0.2053,-0.0041,0
2023-09-22,29.40,29.53,29.23,29.32,29.48,29.88,,,,30.6855,0,30.2219,0,81337,,-0.2209,-0.2084,-0.0124,0
2023-09-25,29.07,29.36,29.00,29.09,29.47,29.83,,,,30.4882,0,30.1515,0,81538,,-0.2460,-0.2160,-0.0301,0
2023-09-26,28.71,28.90,28.27,28.29,29.35,29.72,,,,30.0061,0,30.0594,0,106089,,-0.3266,-0.2381,-0.0885,0
2023-09-27,28.43,28.48,28.07,28.23,29.24,29.60,,,,29.6825,0,29.8803,0,74137,,-0.3905,-0.2686,-0.1219,0
2023-09-28,28.27,28.61,28.18,28.48,29.13,29.49,,,,29.6825,0,29.6633,0,88686,,-0.4166,-0.2982,-0.1185,0
2023-09-29,28.64,28.92,28.50,28.62,29.06,29.38,,,,29.6825,0,29.4722,0,92531,,-0.4211,-0.3228,-0.0984,0
2023-10-02,28.43,28.49,28.14,28.37,28.93,29.25,,,,29.6825,0,29.3041,0,78905,,-0.4393,-0.3461,-0.0932,0
2023-10-03,28.18,28.49,28.07,28.19,28.76,29.15,,,,29.6599,0,29.1562,0,83092,,-0.4628,-0.3694,-0.0934,0
2023-10-04,28.25,28.31,27.80,28.24,28.61,29.07,,,,29.4443,0,29.0043,0,79941,,-0.4722,-0.3900,-0.0822,0
2023-10-05,28.18,28.24,27.70,27.87,28.47,28.98,,,,29.3859,0,28.8114,0,77245,,-0.5034,-0.4127,-0.0907,0
2023-10-06,27.70,28.01,27.40,27.78,28.32,28.90,,,,29.1553,0,28.6123,0,75781,,-0.5296,-0.4360,-0.0935,0
2023-10-09,27.50,27.78,27.43,27.65,28.17,28.82,,,,29.0201,0,28.3688,0,84122,,-0.5545,-0.4597,-0.0948,0
2023-10-10,26.94,27.86,26.79,27.47,28.09,28.72,,,,28.9154,0,28.1741,0,122335,,-0.5820,-0.4842,-0.0978,0
2023-10-11,27.62,27.71,27.21,27.33,28.00,28.62,,,,28.9154,0,27.8981,0,89226,,-0.6082,-0.5090,-0.0992,0
2023-10-12,27.49,27.58,26.16,26.42,27.79,28.46,29.45,,,28.7247,0,27.8552,0,160926,97364,-0.6944,-0.5461,-0.1483,0
2023-10-13,26.39,26.52,26.11,26.23,27.56,28.31,29.35,,,28.1048,0,27.7144,0,104486,96015,-0.7690,-0.5907,-0.1783,0
2023-10-16,26.48,26.79,26.24,26.67,27.39,28.16,29.27,,,28.1048,0,27.5829,0,161693,96081,-0.7835,-0.6292,-0.1543,0
2023-10-17,26.41,26.69,26.24,26.47,27.21,27.98,29.18,,,28.1048,0,27.2880,0,117022,96265,-0.8016,-0.6637,-0.1379,0
2023-10-18,26.23,26.33,25.88,25.92,26.98,27.80,29.09,,,27.8493,0,27.0521,0,86948,95783,-0.8509,-0.7011,-0.1498,0
2023-10-19,25.88,26.23,25.70,25.76,26.77,27.62,29.00,,,27.6921,0,26.8183,0,107103,95568,-0.8926,-0.7394,-0.1531,0
2023-10-20,25.71,25.76,25.51,25.52,26.54,27.43,28.90,,,27.2623,0,26.5955,0,118660,96036,-0.9345,-0.7785,-0.1561,0
2023-10-23,25.49,25.56,25.24,25.29,26.31,27.24,28.80,,,26.9633,0,26.3779,0,119626,96729,-0.9747,-0.8177,-0.1570,0
2023-10-24,24.03,25.28,23.72,25.23,26.08,27.09,28.70,,,26.3806,0,26.1493,0,278616,100415,-1.0003,-0.8542,-0.1461,0
2023-10-25,24.85,25.35,24.78,25.15,25.87,26.93,28.61,,,26.3806,0,25.6641,0,209021,102451,-1.0150,-0.8864,-0.1286,0
2023-10-26,25.24,25.59,25.17,25.29,25.75,26.77,28.53,,,26.3806,0,23.7230,1,104273,102570,-1.0037,-0.9099,-0.0939,0
2023-10-27,25.34,25.42,24.87,24.97,25.63,26.59,28.43,,,26.3806,0,23.7604,1,113454,103444,-1.0089,-0.9297,-0.0792,0
2023-10-30,25.13,25.24,24.77,25.04,25.46,26.42,28.33,,,26.3806,0,23.7970,1,99836,103750,-0.9962,-0.9430,-0.0532,0
2023-10-31,25.09,25.25,25.00,25.13,25.33,26.27,28.24,,,26.3806,0,23.8329,1,106390,104603,-0.9674,-0.9479,-0.0196,0
2023-11-01,25.07,25.11,24.80,25.04,25.24,26.11,28.14,,,26.3806,0,23.8681,1,84118,104581,-0.9413,-0.9465,0.0052,0
2023-11-02,25.20,25.73,25.08,25.71,25.24,26.00,28.06,,,26.3806,0,23.9025,1,92372,105267,-0.8562,-0.9285,0.0723,0
2023-11-03,26.12,26.58,26.12,26.23,25.31,25.93,27.99,,,26.3806,0,23.9758,1,108567,105896,-0.7386,-0.8905,0.1519,0
2023-11-06,26.27,26.30,26.00,26.03,25.38,25.85,27.90,,,26.3806,0,24.1319,1,76236,105402,-0.6537,-0.8431,0.1894,0
2023-11-07,25.88,26.09,25.70,25.80,25.44,25.76,27.81,,,26.3806,0,24.2787,1,90948,106005,-0.5985,-0.7942,0.1957,0
2023-11-08,25.75,25.91,25.58,25.65,25.49,25.68,27.71,,,26.3806,0,24.4166,1,58599,105370,-0.5604,-0.7475,0.1870,0
2023-11-09,25.82,25.85,25.39,25.42,25.50,25.63,27.61,,,26.3806,0,24.5463,1,70961,105054,-0.5422,-0.7064,0.1642,0
2023-11-10,25.58,26.06,25.30,26.00,25.61,25.62,27.51,,,26.3806,0,24.6682,1,125584,105191,-0.4760,-0.6603,0.1843,0
2023-11-13,25.93,26.14,25.74,26.03,25.70,25.58,27.41,,,26.3806,0,24.7828,1,86026,104928,-0.4158,-0.6114,0.1957,0
2023-11-14,26.39,26.79,26.37,26.73,25.86,25.60,27.34,,,24.9505,1,24.8905,1,148735,106086,-0.3084,-0.5508,0.2424,0
2023-11-15,26.91,27.41,26.90,27.19,26.08,25.66,27.29,,,25.4809,1,25.0428,1,139513,104959,-0.1840,-0.4774,0.2934,0
2023-11-16,26.99,27.16,26.68,26.91,26.20,25.72,27.23,,,25.4809,1,25.2799,1,93810,104986,-0.1064,-0.4032,0.2968,0
2023-11-17,27.09,27.15,26.80,27.01,26.28,25.79,27.18,,,25.4809,1,25.4933,1,87126,105006,-0.0368,-0.3300,0.2931,0
2023-11-20,26.84,26.98,26.57,26.83,26.36,25.87,27.14,,,25.4809,1,25.6853,1,103547,105726,0.0037,-0.2632,0.2669,0
2023-11-21,26.79,26.91,26.58,26.66,26.44,25.94,27.08,,,25.4809,1,25.8582,1,97800,105628,0.0218,-0.2062,0.2280,0
2023-11-22,26.84,26.91,26.63,26.70,26.55,26.02,27.03,,,25.4809,1,26.0138,1,76694,105660,0.0396,-0.1571,0.1966,0
2023-11-24,26.73,26.85,26.61,26.74,26.68,26.09,26.97,,,25.4809,1,26.1538,1,27540,104471,0.0560,-0.1144,0.1705,0
2023-11-27,26.61,26.69,26.41,26.43,26.72,26.16,26.91,,,25.4809,1,26.2798,1,74942,102580,0.0433,-0.0829,0.1262,0
2023-11-28,26.33,26.52,26.15,26.33,26.75,26.23,26.85,,,25.4809,1,27.4138,0,140260,103366,0.0245,-0.0614,0.0859,0
2023-11-29,26.59,26.94,26.59,26.76,26.76,26.31,26.78,,,25.4809,1,27.3885,0,100624,102784,0.0444,-0.0402,0.0846,0
2023-11-30,26.96,27.04,26.57,27.02,26.74,26.41,26.73,,,25.4809,1,27.3636,0,204575,105597,0.0798,-0.0162,0.0960,0
2023-12-01,26.86,27.41,26.79,27.35,26.78,26.49,26.69,,,25.6808,1,26.1453,1,104937,105931,0.1331,0.0136,0.1195,0
2023-12-04,27.39,27.49,27.06,27.37,26.82,26.55,26.65,,,25.8671,1,26.1705,1,99564,106295,0.1749,0.0459,0.1290,0
2023-12-05,27.24,27.29,26.84,26.99,26.83,26.60,26.61,,,25.8671,1,26.2234,1,135319,107371,0.1754,0.0718,0.1036,0
2023-12-06,27.24,27.51,27.15,27.30,26.90,26.67,26.59,,,25.8914,1,26.2741,1,132682,107903,0.1988,0.0972,0.1016,0
2023-12-07,27.42,27.69,27.27,27.51,26.98,26.76,26.58,,,26.0619,1,26.3483,1,136884,109158,0.2314,0.1240,0.1074,0
2023-12-08,27.58,27.86,27.51,27.61,27.07,26.87,26.56,,,26.3026,1,26.4557,1,110350,109591,0.2619,0.1516,0.1103,0
2023-12-11,27.69,28.00,27.66,27.98,27.22,26.97,26.55,,,26.4685,1,26.5963,1,174631,111233,0.3124,0.1838,0.1286,0
2023-12-12,27.99,28.03,27.82,27.89,27.38,27.06,26.54,,,26.6372,1,26.7653,1,122887,112113,0.3415,0.2153,0.1262,0
2023-12-13,27.95,28.22,27.63,28.15,27.52,27.14,26.54,,,26.6372,1,26.9427,1,163430,113719,0.3809,0.2484,0.1325,0
2023-12-14,28.31,29.21,28.31,28.99,27.71,27.23,26.55,,,27.2349,1,27.1474,1,164317,115407,0.4747,0.2937,0.1810,0
2023-12-15,28.90,29.09,28.72,28.89,27.87,27.32,26.57,,,27.4204,1,27.5184,1,239428,118650,0.5345,0.3419,0.1926,0
2023-12-18,28.76,28.95,28.54,28.54,27.98,27.40,26.59,,,27.4204,1,27.8226,1,215167,121438,0.5480,0.3831,0.1649,0
2023-12-19,28.69,28.84,28.60,28.81,28.17,27.50,26.61,,,27.4204,1,28.0720,1,134760,122451,0.5735,0.4212,0.1524,0
2023-12-20,28.72,28.85,28.20,28.21,28.26,27.58,26.62,,,27.4204,1,29.2084,0,108376,122172,0.5393,0.4448,0.0945,0
2023-12-21,28.42,28.63,28.28,28.62,28.37,27.67,26.65,,,27.4204,1,29.1883,0,111772,122623,0.5389,0.4636,0.0753,0
2023-12-22,28.74,28.92,28.58,28.67,28.47,27.77,26.70,,,27.4204,1,29.1686,0,89877,121202,0.5362,0.4782,0.0581,0
2023-12-26,28.59,28.97,28.59,28.88,28.56,27.89,26.75,,,27.4204,1,29.1493,0,67042,120453,0.5447,0.4915,0.0532,0
2023-12-27,28.90,29.00,28.80,28.98,28.67,28.03,26.79,,,27.6082,1,29.1303,0,88511,118989,0.5534,0.5038,0.0496,0
2023-12-28,29.03,29.09,28.93,29.05,28.76,28.14,26.85,,,27.8028,1,29.1118,0,109502,118839,0.5592,0.5149,0.0443,0
2023-12-29,28.91,29.06,28.73,28.88,28.75,28.23,26.90,,,27.8028,1,29.0946,0,86959,118839,0.5438,0.5207,0.0231,0
2024-01-02,28.63,29.14,28.53,28.91,28.76,28.31,26.97,,,27.8028,1,28.2032,1,150114,119699,0.5285,0.5223,0.0063,0
2024-01-03,28.62,28.78,28.43,28.57,28.76,28.37,27.03,,,27.8028,1,28.2219,1,133765,120001,0.4833,0.5145,-0.0312,0
2024-01-04,28.53,28.81,28.31,28.72,28.75,28.46,27.10,,,27.8028,1,28.2403,1,121380,120036,0.4537,0.5023,-0.0486,0
2024-01-05,28.63,29.04,28.54,28.99,28.83,28.54,27.17,,,27.8028,1,28.2584,1,174289,117950,0.4473,0.4913,-0.0440,0
2024-01-08,29.05,29.79,28.99,29.70,28.93,28.65,27.26,,,27.9664,1,28.2760,1,218604,118142,0.4939,0.4919,0.0021,0
2024-01-09,29.42,29.53,28.93,29.01,28.97,28.72,27.34,,,27.9664,1,28.3365,1,130668,118669,0.4696,0.4874,-0.0178,0
2024-01-10,28.92,29.24,28.76,29.10,28.99,28.78,27.42,,,27.9664,1,28.3945,1,87206,118144,0.4528,0.4805,-0.0277,0
2024-01-11,29.02,29.19,28.81,29.15,29.01,28.84,27.50,,,27.9664,1,28.4502,1,116188,118472,0.4382,0.4720,-0.0338,0
2024-01-12,29.31,29.41,29.00,29.02,29.01,28.88,27.58,,,27.9664,1,28.5037,1,132611,118996,0.4112,0.4599,-0.0487,0
2024-01-16,28.76,28.83,28.42,28.66,28.98,28.87,27.65,,,27.9664,1,29.7869,0,158546,120485,0.3566,0.4392,-0.0826,0
2024-01-17,28.40,28.53,28.17,28.31,28.92,28.84,27.71,,,27.9664,1,29.7595,0,84356,120324,0.2818,0.4077,-0.1259,0
2024-01-18,28.57,28.76,28.38,28.60,28.93,28.84,27.75,,,27.9664,1,29.6962,0,149871,121150,0.2434,0.3748,-0.1315,0
2024-01-19,28.65,28.98,28.28,28.87,28.94,28.84,27.81,,,27.9664,1,29.6353,0,168470,122995,0.2317,0.3462,-0.1145,0
2024-01-22,28.92,29.18,28.91,29.04,28.95,28.89,27.87,,,27.9664,1,29.5769,0,161557,124407,0.2336,0.3237,-0.0901,0
2024-01-23,29.03,29.24,28.73,28.73,28.85,28.89,27.94,,,27.9664,1,29.5208,0,186775,126971,0.2081,0.3006,-0.0924,0
2024-01-24,28.94,29.09,28.74,28.80,28.83,28.90,28.00,,,27.9664,1,29.4669,0,166904,128890,0.1911,0.2787,-0.0876,0
2024-01-25,29.02,29.46,28.93,29.23,28.84,28.92,28.07,,,27.9664,1,28.1747,1,151847,129415,0.2097,0.2649,-0.0552,0
2024-01-26,29.33,29.48,29.20,29.27,28.85,28.93,28.13,,,27.9664,1,28.2005,1,141851,130531,0.2248,0.2569,-0.0320,0
2024-01-29,29.21,29.57,29.18,29.54,28.90,28.95,28.19,,,27.9748,1,28.2518,1,218586,131928,0.2561,0.2567,-0.0006,0
2024-01-30,31.11,32.12,30.91,31.58,29.20,29.09,28.28,,,29.4794,1,28.3308,1,378947,136717,0.4403,0.2934,0.1469,0
2024-01-31,31.60,31.66,30.69,30.81,29.45,29.18,28.35,,,29.4794,1,28.6339,1,328272,141406,0.5184,0.3384,0.1799,0
2024-02-01,30.68,30.76,30.13,30.43,29.63,29.28,28.42,,,29.4794,1,28.9128,1,165854,142981,0.5433,0.3794,0.1639,0
2024-02-02,30.30,30.74,30.20,30.58,29.80,29.37,28.50,,,29.4794,1,29.1694,1,136959,143649,0.5688,0.4173,0.1515,0
2024-02-05,30.34,30.49,30.08,30.36,29.93,29.44,28.57,,,29.4794,1,29.4054,1,288935,147472,0.5641,0.4467,0.1175,0
2024-02-06,30.45,30.54,30.30,30.38,30.10,29.47,28.65,,,29.4794,1,29.6225,1,127663,148491,0.5563,0.4686,0.0877,0
2024-02-07,30.40,30.46,29.93,30.15,30.23,29.53,28.71,,,29.4794,1,29.8223,1,125755,150455,0.5249,0.4799,0.0451,0
2024-02-08,30.07,30.17,29.90,30.09,30.32,29.58,28.79,,,29.4794,1,32.1197,0,112404,151205,0.4898,0.4818,0.0080,0
2024-02-09,30.01,30.39,29.95,30.38,30.43,29.64,28.87,,,29.4794,1,32.0754,0,91138,150222,0.4802,0.4815,-0.0013,0
2024-02-12,30.37,30.71,30.26,30.52,30.53,29.72,28.94,,,29.4794,1,32.0319,0,103179,150273,0.4777,0.4808,-0.0030,0
2024-02-13,30.03,30.19,29.37,29.66,30.34,29.77,29.00,,,29.4794,1,31.9892,0,158439,149351,0.4023,0.4651,-0.0628,0
2024-02-14,29.96,30.17,29.79,30.11,30.27,29.86,29.05,,,29.4794,1,31.8845,0,123469,149721,0.3742,0.4469,-0.0727,0
2024-02-15,30.17,30.56,30.17,30.37,30.26,29.95,29.11,,,29.4794,1,31.7839,0,114956,150029,0.3691,0.4313,-0.0623,0
2024-02-16,30.28,30.55,30.09,30.26,30.23,30.01,29.18,,,29.4794,1,31.6873,0,107661,149476,0.3518,0.4154,-0.0636,0
2024-02-20,30.00,30.63,30.00,30.62,30.26,30.09,29.24,,,29.4794,1,31.5946,0,179594,150414,0.3630,0.4049,-0.0420,0
2024-02-21,30.54,30.78,30.39,30.58,30.28,30.19,29.30,,,29.4794,1,31.5056,0,126497,150206,0.3646,0.3968,-0.0323,0
2024-02-22,30.63,31.03,30.43,31.00,30.36,30.30,29.37,,,29.4794,1,31.4201,0,154189,151083,0.3949,0.3965,-0.0015,0
2024-02-23,31.08,31.08,30.78,31.00,30.45,30.39,29.43,,,29.4794,1,31.3381,0,94320,149477,0.4142,0.4000,0.0142,0
2024-02-26,30.92,31.08,30.83,30.83,30.50,30.46,29.49,,,29.4794,1,31.2594,0,132959,149678,0.4110,0.4022,0.0088,0
2024-02-27,30.97,31.07,30.67,30.75,30.52,30.52,29.54,,,29.4794,1,31.1838,0,82171,148053,0.3978,0.4013,-0.0036,0
2024-02-28,30.64,30.82,30.43,30.70,30.62,30.48,29.58,,,29.4794,1,31.1112,0,96283,146693,0.3783,0.3967,-0.0184,0
2024-02-29,30.86,30.99,30.74,30.84,30.70,30.48,29.62,,,29.4794,1,31.0671,0,215518,146214,0.3702,0.3914,-0.0213,0
2024-03-01,30.89,31.20,30.69,31.04,30.76,30.51,29.67,,,29.5261,1,29.3696,1,152869,144968,0.3756,0.3882,-0.0127,0
2024-03-04,30.96,32.10,30.88,31.93,30.93,30.58,29.73,,,29.8460,1,29.4063,1,195139,146176,0.4465,0.3999,0.0466,0
2024-03-05,31.76,31.84,30.88,31.09,30.98,30.62,29.79,,,29.8460,1,29.5141,1,209843,148205,0.4299,0.4059,0.0240,0
2024-03-06,31.30,31.72,31.24,31.39,31.06,30.67,29.84,,,29.8460,1,29.6177,1,125698,148484,0.4356,0.4118,0.0237,0
2024-03-07,31.43,31.47,30.86,31.18,31.08,30.72,29.89,28.68,,29.8460,1,29.7171,1,209559,150878,0.4191,0.4133,0.0058,0
2024-03-08,31.31,31.46,31.10,31.29,31.10,30.78,29.94,28.68,,29.8460,1,29.8125,1,125479,152046,0.4097,0.4126,-0.0028,0
2024-03-11,31.38,31.51,31.05,31.47,31.17,30.83,29.99,28.68,,29.8460,1,29.9042,1,100388,152284,0.4123,0.4125,-0.0003,0
2024-03-12,31.47,31.56,31.28,31.46,31.24,30.88,30.04,28.69,,29.8460,1,29.9921,1,110708,152308,0.4088,0.4118,-0.0030,0
2024-03-13,31.57,31.61,31.18,31.31,31.30,30.96,30.09,28.69,,29.8460,1,30.0765,1,125251,153074,0.3892,0.4072,-0.0181,0
2024-03-14,31.24,31.32,30.82,31.12,31.33,31.01,30.13,28.70,,29.8460,1,30.1576,1,126529,152602,0.3541,0.3966,-0.0425,0
2024-03-15,30.99,31.18,30.96,31.10,31.33,31.05,30.18,28.70,,29.8460,1,30.2354,1,273253,155392,0.3211,0.3815,-0.0604,0
2024-03-18,31.22,31.26,30.87,30.93,31.23,31.08,30.23,28.71,,29.8460,1,30.3101,1,223510,157434,0.2778,0.3608,-0.0829,0
2024-03-19,30.77,31.14,30.68,31.14,31.24,31.11,30.27,28.71,,29.8460,1,30.3818,1,131518,156579,0.2576,0.3401,-0.0826,0
2024-03-20,31.17,31.37,31.00,31.25,31.22,31.14,30.30,28.73,,29.8460,1,30.4507,1,177450,155756,0.2479,0.3217,-0.0738,0
2024-03-21,31.43,31.89,31.40,31.69,31.28,31.18,30.35,28.74,,30.1854,1,30.5168,1,178839,156719,0.2726,0.3119,-0.0393,0
2024-03-22,31.55,31.59,31.13,31.16,31.26,31.18,30.40,28.75,,30.1854,1,30.5802,1,133680,157649,0.2461,0.2987,-0.0526,0
2024-03-25,31.13,31.29,31.04,31.06,31.22,31.19,30.43,28.76,,30.1854,1,30.6411,1,84023,157006,0.2149,0.2820,-0.0670,0
2024-03-26,31.17,31.27,30.89,30.91,31.17,31.20,30.47,28.76,,30.1854,1,30.6996,1,176174,157877,0.1758,0.2607,-0.0849,0
2024-03-27,31.09,31.61,30.97,31.59,31.19,31.25,30.53,28.78,,30.1854,1,30.7557,1,132972,157365,0.1974,0.2481,-0.0507,0
2024-03-28,31.66,31.87,31.45,31.53,31.23,31.28,30.59,28.79,,30.2285,1,30.8096,1,129833,158275,0.2074,0.2399,-0.0325,0
2024-04-01,31.51,31.58,31.22,31.25,31.25,31.29,30.65,28.80,,30.2285,1,30.8613,1,75288,156783,0.1908,0.2301,-0.0393,0
2024-04-02,31.13,31.28,31.03,31.10,31.27,31.25,30.69,28.80,,30.2285,1,30.9110,1,165352,156721,0.1634,0.2168,-0.0534,0
2024-04-03,31.09,31.32,31.00,31.16,31.27,31.25,30.73,28.81,,30.2285,1,30.9587,1,97244,155435,0.1447,0.2024,-0.0577,0
2024-04-04,31.54,31.56,30.87,30.96,31.24,31.23,30.78,28.81,,30.2285,1,32.1029,0,142994,154559,0.1131,0.1845,-0.0714,0
2024-04-05,30.93,31.23,30.88,31.13,31.18,31.23,30.83,28.81,,30.2285,1,32.0783,0,147754,154176,0.1000,0.1676,-0.0676,0
2024-04-08,31.37,31.37,30.79,30.79,31.15,31.20,30.86,28.81,,30.2285,1,32.0541,0,158494,154309,0.0619,0.1465,-0.0846,0
2024-04-09,30.89,31.16,30.71,31.14,31.15,31.19,30.89,28.81,,30.2285,1,32.0036,0,141430,154300,0.0588,0.1289,-0.0701,0
2024-04-10,30.68,30.78,30.36,30.56,31.12,31.14,30.91,28.82,,30.2285,1,31.9258,0,132762,152584,0.0099,0.1051,-0.0952,0
2024-04-11,31.01,31.12,30.64,30.87,31.05,31.12,30.90,28.82,,30.2285,1,31.8007,0,193339,148872,-0.0040,0.0833,-0.0873,0
2024-04-12,30.53,30.66,30.02,30.12,30.91,31.07,30.89,28.82,,31.9340,0,31.6856,0,105570,144418,-0.0745,0.0517,-0.1262,0
2024-04-15,30.45,30.65,29.90,29.93,30.78,31.01,30.88,28.83,,31.9340,0,31.5188,0,105917,143219,-0.1441,0.0126,-0.1566,0
2024-04-16,30.03,30.07,29.56,29.58,30.62,30.95,30.86,28.83,,31.4659,0,31.3248,0,177926,144038,-0.2252,-0.0350,-0.1902,0
2024-04-17,29.66,30.07,29.61,29.63,30.47,30.87,30.84,28.83,,31.4659,0,31.0775,0,160563,141471,-0.2816,-0.0843,-0.1973,0
2024-04-18,29.70,29.78,29.39,29.57,30.33,30.79,30.83,28.83,,31.1701,0,30.8649,0,143846,141795,-0.3279,-0.1330,-0.1949,0
2024-04-19,29.57,30.03,29.57,29.91,30.21,30.70,30.82,28.84,,31.1701,0,30.6283,0,144983,142179,-0.3330,-0.1730,-0.1600,0
2024-04-22,30.13,30.39,29.92,30.18,30.15,30.65,30.82,28.84,,31.1701,0,30.4296,0,111113,142153,-0.3118,-0.2008,-0.1110,0
2024-04-23,30.20,30.48,30.11,30.16,30.05,30.60,30.82,28.84,,31.1701,0,29.3862,1,100470,142340,-0.2932,-0.2193,-0.0739,0
2024-04-24,30.17,30.33,29.96,30.15,30.01,30.57,30.81,28.85,,31.1701,0,29.4080,1,100974,142296,-0.2760,-0.2306,-0.0454,0
2024-04-25,30.06,30.30,29.85,29.99,29.92,30.49,30.82,28.85,,31.1701,0,29.4294,1,118193,141491,-0.2724,-0.2390,-0.0334,0
2024-04-26,29.96,30.36,29.92,29.97,29.91,30.41,30.81,28.85,,31.1701,0,29.4504,1,115605,141334,-0.2680,-0.2448,-0.0232,0
2024-04-29,30.01,30.42,30.01,30.40,29.95,30.37,30.82,28.86,,31.1701,0,29.4709,1,177828,142591,-0.2271,-0.2413,0.0141,0
2024-04-30,31.68,32.97,31.62,31.93,30.19,30.41,30.85,28.88,,30.2349,1,29.4910,1,430462,149047,-0.0705,-0.2071,0.1366,0
2024-05-01,31.97,32.58,31.41,32.03,30.43,30.45,30.88,28.90,,30.2349,1,29.6303,1,330290,152061,0.0607,-0.1535,0.2143,0
2024-05-02,32.29,32.33,31.64,32.11,30.68,30.51,30.91,28.93,,30.2349,1,29.7640,1,175031,153032,0.1697,-0.0889,0.2586,0
2024-05-03,32.29,32.40,32.06,32.26,30.92,30.56,30.93,28.95,,30.2349,1,29.8924,1,151416,152976,0.2646,-0.0182,0.2828,0
2024-05-06,32.24,32.38,31.49,31.99,31.10,30.62,30.95,28.98,,30.2349,1,30.0156,1,232796,155746,0.3145,0.0484,0.2662,0
2024-05-07,32.11,32.20,31.92,31.97,31.28,30.67,30.98,29.00,,30.2349,1,30.1340,1,133596,155758,0.3486,0.1084,0.2402,0
2024-05-08,31.85,32.48,31.85,32.46,31.51,30.76,31.01,29.03,,30.2349,1,30.2475,1,134247,156800,0.4102,0.1688,0.2414,0
2024-05-09,32.52,32.73,32.47,32.72,31.78,30.85,31.05,29.06,,30.7241,1,30.3566,1,96307,156800,0.4744,0.2299,0.2445,0
2024-05-10,32.86,32.89,32.60,32.69,32.05,30.98,31.09,29.09,,30.9692,1,30.4612,1,98809,154466,0.5170,0.2873,0.2297,0
2024-05-13,32.69,32.94,32.67,32.79,32.29,31.12,31.12,29.13,,31.1256,1,30.5617,1,83232,153074,0.5529,0.3404,0.2124,0
2024-05-14,32.87,33.51,32.84,33.43,32.44,31.32,31.15,29.16,,31.4467,1,30.6582,1,235273,153876,0.6258,0.3975,0.2283,0
2024-05-15,33.53,33.61,33.36,33.59,32.60,31.51,31.20,29.20,,31.8529,1,30.8293,1,142062,152521,0.6880,0.4556,0.2324,0
2024-05-16,33.55,33.79,33.49,33.69,32.76,31.72,31.25,29.25,,32.0802,1,31.0521,1,162234,153251,0.7373,0.5119,0.2254,0
2024-05-17,33.82,33.85,33.60,33.82,32.91,31.92,31.30,29.30,29.33,32.2446,1,31.3255,1,133651,151733,0.7775,0.5650,0.2124,0
2024-05-20,33.83,34.05,33.77,33.98,33.11,32.11,31.35,29.35,29.35,32.4930,1,31.6289,1,260447,154433,0.8130,0.6146,0.1984,0
2024-05-21,33.86,35.20,33.86,34.90,33.40,32.34,31.42,29.40,29.37,32.8548,1,31.9684,1,398737,160400,0.9049,0.6727,0.2322,0
2024-05-22,34.89,35.14,34.75,34.99,33.66,32.58,31.49,29.46,29.39,33.3211,1,32.4858,1,184374,161873,0.9742,0.7330,0.2412,0
2024-05-23,34.94,35.00,34.51,34.55,33.84,32.81,31.56,29.52,29.41,33.3211,1,32.9205,1,111542,161599,0.9822,0.7828,0.1994,0
2024-05-24,34.78,34.94,34.67,34.70,34.04,33.05,31.63,29.58,29.43,33.3211,1,33.2856,1,100249,161073,0.9896,0.8242,0.1654,0
2024-05-28,34.61,34.66,34.19,34.29,34.19,33.24,31.69,29.64,29.45,33.3211,1,33.5922,1,146458,158537,0.9513,0.8496,0.1017,0
2024-05-29,33.93,34.25,33.86,34.01,34.25,33.35,31.76,29.69,29.47,33.3211,1,33.8498,1,124030,156548,0.8875,0.8572,0.0303,0
2024-05-30,35.08,35.66,34.64,35.36,34.43,33.51,31.84,29.76,29.50,33.3211,1,33.8630,1,430004,162517,0.9350,0.8727,0.0623,0
2024-05-31,35.34,35.92,35.31,35.91,34.65,33.70,31.93,29.83,29.53,33.7374,1,33.8630,1,274893,164466,1.0062,0.8994,0.1068,0
2024-06-03,35.91,36.16,35.70,36.01,34.87,33.89,32.02,29.90,29.56,34.1026,1,34.2752,1,208954,165068,1.0582,0.9312,0.1270,0
2024-06-04,35.70,35.90,35.58,35.67,35.04,34.08,32.11,29.98,29.59,34.1026,1,34.6513,1,126604,164927,1.0599,0.9569,0.1030,0
2024-06-05,35.86,36.16,35.63,36.14,35.16,34.28,32.21,30.05,29.62,34.1368,1,34.9521,1,128729,165821,1.0861,0.9828,0.1034,0
2024-06-06,36.08,36.14,35.91,36.05,35.27,34.46,32.31,30.12,29.65,34.3763,1,35.1947,1,145759,165213,1.0874,1.0037,0.0837,0
2024-06-07,35.87,35.94,35.49,35.60,35.37,34.61,32.39,30.19,29.68,34.3763,1,35.3887,1,154386,165641,1.0398,1.0109,0.0289,0
2024-06-10,35.35,35.57,35.26,35.53,35.46,34.75,32.47,30.26,29.71,34.3763,1,36.1650,0,111881,165282,0.9853,1.0058,-0.0205,0
2024-06-11,35.34,36.21,35.29,36.00,35.63,34.91,32.57,30.32,29.74,34.3763,1,35.2589,1,328280,170342,0.9691,0.9984,-0.0294,0
2024-06-12,36.39,36.93,36.16,36.65,35.89,35.07,32.68,30.39,29.77,34.7273,1,35.2589,1,320125,173437,0.9968,0.9981,-0.0013,0
2024-06-13,36.09,36.79,35.78,36.70,36.03,35.23,32.79,30.47,29.80,34.7273,1,35.2878,1,344361,178380,1.0118,1.0009,0.0109,0
2024-06-14,36.48,36.60,35.71,35.90,36.03,35.34,32.89,30.53,29.83,34.7273,1,35.3534,1,212124,179762,0.9482,0.9903,-0.0421,0
2024-06-17,37.01,37.74,36.54,37.35,36.16,35.51,33.01,30.61,29.86,34.7530,1,35.4163,1,522614,187259,1.0029,0.9928,0.0101,0
2024-06-18,37.59,38.80,37.29,38.76,36.47,35.75,33.17,30.70,29.90,35.4465,1,35.5555,1,635656,196803,1.1466,1.0236,0.1230,0
2024-06-20,38.79,38.99,38.18,38.41,36.70,35.93,33.32,30.78,29.94,36.0032,1,35.8148,1,460778,203190,1.2184,1.0625,0.1559,0
2024-06-21,38.59,39.00,38.34,38.60,36.95,36.11,33.48,30.86,29.98,36.1514,1,36.1322,1,517286,210880,1.2762,1.1053,0.1709,0
2024-06-24,38.45,38.92,38.16,38.46,37.24,36.31,33.63,30.94,30.02,36.1514,1,36.4762,1,375228,214518,1.2954,1.1433,0.1521,0
2024-06-25,38.37,38.55,38.19,38.33,37.52,36.49,33.80,31.01,30.07,36.1514,1,36.7789,1,208836,216583,1.2856,1.1718,0.1139,0
2024-06-26,38.03,38.10,36.62,36.90,37.61,36.62,33.94,31.08,30.10,36.1514,1,38.9988,0,607416,226613,1.1488,1.1672,-0.0184,0
2024-06-27,36.90,37.40,36.50,37.20,37.66,36.78,34.09,31.15,30.15,36.1514,1,38.9512,0,447833,232011,1.0523,1.1442,-0.0919,0.00
2024-06-28,37.40,37.65,37.27,37.45,37.74,36.88,34.24,31.22,30.18,36.1514,1,38.8532,0,325485,235310,0.9847,1.1123,-0.1276,0.00
2024-07-01,37.53,37.66,37.03,37.26,37.87,36.95,34.40,31.29,30.22,36.1514,1,38.7592,0,159987,235633,0.9060,1.0710,-0.1651,0.00
2024-07-02,37.27,37.50,36.77,37.00,37.84,37.00,34.54,31.36,30.26,36.1514,1,38.6689,0,240782,237549,0.8132,1.0195,-0.2063,0.00
2024-07-03,37.12,37.18,36.79,37.03,37.66,37.07,34.68,31.43,30.30,36.1514,1,38.5823,0,118249,237691,0.7335,0.9623,-0.2288,0.00
2024-07-05,37.10,37.13,36.74,37.05,37.53,37.11,34.81,31.50,30.34,36.1514,1,38.4991,0,126329,238208,0.6642,0.9027,-0.2384,0.00
2024-07-08,39.42,42.01,39.35,41.50,37.82,37.38,35.04,31.60,30.39,37.2280,1,36.5023,1,1526747,266724,0.9569,0.9135,0.0434,0.00
2024-07-09,41.98,43.42,41.98,43.06,38.28,37.76,35.30,31.71,30.46,39.0186,1,36.6124,1,1006500,284490,1.2998,0.9908,0.3091,0.00
2024-07-10,43.37,44.08,43.13,43.84,38.83,38.17,35.58,31.82,30.53,39.9863,1,36.8848,1,599827,294174,1.6160,1.1158,0.5002,0.00
2024-07-11,44.09,44.21,43.15,43.42,39.48,38.54,35.84,31.92,30.61,40.1073,1,37.3165,1,450635,299631,1.8122,1.2551,0.5571,0.00
2024-07-12,43.85,44.46,43.59,43.97,40.16,38.91,36.08,32.04,30.68,40.4948,1,37.8682,1,458454,300190,1.9891,1.4019,0.5872,0.00
2024-07-15,44.16,44.60,43.78,44.11,40.82,39.28,36.32,32.15,30.76,40.7659,1,38.5278,1,527988,304144,2.1158,1.5447,0.5711,0.00
2024-07-16,44.25,44.71,44.07,44.53,41.55,39.71,36.57,32.26,30.84,41.1169,1,39.2563,1,381612,308276,2.2248,1.6807,0.5441,0.00
2024-07-17,43.95,44.39,43.95,44.18,42.27,40.05,36.81,32.37,30.92,41.1169,1,40.0205,1,341270,312073,2.2572,1.7960,0.4612,0.00
2024-07-18,44.04,44.15,42.98,43.37,42.90,40.28,37.04,32.47,30.99,41.1169,1,40.6777,1,304245,313502,2.1914,1.8751,0.3163,0.00
2024-07-19,43.45,43.45,42.59,42.71,43.47,40.50,37.25,32.57,31.06,41.1169,1,41.2429,1,266609,316162,2.0627,1.9126,0.1501,89.33
2024-07-22,42.93,42.94,42.29,42.71,43.59,40.70,37.46,32.67,31.14,41.1169,1,41.7289,1,272710,318932,1.9383,1.9177,0.0206,89.38
2024-07-23,42.70,43.03,42.42,42.47,43.53,40.90,37.65,32.76,31.21,41.1169,1,42.1469,1,284742,322700,1.7995,1.8941,-0.0946,88.37
2024-07-24,42.23,42.70,42.17,42.36,43.38,41.11,37.85,32.85,31.28,41.1169,1,44.7146,0,323947,327203,1.6618,1.8476,-0.1858,88.91
2024-07-25,42.30,42.32,41.17,41.26,43.17,41.32,38.02,32.93,31.35,41.1169,1,44.6637,0,354283,332624,1.4474,1.7676,-0.3202,86.93
2024-07-26,41.69,41.69,41.08,41.30,42.90,41.53,38.17,33.02,31.42,41.1169,1,44.5239,0,329538,334509,1.2659,1.6673,-0.4013,85.46
2024-07-29,41.45,41.47,40.86,41.14,42.60,41.71,38.32,33.10,31.48,41.1169,1,44.3173,0,494648,341561,1.0963,1.5531,-0.4568,83.13
2024-07-30,38.12,38.47,36.24,38.30,41.98,41.77,38.42,33.17,31.54,41.2014,0,44.0407,0,1027068,358858,0.7248,1.3874,-0.6626,73.75
2024-07-31,39.24,39.40,38.46,38.57,41.42,41.84,38.51,33.23,31.60,41.2014,0,43.2608,0,541287,367011,0.4463,1.1992,-0.7529,74.33
2024-08-01,38.78,39.00,38.03,38.59,40.94,41.92,38.60,33.30,31.66,41.2014,0,42.5589,0,359031,368982,0.2252,1.0044,-0.7791,78.60
2024-08-02,38.03,38.16,37.14,37.53,40.42,41.95,38.66,33.36,31.72,41.2014,0,41.9272,0,256591,366139,-0.0351,0.7965,-0.8316,79.38
2024-08-05,36.48,36.74,35.84,36.40,39.79,41.69,38.68,33.41,31.77,40.1901,0,41.3587,0,257391,367600,-0.3293,0.5713,-0.9007,78.56
2024-08-06,36.76,37.30,36.52,36.95,39.24,41.39,38.73,33.46,31.82,40.1901,0,40.6962,0,283220,371033,-0.5123,0.3546,-0.8669,79.26
2024-08-07,37.47,37.52,36.40,36.48,38.65,41.02,38.77,33.51,31.87,40.1901,0,40.1131,0,226491,373558,-0.6867,0.1463,-0.8331,77.75
2024-08-08,36.72,37.25,36.64,37.22,38.25,40.71,38.83,33.57,31.93,40.1901,0,39.6000,0,159386,373817,-0.7571,-0.0344,-0.7228,78.13
2024-08-09,37.15,37.33,36.93,37.06,37.82,40.36,38.89,33.62,31.99,40.1901,0,39.1485,0,121640,373769,-0.8160,-0.1907,-0.6253,77.67
2024-08-12,37.10,37.94,37.10,37.89,37.50,40.05,38.94,33.68,32.06,40.1901,0,38.7511,0,161945,368408,-0.7866,-0.3099,-0.4768,80.93
2024-08-13,38.00,38.59,37.87,38.33,37.50,39.74,38.99,33.74,32.12,40.1901,0,35.8373,1,216313,367236,-0.7193,-0.3918,-0.3275,80.31
2024-08-14,38.25,38.39,37.85,38.16,37.46,39.44,39.03,33.80,32.19,40.1901,0,35.8924,1,176441,366586,-0.6722,-0.4478,-0.2244,79.65
2024-08-15,38.38,39.10,38.38,38.81,37.48,39.21,39.09,33.87,32.25,40.1901,0,35.9464,1,220065,368455,-0.5761,-0.4735,-0.1026,79.76
2024-08-16,38.75,38.83,38.31,38.75,37.60,39.01,39.14,33.93,32.32,40.1901,0,36.0724,1,190620,369693,-0.4989,-0.4786,-0.0203,78.91
2024-08-19,38.71,39.16,38.55,39.14,37.88,38.84,39.21,34.00,32.39,40.1901,0,36.1933,1,115808,369094,-0.4012,-0.4631,0.0619,77.47
2024-08-20,39.12,39.32,38.89,39.26,38.11,38.68,39.28,34.07,32.46,40.1901,0,36.3715,1,129611,368598,-0.3108,-0.4326,0.1218,79.03
2024-08-21,39.72,40.59,39.71,40.56,38.52,38.59,39.38,34.15,32.54,37.4060,1,36.6071,1,191784,370196,-0.1327,-0.3727,0.2400,82.60
2024-08-22,40.38,40.56,39.72,39.78,38.77,38.51,39.46,34.22,32.61,37.4192,1,37.0053,1,154193,366715,-0.0539,-0.3089,0.2550,81.16
2024-08-23,40.10,40.50,39.99,40.43,39.11,38.47,39.53,34.30,32.68,37.5806,1,37.3637,1,121337,362739,0.0600,-0.2351,0.2951,80.15
2024-08-26,40.62,40.84,40.42,40.70,39.39,38.45,39.61,34.38,32.75,38.1007,1,37.6862,1,110076,358053,0.1700,-0.1541,0.3241,80.77
2024-08-27,40.70,41.02,40.37,40.98,39.66,38.58,39.71,34.46,32.83,38.2243,1,38.0647,1,175187,357314,0.2774,-0.0678,0.3452,80.69
2024-08-28,41.01,41.06,40.50,40.79,39.92,38.69,39.78,34.54,32.91,38.3904,1,38.4788,1,157731,350017,0.3430,0.0144,0.3286,79.62
2024-08-29,40.94,41.13,40.28,40.36,40.07,38.78,39.81,34.61,32.98,38.3904,1,38.8921,1,187695,341057,0.3558,0.0827,0.2732,77.14
2024-08-30,40.65,40.68,39.87,40.61,40.26,38.93,39.86,34.69,33.05,38.3904,1,39.2947,1,218934,336221,0.3820,0.1425,0.2395,76.41
2024-09-03,40.11,40.30,39.36,39.47,40.29,39.09,39.87,34.76,33.11,38.3904,1,41.1290,0,198730,329849,0.3068,0.1754,0.1314,74.16
2024-09-04,39.64,40.10,39.48,40.02,40.37,39.24,39.91,34.81,33.18,38.3904,1,41.0936,0,144084,325227,0.2885,0.1980,0.0905,77.46
2024-09-05,39.99,40.45,39.76,40.14,40.33,39.42,39.94,34.87,33.24,38.3904,1,41.0589,0,166729,324384,0.2809,0.2146,0.0663,78.59
2024-09-06,40.45,40.90,39.14,39.44,40.29,39.53,39.99,34.93,33.31,38.3904,1,41.0249,0,189106,316018,0.2153,0.2147,0.0006,77.51
2024-09-09,39.49,40.00,39.41,39.76,40.23,39.67,40.04,35.00,33.37,38.3904,1,40.9497,0,120288,309467,0.1870,0.2092,-0.0222,77.35
2024-09-10,39.73,40.08,39.53,39.94,40.15,39.77,40.09,35.06,33.44,38.3904,1,40.9013,0,149254,305943,0.1773,0.2028,-0.0255,78.13
2024-09-11,39.92,40.65,39.54,40.61,40.11,39.88,40.16,35.13,33.51,38.3904,1,40.8310,0,236750,307478,0.2212,0.2065,0.0147,80.76
2024-09-12,40.57,40.65,39.97,40.62,40.10,40.01,40.23,35.20,33.58,38.3904,1,40.7636,0,101226,304687,0.2538,0.2159,0.0379,80.42
2024-09-13,40.85,41.35,40.80,41.24,40.18,40.13,40.32,35.27,33.65,38.5641,1,39.1449,1,143344,305189,0.3260,0.2380,0.0881,78.18
2024-09-16,41.22,41.70,41.02,41.64,40.29,40.27,40.41,35.35,33.73,38.8929,1,39.1890,1,158758,305837,0.4106,0.2725,0.1381,76.55
2024-09-17,41.73,42.31,41.73,42.02,40.54,40.42,40.42,35.42,33.80,39.5983,1,39.2893,1,192109,279145,0.5024,0.3185,0.1839,78.11
2024-09-18,42.09,42.56,41.89,42.13,40.75,40.56,40.40,35.51,33.88,39.8480,1,39.4704,1,166993,262354,0.5779,0.3703,0.2075,77.60
2024-09-19,43.55,43.91,42.46,43.11,41.05,40.69,40.39,35.59,33.96,40.5137,1,39.7176,1,332283,257004,0.7086,0.4380,0.2706,78.93
2024-09-20,42.75,43.20,42.71,43.18,41.43,40.86,40.38,35.68,34.04,40.5137,1,40.1368,1,446535,256922,0.8084,0.5121,0.2963,80.67
2024-09-23,43.31,43.52,43.15,43.33,41.78,41.00,40.37,35.77,34.12,40.9277,1,40.5141,1,184061,251434,0.8889,0.5874,0.3015,82.72
2024-09-24,43.58,44.25,43.29,43.95,42.18,41.17,40.37,35.86,34.20,41.3122,1,40.8536,1,189271,244659,0.9915,0.6682,0.3232,84.19
2024-09-25,44.08,44.08,43.22,43.35,42.46,41.28,40.34,35.94,34.28,41.3122,1,41.2611,1,190388,240835,1.0125,0.7371,0.2754,83.88
2024-09-26,43.68,43.99,43.68,43.94,42.79,41.44,40.34,36.03,34.36,41.4167,1,41.6196,1,170597,237421,1.0647,0.8026,0.2621,84.24
2024-09-27,44.08,44.11,43.33,43.54,43.02,41.60,40.34,36.11,34.44,41.4167,1,41.9352,1,176801,234873,1.0617,0.8544,0.2072,84.05
2024-09-30,43.57,43.82,43.27,43.81,43.24,41.76,40.36,36.20,34.52,41.4167,1,42.2128,1,168211,232905,1.0689,0.8973,0.1716,85.02
2024-10-01,43.75,43.79,42.98,43.22,43.36,41.95,40.37,36.28,34.60,41.4167,1,42.4572,1,167159,230794,1.0151,0.9209,0.0943,84.16
2024-10-02,43.24,43.83,43.06,43.58,43.50,42.13,40.39,36.37,34.67,41.4167,1,42.6722,1,113407,227367,0.9901,0.9347,0.0554,80.96
2024-10-03,43.39,43.77,43.10,43.27,43.52,42.28,40.41,36.45,34.74,41.4167,1,42.8614,1,110583,223100,0.9344,0.9347,-0.0002,78.67
2024-10-04,43.64,43.69,43.11,43.55,43.55,42.49,40.46,36.53,34.82,41.4167,1,43.0280,1,106276,218140,0.9026,0.9283,-0.0256,77.82
2024-10-07,43.34,43.42,42.74,42.80,43.50,42.64,40.49,36.60,34.89,41.4167,1,44.2491,0,139864,214346,0.8078,0.9042,-0.0964,78.57
2024-10-08,43.10,43.46,42.72,43.27,43.43,42.81,40.53,36.69,34.96,41.4167,1,44.2190,0,140940,207272,0.7615,0.8756,-0.1142,80.11
2024-10-09,43.28,46.04,43.26,45.35,43.63,43.04,40.67,36.78,35.04,41.7747,1,42.7159,1,668108,200093,0.8822,0.8769,0.0052,84.71
2024-10-10,45.51,45.66,44.52,44.66,43.70,43.25,40.79,36.87,35.12,42.1585,1,42.7159,1,196114,193189,0.9117,0.8839,0.0278,84.36
2024-10-11,44.77,45.53,44.74,45.08,43.86,43.44,40.92,36.96,35.21,42.2380,1,42.7825,1,152273,189054,0.9585,0.8988,0.0597,82.93
2024-10-14,45.01,45.66,44.78,45.44,44.02,43.63,41.08,37.05,35.29,42.3484,1,42.8477,1,166743,187257,1.0129,0.9216,0.0913,83.01
2024-10-15,45.70,45.83,44.35,44.40,44.14,43.75,41.24,37.14,35.36,42.3484,1,42.9116,1,186641,185842,0.9611,0.9295,0.0316,81.70
2024-10-16,44.37,45.11,44.33,44.65,44.25,43.87,41.40,37.23,35.44,42.3484,1,42.9743,1,129661,182771,0.9290,0.9294,-0.0004,81.50
2024-10-17,45.11,45.17,44.69,45.14,44.43,43.98,41.57,37.32,35.52,42.3484,1,43.0357,1,138890,181019,0.9327,0.9301,0.0026,81.50
2024-10-18,45.08,45.33,44.82,45.28,44.61,44.08,41.73,37.42,35.61,42.3816,1,43.0959,1,95023,179732,0.9358,0.9312,0.0046,80.89
2024-10-21,45.22,46.00,45.11,45.64,44.89,44.20,41.90,37.51,35.69,42.8663,1,43.1548,1,245746,182214,0.9562,0.9362,0.0200,84.98
2024-10-22,45.09,46.04,44.93,45.91,45.15,44.29,42.06,37.61,35.78,42.8663,1,43.2126,1,202175,183018,0.9830,0.9456,0.0374,84.40
2024-10-23,45.67,46.31,45.19,45.50,45.17,44.40,42.21,37.71,35.86,42.9350,1,43.2692,1,227735,183247,0.9602,0.9485,0.0117,84.21
2024-10-24,45.80,45.84,45.37,45.42,45.25,44.48,42.35,37.80,35.94,42.9359,1,43.3907,1,107878,181876,0.9253,0.9439,-0.0186,86.06
2024-10-25,45.64,45.75,44.82,44.88,45.23,44.54,42.47,37.89,36.02,42.9359,1,43.5073,1,182919,181133,0.8440,0.9239,-0.0799,85.64
2024-10-28,45.29,45.84,45.01,45.45,45.23,44.62,42.61,37.99,36.10,42.9359,1,43.6193,1,332274,183966,0.8164,0.9024,-0.0860,85.30
2024-10-29,47.97,49.52,47.57,47.58,45.54,44.84,42.78,38.10,36.19,44.8898,1,43.7268,1,656845,194786,0.9550,0.9129,0.0421,88.12
2024-10-30,47.47,47.90,46.51,46.62,45.74,44.99,42.92,38.20,36.28,44.8898,1,44.0743,1,383436,199863,0.9760,0.9255,0.0505,87.15
2024-10-31,46.76,47.22,46.11,46.18,45.85,45.14,43.03,38.30,36.37,44.8898,1,44.4009,1,326315,202554,0.9466,0.9297,0.0168,87.65
2024-11-01,46.23,46.98,46.01,46.93,46.01,45.31,43.18,38.40,36.46,44.8898,1,44.7079,1,284850,205167,0.9723,0.9382,0.0340,88.20
2024-11-04,46.98,47.02,45.53,45.63,46.01,45.45,43.28,38.50,36.55,44.8898,1,44.9966,1,202628,206792,0.8776,0.9261,-0.0485,87.04
2024-11-05,45.63,45.90,45.24,45.88,46.01,45.58,43.39,38.60,36.63,44.8898,1,49.5182,0,212774,208846,0.8136,0.9036,-0.0900,86.31
2024-11-06,47.35,47.45,46.68,46.81,46.14,45.65,43.50,38.70,36.72,44.8898,1,49.4326,0,244731,210237,0.8285,0.8886,-0.0601,81.05
2024-11-07,46.97,47.12,46.72,46.79,46.27,45.76,43.62,38.81,36.81,44.8898,1,49.3487,0,136549,209814,0.8292,0.8767,-0.0475,82.25
2024-11-08,46.67,47.69,46.67,47.28,46.51,45.87,43.76,38.92,36.90,44.8898,1,49.2666,0,235210,210764,0.8589,0.8732,-0.0142,82.37
2024-11-11,47.51,47.94,47.40,47.47,46.72,45.97,43.90,39.02,36.99,44.8898,1,49.1860,0,146466,209315,0.8880,0.8761,0.0118,81.40
2024-11-12,47.29,47.51,46.54,46.89,46.65,46.10,44.05,39.13,37.08,44.8898,1,49.1071,0,211917,209578,0.8541,0.8717,-0.0176,81.33
2024-11-13,46.97,47.06,45.74,45.81,46.57,46.15,44.16,39.23,37.15,44.8898,1,49.0297,0,254169,211780,0.7320,0.8438,-0.1118,79.52
2024-11-14,45.80,46.20,45.63,45.66,46.51,46.18,44.27,39.34,37.22,44.8898,1,48.9539,0,164957,211745,0.6155,0.7981,-0.1826,79.14
2024-11-15,45.47,45.87,45.21,45.38,46.36,46.18,44.39,39.44,37.30,44.8898,1,48.8796,0,169953,211362,0.4955,0.7376,-0.2421,79.68
2024-11-18,45.44,45.58,44.91,45.33,46.33,46.17,44.50,39.54,37.37,44.8898,1,48.7327,0,166720,212290,0.3919,0.6685,-0.2766,80.41
2024-11-19,44.85,46.26,44.74,46.16,46.36,46.18,44.63,39.65,37.45,44.8898,1,48.5036,0,234525,213996,0.3725,0.6093,-0.2368,81.53
2024-11-20,46.09,46.40,45.82,46.22,46.30,46.22,44.74,39.77,37.53,44.8898,1,48.2024,0,209391,213449,0.3577,0.5589,-0.2013,80.84
2024-11-21,46.22,46.91,46.06,46.70,46.29,46.28,44.86,39.88,37.61,44.8898,1,47.9253,0,208008,215584,0.3802,0.5232,-0.1430,79.33
2024-11-22,46.68,47.44,46.58,47.36,46.30,46.41,44.98,39.99,37.70,44.8898,1,47.6703,0,157850,215874,0.4464,0.5078,-0.0614,79.29
2024-11-25,47.83,48.09,47.11,47.11,46.26,46.49,45.09,40.11,37.78,44.8898,1,44.7385,1,418269,221064,0.4730,0.5009,-0.0279,77.94
2024-11-26,47.11,47.14,46.65,46.86,46.26,46.45,45.19,40.22,37.87,44.8898,1,44.8055,1,188482,220992,0.4681,0.4943,-0.0262,77.40
2024-11-27,46.94,47.39,46.71,47.07,46.39,46.48,45.29,40.33,37.95,44.8898,1,44.8711,1,113925,219931,0.4761,0.4907,-0.0145,79.10
2024-11-29,47.07,47.81,47.03,47.51,46.57,46.54,45.38,40.45,38.04,44.8898,1,44.9354,1,117285,215631,0.5120,0.4949,0.0171,78.56
2024-12-02,47.73,48.42,47.59,48.07,46.84,46.60,45.47,40.57,38.13,45.3662,1,44.9984,1,235352,211407,0.5787,0.5117,0.0670,79.45
2024-12-03,47.85,48.12,47.77,48.00,47.11,46.72,45.57,40.67,38.22,45.4689,1,45.1353,1,144294,210612,0.6189,0.5331,0.0858,79.72
2024-12-04,48.08,48.16,47.72,47.98,47.29,46.82,45.65,40.78,38.30,45.5769,1,45.2666,1,125883,209344,0.6418,0.5549,0.0869,79.29
2024-12-05,47.91,48.81,47.91,48.57,47.52,46.91,45.75,40.89,38.39,45.9636,1,45.3927,1,222965,209995,0.6999,0.5839,0.1160,81.34
2024-12-06,48.54,48.74,48.23,48.38,47.69,46.99,45.84,41.00,38.48,46.1779,1,45.5977,1,162448,209832,0.7219,0.6115,0.1104,80.45
2024-12-09,48.43,48.58,47.14,47.35,47.69,46.99,45.92,41.10,38.56,46.1779,1,45.7904,1,209602,210488,0.6491,0.6190,0.0301,78.41
2024-12-10,47.34,47.81,47.05,47.22,47.70,46.98,45.99,41.20,38.64,46.1779,1,45.9715,1,236674,211858,0.5738,0.6100,-0.0362,78.21
2024-12-11,47.52,47.52,46.45,46.50,47.67,46.96,46.05,41.29,38.72,46.1779,1,46.1418,1,180418,212123,0.4506,0.5781,-0.1275,75.13
2024-12-12,46.43,47.86,46.37,47.45,47.70,47.04,46.13,41.39,38.81,46.1779,1,46.3018,1,238223,214619,0.4253,0.5475,-0.1222,78.26
2024-12-13,47.59,47.90,46.71,47.00,47.65,47.11,46.20,41.49,38.89,46.1779,1,46.3687,1,193732,216282,0.3648,0.5110,-0.1462,77.81
2024-12-16,47.15,47.88,47.02,47.03,47.55,47.19,46.27,41.58,38.97,46.1779,1,46.3687,1,206181,218280,0.3156,0.4719,-0.1563,77.00
2024-12-17,46.86,47.14,46.46,46.62,47.41,47.26,46.35,41.67,39.04,46.1779,1,48.8092,0,199226,219468,0.2407,0.4257,-0.1850,77.92
2024-12-18,46.76,47.04,45.28,45.40,47.15,47.22,46.39,41.75,39.11,49.1543,0,48.7621,0,214644,220942,0.0820,0.3569,-0.2750,79.16
2024-12-19,45.73,46.38,45.58,45.94,46.89,47.21,46.40,41.83,39.18,48.9670,0,48.6227,0,211695,211813,-0.0005,0.2854,-0.2860,80.16
2024-12-20,45.59,46.18,45.43,46.18,46.67,47.18,46.43,41.91,39.26,48.7228,0,48.4888,0,541501,218721,-0.0457,0.2192,-0.2649,78.96
2024-12-23,46.15,46.44,45.91,46.37,46.57,47.13,46.46,42.00,39.34,48.7228,0,48.3603,0,135480,218385,-0.0657,0.1622,-0.2279,79.93
2024-12-24,46.22,46.76,45.92,46.76,46.53,47.11,46.49,42.07,39.41,48.7228,0,48.2369,0,76295,216576,-0.0495,0.1199,-0.1694,80.27
2024-12-26,46.48,46.91,46.33,46.85,46.56,47.11,46.54,42.15,39.49,48.7228,0,48.1184,0,94070,214725,-0.0293,0.0900,-0.1193,79.31
2024-12-27,46.48,46.93,46.32,46.64,46.48,47.09,46.58,42.23,39.57,48.7228,0,48.0047,0,107744,214286,-0.0294,0.0662,-0.0956,78.31
2024-12-30,46.04,46.45,45.46,46.21,46.40,47.03,46.60,42.31,39.64,48.6204,0,47.8955,0,93089,213370,-0.0635,0.0402,-0.1037,76.92
2024-12-31,46.47,46.54,46.08,46.39,46.34,46.94,46.62,42.39,39.72,48.6204,0,47.7907,0,109272,213655,-0.0754,0.0171,-0.0925,78.00
2025-01-02,46.39,46.52,45.27,45.60,46.23,46.82,46.62,42.47,39.79,48.5517,0,47.6901,0,235325,213447,-0.1470,-0.0157,-0.1313,76.80
2025-01-03,45.93,46.40,45.65,46.37,46.33,46.74,46.63,42.54,39.87,48.5517,0,47.5446,0,153677,212477,-0.1398,-0.0405,-0.0993,77.89
2025-01-06,46.64,47.31,46.45,47.19,46.46,46.67,46.66,42.62,39.95,48.5517,0,47.4079,0,179491,211512,-0.0673,-0.0459,-0.0214,79.43
2025-01-07,47.46,47.57,46.48,46.71,46.51,46.59,46.69,42.69,40.02,48.5517,0,45.2656,1,174423,212843,-0.0478,-0.0463,-0.0015,78.66
2025-01-08,46.66,46.74,45.96,46.59,46.53,46.55,46.72,42.76,40.10,48.5517,0,45.3117,1,142049,212026,-0.0413,-0.0453,0.0040,78.09
2025-01-10,46.23,46.31,45.79,46.00,46.45,46.49,46.73,42.83,40.17,48.5517,0,45.3569,1,211677,209614,-0.0833,-0.0529,-0.0304,80.07
2025-01-13,45.31,45.75,45.09,45.47,46.32,46.44,46.69,42.89,40.25,48.0798,0,47.5694,0,212866,200734,-0.1573,-0.0738,-0.0835,78.58
2025-01-14,45.78,46.42,45.74,46.30,46.28,46.38,46.68,42.96,40.32,48.0798,0,47.5199,0,139871,195863,-0.1473,-0.0885,-0.0588,80.39
2025-01-15,47.03,47.75,47.01,47.65,46.43,46.41,46.71,43.04,40.40,48.0798,0,45.0899,1,202625,193389,-0.0303,-0.0768,0.0466,79.77
2025-01-16,47.92,48.14,47.64,48.07,46.59,46.47,46.74,43.12,40.48,48.0798,0,45.1430,1,146912,190630,0.0952,-0.0424,0.1376,80.04
2025-01-17,48.68,49.12,48.32,48.65,46.90,46.57,46.80,43.20,40.57,45.9686,1,45.2627,1,272759,192033,0.2392,0.0139,0.2253,81.13
2025-01-21,48.86,50.79,48.81,50.32,47.30,46.81,46.89,43.29,40.67,46.6812,1,45.4943,1,368500,195147,0.4824,0.1076,0.3748,80.56
2025-01-22,50.81,53.04,50.78,52.72,47.85,47.15,47.00,43.41,40.78,48.2875,1,45.9180,1,565431,201561,0.8590,0.2579,0.6011,84.21
2025-01-23,52.45,53.23,52.44,52.69,48.45,47.48,47.12,43.51,40.88,49.3398,1,46.6298,1,320366,205238,1.1420,0.4347,0.7073,85.02
2025-01-24,52.82,52.98,52.40,52.96,49.08,47.81,47.24,43.60,41.00,49.3702,1,47.4220,1,247505,205484,1.3717,0.6221,0.7496,85.68
2025-01-27,50.13,50.27,47.41,48.35,49.32,47.89,47.25,43.67,41.08,53.4942,0,53.2313,0,493155,212417,1.1685,0.7314,0.4371,81.10
2025-01-28,48.68,50.75,47.89,50.01,49.77,48.04,47.32,43.75,41.18,53.4942,0,53.1149,0,640447,220988,1.1283,0.8108,0.3175,83.27
2025-01-29,53.80,54.01,48.36,48.61,50.00,48.14,47.37,43.81,41.27,53.4942,0,47.4133,1,738340,230671,0.9726,0.8431,0.1295,79.08
2025-01-30,48.97,49.09,47.62,48.80,50.12,48.27,47.43,43.88,41.36,53.4942,0,47.5452,1,570616,238785,0.8544,0.8454,0.0090,79.47
2025-01-31,49.23,51.20,49.04,50.84,50.40,48.50,47.54,43.98,41.47,53.4942,0,47.6183,1,443279,244251,0.9147,0.8593,0.0555,83.74
2025-02-03,49.83,50.54,48.98,50.13,50.54,48.72,47.64,44.06,41.57,53.4942,0,47.6183,1,351722,247951,0.8948,0.8664,0.0284,83.05
2025-02-04,50.23,51.24,50.17,50.80,50.59,48.94,47.73,44.15,41.67,53.4942,0,47.7461,1,234289,247946,0.9226,0.8776,0.0450,84.16
2025-02-05,51.15,52.29,50.90,52.02,50.52,49.19,47.85,44.25,41.79,53.4942,0,47.8715,1,306002,249879,1.0313,0.9084,0.1230,84.85
2025-02-06,52.42,53.02,52.20,52.37,50.49,49.47,47.96,44.35,41.90,53.4942,0,47.9943,1,257171,250862,1.1327,0.9532,0.1795,85.62
2025-02-07,52.51,52.54,51.18,51.71,50.36,49.72,48.05,44.45,42.01,53.4942,0,48.1146,1,203595,251777,1.1463,0.9919,0.1545,85.54
2025-02-10,52.06,52.32,51.40,51.79,50.71,50.01,48.14,44.55,42.11,53.4942,0,48.2326,1,176603,246944,1.1502,1.0235,0.1266,85.16
2025-02-11,51.63,51.73,50.77,51.15,50.82,50.30,48.23,44.61,42.22,53.4942,0,48.3482,1,180921,246792,1.0894,1.0367,0.0527,84.58
2025-02-12,50.53,51.18,50.36,50.77,51.04,50.52,48.30,44.66,42.32,53.4942,0,48.4615,1,167899,247872,0.9991,1.0292,-0.0301,84.43
2025-02-13,51.02,51.37,50.64,50.87,51.24,50.68,48.37,44.71,42.43,53.4942,0,48.5725,1,247554,250477,0.9247,1.0083,-0.0836,83.97
2025-02-14,50.91,51.59,50.58,51.29,51.29,50.84,48.43,44.76,42.53,53.4942,0,48.6813,1,198591,249742,0.8893,0.9845,-0.0952,84.01
2025-02-18,51.72,51.80,51.18,51.63,51.44,50.99,48.51,44.81,42.63,53.4942,0,48.7879,1,180323,250463,0.8788,0.9633,-0.0846,84.39
2025-02-19,51.73,51.91,51.28,51.42,51.50,51.05,48.57,44.86,42.73,53.4942,0,48.8924,1,180253,251550,0.8433,0.9393,-0.0960,84.08
2025-02-20,51.20,51.23,49.86,50.63,51.36,50.94,48.62,44.90,42.82,53.4942,0,48.9948,1,211080,251312,0.7437,0.9002,-0.1565,82.78
2025-02-21,50.76,51.13,49.90,50.26,51.15,50.82,48.65,44.94,42.91,53.4942,0,49.0951,1,242070,252905,0.6275,0.8457,-0.2181,84.89
2025-02-24,49.91,50.74,49.31,49.57,50.94,50.65,48.70,44.99,43.00,53.4942,0,49.1935,1,333315,255379,0.4741,0.7713,-0.2973,84.74
2025-02-25,49.46,49.56,47.98,48.49,50.61,50.66,48.72,45.02,43.08,52.7542,0,54.0123,0,312414,256894,0.2620,0.6695,-0.4075,83.63
2025-02-26,49.14,49.66,48.58,48.82,50.37,50.60,48.77,45.06,43.16,52.7542,0,53.8916,0,242533,258136,0.1194,0.5595,-0.4401,83.93
2025-02-27,48.96,49.38,47.75,47.83,50.08,50.56,48.78,45.10,43.24,52.5927,0,53.7734,0,214547,257662,-0.0724,0.4331,-0.5055,82.98
2025-02-28,47.84,49.34,47.44,49.24,49.92,50.58,48.82,45.15,43.32,52.5927,0,53.5322,0,429299,262374,-0.1098,0.3245,-0.4343,84.55
2025-03-03,49.55,49.68,47.08,47.37,49.53,50.41,48.83,45.19,43.39,52.5927,0,53.1667,0,232121,262893,-0.2867,0.2023,-0.4890,82.02
2025-03-04,46.39,46.57,44.86,45.64,48.93,50.18,48.81,45.22,43.46,50.5713,0,52.6795,0,463529,268179,-0.5599,0.0498,-0.6097,77.87
2025-03-05,46.02,46.50,45.55,46.18,48.40,49.95,48.82,45.25,43.52,50.5713,0,51.8974,0,269153,269269,-0.7244,-0.1050,-0.6194,77.98
2025-03-06,45.40,46.13,44.58,44.68,47.81,49.59,48.80,45.29,43.57,50.0319,0,51.1935,0,245481,269945,-0.9649,-0.2770,-0.6879,76.33
2025-03-07,44.57,45.11,43.30,45.09,47.29,49.22,48.78,45.34,43.63,48.9559,0,50.4003,0,294544,265005,-1.1095,-0.4435,-0.6660,76.96
2025-03-10,43.86,44.57,43.46,44.19,46.75,48.85,48.73,45.37,43.68,48.7832,0,49.4058,0,244323,267182,-1.2821,-0.6112,-0.6709,76.20
2025-03-11,43.99,44.88,43.52,44.09,46.31,48.46,48.68,45.42,43.73,48.7832,0,48.5506,0,304117,271739,-1.4106,-0.7711,-0.6395,76.24
2025-03-12,45.06,45.41,44.06,44.57,45.89,48.13,48.64,45.47,43.77,48.7832,0,47.8151,0,287141,275600,-1.4568,-0.9082,-0.5486,77.92
2025-03-13,44.71,45.13,44.19,44.77,45.58,47.83,48.60,45.52,43.83,48.7832,0,47.1826,0,256299,278571,-1.4608,-1.0187,-0.4420,80.24
2025-03-14,45.35,46.22,44.93,45.90,45.25,47.58,48.59,45.59,43.88,48.7832,0,46.6386,0,356202,283834,-1.3571,-1.0864,-0.2707,79.52
2025-03-17,45.88,46.43,45.34,46.01,45.11,47.32,48.58,45.64,43.94,48.7832,0,43.2971,1,338048,288409,-1.2519,-1.1195,-0.1324,78.07
2025-03-18,46.30,47.41,45.64,46.41,45.19,47.06,48.60,45.71,44.00,48.7832,0,43.3598,1,527959,294262,-1.1230,-1.1202,-0.0028,80.33
2025-03-19,47.09,48.52,46.70,47.87,45.36,46.88,48.63,45.77,44.06,48.7832,0,43.5218,1,431180,299812,-0.8926,-1.0747,0.1821,82.47
2025-03-20,47.22,48.42,47.05,47.78,45.67,46.74,48.64,45.84,44.12,48.7832,0,43.8217,1,360538,303433,-0.7089,-1.0015,0.2926,82.36
2025-03-21,47.38,47.74,46.68,47.65,45.92,46.61,48.66,45.90,44.18,48.7832,0,44.1036,1,522736,310399,-0.5679,-0.9148,0.3469,82.24
2025-03-24,48.61,49.15,48.40,48.98,46.40,46.58,48.71,45.97,44.25,44.3321,1,44.3686,1,257712,312712,-0.3444,-0.8007,0.4563,83.09
2025-03-25,48.93,48.98,47.80,48.10,46.80,46.56,48.75,46.03,44.31,44.3321,1,44.7510,1,197312,312425,-0.2359,-0.6878,0.4519,82.32
2025-03-26,48.25,48.35,46.09,46.24,46.97,46.43,48.77,46.08,44.36,44.3321,1,45.1028,1,263817,313444,-0.2962,-0.6094,0.3132,77.81
2025-03-27,45.96,46.23,45.46,45.71,47.07,46.32,48.75,46.12,44.41,44.3321,1,45.4265,1,254674,315740,-0.3824,-0.5640,0.1817,72.61
2025-03-28,45.50,46.03,44.73,45.03,46.98,46.11,48.70,46.15,44.46,44.3321,1,49.1486,0,172090,315129,-0.5003,-0.5513,0.0509,70.21
2025-03-31,44.35,44.96,43.33,44.95,46.87,45.99,48.64,46.18,44.50,44.3321,1,49.0603,0,452380,321239,-0.5933,-0.5597,-0.0336,69.91
2025-04-01,44.67,45.09,43.95,44.71,46.70,45.95,48.56,46.21,44.54,44.3321,1,48.8309,0,305127,321886,-0.6782,-0.5834,-0.0948,69.72
2025-04-02,43.80,46.08,43.69,45.69,46.48,45.92,48.47,46.25,44.59,44.3321,1,48.6107,0,220618,318928,-0.6587,-0.5985,-0.0602,73.74
2025-04-03,43.64,43.87,41.25,41.52,45.86,45.76,48.24,46.25,44.62,48.0225,0,48.3994,0,407198,315764,-0.9688,-0.6725,-0.2962,64.21
2025-04-04,40.23,40.35,37.53,38.36,44.93,45.43,47.96,46.23,44.62,45.0587,0,47.9701,0,464757,318652,-1.4528,-0.8286,-0.6242,56.10
2025-04-07,37.15,40.82,36.63,38.89,43.92,45.16,47.68,46.22,44.62,45.0587,0,47.1352,0,389513,321492,-1.7732,-1.0175,-0.7557,62.33
2025-04-08,40.01,41.10,37.86,38.47,42.96,44.88,47.48,46.21,44.62,45.0587,0,46.0848,0,325723,318143,-2.0377,-1.2216,-0.8162,63.86
2025-04-09,38.48,43.14,38.11,42.47,42.58,44.78,47.33,46.23,44.64,45.0587,0,45.1394,0,377076,312876,-1.9022,-1.3577,-0.5445,69.13
2025-04-10,41.31,41.80,39.85,40.93,42.10,44.58,47.17,46.24,44.65,45.0587,0,44.2885,0,280282,303715,-1.8973,-1.4656,-0.4317,70.81
2025-04-11,40.55,41.13,39.84,40.51,41.65,44.31,47.01,46.24,44.66,45.0587,0,43.5227,0,473685,301776,-1.9055,-1.5536,-0.3519,66.75
2025-04-14,41.83,41.83,40.62,40.85,41.24,44.06,46.81,46.25,44.68,45.0587,0,42.8335,0,307456,299059,-1.8628,-1.6154,-0.2474,63.88
2025-04-15,40.83,41.59,40.83,41.02,40.87,43.79,46.63,46.26,44.70,45.0587,0,42.2133,0,210956,296244,-1.7948,-1.6513,-0.1435,65.18
2025-04-16,40.33,41.14,39.89,40.53,40.35,43.42,46.42,46.26,44.72,45.0587,0,41.8342,0,186037,295279,-1.7602,-1.6731,-0.0872,60.94
2025-04-17,40.88,41.27,40.55,40.76,40.28,43.07,46.20,46.26,44.74,45.0587,0,41.5888,0,206728,293294,-1.6943,-1.6773,-0.0170,59.43
2025-04-21,39.98,40.26,39.43,39.96,40.44,42.68,45.95,46.26,44.75,45.0587,0,41.2746,0,212914,292408,-1.6876,-1.6794,-0.0082,59.32
2025-04-22,40.54,41.32,40.48,40.99,40.65,42.28,45.73,46.25,44.77,45.0587,0,36.6307,1,200563,292348,-1.5808,-1.6597,0.0789,59.77
2025-04-23,42.60,43.62,41.96,42.19,41.02,41.99,45.54,46.26,44.80,45.0587,0,36.7246,1,276340,294343,-1.3836,-1.6044,0.2208,62.79
2025-04-24,42.02,43.25,41.99,43.08,41.08,41.83,45.38,46.27,44.80,45.0587,0,37.0005,1,300372,296732,-1.1421,-1.5120,0.3699,70.01
2025-04-25,43.03,43.48,42.91,43.38,41.33,41.71,45.23,46.27,44.81,45.0587,0,37.2653,1,166497,296703,-0.9163,-1.3928,0.4765,67.19
2025-04-28,43.22,43.80,42.65,43.30,41.61,41.63,45.08,46.28,44.80,45.0587,0,37.5195,1,278813,297329,-0.7353,-1.2613,0.5261,68.23
2025-04-29,42.41,44.49,41.24,43.65,41.89,41.56,44.93,46.28,44.80,45.0587,0,37.8962,1,470960,302776,-0.5568,-1.1204,0.5636,69.14
2025-04-30,42.94,43.68,42.69,43.57,42.14,41.51,44.77,46.28,44.80,45.0587,0,38.4241,1,354574,306261,-0.4170,-0.9797,0.5628,65.36
2025-05-01,43.86,44.47,43.79,43.96,42.48,41.42,44.62,46.28,44.80,45.0587,0,38.9098,1,216937,306995,-0.2713,-0.8380,0.5667,67.54
2025-05-02,44.52,45.10,44.24,44.93,42.90,41.59,44.50,46.29,44.80,45.0587,0,39.3566,1,202717,306828,-0.0773,-0.6859,0.6086,67.31
2025-05-05,44.55,44.93,44.46,44.58,43.36,41.90,44.39,46.29,44.81,45.0587,0,39.9313,1,142433,304835,0.0481,-0.5391,0.5872,66.20
2025-05-06,43.87,44.32,43.75,43.95,43.66,42.15,44.28,46.30,44.81,45.0587,0,40.4485,1,110772,300384,0.0949,-0.4123,0.5072,64.03
2025-05-07,44.10,44.22,43.52,44.03,43.84,42.43,44.19,46.30,44.81,45.0587,0,40.9140,1,131267,296761,0.1376,-0.3023,0.4399,62.92
2025-05-08,44.55,44.94,44.19,44.23,43.96,42.52,44.10,46.31,44.82,45.0587,0,41.3330,1,151273,294936,0.1851,-0.2048,0.3899,60.21
2025-05-09,44.58,44.74,44.01,44.26,44.05,42.69,44.02,46.31,44.83,45.0587,0,41.7101,1,115919,292963,0.2226,-0.1194,0.3419,60.97
2025-05-12,46.11,46.46,45.50,46.11,44.33,42.97,43.96,46.33,44.85,41.9295,1,42.0494,1,231139,289000,0.3974,-0.0160,0.4134,64.27
2025-05-13,46.24,47.27,46.00,46.75,44.64,43.26,43.95,46.35,44.88,42.6092,1,42.5785,1,258462,289527,0.5808,0.1033,0.4774,66.98
2025-05-14,46.86,46.99,45.92,46.15,44.90,43.52,43.96,46.37,44.90,42.6092,1,43.2358,1,230283,284862,0.6700,0.2167,0.4533,65.22
2025-05-15,46.11,46.78,45.99,46.73,45.17,43.83,43.97,46.40,44.93,42.6092,1,43.8011,1,226200,284003,0.7785,0.3291,0.4495,66.69
2025-05-16,46.83,47.38,46.56,47.34,45.41,44.16,44.02,46.41,44.98,43.3119,1,44.2872,1,223924,283572,0.9032,0.4439,0.4594,65.39
2025-05-19,46.54,47.29,46.54,47.25,45.68,44.52,44.07,46.43,45.02,43.3821,1,44.7823,1,269567,283072,0.9836,0.5518,0.4318,64.89
2025-05-20,46.99,47.19,46.70,47.11,46.00,44.83,44.13,46.44,45.06,43.6048,1,45.1981,1,268026,283546,1.0236,0.6462,0.3774,63.25
2025-05-21,46.83,48.33,46.81,47.30,46.32,45.08,44.19,46.45,45.11,44.1062,1,45.5474,1,436651,286197,1.0589,0.7287,0.3302,69.85
2025-05-22,47.29,48.02,47.07,47.67,46.67,45.31,44.25,46.47,45.17,44.1377,1,46.0490,1,371340,287881,1.1035,0.8037,0.2998,73.02
2025-05-23,46.98,47.61,46.80,47.48,46.99,45.52,44.31,46.49,45.22,44.1377,1,46.4602,1,236480,287484,1.1110,0.8652,0.2459,72.46
2025-05-27,48.11,49.04,47.73,49.01,47.28,45.80,44.37,46.52,45.28,44.9275,1,46.7975,1,285592,286072,1.2264,0.9374,0.2890,74.11
2025-05-28,49.09,49.14,48.32,48.55,47.46,46.05,44.42,46.54,45.34,45.3727,1,46.8021,1,239051,284092,1.2660,1.0031,0.2629,72.67
2025-05-29,49.18,49.28,48.56,49.05,47.75,46.32,44.47,46.56,45.40,45.6772,1,47.2695,1,265123,278836,1.3226,1.0670,0.2556,73.77
2025-05-30,48.72,49.15,48.26,48.96,47.97,46.57,44.49,46.58,45.45,45.6772,1,47.6708,1,636572,282943,1.3447,1.1226,0.2222,74.25
2025-06-02,48.56,49.43,48.48,49.41,48.18,46.80,44.53,46.61,45.51,45.8024,1,47.9919,1,254293,280819,1.3822,1.1745,0.2077,75.35
2025-06-03,49.50,50.45,49.45,50.14,48.47,47.07,44.58,46.64,45.57,46.8006,1,48.2606,1,262665,275617,1.4541,1.2304,0.2237,76.24
2025-06-04,50.45,50.82,50.08,50.12,48.77,47.38,44.60,46.68,45.63,47.3919,1,48.4778,1,228689,275037,1.4923,1.2828,0.2095,75.63
2025-06-05,50.19,50.52,49.87,50.22,49.06,47.69,44.64,46.71,45.68,47.3919,1,48.9458,1,177232,274635,1.5130,1.3288,0.1842,74.49
2025-06-06,50.66,50.89,50.06,50.07,49.30,47.98,44.72,46.72,45.74,47.5724,1,49.3202,1,184534,273049,1.5003,1.3631,0.1371,72.89
2025-06-09,50.20,50.59,49.68,50.25,49.58,48.28,44.81,46.75,45.79,47.5724,1,49.6335,1,205468,272065,1.4873,1.3880,0.0994,73.00
2025-06-10,50.34,50.53,49.57,49.97,49.67,48.48,44.91,46.77,45.84,47.5724,1,50.8869,0,142265,271469,1.4382,1.3980,0.0402,70.87
2025-06-11,50.13,50.13,49.62,49.81,49.80,48.63,45.00,46.79,45.89,47.5724,1,50.8606,0,149458,265410,1.3707,1.3925,-0.0218,69.65
2025-06-12,49.45,50.20,49.31,50.18,49.91,48.83,45.11,46.82,45.94,47.5724,1,50.8349,0,221326,263734,1.3314,1.3803,-0.0489,73.15
2025-06-13,49.46,49.91,48.84,48.97,49.91,48.94,45.18,46.84,45.98,47.5724,1,50.7738,0,177494,262872,1.1893,1.3421,-0.1528,70.19
2025-06-16,49.50,50.18,49.18,50.14,49.98,49.08,45.35,46.87,46.03,47.5724,1,50.6579,0,218318,259094,1.1573,1.3051,-0.1478,70.24
2025-06-17,49.92,50.45,49.71,49.84,49.95,49.21,45.58,46.89,46.07,47.5724,1,50.5490,0,150617,252812,1.0955,1.2632,-0.1677,70.50
2025-06-18,49.96,50.21,49.60,49.85,49.93,49.35,45.80,46.90,46.12,47.5724,1,50.4524,0,158029,248182,1.0353,1.2176,-0.1823,70.54
2025-06-20,50.16,50.16,49.34,49.78,49.88,49.47,46.03,46.92,46.16,47.5724,1,50.4524,0,248752,246642,0.9709,1.1683,-0.1974,70.81
2025-06-23,49.78,51.19,49.62,51.14,49.99,49.65,46.20,46.95,46.22,47.5724,1,48.8431,1,219342,243488,1.0180,1.1382,-0.1202,74.27
2025-06-24,51.50,51.66,50.65,50.77,50.04,49.81,46.40,46.98,46.28,48.2161,1,48.8901,1,257002,243022,1.0134,1.1133,-0.0998,69.36
2025-06-25,50.93,51.01,50.44,50.74,50.12,49.90,46.60,47.01,46.33,48.2161,1,49.0008,1,219338,237935,0.9959,1.0898,-0.0939,68.88
2025-06-26,50.95,51.19,50.73,51.04,50.25,50.02,46.81,47.05,46.39,48.2905,1,49.1070,1,146239,234711,0.9953,1.0709,-0.0756,67.21
2025-06-27,51.05,51.62,50.87,51.16,50.34,50.13,47.01,47.09,46.44,48.6138,1,49.2090,1,274413,235980,0.9929,1.0553,-0.0624,68.69
2025-06-30,51.33,52.19,51.33,51.92,50.64,50.28,47.24,47.13,46.50,49.0870,1,49.3069,1,284728,237954,1.0403,1.0523,-0.0120,71.31
2025-07-01,51.78,52.05,51.33,51.92,50.82,50.40,47.46,47.17,46.56,49.0870,1,49.4799,1,305942,239938,1.0656,1.0550,0.0107,70.17
2025-07-02,51.88,52.08,51.47,52.05,51.04,50.50,47.70,47.20,46.62,49.2316,1,49.6425,1,165646,238993,1.0836,1.0607,0.0229,68.99
2025-07-03,52.33,52.60,52.16,52.37,51.29,50.61,47.93,47.24,46.67,49.9273,1,49.7954,1,109586,237173,1.1105,1.0706,0.0398,70.55
2025-07-07,52.27,52.54,51.65,51.72,51.48,50.68,48.12,47.27,46.72,49.9273,1,50.0202,1,169376,235034,1.0669,1.0699,-0.0030,68.81
2025-07-08,52.36,52.46,51.82,52.06,51.58,50.78,48.30,47.30,46.77,49.9273,1,50.2269,1,227493,233576,1.0482,1.0656,-0.0174,68.47
2025-07-09,52.49,52.49,51.67,51.90,51.69,50.87,48.47,47.33,46.82,49.9273,1,50.4172,1,162341,233493,1.0090,1.0542,-0.0453,68.32
2025-07-10,52.00,52.03,51.33,51.60,51.78,50.95,48.64,47.36,46.87,49.9273,1,50.5922,1,227075,232458,0.9423,1.0319,-0.0895,65.47
2025-07-11,51.34,51.45,50.82,50.95,51.77,51.01,48.78,47.38,46.90,49.9273,1,50.7532,1,211462,227268,0.8274,0.9910,-0.1636,65.81
2025-07-14,50.89,53.32,50.67,52.45,51.89,51.12,48.96,47.41,46.95,49.9273,1,52.6048,0,260230,225382,0.8477,0.9623,-0.1147,71.08
2025-07-15,52.93,52.95,51.82,51.85,51.89,51.26,49.12,47.44,46.99,49.9273,1,53.3157,0,198557,225014,0.8066,0.9312,-0.1246,70.77
2025-07-16,52.03,52.35,51.53,52.30,51.92,51.37,49.26,47.46,47.03,49.9273,1,53.3157,0,177190,224503,0.8007,0.9051,-0.1044,70.55
2025-07-17,52.52,53.63,52.51,53.51,52.07,51.55,49.44,47.50,47.08,50.0149,1,50.6697,1,211304,225881,0.8838,0.9008,-0.0170,73.24
2025-07-18,53.60,53.75,53.10,53.33,52.17,51.73,49.63,47.53,47.13,50.4802,1,50.7289,1,135144,226368,0.9239,0.9054,0.0185,73.47
2025-07-21,53.32,53.73,53.00,53.22,52.32,51.90,49.81,47.57,47.18,50.4962,1,50.8497,1,161366,226970,0.9361,0.9116,0.0245,72.56
2025-07-22,53.09,53.44,52.61,53.34,52.44,52.01,50.00,47.62,47.23,50.4962,1,50.9658,1,208814,228121,0.9444,0.9181,0.0263,73.02
2025-07-23,53.71,55.54,53.68,55.09,52.76,52.23,50.21,47.67,47.29,51.4009,1,51.0771,1,450914,234821,1.0804,0.9506,0.1298,73.93
2025-07-24,54.94,55.36,54.80,55.01,53.10,52.44,50.39,47.72,47.34,52.0219,1,51.3447,1,292781,236054,1.1683,0.9941,0.1742,76.24
2025-07-25,55.29,55.29,54.19,54.66,53.48,52.62,50.55,47.78,47.40,52.0219,1,51.5963,1,261194,236108,1.1956,1.0344,0.1611,74.61
2025-07-28,54.85,54.87,54.22,54.71,53.70,52.80,50.72,47.83,47.46,52.0219,1,51.8327,1,331307,238129,1.2072,1.0690,0.1382,74.00
2025-07-29,58.12,62.18,57.20,61.19,54.64,53.26,51.01,47.93,47.55,54.7791,1,52.0550,1,1097883,255563,1.7200,1.1992,0.5208,86.42
2025-07-30,61.02,62.40,60.92,61.82,55.59,53.76,51.30,48.04,47.63,56.7955,1,52.8652,1,496372,261012,2.1518,1.3897,0.7621,86.84
2025-07-31,62.28,63.10,61.57,62.44,56.48,54.28,51.60,48.15,47.72,57.4990,1,53.8186,1,465453,264929,2.5152,1.6148,0.9004,87.98
2025-08-01,61.21,61.64,60.66,61.26,57.27,54.72,51.89,48.25,47.80,57.4990,1,54.9323,1,362719,266823,2.6775,1.8274,0.8502,88.33
2025-08-04,62.18,62.73,61.86,62.69,58.22,55.27,52.19,48.35,47.89,57.4990,1,55.9125,1,323063,264551,2.8876,2.0394,0.8482,88.41
2025-08-05,62.95,63.59,62.27,62.37,59.12,55.78,52.49,48.46,47.98,58.1809,1,56.7750,1,340461,263934,2.9941,2.2304,0.7638,88.18
2025-08-06,63.09,63.38,62.35,63.17,59.93,56.35,52.80,48.57,48.07,58.2789,1,57.7296,1,372696,266658,3.1072,2.4057,0.7015,89.28
2025-08-07,65.65,65.66,63.41,63.94,60.82,56.96,53.10,48.69,48.16,59.6595,1,58.5506,1,623820,273423,3.2218,2.5689,0.6529,89.89
2025-08-08,64.16,65.17,63.94,64.94,61.85,57.66,53.43,48.81,48.26,59.8011,1,59.6877,1,287724,274396,3.3545,2.7261,0.6284,89.81
2025-08-11,65.04,65.04,64.00,64.16,62.80,58.25,53.73,48.93,48.35,59.9262,1,60.6428,1,370055,276495,3.3580,2.8524,0.5055,89.01
2025-08-12,64.47,65.25,64.42,64.92,63.17,58.90,54.05,49.06,48.45,60.3774,1,61.4451,1,341407,270592,3.3831,2.9586,0.4245,88.98
2025-08-13,65.18,65.42,64.13,64.91,63.48,59.53,54.36,49.18,48.55,60.3774,1,62.1191,1,282373,271153,3.3634,3.0395,0.3239,87.80
2025-08-14,64.49,65.22,64.06,64.93,63.73,60.10,54.65,49.30,48.64,60.3774,1,62.6852,1,237321,270646,3.3112,3.0939,0.2174,88.33
2025-08-15,65.08,65.08,64.00,64.61,64.06,60.67,54.94,49.42,48.74,60.3774,1,63.1607,1,199913,270071,3.2074,3.1166,0.0908,87.57
2025-08-18,64.40,65.11,64.32,64.69,64.26,61.24,55.23,49.54,48.84,60.6967,1,63.5602,1,202116,270568,3.0958,3.1124,-0.0166,88.18
2025-08-19,64.33,64.54,63.43,63.70,64.40,61.76,55.51,49.66,48.92,60.6967,1,65.6573,0,375164,274381,2.8944,3.0688,-0.1744,88.03
2025-08-20,63.30,63.85,62.57,63.78,64.46,62.19,55.78,49.78,49.01,60.6967,1,65.6127,0,342354,277119,2.7099,2.9970,-0.2872,87.72
2025-08-21,63.69,64.28,63.51,64.07,64.47,62.65,56.06,49.89,49.10,60.6967,1,65.4908,0,231917,278912,2.5572,2.9091,-0.3518,87.61
2025-08-22,64.39,65.31,64.27,64.94,64.47,63.16,56.36,50.00,49.19,60.9797,1,65.3739,0,226019,280443,2.4778,2.8228,-0.3450,85.41
2025-08-25,64.92,66.47,64.92,65.93,64.65,63.72,56.68,50.12,49.29,61.7990,1,62.5670,1,388933,283795,2.4669,2.7516,-0.2847,86.85
2025-08-26,65.89,66.82,65.87,66.55,64.81,63.99,57.03,50.23,49.39,62.5605,1,62.6450,1,365375,287553,2.4791,2.6971,-0.2180,87.15
2025-08-27,66.52,66.91,66.24,66.40,64.96,64.22,57.35,50.32,49.49,62.9650,1,62.8120,1,284743,288881,2.4486,2.6474,-0.1988,86.74
2025-08-28,66.54,68.41,66.47,68.06,65.27,64.50,57.72,50.42,49.59,63.5857,1,63.0580,1,500907,295887,2.5291,2.6238,-0.0947,87.46
2025-08-29,67.77,68.08,66.16,66.45,65.46,64.76,58.05,50.51,49.69,63.5857,1,63.4863,1,414989,301026,2.4352,2.5861,-0.1508,86.58
2025-09-02,66.42,67.99,65.57,67.88,65.78,65.02,58.41,50.64,49.79,63.5857,1,63.8804,1,623700,308525,2.4478,2.5584,-0.1106,88.34
2025-09-03,68.11,69.19,65.83,68.74,66.28,65.34,58.76,50.76,49.90,63.5857,1,64.2429,1,922839,322595,2.4986,2.5464,-0.0479,88.68
2025-09-04,68.99,70.03,68.79,69.12,66.81,65.63,59.13,50.90,50.02,64.5810,1,64.7373,1,495354,327362,2.5399,2.5451,-0.0052,89.25
2025-09-05,69.67,70.78,69.45,70.57,67.46,65.97,59.53,51.05,50.14,65.2731,1,65.3723,1,646270,335901,2.6596,2.5680,0.0916,89.25
2025-09-08,70.87,71.91,70.82,71.53,68.12,66.30,59.94,51.18,50.27,66.6052,1,66.1298,1,984379,352664,2.7990,2.6142,0.1848,90.01
2025-09-09,71.38,72.31,71.13,71.76,68.71,66.68,60.35,51.33,50.41,67.0795,1,67.0551,1,770722,362590,2.8953,2.6705,0.2249,90.13
2025-09-10,72.54,74.40,72.09,74.28,69.48,67.14,60.80,51.48,50.55,68.2791,1,68.0008,1,1243898,381773,3.1387,2.7641,0.3746,91.07
2025-09-11,74.53,76.41,73.96,74.82,70.32,67.64,61.25,51.64,50.69,69.9763,1,69.2809,1,1054188,396738,3.3362,2.8785,0.4577,90.55
2025-09-12,76.25,77.20,75.11,76.37,71.15,68.21,61.74,51.80,50.84,70.7549,1,70.7075,1,1142203,416269,3.5772,3.0183,0.5589,91.27
2025-09-15,77.08,77.65,76.12,77.31,72.24,68.85,62.24,51.97,50.99,71.5626,1,72.0053,1,688961,427857,3.7995,3.1745,0.6250,91.28
2025-09-16,77.60,78.13,76.65,78.02,73.25,69.51,62.77,52.14,51.14,72.1573,1,73.1348,1,1018118,444832,3.9873,3.3371,0.6503,91.84
2025-09-17,77.74,78.00,75.49,76.22,74.00,70.14,63.25,52.31,51.29,72.1573,1,74.1336,1,814213,456566,3.9451,3.4587,0.4864,91.05
2025-09-18,76.78,78.96,76.52,78.93,74.98,70.90,63.79,52.50,51.45,72.1573,1,74.9326,1,825858,469836,4.0838,3.5837,0.5001,91.35
2025-09-19,78.93,79.29,77.89,78.87,75.81,71.64,64.33,52.68,51.60,72.9998,1,75.4917,1,856463,482424,4.1411,3.6952,0.4460,91.05
2025-09-22,78.71,79.15,77.42,78.48,76.51,72.31,64.89,52.86,51.76,72.9998,1,76.2510,1,578992,489775,4.1072,3.7776,0.3296,90.60
2025-09-23,78.52,80.32,78.34,80.30,77.36,73.03,65.44,53.06,51.92,73.7399,1,76.8585,1,700990,498590,4.1794,3.8580,0.3214,91.24
2025-09-24,80.59,80.87,78.38,79.22,77.85,73.67,65.99,53.24,52.07,73.8467,1,77.4248,1,691134,508441,4.1021,3.9068,0.1953,91.43
2025-09-25,77.40,78.78,76.38,78.45,78.22,74.27,66.51,53.43,52.22,73.8467,1,80.8747,0,674085,518379,3.9331,3.9121,0.0211,91.09
2025-09-26,78.47,78.79,78.01,78.66,78.44,74.80,67.02,53.62,52.38,73.8467,1,80.8747,0,355805,521269,3.7733,3.8843,-0.1110,90.49
2025-09-29,79.21,80.03,78.91,79.57,78.67,75.45,67.54,53.82,52.54,73.9483,1,80.7849,0,658501,531737,3.6770,3.8428,-0.1658,90.95
2025-09-30,79.57,81.50,79.50,81.32,79.00,76.13,68.10,54.03,52.71,74.9259,1,76.3839,1,516814,538846,3.6997,3.8142,-0.1145,91.63
2025-10-01,80.76,83.03,80.18,82.40,79.62,76.81,68.68,54.26,52.89,75.7349,1,76.4862,1,748911,549647,3.7615,3.8037,-0.0422,91.40
2025-10-02,83.08,83.62,81.20,81.81,79.91,77.44,69.22,54.49,53.06,76.4041,1,76.7478,1,594730,552524,3.7196,3.7868,-0.0673,91.02
2025-10-03,82.31,83.45,81.90,82.84,80.30,78.06,69.77,54.71,53.24,76.7738,1,77.1602,1,646688,559602,3.7266,3.7748,-0.0482,91.36
2025-10-06,83.38,85.36,83.09,84.60,80.92,78.71,70.37,54.96,53.43,78.1549,1,77.5478,1,740580,569190,3.8304,3.7859,0.0445,91.70
2025-10-07,84.73,85.48,83.09,84.32,81.32,79.34,70.97,55.22,53.61,78.1549,1,78.1724,1,572709,574018,3.8459,3.7979,0.0480,91.82
2025-10-08,84.53,86.32,84.03,86.32,82.03,79.94,71.47,55.48,53.82,78.9243,1,78.9036,1,530091,562662,3.9732,3.8330,0.1402,91.52
2025-10-09,86.40,86.99,85.39,86.44,82.83,80.52,71.96,55.76,54.02,80.0835,1,79.7933,1,395546,560645,4.0372,3.8738,0.1634,91.52
2025-10-10,86.63,87.02,82.24,82.26,83.19,80.82,72.36,56.01,54.20,80.0835,1,80.8010,1,655418,564445,3.7083,3.8407,-0.1324,91.48
2025-10-13,84.37,85.88,84.07,84.76,83.71,81.19,72.83,56.28,54.39,80.0835,1,81.7962,1,423892,565668,3.6077,3.7941,-0.1864,90.77
2025-10-14,83.55,85.17,82.89,83.88,83.96,81.48,73.25,56.54,54.58,80.0835,1,82.2428,1,439549,567998,3.4174,3.7188,-0.3014,90.51
2025-10-15,85.32,86.67,84.73,85.87,84.31,81.96,73.72,56.82,54.77,80.0835,1,82.8872,1,556759,572324,3.3883,3.6527,-0.2644,90.74
2025-10-16,86.12,86.65,84.60,85.97,84.73,82.32,74.18,57.09,54.97,80.0835,1,82.8872,1,563793,576146,3.3348,3.5891,-0.2543,90.93
2025-10-17,85.50,85.79,82.97,83.76,84.82,82.56,74.57,57.35,55.16,80.0835,1,87.0211,0,501913,573708,3.0785,3.4870,-0.4085,91.04
2025-10-20,84.49,85.29,84.10,84.54,84.81,82.86,74.97,57.60,55.35,80.0835,1,86.9400,0,414435,576242,2.9051,3.3706,-0.4655,90.78
2025-10-21,84.86,85.70,83.86,85.31,84.91,83.11,75.39,57.86,55.55,80.0835,1,86.8606,0,429587,577432,2.7970,3.2559,-0.4589,91.42
2025-10-22,85.33,86.58,82.36,83.41,84.62,83.32,75.76,58.10,55.73,80.0835,1,86.7827,0,710175,584808,2.5295,3.1106,-0.5812,91.46
2025-10-23,83.27,85.63,83.19,85.10,84.49,83.66,76.16,58.35,55.92,80.0835,1,86.6058,0,463931,588439,2.4254,2.9736,-0.5482,90.32
2025-10-24,86.25,87.00,85.69,86.65,84.93,84.06,76.60,58.61,56.12,80.0835,1,82.3617,1,636738,596427,2.4404,2.8669,-0.4265,90.44
2025-10-27,87.86,88.99,87.39,88.60,85.31,84.51,77.08,58.87,56.33,80.8736,1,82.4545,1,1054736,613524,2.5794,2.8094,-0.2300,90.74
2025-10-28,83.58,86.50,82.39,85.68,85.49,84.73,77.50,59.12,56.53,80.8736,1,88.9939,0,1249372,634469,2.4263,2.7328,-0.3065,89.65
2025-10-29,86.59,91.14,85.75,89.51,85.85,85.08,78.01,59.41,56.75,80.8736,1,82.3915,1,1184876,650663,2.5841,2.7031,-0.1190,90.63
2025-10-30,88.04,91.00,87.73,89.50,86.21,85.47,78.53,59.70,56.97,80.8736,1,82.3915,1,488541,653587,2.6774,2.6979,-0.0205,91.00
2025-10-31,90.46,91.77,87.15,88.31,86.66,85.74,79.01,59.99,57.17,80.8736,1,82.5664,1,672340,662395,2.6251,2.6834,-0.0583,90.25
2025-11-03,88.88,89.11,86.44,86.74,86.88,85.85,79.45,60.27,57.36,80.8736,1,82.9345,1,432128,666517,2.4293,2.6325,-0.2033,89.80
2025-11-04,84.76,85.34,83.99,84.47,86.80,85.85,79.82,60.54,57.54,80.8736,1,83.2879,1,477338,668286,2.0670,2.5194,-0.4524,89.91
2025-11-05,84.80,87.36,84.76,86.35,87.09,85.86,80.21,60.81,57.72,80.8736,1,83.6272,1,515223,671282,1.9092,2.3974,-0.4882,90.55
2025-11-06,86.50,87.85,85.59,87.10,87.29,85.89,80.63,61.11,57.89,80.8736,1,83.9529,1,585139,677290,1.8238,2.2827,-0.4589,91.27
2025-11-07,85.16,85.69,82.61,84.74,87.10,86.01,80.96,61.42,58.05,80.8736,1,91.7697,0,635116,679975,1.5479,2.1357,-0.5878,90.89
2025-11-10,87.09,88.05,86.05,87.79,87.02,86.16,81.39,61.75,58.23,80.8736,1,91.5865,0,596345,683602,1.5577,2.0201,-0.4624,90.89
2025-11-11,86.85,87.71,86.20,87.17,87.17,86.33,81.77,62.07,58.42,80.8736,1,91.4070,0,359097,678310,1.4978,1.9157,-0.4178,90.74
2025-11-12,88.13,89.84,87.63,88.24,87.04,86.45,82.16,62.38,58.61,80.8736,1,91.2310,0,616643,672186,1.5193,1.8364,-0.3171,91.42
2025-11-13,87.64,87.96,80.63,81.65,86.26,86.23,82.42,62.65,58.78,80.8736,1,91.0586,0,936738,681013,0.9928,1.6677,-0.6749,89.65
2025-11-14,80.23,83.48,79.15,81.63,85.59,86.12,82.64,62.92,58.94,80.8736,1,90.6413,0,803548,684159,0.5675,1.4476,-0.8802,89.76
2025-11-17,81.18,82.36,79.80,80.63,84.98,85.93,82.82,63.19,59.09,91.4260,0,89.9519,0,587523,676222,0.1484,1.1878,-1.0394,89.42
2025-11-18,80.04,80.64,78.45,79.70,84.50,85.65,82.98,63.44,59.24,89.5161,0,89.3039,0,552003,671847,-0.2562,0.8990,-1.1552,88.97
2025-11-19,79.83,82.39,79.59,81.26,83.99,85.54,83.12,63.72,59.39,89.5161,0,88.4360,0,442155,655813,-0.4457,0.6300,-1.0758,89.42
2025-11-20,83.81,84.14,77.08,77.62,83.04,85.17,83.17,63.96,59.52,89.5161,0,87.6375,0,650162,647732,-0.8795,0.3281,-1.2077,89.08
2025-11-21,78.15,79.64,76.98,79.04,82.47,84.79,83.23,64.22,59.65,88.9619,0,86.5819,0,559200,636072,-1.0959,0.0433,-1.1392,88.97
2025-11-24,79.63,82.31,79.60,82.17,81.91,84.47,83.32,64.50,59.81,88.9619,0,85.4300,0,1000897,642311,-1.0038,-0.1661,-0.8377,89.16
2025-11-25,81.95,82.90,79.85,82.51,81.44,84.31,83.41,64.77,59.96,88.9619,0,84.4163,0,370546,629359,-0.8924,-0.3114,-0.5811,88.63
2025-11-26,83.18,83.91,82.38,83.16,80.94,83.99,83.55,65.03,60.12,88.9619,0,76.9827,1,293929,618954,-0.7434,-0.3978,-0.3456,88.18
2025-11-28,83.52,83.90,83.09,83.76,81.15,83.70,83.65,65.30,60.28,88.9619,0,77.1211,1,155559,605548,-0.5706,-0.4323,-0.1382,88.40
2025-12-01,82.91,83.05,82.12,82.46,81.23,83.41,83.72,65.56,60.44,88.9619,0,77.2568,1,298548,594389,-0.5318,-0.4522,-0.0796,88.30
2025-12-02,83.58,85.00,82.78,83.27,81.49,83.24,83.82,65.83,60.60,88.9619,0,77.3898,1,389620,590602,-0.4311,-0.4480,0.0169,88.53
2025-12-03,82.68,83.62,81.24,83.11,81.84,83.17,83.87,66.09,60.76,88.9619,0,77.6942,1,391532,584413,-0.3600,-0.4304,0.0704,87.81
2025-12-04,82.70,86.83,82.70,85.00,82.21,83.10,83.99,66.36,60.93,88.9619,0,77.9865,1,700852,584607,-0.1494,-0.3742,0.2248,88.30
2025-12-05,85.04,86.24,84.48,85.52,83.00,83.02,84.13,66.64,61.10,88.9619,0,78.5171,1,459149,580308,0.0585,-0.2877,0.3462,88.07
2025-12-08,86.72,89.30,86.16,87.81,83.88,83.17,84.31,66.92,61.29,88.9619,0,79.0159,1,558917,584371,0.4033,-0.1495,0.5528,88.56
2025-12-09,87.30,90.88,87.30,90.63,84.72,83.32,84.53,67.23,61.50,80.1321,1,79.8384,1,699871,585198,0.8942,0.0593,0.8349,89.28
2025-12-10,90.49,94.69,89.69,93.70,85.84,83.64,84.78,67.57,61.72,82.6253,1,80.9425,1,1060777,596077,1.5138,0.3502,1.1636,90.15
2025-12-11,93.17,96.13,91.52,95.46,87.07,84.00,85.04,67.91,61.95,83.8332,1,82.5921,1,853672,598172,2.1224,0.7046,1.4178,90.00
2025-12-12,94.95,95.45,87.45,87.86,87.48,84.31,85.16,68.20,62.15,83.8332,1,84.4876,1,856121,603400,1.9681,0.9573,1.0108,88.23
2025-12-15,88.75,90.58,87.49,87.65,88.00,84.62,85.26,68.47,62.35,83.8332,1,86.1177,1,552080,601508,1.8080,1.1275,0.6806,88.56
2025-12-16,87.06,87.24,85.12,85.84,88.26,84.88,85.28,68.74,62.54,83.8332,1,96.1313,0,417307,595043,1.5176,1.2055,0.3121,87.89
2025-12-17,86.98,88.44,84.37,84.97,88.44,85.14,85.30,68.99,62.74,83.8332,1,95.9111,0,579054,595170,1.2038,1.2051,-0.0014,88.19
2025-12-18,86.94,88.08,85.69,86.42,88.59,85.40,85.30,69.26,62.94,83.8332,1,95.4496,0,517075,594909,1.0600,1.1761,-0.1161,88.49
2025-12-19,86.62,88.66,86.62,87.40,88.77,85.89,85.32,69.53,63.15,83.8332,1,95.0066,0,1248912,611977,1.0130,1.1435,-0.1305,88.31
2025-12-22,89.33,89.51,87.27,87.93,88.79,86.33,85.43,69.80,63.36,83.8332,1,94.5812,0,380235,606473,1.0076,1.1163,-0.1088,88.08
2025-12-23,87.62,89.27,87.38,88.87,88.61,86.67,85.51,70.08,63.59,83.8332,1,94.1729,0,303533,604066,1.0664,1.1063,-0.0399,89.06
2025-12-24,89.00,89.50,88.62,89.19,88.16,87.00,85.62,70.35,63.81,83.8332,1,93.7810,0,149427,598263,1.1257,1.1102,0.0155,88.87
2025-12-26,89.48,89.67,88.71,89.10,87.52,87.30,85.69,70.63,64.04,83.8332,1,93.4047,0,197341,591075,1.1522,1.1186,0.0336,88.38
2025-12-29,88.32,89.31,87.83,88.53,87.59,87.54,85.74,70.90,64.26,83.8332,1,93.0434,0,229656,584392,1.1146,1.1178,-0.0032,88.76
2025-12-30,88.82,88.84,87.98,88.39,87.66,87.83,85.83,71.17,64.47,83.8332,1,92.6966,0,181621,577986,1.0613,1.1065,-0.0452,88.79
2025-12-31,88.69,88.69,87.06,87.10,87.79,88.02,85.88,71.42,64.67,83.8332,1,92.3637,0,291925,575536,0.9044,1.0661,-0.1617,88.76
2026-01-02,88.44,90.24,87.68,90.19,88.31,88.38,85.98,71.70,64.89,83.8332,1,92.0441,0,415903,575262,1.0178,1.0564,-0.0386,89.59
2026-01-05,91.56,93.09,86.21,88.22,88.49,88.54,86.07,71.96,65.09,83.8332,1,84.3736,1,865810,578375,0.9380,1.0327,-0.0947,87.82
2026-01-06,87.72,89.03,83.89,88.78,88.63,88.70,86.15,72.22,65.30,83.8332,1,93.0875,0,566871,580434,0.9093,1.0081,-0.0988,86.92
2026-01-07,88.23,88.48,86.16,87.53,88.59,88.69,86.17,72.47,65.50,83.8332,1,93.0875,0,358110,574861,0.7764,0.9617,-0.1853,85.30
2026-01-08,87.23,87.23,83.51,84.88,88.19,88.40,86.09,72.70,65.68,83.8332,1,92.9034,0,438400,562535,0.4523,0.8598,-0.4075,83.31
2026-01-09,84.88,86.19,84.57,84.78,87.75,87.95,86.07,72.93,65.86,83.8332,1,92.5276,0,521037,547968,0.1854,0.7249,-0.5396,82.71
2026-01-12,84.35,87.42,84.01,87.42,87.58,87.55,86.03,73.18,66.07,83.8332,1,92.1668,0,490713,534085,0.1844,0.6168,-0.4325,85.05
2026-01-13,87.54,90.45,87.54,89.41,87.67,87.63,86.03,73.44,66.29,83.8332,1,91.8205,0,383994,531994,0.3402,0.5615,-0.2213,85.88
2026-01-14,89.50,90.32,87.94,89.74,87.80,87.73,86.06,73.71,66.51,83.8332,1,91.4880,0,401074,526568,0.4846,0.5461,-0.0615,85.28
2026-01-15,91.52,94.48,91.32,93.00,88.39,88.09,86.18,74.00,66.75,83.8332,1,83.5081,1,514317,528212,0.8525,0.6074,0.2451,87.39
2026-01-16,93.35,94.11,91.65,93.70,88.75,88.53,86.37,74.29,66.99,83.8332,1,83.7276,1,673210,532130,1.1873,0.7234,0.4639,87.28
2026-01-20,90.91,92.99,90.79,92.08,89.13,88.81,86.48,74.57,67.23,83.8332,1,83.9426,1,423471,530295,1.3068,0.8401,0.4667,86.41
2026-01-21,92.64,93.96,91.07,93.03,89.56,89.09,86.60,74.86,67.48,83.8332,1,84.1534,1,361081,525814,1.4609,0.9642,0.4967,85.02
2026-01-22,94.50,95.15,92.15,93.78,90.18,89.39,86.78,75.15,67.76,84.5074,1,84.3599,1,543439,523980,1.6253,1.0964,0.5288,84.47
2026-01-23,92.72,93.40,90.53,92.81,90.97,89.58,86.88,75.44,68.03,84.5074,1,84.7914,1,396226,519978,1.6578,1.2087,0.4491,84.09
2026-01-26,92.63,95.05,91.81,94.45,91.94,89.85,87.03,75.74,68.31,84.5074,1,85.2056,1,530410,523404,1.7953,1.3260,0.4693,85.26
2026-01-27,101.53,113.39,100.44,109.16,94.12,90.85,87.45,76.12,68.64,92.9045,1,85.6032,1,2792499,566921,3.0562,1.6721,1.3841,90.93
2026-01-28,107.32,112.31,103.22,103.73,95.55,91.61,87.89,76.48,68.96,92.9045,1,87.2704,1,1932767,586842,3.5760,2.0528,1.5231,89.12
2026-01-29,104.43,104.92,98.98,102.46,96.82,92.31,88.30,76.82,69.27,92.9045,1,88.8376,1,1203225,594835,3.8409,2.4105,1.4304,88.60
2026-01-30,103.06,107.07,101.32,102.71,97.79,93.09,88.75,77.17,69.58,92.9045,1,90.3107,1,1381351,610712,4.0245,2.7333,1.2913,90.08
2026-02-02,102.71,110.28,102.51,109.78,99.40,94.07,89.35,77.56,69.92,92.9045,1,91.6955,1,1316186,625995,4.6867,3.1240,1.5628,91.73
2026-02-03,116.68,116.68,109.02,112.20,101.41,95.27,89.97,77.96,70.28,95.6991,1,92.9972,1,1308014,643312,5.3450,3.5682,1.7768,91.65
2026-02-04,112.97,115.69,107.23,109.11,103.02,96.29,90.60,78.34,70.62,95.6991,1,94.8920,1,1367648,657662,5.5538,3.9653,1.5885,91.92
2026-02-05,106.98,112.84,105.09,112.20,104.86,97.52,91.26,78.74,70.98,95.6991,1,96.6353,1,1119971,668878,5.9001,4.3522,1.5478,93.23
2026-02-06,114.30,121.91,112.73,121.52,107.73,99.35,92.05,79.20,71.38,97.7567,1,98.2390,1,1484391,678548,6.8477,4.8513,1.9963,94.17
2026-02-09,123.35,131.62,123.15,130.70,111.36,101.65,93.01,79.73,71.83,106.7432,1,100.6066,1,2062376,712384,8.2445,5.5300,2.7145,94.84
2026-02-10,128.33,131.80,127.12,127.43,113.18,103.65,93.89,80.23,72.25,109.4760,1,104.3287,1,1628433,739074,8.9838,6.2207,2.7631,94.21
2026-02-11,130.66,133.68,126.16,132.20,116.03,105.79,94.86,80.77,72.69,109.6809,1,108.1750,1,1333053,762624,9.8416,6.9449,2.8967,94.88
2026-02-12,132.61,136.11,130.71,130.81,118.86,107.84,95.83,81.30,73.13,113.5712,1,112.2562,1,1615188,788957,10.2904,7.6140,2.6764,95.26
2026-02-13,129.72,132.91,124.14,132.76,121.87,109.83,96.82,81.84,73.58,113.5712,1,116.5499,1,1461747,810399,10.6803,8.2272,2.4530,95.18
2026-02-17,131.18,133.08,127.73,129.83,123.87,111.64,97.75,82.36,74.01,113.5712,1,120.0707,1,1579631,834161,10.6307,8.7079,1.9228,94.96
2026-02-18,130.84,135.19,130.62,131.32,125.79,113.60,98.68,82.89,74.44,113.5712,1,122.9577,1,1090073,841946,10.5890,9.0842,1.5048,95.11
2026-02-19,131.31,133.29,128.20,129.31,127.81,115.41,99.56,83.40,74.87,113.5712,1,125.3251,1,1191930,856601,10.2753,9.3224,0.9529,94.66
2026-02-20,129.26,139.53,129.11,138.78,130.46,117.66,100.58,83.97,75.34,113.9065,1,127.2663,1,1530592,876035,10.6679,9.5915,1.0764,95.86
2026-02-23,141.35,147.92,140.27,144.49,132.76,120.25,101.65,84.58,75.84,122.9786,1,128.2016,1,2695666,915951,11.3094,9.9351,1.3743,96.12
2026-02-24,147.22,152.11,144.98,150.79,134.77,123.06,102.80,85.23,76.37,127.2555,1,129.1069,1,2280156,940338,12.1862,10.3853,1.8009,96.38
2026-02-25,153.07,161.25,151.85,159.59,137.99,125.58,104.08,85.93,76.95,134.2506,1,133.7065,1,2884082,980947,13.4358,10.9954,2.4404,97.06
2026-02-26,157.53,158.04,147.62,149.51,139.72,127.87,105.31,86.56,77.48,134.2506,1,139.2146,1,2644483,1016714,13.4578,11.4879,1.9699,96.53
2026-02-27,148.48,153.97,146.11,149.87,141.62,130.24,106.56,87.20,78.00,134.2506,1,143.6210,1,2188841,1049449,13.3503,11.8604,1.4900,96.50
2026-03-02,152.93,159.90,152.25,157.32,144.08,132.97,107.98,87.88,78.55,134.2506,1,146.1105,1,2421336,1089530,13.7087,12.2300,1.4786,96.98
2026-03-03,151.23,151.48,140.92,147.07,145.80,134.84,109.23,88.50,79.05,134.2506,1,161.2468,0,2186515,1121679,13.0151,12.3871,0.6281,96.72
2026-03-04,150.49,152.92,142.85,144.35,147.11,136.45,110.39,89.05,79.54,134.2506,1,160.8402,0,1837136,1148080,12.1064,12.3309,-0.2245,96.42
2026-03-05,135.70,142.86,131.26,134.28,147.60,137.70,111.32,89.53,79.98,134.2506,1,160.4418,0,2463788,1172378,10.4535,11.9554,-1.5019,96.01
2026-03-06,129.00,131.63,121.96,122.87,146.01,138.24,112.02,89.94,80.35,155.9987,0,159.2746,0,2357749,1211928,8.1291,11.1902,-3.0611,94.85
2026-03-09,120.59,129.17,119.60,128.61,144.43,138.59,112.82,90.39,80.76,153.5369,0,157.0359,0,2055457,1246966,6.6733,10.2868,-3.6135,95.03
2026-03-10,131.57,139.15,130.84,135.76,142.92,138.85,113.75,90.87,81.20,153.5369,0,154.0411,0,2298113,1289940,6.0266,9.4347,-3.4081,95.60
2026-03-11,133.21,134.87,128.76,131.31,140.09,139.04,114.59,91.33,81.62,153.5369,0,151.2859,0,1756927,1321132,5.0967,8.5671,-3.4704,94.73
2026-03-12,129.76,131.33,126.47,129.33,138.08,138.90,115.41,91.77,82.03,153.5369,0,148.7511,0,1041275,1337364,4.1519,7.6841,-3.5322,94.88
2026-03-13,130.76,132.79,128.01,128.68,135.96,138.79,116.21,92.21,82.43,153.5369,0,146.4191,0,861669,1350965,3.3127,6.8098,-3.4971,95.67
2026-03-16,133.48,134.82,130.97,131.60,133.39,138.73,117.10,92.65,82.84,153.5369,0,144.2737,0,1220591,1369539,2.8503,6.0179,-3.1676,95.64
2026-03-17,127.92,131.20,124.18,129.45,131.62,138.71,117.89,93.09,83.25,152.5345,0,142.2999,0,1331515,1387851,2.2839,5.2711,-2.9872,95.23
2026-03-18,131.56,134.82,129.04,129.42,130.13,138.62,118.71,93.52,83.65,152.5345,0,140.4840,0,1379892,1398132,1.8117,4.5792,-2.7675,95.34
2026-03-19,125.53,133.79,123.48,132.63,129.96,138.78,119.59,93.97,84.06,152.5345,0,138.8134,0,1485186,1416499,1.6771,3.9988,-2.3217,95.64
2026-03-20,131.91,134.32,123.99,124.16,130.09,138.05,120.32,94.36,84.43,152.5345,0,137.2764,0,2769912,1464735,0.8768,3.3744,-2.4976,95.27
2026-03-23,127.63,134.80,126.66,130.52,130.28,137.35,121.24,94.80,84.84,152.5345,0,135.8624,0,1760551,1491178,0.7477,2.8491,-2.1013,96.01
2026-03-24,131.23,145.00,129.82,141.53,130.86,136.89,122.37,95.31,85.29,152.5345,0,119.6011,1,2990333,1540564,1.5158,2.5824,-1.0666,96.65
2026-03-25,144.32,149.74,142.86,145.85,132.32,136.20,123.54,95.86,85.77,152.5345,0,120.1092,1,1950597,1569761,2.4453,2.5550,-0.1097,96.58
2026-03-26,141.91,142.51,134.04,134.86,132.87,135.47,124.45,96.33,86.20,152.5345,0,121.2944,1,1524231,1592566,2.2688,2.4978,-0.2289,96.13
2026-03-27,134.95,139.62,133.58,136.34,133.64,134.80,125.38,96.82,86.63,152.5345,0,122.4321,1,1161476,1607774,2.2232,2.4428,-0.2197,96.16
2026-03-30,140.31,141.41,126.25,128.11,133.29,133.34,126.08,97.24,87.02,152.5345,0,123.5244,1,1838792,1634264,1.5054,2.2553,-0.7500,96.01
2026-03-31,130.95,135.53,127.96,135.51,133.89,132.76,126.92,97.70,87.45,152.5345,0,124.5729,1,1466844,1650136,1.5157,2.1074,-0.5917,96.54
2026-04-01,137.53,144.21,137.43,141.89,135.14,132.64,127.91,98.20,87.91,152.5345,0,125.5795,1,1753324,1676733,2.0162,2.0892,-0.0730,96.80
2026-04-02,135.93,147.68,135.89,147.42,136.62,133.29,129.00,98.74,88.40,152.5345,0,126.5459,1,1710562,1703723,2.8257,2.2365,0.5892,97.02
2026-04-06,146.91,148.89,141.24,146.00,138.80,134.45,130.05,99.26,88.88,152.5345,0,127.4736,1,1749650,1727847,3.3149,2.4522,0.8627,96.95
2026-04-07,141.99,148.39,141.01,148.01,140.55,135.42,131.15,99.81,89.37,152.5345,0,128.3641,1,1157179,1743066,3.8209,2.7259,1.0950,97.03
2026-04-08,156.42,164.68,155.49,164.54,142.85,136.86,132.55,100.45,89.94,130.0712,1,129.2191,1,2520136,1782861,5.4920,3.2791,2.2129,97.70
2026-04-09,167.31,171.63,166.03,169.22,145.19,138.75,133.75,101.12,90.53,139.6937,1,131.3466,1,2031029,1767631,7.1123,4.0458,3.0665,97.74
2026-04-10,172.02,176.15,167.40,170.66,148.77,140.82,135.09,101.80,91.13,142.9225,1,134.5695,1,1696629,1762909,8.4152,4.9196,3.4955,97.85
2026-04-13,169.07,175.01,169.07,174.57,152.59,143.11,136.53,102.49,91.75,144.2947,1,138.7273,1,1262958,1764103,9.6525,5.8662,3.7863,97.74
2026-04-14,173.06,174.11,165.26,172.23,157.01,145.15,137.92,103.16,92.36,144.2947,1,142.4694,1,1592381,1768324,10.3251,6.7580,3.5671,97.62
2026-04-15,171.04,173.18,163.46,167.70,160.22,147.06,139.08,103.80,92.94,144.2947,1,145.8372,1,1493043,1771861,10.3727,7.4809,2.8917,97.40
2026-04-16,162.82,166.28,157.96,165.51,162.59,148.86,140.15,104.41,93.51,144.2947,1,148.8683,1,2183769,1789376,10.1176,8.0083,2.1093,97.36
2026-04-17,167.63,169.52,162.69,163.82,164.23,150.42,141.24,105.00,94.07,144.2947,1,151.5962,1,1701300,1796049,9.6673,8.3401,1.3273,97.03
2026-04-20,165.51,168.02,161.96,164.82,166.11,152.46,142.30,105.59,94.63,144.2947,1,154.0514,1,1417604,1802002,9.2839,8.5288,0.7550,96.95
2026-04-21,165.89,169.69,163.25,164.89,167.80,154.17,143.16,106.18,95.19,144.2947,1,156.2611,1,1148670,1795287,8.8832,8.5997,0.2835,96.95
2026-04-22,167.43,172.36,162.51,168.19,168.16,155.51,143.91,106.78,95.78,144.2947,1,158.2497,1,1190011,1777840,8.7312,8.6260,0.1052,96.76
2026-04-23,167.73,171.95,165.94,168.92,168.13,156.66,144.74,107.40,96.36,144.2947,1,160.0395,1,929674,1763865,8.5715,8.6151,-0.0436,96.91
2026-04-24,171.22,178.47,169.76,175.29,168.59,158.68,145.61,108.04,96.98,148.5256,1,161.6504,1,1797437,1773153,8.8566,8.6634,0.1932,96.91
2026-04-27,175.70,176.40,164.96,167.44,167.88,160.24,146.34,108.63,97.56,148.5256,1,163.6687,1,1975747,1780364,8.3527,8.6013,-0.2486,96.47
2026-04-28,150.58,161.45,149.24,152.53,165.91,161.46,146.73,109.12,98.06,148.5256,1,178.4699,0,3120934,1813548,6.6733,8.2157,-1.5424,95.87
2026-04-29,155.00,155.00,147.67,151.38,164.28,162.25,147.16,109.60,98.56,148.5256,1,177.8853,0,2087835,1823712,5.1901,7.6106,-2.4205,95.50
2026-04-30,155.29,164.44,148.63,163.68,164.10,163.34,147.81,110.16,99.12,148.5256,1,176.6765,0,2114738,1844205,4.9499,7.0784,-2.1285,95.91
2026-05-01,161.47,163.41,157.16,157.72,163.49,163.86,148.38,110.69,99.64,148.5256,1,175.5160,0,1136243,1843091,4.2299,6.5087,-2.2788,95.05
2026-05-04,162.60,163.12,157.77,159.42,162.94,164.53,148.79,111.23,100.17,148.5256,1,174.4020,0,1361020,1839700,3.7528,5.9575,-2.2048,95.01
2026-05-05,163.87,169.62,159.77,161.55,162.61,165.20,149.13,111.77,100.72,148.5256,1,173.3325,0,2007884,1825944,3.5063,5.4673,-1.9610,94.67
2026-05-06,188.73,195.14,174.71,180.95,163.89,166.02,149.74,112.44,101.35,149.3872,1,147.6652,1,5988379,1900109,4.8211,5.3381,-0.5169,95.91
2026-05-07,186.18,186.57,177.39,181.78,165.17,166.65,150.18,113.10,102.00,149.3872,1,148.6148,1,3692341,1916274,5.8623,5.4429,0.4194,95.95
2026-05-08,186.57,197.57,184.35,186.30,166.27,167.43,150.92,113.80,102.65,154.9573,1,149.5453,1,3848982,1940364,6.9721,5.7487,1.2234,96.14
2026-05-11,193.34,208.21,191.01,206.68,170.20,169.04,152.05,114.62,103.41,160.6317,1,151.4665,1,4645474,1989496,9.3880,6.4766,2.9114,96.77
2026-05-12,203.64,204.62,187.65,197.56,174.70,170.31,152.86,115.38,104.13,160.6317,1,154.8710,1,4583666,2032743,10.4464,7.2705,3.1758,96.28
2026-05-13,207.13,211.07,195.41,205.81,180.15,172.21,154.03,116.19,104.88,161.8333,1,158.0712,1,3190683,2052826,11.8140,8.1792,3.6347,96.70
2026-05-14,202.68,209.78,199.67,207.57,184.53,174.31,155.30,116.99,105.61,164.4243,1,162.3110,1,2280354,2061691,12.8916,9.1217,3.7699,96.73
2026-05-15,197.44,200.11,191.16,191.16,187.88,175.68,156.43,117.69,106.26,164.4243,1,166.2116,1,3303256,2078480,12.2795,9.7533,2.5263,96.06
2026-05-18,192.58,193.00,173.62,177.94,189.73,176.34,157.54,118.33,106.84,164.4243,1,169.8002,1,3022709,2091779,10.6059,9.9238,0.6821,95.87
2026-05-19,173.24,179.89,169.22,175.23,191.10,176.85,158.47,118.93,107.41,164.4243,1,211.0685,0,2023399,2091138,8.9576,9.7306,-0.7730,95.54
2026-05-20,180.07,183.60,177.62,180.07,191.01,177.45,159.35,119.57,107.99,164.4243,1,210.2315,0,2500442,2095185,7.9504,9.3745,-1.4241,95.20
2026-05-21,181.38,193.09,178.89,191.24,191.96,178.57,160.55,120.28,108.64,164.4243,1,209.4113,0,2764789,2115342,7.9612,9.0919,-1.1307,95.84
2026-05-22,193.69,194.32,188.69,193.39,192.67,179.47,161.83,120.99,109.29,164.4243,1,208.6075,0,1868876,2131894,8.0506,8.8836,-0.8330,95.77
2026-05-26,198.22,199.25,190.55,195.50,191.55,180.87,163.17,121.74,109.95,164.4243,1,207.8198,0,1779223,2150245,8.1974,8.7464,-0.5490,95.58
2026-05-27,195.33,195.93,184.67,190.24,190.81,182.76,164.34,122.44,110.57,164.4243,1,207.0478,0,2113458,2168102,7.7993,8.5569,-0.7577,95.32
2026-05-28,191.52,194.56,181.72,182.35,188.47,184.31,165.40,123.09,111.16,164.4243,1,206.2913,0,1778340,2177039,6.7688,8.1993,-1.4305,94.50
2026-05-29,183.73,183.73,174.17,180.82,185.79,185.16,166.43,123.74,111.74,164.4243,1,205.5499,0,3069883,2210839,5.7625,7.7119,-1.9494,94.62
2026-06-01,175.78,178.50,172.11,176.37,184.31,186.10,167.30,124.35,112.30,164.4243,1,204.8233,0,1925500,2219645,4.5533,7.0802,-2.5269,94.43
2026-06-02,186.15,201.17,185.65,200.02,186.52,188.13,168.82,125.10,112.98,164.4243,1,204.1113,0,3637741,2237002,5.4411,6.7524,-1.3113,96.07
2026-06-03,200.62,208.18,195.33,200.38,189.04,190.07,170.22,125.85,113.66,164.4243,1,169.2215,1,2468304,2251157,6.1033,6.6226,-0.5193,96.07
2026-06-04,192.40,199.42,183.45,197.33,190.76,190.89,171.34,126.59,114.32,164.4243,1,170.0006,1,2258584,2236522,6.3089,6.5599,-0.2509,95.93
2026-06-05,189.02,189.75,173.97,177.25,189.36,190.66,171.96,127.18,114.89,164.4243,1,170.7642,1,2783797,2253186,4.7962,6.2071,-1.4110,95.26
2026-06-08,192.54,192.54,184.65,187.19,188.74,190.70,173.01,127.83,115.50,164.4243,1,171.5125,1,2253068,2267762,4.3493,5.8355,-1.4862,95.93
2026-06-09,190.05,190.05,165.69,173.61,186.56,189.05,173.76,128.40,116.05,164.4243,1,208.1780,0,2900171,2302536,2.8668,5.2418,-2.3750,95.26
2026-06-10,173.33,178.14,166.37,167.85,184.32,187.57,174.55,128.94,116.57,164.4243,1,207.3282,0,1781795,2301396,1.2132,4.4361,-3.2229,95.00
2026-06-11,169.18,176.98,167.92,176.22,183.70,186.09,175.36,129.55,117.12,164.4243,1,206.4954,0,1746397,2306987,0.5710,3.6631,-3.0920,95.23
2026-06-12,177.67,180.43,173.08,178.86,183.51,184.65,176.10,130.17,117.68,164.4243,1,205.6793,0,1667456,2305270,0.2724,2.9849,-2.7125,94.97
2026-06-15,187.12,189.64,184.88,187.53,184.62,184.47,176.91,130.84,118.28,164.4243,1,204.8794,0,1726768,2305594,0.7264,2.5332,-1.8068,95.41
2026-06-16,187.04,187.60,175.87,177.09,182.33,184.43,177.53,131.45,118.83,164.4243,1,204.0956,0,2391994,2318441,0.2411,2.0748,-1.8337,94.86
2026-06-17,178.70,180.48,172.43,175.07,179.80,184.42,178.07,132.03,119.37,164.4243,1,203.3275,0,1945800,2334213,-0.3028,1.5993,-1.9021,95.19
2026-06-18,181.99,195.65,180.86,194.55,179.52,185.14,178.67,132.75,120.01,164.4243,1,202.5747,0,4439888,2372608,0.8287,1.4452,-0.6164,95.93
2026-06-22,200.10,211.99,195.63,209.44,182.74,186.05,179.47,133.56,120.71,164.4243,1,165.6880,1,3897445,2409937,2.8930,1.7347,1.1583,96.38
2026-06-23,192.09,194.44,186.25,193.71,183.39,186.07,179.93,134.30,121.33,164.4243,1,166.6141,1,3487225,2445749,3.2225,2.0323,1.1902,95.67
2026-06-24,194.05,216.68,190.57,205.44,186.58,186.57,180.55,135.13,122.01,164.4243,1,167.5216,1,3958893,2499667,4.3803,2.5019,1.8784,96.45
2026-06-25,218.14,230.07,212.62,227.58,192.55,188.43,181.66,136.11,122.79,170.7902,1,169.4880,1,5841684,2584653,7.0035,3.4022,3.6013,97.16
2026-06-26,224.01,225.58,207.34,220.63,196.99,190.35,182.72,137.05,123.53,170.7902,1,173.1227,1,10035118,2755495,8.4247,4.4067,4.0180,97.20
2026-06-29,226.47,258.31,214.73,255.21,204.62,194.07,184.51,138.21,124.44,177.0300,1,176.5394,1,6215185,2836123,12.2003,5.9654,6.2349,97.86
2026-06-30,252.02,271.27,250.03,254.95,211.37,198.00,186.33,139.39,125.34,200.7366,1,183.0813,1,5798823,2918074,14.9987,7.7721,7.2266,97.68
2026-07-01,239.05,240.42,217.70,220.22,215.68,199.01,187.44,140.33,126.06,200.7366,1,191.9001,1,4940678,2988535,14.2494,9.0675,5.1818,96.83
2026-07-02,223.47,223.59,193.18,196.42,217.81,198.81,188.07,141.09,126.65,268.0277,0,271.2692,0,4160652,3048775,11.6017,9.5744,2.0273,96.08
2026-07-06,198.74,206.60,192.80,194.43,217.80,198.66,188.60,141.84,127.23,264.7796,0,269.7073,0,2325620,3071487,9.2367,9.5068,-0.2702,95.82
2026-07-07,186.68,190.64,178.06,185.03,215.36,199.05,188.92,142.52,127.78,247.8362,0,266.6309,0,2499442,3102882,6.5284,8.9111,-2.3827,95.60
2026-07-08,183.08,188.51,180.20,183.68,214.36,198.88,189.09,143.19,128.30,243.9792,0,261.3169,0,1540570,3097745,4.2247,7.9738,-3.7492,95.42
2026-07-09,201.37,204.10,191.79,192.02,213.02,199.80,189.58,143.92,128.87,243.9792,0,256.3218,0,1912103,3096472,3.0364,6.9864,-3.9499,95.38
2026-07-10,189.18,192.41,186.05,190.53,209.31,200.93,190.34,144.63,129.43,243.9792,0,251.6264,0,1022693,3054507,1.9523,5.9795,-4.0273,95.57
2026-07-13,184.90,188.71,178.32,182.77,205.53,201.26,190.97,145.30,129.94,237.3258,0,247.2127,0,1395390,3040658,0.4611,4.8759,-4.4147,95.53
2026-07-14,192.62,193.35,185.70,187.29,198.73,201.68,191.44,145.98,130.48,237.3258,0,243.0638,0,1307157,3024507,-0.3517,3.8303,-4.1821,95.98
2026-07-15,186.25,186.72,166.78,174.08,190.65,201.01,191.77,146.57,130.96,229.3404,0,239.1639,0,2329751,3048377,-2.0380,2.6567,-4.6946,94.09
2026-07-16,166.27,167.19,154.14,158.09,184.43,200.06,191.74,147.04,131.36,213.9791,0,233.3728,0,2804469,3077246,-4.6114,1.2031,-5.8145,91.90
2026-07-17,150.55,158.08,146.66,154.32,180.22,199.02,191.60,147.46,131.73,203.7866,0,225.4495,0,2198709,3081062,-6.8761,-0.4128,-6.4633,90.35
2026-07-20,157.56,160.24,152.30,152.81,176.06,196.93,191.03,147.85,132.09,203.7866,0,215.9952,0,1198298,2985261,-8.6922,-2.0687,-6.6236,89.87
2026-07-21,161.00,164.19,156.31,162.10,173.77,194.57,190.64,148.30,132.49,203.7866,0,207.6755,0,1653789,2944490,-9.2748,-3.5099,-5.7649,91.09
2026-07-22,156.70,161.15,153.59,153.77,170.78,192.57,189.99,148.74,132.84,202.4037,0,200.3541,0,1540107,2898312,-10.2904,-4.8660,-5.4244,86.98
2026-07-23,151.97,160.68,151.95,155.77,167.15,190.09,188.97,149.19,133.21,199.4643,0,193.9112,0,1397377,2833350,-10.8096,-6.0547,-4.7549,87.87
2026-07-24,154.48,157.10,145.66,146.37,162.74,186.03,187.95,149.60,133.52,193.6483,0,188.2416,0,1314849,2767974,-11.8424,-7.2122,-4.6302,84.80
2026-07-27,145.48,148.41,136.05,143.09,158.77,182.15,186.69,149.98,133.81,183.9807,0,182.2795,0,2012273,2744406,-12.7786,-8.3255,-4.4531,85.14
2026-07-28,121.52,125.86,114.28,125.77,152.62,175.68,185.06,150.25,134.01,166.2893,0,174.8834,0,5824586,2815290,-14.7479,-9.6100,-5.1379,68.82
2026-07-29,126.06,130.62,122.39,123.82,147.59,169.12,183.71,150.49,134.20,166.2893,0,163.9757,0,3176102,2812747,-16.2788,-10.9437,-5.3350,64.71
2026-07-30,130.17,135.83,129.76,134.97,145.28,164.86,182.85,150.80,134.46,166.2893,0,155.0313,0,2567517,2803644,-16.4033,-12.0357,-4.3676,79.12
2026-07-31,143.52,146.72,137.97,137.99,143.65,161.94,182.10,151.13,134.73,166.2893,0,147.6969,0,2007860,2803333,-16.0727,-12.8431,-3.2296,81.16
2026-08-03,134.64,147.66,132.64,146.36,143.00,159.53,181.43,151.51,135.04,166.2893,0,114.2848,1,1850391,2790332,-14.9625,-13.2669,-1.6955,84.19
2026-08-04,154.71,162.18,150.57,159.59,142.75,158.26,180.80,151.98,135.41,166.2893,0,114.9523,1,3108661,2797209,-12.8671,-13.1870,0.3199,86.56
2026-08-05,155.95,162.29,155.56,156.41,143.01,156.90,180.06,152.43,135.76,166.2893,0,116.8416,1,1391151,2787655,-11.3328,-12.8161,1.4833,85.97
2026-08-06,152.96,164.03,150.45,156.88,143.13,155.14,179.29,152.89,136.12,166.2893,0,119.5688,1,1934241,2790755,-9.9634,-12.2456,2.2822,86.37
2026-08-07,162.58,170.11,160.86,165.37,145.02,153.88,178.79,153.41,136.53,166.2893,0,123.1258,1,1779552,2784077,-8.1001,-11.4165,3.3164,87.04
2026-08-10,167.57,167.57,157.38,157.46,146.46,152.62,178.29,153.86,136.89,166.2893,0,127.8242,1,1211313,2772736,-7.1786,-10.5689,3.3903,84.34
2026-08-11,159.45,161.49,157.92,158.89,149.77,151.20,177.85,154.33,137.27,166.2893,0,132.0527,1,966331,2730665,-6.2609,-9.7073,3.4464,83.75
2026-08-12,168.48,169.63,163.90,167.13,154.10,150.85,177.67,154.85,137.68,130.2649,1,135.8584,1,1688951,2725934,-4.8137,-8.7286,3.9149,86.37
2026-08-13,165.69,167.92,157.61,158.24,156.43,150.86,176.83,155.33,138.04,130.2649,1,139.2835,1,1360130,2680382,-4.3337,-7.8496,3.5159,84.12
2026-08-14,160.70,167.37,157.97,165.68,159.20,151.42,176.14,155.86,138.42,130.2649,1,142.3662,1,1380970,2658635,-3.3150,-6.9427,3.6277,86.78
2026-08-17,169.42,176.61,166.37,172.88,161.85,152.43,175.65,156.45,138.86,136.5549,1,145.1405,1,1971320,2652890,-1.9042,-5.9350,4.0308,88.44
2026-08-18,161.35,167.74,157.60,159.60,161.85,152.30,175.30,156.93,139.21,136.5549,1,148.9165,1,1764065,2632496,-1.8370,-5.1154,3.2784,84.63
2026-08-19,160.33,160.86,150.42,152.17,161.43,152.22,174.60,157.35,139.52,136.5549,1,176.6074,0,1621732,2619869,-2.3558,-4.5635,2.2077,78.24
2026-08-20,151.97,153.77,148.97,151.17,160.86,151.99,174.15,157.76,139.83,136.5549,1,176.0836,0,1602720,2593920,-2.8158,-4.2139,1.3981,79.57
2026-08-21,153.56,155.19,147.77,149.56,159.28,152.15,173.78,158.14,140.15,136.5549,1,174.9991,0,925861,2576801,-3.2723,-4.0256,0.7533,76.90
2026-08-24,145.59,146.11,141.36,145.28,158.06,152.26,173.16,158.48,140.45,136.5549,1,173.3654,0,1504521,2571964,-3.9343,-4.0073,0.0731,72.21
2026-08-25,150.53,150.53,145.98,146.88,156.86,153.32,172.52,158.85,140.76,136.5549,1,170.8053,0,1051929,2559653,-4.2799,-4.0619,-0.2180,76.61
2026-08-26,146.72,152.64,146.67,152.49,155.40,154.75,171.82,159.24,141.08,136.5549,1,168.4500,0,953256,2544183,-4.0544,-4.0604,0.0060,80.12
2026-08-27,153.68,157.27,149.15,152.51,154.82,155.63,171.33,159.63,141.42,136.5549,1,166.2831,0,1251554,2521374,-3.8299,-4.0143,0.1843,80.89
2026-08-28,150.71,152.38,147.78,148.70,153.12,156.16,170.80,160.01,141.73,136.5549,1,164.2895,0,915050,2500759,-3.9146,-3.9943,0.0797,74.71
2026-08-31,148.17,149.04,146.72,148.73,150.71,156.28,169.89,160.37,142.03,136.5549,1,162.4555,0,1419003,2440341,-3.9339,-3.9823,0.0483,71.84
2026-09-01,144.25,147.09,143.29,145.56,149.31,155.58,168.61,160.61,142.32,136.5549,1,160.7682,0,1555309,2393499,-4.1571,-4.0172,-0.1399,68.04
2026-09-02,143.75,147.66,142.82,144.13,148.50,154.97,167.62,160.88,142.63,136.5549,1,159.2158,0,1133395,2346422,-4.3987,-4.0935,-0.3052,70.15
2026-09-03,143.07,146.33,139.25,146.00,147.98,154.42,166.43,161.17,142.95,136.5549,1,157.7876,0,1262185,2292488,-4.3886,-4.1525,-0.2361,70.86
2026-09-04,148.54,154.59,147.02,154.30,148.46,153.87,164.96,161.52,143.32,136.5549,1,155.9339,0,1320006,2202054,-3.6686,-4.0558,0.3871,80.20
2026-09-08,159.24,169.73,158.84,165.96,150.53,154.29,163.87,161.89,143.75,138.7757,1,139.2500,1,2300007,2047352,-2.1326,-3.6711,1.5385,87.93
2026-09-09,168.00,171.30,167.36,168.46,152.68,154.77,162.13,162.26,144.19,144.7696,1,139.8596,1,1433713,1951723,-0.7054,-3.0780,2.3726,88.96
2026-09-10,164.33,168.49,162.88,163.12,153.75,154.57,160.30,162.62,144.62,144.7696,1,141.1172,1,895219,1853651,-0.0052,-2.4634,2.4582,87.34
2026-09-11,165.50,168.82,163.75,166.40,155.14,154.98,159.22,162.99,145.05,144.7696,1,142.3245,1,814345,1771124,0.8051,-1.8097,2.6148,86.75
2026-09-14,150.65,154.25,142.77,143.60,154.63,153.88,158.16,163.13,145.36,176.4058,0,171.3000,0,2549963,1738910,-0.3880,-1.5254,1.1374,75.40
2026-09-15,145.30,147.24,142.60,143.57,154.11,152.41,157.15,163.22,145.67,171.4182,0,170.7294,0,1150714,1715412,-1.3207,-1.4844,0.1637,73.88
2026-09-16,147.22,147.86,142.35,144.16,153.97,151.64,156.33,163.33,145.97,170.6064,0,169.6042,0,1210339,1689630,-1.9894,-1.5854,-0.4040,68.27
2026-09-17,151.35,155.75,147.37,147.80,154.34,151.42,155.61,163.43,146.29,170.6064,0,167.9690,0,1251467,1683848,-2.2002,-1.7084,-0.4918,67.33
2026-09-18,152.00,153.77,148.68,150.13,154.75,151.37,154.77,163.56,146.63,170.6064,0,166.4318,0,2177741,1689161,-2.1545,-1.7976,-0.3569,75.20
2026-09-21,156.37,159.87,151.92,158.98,155.22,151.84,154.14,163.74,147.01,170.6064,0,164.9869,0,1472727,1698161,-1.3881,-1.7157,0.3276,78.92
2026-09-22,157.23,160.71,155.13,159.69,154.59,152.56,153.68,163.94,147.39,170.6064,0,163.6287,0,1074570,1691745,-0.7152,-1.5156,0.8004,77.33
2026-09-23,160.16,160.56,153.60,154.48,153.19,152.94,153.03,164.09,147.74,170.6064,0,162.3520,0,857333,1682748,-0.5955,-1.3316,0.7361,74.15
2026-09-24,150.51,156.36,149.60,154.15,152.30,153.02,152.63,164.26,148.08,170.6064,0,161.1519,0,832025,1652794,-0.5212,-1.1695,0.6483,69.86
2026-09-25,156.00,157.72,154.20,156.74,151.33,153.23,152.60,164.38,148.43,170.6064,0,160.5600,0,883073,1614366,-0.2505,-0.9857,0.7352,70.75
2026-09-28,154.26,155.66,149.26,151.59,152.13,153.38,152.55,164.42,148.73,170.6064,0,159.4674,0,1111321,1592618,-0.4463,-0.8778,0.4315,73.45
2026-09-29,157.06,161.39,155.62,158.71,153.64,153.88,152.66,164.48,149.06,170.6064,0,142.3500,1,1205022,1592753,-0.0267,-0.7076,0.6809,82.74
2026-09-30,158.50,160.47,152.68,153.76,154.60,154.29,152.50,164.44,149.35,170.6064,0,142.7308,1,971256,1579102,-0.0925,-0.5846,0.4921,79.83
2026-10-01,153.89,160.99,151.15,160.42,155.86,155.10,152.63,164.51,149.71,170.6064,0,143.1040,1,1266307,1573626,0.3883,-0.3900,0.7783,82.60
2026-10-02,164.00,165.14,159.50,164.19,157.27,156.01,152.80,164.61,150.09,170.6064,0,143.4697,1,1233625,1570351,1.0613,-0.0997,1.1610,83.22
2026-10-05,164.68,164.84,158.44,159.37,157.31,156.26,153.06,164.62,150.46,170.6064,0,144.3365,1,1048814,1565030,1.1919,0.1586,1.0334,79.31
2026-10-06,161.01,170.63,160.50,168.97,158.24,156.41,153.58,164.77,150.88,170.6064,0,145.1687,1,1499930,1554783,2.0466,0.5362,1.5104,84.94
2026-10-07,162.60,165.90,161.79,163.25,159.11,156.15,154.33,164.89,151.27,170.6064,0,146.6963,1,848361,1455259,2.2365,0.8763,1.3603,83.58
2026-10-08,158.26,160.26,150.94,152.83,158.98,155.64,154.91,165.02,151.59,170.6064,0,148.1324,1,1383218,1419401,1.5286,1.0067,0.5219,77.67
2026-10-09,156.47,159.18,151.20,156.68,158.98,155.15,155.34,165.24,151.94,170.6064,0,149.4822,1,1045181,1388955,1.2637,1.0581,0.2056,82.08
