rsRating,symbol,longName,sector,industry,country,marketCap,currentPrice,averageVolume10days,averageVolume3months,averageDollarVolume,revenueGrowth,earningsGrowth,earningsQuarterlyGrowth,grossMargins,operatingMargins,profitMargins,returnOnEquity,returnOnAssets,totalCash,totalDebt,debtToEquity,currentRatio,quickRatio,operatingCashflow,freeCashflow,sharesOutstanding,floatShares,heldPercentInsiders,heldPercentInstitutions,sharesShort,shortRatio,shortPercentOfFloat,trailingPE,forwardPE,priceToSalesTrailing12Months,priceToBook,enterpriseToRevenue,enterpriseToEbitda,targetMeanPrice,targetHighPrice,targetLowPrice,recommendationMean,recommendationKey,numberOfAnalystOpinions,epsRevisionUpLast7Days,epsRevisionUpLast30Days,epsRevisionDownLast7Days,epsRevisionDownLast30Days,nextEarningsDate,beta,website,retrievedAt
60.50,GOOG,Alphabet Inc.,Communication Services,Internet Content & Information,United States,4254305091584,347.86,15327710,17808740,6194948296.400001,0.242,2.94,2.979,0.60897,0.34033,0.54771,0.48676,0.12958999,242473992192,120790999040,18.859,2.724,2.471,185675005952,22665000960,5527000000,10879196500,0.00522,0.62084,51769478,3.28,,17.454088,22.865774,9.541668,6.8347216,9.227,23.758,420.36,485.0,340.0,1.37097,strong_buy,14,1,2,0,1,2026-10-28,1.211,https://abc.xyz,2026-10-10T21:30:13.142797+01:00
Date,Open,High,Low,Close,Ma10:Top:Line,Ma20:Top:Line,Ma50:Top:Line,Ma150:Top:Line,Ma200:Top:Line,Supertrend:Top:ColorLine,Supertrend_Dir,ParabolicSAR:Top:ColorLine,ParabolicSAR_Dir,Volume:Middle:Histogram,Vo50:Middle:Line,Macd:Bottom:Line,MacdSignal:Bottom:Line,MacdDelta:Bottom:Histogram
2023-08-03,127.17,128.55,126.58,127.56,,,,,,,0,126.5761,1,1933881,,,,
2023-08-04,128.38,130.69,127.11,127.33,,,,,,,0,126.5761,1,2637885,,,,
2023-08-07,128.29,130.82,128.22,130.70,,,,,,,0,126.5761,1,2324915,,,,
2023-08-08,129.75,130.70,128.91,130.60,,,,,,,0,126.7459,1,2219658,,,,
2023-08-09,130.95,131.23,128.29,128.93,,,,,,,0,126.9089,1,2309538,,,,
2023-08-10,130.73,131.40,128.81,128.99,,,,,,,0,127.1680,1,2324991,,,,
2023-08-11,127.99,129.22,127.54,128.95,,,,,,,0,127.5067,1,1979300,,,,
2023-08-14,128.63,130.67,128.37,130.59,,,,,,,0,127.5420,1,2310479,,,,
2023-08-15,130.36,130.75,128.60,129.05,,,,,,,0,127.5420,1,1923984,,,,
2023-08-16,128.07,129.67,127.25,127.90,129.06,,,,,135.9323,0,131.4024,0,2265674,,,,
2023-08-17,129.23,131.25,128.63,129.24,129.23,,,,,135.9323,0,131.3195,0,3087414,,,,
2023-08-18,127.85,128.61,125.81,126.91,129.19,,,,,135.1934,0,131.2479,0,3026881,,,,
2023-08-21,126.65,128.05,125.97,127.72,128.89,,,,,134.8161,0,131.2479,0,2817262,,,,
2023-08-22,127.92,129.72,127.72,128.47,128.67,,,,,134.8161,0,131.0303,0,2017704,,,,
2023-08-23,129.62,132.81,129.29,131.96,128.98,,,,,134.8161,0,125.8084,1,3529666,,,,
2023-08-24,133.46,133.70,129.08,129.20,129.00,,,,,134.8161,0,125.9485,1,2436298,,,,
2023-08-25,128.92,130.17,126.84,129.46,129.05,,,,,134.8161,0,126.2587,1,2702421,,,,
2023-08-28,130.84,131.99,129.62,130.55,129.05,,,,,134.8161,0,126.5565,1,2202936,,,,
2023-08-29,131.75,136.01,131.73,134.22,129.56,,,,,134.8161,0,126.8386,1,4173539,,,,
2023-08-30,134.30,135.96,133.75,135.65,130.34,129.70,,,,125.6475,1,127.3887,1,2981432,,,,
2023-08-31,135.76,137.10,135.54,136.06,131.02,130.12,,,,127.5597,1,127.9058,1,3866114,,,,
2023-09-01,137.13,137.28,134.66,135.52,131.88,130.53,,,,127.5597,1,128.6415,1,2280675,,,,
2023-09-05,135.16,136.08,134.29,135.43,132.65,130.77,,,,127.5597,1,129.5053,1,2423896,,,,
2023-09-06,135.73,136.19,133.43,134.10,133.21,130.94,,,,127.5597,1,130.2827,1,2140782,,,,
2023-09-07,133.34,135.30,132.70,134.92,133.51,131.24,,,,127.5597,1,130.9824,1,2312131,,,,
2023-09-08,134.60,136.22,134.60,135.91,134.18,131.59,,,,127.5597,1,131.6122,1,2443628,,,,
2023-09-11,136.09,136.97,135.27,136.45,134.88,131.97,,,,128.4621,1,132.1789,1,2366483,,,,
2023-09-12,135.84,136.35,134.65,134.79,135.30,132.18,,,,128.4621,1,132.6890,1,2070019,,,,
2023-09-13,134.62,136.41,133.66,136.21,135.50,132.53,,,,128.4621,1,133.1481,1,2254299,,,,
2023-09-14,137.09,138.24,135.77,137.69,135.71,133.02,,,,129.5098,1,133.5612,1,2649789,,,,
2023-09-15,137.50,138.05,135.89,137.00,135.80,133.41,,,,129.5770,1,133.6640,1,6771002,,,,
2023-09-18,136.34,138.62,136.34,137.66,136.02,133.95,,,,130.1382,1,134.2132,1,2255821,,,,
2023-09-19,136.95,137.87,136.21,137.53,136.23,134.44,,,,130.1382,1,134.8297,1,2148963,,,,
2023-09-20,137.53,137.54,133.26,133.33,136.15,134.68,,,,130.1382,1,138.6171,0,2890118,,2.1308,2.5582,-0.4274
2023-09-21,131.15,131.94,129.86,130.13,135.67,134.59,,,,138.8495,0,138.5099,0,2897591,,1.5393,2.3544,-0.8151
2023-09-22,130.44,131.76,129.29,130.02,135.08,134.63,,,,138.4211,0,138.1639,0,2277017,,1.0496,2.0935,-1.0439
2023-09-25,129.54,130.98,128.81,130.93,134.53,134.70,,,,137.6532,0,137.6312,0,1936290,,0.7267,1.8201,-1.0934
2023-09-26,129.69,130.17,126.99,128.24,133.87,134.59,,,,136.7451,0,136.9255,0,2638036,,0.2505,1.5062,-1.2557
2023-09-27,128.23,130.48,128.17,130.23,133.27,134.39,,,,136.7451,0,135.9317,0,2466742,,0.0334,1.2116,-1.1783
2023-09-28,129.46,132.92,129.46,131.88,132.69,134.20,,,,136.7451,0,135.0372,0,2423152,,-0.0052,0.9683,-0.9734
2023-09-29,132.82,133.62,130.09,130.61,132.05,133.93,,,,136.7451,0,134.2322,0,3063838,,-0.1364,0.7473,-0.8838
2023-10-02,130.92,134.09,130.83,133.90,131.68,133.85,,,,136.7451,0,126.9872,1,2596670,,0.0246,0.6028,-0.5782
2023-10-03,133.66,133.97,131.57,132.05,131.13,133.68,,,,136.7451,0,127.1293,1,2616506,,0.0028,0.4828,-0.4800
2023-10-04,132.41,135.29,132.18,134.99,131.30,133.72,,,,136.7451,0,127.2685,1,3113497,,0.2203,0.4303,-0.2100
2023-10-05,134.85,135.22,133.19,134.71,131.76,133.71,,,,136.7451,0,127.5893,1,2165355,,0.3661,0.4174,-0.0513
2023-10-06,133.67,137.88,133.67,137.43,132.50,133.79,,,,126.9460,1,127.8973,1,2889288,,0.6927,0.4725,0.2202
2023-10-09,136.70,138.66,135.42,138.19,133.22,133.88,,,,128.1174,1,128.4963,1,2315574,,1.0015,0.5783,0.4232
2023-10-10,138.20,139.42,137.13,137.89,134.19,134.03,,,,129.5611,1,129.3091,1,2722042,,1.2083,0.7043,0.5040
2023-10-11,138.54,140.89,138.53,140.37,135.20,134.24,,,,130.9665,1,130.3201,1,2854731,,1.5542,0.8743,0.6799
2023-10-12,140.83,141.04,138.14,138.97,135.91,134.30,132.74,,,130.9665,1,131.5880,1,2549504,2632108,1.6960,1.0386,0.6574
2023-10-13,139.33,140.01,136.68,137.28,136.58,134.32,132.94,,,130.9665,1,132.9118,1,2693815,2647307,1.6527,1.1614,0.4912
2023-10-16,138.42,139.58,138.01,139.17,137.11,134.39,133.17,,,130.9665,1,134.0504,1,2436883,2643287,1.7508,1.2793,0.4715
2023-10-17,138.72,139.92,137.23,139.67,137.87,134.50,133.35,,,130.9665,1,135.0295,1,2456610,2645921,1.8472,1.3929,0.4544
2023-10-18,139.43,140.66,137.40,137.97,138.17,134.73,133.50,,,130.9665,1,135.8715,1,2549506,2652518,1.7666,1.4676,0.2990
2023-10-19,138.49,139.68,137.30,137.68,138.46,135.11,133.68,,,130.9665,1,136.5957,1,3034100,2667009,1.6596,1.5060,0.1536
2023-10-20,137.29,137.74,134.97,135.46,138.27,135.38,133.80,,,130.9665,1,141.0441,0,3414439,2688798,1.3799,1.4808,-0.1009
2023-10-23,134.95,137.72,133.84,136.61,138.11,135.67,133.96,,,130.9665,1,140.9225,0,2865658,2706525,1.2366,1.4320,-0.1953
2023-10-24,137.85,139.39,137.45,138.81,138.20,136.19,134.12,,,130.9665,1,140.6393,0,3718112,2734678,1.2858,1.4027,-0.1170
2023-10-25,128.55,128.88,124.91,125.48,136.71,135.96,134.05,,,138.9826,0,140.3675,0,7447702,2845152,0.2467,1.1715,-0.9248
2023-10-26,123.30,124.28,121.17,122.28,135.04,135.48,133.94,,,134.9009,0,139.4398,0,4185530,2883549,-0.8254,0.7721,-1.5975
2023-10-27,122.87,123.27,120.32,122.24,133.54,135.06,133.80,,,133.6380,0,137.9784,0,4611174,2914024,-1.6591,0.2859,-1.9450
2023-10-30,123.29,125.36,122.72,124.57,132.08,134.59,133.75,,,133.6380,0,136.2126,0,3038824,2914263,-2.1077,-0.1928,-1.9149
2023-10-31,125.09,125.37,122.76,124.12,130.52,134.19,133.68,,,133.6380,0,134.6234,0,2646762,2910853,-2.4707,-0.6484,-1.8223
2023-11-01,124.16,126.54,123.75,126.37,129.36,133.76,133.64,,,133.6380,0,133.1931,0,3385274,2938205,-2.5476,-1.0283,-1.5194
2023-11-02,128.34,128.87,126.91,127.37,128.33,133.40,133.55,,,133.6380,0,131.9058,0,3097711,2929566,-2.4990,-1.3224,-1.1766
2023-11-03,127.88,129.50,127.80,129.15,127.70,132.98,133.54,,,133.6380,0,130.7473,0,2546048,2931761,-2.2910,-1.5161,-0.7748
2023-11-06,129.00,130.33,128.71,130.22,127.06,132.58,133.56,,,133.6380,0,120.3204,1,2019125,2918095,-2.0165,-1.6162,-0.4003
2023-11-07,130.74,132.03,129.91,131.16,126.30,132.25,133.57,,,133.6380,0,120.5205,1,2545231,2924941,-1.7035,-1.6337,-0.0698
2023-11-08,131.12,132.29,130.92,132.01,126.95,131.83,133.53,,,133.6380,0,120.9808,1,2011373,2881697,-1.3708,-1.5811,0.2103
2023-11-09,132.11,132.70,130.28,130.45,127.77,131.40,133.42,,,133.6380,0,121.6592,1,2367325,2869415,-1.2186,-1.5086,0.2900
2023-11-10,130.30,133.01,129.64,132.80,128.82,131.18,133.36,,,133.6380,0,122.5427,1,2798221,2848057,-0.8982,-1.3865,0.4883
2023-11-13,132.11,132.85,131.52,132.39,129.60,130.84,133.30,,,133.6380,0,123.5895,1,2193019,2846304,-0.6701,-1.2432,0.5731
2023-11-14,134.38,135.95,133.83,134.16,130.61,130.56,133.27,,,126.3495,1,124.5315,1,3022432,2858275,-0.3424,-1.0631,0.7207
2023-11-15,135.36,135.56,134.06,135.10,131.48,130.42,133.29,,,126.6708,1,125.9020,1,2160382,2858667,-0.0066,-0.8518,0.8452
2023-11-16,135.67,137.58,134.80,137.40,132.48,130.41,133.34,,,128.0343,1,127.1081,1,2443214,2861289,0.4399,-0.5934,1.0333
2023-11-17,136.53,136.71,134.21,135.66,133.13,130.42,133.34,,,128.0343,1,128.5737,1,3500912,2882434,0.6456,-0.3456,0.9912
2023-11-20,134.23,137.13,134.22,136.63,133.77,130.42,133.34,,,128.0343,1,129.8342,1,2699012,2889085,0.8769,-0.1011,0.9780
2023-11-21,136.65,137.66,136.41,137.32,134.39,130.34,133.39,,,129.1569,1,130.9181,1,2446380,2896612,1.1034,0.1398,0.9636
2023-11-22,137.79,139.78,137.70,138.71,135.06,131.01,133.44,,,130.9068,1,131.9970,1,2423242,2899991,1.3789,0.3876,0.9913
2023-11-24,138.23,138.37,136.18,136.92,135.71,131.74,133.42,,,130.9068,1,133.3973,1,1220289,2871401,1.4368,0.5974,0.8394
2023-11-27,136.28,138.32,136.25,136.75,136.10,132.46,133.42,,,130.9068,1,134.5455,1,2469218,2785365,1.4524,0.7684,0.6839
2023-11-28,136.34,137.36,135.75,137.32,136.60,133.10,133.41,,,130.9068,1,135.4870,1,2363041,2787510,1.4931,0.9134,0.5797
2023-11-29,137.68,138.36,135.02,135.12,136.69,133.65,133.36,,,130.9068,1,139.7761,0,2866405,2801858,1.3325,0.9972,0.3353
2023-11-30,135.12,135.67,131.54,132.66,136.45,133.96,133.35,,,130.9068,1,139.6809,0,4006016,2824176,0.9955,0.9969,-0.0013
2023-12-01,132.07,132.25,130.91,132.07,135.92,134.20,133.39,,,130.9068,1,139.3554,0,3235410,2830933,0.6728,0.9320,-0.2593
2023-12-04,130.06,130.22,128.19,129.40,135.29,134.21,133.38,,,137.4041,0,138.8488,0,3150417,2848401,0.1996,0.7856,-0.5859
2023-12-05,129.15,132.29,128.51,131.15,134.74,134.26,133.38,,,137.4041,0,137.9958,0,2546535,2860606,-0.0342,0.6216,-0.6558
2023-12-06,131.65,132.06,130.08,130.20,134.03,134.21,133.42,,,137.4041,0,137.2110,0,2150274,2850850,-0.2929,0.4387,-0.7316
2023-12-07,135.32,138.69,134.95,137.15,133.87,134.47,133.56,,,137.4041,0,128.1859,1,5319166,2907899,0.0625,0.3634,-0.3010
2023-12-08,134.39,136.70,134.30,135.36,133.72,134.71,133.63,,,137.4041,0,128.3959,1,3144920,2922334,0.1972,0.3302,-0.1330
2023-12-11,132.56,133.53,131.64,133.44,133.39,134.74,133.69,,,137.4041,0,128.6017,1,3300541,2927068,0.1471,0.2936,-0.1464
2023-12-12,132.02,133.28,131.58,132.39,132.89,134.74,133.66,,,137.4041,0,128.8034,1,3552686,2946189,0.0225,0.2394,-0.2169
2023-12-13,133.28,133.52,131.70,132.71,132.65,134.67,133.67,,,137.4041,0,129.0010,1,3404781,2961954,-0.0493,0.1816,-0.2309
2023-12-14,133.51,133.77,129.83,131.95,132.58,134.51,133.61,,,137.4041,0,129.1948,1,3945264,2978589,-0.1659,0.1121,-0.2780
2023-12-15,131.67,133.56,131.39,132.58,132.63,134.27,133.57,,,137.4041,0,129.3846,1,7842221,3092127,-0.2047,0.0488,-0.2535
2023-12-18,132.60,137.08,132.51,135.90,133.28,134.29,133.53,,,137.4041,0,129.5706,1,3525756,3104856,0.0319,0.0454,-0.0135
2023-12-19,136.71,137.47,136.16,136.80,133.85,134.30,133.51,,,137.4041,0,129.7529,1,2853284,3115610,0.2888,0.0941,0.1948
2023-12-20,139.01,141.74,138.10,138.35,134.66,134.35,133.52,,,130.2714,1,129.9316,1,4679630,3154762,0.6101,0.1973,0.4128
2023-12-21,139.45,140.70,139.15,140.47,135.00,134.44,133.52,,,130.5392,1,130.4038,1,2566793,3149003,1.0240,0.3626,0.6614
2023-12-22,140.80,141.91,140.72,141.38,135.60,134.66,133.57,,,132.4349,1,130.8570,1,2642247,3150858,1.4093,0.5720,0.8373
2023-12-26,141.64,142.59,141.16,141.48,136.40,134.89,133.65,,,133.4580,1,131.5200,1,1595314,3128888,1.7030,0.7982,0.9048
2023-12-27,141.49,141.98,139.73,140.11,137.17,135.03,133.67,,,133.4580,1,132.4059,1,2445271,3129056,1.8047,0.9995,0.8052
2023-12-28,140.52,140.94,139.51,139.95,137.90,135.28,133.67,,,133.4580,1,133.2210,1,1722556,3114375,1.8511,1.1698,0.6813
2023-12-29,139.36,140.11,138.59,139.61,138.66,135.62,133.71,,,133.4580,1,133.9709,1,2097179,3105328,1.8387,1.3036,0.5351
2024-01-02,138.29,139.30,136.45,138.25,139.23,135.93,133.72,,,133.4580,1,134.6608,1,2801234,3100671,1.6998,1.3828,0.3170
2024-01-03,137.30,139.77,137.13,139.04,139.55,136.41,133.79,,,133.4580,1,135.2954,1,2663233,3085647,1.6348,1.4332,0.2016
2024-01-04,138.54,139.32,136.72,136.74,139.54,136.69,133.79,,,133.4580,1,135.8794,1,2519685,3078727,1.3819,1.4230,-0.0410
2024-01-05,137.05,137.51,135.57,136.10,139.31,136.99,133.74,,,133.4580,1,142.5944,0,2121233,3046790,1.1167,1.3617,-0.2450
2024-01-08,136.71,139.32,136.59,139.21,139.19,137.09,134.01,,,133.4580,1,142.4538,0,2479694,2947430,1.1443,1.3182,-0.1739
2024-01-09,138.75,141.46,138.48,141.22,139.17,137.39,134.39,,,133.4580,1,142.3161,0,2791282,2919545,1.3133,1.3172,-0.0039
2024-01-10,141.18,143.17,141.12,142.45,139.27,137.84,134.80,,,134.4379,1,135.5660,1,2393105,2875183,1.5287,1.3595,0.1692
2024-01-11,143.54,145.28,140.88,142.32,139.49,138.33,135.15,,,134.8239,1,135.7180,1,2510073,2864608,1.6698,1.4216,0.2482
2024-01-12,142.99,143.38,142.01,142.89,139.78,138.84,135.53,,,134.8558,1,136.1007,1,2019173,2852056,1.8064,1.4986,0.3078
2024-01-16,142.08,144.47,141.71,142.73,140.10,139.38,135.85,,,135.2069,1,136.4680,1,2766178,2839675,1.8801,1.5749,0.3053
2024-01-17,141.57,142.06,139.19,141.55,140.43,139.83,136.14,,,135.2069,1,136.8206,1,2555516,2828831,1.8225,1.6244,0.1981
2024-01-18,142.09,144.22,142.00,143.63,140.88,140.21,136.43,,,135.2069,1,137.1592,1,2736947,2832649,1.9225,1.6840,0.2385
2024-01-19,144.93,146.65,144.43,146.58,141.87,140.70,136.75,,,137.3062,1,137.4842,1,4021973,2872706,2.2144,1.7901,0.4243
2024-01-22,147.31,148.61,146.20,146.32,142.89,141.10,137.06,,,139.2659,1,138.0342,1,3224391,2886289,2.3973,1.9115,0.4858
2024-01-23,146.33,147.46,145.81,147.28,143.70,141.44,137.36,,,139.2659,1,138.8800,1,2098410,2888030,2.5900,2.0472,0.5428
2024-01-24,148.88,150.15,148.43,148.94,144.47,141.82,137.73,,,141.3957,1,139.6582,1,2893486,2898553,2.8434,2.2065,0.6369
2024-01-25,150.32,153.31,149.80,152.20,145.44,142.36,138.12,,,143.1382,1,140.7072,1,3302507,2908638,3.2695,2.4191,0.8504
2024-01-26,151.44,152.66,151.37,152.35,146.45,142.97,138.52,,,144.0512,1,142.2193,1,2998059,2924739,3.5779,2.6508,0.9271
2024-01-29,152.20,153.74,151.49,153.39,147.50,143.64,138.90,,,144.7693,1,143.5499,1,3237596,2929043,3.8618,2.8930,0.9688
2024-01-30,152.56,153.59,151.34,151.61,148.39,144.24,139.24,,,144.7693,1,144.9770,1,4067901,2967193,3.8987,3.0942,0.8046
2024-01-31,144.03,144.22,140.22,140.47,148.28,144.35,139.30,,,152.6009,0,153.7438,0,6226240,3042853,2.9942,3.0742,-0.0800
2024-02-01,142.34,143.26,140.93,141.37,148.05,144.47,139.41,,,152.2724,0,153.5853,0,3642944,3045694,2.3233,2.9240,-0.6007
2024-02-02,139.57,142.53,136.87,142.19,147.61,144.74,139.52,,,150.5592,0,153.3180,0,6048216,3112678,1.8369,2.7066,-0.8697
2024-02-05,142.69,145.29,142.56,143.57,147.34,145.11,139.65,,,150.5592,0,152.6602,0,4239840,3148547,1.5446,2.4742,-0.9296
2024-02-06,144.59,145.36,143.16,144.05,147.01,145.36,139.75,,,150.5592,0,152.0288,0,3128889,3162660,1.3360,2.2465,-0.9106
2024-02-07,144.75,145.62,143.85,145.30,146.65,145.56,139.92,,,150.5592,0,151.4226,0,3144247,3201139,1.2576,2.0488,-0.7911
2024-02-08,145.59,146.23,145.05,145.84,146.01,145.73,140.10,,,150.5592,0,150.8406,0,2685484,3205465,1.2246,1.8839,-0.6593
2024-02-09,146.56,149.28,146.05,148.81,145.66,146.05,140.33,,,150.5592,0,150.2819,0,3286468,3223933,1.4218,1.7915,-0.3697
2024-02-12,148.14,149.18,147.17,147.33,145.06,146.28,140.58,,,150.5592,0,149.7456,0,2563525,3217876,1.4424,1.7217,-0.2793
2024-02-13,144.70,146.65,143.75,145.00,144.39,146.39,140.82,,,150.5592,0,149.2811,0,2654932,3190854,1.2556,1.6285,-0.3729
2024-02-14,145.99,146.44,144.19,145.76,144.92,146.60,141.10,,,150.5592,0,149.1771,0,2450146,3175149,1.1558,1.5339,-0.3781
2024-02-15,143.10,143.40,140.55,142.59,145.04,146.55,141.36,,,150.5592,0,148.6849,0,3846696,3189074,0.8115,1.3895,-0.5779
2024-02-16,142.86,143.12,140.19,140.43,144.87,146.24,141.55,,,150.5592,0,148.2125,0,3099596,3200136,0.3603,1.1836,-0.8233
2024-02-20,139.62,141.98,139.48,140.87,144.60,145.97,141.76,,,150.0300,0,147.7589,0,2648560,3210101,0.0374,0.9544,-0.9170
2024-02-21,141.30,142.63,140.58,142.49,144.44,145.73,141.87,,,150.0300,0,147.3235,0,2364845,3151015,-0.0863,0.7462,-0.8326
2024-02-22,144.75,144.83,142.66,143.96,144.31,145.48,142.04,,,150.0300,0,146.9055,0,3345950,3155035,-0.0654,0.5839,-0.6493
2024-02-23,143.61,144.59,143.43,143.93,144.12,145.06,142.25,,,150.0300,0,146.5042,0,2109524,3131215,-0.0506,0.4570,-0.5076
2024-02-26,142.10,142.49,137.44,137.45,142.98,144.32,142.35,,,149.3398,0,146.1190,0,4649929,3153160,-0.5552,0.2546,-0.8098
2024-02-27,138.10,139.17,137.20,138.79,142.12,143.59,142.47,,,147.2154,0,145.7492,0,3133197,3147728,-0.8376,0.0361,-0.8737
2024-02-28,137.79,137.97,135.36,136.14,141.24,142.82,142.56,,,145.8202,0,145.3942,0,4209302,3153009,-1.2603,-0.2232,-1.0371
2024-02-29,137.05,138.64,136.28,138.47,140.51,142.72,142.67,,,145.8202,0,144.7920,0,4960093,3095367,-1.3914,-0.4568,-0.9346
2024-03-01,138.30,138.69,136.68,136.78,139.93,142.49,142.69,,,145.8202,0,144.2259,0,3942391,3103699,-1.6126,-0.6880,-0.9246
2024-03-04,135.26,135.35,131.61,132.94,139.18,142.02,142.61,,,142.8540,0,143.6939,0,5847295,3163579,-2.0741,-0.9652,-1.1089
2024-03-05,131.49,132.76,130.32,132.52,138.35,141.47,142.50,,,140.7626,0,142.7274,0,3805720,3146101,-2.4453,-1.2612,-1.1841
2024-03-06,132.98,133.48,130.71,131.32,137.23,140.84,142.31,,,140.7626,0,141.4863,0,3072104,3156208,-2.8046,-1.5699,-1.2347
2024-03-07,132.63,134.55,131.42,133.97,136.23,140.27,142.17,136.16,,140.7626,0,140.3692,0,3260271,3168568,-2.8424,-1.8244,-1.0180
2024-03-08,133.77,137.68,133.54,135.01,135.34,139.73,142.04,136.21,,140.7626,0,139.3638,0,3611031,3208882,-2.7566,-2.0108,-0.7458
2024-03-11,135.78,138.67,135.78,137.64,135.36,139.17,141.99,136.28,,140.7626,0,130.3157,1,3131207,3222601,-2.4486,-2.0984,-0.3502
2024-03-12,136.95,138.96,136.91,138.31,135.31,138.72,141.95,136.33,,140.7626,0,130.4827,1,2655530,3241261,-2.1256,-2.1038,-0.0218
2024-03-13,138.75,140.86,138.70,139.45,135.64,138.44,141.95,136.39,,140.7626,0,130.8220,1,2764301,3254603,-1.7575,-2.0346,0.2771
2024-03-14,140.96,143.37,140.16,142.99,136.09,138.30,142.05,136.48,,132.3625,1,131.4240,1,5213258,3302843,-1.1669,-1.8610,0.6941
2024-03-15,142.06,142.99,139.81,140.84,136.50,138.21,142.08,136.56,,132.3625,1,132.3798,1,5834586,3366270,-0.8624,-1.6613,0.7989
2024-03-18,147.97,151.50,146.75,147.09,137.91,138.55,142.29,136.68,,137.4505,1,133.2592,1,7079036,3457457,-0.1154,-1.3521,1.2368
2024-03-19,147.58,148.22,145.63,146.53,139.31,138.83,142.50,136.79,,137.4505,1,135.0828,1,2625343,3467540,0.4270,-0.9963,1.4233
2024-03-20,147.39,148.35,146.28,148.28,141.01,139.12,142.68,136.91,,137.4505,1,136.7240,1,2653826,3471022,0.9861,-0.5998,1.5859
2024-03-21,148.91,149.89,146.62,147.34,142.35,139.29,142.80,137.04,,137.5765,1,138.2011,1,2951582,3474228,1.3387,-0.2121,1.5508
2024-03-22,148.83,151.13,148.68,150.35,143.88,139.61,142.96,137.18,,139.1608,1,139.5305,1,2922013,3484806,1.8391,0.1981,1.6410
2024-03-25,149.53,150.03,147.40,149.73,145.09,140.22,143.11,137.34,,139.1608,1,140.7270,1,2284587,3480297,2.1612,0.5907,1.5704
2024-03-26,149.82,151.76,149.61,150.28,146.29,140.80,143.25,137.49,,140.5456,1,141.8038,1,2929737,3498508,2.4324,0.9591,1.4733
2024-03-27,150.72,151.26,148.72,150.51,147.39,141.52,143.41,137.63,,140.5456,1,142.9988,1,2525547,3493695,2.6361,1.2945,1.3416
2024-03-28,150.57,151.24,149.91,150.83,148.18,142.14,143.60,137.76,,141.2757,1,144.0505,1,3213539,3506856,2.7910,1.5938,1.1972
2024-04-01,150.41,155.53,150.23,155.03,149.60,143.05,143.82,137.93,,142.9187,1,144.9759,1,3829524,3528707,3.2155,1.9181,1.2974
2024-04-02,153.30,154.53,152.02,154.41,150.33,144.12,143.98,138.10,,143.4074,1,146.4531,1,2743016,3503128,3.4617,2.2268,1.2349
2024-04-03,153.47,155.08,152.69,154.90,151.17,145.24,144.15,138.26,,144.2856,1,147.7234,1,2699916,3492639,3.6547,2.5124,1.1423
2024-04-04,153.62,154.71,150.45,150.51,151.39,146.20,144.22,138.37,,144.2856,1,148.8159,1,3674639,3524163,3.4142,2.6928,0.7214
2024-04-05,150.26,153.39,149.66,152.50,151.91,147.13,144.29,138.48,,144.2856,1,155.5269,0,2508806,3516470,3.3449,2.8232,0.5217
2024-04-08,152.57,155.19,152.55,154.67,152.34,148.11,144.34,138.61,,144.2856,1,155.4096,0,2598404,3502388,3.4263,2.9438,0.4825
2024-04-09,155.87,158.39,155.17,156.66,153.03,149.06,144.42,138.75,,146.7646,1,149.6634,1,3403410,3510495,3.6091,3.0769,0.5322
2024-04-10,156.40,156.68,154.73,156.18,153.62,149.95,144.48,138.89,,146.7646,1,149.8380,1,2576038,3497264,3.6732,3.1961,0.4771
2024-04-11,156.85,159.61,156.45,159.28,154.50,150.95,144.63,139.05,,148.3632,1,150.0090,1,2868767,3473281,3.9290,3.3427,0.5863
2024-04-12,157.91,160.18,157.11,157.70,155.18,151.68,144.98,139.20,,149.0276,1,150.3930,1,2704606,3402848,3.9581,3.4658,0.4924
2024-04-15,158.78,159.32,154.68,154.86,155.17,152.38,145.25,139.33,,149.0276,1,150.9804,1,3304957,3396088,3.7099,3.5146,0.1953
2024-04-16,154.18,155.75,153.60,154.54,155.18,152.75,145.49,139.45,,149.0276,1,151.5325,1,2404459,3323213,3.4470,3.5011,-0.0541
2024-04-17,155.72,157.19,154.67,155.41,155.23,153.20,145.73,139.59,,149.0276,1,152.0515,1,2547386,3289364,3.2713,3.4551,-0.1838
2024-04-18,155.45,157.00,154.74,155.98,155.78,153.58,145.97,139.72,,149.0276,1,152.5394,1,2206975,3270926,3.1422,3.3926,-0.2503
2024-04-19,156.27,156.51,152.47,154.26,155.95,153.93,146.15,139.83,,149.0276,1,160.1828,0,3344850,3274938,2.8678,3.2876,-0.4198
2024-04-22,154.55,157.69,154.20,156.47,156.13,154.24,146.36,139.96,,149.0276,1,160.0285,0,2723674,3275702,2.7963,3.1893,-0.3931
2024-04-23,157.10,158.97,156.48,158.42,156.31,154.67,146.55,140.10,,149.0276,1,159.8772,0,2577175,3261516,2.8641,3.1243,-0.2602
2024-04-24,157.60,159.88,157.33,159.59,156.65,155.14,146.80,140.25,,149.3653,1,152.4659,1,3139146,3273028,2.9778,3.0950,-0.1172
2024-04-25,151.92,156.79,151.33,156.47,156.37,155.43,147.03,140.40,,149.3653,1,159.8757,0,5717442,3334279,2.7841,3.0328,-0.2487
2024-04-26,174.34,174.76,169.79,172.06,157.81,156.49,147.55,140.68,,157.0783,1,151.3346,1,9813624,3481548,3.8444,3.1951,0.6492
2024-04-29,169.17,169.77,165.49,166.32,158.95,157.06,148.03,140.92,,157.0783,1,151.3346,1,6030061,3525215,4.1737,3.3908,0.7829
2024-04-30,165.81,168.28,162.96,163.10,159.81,157.49,148.48,141.14,,157.0783,1,151.8032,1,4843840,3560100,4.1266,3.5380,0.5886
2024-05-01,164.62,167.23,163.35,164.02,160.67,157.95,148.95,141.38,,157.0783,1,152.2624,1,4176205,3590653,4.1161,3.6536,0.4625
2024-05-02,165.11,166.95,164.14,166.88,161.76,158.77,149.43,141.62,,157.0783,1,152.7125,1,2870744,3600771,4.2894,3.7808,0.5086
2024-05-03,167.95,168.26,163.43,167.40,163.07,159.51,149.90,141.86,,157.0783,1,153.1535,1,3847412,3610800,4.4182,3.9082,0.5099
2024-05-06,167.63,168.31,166.31,168.24,164.25,160.19,150.39,142.11,,157.0783,1,153.5858,1,2572568,3620061,4.5351,4.0336,0.5015
2024-05-07,168.52,171.84,168.40,171.36,165.54,160.93,151.07,142.36,,157.0783,1,154.0093,1,3650293,3600069,4.8239,4.1917,0.6322
2024-05-08,169.15,170.30,168.92,169.55,166.54,161.59,151.68,142.61,,157.0783,1,154.4244,1,2493784,3587280,4.8514,4.3236,0.5278
2024-05-09,169.54,170.82,168.34,169.97,167.89,162.13,152.36,142.84,,157.2360,1,154.8312,1,2048271,3544060,4.8509,4.4291,0.4218
2024-05-10,168.10,169.73,166.33,168.69,167.55,162.68,152.96,143.07,,157.2360,1,155.2299,1,3191320,3508684,4.6932,4.4819,0.2113
2024-05-13,164.29,169.35,164.20,169.30,167.85,163.40,153.61,143.28,,157.2360,1,155.6206,1,3357946,3496995,4.5644,4.4984,0.0660
2024-05-14,169.98,171.16,168.82,170.32,168.57,164.19,154.36,143.49,,158.0190,1,156.0035,1,3220163,3444453,4.4929,4.4973,-0.0044
2024-05-15,170.68,172.41,170.42,172.25,169.40,165.03,155.15,143.72,,160.0118,1,156.3787,1,3644212,3441223,4.5397,4.5058,0.0339
2024-05-16,172.96,174.69,172.42,173.78,170.09,165.92,156.00,143.95,,162.5577,1,156.7464,1,3025694,3440294,4.6472,4.5341,0.1131
2024-05-17,173.90,175.83,173.34,175.63,170.91,166.99,156.84,144.19,141.33,163.9424,1,157.1068,1,2933511,3433759,4.8254,4.5923,0.2331
2024-05-20,175.65,178.26,175.56,176.79,171.76,168.01,157.67,144.45,141.57,166.5246,1,157.8557,1,3122176,3423982,5.0025,4.6744,0.3281
2024-05-21,176.73,178.13,175.65,177.86,172.41,168.98,158.48,144.71,141.83,166.7951,1,159.0801,1,2640315,3414164,5.1696,4.7734,0.3962
2024-05-22,176.73,177.17,175.12,176.33,173.09,169.82,159.24,144.96,142.05,166.7951,1,160.2309,1,2881713,3418688,5.1199,4.8427,0.2772
2024-05-23,177.10,178.22,172.90,173.42,173.44,170.66,159.92,145.19,142.27,166.7951,1,161.3128,1,2613366,3415669,4.7903,4.8322,-0.0419
2024-05-24,174.86,175.64,173.56,174.68,174.03,170.79,160.55,145.44,142.50,166.7951,1,162.3297,1,2010797,3351620,4.5778,4.7813,-0.2035
2024-05-28,174.09,176.84,174.03,176.35,174.74,171.29,161.26,145.71,142.73,166.7951,1,163.2856,1,2786957,3290667,4.4927,4.7236,-0.2309
2024-05-29,175.15,176.56,174.61,175.74,175.28,171.93,161.83,145.97,142.97,166.7951,1,164.1842,1,2665222,3202391,4.3259,4.6441,-0.3182
2024-05-30,175.03,175.03,171.60,171.93,175.25,172.32,162.34,146.19,143.18,166.7951,1,165.0288,1,3267493,3215234,3.8424,4.4837,-0.6413
2024-05-31,171.77,172.78,169.37,172.33,175.10,172.59,162.82,146.51,143.39,166.7951,1,165.8228,1,4885702,3259872,3.4514,4.2773,-0.8259
2024-06-03,172.25,174.21,170.83,172.78,174.82,172.86,163.33,146.84,143.62,166.7951,1,166.5691,1,3617959,3273199,3.1421,4.0502,-0.9081
2024-06-04,172.81,173.55,171.59,173.49,174.49,173.13,163.79,147.18,143.84,166.7951,1,167.2707,1,2463484,3264029,2.9201,3.8242,-0.9041
2024-06-05,174.88,176.30,173.65,175.41,174.24,173.33,164.31,147.52,144.08,166.7951,1,167.9301,1,2697467,3272286,2.8662,3.6326,-0.7664
2024-06-06,175.77,177.03,175.55,176.68,174.28,173.68,164.84,147.87,144.32,167.3533,1,168.5500,1,2542522,3264542,2.8924,3.4846,-0.5922
2024-06-07,176.79,177.74,174.14,174.30,174.37,173.90,165.31,148.19,144.55,167.3533,1,169.1327,1,2589333,3265818,2.6903,3.3257,-0.6354
2024-06-10,174.99,177.00,172.94,175.17,174.42,174.23,165.80,148.51,144.77,167.3533,1,169.6804,1,3020338,3261954,2.5710,3.1748,-0.6038
2024-06-11,176.25,176.92,173.99,176.72,174.45,174.60,166.23,148.83,145.01,167.3533,1,170.1953,1,2566364,3236690,2.5716,3.0541,-0.4825
2024-06-12,178.27,180.58,176.31,178.08,174.69,174.98,166.71,149.15,145.25,168.7397,1,170.6793,1,3339888,3248628,2.6512,2.9735,-0.3224
2024-06-13,176.37,177.04,175.20,175.28,175.02,175.14,167.11,149.44,145.47,168.7397,1,171.4711,1,2820223,3251034,2.4602,2.8709,-0.4107
2024-06-14,174.40,177.25,174.40,176.90,175.48,175.29,167.64,149.74,145.69,168.7397,1,172.1995,1,2204939,3221640,2.4115,2.7790,-0.3675
2024-06-17,175.52,178.43,175.03,177.30,175.93,175.38,168.14,150.05,145.90,168.7397,1,172.8697,1,2730489,3226074,2.3783,2.6988,-0.3206
2024-06-18,177.31,177.43,174.17,174.99,176.08,175.29,168.54,150.33,146.09,168.7397,1,173.4863,1,2759731,3229300,2.1408,2.5872,-0.4464
2024-06-20,175.25,177.26,175.00,176.24,176.17,175.21,168.94,150.63,146.29,168.7397,1,174.0535,1,2977211,3220776,2.0300,2.4758,-0.4457
2024-06-21,177.02,181.01,176.59,178.77,176.38,175.33,169.39,150.92,146.51,168.9901,1,174.1702,1,10617891,3381613,2.1219,2.4050,-0.2831
2024-06-24,179.78,180.58,178.74,179.30,176.88,175.62,169.79,151.22,146.74,170.2822,1,174.8537,1,3290071,3390039,2.2116,2.3663,-0.1547
2024-06-25,179.65,184.22,179.61,184.05,177.76,176.09,170.31,151.53,146.98,171.9980,1,175.4688,1,3488347,3405714,2.6356,2.4202,0.2154
2024-06-26,182.68,184.40,182.47,183.84,178.48,176.46,170.89,151.85,147.22,173.9322,1,176.5186,1,2479453,3389204,2.9212,2.5204,0.4008
2024-06-27,184.11,185.95,183.92,185.32,179.20,176.94,171.51,152.18,147.47,175.7510,1,177.6213,1,2433982,3389795,3.2295,2.6622,0.5673
2024-06-28,184.19,185.04,181.81,181.91,179.86,177.44,172.04,152.47,147.70,175.7510,1,178.9542,1,4224603,3423339,3.1621,2.7622,0.3999
2024-07-01,182.96,183.81,181.22,182.97,180.47,177.97,172.58,152.77,147.94,175.7510,1,180.0739,1,2179915,3422798,3.1579,2.8413,0.3166
2024-07-02,181.96,185.41,181.55,185.07,181.25,178.59,173.20,153.09,148.17,175.7510,1,181.0144,1,2342982,3402760,3.2864,2.9303,0.3560
2024-07-03,184.76,186.07,183.85,185.84,182.33,179.21,173.78,153.42,148.42,175.8345,1,181.2215,1,1388391,3376055,3.4113,3.0265,0.3847
2024-07-05,185.77,190.67,185.77,190.38,183.74,179.95,174.42,153.77,148.68,178.5380,1,181.5487,1,2745681,3379425,3.8318,3.1876,0.6442
2024-07-08,189.79,190.10,187.76,188.91,184.76,180.57,175.01,154.13,148.94,179.4247,1,183.3736,1,2304351,3362729,4.0005,3.3502,0.6504
2024-07-09,190.17,191.27,188.66,188.87,185.71,181.29,175.66,154.50,149.21,180.6293,1,184.8334,1,1942202,3287224,4.0840,3.4969,0.5870
2024-07-10,189.18,191.71,189.05,191.07,186.42,182.09,176.04,154.90,149.52,181.1254,1,186.1203,1,2322112,3137394,4.2784,3.6532,0.6252
2024-07-11,189.76,190.82,185.28,185.75,186.61,182.54,176.43,155.27,149.80,181.1254,1,191.7141,0,3081460,3078422,3.9580,3.7142,0.2438
2024-07-12,185.38,187.13,184.60,185.24,186.60,182.90,176.87,155.63,150.07,181.1254,1,191.7141,0,2698803,3035521,3.6207,3.6955,-0.0748
2024-07-15,184.95,188.33,184.95,186.64,187.07,183.47,177.32,156.01,150.36,181.1254,1,191.4297,0,2293283,2997863,3.4267,3.6417,-0.2150
2024-07-16,187.40,188.77,183.59,183.97,187.17,183.82,177.66,156.32,150.63,181.1254,1,191.1567,0,2366999,2987788,3.0228,3.5179,-0.4951
2024-07-17,183.16,183.70,180.12,181.11,186.78,184.01,177.94,156.63,150.88,191.6783,0,190.7028,0,3173315,2974306,2.4441,3.3032,-0.8590
2024-07-18,182.02,182.53,176.74,177.74,185.97,184.15,178.13,156.92,151.11,190.8510,0,189.8562,0,3203952,2986933,1.6939,2.9813,-1.2874
2024-07-19,178.88,180.47,177.38,177.91,184.72,184.23,178.26,157.22,151.33,189.9455,0,188.5445,0,2598626,2965900,1.1002,2.6051,-1.5049
2024-07-22,180.84,182.78,180.40,181.84,184.01,184.39,178.50,157.55,151.58,189.9455,0,187.3639,0,2989320,2975811,0.9359,2.2713,-1.3354
2024-07-23,182.32,183.69,181.82,182.08,183.33,184.52,178.75,157.89,151.82,189.9455,0,186.3014,0,4364650,3022138,0.8162,1.9802,-1.1640
2024-07-24,173.94,176.48,172.14,172.93,181.52,183.97,178.83,158.16,152.01,187.0161,0,185.3451,0,5449184,3067296,-0.0170,1.5808,-1.5978
2024-07-25,172.81,173.75,167.65,167.76,179.72,183.16,178.80,158.37,152.16,183.9702,0,183.7602,0,4900210,3098141,-1.0819,1.0483,-2.1301
2024-07-26,167.38,168.44,164.50,167.29,177.93,182.26,178.74,158.57,152.31,179.5889,0,181.5054,0,4242319,3118584,-1.9418,0.4502,-2.3920
2024-07-29,169.09,170.74,168.32,169.72,176.23,181.65,178.69,158.78,152.46,179.5889,0,178.7838,0,2356272,3092825,-2.3996,-0.1197,-2.2798
2024-07-30,170.41,171.52,168.72,170.44,174.88,181.03,178.62,158.98,152.61,179.5889,0,176.4977,0,2351285,3079337,-2.6731,-0.6304,-2.0427
2024-07-31,173.48,174.46,170.30,171.72,173.94,180.36,178.54,159.18,152.78,179.5889,0,174.5774,0,2709832,3074864,-2.7549,-1.0553,-1.6996
2024-08-01,170.56,174.23,169.10,171.03,173.27,179.62,178.43,159.38,152.95,179.5889,0,174.4578,0,2962312,3071666,-2.8430,-1.4128,-1.4301
2024-08-02,166.80,168.80,165.02,167.01,172.18,178.45,178.21,159.56,153.09,179.5889,0,174.4578,0,3184073,3082541,-3.2000,-1.7703,-1.4297
2024-08-05,156.07,164.57,155.31,159.31,169.93,176.97,177.87,159.69,153.18,175.3643,0,174.2297,0,5607589,3137059,-4.0572,-2.2276,-1.8295
2024-08-06,159.62,161.01,156.82,159.21,167.64,175.49,177.59,159.82,153.29,174.0558,0,170.8236,0,5802959,3200851,-4.6904,-2.7202,-1.9702
2024-08-07,161.89,163.43,158.92,159.42,166.29,173.91,177.28,159.96,153.40,174.0558,0,168.0307,0,3107973,3222794,-5.1165,-3.1995,-1.9170
2024-08-08,161.00,164.13,160.69,162.49,165.76,172.74,177.00,160.12,153.53,174.0558,0,165.7404,0,2577793,3218611,-5.1475,-3.5891,-1.5585
2024-08-09,160.31,164.15,159.60,164.02,165.44,171.68,176.77,160.30,153.67,174.0558,0,155.3072,1,2240902,3210125,-4.9906,-3.8694,-1.1212
2024-08-12,164.62,165.32,162.20,162.60,164.73,170.48,176.58,160.47,153.79,174.0558,0,155.4841,1,2038718,3185549,-4.9246,-4.0804,-0.8442
2024-08-13,163.82,165.17,163.41,164.56,164.14,169.51,176.43,160.64,153.99,174.0558,0,155.8777,1,2110231,3130040,-4.6602,-4.1964,-0.4638
2024-08-14,162.85,163.60,158.21,160.69,163.03,168.49,176.19,160.77,154.18,174.0558,0,156.2556,1,3648251,3130646,-4.7085,-4.2988,-0.4097
2024-08-15,160.87,162.17,160.16,161.82,162.11,167.69,175.95,160.90,154.38,174.0558,0,156.6183,1,3001104,3141398,-4.6025,-4.3595,-0.2429
2024-08-16,162.06,165.57,161.73,163.38,161.75,166.97,175.71,161.04,154.57,174.0558,0,156.9665,1,2776380,3142976,-4.3427,-4.3562,0.0134
2024-08-19,165.62,167.08,164.72,167.01,162.52,166.23,175.52,161.20,154.78,174.0558,0,157.4828,1,2206175,3136249,-3.8002,-4.2450,0.4448
2024-08-20,167.35,169.00,167.27,167.57,163.36,165.50,175.38,161.37,154.99,174.0558,0,158.2505,1,2132698,3127117,-3.2875,-4.0535,0.7660
2024-08-21,165.61,167.25,165.19,166.25,164.04,165.17,175.21,161.53,155.18,174.0558,0,159.3258,1,2559643,3117903,-2.9536,-3.8335,0.8799
2024-08-22,167.64,168.02,163.67,164.12,164.20,164.98,174.95,161.67,155.36,174.0558,0,160.2935,1,3164798,3129871,-2.8276,-3.6323,0.8047
2024-08-23,165.18,166.56,164.29,166.05,164.40,164.92,174.71,161.80,155.54,174.0558,0,161.1645,1,2391168,3110897,-2.5432,-3.4145,0.8713
2024-08-26,166.77,167.98,164.95,166.54,164.80,164.76,174.54,161.93,155.72,174.0558,0,161.9484,1,2013531,3094763,-2.2519,-3.1820,0.9301
2024-08-27,166.23,166.86,164.79,165.01,164.84,164.49,174.30,162.05,155.88,174.0558,0,162.6539,1,2282434,3096313,-2.1206,-2.9697,0.8491
2024-08-28,165.40,166.01,161.93,163.14,165.09,164.06,174.02,162.15,156.04,174.0558,0,169.0032,0,2501831,3091740,-2.1423,-2.8042,0.6620
2024-08-29,164.69,166.25,160.64,162.05,165.11,163.61,173.76,162.21,156.19,174.0558,0,168.8618,0,2799663,3092539,-2.2219,-2.6877,0.4659
2024-08-30,162.86,163.92,162.06,163.75,165.15,163.45,173.51,162.29,156.35,173.8339,0,168.5331,0,3054337,3094081,-2.1236,-2.5749,0.4513
2024-09-03,161.97,162.03,156.55,157.30,164.18,163.35,173.08,162.32,156.46,171.2111,0,168.2176,0,4208415,2965892,-2.5367,-2.5673,0.0306
2024-09-04,156.77,159.08,156.14,156.51,163.07,163.21,172.62,162.35,156.57,169.2163,0,167.5176,0,2747583,2955042,-2.8947,-2.6328,-0.2620
2024-09-05,156.48,159.69,156.22,157.29,162.18,163.11,172.09,162.46,156.67,169.2163,0,166.6074,0,2242525,2930125,-3.0797,-2.7222,-0.3576
2024-09-06,157.38,157.91,150.68,150.87,160.85,162.53,171.43,162.52,156.75,166.7992,0,165.7701,0,3803113,2956599,-3.7014,-2.9180,-0.7834
2024-09-09,152.56,153.57,147.17,148.50,159.10,161.75,170.69,162.57,156.80,163.5417,0,164.2611,0,4195748,2991834,-4.3357,-3.2015,-1.1341
2024-09-10,150.40,151.24,148.50,148.97,157.34,161.07,170.03,162.60,156.86,162.5515,0,162.2102,0,3060474,2968551,-4.7460,-3.5104,-1.2355
2024-09-11,150.04,151.42,147.67,151.09,155.95,160.40,169.40,162.65,156.92,162.0805,0,160.4054,0,2889557,2982744,-4.8438,-3.7771,-1.0667
2024-09-12,153.73,154.53,152.43,154.46,155.08,160.08,168.78,162.71,157.01,162.0805,0,158.8171,0,3263353,3001152,-4.5967,-3.9410,-0.6557
2024-09-13,155.28,158.17,155.03,157.27,154.60,159.86,168.21,162.79,157.12,162.0805,0,147.1700,1,2650148,3026387,-4.1265,-3.9781,-0.1484
2024-09-16,157.23,158.13,156.51,157.89,154.01,159.58,167.56,162.85,157.22,162.0805,0,147.3900,1,2250917,3016491,-3.6620,-3.9149,0.2529
2024-09-17,158.98,160.47,158.30,159.17,154.20,159.19,166.97,162.93,157.34,162.0805,0,147.6055,1,1933746,3009079,-3.1542,-3.7628,0.6086
2024-09-18,159.73,160.51,158.55,159.69,154.52,158.80,166.38,163.02,157.47,162.0805,0,148.1200,1,2694613,3024127,-2.6784,-3.5459,0.8675
2024-09-19,163.67,163.84,161.39,162.11,155.00,158.59,165.81,163.13,157.62,151.8616,1,148.8632,1,2864568,3034977,-2.0825,-3.2532,1.1707
2024-09-20,163.38,163.60,162.05,163.50,156.26,158.56,165.36,163.27,157.79,152.6770,1,150.0616,1,7633155,3126011,-1.4811,-2.8988,1.4177
2024-09-23,164.19,165.45,161.82,161.94,157.61,158.35,164.89,163.41,157.95,153.4108,1,151.1641,1,2551785,3123070,-1.1174,-2.5425,1.4251
2024-09-24,163.11,163.41,160.90,162.50,158.96,158.15,164.41,163.56,158.11,153.4108,1,152.5929,1,3072194,3138648,-0.7745,-2.1889,1.4144
2024-09-25,161.84,163.08,161.64,161.86,160.04,157.99,163.97,163.69,158.23,153.4108,1,153.8788,1,2217952,3135667,-0.5486,-1.8608,1.3123
2024-09-26,163.88,164.35,162.36,162.69,160.86,157.97,163.60,163.81,158.37,154.1609,1,155.0362,1,2987358,3131948,-0.2987,-1.5484,1.2497
2024-09-27,162.77,165.81,162.69,164.14,161.55,158.07,163.33,163.95,158.52,155.0388,1,156.0778,1,2248655,3112842,0.0161,-1.2355,1.2516
2024-09-30,163.63,166.20,163.50,166.03,162.36,158.19,163.09,164.14,158.69,155.7455,1,157.2456,1,2352380,3107917,0.4130,-0.9058,1.3188
2024-10-01,167.69,169.26,164.75,167.25,163.17,158.69,162.80,164.33,158.86,157.4579,1,158.4988,1,3137580,3110883,0.8168,-0.5613,1.3781
2024-10-02,166.59,167.71,165.09,166.15,163.82,159.17,162.48,164.53,159.04,157.4579,1,160.2198,1,2132366,3066237,1.0358,-0.2419,1.2777
2024-10-03,164.67,166.74,164.22,166.05,164.21,159.61,162.34,164.71,159.20,157.4579,1,161.6655,1,1840029,2994054,1.1878,0.0441,1.1437
2024-10-04,168.16,168.37,165.80,167.39,164.60,160.43,162.34,164.92,159.36,158.0413,1,162.8799,1,1925309,2934556,1.4002,0.3153,1.0849
2024-10-07,167.96,168.72,162.99,163.25,164.73,161.17,162.26,165.12,159.49,158.0413,1,169.2554,0,2307164,2895853,1.2203,0.4963,0.7240
2024-10-08,164.28,164.95,163.17,164.55,164.93,161.95,162.15,165.33,159.62,158.0413,1,169.1301,0,1942650,2887580,1.1693,0.6309,0.5384
2024-10-09,163.71,165.10,160.00,161.93,164.94,162.49,161.98,165.54,159.73,158.0413,1,169.0073,0,3206803,2904691,0.9068,0.6861,0.2208
2024-10-10,160.98,163.17,160.52,162.05,164.88,162.87,161.79,165.72,159.83,158.0413,1,168.6470,0,2105103,2892596,0.7004,0.6889,0.0114
2024-10-11,162.19,164.12,161.37,163.38,164.80,163.17,161.63,165.91,159.94,158.0413,1,168.3011,0,1800836,2869367,0.6368,0.6785,-0.0417
2024-10-14,163.76,166.46,163.63,165.19,164.72,163.54,161.60,166.10,160.07,158.0413,1,167.9691,0,1660472,2838895,0.7247,0.6878,0.0369
2024-10-15,165.98,167.91,164.90,165.74,164.57,163.87,161.73,166.28,160.20,158.0413,1,160.0002,1,2475010,2776243,0.8289,0.7160,0.1129
2024-10-16,164.88,166.12,164.07,165.58,164.51,164.16,161.85,166.45,160.33,158.0413,1,160.1585,1,1662148,2693427,0.8884,0.7505,0.1379
2024-10-17,166.22,166.76,163.23,163.37,164.24,164.23,161.93,166.59,160.45,158.0413,1,160.3136,1,2486305,2680993,0.7482,0.7500,-0.0018
2024-10-18,163.72,165.21,163.60,163.90,163.89,164.25,161.96,166.74,160.58,158.0413,1,160.4656,1,2160719,2672652,0.6726,0.7345,-0.0619
2024-10-21,163.44,165.06,163.16,164.65,164.03,164.38,161.97,166.86,160.72,158.0413,1,160.6146,1,1887467,2665583,0.6652,0.7207,-0.0555
2024-10-22,163.56,166.31,163.53,165.66,164.14,164.54,162.04,166.99,160.86,158.0413,1,160.7606,1,1994934,2664708,0.7326,0.7230,0.0095
2024-10-23,165.27,166.44,162.50,163.34,164.29,164.61,162.01,167.09,160.99,158.0413,1,160.9037,1,2097827,2664459,0.5916,0.6968,-0.1051
2024-10-24,163.45,163.90,161.64,163.39,164.42,164.65,162.06,167.19,161.10,158.0413,1,161.0439,1,2100127,2633497,0.4785,0.6531,-0.1747
2024-10-25,164.22,166.24,164.08,165.83,164.66,164.73,162.15,167.30,161.21,158.0413,1,161.1814,1,2432443,2622124,0.5792,0.6383,-0.0591
2024-10-28,169.40,169.42,164.64,167.17,164.86,164.79,162.22,167.41,161.34,158.0413,1,161.3160,1,3511286,2636822,0.7585,0.6623,0.0961
2024-10-29,168.21,170.67,167.49,169.95,165.28,164.92,162.28,167.55,161.47,159.6901,1,161.6402,1,4948701,2691672,1.1121,0.7523,0.3598
2024-10-30,181.14,182.51,174.52,174.92,166.22,165.36,162.43,167.71,161.63,166.3016,1,162.1817,1,8753859,2824096,1.7725,0.9563,0.8162
2024-10-31,173.51,177.18,171.36,171.49,167.03,165.64,162.53,167.85,161.78,166.3016,1,163.8082,1,5664560,2886194,1.9965,1.1644,0.8321
2024-11-01,170.35,172.61,169.13,171.45,167.78,165.84,162.68,167.95,161.92,166.3016,1,165.3046,1,3755638,2898011,2.1461,1.3607,0.7853
2024-11-04,170.05,170.73,168.31,169.49,168.27,166.15,162.75,168.06,162.04,166.3016,1,166.6812,1,2763992,2905467,2.0827,1.5051,0.5776
2024-11-05,169.64,170.90,169.19,170.22,168.72,166.43,162.82,168.16,162.16,166.3016,1,167.9477,1,2145762,2908112,2.0672,1.6175,0.4496
2024-11-06,174.13,177.40,173.82,177.09,170.10,167.19,163.06,168.33,162.31,166.3016,1,168.3071,1,4825877,2958981,2.5796,1.8099,0.7697
2024-11-07,177.87,181.31,177.65,181.01,171.86,168.14,163.42,168.52,162.47,166.9608,1,169.1859,1,3049617,2969936,3.2646,2.1009,1.1637
2024-11-08,180.74,181.08,178.32,178.61,173.14,168.90,163.75,168.68,162.60,167.6079,1,170.2521,1,2701767,2967979,3.5724,2.3952,1.1772
2024-11-11,178.82,180.82,178.74,180.71,174.49,169.68,164.09,168.84,162.74,168.2314,1,171.2329,1,2275244,2952397,3.9400,2.7041,1.2358
2024-11-12,180.12,182.75,179.73,182.05,175.70,170.49,164.58,169.02,162.88,169.9418,1,172.1353,1,2578543,2919799,4.2900,3.0213,1.2687
2024-11-13,180.88,181.35,178.87,179.24,176.14,171.18,165.04,169.15,163.02,169.9418,1,173.1964,1,2521391,2915275,4.2912,3.2753,1.0159
2024-11-14,178.50,179.19,174.81,176.12,176.60,171.81,165.42,169.27,163.20,169.9418,1,174.1513,1,3179141,2934008,3.9944,3.4191,0.5753
2024-11-15,174.42,174.66,171.54,172.68,176.72,172.25,165.85,169.39,163.36,169.9418,1,182.7460,0,3774961,2933445,3.4423,3.4238,0.0186
2024-11-18,173.74,175.68,173.21,175.57,177.33,172.80,166.39,169.53,163.52,169.9418,1,182.5220,0,3299583,2915521,3.2011,3.3792,-0.1781
2024-11-19,174.02,178.92,173.90,178.33,178.14,173.43,166.98,169.68,163.70,169.9418,1,182.3024,0,2764257,2909597,3.1958,3.3425,-0.1467
2024-11-20,177.59,177.87,174.11,176.10,178.04,174.07,167.48,169.82,163.86,169.9418,1,182.0873,0,2789365,2907593,2.9770,3.2694,-0.2924
2024-11-21,174.24,174.36,164.16,168.06,176.75,174.30,167.75,169.91,163.97,183.4511,0,181.8764,0,6573180,2973790,2.1308,3.0417,-0.9109
2024-11-22,166.00,167.10,164.56,165.41,175.43,174.28,167.92,169.97,164.07,179.6502,0,181.1678,0,4080465,3002396,1.2320,2.6798,-1.4478
2024-11-25,166.82,169.28,166.24,168.25,174.18,174.34,168.12,170.04,164.17,179.6502,0,180.4875,0,3625073,3029879,0.7404,2.2919,-1.5515
2024-11-26,168.31,170.30,168.25,169.43,172.92,174.31,168.33,170.10,164.28,179.6502,0,179.8345,0,2548636,3042177,0.4410,1.9217,-1.4807
2024-11-27,169.49,169.95,168.49,169.63,171.96,174.05,168.53,170.19,164.40,179.6502,0,179.2075,0,2123873,3030762,0.2173,1.5808,-1.3636
2024-11-29,168.88,169.68,167.58,169.31,171.28,173.94,168.67,170.17,164.52,179.6502,0,178.6057,0,1577152,3005014,0.0134,1.2673,-1.2540
2024-12-02,169.14,172.39,169.09,171.78,171.19,173.95,168.84,170.21,164.66,179.6502,0,178.0279,0,2870326,2909757,0.0507,1.0240,-0.9733
2024-12-03,171.92,173.11,171.31,171.82,170.81,174.07,169.03,170.27,164.82,179.6502,0,177.4732,0,2720134,2913124,0.0826,0.8357,-0.7532
2024-12-04,171.58,175.20,171.55,174.87,170.47,174.30,169.28,170.34,164.99,179.6502,0,176.9407,0,3211846,2915917,0.3498,0.7385,-0.3888
2024-12-05,176.09,176.47,172.80,173.10,170.17,174.10,169.51,170.38,165.14,179.6502,0,164.1611,1,2814322,2927845,0.4141,0.6736,-0.2595
2024-12-06,172.67,175.61,172.34,175.26,170.89,173.82,169.76,170.43,165.30,179.6502,0,164.4074,1,2350759,2915113,0.6325,0.6654,-0.0329
2024-12-09,174.69,177.00,174.38,176.07,171.95,173.69,170.00,170.48,165.46,179.6502,0,164.6487,1,3522130,2940582,0.8607,0.7045,0.1562
2024-12-10,183.46,186.94,181.61,185.44,173.67,173.93,170.38,170.58,165.70,171.6690,1,165.1429,1,6401225,3021559,1.7775,0.9191,0.8584
2024-12-11,185.61,195.74,185.18,195.56,176.28,174.60,170.95,170.75,165.98,175.9475,1,166.4504,1,8195824,3122724,3.2829,1.3918,1.8910
2024-12-12,195.16,195.56,192.15,192.50,178.57,175.27,171.48,170.90,166.27,179.7733,1,168.7939,1,4879050,3177658,4.1806,1.9496,2.2310
2024-12-13,191.59,193.21,190.15,190.27,180.67,175.97,171.96,171.05,166.52,179.7733,1,170.9498,1,3613867,3213135,4.6579,2.4913,2.1667
2024-12-16,193.23,199.47,192.98,197.01,183.19,177.19,172.56,171.23,166.83,181.2292,1,172.9333,1,6390383,3302436,5.5165,3.0963,2.4202
2024-12-17,197.37,201.70,195.54,195.97,185.61,178.21,173.21,171.40,167.14,183.2786,1,175.5871,1,4756407,3351421,6.0438,3.6858,2.3580
2024-12-18,195.68,197.53,188.18,189.04,187.02,178.74,173.70,171.51,167.42,183.2786,1,178.7205,1,5255442,3417677,5.8353,4.1157,1.7196
2024-12-19,192.15,193.47,188.42,188.60,188.57,179.37,174.23,171.61,167.71,183.2786,1,181.4779,1,5118334,3455907,5.5697,4.4065,1.1632
2024-12-20,185.92,193.00,185.28,191.84,190.23,180.56,174.83,171.72,168.00,183.2786,1,183.9044,1,8744890,3588703,5.5568,4.6366,0.9202
2024-12-23,192.90,195.35,190.51,194.85,192.11,182.03,175.46,171.84,168.30,183.2786,1,185.2847,1,2986084,3612408,5.7236,4.8540,0.8696
2024-12-24,195.03,196.52,194.06,196.42,193.21,183.44,176.08,171.96,168.59,183.2786,1,185.2847,1,1345412,3606107,5.9143,5.0660,0.8483
2024-12-26,195.59,197.01,194.73,195.95,193.24,184.76,176.69,172.10,168.88,183.2786,1,187.2543,1,1558647,3587780,5.9591,5.2447,0.7145
2024-12-27,195.33,195.65,190.85,192.91,193.28,185.93,177.23,172.22,169.15,183.2786,1,188.9877,1,2851030,3611557,5.6836,5.3325,0.3512
2024-12-30,189.75,192.65,189.25,191.57,193.42,187.04,177.80,172.34,169.39,183.2786,1,201.6985,0,2352649,3608884,5.2959,5.3252,-0.0292
2024-12-31,191.32,192.12,188.48,189.33,192.65,187.92,178.31,172.42,169.63,183.2786,1,201.4496,0,2733804,3620346,4.7534,5.2108,-0.4574
2025-01-02,190.37,192.07,187.61,189.52,192.00,188.80,178.80,172.52,169.85,183.2786,1,200.9307,0,3344642,3649489,4.2892,5.0265,-0.7372
2025-01-03,191.60,193.37,190.24,192.01,192.30,189.66,179.33,172.65,170.07,183.2786,1,200.1315,0,2486549,3659321,4.0750,4.8362,-0.7612
2025-01-06,194.01,198.40,193.92,196.81,193.12,190.85,180.00,172.81,170.32,183.2786,1,199.3803,0,3856914,3694503,4.2437,4.7177,-0.4740
2025-01-07,197.12,200.96,194.80,195.56,193.49,191.86,180.64,172.96,170.56,183.2786,1,187.6111,1,3337539,3719251,4.2284,4.6198,-0.3914
2025-01-08,192.82,196.49,192.62,194.25,193.43,192.77,181.21,173.10,170.78,183.2786,1,187.8781,1,2800974,3726622,4.0636,4.5086,-0.4450
2025-01-10,194.28,196.47,190.48,192.05,193.00,193.10,181.71,173.21,170.99,183.2786,1,188.1398,1,4009012,3736577,3.7120,4.3493,-0.6372
2025-01-13,190.24,191.37,187.56,191.17,192.52,192.88,182.13,173.31,171.19,183.2786,1,200.9629,0,2532286,3688248,3.3245,4.1443,-0.8198
2025-01-14,191.38,192.14,188.54,189.94,192.22,192.75,182.43,173.42,171.39,183.2786,1,200.6948,0,2608062,3565332,2.8847,3.8924,-1.0077
2025-01-15,193.22,196.65,192.20,195.83,192.65,193.03,182.92,173.55,171.61,183.2786,1,200.4322,0,2540037,3502842,2.9775,3.7094,-0.7319
2025-01-16,194.68,195.83,193.17,193.28,193.04,192.84,183.36,173.66,171.81,183.2786,1,200.1748,0,2614737,3480024,2.8125,3.5300,-0.7175
2025-01-17,196.90,197.65,194.17,196.40,193.73,192.87,183.90,173.79,172.02,183.2786,1,199.9225,0,4367653,3512097,2.9002,3.4041,-0.5039
2025-01-21,199.34,202.65,198.28,198.47,194.38,193.34,184.46,173.94,172.23,185.8889,1,187.5614,1,3794008,3545062,3.1008,3.3434,-0.2426
2025-01-22,199.38,200.94,198.04,198.87,194.58,193.85,184.90,174.09,172.48,185.8889,1,187.8632,1,3095944,3510463,3.2543,3.3256,-0.0713
2025-01-23,198.82,200.76,195.67,198.42,194.87,194.18,185.24,174.23,172.70,185.8889,1,188.1590,1,3027788,3510027,3.3019,3.3208,-0.0190
2025-01-24,198.69,201.39,198.62,200.72,195.51,194.47,185.69,174.40,172.93,186.4074,1,188.4489,1,2570671,3507405,3.4855,3.3538,0.1317
2025-01-27,193.06,197.51,191.58,192.64,195.57,194.28,185.93,174.51,173.11,186.4074,1,188.7329,1,4838476,3558670,2.9448,3.2720,-0.3272
2025-01-28,193.52,196.08,191.49,195.92,196.05,194.28,186.20,174.62,173.31,186.4074,1,189.0113,1,3141138,3569921,2.7494,3.1675,-0.4181
2025-01-29,196.22,197.30,194.05,196.03,196.66,194.44,186.54,174.73,173.50,186.4074,1,189.2842,1,2422908,3567952,2.5737,3.0487,-0.4750
2025-01-30,198.60,202.05,198.31,201.45,197.22,194.93,187.05,174.85,173.72,186.4074,1,189.5516,1,2952623,3563421,2.8389,3.0067,-0.1678
2025-01-31,202.53,205.87,202.39,204.40,198.33,195.69,187.68,174.99,173.96,189.5566,1,189.8136,1,3507598,3558074,3.2499,3.0554,0.1945
2025-02-03,201.04,204.02,200.49,201.46,198.84,196.28,188.20,175.09,174.20,189.5566,1,190.4560,1,3388039,3559843,3.3001,3.1043,0.1958
2025-02-04,203.31,207.48,203.07,206.50,199.64,197.01,188.76,175.26,174.45,190.6046,1,191.0727,1,5875161,3622061,3.7039,3.2242,0.4797
2025-02-05,191.98,193.42,188.80,192.17,198.97,196.78,189.08,175.32,174.63,190.6046,1,207.4847,0,8440715,3735088,2.8353,3.1465,-0.3112
2025-02-06,189.88,192.70,189.38,192.18,198.35,196.61,189.56,175.37,174.82,190.6046,1,207.4847,0,4024057,3684106,2.1232,2.9418,-0.8186
2025-02-07,191.62,191.89,184.02,186.05,196.88,196.20,189.98,175.37,174.97,206.2985,0,207.1110,0,5532925,3713155,1.0518,2.5638,-1.5120
2025-02-10,187.96,188.88,186.52,187.10,196.33,195.95,190.35,175.35,175.12,205.0584,0,206.1875,0,3125249,3703159,0.2844,2.1079,-1.8235
2025-02-11,185.75,187.70,185.00,185.98,195.33,195.69,190.69,175.33,175.25,202.7818,0,205.3009,0,2437167,3700929,-0.4096,1.6044,-2.0140
2025-02-12,184.15,185.74,182.56,184.35,194.17,195.41,190.98,175.30,175.39,199.9673,0,204.4497,0,3269557,3723843,-1.0788,1.0678,-2.1466
2025-02-13,184.85,186.90,183.80,186.79,192.70,194.96,191.33,175.27,175.46,199.9673,0,203.1364,0,2391581,3740131,-1.3965,0.5749,-1.9714
2025-02-14,185.74,187.05,185.03,185.78,190.84,194.58,191.61,175.27,175.56,199.9673,0,201.9018,0,2375902,3730243,-1.7096,0.1180,-1.8276
2025-02-18,186.35,186.69,182.51,184.72,189.16,194.00,191.87,175.27,175.67,198.6801,0,200.7414,0,3678097,3749402,-2.0203,-0.3096,-1.7106
2025-02-19,185.10,186.27,184.42,186.04,187.12,193.38,192.09,175.26,175.78,198.5724,0,199.2829,0,2455239,3734270,-2.1352,-0.6747,-1.4604
2025-02-20,185.41,186.03,183.53,185.55,186.45,192.71,192.34,175.27,175.87,197.4375,0,197.9412,0,2251588,3723015,-2.2397,-0.9877,-1.2520
2025-02-21,186.20,186.38,180.08,180.52,185.29,191.82,192.45,175.27,175.94,196.5115,0,196.7067,0,3544587,3746892,-2.6974,-1.3297,-1.3677
2025-02-24,182.73,184.01,179.83,180.13,184.70,190.79,192.53,175.28,175.99,195.1313,0,195.0436,0,3394414,3744338,-3.0562,-1.6750,-1.3812
2025-02-25,179.11,179.71,175.74,176.34,183.62,189.97,192.34,175.27,176.02,190.9330,0,193.2176,0,3695060,3690214,-3.6054,-2.0610,-1.5443
2025-02-26,175.91,177.04,172.58,173.68,182.39,188.86,191.91,175.22,176.04,188.0383,0,190.7708,0,4129419,3608886,-4.2064,-2.4901,-1.7162
2025-02-27,174.92,175.56,168.76,169.22,180.88,187.52,191.44,175.13,176.04,186.1065,0,187.8601,0,4413631,3599578,-4.9853,-2.9892,-1.9962
2025-02-28,169.31,171.50,167.41,171.22,179.32,186.01,191.06,175.12,176.05,183.2278,0,184.4227,0,5175177,3630804,-5.3795,-3.4672,-1.9122
2025-03-03,172.72,173.98,166.66,167.68,177.51,184.17,190.47,175.12,176.04,183.2278,0,181.0201,0,4068417,3584365,-5.9093,-3.9556,-1.9536
2025-03-04,166.96,174.14,166.56,171.60,176.20,182.68,189.99,175.15,176.05,183.2278,0,178.1488,0,5301095,3595259,-5.9437,-4.3532,-1.5905
2025-03-05,171.32,174.73,169.93,173.97,174.99,181.05,189.68,175.18,176.06,183.2278,0,175.8319,0,3298212,3556114,-5.7143,-4.6254,-1.0888
2025-03-06,171.55,175.70,171.50,173.20,173.76,180.11,189.38,175.20,176.05,183.2278,0,166.5644,1,3324345,3520234,-5.5312,-4.8066,-0.7246
2025-03-07,172.23,175.87,171.25,174.73,173.18,179.23,189.03,175.22,176.05,183.2278,0,166.7471,1,2881474,3402966,-5.2026,-4.8858,-0.3168
2025-03-10,169.36,169.65,164.79,167.02,171.87,178.28,188.48,175.19,176.00,183.2278,0,175.8699,0,4864929,3440543,-5.5004,-5.0087,-0.4917
2025-03-11,165.90,167.86,162.47,165.20,170.75,177.19,187.85,175.18,175.94,181.5520,0,175.8699,0,3934705,3492329,-5.8164,-5.1703,-0.6461
2025-03-12,167.68,168.73,164.70,168.21,170.20,176.30,187.30,175.24,175.90,181.5520,0,175.3340,0,3359737,3528350,-5.7579,-5.2878,-0.4701
2025-03-13,167.19,167.33,163.30,163.96,169.68,175.28,186.72,175.27,175.85,181.1465,0,174.8196,0,2504917,3521428,-5.9854,-5.4273,-0.5581
2025-03-14,164.54,167.46,163.74,166.83,169.24,174.28,186.23,175.32,175.81,180.9638,0,174.3258,0,3119592,3536767,-5.8660,-5.5151,-0.3510
2025-03-17,166.54,167.67,165.03,165.79,169.05,173.28,185.75,175.34,175.76,180.9638,0,173.8518,0,2971459,3541520,-5.7890,-5.5698,-0.2192
2025-03-18,165.18,165.66,158.06,161.91,168.08,172.14,185.20,175.33,175.69,177.3345,0,173.3967,0,4004415,3554716,-5.9724,-5.6504,-0.3220
2025-03-19,163.15,167.34,162.29,165.50,167.23,171.11,184.67,175.35,175.66,177.3345,0,172.4762,0,4149634,3587977,-5.7613,-5.6725,-0.0888
2025-03-20,163.06,166.25,162.37,164.28,166.34,170.05,184.02,175.34,175.62,177.3345,0,171.6109,0,3297947,3576798,-5.6280,-5.6636,0.0357
2025-03-21,162.61,165.69,162.27,165.47,165.42,169.30,183.42,175.38,175.58,177.3345,0,170.7976,0,4967899,3609405,-5.3641,-5.6037,0.2396
2025-03-24,168.47,169.70,166.65,169.13,165.63,168.75,182.92,175.42,175.56,177.3345,0,170.0330,0,3184964,3617085,-4.8040,-5.4438,0.6398
2025-03-25,170.38,172.10,169.75,171.98,166.31,168.53,182.52,175.48,175.54,177.3345,0,158.0551,1,2391690,3584739,-4.0834,-5.1717,1.0883
2025-03-26,170.50,171.13,166.08,166.36,166.12,168.16,182.02,175.48,175.49,177.3345,0,158.3360,1,3760316,3609299,-3.9209,-4.9215,1.0007
2025-03-27,165.93,166.65,163.08,163.31,166.06,167.87,181.49,175.45,175.43,177.3345,0,158.6113,1,3539403,3627926,-3.9918,-4.7356,0.7438
2025-03-28,161.60,163.04,154.61,155.33,164.90,167.07,180.68,175.38,175.33,173.9825,0,172.0989,0,5441266,3685950,-4.6387,-4.7162,0.0775
2025-03-31,154.08,156.39,151.50,155.50,163.88,166.46,179.92,175.32,175.23,169.0544,0,171.7492,0,5248016,3738616,-5.0791,-4.7888,-0.2903
2025-04-01,154.57,159.33,154.53,158.13,163.50,165.79,179.16,175.27,175.13,169.0544,0,170.9390,0,3195299,3715169,-5.1559,-4.8622,-0.2937
2025-04-02,156.22,159.52,155.80,158.11,162.76,165.00,178.35,175.21,175.04,169.0544,0,170.1613,0,2718619,3693661,-5.1589,-4.9216,-0.2373
2025-04-03,152.12,153.96,151.47,151.91,161.52,163.93,177.41,175.12,174.92,167.8969,0,169.4147,0,4337149,3718485,-5.5971,-5.0567,-0.5404
2025-04-04,149.20,152.37,146.85,147.05,159.68,162.55,176.38,175.02,174.77,164.9319,0,168.3378,0,5884809,3775626,-6.2649,-5.2983,-0.9666
2025-04-07,142.72,154.20,141.99,148.54,157.62,161.62,175.34,174.93,174.63,164.9319,0,166.6186,0,7137105,3866954,-6.5976,-5.5582,-1.0394
2025-04-08,152.85,153.72,144.53,145.89,155.01,160.66,174.40,174.81,174.48,164.9319,0,164.1558,0,5174919,3873683,-6.9943,-5.8454,-1.1489
2025-04-09,145.64,161.11,145.13,160.30,154.41,160.26,173.69,174.83,174.39,164.9319,0,161.9393,0,7485988,3960580,-6.0757,-5.8914,-0.1842
2025-04-10,158.02,159.28,151.49,154.64,153.54,159.80,172.86,174.81,174.27,164.9319,0,161.1107,0,5479977,4021722,-5.7385,-5.8609,0.1223
2025-04-11,154.86,159.11,154.86,158.65,153.87,159.39,172.01,174.82,174.14,164.9319,0,161.1107,0,3599571,4034661,-5.0890,-5.7065,0.6175
2025-04-14,161.55,163.26,159.17,160.71,154.40,159.14,171.13,174.89,174.02,164.9319,0,141.9908,1,2947780,4023464,-4.3577,-5.4367,1.0790
2025-04-15,160.81,161.29,156.91,157.94,154.38,158.94,170.26,174.95,173.89,164.9319,0,142.4162,1,2489816,4005500,-3.9567,-5.1407,1.1840
2025-04-16,154.74,157.44,153.19,154.77,154.04,158.40,169.23,174.99,173.75,164.9319,0,142.8331,1,2631293,3940622,-3.8499,-4.8826,1.0327
2025-04-17,155.88,156.33,150.19,152.64,154.11,157.82,168.44,175.00,173.60,164.9319,0,143.2417,1,2992575,3831660,-3.8922,-4.6845,0.7923
2025-04-21,150.26,150.35,147.70,149.16,154.32,157.00,167.58,174.97,173.42,164.9319,0,143.6420,1,2419909,3799577,-4.1589,-4.5794,0.4204
2025-04-22,150.36,153.88,150.16,153.18,154.79,156.21,166.92,174.94,173.26,164.9319,0,144.0344,1,2448595,3737890,-3.9997,-4.4635,0.4637
2025-04-23,157.17,159.27,155.62,156.98,155.90,155.46,166.32,174.93,173.09,164.9319,0,144.4189,1,2929759,3733980,-3.5261,-4.2760,0.7499
2025-04-24,157.78,160.95,157.35,160.71,155.94,155.17,165.81,174.94,172.95,164.9319,0,144.7958,1,4971258,3784662,-2.8172,-3.9842,1.1671
2025-04-25,166.32,167.45,162.24,163.08,156.78,155.16,165.39,174.96,172.82,164.9319,0,145.1651,1,5759016,3834451,-2.0406,-3.5955,1.5549
2025-04-28,163.49,164.18,159.63,161.66,157.08,155.48,164.88,174.96,172.67,164.9319,0,146.0565,1,3389900,3854418,-1.5225,-3.1809,1.6584
2025-04-29,161.28,161.92,158.64,161.30,157.14,155.77,164.39,174.95,172.55,164.9319,0,146.9123,1,2585700,3858614,-1.1278,-2.7703,1.6425
2025-04-30,159.11,160.62,156.42,160.14,157.36,155.87,163.90,174.94,172.42,164.9319,0,147.7338,1,3320689,3851465,-0.8986,-2.3959,1.4973
2025-05-01,161.76,163.17,160.18,162.03,158.09,156.06,163.42,174.93,172.30,164.9319,0,148.5225,1,3565801,3873677,-0.5579,-2.0283,1.4704
2025-05-02,164.18,165.92,162.89,165.03,159.33,156.72,163.01,174.95,172.21,149.1036,1,149.2796,1,2793053,3884506,-0.0449,-1.6316,1.5868
2025-05-05,163.74,166.32,163.70,165.27,160.94,157.63,162.71,174.97,172.13,150.4506,1,150.0065,1,2542109,3864456,0.3766,-1.2300,1.6066
2025-05-06,163.19,165.96,162.36,164.43,162.06,158.43,162.39,174.97,172.06,150.4506,1,150.7042,1,1766302,3831894,0.6351,-0.8570,1.4921
2025-05-07,165.29,166.21,148.79,152.08,161.57,158.73,161.91,174.88,171.93,150.4506,1,167.4508,0,12029914,3998591,-0.1542,-0.7164,0.5623
2025-05-08,155.19,156.67,153.38,155.02,161.00,158.47,161.53,174.80,171.80,150.4506,1,167.0776,0,5978853,4035580,-0.5365,-0.6804,0.1439
2025-05-09,154.82,155.70,153.11,153.66,160.06,158.42,161.22,174.71,171.66,150.4506,1,166.7118,0,3530825,4017924,-0.9388,-0.7321,-0.2067
2025-05-12,158.35,159.69,157.15,158.83,159.78,158.43,160.98,174.67,171.59,150.4506,1,166.3533,0,5088192,4016184,-0.8304,-0.7518,-0.0786
2025-05-13,159.17,161.30,156.84,160.14,159.66,158.40,160.82,174.62,171.55,150.4506,1,166.0020,0,4013288,4015082,-0.6320,-0.7278,0.0958
2025-05-14,160.55,167.55,160.18,166.03,160.25,158.81,160.71,174.64,171.54,150.4506,1,148.7888,1,5299420,4015048,0.0007,-0.5821,0.5828
2025-05-15,166.36,166.72,163.07,164.62,160.51,159.30,160.53,174.64,171.52,150.4506,1,149.1640,1,3757491,4024234,0.3845,-0.3888,0.7732
2025-05-16,168.14,169.85,166.17,166.64,160.67,160.00,160.40,174.67,171.50,151.6973,1,149.5318,1,6072920,4079205,0.8419,-0.1426,0.9846
2025-05-19,164.94,167.16,164.64,167.08,160.85,160.90,160.24,174.70,171.47,151.6973,1,150.3445,1,3588171,4093339,1.2256,0.1310,1.0946
2025-05-20,166.97,168.88,163.49,164.54,160.86,161.46,160.19,174.71,171.44,151.6973,1,151.1247,1,5548685,4107014,1.3099,0.3668,0.9431
2025-05-21,164.18,173.71,164.12,169.26,162.58,162.08,160.27,174.74,171.45,152.0752,1,151.8737,1,7749226,4183305,1.7373,0.6409,1.0964
2025-05-22,172.54,177.29,171.07,171.17,164.20,162.60,160.33,174.77,171.51,156.6196,1,153.1839,1,7743245,4270975,2.2048,0.9537,1.2511
2025-05-23,169.48,170.40,168.47,168.79,165.71,162.89,160.43,174.79,171.56,156.6196,1,155.1128,1,4233577,4305548,2.3562,1.2342,1.1220
2025-05-27,170.50,173.47,170.41,173.16,167.15,163.46,160.56,174.86,171.63,156.6196,1,156.8873,1,4234899,4327854,2.7965,1.5466,1.2499
2025-05-28,173.16,175.65,172.20,172.57,168.39,164.02,160.69,174.92,171.68,158.1678,1,158.5199,1,4507741,4358580,3.0619,1.8497,1.2123
2025-05-29,174.18,174.58,170.97,172.15,169.00,164.63,160.90,174.97,171.72,158.1678,1,160.0218,1,3662376,4351739,3.2017,2.1201,1.0816
2025-05-30,171.60,172.63,167.73,172.04,169.74,165.13,161.03,175.01,171.77,158.1678,1,161.4036,1,6267247,4394091,3.2660,2.3493,0.9167
2025-06-02,168.22,170.26,167.86,169.57,170.03,165.35,161.13,175.05,171.79,158.1678,1,162.6749,1,4215448,4412441,3.0822,2.4958,0.5863
2025-06-03,168.07,169.00,165.90,166.92,170.02,165.44,161.16,175.08,171.82,158.1678,1,163.8445,1,4257604,4398235,2.6919,2.5351,0.1568
2025-06-04,167.49,168.78,167.01,168.60,170.42,165.64,161.15,175.09,171.86,158.1678,1,164.9205,1,3135189,4397240,2.4888,2.5258,-0.0370
2025-06-05,170.81,171.55,168.56,169.01,170.40,166.49,161.09,175.11,171.88,158.1678,1,165.8981,1,4308997,4435586,2.3347,2.4876,-0.1529
2025-06-06,171.49,175.01,171.49,174.10,170.69,167.44,161.25,175.13,171.92,159.5848,1,166.8098,1,3893387,4438247,2.5930,2.5087,0.0844
2025-06-09,175.26,177.29,175.05,177.01,171.51,168.61,161.52,175.15,171.97,162.9142,1,167.6486,1,3342570,4434311,2.9980,2.6065,0.3915
2025-06-10,177.14,181.81,175.86,179.38,172.13,169.64,162.00,175.20,172.03,165.1182,1,168.4203,1,5923769,4443961,3.4704,2.7793,0.6911
2025-06-11,180.60,181.11,177.38,178.17,172.69,170.54,162.46,175.25,172.10,165.7822,1,169.7590,1,3396009,4406921,3.7039,2.9642,0.7397
2025-06-12,176.86,177.51,175.49,176.35,173.11,171.06,162.82,175.29,172.15,165.7822,1,170.9638,1,3069704,4404409,3.7000,3.1114,0.5886
2025-06-13,172.97,177.72,172.96,175.27,173.44,171.59,163.16,175.32,172.20,165.7822,1,172.0482,1,3671179,4423460,3.5681,3.2027,0.3654
2025-06-16,175.29,177.62,175.21,177.32,174.21,172.12,163.67,175.33,172.26,165.7822,1,172.9635,1,3226497,4401247,3.5879,3.2797,0.3081
2025-06-17,176.38,178.09,175.33,176.61,175.18,172.60,164.26,175.30,172.33,165.7822,1,172.9635,1,3129191,4346135,3.5060,3.3250,0.1810
2025-06-18,176.66,177.20,172.24,173.37,175.66,173.04,164.76,175.26,172.38,165.7822,1,181.8075,0,5659882,4316590,3.1436,3.2887,-0.1451
2025-06-20,174.25,174.75,165.69,167.14,175.47,172.94,165.18,175.17,172.40,165.7822,1,181.6160,0,9292678,4398945,2.3270,3.0964,-0.7694
2025-06-23,166.74,167.89,162.76,165.43,174.60,172.65,165.29,175.06,172.44,179.3075,0,180.9790,0,6138319,4371992,1.5239,2.7819,-1.2580
2025-06-24,167.10,168.66,166.33,167.15,173.62,172.57,165.54,174.98,172.49,179.3075,0,179.8858,0,4581030,4354013,1.0149,2.4285,-1.4136
2025-06-25,168.06,172.75,167.97,170.89,172.77,172.45,165.78,174.95,172.56,179.3075,0,178.8582,0,4051863,4363059,0.9027,2.1233,-1.2207
2025-06-26,172.78,174.04,170.26,173.82,172.34,172.52,166.04,174.95,172.68,179.3075,0,177.8923,0,4519324,4394490,1.0381,1.9063,-0.8682
2025-06-27,174.02,178.22,172.11,177.65,172.47,172.79,166.44,174.97,172.82,179.3075,0,162.7593,1,13201446,4608722,1.4377,1.8126,-0.3749
2025-06-30,180.15,180.95,174.89,176.77,172.62,173.03,166.88,174.96,172.96,179.3075,0,163.0684,1,7798880,4712074,1.6644,1.7829,-0.1185
2025-07-01,176.19,176.60,174.05,176.29,172.51,173.36,167.35,174.96,173.09,179.3075,0,163.7835,1,4560475,4743432,1.7849,1.7833,0.0016
2025-07-02,175.93,179.31,175.47,179.13,172.77,173.97,167.95,175.03,173.21,179.3075,0,164.4700,1,3474024,4764514,2.0855,1.8438,0.2418
2025-07-03,179.19,180.14,177.57,179.92,173.42,174.54,168.49,175.13,173.32,165.8144,1,165.1290,1,2399040,4763523,2.3601,1.9470,0.4131
2025-07-07,179.51,179.71,176.02,176.94,174.40,174.94,168.89,175.19,173.42,165.8144,1,165.7616,1,3727233,4779473,2.3106,2.0197,0.2909
2025-07-08,178.16,178.17,173.31,174.55,175.31,174.96,169.16,175.22,173.50,165.8144,1,166.3690,1,4222862,4764505,2.0547,2.0267,0.0280
2025-07-09,175.49,179.65,173.27,177.04,176.30,174.96,169.44,175.27,173.58,165.8144,1,166.9521,1,5558626,4760497,2.0296,2.0273,0.0023
2025-07-10,176.05,178.96,175.13,178.08,177.02,174.89,169.77,175.33,173.66,165.8144,1,167.5118,1,4412764,4780954,2.0694,2.0357,0.0337
2025-07-11,177.29,181.97,176.92,180.68,177.70,175.02,170.16,175.39,173.75,165.8179,1,168.0491,1,4347034,4816181,2.2845,2.0855,0.1990
2025-07-14,181.43,184.08,180.08,182.17,178.16,175.31,170.60,175.46,173.85,168.6150,1,168.8845,1,3837255,4826512,2.5463,2.1776,0.3686
2025-07-15,183.30,184.76,181.75,182.46,178.73,175.67,171.01,175.51,173.95,170.2343,1,170.1005,1,4378214,4842761,2.7454,2.2912,0.4542
2025-07-16,183.68,184.69,182.44,183.13,179.41,175.96,171.37,175.57,174.06,171.1689,1,171.5667,1,3887213,4864644,2.9233,2.4176,0.5057
2025-07-17,182.48,184.54,180.87,184.05,179.90,176.33,171.74,175.63,174.16,171.1689,1,172.8862,1,3999568,4893793,3.1034,2.5548,0.5486
2025-07-18,185.97,186.71,184.08,185.29,180.44,176.93,172.16,175.69,174.27,173.5678,1,174.0738,1,3910950,4936686,3.3076,2.7053,0.6023
2025-07-21,186.45,190.59,186.40,190.48,181.79,178.10,172.93,175.73,174.39,176.2592,1,175.5896,1,4714715,4790382,3.8441,2.9331,0.9110
2025-07-22,191.75,192.68,187.84,191.44,183.48,179.40,173.66,175.70,174.51,177.7946,1,177.6899,1,5035760,4771520,4.2970,3.2059,1.0911
2025-07-23,191.69,192.68,189.52,190.84,184.86,180.58,174.40,175.69,174.64,178.9300,1,180.0890,1,6524382,4831391,4.5551,3.4757,1.0794
2025-07-24,197.42,198.27,191.28,192.52,186.31,181.66,175.08,175.70,174.77,181.5939,1,182.1042,1,8742706,4904481,4.8398,3.7485,1.0912
2025-07-25,192.26,194.59,191.46,193.40,187.58,182.64,175.74,175.68,174.90,181.5939,1,185.0149,1,6036237,4944940,5.0776,4.0144,1.0633
2025-07-28,193.73,194.14,191.18,192.74,188.64,183.40,176.27,175.66,175.05,181.5939,1,187.4017,1,4942558,4937803,5.1536,4.2422,0.9114
2025-07-29,192.62,195.97,192.32,195.74,189.96,184.35,176.90,175.70,175.20,181.8773,1,189.3588,1,6264467,4987943,5.3937,4.4725,0.9212
2025-07-30,195.61,197.79,194.88,196.75,191.33,185.37,177.50,175.76,175.38,184.4184,1,190.9637,1,4175955,4950003,5.6006,4.6981,0.9025
2025-07-31,195.91,196.14,191.41,192.19,192.14,186.02,178.00,175.76,175.53,184.4184,1,198.2747,0,5371537,4985671,5.3349,4.8255,0.5094
2025-08-01,189.12,190.95,188.04,189.29,192.54,186.49,178.50,175.72,175.66,184.4184,1,198.1374,0,4033911,4955375,4.8345,4.8273,0.0072
2025-08-04,190.51,195.39,190.25,195.07,193.00,187.40,179.01,175.71,175.81,184.4184,1,197.7335,0,4577810,4891947,4.8485,4.8315,0.0169
2025-08-05,194.86,198.01,193.99,194.64,193.32,188.40,179.48,175.70,175.95,184.4184,1,188.0406,1,3713072,4811343,4.7700,4.8192,-0.0493
2025-08-06,194.57,196.69,193.79,196.23,193.86,189.36,180.03,175.73,176.10,184.4184,1,188.2399,1,3029358,4787259,4.7813,4.8116,-0.0303
2025-08-07,197.02,197.68,194.54,196.59,194.26,190.29,180.50,175.76,176.27,184.4184,1,188.4352,1,2892243,4760406,4.7643,4.8022,-0.0379
2025-08-08,197.29,202.72,197.21,201.38,195.06,191.32,181.08,175.84,176.46,187.2088,1,188.6266,1,4926934,4768790,5.0790,4.8575,0.2215
2025-08-11,200.85,201.45,199.10,200.93,195.88,192.26,181.65,175.92,176.64,188.0927,1,189.1903,1,3365245,4762847,5.2312,4.9323,0.2989
2025-08-12,201.39,204.41,200.70,203.45,196.65,193.31,182.28,175.99,176.83,190.4731,1,189.7315,1,4053393,4718570,5.4919,5.0442,0.4477
2025-08-13,204.26,204.71,197.95,202.32,197.21,194.27,182.93,176.03,177.02,190.4731,1,190.6124,1,3973906,4713739,5.5437,5.1441,0.3996
2025-08-14,201.85,204.70,201.62,203.11,198.30,195.22,183.66,176.08,177.22,190.6219,1,191.7404,1,3623329,4701054,5.5840,5.2321,0.3519
2025-08-15,204.00,206.61,201.38,204.19,199.79,196.17,184.37,176.15,177.41,191.1398,1,192.7781,1,4325937,4724869,5.6385,5.3134,0.3252
2025-08-18,204.35,205.42,202.70,203.58,200.64,196.82,185.06,176.22,177.59,191.6761,1,194.1608,1,2655811,4691805,5.5677,5.3642,0.2035
2025-08-19,203.19,203.58,200.23,201.78,201.36,197.34,185.61,176.29,177.75,191.6761,1,195.4053,1,2728877,4668515,5.3057,5.3525,-0.0468
2025-08-20,200.98,201.46,196.77,199.49,201.68,197.77,186.06,176.36,177.88,191.6761,1,196.5253,1,2796995,4657603,4.8571,5.2535,-0.3963
2025-08-21,200.02,202.65,199.70,199.92,202.01,198.14,186.47,176.38,178.02,191.6761,1,196.7700,1,2361077,4586349,4.4845,5.0997,-0.6152
2025-08-22,203.25,208.50,201.42,206.00,202.48,198.77,187.03,176.47,178.19,191.6761,1,196.7700,1,5317603,4624781,4.6264,5.0050,-0.3786
2025-08-25,206.28,210.35,205.23,208.43,203.23,199.55,187.67,176.55,178.39,194.1031,1,198.1775,1,4766505,4658717,4.8788,4.9798,-0.1010
2025-08-26,207.64,207.73,205.73,207.22,203.60,200.13,188.31,176.61,178.57,194.1031,1,199.8820,1,4793455,4681163,4.9247,4.9687,-0.0440
2025-08-27,205.74,208.84,205.67,207.48,204.12,200.66,188.92,176.67,178.72,194.4859,1,201.3478,1,3174994,4680133,4.9253,4.9600,-0.0348
2025-08-28,207.11,212.16,206.87,211.63,204.97,201.64,189.62,176.75,178.88,196.4403,1,202.6084,1,4441867,4706386,5.2003,5.0081,0.1922
2025-08-29,210.53,214.59,210.23,212.78,205.83,202.81,190.40,176.83,179.05,199.3362,1,204.1361,1,5270390,4698597,5.4487,5.0962,0.3525
2025-09-02,208.26,211.63,206.24,211.25,206.60,203.62,191.29,176.96,179.20,199.3362,1,206.0173,1,6126532,4635274,5.4588,5.1687,0.2900
2025-09-03,225.69,230.99,224.33,230.29,209.45,205.40,192.58,177.19,179.44,209.3818,1,206.2368,1,16697045,4846448,6.9236,5.5197,1.4039
2025-09-04,229.35,231.96,225.97,231.85,212.69,207.18,193.88,177.43,179.70,210.7136,1,206.2368,1,7490721,4904642,8.1164,6.0390,2.0773
2025-09-05,231.85,235.30,231.57,234.35,216.13,209.07,195.15,177.65,180.00,215.8917,1,211.3808,1,6144451,4946494,9.1579,6.6628,2.4951
2025-09-08,235.18,237.78,233.12,233.55,218.88,210.68,196.34,177.84,180.30,218.2627,1,216.1656,1,5415840,4964424,9.8059,7.2914,2.5145
2025-09-09,233.58,239.96,232.77,239.32,221.97,212.60,197.57,178.09,180.62,218.7417,1,220.4883,1,5483781,4810071,10.6617,7.9655,2.6962
2025-09-10,238.63,241.45,237.49,238.94,225.14,214.37,198.82,178.31,180.92,222.4183,1,224.3834,1,4788828,4749870,11.1805,8.6085,2.5720
2025-09-11,239.51,241.94,235.96,240.15,228.41,216.27,200.09,178.63,181.24,222.4183,1,227.7966,1,5130685,4761274,11.5566,9.1981,2.3585
2025-09-12,240.17,241.79,237.88,240.75,231.32,218.15,201.33,178.95,181.61,223.2368,1,230.6250,1,3508845,4761970,11.7673,9.7120,2.0554
2025-09-15,244.50,252.09,244.34,251.10,235.15,220.49,202.75,179.39,182.03,229.8761,1,232.8877,1,7536486,4864719,12.6242,10.2944,2.3298
2025-09-16,251.67,252.57,249.06,250.77,239.11,222.85,204.23,179.81,182.45,233.2592,1,236.7285,1,6158156,4913338,13.1246,10.8604,2.2642
2025-09-17,250.81,251.29,245.94,249.20,241.00,225.22,205.72,180.23,182.85,233.2592,1,239.8970,1,5119751,4931275,13.2422,11.3368,1.9054
2025-09-18,251.20,253.48,249.46,251.67,242.98,227.83,207.21,180.68,183.26,234.5163,1,242.4317,1,5340918,4926921,13.3807,11.7456,1.6351
2025-09-19,252.74,256.03,251.41,254.58,245.00,230.57,208.74,181.13,183.68,237.0787,1,244.6410,1,10622272,5051111,13.5683,12.1101,1.4582
2025-09-22,254.12,255.64,250.16,252.22,246.87,232.88,210.17,181.58,184.08,237.0787,1,246.9191,1,5077578,5065722,13.3729,12.3627,1.0102
2025-09-23,252.99,254.11,250.44,251.68,248.11,235.04,211.56,182.02,184.48,237.0787,1,248.7416,1,4421274,5077403,13.0244,12.4950,0.5294
2025-09-24,251.49,252.30,246.58,247.18,248.93,237.04,212.86,182.43,184.84,237.0787,1,256.0316,0,4202825,5073895,12.2441,12.4448,-0.2007
2025-09-25,244.20,246.67,241.02,245.93,249.51,238.96,214.11,182.83,185.21,237.0787,1,255.8425,0,4285337,5081857,11.3930,12.2345,-0.8415
2025-09-26,247.14,249.47,246.00,246.54,250.09,240.70,215.36,183.27,185.57,237.0787,1,255.2497,0,4101853,5083903,10.6449,11.9166,-1.2717
2025-09-29,247.63,250.99,242.57,243.72,249.35,242.25,216.53,183.70,185.90,237.0787,1,254.6805,0,5658693,5118858,9.7130,11.4759,-1.7628
2025-09-30,242.43,243.04,238.95,242.92,248.56,243.84,217.58,184.14,186.19,237.0787,1,254.1341,0,5489909,5134362,8.8078,10.9423,-2.1344
2025-10-01,240.55,246.51,238.58,244.90,248.13,244.57,218.65,184.61,186.44,237.0787,1,253.2229,0,5885029,5151347,8.1566,10.3851,-2.2285
2025-10-02,245.00,246.99,242.47,245.79,247.55,245.26,219.75,185.12,186.70,237.0787,1,252.0513,0,5090628,5122672,7.6242,9.8329,-2.2087
2025-10-03,244.59,246.47,241.84,245.81,246.67,245.84,220.82,185.62,186.98,237.0787,1,250.9733,0,4914558,5046109,7.1218,9.2907,-2.1689
2025-10-06,245.14,251.54,245.05,250.86,246.53,246.70,221.96,186.18,187.25,237.0787,1,238.5772,1,4604896,5017482,7.0497,8.8425,-1.7929
2025-10-07,248.28,250.90,246.17,246.49,246.01,247.06,223.04,186.68,187.50,237.0787,1,238.8365,1,3413162,4986894,6.5643,8.3869,-1.8226
2025-10-08,245.56,246.62,244.45,244.82,245.78,247.35,224.02,187.15,187.78,237.0787,1,239.0907,1,3469945,4931004,5.9763,7.9047,-1.9284
2025-10-09,244.42,244.92,239.06,241.58,245.34,247.43,224.92,187.60,188.05,237.0787,1,251.5433,0,4692988,4941345,5.1890,7.3616,-2.1726
2025-10-10,241.53,244.20,236.07,236.87,244.38,247.23,225.81,188.02,188.27,256.7900,0,251.2936,0,5331437,4940543,4.1374,6.7168,-2.5793
2025-10-13,240.40,244.35,240.12,244.00,244.40,246.88,226.91,188.53,188.52,256.7900,0,250.6846,0,3049438,4920853,3.8353,6.1405,-2.3052
2025-10-14,241.13,247.38,240.55,245.55,244.67,246.62,227.92,189.07,188.76,256.7900,0,250.1000,0,4358892,4916475,3.6782,5.6480,-1.9698
2025-10-15,247.44,252.10,246.15,251.05,245.28,246.71,229.04,189.62,189.04,256.7900,0,236.0687,1,4039467,4923003,3.9524,5.3089,-1.3565
2025-10-16,251.81,256.91,250.02,251.22,245.83,246.69,230.14,190.20,189.33,256.7900,0,236.3894,1,4772119,4957858,4.1357,5.0743,-0.9385
2025-10-17,250.70,254.22,247.94,253.13,246.56,246.61,231.27,190.78,189.64,256.7900,0,237.2102,1,4480358,4989620,4.3842,4.9362,-0.5521
2025-10-20,254.57,257.21,253.94,256.35,247.11,246.82,232.37,191.38,189.97,256.7900,0,237.9982,1,3528062,4961643,4.7859,4.9062,-0.1203
2025-10-21,254.59,254.72,244.03,250.69,247.53,246.77,233.37,191.97,190.28,256.7900,0,239.1508,1,6996401,5034266,4.5941,4.8438,-0.2496
2025-10-22,254.35,256.51,249.80,251.87,248.23,247.00,234.34,192.55,190.58,256.7900,0,240.2342,1,4962265,5052443,4.4862,4.7723,-0.2860
2025-10-23,253.04,255.19,252.11,253.07,249.38,247.36,235.35,193.14,190.86,256.7900,0,241.2527,1,3359715,5040160,4.4460,4.7070,-0.2610
2025-10-24,256.63,261.83,255.43,259.83,251.68,248.03,236.49,193.77,191.18,239.2694,1,242.2101,1,4794947,5063592,4.9033,4.7463,0.1571
2025-10-27,264.67,270.09,264.25,269.23,254.20,249.30,237.79,194.44,191.56,246.6692,1,243.7794,1,6205070,5101175,5.9552,4.9881,0.9672
2025-10-28,269.50,270.67,266.47,267.73,256.42,250.54,239.07,195.07,191.94,248.8611,1,246.4109,1,5395765,5155974,6.5921,5.3089,1.2833
2025-10-29,267.91,275.25,267.73,274.45,258.76,252.02,240.52,195.80,192.35,251.4937,1,249.3224,1,7233642,5246069,7.5523,5.7576,1.7947
2025-10-30,290.96,291.17,279.72,281.17,261.75,253.79,242.16,196.58,192.81,262.4321,1,252.9525,1,13691883,5463967,8.7540,6.3568,2.3971
2025-10-31,282.47,285.54,276.80,281.09,264.55,255.55,243.78,197.42,193.23,262.4321,1,259.0673,1,8435662,5585459,9.5893,7.0033,2.5860
2025-11-03,281.68,285.20,279.64,283.38,267.25,257.18,245.33,198.27,193.68,262.4321,1,264.2037,1,5594834,5591003,10.3175,7.6662,2.6513
2025-11-04,276.34,281.10,276.14,277.34,269.92,258.72,246.71,199.07,194.09,262.4321,1,268.5183,1,5039476,5596463,10.2883,8.1906,2.0977
2025-11-05,278.65,285.95,277.16,284.01,273.13,260.68,248.24,199.91,194.52,262.4321,1,272.1425,1,5712996,5614853,10.6804,8.6886,1.9919
2025-11-06,284.99,288.06,280.89,284.60,276.28,262.83,249.78,200.79,194.95,262.4321,1,275.1869,1,6592438,5683202,10.9129,9.1334,1.7795
2025-11-07,283.47,283.76,275.02,278.97,278.20,264.94,251.13,201.67,195.35,262.4321,1,291.1699,0,6150911,5717383,10.5219,9.4111,1.1108
2025-11-10,284.52,290.70,282.80,289.83,280.26,267.23,252.67,202.61,195.79,262.4321,1,290.8469,0,5668888,5725353,10.9622,9.7213,1.2408
2025-11-11,287.45,291.58,287.13,290.98,282.58,269.50,254.27,203.58,196.29,265.8988,1,275.0220,1,4130076,5685424,11.2736,10.0318,1.2418
2025-11-12,291.32,291.60,283.64,286.68,283.80,271.28,255.39,204.42,196.74,265.8988,1,275.3532,1,4885965,5449202,11.0463,10.2347,0.8116
2025-11-13,282.25,282.77,277.28,278.39,283.53,272.64,256.33,205.25,197.15,265.8988,1,276.0030,1,5040963,5400207,10.0811,10.2040,-0.1229
2025-11-14,271.19,278.42,270.70,276.26,283.04,273.80,257.16,206.03,197.53,265.8988,1,291.5987,0,5077182,5378862,9.0397,9.9711,-0.9314
2025-11-17,285.65,293.75,283.49,284.86,283.19,275.22,258.19,206.86,197.93,265.8988,1,270.7033,1,9792110,5466387,8.8067,9.7382,-0.9316
2025-11-18,287.73,288.68,278.28,284.22,283.88,276.90,259.09,207.70,198.34,265.8988,1,270.7033,1,8463939,5525990,8.4728,9.4852,-1.0123
2025-11-19,286.94,303.46,286.92,292.23,284.70,278.92,260.15,208.62,198.77,265.8988,1,271.1643,1,12634783,5682909,8.7536,9.3388,-0.5853
2025-11-20,303.95,306.09,288.42,289.23,285.16,280.72,261.14,209.53,199.25,265.8988,1,272.4561,1,10091710,5782130,8.6343,9.1979,-0.5636
2025-11-21,296.10,303.17,293.59,298.87,287.15,282.68,262.30,210.53,199.79,265.8988,1,274.4742,1,13085895,5973671,9.2118,9.2007,0.0111
2025-11-24,310.20,318.97,308.59,317.64,289.94,285.10,263.63,211.62,200.45,277.6432,1,276.3712,1,17615149,6175244,11.0568,9.5719,1.4848
2025-11-25,325.95,327.81,316.99,322.80,293.12,287.85,265.07,212.73,201.12,286.6297,1,279.7789,1,16473050,6381542,12.7876,10.2151,2.5725
2025-11-26,319.94,324.14,316.37,319.45,296.39,290.10,266.47,213.79,201.79,286.6297,1,284.5824,1,9557027,6470288,13.7305,10.9181,2.8124
2025-11-28,322.59,326.03,316.11,319.29,300.48,292.00,267.83,214.83,202.47,287.0247,1,288.9056,1,6305019,6489570,14.3001,11.5945,2.7056
2025-12-01,316.65,318.80,313.16,314.30,304.29,293.67,269.02,215.84,203.10,287.0247,1,292.7965,1,8987411,6456872,14.1856,12.1127,2.0728
2025-12-02,316.07,317.77,313.40,315.20,307.32,295.26,270.28,216.87,203.75,287.0247,1,296.2982,1,7795644,6511234,14.0058,12.4914,1.5144
2025-12-03,315.21,321.20,313.46,319.79,310.88,297.38,271.64,217.93,204.43,287.5217,1,299.4498,1,10351249,6629833,14.0713,12.8074,1.2640
2025-12-04,322.20,322.26,314.77,317.56,313.41,299.06,273.05,218.97,205.08,289.4372,1,302.2863,1,6632573,6678428,13.7849,13.0029,0.7820
2025-12-05,319.17,322.99,319.15,321.25,316.61,300.89,274.56,220.01,205.76,293.2709,1,304.8391,1,5063223,6693986,13.6978,13.1418,0.5559
2025-12-08,320.40,320.60,311.30,313.84,318.11,302.63,275.90,221.00,206.43,293.2709,1,307.1366,1,6920070,6750350,12.8819,13.0899,-0.2080
2025-12-09,312.49,318.09,312.01,317.13,318.06,304.00,277.37,222.02,207.11,293.2709,1,309.2044,1,4496576,6727108,12.3586,12.9436,-0.5850
2025-12-10,316.00,321.24,314.78,320.37,317.82,305.47,278.92,223.14,207.83,293.2709,1,311.0653,1,7307405,6763458,12.0665,12.7682,-0.7017
2025-12-11,320.47,321.36,309.27,313.09,317.18,306.79,280.28,224.20,208.53,293.2709,1,327.8142,0,8128626,6808330,11.1189,12.4383,-1.3194
2025-12-12,314.18,315.52,306.36,309.91,316.24,308.36,281.57,225.24,209.24,293.2709,1,327.4434,0,6603145,6838580,9.9966,11.9500,-1.9533
2025-12-15,312.01,312.09,305.14,308.72,315.68,309.99,282.82,226.24,209.92,293.2709,1,326.6001,0,6813980,6876569,8.9079,11.3416,-2.4337
2025-12-16,305.40,311.24,303.24,307.13,314.88,311.10,283.95,227.22,210.62,293.2709,1,325.3127,0,6550095,6915473,7.8268,10.6386,-2.8118
2025-12-17,308.41,308.59,296.87,297.48,312.65,311.76,284.97,228.09,211.25,293.2709,1,323.5466,0,8679626,7020802,6.1207,9.7350,-3.6143
2025-12-18,302.47,304.66,300.04,303.16,311.21,312.31,286.14,229.02,211.90,293.2709,1,320.8789,0,6391052,7079224,5.1673,8.8215,-3.6542
2025-12-19,302.68,308.39,301.75,308.01,309.88,313.25,287.46,229.96,212.57,293.2709,1,318.4779,0,13959788,7264560,4.7483,8.0068,-3.2585
2025-12-22,310.62,311.09,305.99,310.72,309.57,313.84,288.94,230.92,213.25,293.2709,1,316.3170,0,4387075,7245673,4.5826,7.3220,-2.7394
2025-12-23,310.53,315.68,310.14,315.06,309.36,313.71,290.36,231.92,213.99,293.2709,1,296.8691,1,4407335,7272831,4.7468,6.8069,-2.0602
2025-12-24,315.53,315.67,312.71,315.05,308.83,313.32,291.75,232.89,214.74,293.2709,1,297.2454,1,1937646,7224406,4.8205,6.4097,-1.5891
2025-12-26,315.30,315.94,313.11,314.34,308.96,313.07,293.02,233.85,215.47,293.3498,1,297.6141,1,2119964,7186016,4.7669,6.0811,-1.3142
2025-12-29,312.21,314.35,311.29,313.78,309.34,312.79,294.27,234.81,216.22,293.3498,1,298.3472,1,3872562,7168024,4.6251,5.7899,-1.1648
2025-12-30,312.80,317.08,312.64,313.94,309.87,312.78,295.49,235.75,216.95,295.5477,1,299.0510,1,3476564,7147949,4.4741,5.5268,-1.0526
2025-12-31,312.76,314.77,311.59,313.19,310.47,312.68,296.62,236.69,217.69,295.5477,1,300.1327,1,3395787,7145303,4.2451,5.2704,-1.0253
2026-01-02,316.97,322.28,310.04,314.70,312.20,312.42,297.90,237.64,218.45,295.9896,1,301.1495,1,6950820,7144391,4.1383,5.0440,-0.9057
2026-01-05,317.07,318.63,314.63,316.70,313.55,312.38,299.20,238.61,219.21,297.2756,1,302.8402,1,6325457,7171655,4.1667,4.8685,-0.7018
2026-01-06,316.69,320.93,311.73,313.94,314.14,312.01,300.42,239.57,219.96,297.2756,1,304.3957,1,5973273,7223926,3.9209,4.6790,-0.7581
2026-01-07,313.96,325.83,313.89,321.80,315.25,312.41,301.66,240.60,220.74,298.1126,1,305.8267,1,7958153,7287191,4.3111,4.6054,-0.2944
2026-01-08,328.62,329.89,321.36,325.37,316.28,312.82,302.78,241.65,221.52,303.4982,1,307.8268,1,7103628,7305162,4.8526,4.6549,0.1978
2026-01-09,326.85,330.83,325.61,328.50,317.63,313.23,303.99,242.71,222.30,306.6683,1,310.4749,1,5897432,7315195,5.4708,4.8181,0.6528
2026-01-12,325.86,333.79,324.87,332.08,319.40,314.18,305.15,243.76,223.13,307.2578,1,313.3250,1,7950184,7329526,6.1786,5.0902,1.0885
2026-01-13,334.63,340.53,333.70,335.77,321.60,315.47,306.24,244.82,224.00,314.7138,1,316.5989,1,8281796,7221324,6.9574,5.4636,1.4938
2026-01-14,334.33,336.37,330.49,335.65,323.77,316.82,307.33,245.86,224.90,314.7138,1,320.9071,1,5999535,7172602,7.4786,5.8666,1.6120
2026-01-15,337.39,337.47,330.64,332.51,325.70,318.09,308.31,246.89,225.78,314.7138,1,324.4399,1,5472120,7170147,7.5510,6.2035,1.3475
2026-01-16,334.28,334.59,327.53,329.69,327.20,319.70,309.36,247.91,226.64,314.7138,1,327.3368,1,7224073,7213839,7.2972,6.4222,0.8749
2026-01-20,320.61,327.45,320.26,321.53,327.68,320.62,310.11,248.89,227.46,314.7138,1,340.5337,0,8753055,7274640,6.3639,6.4106,-0.0467
2026-01-21,320.47,332.08,318.92,327.74,329.07,321.60,310.97,249.89,228.34,314.7138,1,340.1282,0,7484339,7292479,6.0553,6.3395,-0.2842
2026-01-22,333.61,334.56,328.24,330.19,329.90,322.58,312.00,250.92,229.25,314.7138,1,339.2798,0,6584411,7301149,5.9405,6.2597,-0.3192
2026-01-23,332.01,333.38,327.33,327.79,330.15,323.21,312.76,251.94,230.15,314.7138,1,338.4652,0,6276494,7313301,5.5909,6.1259,-0.5351
2026-01-26,327.56,335.69,326.85,332.94,330.59,324.11,313.60,253.05,231.08,314.7138,1,337.6832,0,6172249,7354144,5.6641,6.0336,-0.3695
2026-01-27,334.97,337.55,333.10,334.35,330.82,325.11,314.55,254.18,231.95,314.7138,1,318.9160,1,5387102,7364167,5.7692,5.9807,-0.2115
2026-01-28,335.95,336.97,331.48,335.62,330.80,326.20,315.69,255.30,232.86,314.7138,1,319.2887,1,5897847,7381305,5.8877,5.9621,-0.0744
2026-01-29,339.69,341.62,326.08,338.00,331.04,327.40,316.93,256.41,233.76,314.7138,1,319.6541,1,8313527,7446031,6.1029,5.9902,0.1126
2026-01-30,333.81,339.63,331.99,337.87,331.57,328.64,317.99,257.51,234.64,314.7138,1,320.5328,1,7359710,7397383,6.1916,6.0305,0.1611
2026-02-02,335.89,344.49,335.35,344.23,333.03,330.11,319.19,258.62,235.57,315.3571,1,321.3763,1,7855166,7385208,6.6977,6.1640,0.5338
2026-02-03,347.83,349.47,337.93,340.03,334.88,331.28,320.15,259.71,236.50,318.1275,1,322.7632,1,8785461,7308222,6.6835,6.2679,0.4157
2026-02-04,343.08,343.58,328.73,332.69,335.37,332.22,321.01,260.75,237.40,318.1275,1,324.8994,1,12330613,7353000,6.0103,6.2164,-0.2061
2026-02-05,312.59,331.99,306.32,330.68,335.42,332.66,321.65,261.76,238.31,318.1275,1,349.4662,0,17176809,7434818,5.2543,6.0239,-0.7697
2026-02-06,326.71,329.99,319.52,322.47,334.89,332.52,321.75,262.71,239.15,318.1275,1,348.6033,0,10945659,7301428,3.9468,5.6085,-1.6617
2026-02-09,320.61,327.10,317.08,323.77,333.97,332.28,321.77,263.69,239.99,318.1275,1,347.7576,0,8467910,7141325,2.9810,5.0830,-2.1020
2026-02-10,320.28,321.00,314.05,318.01,332.34,331.58,321.74,264.64,240.77,346.2330,0,346.9289,0,8055572,7111296,1.7310,4.4126,-2.6816
2026-02-11,318.34,320.42,309.52,310.72,329.85,330.32,321.57,265.54,241.51,346.2330,0,346.1167,0,7474441,7134685,0.1507,3.5602,-3.4096
2026-02-12,311.74,315.86,307.55,308.77,326.92,328.98,321.46,266.41,242.25,343.1592,0,345.3208,0,8722378,7129384,-1.2453,2.5991,-3.8444
2026-02-13,307.38,308.29,303.31,305.42,323.68,327.63,321.26,267.24,242.97,335.7432,0,344.5408,0,6192620,7097323,-2.5914,1.5610,-4.1524
2026-02-17,300.05,304.29,296.32,302.23,319.48,326.25,320.91,268.04,243.68,329.9899,0,342.8914,0,7192217,7034143,-3.8714,0.4745,-4.3459
2026-02-18,301.84,305.31,301.39,303.35,315.81,325.34,320.63,268.84,244.39,329.9899,0,340.0971,0,4816750,6997826,-4.7409,-0.5685,-4.1723
2026-02-19,301.93,305.43,300.08,302.97,312.84,324.10,320.26,269.64,245.07,329.4643,0,337.4705,0,4082457,6978211,-5.3983,-1.5345,-3.8638
2026-02-20,304.20,316.14,303.83,314.29,311.20,323.31,320.27,270.51,245.82,329.4643,0,335.0015,0,10600510,7051820,-4.9491,-2.2174,-2.7317
2026-02-23,318.52,318.83,309.38,311.08,310.06,322.47,320.15,271.35,246.55,329.4643,0,332.6806,0,5498586,7071860,-4.7963,-2.7332,-2.0631
2026-02-24,310.03,311.76,305.49,310.31,308.71,321.34,319.95,272.15,247.34,329.4643,0,330.4990,0,4676455,7019241,-4.6832,-3.1232,-1.5600
2026-02-25,311.51,313.05,308.76,312.42,308.16,320.25,319.93,272.96,248.13,329.4643,0,328.4482,0,6326055,6983190,-4.3732,-3.3732,-1.0000
2026-02-26,312.19,312.39,301.82,306.55,307.74,318.79,319.87,273.73,248.90,329.4643,0,326.5206,0,6874017,6988607,-4.5487,-3.6083,-0.9404
2026-02-27,303.35,311.47,303.00,310.82,307.94,317.43,319.91,274.52,249.66,329.4643,0,324.7085,0,10398398,7060295,-4.2936,-3.7454,-0.5482
2026-03-02,302.37,307.54,300.47,305.76,307.98,315.83,319.88,275.26,250.38,329.4643,0,323.0052,0,6695314,7063200,-4.4484,-3.8860,-0.5625
2026-03-03,297.84,303.35,296.12,302.97,308.05,313.77,319.99,276.00,251.07,326.6447,0,321.4041,0,6180815,7013224,-4.7420,-4.0572,-0.6848
2026-03-04,302.09,304.86,300.21,302.86,308.00,311.91,319.98,276.71,251.76,326.6447,0,319.3814,0,6073734,7006877,-4.9267,-4.2311,-0.6956
2026-03-05,302.61,302.78,297.49,300.32,307.74,310.29,319.83,277.40,252.43,324.7978,0,317.5204,0,6813776,6863957,-5.2175,-4.4283,-0.7891
2026-03-06,295.49,299.74,294.67,297.72,306.08,308.64,319.57,278.11,253.08,321.1017,0,315.8083,0,5249483,6881205,-5.5936,-4.6614,-0.9322
2026-03-09,293.77,306.12,293.56,305.63,305.54,307.80,319.38,278.88,253.79,321.1017,0,313.6948,0,6007803,6913215,-5.1936,-4.7678,-0.4258
2026-03-10,305.49,308.76,304.93,306.55,305.16,306.94,319.21,279.63,254.47,321.1017,0,311.2790,0,4415618,6962774,-4.7477,-4.7638,0.0161
2026-03-11,305.92,310.68,305.46,308.03,304.72,306.44,319.09,280.38,255.16,321.1017,0,293.5626,1,4125642,7002887,-4.2255,-4.6562,0.4306
2026-03-12,305.83,308.25,300.46,302.83,304.35,306.04,318.87,281.09,255.83,321.1017,0,293.9050,1,4733169,7020100,-4.1834,-4.5616,0.3782
2026-03-13,306.27,306.88,299.41,301.08,303.37,305.66,318.61,281.79,256.47,321.1017,0,294.2405,1,5081862,7052206,-4.2421,-4.4977,0.2556
2026-03-16,303.22,305.19,301.43,304.04,303.20,305.59,318.43,282.47,257.12,321.1017,0,294.5693,1,4512113,7074532,-4.0039,-4.3989,0.3950
2026-03-17,304.29,309.66,303.97,309.02,303.81,305.93,318.31,283.19,257.81,321.1017,0,294.8915,1,4462806,7024772,-3.3741,-4.1940,0.8199
2026-03-18,307.52,310.36,305.16,305.92,304.11,306.06,318.10,283.88,258.48,321.1017,0,295.2073,1,4241765,6983098,-3.0900,-3.9732,0.8832
2026-03-19,302.83,306.30,300.62,305.35,304.62,306.18,317.93,284.56,259.16,321.1017,0,295.5167,1,4708150,6957796,-2.8776,-3.7541,0.8764
2026-03-20,303.69,303.99,296.38,298.42,304.69,305.38,317.46,285.20,259.81,321.1017,0,295.8200,1,10386986,7006372,-3.2314,-3.6495,0.4182
2026-03-23,300.15,302.99,297.66,298.65,303.99,304.76,316.92,285.83,260.46,320.9491,0,296.1172,1,6639470,6997089,-3.4534,-3.6103,0.1569
2026-03-24,295.84,296.73,288.49,288.84,302.22,303.69,316.13,286.40,261.06,314.2194,0,310.6802,0,7927319,7037687,-4.3703,-3.7623,-0.6080
2026-03-25,291.78,294.29,287.01,289.23,300.34,302.53,315.27,286.98,261.64,312.2828,0,310.2365,0,6470309,7008089,-5.0079,-4.0114,-0.9964
2026-03-26,285.83,286.16,278.70,280.39,298.09,301.22,314.17,287.52,262.16,305.0555,0,309.3074,0,8220404,7006861,-6.1554,-4.4402,-1.7152
2026-03-27,277.05,278.74,273.14,273.42,295.33,299.35,312.92,288.01,262.63,298.4788,0,307.4711,0,7036536,7027601,-7.5404,-5.0602,-2.4802
2026-03-30,275.10,275.91,271.20,272.80,292.20,297.70,311.73,288.46,263.10,295.2561,0,304.7244,0,6214564,7042450,-8.5890,-5.7660,-2.8230
2026-03-31,277.19,286.69,276.41,286.50,289.95,296.88,310.86,288.98,263.65,295.2561,0,301.3716,0,9071976,7079408,-8.2196,-6.2567,-1.9629
2026-04-01,289.62,297.61,289.11,294.53,288.81,296.46,310.32,289.56,264.25,295.2561,0,298.3540,0,7196621,7048280,-7.1959,-6.4445,-0.7513
2026-04-02,288.63,295.53,287.21,294.09,287.69,296.15,309.65,290.14,264.83,295.2561,0,297.6125,0,3955599,6977705,-6.3469,-6.4250,0.0781
2026-04-06,294.33,298.05,293.42,297.29,287.57,296.13,308.99,290.71,265.43,272.1261,1,271.1956,1,3012825,6906273,-5.3545,-6.2109,0.8564
2026-04-07,299.76,303.72,295.06,303.55,288.06,296.03,308.51,291.31,266.09,275.5384,1,271.7328,1,5263368,6886011,-4.0164,-5.7720,1.7556
2026-04-08,317.43,318.99,312.31,314.35,290.61,296.42,308.14,292.00,266.82,289.5558,1,273.0123,1,6574132,6894048,-2.0610,-5.0298,2.9688
2026-04-09,312.80,317.03,309.08,315.97,293.29,296.81,307.77,292.57,267.57,289.5558,1,275.7710,1,4621153,6878729,-0.3756,-4.0990,3.7234
2026-04-10,317.83,319.10,314.15,315.33,296.78,297.44,307.36,293.13,268.31,291.8528,1,278.3642,1,3787882,6836530,0.8973,-3.0997,3.9970
2026-04-13,315.03,319.03,313.30,318.81,301.32,298.32,306.98,293.69,269.05,292.1506,1,281.6231,1,3898448,6748229,2.1625,-2.0473,4.2097
2026-04-14,321.66,330.23,320.75,330.17,307.06,299.63,306.82,294.33,269.84,300.4506,1,284.6213,1,6134738,6723729,4.0349,-0.8308,4.8658
2026-04-15,330.15,334.58,328.25,334.05,311.81,300.88,306.62,294.97,270.62,306.9823,1,289.1818,1,5051868,6667663,5.7659,0.4885,5.2774
2026-04-16,335.43,336.96,331.24,332.35,315.60,302.20,306.47,295.59,271.40,310.3903,1,294.6298,1,4642008,6584794,6.9209,1.7750,5.1459
2026-04-17,334.01,339.56,332.87,338.98,320.08,303.89,306.59,296.25,272.21,312.7191,1,300.5558,1,6680682,6471795,8.2752,3.0750,5.2001
2026-04-20,338.14,338.74,334.21,334.98,323.85,305.71,306.68,296.88,272.99,313.8968,1,306.7965,1,4325754,6214774,8.9232,4.2447,4.6786
2026-04-21,335.17,336.75,329.22,330.06,326.50,307.28,306.83,297.40,273.74,313.8968,1,312.0386,1,4832727,6092516,8.9365,5.1830,3.7535
2026-04-22,334.47,337.61,332.54,337.31,328.80,309.71,307.10,297.98,274.54,313.8968,1,316.4421,1,4375022,6010658,9.4235,6.0311,3.3923
2026-04-23,339.15,339.73,334.64,337.33,330.94,312.11,307.49,298.57,275.36,315.3326,1,320.1409,1,4540069,5940348,9.6992,6.7647,2.9345
2026-04-24,337.30,343.26,333.63,341.89,333.59,315.19,308.11,299.17,276.18,315.8882,1,323.6678,1,6251071,5915881,10.1688,7.4456,2.7232
2026-04-27,343.45,350.46,340.38,348.08,336.52,318.92,308.90,299.79,277.03,322.0971,1,327.5864,1,6079234,5863018,10.9148,8.1394,2.7754
2026-04-28,346.49,349.46,343.85,347.07,338.21,322.63,309.73,300.42,277.86,323.9792,1,332.1614,1,6429549,5867756,11.2936,8.7703,2.5234
2026-04-29,345.05,352.96,342.00,346.88,339.49,325.65,310.62,301.06,278.68,323.9792,1,335.8214,1,7721465,5878341,11.4466,9.3055,2.1411
2026-04-30,370.79,382.15,362.64,381.46,344.40,330.00,312.19,301.95,279.68,340.4847,1,339.2488,1,17023257,6122471,14.1950,10.2834,3.9116
2026-05-01,377.51,382.91,374.79,382.74,348.78,334.43,313.78,302.87,280.68,347.6966,1,342.0020,1,10748516,6255793,16.2886,11.4845,4.8041
2026-05-04,381.84,383.70,376.30,379.17,353.20,338.53,315.08,303.75,281.65,349.7404,1,350.1838,1,6937921,6182541,17.4580,12.6792,4.7788
2026-05-05,381.39,388.47,379.87,383.79,358.57,342.54,316.53,304.68,282.65,354.1485,1,356.8870,1,5930247,6191174,18.5441,13.8522,4.6920
2026-05-06,389.10,395.88,386.62,394.65,364.31,346.55,318.22,305.70,283.67,360.5988,1,363.2044,1,9126667,6280178,20.0498,15.0917,4.9581
2026-05-07,396.56,396.86,389.82,394.81,370.05,350.49,319.87,306.69,284.68,363.6430,1,369.7404,1,5990218,6273461,21.0137,16.2761,4.7376
2026-05-08,393.78,397.87,393.18,396.55,375.52,354.56,321.67,307.70,285.71,367.3893,1,375.1640,1,5464400,6245269,21.6689,17.3546,4.3142
2026-05-11,390.20,393.84,385.75,386.29,379.34,357.93,323.18,308.64,286.68,367.3893,1,379.7056,1,6310114,6163503,21.1162,18.1070,3.0092
2026-05-12,384.52,385.96,379.25,383.34,382.97,360.59,324.73,309.52,287.63,367.3893,1,397.8721,0,6564819,6160894,20.2075,18.5271,1.6804
2026-05-13,381.43,399.43,381.10,398.54,388.13,363.81,326.64,310.53,288.66,367.3893,1,379.2454,1,7246606,6182209,20.4779,18.9172,1.5607
2026-05-14,393.30,398.61,392.24,396.67,389.65,367.03,328.52,311.55,289.66,367.3893,1,379.2454,1,5483091,6170397,20.3074,19.1953,1.1121
2026-05-15,392.72,395.39,389.27,392.83,390.66,369.72,330.37,312.55,290.64,367.3893,1,379.6491,1,6215203,6158425,19.6357,19.2833,0.3523
2026-05-18,391.63,403.96,390.41,392.62,392.01,372.60,332.26,313.59,291.65,367.3893,1,380.0447,1,7309015,6199616,18.8689,19.2004,-0.3316
2026-05-19,392.81,392.87,382.52,384.42,392.07,375.32,333.84,314.53,292.62,367.3893,1,381.0015,1,9837813,6276216,17.3990,18.8402,-1.4412
2026-05-20,384.56,390.21,379.53,384.42,391.05,377.68,335.40,315.45,293.57,367.3893,1,403.9645,0,6346270,6314829,16.0490,18.2819,-2.2329
2026-05-21,381.53,388.19,379.01,382.99,389.87,379.96,336.90,316.33,294.51,367.3893,1,403.4757,0,6456714,6361450,14.6946,17.5645,-2.8699
2026-05-22,382.78,384.39,377.79,378.91,388.10,381.81,338.42,317.18,295.42,367.3893,1,402.4969,0,5077167,6368330,13.1401,16.6796,-3.5395
2026-05-26,380.52,384.91,378.67,384.36,387.91,383.62,340.08,318.06,296.36,367.3893,1,401.0143,0,6215512,6391003,12.2074,15.7852,-3.5777
2026-05-27,382.29,389.24,381.52,384.35,388.01,385.49,341.69,318.91,297.28,367.3893,1,399.6207,0,6500971,6430781,11.3368,14.8955,-3.5587
2026-05-28,383.38,389.51,380.77,385.64,386.72,387.43,343.22,319.81,298.20,367.3893,1,398.3107,0,8029520,6502115,10.6283,14.0421,-3.4138
2026-05-29,380.75,381.17,373.83,375.96,384.65,387.15,344.62,320.64,299.06,367.3893,1,397.0793,0,18075641,6778792,9.1800,13.0696,-3.8896
2026-06-01,372.11,374.13,369.25,372.11,382.58,386.62,345.96,321.43,299.91,367.3893,1,395.2195,0,7113260,6826895,7.6340,11.9825,-4.3485
2026-06-02,362.71,369.33,354.56,357.94,379.11,385.56,347.15,322.09,300.69,391.7957,0,392.6223,0,12417712,6867509,5.2052,10.6271,-5.4219
2026-06-03,357.89,362.05,353.94,355.24,376.19,384.13,348.28,322.66,301.44,387.2933,0,388.0544,0,15305266,7040825,3.0270,9.1070,-6.0800
2026-06-04,355.00,369.40,354.36,368.81,374.63,382.84,349.88,323.33,302.27,387.2933,0,383.2780,0,13938539,7161049,2.3687,7.7594,-5.3906
2026-06-05,362.93,368.74,361.18,365.30,372.86,381.36,351.40,323.94,303.09,387.2933,0,379.1703,0,8562990,7202903,1.5464,6.5168,-4.9704
2026-06-08,362.25,363.14,357.66,360.94,371.06,379.58,353.01,324.47,303.89,387.2933,0,375.6376,0,6767965,7173854,0.5360,5.3206,-4.7846
2026-06-09,364.65,369.45,354.49,362.05,368.83,378.37,354.78,325.01,304.70,387.2933,0,372.5995,0,7200007,7177124,-0.1724,4.2220,-4.3944
2026-06-10,360.82,366.07,352.58,353.09,365.71,376.86,356.39,325.48,305.44,387.2933,0,369.9868,0,7023507,7193302,-1.4405,3.0895,-4.5300
2026-06-11,352.82,357.78,343.41,356.33,362.78,374.75,357.79,326.00,306.18,383.5924,0,369.4521,0,10258873,7217040,-2.1593,2.0398,-4.1991
2026-06-12,360.87,364.54,353.11,357.93,360.97,372.81,359.06,326.50,306.93,383.5924,0,366.0723,0,6316904,7199446,-2.5704,1.1177,-3.6881
2026-06-15,365.75,370.41,364.41,366.87,360.45,371.51,360.51,327.04,307.73,383.5924,0,343.4071,1,6339475,7247124,-2.1496,0.4643,-2.6139
2026-06-16,367.23,373.36,365.08,370.86,361.74,370.43,361.98,327.66,308.53,383.5924,0,343.9471,1,6120478,7309277,-1.4774,0.0759,-1.5533
2026-06-17,366.81,369.91,360.00,361.87,362.40,369.30,363.15,328.14,309.27,383.5924,0,345.1235,1,5794867,7319907,-1.6513,-0.2695,-1.3818
2026-06-18,363.65,368.76,356.38,367.22,362.25,368.44,364.21,328.65,310.05,383.5924,0,346.2529,1,10780945,7404043,-1.3415,-0.4839,-0.8576
2026-06-22,356.90,357.97,340.72,348.55,360.57,366.72,364.86,329.06,310.64,383.5924,0,373.3576,0,11234622,7536312,-2.5727,-0.9017,-1.6710
2026-06-23,339.88,348.49,339.49,345.86,359.06,365.06,365.47,329.51,311.21,380.6979,0,372.7049,0,7551777,7611590,-3.7232,-1.4660,-2.2572
2026-06-24,348.49,352.60,341.28,344.82,357.34,363.09,365.99,329.97,311.76,380.6979,0,371.3764,0,8245904,7698539,-4.6651,-2.1058,-2.5593
2026-06-25,336.70,342.97,335.68,341.97,356.23,360.97,366.22,330.35,312.31,374.8521,0,370.1012,0,9474420,7765333,-5.5770,-2.8000,-2.7770
2026-06-26,340.76,343.90,333.47,334.47,354.04,358.41,366.23,330.68,312.78,373.7867,0,368.0360,0,27606771,8216431,-6.8259,-3.6052,-3.2207
2026-06-29,339.73,351.74,338.59,351.05,353.35,357.16,366.61,331.07,313.34,373.7867,0,365.2710,0,8980719,8303205,-6.4040,-4.1650,-2.2390
2026-06-30,350.73,355.16,347.88,353.10,351.98,356.21,366.89,331.50,313.91,373.7867,0,362.7272,0,7518297,8319958,-5.8370,-4.4994,-1.3377
2026-07-01,354.38,359.33,353.00,357.66,350.66,356.20,367.34,331.89,314.49,373.7867,0,360.3869,0,6995605,8373355,-4.9628,-4.5921,-0.3707
2026-07-02,355.92,360.76,350.09,355.95,350.06,356.23,367.86,332.15,315.02,373.7867,0,333.4735,1,5532508,8387350,-4.3576,-4.5452,0.1876
2026-07-06,357.96,365.44,353.96,364.66,349.81,356.03,368.41,332.43,315.59,373.7867,0,334.0192,1,8265970,8465169,-3.1386,-4.2639,1.1252
2026-07-07,367.00,370.65,362.18,363.38,351.29,355.93,368.93,332.72,316.16,373.7867,0,335.2761,1,5979331,8493954,-2.2499,-3.8611,1.6112
2026-07-08,361.97,364.74,354.47,358.48,352.55,355.81,369.26,332.98,316.69,373.7867,0,337.3985,1,5276767,8474468,-1.9194,-3.4727,1.5534
2026-07-09,350.86,356.50,348.43,356.01,353.67,355.51,369.42,333.26,317.20,373.7867,0,339.3936,1,6133526,8475554,-1.8354,-3.1453,1.3098
2026-07-10,354.72,355.45,350.47,354.80,354.96,355.59,369.57,333.52,317.71,373.7867,0,341.2689,1,4124916,8429461,-1.8452,-2.8853,1.0400
2026-07-13,353.76,355.52,349.59,350.44,356.55,355.30,369.65,333.73,318.21,373.7867,0,343.0317,1,3711316,8349258,-2.1794,-2.7441,0.5647
2026-07-14,348.61,357.65,348.61,357.10,357.16,355.26,369.16,333.99,318.75,373.7867,0,344.6888,1,4020891,8089211,-1.8855,-2.5724,0.6869
2026-07-15,355.78,371.90,355.44,369.97,358.85,355.41,368.90,334.31,319.37,373.7867,0,346.2464,1,7499788,8024237,-0.6070,-2.1793,1.5723
2026-07-16,371.93,374.11,351.44,353.58,358.44,354.55,368.39,334.58,319.91,373.7867,0,348.2986,1,8351225,8052503,-0.9057,-1.9246,1.0188
2026-07-17,345.55,347.94,340.90,345.90,357.43,353.75,367.63,334.77,320.42,373.7867,0,374.1071,0,7622912,8086356,-1.7425,-1.8882,0.1456
2026-07-20,349.94,359.26,349.78,351.14,356.08,352.94,366.76,334.98,320.96,373.7867,0,374.1071,0,4639243,7996607,-1.9598,-1.9025,-0.0573
2026-07-21,350.33,350.51,345.79,345.97,354.34,352.81,365.79,335.20,321.47,373.7867,0,373.4431,0,6030457,7997412,-2.5206,-2.0261,-0.4945
2026-07-22,346.95,349.22,341.42,341.69,352.66,352.61,364.69,335.41,321.95,373.7867,0,372.7923,0,7957545,8047275,-3.2725,-2.2754,-0.9971
2026-07-23,321.42,324.24,314.69,318.13,348.87,351.27,363.33,335.47,322.31,357.0040,0,372.1545,0,14883000,8218733,-5.7032,-2.9610,-2.7423
2026-07-24,318.09,323.77,317.29,318.88,345.28,350.12,362.04,335.55,322.65,356.2619,0,369.8557,0,6902172,8225480,-7.4829,-3.8653,-3.6176
2026-07-27,324.53,329.89,324.20,326.36,342.87,349.71,360.59,335.74,323.05,356.2619,0,367.6489,0,6994999,8220448,-8.1957,-4.7314,-3.4642
2026-07-28,327.59,334.99,324.33,332.38,340.40,348.78,359.31,335.94,323.49,356.2619,0,365.5304,0,6980243,8250391,-8.1800,-5.4211,-2.7588
2026-07-29,333.28,341.76,330.19,335.54,336.96,347.90,358.16,336.12,323.96,356.2619,0,363.4966,0,6796756,8262022,-7.8225,-5.9014,-1.9211
2026-07-30,332.86,335.23,329.61,333.46,334.95,346.69,356.98,336.27,324.44,356.2619,0,361.5442,0,5775834,8231358,-7.6192,-6.2450,-1.3742
2026-07-31,339.85,358.65,338.94,356.42,336.00,346.71,356.42,336.55,325.00,311.2294,1,359.6699,0,10882996,8252262,-5.5418,-6.1043,0.5625
2026-08-03,365.06,375.86,363.02,372.23,338.11,347.09,356.17,336.93,325.63,329.8012,1,314.6857,1,10118297,8327702,-2.5900,-5.4015,2.8115
2026-08-04,366.28,377.42,365.92,375.11,341.02,347.68,356.02,337.33,326.25,332.5477,1,315.9091,1,7500732,8348583,-0.0181,-4.3248,4.3067
2026-08-05,379.75,381.56,354.93,359.90,342.84,347.75,355.64,337.64,326.80,332.5477,1,318.3697,1,10600895,8459057,0.7837,-3.3031,4.0868
2026-08-06,358.56,361.73,355.60,356.39,346.67,347.77,355.08,337.92,327.31,332.5477,1,322.1613,1,5889009,8452527,1.1232,-2.4178,3.5410
2026-08-07,355.05,357.32,352.59,353.24,350.10,347.69,354.45,338.19,327.80,332.5477,1,325.7253,1,5131218,8425132,1.1252,-1.7092,2.8344
2026-08-10,354.01,355.70,351.24,355.61,353.03,347.95,353.85,338.46,328.32,332.5477,1,329.0755,1,4551016,8355562,1.3029,-1.1068,2.4097
2026-08-11,353.77,354.77,342.35,342.78,354.07,347.23,353.19,338.64,328.78,332.5477,1,332.2247,1,6307839,8120206,0.4037,-0.8047,1.2084
2026-08-12,345.11,345.28,339.60,342.15,354.73,345.84,352.59,338.82,329.22,332.5477,1,335.1850,1,5343985,8084821,-0.3556,-0.7149,0.3592
2026-08-13,344.35,345.61,342.18,343.72,355.75,345.35,352.31,338.97,329.64,332.5477,1,337.9676,1,5158343,7939633,-0.8214,-0.7362,-0.0852
2026-08-14,344.04,347.83,341.85,343.32,354.44,345.22,352.07,339.09,330.01,332.5477,1,339.5995,1,3760664,7708741,-1.2088,-0.8307,-0.3781
2026-08-17,343.84,344.83,339.35,341.23,351.34,344.72,351.52,339.18,330.38,332.5477,1,381.5623,0,4304353,7516057,-1.6651,-0.9976,-0.6675
2026-08-18,339.67,342.17,337.30,341.06,347.94,344.48,351.03,339.24,330.71,332.5477,1,380.7180,0,4864707,7442092,-2.0172,-1.2015,-0.8157
2026-08-19,339.59,343.34,337.83,341.48,346.10,344.47,350.64,339.27,331.01,332.5477,1,378.9814,0,4565283,7398038,-2.2366,-1.4085,-0.8281
2026-08-20,339.47,340.58,335.95,337.98,344.26,345.46,350.16,339.29,331.30,332.5477,1,377.3141,0,4798280,7350004,-2.6621,-1.6592,-1.0028
2026-08-21,340.06,343.07,337.59,341.53,343.08,346.59,349.93,339.35,331.59,332.5477,1,374.8324,0,5250613,7314546,-2.6821,-1.8638,-0.8182
2026-08-24,340.52,347.85,339.40,344.37,341.96,347.49,349.69,339.45,331.93,332.5477,1,372.4996,0,5668712,7222743,-2.4407,-1.9792,-0.4615
2026-08-25,345.75,346.48,341.92,343.12,341.99,348.03,349.39,339.59,332.22,332.5477,1,370.3067,0,4817403,7192753,-2.3235,-2.0481,-0.2754
2026-08-26,342.96,342.97,336.79,338.88,341.67,348.20,348.83,339.67,332.49,332.5477,1,368.2454,0,5485417,7175671,-2.5432,-2.1471,-0.3961
2026-08-27,336.08,338.59,335.18,337.49,341.04,348.40,348.17,339.71,332.78,332.5477,1,366.3078,0,6057200,7174406,-2.7971,-2.2771,-0.5200
2026-08-28,337.39,345.21,337.06,342.66,340.98,347.71,347.78,339.81,333.05,332.5477,1,363.8178,0,6117631,7180861,-2.5521,-2.3321,-0.2200
2026-08-31,339.80,340.41,333.21,335.19,340.38,345.86,347.14,339.83,333.27,332.5477,1,361.5270,0,7782183,7120886,-2.9265,-2.4510,-0.4755
2026-09-01,332.03,333.73,329.08,331.81,339.45,343.69,346.81,339.81,333.50,353.7166,0,358.6956,0,5416538,7004524,-3.4559,-2.6520,-0.8040
2026-09-02,330.56,336.29,329.31,333.56,338.66,342.38,346.56,339.80,333.77,353.7166,0,355.1413,0,4337771,6940244,-3.6919,-2.8599,-0.8319
2026-09-03,336.29,340.63,336.09,338.86,338.75,341.50,346.44,339.80,334.08,353.7166,0,352.0135,0,4359992,6862526,-3.4121,-2.9704,-0.4417
2026-09-04,339.18,340.18,333.75,335.31,338.13,340.60,346.31,339.79,334.34,353.7166,0,349.2611,0,4258605,6758209,-3.4372,-3.0638,-0.3735
2026-09-08,331.99,336.48,330.39,335.38,337.23,339.59,346.33,339.73,334.59,353.7166,0,346.8389,0,4745728,6300989,-3.4122,-3.1334,-0.2787
2026-09-09,329.12,329.34,325.63,328.38,335.75,338.87,345.87,339.65,334.77,349.7118,0,344.7074,0,6346568,6248306,-3.9121,-3.2892,-0.6229
2026-09-10,326.08,330.89,325.65,330.39,334.90,338.29,345.42,339.63,334.98,349.7118,0,342.0366,0,5424641,6206432,-4.0988,-3.4511,-0.6477
2026-09-11,332.73,339.95,332.55,335.45,334.70,337.87,344.98,339.67,335.16,349.7118,0,325.6300,1,5307054,6172661,-3.7947,-3.5198,-0.2749
2026-09-14,339.11,346.45,338.74,345.71,335.01,337.99,344.77,339.82,335.30,349.7118,0,325.6510,1,7773082,6217473,-2.6948,-3.3548,0.6600
2026-09-15,343.34,344.36,339.18,341.43,335.63,338.00,344.31,339.94,335.40,349.7118,0,326.4830,1,4561846,6143390,-2.1437,-3.1126,0.9689
2026-09-16,343.36,344.70,337.45,339.36,336.38,337.92,343.83,340.08,335.50,349.7118,0,327.2816,1,4367461,6111153,-1.8527,-2.8606,1.0079
2026-09-17,345.00,345.96,340.50,343.68,337.39,338.03,343.53,340.30,335.62,349.7118,0,328.0484,1,5263700,6110892,-1.2589,-2.5403,1.2813
2026-09-18,351.22,355.13,343.87,344.41,337.95,338.35,343.30,340.54,335.77,349.7118,0,328.7844,1,11747446,6223170,-0.7212,-2.1764,1.4553
2026-09-21,346.19,353.30,344.80,350.87,339.51,338.82,343.22,340.84,335.95,325.7668,1,330.3652,1,6404149,6268755,0.2237,-1.6964,1.9201
2026-09-22,353.24,359.98,345.74,347.41,340.71,338.97,343.16,341.14,336.08,326.9638,1,331.8511,1,7005557,6334640,0.6855,-1.2200,1.9055
2026-09-23,346.30,346.33,334.20,334.98,341.37,338.56,342.72,341.35,336.17,326.9638,1,334.1014,1,7799474,6410211,0.0478,-0.9665,1.0143
2026-09-24,333.00,339.31,332.81,339.01,342.23,338.57,342.10,341.59,336.26,326.9638,1,359.9800,0,5412295,6368461,-0.1308,-0.7993,0.6685
2026-09-25,338.92,343.60,337.91,341.08,342.79,338.75,341.85,341.77,336.40,326.9638,1,359.4366,0,4726925,6295975,-0.1041,-0.6603,0.5562
2026-09-28,337.60,340.11,336.60,339.16,342.14,338.57,341.71,341.96,336.51,326.9638,1,358.9041,0,4704421,6237606,-0.2352,-0.5753,0.3401
2026-09-29,338.54,339.64,335.02,337.32,341.73,338.68,341.44,342.14,336.59,326.9638,1,358.3822,0,4723256,6239286,-0.4820,-0.5566,0.0746
2026-09-30,340.65,349.05,337.72,340.74,341.87,339.12,341.33,342.33,336.73,326.9638,1,357.8708,0,8259571,6283868,-0.3971,-0.5247,0.1276
2026-10-01,347.76,350.09,332.65,334.93,340.99,339.19,341.20,342.52,336.85,326.9638,1,357.3695,0,6713672,6258991,-0.7895,-0.5777,-0.2118
2026-10-02,338.10,342.78,337.96,340.35,340.59,339.27,341.64,342.71,337.01,326.9638,1,356.3808,0,5955410,6080439,-0.6555,-0.5932,-0.0623
2026-10-05,339.21,344.99,339.15,343.83,339.88,339.69,342.14,342.97,337.20,326.9638,1,355.4315,0,4807500,6038545,-0.2655,-0.5277,0.2622
2026-10-06,344.64,345.67,341.70,344.59,339.60,340.15,342.50,343.25,337.43,326.9638,1,354.5203,0,4540800,5989461,0.1037,-0.4014,0.5051
2026-10-07,343.68,347.61,340.28,347.37,340.84,341.10,342.80,343.54,337.65,326.9638,1,353.6455,0,3940808,5928673,0.6136,-0.1984,0.8120
2026-10-08,349.64,353.53,343.51,344.86,341.42,341.83,342.99,343.84,337.84,326.9638,1,332.6500,1,4823557,5889209,0.8058,0.0024,0.8034
2026-10-09,348.00,351.06,346.88,347.86,342.10,342.45,343.28,344.17,338.02,326.9638,1,333.0676,1,3871577,5851124,1.1865,0.2392,0.9473
