symbol,longName,sector,industry,country,marketCap,currentPrice,averageVolume10days,averageVolume3months,averageDollarVolume,revenueGrowth,earningsGrowth,earningsQuarterlyGrowth,grossMargins,operatingMargins,profitMargins,returnOnEquity,returnOnAssets,totalCash,totalDebt,debtToEquity,currentRatio,quickRatio,operatingCashflow,freeCashflow,sharesOutstanding,floatShares,heldPercentInsiders,heldPercentInstitutions,sharesShort,shortRatio,shortPercentOfFloat,trailingPE,forwardPE,priceToSalesTrailing12Months,priceToBook,enterpriseToRevenue,enterpriseToEbitda,targetMeanPrice,targetHighPrice,targetLowPrice,recommendationMean,recommendationKey,numberOfAnalystOpinions,epsRevisionUpLast7Days,epsRevisionUpLast30Days,epsRevisionDownLast7Days,epsRevisionDownLast30Days,nextEarningsDate,beta,website,retrievedAt
HIFS,Hingham Institution for Savings,Financial Services,Banks - Regional,United States,633533056,288.33,38040,43698,12599444.34,1.08,1.685,1.703,0.0,0.80599,0.55474,0.13913,0.014579999,5597000,1406444032,,,,35648000,,2197250,1589794,0.0,0.72003996,295690,6.8,0.1472,9.598202,,5.300246,1.2496694,17.067,,,,,,none,,,,,,2026-10-16,0.863,https://www.hinghamsavings.com,2026-10-10T21:30:57.420885+01:00
Date,Open,High,Low,Close,Ma10:Top:Line,Ma20:Top:Line,Ma50:Top:Line,Ma150:Top:Line,Ma200:Top:Line,Supertrend:Top:ColorLine,Supertrend_Dir,ParabolicSAR:Top:ColorLine,ParabolicSAR_Dir,Volume:Middle:Histogram,Vo50:Middle:Line,Macd:Bottom:Line,MacdSignal:Bottom:Line,MacdDelta:Bottom:Histogram,RsRating:Hidden:Hidden
2023-08-03,213.70,215.25,212.19,214.89,,,,,,,0,212.1936,1,1090,,,,,0
2023-08-04,216.69,219.18,216.69,218.23,,,,,,,0,212.1936,1,1175,,,,,0
2023-08-07,214.62,214.63,214.62,214.63,,,,,,,0,212.1936,1,511,,,,,0
2023-08-08,209.48,211.46,209.48,211.46,,,,,,,0,219.1847,0,591,,,,,0
2023-08-09,211.87,212.06,207.62,211.94,,,,,,,0,218.9906,0,1207,,,,,0
2023-08-10,208.17,209.95,206.11,209.51,,,,,,,0,218.5356,0,2821,,,,,0
2023-08-11,202.55,207.11,202.55,205.68,,,,,,,0,217.7901,0,703,,,,,0
2023-08-14,199.39,200.76,199.39,199.67,,,,,,,0,216.5707,0,1241,,,,,0
2023-08-15,198.68,198.68,194.09,196.01,,,,,,,0,214.8526,0,2152,,,,,0
2023-08-16,196.32,196.99,193.12,193.12,207.51,,,,,209.7864,0,212.3609,0,1200,,,,,0
2023-08-17,192.78,193.34,192.17,192.17,205.24,,,,,206.3640,0,209.6675,0,736,,,,,0
2023-08-18,191.01,196.70,191.01,195.05,202.92,,,,,206.3640,0,206.8674,0,848,,,,,0
2023-08-21,196.02,196.02,189.04,189.04,200.36,,,,,206.3640,0,204.0127,0,548,,,,,0
2023-08-22,188.64,188.64,180.57,180.57,197.28,,,,,200.3340,0,201.0178,0,1159,,,,,0
2023-08-23,180.09,183.56,178.16,183.56,194.44,,,,,196.6369,0,196.9282,0,4372,,,,,0
2023-08-24,184.58,201.12,182.14,184.22,191.91,,,,,196.6369,0,178.1558,1,2423,,,,,0
2023-08-25,183.64,185.54,183.64,184.64,189.81,,,,,196.6369,0,178.1558,1,402,,,,,0
2023-08-28,184.92,186.36,184.92,184.93,188.33,,,,,196.6369,0,178.6150,1,517,,,,,0
2023-08-29,185.40,191.71,184.92,191.71,187.90,,,,,196.6369,0,179.0651,1,2740,,,,,0
2023-08-30,189.98,191.67,189.98,191.56,187.75,197.63,,,,196.6369,0,179.5061,1,1289,,,,,0
2023-08-31,190.42,193.12,190.27,192.34,187.76,196.50,,,,196.6369,0,179.9384,1,2928,,,,,0
2023-09-01,195.16,199.65,194.08,195.25,187.78,195.35,,,,196.6369,0,180.3620,1,2346,,,,,0
2023-09-05,195.63,195.94,194.09,195.94,188.47,194.42,,,,196.6369,0,180.7771,1,1725,,,,,0
2023-09-06,196.01,196.01,188.29,189.07,189.32,193.30,,,,196.6369,0,181.1839,1,3054,,,,,0
2023-09-07,189.92,194.69,189.92,192.37,190.20,192.32,,,,196.6369,0,181.5826,1,4204,,,,,0
2023-09-08,193.10,193.28,191.73,192.18,191.00,191.45,,,,196.6369,0,181.9733,1,975,,,,,0
2023-09-11,194.87,196.41,194.10,194.10,191.94,190.88,,,,196.6369,0,182.3562,1,1246,,,,,0
2023-09-12,196.37,200.10,196.29,199.45,193.40,190.86,,,,183.2374,1,182.7314,1,1219,,,,,0
2023-09-13,198.06,198.43,192.44,193.12,193.54,190.72,,,,183.2374,1,183.0992,1,2580,,,,,0
2023-09-14,194.63,194.63,189.31,190.61,193.44,190.59,,,,183.2374,1,183.4595,1,1717,,,,,0
2023-09-15,189.28,190.24,183.51,188.73,193.08,190.42,,,,183.2374,1,201.1181,0,6743,,,,,0
2023-09-18,185.82,185.82,182.50,183.46,191.90,189.84,,,,183.2374,1,200.7658,0,2071,,,,,0
2023-09-19,182.50,183.18,181.39,182.03,190.51,189.49,,,,197.6893,0,200.0352,0,2074,,,,,0
2023-09-20,184.39,186.85,182.89,184.34,190.04,189.68,,,,197.6893,0,198.9165,0,2482,,-4.0178,-3.3828,-0.6351,0
2023-09-21,180.58,181.33,178.67,178.67,188.67,189.44,,,,195.4799,0,197.8650,0,1018,,-4.5334,-3.6129,-0.9205,0
2023-09-22,178.67,183.30,174.78,178.16,187.27,189.13,,,,195.4799,0,196.3292,0,4059,,-4.9265,-3.8756,-1.0509,0
2023-09-25,178.54,182.98,178.54,182.45,186.10,189.02,,,,195.4799,0,194.1739,0,1568,,-4.8356,-4.0676,-0.7680,0
2023-09-26,182.20,182.50,177.79,178.63,184.02,188.71,,,,195.4799,0,192.2341,0,1498,,-5.0143,-4.2569,-0.7573,0
2023-09-27,178.05,178.64,176.22,177.19,182.43,187.98,,,,192.6223,0,190.4883,0,973,,-5.2119,-4.4479,-0.7640,0
2023-09-28,177.05,178.75,175.97,176.19,180.98,187.21,,,,191.8700,0,188.9171,0,2500,,-5.3874,-4.6358,-0.7516,0
2023-09-29,176.71,180.33,176.71,180.33,180.14,186.61,,,,191.8700,0,187.5030,0,2932,,-5.1331,-4.7353,-0.3978,0
2023-10-02,176.71,176.71,171.54,171.79,178.98,185.44,,,,189.6287,0,186.2303,0,2206,,-5.5563,-4.8995,-0.6568,0
2023-10-03,170.70,170.73,164.70,166.08,177.38,183.95,,,,183.7958,0,184.4676,0,4799,,-6.2806,-5.1757,-1.1049,0
2023-10-04,165.78,166.09,163.19,165.22,175.47,182.75,,,,179.9811,0,181.6995,0,2344,,-6.8450,-5.5096,-1.3354,0
2023-10-05,165.22,168.29,163.56,168.27,174.43,181.55,,,,179.9811,0,178.7377,0,3241,,-6.9658,-5.8008,-1.1650,0
2023-10-06,168.02,174.20,166.57,173.26,173.94,180.60,,,,179.9811,0,176.2499,0,3445,,-6.5828,-5.9572,-0.6256,0
2023-10-09,171.89,175.26,171.40,174.80,173.17,179.64,,,,179.9811,0,163.1887,1,2516,,-6.0853,-5.9828,-0.1024,0
2023-10-10,177.75,178.64,176.71,177.18,173.03,178.52,,,,179.9811,0,163.4301,1,2275,,-5.4358,-5.8734,0.4376,0
2023-10-11,178.16,179.50,174.83,175.36,172.85,177.64,,,,179.9811,0,164.0385,1,4812,,-5.0106,-5.7009,0.6902,0
2023-10-12,176.31,176.31,172.85,173.47,172.57,176.78,188.45,,,179.9811,0,164.9661,1,1599,2098,-4.7706,-5.5148,0.7442,0
2023-10-13,173.76,173.81,169.83,170.46,171.59,175.87,187.56,,,179.9811,0,165.8380,1,1465,2105,-4.7686,-5.3656,0.5970,0
2023-10-16,168.98,169.63,150.84,151.53,169.56,174.27,186.23,,,178.9953,0,179.4979,0,6936,2220,-6.2224,-5.5369,-0.6854,0
2023-10-17,152.54,160.41,152.54,155.70,168.52,172.95,185.05,,,176.0203,0,178.9248,0,3193,2274,-6.9585,-5.8212,-1.1372,0
2023-10-18,155.05,155.05,146.77,146.77,166.68,171.07,183.76,,,171.1804,0,178.3630,0,1778,2298,-8.1676,-6.2905,-1.8771,0
2023-10-19,147.85,152.57,147.74,149.91,164.84,169.64,182.52,,,170.1335,0,177.0994,0,2329,2320,-8.7716,-6.7867,-1.9849,0
2023-10-20,152.32,153.33,148.39,149.33,162.45,168.20,181.31,,,170.1335,0,175.8864,0,3913,2342,-9.1910,-7.2676,-1.9234,0
2023-10-23,149.45,151.98,146.88,146.88,159.66,166.42,180.14,,,168.4774,0,174.7219,0,1734,2362,-9.6105,-7.7362,-1.8744,0
2023-10-24,147.48,152.53,147.13,150.84,157.03,165.03,179.16,,,168.4774,0,173.6039,0,3577,2409,-9.5139,-8.0917,-1.4222,0
2023-10-25,150.65,154.19,149.02,149.67,154.46,163.65,178.23,,,168.4774,0,172.5307,0,3302,2432,-9.4229,-8.3580,-1.0650,0
2023-10-26,150.04,152.56,148.13,148.13,151.92,162.25,177.33,,,168.3249,0,171.5004,0,4495,2498,-9.3675,-8.5599,-0.8077,0
2023-10-27,148.06,149.55,146.41,147.79,149.65,160.62,176.45,,,165.1075,0,170.5113,0,1768,2519,-9.2445,-8.6968,-0.5477,0
2023-10-30,147.39,147.62,145.44,146.08,149.11,159.34,175.47,,,162.6491,0,169.0652,0,2441,2551,-9.1788,-8.7932,-0.3856,0
2023-10-31,148.34,148.59,142.67,144.06,147.95,158.23,174.57,,,161.9127,0,167.1751,0,2600,2592,-9.1837,-8.8713,-0.3124,0
2023-11-01,143.02,145.92,142.54,145.92,147.86,157.27,173.87,,,159.9032,0,164.7242,0,2393,2616,-8.9343,-8.8839,-0.0504,0
2023-11-02,145.94,152.84,145.94,152.83,148.15,156.50,173.26,,,159.9032,0,162.0622,0,6636,2662,-8.0864,-8.7244,0.6380,0
2023-11-03,155.89,164.01,155.89,158.96,149.11,155.78,172.75,,,159.9032,0,142.5403,1,2279,2659,-6.8411,-8.3477,1.5066,0
2023-11-06,159.03,162.53,155.88,160.98,150.53,155.09,172.28,,,142.0355,1,142.9696,1,2590,2702,-5.6258,-7.8034,2.1775,0
2023-11-07,160.37,161.96,159.19,159.81,151.42,154.22,171.78,,,143.4367,1,143.3904,1,1352,2719,-4.7032,-7.1833,2.4801,0
2023-11-08,158.95,158.95,155.14,157.45,152.20,153.33,171.09,,,143.4367,1,143.8027,1,1104,2686,-4.1147,-6.5696,2.4549,0
2023-11-09,158.66,158.66,153.06,153.06,152.69,152.31,170.32,,,143.4367,1,144.2068,1,410,2669,-3.9571,-6.0471,2.0900,0
2023-11-10,148.46,155.14,148.46,154.79,153.39,151.52,169.57,,,143.4367,1,144.6028,1,862,2628,-3.6508,-5.5678,1.9170,0
2023-11-13,152.83,155.63,151.00,155.63,154.35,151.73,168.78,,,143.4367,1,144.9909,1,1027,2601,-3.3020,-5.1147,1.8127,0
2023-11-14,157.56,166.17,157.56,165.31,156.47,152.21,168.17,,,143.5674,1,145.3712,1,6598,2699,-2.2191,-4.5355,2.3164,0
2023-11-15,164.83,166.93,164.44,164.83,158.36,153.11,167.68,,,148.4726,1,146.2031,1,1938,2676,-1.3833,-3.9051,2.5218,0
2023-11-16,159.99,159.99,155.49,158.00,158.88,153.52,166.99,,,148.4726,1,147.4465,1,4172,2676,-1.2580,-3.3757,2.1176,0
2023-11-17,161.76,165.35,157.37,161.92,159.18,154.15,166.39,,,148.4726,1,148.6152,1,2973,2716,-0.8323,-2.8670,2.0347,0
2023-11-20,161.92,162.89,160.19,160.19,159.10,154.81,165.71,,,148.4726,1,149.7139,1,1603,2723,-0.6277,-2.4192,1.7914,0
2023-11-21,159.07,160.61,158.14,158.14,158.93,155.18,164.89,,,148.4726,1,150.7466,1,701,2712,-0.6235,-2.0600,1.4366,0
2023-11-22,159.98,161.65,157.63,159.39,159.13,155.66,164.21,,,148.4726,1,151.7173,1,1989,2701,-0.5132,-1.7507,1.2374,0
2023-11-24,158.16,159.98,158.16,159.83,159.80,156.25,163.60,,,148.4726,1,152.6298,1,560,2677,-0.3862,-1.4778,1.0915,0
2023-11-27,157.75,157.75,152.13,154.19,159.74,156.57,162.90,,,148.4726,1,166.9257,0,3403,2611,-0.7325,-1.3287,0.5962,0
2023-11-28,155.67,155.67,152.71,153.72,159.55,156.95,162.31,,,148.4726,1,166.6297,0,2743,2624,-1.0326,-1.2695,0.2369,0
2023-11-29,154.29,161.68,154.29,158.99,158.92,157.70,161.85,,,148.4726,1,166.3397,0,6051,2704,-0.8351,-1.1826,0.3475,0
2023-11-30,158.99,158.99,156.10,158.04,158.24,158.30,161.32,,,148.4726,1,166.0555,0,2184,2698,-0.7467,-1.0954,0.3487,0
2023-12-01,158.04,165.30,158.04,164.03,158.84,158.86,161.03,,,148.4726,1,165.7770,0,3992,2757,-0.1917,-0.9147,0.7230,0
2023-12-04,151.98,170.84,151.98,170.84,159.74,159.46,160.88,,,148.4726,1,152.1296,1,1445,2705,0.7891,-0.5739,1.3630,0
2023-12-05,170.84,170.84,163.84,165.44,160.26,159.68,160.54,,,148.4726,1,151.9842,1,3617,2746,1.1177,-0.2356,1.3533,0
2023-12-06,170.13,173.27,165.64,165.64,161.01,159.97,160.28,,,148.9480,1,151.9842,1,2955,2775,1.3778,0.0871,1.2908,0
2023-12-07,169.49,169.49,166.05,168.28,161.90,160.51,160.11,,,148.9480,1,152.8355,1,694,2769,1.7771,0.4251,1.3520,0
2023-12-08,168.10,170.52,165.07,170.17,162.93,161.37,159.99,,,148.9480,1,153.6527,1,720,2734,2.2205,0.7842,1.4364,0
2023-12-11,170.54,170.54,168.86,169.57,164.47,162.11,159.77,,,151.8389,1,154.4373,1,857,2692,2.4947,1.1263,1.3684,0
2023-12-12,169.55,170.86,168.24,169.44,166.05,162.80,159.72,,,152.6941,1,155.1905,1,891,2666,2.6702,1.4351,1.2351,0
2023-12-13,175.01,186.49,174.41,183.84,168.53,163.72,160.08,,,160.1617,1,155.9135,1,2996,2630,3.9259,1.9332,1.9927,0
2023-12-14,188.90,199.64,188.90,196.79,172.40,165.32,160.71,,,171.2661,1,157.7482,1,2618,2635,5.8983,2.7263,3.1721,0
2023-12-15,197.58,199.16,191.78,191.78,175.18,167.01,161.18,,,172.5521,1,161.0996,1,5795,2687,6.9766,3.5763,3.4002,0
2023-12-18,185.35,185.35,185.35,185.35,176.63,168.18,161.42,,,172.5521,1,164.1828,1,688,2631,7.2290,4.3069,2.9222,0
2023-12-19,186.22,194.89,186.22,192.02,179.29,169.77,161.77,,,172.5521,1,167.0193,1,1565,2612,7.8766,5.0208,2.8558,0
2023-12-20,188.71,194.11,184.53,187.56,181.48,171.25,161.97,,,172.5521,1,169.6290,1,1722,2601,7.9384,5.6043,2.3341,0
2023-12-21,194.23,194.99,188.10,194.69,184.12,173.01,162.36,,,172.5521,1,172.0298,1,2269,2550,8.4648,6.1764,2.2884,0
2023-12-22,196.83,198.28,193.77,198.28,186.93,174.93,162.86,,,173.4573,1,174.2386,1,1207,2543,9.0678,6.7547,2.3131,0
2023-12-26,196.83,199.33,195.86,196.91,189.66,177.07,163.39,,,176.2389,1,176.2707,1,2945,2572,9.3270,7.2691,2.0578,0
2023-12-27,199.74,199.74,195.18,195.37,192.26,179.15,164.26,,,176.8716,1,178.1403,1,3426,2502,9.3016,7.6756,1.6260,0
2023-12-28,196.47,197.11,190.46,192.95,193.17,180.85,165.01,,,176.8716,1,180.2999,1,1075,2460,8.9823,7.9370,1.0453,0
2023-12-29,186.75,189.35,186.75,189.09,192.40,182.40,165.85,,,176.8716,1,182.2436,1,2216,2468,8.3218,8.0139,0.3078,0
2024-01-02,189.97,192.64,189.62,192.64,192.48,183.83,166.71,,,176.8716,1,183.9929,1,2040,2463,7.9926,8.0097,-0.0170,0
2024-01-03,191.50,191.50,184.94,188.76,192.83,184.73,167.50,,,176.8716,1,199.7368,0,2290,2430,7.3341,7.8746,-0.5405,0
2024-01-04,191.00,192.07,189.02,191.23,192.75,186.02,168.38,,,176.8716,1,199.4409,0,2320,2442,6.9316,7.6860,-0.7543,0
2024-01-05,194.43,194.54,190.74,194.53,193.44,187.46,169.26,,,176.8716,1,199.1510,0,2620,2423,6.8004,7.5088,-0.7085,0
2024-01-08,194.05,196.48,191.60,194.32,193.41,188.76,170.15,,,176.8716,1,198.8669,0,3456,2426,6.6037,7.3278,-0.7241,0
2024-01-09,192.59,193.56,191.59,193.56,192.93,189.93,171.06,,,176.8716,1,198.5884,0,1791,2372,6.3139,7.1250,-0.8112,0
2024-01-10,192.59,192.99,192.09,192.76,192.52,191.09,171.96,,,177.0387,1,198.3155,0,4142,2419,5.9512,6.8903,-0.9390,0
2024-01-11,192.59,192.59,190.56,191.26,192.11,192.18,172.86,,,177.0387,1,198.0481,0,3087,2432,5.4790,6.6080,-1.1290,0
2024-01-12,189.09,191.17,186.70,191.17,191.93,192.55,173.80,,,177.0387,1,197.7860,0,3066,2441,5.0396,6.2943,-1.2547,0
2024-01-16,190.59,192.14,185.98,185.98,191.62,192.01,174.61,,,177.0387,1,197.5292,0,3996,2473,4.2236,5.8802,-1.6566,0
2024-01-17,183.48,185.08,182.73,183.34,190.69,191.59,175.22,,,177.0387,1,197.2775,0,2432,2389,3.3258,5.3693,-2.0435,0
2024-01-18,185.30,187.33,179.94,181.10,189.92,191.38,175.66,,,177.0387,1,196.6955,0,2960,2403,2.4061,4.7767,-2.3706,0
2024-01-19,183.17,183.87,175.97,182.85,189.09,190.92,176.10,,,177.0387,1,195.6904,0,3948,2430,1.7978,4.1809,-2.3831,0
2024-01-22,175.08,177.99,159.52,175.38,187.17,190.31,176.41,,,190.1829,0,194.1125,0,9538,2594,0.7047,3.4857,-2.7809,0
2024-01-23,179.50,183.84,177.99,182.97,186.04,189.72,176.92,,,190.1829,0,190.6532,0,1919,2610,0.4456,2.8776,-2.4321,0
2024-01-24,186.12,186.72,182.95,186.18,185.30,189.12,177.58,,,190.1829,0,187.5397,0,1378,2630,0.4935,2.4008,-1.9073,0
2024-01-25,189.68,189.68,180.82,181.84,184.21,188.36,178.12,,,190.1829,0,159.5187,1,2692,2666,0.1794,1.9565,-1.7772,0
2024-01-26,182.14,184.33,180.55,184.33,183.51,187.81,178.70,,,190.1829,0,160.1220,1,1421,2674,0.1299,1.5912,-1.4613,0
2024-01-29,183.85,186.46,183.06,186.46,183.04,187.49,179.12,,,190.1829,0,160.7132,1,4275,2628,0.2595,1.3249,-1.0654,0
2024-01-30,186.66,190.73,183.85,188.61,183.31,187.46,179.59,,,190.1829,0,161.2925,1,3122,2651,0.5296,1.1658,-0.6362,0
2024-01-31,187.66,188.21,173.93,179.81,182.95,186.82,180.03,,,190.1829,0,162.4701,1,2533,2618,0.0330,0.9392,-0.9063,0
2024-02-01,181.01,182.63,169.62,174.25,182.27,186.10,180.28,,,190.1829,0,163.6006,1,5769,2674,-0.7996,0.5915,-1.3910,0
2024-02-02,171.19,177.40,171.19,171.48,181.13,185.11,180.50,,,190.1829,0,164.6858,1,3032,2703,-1.6639,0.1404,-1.8043,0
2024-02-05,168.28,171.19,165.99,165.99,180.19,183.68,180.66,,,190.1829,0,165.7277,1,3515,2759,-2.7604,-0.4398,-2.3207,0
2024-02-06,167.42,168.73,163.04,163.71,178.27,182.15,180.75,,,187.8162,0,190.7319,0,3181,2783,-3.7697,-1.1057,-2.6639,0
2024-02-07,163.29,164.47,154.36,160.59,175.71,180.50,180.76,,,182.1867,0,190.1780,0,4441,2861,-4.7665,-1.8379,-2.9286,0
2024-02-08,160.64,164.36,157.24,157.56,173.28,178.74,180.83,,,182.1867,0,188.7455,0,2819,2849,-5.7345,-2.6172,-3.1173,0
2024-02-09,157.37,161.15,146.01,161.15,170.96,177.24,180.98,,,178.4901,0,187.3702,0,6395,2922,-6.1413,-3.3220,-2.8192,0
2024-02-12,162.66,168.27,162.66,167.61,169.08,176.06,181.15,,,178.4901,0,184.8885,0,3343,2868,-5.8747,-3.8326,-2.0422,0
2024-02-13,164.13,164.13,149.99,152.92,165.51,174.41,181.05,,,178.4901,0,182.5557,0,3129,2887,-6.7706,-4.4202,-2.3504,0
2024-02-14,156.48,157.57,153.51,157.57,163.28,173.12,180.92,,,178.4901,0,180.3628,0,988,2827,-7.0244,-4.9410,-2.0834,0
2024-02-15,160.69,168.47,160.69,166.32,162.49,172.38,180.83,,,178.4901,0,178.3016,0,1368,2825,-6.4457,-5.2420,-1.2038,0
2024-02-16,162.98,165.43,159.39,159.39,161.28,171.21,180.71,,,178.4901,0,176.3640,0,983,2773,-6.4713,-5.4878,-0.9835,0
2024-02-20,160.55,161.91,159.55,160.96,160.78,170.49,180.61,,,178.4901,0,174.5426,0,1390,2741,-6.2927,-5.6488,-0.6439,0
2024-02-21,161.51,161.51,157.39,158.86,160.29,169.28,180.43,,,178.4901,0,172.8306,0,2286,2773,-6.2486,-5.7688,-0.4799,0
2024-02-22,161.87,161.87,157.34,157.90,160.03,167.87,180.18,,,178.4901,0,171.2212,0,4367,2846,-6.2189,-5.8588,-0.3601,0
2024-02-23,159.27,161.81,158.77,161.81,160.45,166.87,180.02,,,178.4901,0,169.7084,0,1497,2859,-5.8129,-5.8496,0.0367,0
2024-02-26,162.87,162.87,157.09,159.06,160.24,165.60,179.82,,,178.4901,0,168.2864,0,1848,2878,-5.6481,-5.8093,0.1612,0
2024-02-27,160.49,160.49,158.12,159.20,159.40,164.24,179.32,,,178.4901,0,166.9497,0,1817,2854,-5.4438,-5.7362,0.2924,0
2024-02-28,159.52,162.06,158.70,160.32,160.14,162.82,178.59,,,178.4901,0,165.6933,0,2093,2844,-5.1324,-5.6154,0.4830,0
2024-02-29,163.41,163.58,160.19,163.39,160.72,162.00,178.03,,,178.4901,0,164.5122,0,1142,2751,-4.5848,-5.4093,0.8245,0
2024-03-01,163.45,163.87,160.01,162.41,160.33,161.41,177.57,,,178.4901,0,146.0083,1,1686,2771,-4.1818,-5.1638,0.9820,0
2024-03-04,162.02,164.75,158.16,161.04,160.49,160.89,176.95,,,178.4901,0,146.3655,1,1225,2764,-3.9279,-4.9166,0.9887,0
2024-03-05,161.45,167.16,161.45,165.29,160.93,160.85,176.50,,,178.4901,0,147.1009,1,1597,2762,-3.3451,-4.6023,1.2572,0
2024-03-06,167.30,169.25,163.90,167.10,161.75,161.02,175.95,,,178.4901,0,148.3047,1,3659,2789,-2.7061,-4.2231,1.5170,0
2024-03-07,168.95,169.25,165.89,168.26,162.79,161.41,175.35,175.55,,178.4901,0,149.9800,1,1436,2794,-2.0814,-3.7947,1.7133,0
2024-03-08,170.71,170.71,168.18,168.27,163.43,161.94,174.78,175.24,,178.4901,0,151.5212,1,865,2752,-1.5676,-3.3493,1.7818,0
2024-03-11,168.76,170.09,163.55,163.66,163.89,162.07,174.14,174.88,,178.4901,0,153.4405,1,2574,2735,-1.5149,-2.9824,1.4676,0
2024-03-12,164.87,164.87,160.45,163.14,164.29,161.84,173.55,174.54,,178.4221,0,155.1679,1,2633,2766,-1.4982,-2.6856,1.1874,0
2024-03-13,161.57,162.43,159.52,160.27,164.28,162.21,172.97,174.19,,176.2439,0,156.7225,1,1681,2756,-1.6970,-2.4879,0.7909,0
2024-03-14,159.23,160.39,156.46,159.03,163.85,162.28,172.30,173.84,,173.3521,0,170.7142,0,3989,2795,-1.9320,-2.3767,0.4447,0
2024-03-15,157.23,165.48,157.23,160.83,163.69,162.01,171.74,173.52,,173.3521,0,170.4292,0,3390,2817,-1.9505,-2.2914,0.3410,0
2024-03-18,161.46,162.46,158.06,158.98,163.48,161.99,171.10,173.21,,173.3521,0,170.1499,0,3825,2847,-2.0902,-2.2512,0.1610,0
2024-03-19,159.36,160.57,159.01,159.16,162.87,161.90,170.39,172.94,,173.3521,0,169.8762,0,2078,2836,-2.1618,-2.2333,0.0715,0
2024-03-20,157.59,169.06,157.59,167.41,162.90,162.33,169.85,172.74,,173.3521,0,169.6080,0,3700,2841,-1.5354,-2.0937,0.5584,0
2024-03-21,169.25,169.62,165.35,166.42,162.72,162.75,169.31,172.57,,173.3521,0,156.4645,1,2139,2848,-1.1062,-1.8962,0.7900,0
2024-03-22,159.30,165.52,159.30,162.41,162.13,162.78,168.70,172.37,,173.3521,0,156.7276,1,2104,2807,-1.0770,-1.7324,0.6554,0
2024-03-25,166.77,166.77,162.45,163.41,162.11,163.00,168.14,172.16,,173.3521,0,156.9853,1,1008,2765,-0.9620,-1.5783,0.6163,0
2024-03-26,163.00,164.00,162.15,162.15,162.01,163.15,167.56,171.98,,173.3521,0,157.2379,1,1150,2727,-0.9610,-1.4548,0.4939,0
2024-03-27,164.53,169.04,162.74,169.04,162.88,163.58,167.22,171.90,,173.3521,0,157.4855,1,1912,2685,-0.3999,-1.2438,0.8440,0
2024-03-28,168.88,172.16,168.87,169.69,163.95,163.90,166.95,171.81,,173.3521,0,157.7280,1,3367,2704,0.0963,-0.9758,1.0721,0
2024-04-01,169.72,172.19,165.57,169.04,164.77,164.23,166.71,171.71,,173.3521,0,158.3055,1,2503,2695,0.4319,-0.6943,1.1262,0
2024-04-02,165.89,167.48,164.19,167.48,165.62,164.55,166.40,171.59,,173.3521,0,159.1387,1,2135,2659,0.5650,-0.4424,1.0074,0
2024-04-03,167.35,168.86,165.87,167.69,166.47,164.67,166.25,171.48,,173.3521,0,159.9219,1,2603,2520,0.6800,-0.2179,0.8979,0
2024-04-04,168.52,169.01,165.33,166.72,166.40,164.65,165.92,171.31,,173.3521,0,160.6582,1,1388,2509,0.6847,-0.0374,0.7221,0
2024-04-05,166.06,166.06,158.72,160.49,165.81,164.26,165.41,171.10,,173.3521,0,172.1927,0,3135,2545,0.1840,0.0069,0.1771,0
2024-04-08,164.38,164.66,163.03,164.66,166.04,164.08,165.07,170.92,,173.3521,0,171.9233,0,2336,2537,0.1224,0.0300,0.0925,0
2024-04-09,165.32,165.35,161.97,162.58,165.95,164.03,164.63,170.70,,173.3521,0,171.6592,0,903,2527,-0.0932,0.0053,-0.0986,0
2024-04-10,155.63,161.92,155.63,160.17,165.76,163.88,164.11,170.46,,173.3521,0,171.4005,0,6735,2576,-0.4535,-0.0864,-0.3671,0
2024-04-11,161.92,161.92,158.91,159.59,164.81,163.85,163.52,170.27,,173.3521,0,170.7696,0,7071,2655,-0.7772,-0.2246,-0.5526,0
2024-04-12,160.38,162.05,159.01,160.65,163.91,163.93,163.14,170.06,,173.3521,0,170.1639,0,3188,2668,-0.9374,-0.3671,-0.5702,0
2024-04-15,160.57,162.21,158.76,160.62,163.06,163.92,162.87,169.85,,173.3521,0,169.5825,0,3270,2618,-1.0545,-0.5046,-0.5499,0
2024-04-16,160.22,161.74,158.39,161.49,162.47,164.04,162.67,169.63,,173.3521,0,169.0243,0,3188,2622,-1.0644,-0.6166,-0.4478,0
2024-04-17,162.44,163.41,159.26,160.45,161.74,164.11,162.56,169.37,,173.3521,0,168.4884,0,5130,2654,-1.1431,-0.7219,-0.4212,0
2024-04-18,161.47,162.83,159.03,162.76,161.35,163.88,162.54,169.17,,173.3521,0,167.9740,0,6409,2718,-1.0078,-0.7791,-0.2287,0
2024-04-19,161.90,166.74,161.90,165.97,161.89,163.85,162.65,169.00,,173.3521,0,167.4802,0,5631,2742,-0.6343,-0.7501,0.1158,0
2024-04-22,165.86,169.08,164.87,168.93,162.32,164.18,162.87,168.87,,173.3521,0,155.6281,1,1042,2707,-0.0977,-0.6196,0.5219,0
2024-04-23,170.70,174.50,168.29,170.40,163.10,164.53,163.06,168.78,,173.3521,0,155.8971,1,2628,2631,0.4409,-0.4075,0.8484,0
2024-04-24,170.38,172.43,169.78,172.17,164.30,165.03,163.15,168.72,,173.3521,0,156.6411,1,2301,2610,0.9991,-0.1262,1.1253,0
2024-04-25,170.22,171.19,164.83,167.79,165.12,164.97,163.45,168.61,,173.3521,0,157.3554,1,4537,2639,1.0751,0.1141,0.9611,0
2024-04-26,170.23,170.32,167.54,168.13,165.87,164.89,163.66,168.54,,173.3521,0,158.0411,1,2040,2660,1.1496,0.3212,0.8284,0
2024-04-29,167.81,170.22,167.81,170.22,166.83,164.95,163.74,168.48,,173.3521,0,158.6994,1,1348,2659,1.3617,0.5293,0.8324,0
2024-04-30,167.11,167.11,164.28,164.28,167.11,164.79,163.83,168.36,,173.3521,0,159.3313,1,1689,2673,1.0390,0.6312,0.4078,0
2024-05-01,164.05,171.08,164.05,169.52,168.02,164.88,164.01,168.30,,173.3521,0,159.9380,1,924,2664,1.1918,0.7433,0.4484,0
2024-05-02,171.21,172.17,170.86,171.87,168.93,165.14,164.27,168.27,,173.3521,0,160.5204,1,1096,2640,1.4857,0.8918,0.5939,0
2024-05-03,172.07,173.39,172.07,173.39,169.67,165.78,164.58,168.25,,160.1327,1,161.0795,1,515,2563,1.8205,1.0775,0.7429,0
2024-05-06,176.68,177.47,175.66,177.03,170.48,166.40,164.88,168.23,,164.0048,1,161.6162,1,1179,2557,2.3517,1.3324,1.0194,0
2024-05-07,179.61,179.61,174.49,174.49,170.89,167.00,165.19,168.24,,164.2067,1,162.5677,1,1734,2555,2.5387,1.5736,0.9650,0
2024-05-08,172.78,173.22,172.03,173.22,170.99,167.65,165.47,168.29,,164.2067,1,163.9313,1,852,2535,2.5550,1.7699,0.7851,0
2024-05-09,175.12,177.19,173.27,177.19,171.93,168.53,165.81,168.37,,164.2067,1,165.1858,1,1761,2529,2.8556,1.9870,0.8685,0
2024-05-10,177.73,178.64,175.71,177.19,172.84,169.36,166.08,168.43,,165.2603,1,166.3400,1,1398,2534,3.0585,2.2013,0.8572,0
2024-05-13,177.26,179.11,176.24,177.47,173.57,170.20,166.38,168.46,,166.0982,1,167.4018,1,1418,2528,3.2045,2.4020,0.8025,0
2024-05-14,176.97,183.10,176.97,183.10,175.45,171.28,166.83,168.51,,167.7698,1,168.3787,1,900,2522,3.7317,2.6679,1.0638,0
2024-05-15,182.63,183.32,181.13,183.09,176.80,172.41,167.18,168.55,,170.5286,1,169.8505,1,1444,2519,4.1014,2.9546,1.1468,0
2024-05-16,181.60,182.06,179.85,182.06,177.82,173.38,167.48,168.60,,170.5286,1,171.4671,1,1063,2467,4.2625,3.2162,1.0463,0
2024-05-17,181.59,181.76,180.12,180.69,178.55,174.11,167.73,168.65,173.60,170.5286,1,172.8897,1,1074,2460,4.2304,3.4190,0.8114,0
2024-05-20,177.30,177.30,174.90,174.90,178.34,174.41,167.86,168.68,173.40,170.5286,1,174.1416,1,627,2455,3.6953,3.4743,0.2210,0
2024-05-21,172.81,173.46,171.56,172.80,178.17,174.53,168.04,168.82,173.17,170.5286,1,183.3220,0,655,2416,3.0665,3.3927,-0.3262,0
2024-05-22,171.41,171.41,165.29,166.53,177.50,174.25,168.11,168.89,172.93,180.8813,0,183.0868,0,1706,2398,2.0390,3.1220,-1.0830,0
2024-05-23,165.95,165.96,161.77,165.24,176.31,174.12,168.21,169.01,172.70,176.5672,0,182.3750,0,1693,2398,1.1079,2.7192,-1.6113,0
2024-05-24,164.97,167.32,164.88,167.18,175.30,174.07,168.37,169.13,172.47,176.5672,0,181.1386,0,2209,2363,0.5200,2.2793,-1.7593,0
2024-05-28,167.54,171.95,164.82,166.53,174.21,173.89,168.49,169.24,172.26,176.5672,0,179.9764,0,2423,2343,0.0021,1.8239,-1.8218,0
2024-05-29,163.02,164.97,162.04,164.73,172.37,173.91,168.60,169.36,172.06,176.5672,0,178.8839,0,1637,2299,-0.5478,1.3495,-1.8973,0
2024-05-30,165.95,167.90,165.75,165.75,170.64,173.72,168.74,169.46,171.89,176.5672,0,177.8570,0,1987,2298,-0.8906,0.9015,-1.7921,0
2024-05-31,163.64,166.82,163.21,166.82,169.12,173.47,168.72,169.57,171.74,176.5672,0,176.8917,0,6238,2348,-1.0634,0.5085,-1.5719,0
2024-06-03,169.26,169.26,164.36,166.51,167.70,173.13,168.73,169.70,171.61,176.5672,0,175.9843,0,2183,2349,-1.2115,0.1645,-1.3761,0
2024-06-04,164.38,166.46,163.99,166.46,166.86,172.60,168.81,169.82,171.48,176.5672,0,175.1313,0,1722,2342,-1.3177,-0.1319,-1.1858,0
2024-06-05,165.86,166.98,165.86,166.98,166.27,172.22,168.88,169.96,171.34,176.5672,0,174.3296,0,599,2333,-1.3446,-0.3745,-0.9701,0
2024-06-06,167.01,168.09,167.01,168.09,166.43,171.97,169.00,170.12,171.23,176.5672,0,173.5759,0,637,2323,-1.2616,-0.5519,-0.7097,0
2024-06-07,167.77,168.09,164.85,167.04,166.61,171.46,168.96,170.26,171.17,176.5672,0,172.8675,0,1027,2305,-1.2663,-0.6948,-0.5715,0
2024-06-10,167.49,168.55,164.28,167.09,166.60,170.95,168.90,170.36,171.08,176.5672,0,172.2015,0,2841,2295,-1.2516,-0.8061,-0.4455,0
2024-06-11,165.04,165.26,163.42,164.29,166.38,170.29,168.81,170.39,170.98,175.0887,0,171.5755,0,2188,2289,-1.4493,-0.9348,-0.5146,0
2024-06-12,167.61,168.45,166.39,166.82,166.59,169.48,168.80,170.43,170.89,175.0887,0,170.9871,0,803,2262,-1.3853,-1.0249,-0.3604,0
2024-06-13,165.38,165.38,163.14,164.68,166.48,168.56,168.74,170.46,170.79,175.0887,0,170.4340,0,945,2229,-1.4906,-1.1180,-0.3726,0
2024-06-14,163.31,163.31,160.09,160.98,165.89,167.51,168.62,170.49,170.64,172.9186,0,169.9141,0,1435,2230,-1.8513,-1.2647,-0.5866,0
2024-06-17,160.13,164.80,160.09,164.29,165.67,166.69,168.70,170.56,170.50,172.9186,0,169.1281,0,892,2185,-1.8488,-1.3815,-0.4673,0
2024-06-18,164.61,166.09,163.30,166.09,165.64,166.25,168.73,170.64,170.37,172.9186,0,168.4050,0,2042,2179,-1.6817,-1.4415,-0.2402,0
2024-06-20,163.63,167.88,162.59,164.19,165.36,165.82,168.76,170.70,170.22,172.9186,0,160.0895,1,2002,2201,-1.6835,-1.4899,-0.1935,0
2024-06-21,164.57,165.77,161.08,161.08,164.65,165.54,168.78,170.67,170.04,172.9186,0,160.2453,1,3564,2138,-1.9141,-1.5748,-0.3393,0
2024-06-24,162.03,167.79,162.03,165.46,164.50,165.55,168.89,170.67,169.92,172.9186,0,160.3980,1,1593,2028,-1.7233,-1.6045,-0.1188,0
2024-06-25,165.43,166.89,164.95,165.46,164.33,165.47,168.99,170.72,169.79,172.9186,0,160.5476,1,1526,1995,-1.5542,-1.5944,0.0402,0
2024-06-26,166.40,173.76,165.95,173.56,165.26,165.82,169.25,170.80,169.70,156.9830,1,160.6943,1,2738,1984,-0.7577,-1.4271,0.6694,0
2024-06-27,172.91,174.02,169.41,170.76,165.65,166.12,169.43,170.87,169.58,158.3400,1,161.2167,1,910,1939,-0.3485,-1.2114,0.8629,0.00
2024-06-28,170.83,176.20,170.83,174.61,166.65,166.56,169.72,170.98,169.46,159.8425,1,161.9849,1,4078,1918,0.2837,-0.9124,1.1960,0.00
2024-07-01,173.80,178.95,171.51,176.80,168.23,167.06,170.00,171.09,169.37,160.6960,1,163.1218,1,1884,1827,0.9501,-0.5399,1.4900,0.00
2024-07-02,180.37,181.31,178.64,181.31,169.93,167.80,170.31,171.24,169.33,165.5405,1,164.7045,1,1022,1735,1.8212,-0.0676,1.8889,0.00
2024-07-03,181.56,181.56,171.18,173.95,170.72,168.18,170.41,171.37,169.25,165.5405,1,166.6973,1,2245,1759,1.8958,0.3251,1.5708,0.00
2024-07-05,171.02,173.24,170.23,173.24,171.62,168.49,170.46,171.50,169.20,165.5405,1,168.7774,1,2485,1756,1.8758,0.6352,1.2406,0.00
2024-07-08,176.77,177.66,176.68,177.64,173.28,168.97,170.57,171.62,169.18,165.5405,1,170.2318,1,1092,1732,2.1900,0.9462,1.2438,0.00
2024-07-09,176.02,176.61,175.71,176.61,174.39,169.44,170.75,171.75,169.14,165.5405,1,170.2318,1,742,1656,2.3286,1.2227,1.1059,0.00
2024-07-10,180.48,181.17,179.61,181.17,175.97,170.15,171.01,171.86,169.15,166.0481,1,171.8170,1,947,1634,2.7751,1.5331,1.2420,0.00
2024-07-11,181.83,193.77,181.83,192.48,177.86,171.56,171.45,172.01,169.23,171.1091,1,173.1804,1,1656,1640,3.9950,2.0255,1.9695,0.00
2024-07-12,195.23,195.23,188.35,189.75,179.76,172.70,171.96,172.17,169.26,174.7058,1,176.4742,1,1283,1632,4.6872,2.5579,2.1294,0.00
2024-07-15,194.64,206.94,192.30,203.04,182.60,174.62,172.63,172.42,169.38,179.0860,1,179.8505,1,5512,1724,6.2368,3.2936,2.9431,0.00
2024-07-16,202.39,211.63,201.13,211.63,186.08,177.16,173.43,172.71,169.56,184.7481,1,185.2674,1,4683,1796,8.0649,4.2479,3.8170,0.00
2024-07-17,209.11,220.50,209.11,213.77,189.33,179.63,174.24,173.00,169.74,191.9228,1,190.5400,1,4183,1869,9.5759,5.3135,4.2624,0.00
2024-07-18,211.24,216.70,211.24,213.01,193.23,181.98,174.96,173.29,169.91,191.9228,1,196.5328,1,3339,1912,10.5899,6.3688,4.2211,0.00
2024-07-19,213.08,217.78,207.08,209.88,196.90,184.26,175.66,173.56,170.10,191.9228,1,201.3270,1,2645,1930,11.0144,7.2979,3.7165,63.95
2024-07-22,207.25,213.19,207.25,213.19,200.45,186.87,176.46,173.75,170.33,191.9228,1,205.1623,1,1747,1948,11.4855,8.1354,3.3501,64.95
2024-07-23,214.73,220.69,214.73,220.69,204.86,189.63,177.33,173.91,170.61,195.0497,1,207.0816,1,1108,1935,12.3217,8.9727,3.3490,70.23
2024-07-24,219.15,221.59,215.78,215.78,208.32,192.14,178.11,174.07,170.85,196.5448,1,207.2476,1,1835,1944,12.4447,9.6671,2.7777,71.28
2024-07-25,222.13,228.39,221.31,228.23,211.90,194.88,179.12,174.36,171.12,201.1444,1,210.1156,1,7341,2063,13.3922,10.4121,2.9801,78.82
2024-07-26,229.88,235.35,227.35,235.35,216.46,198.11,180.17,174.65,171.43,207.6102,1,213.7707,1,8655,2218,14.5503,11.2397,3.3106,80.91
2024-07-29,233.53,234.39,231.50,234.39,219.59,201.10,181.19,174.96,171.71,210.4296,1,218.0868,1,5365,2296,15.2153,12.0349,3.1805,82.27
2024-07-30,233.85,246.94,233.85,245.66,222.99,204.54,182.46,175.30,172.06,216.2039,1,221.5396,1,2334,2321,16.4616,12.9202,3.5414,87.41
2024-07-31,244.58,252.37,240.31,243.40,225.96,207.64,183.72,175.60,172.41,220.9515,1,226.6195,1,10296,2506,17.0701,13.7502,3.3199,86.24
2024-08-01,241.75,243.26,235.80,239.38,228.59,210.91,185.01,175.88,172.76,220.9515,1,231.7698,1,10542,2704,17.0322,14.4066,2.6256,87.87
2024-08-02,232.06,242.21,230.32,239.98,231.60,214.25,186.35,176.18,173.20,220.9515,1,252.3709,0,13535,2962,16.8560,14.8965,1.9595,90.67
2024-08-05,231.56,237.82,221.70,224.52,232.74,216.59,187.51,176.39,173.54,220.9515,1,251.9299,0,11516,3158,15.2923,14.9756,0.3167,87.83
2024-08-06,226.19,227.42,222.17,223.09,232.98,218.92,188.67,176.62,173.93,220.9515,1,250.7206,0,4422,3213,13.7790,14.7363,-0.9573,86.40
2024-08-07,224.55,229.03,215.09,215.12,232.91,220.62,189.63,176.77,174.25,251.1913,0,249.5597,0,7165,3312,11.8007,14.1492,-2.3485,85.51
2024-08-08,218.71,223.84,216.53,223.84,232.47,222.18,190.77,177.00,174.62,249.0200,0,247.4917,0,6999,3403,10.8120,13.4817,-2.6698,86.63
2024-08-09,222.32,222.95,209.50,219.24,230.86,223.66,191.86,177.19,174.99,246.4792,0,245.5477,0,8468,3540,9.5472,12.6948,-3.1477,83.18
2024-08-12,219.77,226.57,216.78,222.08,229.63,224.61,192.99,177.37,175.34,246.4792,0,242.6641,0,8577,3672,8.6738,11.8906,-3.2168,85.12
2024-08-13,223.59,223.59,218.16,219.56,227.02,225.01,194.04,177.54,175.69,246.4792,0,240.0113,0,2468,3596,7.6901,11.0505,-3.3604,82.87
2024-08-14,219.23,221.19,218.58,220.09,224.69,225.32,195.12,177.72,176.05,246.4792,0,237.5706,0,1664,3586,6.8739,10.2152,-3.3413,83.37
2024-08-15,226.61,231.91,225.87,230.54,223.81,226.20,196.40,177.97,176.47,246.4792,0,235.3252,0,3180,3615,6.9891,9.5700,-2.5809,86.59
2024-08-16,231.31,234.90,231.31,233.13,223.12,227.36,197.72,178.25,176.90,246.4792,0,209.5033,1,1477,3633,7.2066,9.0973,-1.8907,88.53
2024-08-19,233.13,237.43,232.19,237.43,224.41,228.57,199.11,178.56,177.37,246.4792,0,210.0112,1,4755,3715,7.6377,8.8054,-1.1677,89.70
2024-08-20,232.93,234.41,232.62,233.20,225.42,229.20,200.43,178.87,177.80,246.4792,0,211.1078,1,2621,3747,7.5511,8.5545,-1.0034,89.08
2024-08-21,232.93,236.62,232.47,236.62,227.57,230.24,201.82,179.23,178.22,246.4792,0,212.1606,1,4038,3771,7.6704,8.3777,-0.7073,89.50
2024-08-22,238.36,238.36,234.70,234.93,228.68,230.58,203.23,179.58,178.60,246.4792,0,213.1712,1,2952,3786,7.5415,8.2105,-0.6690,88.80
2024-08-23,237.87,255.44,237.87,250.97,231.86,231.36,204.92,180.04,179.05,221.0052,1,214.6823,1,5411,3878,8.6341,8.2952,0.3389,91.06
2024-08-26,252.03,254.47,250.06,250.56,234.70,232.17,206.63,180.54,179.51,227.8570,1,217.9432,1,5479,3969,9.3590,8.5080,0.8510,91.37
2024-08-27,246.76,250.34,245.85,249.56,237.70,232.36,208.41,180.98,179.97,227.8570,1,220.9433,1,8313,4106,9.7406,8.7545,0.9861,90.78
2024-08-28,252.45,254.36,250.34,254.06,241.10,232.90,210.20,181.44,180.47,229.8676,1,223.7033,1,1454,4118,10.2878,9.0611,1.2266,92.07
2024-08-29,254.47,254.47,248.58,249.79,243.03,233.42,211.88,181.89,180.95,229.8676,1,226.2426,1,5615,4189,10.2580,9.3005,0.9575,91.30
2024-08-30,246.84,252.24,246.18,251.50,244.86,233.99,213.62,182.34,181.43,229.8676,1,228.5787,1,3135,4212,10.2544,9.4913,0.7631,90.83
2024-09-03,247.79,252.13,246.29,249.29,246.05,235.23,215.39,182.76,181.85,229.8676,1,230.7279,1,10367,4348,9.9583,9.5847,0.3736,93.04
2024-09-04,250.62,250.91,245.08,245.08,247.24,236.33,216.98,183.13,182.25,229.8676,1,232.7052,1,6436,4445,9.2771,9.5232,-0.2461,91.57
2024-09-05,244.83,246.27,241.83,244.28,248.00,237.79,218.55,183.56,182.68,229.8676,1,234.5243,1,7787,4570,8.5737,9.3333,-0.7596,90.95
2024-09-06,246.47,246.47,236.84,238.38,248.35,238.51,219.85,183.99,183.06,229.8676,1,236.1979,1,2655,4568,7.4540,8.9574,-1.5034,90.91
2024-09-09,237.82,243.69,237.08,237.08,246.96,239.41,221.18,184.43,183.45,229.8676,1,236.8387,1,8600,4722,6.3888,8.4437,-2.0549,90.10
2024-09-10,239.00,239.00,231.64,235.86,245.49,240.10,222.40,184.89,183.83,229.8676,1,255.4441,0,3470,4710,5.3839,7.8317,-2.4479,89.71
2024-09-11,232.93,233.03,229.01,231.47,243.68,240.69,223.50,185.34,184.19,229.8676,1,254.9680,0,5108,4774,4.1846,7.1023,-2.9177,88.28
2024-09-12,232.79,232.79,230.27,231.47,241.42,241.26,224.50,185.82,184.55,229.8676,1,253.9297,0,2105,4796,3.1973,6.3213,-3.1240,86.39
2024-09-13,235.85,236.20,233.19,235.64,240.00,241.51,225.73,186.34,184.96,229.8676,1,252.9329,0,2215,4795,2.7207,5.6012,-2.8805,86.23
2024-09-16,237.69,237.69,235.04,237.00,238.55,241.71,227.01,186.84,185.38,229.8676,1,251.9759,0,3293,4812,2.4241,4.9658,-2.5417,86.00
2024-09-17,237.28,246.51,237.28,244.24,238.05,242.05,228.34,187.35,185.80,229.8676,1,251.0572,0,11579,5021,2.7418,4.5210,-1.7792,89.10
2024-09-18,244.21,252.80,239.43,246.89,238.23,242.73,229.75,187.98,186.25,229.8676,1,229.0090,1,7013,5147,3.1710,4.2510,-1.0799,90.65
2024-09-19,250.15,254.27,249.72,254.27,239.23,243.62,231.21,188.63,186.70,230.7773,1,229.4849,1,3845,5205,4.0599,4.2128,-0.1529,90.31
2024-09-20,252.89,252.89,247.37,248.20,240.21,244.28,232.32,189.17,187.09,230.7773,1,230.4763,1,14202,5456,4.2260,4.2154,0.0105,88.56
2024-09-23,249.18,249.18,242.45,243.57,240.86,243.91,233.40,189.73,187.48,230.7773,1,231.4280,1,7068,5571,3.9386,4.1601,-0.2214,84.89
2024-09-24,243.08,243.08,237.34,237.34,241.01,243.25,234.08,190.24,187.83,230.7773,1,232.3417,1,5359,5568,3.1713,3.9623,-0.7910,82.53
2024-09-25,234.85,235.69,233.69,233.69,241.23,242.45,234.53,190.74,188.16,230.7773,1,233.2188,1,1934,5513,2.2427,3.6184,-1.3757,80.44
2024-09-26,235.50,235.50,230.81,231.85,241.27,241.34,234.89,191.23,188.47,230.7773,1,254.2696,0,3956,5509,1.3429,3.1633,-1.8204,77.75
2024-09-27,232.31,232.95,229.77,230.76,240.78,240.39,235.24,191.69,188.78,249.6566,0,253.8004,0,1533,5473,0.5359,2.6378,-2.1019,76.16
2024-09-30,230.21,238.16,230.21,238.13,240.89,239.72,235.81,192.22,189.12,249.6566,0,252.8393,0,2725,5474,0.4855,2.2073,-1.7219,82.77
2024-10-01,237.33,237.33,228.61,228.61,239.33,238.69,236.12,192.68,189.34,249.6566,0,251.9166,0,2453,5488,-0.3192,1.7020,-2.0213,82.54
2024-10-02,227.33,227.44,227.33,227.44,237.39,237.81,236.25,193.13,189.50,245.6075,0,250.5181,0,1115,5489,-1.0390,1.1538,-2.1928,80.22
2024-10-03,225.25,225.25,223.54,223.54,234.31,236.77,236.41,193.53,189.66,241.9667,0,248.6627,0,1485,5482,-1.9026,0.5426,-2.4451,80.49
2024-10-04,226.92,228.49,226.92,227.10,232.20,236.21,236.38,193.96,189.86,241.9667,0,246.1502,0,1555,5366,-2.2733,-0.0206,-2.2527,78.25
2024-10-07,225.40,227.06,224.14,226.57,230.50,235.68,236.21,194.40,190.04,241.9667,0,243.8890,0,4074,5274,-2.5800,-0.5325,-2.0475,77.41
2024-10-08,227.37,233.91,226.61,233.91,230.16,235.58,236.20,194.86,190.27,241.9667,0,241.8539,0,3489,5237,-2.2053,-0.8671,-1.3383,82.66
2024-10-09,232.16,236.85,232.16,234.89,230.28,235.76,235.98,195.31,190.47,241.9667,0,240.0223,0,4608,5282,-1.8086,-1.0554,-0.7532,80.73
2024-10-10,233.59,234.72,231.62,234.72,230.57,235.92,235.81,195.75,190.65,241.9667,0,238.3739,0,1559,5107,-1.4904,-1.1424,-0.3480,78.57
2024-10-11,236.09,246.30,236.09,246.18,232.11,236.44,235.94,196.27,190.90,223.2987,1,223.5381,1,2440,4945,-0.3107,-0.9760,0.6654,81.04
2024-10-14,246.64,256.94,245.86,252.54,233.55,237.22,236.20,196.86,191.18,231.9681,1,223.9934,1,5857,4792,1.1246,-0.5559,1.6805,82.86
2024-10-15,250.39,265.31,250.39,256.08,236.30,237.81,236.83,197.48,191.50,235.8866,1,225.3113,1,5809,4678,2.5190,0.0591,2.4599,85.02
2024-10-16,259.65,264.25,259.14,263.22,239.88,238.63,237.63,198.17,191.87,239.4777,1,227.7112,1,4626,4682,4.1527,0.8778,3.2749,86.26
2024-10-17,263.08,263.93,259.90,263.93,243.91,239.11,238.61,198.87,192.23,240.7054,1,229.9671,1,4881,4636,5.4415,1.7905,3.6510,86.18
2024-10-18,263.85,263.85,254.82,255.59,246.76,239.48,239.24,199.50,192.56,240.7054,1,232.0876,1,2873,4554,5.7241,2.5772,3.1468,82.51
2024-10-21,253.55,254.43,250.04,250.80,249.19,239.84,239.87,200.11,192.86,240.7054,1,234.0809,1,4408,4472,5.4976,3.1613,2.3363,79.92
2024-10-22,251.70,256.83,251.70,256.83,251.48,240.82,240.57,200.76,193.17,240.7054,1,235.9546,1,1968,4340,5.7393,3.6769,2.0624,83.40
2024-10-23,254.56,257.64,253.10,257.64,253.75,242.02,241.33,201.37,193.49,240.7054,1,237.7159,1,2185,4335,5.9273,4.1270,1.8003,83.90
2024-10-24,257.22,257.22,253.54,255.25,255.81,243.19,242.03,201.96,193.80,240.7054,1,239.3716,1,1956,4340,5.8165,4.4649,1.3516,81.74
2024-10-25,255.85,256.82,246.60,247.01,255.89,244.00,242.36,202.52,194.07,240.7054,1,240.9278,1,4240,4362,5.0060,4.5731,0.4329,80.69
2024-10-28,247.87,258.36,247.87,257.68,256.40,244.98,242.85,203.15,194.40,240.7054,1,242.3907,1,4291,4418,5.1650,4.6915,0.4735,83.56
2024-10-29,258.77,258.77,254.47,255.67,256.36,246.33,243.22,203.77,194.72,240.7054,1,243.7659,1,1672,4356,5.0707,4.7673,0.3033,81.70
2024-10-30,253.56,258.38,253.56,255.89,255.63,247.75,243.67,204.35,195.07,240.7054,1,245.0585,1,1856,4341,4.9569,4.8053,0.1517,81.90
2024-10-31,256.35,256.88,248.12,248.12,254.05,248.98,243.90,204.88,195.39,240.7054,1,246.2735,1,3524,4331,4.1914,4.6825,-0.4911,82.28
2024-11-01,248.22,248.59,246.91,248.59,253.35,250.06,244.17,205.41,195.73,240.7054,1,265.3095,0,1880,4309,3.5813,4.4623,-0.8809,83.60
2024-11-04,247.25,247.25,245.33,245.40,252.81,251.00,244.06,205.93,196.04,240.7054,1,264.9415,0,1701,4235,2.8082,4.1314,-1.3233,80.67
2024-11-05,246.20,254.96,246.20,254.96,252.62,252.05,244.15,206.51,196.44,240.7054,1,264.1569,0,1481,4155,2.9328,3.8917,-0.9589,83.99
2024-11-06,270.34,292.38,270.34,289.43,255.80,254.78,244.95,207.33,196.97,252.6405,1,245.3259,1,11741,4224,5.7465,4.2627,1.4838,89.82
2024-11-07,279.68,286.20,272.46,275.23,257.80,256.80,245.37,208.09,197.42,252.6405,1,246.1991,1,4881,4292,6.7530,4.7607,1.9923,86.73
2024-11-08,279.04,284.58,278.79,284.58,261.56,258.72,246.07,208.89,197.93,252.6405,1,247.1227,1,1508,4210,8.2105,5.4507,2.7598,88.62
2024-11-11,293.87,293.87,286.48,293.14,265.10,260.75,246.90,209.76,198.48,259.8044,1,248.0279,1,6065,4269,9.9413,6.3488,3.5925,89.59
2024-11-12,293.14,294.34,282.66,284.53,267.99,262.17,247.61,210.59,198.97,259.8044,1,249.8617,1,10005,4261,10.4977,7.1786,3.3191,88.82
2024-11-13,288.06,289.03,278.84,279.65,270.36,263.00,248.30,211.39,199.42,259.8044,1,252.5306,1,3021,4193,10.4242,7.8277,2.5965,88.55
2024-11-14,277.81,283.06,271.82,273.03,272.85,263.45,248.87,212.14,199.89,259.8044,1,255.0394,1,5287,4143,9.7203,8.2062,1.5140,87.55
2024-11-15,275.37,275.37,264.91,268.77,274.87,264.11,249.48,212.86,200.36,259.8044,1,257.3977,1,3616,4162,8.7175,8.3085,0.4090,86.86
2024-11-18,271.77,271.77,264.40,265.45,276.88,264.84,250.05,213.55,200.83,259.8044,1,259.6145,1,2219,4035,7.5680,8.1604,-0.5924,85.51
2024-11-19,261.26,264.07,260.47,264.07,277.79,265.20,250.61,214.24,201.32,259.8044,1,294.3439,0,1803,4001,6.4708,7.8225,-1.3517,84.00
2024-11-20,260.03,262.79,257.68,262.79,275.12,265.46,251.24,214.91,201.82,259.8044,1,293.6663,0,3616,3971,5.4357,7.3451,-1.9094,82.65
2024-11-21,268.55,270.80,267.79,269.32,274.53,266.17,251.99,215.60,202.36,259.8044,1,292.2268,0,3239,3994,5.0840,6.8929,-1.8089,83.11
2024-11-22,268.54,280.10,268.54,280.10,274.08,267.82,252.88,216.34,202.97,259.8044,1,290.8449,0,1599,3982,5.6099,6.6363,-1.0264,84.62
2024-11-25,293.31,293.31,279.78,279.78,272.75,268.93,253.74,217.07,203.57,259.8044,1,257.6785,1,3165,3979,5.9330,6.4956,-0.5627,84.35
2024-11-26,279.58,279.58,273.74,279.00,272.20,270.09,254.43,217.78,204.12,259.8044,1,258.3912,1,2531,3798,6.0559,6.4077,-0.3518,85.16
2024-11-27,280.04,280.32,277.21,277.21,271.95,271.16,255.04,218.51,204.75,259.8044,1,259.0897,1,1130,3681,5.9407,6.3143,-0.3736,82.27
2024-11-29,276.19,282.29,276.19,277.92,272.44,272.65,255.51,219.24,205.35,259.8044,1,259.7742,1,2153,3647,5.8391,6.2192,-0.3802,82.27
2024-12-02,274.06,281.86,273.69,281.01,273.67,274.27,256.17,219.98,205.92,259.8044,1,260.4449,1,3666,3436,5.9395,6.1633,-0.2238,83.62
2024-12-03,278.66,282.17,273.12,273.74,274.49,275.69,256.77,220.71,206.49,259.8044,1,261.1023,1,4548,3386,5.3705,6.0047,-0.6342,82.03
2024-12-04,271.85,279.03,271.85,279.03,275.99,276.89,257.61,221.44,207.08,259.8044,1,261.7466,1,3242,3343,5.2854,5.8609,-0.5755,84.04
2024-12-05,276.03,278.35,272.30,273.32,277.04,276.08,258.40,222.12,207.66,259.8044,1,262.3779,1,3343,3372,4.7029,5.6293,-0.9263,82.96
2024-12-06,275.18,280.38,274.19,276.00,277.71,276.12,259.28,222.80,208.25,259.8044,1,262.9966,1,2869,3350,4.4067,5.3848,-0.9781,82.96
2024-12-09,277.08,279.14,269.04,269.04,276.60,275.34,260.05,223.42,208.78,259.8044,1,263.6030,1,2523,3370,3.5694,5.0217,-1.4523,82.07
2024-12-10,269.19,279.04,268.15,275.70,276.20,274.47,260.80,224.09,209.37,259.8044,1,264.1972,1,4805,3411,3.4042,4.6982,-1.2940,84.74
2024-12-11,275.02,280.61,273.84,276.97,275.99,274.09,261.77,224.78,209.95,259.8044,1,264.7795,1,6097,3484,3.3370,4.4260,-1.0890,84.27
2024-12-12,277.24,277.57,272.45,274.82,275.75,273.85,262.71,225.43,210.53,259.8044,1,265.3502,1,1905,3500,3.0748,4.1557,-1.0809,85.01
2024-12-13,275.69,276.25,271.31,271.48,275.11,273.78,263.67,226.06,211.07,259.8044,1,265.9095,1,2075,3512,2.5683,3.8382,-1.2699,83.13
2024-12-16,271.42,271.42,268.36,268.36,273.85,273.76,264.50,226.67,211.60,259.8044,1,266.4575,1,2352,3528,1.8933,3.4493,-1.5560,80.47
2024-12-17,262.23,265.05,262.23,265.05,272.98,273.74,265.27,227.21,212.12,259.8044,1,293.3137,0,1810,3482,1.0783,2.9751,-1.8967,79.39
2024-12-18,265.73,266.29,245.29,247.51,269.83,272.91,265.54,227.64,212.53,281.4577,0,292.6921,0,1917,3451,-0.9711,2.1858,-3.1570,77.54
2024-12-19,245.29,246.75,243.83,243.83,266.88,271.96,265.72,228.06,212.91,269.4965,0,290.7959,0,1864,3396,-2.8593,1.1768,-4.0361,76.34
2024-12-20,242.15,255.60,242.15,253.55,264.63,271.17,266.10,228.54,213.34,269.4965,0,287.9782,0,4341,3452,-3.5311,0.2352,-3.7664,79.35
2024-12-23,250.95,250.95,243.60,244.91,262.22,269.41,266.07,229.01,213.72,269.4965,0,284.3117,0,1797,3439,-4.7060,-0.7530,-3.9530,76.69
2024-12-24,249.69,251.72,249.69,251.72,259.82,268.01,266.05,229.53,214.16,269.4965,0,280.9385,0,718,3336,-5.0297,-1.6084,-3.4214,79.35
2024-12-26,252.80,252.80,247.13,252.24,257.35,266.67,265.98,230.11,214.61,269.4965,0,277.8352,0,848,3237,-5.1846,-2.3236,-2.8610,78.23
2024-12-27,250.73,250.94,245.64,248.35,254.70,265.23,265.68,230.66,215.05,269.4965,0,274.9801,0,1519,3175,-5.5575,-2.9704,-2.5871,78.42
2024-12-30,247.43,249.70,246.96,249.70,252.52,263.82,265.40,231.21,215.50,269.4965,0,272.3535,0,1425,3106,-5.6783,-3.5120,-2.1664,80.20
2024-12-31,247.55,249.35,245.29,249.35,250.62,262.23,265.27,231.76,215.94,269.0505,0,269.9370,0,1703,3082,-5.7365,-3.9569,-1.7796,80.16
2025-01-02,250.85,251.66,244.06,244.06,248.52,260.75,265.14,232.29,216.37,269.0505,0,267.7138,0,1816,3030,-6.1385,-4.3932,-1.7453,77.65
2025-01-03,243.86,252.06,243.86,252.06,248.98,259.40,265.04,232.87,216.83,269.0505,0,265.6684,0,2132,3034,-5.7457,-4.6637,-1.0820,79.55
2025-01-06,250.83,252.78,249.65,249.65,249.56,258.22,264.88,233.42,217.24,269.0505,0,263.7867,0,3503,3060,-5.5646,-4.8439,-0.7208,77.47
2025-01-07,243.92,246.58,241.75,246.58,248.86,256.75,264.71,233.95,217.65,265.2927,0,262.0555,0,6844,3158,-5.6042,-4.9960,-0.6082,75.15
2025-01-08,246.58,248.05,242.11,242.94,248.66,255.44,264.63,234.46,218.05,265.2927,0,260.0249,0,8349,3240,-5.8616,-5.1691,-0.6925,71.73
2025-01-10,235.66,235.66,226.32,228.22,246.31,253.07,264.04,234.87,218.37,254.6940,0,258.1973,0,5407,3262,-7.1703,-5.5693,-1.6009,63.62
2025-01-13,227.94,228.46,224.25,228.46,243.94,250.64,263.49,235.27,218.70,248.9538,0,254.3716,0,3949,3308,-8.0950,-6.0745,-2.0206,61.80
2025-01-14,231.54,239.29,230.36,234.09,242.51,248.61,263.06,235.72,219.03,248.9538,0,250.1548,0,3332,3337,-8.2785,-6.5153,-1.7632,62.30
2025-01-15,236.46,241.92,236.46,238.03,241.34,246.93,262.85,236.19,219.37,248.9538,0,246.5283,0,3049,3328,-8.0133,-6.8149,-1.1984,60.68
2025-01-16,231.78,236.23,231.78,236.23,240.03,245.33,262.61,236.67,219.71,248.9538,0,243.4095,0,2306,3336,-7.8578,-7.0234,-0.8343,60.33
2025-01-17,237.65,242.27,234.48,237.82,239.41,243.97,262.46,237.15,220.06,248.9538,0,224.2513,1,3240,3367,-7.5192,-7.1226,-0.3966,62.39
2025-01-21,245.89,250.81,245.89,249.53,239.16,244.07,262.35,237.71,220.47,223.6429,1,224.6117,1,4592,3429,-6.2347,-6.9450,0.7104,68.98
2025-01-22,245.90,251.56,245.90,249.87,239.18,244.37,261.56,238.30,220.88,224.7975,1,225.6595,1,3430,3263,-5.1297,-6.5820,1.4522,68.75
2025-01-23,250.71,252.19,248.41,250.61,239.58,244.22,261.06,238.88,221.33,227.6237,1,227.2139,1,3669,3239,-4.1467,-6.0949,1.9482,67.56
2025-01-24,248.90,254.40,248.90,253.08,240.60,244.63,260.43,239.46,221.78,229.5895,1,229.2123,1,2316,3255,-3.1324,-5.5024,2.3700,69.80
2025-01-27,253.46,257.40,251.30,252.77,243.05,244.68,259.63,240.05,222.23,232.6658,1,231.7308,1,1696,3168,-2.3263,-4.8672,2.5409,72.65
2025-01-28,253.87,255.13,249.94,253.35,245.54,244.74,259.00,240.66,222.69,232.6658,1,234.8108,1,2138,3010,-1.6227,-4.2183,2.5956,69.94
2025-01-29,254.64,254.70,249.17,254.70,247.60,245.06,258.50,241.26,223.17,232.6658,1,237.5212,1,3807,3026,-0.9447,-3.5636,2.6189,71.71
2025-01-30,253.35,257.10,253.35,255.23,249.32,245.33,258.15,241.86,223.64,235.5458,1,239.9063,1,2543,2971,-0.3604,-2.9229,2.5626,73.05
2025-01-31,255.74,255.74,250.81,251.05,250.80,245.42,257.79,242.37,224.09,235.5458,1,242.0052,1,2297,2945,-0.2319,-2.3847,2.1528,72.56
2025-02-03,245.64,248.74,237.69,244.76,251.50,245.45,257.38,242.87,224.51,235.5458,1,257.3973,0,3359,2968,-0.6308,-2.0339,1.4032,68.18
2025-02-04,248.00,253.07,247.62,249.65,251.51,245.33,257.09,243.37,224.96,235.5458,1,257.0031,0,3071,2993,-0.5461,-1.7364,1.1902,71.60
2025-02-05,249.82,258.29,249.82,258.29,252.35,245.76,257.00,243.91,225.43,235.5458,1,237.6868,1,2495,2970,0.2161,-1.3459,1.5620,73.06
2025-02-06,255.94,259.66,255.73,259.66,253.25,246.42,256.81,244.43,225.90,236.6426,1,238.0989,1,2508,2956,0.9198,-0.8927,1.8126,71.72
2025-02-07,255.52,260.52,251.79,258.37,253.78,247.19,256.37,245.00,226.35,236.6426,1,238.9613,1,3152,2987,1.3580,-0.4426,1.8006,75.40
2025-02-10,258.68,262.90,257.99,260.64,254.57,248.81,255.99,245.58,226.80,239.5606,1,240.2551,1,3684,2997,1.8670,0.0193,1.8477,74.79
2025-02-11,255.88,271.90,255.88,271.90,256.43,250.98,255.85,246.21,227.30,240.2943,1,242.0663,1,4700,3041,3.1429,0.6440,2.4989,80.51
2025-02-12,264.56,268.02,254.59,267.33,257.69,252.64,255.65,246.81,227.80,240.2943,1,245.0502,1,5789,3134,3.7419,1.2636,2.4783,80.86
2025-02-13,270.04,272.85,267.26,272.85,259.45,254.39,255.55,247.42,228.32,244.5903,1,247.7357,1,1276,3116,4.6087,1.9326,2.6761,81.89
2025-02-14,274.08,276.98,268.93,271.00,261.45,256.12,255.35,247.95,228.82,247.6246,1,250.7493,1,2094,3085,5.0878,2.5637,2.5241,80.40
2025-02-18,269.42,272.94,263.53,267.55,263.72,257.61,255.23,248.47,229.34,247.6246,1,254.4215,1,6175,3117,5.1298,3.0769,2.0529,79.51
2025-02-19,264.68,269.13,263.30,267.72,265.53,258.52,255.00,248.90,229.83,247.6246,1,257.5797,1,3702,3127,5.1183,3.4852,1.6332,80.13
2025-02-20,267.53,268.29,264.58,266.12,266.32,259.33,254.86,249.26,230.30,247.6246,1,260.2957,1,6683,3193,4.9231,3.7728,1.1504,80.32
2025-02-21,269.18,269.18,256.55,256.67,266.02,259.64,254.47,249.55,230.72,247.6246,1,276.9799,0,3523,3207,3.9601,3.8102,0.1499,79.32
2025-02-24,258.23,258.23,252.55,252.55,265.43,259.61,254.14,249.81,231.10,247.6246,1,276.5713,0,5444,3265,2.8317,3.6145,-0.7828,77.59
2025-02-25,254.77,257.58,252.30,255.85,264.95,259.76,253.74,250.12,231.50,247.6246,1,275.6104,0,6529,3299,2.1790,3.3274,-1.1484,79.02
2025-02-26,250.95,254.25,249.83,254.25,263.19,259.81,253.29,250.39,231.91,247.6246,1,274.2119,0,3283,3243,1.5149,2.9649,-1.4500,79.06
2025-02-27,253.51,254.03,251.65,253.76,261.83,259.76,252.87,250.61,232.29,247.6246,1,272.2617,0,2503,3255,0.9381,2.5596,-1.6215,79.71
2025-02-28,258.14,258.14,253.43,255.44,260.09,259.77,252.55,250.88,232.68,247.6246,1,270.4674,0,2545,3264,0.6097,2.1696,-1.5599,79.79
2025-03-03,255.94,255.94,247.86,252.33,258.22,259.84,252.23,251.04,233.06,247.6246,1,268.8167,0,7491,3367,0.0975,1.7552,-1.6577,80.17
2025-03-04,242.61,247.95,241.96,243.52,255.82,259.77,251.79,251.09,233.36,266.8877,0,266.7207,0,3442,3400,-1.0080,1.2025,-2.2105,76.87
2025-03-05,239.50,239.50,233.85,238.02,252.85,259.19,251.60,251.11,233.63,259.3179,0,263.7489,0,3146,3424,-2.3011,0.5018,-2.8029,73.72
2025-03-06,236.05,236.79,231.38,236.79,249.92,258.12,251.46,251.06,233.91,256.4584,0,259.5632,0,4719,3482,-3.3862,-0.2758,-3.1104,76.14
2025-03-07,233.04,236.86,230.15,236.86,247.94,256.98,251.13,251.01,234.19,255.6533,0,255.0542,0,2480,3444,-4.1922,-1.0591,-3.1331,75.88
2025-03-10,235.33,235.33,228.05,231.33,245.82,255.62,250.86,250.96,234.47,254.2629,0,250.5719,0,5033,3509,-5.2168,-1.8906,-3.3262,75.78
2025-03-11,228.31,233.51,226.71,230.17,243.25,254.10,250.43,250.89,234.76,252.4656,0,246.0671,0,6459,3624,-6.0528,-2.7230,-3.3297,76.43
2025-03-12,230.15,235.87,229.81,234.24,241.25,252.22,250.07,250.96,235.10,252.4656,0,242.1957,0,5287,3713,-6.3139,-3.4412,-2.8727,77.77
2025-03-13,235.37,238.02,228.86,229.46,238.82,250.32,249.69,251.00,235.42,252.4656,0,239.0986,0,3010,3742,-6.8278,-4.1185,-2.7093,76.26
2025-03-14,232.74,233.10,229.89,231.23,236.40,248.24,249.32,251.11,235.74,252.4656,0,238.0212,0,2327,3761,-7.0115,-4.6971,-2.3143,71.28
2025-03-17,230.89,233.29,228.65,232.79,234.44,246.33,248.99,251.17,236.07,251.5631,0,238.0212,0,2722,3781,-6.9515,-5.1480,-1.8035,69.94
2025-03-18,229.96,230.15,229.05,229.56,233.05,244.43,248.70,251.24,236.39,249.2578,0,235.7590,0,1797,3781,-7.0826,-5.5349,-1.5477,66.15
2025-03-19,230.43,233.54,226.71,232.52,232.50,242.67,248.31,251.31,236.73,249.2578,0,233.9492,0,9504,3928,-6.8684,-5.8016,-1.0668,68.83
2025-03-20,232.23,233.63,231.14,233.10,232.13,241.02,247.98,251.40,237.06,249.2578,0,226.7102,1,5143,3961,-6.5761,-5.9565,-0.6196,71.97
2025-03-21,230.61,232.02,229.30,230.89,231.53,239.73,247.66,251.47,237.38,248.4635,0,226.7102,1,5704,3938,-6.4486,-6.0549,-0.3937,71.63
2025-03-24,232.53,235.66,232.53,235.66,231.96,238.89,247.52,251.50,237.73,248.4635,0,226.8487,1,1797,3807,-5.8948,-6.0229,0.1281,72.48
2025-03-25,235.96,235.96,231.38,233.76,232.32,237.79,247.63,251.51,238.06,248.4635,0,227.2012,1,3375,3766,-5.5451,-5.9273,0.3823,74.36
2025-03-26,233.26,242.64,233.26,239.66,232.87,237.06,247.85,251.52,238.42,248.4635,0,227.7265,1,6506,3817,-4.7371,-5.6893,0.9522,77.84
2025-03-27,240.24,241.39,238.02,240.18,233.94,236.38,247.98,251.57,238.78,248.4635,0,228.9199,1,4811,3847,-4.0086,-5.3532,1.3446,78.85
2025-03-28,235.52,237.08,235.52,236.06,234.42,235.41,247.94,251.56,239.13,248.4635,0,230.0178,1,2760,3841,-3.7208,-5.0267,1.3059,78.74
2025-03-31,234.06,238.12,231.53,233.89,234.53,234.49,247.89,251.56,239.48,248.4635,0,231.0279,1,5850,3912,-3.6264,-4.7466,1.1202,75.46
2025-04-01,231.53,234.92,227.90,232.35,234.81,233.93,247.78,251.43,239.80,248.4635,0,242.6439,0,6118,3970,-3.6342,-4.5241,0.8899,71.90
2025-04-02,233.49,237.32,233.49,237.32,235.29,233.89,247.54,251.34,240.17,248.4635,0,242.3490,0,2485,3928,-3.2020,-4.2597,1.0577,75.61
2025-04-03,226.22,226.38,218.72,218.92,233.87,233.00,246.92,251.14,240.46,243.8022,0,242.0600,0,5231,3964,-4.2948,-4.2667,-0.0281,64.82
2025-04-04,211.47,221.30,209.91,216.75,232.46,231.99,246.24,250.89,240.72,238.1499,0,241.1266,0,3856,3967,-5.2755,-4.4685,-0.8070,71.06
2025-04-07,207.53,224.01,207.52,218.60,230.75,231.36,245.55,250.68,240.98,238.1499,0,239.2536,0,3045,3982,-5.8362,-4.7420,-1.0942,73.60
2025-04-08,229.43,229.43,218.16,218.16,229.19,230.76,244.86,250.46,241.25,238.1499,0,236.7150,0,2085,3990,-6.2435,-5.0423,-1.2012,75.32
2025-04-09,216.15,236.24,210.56,234.33,228.66,230.76,244.48,250.36,241.62,238.1499,0,207.5210,1,3383,4015,-5.2016,-5.0742,-0.1274,78.38
2025-04-10,223.45,223.45,214.18,215.34,226.17,230.05,243.69,250.16,241.87,238.1499,0,208.0954,1,2562,3990,-5.8410,-5.2275,-0.6135,69.48
2025-04-11,214.15,218.11,206.26,216.58,224.22,229.32,242.92,249.98,242.12,238.1499,0,236.2409,0,1894,3977,-6.1766,-5.4174,-0.7593,66.06
2025-04-14,220.75,231.87,217.62,226.62,223.50,229.01,242.43,249.90,242.39,238.1499,0,235.6414,0,5276,4036,-5.5681,-5.4475,-0.1206,71.18
2025-04-15,226.70,236.51,226.70,230.84,223.35,229.08,242.15,249.86,242.69,238.1499,0,206.2621,1,1690,4003,-4.6912,-5.2962,0.6050,73.20
2025-04-16,232.98,233.39,223.62,233.39,222.95,229.12,241.82,249.84,242.98,238.1499,0,206.8670,1,1898,3979,-3.7476,-4.9865,1.2389,75.76
2025-04-17,233.81,243.12,233.63,236.46,224.71,229.29,241.39,249.88,243.28,238.1499,0,207.4597,1,2693,3983,-2.7208,-4.5334,1.8126,73.75
2025-04-21,230.71,232.32,228.78,229.19,225.95,229.20,240.78,249.86,243.52,238.1499,0,208.8860,1,1911,3971,-2.4651,-4.1197,1.6546,70.50
2025-04-22,236.02,241.96,236.02,241.96,228.29,229.52,240.45,249.90,243.86,205.7246,1,210.2552,1,2263,3954,-1.2182,-3.5394,2.3212,74.63
2025-04-23,256.70,256.70,242.95,247.64,231.23,230.21,240.19,249.97,244.23,215.4619,1,211.5696,1,2870,3937,0.2260,-2.7863,3.0123,76.31
2025-04-24,242.94,244.37,239.60,244.37,232.24,230.45,239.64,249.97,244.57,215.4619,1,214.2774,1,2087,3885,1.0937,-2.0103,3.1040,72.49
2025-04-25,244.09,246.21,244.09,246.21,235.33,230.75,239.22,249.97,244.91,215.4619,1,216.8227,1,1427,3798,1.9085,-1.2266,3.1351,74.29
2025-04-28,246.87,249.36,244.80,249.36,238.60,231.41,238.75,249.94,245.25,218.1345,1,219.2153,1,1699,3806,2.7763,-0.4260,3.2023,75.06
2025-04-29,250.17,251.27,249.35,251.27,241.07,232.28,238.35,249.96,245.55,223.6846,1,221.4643,1,1022,3785,3.5767,0.3745,3.2022,76.81
2025-04-30,236.20,246.89,236.05,245.46,242.53,232.94,237.91,249.97,245.83,223.6846,1,223.5784,1,1497,3691,3.6993,1.0395,2.6598,73.19
2025-05-01,242.44,245.93,240.62,244.31,243.62,233.29,237.44,250.02,246.03,223.6846,1,225.5656,1,2062,3659,3.6615,1.5639,2.0976,74.37
2025-05-02,245.36,250.80,245.36,249.81,244.96,234.83,237.12,250.12,246.22,223.6846,1,227.4336,1,3734,3600,4.0295,2.0570,1.9725,73.26
2025-05-05,249.61,251.23,247.63,247.63,246.80,236.38,236.94,250.23,246.39,224.5144,1,229.1895,1,2562,3580,4.0980,2.4652,1.6328,69.29
2025-05-06,249.46,250.05,247.07,247.07,247.31,237.80,236.83,250.34,246.56,225.2404,1,230.8401,1,3283,3537,4.0602,2.7842,1.2760,71.09
2025-05-07,250.56,253.63,250.07,250.07,247.56,239.40,236.71,250.42,246.76,228.8938,1,232.3916,1,4793,3502,4.2234,3.0721,1.1514,72.35
2025-05-08,250.54,258.33,250.54,255.68,248.69,240.46,236.74,250.60,246.98,231.2989,1,233.8500,1,8972,3616,4.7507,3.4078,1.3429,74.03
2025-05-09,254.15,255.87,251.73,255.38,249.60,242.46,236.77,250.78,247.15,231.7296,1,235.8087,1,5828,3683,5.0853,3.7433,1.3420,72.12
2025-05-12,269.67,269.67,259.44,260.31,250.70,244.65,236.87,251.03,247.37,240.4045,1,237.6106,1,13913,3910,5.6828,4.1312,1.5516,74.27
2025-05-13,261.28,261.29,257.49,258.83,251.45,246.26,237.00,251.24,247.53,240.4045,1,240.8168,1,15698,4074,5.9682,4.4986,1.4696,71.52
2025-05-14,255.07,261.29,254.22,258.53,252.76,247.65,237.30,251.45,247.64,240.4045,1,243.7023,1,17148,4348,6.1001,4.8189,1.2812,72.55
2025-05-15,258.33,267.22,257.43,265.71,254.90,249.26,237.85,251.67,247.80,240.4045,1,246.2993,1,11695,4519,6.7066,5.1964,1.5102,76.68
2025-05-16,265.17,265.17,260.87,262.89,256.21,250.58,238.37,251.85,247.89,240.5276,1,248.6366,1,20503,4835,6.8804,5.5332,1.3472,73.70
2025-05-19,259.91,265.96,259.87,265.68,258.01,252.41,238.95,252.06,248.00,240.8498,1,250.7401,1,28400,5353,7.1608,5.8587,1.3020,75.19
2025-05-20,260.29,268.19,258.90,259.13,259.22,253.27,239.51,252.15,248.10,240.8934,1,252.6333,1,30591,5864,6.7765,6.0423,0.7342,71.22
2025-05-21,255.12,258.48,251.62,251.83,259.40,253.48,239.94,252.14,248.15,240.8934,1,269.6721,0,29345,6322,5.8154,5.9969,-0.1815,70.46
2025-05-22,252.97,256.44,246.75,246.75,258.50,253.59,240.19,252.08,248.27,240.8934,1,269.3110,0,21396,6644,4.5911,5.7157,-1.1247,66.15
2025-05-23,246.48,251.03,241.37,242.30,257.19,253.40,240.45,251.94,248.36,240.8934,1,268.4085,0,27425,7133,3.2248,5.2175,-1.9928,62.43
2025-05-27,243.74,248.07,240.88,246.89,255.85,253.28,240.76,251.83,248.52,240.8934,1,266.7864,0,35981,7806,2.4833,4.6707,-2.1874,62.27
2025-05-28,247.29,249.85,241.57,244.51,254.42,252.94,240.99,251.75,248.62,240.8934,1,264.7140,0,34692,8445,1.6845,4.0735,-2.3890,62.57
2025-05-29,244.82,245.73,241.86,245.00,253.07,252.91,241.30,251.71,248.75,240.8934,1,262.8073,0,40378,9217,1.0788,3.4745,-2.3957,62.30
2025-05-30,243.43,245.75,237.64,239.02,250.40,252.65,241.43,251.59,248.84,264.4083,0,261.0532,0,24435,9515,0.1145,2.8025,-2.6880,60.13
2025-06-02,239.55,245.12,232.71,239.42,248.05,252.13,241.56,251.47,248.94,263.0805,0,258.7116,0,35112,10115,-0.6100,2.1200,-2.7300,62.68
2025-06-03,239.41,239.41,225.89,230.83,244.57,251.29,241.56,251.31,248.99,258.4611,0,255.5910,0,41601,10833,-1.8558,1.3248,-3.1807,54.93
2025-06-04,231.04,233.48,227.90,228.75,241.53,250.37,241.42,251.19,248.98,255.5874,0,251.4334,0,55680,11910,-2.9767,0.4645,-3.4412,53.29
2025-06-05,228.53,228.53,220.55,222.00,238.55,248.97,241.18,250.95,248.93,249.4105,0,247.8578,0,17404,12191,-4.3597,-0.5003,-3.8594,45.91
2025-06-06,226.30,229.04,222.19,226.69,236.54,247.52,240.93,250.76,248.87,249.4105,0,243.4885,0,15450,12370,-5.0192,-1.4041,-3.6151,47.09
2025-06-09,226.99,230.19,223.60,224.37,234.75,245.97,240.61,250.55,248.83,249.4105,0,239.8182,0,17385,12621,-5.6644,-2.2562,-3.4082,42.87
2025-06-10,224.38,232.79,224.38,230.27,233.09,244.47,240.49,250.43,248.80,249.4105,0,236.7352,0,22770,13022,-5.6341,-2.9317,-2.7024,45.95
2025-06-11,232.60,232.60,224.26,226.25,231.26,242.84,240.34,250.28,248.75,249.4105,0,234.1455,0,6815,13041,-5.8671,-3.5188,-2.3483,43.74
2025-06-12,223.52,226.89,223.47,226.89,229.45,241.26,240.23,250.16,248.63,248.0190,0,232.7857,0,17350,13265,-5.9317,-4.0014,-1.9303,42.45
2025-06-13,223.68,223.68,217.87,218.84,227.43,238.92,239.86,249.91,248.47,244.0341,0,232.5984,0,17734,13570,-6.5565,-4.5124,-2.0441,41.69
2025-06-16,222.63,228.62,222.63,226.09,226.10,237.08,240.00,249.49,248.36,244.0341,0,229.9468,0,12107,13708,-6.3932,-4.8886,-1.5046,48.82
2025-06-17,223.80,226.43,223.09,224.81,225.50,235.03,240.17,249.16,248.21,244.0341,0,228.6248,0,23302,14097,-6.2946,-5.1698,-1.1249,48.48
2025-06-18,224.01,227.47,222.29,222.29,224.85,233.19,240.24,248.74,248.07,244.0341,0,228.6248,0,14406,14324,-6.3463,-5.4051,-0.9412,43.04
2025-06-20,225.01,225.01,217.67,220.86,224.74,231.64,240.29,248.26,247.92,243.1484,0,227.4712,0,39043,15063,-6.4284,-5.6097,-0.8187,46.31
2025-06-23,220.69,227.68,218.95,227.68,224.84,230.69,240.16,247.88,247.81,243.1484,0,217.6703,1,9767,15191,-5.8760,-5.6630,-0.2130,49.43
2025-06-24,230.13,233.43,230.13,231.51,225.55,230.15,240.48,247.56,247.74,243.1484,0,217.6703,1,27777,15695,-5.0703,-5.5445,0.4741,48.55
2025-06-25,231.22,231.58,226.85,230.38,225.56,229.32,240.76,247.27,247.67,243.1484,0,218.3006,1,22991,16117,-4.4717,-5.3299,0.8582,49.60
2025-06-26,232.11,238.91,231.72,238.89,226.83,229.04,241.01,247.08,247.68,243.1484,0,218.9056,1,11944,16251,-3.2730,-4.9185,1.6455,53.82
2025-06-27,240.45,242.69,239.12,242.32,228.37,228.91,241.24,246.92,247.70,243.1484,0,220.1058,1,14623,16509,-2.0228,-4.3394,2.3166,55.65
2025-06-30,242.60,246.50,242.60,244.87,230.97,229.20,241.47,246.79,247.75,224.8939,1,221.9121,1,22401,16919,-0.8165,-3.6348,2.8183,59.41
2025-07-01,243.32,258.36,242.31,257.74,234.14,230.12,241.89,246.76,247.88,227.8316,1,224.3710,1,20520,17276,1.1643,-2.6750,3.8393,62.91
2025-07-02,257.46,272.44,257.46,271.36,238.79,232.14,242.73,246.77,248.08,240.1985,1,228.4500,1,44749,18133,3.7892,-1.3822,5.1714,71.16
2025-07-03,273.57,281.16,273.57,281.16,244.68,234.76,243.52,246.78,248.31,252.1471,1,234.6090,1,8070,18249,6.5844,0.2112,6.3733,71.58
2025-07-07,282.00,284.30,275.08,276.18,250.21,237.47,244.09,246.76,248.50,254.2270,1,242.0570,1,17450,18540,8.3022,1.8294,6.4728,68.51
2025-07-08,276.46,284.39,275.11,282.84,255.73,240.28,244.86,246.78,248.70,254.2270,1,249.6616,1,50830,19515,10.0843,3.4803,6.6039,71.21
2025-07-09,282.63,283.19,276.64,283.19,260.89,243.22,245.60,246.82,248.88,254.8199,1,256.6079,1,20047,19888,11.3939,5.0631,6.3309,71.55
2025-07-10,281.81,288.75,278.92,279.81,265.84,245.70,246.21,246.83,249.00,258.2998,1,262.1650,1,30109,20456,12.0204,6.4545,5.5658,69.27
2025-07-11,278.25,279.60,269.54,269.54,268.90,247.86,246.57,246.76,249.11,258.2998,1,267.4822,1,17550,20786,11.5554,7.4747,4.0807,65.05
2025-07-14,269.47,279.66,264.47,276.40,272.31,250.34,247.19,246.78,249.28,258.2998,1,288.7514,0,24360,21244,11.6060,8.3010,3.3051,65.53
2025-07-15,276.40,276.40,263.07,263.50,274.17,252.57,247.58,246.67,249.41,258.2998,1,288.2656,0,23571,21674,10.4846,8.7377,1.7469,57.86
2025-07-16,263.65,264.94,253.76,254.83,273.88,254.01,247.68,246.55,249.51,288.9938,0,287.2577,0,20960,22018,8.7952,8.7492,0.0460,44.23
2025-07-17,255.08,260.39,246.98,247.64,271.51,255.15,247.68,246.36,249.59,284.3926,0,285.2477,0,6882,22105,6.7979,8.3589,-1.5610,33.29
2025-07-18,247.49,247.49,238.69,240.30,267.42,256.05,247.54,246.17,249.64,273.4085,0,282.1866,0,4947,22138,4.5697,7.6011,-3.0314,30.29
2025-07-21,245.05,245.97,239.88,242.86,264.09,257.15,247.40,245.95,249.66,272.0371,0,277.8371,0,8350,22209,2.9763,6.6761,-3.6998,31.05
2025-07-22,244.29,249.11,242.68,245.12,260.32,258.02,247.18,245.74,249.74,272.0371,0,273.9226,0,5494,22140,1.8741,5.7157,-3.8416,26.60
2025-07-23,248.28,249.08,244.98,246.60,256.66,258.78,247.01,245.55,249.84,272.0371,0,270.3995,0,8929,22202,1.1073,4.7940,-3.6868,29.83
2025-07-24,245.29,248.45,242.01,243.84,253.06,259.45,246.68,245.36,249.94,271.0626,0,267.2288,0,8853,22100,0.2736,3.8899,-3.6164,29.15
2025-07-25,244.04,245.10,240.59,243.16,250.43,259.66,246.37,245.20,250.02,267.4435,0,264.3751,0,5820,21903,-0.4370,3.0245,-3.4616,29.83
2025-07-28,247.13,247.13,241.57,243.95,247.18,259.74,246.07,245.06,250.11,267.4435,0,261.8068,0,6259,21685,-0.9258,2.2345,-3.1603,30.25
2025-07-29,245.74,246.75,241.57,242.81,245.11,259.64,245.62,245.02,250.15,267.1402,0,259.4953,0,7757,21606,-1.3887,1.5098,-2.8985,34.39
2025-07-30,244.61,245.93,238.98,241.67,243.80,258.84,245.19,245.01,250.19,265.2217,0,257.4150,0,8333,21363,-1.8268,0.8425,-2.6693,33.59
2025-07-31,240.36,245.78,236.70,241.45,243.18,257.34,244.71,244.93,250.22,264.4564,0,255.5426,0,10138,20998,-2.1665,0.2407,-2.4072,32.40
2025-08-01,237.58,238.37,231.88,236.45,242.79,255.11,244.25,244.87,250.17,258.8889,0,253.2816,0,8034,20547,-2.8067,-0.3688,-2.4379,32.52
2025-08-04,239.26,243.04,236.93,243.04,242.81,253.45,244.08,244.82,250.13,258.8889,0,250.2851,0,4696,20054,-2.7511,-0.8452,-1.9059,32.20
2025-08-05,242.85,245.65,237.32,245.65,242.86,251.59,244.06,244.77,250.07,258.8889,0,247.7082,0,8846,19803,-2.4680,-1.1698,-1.2982,31.48
2025-08-06,244.56,245.17,240.77,242.24,242.43,249.54,244.06,244.73,249.97,258.8889,0,245.6476,0,10438,19463,-2.4901,-1.4338,-1.0563,28.06
2025-08-07,244.29,244.96,239.27,240.13,242.05,247.56,243.92,244.67,249.85,258.8889,0,245.6476,0,11878,18981,-2.6471,-1.6765,-0.9706,27.57
2025-08-08,241.42,242.36,236.56,236.89,241.43,245.93,243.77,244.58,249.76,258.8889,0,245.1731,0,23243,18752,-2.9985,-1.9409,-1.0576,26.32
2025-08-11,237.21,241.73,236.13,241.23,241.16,244.17,243.69,244.56,249.71,258.8889,0,244.9556,0,31087,18566,-2.8935,-2.1314,-0.7621,31.25
2025-08-12,243.58,256.71,241.02,256.71,242.55,243.83,244.05,244.60,249.71,258.8889,0,231.8786,1,11607,18309,-1.5433,-2.0138,0.4705,38.20
2025-08-13,258.56,260.39,254.06,257.90,244.17,243.98,244.42,244.65,249.71,258.8889,0,232.3752,1,8843,17784,-0.3732,-1.6857,1.3125,32.88
2025-08-14,254.26,258.12,251.30,256.09,245.63,244.40,244.92,244.71,249.71,258.8889,0,233.4957,1,9144,17135,0.4035,-1.2678,1.6713,35.31
2025-08-15,257.90,257.90,249.40,251.76,247.16,244.98,245.38,244.77,249.74,258.8889,0,234.5714,1,8811,16198,0.6620,-0.8819,1.5439,30.72
2025-08-18,251.03,259.73,251.03,258.36,248.69,245.75,246.11,244.97,249.74,258.8889,0,235.6041,1,6377,15977,1.3838,-0.4288,1.8125,38.16
2025-08-19,257.42,261.88,255.75,258.67,250.00,246.43,246.75,245.18,249.75,258.8889,0,236.5954,1,7823,15824,1.9579,0.0486,1.9094,37.51
2025-08-20,260.02,261.49,256.63,261.49,251.92,247.17,247.49,245.36,249.78,236.9054,1,238.1125,1,18568,15848,2.6102,0.5609,2.0493,42.68
2025-08-21,259.35,264.66,256.77,260.98,254.01,248.03,248.10,245.51,249.85,238.4098,1,239.5386,1,8553,15564,3.0513,1.0590,1.9923,44.42
2025-08-22,262.97,275.87,261.98,274.51,257.77,249.60,249.07,245.77,249.98,244.3840,1,241.5482,1,12634,15680,4.4418,1.7356,2.7062,48.60
2025-08-25,273.94,278.79,273.94,278.10,261.46,251.31,250.09,246.03,250.14,252.8241,1,244.9803,1,12321,15580,5.7668,2.5418,3.2250,52.96
2025-08-26,278.48,287.34,269.72,286.39,264.42,253.48,251.44,246.28,250.30,252.8241,1,249.0369,1,15209,15529,7.4001,3.5135,3.8866,60.74
2025-08-27,286.25,294.69,276.29,290.69,267.70,255.94,252.74,246.55,250.30,256.1504,1,254.3989,1,13790,15563,8.9385,4.5985,4.3400,64.57
2025-08-28,290.30,290.44,283.29,285.06,270.60,258.12,253.94,246.78,250.35,258.2404,1,260.8459,1,12832,15353,9.5931,5.5974,3.9957,61.88
2025-08-29,285.01,287.27,279.60,280.90,273.52,260.34,255.11,246.97,250.33,258.2404,1,266.2613,1,10883,15283,9.6647,6.4109,3.2539,63.74
2025-09-02,276.53,280.76,274.74,275.82,275.26,261.98,256.21,247.12,250.25,258.2404,1,270.8102,1,19893,14900,9.2053,6.9698,2.2356,63.02
2025-09-03,277.50,278.77,268.09,268.09,276.20,263.10,257.02,247.22,250.17,258.2404,1,294.6922,0,16000,15025,8.1238,7.2006,0.9232,58.66
2025-09-04,269.35,272.66,266.15,267.91,276.85,264.38,257.75,247.31,250.11,258.2404,1,294.1601,0,7967,14628,7.1696,7.1944,-0.0247,54.49
2025-09-05,268.31,272.11,262.73,263.33,277.08,265.54,258.41,247.36,250.06,258.2404,1,293.0398,0,5620,14281,5.9752,6.9505,-0.9753,51.23
2025-09-08,264.47,280.25,264.47,277.89,277.42,267.59,259.19,247.54,250.10,258.2404,1,291.2212,0,10597,14254,6.1322,6.7869,-0.6546,60.48
2025-09-09,278.83,278.83,270.63,271.94,276.80,269.13,259.78,247.72,250.14,258.2404,1,289.5118,0,8005,14122,5.7114,6.5718,-0.8604,59.34
2025-09-10,274.93,275.52,268.11,271.56,275.32,269.87,260.31,247.87,250.17,258.2404,1,287.9049,0,8131,13836,5.2858,6.3146,-1.0288,60.56
2025-09-11,270.38,280.79,270.38,280.74,274.33,271.01,260.77,248.02,250.26,258.2404,1,286.3945,0,9059,13607,5.6248,6.1766,-0.5518,66.52
2025-09-12,279.78,283.72,275.97,283.48,274.17,272.38,261.02,248.18,250.33,258.2404,1,284.9746,0,10610,12924,6.0447,6.1503,-0.1055,68.76
2025-09-15,284.35,286.24,281.47,286.20,274.70,274.11,261.12,248.36,250.36,258.2404,1,262.7307,1,19570,13154,6.5217,6.2246,0.2972,68.87
2025-09-16,285.75,286.46,275.64,279.97,275.11,275.19,261.19,248.49,250.37,258.2404,1,263.2009,1,28716,13380,6.3243,6.2445,0.0798,68.26
2025-09-17,282.74,286.32,276.92,277.15,276.02,276.11,261.08,248.53,250.36,258.2404,1,264.1311,1,30054,12964,5.8728,6.1702,-0.2974,65.88
2025-09-18,280.12,288.68,278.30,288.68,278.10,277.47,261.19,248.67,250.41,258.2404,1,265.0241,1,21025,12984,6.3716,6.2104,0.1612,68.00
2025-09-19,289.36,289.66,281.19,281.19,279.88,278.48,261.22,248.72,250.43,258.2404,1,266.4436,1,38256,13146,6.0921,6.1868,-0.0947,64.68
2025-09-22,278.29,279.57,273.72,275.54,279.65,278.53,261.34,248.75,250.40,258.2404,1,268.3009,1,10173,12999,5.3533,6.0201,-0.6668,61.10
2025-09-23,278.12,281.24,277.10,279.97,280.45,278.63,261.41,248.84,250.43,258.2404,1,270.0097,1,18521,12882,5.0668,5.8294,-0.7626,62.76
2025-09-24,282.08,284.31,262.90,267.57,280.05,277.69,261.49,248.84,250.38,258.2404,1,289.6602,0,28500,12981,3.7957,5.4227,-1.6270,54.33
2025-09-25,267.12,270.24,257.15,269.89,278.97,276.65,261.79,248.86,250.36,258.2404,1,289.1250,0,22495,13011,2.9410,4.9263,-1.9853,54.52
2025-09-26,268.51,272.96,260.29,262.16,276.83,275.50,262.08,248.90,250.29,258.2404,1,287.8462,0,35083,13575,1.6212,4.2653,-2.6441,44.80
2025-09-29,262.48,262.48,254.51,255.67,273.78,274.24,262.39,248.92,250.22,289.3648,0,286.6185,0,17069,13818,0.0514,3.4225,-3.3711,35.52
2025-09-30,255.69,260.78,250.11,260.77,271.86,273.49,262.75,248.95,250.15,286.4310,0,284.6917,0,27802,14207,-0.7722,2.5836,-3.3558,36.41
2025-10-01,258.79,262.36,254.55,261.81,270.33,273.17,263.08,249.00,250.07,286.4310,0,281.9249,0,40440,14906,-1.3259,1.8017,-3.1276,36.72
2025-10-02,262.09,264.20,256.49,264.20,267.88,272.99,263.43,249.07,250.02,286.4310,0,279.3794,0,55615,15840,-1.5537,1.1306,-2.6843,38.04
2025-10-03,268.55,277.48,266.69,276.23,267.38,273.63,264.08,249.21,250.04,286.4310,0,250.1063,1,21962,16102,-0.7555,0.7534,-1.5089,46.32
2025-10-06,279.02,291.78,277.92,290.28,268.86,274.25,265.02,249.46,250.15,252.6838,1,250.6537,1,34061,16667,0.9999,0.8027,0.1972,57.58
2025-10-07,289.79,300.05,289.79,291.23,269.98,275.22,265.97,249.78,250.28,262.8953,1,252.2986,1,31845,17178,2.4395,1.1301,1.3095,60.75
2025-10-08,291.65,296.76,288.68,291.34,272.36,276.20,266.94,250.14,250.50,262.8953,1,255.1637,1,25403,17531,3.5483,1.6137,1.9346,58.88
2025-10-09,287.88,291.58,285.47,288.99,274.27,276.62,267.89,250.48,250.73,262.8953,1,257.8569,1,31161,17988,4.1889,2.1287,2.0601,57.78
2025-10-10,289.50,299.36,268.92,269.08,274.96,275.90,268.44,250.70,250.81,262.8953,1,260.3885,1,68998,19165,3.0547,2.3139,0.7408,52.08
2025-10-13,272.56,275.90,254.72,256.73,275.07,274.42,268.84,250.87,250.87,304.1444,0,300.0504,0,54275,20090,1.1463,2.0804,-0.9341,43.90
2025-10-14,251.99,275.55,250.31,275.06,276.49,274.18,269.48,251.17,250.98,304.1444,0,299.3584,0,46882,20934,1.1002,1.8844,-0.7842,56.58
2025-10-15,279.77,280.22,267.68,271.23,277.44,273.88,270.00,251.41,251.08,304.1444,0,297.3966,0,29631,21349,0.7463,1.6568,-0.9104,51.17
2025-10-16,271.67,272.85,245.70,250.55,276.07,271.98,270.16,251.55,251.09,304.1444,0,295.5133,0,20174,21544,-1.1892,1.0876,-2.2768,40.95
2025-10-17,250.91,276.00,249.33,256.72,274.12,270.75,270.49,251.72,251.12,304.1444,0,292.5243,0,18359,21674,-2.2000,0.4300,-2.6301,44.04
2025-10-20,257.44,278.89,257.44,278.09,272.90,270.88,271.32,252.03,251.27,304.1444,0,289.7147,0,30268,21814,-1.2619,0.0917,-1.3536,56.45
2025-10-21,276.96,288.19,276.47,287.03,272.48,271.23,272.23,252.41,251.48,304.1444,0,245.6971,1,21892,21630,0.2004,0.1134,0.0870,61.84
2025-10-22,286.60,301.22,285.34,300.94,273.44,272.90,273.12,252.87,251.73,304.1444,0,246.5469,1,29406,21986,2.4534,0.5814,1.8720,71.27
2025-10-23,298.78,298.78,291.76,294.94,274.04,274.15,273.86,253.28,251.95,304.1444,0,248.7337,1,22525,22260,3.7119,1.2075,2.5044,66.86
2025-10-24,299.24,311.76,296.58,308.53,277.98,276.47,274.91,253.80,252.26,256.7011,1,250.8330,1,16104,22399,5.7400,2.1140,3.6260,68.67
2025-10-27,311.76,316.35,297.30,301.72,282.48,278.77,275.91,254.24,252.56,258.3920,1,254.4884,1,31314,22849,6.7202,3.0352,3.6849,65.88
2025-10-28,301.11,301.11,279.65,283.83,283.36,279.93,276.42,254.57,252.83,258.3920,1,259.4375,1,18173,23085,5.9841,3.6250,2.3591,56.71
2025-10-29,281.95,293.40,279.13,283.74,284.61,281.02,276.92,254.86,253.11,258.3920,1,263.9907,1,15097,23230,5.3321,3.9664,1.3657,56.83
2025-10-30,281.74,292.71,281.74,290.72,288.63,282.35,277.50,255.20,253.39,258.3920,1,268.1796,1,15762,23174,5.3173,4.2366,1.0807,60.52
2025-10-31,292.03,292.03,281.28,290.91,292.04,283.08,278.10,255.57,253.66,258.3920,1,272.0335,1,26778,23539,5.2601,4.4413,0.8188,61.84
2025-11-03,292.44,298.32,285.51,292.49,293.48,283.19,278.46,255.96,253.94,258.3920,1,275.5790,1,16356,23613,5.2818,4.6094,0.6724,64.07
2025-11-04,290.07,291.95,275.64,278.05,292.59,282.53,278.46,256.26,254.14,258.3920,1,316.3524,0,11984,23606,4.0863,4.5048,-0.4185,59.24
2025-11-05,278.05,294.24,276.67,288.78,291.37,282.41,278.51,256.60,254.34,258.3920,1,315.5381,0,14078,23584,3.9590,4.3956,-0.4366,63.24
2025-11-06,287.31,289.84,283.48,283.84,290.26,282.15,278.37,257.04,254.51,258.3920,1,314.7402,0,14096,23590,3.4206,4.2006,-0.7800,58.56
2025-11-07,284.93,287.31,280.55,285.48,287.95,282.97,278.38,257.50,254.68,258.3920,1,313.9581,0,18643,23706,3.0902,3.9785,-0.8884,59.66
2025-11-10,289.93,289.95,279.55,282.24,286.01,284.24,278.41,257.92,254.83,258.3920,1,313.1917,0,16495,23818,2.5377,3.6904,-1.1527,56.19
2025-11-11,282.48,284.34,273.65,279.88,285.61,284.48,278.49,258.33,254.96,258.3920,1,312.4407,0,24606,23913,1.8877,3.3298,-1.4421,55.24
2025-11-12,281.54,287.31,278.59,280.61,285.30,284.95,278.74,258.64,255.10,258.3920,1,310.8890,0,14502,23883,1.4155,2.9470,-1.5314,53.53
2025-11-13,280.61,283.56,267.94,271.43,283.37,286.00,278.81,259.01,255.18,258.3920,1,309.3993,0,27452,24272,0.2968,2.4169,-2.1201,50.45
2025-11-14,266.50,277.52,260.55,275.32,281.81,286.93,279.05,259.41,255.28,258.3920,1,306.9118,0,20565,24571,-0.2725,1.8791,-2.1515,53.71
2025-11-17,275.32,277.20,247.73,251.55,277.72,285.60,278.52,259.57,255.29,307.6167,0,303.2029,0,17063,24701,-2.6114,0.9810,-3.5923,40.59
2025-11-18,249.05,258.34,247.26,255.40,275.45,284.02,278.19,259.74,255.34,296.7601,0,297.6556,0,6316,24667,-4.1074,-0.0367,-4.0707,40.78
2025-11-19,253.36,257.05,247.68,256.18,272.19,281.78,277.88,259.89,255.37,294.7401,0,291.6087,0,7344,24651,-5.1703,-1.0634,-4.1069,41.38
2025-11-20,260.19,262.80,255.13,257.60,269.57,279.91,277.42,260.03,255.37,294.7401,0,286.2874,0,8320,24636,-5.8311,-2.0170,-3.8142,44.06
2025-11-21,261.52,276.17,255.60,270.46,268.07,278.01,277.16,260.30,255.42,294.7401,0,281.6046,0,11684,24658,-5.2566,-2.6649,-2.5917,48.51
2025-11-24,269.81,274.43,263.73,271.41,266.98,276.49,276.86,260.50,255.49,294.7401,0,277.4838,0,11835,24503,-4.6706,-3.0660,-1.6046,51.75
2025-11-25,274.43,293.54,272.92,291.80,268.18,276.89,277.10,260.79,255.64,294.7401,0,247.2645,1,14962,24228,-2.5319,-2.9592,0.4273,62.09
2025-11-26,288.93,292.20,284.54,290.92,269.21,277.25,277.38,261.10,255.74,294.7401,0,248.1900,1,7429,23776,-0.8977,-2.5469,1.6492,61.63
2025-11-28,293.30,293.30,279.63,290.19,271.08,277.23,277.41,261.40,255.85,294.7401,0,249.0971,1,10808,23571,0.3352,-1.9705,2.3057,61.33
2025-12-01,284.92,297.41,284.92,291.07,272.66,277.23,277.60,261.68,255.94,294.7401,0,249.9859,1,13280,23072,1.3677,-1.3029,2.6705,64.21
2025-12-02,291.52,294.37,284.59,287.41,276.24,276.98,277.84,261.92,256.03,294.7401,0,251.8831,1,11372,23096,1.8685,-0.6686,2.5371,63.85
2025-12-03,288.99,300.40,287.81,299.95,280.70,278.08,278.24,262.28,256.19,254.0455,1,253.7044,1,18499,23095,3.2402,0.1132,3.1270,65.28
2025-12-04,299.65,301.71,291.11,296.20,284.70,278.45,278.81,262.63,256.33,257.1797,1,256.5059,1,13304,22791,3.9785,0.8862,3.0922,64.71
2025-12-05,298.06,303.72,289.72,298.25,288.76,279.17,279.38,262.95,256.49,257.2056,1,260.1226,1,14059,22623,4.6751,1.6440,3.0311,67.43
2025-12-08,302.82,313.76,295.95,310.89,292.81,280.44,280.35,263.37,256.76,263.9515,1,264.4819,1,15439,22230,6.1761,2.5504,3.6257,71.27
2025-12-09,311.58,316.34,305.31,306.87,296.35,281.67,281.38,263.77,257.03,270.7030,1,270.3955,1,13845,22165,6.9608,3.4325,3.5283,68.29
2025-12-10,303.99,311.27,296.42,307.33,297.91,283.04,282.31,264.15,257.29,270.7030,1,276.8274,1,36853,22346,7.5334,4.2527,3.2807,67.50
2025-12-11,304.15,305.30,287.80,288.88,297.70,283.46,282.85,264.37,257.46,270.7030,1,282.3589,1,51845,22574,6.4247,4.6871,1.7376,58.01
2025-12-12,288.64,293.98,265.20,270.30,295.71,283.40,282.97,264.47,257.55,326.3481,0,316.3377,0,22918,21920,4.0001,4.5497,-0.5496,45.95
2025-12-15,271.70,275.56,263.55,273.42,293.95,283.30,282.92,264.56,257.64,315.2432,0,315.3148,0,32897,22139,2.3039,4.1005,-1.7967,45.91
2025-12-16,272.55,281.35,271.28,280.74,293.28,284.76,282.73,264.71,257.78,315.2432,0,313.2443,0,35308,22164,1.5327,3.5870,-2.0542,52.37
2025-12-17,279.36,288.18,277.80,279.88,291.28,285.99,282.50,264.85,257.96,315.2432,0,311.2566,0,21018,21947,0.8423,3.0380,-2.1957,52.94
2025-12-18,284.37,295.92,281.90,293.02,290.96,287.83,282.53,265.03,258.24,315.2432,0,309.3484,0,17036,21780,1.3398,2.6984,-1.3586,60.85
2025-12-19,292.06,295.18,287.90,292.80,290.41,289.59,282.61,265.23,258.52,315.2432,0,307.5166,0,22195,21601,1.6968,2.4981,-0.8012,61.56
2025-12-22,295.24,299.27,288.55,290.58,288.38,290.59,283.04,265.40,258.78,315.2432,0,305.7580,0,19123,20603,1.7802,2.3545,-0.5743,57.57
2025-12-23,288.20,297.41,288.20,296.23,287.32,291.84,283.83,265.64,259.11,315.2432,0,304.0698,0,17312,19864,2.2758,2.3388,-0.0630,61.22
2025-12-24,297.66,297.72,291.15,293.65,285.95,291.93,284.20,265.92,259.43,315.2432,0,302.4491,0,10315,19133,2.4326,2.3575,0.0751,60.09
2025-12-26,293.44,295.20,288.46,288.46,285.91,291.81,284.54,266.20,259.70,315.2432,0,300.8932,0,23759,19015,2.1136,2.3087,-0.1951,56.29
2025-12-29,288.44,291.20,276.50,278.35,286.71,291.21,285.10,266.44,259.94,315.2432,0,299.3995,0,23123,19074,1.0335,2.0537,-1.0202,49.85
2025-12-30,276.34,280.55,271.99,278.52,287.22,290.59,285.54,266.65,260.18,311.4984,0,297.9656,0,29828,19304,0.1889,1.6807,-1.4918,52.03
2025-12-31,276.88,283.84,270.44,281.33,287.28,290.28,285.60,266.90,260.42,311.4984,0,296.5891,0,39044,19479,-0.2513,1.2943,-1.5456,53.73
2026-01-02,282.71,282.71,258.83,269.18,286.21,288.74,285.24,267.06,260.62,310.0872,0,295.2676,0,24670,19535,-1.5623,0.7230,-2.2853,40.95
2026-01-05,266.90,300.68,266.90,293.86,286.30,288.63,285.10,267.42,260.93,310.0872,0,258.8262,1,22934,19405,-0.6028,0.4579,-1.0606,52.50
2026-01-06,292.71,302.21,287.30,300.64,287.08,288.75,285.22,267.83,261.26,310.0872,0,258.8262,1,28838,19532,0.6967,0.5056,0.1911,54.31
2026-01-07,298.74,300.36,274.39,280.06,286.03,287.20,284.65,268.16,261.51,310.0872,0,260.5617,1,39354,19997,0.0653,0.4176,-0.3523,43.98
2026-01-08,276.48,288.73,272.49,286.98,285.10,286.21,284.35,268.55,261.77,310.0872,0,262.2278,1,34042,20051,0.1218,0.3584,-0.2366,50.53
2026-01-09,290.57,294.76,272.70,275.35,283.27,284.61,284.18,268.90,261.97,310.0872,0,263.8272,1,28680,20261,-0.7629,0.1341,-0.8971,46.75
2026-01-12,270.58,286.54,266.88,279.43,282.37,284.14,284.10,269.25,262.17,310.0872,0,265.3626,1,29639,20552,-1.1218,-0.1170,-1.0048,45.20
2026-01-13,278.87,280.85,269.70,273.04,281.84,284.28,283.74,269.58,262.34,310.0872,0,266.8366,1,26355,20764,-1.9000,-0.4736,-1.4264,43.49
2026-01-14,274.00,281.55,268.83,281.16,282.10,284.66,283.55,269.92,262.56,310.0872,0,266.8794,1,19824,20625,-1.8409,-0.7471,-1.0938,51.20
2026-01-15,279.36,292.68,278.72,287.53,282.72,285.00,283.45,270.33,262.83,310.0872,0,268.2928,1,22064,20739,-1.2652,-0.8507,-0.4145,52.27
2026-01-16,287.43,294.67,281.36,293.36,285.14,285.68,283.76,270.77,263.14,310.0872,0,268.8308,1,16943,20838,-0.3344,-0.7475,0.4131,52.48
2026-01-20,294.29,299.20,285.40,291.33,284.89,285.59,283.81,271.25,263.41,310.0872,0,270.1661,1,15831,20873,0.2367,-0.5506,0.7873,52.59
2026-01-21,294.92,307.54,292.59,306.64,285.49,286.28,284.26,271.79,263.84,310.0872,0,271.4480,1,16848,20928,1.9029,-0.0599,1.9628,53.95
2026-01-22,309.38,318.59,308.48,315.11,288.99,287.51,284.86,272.39,264.34,267.9661,1,273.6135,1,13261,20821,3.8617,0.7244,3.1373,58.51
2026-01-23,314.49,316.53,306.56,308.70,291.17,288.13,285.38,272.97,264.79,267.9661,1,277.2116,1,16806,20827,4.8417,1.5479,3.2939,55.43
2026-01-26,307.12,311.47,301.40,302.63,293.89,288.58,285.84,273.51,265.21,267.9661,1,280.5220,1,16840,20672,5.0699,2.2523,2.8176,52.65
2026-01-27,303.44,304.70,292.05,296.58,295.61,288.99,286.16,273.97,265.52,267.9661,1,283.5675,1,11916,20620,4.7080,2.7434,1.9646,51.30
2026-01-28,298.21,302.66,293.63,299.53,298.26,290.05,286.72,274.43,265.94,267.9661,1,286.3693,1,13899,20349,4.6059,3.1159,1.4900,51.56
2026-01-29,299.98,308.38,299.44,307.66,300.91,291.51,287.37,274.94,266.40,267.9661,1,288.9470,1,15018,20238,5.1223,3.5172,1.6051,54.04
2026-01-30,304.75,308.50,294.05,297.14,301.87,292.30,288.28,275.33,266.75,267.9661,1,291.3185,1,14952,20196,4.6290,3.7396,0.8895,48.76
2026-02-02,297.14,304.15,293.71,302.65,302.80,293.97,289.22,275.73,267.11,267.9661,1,293.5003,1,17449,20418,4.6298,3.9176,0.7122,51.31
2026-02-03,304.99,314.70,296.64,314.70,305.13,295.01,290.39,276.20,267.51,267.9661,1,293.7108,1,15520,20582,5.5386,4.2418,1.2968,59.96
2026-02-04,318.59,331.28,311.97,327.13,307.18,296.34,291.79,276.66,267.97,279.4964,1,293.7108,1,32464,21065,7.1795,4.8294,2.3502,61.01
2026-02-05,322.63,327.98,310.63,327.64,308.44,298.71,292.93,277.04,268.46,279.4964,1,296.6378,1,24879,21329,8.4238,5.5483,2.8756,64.38
2026-02-06,331.23,336.51,319.60,331.90,310.76,300.96,294.14,277.37,268.91,284.1679,1,300.1025,1,24236,21577,9.6426,6.3671,3.2755,62.92
2026-02-09,330.73,335.83,324.44,324.54,312.95,303.42,294.79,277.70,269.29,287.2254,1,304.4716,1,15614,21590,9.9007,7.0739,2.8269,61.47
2026-02-10,314.71,315.90,285.55,304.72,313.76,304.68,295.07,277.84,269.60,287.2254,1,336.5114,0,21272,21867,8.4088,7.3408,1.0680,50.45
2026-02-11,306.64,310.63,289.35,299.56,313.77,306.01,295.26,277.95,269.86,287.2254,1,335.8345,0,23800,22126,6.7327,7.2192,-0.4865,48.80
2026-02-12,298.86,304.80,288.31,299.98,313.00,306.95,295.44,278.09,270.12,287.2254,1,334.8287,0,17446,22210,5.3762,6.8506,-1.4744,52.25
2026-02-13,300.80,311.95,294.69,311.66,314.45,308.16,295.92,278.37,270.42,287.2254,1,333.8431,0,10925,22201,5.1837,6.5172,-1.3335,56.60
2026-02-17,313.41,322.73,309.21,314.41,315.63,309.21,296.21,278.62,270.76,287.2254,1,332.8771,0,10516,22041,5.1930,6.2524,-1.0594,61.44
2026-02-18,316.28,322.12,310.35,311.33,315.29,310.21,296.51,278.94,271.10,287.2254,1,331.9305,0,13822,22052,4.8957,5.9811,-1.0853,59.45
2026-02-19,306.63,315.33,305.96,314.88,314.06,310.62,296.85,279.34,271.42,287.2254,1,331.0029,0,9014,21951,4.8898,5.7628,-0.8730,61.47
2026-02-20,314.86,318.34,310.15,313.11,312.61,310.52,296.89,279.78,271.75,287.2254,1,330.0937,0,11133,21864,4.6888,5.5480,-0.8592,58.45
2026-02-23,312.68,313.76,297.01,298.94,309.31,310.04,296.73,280.17,272.01,287.2254,1,329.2028,0,12701,21842,3.3470,5.1078,-1.7608,54.07
2026-02-24,296.56,301.98,293.70,301.90,307.05,310.00,296.62,280.56,272.27,287.2254,1,328.3297,0,10462,21314,2.4942,4.5851,-2.0909,55.68
2026-02-25,301.37,303.77,276.78,295.19,306.10,309.93,296.75,280.89,272.47,287.2254,1,327.4740,0,52896,21335,1.2623,3.9205,-2.6582,49.79
2026-02-26,295.26,303.51,294.95,300.07,306.15,309.96,297.34,281.25,272.69,287.2254,1,325.4461,0,22183,21320,0.6720,3.2708,-2.5988,51.67
2026-02-27,293.85,297.65,274.37,277.89,303.94,308.47,297.43,281.48,272.78,334.0280,0,323.4993,0,13174,20926,-1.5677,2.3031,-3.8708,41.70
2026-03-02,275.14,285.63,271.81,280.26,300.80,307.62,297.42,281.72,272.89,326.0792,0,320.5513,0,11654,20453,-3.1155,1.2194,-4.3349,43.01
2026-03-03,272.79,279.63,271.82,277.57,297.12,306.37,297.38,281.95,272.98,320.8840,0,316.6518,0,15250,20337,-4.5072,0.0741,-4.5812,42.26
2026-03-04,279.08,287.36,279.08,284.04,294.39,304.84,297.20,282.22,273.07,320.8840,0,313.0643,0,12097,20238,-5.0299,-0.9467,-4.0832,43.68
2026-03-05,279.78,283.74,270.92,275.89,290.49,302.28,296.86,282.45,273.14,320.4907,0,309.7638,0,12830,20051,-6.0325,-1.9639,-4.0687,42.78
2026-03-06,268.45,271.36,262.37,270.80,286.26,299.43,296.46,282.65,273.16,309.7624,0,305.8795,0,9466,19858,-7.1552,-3.0021,-4.1531,40.42
2026-03-09,268.96,276.76,259.85,272.98,283.66,296.49,296.00,282.89,273.23,309.7624,0,300.6583,0,17603,19864,-7.7793,-3.9576,-3.8217,37.87
2026-03-10,274.28,287.98,270.58,278.28,281.30,294.17,295.69,283.13,273.36,309.7624,0,294.9452,0,18587,20029,-7.7571,-4.7175,-3.0396,43.53
2026-03-11,276.11,278.89,272.48,275.88,279.37,292.73,295.44,283.33,273.51,309.7624,0,290.0320,0,12525,19805,-7.8427,-5.3425,-2.5002,44.81
2026-03-12,268.75,277.92,268.04,273.17,276.68,291.41,295.34,283.53,273.66,309.7624,0,287.9761,0,21621,19775,-8.0364,-5.8813,-2.1551,48.78
2026-03-13,276.14,277.36,266.18,267.24,275.61,289.78,295.11,283.71,273.77,309.7624,0,284.0385,0,9744,19373,-8.5700,-6.4190,-2.1509,48.43
2026-03-16,268.79,273.57,265.48,265.48,274.13,287.47,294.79,283.90,273.87,307.9856,0,280.6522,0,5600,18704,-9.0309,-6.9414,-2.0895,45.79
2026-03-17,268.50,273.51,265.84,268.37,273.21,285.16,294.78,284.09,273.99,306.7040,0,277.7400,0,11537,18441,-9.0580,-7.3647,-1.6933,45.13
2026-03-18,270.56,271.16,262.98,264.02,271.21,282.80,294.18,284.13,274.11,302.8480,0,275.2355,0,34528,18673,-9.3231,-7.7564,-1.5667,44.42
2026-03-19,263.83,271.85,261.59,270.11,270.63,280.56,293.57,284.22,274.27,301.9979,0,273.5101,0,8519,18267,-8.9392,-7.9929,-0.9463,45.98
2026-03-20,269.99,275.07,265.17,270.39,270.59,278.42,293.38,284.31,274.46,301.9979,0,259.8505,1,11298,17706,-8.5136,-8.0971,-0.4165,47.32
2026-03-23,276.56,285.25,272.31,273.79,270.67,277.17,293.11,284.46,274.69,301.9979,0,260.1550,1,20295,17431,-7.8123,-8.0401,0.2278,45.15
2026-03-24,270.49,279.65,266.31,276.20,270.46,275.88,293.13,284.58,274.96,301.9979,0,261.1587,1,21223,17282,-6.9816,-7.8284,0.8468,44.14
2026-03-25,283.15,283.15,272.39,274.16,270.29,274.83,293.03,284.68,275.20,301.9979,0,262.1223,1,16467,17018,-6.4140,-7.5455,1.1315,41.07
2026-03-26,270.04,278.34,270.04,273.57,270.33,273.50,293.04,284.76,275.44,301.9979,0,263.0473,1,6375,16619,-5.9431,-7.2251,1.2819,42.50
2026-03-27,271.81,277.84,268.82,272.36,270.84,273.23,292.86,284.84,275.65,301.9979,0,263.9354,1,15401,16530,-5.6033,-6.9007,1.2974,48.60
2026-03-30,272.91,275.84,268.31,275.48,271.84,272.99,292.62,284.84,275.90,301.9979,0,264.7879,1,17902,16447,-5.0239,-6.5253,1.5015,50.84
2026-03-31,278.78,285.97,277.77,284.58,273.47,273.34,292.44,284.89,276.19,301.9979,0,265.6063,1,8461,16277,-3.7867,-5.9776,2.1909,48.56
2026-04-01,284.78,291.49,282.50,284.53,275.52,273.36,292.31,284.87,276.52,301.9979,0,266.8284,1,15947,16280,-2.7783,-5.3377,2.5595,49.01
2026-04-02,280.15,285.84,274.71,284.35,276.94,273.79,291.86,284.83,276.81,301.9979,0,268.8014,1,14480,16232,-1.9708,-4.6644,2.6936,44.11
2026-04-06,283.49,288.33,281.21,285.78,278.48,274.54,291.27,284.84,277.11,301.9979,0,270.6165,1,18399,16335,-1.2021,-3.9719,2.7698,44.80
2026-04-07,285.23,289.72,278.87,287.86,279.89,275.28,290.86,284.88,277.44,301.9979,0,272.2865,1,22090,16441,-0.4202,-3.2616,2.8413,52.81
2026-04-08,295.81,304.39,295.81,304.39,282.71,276.59,290.89,285.07,277.86,267.0008,1,273.8228,1,20087,16506,1.5164,-2.3060,3.8223,58.94
2026-04-09,303.30,317.91,302.69,309.13,286.20,278.25,291.14,285.35,278.27,275.9440,1,276.8799,1,22263,16713,3.3944,-1.1659,4.5603,60.33
2026-04-10,309.37,309.37,281.90,291.95,288.04,279.19,290.99,285.51,278.57,275.9440,1,281.8039,1,21407,16863,3.4563,-0.2415,3.6978,52.69
2026-04-13,287.86,305.54,287.86,303.75,291.18,281.01,290.91,285.78,278.93,275.9440,1,281.9030,1,17055,16903,4.4065,0.6881,3.7184,61.45
2026-04-14,302.70,306.59,297.81,302.81,293.91,282.88,291.03,285.94,279.25,275.9440,1,281.9030,1,14052,16885,5.0261,1.5557,3.4704,57.67
2026-04-15,302.81,304.55,293.28,295.51,295.01,284.24,290.89,286.10,279.52,275.9440,1,286.2243,1,18967,16916,4.8722,2.2190,2.6532,50.67
2026-04-16,295.07,299.74,289.60,299.48,296.50,286.01,290.58,286.29,279.79,275.9440,1,317.9137,0,10197,16809,5.0121,2.7776,2.2345,50.71
2026-04-17,304.11,314.20,303.77,306.29,298.69,287.82,290.16,286.46,280.04,275.9440,1,317.3474,0,25442,16669,5.6079,3.3437,2.2642,48.92
2026-04-20,300.96,305.35,271.92,288.03,298.92,288.70,289.37,286.49,280.12,275.9440,1,316.7925,0,25053,16672,4.5542,3.5858,0.9684,37.99
2026-04-21,286.26,300.83,285.74,288.50,298.98,289.43,288.50,286.50,280.16,275.9440,1,314.9975,0,12432,16436,3.7148,3.6116,0.1032,37.50
2026-04-22,289.12,293.66,288.12,289.52,297.50,290.10,287.80,286.57,280.22,275.9440,1,313.2742,0,11370,16351,3.0959,3.5084,-0.4126,38.96
2026-04-23,289.52,291.51,281.75,283.49,294.93,290.57,287.38,286.61,280.23,275.9440,1,311.6200,0,15575,16237,2.0944,3.2256,-1.1312,38.50
2026-04-24,282.59,285.74,276.81,283.55,294.09,291.07,287.06,286.57,280.23,275.9440,1,310.0319,0,10680,15975,1.2906,2.8386,-1.5480,38.69
2026-04-27,283.55,290.27,282.70,290.27,292.74,291.96,286.86,286.63,280.28,275.9440,1,308.5073,0,9417,15814,1.1823,2.5074,-1.3251,40.30
2026-04-28,292.04,293.68,286.98,289.48,291.41,292.66,286.42,286.73,280.38,275.9440,1,307.0437,0,12503,15846,1.0212,2.2101,-1.1889,39.88
2026-04-29,287.83,288.37,280.27,282.93,290.15,292.58,285.79,286.75,280.41,275.9440,1,305.6386,0,12305,15882,0.3608,1.8403,-1.4795,40.32
2026-04-30,281.59,287.32,279.92,282.95,288.50,292.50,285.22,286.85,280.51,275.9440,1,304.2897,0,5940,15724,-0.1592,1.4404,-1.5996,38.19
2026-05-01,283.57,287.35,277.84,285.13,286.38,292.54,284.63,286.95,280.66,275.9440,1,302.9948,0,6816,15680,-0.3908,1.0741,-1.4649,34.64
2026-05-04,282.21,284.37,273.45,278.35,285.42,292.17,283.93,287.06,280.81,275.9440,1,301.7517,0,11019,15678,-1.1083,0.6377,-1.7459,31.97
2026-05-05,279.25,284.97,277.64,283.58,284.92,291.95,283.63,287.25,281.03,275.9440,1,300.5584,0,5258,15529,-1.2407,0.2620,-1.5027,32.04
2026-05-06,285.79,290.78,285.79,289.06,284.88,291.19,283.37,287.43,281.26,275.9440,1,299.4127,0,8836,15497,-0.8933,0.0309,-0.9242,35.15
2026-05-07,288.48,292.06,284.57,286.28,285.16,290.04,283.19,287.60,281.47,275.9440,1,298.3129,0,7259,14584,-0.8331,-0.1419,-0.6912,35.07
2026-05-08,285.75,286.10,281.30,282.96,285.10,289.59,282.85,287.72,281.65,275.9440,1,297.2571,0,3573,14212,-1.0406,-0.3216,-0.7190,37.99
2026-05-11,278.69,282.29,270.41,270.60,283.13,287.94,282.70,287.68,281.78,306.0693,0,296.2435,0,6970,14087,-2.1775,-0.6928,-1.4847,34.41
2026-05-12,270.60,280.27,262.45,266.51,280.84,286.12,282.43,287.53,281.90,303.4544,0,294.6935,0,5716,13969,-3.3698,-1.2282,-2.1416,31.27
2026-05-13,264.51,266.51,255.12,261.73,278.72,284.43,282.11,287.33,281.99,293.1167,0,292.1140,0,11096,13886,-4.6468,-1.9119,-2.7349,29.78
2026-05-14,264.30,269.40,261.42,264.49,276.87,282.68,281.72,287.15,282.10,293.1167,0,288.4141,0,4268,13729,-5.3739,-2.6043,-2.7696,29.33
2026-05-15,262.79,265.96,258.02,262.34,274.59,280.49,281.45,286.97,282.20,292.6942,0,285.0842,0,4838,13569,-6.0542,-3.2943,-2.7599,31.31
2026-05-18,265.32,269.07,262.64,266.25,273.38,279.40,281.36,286.95,282.32,292.6942,0,282.0873,0,7151,13523,-6.2062,-3.8767,-2.3295,30.60
2026-05-19,266.25,274.37,262.26,265.99,271.62,278.27,281.22,287.02,282.47,292.6942,0,279.3901,0,4452,13260,-6.2753,-4.3564,-1.9189,33.85
2026-05-20,265.99,277.01,265.99,275.38,270.25,277.57,281.16,287.02,282.63,292.6942,0,255.1152,1,5713,13002,-5.5089,-4.5869,-0.9220,38.41
2026-05-21,274.87,285.92,271.80,282.94,269.92,277.54,281.30,287.10,282.82,292.6942,0,255.5530,1,7628,12904,-4.2423,-4.5180,0.2757,41.81
2026-05-22,282.78,287.10,279.52,284.24,270.05,277.57,281.52,287.32,283.03,292.6942,0,256.7676,1,9629,12665,-3.0981,-4.2340,1.1359,44.18
2026-05-26,286.14,294.34,283.34,285.99,271.59,277.36,281.90,287.52,283.26,292.6942,0,258.5878,1,6048,12591,-2.0271,-3.7926,1.7655,44.02
2026-05-27,287.43,292.20,281.25,283.24,273.26,277.05,282.25,287.55,283.49,292.6942,0,261.4478,1,4826,12575,-1.3838,-3.3109,1.9271,45.84
2026-05-28,283.86,289.17,278.28,283.87,275.47,277.09,282.56,287.53,283.71,292.6942,0,264.0791,1,6999,12484,-0.8139,-2.8115,1.9976,44.30
2026-05-29,281.48,292.04,281.48,288.75,277.90,277.38,283.06,287.45,283.87,292.6942,0,266.4998,1,9434,11983,0.0312,-2.2429,2.2741,47.39
2026-06-01,283.92,289.14,280.68,281.68,279.83,277.21,283.29,287.36,283.98,292.6942,0,268.7269,1,7114,11954,0.1286,-1.7686,1.8972,44.25
2026-06-02,282.14,288.11,282.14,287.05,281.91,277.65,283.62,287.22,284.14,292.6942,0,270.7758,1,4804,11825,0.6324,-1.2884,1.9208,46.33
2026-06-03,286.69,289.11,275.68,275.89,282.90,277.26,283.66,287.04,284.26,292.6942,0,272.6608,1,6304,11545,0.1293,-1.0049,1.1342,39.74
2026-06-04,280.02,290.36,275.98,287.96,284.16,277.21,283.90,287.07,284.41,292.6942,0,274.3950,1,7532,11271,0.6967,-0.6646,1.3613,44.96
2026-06-05,288.46,291.85,279.03,287.25,284.59,277.26,284.16,287.09,284.55,292.6942,0,275.6797,1,7572,11093,1.0768,-0.3163,1.3931,45.41
2026-06-08,288.76,292.69,286.02,288.99,285.07,277.56,284.47,287.08,284.69,292.6942,0,275.9790,1,5908,11084,1.5009,0.0471,1.4537,48.88
2026-06-09,291.77,297.91,285.96,287.43,285.21,278.40,284.77,287.06,284.82,292.6942,0,277.4477,1,6424,10904,1.6918,0.3761,1.3158,46.04
2026-06-10,290.03,292.79,287.39,288.80,285.77,279.51,285.04,287.04,284.89,292.6942,0,279.4940,1,4892,10644,1.9312,0.6871,1.2441,49.52
2026-06-11,289.52,294.83,285.04,290.43,286.42,280.95,285.15,287.12,284.95,292.6942,0,281.3356,1,6025,10595,2.2265,0.9950,1.2315,47.31
2026-06-12,290.43,299.34,289.69,293.45,286.89,282.40,285.33,287.15,284.99,264.4572,1,282.9931,1,11352,10503,2.6736,1.3307,1.3429,46.86
2026-06-15,295.92,300.33,286.80,288.30,287.56,283.69,285.41,287.18,284.98,264.4572,1,284.9544,1,7859,10371,2.5828,1.5811,1.0017,43.11
2026-06-16,289.76,299.25,285.08,287.09,287.56,284.74,285.44,287.19,284.99,264.4572,1,300.3251,0,11653,10236,2.3859,1.7421,0.6438,38.28
2026-06-17,287.09,292.25,279.19,281.62,288.13,285.52,285.31,287.19,284.99,264.4572,1,300.3251,0,10217,9999,1.7674,1.7471,0.0203,36.61
2026-06-18,286.09,291.74,280.57,284.02,287.74,285.95,284.91,287.21,285.03,264.4572,1,299.4797,0,13094,9859,1.4545,1.6886,-0.2341,35.94
2026-06-22,286.40,288.14,282.93,284.73,287.49,286.04,284.42,287.24,285.11,264.4572,1,298.6682,0,5479,9523,1.2494,1.6008,-0.3514,36.57
2026-06-23,286.29,292.53,286.10,290.72,287.66,286.36,284.39,287.37,285.23,264.4572,1,297.8892,0,5827,9211,1.5519,1.5910,-0.0391,40.62
2026-06-24,290.36,297.01,290.23,295.17,288.43,286.82,284.22,287.50,285.39,264.4572,1,297.1413,0,8963,9050,2.1263,1.6981,0.4282,42.33
2026-06-25,295.17,302.32,295.17,300.98,289.65,287.71,284.18,287.83,285.50,270.0785,1,279.1919,1,6123,8891,3.0161,1.9617,1.0545,43.26
2026-06-26,300.98,309.14,300.18,307.72,291.38,288.90,284.43,288.18,285.68,276.1689,1,279.6544,1,14834,8808,4.2162,2.4126,1.8036,42.57
2026-06-29,305.54,306.35,298.64,306.31,292.67,289.78,284.57,288.51,285.86,276.1689,1,280.8337,1,5342,8711,4.9961,2.9293,2.0668,42.46
2026-06-30,303.79,307.32,302.74,306.47,294.48,291.02,284.57,288.84,285.98,278.1300,1,281.9658,1,8139,8365,5.5630,3.4560,2.1070,42.09
2026-07-01,305.37,321.23,300.69,314.04,297.18,292.37,285.09,289.13,286.14,280.5914,1,283.0525,1,12432,8113,6.5478,4.0744,2.4735,46.57
2026-07-02,317.76,320.34,309.60,316.48,300.66,294.40,285.65,289.43,286.29,284.4187,1,285.3431,1,14844,8161,7.4390,4.7473,2.6917,51.80
2026-07-06,313.30,316.85,296.22,301.72,302.43,295.09,285.89,289.50,286.40,284.4187,1,287.4963,1,14273,8219,6.8753,5.1729,1.7024,45.68
2026-07-07,301.93,308.27,292.52,293.27,303.29,295.39,286.09,289.51,286.48,284.4187,1,289.5202,1,7377,8055,5.6811,5.2745,0.4065,38.10
2026-07-08,295.02,297.66,283.39,287.57,302.97,295.32,286.17,289.50,286.47,284.4187,1,321.2288,0,7580,7993,4.2262,5.0649,-0.8387,36.28
2026-07-09,290.33,297.33,284.38,290.69,302.53,295.48,286.18,289.49,286.52,284.4187,1,320.4721,0,5535,7916,3.2865,4.7092,-1.4227,44.29
2026-07-10,290.69,295.15,288.46,290.10,301.44,295.54,286.19,289.51,286.59,284.4187,1,319.7305,0,11601,7897,2.4659,4.2605,-1.7947,39.69
2026-07-13,290.10,294.09,285.90,288.93,299.56,295.47,286.31,289.44,286.64,284.4187,1,319.0037,0,9092,7833,1.7017,3.7488,-2.0471,37.21
2026-07-14,291.08,291.30,284.74,287.15,297.64,295.15,286.39,289.38,286.74,284.4187,1,318.2915,0,3914,7793,0.9419,3.1874,-2.2455,35.39
2026-07-15,292.21,292.21,287.33,288.85,295.88,295.18,286.47,289.31,286.83,284.4187,1,317.5935,0,4661,7750,0.4712,2.6442,-2.1729,33.83
2026-07-16,288.31,304.75,288.31,301.33,294.61,295.89,286.93,289.25,287.03,284.4187,1,316.9095,0,7037,7670,1.0928,2.3339,-1.2411,38.08
2026-07-17,296.84,301.96,288.40,294.49,292.41,296.54,287.15,289.17,287.22,284.4187,1,316.2392,0,16587,7897,1.0213,2.0714,-1.0500,37.63
2026-07-20,293.36,294.15,281.40,290.99,291.34,296.89,287.19,289.06,287.37,284.4187,1,315.5822,0,18344,8087,0.6743,1.7920,-1.1176,37.51
2026-07-21,290.40,295.19,282.71,294.97,291.51,297.40,287.36,289.10,287.54,284.4187,1,314.2148,0,12120,8184,0.7123,1.5760,-0.8637,40.89
2026-07-22,294.67,294.74,285.37,287.52,291.50,297.24,287.45,289.21,287.65,284.4187,1,312.9021,0,14523,8403,0.1402,1.2889,-1.1487,38.07
2026-07-23,283.79,287.66,278.38,279.24,290.36,296.44,287.62,289.25,287.67,316.0495,0,311.6419,0,14217,8548,-0.9703,0.8371,-1.8073,33.59
2026-07-24,282.58,287.93,277.38,278.75,289.22,295.33,287.87,289.24,287.61,315.5447,0,309.6464,0,8353,8601,-1.8682,0.2960,-2.1642,31.41
2026-07-27,281.00,283.11,275.71,278.26,288.16,293.86,288.20,289.23,287.55,311.2339,0,307.0648,0,15729,8693,-2.5895,-0.2811,-2.3084,29.60
2026-07-28,278.26,288.87,278.09,287.73,288.21,292.93,288.66,289.19,287.53,311.2339,0,303.9292,0,8622,8780,-2.3697,-0.6988,-1.6709,33.88
2026-07-29,284.78,289.72,282.88,283.42,287.67,291.78,289.08,289.13,287.50,311.2339,0,301.1073,0,23207,9148,-2.5144,-1.0619,-1.4524,30.37
2026-07-30,283.07,288.47,280.83,282.35,285.77,290.19,289.41,289.08,287.57,311.2339,0,298.5675,0,18875,9382,-2.6842,-1.3864,-1.2978,28.69
2026-07-31,282.61,287.95,279.52,284.55,284.78,288.60,289.78,289.00,287.71,311.2339,0,296.2817,0,15428,9602,-2.6116,-1.6314,-0.9802,30.90
2026-08-03,287.60,295.55,282.32,294.27,285.11,288.22,290.16,289.00,287.80,311.2339,0,275.7096,1,12801,9743,-1.7495,-1.6550,-0.0945,34.97
2026-08-04,296.83,304.70,294.04,303.93,286.00,288.76,290.58,289.11,287.97,311.2339,0,276.1064,1,16899,9929,-0.2836,-1.3807,1.0972,37.85
2026-08-05,304.49,307.38,289.78,303.06,287.56,289.53,290.95,289.27,288.23,311.2339,0,277.2501,1,18456,10105,0.7988,-0.9448,1.7436,40.33
2026-08-06,302.67,307.33,298.00,299.42,289.58,289.97,291.22,289.41,288.44,311.2339,0,279.0579,1,10599,10196,1.3473,-0.4864,1.8337,39.96
2026-08-07,300.69,303.62,297.01,301.57,291.86,290.54,291.59,289.54,288.56,311.2339,0,280.7572,1,12696,10354,1.9332,-0.0025,1.9357,41.66
2026-08-10,297.97,302.04,295.26,298.86,293.92,291.04,291.89,289.74,288.62,311.2339,0,282.3546,1,9892,10412,2.1540,0.4288,1.7252,42.59
2026-08-11,299.15,313.30,299.15,311.50,296.29,292.25,292.34,289.86,288.67,274.8491,1,283.8561,1,10217,10427,3.3108,1.0052,2.3056,49.94
2026-08-12,311.52,317.55,309.00,313.45,299.30,293.48,292.98,289.95,288.76,282.4717,1,286.2116,1,19120,10668,4.3350,1.6712,2.6638,49.61
2026-08-13,314.92,321.91,310.34,312.40,302.30,294.04,293.48,290.16,288.78,284.9311,1,289.3455,1,24867,11069,5.0042,2.3378,2.6664,46.17
2026-08-14,311.05,313.30,305.14,309.33,304.78,294.78,294.15,290.31,288.82,284.9311,1,293.2532,1,16023,11263,5.2266,2.9155,2.3111,42.95
2026-08-17,308.62,311.52,301.43,301.87,305.54,295.32,294.43,290.49,288.91,284.9311,1,296.6920,1,13101,11375,4.7462,3.2817,1.4645,40.51
2026-08-18,302.38,312.40,298.00,308.84,306.03,296.02,294.86,290.68,289.04,284.9311,1,321.9100,0,14701,11517,4.8717,3.5997,1.2720,42.88
2026-08-19,312.01,312.01,301.01,302.47,305.97,296.76,295.13,290.88,289.10,284.9311,1,321.4318,0,22776,11854,4.4064,3.7610,0.6454,37.33
2026-08-20,298.33,301.56,294.95,298.90,305.92,297.75,295.36,291.00,289.14,284.9311,1,320.9632,0,19100,12108,3.7068,3.7502,-0.0434,37.37
2026-08-21,300.69,303.53,294.26,297.42,305.50,298.68,295.53,291.06,289.16,284.9311,1,319.9226,0,14306,12296,2.9984,3.5998,-0.6014,38.41
2026-08-24,298.19,306.51,298.19,303.96,306.01,299.97,295.81,291.13,289.29,284.9311,1,318.3829,0,17387,12524,2.9309,3.4660,-0.5351,41.59
2026-08-25,305.85,306.35,298.35,301.31,304.99,300.64,295.96,291.20,289.35,284.9311,1,316.9355,0,14071,12578,2.6333,3.2995,-0.6662,39.11
2026-08-26,298.65,302.05,295.31,300.17,303.67,301.48,296.20,291.16,289.43,284.9311,1,315.5750,0,10806,12637,2.2791,3.0954,-0.8163,36.41
2026-08-27,297.41,301.89,294.86,298.17,302.24,302.27,296.42,291.04,289.50,284.9311,1,314.2961,0,9482,12593,1.8161,2.8396,-1.0234,36.95
2026-08-28,298.17,310.08,293.45,295.67,300.88,302.83,296.70,290.96,289.56,284.9311,1,313.0939,0,18006,12749,1.2333,2.5183,-1.2850,32.92
2026-08-31,293.32,295.52,286.86,288.27,299.52,302.53,296.79,290.86,289.61,284.9311,1,311.5224,0,8216,12652,0.1722,2.0491,-1.8769,30.89
2026-09-01,287.81,291.07,279.05,282.21,296.86,301.44,296.74,290.77,289.61,315.4727,0,310.0800,0,14223,12827,-1.1445,1.4104,-2.5548,27.94
2026-09-02,285.55,298.73,285.55,295.21,296.13,301.05,296.83,290.74,289.73,315.4727,0,306.3564,0,16679,13044,-1.1260,0.9031,-2.0291,37.15
2026-09-03,298.29,303.07,296.38,297.23,295.96,300.94,296.87,290.67,289.84,315.4727,0,303.0796,0,13494,13134,-0.9375,0.5350,-1.4725,37.87
2026-09-04,295.80,308.48,293.35,307.99,297.02,301.26,297.01,290.74,290.13,315.4727,0,279.0500,1,10071,13213,0.0792,0.4438,-0.3646,47.81
2026-09-08,305.78,310.95,304.37,310.59,297.68,301.85,297.07,290.79,290.40,315.4727,0,279.6386,1,11709,13151,1.0822,0.5715,0.5107,51.09
2026-09-09,306.54,308.66,303.72,306.36,298.19,301.59,297.07,290.74,290.65,315.4727,0,280.8910,1,10079,13245,1.5183,0.7609,0.7575,50.31
2026-09-10,301.07,309.15,300.35,308.39,299.01,301.34,297.10,290.61,290.91,315.4727,0,282.0934,1,9437,13271,2.0047,1.0096,0.9950,53.11
2026-09-11,310.00,313.18,303.06,312.49,300.44,301.34,297.07,290.51,291.12,315.4727,0,283.2477,1,9187,13206,2.6899,1.3457,1.3442,55.32
2026-09-14,310.00,315.87,306.78,310.16,301.89,301.38,296.95,290.37,291.31,315.4727,0,285.0436,1,9863,13107,3.0102,1.6786,1.3316,55.28
2026-09-15,308.76,314.00,305.69,306.08,303.67,301.59,297.03,290.24,291.38,315.4727,0,287.5097,1,7346,12968,2.9014,1.9232,0.9783,55.04
2026-09-16,306.84,308.61,294.20,301.05,305.55,301.20,297.19,290.22,291.43,315.4727,0,289.7785,1,9272,13006,2.3819,2.0149,0.3670,51.95
2026-09-17,305.74,309.79,304.38,306.26,306.66,301.39,297.56,290.26,291.51,315.4727,0,291.8659,1,11975,13094,2.3633,2.0846,0.2787,55.74
2026-09-18,304.00,308.91,300.44,304.04,307.34,301.65,297.83,290.29,291.58,315.4727,0,293.7862,1,18486,13353,2.1447,2.0966,0.0481,54.33
2026-09-21,307.84,311.57,305.54,308.55,307.40,302.21,298.20,290.27,291.68,315.4727,0,295.5529,1,9071,13303,2.3088,2.1390,0.1697,53.35
2026-09-22,311.08,313.99,304.08,304.20,306.76,302.22,298.51,290.20,291.70,315.4727,0,297.1783,1,10708,13335,2.0640,2.1240,-0.0600,45.87
2026-09-23,304.25,305.45,291.32,292.63,305.39,301.79,298.61,290.08,291.69,315.4727,0,315.8700,0,18319,13623,0.9257,1.8844,-0.9586,41.95
2026-09-24,293.00,298.60,290.50,297.19,304.26,301.64,298.78,289.96,291.68,315.4727,0,315.3790,0,13374,13797,0.3871,1.5849,-1.1978,43.39
2026-09-25,300.36,302.99,294.52,299.18,302.93,301.69,298.74,289.87,291.62,315.4727,0,314.3838,0,12685,13910,0.1195,1.2918,-1.1723,43.64
2026-09-28,295.90,299.19,292.58,295.88,301.51,301.70,298.77,289.85,291.57,315.4727,0,313.4285,0,11184,13802,-0.3548,0.9625,-1.3173,45.41
2026-09-29,297.81,303.00,290.53,290.86,299.98,301.83,298.76,289.77,291.49,315.4727,0,312.5113,0,22193,13879,-1.1228,0.5454,-1.6683,44.72
2026-09-30,294.20,294.20,281.02,282.59,298.14,301.85,298.52,289.69,291.45,315.4727,0,311.6309,0,11219,13861,-2.3714,-0.0379,-2.3335,42.69
2026-10-01,284.00,285.66,279.26,283.85,295.90,301.28,298.44,289.58,291.52,311.6955,0,309.7942,0,7891,13728,-3.2222,-0.6748,-2.5474,44.28
2026-10-02,288.36,293.05,284.58,287.78,294.27,300.81,298.61,289.65,291.59,311.6955,0,307.3515,0,9583,13636,-3.5385,-1.2475,-2.2910,51.88
2026-10-05,289.75,290.53,281.73,283.84,291.80,299.60,298.72,289.67,291.61,311.6955,0,305.1042,0,12461,13718,-4.0603,-1.8101,-2.2502,45.66
2026-10-06,284.27,286.92,282.00,286.40,290.02,298.39,298.88,289.73,291.64,311.6955,0,303.0366,0,6845,13540,-4.2186,-2.2918,-1.9268,43.55
2026-10-07,281.23,287.64,279.30,285.95,289.35,297.37,298.84,289.74,291.61,310.6322,0,301.1345,0,8721,13542,-4.3305,-2.6995,-1.6310,44.06
2026-10-08,283.46,292.31,283.46,290.61,288.69,296.48,298.99,289.84,291.60,310.6322,0,299.3846,0,8399,13246,-3.9971,-2.9590,-1.0380,43.92
2026-10-09,293.50,293.60,288.05,288.33,287.61,295.27,299.11,289.96,291.58,310.6322,0,297.7746,0,11043,13089,-3.8721,-3.1417,-0.7305,41.19
