symbol,longName,sector,industry,country,marketCap,currentPrice,averageVolume10days,averageVolume3months,averageDollarVolume,revenueGrowth,earningsGrowth,earningsQuarterlyGrowth,grossMargins,operatingMargins,profitMargins,returnOnEquity,returnOnAssets,totalCash,totalDebt,debtToEquity,currentRatio,quickRatio,operatingCashflow,freeCashflow,sharesOutstanding,floatShares,heldPercentInsiders,heldPercentInstitutions,sharesShort,shortRatio,shortPercentOfFloat,trailingPE,forwardPE,priceToSalesTrailing12Months,priceToBook,enterpriseToRevenue,enterpriseToEbitda,targetMeanPrice,targetHighPrice,targetLowPrice,recommendationMean,recommendationKey,numberOfAnalystOpinions,epsRevisionUpLast7Days,epsRevisionUpLast30Days,epsRevisionDownLast7Days,epsRevisionDownLast30Days,nextEarningsDate,beta,website,retrievedAt
HUBS,HubSpot Inc.,Technology,Software - Application,United States,11384453120,228.3,1474500,1773206,404822929.8,0.198,,,0.83248,0.04869,0.042579997,0.07892,0.023610001,1337943040,236914000,14.3,1.378,1.112,856364992,666651008,49866201,48008685,0.03694,1.00525,3178892,2.53,0.085,81.53571,13.556227,3.3008003,6.8429103,3.033,66.767,248.774,320.0,190.0,2.4,buy,30,2,2,1,1,2026-11-04,1.235,https://www.hubspot.com,2026-10-10T21:31:35.440592+01:00
Date,Open,High,Low,Close,Ma10:Top:Line,Ma20:Top:Line,Ma50:Top:Line,Ma150:Top:Line,Ma200:Top:Line,Supertrend:Top:ColorLine,Supertrend_Dir,ParabolicSAR:Top:ColorLine,ParabolicSAR_Dir,Volume:Middle:Histogram,Vo50:Middle:Line,Macd:Bottom:Line,MacdSignal:Bottom:Line,MacdDelta:Bottom:Histogram,RsRating:Hidden:Hidden
2023-08-03,514.58,515.53,489.19,490.00,,,,,,,0,515.5300,0,903119,,,,,0
2023-08-04,497.92,505.23,481.32,483.69,,,,,,,0,515.5300,0,588747,,,,,0
2023-08-07,483.57,494.64,478.55,494.16,,,,,,,0,515.5300,0,328567,,,,,0
2023-08-08,484.10,490.00,477.51,484.11,,,,,,,0,514.0507,0,271295,,,,,0
2023-08-09,482.75,492.51,479.55,488.07,,,,,,,0,511.8583,0,282495,,,,,0
2023-08-10,494.20,509.41,490.76,507.03,,,,,,,0,509.7974,0,367952,,,,,0
2023-08-11,503.00,516.11,501.28,507.77,,,,,,,0,477.5100,1,272571,,,,,0
2023-08-14,502.51,511.26,502.00,508.08,,,,,,,0,478.2820,1,210904,,,,,0
2023-08-15,507.76,514.29,504.78,508.56,,,,,,,0,479.0386,1,158162,,,,,0
2023-08-16,510.42,519.98,506.57,510.07,498.15,,,,,562.5674,0,479.7800,1,338074,,,,,0
2023-08-17,506.00,508.62,491.52,491.83,498.34,,,,,549.9982,0,481.3880,1,242128,,,,,0
2023-08-18,486.00,509.75,486.00,504.93,500.46,,,,,549.9353,0,482.9317,1,310986,,,,,0
2023-08-21,505.97,514.76,501.13,503.02,501.35,,,,,549.9353,0,484.4136,1,249297,,,,,0
2023-08-22,506.83,510.46,500.55,504.54,503.39,,,,,549.9353,0,485.8363,1,161352,,,,,0
2023-08-23,506.72,517.52,503.81,514.22,506.00,,,,,549.9353,0,487.2020,1,140691,,,,,0
2023-08-24,521.00,522.00,503.16,503.18,505.62,,,,,549.9353,0,488.5131,1,142148,,,,,0
2023-08-25,504.49,515.58,499.20,512.75,506.12,,,,,549.9353,0,490.5223,1,217457,,,,,0
2023-08-28,514.27,518.02,508.93,511.52,506.46,,,,,549.9353,0,492.4110,1,135092,,,,,0
2023-08-29,507.10,525.31,507.10,525.10,508.12,,,,,549.9353,0,494.1863,1,145085,,,,,0
2023-08-30,525.27,533.32,523.96,530.80,510.19,504.17,,,,549.9353,0,496.6762,1,167096,,,,,0
2023-08-31,531.73,548.20,531.73,546.52,515.66,507.00,,,,549.9353,0,500.3406,1,279654,,,,,0
2023-09-01,550.00,558.62,548.22,551.61,520.33,510.39,,,,508.1574,1,506.0837,1,261684,,,,,0
2023-09-05,557.05,557.05,542.06,550.45,525.07,513.21,,,,508.1574,1,513.4388,1,243794,,,,,0
2023-09-06,547.09,557.33,543.70,544.14,529.03,516.21,,,,508.1574,1,519.7642,1,345311,,,,,0
2023-09-07,537.18,552.06,532.97,550.58,532.66,519.33,,,,508.1574,1,525.2040,1,284044,,,,,0
2023-09-08,550.00,556.76,536.68,537.19,536.07,520.84,,,,508.1574,1,529.8822,1,185707,,,,,0
2023-09-11,539.48,544.89,536.70,542.40,539.03,522.57,,,,508.1574,1,532.9700,1,158544,,,,,0
2023-09-12,533.70,539.36,528.89,529.67,540.85,523.65,,,,508.1574,1,558.6200,0,133901,,,,,0
2023-09-13,524.32,530.39,517.42,519.41,540.28,524.20,,,,508.1574,1,558.0254,0,214205,,,,,0
2023-09-14,521.60,524.44,510.42,513.52,538.55,524.37,,,,508.1574,1,556.4012,0,218349,,,,,0
2023-09-15,507.52,512.57,502.00,511.74,535.07,525.36,,,,508.1574,1,553.6423,0,361800,,,,,0
2023-09-18,507.64,514.88,506.74,510.34,530.94,525.63,,,,508.1574,1,549.5109,0,229347,,,,,0
2023-09-19,506.55,512.89,503.74,512.45,527.14,526.11,,,,508.1574,1,545.7101,0,182073,,,,,0
2023-09-20,505.87,515.87,504.79,505.02,523.23,526.13,,,,548.0755,0,542.2132,0,127922,,4.3718,12.1003,-7.7284,0
2023-09-21,498.27,499.25,480.00,480.36,516.21,524.44,,,,532.3286,0,538.9962,0,292875,,0.9306,9.8663,-8.9357,0
2023-09-22,483.79,487.58,478.57,482.39,510.73,523.40,,,,524.2112,0,533.0966,0,148045,,-1.6142,7.5702,-9.1844,0
2023-09-25,479.47,487.32,478.32,483.24,504.81,521.92,,,,522.5426,0,526.5534,0,115204,,-3.5218,5.3518,-8.8736,0
2023-09-26,478.78,481.67,466.11,468.24,498.67,519.76,,,,514.7793,0,519.8007,0,270409,,-6.1728,3.0469,-9.2197,0
2023-09-27,472.27,489.02,470.89,483.37,495.07,517.67,,,,514.7793,0,511.2102,0,204175,,-6.9725,1.0430,-8.0155,0
2023-09-28,480.00,495.48,476.98,491.00,492.81,515.68,,,,514.7793,0,503.9942,0,119166,,-6.9109,-0.5478,-6.3631,0
2023-09-29,498.17,505.00,492.31,492.50,490.89,512.98,,,,514.7793,0,466.1100,1,184146,,-6.6642,-1.7711,-4.8932,0
2023-10-02,492.12,505.29,491.49,495.40,489.40,510.17,,,,514.7793,0,466.8878,1,219561,,-6.1637,-2.6496,-3.5141,0
2023-10-03,490.01,490.01,457.53,465.94,484.75,505.94,,,,514.7793,0,505.2900,0,387895,,-8.0514,-3.7300,-4.3214,0
2023-10-04,468.55,478.05,463.25,476.82,481.93,502.58,,,,514.7793,0,505.2900,0,258198,,-8.5707,-4.6981,-3.8726,0
2023-10-05,474.44,476.33,457.00,464.94,480.38,498.30,,,,514.7793,0,504.3348,0,330944,,-9.8275,-5.7240,-4.1036,0
2023-10-06,459.23,485.51,454.32,483.18,480.46,495.60,,,,514.7793,0,502.4414,0,417274,,-9.2452,-6.4282,-2.8170,0
2023-10-09,477.00,491.63,477.00,487.98,480.94,492.88,,,,514.7793,0,499.5541,0,231254,,-8.3007,-6.8027,-1.4980,0
2023-10-10,487.54,500.30,467.30,467.80,480.89,489.78,,,,514.7793,0,454.3200,1,692859,,-9.0760,-7.2574,-1.8186,0
2023-10-11,450.02,464.20,445.86,455.45,478.10,486.58,,,,514.4022,0,500.3000,0,758188,,-10.5651,-7.9189,-2.6462,0
2023-10-12,457.05,463.64,448.52,456.39,474.64,483.73,502.87,,,514.0448,0,500.3000,0,264524,275085,-11.5364,-8.6424,-2.8940,0
2023-10-13,464.06,466.61,451.61,456.27,471.02,480.95,502.19,,,514.0448,0,499.2113,0,235390,261731,-12.1755,-9.3490,-2.8265,0
2023-10-16,458.32,471.83,456.38,469.16,468.39,478.89,501.90,,,514.0448,0,498.1444,0,150929,252974,-11.5092,-9.7811,-1.7281,0
2023-10-17,457.66,474.98,457.66,468.74,468.67,476.71,501.40,,,514.0448,0,497.0988,0,165887,249721,-10.8895,-10.0027,-0.8868,0
2023-10-18,458.32,465.05,442.82,445.40,465.53,473.73,500.62,,,511.4811,0,496.0741,0,384915,251993,-12.1418,-10.4305,-1.7112,0
2023-10-19,451.98,452.75,442.33,444.83,463.52,471.95,499.76,,,502.4598,0,493.9439,0,190031,250144,-13.0300,-10.9504,-2.0796,0
2023-10-20,444.40,444.40,425.20,429.07,458.11,469.29,498.20,,,490.1168,0,490.8471,0,352395,249833,-14.8346,-11.7273,-3.1074,0
2023-10-23,426.49,437.23,424.04,431.02,452.41,466.67,496.66,,,484.3761,0,485.5953,0,256672,249515,-15.9239,-12.5666,-3.3573,0
2023-10-24,433.17,437.83,423.58,433.50,448.98,464.94,495.17,,,483.3492,0,479.4393,0,194511,249187,-16.3980,-13.3329,-3.0651,0
2023-10-25,429.03,429.50,411.18,411.69,444.61,461.35,493.23,,,474.4168,0,472.7362,0,238327,250790,-18.3224,-14.3308,-3.9916,0
2023-10-26,417.75,422.42,407.23,410.93,440.06,457.35,491.25,,,468.0489,0,464.1190,0,404150,252112,-19.6820,-15.4010,-4.2810,0
2023-10-27,417.72,422.16,410.00,416.27,436.06,453.54,489.74,,,467.6295,0,455.0168,0,186114,250992,-20.0969,-16.3402,-3.7567,0
2023-10-30,421.17,421.44,411.22,415.64,430.71,449.55,487.95,,,465.7909,0,447.3709,0,177021,248312,-20.2432,-17.1208,-3.1224,0
2023-10-31,420.00,426.15,414.25,423.77,426.21,447.44,486.37,,,465.7909,0,440.9484,0,213707,247600,-19.4786,-17.5923,-1.8862,0
2023-11-01,422.06,425.64,409.50,421.12,423.78,444.66,484.70,,,465.6889,0,435.5534,0,194305,248260,-18.8689,-17.8477,-1.0213,0
2023-11-02,433.20,435.59,415.78,421.74,421.47,442.50,482.85,,,465.6889,0,407.2300,1,352026,252486,-18.1268,-17.9035,-0.2233,0
2023-11-03,418.87,422.91,408.62,422.89,420.86,439.48,481.24,,,464.3770,0,407.7972,1,560498,260853,-17.2470,-17.7722,0.5252,0
2023-11-06,427.56,427.56,414.54,420.50,419.80,436.11,479.40,,,464.3770,0,408.3531,1,308311,262670,-16.5519,-17.5281,0.9763,0
2023-11-07,429.00,446.86,427.35,437.89,420.24,434.61,477.93,,,464.3770,0,408.6200,1,666381,273296,-14.4314,-16.9088,2.4774,0
2023-11-08,437.36,444.98,435.21,442.15,423.29,433.95,476.27,,,464.3770,0,410.1496,1,509047,280575,-12.2657,-15.9802,3.7144,0
2023-11-09,465.00,465.00,413.07,415.12,423.71,431.88,473.95,,,464.3770,0,411.6180,1,834142,293916,-12.5855,-15.3012,2.7158,0
2023-11-10,413.95,429.57,413.95,428.92,424.97,430.52,471.60,,,464.3770,0,413.0700,1,311868,294561,-11.5917,-14.5593,2.9676,0
2023-11-13,428.00,436.48,425.07,431.73,426.58,428.65,469.21,,,464.3770,0,413.0700,1,239006,294107,-10.4568,-13.7388,3.2820,0
2023-11-14,444.30,457.62,444.30,455.30,429.74,427.97,467.30,,,464.3770,0,413.9500,1,357547,296382,-7.5683,-12.5047,4.9364,0
2023-11-15,457.02,469.89,456.50,468.32,434.46,429.12,465.79,,,406.6901,1,417.0130,1,450009,298476,-4.1803,-10.8398,6.6595,0
2023-11-16,468.00,472.31,462.03,465.67,438.85,430.16,464.09,,,413.2316,1,421.2432,1,252160,297838,-1.6897,-9.0098,7.3201,0
2023-11-17,464.50,469.86,459.63,468.62,443.42,432.14,462.72,,,413.2316,1,426.3499,1,227000,298664,0.5163,-7.1046,7.6209,0
2023-11-20,470.55,481.77,470.00,475.46,448.92,434.36,461.38,,,425.4865,1,430.9459,1,218854,299870,2.7843,-5.1268,7.9111,0
2023-11-21,466.80,476.94,465.99,471.60,452.29,436.27,460.22,,,425.4865,1,437.0448,1,162136,300435,4.2216,-3.2571,7.4788,0
2023-11-22,476.22,476.22,467.01,467.69,454.84,439.07,459.18,,,425.4865,1,442.4118,1,151438,299180,4.9877,-1.6081,6.5959,0
2023-11-24,466.11,468.15,462.79,467.75,460.11,441.91,458.27,,,425.4865,1,447.1348,1,59124,295995,5.5359,-0.1793,5.7152,0
2023-11-27,466.64,472.89,465.25,465.42,463.76,444.37,457.34,,,427.6312,1,451.2910,1,138788,291535,5.7164,0.9998,4.7166,0
2023-11-28,462.55,476.89,462.55,475.59,468.14,447.36,456.64,,,428.1198,1,454.9485,1,169167,290331,6.6040,2.1206,4.4833,0
2023-11-29,482.01,499.15,482.01,496.52,472.26,451.00,456.33,,,446.0741,1,458.1671,1,408189,294854,8.8937,3.4753,5.4185,0
2023-11-30,500.00,508.29,488.26,493.93,474.83,454.64,456.10,,,452.2107,1,462.5500,1,473926,301774,10.3797,4.8561,5.5236,0
2023-12-01,494.45,517.46,492.20,516.97,479.95,459.40,456.84,,,455.7941,1,469.8684,1,446248,304841,13.2636,6.5376,6.7260,0
2023-12-04,512.01,517.31,506.38,506.99,483.79,463.61,457.33,,,464.4337,1,478.4349,1,303738,307955,14.5758,8.1453,6.4305,0
2023-12-05,502.35,507.91,496.96,503.00,486.55,467.73,457.72,,,464.4337,1,485.4594,1,143204,308515,15.1195,9.5401,5.5794,0
2023-12-06,503.11,508.00,497.57,497.79,489.16,470.73,458.31,,,464.4337,1,491.2195,1,148690,306081,14.9575,10.6236,4.3339,0
2023-12-07,495.74,497.13,490.10,492.04,491.60,473.22,458.49,,,464.4337,1,517.4600,0,143922,304876,14.2015,11.3392,2.8623,0
2023-12-08,488.46,506.70,485.78,502.04,495.03,477.57,458.71,,,464.4337,1,516.9128,0,196950,306431,14.2451,11.9204,2.3247,0
2023-12-11,500.06,507.86,497.99,501.70,498.66,481.21,458.89,,,464.4337,1,515.6675,0,107364,304896,14.0897,12.3542,1.7355,0
2023-12-12,512.81,528.76,505.25,527.24,503.82,485.98,459.53,,,470.2696,1,485.7800,1,303585,306576,15.8448,13.0524,2.7925,0
2023-12-13,527.00,537.01,518.75,533.79,507.55,489.91,460.89,,,480.3379,1,486.6396,1,226327,303345,17.5618,13.9542,3.6076,0
2023-12-14,540.00,556.43,539.91,553.35,513.49,494.16,462.42,,,498.5901,1,488.6544,1,467581,307532,20.2673,15.2169,5.0504,0
2023-12-15,555.23,565.74,550.00,557.72,517.57,498.76,464.27,,,508.5261,1,492.7210,1,359172,308097,22.5046,16.6744,5.8302,0
2023-12-18,555.23,566.15,553.81,563.67,523.23,503.51,465.88,,,511.8685,1,498.5625,1,164479,303041,24.4756,18.2346,6.2410,0
2023-12-19,562.68,574.00,562.42,567.35,529.67,508.11,467.47,,,521.4356,1,505.3212,1,193920,302294,26.0345,19.7946,6.2399,0
2023-12-20,561.36,576.90,558.81,564.71,536.36,512.76,469.41,,,521.4356,1,513.5627,1,326007,294957,26.7486,21.1854,5.5632,0
2023-12-21,573.93,580.53,570.63,578.31,544.99,518.29,471.87,,,528.0625,1,522.4299,1,196741,283728,28.0881,22.5660,5.5222,0
2023-12-22,578.31,584.25,573.74,579.90,552.77,523.90,474.34,,,533.0762,1,531.7259,1,163416,281706,28.9444,23.8416,5.1027,0
2023-12-26,580.10,586.29,575.92,584.56,561.06,529.86,476.90,,,536.6711,1,541.1803,1,141230,279823,29.6571,25.0047,4.6524,0
2023-12-27,585.88,588.87,581.67,585.36,566.87,535.35,479.23,,,543.1172,1,550.2022,1,120877,279222,29.9414,25.9921,3.9493,0
2023-12-28,585.54,593.53,579.93,589.05,572.40,539.97,481.63,,,544.7125,1,557.9358,1,165641,279217,30.1172,26.8171,3.3001,0
2023-12-29,587.80,592.00,580.00,580.54,575.12,544.30,484.33,,,544.7125,1,565.0546,1,149895,274517,29.2329,27.3003,1.9326,0
2024-01-02,572.94,574.09,540.28,547.86,574.13,545.85,486.40,,,544.7125,1,593.5300,0,404759,278811,25.6000,26.9602,-1.3602,0
2024-01-03,538.81,545.28,528.62,533.27,571.09,547.16,488.48,,,587.1390,0,592.4650,0,298045,277724,21.2981,25.8278,-4.5297,0
2024-01-04,530.93,541.08,529.52,530.25,567.38,548.52,490.46,,,583.9381,0,589.9112,0,177050,276132,17.4440,24.1510,-6.7070,0
2024-01-05,527.66,544.41,527.00,537.84,564.69,550.53,492.55,,,583.9381,0,587.4596,0,206907,276380,14.8311,22.2870,-7.4559,0
2024-01-08,547.36,560.67,543.98,557.17,562.58,553.78,495.46,,,583.9381,0,583.8320,0,181303,275239,14.1569,20.6610,-6.5041,0
2024-01-09,555.36,570.78,554.13,564.30,561.02,556.90,498.53,,,583.9381,0,580.4221,0,196659,271089,14.0362,19.3361,-5.2999,0
2024-01-10,573.24,577.99,565.99,569.89,559.55,560.31,501.60,,,583.9381,0,527.0000,1,171822,270804,14.2276,18.3144,-4.0868,0
2024-01-11,576.84,576.84,559.90,570.33,558.05,562.46,504.69,,,583.9381,0,528.0198,1,163799,270539,14.2505,17.5016,-3.2511,0
2024-01-12,572.51,573.98,560.99,561.35,555.28,563.84,507.45,,,583.9381,0,529.0192,1,159648,269458,13.3896,16.6792,-3.2895,0
2024-01-16,555.84,565.64,553.34,565.62,553.79,564.45,510.34,,,583.9381,0,529.9986,1,162107,268814,12.9033,15.9240,-3.0207,0
2024-01-17,560.66,565.15,546.48,564.09,555.41,564.77,513.18,,,583.9381,0,530.9584,1,178591,265345,12.2531,15.1898,-2.9367,0
2024-01-18,571.42,574.83,561.56,573.91,559.48,565.28,516.20,,,583.9381,0,531.8991,1,183020,257796,12.3874,14.6293,-2.2419,0
2024-01-19,579.39,582.67,570.80,581.40,564.59,565.99,519.42,,,583.9381,0,532.8209,1,195409,255538,12.9490,14.2933,-1.3443,0
2024-01-22,589.00,598.00,582.74,590.25,569.83,567.26,522.47,,,543.5006,1,534.8149,1,208063,246371,13.9474,14.2241,-0.2767,0
2024-01-23,592.30,595.22,583.06,590.97,573.21,567.90,525.44,,,543.5006,1,538.6060,1,195847,240107,14.6281,14.3049,0.3232,0
2024-01-24,598.08,599.65,585.19,585.70,575.35,568.19,528.86,,,546.8362,1,542.1696,1,149471,226414,14.5743,14.3588,0.2155,0
2024-01-25,592.15,596.51,578.34,585.73,576.93,568.24,531.99,,,546.8362,1,546.7680,1,155160,223280,14.3685,14.3607,0.0078,0
2024-01-26,583.79,595.00,581.57,588.74,578.78,568.41,535.13,,,546.8362,1,550.9986,1,116865,220837,14.2836,14.3453,-0.0617,0
2024-01-29,591.07,610.36,591.07,609.94,583.63,569.46,538.23,,,552.9558,1,554.8907,1,262152,218929,15.7455,14.6253,1.1201,0
2024-01-30,610.04,635.74,610.00,623.98,589.47,571.63,541.34,,,572.1467,1,560.4376,1,507296,220075,17.8314,15.2665,2.5648,0
2024-01-31,614.37,623.16,602.82,611.00,594.16,574.79,544.24,,,572.1467,1,569.4739,1,316987,221371,18.2270,15.8586,2.3684,0
2024-02-01,614.06,621.99,605.11,612.97,598.07,578.77,547.13,,,572.1467,1,577.4259,1,267561,222183,18.4864,16.3842,2.1022,0
2024-02-02,610.00,615.72,599.25,612.39,601.17,582.88,549.87,,,572.1467,1,584.4235,1,271779,223241,18.4327,16.7939,1.6388,0
2024-02-05,607.94,611.80,593.59,602.85,602.43,586.13,552.50,,,572.1467,1,590.5815,1,239090,224780,17.4195,16.9190,0.5005,0
2024-02-06,608.02,608.13,596.86,605.93,603.92,588.57,555.26,,,572.1467,1,593.5900,1,186566,225483,16.6729,16.8698,-0.1969,0
2024-02-07,610.00,615.39,597.59,609.85,606.34,590.84,558.10,,,572.1467,1,593.5900,1,236134,229023,16.2106,16.7379,-0.5273,0
2024-02-08,613.06,629.45,613.06,628.69,610.63,593.78,561.37,,,572.1467,1,596.8600,1,246635,231180,17.1667,16.8237,0.3430,0
2024-02-09,635.03,660.00,634.99,646.63,616.42,597.60,564.79,,,591.8408,1,597.5900,1,349568,234788,19.1511,17.2892,1.8620,0
2024-02-12,639.52,641.01,611.26,617.07,617.14,600.39,567.20,,,591.8408,1,606.3274,1,380300,234230,18.1296,17.4573,0.6724,0
2024-02-13,590.52,613.34,588.04,603.91,615.13,602.30,569.40,,,591.8408,1,660.0000,0,349362,231739,16.0729,17.1804,-1.1075,0
2024-02-14,613.74,631.45,606.99,629.64,616.99,605.58,571.65,,,591.8408,1,658.5609,0,563591,234086,16.3309,17.0105,-0.6796,0
2024-02-15,644.00,646.56,601.35,608.96,616.59,607.33,573.69,,,591.8408,1,657.1506,0,881409,245639,14.6972,16.5478,-1.8506,0
2024-02-16,603.10,618.77,596.95,613.50,616.70,608.93,575.90,,,591.8408,1,655.7685,0,484665,252468,13.6119,15.9606,-2.3487,0
2024-02-20,600.00,607.98,589.59,595.34,615.95,609.19,577.85,,,591.8408,1,654.4140,0,336069,256216,11.1578,15.0001,-3.8422,0
2024-02-21,581.39,591.34,578.06,589.23,614.28,609.10,579.80,,,654.3527,0,653.0866,0,275524,258848,8.6206,13.7242,-5.1036,0
2024-02-22,605.89,609.98,600.08,600.35,613.33,609.83,581.76,,,654.3527,0,650.0856,0,228673,259482,7.4215,12.4637,-5.0421,0
2024-02-23,605.80,610.22,601.26,605.41,611.00,610.82,583.84,,,654.3527,0,647.2045,0,147659,260288,6.8012,11.3312,-4.5300,0
2024-02-26,609.54,614.25,600.89,606.96,607.04,611.73,585.43,,,654.3527,0,644.4388,0,136627,256949,6.3613,10.3372,-3.9759,0
2024-02-27,611.84,621.06,609.04,615.61,606.89,612.01,587.07,,,654.3527,0,641.7836,0,215217,256727,6.6341,9.5966,-2.9624,0
2024-02-28,611.42,617.00,605.60,612.69,607.77,611.45,588.25,,,654.3527,0,639.2347,0,162976,250635,6.5394,8.9851,-2.4457,0
2024-02-29,615.28,619.85,609.43,618.81,606.69,611.84,589.48,,,654.3527,0,636.7877,0,375370,250959,6.8789,8.5639,-1.6850,0
2024-03-01,620.00,635.25,614.68,633.80,609.17,612.88,590.88,,,654.3527,0,578.0600,1,244774,252565,8.2622,8.5035,-0.2413,0
2024-03-04,634.21,635.52,624.20,628.71,610.69,613.70,592.11,,,654.3527,0,579.2038,1,203639,252759,8.8458,8.5720,0.2738,0
2024-03-05,620.14,624.62,596.08,605.88,611.74,613.85,592.93,,,654.3527,0,581.4564,1,276766,251774,7.3811,8.3338,-0.9527,0
2024-03-06,615.38,619.02,608.56,610.59,613.88,614.08,593.58,,,654.3527,0,583.6190,1,187573,251591,6.5251,7.9721,-1.4470,0
2024-03-07,612.01,617.06,601.94,612.98,615.14,614.24,594.24,523.81,,654.3527,0,585.6950,1,145705,251237,5.9708,7.5718,-1.6011,0
2024-03-08,613.00,624.85,603.99,604.49,615.05,613.03,594.64,524.58,,654.3527,0,587.6880,1,160855,251629,4.7911,7.0157,-2.2245,0
2024-03-11,605.50,618.38,601.75,612.50,615.61,611.32,595.18,525.44,,654.3527,0,589.6013,1,216458,253541,4.4513,6.5028,-2.0515,0
2024-03-12,623.25,625.44,617.83,621.16,616.16,611.53,595.82,526.28,,654.3527,0,591.4381,1,214983,254528,4.8251,6.1673,-1.3421,0
2024-03-13,621.00,628.47,618.07,625.00,617.39,612.58,596.71,527.22,,654.3527,0,593.2013,1,272375,256977,5.3694,6.0077,-0.6383,0
2024-03-14,626.83,637.77,620.06,630.01,618.51,612.60,598.35,528.17,,654.3527,0,594.8941,1,307634,255035,6.1342,6.0330,0.1012,0
2024-03-15,618.73,620.06,600.41,601.10,615.24,612.21,599.71,528.80,,654.3527,0,597.4663,1,293517,254944,4.3574,5.6979,-1.3405,0
2024-03-18,605.03,608.16,598.14,599.85,612.36,611.52,601.10,529.41,,654.3527,0,637.7650,0,144144,254286,2.8159,5.1215,-2.3056,0
2024-03-19,597.68,615.00,589.16,612.71,613.04,612.39,602.60,530.11,,654.3527,0,636.9724,0,208995,254328,2.6019,4.6176,-2.0156,0
2024-03-20,614.52,628.23,610.20,625.64,614.54,614.21,603.97,530.89,,654.3527,0,635.0601,0,193886,254579,3.4361,4.3813,-0.9452,0
2024-03-21,625.22,631.57,619.45,620.52,615.30,615.22,605.09,531.62,,654.3527,0,633.2243,0,341100,257468,3.6421,4.2334,-0.5914,0
2024-03-22,618.49,623.66,603.99,621.75,617.02,616.04,606.13,532.49,,654.3527,0,631.5700,0,227125,258574,3.8601,4.1588,-0.2987,0
2024-03-25,614.46,633.08,614.30,629.82,618.76,617.18,607.32,533.32,,654.3527,0,589.1650,1,203495,259368,4.6306,4.2531,0.3775,0
2024-03-26,632.06,635.22,626.07,632.03,619.84,618.00,608.73,534.18,,654.3527,0,590.0433,1,280811,261792,5.3579,4.4741,0.8838,0
2024-03-27,636.09,637.91,609.56,623.33,619.68,618.53,609.89,534.97,,654.3527,0,591.8503,1,275076,264051,5.1726,4.6138,0.5588,0
2024-03-28,623.27,628.98,619.14,626.56,619.33,618.92,611.14,535.72,,654.3527,0,594.6139,1,274433,265968,5.2261,4.7362,0.4899,0
2024-04-01,624.07,649.20,622.06,636.85,622.91,619.07,612.40,536.61,,654.3527,0,597.2117,1,452800,271363,6.0293,4.9949,1.0345,0
2024-04-02,627.12,628.18,608.21,609.97,623.92,618.14,612.97,537.26,,654.3527,0,601.3708,1,388307,275221,4.4457,4.8850,-0.4393,0
2024-04-03,605.43,637.44,605.43,626.70,625.32,619.18,613.70,538.03,,654.3527,0,605.1971,1,426532,279591,4.4888,4.8058,-0.3169,0
2024-04-04,630.00,693.85,628.86,657.85,628.54,621.54,615.03,538.92,,585.3925,1,605.4300,1,2011508,315904,6.9564,5.2359,1.7205,0
2024-04-05,670.03,688.87,669.89,670.00,633.49,624.39,616.72,539.84,,601.7077,1,605.4300,1,614524,325205,9.7796,6.1447,3.6350,0
2024-04-08,670.00,674.50,657.75,670.15,638.33,627.68,618.41,540.67,,601.7077,1,614.2720,1,306326,328228,11.8921,7.2941,4.5979,0
2024-04-09,669.64,678.61,656.61,659.13,641.26,630.01,619.82,541.38,,601.7077,1,622.2298,1,355271,332996,12.5325,8.3418,4.1907,0
2024-04-10,641.25,662.78,636.05,657.71,643.83,631.83,620.77,542.10,,601.7077,1,629.3918,1,239735,332548,12.7782,9.2291,3.5491,0
2024-04-11,660.01,682.66,660.01,682.02,649.69,634.69,621.93,543.02,,601.7077,1,635.8376,1,354923,329501,14.7643,10.3361,4.4282,0
2024-04-12,677.74,679.30,653.91,663.35,653.37,636.35,622.98,543.77,,601.7077,1,636.0500,1,311708,329395,14.6628,11.2015,3.4613,0
2024-04-15,663.16,664.70,637.27,637.63,653.45,638.18,623.47,544.44,,601.7077,1,693.8500,0,220429,328452,12.3644,11.4341,0.9304,0
2024-04-16,636.18,639.19,628.98,633.85,655.84,639.88,623.90,545.05,,601.7077,1,692.7184,0,230785,327633,10.1213,11.1715,-1.0502,0
2024-04-17,633.85,656.88,633.23,633.45,656.51,640.92,624.51,545.74,,601.7077,1,690.1690,0,352768,329906,8.2165,10.5805,-2.3640,0
2024-04-18,634.59,668.65,631.80,649.58,655.69,642.11,625.39,546.61,,601.7077,1,687.7217,0,471660,335608,7.9173,10.0479,-2.1305,0
2024-04-19,652.00,662.52,623.57,631.24,651.81,642.65,625.81,547.39,,601.7077,1,685.3722,0,511809,341122,6.1297,9.2642,-3.1346,0
2024-04-22,632.72,641.55,619.71,633.04,648.10,643.21,625.90,548.20,,601.7077,1,681.6641,0,323800,342665,4.8028,8.3719,-3.5691,0
2024-04-23,641.30,656.80,631.12,651.78,647.37,644.31,626.00,549.15,,601.7077,1,676.7078,0,443667,344547,5.2034,7.7382,-2.5348,0
2024-04-24,661.64,664.02,647.28,651.74,646.77,645.30,626.70,550.07,,601.7077,1,672.1479,0,260566,342152,5.4548,7.2816,-1.8267,0
2024-04-25,644.16,644.16,622.42,636.10,642.18,645.93,627.34,550.95,,601.7077,1,667.9529,0,316014,341485,4.3420,6.6936,-2.3517,0
2024-04-26,634.31,642.09,630.52,631.13,638.95,646.16,627.37,551.95,,601.7077,1,664.0935,0,373061,337675,3.0242,5.9597,-2.9356,0
2024-04-29,633.86,644.66,625.93,636.16,638.81,646.13,627.92,552.98,,601.7077,1,660.5428,0,231435,324675,2.3585,5.2395,-2.8810,0
2024-04-30,630.00,634.98,604.57,604.87,635.91,645.87,627.74,553.79,,601.7077,1,657.2762,0,367338,322329,-0.6860,4.0544,-4.7404,0
2024-05-01,607.24,622.25,585.01,606.09,633.17,644.84,627.96,554.71,,601.7077,1,652.0056,0,379534,323198,-2.9662,2.6503,-5.6165,0
2024-05-02,603.56,606.21,582.00,590.89,627.30,641.50,627.99,555.43,,670.7056,0,643.9660,0,516202,328011,-5.9314,0.9339,-6.8653,0
2024-05-03,605.54,607.86,595.00,600.27,624.21,638.01,627.99,556.15,,670.7056,0,635.2907,0,212616,327690,-7.4387,-0.7406,-6.6981,0
2024-05-06,607.40,617.66,602.26,617.22,622.63,635.36,628.23,556.99,,670.7056,0,627.8300,0,269540,330128,-7.1827,-2.0290,-5.1537,0
2024-05-07,615.03,616.69,604.83,615.46,618.99,633.18,628.40,557.79,,670.7056,0,621.4138,0,336595,334127,-7.0407,-3.0313,-4.0093,0
2024-05-08,608.26,611.37,585.27,590.05,612.82,629.80,627.88,558.61,,668.9184,0,617.6600,0,697439,343772,-8.8762,-4.2003,-4.6759,0
2024-05-09,625.00,628.00,583.02,587.15,607.93,625.05,627.37,559.35,,668.9184,0,582.0000,1,1221389,364940,-10.4444,-5.4491,-4.9953,0
2024-05-10,588.73,608.84,588.73,597.95,604.61,621.78,626.96,560.24,,668.9184,0,582.9200,1,618280,369798,-10.6926,-6.4978,-4.1948,0
2024-05-13,597.06,609.79,593.04,597.79,600.77,619.79,626.24,561.00,,668.9184,0,583.0200,1,521392,375330,-10.7779,-7.3538,-3.4241,0
2024-05-14,598.73,602.21,589.31,589.65,599.25,617.58,625.45,561.68,,665.5813,0,583.9196,1,306146,377381,-11.3713,-8.1573,-3.2139,0
2024-05-15,595.40,621.45,594.85,614.16,600.06,616.62,625.62,562.65,,665.5813,0,584.8012,1,354555,378936,-9.7513,-8.4761,-1.2752,0
2024-05-16,616.51,621.82,610.36,610.36,602.01,614.65,625.62,563.69,,665.5813,0,585.6652,1,327580,381737,-8.6742,-8.5157,-0.1585,0
2024-05-17,610.28,620.18,610.00,615.34,603.51,613.86,625.66,564.75,549.28,665.5813,0,586.5119,1,224415,383311,-7.3341,-8.2794,0.9453,0
2024-05-20,614.37,619.99,610.27,619.99,603.79,613.21,625.97,565.84,549.93,665.5813,0,587.3417,1,166157,383417,-5.8297,-7.7895,1.9597,0
2024-05-21,613.00,619.85,610.86,610.95,603.34,611.17,625.94,566.78,550.56,665.5813,0,588.1548,1,193243,382952,-5.3058,-7.2927,1.9870,0
2024-05-22,613.16,629.57,611.79,612.82,605.62,609.22,625.78,567.74,551.16,665.5813,0,588.9517,1,367815,386009,-4.6856,-6.7713,2.0857,0
2024-05-23,620.15,624.60,588.64,594.86,606.39,607.16,625.17,568.74,551.71,665.5813,0,629.5700,0,521514,390992,-5.5790,-6.5329,0.9538,0
2024-05-24,595.00,599.54,583.01,590.16,605.61,605.11,624.38,569.71,552.22,652.6269,0,629.5700,0,337335,391586,-6.5904,-6.5444,-0.0460,0
2024-05-28,590.16,648.15,581.74,638.39,609.67,605.22,625.12,571.10,552.88,652.6269,0,583.0100,1,1261331,410942,-3.4602,-5.9275,2.4673,0
2024-05-29,634.55,656.46,632.62,648.23,615.53,607.39,626.09,572.55,553.58,652.6269,0,581.7400,1,495248,417964,-0.1834,-4.7787,4.5953,0
2024-05-30,637.37,645.56,605.87,606.26,614.74,607.40,625.96,573.70,554.07,652.6269,0,581.7400,1,756249,428909,-0.9621,-4.0154,3.0533,0
2024-05-31,609.90,617.82,583.67,611.05,614.80,608.41,625.67,575.03,554.58,652.6269,0,656.4600,0,979085,444613,-1.1791,-3.4481,2.2690,0
2024-06-03,611.17,620.00,587.18,597.15,612.99,608.25,625.20,576.27,555.02,652.6269,0,655.0042,0,516594,448123,-2.4445,-3.2474,0.8029,0
2024-06-04,606.90,615.96,604.02,608.93,611.88,607.84,624.94,577.56,555.60,652.6269,0,653.5775,0,418091,451943,-2.4683,-3.0916,0.6233,0
2024-06-05,614.88,617.78,598.65,605.52,611.34,607.34,624.46,578.82,556.11,652.6269,0,652.1794,0,285260,453578,-2.7309,-3.0194,0.2886,0
2024-06-06,600.95,611.67,597.35,598.51,609.91,607.76,623.79,579.99,556.58,652.6269,0,650.8092,0,246586,452893,-3.4647,-3.1085,-0.3562,0
2024-06-07,595.00,598.01,591.48,596.65,610.09,608.24,623.25,581.16,557.04,652.6269,0,649.4664,0,191465,451221,-4.1485,-3.3165,-0.8320,0
2024-06-10,596.00,600.83,593.00,595.92,610.66,608.13,622.64,582.32,557.45,652.6269,0,648.1505,0,372569,453184,-4.6952,-3.5922,-1.1030,0
2024-06-11,596.18,599.48,584.16,588.46,605.67,607.67,621.67,583.42,557.88,652.6269,0,646.8609,0,295525,450038,-5.6651,-4.0068,-1.6583,0
2024-06-12,596.30,604.65,588.56,591.35,599.98,607.75,621.30,584.56,558.27,652.6269,0,645.5971,0,330801,448888,-6.1299,-4.4314,-1.6985,0
2024-06-13,592.99,598.08,566.90,567.00,596.05,605.40,620.11,585.42,558.55,647.4231,0,644.3585,0,439595,449149,-8.3667,-5.2185,-3.1482,0
2024-06-14,572.36,587.49,569.41,584.71,593.42,604.11,618.64,586.37,558.85,643.0344,0,641.2602,0,272533,414370,-8.6110,-5.8970,-2.7140,0
2024-06-17,578.13,581.65,570.65,570.99,590.80,601.90,616.66,587.41,559.05,638.4953,0,638.2858,0,253805,407156,-9.7988,-6.6773,-3.1214,0
2024-06-18,559.11,573.25,553.84,562.00,586.11,599.00,614.50,588.30,559.13,625.4788,0,635.4303,0,330400,407637,-11.3349,-7.6089,-3.7260,0
2024-06-20,561.99,563.02,552.00,557.25,581.28,596.31,612.46,589.14,559.15,616.5570,0,630.5349,0,431200,409156,-12.7881,-8.6447,-4.1434,0
2024-06-21,560.00,580.64,550.91,578.43,579.28,594.59,610.88,589.96,559.29,616.5570,0,624.2524,0,1245128,429264,-12.0914,-9.3340,-2.7573,0
2024-06-24,569.50,580.48,562.62,573.60,576.97,593.53,608.71,590.66,559.44,616.5570,0,616.9181,0,279745,427760,-11.7930,-9.8258,-1.9672,0
2024-06-25,575.06,586.81,571.72,585.21,575.90,593.28,607.15,591.46,559.61,616.5570,0,610.3173,0,280725,427140,-10.4987,-9.9604,-0.5383,0
2024-06-26,584.31,584.31,559.40,568.52,573.91,589.79,605.76,592.12,559.77,616.5570,0,604.3766,0,535205,433436,-10.6964,-10.1076,-0.5888,0
2024-06-27,568.00,590.50,565.55,586.01,573.37,586.68,604.81,592.86,559.99,616.5570,0,599.0299,0,329279,435406,-9.3341,-9.9529,0.6188,0.00
2024-06-28,588.61,598.33,580.26,589.79,575.65,585.85,603.93,593.65,560.29,616.5570,0,550.9100,1,477376,437898,-7.8589,-9.5341,1.6752,0.00
2024-07-01,585.00,593.35,576.74,592.58,576.44,584.93,602.79,594.48,560.66,616.5570,0,551.8584,1,276261,433990,-6.3911,-8.9055,2.5144,0.00
2024-07-02,592.80,596.15,575.58,584.14,577.75,584.28,601.85,595.26,561.01,616.5570,0,552.7878,1,289208,429538,-5.8414,-8.2927,2.4512,0.00
2024-07-03,586.34,594.66,584.88,592.31,580.78,583.45,601.04,596.10,561.41,616.5570,0,553.6987,1,148966,426041,-4.6925,-7.5726,2.8801,0.00
2024-07-05,587.65,596.25,586.67,587.25,583.78,582.53,599.75,596.85,561.80,616.5570,0,554.5913,1,180697,420782,-4.1425,-6.8866,2.7441,0.00
2024-07-08,587.00,594.76,576.50,586.16,584.56,581.92,598.44,597.44,562.16,616.5570,0,555.4661,1,292025,421411,-3.7514,-6.2596,2.5082,0.00
2024-07-09,586.16,587.45,560.12,560.21,583.22,580.09,596.92,597.89,562.44,616.5570,0,556.3233,1,409009,423271,-5.4723,-6.1021,0.6298,0.00
2024-07-10,558.00,558.30,455.00,492.31,573.93,574.91,594.14,597.72,562.50,590.0886,0,598.3300,0,2326608,462342,-12.1747,-7.3166,-4.8581,0.00
2024-07-11,504.44,510.87,483.44,489.77,566.05,569.98,591.21,597.61,562.54,580.4787,0,595.4634,0,891577,475545,-17.4898,-9.3513,-8.1385,0.00
2024-07-12,479.36,484.99,467.41,476.13,555.06,564.22,588.64,597.43,562.50,557.8994,0,592.6541,0,897791,486154,-22.5428,-11.9896,-10.5532,0.00
2024-07-15,476.00,479.48,465.23,471.89,543.28,559.46,585.96,597.26,562.52,550.1584,0,589.9011,0,425314,487069,-26.5830,-14.9083,-11.6748,0.00
2024-07-16,472.27,491.32,472.14,488.81,532.90,554.67,583.91,597.23,562.55,550.1584,0,587.2030,0,430886,485363,-28.0958,-17.5458,-10.5500,0.00
2024-07-17,481.21,492.79,477.44,480.36,522.52,550.14,581.52,597.09,562.49,550.1584,0,584.5590,0,417289,489456,-29.6349,-19.9636,-9.6713,0.00
2024-07-18,479.75,486.96,476.92,481.41,511.43,546.11,578.80,596.95,562.44,550.1584,0,581.9678,0,588235,495830,-30.4192,-22.0547,-8.3645,0.00
2024-07-19,479.68,480.16,469.60,479.82,500.69,542.24,576.09,596.64,562.36,540.1592,0,579.4284,0,349309,496085,-30.8139,-23.8065,-7.0074,11.52
2024-07-22,482.10,484.88,472.21,483.01,490.37,537.46,573.95,596.30,562.45,540.1592,0,576.9399,0,269906,487534,-30.5175,-25.1487,-5.3688,11.17
2024-07-23,485.31,498.28,484.33,488.47,483.20,533.21,571.97,595.87,562.50,540.1592,0,574.5011,0,280724,468721,-29.5020,-26.0194,-3.4826,11.09
2024-07-24,483.79,488.32,473.17,473.33,481.30,527.61,569.48,595.30,562.55,540.1267,0,572.1111,0,356370,463482,-29.5779,-26.7311,-2.8468,10.66
2024-07-25,477.92,500.00,470.93,495.76,481.90,523.98,567.44,594.85,562.61,540.1267,0,569.7688,0,538147,463818,-27.5110,-26.8871,-0.6239,13.88
2024-07-26,498.95,501.10,491.60,492.72,483.56,519.31,565.50,594.35,562.63,540.1267,0,567.4735,0,458377,466862,-25.8206,-26.6738,0.8532,12.37
2024-07-29,494.30,500.50,491.76,498.70,486.24,514.76,563.19,593.91,562.79,540.1267,0,565.2240,0,313034,466032,-23.7250,-26.0840,2.3591,14.54
2024-07-30,498.83,501.00,482.18,488.02,486.16,509.53,560.74,593.31,562.95,540.1267,0,563.0195,0,324192,465964,-22.6647,-25.4002,2.7355,12.05
2024-07-31,495.43,500.65,492.00,497.03,487.83,505.17,558.38,592.76,563.15,540.1267,0,560.8591,0,274261,466961,-20.8569,-24.4915,3.6346,13.56
2024-08-01,500.00,504.91,476.57,481.87,487.87,499.65,555.62,592.07,563.28,540.1267,0,558.7419,0,291290,469464,-20.4122,-23.6757,3.2634,14.14
2024-08-02,467.26,467.70,447.69,465.66,486.46,493.57,552.71,591.28,563.26,519.2251,0,556.6671,0,501423,475627,-21.1243,-23.1654,2.0410,13.41
2024-08-05,435.00,467.22,434.84,455.46,483.70,487.04,549.56,590.39,563.20,516.1211,0,552.3080,0,341048,475092,-22.2552,-22.9834,0.7282,13.72
2024-08-06,460.89,461.00,448.46,450.09,479.86,481.53,546.67,589.52,563.22,516.1211,0,545.2599,0,412237,472906,-23.3159,-23.0499,-0.2661,13.72
2024-08-07,456.99,469.58,454.25,460.74,478.60,479.95,544.08,588.94,563.30,516.1211,0,538.6347,0,470554,475571,-23.0317,-23.0462,0.0145,16.24
2024-08-08,490.00,493.24,462.94,476.35,476.66,479.28,540.84,588.56,563.54,516.1211,0,532.4071,0,852905,467402,-21.3014,-22.6973,1.3959,15.70
2024-08-09,474.60,482.07,460.55,472.61,474.65,479.11,537.33,588.17,563.74,516.1211,0,526.5530,0,283613,463169,-20.0012,-22.1581,2.1568,16.90
2024-08-12,476.94,476.94,463.32,469.29,471.71,478.98,534.59,587.71,563.92,516.1211,0,521.0502,0,237320,452791,-19.0195,-21.5304,2.5108,17.13
2024-08-13,471.01,484.62,471.01,484.61,471.37,478.77,532.06,587.23,564.29,516.1211,0,515.8776,0,288052,438970,-16.8116,-20.5866,3.7750,17.75
2024-08-14,482.37,486.03,477.96,484.26,470.09,478.96,529.80,586.70,564.66,516.1211,0,511.0154,0,255496,433748,-14.9180,-19.4529,4.5349,18.65
2024-08-15,489.67,494.96,485.68,489.51,470.86,479.37,527.41,586.16,565.02,516.1211,0,506.4449,0,231734,430021,-12.8456,-18.1314,5.2858,16.40
2024-08-16,488.38,498.67,487.42,497.87,474.08,480.27,525.26,585.68,565.43,516.1211,0,502.1486,0,238978,429095,-10.4087,-16.5869,6.1782,17.52
2024-08-19,498.14,502.82,496.67,497.26,478.26,480.98,523.23,585.25,565.80,516.1211,0,434.8400,1,181052,427785,-8.4294,-14.9554,6.5260,15.58
2024-08-20,499.43,500.90,484.12,487.41,481.99,480.93,521.05,584.73,566.13,516.1211,0,436.1996,1,336069,430677,-7.5684,-13.4780,5.9096,13.60
2024-08-21,488.37,499.49,485.50,495.29,485.45,482.03,519.04,584.27,566.50,516.1211,0,437.5320,1,129617,425818,-6.1790,-12.0182,5.8392,14.18
2024-08-22,496.16,505.44,494.94,496.87,487.50,482.08,517.20,583.76,566.87,516.1211,0,438.8378,1,296930,425846,-4.8940,-10.5933,5.6994,14.96
2024-08-23,498.73,503.79,495.51,503.07,490.54,482.60,515.44,583.24,567.28,516.1211,0,441.5019,1,145438,422139,-3.3368,-9.1420,5.8052,11.97
2024-08-26,504.00,507.61,496.35,499.10,493.53,482.62,514.08,582.63,567.59,516.1211,0,444.0594,1,108604,415519,-2.3955,-7.7927,5.3972,10.34
2024-08-27,495.20,505.90,492.81,502.01,495.27,483.32,512.43,582.03,567.89,516.1211,0,447.8725,1,178013,413628,-1.3986,-6.5139,5.1153,14.38
2024-08-28,499.03,502.00,490.40,493.19,496.16,483.13,510.87,581.42,568.28,516.1211,0,451.4569,1,179028,412133,-1.3051,-5.4721,4.1670,14.76
2024-08-29,497.94,507.30,496.14,500.05,497.21,484.04,509.63,580.85,568.63,516.1211,0,454.8262,1,164216,408809,-0.6698,-4.5117,3.8419,15.84
2024-08-30,503.57,506.55,493.77,499.07,497.33,485.71,508.47,580.25,568.97,516.1211,0,457.9934,1,207314,404332,-0.2426,-3.6579,3.4152,14.44
2024-09-03,497.62,511.10,491.73,495.76,497.18,487.72,506.81,579.49,569.17,516.1211,0,460.9705,1,171781,382865,-0.1692,-2.9601,2.7909,15.76
2024-09-04,491.19,500.19,486.24,494.28,497.87,489.93,505.23,578.62,569.30,516.1211,0,464.9808,1,194647,381163,-0.2278,-2.4137,2.1859,15.99
2024-09-05,493.05,510.00,491.83,504.17,498.76,492.10,503.61,577.91,569.49,516.1211,0,468.6704,1,183215,379212,0.5178,-1.8274,2.3452,17.96
2024-09-06,506.52,508.22,492.44,496.48,498.72,493.11,502.17,577.13,569.63,516.1211,0,472.0647,1,196507,372438,0.4826,-1.3654,1.8480,18.46
2024-09-09,500.39,503.62,492.08,494.51,497.86,494.20,500.34,576.35,569.73,516.1211,0,475.1876,1,163732,369128,0.2924,-1.0338,1.3262,18.11
2024-09-10,498.17,498.84,487.08,492.14,497.17,495.35,498.38,575.61,569.83,516.1211,0,478.0606,1,143016,362440,-0.0490,-0.8368,0.7879,18.93
2024-09-11,492.09,500.23,488.31,497.82,496.75,496.01,496.49,574.89,569.98,516.1211,0,480.7037,1,128338,359482,0.1372,-0.6420,0.7792,20.55
2024-09-12,499.11,499.11,490.75,492.60,496.69,496.42,494.66,574.11,570.11,516.1211,0,483.1354,1,142953,356557,-0.1349,-0.5406,0.4057,15.98
2024-09-13,493.43,500.94,490.00,491.17,495.80,496.51,492.63,573.19,570.24,516.1211,0,485.3726,1,236744,358312,-0.4606,-0.5246,0.0640,15.24
2024-09-16,491.61,498.78,488.34,495.41,495.43,496.38,490.80,572.18,570.33,516.1211,0,487.4308,1,212630,358951,-0.3724,-0.4942,0.1218,15.98
2024-09-17,495.48,497.07,488.00,492.30,495.09,496.14,488.92,571.35,570.31,516.1211,0,511.1000,0,177080,356652,-0.5470,-0.5047,-0.0423,14.34
2024-09-18,494.07,515.00,488.86,503.76,496.04,496.95,487.79,570.68,570.36,516.1211,0,488.0000,1,466280,357798,0.2365,-0.3565,0.5930,16.12
2024-09-19,515.00,531.79,510.56,530.11,498.63,498.69,488.55,570.02,570.43,475.1395,1,488.0000,1,559902,322463,2.9497,0.3048,2.6450,19.60
2024-09-20,533.50,534.59,522.09,526.88,501.67,500.19,489.29,569.47,570.53,483.1559,1,488.8600,1,393316,312498,4.7842,1.2006,3.5835,20.49
2024-09-23,528.09,530.00,522.13,527.25,504.94,501.40,490.31,568.90,570.65,483.1559,1,491.6038,1,195399,298450,6.1964,2.1998,3.9966,20.84
2024-09-24,530.00,536.53,524.68,532.11,508.94,503.05,491.52,568.48,570.82,488.3265,1,494.1830,1,296332,295871,7.6199,3.2838,4.3361,20.92
2024-09-25,531.66,533.53,527.95,531.19,512.28,504.51,492.36,568.09,571.02,491.0130,1,497.5710,1,143899,290131,8.5750,4.3421,4.2330,22.23
2024-09-26,547.11,547.23,530.54,534.88,516.51,506.60,493.45,567.65,571.18,498.1259,1,500.6879,1,309856,287982,9.5199,5.3776,4.1423,19.59
2024-09-27,538.21,540.76,531.43,536.00,520.99,508.39,494.55,567.19,571.35,498.1259,1,505.3421,1,177630,279770,10.2411,6.3503,3.8908,18.58
2024-09-30,536.00,542.59,530.17,531.60,524.61,510.02,495.58,566.69,571.37,498.1259,1,509.5309,1,147041,275725,10.3384,7.1480,3.1905,17.15
2024-10-01,532.29,537.32,523.98,526.66,528.04,511.57,496.46,566.09,571.34,498.1259,1,513.3008,1,237734,275081,9.9028,7.6989,2.2039,17.58
2024-10-02,525.84,525.84,510.12,514.56,529.12,512.58,496.98,565.44,571.14,498.1259,1,547.2300,0,354892,276565,8.4834,7.8558,0.6276,15.91
2024-10-03,511.34,519.99,510.17,517.42,527.85,513.24,497.86,564.76,570.94,498.1259,1,546.4878,0,163453,272706,7.5028,7.7852,-0.2824,18.31
2024-10-04,524.28,535.39,521.43,535.00,528.67,515.17,498.64,564.11,570.80,498.1259,1,545.7604,0,234544,266634,8.0514,7.8384,0.2129,27.13
2024-10-07,535.00,536.58,520.83,522.09,528.15,516.55,499.23,563.40,570.57,498.1259,1,545.0476,0,167121,260809,7.3596,7.7427,-0.3831,27.97
2024-10-08,529.09,542.31,525.14,532.36,528.18,518.56,499.90,562.91,570.41,498.1259,1,544.3491,0,265754,259864,7.5530,7.7047,-0.1517,33.88
2024-10-09,531.83,543.01,531.83,541.07,529.16,520.72,500.97,562.44,570.23,498.1259,1,543.6645,0,194028,257260,8.3133,7.8264,0.4868,37.01
2024-10-10,536.16,554.24,536.16,553.49,531.02,523.77,502.09,562.05,570.09,501.6723,1,510.1200,1,215031,256076,9.8049,8.2221,1.5828,42.08
2024-10-11,553.70,562.04,551.13,559.40,533.36,527.18,503.64,561.74,569.97,514.1353,1,511.0025,1,215761,254565,11.3333,8.8444,2.4890,43.20
2024-10-14,562.83,565.65,555.39,560.09,536.21,530.41,505.53,561.40,569.84,519.2373,1,513.0440,1,217931,248895,12.4567,9.5668,2.8899,40.88
2024-10-15,557.67,560.57,547.26,548.21,538.37,533.21,507.39,560.91,569.64,519.2373,1,516.2003,1,184856,245771,12.2472,10.1029,2.1443,36.74
2024-10-16,548.62,549.45,530.72,532.13,540.13,534.63,509.03,560.29,569.39,519.2373,1,519.1673,1,206200,241651,10.6607,10.2145,0.4462,29.20
2024-10-17,534.03,539.98,525.16,533.38,541.72,534.79,510.48,559.65,569.32,519.2373,1,521.9563,1,145613,235152,9.3960,10.0508,-0.6548,28.74
2024-10-18,533.06,539.83,530.47,537.14,541.94,535.30,511.70,559.22,569.34,519.2373,1,524.5779,1,133479,220763,8.5980,9.7602,-1.1622,32.33
2024-10-21,535.00,538.87,529.89,532.92,543.02,535.59,512.90,558.77,569.35,519.2373,1,525.1600,1,114471,217381,7.5381,9.3158,-1.7777,31.10
2024-10-22,530.00,532.25,526.20,531.62,542.95,535.56,514.15,558.23,569.32,519.2373,1,565.6500,0,92342,214481,6.5181,8.7563,-2.2381,33.03
2024-10-23,532.16,535.42,524.72,531.93,542.03,535.60,515.10,557.61,569.20,519.2373,1,564.8610,0,152132,211763,5.6695,8.1389,-2.4694,31.52
2024-10-24,544.07,557.46,541.50,554.31,542.11,536.57,516.50,557.17,569.15,519.2373,1,563.2554,0,286689,212386,6.7252,7.8562,-1.1309,40.88
2024-10-25,555.01,567.46,554.87,565.67,542.74,538.05,518.02,556.79,569.13,520.0685,1,524.7200,1,237638,212505,8.3820,7.9613,0.4206,46.68
2024-10-28,569.00,569.00,556.62,558.08,542.54,539.38,519.23,556.31,569.07,522.1092,1,525.5748,1,240756,212540,8.9790,8.1649,0.8141,40.17
2024-10-29,561.58,568.60,556.72,563.21,544.04,541.20,520.54,555.86,569.07,522.4652,1,527.3118,1,141366,211746,9.7537,8.4826,1.2710,43.88
2024-10-30,562.01,570.65,560.00,561.11,546.94,543.53,522.02,555.44,569.05,525.9547,1,528.9793,1,148526,207996,10.0819,8.8025,1.2794,45.46
2024-10-31,557.00,562.84,551.70,554.79,549.08,545.40,523.21,554.96,569.01,525.9547,1,531.4796,1,185855,209120,9.7200,8.9860,0.7340,46.35
2024-11-01,563.00,575.00,560.20,565.23,551.89,546.91,524.58,554.48,568.96,526.6406,1,533.8298,1,269897,208580,10.1586,9.2205,0.9381,45.88
2024-11-04,566.41,570.29,564.18,564.55,555.05,549.03,525.81,554.18,568.88,528.5425,1,537.1234,1,273073,211132,10.3321,9.4428,0.8893,45.67
2024-11-05,570.25,584.55,568.80,578.28,559.72,551.33,527.39,553.86,568.82,535.8520,1,540.1535,1,263811,214236,11.4457,9.8434,1.6023,48.96
2024-11-06,584.65,603.00,584.65,597.79,566.30,554.17,529.30,553.46,568.85,549.6661,1,544.5932,1,531495,221306,13.7440,10.6235,3.1205,49.23
2024-11-07,632.01,661.73,625.07,644.61,575.33,558.72,532.33,553.29,569.15,584.4725,1,551.6020,1,981934,237364,19.1230,12.3234,6.7996,62.51
2024-11-08,640.00,665.31,630.06,656.56,584.42,563.58,535.46,553.20,569.50,584.4725,1,567.0199,1,621762,246515,24.0726,14.6732,9.3994,64.60
2024-11-11,660.00,688.59,658.03,680.79,596.69,569.62,539.10,553.34,569.96,606.4541,1,582.7463,1,466682,251703,29.6091,17.6604,11.9487,68.77
2024-11-12,680.00,702.81,673.42,701.34,610.50,577.27,543.21,553.63,570.42,619.1281,1,601.7980,1,594105,260149,35.2487,21.1781,14.0706,72.30
2024-11-13,701.00,724.61,698.66,700.16,624.41,585.67,547.33,553.75,570.80,641.7618,1,622.0004,1,588204,268020,39.1713,24.7767,14.3946,72.30
2024-11-14,696.36,696.94,675.88,696.30,638.56,593.82,551.17,553.97,571.23,641.7618,1,642.5223,1,448139,273319,41.4903,28.1195,13.3709,74.08
2024-11-15,685.89,687.29,670.00,677.07,649.74,600.82,554.78,554.24,571.55,641.7618,1,658.9399,1,311791,275624,41.3004,30.7556,10.5447,71.03
2024-11-18,676.57,681.36,667.91,668.32,660.12,607.59,558.26,554.47,571.83,641.7618,1,724.6100,0,248014,277310,39.9829,32.6011,7.3818,65.90
2024-11-19,661.59,682.55,653.53,682.53,670.55,615.13,562.06,554.79,572.22,641.7618,1,723.4760,0,300791,280465,39.6286,34.0066,5.6220,68.64
2024-11-20,683.65,695.31,681.81,694.48,680.22,623.26,566.00,555.09,572.67,641.7618,1,720.6781,0,236262,282624,39.8526,35.1758,4.6768,75.24
2024-11-21,699.00,728.90,698.47,720.00,687.75,631.54,570.55,555.69,573.22,643.1086,1,653.5300,1,474696,289259,41.6098,36.4626,5.1472,78.25
2024-11-22,720.00,745.49,720.00,742.61,696.36,640.39,575.57,556.42,573.79,661.5810,1,655.0373,1,485221,294228,44.3160,38.0333,6.2827,80.72
2024-11-25,746.70,754.56,729.50,731.82,701.46,649.08,580.30,556.95,574.21,670.4644,1,658.6555,1,762044,305217,45.0704,39.4407,5.6297,77.21
2024-11-26,733.48,737.71,725.05,729.83,704.31,657.41,585.05,557.47,574.78,670.4644,1,664.4097,1,219241,306060,44.9891,40.5504,4.4388,75.90
2024-11-27,729.77,729.77,712.31,722.76,706.57,665.49,589.43,558.05,575.37,670.4644,1,669.8187,1,169126,300117,43.8488,41.2101,2.6387,74.39
2024-11-29,726.42,729.00,718.84,721.05,709.05,673.80,593.25,558.65,575.83,670.4644,1,674.9032,1,125967,291438,42.3192,41.4319,0.8873,73.00
2024-12-02,723.51,730.93,720.15,723.59,713.70,681.72,597.19,559.23,576.40,670.4644,1,679.6826,1,180536,287182,40.8412,41.3138,-0.4726,70.61
2024-12-03,715.28,728.53,705.22,719.44,718.81,689.47,601.03,559.99,576.93,670.4644,1,684.1753,1,299359,289262,38.8867,40.8284,-1.9416,71.77
2024-12-04,741.57,762.47,741.57,757.40,726.30,698.42,605.54,561.00,577.74,684.2507,1,688.3984,1,483448,293004,39.9404,40.6508,-0.7103,79.37
2024-12-05,751.41,753.16,736.92,737.87,730.64,705.43,609.67,561.98,578.48,684.2507,1,694.3237,1,425308,298632,38.7529,40.2712,-1.5183,77.02
2024-12-06,749.62,756.79,738.20,741.67,732.80,710.28,613.81,562.93,579.19,684.2507,1,699.7750,1,448488,301405,37.6840,39.7537,-2.0698,75.59
2024-12-09,744.23,752.15,733.10,737.38,732.28,714.32,617.83,563.73,579.85,684.2507,1,704.7902,1,339858,304649,36.0748,39.0180,-2.9431,78.37
2024-12-10,736.73,741.08,707.57,720.62,731.16,716.31,621.61,564.43,580.42,684.2507,1,762.4650,0,437705,310463,33.0660,37.8276,-4.7616,76.90
2024-12-11,723.95,738.11,720.63,726.08,730.79,717.55,625.60,565.33,580.97,684.2507,1,761.3671,0,314974,312007,30.7674,36.4155,-5.6481,76.67
2024-12-12,729.65,736.30,725.38,734.49,731.96,719.27,630.00,566.32,581.58,684.2507,1,760.2912,0,430778,313525,29.2868,34.9898,-5.7030,78.34
2024-12-13,734.78,737.81,721.21,721.86,732.04,720.54,634.09,567.14,582.10,684.2507,1,759.2368,0,245793,315172,26.7855,33.3489,-6.5635,76.80
2024-12-16,728.30,749.10,723.41,746.91,734.37,724.04,638.33,568.14,582.66,684.2507,1,758.2034,0,339471,317270,26.5188,31.9829,-5.4641,79.54
2024-12-17,735.03,748.01,729.55,741.67,736.59,727.70,642.72,569.15,583.23,684.2507,1,757.1908,0,453828,323005,25.5896,30.7043,-5.1146,80.00
2024-12-18,743.26,744.48,705.46,707.02,731.56,728.93,646.21,569.77,583.73,684.2507,1,756.1983,0,301756,323725,21.8060,28.9246,-7.1186,79.70
2024-12-19,715.06,715.37,691.22,702.45,728.01,729.33,649.44,570.38,584.19,684.2507,1,754.1688,0,413322,328111,18.2285,26.7854,-8.5569,78.23
2024-12-20,690.00,723.74,685.01,719.00,725.75,729.28,652.75,571.07,584.72,684.2507,1,750.3916,0,583684,335484,16.5381,24.7359,-8.1978,77.42
2024-12-23,720.00,720.00,709.99,714.96,723.51,727.89,655.86,571.71,585.27,684.2507,1,745.1611,0,136271,333894,14.7030,22.7293,-8.0264,76.15
2024-12-24,719.27,724.37,712.17,721.36,723.58,727.37,659.09,572.44,585.82,684.2507,1,740.3490,0,72857,330992,13.6082,20.9051,-7.2969,75.61
2024-12-26,721.43,726.85,717.49,724.67,723.44,727.11,662.62,573.19,586.34,684.2507,1,735.9219,0,111744,329530,12.8594,19.2960,-6.4365,76.53
2024-12-27,721.60,721.60,700.34,708.16,720.81,726.38,666.14,573.94,586.75,684.2507,1,731.8489,0,191132,329229,10.8092,17.5986,-6.7894,75.14
2024-12-30,697.57,702.65,688.15,699.51,718.57,725.31,669.46,574.67,587.10,684.2507,1,728.1018,0,167323,329663,8.3897,15.7568,-7.3671,75.53
2024-12-31,703.63,703.63,692.12,696.77,713.56,723.96,672.65,575.06,587.58,684.2507,1,724.6545,0,145346,329900,6.1799,13.8414,-7.6616,78.42
2025-01-02,704.98,706.66,689.43,697.43,709.13,722.86,675.94,575.39,588.07,684.2507,1,721.4829,0,218156,331974,4.4308,11.9593,-7.5285,78.77
2025-01-03,701.59,709.49,685.67,702.85,708.72,720.14,679.37,576.03,588.52,684.2507,1,718.5651,0,294635,336020,3.4422,10.2559,-6.8136,79.51
2025-01-06,711.65,716.28,703.52,707.71,709.24,718.63,682.88,576.68,588.93,684.2507,1,685.0100,1,234606,337669,3.0162,8.8079,-5.7917,79.66
2025-01-07,709.73,709.76,692.99,701.25,707.47,716.61,685.82,577.37,589.33,684.2507,1,685.6354,1,249996,336935,2.1328,7.4729,-5.3402,78.20
2025-01-08,703.86,715.50,698.62,709.42,706.91,715.21,688.70,578.04,589.77,684.2507,1,686.2483,1,282988,337842,2.0680,6.3919,-4.3239,78.94
2025-01-10,693.06,707.96,685.85,704.36,705.21,714.40,691.62,578.70,590.14,684.2507,1,716.2800,0,263431,338296,1.5901,5.4316,-3.8415,81.41
2025-01-13,694.14,701.53,690.00,699.14,702.66,713.05,694.34,579.37,590.48,684.2507,1,715.6714,0,174925,338967,0.7811,4.5015,-3.7204,80.23
2025-01-14,704.44,713.02,701.60,703.49,702.19,711.50,697.19,580.08,590.88,684.2507,1,715.0750,0,252905,341055,0.4854,3.6982,-3.2129,79.93
2025-01-15,719.36,724.60,705.92,709.14,703.16,710.86,700.27,580.84,591.29,684.2507,1,685.8500,1,325353,343845,0.6989,3.0984,-2.3995,80.04
2025-01-16,713.00,722.88,711.66,717.33,705.21,709.38,703.32,581.70,591.69,684.2507,1,686.6250,1,230765,343062,1.5115,2.7810,-1.2695,80.93
2025-01-17,712.10,718.85,700.13,704.44,705.91,707.52,706.11,582.45,592.16,684.2507,1,687.3845,1,354474,344690,1.1027,2.4453,-1.3426,77.43
2025-01-21,709.29,726.09,700.35,726.09,708.24,708.48,709.07,583.51,592.66,684.2507,1,688.1288,1,279835,345010,2.4969,2.4557,0.0413,79.75
2025-01-22,734.30,744.39,726.32,730.16,710.48,709.86,711.72,584.48,593.02,684.2507,1,689.6472,1,241756,339216,3.8855,2.7416,1.1438,80.40
2025-01-23,725.57,737.23,720.22,737.12,714.07,710.77,713.57,585.59,593.36,684.2507,1,692.9318,1,156933,322716,5.4843,3.2901,2.1941,81.98
2025-01-24,741.20,750.97,726.60,726.61,715.79,711.35,714.97,586.69,593.64,684.2507,1,696.0193,1,265649,315593,5.8360,3.7993,2.0367,78.72
2025-01-27,721.21,779.73,715.21,758.43,721.20,713.20,716.52,588.03,594.14,684.2507,1,700.4153,1,677202,319804,8.5834,4.7561,3.8273,83.29
2025-01-28,766.32,811.79,766.09,794.57,730.74,716.70,718.39,589.47,594.82,708.5886,1,708.3468,1,705817,322038,13.5211,6.5091,7.0120,86.23
2025-01-29,788.73,793.27,766.40,777.79,738.17,720.18,719.94,590.83,595.30,708.5886,1,715.2100,1,466752,319609,15.8970,8.3867,7.5103,85.88
2025-01-30,782.00,784.46,770.00,771.99,744.45,723.80,721.45,592.08,595.84,708.5886,1,726.7996,1,441269,319472,17.1146,10.1323,6.9823,85.23
2025-01-31,791.78,800.00,778.94,779.53,750.67,727.94,723.50,593.48,596.55,711.7431,1,736.9985,1,401380,321263,18.4750,11.8009,6.6742,85.58
2025-02-03,766.40,773.00,745.54,764.92,756.72,731.32,725.43,594.68,597.21,711.7431,1,811.7900,0,341078,323125,18.1649,13.0737,5.0912,85.20
2025-02-04,766.67,773.10,760.88,763.61,760.47,734.35,727.06,595.83,597.86,711.7431,1,810.4650,0,372718,324563,17.6104,13.9810,3.6294,84.77
2025-02-05,764.53,780.75,764.00,779.71,765.43,737.95,728.76,597.08,598.51,711.7431,1,809.1665,0,224634,324331,18.2596,14.8367,3.4229,85.39
2025-02-06,774.83,786.80,772.88,778.05,769.52,741.79,729.92,598.38,599.24,711.7431,1,807.8939,0,295037,320737,18.4277,15.5549,2.8728,84.74
2025-02-07,775.00,783.93,770.32,771.17,773.98,744.88,730.49,599.57,599.94,711.7431,1,806.6469,0,290423,316842,17.8006,16.0040,1.7965,82.51
2025-02-10,801.11,808.38,791.00,805.57,778.69,749.94,731.97,601.02,600.70,727.9863,1,745.5400,1,612636,313853,19.8506,16.7733,3.0772,85.27
2025-02-11,798.26,804.55,776.13,784.45,777.68,754.21,733.06,602.34,601.37,727.9863,1,746.7968,1,382890,317126,19.5457,17.3278,2.2178,82.51
2025-02-12,775.93,793.75,770.51,785.50,778.45,758.31,734.32,603.85,602.11,727.9863,1,748.0284,1,622587,326196,19.1678,17.6958,1.4720,81.89
2025-02-13,836.71,881.13,817.17,819.71,783.22,763.84,736.29,606.03,603.06,754.7603,1,749.2355,1,1019473,344066,21.3823,18.4331,2.9492,84.89
2025-02-14,818.10,820.00,785.22,811.95,786.46,768.57,738.06,608.18,603.94,754.7603,1,754.5113,1,440808,349271,22.2546,19.1974,3.0572,84.12
2025-02-18,810.00,819.00,794.00,803.35,790.31,773.51,739.73,610.36,604.93,754.7603,1,759.5760,1,331784,349920,21.9984,19.7576,2.2408,81.13
2025-02-19,800.00,803.31,765.11,770.95,791.04,775.76,740.00,612.35,605.75,754.7603,1,764.4382,1,487086,349992,18.9624,19.5986,-0.6362,77.90
2025-02-20,766.63,766.63,745.35,748.00,787.87,776.65,740.21,614.08,606.54,839.4212,0,881.1300,0,502880,351544,14.5368,18.5862,-4.0494,77.78
2025-02-21,749.00,749.00,716.88,726.43,782.71,776.11,739.90,615.72,607.17,826.8306,0,878.4143,0,596617,354506,9.1832,16.7056,-7.5224,76.32
2025-02-24,731.25,731.25,701.81,723.74,777.97,775.97,739.63,617.34,607.70,809.8639,0,871.9530,0,415354,356016,4.6695,14.2984,-9.6289,76.98
2025-02-25,717.87,725.37,701.49,720.10,769.42,774.05,739.62,618.94,608.23,804.5936,0,861.7445,0,331606,353894,0.7896,11.5966,-10.8071,74.53
2025-02-26,725.00,738.54,720.50,724.37,763.41,770.54,739.59,620.55,608.90,804.5936,0,848.9242,0,335456,354304,-1.9187,8.8936,-10.8122,76.83
2025-02-27,730.74,734.61,711.96,713.19,756.18,767.31,739.16,622.05,609.53,804.5936,0,837.1294,0,288557,351460,-4.9105,6.1328,-11.0432,75.49
2025-02-28,711.18,725.66,702.80,723.99,746.61,764.91,739.20,623.72,610.16,798.1427,0,826.2783,0,424331,355030,-6.3370,3.6388,-9.9758,75.68
2025-03-03,730.05,732.00,705.00,707.63,736.17,761.32,738.42,625.13,610.71,798.1427,0,816.2952,0,369666,355634,-8.6875,1.1736,-9.8610,73.11
2025-03-04,700.00,702.00,665.89,687.12,724.55,757.43,737.33,626.43,611.19,771.7257,0,807.1108,0,584602,358250,-12.0662,-1.4744,-10.5918,72.19
2025-03-05,681.02,698.97,679.33,698.33,717.29,754.17,737.15,627.76,611.61,771.7257,0,792.9884,0,359011,359395,-13.6815,-3.9158,-9.7657,74.53
2025-03-06,683.28,689.00,649.28,652.10,707.70,747.78,736.14,628.85,611.82,760.2627,0,780.2783,0,443493,359998,-18.4791,-6.8285,-11.6506,61.36
2025-03-07,648.03,659.76,613.82,640.21,699.08,740.89,734.57,629.80,611.95,732.5824,0,764.5585,0,493858,358202,-22.9757,-10.0579,-12.9178,54.78
2025-03-10,620.65,620.65,573.13,586.55,685.36,731.66,732.00,630.50,611.78,703.2262,0,743.4551,0,736648,370209,-30.5175,-14.1498,-16.3677,43.52
2025-03-11,586.00,602.52,582.07,590.67,672.42,720.92,729.39,631.34,611.68,694.1348,0,716.2023,0,832667,385405,-35.7498,-18.4698,-17.2800,47.08
2025-03-12,625.00,637.36,603.00,611.06,661.08,712.25,727.11,632.37,611.67,694.1348,0,693.3099,0,519951,393570,-37.8153,-22.3389,-15.4764,54.64
2025-03-13,606.14,610.16,584.73,598.32,649.60,702.89,724.92,633.36,611.69,694.1348,0,674.0803,0,536035,400468,-40.0189,-25.8749,-14.1440,51.38
2025-03-14,607.94,627.11,605.20,609.18,638.12,692.36,723.11,634.35,611.78,694.1348,0,657.9275,0,410953,405340,-40.4230,-28.7845,-11.6384,50.33
2025-03-17,604.55,622.53,603.73,613.06,628.66,682.42,721.44,635.26,611.66,694.1348,0,644.3591,0,263984,407713,-39.9694,-31.0215,-8.9479,47.34
2025-03-18,607.48,607.72,584.98,596.96,619.64,672.10,719.43,636.09,611.40,691.9344,0,632.9616,0,359071,410531,-40.4428,-32.9058,-7.5371,41.05
2025-03-19,602.83,614.40,596.96,604.77,610.29,663.79,717.47,636.99,611.39,691.9344,0,623.3878,0,359415,411827,-39.7299,-34.2706,-5.4593,41.28
2025-03-20,596.45,603.20,593.76,598.22,604.90,656.30,715.28,637.75,611.33,683.9132,0,615.3457,0,316578,413466,-39.2410,-35.2647,-3.9764,39.60
2025-03-21,598.22,606.31,589.03,606.27,601.51,650.29,713.38,638.57,611.37,679.7429,0,614.4000,0,391044,416287,-37.7687,-35.7655,-2.0032,40.36
2025-03-24,616.98,627.95,614.82,626.90,605.54,645.45,711.73,639.48,611.46,679.7429,0,573.1250,1,270884,416045,-34.5390,-35.5202,0.9812,42.38
2025-03-25,629.92,637.78,624.88,627.11,609.19,640.80,710.18,640.34,611.57,679.7429,0,574.2215,1,193150,414640,-31.5983,-34.7358,3.1375,43.49
2025-03-26,621.96,627.71,603.84,608.68,608.95,635.02,708.37,641.09,611.62,679.7429,0,576.7638,1,228438,415710,-30.4044,-33.8695,3.4651,41.04
2025-03-27,603.62,614.04,590.24,593.41,608.46,629.03,706.17,641.79,611.61,677.4496,0,579.2045,1,264720,415946,-30.3407,-33.1638,2.8231,37.27
2025-03-28,591.97,593.98,575.00,582.11,605.75,621.93,703.63,642.37,611.54,657.9626,0,637.7800,0,373540,416910,-30.8464,-32.7003,1.8539,39.28
2025-03-31,566.84,575.33,550.76,571.29,601.57,615.12,700.71,642.87,611.45,638.5760,0,636.5244,0,429610,420887,-31.7542,-32.5111,0.7569,41.83
2025-04-01,573.72,584.47,566.73,582.02,600.08,609.86,698.26,643.39,611.40,638.5760,0,633.0940,0,271512,419228,-31.2477,-32.2584,1.0107,45.54
2025-04-02,573.92,599.27,573.92,592.99,598.90,604.59,695.60,644.02,611.53,638.5760,0,629.8007,0,399142,421614,-29.6196,-31.7306,2.1111,48.57
2025-04-03,558.72,558.72,522.40,527.79,591.86,598.38,691.55,644.19,611.25,627.9545,0,626.6392,0,592391,428626,-33.2076,-32.0260,-1.1816,40.91
2025-04-04,505.00,512.63,481.15,501.50,581.38,591.44,686.84,644.25,610.90,589.5371,0,620.3849,0,698790,439464,-37.7375,-33.1683,-4.5692,38.43
2025-04-07,478.20,523.68,472.28,498.57,568.55,587.04,682.28,644.24,610.59,589.5371,0,609.2461,0,556653,445284,-41.0903,-34.7527,-6.3376,39.51
2025-04-08,515.00,526.53,482.35,487.07,554.54,581.86,676.85,644.16,610.23,589.5371,0,595.5493,0,413717,440014,-44.1662,-36.6354,-7.5308,39.09
2025-04-09,482.28,558.04,474.83,549.05,548.58,578.76,671.94,644.51,610.09,589.5371,0,583.2221,0,716071,440219,-41.1285,-37.5340,-3.5945,42.45
2025-04-10,532.74,535.75,508.93,518.87,541.13,574.79,666.76,644.68,609.81,589.5371,0,572.1277,0,588087,442646,-40.6874,-38.1647,-2.5227,42.07
2025-04-11,518.87,532.80,510.40,527.80,535.69,570.72,661.88,644.83,609.53,589.5371,0,562.1428,0,526111,444343,-39.1657,-38.3649,-0.8008,45.47
2025-04-14,546.36,550.37,521.81,527.56,531.32,566.45,656.84,645.04,609.32,589.5371,0,553.1563,0,425424,444823,-37.5463,-38.2012,0.6548,44.98
2025-04-15,535.00,553.63,535.00,547.18,527.84,563.96,652.48,645.39,609.13,589.5371,0,472.2780,1,432491,446652,-34.2846,-37.4179,3.1333,48.49
2025-04-16,532.80,554.85,532.50,544.04,522.94,560.92,648.09,645.74,608.90,589.5371,0,473.9050,1,349981,446197,-31.5889,-36.2521,4.6632,51.81
2025-04-17,541.37,546.20,534.62,539.69,524.13,557.99,643.29,646.02,608.63,589.5371,0,477.1428,1,207511,445854,-29.4639,-34.8944,5.4306,47.82
2025-04-21,530.00,533.03,508.76,519.06,525.89,553.63,638.11,646.19,608.31,589.5371,0,480.2510,1,267991,445314,-29.1089,-33.7373,4.6284,45.76
2025-04-22,529.23,542.67,523.67,541.82,530.21,549.38,633.53,646.53,608.06,589.5371,0,483.2350,1,371255,446930,-26.6834,-32.3265,5.6431,46.07
2025-04-23,570.07,584.14,561.14,565.96,538.10,546.32,628.73,647.00,607.95,589.5371,0,486.0996,1,482538,444328,-22.5534,-30.3719,7.8185,50.23
2025-04-24,576.58,604.82,574.17,600.50,543.25,545.91,625.05,647.72,608.02,491.0961,1,491.9820,1,423833,445147,-16.3052,-27.5586,11.2533,58.51
2025-04-25,597.65,617.98,597.65,615.49,552.91,547.02,621.65,648.47,608.30,513.1548,1,501.0091,1,399022,440676,-10.0284,-24.0525,14.0242,62.39
2025-04-28,620.89,622.38,601.36,612.43,561.37,548.53,617.51,649.02,608.90,520.3698,1,512.7062,1,291272,426112,-5.2404,-20.2901,15.0497,63.57
2025-04-29,615.97,616.61,606.00,612.69,569.89,550.60,613.52,649.59,609.51,525.7718,1,525.8670,1,337470,424045,-1.4087,-16.5138,15.1051,60.97
2025-04-30,598.41,612.63,589.00,611.50,576.32,552.08,609.69,650.15,610.19,525.7718,1,537.4486,1,348983,424389,1.5145,-12.9082,14.4226,58.57
2025-05-01,617.23,635.55,613.62,624.05,584.32,553.63,606.75,650.76,610.95,541.6924,1,547.6403,1,421047,423068,4.7886,-9.3688,14.1574,64.06
2025-05-02,632.24,641.47,624.05,635.81,593.93,559.03,604.50,651.46,611.69,552.9306,1,559.9477,1,291519,418841,8.2373,-5.8476,14.0849,62.81
2025-05-05,630.71,651.50,630.71,639.40,605.97,565.93,602.76,652.16,612.48,563.0216,1,572.9913,1,319572,413300,11.1319,-2.4517,13.5835,63.15
2025-05-06,628.84,640.77,625.89,632.11,614.99,572.60,600.93,652.80,613.24,563.0216,1,587.1228,1,274905,410491,12.6912,0.5769,12.1143,58.72
2025-05-07,642.28,647.43,633.53,643.73,622.77,580.44,599.40,653.55,614.05,568.6202,1,598.7107,1,329847,410456,14.6953,3.4006,11.2947,60.44
2025-05-08,655.03,670.54,643.91,660.36,628.76,586.00,598.12,654.44,614.94,584.5081,1,608.2128,1,612550,415998,17.4246,6.2054,11.2192,58.91
2025-05-09,614.33,619.53,582.01,603.05,627.51,590.21,595.92,655.03,615.51,584.5081,1,670.5400,0,1083862,431904,14.7926,7.9228,6.8698,40.94
2025-05-12,628.89,663.99,624.22,662.63,632.53,596.95,594.69,655.99,616.46,584.5081,1,670.5400,0,775807,438933,17.3147,9.8012,7.5135,54.65
2025-05-13,664.76,678.23,648.38,672.24,638.49,604.19,593.99,656.91,617.34,584.5081,1,582.0100,1,626393,444068,19.8601,11.8130,8.0471,55.49
2025-05-14,673.59,682.57,664.79,670.00,644.34,610.33,593.64,657.90,618.23,584.5081,1,583.9344,1,471546,441807,21.4493,13.7402,7.7090,53.05
2025-05-15,665.00,666.25,644.01,664.05,648.34,616.33,592.96,658.77,619.06,584.5081,1,587.8796,1,603356,446694,21.9753,15.3872,6.5880,49.45
2025-05-16,664.77,669.46,658.91,660.79,650.84,622.38,593.13,659.57,619.92,584.5081,1,591.6670,1,454690,446918,21.8769,16.6852,5.1917,53.11
2025-05-19,650.03,654.33,644.00,648.03,651.70,628.83,593.29,660.20,620.68,584.5081,1,595.3030,1,292326,442887,20.5326,17.4547,3.0780,49.90
2025-05-20,645.54,646.75,637.88,641.75,652.66,633.83,594.39,660.75,621.47,584.5081,1,598.7934,1,350909,435172,18.7445,17.7126,1.0318,49.64
2025-05-21,635.00,639.75,617.77,621.25,650.41,636.59,595.00,661.16,622.25,584.5081,1,602.1443,1,430961,427138,15.4945,17.2690,-1.7745,45.06
2025-05-22,620.49,632.39,614.22,627.80,647.16,637.96,595.34,661.69,623.11,584.5081,1,605.3611,1,358788,423915,13.2942,16.4740,-3.1798,50.78
2025-05-23,612.15,621.39,611.26,614.92,648.35,637.93,595.67,662.24,623.94,584.5081,1,608.4493,1,265768,418510,10.3914,15.2575,-4.8661,45.88
2025-05-27,621.86,627.49,614.04,616.47,643.73,638.13,595.82,662.80,624.72,584.5081,1,611.2600,1,400274,418296,8.1223,13.8305,-5.7082,42.19
2025-05-28,618.67,626.93,616.45,616.92,638.20,638.34,595.89,663.33,625.42,584.5081,1,611.2600,1,302476,419066,6.2879,12.3219,-6.0341,42.69
2025-05-29,621.16,621.16,576.22,578.25,629.02,636.68,595.52,663.63,625.95,670.5670,0,682.5650,0,743572,426756,1.6942,10.1964,-8.5022,30.04
2025-05-30,582.28,590.67,567.28,589.90,621.61,634.97,595.22,664.02,626.55,650.6814,0,680.4381,0,835416,436276,-0.9948,7.9582,-8.9530,36.07
2025-06-02,587.62,597.18,576.00,592.02,614.73,632.78,595.10,664.42,627.09,650.6814,0,675.9118,0,320756,436359,-2.9211,5.7823,-8.7034,36.64
2025-06-03,593.48,600.12,583.85,600.11,609.94,630.82,594.97,664.72,627.67,650.6814,0,671.5665,0,315118,434841,-3.7517,3.8755,-7.6272,38.98
2025-06-04,597.34,603.71,590.00,599.29,605.69,629.18,594.42,664.95,628.22,650.6814,0,667.3950,0,212209,433667,-4.4251,2.2154,-6.6405,43.59
2025-06-05,601.54,611.00,598.88,602.61,603.83,627.12,593.93,665.24,628.74,650.6814,0,663.3904,0,294315,435691,-4.6374,0.8448,-5.4822,53.06
2025-06-06,606.16,609.40,598.55,609.40,601.99,624.57,593.95,665.55,629.30,650.6814,0,659.5460,0,361618,438354,-4.2093,-0.1660,-4.0433,52.04
2025-06-09,609.28,610.61,598.32,606.06,601.10,624.72,594.20,665.85,629.89,650.6814,0,655.8554,0,307878,439217,-4.0923,-0.9513,-3.1410,45.64
2025-06-10,605.00,605.41,577.53,582.04,597.66,620.69,594.20,666.03,630.33,650.6814,0,652.3124,0,701998,445787,-5.8701,-1.9350,-3.9351,33.66
2025-06-11,583.00,587.00,572.74,573.57,593.33,615.76,594.24,666.09,630.71,638.5261,0,648.9111,0,396681,445128,-7.8718,-3.1224,-4.7494,30.19
2025-06-12,573.36,578.51,567.31,569.82,592.48,610.75,594.00,666.12,631.05,629.0572,0,645.6458,0,696377,453625,-9.6495,-4.4278,-5.2217,29.43
2025-06-13,561.52,563.10,551.41,554.59,588.95,605.28,593.23,665.97,631.32,613.3133,0,642.5112,0,446944,454581,-12.1472,-5.9717,-6.1755,28.25
2025-06-16,555.50,559.20,547.29,549.57,584.71,599.72,593.67,665.65,631.56,607.2674,0,637.0454,0,485930,452452,-14.3662,-7.6506,-6.7156,25.01
2025-06-17,548.03,555.54,543.09,554.85,580.18,595.06,594.73,665.05,631.87,601.6746,0,629.8650,0,466518,447807,-15.5198,-9.2244,-6.2953,28.36
2025-06-18,555.77,559.20,535.21,544.46,574.70,590.19,595.65,664.30,632.09,601.5234,0,621.1875,0,433336,445340,-17.0755,-10.7946,-6.2809,24.32
2025-06-20,547.34,550.12,530.72,534.51,567.89,585.86,596.60,663.32,632.27,595.1276,0,610.8702,0,835599,453778,-18.8936,-12.4144,-6.4791,22.08
2025-06-23,534.60,543.02,527.74,536.51,560.60,581.29,596.35,662.23,632.47,589.1946,0,599.6499,0,525780,449972,-19.9431,-13.9202,-6.0229,21.81
2025-06-24,546.21,557.85,538.10,557.32,555.72,578.41,597.12,661.27,632.79,589.1946,0,588.1443,0,548291,449176,-18.8781,-14.9117,-3.9663,25.39
2025-06-25,562.10,562.56,537.00,543.36,551.86,574.76,597.43,660.25,632.98,589.1946,0,578.4796,0,452402,447702,-18.9421,-15.7178,-3.2243,27.28
2025-06-26,547.70,549.49,533.45,547.76,549.28,571.30,597.83,659.39,633.24,589.1946,0,570.3613,0,324822,445690,-18.4254,-16.2593,-2.1661,31.31
2025-06-27,550.58,553.36,542.42,550.63,547.36,569.92,597.90,658.61,633.52,589.1946,0,563.5419,0,557183,448184,-17.5817,-16.5238,-1.0579,33.86
2025-06-30,555.32,559.96,552.00,556.63,547.56,568.26,598.16,657.77,633.84,589.1946,0,527.7400,1,290672,446998,-16.2417,-16.4674,0.2257,37.05
2025-07-01,555.02,558.21,543.21,557.86,548.39,566.55,598.52,656.86,634.14,589.1946,0,528.3844,1,359373,450035,-14.9086,-16.1556,1.2470,34.13
2025-07-02,551.79,557.66,530.47,546.02,547.51,563.84,599.06,655.70,634.41,589.1946,0,529.0159,1,574140,456158,-14.6387,-15.8522,1.2135,30.02
2025-07-03,550.00,565.32,547.81,560.86,549.15,561.92,599.44,654.49,634.76,589.1946,0,529.6348,1,258220,453897,-13.0767,-15.2971,2.2205,34.32
2025-07-07,556.80,561.30,552.59,555.58,551.25,559.57,599.23,653.31,635.06,589.1946,0,530.4700,1,299124,450229,-12.1250,-14.6627,2.5377,33.39
2025-07-08,557.23,561.69,552.83,557.42,553.34,556.97,598.37,652.16,635.38,589.1946,0,531.8640,1,552403,452800,-11.0945,-13.9491,2.8546,32.02
2025-07-09,558.23,566.89,552.31,560.55,553.67,554.70,597.27,651.08,635.67,589.1946,0,533.2022,1,402251,452865,-9.9109,-13.1414,3.2305,29.82
2025-07-10,560.33,564.79,537.53,553.77,554.71,553.28,596.10,649.96,635.79,589.1946,0,535.2235,1,551610,458072,-9.4116,-12.3955,2.9839,28.60
2025-07-11,552.75,553.51,519.96,524.27,552.36,550.82,594.33,648.64,635.77,589.1946,0,566.8900,0,646949,464261,-11.2663,-12.1696,0.9033,21.57
2025-07-14,525.82,544.38,524.50,538.60,551.16,549.26,592.87,647.43,635.83,589.1946,0,565.9514,0,459103,466464,-11.4480,-12.0253,0.5773,25.47
2025-07-15,543.07,544.39,527.84,528.91,548.38,547.97,590.97,645.91,635.81,589.1946,0,565.0316,0,362621,465295,-12.2329,-12.0668,-0.1660,24.59
2025-07-16,531.49,541.53,526.30,541.53,546.75,547.57,589.08,644.60,635.87,589.1618,0,564.1302,0,326543,465996,-11.7016,-11.9938,0.2922,25.73
2025-07-17,541.00,546.10,526.97,528.60,545.01,546.26,586.87,643.18,635.83,589.1618,0,563.2468,0,490171,469408,-12.1835,-12.0317,-0.1518,21.67
2025-07-18,529.00,542.76,526.18,542.41,543.16,546.15,585.07,641.88,635.87,589.1618,0,562.3810,0,366723,471244,-11.3206,-11.8895,0.5689,26.64
2025-07-21,545.20,557.66,540.03,546.64,542.27,546.76,583.13,640.72,635.94,589.1618,0,561.5326,0,515700,474961,-10.1781,-11.5472,1.3692,26.68
2025-07-22,549.89,555.95,545.32,549.72,541.50,547.42,580.92,639.54,636.06,589.1618,0,560.7011,0,377218,470254,-8.9212,-11.0220,2.1008,23.07
2025-07-23,551.50,564.73,546.62,560.90,541.53,547.60,580.07,638.38,636.29,589.1618,0,519.9600,1,343159,455440,-6.9430,-10.2062,3.2632,19.96
2025-07-24,564.30,567.83,548.56,552.16,541.37,548.04,577.87,637.25,636.46,589.1618,0,520.8554,1,308657,446097,-6.0112,-9.3672,3.3560,19.27
2025-07-25,554.96,562.66,554.96,559.66,544.91,548.64,575.61,636.01,636.59,589.1618,0,522.7344,1,336635,440302,-4.6144,-8.4166,3.8023,20.60
2025-07-28,562.00,568.16,556.00,559.23,546.98,549.07,573.40,634.79,636.77,589.1618,0,524.5382,1,226880,435409,-3.5017,-7.4337,3.9320,20.19
2025-07-29,561.92,566.01,546.45,548.33,548.92,548.65,571.08,633.73,636.85,589.1618,0,527.1555,1,359430,430530,-3.4596,-6.6388,3.1793,18.67
2025-07-30,550.13,550.13,532.57,538.23,548.59,547.67,568.63,632.64,636.84,589.1618,0,529.6158,1,418958,429816,-4.1928,-6.1496,1.9568,17.22
2025-07-31,539.68,541.53,516.63,519.65,547.69,546.35,566.07,631.31,636.67,582.1347,0,568.1600,0,431933,432608,-6.2017,-6.1600,-0.0416,14.45
2025-08-01,510.00,511.00,496.35,498.51,543.30,543.23,563.20,629.86,636.36,558.4165,0,567.1294,0,338488,432359,-9.3913,-6.8063,-2.5850,10.61
2025-08-04,504.15,510.51,493.80,502.20,538.86,540.56,560.82,628.40,636.07,556.4354,0,564.2982,0,521434,434169,-11.4889,-7.7428,-3.7461,9.20
2025-08-05,510.73,510.73,492.00,492.16,533.10,537.30,558.11,626.85,635.79,555.8363,0,560.0683,0,408690,435167,-13.8023,-8.9547,-4.8476,6.55
2025-08-06,496.07,503.71,490.21,492.62,526.27,533.90,555.66,625.42,635.60,550.0382,0,554.6228,0,725038,444352,-15.4208,-10.2479,-5.1729,7.23
2025-08-07,519.93,522.80,444.25,461.87,517.25,529.31,552.57,623.83,635.24,550.0382,0,548.1816,0,1285015,462047,-18.9661,-11.9916,-6.9746,6.05
2025-08-08,463.13,469.46,444.53,449.72,506.25,525.58,549.22,622.18,634.80,528.6738,0,535.7098,0,577890,467555,-22.4969,-14.0926,-8.4043,4.65
2025-08-11,444.28,447.85,418.34,420.79,492.41,519.69,546.08,620.34,634.24,507.0199,0,524.7346,0,839560,469475,-27.3146,-16.7370,-10.5776,3.24
2025-08-12,421.18,431.17,418.77,423.78,479.95,514.44,542.75,618.48,633.70,495.2224,0,509.8394,0,682582,466419,-30.5393,-19.4975,-11.0419,2.83
2025-08-13,425.28,438.35,421.50,437.75,469.91,509.25,539.67,616.68,633.23,495.2224,0,497.0294,0,494482,469893,-31.6034,-21.9187,-9.6847,2.98
2025-08-14,432.50,436.80,424.00,429.90,460.93,504.31,536.26,614.87,632.61,495.2224,0,486.0129,0,353765,470666,-32.7032,-24.0756,-8.6276,3.02
2025-08-15,431.38,443.03,430.50,439.37,455.02,499.16,533.07,613.07,631.98,495.2224,0,476.5387,0,376189,473946,-32.4366,-25.7478,-6.6889,3.17
2025-08-18,437.62,448.92,437.00,448.20,449.62,494.24,529.98,611.36,631.43,495.2224,0,468.3909,0,321404,474487,-31.1538,-26.8290,-4.3248,3.51
2025-08-19,449.84,456.06,443.14,443.14,444.71,488.91,526.65,609.66,630.83,495.2224,0,461.3838,0,314364,473542,-30.1973,-27.5027,-2.6947,3.47
2025-08-20,441.18,455.27,439.49,453.69,440.82,483.55,523.60,607.99,630.29,495.2224,0,456.0600,0,536897,478123,-28.2623,-27.6546,-0.6077,4.00
2025-08-21,450.45,458.46,446.21,455.97,440.23,478.74,521.08,606.30,629.80,495.2224,0,418.3400,1,423596,472555,-26.2422,-27.3721,1.1299,4.27
2025-08-22,454.91,476.38,454.91,474.30,442.69,474.47,519.10,604.68,629.34,495.2224,0,419.1424,1,424925,473119,-22.8983,-26.4773,3.5791,4.35
2025-08-25,475.04,476.62,466.51,467.92,447.40,469.91,517.06,603.11,628.86,495.2224,0,421.4317,1,249261,464177,-20.5264,-25.2871,4.7608,4.04
2025-08-26,465.59,470.31,456.51,457.32,450.76,465.35,515.11,601.31,628.25,495.2224,0,424.7430,1,365353,462545,-19.2797,-24.0857,4.8059,4.57
2025-08-27,460.50,469.68,460.49,469.48,453.93,461.92,513.51,599.58,627.61,495.2224,0,427.8556,1,363800,460103,-17.1132,-22.6912,5.5779,4.76
2025-08-28,473.69,482.25,471.71,476.34,458.57,459.75,511.94,597.84,626.77,495.2224,0,430.7815,1,414463,459062,-14.6736,-21.0877,6.4141,5.33
2025-08-29,477.44,485.52,476.77,483.17,462.95,458.98,510.72,596.22,625.90,495.2224,0,434.8992,1,395040,458296,-12.0501,-19.2802,7.2300,5.98
2025-09-02,470.52,475.02,462.27,471.54,465.29,457.45,509.46,594.30,624.86,495.2224,0,439.9613,1,296221,447508,-10.7852,-17.5812,6.7960,6.54
2025-09-03,477.21,479.90,465.11,472.71,468.24,456.48,508.18,592.16,623.71,495.2224,0,444.5172,1,387386,444740,-9.5778,-15.9805,6.4027,6.80
2025-09-04,462.48,469.23,453.03,464.31,469.31,455.06,506.32,590.07,622.54,495.2224,0,448.6174,1,492819,443631,-9.1928,-14.6230,5.4301,5.55
2025-09-05,470.51,492.15,470.51,487.53,472.46,456.35,505.20,588.17,621.49,495.2224,0,452.3077,1,552030,445623,-6.9342,-13.0852,6.1510,6.80
2025-09-08,490.00,502.42,486.60,498.53,474.89,458.79,504.22,586.30,620.60,442.2223,1,453.0300,1,445835,448044,-4.2080,-11.3098,7.1017,9.57
2025-09-09,496.18,505.00,496.18,502.29,478.32,462.86,503.25,584.55,619.77,450.8850,1,459.9446,1,463262,446165,-1.7242,-9.3927,7.6684,9.99
2025-09-10,500.00,508.63,488.41,489.18,481.51,466.13,501.90,582.72,618.80,450.8850,1,467.1535,1,398388,448320,-0.8044,-7.6750,6.8706,9.27
2025-09-11,493.02,501.51,490.15,496.79,484.24,469.08,500.68,580.83,617.81,450.8850,1,474.6192,1,289529,446923,0.5324,-6.0335,6.5660,8.85
2025-09-12,496.62,497.76,489.68,491.48,485.75,472.16,499.59,578.92,616.67,450.8850,1,480.7412,1,219544,439831,1.1502,-4.5968,5.7470,9.80
2025-09-15,495.00,510.94,492.24,508.14,488.25,475.60,498.54,577.17,615.50,453.5431,1,485.7612,1,326886,441204,2.9501,-3.0874,6.0375,11.11
2025-09-16,506.52,506.52,498.55,502.55,491.35,478.32,497.48,575.15,614.35,456.4104,1,489.6800,1,311732,441456,3.8807,-1.6938,5.5745,10.47
2025-09-17,506.05,517.08,502.22,507.30,494.81,481.53,496.47,573.30,613.24,463.6816,1,492.2450,1,312497,436658,4.9445,-0.3661,5.3106,12.13
2025-09-18,512.81,520.47,509.88,513.12,499.69,484.50,495.53,571.48,612.19,469.8525,1,497.2120,1,344868,435511,6.1859,0.9443,5.2416,12.59
2025-09-19,514.22,521.54,509.11,518.84,502.82,487.64,494.83,569.48,611.18,470.8057,1,501.8636,1,503015,434539,7.5443,2.2643,5.2800,15.19
2025-09-22,512.15,525.51,509.36,522.97,505.27,490.08,494.80,567.55,610.18,472.5187,1,505.7989,1,273095,427062,8.8521,3.5819,5.2702,16.40
2025-09-23,520.59,522.79,510.94,513.14,506.35,492.34,494.29,565.62,609.15,472.8335,1,509.1100,1,326511,424410,8.9917,4.6638,4.3278,14.58
2025-09-24,519.77,525.47,509.82,515.35,508.97,495.24,494.02,563.91,607.94,473.3227,1,509.3550,1,312921,423416,9.1748,5.5660,3.6088,15.00
2025-09-25,510.10,514.33,503.25,506.68,509.96,497.10,493.32,562.30,606.78,473.3227,1,525.5100,0,259015,422065,8.5222,6.1572,2.3649,14.05
2025-09-26,506.63,518.91,504.00,517.76,512.58,499.17,493.11,560.91,605.66,473.3227,1,525.4750,0,238843,417039,8.7976,6.6853,2.1123,16.06
2025-09-29,517.91,524.63,515.66,519.88,513.76,501.00,492.66,559.55,604.57,478.1749,1,525.0305,0,297423,415653,9.0822,7.1647,1.9175,17.83
2025-09-30,517.66,521.19,462.00,467.80,510.28,500.82,491.08,557.87,603.31,540.6215,0,524.6340,0,979339,424925,5.0472,6.7412,-1.6940,8.14
2025-10-01,472.55,477.04,423.11,440.25,503.58,499.19,488.89,555.98,601.88,516.2314,0,524.6340,0,1506139,447504,-0.3694,5.3191,-5.6885,5.20
2025-10-02,444.05,449.10,436.00,445.16,496.78,498.24,486.58,554.19,600.43,506.0254,0,521.1890,0,544119,451523,-4.2173,3.4118,-7.6291,5.91
2025-10-03,447.89,458.90,447.11,451.87,490.09,496.45,484.57,552.38,599.08,506.0254,0,515.3040,0,405101,453452,-6.6487,1.3997,-8.0484,6.10
2025-10-06,453.64,503.00,443.24,463.59,484.15,494.71,482.65,550.75,597.67,506.0254,0,509.7720,0,1060323,467926,-7.5429,-0.3888,-7.1541,7.50
2025-10-07,460.05,468.40,432.78,450.37,477.87,492.11,480.47,549.17,596.21,506.0254,0,504.5720,0,526302,473914,-9.2121,-2.1535,-7.0587,7.65
2025-10-08,452.10,459.77,446.26,459.56,472.29,490.63,478.70,547.58,594.97,506.0254,0,503.0000,0,347703,473680,-9.6819,-3.6592,-6.0227,7.31
2025-10-09,456.65,460.00,450.00,452.99,466.92,488.44,476.99,546.25,593.72,506.0254,0,498.2063,0,369413,472689,-10.4636,-5.0201,-5.4436,6.82
2025-10-10,456.45,457.35,436.86,439.66,459.11,485.85,475.39,544.91,592.33,506.0254,0,493.7002,0,432142,472693,-12.0203,-6.4201,-5.6002,6.63
2025-10-13,442.57,453.51,440.15,449.88,452.11,482.94,474.42,544.00,591.00,506.0254,0,489.4645,0,285449,471632,-12.2876,-7.5936,-4.6940,7.57
2025-10-14,444.30,461.98,442.33,456.58,450.99,480.64,473.51,543.11,589.68,506.0254,0,485.4829,0,272304,466649,-11.8225,-8.4394,-3.3831,6.85
2025-10-15,467.27,468.81,444.16,445.44,451.51,477.54,472.57,542.01,588.28,506.0254,0,481.7403,0,293634,464348,-12.2121,-9.1939,-3.0182,5.26
2025-10-16,448.55,463.00,432.38,432.70,450.26,473.52,471.37,540.90,586.91,506.0254,0,478.2221,0,309424,456036,-13.3944,-10.0340,-3.3604,4.39
2025-10-17,431.49,442.35,430.00,436.82,448.76,469.42,470.87,539.75,585.59,501.2257,0,474.9151,0,248769,435311,-13.8395,-10.7951,-3.0444,4.70
2025-10-20,440.04,455.51,439.50,451.58,447.56,465.85,470.91,538.68,584.37,501.2257,0,471.8065,0,247195,428697,-12.8530,-11.2067,-1.6463,5.56
2025-10-21,446.98,480.00,445.21,478.01,450.32,464.10,472.05,537.88,583.27,501.2257,0,423.1050,1,410085,420108,-9.8253,-10.9304,1.1051,6.62
2025-10-22,473.14,479.13,468.10,469.50,451.32,461.80,472.97,536.98,582.10,501.2257,0,424.2429,1,246441,411385,-8.0200,-10.3483,2.3283,6.54
2025-10-23,470.00,476.10,468.82,475.80,453.60,460.26,473.73,536.16,580.94,501.2257,0,425.3581,1,192937,405354,-6.0117,-9.4810,3.4693,6.54
2025-10-24,480.23,485.00,469.37,469.67,456.60,457.86,474.52,535.25,579.78,501.2257,0,426.4509,1,191672,402112,-4.8587,-8.5565,3.6979,5.90
2025-10-27,474.64,478.38,470.31,471.94,458.80,455.46,475.18,534.22,578.60,501.2257,0,428.7929,1,221906,399026,-3.7189,-7.5890,3.8701,5.38
2025-10-28,470.32,475.62,468.17,469.62,460.11,455.55,475.60,533.17,577.42,501.2257,0,431.0411,1,192075,396440,-2.9686,-6.6649,3.6963,5.87
2025-10-29,472.61,474.65,460.10,466.12,462.18,456.84,476.06,532.22,576.26,501.2257,0,433.1995,1,258184,395316,-2.6261,-5.8572,3.2311,6.39
2025-10-30,466.39,483.82,464.43,477.62,466.67,458.47,476.54,531.45,575.13,501.2257,0,435.2715,1,392938,392437,-1.4105,-4.9678,3.5573,8.32
2025-10-31,476.08,493.95,475.49,491.92,472.18,460.47,477.26,530.85,574.04,501.2257,0,437.2607,1,508104,394127,0.6988,-3.8345,4.5333,10.84
2025-11-03,492.40,497.96,480.93,494.58,476.48,462.02,477.67,530.34,572.93,501.2257,0,440.6623,1,380678,393242,2.5555,-2.5565,5.1120,13.56
2025-11-04,478.00,484.23,465.21,471.99,475.88,463.10,477.75,529.60,571.77,501.2257,0,445.2461,1,368388,395625,2.1791,-1.6094,3.7885,11.30
2025-11-05,472.68,476.64,458.00,464.71,475.40,463.36,477.90,528.75,570.46,501.2257,0,449.4632,1,569967,399717,1.2786,-1.0318,2.3104,12.35
2025-11-06,402.90,409.31,375.01,394.95,467.31,460.45,476.41,527.86,568.78,469.4153,0,497.9600,0,1267553,417792,-5.0064,-1.8267,-3.1797,5.34
2025-11-07,390.54,405.85,390.13,398.40,460.18,458.39,474.85,527.17,567.09,469.4153,0,495.5010,0,541386,420331,-9.5983,-3.3810,-6.2173,5.53
2025-11-10,394.95,398.40,379.76,386.35,451.63,455.21,472.91,526.43,565.39,461.4929,0,493.0912,0,499628,422422,-14.0478,-5.5144,-8.5334,4.73
2025-11-11,386.73,400.56,386.73,395.04,444.17,452.14,471.38,525.81,563.57,461.4929,0,490.7295,0,311094,422720,-16.6806,-7.7476,-8.9329,4.85
2025-11-12,398.03,405.00,394.12,394.74,437.03,449.60,469.82,524.78,561.57,461.4929,0,488.4152,0,290450,420781,-18.5771,-9.9135,-8.6636,4.77
2025-11-13,391.78,398.67,388.79,390.61,428.33,447.50,468.35,523.93,559.64,455.8736,0,486.1471,0,249600,415917,-20.1808,-11.9670,-8.2138,5.04
2025-11-14,384.00,398.60,382.82,396.36,418.77,445.48,466.52,523.05,557.76,451.3723,0,483.9243,0,299054,410857,-20.7485,-13.7233,-7.0252,5.18
2025-11-17,394.03,394.90,368.04,369.10,406.22,441.35,463.93,522.00,555.71,444.5643,0,481.7460,0,418929,410319,-23.1315,-15.6049,-7.5266,4.20
2025-11-18,368.11,372.75,356.64,368.33,395.86,435.87,461.26,520.80,553.72,426.3129,0,477.1978,0,526417,411582,-24.7963,-17.4432,-7.3531,3.87
2025-11-19,368.75,371.02,359.01,361.90,385.58,430.49,458.71,519.59,551.72,424.0757,0,469.9643,0,294261,409500,-26.3310,-19.2208,-7.1102,4.36
2025-11-20,370.38,372.00,354.11,357.31,381.81,424.56,455.92,518.37,549.60,421.5767,0,463.1649,0,348627,410682,-27.5995,-20.8965,-6.7030,4.17
2025-11-21,355.82,360.96,344.41,355.35,377.51,418.85,453.20,517.28,547.49,410.3173,0,454.4409,0,410465,414500,-28.4351,-22.4042,-6.0309,3.37
2025-11-24,355.19,357.98,350.26,356.50,374.52,413.07,450.17,516.05,545.42,408.3086,0,443.4378,0,284594,413654,-28.6740,-23.6582,-5.0159,3.26
2025-11-25,356.85,373.54,356.85,371.51,372.17,408.17,447.54,514.75,543.25,408.3086,0,433.5350,0,268602,412792,-27.3371,-24.3940,-2.9431,3.60
2025-11-26,368.45,369.15,360.66,361.81,368.88,402.95,444.63,513.16,541.13,408.3086,0,424.6225,0,213034,410802,-26.7519,-24.8655,-1.8863,2.77
2025-11-28,364.59,371.01,362.64,367.32,366.55,397.44,441.72,511.50,539.04,408.3086,0,416.6013,0,104833,406002,-25.5490,-25.0022,-0.5467,2.85
2025-12-01,363.66,376.08,361.35,373.40,364.25,391.51,438.81,509.91,536.81,408.3086,0,409.3821,0,262164,401185,-23.8303,-24.7678,0.9375,3.41
2025-12-02,373.40,381.70,372.11,373.32,364.68,385.45,435.82,508.32,534.62,408.3086,0,402.8849,0,265468,401032,-22.2186,-24.2580,2.0394,3.33
2025-12-03,370.51,375.21,364.00,374.97,365.34,380.60,433.05,506.74,532.48,408.3086,0,397.0374,0,282652,400155,-20.5711,-23.5206,2.9495,2.62
2025-12-04,380.83,381.47,369.63,377.04,366.85,376.22,430.29,505.09,530.51,408.3086,0,391.7747,0,222868,398354,-18.8807,-22.5926,3.7119,2.73
2025-12-05,372.46,387.06,372.05,379.85,369.11,375.46,427.75,503.39,528.67,408.3086,0,344.4100,1,223542,397644,-17.1170,-21.4975,4.3805,2.92
2025-12-08,380.21,386.30,379.05,385.21,372.09,374.80,425.10,501.69,526.96,408.3086,0,345.2630,1,212867,397125,-15.1126,-20.2205,5.1079,3.79
2025-12-09,381.00,392.74,381.00,385.80,375.02,374.77,422.42,500.05,525.27,408.3086,0,346.0989,1,220022,395577,-13.3229,-18.8410,5.5181,3.22
2025-12-10,386.00,394.24,383.45,392.47,377.12,374.64,420.91,498.37,523.63,408.3086,0,347.9646,1,304086,382072,-11.2368,-17.3202,6.0834,3.00
2025-12-11,389.35,396.84,385.37,387.19,379.66,374.27,419.85,496.55,521.95,408.3086,0,350.7411,1,174158,355432,-9.8955,-15.8352,5.9397,2.84
2025-12-12,386.24,387.85,372.81,375.94,380.52,373.53,418.47,495.04,520.26,408.3086,0,354.4290,1,327782,351105,-9.6293,-14.5940,4.9648,2.47
2025-12-15,372.70,374.49,360.40,364.85,379.66,371.96,416.73,493.05,518.46,408.3086,0,357.8219,1,386157,350726,-10.1957,-13.7144,3.5187,2.24
2025-12-16,366.99,375.00,360.83,370.35,379.37,372.02,414.86,491.04,516.78,408.3086,0,360.4000,1,325278,336026,-10.0845,-12.9884,2.9039,2.58
2025-12-17,376.12,388.53,374.99,387.58,380.63,372.98,413.60,489.16,515.28,408.3086,0,360.4000,1,466375,334827,-8.5080,-12.0923,3.5843,3.48
2025-12-18,388.24,405.00,383.20,390.00,381.92,374.39,412.21,487.33,513.74,408.3086,0,360.8300,1,494910,337771,-6.9828,-11.0704,4.0876,3.56
2025-12-19,389.16,392.74,381.46,389.46,382.88,376.00,410.94,485.52,512.42,408.3086,0,365.2470,1,510076,340584,-5.7514,-10.0066,4.2552,3.37
2025-12-22,391.25,403.00,390.01,401.00,384.46,378.28,410.17,483.88,511.23,408.3086,0,369.2223,1,275166,337445,-3.8005,-8.7654,4.9649,3.97
2025-12-23,396.87,398.79,386.42,397.00,385.58,380.30,409.11,482.24,510.28,408.3086,0,372.8001,1,299179,337720,-2.5478,-7.5218,4.9741,4.12
2025-12-24,397.00,399.91,393.55,397.60,386.10,381.61,407.93,480.75,509.32,408.3086,0,376.0201,1,68944,333652,-1.4894,-6.3154,4.8260,3.48
2025-12-26,397.86,400.36,396.20,398.16,387.19,383.43,406.99,479.22,508.25,408.3086,0,378.9180,1,85326,329486,-0.5985,-5.1720,4.5734,4.54
2025-12-29,396.16,402.82,394.95,399.37,389.54,385.03,406.32,477.78,507.26,408.3086,0,381.5262,1,185188,327001,0.2028,-4.0970,4.2998,5.67
2025-12-30,396.73,406.94,396.69,405.83,393.63,386.65,405.70,476.38,506.24,408.3086,0,383.8736,1,265535,327337,1.3436,-3.0089,4.3525,6.57
2025-12-31,402.47,405.27,398.67,401.30,396.73,388.05,404.69,474.94,505.18,408.3086,0,386.6416,1,144588,325285,1.8607,-2.0350,3.8957,6.53
2026-01-02,399.00,401.60,375.25,382.23,396.19,388.41,402.78,473.64,504.11,408.3086,0,406.9400,0,265459,322392,0.7234,-1.4833,2.2067,4.35
2026-01-05,383.71,393.65,379.41,379.62,395.16,388.54,400.98,472.23,502.98,408.3086,0,406.3062,0,325410,323971,-0.3841,-1.2635,0.8794,3.93
2026-01-06,380.13,398.31,376.22,396.00,395.81,389.35,399.39,470.93,501.97,408.3086,0,405.6851,0,282031,325753,0.0592,-0.9989,1.0582,4.27
2026-01-07,397.45,405.11,396.00,398.22,395.53,390.00,397.96,469.58,500.93,408.3086,0,375.2500,1,421277,330345,0.5830,-0.6825,1.2656,4.38
2026-01-08,393.76,397.00,369.73,369.90,392.82,389.20,395.92,468.05,499.64,408.3086,0,405.1050,0,282086,331549,-1.2724,-0.8005,-0.4719,2.77
2026-01-09,373.15,377.76,365.63,371.56,390.22,388.16,393.95,466.51,498.37,408.3086,0,405.1050,0,342244,334552,-2.5792,-1.1562,-1.4229,2.65
2026-01-12,371.60,379.40,365.17,375.96,388.00,387.60,392.15,464.96,497.20,408.3086,0,403.5260,0,266255,334714,-3.2226,-1.5695,-1.6531,2.73
2026-01-13,378.78,383.40,353.29,358.89,383.95,386.74,389.78,463.31,496.03,408.3086,0,401.2247,0,357777,334011,-5.0517,-2.2659,-2.7857,2.20
2026-01-14,356.64,357.65,341.82,345.30,377.90,385.77,386.84,461.73,494.85,398.7163,0,397.3899,0,530795,334464,-7.5113,-3.3150,-4.1963,1.97
2026-01-15,346.14,349.57,328.68,329.24,370.69,383.71,383.54,460.10,493.64,389.4774,0,391.8324,0,467060,336192,-10.6338,-4.7788,-5.8551,1.37
2026-01-16,329.00,329.00,309.00,311.88,363.66,379.93,380.34,458.38,492.29,370.3892,0,384.2541,0,614840,341121,-14.3440,-6.6918,-7.6521,1.11
2026-01-20,305.33,311.81,302.00,304.79,356.17,375.67,377.14,456.72,490.84,356.1193,0,373.7185,0,376903,337260,-17.6529,-8.8840,-8.7688,1.00
2026-01-21,303.80,312.50,300.09,302.32,346.81,371.31,375.28,455.07,489.72,354.3108,0,362.2436,0,369314,319295,-20.2412,-11.1555,-9.0857,0.81
2026-01-22,303.00,320.00,302.51,319.50,338.93,367.23,373.71,453.50,488.81,354.3108,0,351.0559,0,394614,316360,-20.6679,-13.0579,-7.6100,0.85
2026-01-23,321.11,330.99,320.01,322.78,334.22,363.52,372.44,452.02,487.93,354.3108,0,341.8821,0,344406,313255,-20.5050,-14.5474,-5.9577,1.26
2026-01-26,324.23,332.00,323.10,328.99,329.96,360.09,371.11,450.65,487.14,354.3108,0,334.3595,0,274114,312516,-19.6484,-15.5676,-4.0808,1.33
2026-01-27,332.00,335.29,314.63,319.66,324.34,356.17,369.61,449.20,485.99,354.3108,0,300.0900,1,304796,312803,-19.4976,-16.3536,-3.1440,1.33
2026-01-28,325.86,329.17,314.00,317.11,320.16,352.05,368.14,447.60,484.98,354.3108,0,300.7940,1,297481,313760,-19.3607,-16.9550,-2.4057,1.11
2026-01-29,302.25,302.25,276.73,281.53,313.78,345.84,365.85,445.86,483.75,343.6478,0,335.2900,0,978486,327349,-21.8710,-17.9382,-3.9328,0.54
2026-01-30,285.00,289.17,277.49,280.00,308.86,339.77,364.06,444.07,482.51,335.5760,0,334.1188,0,548576,329942,-23.7107,-19.0927,-4.6180,0.51
2026-02-02,282.25,284.73,270.46,274.06,305.07,334.37,362.18,442.23,481.15,328.8998,0,332.9710,0,391029,327234,-25.3556,-20.3453,-5.0103,0.36
2026-02-03,263.43,263.43,236.36,245.16,299.11,327.64,359.84,440.15,479.65,307.3780,0,330.4706,0,829646,337942,-28.6608,-22.0084,-6.6525,0.24
2026-02-04,241.04,251.79,227.78,243.93,293.27,320.04,357.58,438.06,478.17,298.7227,0,324.8240,0,654220,344054,-31.0219,-23.8111,-7.2108,0.32
2026-02-05,243.00,248.83,223.01,223.49,283.67,311.30,354.94,435.91,476.70,296.7123,0,317.0604,0,512843,346101,-34.1488,-25.8786,-8.2701,0.43
2026-02-06,226.32,237.05,223.89,232.58,274.65,304.44,352.46,433.72,475.15,289.2497,0,307.6554,0,530468,351019,-35.4843,-27.7998,-7.6845,0.39
2026-02-09,223.94,236.34,215.00,231.08,264.86,297.41,349.65,431.56,473.48,284.9738,0,299.1909,0,395054,353548,-36.2459,-29.4890,-6.7569,0.58
2026-02-10,232.48,240.88,227.43,231.95,256.09,290.21,347.05,429.39,471.63,284.9738,0,289.0880,0,599173,361270,-36.3602,-30.8632,-5.4970,0.62
2026-02-11,230.11,232.00,207.20,209.33,245.31,282.73,343.89,427.05,469.60,278.7076,0,280.1974,0,837843,375931,-37.8398,-32.2585,-5.5812,0.47
2026-02-12,227.65,245.03,213.09,228.95,240.05,276.92,341.01,424.88,467.69,278.7076,0,269.9778,0,1632047,403328,-37.0027,-33.2074,-3.7953,0.81
2026-02-13,235.91,253.50,235.91,243.85,236.44,272.65,338.42,423.01,465.84,278.7076,0,261.1889,0,986032,417740,-34.7365,-33.5132,-1.2233,1.07
2026-02-17,251.64,256.65,235.00,247.31,233.76,269.42,335.86,421.07,464.02,278.7076,0,207.2000,1,604277,424172,-32.2892,-33.2684,0.9792,1.29
2026-02-18,246.81,251.02,243.22,250.14,234.26,266.69,333.33,419.21,462.15,278.7076,0,208.1890,1,377611,427267,-29.7780,-32.5703,2.7923,1.29
2026-02-19,248.92,251.99,239.07,239.37,233.81,263.54,330.52,417.20,460.17,278.7076,0,209.1582,1,345052,429697,-28.3304,-31.7223,3.3919,1.14
2026-02-20,237.45,247.70,231.29,233.50,234.81,259.24,327.48,415.23,458.14,278.7076,0,210.1081,1,467911,434798,-27.3416,-30.8462,3.5046,1.11
2026-02-23,225.00,225.00,214.13,217.36,233.28,253.97,324.11,413.06,456.06,277.2264,0,211.0389,1,459369,439585,-27.5429,-30.1855,2.6427,1.07
2026-02-24,219.38,236.83,216.00,232.60,233.44,249.15,320.92,410.97,454.01,277.2264,0,211.9511,1,431333,442130,-26.1709,-29.3826,3.2117,1.29
2026-02-25,231.50,246.04,224.01,245.70,234.81,245.45,318.09,408.94,451.94,277.2264,0,212.8451,1,454496,447737,-23.7528,-28.2566,4.5038,1.48
2026-02-26,252.00,270.08,252.00,268.52,240.73,243.02,315.94,406.99,450.26,277.2264,0,213.7212,1,906658,459314,-19.7672,-26.5588,6.7916,2.01
2026-02-27,258.05,264.91,252.00,264.51,244.29,242.17,313.93,405.08,448.27,277.2264,0,215.9754,1,624058,464072,-16.7391,-24.5948,7.8557,2.23
2026-03-02,259.84,267.78,257.46,263.60,246.26,241.35,311.80,403.10,446.23,277.2264,0,218.1395,1,354674,464660,-14.2486,-22.5256,8.2770,1.71
2026-03-03,259.09,279.95,255.00,275.37,249.07,241.42,309.55,401.21,444.26,277.2264,0,220.2170,1,462732,464587,-11.1960,-20.2597,9.0637,2.42
2026-03-04,271.16,281.91,270.19,278.59,251.91,243.09,307.32,399.41,442.33,220.0771,1,223.8010,1,294497,460579,-8.4199,-17.8917,9.4718,2.57
2026-03-05,281.57,297.00,281.24,291.47,257.12,245.46,305.36,397.77,440.48,233.2214,1,228.4497,1,534847,461074,-5.1215,-15.3377,10.2162,3.17
2026-03-06,292.29,296.92,281.28,296.56,263.43,249.12,303.27,396.28,438.73,234.0992,1,235.3047,1,434846,464268,-2.0729,-12.6847,10.6118,3.77
2026-03-09,288.50,295.33,282.49,286.84,270.38,251.83,301.07,394.87,436.95,235.1898,1,241.4742,1,440988,467104,-0.4361,-10.2350,9.7989,2.87
2026-03-10,283.64,284.98,264.09,269.32,274.05,253.74,298.51,393.31,435.19,235.1898,1,247.0268,1,581866,477363,-0.5464,-8.2973,7.7509,2.31
2026-03-11,274.56,279.04,255.33,259.10,275.39,255.10,295.72,391.76,433.35,235.1898,1,252.0241,1,395179,483560,-1.4418,-6.9262,5.4844,1.86
2026-03-12,262.99,275.43,256.42,257.63,274.30,257.51,292.89,390.19,431.56,235.1898,1,255.3300,1,369854,487253,-2.2442,-5.9898,3.7456,2.27
2026-03-13,258.19,268.76,257.18,264.30,274.28,259.28,290.06,388.88,429.80,235.1898,1,255.3300,1,294800,487838,-2.3152,-5.2549,2.9397,2.83
2026-03-16,263.48,267.89,258.89,264.56,274.37,260.32,287.32,387.64,428.04,235.1898,1,256.4200,1,245459,489856,-2.3237,-4.6686,2.3449,2.45
2026-03-17,262.75,278.25,262.39,265.55,273.39,261.23,284.99,386.61,426.47,235.1898,1,257.1800,1,252724,489601,-2.2249,-4.1799,1.9550,2.38
2026-03-18,260.80,269.44,259.43,262.11,271.74,261.83,282.64,385.53,424.84,235.1898,1,258.8900,1,277837,488650,-2.3966,-3.8232,1.4267,2.23
2026-03-19,263.16,274.00,255.79,262.32,268.83,262.98,279.97,384.36,423.19,235.1898,1,297.0000,0,254162,488092,-2.4870,-3.5560,1.0690,2.30
2026-03-20,257.64,262.97,249.14,258.81,265.05,264.24,277.18,383.22,421.48,235.1898,1,296.1758,0,300168,485670,-2.8095,-3.4067,0.5972,2.34
2026-03-23,260.09,266.60,256.99,262.06,262.58,266.48,275.02,382.04,419.79,235.1898,1,294.2944,0,262846,485285,-2.7709,-3.2795,0.5086,2.26
2026-03-24,257.15,257.37,235.73,237.94,259.44,266.74,272.35,380.64,417.97,235.1898,1,292.4882,0,451301,487466,-4.6332,-3.5503,-1.0829,1.59
2026-03-25,245.73,248.23,232.68,238.07,257.33,266.36,269.59,379.27,416.11,235.1898,1,289.0825,0,359462,489331,-6.0291,-4.0460,-1.9830,1.67
2026-03-26,236.99,249.00,235.17,245.07,256.08,265.19,267.32,377.88,414.31,235.1898,1,284.5703,0,220220,486579,-6.4956,-4.5359,-1.9597,2.30
2026-03-27,239.47,239.47,229.01,230.79,252.73,263.50,265.02,376.38,412.55,283.1390,0,280.4190,0,268801,481339,-7.9262,-5.2140,-2.7122,1.89
2026-03-30,232.31,242.06,230.99,237.81,250.05,262.21,263.20,374.80,410.87,283.1390,0,275.2781,0,204493,476088,-8.3968,-5.8505,-2.5462,2.04
2026-03-31,239.69,249.00,237.32,244.10,247.91,260.65,261.84,373.31,409.25,283.1390,0,270.6513,0,214002,468071,-8.1680,-6.3140,-1.8539,2.04
2026-04-01,244.79,247.43,234.44,242.79,245.98,258.86,260.60,371.88,407.69,283.1390,0,266.4872,0,212708,464787,-8.0001,-6.6513,-1.3489,2.26
2026-04-02,240.00,248.85,236.00,244.67,244.21,256.52,259.45,370.38,406.16,283.1390,0,262.7395,0,195883,461319,-7.6275,-6.8465,-0.7810,2.38
2026-04-06,245.45,248.05,239.05,245.14,242.84,253.95,257.96,368.84,404.61,283.1390,0,259.3665,0,151227,456451,-7.2111,-6.9194,-0.2917,2.11
2026-04-07,241.46,247.39,226.01,227.61,239.40,250.99,256.06,367.13,403.03,281.7898,0,256.3309,0,320702,455977,-8.2011,-7.1758,-1.0254,1.52
2026-04-08,238.51,239.00,216.89,217.98,237.40,248.42,253.84,365.44,401.45,275.1589,0,252.6924,0,513692,460769,-9.6515,-7.6709,-1.9806,1.29
2026-04-09,216.05,219.52,198.51,205.04,234.10,245.72,251.54,363.66,399.79,257.8105,0,247.6800,0,676263,468198,-11.7101,-8.4788,-3.2314,1.18
2026-04-10,204.23,206.12,187.45,192.26,228.82,242.45,249.05,361.85,397.96,246.3019,0,239.8128,0,604273,474334,-14.2090,-9.6248,-4.5842,0.92
2026-04-13,193.00,207.38,192.75,205.28,226.27,239.50,247.52,359.96,396.27,246.3019,0,230.3875,0,386316,462490,-14.9663,-10.6931,-4.2732,1.14
2026-04-14,209.58,216.12,202.34,206.44,223.13,236.59,246.05,358.02,394.57,246.3019,0,222.6588,0,357843,458676,-15.2965,-11.6138,-3.6827,1.18
2026-04-15,212.32,223.18,207.85,218.62,220.58,234.25,244.94,356.13,392.91,246.3019,0,187.4500,1,485161,460558,-14.4093,-12.1729,-2.2364,1.25
2026-04-16,228.78,234.03,218.86,222.98,218.60,232.29,244.50,354.35,391.24,246.3019,0,188.1647,1,374651,451458,-13.2022,-12.3788,-0.8234,1.40
2026-04-17,229.56,230.32,219.74,222.49,216.38,230.30,244.07,352.52,389.56,246.3019,0,189.9993,1,314067,444655,-12.1451,-12.3320,0.1870,1.25
2026-04-20,221.44,230.00,221.00,229.88,214.86,228.85,244.20,350.78,387.98,246.3019,0,191.7605,1,283350,440066,-10.5889,-11.9834,1.3945,1.59
2026-04-21,230.72,243.62,226.08,230.46,215.14,227.27,244.16,348.93,386.33,246.3019,0,193.4513,1,372193,436900,-9.2027,-11.4273,2.2245,1.55
2026-04-22,230.70,238.71,227.07,232.75,216.62,227.01,244.19,347.13,384.72,246.3019,0,196.4614,1,260075,434200,-7.8292,-10.7076,2.8785,1.44
2026-04-23,214.66,216.85,206.86,214.69,217.59,225.84,243.84,345.18,383.00,246.3019,0,199.2909,1,408598,430389,-8.1045,-10.1870,2.0825,1.22
2026-04-24,218.48,224.43,216.04,223.32,220.69,224.75,244.12,343.25,381.32,246.3019,0,201.9507,1,195271,417538,-7.5394,-9.6575,2.1181,1.40
2026-04-27,226.05,232.59,221.84,225.07,222.67,224.47,244.05,341.29,379.67,246.3019,0,204.4509,1,205601,389009,-6.8711,-9.1002,2.2291,1.63
2026-04-28,229.44,238.00,225.70,225.97,224.62,223.88,243.69,339.31,378.18,246.3019,0,206.8010,1,202763,373343,-6.1975,-8.5197,2.3222,1.89
2026-04-29,222.40,228.13,220.78,227.25,225.49,223.03,243.29,337.40,376.62,246.3019,0,209.0101,1,148462,364227,-5.4969,-7.9151,2.4182,2.11
2026-04-30,221.00,224.79,215.06,221.76,225.36,221.98,242.72,335.44,375.09,246.3019,0,211.0867,1,200183,360678,-5.3234,-7.3968,2.0734,1.70
2026-05-01,235.41,248.05,231.27,239.89,227.10,221.74,242.73,333.67,373.58,246.3019,0,213.0387,1,370102,361179,-3.6805,-6.6535,2.9730,3.79
2026-05-04,235.25,255.00,235.25,247.43,228.86,221.86,243.01,331.86,372.17,198.6987,1,215.0600,1,381562,359452,-1.7499,-5.6728,3.9229,6.30
2026-05-05,251.00,252.00,239.43,246.08,230.42,222.78,243.58,330.04,370.69,200.1627,1,219.0540,1,281614,355897,-0.3251,-4.6033,4.2782,7.42
2026-05-06,240.03,240.40,228.90,235.16,230.66,223.64,243.63,328.49,369.14,200.1627,1,222.6486,1,364827,354567,-0.0762,-3.6978,3.6217,5.03
2026-05-07,243.01,249.99,240.42,243.72,233.57,225.58,243.59,327.18,367.61,200.1627,1,225.8837,1,716171,359801,0.8026,-2.7978,3.6003,6.37
2026-05-08,185.95,198.09,180.50,197.34,230.97,225.83,242.17,325.52,365.79,249.6474,0,255.0000,0,1285394,367375,-2.2179,-2.6818,0.4639,1.85
2026-05-11,196.52,206.21,188.64,191.34,227.59,225.13,240.71,323.79,363.98,249.6474,0,253.5100,0,536881,365632,-5.0378,-3.1530,-1.8848,2.30
2026-05-12,190.61,193.80,178.80,179.58,222.95,223.79,239.03,321.89,362.08,244.4280,0,252.0498,0,490936,368357,-8.1278,-4.1479,-3.9798,0.95
2026-05-13,179.25,180.37,173.25,179.00,218.13,221.81,237.10,320.09,360.18,231.2612,0,249.1198,0,405149,367205,-10.5024,-5.4188,-5.0835,0.95
2026-05-14,180.42,187.40,177.04,183.46,214.30,219.83,235.20,318.24,358.36,231.2612,0,244.5676,0,419004,369696,-11.8873,-6.7125,-5.1748,1.21
2026-05-15,186.50,201.30,184.90,198.38,210.15,218.63,233.34,316.55,356.66,231.2612,0,240.2886,0,571235,370423,-11.6467,-7.6994,-3.9474,1.92
2026-05-18,196.16,210.27,195.81,208.51,206.26,217.56,231.57,315.01,355.10,231.2612,0,236.2662,0,426716,370261,-10.5174,-8.2630,-2.2544,2.71
2026-05-19,217.49,225.58,205.27,208.19,202.47,216.44,230.00,313.39,353.65,231.2612,0,232.4853,0,451502,370471,-9.5383,-8.5180,-1.0203,3.38
2026-05-20,200.00,206.75,196.13,203.39,199.29,214.98,228.68,311.71,352.16,231.2612,0,228.9312,0,258692,364008,-9.0454,-8.6235,-0.4219,2.89
2026-05-21,199.42,200.74,192.19,198.37,194.76,214.16,227.47,310.06,350.69,231.2612,0,225.5903,0,343577,362975,-8.9566,-8.6901,-0.2665,1.77
2026-05-22,200.75,205.26,196.14,201.97,195.22,213.09,226.35,308.52,349.23,231.2612,0,222.4499,0,263066,360840,-8.4978,-8.6517,0.1539,1.66
2026-05-26,198.01,201.01,194.34,197.99,195.88,211.74,225.03,306.93,347.92,231.2612,0,219.4979,0,227748,359499,-8.3589,-8.5931,0.2342,1.32
2026-05-27,199.36,208.66,196.61,200.72,198.00,210.48,223.75,305.26,346.67,231.2612,0,216.7230,0,280366,360197,-7.9371,-8.4619,0.5248,1.36
2026-05-28,204.43,208.23,196.29,198.80,199.98,209.05,222.42,303.40,345.56,231.2612,0,214.1146,0,406208,363266,-7.6694,-8.3034,0.6340,1.02
2026-05-29,202.80,222.55,202.77,220.63,203.70,209.00,221.59,301.74,344.54,231.2612,0,173.2500,1,1502998,387770,-5.6308,-7.7689,2.1381,1.99
2026-06-01,232.00,262.38,229.50,262.20,210.08,210.11,221.59,300.31,343.67,192.3082,1,174.2360,1,936972,401426,-0.6533,-6.3458,5.6925,4.34
2026-06-02,240.50,243.17,228.45,240.16,213.24,209.75,221.21,298.78,342.72,192.3082,1,177.7618,1,649417,408411,1.4958,-4.7775,6.2732,2.77
2026-06-03,235.44,235.44,219.01,222.45,214.67,208.57,220.42,297.12,341.63,192.3082,1,181.1465,1,441096,411976,1.7496,-3.4720,5.2217,1.92
2026-06-04,233.00,234.88,220.09,220.37,216.37,207.83,220.07,295.46,340.49,192.3082,1,184.3958,1,334037,409631,1.7627,-2.4251,4.1878,1.77
2026-06-05,221.00,225.00,209.32,212.64,217.79,206.27,219.56,293.77,339.34,192.3082,1,187.5152,1,327742,408996,1.1362,-1.7128,2.8490,1.84
2026-06-08,210.00,212.06,205.23,208.12,218.41,206.81,218.82,291.97,338.11,192.3082,1,190.5098,1,246705,409526,0.2718,-1.3159,1.5877,1.84
2026-06-09,203.40,208.69,190.78,197.69,218.38,207.13,218.16,290.01,336.82,192.3082,1,262.3800,0,573024,415610,-1.2405,-1.3008,0.0603,1.13
2026-06-10,192.95,200.00,190.02,192.79,217.59,207.79,217.26,288.00,335.41,192.3082,1,260.9480,0,299461,417510,-2.8021,-1.6011,-1.2010,0.91
2026-06-11,188.00,193.41,185.10,186.43,216.35,208.16,216.11,286.09,334.01,237.4224,0,258.1109,0,273306,418696,-4.5010,-2.1811,-2.3200,0.76
2026-06-12,185.00,188.50,175.55,187.98,213.08,208.39,215.01,284.25,332.66,229.2606,0,253.7302,0,309509,420632,-5.6571,-2.8763,-2.7809,0.72
2026-06-15,190.54,195.00,185.68,186.06,205.47,207.77,213.84,282.86,331.24,229.2606,0,247.4758,0,234063,421395,-6.6516,-3.6313,-3.0203,0.65
2026-06-16,184.42,187.78,178.65,182.85,199.74,206.49,212.59,281.42,329.78,226.7313,0,241.7217,0,340631,425184,-7.6110,-4.4273,-3.1838,0.58
2026-06-17,180.27,186.00,176.56,176.71,195.16,204.92,211.57,280.02,328.24,223.2766,0,236.4280,0,342729,425624,-8.7658,-5.2950,-3.4708,0.54
2026-06-18,173.80,183.14,171.65,176.03,190.73,203.55,210.73,278.56,326.77,218.6390,0,231.5578,0,451429,424379,-9.6248,-6.1610,-3.4639,0.54
2026-06-22,175.00,179.19,170.52,172.80,186.75,202.27,210.09,277.08,325.27,214.5756,0,225.5670,0,383616,418526,-10.4459,-7.0179,-3.4279,0.76
2026-06-23,177.45,178.79,171.83,173.29,183.26,200.84,209.71,275.63,323.81,213.1465,0,218.9614,0,265636,411753,-10.9310,-7.8006,-3.1305,0.72
2026-06-24,171.00,183.66,170.39,180.73,181.57,199.97,209.22,274.20,322.28,213.1465,0,213.1484,0,374075,411508,-10.5930,-8.3591,-2.2340,1.02
2026-06-25,177.30,179.87,169.63,170.28,179.32,198.45,208.50,272.87,320.64,212.3110,0,207.1619,0,245663,409265,-11.0411,-8.8955,-2.1457,0.80
2026-06-26,172.31,185.59,172.31,185.47,179.22,197.78,207.83,271.65,319.05,212.3110,0,201.1568,0,525974,410081,-10.0546,-9.1273,-0.9273,0.95
2026-06-29,189.74,191.89,183.42,184.47,178.87,195.98,207.06,270.47,317.53,212.3110,0,196.1125,0,274344,408075,-9.2469,-9.1512,-0.0957,1.06
2026-06-30,182.00,186.82,178.92,182.51,178.51,191.99,206.26,269.30,315.96,212.3110,0,191.8900,0,289187,407577,-8.6651,-9.0540,0.3889,0.98
2026-07-01,189.32,192.00,186.93,187.72,179.00,189.37,205.42,268.19,314.44,212.3110,0,169.6300,1,220177,406314,-7.6949,-8.7822,1.0873,0.91
2026-07-02,186.78,194.18,186.45,192.12,180.54,187.85,204.65,267.09,312.86,212.3110,0,170.0774,1,229583,403462,-6.4961,-8.3250,1.8289,1.17
2026-07-06,187.98,197.24,187.22,193.84,182.32,186.53,203.87,265.91,311.31,212.3110,0,171.0415,1,210840,402477,-5.3456,-7.7291,2.3835,1.61
2026-07-07,199.94,207.84,195.57,205.20,185.56,186.15,203.68,264.86,309.80,212.3110,0,172.6131,1,356966,401444,-3.4770,-6.8787,3.4016,2.99
2026-07-08,200.21,201.93,194.00,197.82,188.02,185.64,203.17,263.73,308.23,212.3110,0,175.4313,1,254436,402628,-2.5622,-6.0154,3.4532,3.06
2026-07-09,190.00,206.68,185.58,205.95,190.54,186.05,202.79,262.61,306.66,212.3110,0,178.0240,1,206197,402639,-1.1677,-5.0458,3.8781,4.73
2026-07-10,212.00,212.57,202.50,207.48,194.26,186.79,202.42,261.51,305.09,212.3110,0,180.4092,1,218974,402964,0.0602,-4.0246,4.0848,4.39
2026-07-13,212.19,222.63,210.38,217.59,197.47,188.34,202.23,260.46,303.61,179.1466,1,183.6253,1,278341,405561,1.8281,-2.8541,4.6822,5.91
2026-07-14,201.44,216.75,200.45,209.68,199.99,189.43,201.99,259.34,302.08,179.1466,1,188.3059,1,317476,407907,2.5613,-1.7710,4.3323,4.58
2026-07-15,215.29,224.55,210.93,215.33,203.27,190.89,201.50,258.25,300.62,179.1466,1,192.4248,1,208612,404677,3.5573,-0.7054,4.2627,4.76
2026-07-16,219.79,229.84,212.35,224.57,206.96,192.98,201.04,257.18,299.16,180.4338,1,196.9223,1,308222,403210,5.0342,0.4426,4.5916,6.69
2026-07-17,221.95,227.01,218.64,224.26,210.17,195.36,200.60,256.10,297.68,183.7189,1,202.1891,1,287210,403322,6.1092,1.5759,4.5333,6.69
2026-07-20,215.68,233.13,213.69,231.21,213.91,198.12,200.52,255.02,296.50,183.7189,1,206.6133,1,563852,407303,7.4363,2.7480,4.6883,7.21
2026-07-21,222.95,231.28,216.13,218.56,215.24,200.40,200.02,253.90,295.39,183.7189,1,211.3863,1,361739,400214,7.3821,3.6748,3.7073,4.98
2026-07-22,216.06,216.06,201.43,204.90,215.95,201.98,200.17,252.76,294.19,183.7189,1,233.1300,0,336077,381228,6.1659,4.1730,1.9929,4.61
2026-07-23,209.02,209.02,189.71,190.01,214.36,202.45,200.15,251.59,292.88,183.7189,1,232.4960,0,407020,378631,3.9549,4.1294,-0.1745,2.54
2026-07-24,195.00,205.50,195.00,204.89,214.10,204.18,200.65,250.49,291.58,183.7189,1,230.7846,0,236423,373540,3.3646,3.9764,-0.6118,5.13
2026-07-27,213.42,229.39,209.99,223.01,214.64,206.06,201.53,249.39,290.45,183.7189,1,189.7100,1,435092,374139,4.3092,4.0430,0.2662,6.31
2026-07-28,227.12,241.24,227.12,238.05,217.48,208.73,202.62,248.38,289.34,186.2497,1,190.5036,1,504642,375852,6.2000,4.4744,1.7256,8.75
2026-07-29,240.00,254.41,238.20,251.12,221.06,212.17,203.68,247.46,288.33,198.2597,1,192.5331,1,386574,372159,8.6533,5.3102,3.3432,16.34
2026-07-30,236.00,239.00,226.68,233.10,221.91,214.43,204.17,246.34,287.30,198.2597,1,196.2457,1,446736,372559,9.0393,6.0560,2.9833,9.97
2026-07-31,221.30,238.09,219.50,237.36,223.22,216.70,204.75,245.28,286.23,198.2597,1,199.7355,1,316448,369858,9.5786,6.7605,2.8181,11.11
2026-08-03,245.38,254.07,238.82,239.92,224.09,219.00,205.48,244.22,285.15,198.2597,1,203.0160,1,347140,371627,10.0962,7.4277,2.6685,10.67
2026-08-04,230.75,249.24,230.67,248.89,227.12,221.18,206.49,243.23,284.17,198.2597,1,206.0996,1,275198,370260,11.1021,8.1626,2.9396,13.52
2026-08-05,252.88,257.97,239.08,250.21,231.66,223.80,207.46,242.23,283.26,198.2597,1,208.9983,1,1025686,385512,11.8691,8.9039,2.9652,12.52
2026-08-06,193.19,205.59,185.05,202.43,232.90,223.63,207.55,240.88,282.08,198.2597,1,257.9700,0,1744339,415844,8.5232,8.8277,-0.3045,7.27
2026-08-07,207.05,214.85,202.33,210.45,233.45,223.78,207.74,239.61,280.88,198.2597,1,257.9700,0,708206,424401,6.4444,8.3511,-1.9066,7.19
2026-08-10,207.67,217.00,205.26,215.91,232.74,223.69,208.08,238.50,279.57,198.2597,1,256.5116,0,384406,423965,5.1779,7.7164,-2.5386,10.19
2026-08-11,215.91,224.89,210.79,220.51,230.99,224.23,208.08,237.44,278.32,198.2597,1,255.0824,0,375947,401424,4.4935,7.0718,-2.5783,11.56
2026-08-12,216.43,220.05,207.89,210.12,226.89,223.97,207.04,236.20,276.99,198.2597,1,253.6817,0,324110,389166,3.0773,6.2729,-3.1957,8.30
2026-08-13,211.54,242.82,209.94,240.51,227.63,224.77,207.05,235.15,275.85,198.2597,1,252.3091,0,824396,392666,4.3569,5.8897,-1.5328,13.52
2026-08-14,240.51,241.54,223.61,224.14,226.31,224.76,207.08,234.17,274.61,198.2597,1,250.9639,0,374403,391332,4.0039,5.5126,-1.5086,8.08
2026-08-17,221.30,223.26,214.80,215.17,223.83,223.96,206.98,233.13,273.34,198.2597,1,249.6456,0,281873,390289,2.9662,5.0033,-2.0371,6.97
2026-08-18,219.50,229.98,217.68,226.24,221.57,224.35,207.25,232.13,272.14,198.2597,1,248.3537,0,349382,390722,3.0024,4.6031,-1.6007,10.78
2026-08-19,225.56,243.63,224.30,241.65,220.71,226.18,207.92,231.35,270.96,198.2597,1,247.0876,0,526265,396313,4.2259,4.5277,-0.3018,15.07
2026-08-20,241.99,244.08,236.00,239.86,224.46,228.68,208.76,230.65,269.70,198.2597,1,245.8469,0,238397,389620,4.9935,4.6208,0.3727,13.70
2026-08-21,237.67,245.51,232.02,240.01,227.41,230.43,209.71,230.05,268.43,198.2597,1,185.0500,1,226113,388153,5.5500,4.8067,0.7433,13.04
2026-08-24,239.57,244.99,237.73,244.17,230.24,231.49,210.86,229.60,267.29,198.2597,1,186.2592,1,196923,386626,6.2546,5.0962,1.1583,14.85
2026-08-25,239.84,246.15,234.13,237.69,231.96,231.47,211.86,229.16,266.15,198.2597,1,187.4442,1,339207,387220,6.2184,5.3207,0.8977,11.85
2026-08-26,231.63,237.90,231.36,237.08,234.65,230.77,212.88,228.72,265.36,198.2597,1,189.7924,1,275392,388046,6.0705,5.4706,0.5999,8.89
2026-08-27,244.35,257.41,243.11,255.83,236.18,231.91,214.34,228.30,264.65,204.0682,1,192.0468,1,393518,389104,7.3812,5.8527,1.5284,7.81
2026-08-28,255.55,262.99,254.57,260.68,239.84,233.07,216.02,227.88,264.02,214.6845,1,195.9687,1,338832,389026,8.7109,6.4244,2.2865,10.90
2026-08-31,258.22,265.00,257.82,261.36,244.46,234.15,217.72,227.43,263.35,219.5678,1,201.3304,1,311254,386222,9.7076,7.0810,2.6266,14.26
2026-09-01,258.71,263.98,249.38,251.11,246.94,234.26,219.29,226.97,262.63,219.5678,1,207.6973,1,196042,382471,9.5602,7.5769,1.9834,14.15
2026-09-02,248.11,254.79,243.67,245.51,247.33,234.02,220.73,226.50,261.91,219.5678,1,213.4276,1,315186,383462,8.8891,7.8393,1.0498,12.67
2026-09-03,252.43,262.95,252.43,255.12,248.86,236.66,222.22,226.32,261.20,219.5678,1,218.5848,1,238435,380749,9.0286,8.0772,0.9514,16.72
2026-09-04,247.10,250.84,240.10,247.60,249.61,238.51,223.77,226.10,260.59,219.5678,1,223.2264,1,174682,379330,8.4351,8.1488,0.2864,16.34
2026-09-08,245.25,247.74,237.86,240.42,249.24,239.74,224.87,225.88,259.96,219.5678,1,227.4037,1,471223,378235,7.3012,7.9793,-0.6780,15.16
2026-09-09,239.43,243.35,230.19,230.19,248.49,240.22,225.78,225.78,259.30,219.5678,1,265.0000,0,357301,379894,5.5136,7.4861,-1.9725,15.09
2026-09-10,231.03,236.02,222.66,223.55,247.14,240.89,226.60,225.64,258.63,219.5678,1,264.3038,0,303804,380186,3.5205,6.6930,-3.1725,12.51
2026-09-11,222.00,228.51,222.00,225.33,244.09,240.14,227.35,225.66,257.98,219.5678,1,262.6380,0,186348,379509,2.0609,5.7666,-3.7057,14.17
2026-09-14,235.81,251.02,234.00,250.61,243.08,241.46,228.52,225.78,257.45,219.5678,1,260.1998,0,369750,382313,2.9104,5.1953,-2.2849,27.46
2026-09-15,245.64,252.71,241.94,241.96,241.14,242.80,229.49,225.85,256.80,219.5678,1,257.9078,0,255098,383198,2.8528,4.7268,-1.8740,26.52
2026-09-16,239.34,245.37,234.62,236.46,239.68,243.31,230.11,225.88,256.17,219.5678,1,255.7533,0,319789,382454,2.3364,4.2488,-1.9123,29.68
2026-09-17,234.50,242.90,225.03,229.58,238.08,242.71,230.75,226.01,255.48,219.5678,1,253.7281,0,421233,385790,1.3564,3.6703,-2.3139,27.17
2026-09-18,230.00,230.00,215.27,216.12,234.18,241.52,230.95,225.93,254.70,261.6549,0,251.8244,0,1942184,420510,-0.5006,2.8361,-3.3367,18.33
2026-09-21,219.01,221.06,212.41,213.86,230.81,240.21,231.08,225.73,253.90,257.3169,0,248.9001,0,331184,422754,-2.1301,1.8429,-3.9730,14.38
2026-09-22,221.01,229.00,210.41,217.88,228.55,238.90,231.08,225.53,253.12,257.3169,0,245.2516,0,446109,426110,-3.0619,0.8619,-3.9238,18.34
2026-09-23,220.05,231.01,218.00,226.03,228.14,238.31,231.41,225.37,252.36,257.3169,0,241.0706,0,394513,427650,-3.1068,0.0682,-3.1750,21.45
2026-09-24,229.00,233.49,219.20,221.56,227.94,237.54,231.54,225.25,251.57,257.3169,0,237.3913,0,213805,427754,-3.4632,-0.6381,-2.8251,20.74
2026-09-25,221.26,223.87,212.36,213.74,226.78,235.43,231.32,225.12,250.71,257.3169,0,234.1536,0,185932,425308,-4.3268,-1.3758,-2.9509,17.22
2026-09-28,200.00,204.29,190.03,202.84,222.00,232.54,230.89,225.03,249.80,241.3455,0,233.4900,0,502374,429612,-5.8236,-2.2654,-3.5582,12.50
2026-09-29,201.32,205.00,194.27,197.67,217.57,229.36,230.22,224.79,248.82,241.3455,0,227.4056,0,290614,424147,-7.3423,-3.2808,-4.0616,11.83
2026-09-30,199.25,208.95,199.25,204.98,214.43,227.05,229.95,224.52,247.91,241.3455,0,222.1730,0,313373,423180,-7.8654,-4.1977,-3.6677,16.48
2026-10-01,213.20,218.95,208.41,217.45,213.21,225.65,230.20,224.18,247.12,241.3455,0,190.0300,1,295232,422363,-7.1909,-4.7963,-2.3945,21.43
2026-10-02,218.10,219.37,209.50,214.53,213.05,223.62,230.69,223.85,246.37,241.3455,0,190.6084,1,264151,419505,-6.8134,-5.1998,-1.6136,23.64
2026-10-05,212.51,221.21,212.12,220.61,213.73,222.27,231.00,223.56,245.62,241.3455,0,191.7589,1,236737,419512,-5.9550,-5.3508,-0.6042,23.52
2026-10-06,219.59,222.86,215.13,217.09,213.65,221.10,230.89,223.17,244.77,241.3455,0,193.5256,1,257208,415954,-5.4953,-5.3797,-0.1156,21.60
2026-10-07,216.61,222.29,214.02,220.27,213.07,220.61,230.53,222.78,243.92,241.3455,0,195.8724,1,235689,410575,-4.8189,-5.2675,0.4486,20.42
2026-10-08,220.17,232.57,219.00,231.84,214.10,221.02,230.14,222.39,243.13,241.3455,0,198.0314,1,438572,411615,-3.3111,-4.8763,1.5652,27.30
2026-10-09,233.74,235.59,227.02,228.30,215.56,221.17,230.05,221.93,242.27,241.3455,0,201.4853,1,333478,409350,-2.3744,-4.3759,2.0015,25.20
