symbol,longName,sector,industry,country,marketCap,currentPrice,averageVolume10days,averageVolume3months,averageDollarVolume,revenueGrowth,earningsGrowth,earningsQuarterlyGrowth,grossMargins,operatingMargins,profitMargins,returnOnEquity,returnOnAssets,totalCash,totalDebt,debtToEquity,currentRatio,quickRatio,operatingCashflow,freeCashflow,sharesOutstanding,floatShares,heldPercentInsiders,heldPercentInstitutions,sharesShort,shortRatio,shortPercentOfFloat,trailingPE,forwardPE,priceToSalesTrailing12Months,priceToBook,enterpriseToRevenue,enterpriseToEbitda,targetMeanPrice,targetHighPrice,targetLowPrice,recommendationMean,recommendationKey,numberOfAnalystOpinions,epsRevisionUpLast7Days,epsRevisionUpLast30Days,epsRevisionDownLast7Days,epsRevisionDownLast30Days,nextEarningsDate,beta,website,retrievedAt
HWKN,Hawkins Inc.,Basic Materials,Specialty Chemicals,United States,2713765120,130.0,155840,166259,21613670.0,0.076,-0.036,-0.032,0.22304001,0.12251,0.07289,0.15614,0.07048,7977000,257703008,47.009,2.27,1.457,147988992,81369504,20875117,19997318,0.041729998,0.79657996,1325540,7.71,0.078200005,33.678757,27.097446,2.453456,4.9192114,2.638,17.506,174.25,200.0,142.0,,none,4,1,1,1,1,2026-10-26,0.737,https://www.hawkinsinc.com,2026-10-10T21:31:39.211821+01:00
Date,Open,High,Low,Close,Ma10:Top:Line,Ma20:Top:Line,Ma50:Top:Line,Ma150:Top:Line,Ma200:Top:Line,Supertrend:Top:ColorLine,Supertrend_Dir,ParabolicSAR:Top:ColorLine,ParabolicSAR_Dir,Volume:Middle:Histogram,Vo50:Middle:Line,Macd:Bottom:Line,MacdSignal:Bottom:Line,MacdDelta:Bottom:Histogram,RsRating:Hidden:Hidden
2023-08-03,48.91,51.84,47.71,48.60,,,,,,,0,47.7121,1,7508,,,,,0
2023-08-04,48.18,48.86,48.07,48.15,,,,,,,0,47.7121,1,2378,,,,,0
2023-08-07,48.31,50.02,48.31,50.02,,,,,,,0,47.7121,1,4603,,,,,0
2023-08-08,49.71,50.02,49.32,49.67,,,,,,,0,47.7947,1,2889,,,,,0
2023-08-09,49.53,50.23,49.01,49.19,,,,,,,0,47.8756,1,2077,,,,,0
2023-08-10,49.08,50.02,49.08,49.84,,,,,,,0,47.9549,1,4699,,,,,0
2023-08-11,50.07,53.76,50.07,53.34,,,,,,,0,48.0326,1,11048,,,,,0
2023-08-14,53.05,54.52,52.57,54.41,,,,,,,0,48.2615,1,6653,,,,,0
2023-08-15,54.56,56.98,54.56,56.42,,,,,,,0,48.6370,1,6437,,,,,0
2023-08-16,56.52,57.38,56.25,56.25,51.59,,,,,62.5706,0,49.3048,1,3847,,,,,0
2023-08-17,56.37,56.63,55.18,55.34,52.26,,,,,61.5247,0,50.1119,1,5241,,,,,0
2023-08-18,55.16,57.38,55.16,56.03,53.05,,,,,61.5247,0,50.8383,1,8208,,,,,0
2023-08-21,56.19,56.40,55.51,56.08,53.66,,,,,61.3679,0,51.6232,1,5970,,,,,0
2023-08-22,56.02,56.30,55.54,55.90,54.28,,,,,61.0234,0,52.3139,1,4878,,,,,0
2023-08-23,55.99,57.01,55.85,56.88,55.05,,,,,61.0234,0,52.9217,1,3978,,,,,0
2023-08-24,56.84,57.38,56.25,56.56,55.72,,,,,61.0234,0,53.4566,1,3172,,,,,0
2023-08-25,56.56,57.69,56.19,57.28,56.12,,,,,61.0234,0,53.9273,1,3282,,,,,0
2023-08-28,57.28,58.63,57.28,58.54,56.53,,,,,61.0234,0,54.4545,1,3617,,,,,0
2023-08-29,58.66,60.20,58.45,60.20,56.91,,,,,61.0234,0,55.1233,1,3977,,,,,0
2023-08-30,59.98,60.83,59.98,60.83,57.36,54.48,,,,61.0234,0,56.0378,1,6462,,,,,0
2023-08-31,60.93,61.49,60.73,61.00,57.93,55.10,,,,61.0234,0,56.9965,1,8023,,,,,0
2023-09-01,61.45,62.00,61.09,61.84,58.51,55.78,,,,57.3733,1,57.8950,1,3524,,,,,0
2023-09-05,61.84,61.84,59.91,59.92,58.90,56.28,,,,57.3733,1,58.7157,1,5510,,,,,0
2023-09-06,60.09,61.40,59.99,61.36,59.44,56.86,,,,57.3733,1,59.3723,1,3935,,,,,0
2023-09-07,61.34,61.42,60.05,60.92,59.85,57.45,,,,57.3733,1,59.8976,1,5354,,,,,0
2023-09-08,60.83,61.05,60.41,60.45,60.23,57.98,,,,57.3733,1,59.9880,1,4844,,,,,0
2023-09-11,60.27,60.59,53.97,55.45,60.05,58.08,,,,62.9342,0,61.9987,0,12996,,,,,0
2023-09-12,55.12,56.87,54.76,54.82,59.68,58.10,,,,61.5396,0,61.8381,0,13458,,,,,0
2023-09-13,54.66,57.24,54.66,56.47,59.31,58.11,,,,61.5396,0,61.6806,0,10794,,,,,0
2023-09-14,57.03,58.29,56.99,57.95,59.02,58.19,,,,61.5396,0,61.5263,0,9246,,,,,0
2023-09-15,57.90,57.98,57.19,57.55,58.67,58.30,,,,61.5396,0,61.3751,0,52686,,,,,0
2023-09-18,57.80,59.38,57.54,59.22,58.41,58.46,,,,61.5396,0,61.2269,0,8972,,,,,0
2023-09-19,59.48,59.81,58.38,58.87,58.30,58.60,,,,61.5396,0,61.0817,0,3685,,,,,0
2023-09-20,59.18,59.47,58.55,58.87,58.06,58.75,,,,61.5396,0,60.9394,0,11992,,1.5568,2.1125,-0.5557,0
2023-09-21,58.43,59.67,58.05,58.91,57.85,58.85,,,,61.5396,0,60.7999,0,7009,,1.4907,1.9882,-0.4974,0
2023-09-22,58.85,59.22,58.02,58.10,57.62,58.93,,,,61.5396,0,60.6632,0,5332,,1.3578,1.8621,-0.5043,0
2023-09-25,57.93,58.32,56.75,57.94,57.87,58.96,,,,61.5396,0,60.5293,0,4602,,1.2248,1.7346,-0.5098,0
2023-09-26,57.85,57.95,56.90,57.16,58.10,58.89,,,,61.5396,0,60.3980,0,4488,,1.0449,1.5967,-0.5518,0
2023-09-27,57.71,58.74,57.54,58.22,58.28,58.79,,,,61.5396,0,60.2694,0,3953,,0.9766,1.4727,-0.4961,0
2023-09-28,58.48,59.59,58.48,59.07,58.39,58.70,,,,61.5396,0,60.1433,0,6901,,0.9792,1.3740,-0.3948,0
2023-09-29,59.22,59.36,57.28,57.72,58.41,58.54,,,,61.5396,0,60.0197,0,4920,,0.8629,1.2717,-0.4089,0
2023-10-02,57.52,59.21,56.89,59.07,58.39,58.40,,,,61.5396,0,59.8986,0,11285,,0.8691,1.1912,-0.3221,0
2023-10-03,58.68,58.96,57.38,57.82,58.29,58.30,,,,61.5396,0,59.7800,0,10434,,0.7647,1.1059,-0.3412,0
2023-10-04,58.29,58.66,57.58,57.95,58.20,58.13,,,,61.5396,0,59.6637,0,3297,,0.6844,1.0216,-0.3372,0
2023-10-05,58.02,58.52,57.84,58.13,58.12,57.99,,,,61.5396,0,59.5497,0,5204,,0.6285,0.9430,-0.3145,0
2023-10-06,57.93,59.17,57.88,58.59,58.17,57.89,,,,61.5396,0,59.4381,0,2126,,0.6135,0.8771,-0.2635,0
2023-10-09,58.16,58.37,56.91,58.23,58.20,58.03,,,,61.5396,0,59.3286,0,4203,,0.5667,0.8150,-0.2483,0
2023-10-10,58.67,59.37,58.67,58.84,58.36,58.23,,,,61.5396,0,53.9657,1,4163,,0.5720,0.7664,-0.1944,0
2023-10-11,58.43,59.70,58.43,59.70,58.51,58.40,,,,61.5396,0,54.0738,1,2514,,0.6385,0.7408,-0.1023,0
2023-10-12,60.13,60.18,58.10,58.29,58.43,58.41,56.96,,,61.5396,0,54.2990,1,4053,6809,0.5707,0.7068,-0.1361,0
2023-10-13,58.21,58.21,57.04,57.38,58.40,58.40,57.13,,,61.5396,0,54.6521,1,7336,6805,0.4383,0.6531,-0.2148,0
2023-10-16,58.61,59.03,56.54,56.71,58.16,58.28,57.31,,,61.5396,0,54.9840,1,5285,6863,0.2763,0.5777,-0.3014,0
2023-10-17,56.64,58.09,55.66,56.75,58.06,58.17,57.44,,,61.5396,0,55.2960,1,9732,6966,0.1494,0.4921,-0.3427,0
2023-10-18,56.12,57.50,55.53,55.63,57.83,58.01,57.56,,,61.5396,0,60.1842,0,5995,7028,-0.0409,0.3855,-0.4264,0
2023-10-19,55.44,55.90,54.40,55.02,57.52,57.82,57.68,,,60.2158,0,60.0910,0,4909,7085,-0.2381,0.2608,-0.4988,0
2023-10-20,55.13,55.77,54.82,54.96,57.15,57.66,57.78,,,60.1415,0,59.8633,0,5704,7105,-0.3953,0.1296,-0.5249,0
2023-10-23,54.92,55.30,54.43,54.93,56.82,57.51,57.81,,,59.4872,0,59.6446,0,3976,6963,-0.5163,0.0004,-0.5167,0
2023-10-24,55.22,55.54,54.63,55.19,56.46,57.41,57.83,,,59.4872,0,59.4347,0,2752,6885,-0.5841,-0.1165,-0.4676,0
2023-10-25,54.75,56.07,54.19,54.45,55.93,57.22,57.79,,,59.4872,0,59.2332,0,3525,6827,-0.6901,-0.2312,-0.4588,0
2023-10-26,54.50,55.30,54.41,54.65,55.57,57.00,57.75,,,59.2221,0,58.9307,0,3282,6816,-0.7488,-0.3347,-0.4140,0
2023-10-27,54.52,54.84,53.64,54.52,55.28,56.84,57.74,,,58.5312,0,58.6463,0,5581,6823,-0.7964,-0.4271,-0.3693,0
2023-10-30,55.22,56.27,54.31,55.76,55.19,56.68,57.73,,,58.5312,0,58.2460,0,5713,6773,-0.7261,-0.4869,-0.2392,0
2023-10-31,55.56,56.99,55.31,56.33,55.14,56.60,57.74,,,58.5312,0,57.8777,0,4192,6737,-0.6173,-0.5130,-0.1043,0
2023-11-01,56.33,56.94,55.55,56.31,55.21,56.52,57.75,,,58.5312,0,57.5388,0,3766,6715,-0.5266,-0.5157,-0.0109,0
2023-11-02,58.74,60.57,52.61,53.48,55.06,56.29,57.68,,,58.5312,0,53.6420,1,10261,6840,-0.6757,-0.5477,-0.1280,0
2023-11-03,54.47,59.73,54.47,59.40,55.50,56.33,57.74,,,51.7736,1,52.6121,1,11864,7014,-0.3122,-0.5006,0.1884,0
2023-11-06,59.40,59.61,57.02,59.60,55.97,56.40,57.78,,,51.7736,1,52.6121,1,5359,7056,-0.0082,-0.4021,0.3939,0
2023-11-07,59.27,60.52,59.16,60.48,56.50,56.48,57.82,,,52.5410,1,52.7712,1,5408,7092,0.3005,-0.2616,0.5621,0
2023-11-08,60.57,61.31,59.61,59.61,57.01,56.47,57.81,,,53.3769,1,52.9271,1,3999,7092,0.4693,-0.1154,0.5847,0
2023-11-09,59.72,59.83,58.93,59.52,57.50,56.53,57.78,,,53.3769,1,53.2625,1,8938,7142,0.5891,0.0255,0.5636,0
2023-11-10,59.99,60.07,58.20,59.30,57.98,56.63,57.75,,,53.3769,1,53.5845,1,14136,7264,0.6591,0.1522,0.5069,0
2023-11-13,58.02,59.60,57.87,59.41,58.34,56.76,57.70,,,53.3769,1,53.8936,1,6905,7331,0.7150,0.2648,0.4502,0
2023-11-14,60.39,63.08,59.80,63.07,59.02,57.08,57.76,,,54.5764,1,54.1904,1,8944,7400,1.0425,0.4203,0.6222,0
2023-11-15,63.07,63.75,61.65,62.39,59.62,57.42,57.78,,,55.8905,1,54.7236,1,8899,7499,1.2333,0.5829,0.6503,0
2023-11-16,62.42,62.45,59.98,61.87,60.46,57.76,57.80,,,55.8905,1,55.4461,1,5959,7512,1.3271,0.7317,0.5953,0
2023-11-17,62.18,62.62,61.42,62.00,60.72,58.11,57.83,,,55.8905,1,56.1107,1,11078,7636,1.3956,0.8645,0.5311,0
2023-11-20,61.93,62.15,61.37,61.52,60.92,58.44,57.95,,,55.8905,1,56.7222,1,2271,7422,1.3950,0.9706,0.4244,0
2023-11-21,61.07,61.71,60.90,60.90,60.96,58.73,58.08,,,55.8905,1,57.2848,1,11643,7385,1.3292,1.0423,0.2869,0
2023-11-22,60.86,61.90,60.78,61.16,61.11,59.06,58.17,,,55.8905,1,57.8024,1,2295,7215,1.2837,1.0906,0.1931,0
2023-11-24,60.84,61.53,60.84,61.46,61.31,59.40,58.24,,,56.0120,1,58.2785,1,2581,7082,1.2569,1.1239,0.1331,0
2023-11-27,61.41,63.30,61.30,63.18,61.69,59.84,58.35,,,57.0462,1,58.7166,1,5191,6132,1.3589,1.1709,0.1880,0
2023-11-28,63.03,63.22,61.39,61.65,61.92,60.13,58.40,,,57.0462,1,59.1196,1,8791,6129,1.3017,1.1970,0.1047,0
2023-11-29,61.88,62.73,60.13,60.27,61.64,60.33,58.43,,,57.0462,1,59.4904,1,4155,6138,1.1315,1.1839,-0.0524,0
2023-11-30,60.12,60.66,59.98,60.41,61.44,60.53,58.46,,,57.0462,1,59.8315,1,4700,5992,0.9970,1.1466,-0.1495,0
2023-12-01,59.99,62.24,59.63,61.55,61.41,60.94,58.51,,,57.0462,1,63.7544,0,4669,5945,0.9705,1.1113,-0.1409,0
2023-12-04,61.01,62.74,60.94,62.40,61.45,61.09,58.60,,,57.0462,1,63.6719,0,6206,5963,1.0069,1.0904,-0.0836,0
2023-12-05,62.30,63.18,61.63,63.18,61.62,61.27,58.70,,,57.0471,1,63.5910,0,6252,5996,1.0859,1.0895,-0.0036,0
2023-12-06,63.59,64.03,60.19,60.30,61.56,61.26,58.77,,,57.0471,1,59.6280,1,6181,6030,0.9056,1.0527,-0.1472,0
2023-12-07,60.13,61.83,59.74,61.83,61.62,61.37,58.84,,,57.0471,1,59.7161,1,5445,6060,0.8764,1.0175,-0.1411,0
2023-12-08,62.22,62.54,60.75,61.26,61.60,61.45,58.88,,,57.0471,1,59.7361,1,3844,5998,0.7980,0.9736,-0.1756,0
2023-12-11,60.86,62.77,59.61,62.65,61.55,61.62,58.98,,,57.0471,1,64.0332,0,4504,5990,0.8381,0.9465,-0.1084,0
2023-12-12,62.65,63.95,62.40,63.80,61.76,61.84,59.08,,,57.0471,1,59.6083,1,6786,5900,0.9517,0.9475,0.0042,0
2023-12-13,63.43,66.63,60.89,66.01,62.34,61.99,59.24,,,57.0471,1,59.6083,1,11882,5929,1.2064,0.9993,0.2071,0
2023-12-14,66.64,70.52,66.64,69.80,63.28,62.36,59.48,,,60.7072,1,59.8891,1,13600,6135,1.6942,1.1383,0.5559,0
2023-12-15,70.54,70.71,68.65,69.99,64.12,62.76,59.71,,,61.9793,1,60.5272,1,70226,7436,2.0728,1.3252,0.7476,0
2023-12-18,69.91,69.91,67.46,68.55,64.74,63.09,59.91,,,61.9793,1,61.3418,1,8616,7565,2.2304,1.5062,0.7242,0
2023-12-19,69.29,72.24,69.29,72.18,65.64,63.63,60.19,,,62.7353,1,62.0912,1,8881,7659,2.6180,1.7286,0.8894,0
2023-12-20,72.16,72.16,69.89,69.91,66.60,64.08,60.41,,,63.1100,1,63.1065,1,5830,7692,2.7114,1.9251,0.7862,0
2023-12-21,70.78,70.78,69.81,70.38,67.45,64.54,60.63,,,63.1100,1,64.0202,1,6234,7767,2.7905,2.0982,0.6923,0
2023-12-22,70.38,71.03,69.85,70.11,68.34,64.97,60.86,,,63.4167,1,64.8426,1,4627,7778,2.7995,2.2385,0.5610,0
2023-12-26,70.59,70.89,70.20,70.66,69.14,65.34,61.13,,,63.9848,1,65.5827,1,3737,7706,2.8186,2.3545,0.4641,0
2023-12-27,71.02,71.13,69.88,70.55,69.81,65.79,61.40,,,64.2315,1,66.2488,1,3580,7672,2.7928,2.4422,0.3507,0
2023-12-28,70.22,70.62,69.62,69.76,70.19,66.26,61.67,,,64.2315,1,66.8483,1,3604,7550,2.6772,2.4892,0.1881,0
2023-12-29,69.97,70.26,68.97,69.24,70.13,66.70,61.94,,,64.2315,1,67.3879,1,7359,7577,2.5154,2.4944,0.0210,0
2024-01-02,68.97,69.26,67.70,68.85,70.02,67.07,62.21,,,64.2315,1,72.2439,0,7485,7628,2.3285,2.4612,-0.1327,0
2024-01-03,68.48,68.74,66.47,66.62,69.83,67.28,62.45,,,64.2315,1,72.1530,0,6260,7639,1.9776,2.3645,-0.3869,0
2024-01-04,67.06,67.17,65.89,66.28,69.24,67.44,62.67,,,64.2315,1,71.9258,0,12120,7802,1.6534,2.2223,-0.5689,0
2024-01-05,65.61,66.09,64.46,65.12,68.76,67.68,62.87,,,64.2315,1,71.5637,0,9312,7934,1.2880,2.0354,-0.7474,0
2024-01-08,66.31,67.21,65.88,66.37,68.36,67.90,63.11,,,64.2315,1,70.9951,0,5177,7967,1.0866,1.8457,-0.7590,0
2024-01-09,65.48,66.05,64.49,65.49,67.90,68.12,63.33,,,64.2315,1,70.4720,0,4602,7993,0.8459,1.6457,-0.7998,0
2024-01-10,65.44,66.04,65.15,65.96,67.43,68.28,63.56,,,64.2315,1,69.9907,0,3099,7943,0.6853,1.4536,-0.7683,0
2024-01-11,66.04,66.04,64.37,65.33,66.90,68.36,63.75,,,64.2315,1,69.5479,0,6963,7968,0.5015,1.2632,-0.7617,0
2024-01-12,66.23,66.66,64.40,65.18,66.45,68.32,63.93,,,64.2315,1,69.0299,0,2645,7937,0.3400,1.0786,-0.7386,0
2024-01-16,65.49,65.49,63.80,63.83,65.90,68.02,64.08,,,70.0675,0,68.5636,0,6309,7988,0.1013,0.8831,-0.7818,0
2024-01-17,62.93,64.08,62.93,63.36,65.36,67.69,64.27,,,68.7344,0,67.9917,0,5149,7886,-0.1237,0.6817,-0.8054,0
2024-01-18,63.51,65.55,62.19,63.83,65.08,67.45,64.36,,,68.7344,0,67.2833,0,7796,7805,-0.2617,0.4931,-0.7548,0
2024-01-19,64.31,64.31,63.07,64.18,64.87,67.05,64.45,,,68.7344,0,66.4691,0,3290,7763,-0.3386,0.3267,-0.6653,0
2024-01-22,64.74,65.52,64.32,65.41,64.89,66.83,64.55,,,68.7344,0,65.7851,0,4676,7749,-0.2970,0.2020,-0.4989,0
2024-01-23,66.08,66.67,65.69,66.19,64.88,66.62,64.68,,,68.7344,0,62.1944,1,5075,7770,-0.1990,0.1218,-0.3208,0
2024-01-24,66.87,66.87,65.72,66.11,64.94,66.42,64.82,,,68.7344,0,62.2839,1,4202,7675,-0.1262,0.0722,-0.1984,0
2024-01-25,67.02,67.80,65.14,66.25,64.97,66.20,64.95,,,68.7344,0,62.4671,1,8940,7572,-0.0568,0.0464,-0.1032,0
2024-01-26,66.76,66.85,65.33,65.99,65.03,65.97,65.09,,,68.7344,0,62.7871,1,5047,7534,-0.0221,0.0327,-0.0548,0
2024-01-29,65.85,66.87,65.53,66.87,65.20,65.82,65.16,,,68.7344,0,63.0878,1,4379,7443,0.0751,0.0412,0.0339,0
2024-01-30,66.72,67.46,66.28,67.39,65.56,65.73,65.26,,,68.7344,0,63.3705,1,4304,7351,0.1920,0.0713,0.1206,0
2024-01-31,67.65,67.78,65.46,65.46,65.77,65.56,65.33,,,68.7344,0,63.6362,1,4307,7318,0.1276,0.0826,0.0450,0
2024-02-01,55.89,61.51,53.53,60.49,65.43,65.25,65.30,,,65.7436,0,67.7993,0,14580,7388,-0.3204,0.0020,-0.3224,0
2024-02-02,59.79,61.38,59.01,60.15,65.03,64.95,65.28,,,65.7436,0,67.7796,0,8423,7511,-0.6952,-0.1374,-0.5578,0
2024-02-05,59.10,59.15,57.29,58.26,64.31,64.60,65.22,,,65.7436,0,67.4947,0,11435,7507,-1.1315,-0.3363,-0.7953,0
2024-02-06,58.20,59.19,57.51,58.09,63.51,64.19,65.16,,,65.7436,0,67.2154,0,7255,7606,-1.4738,-0.5638,-0.9101,0
2024-02-07,58.09,59.38,58.09,59.00,62.79,63.87,65.11,,,65.7436,0,66.9417,0,5592,7667,-1.6531,-0.7816,-0.8714,0
2024-02-08,59.57,60.73,59.02,60.39,62.21,63.59,65.06,,,65.7436,0,66.6735,0,14315,7849,-1.6640,-0.9581,-0.7059,0
2024-02-09,60.50,62.02,60.08,62.02,61.81,63.42,65.06,,,65.7436,0,66.4107,0,6471,7803,-1.5234,-1.0712,-0.4523,0
2024-02-12,62.60,64.67,62.55,64.02,61.53,63.36,65.14,,,65.7436,0,66.1531,0,7449,7868,-1.2359,-1.1041,-0.1318,0
2024-02-13,62.20,64.57,62.17,63.14,61.10,63.33,65.19,,,65.7436,0,65.9006,0,13979,8054,-1.0672,-1.0967,0.0296,0
2024-02-14,64.28,65.85,63.88,65.34,61.09,63.43,65.27,,,65.7436,0,53.5314,1,9031,8141,-0.7471,-1.0268,0.2797,0
2024-02-15,66.00,68.89,65.94,68.69,61.91,63.67,65.40,,,59.8090,1,53.7779,1,8509,8187,-0.2205,-0.8655,0.6451,0
2024-02-16,68.72,69.47,68.05,68.66,62.76,63.90,65.51,,,61.4894,1,54.3823,1,9300,8248,0.1923,-0.6540,0.8463,0
2024-02-20,68.23,69.37,68.02,68.52,63.79,64.05,65.67,,,61.7474,1,55.2876,1,8718,8299,0.5025,-0.4227,0.9252,0
2024-02-21,68.02,68.47,66.55,67.24,64.70,64.10,65.78,,,61.7474,1,56.1386,1,7654,8343,0.6376,-0.2106,0.8482,0
2024-02-22,67.16,68.85,67.12,68.37,65.64,64.22,65.92,,,61.7474,1,56.9386,1,11590,8498,0.8258,-0.0034,0.8291,0
2024-02-23,68.22,68.22,67.19,67.63,66.36,64.29,66.02,,,61.7474,1,57.6905,1,4220,8492,0.9048,0.1783,0.7265,0
2024-02-26,67.17,68.01,66.88,67.54,66.92,64.36,66.10,,,61.7474,1,58.3974,1,14430,8645,0.9494,0.3325,0.6169,0
2024-02-27,68.09,68.09,67.03,67.62,67.28,64.40,66.13,,,61.7771,1,59.0618,1,7224,8552,0.9798,0.4620,0.5178,0
2024-02-28,67.23,67.70,66.98,67.38,67.70,64.40,66.08,,,61.9176,1,59.6863,1,8333,8447,0.9735,0.5643,0.4093,0
2024-02-29,68.06,69.42,67.45,69.24,68.09,64.59,66.06,,,62.9465,1,60.2734,1,13895,7320,1.1062,0.6727,0.4335,0
2024-03-01,69.51,69.86,68.42,68.71,68.09,65.00,66.07,,,63.7635,1,60.8253,1,7403,7296,1.1550,0.7691,0.3859,0
2024-03-04,68.65,69.87,68.65,69.76,68.20,65.48,66.02,,,64.0603,1,61.5477,1,7112,7261,1.2635,0.8680,0.3955,0
2024-03-05,69.47,70.44,68.30,69.01,68.25,66.02,66.00,,,64.0603,1,62.3795,1,11944,7383,1.2743,0.9493,0.3250,0
2024-03-06,69.85,69.90,68.26,69.10,68.44,66.57,65.98,,,64.0603,1,63.3464,1,11048,7479,1.2753,1.0145,0.2609,0
2024-03-07,69.61,70.57,68.99,69.30,68.53,67.08,65.96,61.26,,64.5493,1,64.1972,1,6827,7523,1.2781,1.0672,0.2109,0
2024-03-08,69.98,70.52,67.88,68.45,68.61,67.49,65.91,61.39,,64.5493,1,65.0887,1,11471,7678,1.1973,1.0932,0.1041,0
2024-03-11,68.92,70.90,68.92,70.68,68.92,67.92,65.92,61.54,,64.5493,1,65.8554,1,10871,7824,1.2989,1.1344,0.1645,0
2024-03-12,70.49,71.89,69.84,71.34,69.30,68.29,65.95,61.68,,65.1329,1,66.6626,1,10459,7961,1.4163,1.1907,0.2256,0
2024-03-13,71.57,73.70,70.76,72.97,69.86,68.78,66.02,61.84,,66.1946,1,67.6028,1,10749,8028,1.6219,1.2770,0.3449,0
2024-03-14,72.32,73.70,71.34,73.38,70.27,69.18,66.11,62.00,,66.3822,1,68.8222,1,17667,8232,1.7975,1.3811,0.4165,0
2024-03-15,72.87,76.78,72.87,75.04,70.90,69.50,66.28,62.17,,68.1287,1,69.7977,1,129330,10694,2.0468,1.5142,0.5325,0
2024-03-18,75.45,76.04,73.75,74.16,71.34,69.77,66.44,62.31,,68.1768,1,71.1951,1,15590,10763,2.1487,1.6411,0.5076,0
2024-03-19,74.12,74.78,71.03,71.12,71.55,69.90,66.56,62.42,,68.1768,1,76.7848,0,7150,10720,1.9611,1.7051,0.2560,0
2024-03-20,70.52,74.90,70.18,74.26,72.07,70.25,66.72,62.54,,68.1768,1,76.6697,0,9342,10803,2.0427,1.7726,0.2700,0
2024-03-21,74.75,75.75,73.90,74.99,72.64,70.58,66.91,62.66,,68.1768,1,76.4101,0,8924,10889,2.1414,1.8464,0.2950,0
2024-03-22,75.31,76.29,74.54,75.78,73.37,70.99,67.10,62.80,,68.1768,1,70.1807,1,8849,11004,2.2573,1.9286,0.3287,0
2024-03-25,76.17,76.77,74.90,74.90,73.80,71.36,67.30,62.93,,68.6154,1,70.3029,1,4848,10962,2.2524,1.9933,0.2591,0
2024-03-26,74.90,75.39,73.41,74.99,74.16,71.73,67.49,63.05,,68.6154,1,70.5618,1,7425,11058,2.2300,2.0407,0.1893,0
2024-03-27,75.70,76.28,74.94,75.95,74.46,72.16,67.73,63.19,,68.8240,1,70.8103,1,7412,11080,2.2633,2.0852,0.1781,0
2024-03-28,76.20,76.24,75.21,75.70,74.69,72.48,67.98,63.31,,69.3057,1,71.0489,1,10376,11184,2.2439,2.1169,0.1269,0
2024-04-01,75.99,75.99,71.82,73.55,74.54,72.72,68.18,63.42,,69.3057,1,71.2780,1,18648,11401,2.0317,2.0999,-0.0682,0
2024-04-02,72.60,74.52,72.60,73.24,74.45,72.90,68.36,63.53,,69.3057,1,71.4978,1,8827,11512,1.8172,2.0433,-0.2262,0
2024-04-03,72.67,74.76,72.67,74.34,74.77,73.16,68.54,63.64,,69.3057,1,71.7089,1,4616,11511,1.7164,1.9780,-0.2615,0
2024-04-04,74.91,76.11,74.23,75.33,74.88,73.47,68.72,63.74,,69.3057,1,71.9116,1,7466,11559,1.6966,1.9217,-0.2251,0
2024-04-05,75.33,77.98,75.33,77.04,75.08,73.86,68.94,63.84,,69.8085,1,72.1061,1,13311,11741,1.7985,1.8970,-0.0985,0
2024-04-08,77.04,78.16,75.85,78.04,75.31,74.34,69.17,63.96,,70.1528,1,72.4584,1,8637,11735,1.9373,1.9051,0.0322,0
2024-04-09,78.04,78.04,75.21,76.68,75.48,74.64,69.39,64.06,,70.1528,1,72.9149,1,9879,11831,1.9154,1.9072,0.0083,0
2024-04-10,74.95,76.31,74.50,75.12,75.50,74.83,69.55,64.16,,70.1528,1,73.3349,1,9099,11926,1.7522,1.8762,-0.1239,0
2024-04-11,75.12,76.16,74.55,75.92,75.49,74.98,69.72,64.26,,70.1528,1,73.7213,1,5946,11959,1.6681,1.8346,-0.1665,0
2024-04-12,75.77,76.33,74.82,76.10,75.53,75.11,69.93,64.36,,70.1528,1,74.0768,1,7891,12030,1.5981,1.7873,-0.1892,0
2024-04-15,76.15,78.06,75.68,75.99,75.78,75.16,70.24,64.46,,70.2756,1,74.4038,1,11317,11965,1.5157,1.7330,-0.2173,0
2024-04-16,75.07,76.15,74.21,74.98,75.95,75.20,70.54,64.59,,70.2756,1,78.1648,0,9760,11992,1.3536,1.6571,-0.3035,0
2024-04-17,75.39,76.27,73.37,73.67,75.89,75.33,70.85,64.72,,70.2756,1,78.0857,0,6667,11896,1.1066,1.5470,-0.4404,0
2024-04-18,73.71,76.06,73.44,73.63,75.72,75.30,71.16,64.83,,70.2756,1,77.8973,0,8643,11924,0.8973,1.4170,-0.5198,0
2024-04-19,73.24,75.13,73.24,73.56,75.37,75.22,71.45,64.93,,70.2756,1,77.7163,0,26680,12346,0.7176,1.2771,-0.5596,0
2024-04-22,73.91,75.82,73.45,74.87,75.05,75.18,71.74,65.05,,70.2756,1,77.4475,0,5651,12173,0.6732,1.1564,-0.4832,0
2024-04-23,74.67,75.96,74.67,75.85,74.97,75.23,72.02,65.16,,70.2756,1,77.1949,0,5102,12145,0.7086,1.0668,-0.3582,0
2024-04-24,75.45,76.29,75.00,76.09,75.07,75.28,72.26,65.28,,70.2756,1,76.9574,0,5010,12097,0.7479,1.0030,-0.2551,0
2024-04-25,75.44,75.44,73.44,73.92,74.87,75.18,72.47,65.38,,70.2756,1,76.7341,0,9036,11998,0.5964,0.9217,-0.3253,0
2024-04-26,74.20,75.09,73.76,74.70,74.73,75.13,72.66,65.48,,70.2756,1,76.5242,0,4153,11900,0.5331,0.8440,-0.3109,0
2024-04-29,75.39,77.11,74.84,77.11,74.84,75.31,72.83,65.61,,70.2756,1,73.2363,1,7698,11884,0.6700,0.8092,-0.1392,0
2024-04-30,76.45,76.45,74.68,74.69,74.81,75.38,72.95,65.72,,70.2756,1,73.3138,1,6880,11836,0.5762,0.7626,-0.1864,0
2024-05-01,74.73,75.50,73.45,74.02,74.84,75.36,73.06,65.83,,70.2756,1,73.3897,1,6713,11795,0.4427,0.6986,-0.2559,0
2024-05-02,74.74,76.15,73.35,76.08,75.09,75.40,73.24,65.95,,70.2756,1,77.1101,0,8498,11812,0.4974,0.6583,-0.1610,0
2024-05-03,77.06,77.06,75.34,75.50,75.28,75.33,73.38,66.06,,70.2756,1,73.3546,1,5730,11695,0.4889,0.6245,-0.1355,0
2024-05-06,75.60,77.69,75.60,77.41,75.53,75.29,73.58,66.19,,70.2756,1,73.3546,1,7405,11759,0.6285,0.6253,0.0032,0
2024-05-07,77.87,78.67,77.31,77.34,75.68,75.33,73.77,66.31,,71.7959,1,73.5281,1,7101,11612,0.7252,0.6453,0.0799,0
2024-05-08,76.58,77.63,76.23,76.55,75.73,75.40,73.95,66.44,,71.7959,1,73.8365,1,6042,11589,0.7298,0.6622,0.0676,0
2024-05-09,76.97,77.96,76.60,77.63,76.10,75.48,74.16,66.57,,71.7959,1,74.1263,1,4308,11508,0.8116,0.6920,0.1195,0
2024-05-10,77.58,78.21,76.62,76.97,76.33,75.53,74.31,66.70,,71.7959,1,74.3988,1,5857,11347,0.8137,0.7164,0.0973,0
2024-05-13,77.47,77.47,76.24,76.63,76.28,75.56,74.47,66.82,,71.7959,1,74.6549,1,5683,11313,0.7786,0.7288,0.0498,0
2024-05-14,77.60,77.60,74.56,75.40,76.35,75.58,74.58,66.93,,71.7959,1,78.6675,0,13395,11439,0.6447,0.7120,-0.0673,0
2024-05-15,76.14,76.14,74.94,75.50,76.50,75.67,74.71,67.04,,71.7959,1,78.5853,0,9583,11391,0.5403,0.6776,-0.1374,0
2024-05-16,73.94,85.03,70.95,82.50,77.14,76.12,74.98,67.19,,71.7959,1,74.5572,1,24466,11660,1.0106,0.7442,0.2664,0
2024-05-17,82.53,84.52,81.64,84.03,78.00,76.64,75.27,67.37,64.76,73.8450,1,70.9496,1,11168,11747,1.4895,0.8933,0.5962,0
2024-05-20,85.09,88.48,85.09,87.05,78.96,77.25,75.65,67.56,64.96,77.1384,1,70.9496,1,10977,11737,2.0883,1.1323,0.9560,0
2024-05-21,86.41,88.26,85.29,87.41,79.97,77.83,75.98,67.77,65.15,77.1987,1,71.6510,1,8833,11696,2.5627,1.4184,1.1444,0
2024-05-22,86.97,87.66,85.78,86.42,80.96,78.34,76.28,67.97,65.33,77.5402,1,72.3243,1,6848,11624,2.8266,1.7000,1.1266,0
2024-05-23,86.61,86.89,85.31,86.47,81.84,78.97,76.55,68.17,65.52,77.5402,1,72.9707,1,15423,11717,3.0051,1.9610,1.0440,0
2024-05-24,87.10,88.32,86.38,88.18,82.96,79.64,76.85,68.39,65.71,78.9020,1,73.5913,1,5806,11480,3.2467,2.2182,1.0285,0
2024-05-28,88.48,88.54,86.08,86.42,83.94,80.11,77.08,68.60,65.90,78.9727,1,74.1871,1,6594,9025,3.2590,2.4263,0.8327,0
2024-05-29,85.31,86.07,83.95,84.22,84.82,80.59,77.28,68.80,66.05,78.9727,1,75.0485,1,8971,8893,3.0554,2.5521,0.5033,0
2024-05-30,84.97,85.99,84.87,85.12,85.78,81.14,77.56,69.00,66.20,78.9727,1,75.8582,1,3731,8824,2.9334,2.6284,0.3050,0
2024-05-31,85.74,86.57,85.08,86.23,86.16,81.65,77.80,69.21,66.35,78.9727,1,76.6194,1,11151,8861,2.8926,2.6812,0.2114,0
2024-06-03,86.87,88.43,85.72,87.10,86.46,82.23,78.04,69.42,66.51,79.4158,1,77.3348,1,15558,8993,2.8970,2.7244,0.1726,0
2024-06-04,86.70,87.35,83.76,83.94,86.15,82.56,78.20,69.62,66.65,79.4158,1,78.0074,1,8645,8989,2.6154,2.7026,-0.0872,0
2024-06-05,84.24,86.64,83.99,86.43,86.05,83.01,78.43,69.83,66.80,79.4158,1,78.6396,1,5698,9006,2.5634,2.6748,-0.1113,0
2024-06-06,85.78,87.00,85.78,86.40,86.05,83.50,78.66,70.03,66.95,79.4158,1,79.2338,1,6850,8995,2.4911,2.6380,-0.1469,0
2024-06-07,86.74,87.33,85.15,85.61,85.96,83.90,78.85,70.22,67.10,79.4158,1,79.7925,1,9016,9027,2.3431,2.5790,-0.2359,0
2024-06-10,84.77,86.54,82.83,86.44,85.79,84.38,79.07,70.44,67.25,79.4158,1,80.3175,1,9707,9013,2.2666,2.5166,-0.2500,0
2024-06-11,86.44,88.46,85.63,88.23,85.97,84.96,79.36,70.63,67.41,79.4158,1,80.8111,1,7389,8788,2.3242,2.4781,-0.1539,0
2024-06-12,89.14,89.58,87.39,87.74,86.32,85.57,79.65,70.82,67.56,80.7286,1,81.2751,1,11213,8836,2.3034,2.4431,-0.1397,0
2024-06-13,87.94,87.94,85.42,85.92,86.40,86.09,79.88,70.99,67.70,80.7286,1,81.9393,1,4629,8836,2.1160,2.3777,-0.2617,0
2024-06-14,84.65,85.60,83.50,85.41,86.32,86.24,80.08,71.16,67.82,80.7286,1,82.5503,1,6833,8824,1.9040,2.2830,-0.3789,0
2024-06-17,85.59,87.97,84.31,87.94,86.41,86.43,80.30,71.35,67.96,80.7286,1,83.1125,1,5414,8666,1.9179,2.2100,-0.2920,0
2024-06-18,87.58,88.88,87.15,88.47,86.86,86.51,80.51,71.55,68.10,80.7286,1,83.5042,1,5196,8597,1.9495,2.1579,-0.2084,0
2024-06-20,88.10,89.39,87.53,88.28,87.04,86.55,80.74,71.74,68.23,80.9474,1,83.9900,1,8940,8578,1.9371,2.1137,-0.1766,0
2024-06-21,87.93,88.46,86.25,86.89,87.09,86.57,80.98,71.90,68.36,80.9474,1,84.4370,1,32002,9036,1.7942,2.0498,-0.2556,0
2024-06-24,87.14,88.45,87.08,87.61,87.29,86.63,81.21,72.07,68.50,80.9474,1,84.8482,1,7603,9069,1.7193,1.9837,-0.2644,0
2024-06-25,87.94,89.41,87.24,88.12,87.46,86.63,81.45,72.24,68.63,81.2349,1,85.2266,1,7103,9053,1.6812,1.9232,-0.2420,0
2024-06-26,87.35,88.38,87.32,87.76,87.41,86.69,81.69,72.41,68.77,81.2349,1,85.5746,1,8309,8993,1.6038,1.8593,-0.2555,0
2024-06-27,88.04,88.88,86.87,87.32,87.37,86.85,81.94,72.58,68.93,81.2430,1,85.8949,1,5155,8901,1.4895,1.7854,-0.2959,0.00
2024-06-28,88.17,90.02,87.44,89.86,87.77,87.08,82.26,72.78,69.10,81.9535,1,86.1895,1,25480,9277,1.5862,1.7455,-0.1593,0.00
2024-07-01,89.92,90.48,86.49,86.60,87.88,87.10,82.52,72.95,69.25,81.9535,1,90.0218,0,10076,9306,1.3831,1.6730,-0.2899,0.00
2024-07-02,86.44,88.68,86.15,87.73,87.86,87.13,82.80,73.12,69.40,81.9535,1,90.4760,0,10297,8978,1.2988,1.5982,-0.2994,0.00
2024-07-03,88.18,89.84,87.85,89.56,87.97,87.42,83.10,73.30,69.56,81.9535,1,90.4760,0,3945,8944,1.3637,1.5513,-0.1876,0.00
2024-07-05,89.62,89.62,87.95,89.17,88.06,87.55,83.36,73.48,69.71,81.9535,1,90.3030,0,8515,9013,1.3683,1.5147,-0.1464,0.00
2024-07-08,89.39,91.75,88.47,89.73,88.34,87.72,83.63,73.68,69.87,82.8215,1,86.1507,1,8786,9088,1.4004,1.4919,-0.0914,0.00
2024-07-09,89.28,89.79,88.50,88.69,88.45,87.87,83.93,73.87,70.01,82.8215,1,86.2627,1,9286,9093,1.3269,1.4589,-0.1319,0.00
2024-07-10,89.15,91.40,88.63,91.39,88.78,88.12,84.26,74.07,70.18,82.9309,1,86.3724,1,12133,9253,1.4701,1.4611,0.0090,0.00
2024-07-11,93.57,96.41,92.33,95.43,89.55,88.48,84.63,74.29,70.36,86.4894,1,86.4800,1,16690,9433,1.8876,1.5464,0.3412,0.00
2024-07-12,96.62,97.84,95.51,96.10,90.43,88.90,85.06,74.51,70.55,88.8607,1,86.8772,1,11893,9533,2.2469,1.6865,0.5604,0.00
2024-07-15,96.86,102.66,96.86,101.97,91.64,89.70,85.62,74.78,70.78,90.7563,1,87.5352,1,18824,9775,2.9706,1.9433,1.0273,0.00
2024-07-16,102.70,107.01,102.70,106.59,93.64,90.76,86.23,75.08,71.02,95.2412,1,88.7453,1,21038,10026,3.8725,2.3292,1.5433,0.00
2024-07-17,105.66,107.15,103.66,103.89,95.25,91.56,86.80,75.37,71.24,95.7048,1,90.5715,1,15727,10226,4.3191,2.7272,1.5920,0.00
2024-07-18,103.14,105.14,102.53,103.73,96.67,92.32,87.32,75.64,71.47,95.7048,1,92.5603,1,11302,10304,4.6072,3.1032,1.5040,0.00
2024-07-19,103.78,104.93,103.08,103.87,98.14,93.10,87.85,75.91,71.70,95.7048,1,94.3105,1,11696,10396,4.7914,3.4408,1.3506,94.73
2024-07-22,104.52,105.01,101.93,104.55,99.62,93.98,88.41,76.16,71.93,95.7048,1,95.8507,1,18654,10648,4.9355,3.7398,1.1958,94.66
2024-07-23,104.04,109.15,103.89,106.31,101.38,94.92,88.99,76.41,72.17,96.7234,1,97.2060,1,17525,10912,5.1324,4.0183,1.1141,94.47
2024-07-24,105.44,107.52,103.30,103.69,102.61,95.70,89.52,76.63,72.40,96.7234,1,98.8782,1,9975,10995,5.0194,4.2185,0.8009,94.82
2024-07-25,104.08,105.56,102.71,103.03,103.37,96.46,90.05,76.86,72.62,96.7234,1,100.3162,1,13615,11153,4.8209,4.3390,0.4819,95.44
2024-07-26,104.86,106.11,104.12,105.67,104.33,97.38,90.65,77.08,72.86,96.7234,1,101.5529,1,12124,11128,4.8215,4.4355,0.3860,95.32
2024-07-29,106.09,107.95,103.47,105.11,104.64,98.14,91.25,77.32,73.09,96.7234,1,102.6165,1,12464,11185,4.7222,4.4928,0.2294,95.32
2024-07-30,104.68,105.98,100.87,101.89,104.17,98.90,91.63,77.53,73.30,96.7234,1,109.1499,0,21492,11126,4.3337,4.4610,-0.1273,94.32
2024-07-31,101.89,103.81,100.78,102.60,104.04,99.65,92.01,77.75,73.53,96.7234,1,108.9844,0,24084,11384,4.0367,4.3762,-0.3394,93.54
2024-08-01,112.27,120.43,108.38,119.85,105.66,101.16,92.66,78.07,73.84,99.5513,1,100.7758,1,40975,11984,5.1342,4.5278,0.6065,97.34
2024-08-02,116.53,120.54,115.93,119.74,107.24,102.69,93.31,78.40,74.15,103.4875,1,100.7758,1,26129,12330,5.9262,4.8075,1.1187,97.77
2024-08-05,113.72,118.31,111.13,113.21,108.11,103.87,93.84,78.69,74.44,103.4875,1,101.5662,1,25748,12708,5.9584,5.0376,0.9207,97.77
2024-08-06,113.21,122.28,113.21,117.66,109.25,105.31,94.47,79.01,74.75,103.4875,1,102.3250,1,23544,12871,6.2710,5.2843,0.9867,97.96
2024-08-07,119.15,120.90,115.62,115.64,110.44,106.53,95.02,79.33,75.05,103.4875,1,103.5225,1,12167,12998,6.2829,5.4840,0.7989,98.20
2024-08-08,117.11,120.48,116.03,116.85,111.82,107.60,95.63,79.66,75.36,103.4875,1,104.6482,1,24743,13361,6.3176,5.6507,0.6669,97.81
2024-08-09,117.15,119.53,115.02,115.51,112.81,108.57,96.25,79.99,75.66,103.4875,1,105.7063,1,14036,13462,6.1656,5.7537,0.4119,97.54
2024-08-12,115.22,117.66,114.72,116.08,113.90,109.27,96.87,80.33,75.97,103.4875,1,106.7010,1,14658,13681,6.0220,5.8074,0.2146,97.89
2024-08-13,117.05,119.11,116.34,118.02,115.52,109.84,97.51,80.67,76.28,103.4875,1,107.6360,1,11234,13682,5.9952,5.8449,0.1503,97.73
2024-08-14,118.03,118.91,116.50,116.56,116.91,110.48,98.10,81.01,76.59,103.5405,1,108.5148,1,13137,13634,5.7893,5.8338,-0.0445,96.99
2024-08-15,118.83,121.00,118.21,118.65,116.79,111.22,98.79,81.37,76.91,105.5245,1,109.3410,1,11847,13698,5.7291,5.8129,-0.0838,96.68
2024-08-16,118.68,119.37,116.96,116.99,116.52,111.88,99.40,81.71,77.22,105.5245,1,110.1175,1,10516,13794,5.4840,5.7471,-0.2631,96.18
2024-08-19,116.99,117.49,115.71,116.61,116.86,112.48,100.01,82.05,77.52,105.5245,1,110.8475,1,15682,13971,5.1996,5.6376,-0.4380,95.60
2024-08-20,116.99,117.58,116.02,117.43,116.83,113.04,100.64,82.41,77.83,105.5245,1,111.5337,1,11245,14016,4.9829,5.5067,-0.5237,96.10
2024-08-21,117.79,122.10,117.61,122.10,117.48,113.96,101.36,82.80,78.17,107.8369,1,112.1787,1,11247,14046,5.1288,5.4311,-0.3023,96.45
2024-08-22,122.00,122.51,119.50,119.89,117.78,114.80,101.99,83.18,78.47,109.2842,1,112.7850,1,14062,14180,5.0079,5.3464,-0.3386,96.22
2024-08-23,120.35,123.83,120.35,123.80,118.61,115.71,102.71,83.57,78.79,110.3602,1,113.5628,1,12167,14199,5.1685,5.3109,-0.1423,96.49
2024-08-26,124.75,125.95,123.27,123.75,119.38,116.64,103.47,83.96,79.11,113.2462,1,114.5897,1,12075,14348,5.2315,5.2950,-0.0635,96.88
2024-08-27,122.60,124.46,120.65,123.52,119.93,117.72,104.23,84.34,79.43,113.2462,1,115.9528,1,6956,14350,5.2023,5.2765,-0.0741,96.92
2024-08-28,123.13,123.37,121.09,121.45,120.42,118.67,104.90,84.71,79.74,113.2462,1,117.1523,1,13164,14505,4.9553,5.2122,-0.2569,96.68
2024-08-29,122.56,125.09,121.88,122.98,120.85,118.82,105.59,85.09,80.06,113.2462,1,118.2078,1,12796,14657,4.8275,5.1353,-0.3077,96.80
2024-08-30,123.70,125.69,123.15,125.28,121.68,119.10,106.33,85.49,80.39,113.7486,1,119.1367,1,11730,14713,4.8555,5.0793,-0.2238,96.88
2024-09-03,124.33,125.23,120.29,120.80,122.10,119.48,107.01,85.85,80.67,113.7486,1,119.9541,1,13448,14342,4.4647,4.9564,-0.4917,96.65
2024-09-04,120.90,122.14,119.08,121.14,122.47,119.65,107.68,86.20,80.97,113.7486,1,125.9486,0,8097,14352,4.1352,4.7921,-0.6570,96.72
2024-09-05,121.41,121.64,115.57,116.71,121.93,119.71,108.25,86.55,81.24,113.7486,1,125.8113,0,13394,14478,3.4765,4.5290,-1.0525,95.87
2024-09-06,116.35,117.83,113.39,114.46,121.39,119.59,108.78,86.91,81.51,113.7486,1,125.4018,0,12348,14558,2.7409,4.1714,-1.4305,95.76
2024-09-09,114.71,114.72,111.35,112.35,120.24,119.43,109.28,87.25,81.76,124.6722,0,124.6810,0,14404,14743,1.9653,3.7302,-1.7649,94.44
2024-09-10,112.30,114.52,111.60,112.37,119.10,119.24,109.73,87.61,82.02,124.4038,0,123.6146,0,12703,14488,1.3368,3.2515,-1.9147,94.56
2024-09-11,112.13,113.31,109.98,113.02,118.06,118.99,110.26,87.98,82.28,122.8547,0,122.6335,0,8137,14449,0.8813,2.7775,-1.8962,94.79
2024-09-12,113.16,116.53,113.01,115.65,117.48,118.95,110.82,88.36,82.55,122.8547,0,121.3678,0,8735,14418,0.7242,2.3668,-1.6426,94.67
2024-09-13,116.14,119.84,116.00,118.71,117.05,118.95,111.40,88.75,82.82,122.8547,0,120.2286,0,9878,14537,0.8366,2.0608,-1.2241,94.33
2024-09-16,118.43,119.30,114.70,116.42,116.16,118.92,111.95,89.11,83.10,122.8547,0,119.8366,0,16151,14689,0.7329,1.7952,-1.0623,94.05
2024-09-17,117.41,120.12,116.73,118.94,115.98,119.04,112.53,89.48,83.39,122.8547,0,109.9763,1,12339,14760,0.8438,1.6049,-0.7612,94.33
2024-09-18,118.92,121.80,117.76,119.74,115.84,119.15,113.15,89.85,83.69,122.8547,0,110.1792,1,10376,14782,0.9849,1.4809,-0.4960,94.68
2024-09-19,122.50,122.58,119.92,121.68,116.33,119.13,113.76,90.23,83.99,122.8547,0,110.6443,1,14444,14828,1.2388,1.4325,-0.1937,94.45
2024-09-20,121.80,122.59,118.91,120.06,116.89,119.14,114.25,90.57,84.28,122.8547,0,111.3602,1,60057,15696,1.2951,1.4050,-0.1099,94.14
2024-09-23,120.95,121.82,117.91,118.69,117.53,118.89,114.70,90.90,84.55,122.8547,0,112.2582,1,9133,15640,1.2147,1.3669,-0.1522,94.25
2024-09-24,119.17,119.87,117.70,117.75,118.07,118.59,115.02,91.23,84.84,122.8547,0,113.0844,1,6715,15398,1.0630,1.3062,-0.2432,93.83
2024-09-25,117.56,119.19,116.72,118.24,118.59,118.32,115.25,91.57,85.12,122.8547,0,113.8446,1,12709,15232,0.9714,1.2392,-0.2678,93.90
2024-09-26,119.28,122.88,119.28,122.64,119.29,118.38,115.63,91.93,85.43,122.8547,0,114.5439,1,17112,15259,1.2389,1.2392,-0.0002,94.91
2024-09-27,122.64,124.74,121.43,124.06,119.82,118.44,116.03,92.31,85.74,112.3612,1,115.3778,1,19807,15429,1.5480,1.3009,0.2471,94.72
2024-09-30,123.89,126.54,123.76,126.07,120.79,118.47,116.48,92.70,86.05,114.6669,1,116.5015,1,14022,15476,1.9326,1.4273,0.5054,94.95
2024-10-01,126.10,126.70,124.05,125.36,121.43,118.70,116.89,93.09,86.35,115.1429,1,117.9071,1,23778,15578,2.1552,1.5728,0.5823,95.57
2024-10-02,124.89,128.77,124.87,126.39,122.09,118.97,117.30,93.48,86.63,116.4410,1,119.3140,1,20231,15633,2.3878,1.7358,0.6520,95.61
2024-10-03,125.61,126.06,121.09,121.76,122.10,119.22,117.66,93.83,86.89,116.4410,1,121.0156,1,10366,15640,2.1728,1.8232,0.3496,94.91
2024-10-04,123.46,124.04,121.61,123.81,122.48,119.69,118.07,94.20,87.16,116.4410,1,121.0926,1,8513,15538,2.1438,1.8873,0.2564,94.91
2024-10-07,122.85,125.91,121.66,125.91,123.20,120.36,118.48,94.57,87.43,116.4410,1,121.0926,1,10465,15505,2.2638,1.9626,0.3012,95.15
2024-10-08,126.27,129.00,125.16,128.86,124.31,121.19,118.95,94.97,87.73,116.4410,1,121.6069,1,12365,15503,2.5672,2.0835,0.4836,95.46
2024-10-09,128.72,131.19,126.84,130.25,125.51,122.05,119.52,95.38,88.03,117.9333,1,121.6563,1,13921,15352,2.8868,2.2442,0.6426,95.34
2024-10-10,128.58,128.95,124.95,127.20,125.97,122.63,120.01,95.76,88.31,117.9333,1,123.5631,1,12425,15119,2.8614,2.3676,0.4937,94.84
2024-10-11,127.59,130.01,127.59,129.14,126.47,123.15,120.20,96.17,88.61,117.9333,1,124.9497,1,6816,14435,2.9635,2.4868,0.4767,94.45
2024-10-14,128.81,130.89,128.00,128.54,126.72,123.75,120.37,96.55,88.89,118.4507,1,124.9497,1,8357,14080,2.9615,2.5817,0.3798,93.80
2024-10-15,127.31,132.87,126.70,131.29,127.32,124.37,120.74,96.95,89.20,118.4507,1,126.1978,1,20921,13983,3.1456,2.6945,0.4511,94.38
2024-10-16,131.32,134.10,131.32,132.75,127.95,125.02,121.04,97.35,89.52,121.2944,1,126.7002,1,11047,13733,3.3708,2.8298,0.5410,94.22
2024-10-17,132.94,134.12,130.36,132.51,129.03,125.56,121.37,97.75,89.84,121.2944,1,126.7002,1,18864,13867,3.4890,2.9616,0.5274,94.38
2024-10-18,132.47,132.75,123.21,125.16,129.16,125.82,121.54,98.08,90.13,121.2944,1,134.1177,0,17755,13728,2.9557,2.9604,-0.0047,93.33
2024-10-21,125.49,126.89,122.74,123.15,128.88,126.04,121.69,98.41,90.42,121.2944,1,134.1177,0,13996,13727,2.3440,2.8372,-0.4931,93.14
2024-10-22,122.80,124.21,121.48,121.58,128.16,126.23,121.80,98.74,90.70,121.2944,1,133.6627,0,12293,13680,1.7127,2.6123,-0.8996,92.48
2024-10-23,121.10,122.72,120.19,120.23,127.16,126.33,121.85,99.05,90.97,133.3906,0,132.9317,0,8145,13618,1.0912,2.3080,-1.2169,92.79
2024-10-24,120.71,120.71,117.16,117.37,126.17,126.07,121.86,99.33,91.23,130.8601,0,131.9125,0,12188,13599,0.3638,1.9192,-1.5554,92.17
2024-10-25,117.14,118.29,115.05,115.22,124.78,125.63,121.80,99.60,91.47,128.3806,0,130.4369,0,15506,13672,-0.3822,1.4589,-1.8411,91.59
2024-10-28,116.61,117.76,115.58,115.63,123.49,125.11,121.77,99.87,91.72,127.9722,0,128.5905,0,12265,13707,-0.9292,0.9813,-1.9105,87.69
2024-10-29,114.63,116.52,113.10,115.87,121.95,124.63,121.75,100.14,91.98,126.0094,0,126.9656,0,13626,13666,-1.3282,0.5194,-1.8476,86.42
2024-10-30,115.76,118.10,115.76,116.00,120.27,124.11,121.72,100.41,92.24,126.0094,0,125.0246,0,13664,13714,-1.6154,0.0924,-1.7079,86.69
2024-10-31,108.30,113.43,97.63,105.72,117.59,123.31,121.40,100.61,92.45,120.7401,0,123.3554,0,25421,13998,-2.6418,-0.4544,-2.1874,77.88
2024-11-01,105.71,108.29,102.59,105.23,115.60,122.38,121.10,100.82,92.66,120.7401,0,119.2399,0,16247,14041,-3.4552,-1.0546,-2.4007,77.18
2024-11-04,104.52,107.58,103.57,105.06,113.79,121.34,120.73,101.03,92.86,120.6402,0,115.7829,0,14458,14087,-4.0666,-1.6570,-2.4096,77.08
2024-11-05,104.50,107.47,104.50,107.22,112.36,120.26,120.40,101.25,93.07,120.4372,0,112.8790,0,15503,14156,-4.3272,-2.1910,-2.1362,78.85
2024-11-06,113.10,120.10,112.93,118.56,112.19,119.67,120.30,101.54,93.33,120.4372,0,97.6336,1,23784,14492,-3.5772,-2.4683,-1.1090,83.57
2024-11-07,117.53,120.32,116.69,119.92,112.44,119.31,120.27,101.82,93.60,120.4372,0,98.0830,1,20419,14637,-2.8407,-2.5428,-0.2980,83.91
2024-11-08,119.97,124.32,119.86,123.89,113.31,119.04,120.29,102.13,93.89,106.1018,1,98.9725,1,23363,14849,-1.9142,-2.4170,0.5028,85.65
2024-11-11,125.64,126.13,122.78,124.77,114.22,118.86,120.28,102.45,94.18,109.0661,1,100.4932,1,12465,14863,-1.0963,-2.1529,1.0566,83.53
2024-11-12,124.52,126.50,124.52,125.28,115.16,118.56,120.37,102.78,94.48,111.0698,1,102.5439,1,15910,14913,-0.4027,-1.8029,1.4002,86.39
2024-11-13,126.51,127.51,123.36,123.79,115.94,118.11,120.42,103.10,94.76,111.1889,1,104.9397,1,17887,15109,0.0269,-1.4369,1.4638,87.24
2024-11-14,123.39,124.17,121.21,123.02,117.67,117.63,120.55,103.42,95.05,111.1889,1,107.6483,1,21345,15268,0.3017,-1.0892,1.3909,87.09
2024-11-15,123.13,125.89,121.96,122.42,119.39,117.50,120.70,103.73,95.36,111.1889,1,110.0318,1,15240,15325,0.4654,-0.7783,1.2436,86.59
2024-11-18,122.20,124.31,121.68,122.99,121.19,117.49,120.92,104.05,95.67,111.1889,1,112.1294,1,11226,15262,0.6341,-0.4958,1.1299,87.59
2024-11-19,121.79,125.09,121.59,125.09,122.97,117.66,121.17,104.39,96.00,111.1889,1,113.9752,1,8045,15169,0.9266,-0.2113,1.1379,87.75
2024-11-20,124.45,125.97,122.71,125.96,123.71,117.95,121.43,104.74,96.34,111.9277,1,115.5995,1,11561,15237,1.2147,0.0739,1.1408,88.71
2024-11-21,126.18,128.61,126.02,126.80,124.40,118.42,121.65,105.09,96.68,115.3472,1,117.0289,1,11484,15292,1.4937,0.3578,1.1359,88.02
2024-11-22,127.96,129.75,127.00,128.79,124.89,119.10,121.86,105.45,97.02,116.7212,1,118.6499,1,11612,15327,1.8533,0.6569,1.1964,88.21
2024-11-25,129.52,135.12,127.17,134.17,125.83,120.03,122.21,105.84,97.38,118.2738,1,120.4253,1,22596,15456,2.5438,1.0343,1.5095,89.87
2024-11-26,132.94,136.66,131.76,136.00,126.90,121.03,122.55,106.24,97.74,121.1508,1,123.0711,1,16065,15530,3.2011,1.4677,1.7334,89.44
2024-11-27,137.50,137.53,130.46,132.11,127.74,121.84,122.80,106.63,98.09,121.1508,1,125.7887,1,12432,15571,3.3699,1.8481,1.5218,88.02
2024-11-29,132.83,135.56,131.80,133.22,128.76,123.21,123.03,107.02,98.43,121.1508,1,128.1372,1,7452,15432,3.5523,2.1889,1.3633,87.21
2024-12-02,132.72,135.86,130.56,135.34,130.05,124.72,123.34,107.41,98.76,121.1508,1,130.0159,1,13925,14509,3.8237,2.5159,1.3078,87.98
2024-12-03,135.49,136.82,134.14,135.95,131.34,126.26,123.68,107.81,99.10,122.2198,1,130.5583,1,9800,14522,4.0410,2.8209,1.2201,87.98
2024-12-04,136.14,137.53,133.66,136.29,132.46,127.72,124.05,108.23,99.44,122.4980,1,130.5583,1,10293,14594,4.1929,3.0953,1.0976,87.98
2024-12-05,135.77,136.09,131.48,131.91,133.06,128.39,124.32,108.60,99.76,122.4980,1,137.5309,0,15076,14641,3.9140,3.2591,0.6550,87.32
2024-12-06,133.04,134.66,130.86,133.92,133.77,129.09,124.55,108.99,100.09,122.4980,1,137.5309,0,9830,14495,3.8114,3.3695,0.4419,87.75
2024-12-09,134.72,134.72,132.17,132.94,134.18,129.54,124.73,109.36,100.42,122.4980,1,137.2639,0,10684,14313,3.6093,3.4175,0.1918,87.44
2024-12-10,132.90,133.44,130.69,131.25,133.89,129.86,124.83,109.72,100.73,122.4980,1,137.0076,0,9409,14221,3.2755,3.3891,-0.1136,86.63
2024-12-11,132.38,138.21,132.38,135.70,133.86,130.38,125.04,110.12,101.07,122.4980,1,130.6871,1,15359,14052,3.3314,3.3776,-0.0461,88.29
2024-12-12,135.06,135.33,131.13,131.30,133.78,130.76,125.14,110.47,101.39,122.4980,1,130.6871,1,17340,13995,2.9865,3.2993,-0.3129,87.25
2024-12-13,131.53,132.45,128.61,128.63,133.32,131.04,125.27,110.82,101.69,122.4980,1,138.2143,0,10974,14007,2.4689,3.1332,-0.6644,86.06
2024-12-16,127.96,130.78,127.50,128.64,132.65,131.35,125.37,111.16,101.99,122.4980,1,138.0222,0,10559,14048,2.0360,2.9138,-0.8778,85.94
2024-12-17,128.46,128.94,125.26,126.60,131.72,131.53,125.38,111.51,102.27,122.4980,1,137.6012,0,13779,14114,1.5108,2.6332,-1.1223,86.17
2024-12-18,127.29,128.05,116.85,117.13,129.80,131.13,125.15,111.78,102.52,136.9975,0,136.8607,0,17774,14222,0.3269,2.1719,-1.8450,84.17
2024-12-19,117.89,120.89,117.89,118.29,128.44,130.75,124.91,112.02,102.76,133.6115,0,135.2599,0,12528,14194,-0.5120,1.6351,-2.1471,84.55
2024-12-20,116.55,124.25,116.38,122.79,127.33,130.55,124.82,112.28,103.03,133.6115,0,133.7872,0,54812,15042,-0.8039,1.1473,-1.9513,86.10
2024-12-23,121.82,123.06,117.99,122.18,126.25,130.22,124.68,112.51,103.30,133.6115,0,132.0460,0,12188,15149,-1.0725,0.7034,-1.7758,85.06
2024-12-24,122.23,124.47,120.41,124.47,125.57,129.73,124.60,112.76,103.57,133.6115,0,130.4789,0,6522,15113,-1.0881,0.3451,-1.4332,84.94
2024-12-26,123.15,126.35,122.79,126.13,124.61,129.24,124.50,113.03,103.84,133.6115,0,129.0686,0,11079,14916,-0.9553,0.0850,-1.0403,85.63
2024-12-27,125.50,126.73,122.38,124.14,123.90,128.84,124.33,113.28,104.10,133.6115,0,127.7993,0,9664,14888,-0.9991,-0.1318,-0.8673,85.48
2024-12-30,123.22,123.65,121.00,122.46,123.28,128.30,124.13,113.51,104.34,133.6115,0,126.7253,0,9780,14707,-1.1563,-0.3367,-0.8196,85.44
2024-12-31,123.69,123.69,120.70,121.50,122.57,127.61,124.05,113.74,104.57,133.6115,0,126.7253,0,14365,14639,-1.3430,-0.5380,-0.8050,84.48
2025-01-02,121.92,123.18,118.75,119.42,121.85,126.78,123.98,113.97,104.80,133.6115,0,125.6903,0,13468,14628,-1.6399,-0.7584,-0.8815,82.86
2025-01-03,119.36,123.04,119.36,121.79,122.32,126.06,123.98,114.22,105.05,133.6115,0,124.7588,0,12813,14639,-1.6642,-0.9395,-0.7246,82.83
2025-01-06,121.82,123.22,117.47,118.13,122.30,125.37,123.94,114.43,105.27,133.6115,0,123.9205,0,15648,14789,-1.9566,-1.1429,-0.8136,78.55
2025-01-07,117.98,118.01,113.71,114.43,121.46,124.39,123.88,114.61,105.47,129.3483,0,123.2192,0,11854,14782,-2.4580,-1.4060,-1.0521,74.81
2025-01-08,113.92,120.85,112.71,116.97,120.94,123.60,123.92,114.83,105.68,129.3483,0,123.2192,0,18223,14836,-2.6207,-1.6489,-0.9718,78.13
2025-01-10,113.64,113.77,108.11,108.79,119.38,122.47,123.78,114.98,105.85,126.7206,0,121.7481,0,26889,15129,-3.3708,-1.9933,-1.3775,71.90
2025-01-13,106.11,110.00,104.84,109.77,117.74,121.18,123.66,115.14,106.02,123.1694,0,120.8521,0,25502,15366,-3.8419,-2.3630,-1.4789,73.38
2025-01-14,110.71,112.00,109.02,110.86,116.41,120.15,123.55,115.31,106.19,123.1694,0,117.9694,0,16118,15415,-4.0803,-2.7065,-1.3739,71.88
2025-01-15,114.26,115.71,109.45,109.50,115.12,119.20,123.63,115.46,106.36,123.1694,0,104.8369,1,21371,15334,-4.3289,-3.0310,-1.2979,67.96
2025-01-16,109.56,112.19,107.95,110.89,114.05,118.31,123.74,115.61,106.55,123.1694,0,105.0544,1,17757,15365,-4.3636,-3.2975,-1.0661,69.73
2025-01-17,112.03,113.51,111.48,113.23,113.44,117.64,123.91,115.78,106.75,123.1694,0,105.2675,1,12884,15333,-4.1547,-3.4689,-0.6858,76.47
2025-01-21,114.23,115.79,113.26,114.78,112.73,117.53,124.06,115.97,106.95,123.1694,0,105.4764,1,14625,15316,-3.8196,-3.5391,-0.2805,76.71
2025-01-22,115.35,116.59,114.54,116.54,112.58,117.44,124.02,116.18,107.16,123.1694,0,105.8890,1,15415,15148,-3.3729,-3.5058,0.1329,79.90
2025-01-23,115.43,118.09,114.83,117.16,112.85,117.16,123.96,116.38,107.36,123.1694,0,106.5312,1,17034,15080,-2.9355,-3.3918,0.4563,80.90
2025-01-24,116.20,117.17,114.29,114.57,112.61,116.78,123.78,116.55,107.54,123.1694,0,107.4558,1,13083,14875,-2.7655,-3.2665,0.5010,79.33
2025-01-27,112.45,113.32,109.75,111.47,112.88,116.13,123.51,116.70,107.71,123.1694,0,108.3065,1,14193,14909,-2.8482,-3.1828,0.3347,73.07
2025-01-28,111.60,116.87,111.46,115.29,113.43,115.58,123.31,116.89,107.92,123.1694,0,109.0891,1,15283,14897,-2.5763,-3.0615,0.4852,76.47
2025-01-29,114.22,116.28,113.45,115.00,113.84,115.13,123.13,117.08,108.11,123.1694,0,109.7494,1,19077,14921,-2.3568,-2.9206,0.5638,76.35
2025-01-30,113.90,116.47,100.87,105.29,113.42,114.27,122.78,117.19,108.26,123.1694,0,118.0888,0,36241,15219,-2.9323,-2.9229,-0.0094,58.61
2025-01-31,106.33,107.35,104.30,105.89,112.92,113.49,122.45,117.31,108.41,121.0249,0,117.7443,0,60511,16124,-3.3023,-2.9988,-0.3035,64.88
2025-02-03,103.46,112.09,103.46,111.43,112.74,113.09,122.22,117.47,108.59,121.0249,0,117.4067,0,30108,16502,-3.1122,-3.0215,-0.0907,74.79
2025-02-04,112.16,115.22,111.62,114.87,112.75,112.74,122.01,117.64,108.79,121.0249,0,117.0759,0,20007,16741,-2.6536,-2.9479,0.2943,77.94
2025-02-05,113.20,117.02,111.89,112.03,112.30,112.44,121.73,117.81,108.99,121.0249,0,100.8652,1,22181,16953,-2.4908,-2.8565,0.3657,72.41
2025-02-06,111.74,114.64,110.82,113.87,111.97,112.41,121.48,117.98,109.19,121.0249,0,101.1883,1,20522,17134,-2.1879,-2.7228,0.5349,70.10
2025-02-07,113.30,114.61,111.01,111.59,111.67,112.14,121.13,118.13,109.37,121.0249,0,101.5049,1,16258,17227,-2.1074,-2.5997,0.4923,65.84
2025-02-10,111.91,112.61,110.52,112.09,111.73,112.31,120.69,118.28,109.55,121.0249,0,101.8152,1,11340,17002,-1.9808,-2.4759,0.4951,64.84
2025-02-11,111.41,112.38,109.91,111.12,111.32,112.37,120.19,118.43,109.73,121.0249,0,102.1193,1,9368,16868,-1.9364,-2.3680,0.4316,64.00
2025-02-12,109.44,110.63,108.40,109.01,110.72,112.28,119.73,118.56,109.90,121.0249,0,102.4173,1,11358,16846,-2.0479,-2.3040,0.2561,60.96
2025-02-13,110.11,111.76,109.47,111.61,111.35,112.39,119.30,118.70,110.09,121.0249,0,102.7093,1,7967,16857,-1.9041,-2.2240,0.3199,62.88
2025-02-14,111.02,112.53,108.74,109.51,111.71,112.32,118.78,118.79,110.25,121.0249,0,102.9955,1,9140,16761,-1.9376,-2.1667,0.2292,57.12
2025-02-18,109.51,110.99,109.12,110.62,111.63,112.19,118.27,118.89,110.43,121.0249,0,103.2760,1,8452,16734,-1.8530,-2.1040,0.2510,58.58
2025-02-19,109.45,111.59,109.08,109.87,111.13,111.94,117.75,118.94,110.61,121.0249,0,103.5509,1,11009,16748,-1.8258,-2.0484,0.2225,58.01
2025-02-20,109.19,109.62,105.39,105.41,110.47,111.38,117.22,118.93,110.76,118.9203,0,103.8202,1,11476,16676,-2.1390,-2.0665,-0.0725,50.56
2025-02-21,106.81,107.84,102.51,103.58,109.44,110.71,116.61,118.93,110.90,117.0506,0,117.0191,0,11349,16707,-2.5064,-2.1545,-0.3519,49.44
2025-02-24,103.94,106.38,103.28,104.55,108.73,110.20,116.04,118.93,111.03,116.4476,0,116.7291,0,13047,16754,-2.6882,-2.2612,-0.4269,52.44
2025-02-25,105.24,108.42,104.76,107.56,108.28,110.01,115.57,118.96,111.18,116.4476,0,116.4448,0,11700,16800,-2.5593,-2.3208,-0.2385,61.25
2025-02-26,108.32,111.01,105.96,106.33,107.80,109.56,114.98,118.97,111.33,116.4476,0,116.1662,0,12991,16753,-2.5274,-2.3621,-0.1652,51.92
2025-02-27,105.58,108.19,102.82,103.22,107.23,108.97,114.42,118.95,111.46,116.4476,0,115.8931,0,12663,16659,-2.7220,-2.4341,-0.2879,46.55
2025-02-28,102.85,105.05,102.62,104.15,106.48,108.91,113.93,118.95,111.60,115.7119,0,115.6256,0,8368,16607,-2.7691,-2.5011,-0.2680,47.08
2025-03-03,104.15,104.15,99.85,100.81,105.61,108.66,113.37,118.94,111.72,113.9760,0,115.3633,0,13902,16674,-3.0411,-2.6091,-0.4320,44.36
2025-03-04,98.89,101.97,97.51,100.47,104.59,108.11,112.85,118.90,111.84,111.8577,0,114.7427,0,12073,16640,-3.2465,-2.7366,-0.5099,43.28
2025-03-05,101.00,103.56,100.02,102.96,103.90,107.52,112.57,118.89,111.98,111.8577,0,113.7090,0,17769,16639,-3.1718,-2.8236,-0.3481,46.66
2025-03-06,101.49,102.87,99.84,100.82,103.45,106.96,112.22,118.88,112.07,111.8577,0,112.7373,0,9370,16576,-3.2480,-2.9085,-0.3395,47.81
2025-03-07,100.41,103.41,99.54,103.10,103.40,106.42,111.82,118.89,112.17,111.8577,0,111.8240,0,8741,15655,-3.0887,-2.9445,-0.1442,50.98
2025-03-10,101.52,104.64,100.38,104.07,103.35,106.04,111.46,118.78,112.25,111.8577,0,110.9655,0,12337,15658,-2.8512,-2.9259,0.0747,56.64
2025-03-11,102.37,106.59,102.37,105.03,103.10,105.69,111.07,118.68,112.34,111.8577,0,110.1584,0,13616,15800,-2.5558,-2.8519,0.2961,57.59
2025-03-12,106.05,107.67,103.77,104.02,102.87,105.34,110.63,118.62,112.43,111.8577,0,109.3998,0,9469,15768,-2.3760,-2.7567,0.3807,57.44
2025-03-13,103.92,105.65,101.78,102.26,102.77,105.00,110.19,118.52,112.51,111.8577,0,108.6867,0,9370,15762,-2.3489,-2.6751,0.3262,54.29
2025-03-14,103.93,107.43,103.60,107.14,103.07,104.77,109.89,118.46,112.60,111.8577,0,108.0164,0,12712,15820,-1.9115,-2.5224,0.6109,61.48
2025-03-17,107.02,108.89,105.63,105.94,103.58,104.60,109.58,118.39,112.70,111.8577,0,97.5149,1,8703,15707,-1.6428,-2.3465,0.7036,57.84
2025-03-18,105.56,106.45,103.78,105.12,104.05,104.32,109.29,118.32,112.80,111.8577,0,97.7425,1,12028,15678,-1.4785,-2.1729,0.6944,59.10
2025-03-19,104.91,107.70,103.92,106.14,104.36,104.13,108.98,118.25,112.91,111.8577,0,97.9655,1,11362,15649,-1.2522,-1.9888,0.7366,59.64
2025-03-20,104.96,106.75,104.08,104.17,104.70,104.07,108.70,118.16,113.00,111.8577,0,98.1840,1,10217,15541,-1.2173,-1.8345,0.6172,57.87
2025-03-21,103.29,105.13,102.35,104.93,104.88,104.14,108.51,118.08,113.09,111.8577,0,98.3982,1,38913,16082,-1.1159,-1.6908,0.5748,59.29
2025-03-24,106.60,107.52,105.12,107.47,105.22,104.29,108.32,118.01,113.20,111.8577,0,98.6081,1,6630,15850,-0.8204,-1.5167,0.6963,55.44
2025-03-25,106.76,108.04,106.20,106.33,105.35,104.22,108.27,117.94,113.30,111.8577,0,98.8138,1,6324,15439,-0.6706,-1.3475,0.6769,52.95
2025-03-26,106.43,107.44,105.25,105.80,105.53,104.20,108.19,117.87,113.40,111.8577,0,99.0154,1,4309,15015,-0.5882,-1.1956,0.6074,52.53
2025-03-27,105.51,106.36,104.87,105.71,105.87,104.32,108.09,117.79,113.50,111.8577,0,99.2130,1,6479,14822,-0.5242,-1.0613,0.5372,51.90
2025-03-28,106.14,106.42,104.59,105.29,105.69,104.38,108.00,117.68,113.60,111.8577,0,99.4066,1,9722,14589,-0.5012,-0.9493,0.4481,54.52
2025-03-31,103.78,105.77,102.72,105.07,105.60,104.59,107.89,117.58,113.68,111.8577,0,99.5963,1,9077,14415,-0.4949,-0.8584,0.3635,53.73
2025-04-01,105.51,107.70,104.64,107.51,105.84,104.94,107.77,117.47,113.78,111.8577,0,99.7823,1,8833,14334,-0.2897,-0.7447,0.4550,57.52
2025-04-02,105.25,109.78,105.25,109.78,106.21,105.29,107.67,117.38,113.90,111.8577,0,99.9645,1,9207,14226,0.0548,-0.5848,0.6396,60.69
2025-04-03,104.17,108.19,104.10,106.71,106.46,105.58,107.47,117.26,114.00,111.8577,0,100.3569,1,15942,14237,0.0796,-0.4519,0.5315,63.37
2025-04-04,102.78,106.84,101.93,106.23,106.59,105.74,107.26,117.16,114.10,111.8577,0,100.7337,1,17584,14248,0.0601,-0.3495,0.4096,72.21
2025-04-07,102.84,110.25,100.91,104.63,106.31,105.76,107.06,117.04,114.18,111.8577,0,109.7762,0,21716,14420,-0.0840,-0.2964,0.2124,75.13
2025-04-08,106.94,108.71,101.20,102.49,105.92,105.64,106.88,116.89,114.25,111.8577,0,110.2523,0,12119,14379,-0.3662,-0.3104,-0.0558,72.38
2025-04-09,102.47,114.37,101.19,111.43,106.49,106.01,106.80,116.83,114.37,111.8577,0,100.9076,1,15861,14390,0.1300,-0.2223,0.3523,77.85
2025-04-10,108.34,110.20,105.77,109.58,106.87,106.37,106.69,116.75,114.48,111.8577,0,101.1768,1,9599,14201,0.3692,-0.1040,0.4732,78.38
2025-04-11,110.76,115.65,109.47,113.86,107.73,106.71,106.86,116.73,114.61,98.1444,1,101.1853,1,9068,13657,0.8943,0.0957,0.7987,80.84
2025-04-14,116.70,124.70,113.85,122.84,109.51,107.56,107.20,116.79,114.78,101.3275,1,101.7639,1,19565,12838,2.0117,0.4789,1.5328,87.95
2025-04-15,122.74,123.59,119.87,120.78,110.83,108.34,107.39,116.84,114.95,104.4644,1,103.1398,1,13843,12513,2.6997,0.9230,1.7766,86.57
2025-04-16,119.21,121.25,117.95,120.25,111.88,109.04,107.50,116.89,115.10,104.4644,1,104.4332,1,13892,12391,3.1659,1.3716,1.7943,86.65
2025-04-17,120.44,122.16,118.99,120.66,113.28,109.87,107.67,116.95,115.27,104.7478,1,105.6490,1,10716,12162,3.5276,1.8028,1.7248,87.08
2025-04-21,120.66,121.63,116.57,118.97,114.55,110.57,107.77,116.97,115.43,104.7478,1,106.7918,1,9654,11944,3.6362,2.1695,1.4667,87.38
2025-04-22,120.66,122.10,119.31,121.88,116.27,111.29,107.98,116.99,115.59,105.5804,1,107.8660,1,7728,11774,3.9117,2.5179,1.3938,87.72
2025-04-23,124.00,125.99,120.85,121.42,118.17,112.05,108.16,117.02,115.75,108.2642,1,108.8758,1,12081,11788,4.0466,2.8237,1.2230,84.33
2025-04-24,121.55,124.82,119.65,124.49,119.47,112.98,108.43,117.06,115.93,108.2642,1,110.2446,1,10943,11820,4.3507,3.1291,1.2216,86.31
2025-04-25,124.59,124.59,122.02,123.51,120.87,113.87,108.72,117.08,116.10,108.8628,1,111.5039,1,13894,11871,4.4611,3.3955,1.0656,85.10
2025-04-28,123.91,124.80,121.27,122.41,121.72,114.73,108.94,117.09,116.26,108.9824,1,112.6625,1,14228,11996,4.4096,3.5983,0.8113,82.84
2025-04-29,121.56,123.15,119.09,122.69,121.71,115.61,109.20,117.11,116.39,108.9824,1,113.7283,1,9907,12011,4.3412,3.7469,0.5943,87.88
2025-04-30,122.06,122.54,120.21,120.81,121.71,116.27,109.41,117.12,116.52,108.9824,1,114.7089,1,21397,12270,4.0878,3.8151,0.2727,86.74
2025-05-01,120.77,121.16,118.26,118.48,121.53,116.71,109.58,117.13,116.60,108.9824,1,115.6110,1,13233,12315,3.6567,3.7834,-0.1267,84.22
2025-05-02,120.46,124.47,120.45,123.51,121.82,117.55,109.94,117.16,116.68,109.1672,1,116.4410,1,23518,12555,3.6785,3.7624,-0.0839,85.63
2025-05-05,122.07,123.40,118.12,118.84,121.80,118.18,110.24,117.13,116.76,109.1672,1,117.2046,1,13765,12604,3.2817,3.6663,-0.3846,77.69
2025-05-06,118.29,119.82,115.91,118.54,121.47,118.87,110.52,117.10,116.83,109.1672,1,125.9857,0,12773,12598,2.9089,3.5148,-0.6059,76.35
2025-05-07,119.40,123.45,116.58,118.39,121.17,119.67,110.74,117.05,116.90,109.1672,1,125.7841,0,10299,12570,2.5718,3.3262,-0.7544,75.17
2025-05-08,120.25,120.59,118.01,118.44,120.56,120.02,110.98,117.00,116.97,109.1672,1,125.5866,0,14052,12591,2.2823,3.1174,-0.8351,74.48
2025-05-09,118.32,119.89,117.35,118.64,120.07,120.47,111.29,116.95,117.04,109.1672,1,125.3930,0,12857,12595,2.0462,2.9032,-0.8570,74.71
2025-05-12,122.34,122.83,115.71,116.75,119.51,120.61,111.54,116.92,117.10,109.1672,1,125.2032,0,14252,12713,1.6867,2.6599,-0.9732,68.85
2025-05-13,117.59,119.68,115.77,119.33,119.17,120.44,111.91,116.89,117.18,109.1672,1,124.8234,0,15830,12752,1.5915,2.4462,-0.8547,70.03
2025-05-14,119.04,119.70,114.43,118.71,118.96,120.34,112.28,116.84,117.25,109.1672,1,124.4588,0,17627,12863,1.4498,2.2469,-0.7971,71.82
2025-05-15,124.72,131.64,117.17,117.87,118.90,120.22,112.58,116.76,117.31,109.1672,1,114.4287,1,39520,13298,1.2550,2.0485,-0.7936,69.24
2025-05-16,117.55,121.90,117.17,121.70,118.72,120.27,112.99,116.71,117.41,109.1672,1,114.4287,1,15004,13410,1.3935,1.9175,-0.5240,74.01
2025-05-19,120.49,125.16,119.04,124.82,119.32,120.56,113.43,116.69,117.52,109.1672,1,114.7729,1,15614,13548,1.7346,1.8809,-0.1463,79.12
2025-05-20,124.28,125.82,122.29,125.56,120.02,120.74,113.86,116.67,117.55,109.1672,1,115.1103,1,11796,13537,2.0414,1.9130,0.1284,79.77
2025-05-21,124.49,126.19,123.56,126.00,120.78,120.97,114.28,116.65,117.58,109.6301,1,115.4409,1,15940,13583,2.2934,1.9891,0.3043,82.36
2025-05-22,125.66,126.21,124.01,125.66,121.50,121.03,114.71,116.61,117.64,110.7319,1,115.7649,1,10881,13612,2.4378,2.0788,0.3589,78.89
2025-05-23,124.67,127.67,124.06,127.47,122.39,121.23,115.21,116.58,117.69,111.8407,1,116.0824,1,14739,13719,2.6679,2.1966,0.4713,81.00
2025-05-27,127.91,132.52,127.91,132.48,123.96,121.73,115.72,116.58,117.78,116.0784,1,116.3935,1,16413,13793,3.2174,2.4008,0.8166,84.21
2025-05-28,131.94,134.19,131.43,132.94,125.32,122.25,116.26,116.63,117.86,119.2590,1,117.0387,1,21602,14051,3.6477,2.6502,0.9975,85.47
2025-05-29,133.41,133.92,129.70,131.63,126.61,122.79,116.79,116.69,117.94,119.2590,1,118.0678,1,15551,14122,3.8388,2.8879,0.9509,84.59
2025-05-30,131.82,133.20,130.84,132.60,128.09,123.49,117.32,116.76,118.02,119.2590,1,119.0351,1,20277,14300,4.0224,3.1148,0.9076,85.48
2025-06-02,133.19,133.19,130.59,131.50,129.07,123.89,117.87,116.84,118.09,119.5633,1,119.9443,1,15025,14396,4.0325,3.2984,0.7342,84.18
2025-06-03,130.90,133.90,130.30,132.02,129.79,124.55,118.41,116.93,118.17,119.9256,1,120.7991,1,13263,13883,4.0357,3.4458,0.5898,84.15
2025-06-04,131.58,133.02,130.98,132.75,130.51,125.26,118.92,117.05,118.24,120.4375,1,121.6025,1,13618,14023,4.0508,3.5668,0.4840,83.09
2025-06-05,133.33,135.12,132.38,134.55,131.36,126.07,119.48,117.18,118.32,122.5149,1,122.3577,1,11676,14130,4.1599,3.6854,0.4744,82.29
2025-06-06,135.59,135.97,133.46,134.43,132.24,126.87,120.05,117.30,118.41,123.8525,1,123.3785,1,18797,14420,4.1884,3.7860,0.4024,81.79
2025-06-09,135.52,136.74,134.05,136.06,133.10,127.74,120.66,117.43,118.51,124.8146,1,124.6377,1,18272,14655,4.2930,3.8874,0.4056,83.31
2025-06-10,136.70,137.11,134.40,134.98,133.35,128.65,121.25,117.63,118.57,125.4217,1,126.0895,1,14648,14754,4.2397,3.9579,0.2818,82.86
2025-06-11,135.09,136.42,133.58,133.97,133.45,129.39,121.83,117.82,118.64,125.4217,1,127.6329,1,12853,14829,4.0696,3.9802,0.0893,81.64
2025-06-12,133.79,134.38,131.78,132.17,133.50,130.06,122.32,118.00,118.68,125.4217,1,128.9602,1,11642,14886,3.7457,3.9333,-0.1876,81.60
2025-06-13,131.71,138.67,131.71,134.87,133.73,130.91,122.83,118.18,118.74,125.4217,1,130.1017,1,27846,15258,3.6647,3.8796,-0.2149,84.30
2025-06-16,136.01,139.65,134.92,135.87,134.17,131.62,123.41,118.30,118.80,125.9337,1,131.4731,1,29120,15522,3.6396,3.8316,-0.1920,84.50
2025-06-17,134.75,137.85,134.30,136.11,134.58,132.18,124.01,118.41,118.87,125.9337,1,131.7097,1,17333,15517,3.5975,3.7848,-0.1873,86.10
2025-06-18,136.48,137.45,134.10,137.32,135.03,132.77,124.66,118.50,118.95,125.9337,1,133.1383,1,12912,15341,3.6201,3.7518,-0.1317,84.88
2025-06-20,137.19,137.57,134.19,136.37,135.22,133.29,125.34,118.58,119.00,125.9337,1,134.1037,1,43490,15968,3.5206,3.7056,-0.1850,84.46
2025-06-23,136.74,140.32,136.74,138.96,135.67,133.95,125.89,118.67,119.09,127.3962,1,134.1037,1,13541,15922,3.6093,3.6863,-0.0771,85.34
2025-06-24,139.12,140.12,138.08,139.17,135.98,134.54,126.48,118.77,119.18,128.4667,1,134.1931,1,28833,16307,3.6542,3.6799,-0.0257,84.16
2025-06-25,138.58,139.98,137.04,137.90,136.27,134.81,126.96,118.87,119.29,128.4667,1,135.4189,1,23405,16593,3.5464,3.6532,-0.1068,83.86
2025-06-26,138.34,140.37,136.73,139.86,136.86,135.15,127.30,118.98,119.41,128.4667,1,136.3995,1,40097,17004,3.5776,3.6381,-0.0605,83.33
2025-06-27,139.94,143.57,139.91,142.99,137.94,135.72,127.75,119.12,119.57,131.1774,1,136.7262,1,43487,17597,3.8117,3.6728,0.1389,84.54
2025-06-30,143.54,143.67,140.52,141.16,138.57,136.15,128.16,119.22,119.71,131.6419,1,136.7262,1,22835,17776,3.8051,3.6993,0.1058,82.15
2025-07-01,140.12,145.36,139.06,143.21,139.30,136.74,128.62,119.34,119.86,131.6419,1,138.1149,1,32294,18207,3.9206,3.7435,0.1770,81.84
2025-07-02,143.08,150.63,138.08,149.60,140.65,137.62,129.23,119.49,120.03,131.6419,1,145.3585,0,44096,18896,4.4759,3.8900,0.5859,83.59
2025-07-03,149.21,152.03,146.62,151.46,142.07,138.55,129.82,119.64,120.20,135.1617,1,138.0771,1,27216,19286,5.0082,4.1136,0.8945,82.41
2025-07-07,151.17,153.68,148.59,152.48,143.68,139.45,130.44,119.76,120.38,136.8574,1,138.0771,1,39496,19834,5.4497,4.3809,1.0689,83.56
2025-07-08,152.48,153.36,149.62,151.49,144.93,140.30,130.98,119.87,120.54,137.5193,1,138.7014,1,30958,20234,5.6543,4.6355,1.0188,83.90
2025-07-09,151.87,154.34,149.90,154.30,146.44,141.21,131.60,120.02,120.71,138.2103,1,139.3006,1,38367,20724,5.9744,4.9033,1.0711,84.47
2025-07-10,153.97,155.57,152.32,154.69,148.12,142.20,132.24,120.16,120.88,140.4544,1,140.2029,1,34336,21126,6.1881,5.1603,1.0278,83.11
2025-07-11,154.36,155.18,152.55,154.27,149.56,143.21,132.87,120.29,121.05,140.9344,1,141.4323,1,48143,21891,6.2516,5.3785,0.8731,84.02
2025-07-14,153.90,157.17,153.27,157.01,150.97,144.45,133.60,120.43,121.24,142.4074,1,142.5633,1,27692,22017,6.4489,5.5926,0.8563,83.92
2025-07-15,157.81,160.70,155.31,156.37,152.49,145.53,134.36,120.56,121.43,144.8596,1,144.0239,1,36742,22487,6.4793,5.7699,0.7093,84.33
2025-07-16,156.95,159.84,156.43,158.80,154.05,146.68,135.06,120.74,121.64,145.2681,1,146.0246,1,24475,22506,6.6225,5.9405,0.6821,84.94
2025-07-17,159.94,164.77,159.10,162.50,155.34,148.00,135.93,120.93,121.83,148.5587,1,147.7851,1,32211,22875,6.9549,6.1434,0.8116,86.46
2025-07-18,163.63,163.63,158.71,160.31,156.22,149.14,136.77,121.11,122.02,148.5587,1,150.1628,1,22868,23077,6.9609,6.3069,0.6541,85.97
2025-07-21,160.50,162.51,158.44,158.69,156.84,150.26,137.58,121.30,122.18,148.5587,1,152.2077,1,13419,23139,6.7572,6.3969,0.3602,82.70
2025-07-22,159.06,163.12,158.24,160.08,157.70,151.32,138.41,121.46,122.35,148.5587,1,153.9662,1,27637,23411,6.6314,6.4438,0.1876,83.19
2025-07-23,160.18,160.51,157.82,158.60,158.13,152.29,139.21,121.64,122.51,148.5587,1,155.4786,1,17084,23495,6.3393,6.4229,-0.0836,80.65
2025-07-24,157.02,157.21,149.01,153.94,158.06,153.09,139.95,121.81,122.67,148.5587,1,164.7687,0,66606,24543,5.6665,6.2716,-0.6051,78.48
2025-07-25,154.24,157.70,153.22,157.34,158.36,153.96,140.71,122.00,122.84,148.5587,1,164.4536,0,27037,24767,5.3459,6.0865,-0.7406,84.56
2025-07-28,157.56,162.09,155.95,159.78,158.64,154.80,141.53,122.22,123.01,148.5587,1,164.1448,0,84125,26097,5.2286,5.9149,-0.6863,85.81
2025-07-29,160.59,160.88,157.90,159.56,158.96,155.72,142.37,122.50,123.17,148.5587,1,163.8422,0,17123,25649,5.0598,5.7439,-0.6841,86.00
2025-07-30,158.80,159.94,157.03,158.10,158.89,156.47,143.10,122.77,123.30,148.5587,1,163.5457,0,35397,26057,4.7533,5.5458,-0.7924,85.89
2025-07-31,158.48,170.53,157.23,162.20,158.86,157.10,143.84,123.03,123.48,148.5587,1,149.0140,1,47808,26700,4.7855,5.3937,-0.6082,86.69
2025-08-01,160.44,160.94,156.69,157.78,158.61,157.41,144.49,123.27,123.62,148.5587,1,149.4444,1,36134,27187,4.4036,5.1957,-0.7921,87.11
2025-08-04,159.37,169.17,159.36,167.94,159.53,158.19,145.33,123.56,123.82,148.5587,1,149.8661,1,22772,27324,4.8649,5.1295,-0.2647,89.17
2025-08-05,167.94,168.78,165.47,167.81,160.30,159.00,146.17,123.84,124.00,149.8301,1,150.2794,1,26775,27642,5.1605,5.1357,0.0248,89.54
2025-08-06,166.98,169.86,165.26,169.44,161.39,159.76,147.01,124.14,124.19,150.6092,1,150.6844,1,40715,28161,5.4633,5.2012,0.2620,90.04
2025-08-07,170.90,172.81,168.30,172.58,163.25,160.65,147.81,124.47,124.39,153.9414,1,151.0813,1,30837,28450,5.8886,5.3387,0.5499,90.91
2025-08-08,173.42,177.88,171.56,176.07,165.13,161.74,148.67,124.84,124.64,157.8791,1,151.9502,1,37790,28773,6.4337,5.5577,0.8760,91.71
2025-08-11,176.42,177.79,172.11,176.32,166.78,162.71,149.57,125.22,124.91,158.0872,1,153.5061,1,41961,29302,6.8072,5.8076,0.9996,91.29
2025-08-12,177.87,183.93,176.38,183.52,169.18,164.07,150.58,125.63,125.22,162.6960,1,154.9686,1,54871,29994,7.5969,6.1655,1.4314,92.24
2025-08-13,184.27,184.27,171.33,177.62,171.13,165.01,151.51,126.02,125.50,162.6960,1,157.2856,1,57166,30836,7.6582,6.4640,1.1942,91.02
2025-08-14,177.14,177.73,170.17,171.15,172.02,165.44,152.29,126.40,125.77,162.6960,1,159.9838,1,36784,31307,7.1023,6.5917,0.5107,89.70
2025-08-15,171.56,171.82,168.67,170.55,173.30,165.95,153.05,126.76,126.05,162.6960,1,162.4123,1,21438,31463,6.5383,6.5810,-0.0427,88.82
2025-08-18,169.89,173.48,169.89,172.62,173.77,166.65,153.81,127.19,126.33,162.6960,1,164.5979,1,14268,31515,6.1869,6.5022,-0.3153,88.94
2025-08-19,171.89,175.13,169.03,169.86,173.97,167.14,154.52,127.59,126.60,162.6960,1,166.5650,1,27774,31695,5.6213,6.3260,-0.7047,87.80
2025-08-20,170.46,170.46,165.36,166.97,173.73,167.56,155.13,127.96,126.86,162.6960,1,184.2684,0,20182,31733,4.8833,6.0375,-1.1542,86.51
2025-08-21,166.97,169.30,165.27,167.16,173.18,168.22,155.78,128.34,127.17,162.6960,1,183.8902,0,35114,32142,4.2645,5.6829,-1.4184,86.05
2025-08-22,168.47,172.43,166.57,169.09,172.49,168.81,156.48,128.73,127.48,162.6960,1,183.1453,0,28361,32452,3.8850,5.3233,-1.4383,84.69
2025-08-25,169.14,172.36,167.56,169.27,171.78,169.28,157.22,129.11,127.81,162.6960,1,182.4303,0,39914,33018,3.5576,4.9702,-1.4125,84.23
2025-08-26,169.53,171.50,169.15,170.54,170.48,169.83,157.94,129.48,128.12,162.6960,1,181.7438,0,26409,32989,3.3622,4.6486,-1.2864,84.91
2025-08-27,170.55,172.84,170.32,171.82,169.90,170.51,158.65,129.85,128.39,162.6960,1,181.0848,0,16811,32743,3.2731,4.3735,-1.1004,85.07
2025-08-28,171.72,171.72,167.98,168.88,169.68,170.85,159.31,130.19,128.63,162.6960,1,180.4522,0,16422,32725,2.9311,4.0850,-1.1539,84.23
2025-08-29,169.81,169.81,165.26,166.40,169.26,171.28,159.89,130.54,128.85,162.6960,1,179.8449,0,16030,32787,2.4323,3.7545,-1.3222,83.51
2025-09-02,163.96,169.66,162.32,169.37,168.94,171.35,160.55,130.92,129.07,162.6960,1,178.9697,0,25546,32428,2.2502,3.4536,-1.2034,83.83
2025-09-03,168.48,168.93,165.30,165.69,168.52,171.25,161.09,131.26,129.27,162.6960,1,177.6373,0,15361,32464,1.7883,3.1205,-1.3322,82.35
2025-09-04,166.12,168.06,164.91,167.76,168.60,171.16,161.66,131.61,129.49,162.6960,1,176.4116,0,13495,32158,1.5711,2.8106,-1.2396,82.73
2025-09-05,168.72,170.04,164.67,166.21,168.50,170.84,162.22,132.02,129.71,162.6960,1,175.2839,0,11666,31923,1.2600,2.5005,-1.2405,81.48
2025-09-08,167.69,175.10,166.27,174.59,169.05,170.77,162.92,132.47,129.97,162.6960,1,162.3153,1,32005,31761,1.6699,2.3344,-0.6645,85.08
2025-09-09,173.96,174.04,168.48,170.97,169.22,170.50,163.48,132.87,130.21,162.6960,1,162.5711,1,20304,31297,1.6832,2.2042,-0.5209,84.51
2025-09-10,171.35,174.05,168.21,169.64,169.13,169.81,164.05,133.24,130.43,162.6960,1,162.8218,1,18270,31206,1.5690,2.0771,-0.5081,84.82
2025-09-11,169.55,176.26,169.33,176.00,169.55,169.73,164.70,133.66,130.68,162.6960,1,163.0674,1,17185,30904,1.9685,2.0554,-0.0869,85.70
2025-09-12,174.83,176.28,172.28,172.34,169.90,169.79,165.16,134.05,130.91,162.6960,1,163.5950,1,16862,30359,1.9672,2.0378,-0.0706,84.94
2025-09-15,173.19,175.76,171.25,173.24,170.58,169.92,165.59,134.46,131.13,162.6960,1,164.3560,1,22804,30271,2.0159,2.0334,-0.0175,83.29
2025-09-16,173.24,174.77,170.02,172.33,170.88,169.91,165.99,134.87,131.32,162.6960,1,165.0713,1,14331,29768,1.9581,2.0183,-0.0602,83.02
2025-09-17,173.39,177.95,172.35,172.75,171.58,170.05,166.42,135.28,131.51,162.6960,1,165.7436,1,20585,29560,1.9239,1.9994,-0.0756,82.91
2025-09-18,173.18,177.21,173.18,176.55,172.46,170.53,166.86,135.73,131.73,162.6960,1,166.7200,1,30855,29410,2.1781,2.0352,0.1430,82.23
2025-09-19,177.72,178.03,172.22,172.78,173.12,170.81,167.22,136.13,131.93,162.6960,1,167.6183,1,131886,31361,2.0519,2.0385,0.0133,81.14
2025-09-22,172.04,172.72,166.83,171.22,172.78,170.92,167.56,136.55,132.10,162.6960,1,178.0278,0,19317,30784,1.8050,1.9918,-0.1868,80.09
2025-09-23,171.05,175.00,169.96,170.42,172.73,170.97,167.83,136.94,132.28,162.6960,1,178.0278,0,17720,30585,1.5276,1.8990,-0.3714,79.94
2025-09-24,170.32,171.06,167.51,167.60,172.52,170.83,168.05,137.33,132.43,162.6960,1,177.8038,0,13381,30118,1.0675,1.7327,-0.6652,78.01
2025-09-25,167.57,171.76,165.68,170.59,171.98,170.77,168.29,137.76,132.63,162.6960,1,177.5843,0,19264,30014,0.9336,1.5729,-0.6392,79.63
2025-09-26,171.16,176.35,171.16,175.99,172.35,171.12,168.56,138.25,132.84,162.6960,1,177.1080,0,17520,29720,1.2489,1.5081,-0.2592,80.92
2025-09-29,175.64,177.72,174.69,175.93,172.61,171.60,168.87,138.72,133.05,162.6960,1,165.6766,1,21937,29701,1.4769,1.5018,-0.0249,79.68
2025-09-30,175.81,182.03,175.81,181.71,173.55,172.21,169.33,139.22,133.30,163.3920,1,165.9175,1,25380,29940,2.0996,1.6214,0.4782,82.03
2025-10-01,180.25,183.15,176.97,177.18,174.00,172.79,169.67,139.69,133.51,164.2356,1,166.5618,1,24783,29883,2.2026,1.7376,0.4650,79.91
2025-10-02,176.76,181.66,174.24,180.92,174.43,173.45,170.12,140.21,133.76,164.2356,1,167.5570,1,24451,30031,2.5565,1.9014,0.6551,81.46
2025-10-03,181.63,184.47,180.94,181.87,175.34,174.23,170.68,140.72,134.03,166.8196,1,168.4926,1,18617,29071,2.8800,2.0971,0.7829,80.86
2025-10-06,183.20,185.12,179.88,182.56,176.48,174.63,171.18,141.27,134.30,166.8196,1,169.7709,1,13181,28794,3.1562,2.3089,0.8472,81.12
2025-10-07,182.31,183.72,174.12,175.15,176.95,174.84,171.49,141.77,134.54,166.8196,1,171.3056,1,22175,27555,2.7455,2.3963,0.3493,78.17
2025-10-08,176.25,178.32,175.43,177.60,177.95,175.24,171.85,142.27,134.84,166.8196,1,172.6869,1,13287,27478,2.5877,2.4345,0.1531,77.77
2025-10-09,176.92,176.92,169.46,169.68,177.86,174.92,172.08,142.72,135.10,166.8196,1,185.1182,0,13753,27045,1.8031,2.3082,-0.5052,74.71
2025-10-10,169.16,171.15,165.60,165.88,176.85,174.60,172.16,143.14,135.31,185.5152,0,184.8050,0,27822,26645,0.8640,2.0194,-1.1554,74.86
2025-10-13,167.35,173.36,166.46,172.96,176.55,174.58,172.46,143.60,135.57,185.5152,0,184.0366,0,26018,26443,0.6832,1.7521,-1.0690,77.10
2025-10-14,170.45,174.43,167.69,173.95,175.78,174.66,172.58,144.06,135.81,185.5152,0,183.2991,0,23947,26467,0.6131,1.5243,-0.9113,77.94
2025-10-15,174.57,175.60,170.32,170.91,175.15,174.57,172.64,144.51,136.04,185.5152,0,182.5910,0,19025,26312,0.3084,1.2811,-0.9727,76.56
2025-10-16,172.51,172.55,165.75,167.15,173.77,174.10,172.60,144.94,136.25,185.5152,0,181.9112,0,21598,25929,-0.2337,0.9782,-1.2118,74.90
2025-10-17,166.10,166.91,157.57,160.85,171.67,173.51,172.36,145.30,136.45,181.3051,0,181.2587,0,34420,26001,-1.1579,0.5510,-1.7088,72.41
2025-10-20,162.75,164.16,160.47,162.29,169.64,173.06,172.09,145.67,136.65,180.5751,0,179.8374,0,18424,25614,-1.7545,0.0899,-1.8444,76.37
2025-10-21,161.23,164.17,158.12,162.81,168.41,172.68,171.82,146.06,136.87,179.3941,0,178.5015,0,13883,25052,-2.1599,-0.3601,-1.7999,76.37
2025-10-22,163.39,166.41,161.96,162.47,166.89,172.42,171.40,146.43,137.07,179.3941,0,177.2457,0,15488,24264,-2.4799,-0.7841,-1.6959,75.20
2025-10-23,162.98,165.28,161.97,163.19,166.25,172.05,171.11,146.83,137.30,179.3941,0,176.0653,0,10338,23328,-2.6453,-1.1563,-1.4890,73.99
2025-10-24,165.26,166.96,163.49,165.61,166.22,171.53,171.00,147.23,137.55,179.3941,0,174.9557,0,12540,22843,-2.5519,-1.4354,-1.1165,73.95
2025-10-27,165.91,171.04,164.95,168.64,165.79,171.17,170.96,147.64,137.81,179.3941,0,173.9126,0,16602,22746,-2.2077,-1.5899,-0.6178,74.22
2025-10-28,167.82,167.92,161.82,164.31,164.82,170.30,170.79,148.03,138.09,179.3941,0,172.9322,0,19084,22843,-2.2579,-1.7235,-0.5345,71.20
2025-10-29,164.53,167.74,155.95,157.70,163.50,169.33,170.55,148.37,138.33,179.3941,0,172.0106,0,25738,22802,-2.7991,-1.9386,-0.8605,66.33
2025-10-30,157.12,157.12,139.97,149.75,161.76,167.77,170.20,148.67,138.52,170.8057,0,170.7258,0,34091,23080,-3.8259,-2.3161,-1.5098,60.37
2025-10-31,148.80,148.80,139.85,141.06,159.78,165.73,169.68,148.90,138.68,167.3268,0,167.7351,0,34016,23058,-5.2793,-2.9087,-2.3705,49.81
2025-11-03,139.37,139.37,123.79,129.66,156.52,163.08,168.89,149.07,138.77,157.4648,0,164.3890,0,47471,23440,-7.2677,-3.7805,-3.4872,33.33
2025-11-04,128.29,129.71,125.70,127.73,153.01,160.71,168.06,149.20,138.85,152.2004,0,158.7051,0,20242,23047,-8.8967,-4.8037,-4.0929,30.46
2025-11-05,128.41,129.72,126.58,126.76,149.44,158.17,167.19,149.32,138.91,151.1380,0,153.8170,0,17884,22876,-10.1485,-5.8727,-4.2758,26.65
2025-11-06,128.58,131.02,125.59,126.05,145.73,155.99,166.27,149.45,138.95,150.6223,0,149.6132,0,21231,22965,-11.0707,-6.9123,-4.1584,27.40
2025-11-07,124.78,129.47,122.51,127.20,141.89,154.05,165.44,149.59,139.00,148.1619,0,145.9980,0,22909,23094,-11.5751,-7.8449,-3.7302,31.10
2025-11-10,128.46,129.36,125.61,127.49,137.77,151.78,164.66,149.74,139.07,148.1619,0,142.2395,0,13974,23053,-11.8153,-8.6390,-3.1764,31.74
2025-11-11,128.09,129.32,126.22,127.32,134.07,149.45,163.82,149.90,139.15,147.6719,0,139.0823,0,17258,22888,-11.8824,-9.2876,-2.5948,29.71
2025-11-12,127.74,132.01,127.74,131.86,131.49,147.49,163.14,150.04,139.23,147.6719,0,136.4303,0,18403,22948,-11.4378,-9.7177,-1.7201,31.34
2025-11-13,131.86,132.21,126.32,127.04,129.22,145.49,162.33,150.16,139.29,147.6719,0,134.2026,0,19520,23069,-11.3431,-10.0428,-1.3003,28.42
2025-11-14,126.94,128.93,122.57,126.02,127.71,143.75,161.52,150.24,139.39,144.9043,0,132.3313,0,20561,23247,-11.2214,-10.2785,-0.9429,29.24
2025-11-17,124.74,127.03,117.50,126.04,127.35,141.94,160.55,150.26,139.49,142.3626,0,132.2131,0,28588,23178,-10.9966,-10.4221,-0.5745,32.30
2025-11-18,124.48,129.03,122.23,126.46,127.22,140.12,159.66,150.30,139.57,142.3626,0,129.5649,0,24558,23264,-10.6610,-10.4699,-0.1911,33.96
2025-11-19,126.01,127.48,123.65,124.21,126.97,138.20,158.76,150.32,139.62,142.3626,0,129.0338,0,15403,23206,-10.4562,-10.4671,0.0110,30.34
2025-11-20,126.02,126.35,119.15,119.68,126.33,136.03,157.63,150.32,139.65,142.2530,0,129.0338,0,20801,23279,-10.5380,-10.4813,-0.0567,25.40
2025-11-21,119.94,127.14,119.53,126.49,126.26,134.07,156.71,150.37,139.72,142.2530,0,127.4801,0,22989,23401,-9.9386,-10.3728,0.4342,30.75
2025-11-24,125.85,128.01,123.30,125.67,126.08,131.93,155.76,150.39,139.79,142.2530,0,117.5008,1,14713,23239,-9.4216,-10.1825,0.7609,29.43
2025-11-25,126.51,129.98,126.39,129.20,126.27,130.17,154.90,150.44,139.87,142.2530,0,117.7110,1,18045,23314,-8.6272,-9.8715,1.2443,29.77
2025-11-26,128.19,131.94,128.19,130.51,126.13,128.81,154.05,150.48,139.97,142.2530,0,118.2017,1,28475,23471,-7.8024,-9.4577,1.6553,28.34
2025-11-28,130.60,131.30,128.65,129.49,126.38,127.80,153.11,150.52,140.07,142.2530,0,119.0262,1,15498,23164,-7.1483,-8.9958,1.8475,27.62
2025-12-01,129.07,132.66,127.13,131.10,126.89,127.30,152.28,150.58,140.17,142.2530,0,119.8011,1,15546,20837,-6.4265,-8.4819,2.0555,31.04
2025-12-02,132.26,135.28,130.55,134.23,127.71,127.53,151.54,150.66,140.29,142.2530,0,120.8297,1,22522,20902,-5.5374,-7.8930,2.3556,36.23
2025-12-03,134.23,137.33,133.64,136.52,128.71,127.97,150.86,150.76,140.42,142.2530,0,122.2746,1,19123,20930,-4.5951,-7.2334,2.6384,34.61
2025-12-04,136.53,138.44,135.02,137.54,130.04,128.51,150.26,150.89,140.56,142.2530,0,124.0812,1,19375,21049,-3.7233,-6.5314,2.8081,37.70
2025-12-05,137.47,137.47,133.76,136.82,131.76,129.04,149.58,150.98,140.72,142.2530,0,126.0908,1,16128,20987,-3.0551,-5.8362,2.7810,37.32
2025-12-08,137.91,139.04,135.36,136.33,132.74,129.50,148.79,151.10,140.88,142.2530,0,127.8191,1,34099,21318,-2.5357,-5.1761,2.6404,36.79
2025-12-09,135.71,139.17,135.40,138.68,134.04,130.06,148.05,151.23,141.05,142.2530,0,129.6149,1,24021,21360,-1.9124,-4.5233,2.6110,37.81
2025-12-10,138.05,140.75,137.88,139.31,135.05,130.66,147.20,151.37,141.21,142.2530,0,131.3353,1,25976,21372,-1.3521,-3.8891,2.5369,35.66
2025-12-11,139.67,141.06,137.38,140.76,136.08,131.11,146.47,151.52,141.38,142.2530,0,133.2174,1,14430,21165,-0.7826,-3.2678,2.4852,36.00
2025-12-12,140.48,143.74,138.97,141.67,137.30,131.84,145.68,151.67,141.58,142.2530,0,134.7869,1,17127,21018,-0.2544,-2.6651,2.4107,37.58
2025-12-15,142.73,145.79,140.52,143.55,138.54,132.71,144.92,151.85,141.77,129.3645,1,136.5783,1,46038,21567,0.3125,-2.0696,2.3821,41.35
2025-12-16,143.39,145.69,139.96,142.42,139.36,133.53,144.12,152.00,141.98,129.3645,1,138.4197,1,32275,21949,0.6625,-1.5232,2.1857,40.85
2025-12-17,141.82,144.33,140.31,141.99,139.91,134.31,143.45,152.16,142.19,129.3645,1,139.8929,1,22255,21950,0.8951,-1.0395,1.9346,41.07
2025-12-18,143.56,147.85,143.41,145.95,140.75,135.40,142.82,152.35,142.40,131.3409,1,139.9593,1,23433,22153,1.3832,-0.5550,1.9382,45.86
2025-12-19,146.42,146.42,141.25,143.58,141.43,136.59,142.30,152.49,142.62,131.3409,1,140.3078,1,74767,23373,1.5609,-0.1318,1.6927,42.96
2025-12-22,143.02,149.13,143.02,147.12,142.50,137.62,141.92,152.64,142.84,131.3409,1,141.2540,1,22586,23269,1.9643,0.2874,1.6769,44.92
2025-12-23,146.04,148.24,145.19,146.60,143.30,138.67,141.40,152.78,143.05,132.4764,1,141.2540,1,12836,23005,2.2167,0.6733,1.5434,41.49
2025-12-24,145.85,146.75,144.39,146.06,143.97,139.51,140.84,152.91,143.26,132.4764,1,142.8295,1,9826,22723,2.3462,1.0079,1.3384,39.08
2025-12-26,145.86,146.89,143.96,146.22,144.52,140.30,140.34,153.05,143.47,132.4764,1,149.1319,0,13640,22615,2.4337,1.2930,1.1407,39.68
2025-12-29,146.22,147.37,145.58,146.66,145.02,141.16,139.93,153.18,143.69,134.1931,1,149.0285,0,19777,22579,2.5095,1.5363,0.9732,41.56
2025-12-30,146.40,147.42,141.22,143.05,144.97,141.75,139.58,153.25,143.87,134.1931,1,148.9272,0,41782,22726,2.2518,1.6794,0.5724,35.42
2025-12-31,142.70,143.43,140.43,141.48,144.87,142.12,139.16,153.31,144.05,134.1931,1,148.6190,0,29378,22945,1.8996,1.7234,0.1761,34.56
2026-01-02,142.02,145.67,140.98,144.69,145.14,142.53,138.80,153.39,144.24,134.1931,1,148.1275,0,29332,23254,1.8578,1.7503,0.1075,34.09
2026-01-05,144.51,152.43,144.41,149.45,145.49,143.12,138.54,153.51,144.46,134.6082,1,140.4273,1,22479,23394,2.1836,1.8370,0.3466,39.66
2026-01-06,149.96,151.71,144.78,149.43,146.08,143.75,138.26,153.63,144.69,134.6082,1,140.6674,1,23226,23651,2.4124,1.9521,0.4604,36.77
2026-01-07,149.72,150.58,146.57,147.39,146.10,144.30,137.90,153.73,144.90,134.6082,1,140.9026,1,14488,23690,2.4013,2.0419,0.3594,37.28
2026-01-08,146.63,153.07,146.63,153.07,146.75,145.02,137.59,153.86,145.13,135.0847,1,141.1331,1,18135,23721,2.8181,2.1972,0.6210,40.82
2026-01-09,153.03,157.32,152.19,157.02,147.85,145.91,137.44,154.01,145.38,139.9274,1,141.6104,1,17406,23687,3.4280,2.4433,0.9847,44.41
2026-01-12,156.26,159.64,155.67,158.53,149.08,146.80,137.46,154.17,145.64,143.1161,1,142.5529,1,15743,23488,3.9875,2.7522,1.2353,49.15
2026-01-13,159.21,160.06,151.54,151.56,149.57,147.29,137.50,154.28,145.87,143.1161,1,143.9198,1,18490,23176,3.8243,2.9666,0.8577,40.60
2026-01-14,151.75,153.31,144.36,151.02,150.36,147.67,137.69,154.38,146.10,143.1161,1,160.0573,0,33831,23172,3.6099,3.0952,0.5146,39.77
2026-01-15,151.92,155.54,151.15,152.57,151.47,148.17,138.15,154.51,146.34,143.1161,1,160.0573,0,21860,22660,3.5239,3.1810,0.3430,48.18
2026-01-16,152.42,152.89,149.90,151.38,152.14,148.64,138.63,154.64,146.56,143.1161,1,159.7434,0,16355,22582,3.3219,3.2092,0.1127,46.54
2026-01-20,148.57,151.40,147.49,151.26,152.32,148.91,139.12,154.75,146.77,143.1161,1,159.4357,0,14854,22521,3.1162,3.1906,-0.0744,46.20
2026-01-21,152.60,154.05,151.17,153.47,152.73,149.40,139.66,154.86,147.00,143.1161,1,159.1342,0,15163,22400,3.0959,3.1717,-0.0757,44.96
2026-01-22,154.02,157.30,153.37,155.78,153.57,149.84,140.24,154.99,147.25,143.1161,1,158.8388,0,13217,22206,3.2291,3.1831,0.0459,47.54
2026-01-23,155.54,157.81,153.91,154.09,153.67,150.21,140.77,155.11,147.50,143.1161,1,158.5492,0,10645,22140,3.1615,3.1788,-0.0173,46.71
2026-01-26,153.87,155.75,152.14,152.61,153.23,150.54,141.27,155.21,147.75,143.1161,1,158.2655,0,17575,22146,2.9542,3.1339,-0.1797,44.38
2026-01-27,152.04,153.37,150.12,153.02,152.68,150.88,141.70,155.31,147.95,143.1161,1,157.9874,0,9664,21971,2.7907,3.0653,-0.2746,44.27
2026-01-28,154.24,154.24,150.12,153.13,152.83,151.20,142.22,155.40,148.17,143.1161,1,157.7149,0,14745,21876,2.6395,2.9801,-0.3406,48.78
2026-01-29,148.68,148.68,135.13,139.17,151.65,151.01,142.48,155.41,148.30,159.2365,0,157.4478,0,80183,23068,1.3779,2.6597,-1.2818,32.74
2026-01-30,137.52,141.79,129.65,129.72,149.36,150.42,142.56,155.34,148.33,154.9609,0,156.5550,0,62220,23741,-0.3802,2.0517,-2.4319,27.37
2026-02-02,129.17,129.17,122.23,124.49,146.67,149.41,142.52,155.22,148.35,145.2647,0,154.9408,0,60100,24452,-2.1704,1.2073,-3.3777,24.63
2026-02-03,124.30,127.50,123.29,126.21,144.17,148.25,142.56,155.12,148.38,144.2635,0,152.3241,0,21834,24580,-3.4116,0.2835,-3.6951,27.51
2026-02-04,126.38,130.71,125.18,128.75,141.70,147.21,142.74,155.02,148.42,144.2635,0,149.9167,0,19625,24557,-4.1417,-0.6015,-3.5402,29.65
2026-02-05,128.68,131.19,124.64,129.44,139.06,146.32,142.80,154.89,148.47,144.2635,0,147.7019,0,18859,24474,-4.6118,-1.4036,-3.2082,33.74
2026-02-06,131.08,136.55,130.29,133.83,137.04,145.35,142.96,154.77,148.53,144.2635,0,145.6642,0,19996,24580,-4.5772,-2.0383,-2.5389,35.69
2026-02-09,138.66,140.84,135.21,140.14,135.79,144.51,143.18,154.69,148.63,144.2635,0,143.7896,0,11735,24453,-3.9950,-2.4296,-1.5653,42.73
2026-02-10,140.14,144.66,136.44,142.93,134.78,143.73,143.43,154.63,148.72,144.2635,0,122.2316,1,17996,24244,-3.2708,-2.5979,-0.6729,43.36
2026-02-11,143.60,150.03,142.62,148.92,134.36,143.60,143.82,154.60,148.85,126.3301,1,122.6801,1,25061,24435,-2.1879,-2.5159,0.3280,49.66
2026-02-12,148.99,153.29,143.30,143.56,134.80,143.22,144.06,154.52,148.95,127.3016,1,123.7740,1,16563,24455,-1.7420,-2.3611,0.6191,47.60
2026-02-13,143.12,148.18,142.45,146.21,136.45,142.91,144.30,154.47,149.07,127.3016,1,125.5453,1,17769,24360,-1.1620,-2.1213,0.9593,49.03
2026-02-17,145.99,146.38,142.32,144.56,138.46,142.57,144.46,154.39,149.19,127.3016,1,127.2103,1,17555,24329,-0.8256,-1.8621,1.0366,46.74
2026-02-18,145.42,147.36,143.26,144.42,140.28,142.22,144.60,154.31,149.32,127.3016,1,128.7753,1,11542,24172,-0.5637,-1.6025,1.0387,46.25
2026-02-19,142.79,145.44,142.22,144.54,141.86,141.78,144.76,154.21,149.42,127.3016,1,130.2465,1,10465,24059,-0.3426,-1.3505,1.0079,46.10
2026-02-20,144.13,147.83,143.55,146.10,143.52,141.29,144.95,154.10,149.56,128.1292,1,131.6294,1,9698,23571,-0.0413,-1.0886,1.0473,49.76
2026-02-23,144.55,144.86,141.97,143.64,144.50,140.77,145.05,153.99,149.68,128.1292,1,132.9293,1,9910,23289,-0.0005,-0.8710,0.8705,47.06
2026-02-24,144.05,148.80,144.05,146.35,145.12,140.46,145.19,153.91,149.82,129.5380,1,134.1513,1,14851,23066,0.2470,-0.6474,0.8944,49.23
2026-02-25,147.31,147.63,143.92,146.23,145.45,140.12,145.30,153.82,149.96,129.5380,1,135.2999,1,17610,23130,0.4286,-0.4322,0.8608,46.42
2026-02-26,146.83,149.71,145.34,149.08,145.47,139.92,145.45,153.75,150.12,131.5318,1,136.3796,1,21003,23208,0.7935,-0.1871,0.9806,49.94
2026-02-27,147.35,149.35,145.67,148.69,145.98,140.39,145.55,153.72,150.28,132.0121,1,137.3945,1,18101,22649,1.0394,0.0582,0.9811,52.34
2026-03-02,146.72,150.38,145.34,146.84,146.04,141.25,145.64,153.65,150.41,132.3999,1,138.3485,1,22646,22456,1.0721,0.2610,0.8111,47.47
2026-03-03,142.99,151.58,139.93,150.54,146.64,142.55,145.81,153.59,150.57,132.3999,1,139.2453,1,30386,22619,1.3808,0.4850,0.8958,52.46
2026-03-04,151.52,153.51,147.80,150.66,147.27,143.77,145.91,153.53,150.74,133.2780,1,139.9346,1,17721,22505,1.6164,0.7112,0.9051,52.42
2026-03-05,150.16,155.04,148.17,149.71,147.78,144.82,146.03,153.47,150.88,133.9067,1,139.9346,1,22398,21457,1.7069,0.9104,0.7966,51.78
2026-03-06,147.32,150.22,145.19,148.43,148.02,145.77,146.05,153.38,150.99,133.9067,1,141.4454,1,18278,21371,1.6566,1.0596,0.5970,54.29
2026-03-09,147.99,153.13,143.86,152.55,148.91,146.70,146.17,153.34,151.13,133.9067,1,142.8051,1,21737,21549,1.9269,1.2331,0.6938,58.41
2026-03-10,150.95,151.65,146.43,147.85,149.06,147.09,146.21,153.21,151.24,133.9067,1,143.8637,1,27591,21904,1.7420,1.3349,0.4071,50.21
2026-03-11,146.01,148.34,144.70,147.58,149.19,147.32,146.24,153.07,151.35,133.9067,1,143.8637,1,19623,22024,1.5558,1.3791,0.1767,52.83
2026-03-12,146.31,147.95,137.44,139.33,148.22,146.84,146.09,152.87,151.41,133.9067,1,155.0429,0,19154,22012,0.7335,1.2499,-0.5165,45.41
2026-03-13,141.37,145.75,136.28,139.50,147.30,146.64,146.02,152.65,151.44,133.9067,1,154.6909,0,17247,21521,0.0944,1.0188,-0.9244,45.20
2026-03-16,140.38,143.56,138.99,143.23,146.94,146.49,146.05,152.43,151.49,133.9067,1,153.9547,0,28638,21506,-0.1099,0.7931,-0.9030,47.25
2026-03-17,144.20,145.64,141.28,144.75,146.36,146.50,146.05,152.22,151.56,133.9067,1,153.2479,0,30946,21538,-0.1469,0.6051,-0.7520,48.95
2026-03-18,142.68,144.70,136.93,137.57,145.05,146.16,145.82,151.92,151.58,133.9067,1,152.5693,0,24528,21579,-0.7471,0.3346,-1.0817,42.03
2026-03-19,135.17,136.86,131.69,134.61,143.54,145.66,145.52,151.63,151.60,133.9067,1,151.9179,0,24796,21611,-1.4451,-0.0213,-1.4238,37.78
2026-03-20,134.84,135.87,128.40,131.92,141.89,144.95,145.21,151.37,151.60,151.5370,0,150.7041,0,91300,23147,-2.1902,-0.4551,-1.7351,36.43
2026-03-23,135.49,141.92,134.22,140.35,140.67,144.79,144.96,151.17,151.64,151.5370,0,148.9195,0,24672,23278,-2.0761,-0.7793,-1.2968,38.49
2026-03-24,140.14,148.29,140.05,147.34,140.62,144.84,144.76,151.00,151.70,151.5370,0,128.3963,1,29003,23510,-1.4053,-0.9045,-0.5008,45.34
2026-03-25,149.69,152.70,148.39,151.89,141.05,145.12,144.63,150.88,151.79,130.1372,1,128.7942,1,20516,23605,-0.5010,-0.8238,0.3228,47.96
2026-03-26,150.46,152.40,149.06,150.92,142.21,145.21,144.62,150.77,151.86,131.3602,1,129.7504,1,24684,23729,0.1361,-0.6318,0.7679,49.38
2026-03-27,149.53,153.58,144.02,151.70,143.43,145.36,144.63,150.67,151.95,131.3602,1,130.6684,1,18711,23427,0.6957,-0.3663,1.0620,50.95
2026-03-30,152.18,154.90,149.75,151.20,144.23,145.58,144.60,150.55,152.03,132.5098,1,132.0429,1,23031,23450,1.0864,-0.0758,1.1622,51.55
2026-03-31,152.22,156.04,151.55,153.18,145.07,145.71,144.64,150.44,152.14,134.5113,1,133.8718,1,23547,23594,1.5377,0.2469,1.2908,46.09
2026-04-01,154.76,156.72,151.08,155.79,146.89,145.97,144.73,150.34,152.24,134.8542,1,136.0886,1,20277,23702,2.0821,0.6140,1.4682,48.37
2026-04-02,154.18,156.04,150.11,151.11,148.54,146.04,144.68,150.21,152.32,134.8542,1,138.5642,1,26427,23928,2.1119,0.9136,1.1983,41.15
2026-04-06,150.92,152.61,149.08,149.09,150.26,146.07,144.55,150.07,152.38,134.8542,1,140.7427,1,25998,24183,1.9496,1.1208,0.8289,39.82
2026-04-07,148.26,149.69,144.81,146.25,150.85,145.76,144.39,149.94,152.43,134.8542,1,142.6597,1,16894,24308,1.5736,1.2113,0.3622,37.50
2026-04-08,151.38,152.55,146.37,146.71,150.78,145.70,144.27,149.79,152.48,134.8542,1,144.3468,1,30364,24564,1.2976,1.2286,0.0690,32.75
2026-04-09,145.80,148.43,145.05,147.32,150.33,145.69,144.16,149.67,152.52,134.8542,1,144.8111,1,28985,24950,1.1159,1.2060,-0.0901,31.93
2026-04-10,146.72,149.89,145.52,147.69,150.00,146.11,144.05,149.53,152.56,134.8542,1,145.0505,1,22437,25104,0.9903,1.1629,-0.1726,33.43
2026-04-13,147.69,151.49,146.10,149.82,149.82,146.62,144.26,149.42,152.62,134.8542,1,145.0505,1,28003,24061,1.0500,1.1403,-0.0903,36.79
2026-04-14,150.09,150.57,146.80,147.73,149.47,146.85,144.63,149.24,152.66,134.8542,1,145.5192,1,17777,23172,0.9186,1.0960,-0.1774,35.48
2026-04-15,146.87,147.56,144.50,146.67,148.82,146.94,145.07,149.08,152.68,134.8542,1,156.7183,0,35223,22674,0.7200,1.0208,-0.3008,34.47
2026-04-16,146.82,147.97,145.51,147.08,147.95,147.42,145.49,148.93,152.71,134.8542,1,156.4740,0,16106,22560,0.5896,0.9345,-0.3449,34.92
2026-04-17,147.71,152.70,146.88,150.66,147.90,148.22,145.92,148.76,152.75,134.8542,1,156.2345,0,31787,22803,0.7664,0.9009,-0.1345,34.66
2026-04-20,150.23,158.51,145.70,158.28,148.82,149.54,146.50,148.67,152.79,134.8542,1,144.5020,1,46537,23356,1.5039,1.0215,0.4824,40.91
2026-04-21,158.56,170.43,158.56,163.94,150.59,150.72,147.10,148.61,152.85,145.2926,1,144.7822,1,83346,24623,2.5157,1.3203,1.1953,47.57
2026-04-22,164.64,165.74,160.95,163.33,152.25,151.52,147.57,148.55,152.91,145.2926,1,145.6987,1,23322,24855,3.2312,1.7025,1.5287,47.34
2026-04-23,163.58,168.68,162.35,167.06,154.23,152.28,148.05,148.51,152.99,146.7667,1,146.6880,1,31410,25123,4.0524,2.1725,1.8799,51.63
2026-04-24,167.06,171.67,164.16,170.23,156.48,153.24,148.48,148.47,153.07,148.7870,1,147.6377,1,28285,25188,4.9027,2.7185,2.1842,56.90
2026-04-27,169.09,171.53,166.57,170.26,158.53,154.17,149.01,148.45,153.14,150.3495,1,149.0794,1,22349,25304,5.5153,3.2779,2.2375,56.97
2026-04-28,170.53,170.77,161.72,165.59,160.31,154.89,149.40,148.41,153.20,150.3495,1,150.4347,1,31765,25584,5.5602,3.7343,1.8258,62.85
2026-04-29,164.60,165.03,160.82,164.12,162.06,155.44,149.79,148.37,153.24,150.3495,1,151.7086,1,27088,25774,5.4142,4.0703,1.3439,68.28
2026-04-30,162.75,168.68,161.45,166.99,164.05,156.00,150.24,148.37,153.29,150.3495,1,152.9061,1,22689,25997,5.4673,4.3497,1.1176,69.81
2026-05-01,167.78,169.87,165.39,167.03,165.68,156.79,150.69,148.34,153.33,150.3495,1,154.0318,1,20853,26205,5.4497,4.5697,0.8800,70.15
2026-05-04,166.65,169.59,164.17,164.60,166.31,157.57,151.06,148.27,153.34,150.3495,1,155.0899,1,21556,26442,5.1797,4.6917,0.4880,69.19
2026-05-05,165.87,171.25,164.87,166.54,166.58,158.58,151.52,148.21,153.37,150.3495,1,156.0846,1,21393,26672,5.0643,4.7662,0.2981,68.11
2026-05-06,168.68,172.52,161.23,166.65,166.91,159.58,151.92,148.10,153.41,150.3495,1,157.0195,1,20872,26792,4.9249,4.7980,0.1270,66.65
2026-05-07,166.54,168.62,163.20,166.55,166.86,160.54,152.33,148.03,153.44,150.3495,1,158.2599,1,17369,26787,4.7517,4.7887,-0.0371,64.26
2026-05-08,167.09,168.46,164.91,166.70,166.50,161.49,152.68,147.94,153.48,150.3495,1,159.4011,1,17803,26723,4.5737,4.7457,-0.1720,62.42
2026-05-11,168.34,171.90,166.55,171.21,166.60,162.56,153.13,147.87,153.57,150.6648,1,160.4510,1,15949,26680,4.7417,4.7449,-0.0032,64.77
2026-05-12,171.21,171.21,164.16,168.13,166.85,163.58,153.56,147.77,153.62,150.6648,1,161.4169,1,17567,26579,4.5735,4.7106,-0.1372,63.42
2026-05-13,168.32,171.19,159.87,161.39,166.58,164.32,153.78,147.68,153.63,150.6648,1,172.5248,0,34000,26651,3.8518,4.5388,-0.6871,57.82
2026-05-14,160.87,173.64,151.58,156.14,165.49,164.77,153.89,147.54,153.62,150.6648,1,159.8696,1,52654,27350,2.8240,4.1959,-1.3719,52.63
2026-05-15,154.50,160.54,153.14,158.54,164.64,165.16,154.06,147.46,153.62,150.6648,1,151.5825,1,28267,27467,2.1783,3.7924,-1.6141,57.97
2026-05-18,159.35,162.87,153.71,155.24,163.71,165.01,154.20,147.39,153.58,150.6648,1,151.5825,1,20548,27512,1.3843,3.3107,-1.9265,54.69
2026-05-19,155.00,155.00,145.10,152.54,162.31,164.44,154.20,147.26,153.56,150.6648,1,173.6417,0,42293,27924,0.5308,2.7548,-2.2240,52.30
2026-05-20,152.19,155.15,150.34,154.68,161.11,164.01,154.34,147.13,153.49,150.6648,1,173.0709,0,21359,27799,0.0271,2.2092,-2.1821,52.22
2026-05-21,153.94,153.94,147.31,152.21,159.68,163.27,154.43,147.00,153.41,150.6648,1,172.5115,0,28740,27981,-0.5651,1.6544,-2.2195,46.40
2026-05-22,152.22,154.97,149.59,152.72,158.28,162.39,154.70,146.91,153.33,150.6648,1,171.9632,0,14778,27894,-0.9821,1.1271,-2.1092,47.87
2026-05-26,153.55,158.25,152.99,156.24,156.78,161.69,155.03,146.88,153.25,150.6648,1,171.4260,0,14194,27833,-1.0168,0.6983,-1.7151,49.20
2026-05-27,156.18,158.85,155.29,158.20,155.79,161.32,155.33,146.85,153.16,150.6648,1,170.8995,0,14833,27557,-0.8756,0.3835,-1.2591,50.50
2026-05-28,157.87,162.15,156.45,159.64,155.62,161.10,155.63,146.83,153.07,150.6648,1,170.3835,0,12406,27186,-0.6405,0.1787,-0.8192,50.00
2026-05-29,158.07,158.34,153.39,154.53,155.46,160.47,155.97,146.77,152.93,150.6648,1,169.8778,0,21219,27120,-0.8568,-0.0284,-0.8284,42.89
2026-06-01,154.01,157.98,152.95,157.65,155.37,160.01,156.43,146.74,152.83,150.6648,1,169.3823,0,23685,27097,-0.7672,-0.1762,-0.5911,46.97
2026-06-02,156.41,156.96,153.51,156.70,155.51,159.61,156.92,146.68,152.76,150.6648,1,168.8966,0,24500,25761,-0.7639,-0.2937,-0.4702,44.43
2026-06-03,156.05,159.75,154.13,154.45,155.70,159.01,157.21,146.58,152.68,150.6648,1,168.4207,0,16212,25592,-0.9327,-0.4215,-0.5112,43.84
2026-06-04,155.20,155.25,151.58,152.30,155.47,158.29,157.30,146.50,152.58,150.6648,1,167.9543,0,13103,25274,-1.2255,-0.5823,-0.6432,36.33
2026-06-05,152.26,156.26,150.73,154.83,155.73,157.70,157.36,146.48,152.50,150.6648,1,167.4972,0,21152,25287,-1.2394,-0.7137,-0.5257,42.54
2026-06-08,154.89,158.46,154.89,156.02,156.06,157.17,157.47,146.53,152.45,150.6648,1,167.0493,0,12204,25037,-1.1414,-0.7993,-0.3422,43.86
2026-06-09,158.35,159.75,152.90,155.36,155.97,156.38,157.54,146.62,152.39,150.6648,1,166.6103,0,18299,25029,-1.1042,-0.8602,-0.2440,43.18
2026-06-10,156.73,157.87,152.29,153.54,155.50,155.65,157.58,146.78,152.31,150.6648,1,166.1801,0,13548,24839,-1.2074,-0.9297,-0.2777,42.27
2026-06-11,154.31,158.60,152.92,156.64,155.20,155.41,157.65,146.97,152.25,150.6648,1,165.7585,0,12975,24628,-1.0268,-0.9491,-0.0777,41.77
2026-06-12,158.17,159.75,157.58,158.09,155.56,155.51,157.70,147.18,152.18,150.6648,1,165.3453,0,14931,24521,-0.7582,-0.9109,0.1528,41.25
2026-06-15,158.28,160.96,156.48,158.59,155.65,155.51,157.85,147.40,152.12,150.6648,1,164.9404,0,13914,24271,-0.4992,-0.8286,0.3294,44.30
2026-06-16,158.82,161.36,155.57,160.12,155.99,155.75,158.07,147.62,152.07,150.6648,1,164.5436,0,19693,24145,-0.1687,-0.6966,0.5279,47.34
2026-06-17,159.23,162.25,156.09,158.09,156.36,156.03,158.31,147.82,152.03,150.6648,1,164.1548,0,20616,24219,-0.0696,-0.5712,0.5016,45.00
2026-06-18,159.77,163.46,158.11,161.20,157.25,156.36,158.60,148.05,151.99,150.6648,1,163.7737,0,48161,24575,0.2566,-0.4057,0.6622,43.82
2026-06-22,160.71,162.53,159.16,161.76,157.94,156.83,158.89,148.25,151.97,150.6648,1,163.4643,0,20446,24404,0.5538,-0.2138,0.7675,39.91
2026-06-23,161.15,164.74,159.95,163.12,158.65,157.35,159.19,148.49,151.95,150.6648,1,145.1003,1,14443,24244,0.8895,0.0069,0.8826,40.43
2026-06-24,162.78,169.83,160.89,165.07,159.62,157.80,159.50,148.75,151.94,150.6648,1,145.4932,1,27230,24229,1.2976,0.2650,1.0326,39.80
2026-06-25,165.07,169.59,164.68,165.25,160.79,158.15,159.85,149.01,151.90,150.6648,1,146.4668,1,25952,24392,1.6170,0.5354,1.0815,38.95
2026-06-26,163.97,169.09,159.77,161.34,161.26,158.23,160.14,149.24,151.85,150.6648,1,147.4015,1,81861,25325,1.5365,0.7356,0.8009,33.03
2026-06-29,161.34,162.73,140.79,141.18,159.57,157.57,160.03,149.36,151.71,171.6919,0,169.8343,0,39974,25803,-0.1521,0.5581,-0.7102,18.70
2026-06-30,138.91,143.11,132.72,141.88,157.90,156.78,159.85,149.50,151.54,161.4104,0,169.2534,0,56613,26299,-1.4176,0.1629,-1.5806,17.88
2026-07-01,143.34,143.57,136.71,137.85,155.67,155.83,159.44,149.58,151.36,161.4104,0,167.7922,0,35581,26080,-2.7139,-0.4124,-2.3015,16.05
2026-07-02,138.79,143.06,137.65,138.27,153.69,155.03,158.93,149.66,151.19,161.4104,0,166.3894,0,26784,24949,-3.6652,-1.0630,-2.6022,15.65
2026-07-06,139.63,140.78,135.46,139.22,151.50,154.37,158.45,149.73,151.02,159.9693,0,165.0427,0,25531,24993,-4.2931,-1.7090,-2.5841,15.53
2026-07-07,139.06,141.47,134.61,136.05,148.92,153.43,157.83,149.77,150.84,159.7622,0,163.7499,0,26503,24895,-4.9893,-2.3651,-2.6242,14.57
2026-07-08,136.06,137.63,131.84,132.09,145.82,152.24,157.06,149.78,150.62,156.0273,0,162.5088,0,31739,24964,-5.7934,-3.0507,-2.7426,13.42
2026-07-09,133.92,135.19,132.46,132.80,142.59,151.11,156.31,149.80,150.42,153.9135,0,160.6689,0,20390,24925,-6.3007,-3.7007,-2.6000,14.34
2026-07-10,132.66,135.09,131.30,133.55,139.42,150.11,155.67,149.79,150.23,152.4109,0,158.9394,0,13028,24550,-6.5667,-4.2739,-2.2928,16.00
2026-07-13,134.07,136.87,131.20,133.66,136.66,148.96,155.06,149.77,150.04,152.4109,0,156.7286,0,17497,24358,-6.6915,-4.7574,-1.9341,16.74
2026-07-14,135.23,138.63,134.68,138.02,136.34,147.96,154.48,149.78,149.90,152.4109,0,154.1762,0,17930,24263,-6.3650,-5.0790,-1.2860,20.60
2026-07-15,139.56,143.47,139.44,142.15,136.37,147.13,153.99,149.81,149.75,152.4109,0,151.8791,0,23178,24309,-5.7077,-5.2047,-0.5030,22.64
2026-07-16,141.53,143.78,139.81,142.84,136.87,146.27,153.55,149.85,149.59,152.4109,0,149.8116,0,15222,24183,-5.0727,-5.1783,0.1056,21.85
2026-07-17,141.87,148.18,140.03,144.18,137.46,145.57,153.10,149.89,149.43,152.4109,0,131.2048,1,20448,24164,-4.4098,-5.0246,0.6148,21.36
2026-07-20,144.28,146.76,142.26,145.06,138.04,144.77,152.67,149.93,149.25,152.4109,0,131.5442,1,16055,24068,-3.7702,-4.7737,1.0035,20.29
2026-07-21,145.07,147.75,143.51,143.62,138.80,143.86,152.21,149.95,149.08,152.4109,0,131.8769,1,23762,24195,-3.3415,-4.4873,1.1457,19.06
2026-07-22,143.87,147.06,142.83,142.95,139.88,142.85,151.74,149.96,148.89,152.4109,0,132.2029,1,20015,24240,-3.0210,-4.1940,1.1730,17.99
2026-07-23,141.41,144.75,137.94,139.11,140.51,141.55,151.10,149.93,148.68,152.4109,0,132.5224,1,43791,24796,-3.0413,-3.9635,0.9222,16.47
2026-07-24,140.77,141.52,134.82,138.81,141.04,140.23,150.51,149.90,148.46,152.4109,0,132.8355,1,35578,25157,-3.0464,-3.7801,0.7337,18.31
2026-07-27,139.54,141.76,136.67,140.17,141.69,139.17,150.09,149.89,148.28,152.4109,0,133.1424,1,28415,25045,-2.9074,-3.6055,0.6981,21.16
2026-07-28,141.82,144.23,141.15,142.80,142.17,139.25,149.82,149.87,148.11,152.4109,0,133.4431,1,18535,24363,-2.5559,-3.3956,0.8397,22.67
2026-07-29,141.97,142.04,137.61,138.38,141.79,139.08,149.42,149.84,147.95,152.4109,0,133.7378,1,18766,24173,-2.6034,-3.2372,0.6338,19.89
2026-07-30,135.79,136.65,125.88,129.02,140.41,138.64,148.89,149.71,147.77,150.0277,0,148.1782,0,41880,24599,-3.3580,-3.2613,-0.0967,14.00
2026-07-31,126.88,127.93,118.83,127.83,138.77,138.12,148.40,149.59,147.54,143.3239,0,147.7323,0,38409,24522,-4.0058,-3.4102,-0.5956,13.44
2026-08-03,128.54,132.82,128.54,131.87,137.46,137.75,147.94,149.50,147.33,143.3239,0,146.5764,0,18201,24458,-4.1451,-3.5572,-0.5879,14.26
2026-08-04,131.87,134.84,131.87,133.48,136.44,137.62,147.57,149.41,147.14,143.3239,0,145.4667,0,22741,24338,-4.0787,-3.6615,-0.4172,13.37
2026-08-05,132.85,135.79,132.85,135.08,135.66,137.77,147.21,149.33,146.98,143.3239,0,144.4014,0,18454,24412,-3.8528,-3.6998,-0.1531,13.33
2026-08-06,135.74,137.02,129.26,129.83,134.73,137.62,146.69,149.24,146.83,143.3239,0,143.3787,0,18295,24494,-4.0509,-3.7700,-0.2809,10.52
2026-08-07,129.94,131.06,127.68,129.71,133.82,137.43,146.12,149.17,146.67,143.3239,0,142.3969,0,17031,24538,-4.1694,-3.8499,-0.3196,8.64
2026-08-10,129.58,132.29,128.73,130.46,132.85,137.27,145.53,149.07,146.50,143.3239,0,141.4544,0,14882,24587,-4.1551,-3.9109,-0.2442,9.34
2026-08-11,131.54,133.28,127.87,129.46,131.51,136.84,145.03,148.94,146.34,143.3239,0,140.5496,0,16895,24501,-4.1761,-3.9639,-0.2122,9.49
2026-08-12,130.86,131.79,127.63,129.27,130.60,136.20,144.46,148.80,146.17,143.3239,0,139.6810,0,13361,24294,-4.1601,-4.0032,-0.1570,10.52
2026-08-13,130.08,132.23,127.84,127.85,130.48,135.45,143.89,148.67,145.98,143.3239,0,138.8471,0,10961,24024,-4.2133,-4.0452,-0.1681,8.67
2026-08-14,127.52,131.57,127.40,131.05,130.80,134.79,143.42,148.53,145.79,143.3239,0,138.0466,0,12214,23944,-3.9517,-4.0265,0.0748,10.37
2026-08-17,129.57,133.04,128.79,131.57,130.77,134.12,143.00,148.36,145.63,143.3239,0,137.2781,0,22841,24138,-3.6602,-3.9533,0.2930,12.26
2026-08-18,131.14,131.55,124.02,124.80,129.91,133.17,142.40,148.13,145.46,143.3239,0,136.5403,0,12804,23972,-3.9302,-3.9486,0.0185,8.93
2026-08-19,126.38,126.38,123.47,123.92,128.79,132.22,141.76,147.95,145.33,140.1747,0,135.8321,0,16395,24055,-4.1671,-3.9923,-0.1748,7.93
2026-08-20,122.48,123.33,118.90,119.39,127.75,131.24,141.04,147.74,145.23,136.3457,0,135.1521,0,16512,24020,-4.6666,-4.1272,-0.5394,6.97
2026-08-21,120.06,121.19,118.72,118.99,126.68,130.25,140.35,147.51,145.17,134.4036,0,134.4994,0,18646,24122,-5.0367,-4.3091,-0.7276,5.79
2026-08-24,119.66,120.95,116.89,117.75,125.40,129.12,139.57,147.29,145.12,133.1418,0,133.5527,0,15096,24164,-5.3682,-4.5209,-0.8473,5.53
2026-08-25,118.40,119.53,116.25,118.41,124.30,127.91,138.78,147.07,145.08,131.6736,0,132.2196,0,17158,24208,-5.5140,-4.7195,-0.7945,5.16
2026-08-26,118.59,120.04,118.25,118.57,123.23,126.91,137.98,146.84,145.04,131.6736,0,130.6227,0,11395,24158,-5.5527,-4.8862,-0.6665,6.12
2026-08-27,119.00,119.13,116.05,117.67,122.21,126.35,137.13,146.58,145.00,130.1620,0,129.1854,0,18062,24125,-5.5915,-5.0272,-0.5643,5.45
2026-08-28,119.00,123.85,118.92,120.35,121.14,125.97,136.37,146.36,144.96,130.1620,0,127.6092,0,19497,24103,-5.3445,-5.0907,-0.2538,6.62
2026-08-31,119.96,121.57,118.20,120.27,120.01,125.39,135.56,146.14,144.93,130.1620,0,126.2221,0,14733,23435,-5.0963,-5.0918,-0.0045,6.40
2026-09-01,120.75,124.96,118.53,124.58,119.99,124.95,134.81,145.95,144.89,130.1620,0,125.0014,0,28379,23593,-4.5001,-4.9735,0.4734,9.76
2026-09-02,124.59,127.90,123.74,126.37,120.23,124.51,134.08,145.77,144.89,130.1620,0,116.0500,1,31555,23935,-3.8388,-4.7465,0.9077,8.28
2026-09-03,128.33,129.89,124.79,129.33,121.23,124.49,133.36,145.71,144.90,130.1620,0,116.2870,1,33302,24057,-3.0409,-4.4054,1.3645,9.49
2026-09-04,127.61,129.77,126.76,129.13,122.24,124.46,132.64,145.70,144.92,130.1620,0,116.8311,1,21164,23961,-2.3970,-4.0037,1.6067,9.12
2026-09-08,128.89,130.52,125.47,127.00,123.17,124.29,131.95,145.72,144.92,130.1620,0,117.3535,1,17590,22676,-2.0351,-3.6100,1.5749,8.94
2026-09-09,126.23,126.23,122.92,125.35,123.86,124.08,131.64,145.72,144.93,130.1620,0,118.1435,1,23804,22352,-1.8600,-3.2600,1.4000,9.52
2026-09-10,124.68,124.95,120.64,122.63,124.27,123.75,131.25,145.68,144.94,130.1620,0,118.8861,1,22527,21671,-1.9187,-2.9917,1.0731,8.94
2026-09-11,124.29,125.03,120.00,124.07,124.91,123.56,130.98,145.64,144.93,130.1620,0,119.5841,1,29752,21554,-1.8278,-2.7590,0.9311,9.71
2026-09-14,122.75,124.61,119.54,120.67,124.94,123.04,130.62,145.55,144.90,130.1620,0,130.5200,0,21576,21450,-2.0071,-2.6086,0.6015,7.94
2026-09-15,121.70,121.88,118.71,121.49,125.06,122.54,130.27,145.43,144.87,130.1620,0,130.3004,0,32875,21597,-2.0592,-2.4987,0.4395,8.53
2026-09-16,121.74,123.87,120.56,122.95,124.90,122.44,130.01,145.29,144.83,130.1620,0,129.8368,0,25463,21576,-1.9602,-2.3910,0.4308,8.72
2026-09-17,125.02,125.63,120.28,121.50,124.41,122.32,129.80,145.11,144.79,130.1620,0,129.3917,0,24786,21437,-1.9759,-2.3080,0.3321,7.34
2026-09-18,121.54,123.05,120.02,122.20,123.70,122.46,129.58,144.97,144.74,130.1620,0,128.9644,0,43821,21906,-1.9098,-2.2283,0.3185,7.19
2026-09-21,122.54,125.98,121.82,125.39,123.32,122.78,129.42,144.83,144.70,130.1620,0,128.5543,0,18946,22024,-1.5818,-2.0990,0.5172,8.01
2026-09-22,125.69,127.59,124.48,124.55,123.08,123.12,129.24,144.70,144.64,130.1620,0,128.1605,0,21622,22106,-1.3738,-1.9540,0.5802,6.98
2026-09-23,124.45,126.91,122.99,123.99,122.94,123.40,128.96,144.56,144.57,130.1620,0,127.7825,0,11221,21972,-1.2399,-1.8112,0.5713,9.09
2026-09-24,123.73,126.98,123.20,126.62,123.34,123.81,128.65,144.44,144.52,130.1620,0,127.5900,0,13776,21784,-0.9110,-1.6312,0.7201,15.60
2026-09-25,126.24,129.19,125.64,129.03,123.84,124.37,128.37,144.33,144.48,130.1620,0,118.7100,1,24116,21962,-0.4507,-1.3951,0.9443,19.29
2026-09-28,127.67,129.99,126.82,127.83,124.55,124.75,128.04,144.22,144.43,130.1620,0,118.9196,1,18702,21927,-0.1807,-1.1522,0.9715,20.80
2026-09-29,129.13,129.48,125.86,126.15,125.02,125.04,127.67,144.09,144.36,130.1620,0,119.3624,1,18468,21975,-0.1011,-0.9420,0.8409,19.25
2026-09-30,127.00,127.66,125.86,126.00,125.33,125.11,127.31,143.95,144.29,130.1620,0,119.7875,1,21559,21931,-0.0495,-0.7635,0.7140,20.06
2026-10-01,125.29,127.32,123.23,127.19,125.90,125.15,127.00,143.81,144.22,130.1620,0,120.1956,1,21050,21952,0.0864,-0.5935,0.6799,22.17
2026-10-02,129.61,132.41,129.45,131.41,126.82,125.26,126.84,143.69,144.16,119.2582,1,120.5874,1,26243,21601,0.5285,-0.3691,0.8976,28.18
2026-10-05,130.24,132.96,128.52,132.06,127.48,125.40,126.71,143.59,144.10,119.2582,1,121.2968,1,31391,21517,0.9207,-0.1112,1.0319,28.93
2026-10-06,132.99,133.71,131.26,132.25,128.25,125.67,126.55,143.47,144.06,121.0970,1,122.2298,1,15394,21257,1.2327,0.1576,1.0750,29.14
2026-10-07,130.64,132.63,130.33,132.38,129.09,126.02,126.34,143.35,143.99,121.0970,1,123.3778,1,14059,21167,1.4734,0.4208,1.0526,30.75
2026-10-08,132.51,132.60,127.59,127.79,129.21,126.28,126.13,143.20,143.91,121.0970,1,124.4110,1,22044,21233,1.2791,0.5924,0.6866,23.36
2026-10-09,128.78,131.40,127.10,130.00,129.31,126.57,126.15,143.08,143.82,121.0970,1,125.3409,1,12558,20646,1.2885,0.7316,0.5569,24.06
