symbol,longName,sector,industry,country,marketCap,currentPrice,averageVolume10days,averageVolume3months,averageDollarVolume,revenueGrowth,earningsGrowth,earningsQuarterlyGrowth,grossMargins,operatingMargins,profitMargins,returnOnEquity,returnOnAssets,totalCash,totalDebt,debtToEquity,currentRatio,quickRatio,operatingCashflow,freeCashflow,sharesOutstanding,floatShares,heldPercentInsiders,heldPercentInstitutions,sharesShort,shortRatio,shortPercentOfFloat,trailingPE,forwardPE,priceToSalesTrailing12Months,priceToBook,enterpriseToRevenue,enterpriseToEbitda,targetMeanPrice,targetHighPrice,targetLowPrice,recommendationMean,recommendationKey,numberOfAnalystOpinions,epsRevisionUpLast7Days,epsRevisionUpLast30Days,epsRevisionDownLast7Days,epsRevisionDownLast30Days,nextEarningsDate,beta,website,retrievedAt
INSM,Insmed Incorporated,Healthcare,Biotechnology,United States,21969178624,100.6,3303400,2590985,260653091.0,2.961,,,0.83455,-0.23809999,-0.76941,-0.87216,-0.22167999,1160312064,739724032,97.654,3.724,3.135,-778923008,-571815616,218381503,216922715,0.00505,1.05061,10802070,5.74,0.0557,,129.83995,19.311274,28.991354,18.919,-27.074,197.73914,243.0,169.0,1.20833,strong_buy,23,3,12,1,1,2026-10-29,0.824,https://www.insmed.com,2026-10-10T21:32:18.535898+01:00
Date,Open,High,Low,Close,Ma10:Top:Line,Ma20:Top:Line,Ma50:Top:Line,Ma150:Top:Line,Ma200:Top:Line,Supertrend:Top:ColorLine,Supertrend_Dir,ParabolicSAR:Top:ColorLine,ParabolicSAR_Dir,Volume:Middle:Histogram,Vo50:Middle:Line,Macd:Bottom:Line,MacdSignal:Bottom:Line,MacdDelta:Bottom:Histogram,RsRating:Hidden:Hidden
2023-08-03,20.99,22.66,20.94,22.15,,,,,,,0,20.9400,1,49140,,,,,0
2023-08-04,22.15,22.64,21.98,21.99,,,,,,,0,20.9400,1,34797,,,,,0
2023-08-07,22.01,22.17,21.65,21.87,,,,,,,0,20.9400,1,39303,,,,,0
2023-08-08,21.96,22.34,21.69,22.05,,,,,,,0,20.9744,1,36120,,,,,0
2023-08-09,22.03,22.27,21.38,21.52,,,,,,,0,21.0081,1,48594,,,,,0
2023-08-10,21.52,22.99,21.52,22.72,,,,,,,0,21.0412,1,31853,,,,,0
2023-08-11,22.71,22.98,22.30,22.43,,,,,,,0,21.1191,1,23940,,,,,0
2023-08-14,22.24,22.53,21.73,22.30,,,,,,,0,21.1939,1,20121,,,,,0
2023-08-15,22.30,22.64,22.11,22.51,,,,,,,0,21.2658,1,17898,,,,,0
2023-08-16,22.42,22.98,22.23,22.53,22.21,,,,,25.2060,0,21.3348,1,20802,,,,,0
2023-08-17,22.61,22.74,21.69,21.97,22.19,,,,,24.8709,0,21.4010,1,17767,,,,,0
2023-08-18,21.78,22.25,21.68,21.73,22.16,,,,,24.5263,0,21.4645,1,21776,,,,,0
2023-08-21,21.61,22.44,21.21,22.00,22.18,,,,,24.4992,0,22.9900,0,29357,,,,,0
2023-08-22,21.97,22.11,21.64,21.65,22.14,,,,,24.4228,0,22.9544,0,12386,,,,,0
2023-08-23,21.55,22.19,21.51,22.09,22.19,,,,,24.3470,0,22.9195,0,35600,,,,,0
2023-08-24,22.12,22.43,21.86,21.93,22.11,,,,,24.3470,0,22.8853,0,18833,,,,,0
2023-08-25,22.02,22.15,21.53,21.84,22.05,,,,,24.2025,0,22.8518,0,14137,,,,,0
2023-08-28,21.87,22.04,21.49,21.62,21.99,,,,,24.0562,0,22.8190,0,15739,,,,,0
2023-08-29,21.53,21.81,21.21,21.61,21.90,,,,,23.7521,0,22.7868,0,28629,,,,,0
2023-08-30,21.66,22.30,21.65,22.08,21.85,22.03,,,,23.7521,0,22.7553,0,33668,,,,,0
2023-08-31,22.13,22.48,21.84,21.89,21.84,22.02,,,,23.7521,0,22.7244,0,24125,,,,,0
2023-09-01,22.04,22.65,22.03,22.64,21.94,22.05,,,,23.7521,0,22.6941,0,19384,,,,,0
2023-09-05,24.05,27.15,24.00,26.37,22.37,22.27,,,,22.2393,1,21.2100,1,249215,,,,,0
2023-09-06,26.77,27.05,25.98,26.43,22.85,22.49,,,,23.1919,1,21.3288,1,68419,,,,,0
2023-09-07,27.08,27.15,26.36,26.59,23.30,22.75,,,,23.5272,1,21.4452,1,49457,,,,,0
2023-09-08,26.73,26.73,25.95,26.26,23.73,22.92,,,,23.5272,1,21.5593,1,29269,,,,,0
2023-09-11,26.26,26.57,26.02,26.50,24.20,23.13,,,,23.5272,1,21.6711,1,31490,,,,,0
2023-09-12,26.44,27.59,26.32,26.93,24.73,23.36,,,,23.8829,1,21.7807,1,39463,,,,,0
2023-09-13,26.99,26.99,26.12,26.30,25.20,23.55,,,,23.8829,1,22.0131,1,49207,,,,,0
2023-09-14,26.42,26.68,26.18,26.67,25.66,23.76,,,,23.8829,1,22.2362,1,34714,,,,,0
2023-09-15,26.64,26.79,26.15,26.61,26.13,23.99,,,,23.8829,1,22.4503,1,75924,,,,,0
2023-09-18,26.62,26.80,26.04,26.55,26.52,24.23,,,,23.8829,1,22.6559,1,29388,,,,,0
2023-09-19,26.53,26.61,25.97,26.31,26.51,24.44,,,,23.8829,1,22.8533,1,29725,,,,,0
2023-09-20,26.39,26.44,25.43,25.52,26.42,24.64,,,,23.8829,1,23.0427,1,22422,,1.3485,1.5238,-0.1753,0
2023-09-21,25.67,26.42,25.40,26.34,26.40,24.85,,,,23.8829,1,23.2246,1,26306,,1.2956,1.4782,-0.1826,0
2023-09-22,26.49,26.52,25.75,26.17,26.39,25.06,,,,23.8829,1,23.3992,1,22027,,1.2259,1.4277,-0.2018,0
2023-09-25,25.96,26.28,25.46,25.78,26.32,25.26,,,,23.8829,1,23.5669,1,33442,,1.1262,1.3674,-0.2413,0
2023-09-26,25.94,26.75,25.76,25.77,26.20,25.47,,,,23.8829,1,23.7278,1,51530,,1.0344,1.3008,-0.2664,0
2023-09-27,25.76,26.39,25.54,25.90,26.16,25.68,,,,23.8829,1,23.8823,1,31165,,0.9611,1.2329,-0.2718,0
2023-09-28,25.90,26.00,25.10,25.76,26.07,25.86,,,,23.8829,1,24.0306,1,40613,,0.8815,1.1626,-0.2811,0
2023-09-29,25.92,25.96,25.13,25.25,25.94,26.03,,,,23.8829,1,24.1730,1,21351,,0.7685,1.0838,-0.3153,0
2023-10-02,25.25,25.52,24.99,25.37,25.82,26.17,,,,23.8829,1,24.3096,1,28305,,0.6807,1.0032,-0.3225,0
2023-10-03,25.34,25.53,24.23,24.32,25.62,26.07,,,,23.8829,1,27.5900,0,30458,,0.5204,0.9066,-0.3862,0
2023-10-04,24.24,24.36,23.94,24.15,25.48,25.95,,,,23.8829,1,27.5228,0,21952,,0.3753,0.8004,-0.4250,0
2023-10-05,24.10,25.08,23.92,25.04,25.35,25.88,,,,23.8829,1,27.3795,0,33431,,0.3284,0.7060,-0.3776,0
2023-10-06,24.83,25.17,24.27,24.44,25.18,25.78,,,,23.8829,1,27.1719,0,27395,,0.2400,0.6128,-0.3728,0
2023-10-09,24.18,24.64,24.01,24.51,25.05,25.68,,,,23.8829,1,26.9768,0,18395,,0.1736,0.5249,-0.3513,0
2023-10-10,24.41,25.00,24.30,24.81,24.96,25.58,,,,23.8829,1,26.7934,0,31107,,0.1436,0.4487,-0.3051,0
2023-10-11,24.83,25.13,24.42,25.09,24.87,25.52,,,,23.8829,1,26.6210,0,23943,,0.1407,0.3871,-0.2464,0
2023-10-12,25.01,26.00,24.00,24.46,24.74,25.41,24.11,,,23.8829,1,26.4589,0,24000,35362,0.0866,0.3270,-0.2404,0
2023-10-13,24.53,24.78,24.07,24.76,24.70,25.32,24.16,,,23.8829,1,26.3066,0,21274,34804,0.0672,0.2750,-0.2079,0
2023-10-16,24.78,25.23,24.40,25.08,24.67,25.24,24.22,,,23.8829,1,26.1634,0,39255,34894,0.0767,0.2354,-0.1587,0
2023-10-17,25.27,25.98,25.26,25.70,24.80,25.21,24.30,,,23.8829,1,26.0288,0,36301,34834,0.1328,0.2148,-0.0821,0
2023-10-18,25.78,25.98,25.20,25.28,24.92,25.20,24.36,,,23.8829,1,25.9800,0,22117,34553,0.1416,0.2002,-0.0585,0
2023-10-19,25.39,26.00,25.15,25.23,24.94,25.14,24.44,,,23.8829,1,23.9200,1,26027,34102,0.1430,0.1888,-0.0457,0
2023-10-20,25.45,25.63,24.84,25.08,25.00,25.09,24.48,,,23.8829,1,23.9616,1,27726,34020,0.1305,0.1771,-0.0466,0
2023-10-23,24.88,25.41,24.53,24.90,25.04,25.05,24.53,,,23.8829,1,24.0024,1,35946,34260,0.1048,0.1627,-0.0578,0
2023-10-24,25.36,25.97,24.85,25.05,25.06,25.01,24.59,,,23.8829,1,24.0423,1,49346,34844,0.0955,0.1492,-0.0537,0
2023-10-25,24.90,25.91,24.90,25.45,25.10,24.99,24.65,,,23.8829,1,24.0815,1,46184,35410,0.1190,0.1432,-0.0242,0
2023-10-26,25.49,25.94,25.16,25.55,25.21,24.98,24.71,,,23.8829,1,24.1198,1,35083,35696,0.1441,0.1434,0.0007,0
2023-10-27,26.00,26.00,23.62,23.88,25.12,24.91,24.74,,,26.6949,0,26.0000,0,56605,36472,0.0288,0.1204,-0.0916,0
2023-10-30,24.04,24.67,23.75,23.80,24.99,24.83,24.79,,,26.6949,0,26.0000,0,30602,36649,-0.0682,0.0827,-0.1509,0
2023-10-31,23.72,25.10,23.65,25.06,24.93,24.87,24.85,,,26.6949,0,26.0000,0,26814,36598,-0.0429,0.0576,-0.1005,0
2023-11-01,25.20,25.59,24.88,24.99,24.90,24.91,24.91,,,26.6949,0,25.9524,0,27282,36896,-0.0282,0.0404,-0.0686,0
2023-11-02,24.95,25.25,24.34,25.01,24.88,24.91,24.97,,,26.6949,0,25.9058,0,28401,36752,-0.0147,0.0294,-0.0441,0
2023-11-03,25.35,25.60,24.39,24.85,24.85,24.93,25.03,,,26.6949,0,25.8600,0,38207,37139,-0.0168,0.0202,-0.0370,0
2023-11-06,24.90,25.09,23.83,23.84,24.75,24.89,25.07,,,26.6949,0,25.8152,0,23447,37326,-0.0988,-0.0036,-0.0952,0
2023-11-07,24.03,24.63,23.94,24.40,24.68,24.87,25.13,,,26.6949,0,25.7713,0,38593,37783,-0.1172,-0.0263,-0.0909,0
2023-11-08,24.44,24.44,23.66,23.75,24.51,24.81,25.17,,,26.6949,0,25.7283,0,26847,37747,-0.1822,-0.0575,-0.1247,0
2023-11-09,23.79,23.83,23.04,23.42,24.30,24.75,25.20,,,26.4108,0,25.6861,0,23905,37552,-0.2573,-0.0975,-0.1599,0
2023-11-10,23.43,24.01,23.21,23.75,24.29,24.70,25.23,,,26.4108,0,25.5803,0,21472,37499,-0.2869,-0.1354,-0.1516,0
2023-11-13,23.48,23.91,23.25,23.90,24.30,24.64,25.26,,,26.4044,0,25.4787,0,19722,37505,-0.2949,-0.1673,-0.1276,0
2023-11-14,24.55,24.90,24.06,24.54,24.25,24.59,25.22,,,26.4044,0,25.3811,0,38911,33299,-0.2467,-0.1832,-0.0636,0
2023-11-15,24.20,25.21,23.84,24.90,24.24,24.57,25.19,,,26.4044,0,25.2875,0,31536,32562,-0.1775,-0.1820,0.0046,0
2023-11-16,24.81,24.99,24.28,24.44,24.18,24.53,25.15,,,26.4044,0,25.2100,0,62090,32814,-0.1579,-0.1772,0.0193,0
2023-11-17,24.65,25.05,24.42,24.82,24.18,24.51,25.12,,,26.4044,0,25.2100,0,41995,33069,-0.1104,-0.1638,0.0534,0
2023-11-20,25.13,25.22,24.49,24.62,24.25,24.50,25.08,,,26.4044,0,23.0400,1,21656,32872,-0.0879,-0.1486,0.0607,0
2023-11-21,24.52,24.89,24.19,24.37,24.25,24.47,25.03,,,26.4044,0,23.0836,1,21180,32507,-0.0892,-0.1368,0.0475,0
2023-11-22,24.70,24.70,23.73,23.73,24.25,24.38,24.98,,,26.4044,0,23.1263,1,22610,31975,-0.1403,-0.1375,-0.0028,0
2023-11-24,23.73,24.21,23.63,24.03,24.31,24.31,24.93,,,26.4044,0,23.1682,1,9244,31465,-0.1548,-0.1409,-0.0138,0
2023-11-27,23.84,24.21,23.62,23.94,24.33,24.31,24.87,,,26.4044,0,23.2092,1,45148,30850,-0.1715,-0.1471,-0.0245,0
2023-11-28,23.90,24.12,23.55,23.80,24.32,24.31,24.82,,,26.2657,0,23.2495,1,21579,30694,-0.1939,-0.1564,-0.0375,0
2023-11-29,23.92,25.17,23.92,25.10,24.38,24.31,24.79,,,26.2657,0,23.2889,1,55348,31206,-0.1055,-0.1462,0.0408,0
2023-11-30,25.18,26.23,24.78,25.02,24.39,24.31,24.78,,,26.2657,0,23.3275,1,34535,31448,-0.0414,-0.1253,0.0839,0
2023-12-01,24.96,26.53,24.51,26.52,24.60,24.39,24.79,,,22.7312,1,23.4436,1,45320,31829,0.1289,-0.0744,0.2034,0
2023-12-04,26.50,27.03,26.28,26.97,24.81,24.49,24.80,,,23.6378,1,23.6288,1,59172,32571,0.2968,-0.0002,0.2970,0
2023-12-05,26.68,27.72,26.62,27.48,25.10,24.68,24.84,,,24.1245,1,23.9009,1,54449,32992,0.4657,0.0930,0.3727,0
2023-12-06,27.72,28.32,27.26,27.27,25.39,24.82,24.87,,,24.7311,1,24.2828,1,46465,32890,0.5759,0.1896,0.3863,0
2023-12-07,27.17,27.78,26.98,27.57,25.77,25.01,24.90,,,24.7311,1,24.7672,1,55733,33382,0.6796,0.2876,0.3920,0
2023-12-08,27.81,28.20,27.45,27.96,26.16,25.24,24.95,,,24.9063,1,25.1936,1,52621,33622,0.7842,0.3869,0.3973,0
2023-12-11,27.93,28.10,26.93,27.26,26.49,25.41,24.99,,,24.9063,1,25.5687,1,37297,33941,0.8014,0.4698,0.3316,0
2023-12-12,27.24,28.05,26.77,27.99,26.91,25.62,25.04,,,24.9063,1,25.8989,1,53497,34445,0.8640,0.5487,0.3154,0
2023-12-13,28.00,28.83,27.57,28.71,27.27,25.83,25.13,,,25.0643,1,26.1894,1,43605,34707,0.9606,0.6310,0.3296,0
2023-12-14,29.03,29.24,28.19,28.88,27.66,26.02,25.22,,,25.5779,1,26.5591,1,65171,35572,1.0389,0.7126,0.3263,0
2023-12-15,29.00,29.21,28.13,28.42,27.85,26.22,25.29,,,25.5779,1,26.9881,1,120393,37311,1.0518,0.7805,0.2713,0
2023-12-18,28.46,28.79,27.94,28.71,28.02,26.42,25.37,,,25.5779,1,27.3484,1,39361,37550,1.0729,0.8389,0.2340,0
2023-12-19,28.82,29.27,28.78,29.13,28.19,26.64,25.47,,,26.0781,1,27.6510,1,38999,37962,1.1108,0.8933,0.2175,0
2023-12-20,28.97,29.22,27.65,27.71,28.23,26.81,25.52,,,26.0781,1,29.2700,0,40626,38153,1.0146,0.9176,0.0970,0
2023-12-21,28.04,29.43,27.93,29.42,28.42,27.09,25.61,,,26.0781,1,27.6500,1,48405,38642,1.0640,0.9469,0.1171,0
2023-12-22,29.76,30.89,29.50,30.04,28.63,27.39,25.72,,,26.7598,1,27.6500,1,39070,38943,1.1401,0.9855,0.1546,0
2023-12-26,30.34,31.19,30.29,31.02,29.00,27.75,25.85,,,27.3033,1,27.7796,1,33328,39185,1.2648,1.0414,0.2235,0
2023-12-27,31.07,31.64,30.95,31.64,29.37,28.14,25.98,,,27.9950,1,27.9842,1,29675,38993,1.3976,1.1126,0.2850,0
2023-12-28,31.67,32.00,31.39,31.74,29.67,28.47,26.10,,,28.5420,1,28.2767,1,32308,38913,1.4937,1.1888,0.3049,0
2023-12-29,31.74,31.79,30.99,30.99,29.88,28.77,26.21,,,28.5420,1,28.6490,1,23748,38946,1.4922,1.2495,0.2427,0
2024-01-02,30.80,31.14,29.34,29.94,30.03,28.94,26.31,,,28.5420,1,28.9841,1,56515,39555,1.3902,1.2776,0.1125,0
2024-01-03,29.35,29.74,28.57,28.68,30.03,29.03,26.38,,,28.5420,1,32.0000,0,69899,40399,1.1939,1.2609,-0.0670,0
2024-01-04,28.69,29.68,28.68,29.13,30.03,29.11,26.46,,,28.5420,1,31.9314,0,59055,40861,1.0625,1.2212,-0.1588,0
2024-01-05,28.87,29.48,28.60,29.35,30.20,29.21,26.55,,,28.5420,1,31.8642,0,31918,40513,0.9649,1.1700,-0.2051,0
2024-01-08,28.94,29.95,28.53,29.93,30.25,29.33,26.64,,,28.5420,1,31.7983,0,74179,41072,0.9237,1.1207,-0.1970,0
2024-01-09,29.61,29.61,28.44,29.11,30.15,29.39,26.71,,,28.5420,1,31.6676,0,82891,42029,0.8155,1.0597,-0.2441,0
2024-01-10,28.90,29.33,28.18,28.34,29.89,29.44,26.80,,,32.2384,0,31.4739,0,41997,41736,0.6600,0.9797,-0.3197,0
2024-01-11,27.70,28.60,27.33,28.39,29.56,29.46,26.89,,,31.4810,0,31.2104,0,62492,42374,0.5347,0.8907,-0.3560,0
2024-01-12,28.63,29.07,28.19,28.46,29.23,29.45,26.96,,,31.4810,0,30.8224,0,30717,42452,0.4360,0.7998,-0.3638,0
2024-01-16,28.32,28.82,27.89,28.38,28.97,29.43,27.03,,,31.4810,0,30.4731,0,67505,43257,0.3473,0.7093,-0.3620,0
2024-01-17,28.24,28.99,28.07,28.81,28.86,29.45,27.10,,,31.4810,0,30.1588,0,62823,43945,0.3081,0.6291,-0.3209,0
2024-01-18,28.84,29.21,28.03,28.44,28.83,29.43,27.18,,,31.4810,0,29.8759,0,32080,43823,0.2444,0.5521,-0.3077,0
2024-01-19,28.60,28.60,27.81,28.00,28.72,29.38,27.26,,,31.4369,0,29.6213,0,122069,45795,0.1566,0.4730,-0.3164,0
2024-01-22,28.28,28.73,28.11,28.53,28.64,29.42,27.34,,,31.4369,0,29.3922,0,35828,45740,0.1284,0.4041,-0.2757,0
2024-01-23,28.54,28.91,27.99,28.24,28.47,29.36,27.43,,,31.4369,0,29.1860,0,31778,45838,0.0816,0.3396,-0.2580,0
2024-01-24,28.40,28.41,27.31,27.40,28.30,29.23,27.51,,,30.9719,0,29.0004,0,46018,46281,-0.0230,0.2671,-0.2901,0
2024-01-25,27.61,28.01,27.33,27.73,28.24,29.06,27.59,,,30.6747,0,28.9100,0,31870,46489,-0.0783,0.1980,-0.2763,0
2024-01-26,27.97,28.49,27.56,27.71,28.17,28.86,27.67,,,30.6747,0,28.7180,0,31592,46726,-0.1224,0.1339,-0.2563,0
2024-01-29,27.67,28.19,27.25,28.17,28.14,28.69,27.74,,,30.6747,0,28.5490,0,32812,46604,-0.1188,0.0834,-0.2022,0
2024-01-30,28.10,29.04,27.84,28.97,28.20,28.59,27.82,,,30.6747,0,27.2500,1,39897,46771,-0.0508,0.0565,-0.1074,0
2024-01-31,28.89,29.47,27.74,27.80,28.10,28.48,27.89,,,30.6747,0,27.2500,1,39812,46326,-0.0904,0.0272,-0.1175,0
2024-02-01,28.02,28.80,27.85,28.53,28.11,28.47,27.96,,,30.6747,0,27.3388,1,26613,46018,-0.0620,0.0093,-0.0714,0
2024-02-02,28.16,28.48,27.56,28.18,28.13,28.42,28.03,,,30.6747,0,27.4240,1,25134,46088,-0.0671,-0.0060,-0.0611,0
2024-02-05,27.84,28.46,27.61,28.28,28.10,28.37,28.11,,,30.6747,0,27.5059,1,35565,46375,-0.0623,-0.0172,-0.0450,0
2024-02-06,28.18,29.23,27.99,29.07,28.18,28.33,28.22,,,30.6747,0,27.5600,1,27521,46474,0.0052,-0.0127,0.0180,0
2024-02-07,28.89,29.32,28.59,28.99,28.34,28.32,28.32,,,30.6747,0,27.6100,1,31185,46912,0.0517,0.0001,0.0515,0
2024-02-08,28.94,29.00,28.18,28.57,28.43,28.33,28.41,,,30.6747,0,27.6844,1,67205,47354,0.0539,0.0109,0.0430,0
2024-02-09,28.67,28.90,28.12,28.25,28.48,28.33,28.50,,,30.6747,0,27.7558,1,31925,47560,0.0296,0.0146,0.0150,0
2024-02-12,28.09,28.73,27.52,27.80,28.44,28.29,28.55,,,30.6747,0,29.4700,0,62578,47705,-0.0257,0.0066,-0.0323,0
2024-02-13,27.02,27.18,26.33,26.60,28.21,28.20,28.58,,,29.9164,0,29.4310,0,55770,48130,-0.1645,-0.0276,-0.1368,0
2024-02-14,26.80,27.76,26.66,27.44,28.17,28.13,28.60,,,29.9164,0,29.3070,0,83868,48901,-0.2043,-0.0630,-0.1413,0
2024-02-15,27.76,28.88,27.60,28.75,28.19,28.15,28.64,,,29.9164,0,29.1879,0,58156,48880,-0.1287,-0.0761,-0.0526,0
2024-02-16,28.64,29.91,28.27,29.51,28.33,28.23,28.68,,,29.9164,0,26.3300,1,56901,48929,-0.0074,-0.0624,0.0550,0
2024-02-20,29.12,29.59,28.84,29.21,28.42,28.26,28.72,,,29.9164,0,26.4016,1,30323,48607,0.0638,-0.0371,0.1010,0
2024-02-21,29.07,29.46,28.10,28.24,28.34,28.26,28.73,,,29.9164,0,26.4718,1,45506,48402,0.0415,-0.0214,0.0629,0
2024-02-22,27.60,28.50,25.06,27.15,28.15,28.25,28.71,,,29.9164,0,29.9100,0,86742,49084,-0.0634,-0.0298,-0.0336,0
2024-02-23,27.41,27.68,26.72,27.28,28.02,28.22,28.72,,,29.9164,0,29.8130,0,38942,49117,-0.1345,-0.0507,-0.0837,0
2024-02-26,27.29,28.81,27.20,28.75,28.07,28.28,28.73,,,29.9164,0,29.7179,0,56931,49186,-0.0714,-0.0549,-0.0165,0
2024-02-27,29.27,29.46,28.35,29.23,28.22,28.33,28.74,,,29.9164,0,29.6248,0,58086,49476,0.0172,-0.0404,0.0576,0
2024-02-28,28.97,29.16,27.84,28.03,28.36,28.28,28.72,,,29.9164,0,29.5335,0,30684,48786,-0.0094,-0.0342,0.0248,0
2024-02-29,28.59,28.83,27.63,27.72,28.39,28.28,28.71,,,29.9164,0,29.4600,0,44776,47274,-0.0548,-0.0384,-0.0165,0
2024-03-01,27.91,28.65,27.89,28.06,28.32,28.26,28.70,,,29.9164,0,29.3720,0,57178,47630,-0.0627,-0.0432,-0.0194,0
2024-03-04,28.22,28.44,27.30,28.27,28.19,28.26,28.68,,,29.9164,0,29.2858,0,31374,47477,-0.0513,-0.0448,-0.0065,0
2024-03-05,28.11,28.52,27.34,27.82,28.05,28.24,28.68,,,29.9164,0,29.2012,0,46234,47590,-0.0778,-0.0514,-0.0264,0
2024-03-06,28.07,28.14,27.49,27.99,28.03,28.18,28.65,,,29.9164,0,29.1184,0,39858,47419,-0.0841,-0.0580,-0.0261,0
2024-03-07,28.20,28.35,27.53,27.77,28.09,28.12,28.61,26.15,,29.9164,0,29.0373,0,44096,47519,-0.1056,-0.0675,-0.0381,0
2024-03-08,28.18,28.35,27.25,27.82,28.15,28.08,28.54,26.18,,29.9164,0,28.9577,0,53139,47915,-0.1172,-0.0774,-0.0398,0
2024-03-11,27.84,28.00,27.07,27.08,27.98,28.03,28.45,26.22,,29.9164,0,28.8798,0,28526,47892,-0.1840,-0.0987,-0.0853,0
2024-03-12,27.00,27.36,26.82,27.31,27.79,28.00,28.36,26.25,,29.9164,0,28.8034,0,22279,47692,-0.2160,-0.1222,-0.0938,0
2024-03-13,27.35,27.88,27.11,27.84,27.77,28.06,28.30,26.29,,29.9164,0,28.7285,0,38032,47977,-0.1962,-0.1370,-0.0592,0
2024-03-14,27.84,27.93,26.10,26.31,27.63,28.01,28.23,26.32,,29.9164,0,28.6551,0,54220,47932,-0.3006,-0.1697,-0.1309,0
2024-03-15,26.17,26.70,25.59,25.72,27.39,27.86,28.17,26.34,,29.5080,0,28.5832,0,67345,47880,-0.4260,-0.2210,-0.2050,0
2024-03-18,25.78,26.41,25.52,26.14,27.18,27.69,28.11,26.37,,29.2587,0,28.5128,0,61160,47923,-0.4859,-0.2739,-0.2119,0
2024-03-19,26.08,26.28,25.98,26.13,27.01,27.53,28.04,26.39,,29.1843,0,28.4437,0,32143,47927,-0.5280,-0.3248,-0.2033,0
2024-03-20,26.00,26.63,25.90,26.58,26.87,27.45,27.98,26.42,,29.1843,0,28.3760,0,29097,47025,-0.5192,-0.3636,-0.1555,0
2024-03-21,26.83,27.08,26.34,26.34,26.73,27.41,27.92,26.45,,29.1843,0,28.3097,0,26005,45888,-0.5255,-0.3960,-0.1294,0
2024-03-22,26.57,26.61,26.02,26.43,26.59,27.37,27.88,26.48,,29.0958,0,28.2447,0,25582,45559,-0.5172,-0.4202,-0.0970,0
2024-03-25,26.52,27.01,26.19,27.00,26.58,27.28,27.86,26.51,,29.0958,0,28.1810,0,25880,44827,-0.4594,-0.4281,-0.0313,0
2024-03-26,27.29,27.41,26.95,27.02,26.55,27.17,27.83,26.54,,29.0958,0,28.1186,0,31946,44852,-0.4072,-0.4239,0.0167,0
2024-03-27,27.02,27.41,26.71,27.32,26.50,27.13,27.81,26.58,,29.0958,0,28.0574,0,34355,44189,-0.3378,-0.4067,0.0689,0
2024-03-28,27.22,27.55,27.01,27.13,26.58,27.10,27.77,26.62,,29.0958,0,27.9975,0,30649,43545,-0.2947,-0.3843,0.0896,0
2024-04-01,26.90,27.10,26.42,26.72,26.68,27.04,27.74,26.65,,29.0958,0,27.9387,0,68580,44275,-0.2903,-0.3655,0.0752,0
2024-04-02,26.49,26.65,25.83,26.30,26.70,26.94,27.70,26.68,,28.6966,0,27.8812,0,79423,43422,-0.3171,-0.3558,0.0387,0
2024-04-03,26.07,27.75,25.99,27.68,26.85,26.93,27.69,26.72,,28.6966,0,27.8247,0,58803,43882,-0.2243,-0.3295,0.1052,0
2024-04-04,27.68,27.91,27.14,27.28,26.92,26.90,27.67,26.76,,28.6966,0,25.0600,1,68216,44611,-0.1810,-0.2998,0.1188,0
2024-04-05,27.20,28.07,26.92,27.66,27.05,26.89,27.67,26.79,,28.6966,0,25.1170,1,46001,44610,-0.1147,-0.2628,0.1481,0
2024-04-08,27.65,28.14,27.56,28.11,27.22,26.90,27.68,26.83,,28.6966,0,25.2351,1,27635,44526,-0.0256,-0.2154,0.1898,0
2024-04-09,28.20,28.33,27.73,28.01,27.32,26.95,27.69,26.87,,28.6966,0,25.4094,1,33455,44563,0.0366,-0.1650,0.2016,0
2024-04-10,27.59,28.43,27.26,28.39,27.46,27.01,27.69,26.88,,28.6966,0,25.6431,1,32569,44558,0.1152,-0.1089,0.2241,0
2024-04-11,28.69,28.69,28.00,28.56,27.58,27.04,27.68,26.90,,28.6966,0,25.9218,1,28606,44332,0.1890,-0.0493,0.2384,0
2024-04-12,28.39,28.46,26.95,27.25,27.60,27.09,27.67,26.90,,28.6966,0,26.2539,1,71915,44974,0.1402,-0.0114,0.1517,0
2024-04-15,27.09,27.22,26.40,26.82,27.61,27.14,27.64,26.91,,28.6966,0,28.6900,0,54587,45534,0.0661,0.0041,0.0620,0
2024-04-16,26.87,26.98,26.11,26.15,27.59,27.14,27.60,26.90,,28.6966,0,28.6442,0,51908,46069,-0.0462,-0.0060,-0.0402,0
2024-04-17,26.24,26.54,25.85,26.18,27.44,27.15,27.56,26.90,,28.6966,0,28.5428,0,31712,45992,-0.1313,-0.0310,-0.1002,0
2024-04-18,26.07,26.31,24.77,24.80,27.19,27.06,27.47,26.89,,28.4460,0,28.3813,0,57040,46582,-0.3065,-0.0861,-0.2204,0
2024-04-19,24.86,25.87,23.53,24.32,26.86,26.96,27.38,26.87,,28.0174,0,28.0924,0,134599,48651,-0.4786,-0.1646,-0.3140,0
2024-04-22,24.37,25.15,23.55,24.11,26.46,26.84,27.29,26.86,,27.8156,0,27.6361,0,78972,48886,-0.6247,-0.2566,-0.3681,0
2024-04-23,25.03,25.82,24.56,25.27,26.18,26.75,27.23,26.85,,27.8156,0,27.2255,0,53835,49324,-0.6395,-0.3332,-0.3063,0
2024-04-24,25.58,25.96,25.34,25.81,25.93,26.69,27.19,26.84,,27.8156,0,26.8560,0,70740,49488,-0.6008,-0.3867,-0.2141,0
2024-04-25,25.44,25.44,24.81,24.92,25.56,26.57,27.15,26.84,,27.8156,0,26.5234,0,30235,48977,-0.6346,-0.4363,-0.1983,0
2024-04-26,24.92,25.06,24.63,24.80,25.32,26.46,27.10,26.83,,27.8156,0,26.2240,0,32094,47941,-0.6634,-0.4817,-0.1817,0
2024-04-29,25.02,25.75,24.81,25.00,25.14,26.37,27.03,26.82,,27.8156,0,25.9546,0,35708,47492,-0.6625,-0.5179,-0.1446,0
2024-04-30,24.77,25.27,24.28,24.72,24.99,26.29,26.93,26.82,,27.8156,0,25.7500,0,41433,47183,-0.6765,-0.5496,-0.1269,0
2024-05-01,25.11,26.46,25.04,25.59,24.93,26.19,26.86,26.81,,27.8156,0,23.5300,1,41154,47400,-0.6104,-0.5618,-0.0487,0
2024-05-02,25.88,26.11,25.35,25.66,25.02,26.11,26.81,26.81,,27.8156,0,23.5886,1,39745,47284,-0.5461,-0.5586,0.0125,0
2024-05-03,26.23,26.43,25.40,25.55,25.14,26.00,26.77,26.81,,27.8156,0,23.6460,1,32170,46193,-0.4982,-0.5465,0.0483,0
2024-05-06,25.44,26.21,25.32,25.95,25.33,25.89,26.75,26.82,,27.8156,0,23.7023,1,36198,46138,-0.4232,-0.5219,0.0987,0
2024-05-07,26.15,26.22,25.61,26.08,25.41,25.80,26.69,26.82,,27.8156,0,23.7575,1,31173,45623,-0.3491,-0.4873,0.1382,0
2024-05-08,25.79,26.25,25.60,26.00,25.43,25.68,26.63,26.83,,27.8156,0,23.8115,1,49444,45450,-0.2936,-0.4486,0.1550,0
2024-05-09,28.31,28.31,25.25,26.38,25.57,25.57,26.60,26.85,,27.8156,0,23.8645,1,63850,46113,-0.2164,-0.4021,0.1858,0
2024-05-10,26.57,26.82,25.31,25.97,25.69,25.50,26.56,26.85,,27.8156,0,24.0423,1,75900,46736,-0.1861,-0.3589,0.1728,0
2024-05-13,26.21,26.36,25.26,25.83,25.77,25.45,26.52,26.86,,27.8156,0,24.2130,1,42180,46436,-0.1715,-0.3214,0.1500,0
2024-05-14,26.02,26.24,25.15,25.45,25.85,25.42,26.46,26.87,,27.8156,0,24.3769,1,34956,46508,-0.1883,-0.2948,0.1065,0
2024-05-15,25.93,26.19,24.90,24.93,25.78,25.36,26.40,26.87,,27.8156,0,24.5342,1,46278,46509,-0.2409,-0.2840,0.0431,0
2024-05-16,24.77,25.29,24.57,25.10,25.72,25.37,26.35,26.87,,27.8156,0,28.3100,0,25923,46230,-0.2658,-0.2804,0.0146,0
2024-05-17,25.09,25.11,24.38,24.77,25.65,25.39,26.29,26.87,26.18,27.8156,0,28.2352,0,64236,46633,-0.3085,-0.2860,-0.0225,0
2024-05-20,24.81,25.62,24.60,25.54,25.61,25.47,26.24,26.88,26.20,27.8156,0,28.0810,0,30525,46180,-0.2771,-0.2842,0.0071,0
2024-05-21,25.70,25.99,24.41,24.53,25.45,25.43,26.19,26.87,26.21,27.8156,0,27.9330,0,51962,46649,-0.3299,-0.2934,-0.0366,0
2024-05-22,24.52,24.65,23.90,24.16,25.27,25.35,26.13,26.86,26.22,27.6107,0,27.7908,0,40120,47006,-0.3970,-0.3141,-0.0829,0
2024-05-23,24.20,24.34,23.58,23.60,24.99,25.28,26.04,26.85,26.23,27.1901,0,27.5574,0,42447,47094,-0.4898,-0.3492,-0.1405,0
2024-05-24,23.66,23.76,21.92,22.00,24.59,25.14,25.96,26.83,26.23,26.2991,0,27.2392,0,54043,47091,-0.6845,-0.4163,-0.2682,0
2024-05-28,49.65,50.10,44.51,48.06,26.81,26.29,26.40,26.98,26.36,35.7618,1,21.9200,1,1605689,77858,1.2496,-0.0831,1.3327,0
2024-05-29,46.00,53.98,45.85,53.55,29.62,27.74,26.95,27.17,26.51,37.0871,1,21.9200,1,715846,90951,3.1887,0.5713,2.6174,0
2024-05-30,54.78,58.82,54.67,56.98,32.83,29.30,27.57,27.39,26.69,43.6189,1,23.2024,1,931076,108930,4.9451,1.4460,3.4991,0
2024-05-31,56.98,57.61,53.69,55.05,35.82,30.77,28.14,27.58,26.85,43.6189,1,25.3395,1,396030,116269,6.1110,2.3790,3.7320,0
2024-06-03,54.71,58.24,54.71,55.94,38.94,32.29,28.73,27.79,27.02,43.7255,1,27.3483,1,394690,123642,7.0257,3.3084,3.7174,0
2024-06-04,56.05,57.10,54.73,57.00,42.09,33.85,29.34,28.01,27.19,43.7294,1,29.2366,1,204539,127221,7.7469,4.1961,3.5508,0
2024-06-05,57.78,58.27,55.81,57.83,45.42,35.43,29.96,28.23,27.37,45.3350,1,31.0116,1,151341,129731,8.2899,5.0148,3.2750,0
2024-06-06,57.59,58.99,56.51,57.17,48.72,36.99,30.56,28.45,27.55,46.4715,1,32.6801,1,152307,132138,8.5681,5.7255,2.8427,0
2024-06-07,57.17,57.36,55.74,56.85,52.04,38.52,31.15,28.66,27.72,46.4715,1,34.7849,1,124291,133937,8.6630,6.3130,2.3500,0
2024-06-10,56.85,60.74,56.03,59.90,55.83,40.21,31.81,28.89,27.91,47.3990,1,36.7213,1,274204,138808,8.8819,6.8268,2.0551,0
2024-06-11,59.68,62.69,57.92,61.87,57.21,42.01,32.51,29.14,28.11,48.9866,1,39.1232,1,257311,142582,9.1093,7.2833,1.8260,0
2024-06-12,62.12,63.23,60.82,61.65,58.02,43.82,33.22,29.39,28.31,51.1154,1,41.9512,1,225694,145508,9.1662,7.6599,1.5063,0
2024-06-13,61.35,65.00,61.35,61.63,58.49,45.66,33.89,29.64,28.51,52.2614,1,44.9302,1,266704,149666,9.1046,7.9488,1.1558,0
2024-06-14,60.84,64.01,60.84,63.92,59.38,47.60,34.63,29.91,28.72,52.2614,1,48.1414,1,210936,152520,9.1353,8.1861,0.9492,0
2024-06-17,62.99,64.98,61.66,64.70,60.25,49.60,35.37,30.18,28.94,52.6281,1,50.8388,1,198894,155578,9.1175,8.3724,0.7451,0
2024-06-18,64.80,65.98,63.64,65.58,61.11,51.60,36.12,30.46,29.16,54.4853,1,53.1046,1,202544,159076,9.0699,8.5119,0.5580,0
2024-06-20,65.41,66.98,63.80,64.71,61.80,53.61,36.85,30.73,29.37,55.1437,1,55.4221,1,153097,161469,8.8597,8.5815,0.2783,0
2024-06-21,65.28,68.08,64.79,67.99,62.88,55.80,37.64,31.02,29.57,56.2024,1,57.7337,1,367506,168168,8.8558,8.6363,0.2195,0
2024-06-24,67.38,69.74,67.37,68.43,64.04,58.04,38.44,31.31,29.78,58.6346,1,59.8030,1,224724,172090,8.7869,8.6664,0.1205,0
2024-06-25,69.54,70.65,68.75,69.71,65.02,60.43,39.29,31.62,30.00,60.1057,1,61.7904,1,270600,176064,8.7349,8.6801,0.0548,0
2024-06-26,70.00,70.00,67.75,68.98,65.73,61.47,40.13,31.91,30.21,60.1057,1,63.5623,1,139222,177757,8.5364,8.6514,-0.1150,0
2024-06-27,69.35,70.48,66.69,66.95,66.26,62.14,40.95,32.19,30.42,60.1057,1,64.9798,1,159475,179908,8.1216,8.5454,-0.4238,0.00
2024-06-28,67.25,67.50,65.14,67.00,66.80,62.64,41.77,32.48,30.62,60.1057,1,70.6500,0,321600,185706,7.7081,8.3780,-0.6699,0.00
2024-07-01,66.45,67.35,65.08,66.34,67.04,63.21,42.60,32.76,30.82,60.1057,1,70.5398,0,263164,189828,7.2436,8.1511,-0.9075,0.00
2024-07-02,65.83,66.88,63.88,64.50,67.02,63.64,43.40,33.03,31.01,60.1057,1,70.3214,0,182200,190780,6.6504,7.8510,-1.2006,0.00
2024-07-03,64.29,64.68,61.52,62.00,66.66,63.89,44.16,33.29,31.18,60.1057,1,69.9349,0,123572,191672,5.9104,7.4629,-1.5524,0.00
2024-07-05,63.06,70.00,62.84,70.00,67.19,64.49,45.05,33.59,31.40,60.1057,1,61.5200,1,289751,196390,5.9015,7.1506,-1.2491,0.00
2024-07-08,69.59,70.75,67.92,70.05,67.40,65.14,45.94,33.89,31.62,60.1057,1,61.5200,1,187720,198730,5.8312,6.8867,-1.0555,0.00
2024-07-09,70.05,71.32,68.75,70.27,67.58,65.81,46.84,34.19,31.84,60.1057,1,61.8892,1,211731,202360,5.7272,6.6548,-0.9276,0.00
2024-07-10,71.25,73.28,70.28,73.10,67.92,66.47,47.81,34.50,32.08,61.7956,1,62.4550,1,166887,205056,5.8063,6.4851,-0.6788,0.00
2024-07-11,73.77,77.26,73.43,77.03,68.72,67.23,48.85,34.84,32.33,65.1110,1,63.3210,1,284040,210022,6.1155,6.4112,-0.2957,0.00
2024-07-12,77.00,77.93,75.57,76.71,69.70,67.98,49.89,35.17,32.58,66.8314,1,64.7149,1,374122,216676,6.2626,6.3815,-0.1189,0.00
2024-07-15,76.39,78.03,75.04,77.47,70.75,68.77,50.93,35.50,32.84,66.8314,1,66.3007,1,169156,219236,6.3671,6.3786,-0.0115,0.00
2024-07-16,78.30,78.87,76.25,77.98,71.91,69.47,51.97,35.84,33.10,67.9326,1,67.9428,1,162011,221682,6.4171,6.3863,0.0308,0.00
2024-07-17,77.45,77.74,74.64,75.54,73.02,70.02,52.97,36.15,33.35,67.9326,1,69.6912,1,171627,224471,6.1885,6.3467,-0.1583,0.00
2024-07-18,75.57,77.12,73.70,75.06,74.32,70.49,53.96,36.47,33.60,67.9326,1,71.1598,1,179446,227336,5.9005,6.2575,-0.3569,0.00
2024-07-19,75.66,77.00,74.34,75.97,74.92,71.05,54.95,36.79,33.85,67.9326,1,72.3934,1,95775,228628,5.6803,6.1420,-0.4617,99.59
2024-07-22,76.54,77.40,75.24,76.28,75.54,71.47,55.96,37.11,34.11,67.9326,1,73.4297,1,126556,230170,5.4678,6.0072,-0.5394,99.59
2024-07-23,75.61,76.95,75.60,75.99,76.11,71.85,56.95,37.42,34.37,67.9326,1,74.3001,1,92571,230744,5.2158,5.8489,-0.6331,99.48
2024-07-24,75.32,75.86,73.24,74.43,76.25,72.08,57.92,37.73,34.62,67.9326,1,78.8700,0,117622,231579,4.8345,5.6460,-0.8115,99.44
2024-07-25,74.27,76.13,73.62,74.50,75.99,72.36,58.89,38.04,34.87,67.9326,1,78.7574,0,128036,233296,4.4862,5.4141,-0.9278,99.48
2024-07-26,75.28,75.28,72.90,74.54,75.78,72.74,59.88,38.34,35.12,67.9326,1,78.6471,0,106130,234719,4.1655,5.1643,-0.9989,99.48
2024-07-29,75.00,75.68,73.15,74.56,75.48,73.12,60.87,38.65,35.37,67.9326,1,78.4172,0,89934,235593,3.8683,4.9051,-1.0369,99.55
2024-07-30,74.56,77.10,72.88,72.91,74.98,73.44,61.83,38.94,35.61,67.9326,1,78.1965,0,129080,237656,3.4597,4.6160,-1.1563,99.59
2024-07-31,73.45,74.62,72.06,72.75,74.70,73.86,62.79,39.23,35.85,67.9326,1,77.8775,0,114727,238666,3.0874,4.3103,-1.2229,99.55
2024-08-01,72.85,75.64,72.33,75.33,74.73,74.52,63.78,39.52,36.10,67.9326,1,77.4121,0,134283,240741,2.9664,4.0415,-1.0751,99.63
2024-08-02,73.45,74.08,71.07,71.81,74.31,74.61,64.73,39.79,36.34,67.9326,1,76.9839,0,133768,242377,2.5570,3.7446,-1.1877,99.59
2024-08-05,67.31,72.40,67.22,71.19,73.80,74.67,65.67,40.05,36.56,67.9326,1,76.3925,0,151592,244606,2.1576,3.4272,-1.2696,99.63
2024-08-06,72.29,74.20,71.15,72.68,73.47,74.79,66.65,40.33,36.80,67.9326,1,75.2918,0,94935,245656,1.9389,3.1296,-1.1906,99.63
2024-08-07,73.67,73.67,70.29,70.99,73.13,74.69,67.63,40.60,37.03,67.9326,1,74.3232,0,86601,246307,1.6107,2.8258,-1.2151,99.71
2024-08-08,69.04,72.82,68.25,71.81,72.86,74.43,68.10,40.89,37.26,67.9326,1,74.2000,0,113955,216472,1.4006,2.5408,-1.1401,99.63
2024-08-09,72.81,74.01,71.90,73.98,72.80,74.29,68.51,41.19,37.51,67.9326,1,67.2200,1,113581,204427,1.3932,2.3112,-0.9181,99.59
2024-08-12,73.50,74.14,72.20,74.09,72.75,74.12,68.85,41.49,37.75,67.9326,1,67.3558,1,164413,189094,1.3802,2.1250,-0.7448,99.59
2024-08-13,75.81,77.05,74.95,76.38,73.10,74.04,69.28,41.80,38.01,67.9326,1,67.6272,1,145832,184090,1.5371,2.0074,-0.4704,99.63
2024-08-14,76.50,76.93,74.41,74.87,73.31,74.01,69.66,42.10,38.26,67.9326,1,68.1925,1,124689,178690,1.5219,1.9103,-0.3884,99.67
2024-08-15,75.41,75.55,70.56,74.14,73.19,73.96,70.00,42.41,38.51,67.9326,1,68.7240,1,211662,178832,1.4345,1.8152,-0.3807,99.67
2024-08-16,73.34,78.50,73.26,76.20,73.63,73.97,70.37,42.73,38.77,67.9326,1,69.2235,1,390220,183610,1.5140,1.7550,-0.2409,99.71
2024-08-19,75.90,77.64,75.50,77.59,74.27,74.04,70.78,43.06,39.03,67.9326,1,69.9657,1,188202,184328,1.6699,1.7379,-0.0680,99.59
2024-08-20,77.23,77.50,74.63,76.19,74.62,74.05,71.16,43.37,39.29,67.9326,1,70.6484,1,168868,185219,1.6614,1.7226,-0.0613,99.59
2024-08-21,76.15,77.19,75.64,77.01,75.23,74.18,71.51,43.70,39.55,67.9326,1,71.2765,1,132850,182392,1.7011,1.7183,-0.0172,99.63
2024-08-22,77.20,80.53,76.51,79.01,75.95,74.40,71.85,44.03,39.82,68.9088,1,71.8544,1,268318,182613,1.8725,1.7492,0.1233,99.63
2024-08-23,79.09,80.30,76.74,78.84,76.43,74.62,72.19,44.37,40.09,68.9088,1,72.7220,1,391630,185931,1.9718,1.7937,0.1781,99.13
2024-08-26,79.00,79.06,75.02,75.21,76.54,74.65,72.47,44.68,40.35,68.9088,1,73.5028,1,179098,184179,1.7376,1.7825,-0.0449,98.78
2024-08-27,74.99,77.36,74.06,77.11,76.62,74.86,72.73,45.01,40.61,68.9088,1,80.5300,0,126183,182484,1.6858,1.7631,-0.0773,98.82
2024-08-28,76.97,77.76,76.01,76.53,76.78,75.05,72.97,45.34,40.88,68.9088,1,80.4006,0,116341,180833,1.5798,1.7265,-0.1467,98.93
2024-08-29,76.70,78.24,76.23,76.33,77.00,75.10,73.18,45.66,41.14,68.9088,1,80.2738,0,89062,178563,1.4628,1.6737,-0.2110,98.82
2024-08-30,76.49,76.79,74.74,76.47,77.03,75.33,73.42,45.98,41.41,68.9088,1,80.1495,0,131674,178135,1.3656,1.6121,-0.2465,98.70
2024-09-03,77.55,78.10,73.18,73.31,76.60,75.44,73.52,46.29,41.65,68.9088,1,80.0277,0,159501,173975,1.0218,1.4940,-0.4722,98.89
2024-09-04,72.62,75.49,71.82,75.25,76.51,75.57,73.66,46.59,41.90,68.9088,1,79.7538,0,101392,171508,0.8956,1.3743,-0.4788,98.90
2024-09-05,75.39,75.68,72.73,72.91,76.10,75.66,73.72,46.90,42.14,68.9088,1,79.2778,0,64853,167393,0.5998,1.2194,-0.6196,98.86
2024-09-06,72.72,73.22,70.19,71.04,75.30,75.62,73.76,47.18,42.37,68.9088,1,78.8303,0,124462,167098,0.2121,1.0180,-0.8059,98.78
2024-09-09,71.29,72.88,71.06,71.82,74.60,75.51,73.86,47.47,42.61,68.9088,1,78.1391,0,168404,167277,-0.0319,0.8080,-0.8399,98.70
2024-09-10,71.46,72.12,70.63,71.57,74.23,75.39,73.95,47.76,42.85,68.9088,1,77.5032,0,147284,163790,-0.2427,0.5979,-0.8405,98.78
2024-09-11,71.25,74.43,71.13,72.76,73.80,75.21,74.08,48.05,43.09,68.9088,1,76.9181,0,114051,160808,-0.3101,0.4163,-0.7263,98.82
2024-09-12,72.73,74.93,72.68,73.91,73.54,75.16,74.27,48.35,43.34,68.9088,1,76.3799,0,100968,159183,-0.2676,0.2795,-0.5471,98.70
2024-09-13,74.14,74.91,73.52,74.66,73.37,75.19,74.52,48.66,43.59,68.9088,1,75.8847,0,111662,158945,-0.1715,0.1893,-0.3608,98.47
2024-09-16,74.93,75.56,72.44,73.23,73.05,75.04,74.59,48.96,43.84,68.9088,1,70.1900,1,102742,155205,-0.2083,0.1098,-0.3180,98.24
2024-09-17,73.58,75.48,72.38,73.26,73.04,74.82,74.65,49.26,44.08,68.9088,1,70.2974,1,100234,153455,-0.2323,0.0414,-0.2737,98.01
2024-09-18,73.58,74.53,72.58,72.87,72.80,74.66,74.70,49.57,44.32,68.9088,1,70.4027,1,108533,151391,-0.2796,-0.0228,-0.2568,97.85
2024-09-19,74.10,76.26,73.67,74.97,73.01,74.55,74.74,49.88,44.56,68.9088,1,70.5058,1,140471,150863,-0.1460,-0.0475,-0.0985,97.93
2024-09-20,74.86,75.53,73.83,74.21,73.33,74.31,74.68,50.19,44.80,68.9088,1,70.7360,1,527685,155736,-0.1003,-0.0580,-0.0422,97.74
2024-09-23,74.01,74.61,71.19,71.82,73.33,73.96,74.59,50.47,45.02,68.9088,1,70.9569,1,124766,150749,-0.2539,-0.0972,-0.1567,97.74
2024-09-24,71.79,72.78,70.00,72.63,73.43,73.83,74.49,50.76,45.25,68.9088,1,76.2600,0,138055,150127,-0.3068,-0.1391,-0.1677,97.77
2024-09-25,72.74,73.46,72.22,72.74,73.43,73.61,74.39,51.06,45.47,68.9088,1,76.1348,0,105982,149006,-0.3360,-0.1785,-0.1575,97.66
2024-09-26,73.33,73.80,72.16,72.87,73.33,73.43,74.33,51.36,45.70,68.9088,1,76.0121,0,113743,147848,-0.3446,-0.2117,-0.1329,97.70
2024-09-27,73.05,73.28,72.04,72.48,73.11,73.24,74.28,51.66,45.93,68.9088,1,75.8919,0,63717,145534,-0.3786,-0.2451,-0.1335,97.70
2024-09-30,72.63,74.19,71.65,73.00,73.09,73.07,74.22,51.96,46.15,68.9088,1,75.7740,0,129998,146218,-0.3594,-0.2680,-0.0915,97.62
2024-10-01,73.00,73.12,71.74,72.88,73.05,73.04,74.15,52.25,46.37,68.9088,1,75.6585,0,94095,145569,-0.3499,-0.2843,-0.0655,97.74
2024-10-02,72.00,73.60,71.17,73.02,73.06,72.93,74.09,52.55,46.59,68.9088,1,75.5454,0,150377,146725,-0.3272,-0.2929,-0.0343,97.43
2024-10-03,72.62,73.81,71.11,71.40,72.70,72.86,74.03,52.84,46.81,68.9088,1,75.4345,0,80104,145975,-0.4350,-0.3213,-0.1137,97.20
2024-10-04,72.31,72.68,71.17,72.27,72.51,72.92,73.99,53.13,47.02,68.9088,1,75.3258,0,90468,145223,-0.4451,-0.3461,-0.0990,97.08
2024-10-07,72.14,72.36,70.20,70.50,72.38,72.85,73.91,53.42,47.23,68.9088,1,75.2193,0,67701,144455,-0.5891,-0.3947,-0.1944,96.89
2024-10-08,70.78,72.59,70.40,71.37,72.25,72.84,73.84,53.71,47.45,68.9088,1,75.1149,0,73754,144131,-0.6258,-0.4409,-0.1849,97.35
2024-10-09,71.27,71.39,69.71,69.96,71.98,72.70,73.78,53.99,47.65,68.9088,1,75.0126,0,80496,143160,-0.7599,-0.5047,-0.2552,97.16
2024-10-10,69.36,71.75,69.08,71.70,71.86,72.59,73.76,54.28,47.86,68.9088,1,74.8005,0,65362,142172,-0.7175,-0.5473,-0.1703,97.58
2024-10-11,72.15,74.59,71.54,74.56,72.07,72.59,73.75,54.59,48.08,68.9088,1,69.0800,1,98993,141467,-0.4480,-0.5274,0.0794,97.74
2024-10-14,74.56,75.46,73.74,75.08,72.27,72.68,73.81,54.91,48.30,68.9088,1,69.0800,1,77257,140336,-0.1902,-0.4600,0.2698,97.82
2024-10-15,75.27,75.67,74.06,74.66,72.45,72.75,73.88,55.23,48.51,68.9088,1,69.3352,1,60736,138519,-0.0196,-0.3719,0.3523,97.62
2024-10-16,74.87,77.70,74.68,76.65,72.82,72.94,73.96,55.55,48.74,69.3610,1,69.7153,1,76037,138141,0.2730,-0.2429,0.5159,97.58
2024-10-17,76.51,76.90,73.99,74.27,73.10,72.90,74.03,55.87,48.96,69.3610,1,70.3541,1,89971,138209,0.3093,-0.1325,0.4418,97.35
2024-10-18,74.46,75.75,74.16,74.54,73.33,72.92,74.08,56.20,49.19,69.3610,1,70.9417,1,67548,137280,0.3558,-0.0348,0.3906,97.55
2024-10-21,73.99,74.29,71.81,72.28,73.51,72.94,74.05,56.50,49.41,69.3610,1,71.4824,1,81785,136645,0.2079,0.0137,0.1941,97.24
2024-10-22,72.02,74.03,72.00,73.68,73.74,73.00,74.04,56.82,49.63,69.3610,1,71.8100,1,65339,134663,0.2013,0.0512,0.1500,97.39
2024-10-23,73.24,73.61,71.79,71.94,73.94,72.96,73.95,57.12,49.84,69.3610,1,77.7000,0,66005,133067,0.0550,0.0520,0.0030,97.20
2024-10-24,72.00,73.00,71.35,71.71,73.94,72.90,73.89,57.43,50.05,69.3610,1,77.5818,0,57727,131727,-0.0786,0.0259,-0.1044,97.04
2024-10-25,71.66,72.40,70.79,70.96,73.58,72.82,73.82,57.72,50.26,69.3610,1,77.3325,0,47855,128451,-0.2421,-0.0277,-0.2144,97.08
2024-10-28,71.73,72.22,71.11,71.96,73.27,72.77,73.74,58.02,50.48,69.3610,1,76.9400,0,92454,122496,-0.2878,-0.0797,-0.2080,96.93
2024-10-29,70.95,71.59,70.23,70.95,72.89,72.67,73.61,58.31,50.69,69.3610,1,76.5710,0,74306,120218,-0.4008,-0.1440,-0.2569,96.70
2024-10-30,70.65,71.37,70.00,70.30,72.26,72.54,73.49,58.60,50.90,69.3610,1,76.0637,0,82258,118486,-0.5367,-0.2225,-0.3142,96.70
2024-10-31,68.59,70.39,67.05,67.28,71.56,72.33,73.29,58.87,51.10,74.9744,0,75.4573,0,163564,119100,-0.8779,-0.3536,-0.5243,96.54
2024-11-01,67.78,68.88,65.95,68.32,70.94,72.13,73.08,59.15,51.29,73.9230,0,74.4484,0,110487,115943,-1.0523,-0.4933,-0.5590,96.50
2024-11-04,67.10,69.57,66.78,68.09,70.52,72.01,72.87,59.43,51.49,73.9230,0,73.2587,0,112083,110352,-1.1953,-0.6337,-0.5615,96.81
2024-11-05,67.85,69.32,67.42,69.30,70.08,71.91,72.75,59.70,51.70,73.9230,0,72.2355,0,97020,108711,-1.1971,-0.7464,-0.4507,96.62
2024-11-06,72.17,74.00,70.81,72.86,70.17,72.05,72.66,60.01,51.92,73.9230,0,65.9500,1,158726,109362,-0.9010,-0.7773,-0.1237,96.81
2024-11-07,73.00,73.49,71.57,71.69,70.17,72.05,72.57,60.30,52.14,73.9230,0,66.1110,1,79361,108622,-0.7520,-0.7722,0.0202,96.47
2024-11-08,71.83,73.64,71.06,73.54,70.43,72.00,72.51,60.60,52.37,73.9230,0,66.2688,1,82505,108491,-0.4791,-0.7136,0.2345,96.77
2024-11-11,73.55,74.12,71.52,71.82,70.42,71.84,72.42,60.89,52.59,73.9230,0,66.4234,1,95147,107760,-0.3971,-0.6503,0.2532,96.35
2024-11-12,71.23,71.86,69.57,70.14,70.33,71.61,72.35,61.17,52.80,73.9230,0,66.7313,1,116818,106907,-0.4623,-0.6127,0.1504,96.51
2024-11-13,71.09,71.42,69.91,70.60,70.36,71.31,72.26,61.45,53.01,73.9230,0,67.0268,1,119625,107271,-0.4715,-0.5845,0.1130,96.66
2024-11-14,70.30,74.32,70.20,71.26,70.76,71.16,72.23,61.75,53.23,73.9230,0,67.3105,1,144073,108856,-0.4206,-0.5517,0.1311,96.93
2024-11-15,72.11,72.11,65.97,66.29,70.56,70.75,72.13,62.01,53.42,73.9230,0,74.3200,0,194581,110258,-0.7724,-0.5958,-0.1766,96.70
2024-11-18,66.29,67.26,64.86,66.61,70.41,70.47,72.03,62.28,53.61,73.9230,0,74.3200,0,107069,109032,-1.0137,-0.6794,-0.3343,91.99
2024-11-19,68.50,73.78,67.90,73.72,70.85,70.47,72.07,62.60,53.84,73.9230,0,73.9416,0,214562,110377,-0.6241,-0.6683,0.0443,94.15
2024-11-20,73.50,73.95,71.17,72.67,70.83,70.50,72.07,62.92,54.05,73.9230,0,64.8600,1,124433,110585,-0.3954,-0.6138,0.2183,93.88
2024-11-21,73.12,74.09,70.94,73.81,71.05,70.61,72.07,63.25,54.28,73.9230,0,65.0418,1,101393,110593,-0.1208,-0.5152,0.3943,93.54
2024-11-22,74.59,74.63,72.94,73.15,71.01,70.72,72.04,63.57,54.50,73.9230,0,65.4037,1,128525,110931,0.0430,-0.4035,0.4466,92.92
2024-11-25,74.25,76.46,74.05,74.09,71.23,70.82,72.05,63.90,54.73,66.0200,1,65.9573,1,125479,111385,0.2459,-0.2736,0.5195,93.30
2024-11-26,73.85,76.00,73.52,75.68,71.79,71.06,72.10,64.23,54.97,66.0200,1,66.7975,1,83589,111052,0.5289,-0.1131,0.6420,93.77
2024-11-27,75.78,76.65,74.79,75.88,72.32,71.34,72.16,64.57,55.22,67.0120,1,67.5705,1,77261,110427,0.7605,0.0616,0.6989,93.73
2024-11-29,76.53,76.53,74.83,75.16,72.71,71.73,72.17,64.91,55.45,67.3328,1,68.4785,1,54093,108699,0.8759,0.2245,0.6514,93.15
2024-12-02,75.02,75.46,71.85,72.42,73.32,71.94,72.13,65.22,55.67,67.3328,1,69.2956,1,127307,100692,0.7377,0.3271,0.4106,92.65
2024-12-03,72.42,73.67,71.95,72.43,73.90,72.16,72.14,65.54,55.89,67.3328,1,70.0311,1,87061,99938,0.6219,0.3861,0.2358,92.34
2024-12-04,72.48,75.56,71.75,75.36,74.06,72.46,72.20,65.87,56.12,67.3328,1,70.6930,1,116047,99498,0.7578,0.4604,0.2974,93.23
2024-12-05,75.24,78.83,75.24,75.33,74.33,72.58,72.25,66.20,56.35,68.2453,1,71.2887,1,169063,100759,0.8532,0.5390,0.3142,93.57
2024-12-06,75.34,76.98,74.33,75.40,74.49,72.77,72.30,66.54,56.60,68.2453,1,71.7500,1,106472,100614,0.9238,0.6159,0.3079,92.92
2024-12-09,75.00,76.48,72.30,72.77,74.45,72.73,72.31,66.85,56.82,68.2453,1,78.8300,0,127631,101892,0.7588,0.6445,0.1143,92.03
2024-12-10,73.14,73.95,72.16,72.62,74.31,72.77,72.30,67.16,57.04,68.2453,1,78.6994,0,77268,100837,0.6089,0.6374,-0.0285,92.03
2024-12-11,73.79,75.05,72.95,74.20,74.16,72.97,72.32,67.48,57.27,68.2453,1,78.4378,0,93143,100818,0.6106,0.6320,-0.0214,92.11
2024-12-12,73.50,74.36,72.04,72.05,73.77,73.05,72.31,67.78,57.49,68.2453,1,78.1867,0,255705,102925,0.4335,0.5923,-0.1589,91.18
2024-12-13,72.50,73.29,70.86,71.63,73.42,73.06,72.31,68.09,57.71,68.2453,1,77.8179,0,104802,103419,0.2562,0.5251,-0.2689,91.26
2024-12-16,71.66,73.88,71.65,73.39,73.52,73.42,72.33,68.41,57.93,68.2453,1,77.2613,0,130840,104226,0.2548,0.4710,-0.2162,91.88
2024-12-17,72.53,75.16,72.53,73.85,73.66,73.78,72.40,68.73,58.16,68.2453,1,76.7492,0,165941,106191,0.2875,0.4343,-0.1468,92.73
2024-12-18,73.52,74.49,68.67,70.00,73.12,73.59,72.37,69.03,58.37,68.2453,1,76.2780,0,182147,108359,0.0027,0.3480,-0.3453,93.15
2024-12-19,70.48,71.08,69.12,69.41,72.53,73.43,72.36,69.32,58.58,68.2453,1,75.5172,0,125535,109260,-0.2675,0.2249,-0.4924,92.31
2024-12-20,68.80,71.07,68.80,70.44,72.04,73.26,72.34,69.63,58.79,68.2453,1,74.8325,0,417878,116310,-0.3940,0.1011,-0.4951,92.23
2024-12-23,70.25,70.90,68.80,70.59,71.82,73.13,72.26,69.93,59.01,68.2453,1,74.2163,0,77628,115883,-0.4766,-0.0144,-0.4622,92.42
2024-12-24,70.79,70.82,69.81,70.53,71.61,72.96,72.17,70.24,59.22,68.2453,1,73.6616,0,27020,114878,-0.5407,-0.1197,-0.4210,92.34
2024-12-26,70.27,71.70,69.91,70.67,71.26,72.71,72.09,70.55,59.44,68.2453,1,73.1625,0,78366,115231,-0.5736,-0.2105,-0.3632,91.53
2024-12-27,69.43,70.29,69.04,69.61,71.01,72.39,71.94,70.85,59.65,68.2453,1,72.7132,0,60818,114926,-0.6774,-0.3038,-0.3736,91.26
2024-12-30,68.99,69.60,67.55,68.87,70.74,72.08,71.84,71.16,59.86,68.2453,1,72.3089,0,70213,114531,-0.8100,-0.4051,-0.4050,90.92
2024-12-31,69.38,69.75,68.03,69.04,70.30,71.91,71.73,71.30,60.08,68.2453,1,71.7378,0,78264,114745,-0.8912,-0.5023,-0.3889,91.42
2025-01-02,70.00,70.72,69.28,69.95,69.91,71.79,71.68,71.41,60.30,68.2453,1,71.2353,0,65823,114426,-0.8720,-0.5762,-0.2957,92.04
2025-01-03,69.79,70.75,69.56,69.86,69.90,71.51,71.60,71.50,60.52,68.2453,1,70.7931,0,80423,114728,-0.8542,-0.6318,-0.2224,91.65
2025-01-06,70.24,70.24,66.04,66.62,69.62,71.08,71.50,71.58,60.72,75.2116,0,70.7500,0,144759,116303,-1.0890,-0.7232,-0.3657,89.73
2025-01-07,65.99,67.88,64.70,66.11,69.18,70.61,71.39,71.64,60.92,73.6084,0,70.7500,0,141766,117984,-1.3012,-0.8388,-0.4623,91.15
2025-01-08,65.72,66.50,64.72,65.72,68.70,70.26,71.28,71.70,61.11,72.7306,0,70.2400,0,121194,119450,-1.4837,-0.9678,-0.5159,90.96
2025-01-10,63.62,65.85,61.50,65.25,68.17,69.89,71.15,71.75,61.30,71.3885,0,69.3536,0,201479,121631,-1.6474,-1.1037,-0.5436,91.43
2025-01-13,64.52,69.41,63.73,68.93,68.00,69.63,71.11,71.83,61.51,71.3885,0,61.5000,1,165391,123453,-1.4632,-1.1756,-0.2876,92.86
2025-01-14,68.72,70.22,67.40,68.29,67.86,69.44,71.07,71.91,61.72,71.3885,0,61.5000,1,196115,125730,-1.3533,-1.2112,-0.1421,92.01
2025-01-15,70.00,71.37,68.78,70.20,68.00,69.37,71.12,71.98,61.93,71.3885,0,61.8488,1,178357,126026,-1.0994,-1.1888,0.0894,92.32
2025-01-16,69.91,73.22,69.04,72.75,68.37,69.33,71.21,72.05,62.16,62.0561,1,62.4201,1,175677,127329,-0.6846,-1.0880,0.4034,93.51
2025-01-17,73.50,73.63,71.50,72.51,68.62,69.27,71.30,72.12,62.39,63.7595,1,63.2841,1,122970,127547,-0.3709,-0.9445,0.5737,93.40
2025-01-21,72.92,77.16,72.85,76.75,69.31,69.61,71.45,72.22,62.64,65.6850,1,64.3187,1,227479,130156,0.2174,-0.7122,0.9295,94.56
2025-01-22,77.37,78.55,76.78,78.45,70.50,70.06,71.56,72.32,62.90,68.7370,1,65.8596,1,133459,129651,0.8114,-0.4075,1.2188,94.33
2025-01-23,77.96,79.73,77.53,77.84,71.67,70.43,71.69,72.41,63.15,69.9348,1,67.6363,1,146246,130989,1.2188,-0.0822,1.3010,93.94
2025-01-24,77.61,79.08,76.60,78.48,72.94,70.82,71.78,72.49,63.40,69.9348,1,69.5713,1,75262,130844,1.5753,0.2493,1.3260,94.41
2025-01-27,77.20,78.69,76.46,77.63,74.18,71.18,71.90,72.58,63.65,69.9348,1,71.1967,1,130861,131558,1.7687,0.5532,1.2156,95.02
2025-01-28,78.14,79.24,77.08,78.46,75.14,71.57,72.07,72.65,63.90,69.9685,1,72.5620,1,161957,132461,1.9664,0.8358,1.1306,94.99
2025-01-29,78.11,78.67,77.05,78.00,76.11,71.99,72.21,72.71,64.14,70.0016,1,73.7089,1,78967,131648,2.0621,1.0811,0.9810,94.91
2025-01-30,78.80,80.63,75.57,76.29,76.72,72.36,72.32,72.76,64.39,70.0016,1,74.6723,1,184149,132449,1.9772,1.2603,0.7169,94.30
2025-01-31,76.74,78.86,75.94,76.58,77.10,72.73,72.52,72.81,64.64,70.0016,1,75.5700,1,161798,131794,1.9113,1.3905,0.5208,94.72
2025-02-03,74.86,78.84,74.47,77.88,77.64,73.13,72.75,72.88,64.90,70.0016,1,80.6300,0,104196,131736,1.9416,1.5007,0.4409,95.37
2025-02-04,77.49,81.25,77.49,81.01,78.06,73.69,72.89,72.97,65.17,70.0900,1,74.4700,1,142764,130300,2.1929,1.6392,0.5537,95.45
2025-02-05,81.01,81.96,79.78,81.44,78.36,74.43,73.07,73.07,65.45,71.8640,1,74.4700,1,131143,130434,2.3991,1.7911,0.6079,95.45
2025-02-06,80.90,82.04,80.48,80.78,78.66,75.16,73.21,73.18,65.74,72.6866,1,74.7696,1,201490,132436,2.4806,1.9290,0.5516,95.53
2025-02-07,81.33,81.33,78.94,79.95,78.80,75.87,73.34,73.30,66.02,72.6866,1,75.2058,1,135155,132569,2.4500,2.0332,0.4168,95.72
2025-02-10,79.97,80.11,76.68,78.12,78.85,76.52,73.42,73.36,66.28,72.6866,1,75.6159,1,126797,132595,2.2522,2.0770,0.1751,95.56
2025-02-11,78.87,80.01,78.06,79.89,78.99,77.06,73.51,73.42,66.55,72.6866,1,76.0013,1,116480,133253,2.2127,2.1042,0.1085,95.95
2025-02-12,78.57,80.28,78.53,79.60,79.15,77.63,73.58,73.48,66.82,72.6866,1,76.3636,1,110628,133921,2.1334,2.1100,0.0234,96.03
2025-02-13,79.69,79.69,77.22,78.67,79.39,78.05,73.65,73.52,67.09,72.6866,1,76.7042,1,144407,135727,1.9728,2.0826,-0.1098,95.79
2025-02-14,78.49,79.41,77.83,79.31,79.66,78.38,73.79,73.54,67.36,72.6866,1,77.0244,1,92579,135032,1.8755,2.0411,-0.1656,96.45
2025-02-18,79.83,82.04,78.75,81.36,80.01,78.82,73.97,73.57,67.65,72.6866,1,77.2200,1,206817,137427,1.9414,2.0212,-0.0798,93.03
2025-02-19,81.30,83.89,80.07,83.83,80.29,79.18,74.14,73.61,67.94,73.7513,1,77.5092,1,191434,138935,2.1680,2.0506,0.1175,93.49
2025-02-20,80.10,84.28,79.50,83.61,80.51,79.44,74.30,73.65,68.23,73.7513,1,78.0197,1,191576,139385,2.3033,2.1011,0.2022,93.03
2025-02-21,84.46,84.91,80.43,81.06,80.54,79.60,74.42,73.68,68.51,73.7513,1,78.6457,1,220662,141669,2.1796,2.1168,0.0628,93.34
2025-02-24,81.50,83.69,79.98,80.03,80.55,79.67,74.56,73.72,68.78,73.7513,1,79.3974,1,124623,141609,1.9757,2.0886,-0.1129,93.61
2025-02-25,81.28,81.67,76.20,77.50,80.49,79.67,74.66,73.73,69.03,73.7513,1,84.9100,0,203538,144134,1.5916,1.9892,-0.3976,93.38
2025-02-26,78.67,79.88,77.05,78.10,80.31,79.65,74.74,73.74,69.29,73.7513,1,84.7358,0,85582,143983,1.3204,1.8554,-0.5350,93.42
2025-02-27,78.32,81.11,78.00,79.05,80.25,79.70,74.88,73.76,69.56,73.7513,1,84.5651,0,209064,143050,1.1686,1.7181,-0.5494,93.95
2025-02-28,79.39,81.62,79.30,81.55,80.54,79.97,75.08,73.81,69.84,73.7513,1,84.3978,0,134590,143646,1.2359,1.6216,-0.3858,94.07
2025-03-03,80.90,81.55,75.84,76.29,80.24,79.95,75.13,73.82,70.09,73.7513,1,84.2338,0,191129,144852,0.8548,1.4683,-0.6134,93.69
2025-03-04,75.46,78.41,74.67,77.21,79.82,79.92,75.20,73.84,70.35,73.7513,1,83.8981,0,359235,148718,0.6200,1.2986,-0.6786,94.57
2025-03-05,77.00,78.26,76.40,77.55,79.20,79.75,75.35,73.86,70.61,73.7513,1,83.3444,0,94208,146959,0.4560,1.1301,-0.6741,94.07
2025-03-06,76.64,77.83,74.67,75.02,78.34,79.42,75.46,73.87,70.86,73.7513,1,82.8239,0,108209,146612,0.1205,0.9282,-0.8076,93.69
2025-03-07,75.75,76.17,73.07,74.89,77.72,79.13,75.55,73.88,71.11,73.7513,1,82.3347,0,113556,140526,-0.1540,0.7117,-0.8658,93.23
2025-03-10,74.28,74.69,71.57,73.07,77.02,78.79,75.60,73.87,71.35,83.0490,0,81.5935,0,145753,141888,-0.5126,0.4669,-0.9795,94.04
2025-03-11,73.36,74.71,71.75,73.70,76.64,78.56,75.67,73.88,71.59,83.0451,0,80.5912,0,148616,144320,-0.7374,0.2260,-0.9634,94.00
2025-03-12,74.78,76.31,73.96,74.04,76.24,78.27,75.73,73.90,71.84,83.0451,0,79.6890,0,109165,144936,-0.8780,0.0052,-0.8832,93.54
2025-03-13,73.75,75.56,73.01,75.07,75.84,78.05,75.84,73.92,72.10,83.0451,0,78.8771,0,89078,145502,-0.8960,-0.1751,-0.7210,94.12
2025-03-14,75.93,77.41,75.70,76.55,75.34,77.94,76.00,73.95,72.37,83.0451,0,78.1464,0,85790,145813,-0.7819,-0.2964,-0.4855,93.89
2025-03-17,76.14,78.18,75.23,77.77,75.49,77.86,76.17,73.99,72.52,83.0451,0,71.5700,1,81176,145871,-0.5862,-0.3544,-0.2318,93.81
2025-03-18,76.74,77.76,75.81,76.99,75.46,77.64,76.31,74.01,72.64,83.0451,0,71.7022,1,86059,146276,-0.4884,-0.3812,-0.1072,93.74
2025-03-19,76.95,78.98,76.80,78.94,75.60,77.40,76.49,74.05,72.75,83.0451,0,71.8318,1,89818,146464,-0.2507,-0.3551,0.1044,94.39
2025-03-20,78.61,81.12,78.03,78.77,75.98,77.16,76.74,74.06,72.87,83.0451,0,72.1177,1,116580,145900,-0.0751,-0.2991,0.2239,94.08
2025-03-21,78.54,81.19,78.00,79.92,76.48,77.10,77.01,74.10,72.99,83.0451,0,72.6578,1,154110,146147,0.1550,-0.2083,0.3633,94.58
2025-03-24,81.22,81.50,78.85,79.38,77.11,77.07,77.29,74.13,73.10,83.0451,0,73.3404,1,106290,145849,0.2904,-0.1085,0.3990,93.66
2025-03-25,79.94,80.00,77.82,78.54,77.60,77.12,77.55,74.15,73.20,83.0451,0,74.1564,1,93847,143697,0.3262,-0.0216,0.3478,93.81
2025-03-26,78.17,78.79,76.06,76.57,77.85,77.04,77.70,74.14,73.30,83.0451,0,74.8907,1,84748,142084,0.1934,0.0214,0.1720,93.32
2025-03-27,76.64,79.12,76.05,77.69,78.11,76.98,77.89,74.15,73.40,83.0451,0,75.5517,1,88543,139932,0.1765,0.0524,0.1241,93.78
2025-03-28,77.67,78.05,76.28,77.99,78.26,76.80,78.05,74.16,73.49,83.0451,0,76.0500,1,74114,137847,0.1852,0.0790,0.1062,94.47
2025-03-31,76.24,76.70,73.81,76.29,78.11,76.80,78.12,74.14,73.57,83.0451,0,81.5000,0,224216,138818,0.0543,0.0740,-0.0198,94.36
2025-04-01,75.35,75.65,71.94,72.00,77.61,76.54,78.11,74.09,73.62,82.8617,0,81.3462,0,196092,140281,-0.3912,-0.0190,-0.3722,91.95
2025-04-02,71.71,73.45,70.30,73.44,77.06,76.33,78.04,74.08,73.68,80.9800,0,80.9700,0,179113,139313,-0.6208,-0.1394,-0.4815,92.87
2025-04-03,71.50,74.31,71.05,73.33,76.52,76.25,77.94,74.06,73.72,80.9800,0,80.3298,0,152394,139692,-0.8024,-0.2720,-0.5305,94.47
2025-04-04,70.43,72.50,67.80,69.18,75.44,75.96,77.77,74.01,73.75,80.0643,0,79.7280,0,216201,141091,-1.2666,-0.4709,-0.7957,95.96
2025-04-07,66.21,70.52,64.29,68.09,74.31,75.71,77.56,73.95,73.76,78.1969,0,78.7737,0,249666,144579,-1.7029,-0.7173,-0.9856,95.81
2025-04-08,69.88,70.56,64.19,64.97,72.96,75.28,77.31,73.87,73.76,78.1969,0,77.3254,0,183547,145633,-2.2741,-1.0287,-1.2454,95.24
2025-04-09,63.51,68.70,60.40,67.55,72.05,74.95,77.09,73.84,73.76,77.5013,0,75.7491,0,342593,149246,-2.4899,-1.3209,-1.1690,93.18
2025-04-10,65.73,67.19,61.48,64.81,70.77,74.44,76.82,73.77,73.74,77.5013,0,73.6002,0,212421,151915,-2.8492,-1.6266,-1.2227,91.57
2025-04-11,64.98,68.63,64.35,68.57,69.82,74.04,76.67,73.74,73.73,77.5013,0,71.7522,0,125031,150732,-2.7983,-1.8609,-0.9374,93.79
2025-04-14,69.96,71.24,68.66,71.03,69.30,73.70,76.56,73.74,73.74,77.5013,0,60.4000,1,169478,150886,-2.5303,-1.9948,-0.5355,94.63
2025-04-15,70.68,71.98,68.99,71.07,69.20,73.41,76.42,73.73,73.76,77.5013,0,60.6168,1,111068,151023,-2.2883,-2.0535,-0.2348,93.98
2025-04-16,70.70,70.97,69.00,70.20,68.88,72.97,76.21,73.72,73.78,77.5013,0,61.0713,1,107371,150316,-2.1420,-2.0712,-0.0708,94.29
2025-04-17,69.86,72.67,69.86,72.65,68.81,72.66,76.03,73.72,73.81,77.5013,0,61.5077,1,109040,149873,-1.8075,-2.0185,0.2109,94.14
2025-04-21,71.95,71.95,67.66,69.51,68.84,72.14,75.81,73.69,73.84,77.5013,0,62.1774,1,140862,148661,-1.7754,-1.9698,0.1945,93.49
2025-04-22,70.46,71.95,70.00,71.24,69.16,71.74,75.63,73.67,73.88,77.5013,0,62.8070,1,110714,148172,-1.5919,-1.8943,0.3023,94.06
2025-04-23,72.53,72.71,70.63,70.80,69.74,71.35,75.48,73.65,73.89,77.5013,0,63.3988,1,105230,147741,-1.4652,-1.8085,0.3433,92.57
2025-04-24,69.50,71.00,66.43,68.96,69.88,70.97,75.27,73.63,73.88,77.5013,0,64.1437,1,246491,150341,-1.4960,-1.7460,0.2500,90.51
2025-04-25,67.90,70.02,67.69,69.69,70.37,70.57,75.07,73.60,73.88,77.5013,0,64.8290,1,948530,167099,-1.4448,-1.6857,0.2409,90.82
2025-04-28,69.59,70.79,69.18,69.86,70.50,70.16,74.89,73.57,73.86,77.5013,0,65.4594,1,180302,167817,-1.3747,-1.6235,0.2488,90.63
2025-04-29,69.66,72.15,69.20,71.40,70.54,69.92,74.73,73.55,73.83,77.5013,0,66.0395,1,131833,168602,-1.1812,-1.5351,0.3538,92.39
2025-04-30,71.40,72.37,70.36,72.00,70.63,69.92,74.55,73.55,73.81,77.5013,0,66.5731,1,107496,166616,-0.9683,-1.4217,0.4534,93.07
2025-05-01,72.09,73.31,70.84,72.64,70.88,69.88,74.32,73.55,73.79,77.5013,0,67.0641,1,130244,165392,-0.7394,-1.2853,0.5458,93.19
2025-05-02,73.03,73.39,71.95,72.30,70.84,69.83,74.10,73.55,73.76,77.5013,0,67.6887,1,115723,163875,-0.5788,-1.1440,0.5651,92.31
2025-05-05,72.10,72.83,71.34,72.58,71.15,70.00,73.93,73.55,73.74,77.5013,0,68.3728,1,98607,161434,-0.4240,-1.0000,0.5759,92.84
2025-05-06,71.26,71.77,67.21,67.87,70.81,69.99,73.68,73.52,73.71,77.5013,0,73.3900,0,183622,162614,-0.6737,-0.9347,0.2611,89.98
2025-05-07,67.87,69.18,67.51,68.28,70.56,70.15,73.50,73.49,73.67,77.1451,0,73.2664,0,128052,161104,-0.8289,-0.9135,0.0847,89.64
2025-05-08,67.90,68.08,63.81,65.63,70.23,70.05,73.25,73.44,73.62,75.2060,0,73.1453,0,233393,164060,-1.1524,-0.9613,-0.1911,88.30
2025-05-09,65.63,66.91,64.95,65.08,69.76,70.07,72.97,73.38,73.56,74.8529,0,72.7719,0,155437,162988,-1.4366,-1.0564,-0.3802,88.11
2025-05-12,65.18,68.51,65.10,67.75,69.55,70.03,72.69,73.36,73.53,74.8529,0,72.4134,0,203311,164362,-1.4300,-1.1311,-0.2989,89.95
2025-05-13,67.81,68.35,65.54,65.71,68.98,69.76,72.48,73.32,73.48,74.8529,0,72.0693,0,141592,163371,-1.5712,-1.2191,-0.3521,89.95
2025-05-14,65.61,66.66,65.07,65.61,68.35,69.49,72.25,73.28,73.44,74.4390,0,71.7389,0,137466,158936,-1.6719,-1.3097,-0.3622,42.94
2025-05-15,65.32,67.22,65.32,67.22,67.80,69.34,72.04,73.26,73.40,74.4390,0,71.4217,0,86284,158777,-1.6033,-1.3684,-0.2349,40.14
2025-05-16,67.53,68.35,66.63,68.12,67.39,69.11,71.91,73.24,73.38,74.4390,0,71.1173,0,121908,159051,-1.4595,-1.3866,-0.0729,34.31
2025-05-19,67.97,68.99,66.57,67.88,66.92,69.03,71.77,73.22,73.35,74.4390,0,70.8250,0,90593,158592,-1.3493,-1.3791,0.0298,35.53
2025-05-20,67.73,68.62,66.28,68.51,66.98,68.89,71.67,73.18,73.32,74.4390,0,70.5444,0,171679,159111,-1.1974,-1.3428,0.1454,36.90
2025-05-21,67.78,68.73,65.22,66.02,66.75,68.66,71.52,73.12,73.29,74.4390,0,70.2750,0,141613,158971,-1.2633,-1.3269,0.0636,35.49
2025-05-22,65.93,66.26,64.85,66.16,66.81,68.52,71.36,73.06,73.27,73.2553,0,70.0164,0,175026,160288,-1.2894,-1.3194,0.0300,38.20
2025-05-23,66.04,67.65,65.57,67.53,67.05,68.41,71.21,73.00,73.24,73.2553,0,69.7681,0,104428,160595,-1.1859,-1.2927,0.1068,42.26
2025-05-27,68.00,68.74,67.38,68.02,67.08,68.32,71.04,72.96,73.23,73.2553,0,69.5298,0,158521,162049,-1.0522,-1.2446,0.1924,36.67
2025-05-28,68.00,68.27,66.08,66.36,67.14,68.06,70.81,72.90,73.20,73.2553,0,69.3010,0,291699,166260,-1.0679,-1.2093,0.1414,31.41
2025-05-29,66.63,69.32,65.56,69.21,67.50,67.92,70.66,72.88,73.17,73.2553,0,63.8100,1,127630,167091,-0.8406,-1.1355,0.2949,41.16
2025-05-30,68.88,71.19,67.81,69.73,67.75,67.78,70.47,72.86,73.15,73.2553,0,63.9202,1,259166,170478,-0.6115,-1.0307,0.4192,41.82
2025-06-02,69.92,72.34,69.59,71.68,68.11,67.75,70.33,72.86,73.13,73.2553,0,64.2110,1,175795,171663,-0.2695,-0.8785,0.6090,46.73
2025-06-03,71.50,74.00,71.00,73.08,68.63,67.77,70.20,72.86,73.12,73.2553,0,64.6987,1,138085,171342,0.1132,-0.6801,0.7934,47.74
2025-06-04,73.26,74.56,73.08,73.69,69.15,68.06,70.08,72.88,73.12,66.2005,1,65.4428,1,163024,172477,0.4604,-0.4520,0.9125,50.25
2025-06-05,73.50,74.98,72.32,72.74,69.82,68.29,69.97,72.89,73.10,66.2005,1,66.3546,1,201322,174626,0.6514,-0.2313,0.8828,48.23
2025-06-06,73.46,74.07,72.67,73.62,70.57,68.69,69.91,72.91,73.08,66.2005,1,67.3896,1,116570,175263,0.8639,-0.0123,0.8762,48.23
2025-06-09,73.97,74.32,70.57,70.68,70.88,68.97,69.77,72.91,73.05,66.2005,1,68.3005,1,135932,176210,0.7859,0.1473,0.6386,34.84
2025-06-10,88.64,91.86,86.00,90.93,73.17,70.13,70.03,73.07,73.12,75.6424,1,69.1020,1,1428647,203301,2.3313,0.5841,1.7471,81.60
2025-06-11,92.00,98.95,90.86,97.98,76.33,71.74,70.46,73.26,73.22,80.5192,1,70.5700,1,1248706,223791,4.0779,1.2829,2.7950,87.35
2025-06-12,96.70,100.00,96.39,96.88,79.10,73.30,70.96,73.46,73.31,84.1647,1,75.1108,1,707185,234013,5.3120,2.0887,3.2233,86.36
2025-06-13,96.46,99.65,96.01,98.73,82.00,74.88,71.46,73.65,73.43,84.1647,1,79.5909,1,525402,240939,6.3660,2.9442,3.4219,89.44
2025-06-16,99.06,101.70,97.79,101.59,84.99,76.55,72.03,73.84,73.55,86.2247,1,83.2645,1,454981,246990,7.3474,3.8248,3.5226,90.28
2025-06-17,100.59,102.00,99.92,100.28,87.71,78.17,72.65,74.03,73.67,88.1677,1,86.9516,1,269222,248051,7.9281,4.6455,3.2826,89.86
2025-06-18,101.15,101.41,98.46,99.46,90.29,79.72,73.28,74.21,73.78,88.1677,1,89.9613,1,225695,247571,8.2272,5.3618,2.8654,88.99
2025-06-20,100.27,102.81,99.02,102.68,93.28,81.55,74.03,74.41,73.91,88.6198,1,92.3690,1,479372,253488,8.6247,6.0144,2.6103,92.26
2025-06-23,102.13,105.48,101.04,105.42,96.46,83.51,74.79,74.65,74.07,90.8623,1,94.4572,1,369487,254026,9.0565,6.6228,2.4336,91.65
2025-06-24,105.50,106.58,104.18,105.90,99.98,85.43,75.61,74.88,74.23,93.5021,1,96.6618,1,469412,259165,9.3298,7.1642,2.1656,91.80
2025-06-25,105.25,106.83,104.06,104.85,101.38,87.27,76.34,75.11,74.39,93.9238,1,98.6454,1,370215,264069,9.3538,7.6021,1.7517,91.24
2025-06-26,105.70,105.80,101.14,101.74,101.75,89.04,76.95,75.34,74.54,93.9238,1,100.2823,1,402595,268732,9.0180,7.8853,1.1327,87.93
2025-06-27,101.67,102.25,98.85,99.49,102.01,90.56,77.52,75.56,74.68,93.9238,1,106.8300,0,3431191,335134,8.4726,8.0028,0.4699,86.79
2025-06-30,100.05,101.64,99.78,100.64,102.20,92.10,78.13,75.74,74.82,93.9238,1,106.6704,0,428133,341549,8.0405,8.0103,0.0302,88.65
2025-07-01,100.26,100.48,97.34,97.62,101.81,93.40,78.63,75.91,74.95,93.9238,1,106.5140,0,374988,346868,7.3694,7.8821,-0.5127,86.94
2025-07-02,97.76,98.38,96.65,98.24,101.60,94.66,79.20,76.07,75.07,93.9238,1,106.1470,0,328122,350613,6.8091,7.6675,-0.8584,86.37
2025-07-03,98.03,98.53,95.72,97.80,101.44,95.86,79.73,76.24,75.19,93.9238,1,105.5772,0,172363,351846,6.2574,7.3855,-1.1281,84.35
2025-07-07,96.95,97.02,95.01,96.95,100.86,97.07,80.26,76.39,75.30,93.9238,1,104.7886,0,241056,354563,5.6861,7.0456,-1.3595,83.94
2025-07-08,96.87,97.44,95.90,96.14,99.94,98.20,80.80,76.52,75.42,93.9238,1,103.8108,0,183916,353311,5.1091,6.6583,-1.5493,83.79
2025-07-09,96.68,97.66,95.80,96.47,98.99,99.49,81.34,76.66,75.54,93.9238,1,102.9307,0,261578,339572,4.6251,6.2517,-1.6266,84.28
2025-07-10,96.55,98.00,95.27,96.66,98.18,99.78,81.87,76.81,75.65,93.9238,1,102.1386,0,170189,339370,4.2083,5.8430,-1.6347,84.28
2025-07-11,96.41,99.39,95.96,98.18,97.82,99.79,82.41,76.98,75.77,93.9238,1,101.4258,0,318604,343106,3.9551,5.4654,-1.5103,85.92
2025-07-14,98.18,102.41,97.34,101.89,98.06,100.04,83.00,77.17,75.92,93.9238,1,95.0100,1,376779,348491,4.0076,5.1738,-1.1663,86.92
2025-07-15,102.67,103.45,100.85,102.87,98.28,100.24,83.61,77.36,76.07,93.9238,1,95.1580,1,406655,354019,4.0812,4.9553,-0.8741,88.55
2025-07-16,102.87,105.08,101.74,104.59,98.98,100.39,84.25,77.55,76.23,93.9238,1,95.4897,1,386073,359426,4.2296,4.8102,-0.5806,88.51
2025-07-17,104.73,105.35,102.50,104.17,99.57,100.59,84.89,77.74,76.38,94.4394,1,96.0651,1,208152,361617,4.2641,4.7010,-0.4368,86.88
2025-07-18,105.01,105.01,102.40,102.56,100.05,100.74,85.58,77.94,76.53,94.4394,1,96.8079,1,146907,360883,4.1142,4.5836,-0.4694,86.95
2025-07-21,103.34,103.50,101.77,102.78,100.63,100.75,86.27,78.14,76.68,94.4394,1,97.4913,1,158405,361490,3.9674,4.4604,-0.4930,86.19
2025-07-22,102.92,103.74,101.59,102.92,101.31,100.62,87.02,78.33,76.83,94.4394,1,98.1200,1,157210,359966,3.8183,4.3319,-0.5137,86.69
2025-07-23,102.92,103.56,101.55,103.44,102.01,100.50,87.78,78.54,76.98,94.4394,1,98.6984,1,193236,360722,3.6995,4.2054,-0.5060,87.30
2025-07-24,104.07,104.95,102.65,103.52,102.69,100.43,88.50,78.76,77.14,95.5516,1,99.2305,1,170125,360059,3.5706,4.0785,-0.5079,87.52
2025-07-25,103.93,105.08,103.20,103.95,103.27,100.54,89.26,78.96,77.30,96.1525,1,99.7201,1,145021,360127,3.4632,3.9554,-0.4922,88.36
2025-07-28,104.83,105.80,101.75,101.75,103.25,100.66,89.99,79.15,77.46,96.1525,1,100.1705,1,273138,362841,3.1641,3.7972,-0.6330,86.65
2025-07-29,102.68,105.03,102.21,105.00,103.47,100.87,90.74,79.38,77.63,96.1525,1,100.7334,1,181104,364737,3.1530,3.6683,-0.5153,87.98
2025-07-30,105.35,107.41,103.50,105.18,103.53,101.25,91.48,79.62,77.80,96.5893,1,101.2401,1,539847,373096,3.1227,3.5592,-0.4365,87.90
2025-07-31,105.58,108.64,105.18,107.28,103.84,101.70,92.27,79.86,77.98,97.8929,1,101.9805,1,238730,376059,3.2309,3.4936,-0.2626,89.54
2025-08-01,107.48,108.89,105.75,108.69,104.45,102.25,93.07,80.12,78.15,98.2626,1,102.9128,1,245216,377529,3.3914,3.4731,-0.0817,91.74
2025-08-04,109.25,111.28,108.00,111.24,105.30,102.96,93.98,80.39,78.33,100.5044,1,103.8691,1,250179,379701,3.6818,3.5149,0.1670,92.69
2025-08-05,110.92,113.10,109.50,111.61,106.17,103.74,94.89,80.66,78.52,101.9979,1,105.2031,1,363882,383478,3.8970,3.5913,0.3057,92.35
2025-08-06,110.22,112.29,109.61,111.26,106.95,104.48,95.76,80.94,78.69,101.9979,1,106.7825,1,396965,389328,3.9932,3.6717,0.3215,92.92
2025-08-07,106.55,111.94,106.54,109.30,107.53,105.11,96.59,81.21,78.87,101.9979,1,113.1000,0,364505,393448,3.8667,3.7107,0.1560,92.28
2025-08-08,108.69,109.88,107.07,109.55,108.09,105.68,97.45,81.48,79.04,101.9979,1,112.9688,0,354296,394700,3.7435,3.7172,0.0263,92.31
2025-08-11,109.83,114.03,109.18,112.89,109.20,106.23,98.33,81.77,79.24,101.9979,1,106.5400,1,373959,399627,3.8708,3.7479,0.1228,93.38
2025-08-12,112.89,122.03,112.48,122.00,110.90,107.18,99.37,82.11,79.49,105.1964,1,106.6898,1,884024,412124,4.6531,3.9290,0.7241,94.63
2025-08-13,121.16,123.42,119.80,122.87,112.67,108.10,100.40,82.49,79.74,109.6713,1,107.3034,1,543872,419485,5.2824,4.1996,1.0827,94.25
2025-08-14,125.50,128.48,123.50,127.75,114.72,109.28,101.49,82.90,80.02,113.5621,1,108.2704,1,591636,428556,6.1045,4.5806,1.5239,95.20
2025-08-15,127.63,128.00,124.52,127.80,116.63,110.54,102.57,83.31,80.30,114.0309,1,109.8872,1,451006,434316,6.6830,5.0011,1.6819,95.12
2025-08-18,127.80,130.13,127.13,127.27,118.23,111.76,103.66,83.73,80.58,116.7238,1,111.3746,1,435963,439009,7.0178,5.4044,1.6134,94.97
2025-08-19,127.80,128.83,126.00,127.21,119.79,112.98,104.73,84.11,80.86,116.7238,1,113.2501,1,264355,441965,7.1954,5.7626,1.4328,95.65
2025-08-20,127.43,130.06,127.43,129.45,121.61,114.28,105.91,84.52,81.16,117.4819,1,114.9381,1,304492,445336,7.4312,6.0964,1.3349,95.81
2025-08-21,129.80,132.64,128.50,132.60,123.94,115.73,106.74,84.94,81.49,119.1912,1,116.4573,1,297926,422721,7.7826,6.4336,1.3490,95.69
2025-08-22,132.30,133.56,130.95,131.88,126.17,117.13,107.42,85.33,81.80,121.2311,1,118.3992,1,276724,403282,7.9117,6.7292,1.1825,95.28
2025-08-25,131.79,132.73,128.02,128.32,127.72,118.46,108.05,85.70,82.10,121.2311,1,120.5217,1,255203,394242,7.6388,6.9111,0.7276,95.09
2025-08-26,128.52,132.31,128.10,132.17,128.73,119.82,108.72,86.07,82.42,121.2311,1,122.3471,1,312159,389977,7.6450,7.0579,0.5871,94.78
2025-08-27,132.29,134.74,131.54,134.53,129.90,121.28,109.38,86.45,82.73,121.8623,1,123.9169,1,272437,386326,7.7510,7.1965,0.5545,95.12
2025-08-28,134.39,136.90,134.20,134.97,130.62,122.67,110.07,86.83,83.04,124.5901,1,125.6486,1,238087,385704,7.7808,7.3134,0.4674,94.86
2025-08-29,135.00,136.10,134.39,136.10,131.45,124.04,110.80,87.21,83.36,124.8681,1,127.6739,1,298086,387151,7.8056,7.4118,0.3938,95.20
2025-09-02,141.50,146.52,140.00,145.30,133.25,125.74,111.66,87.66,83.72,130.7948,1,129.3346,1,705417,391672,8.4700,7.6235,0.8466,96.34
2025-09-03,145.00,146.84,142.36,143.50,134.88,127.34,112.42,88.10,84.09,132.0373,1,132.7716,1,358793,391459,8.7505,7.8489,0.9016,96.46
2025-09-04,142.86,145.00,141.25,142.53,136.19,128.90,113.15,88.53,84.45,132.0373,1,135.5853,1,286870,387808,8.7931,8.0377,0.7554,96.42
2025-09-05,142.60,145.19,140.33,145.10,137.44,130.69,113.95,88.99,84.82,132.0373,1,137.8363,1,367437,387752,8.9313,8.2164,0.7149,96.57
2025-09-08,144.50,146.91,144.22,146.68,138.92,132.55,114.85,89.45,85.22,133.3763,1,139.6370,1,233148,384363,9.0638,8.3859,0.6779,95.02
2025-09-09,146.88,149.08,145.25,147.20,140.81,134.26,115.81,89.92,85.62,135.0462,1,140.3300,1,215089,320041,9.1058,8.5299,0.5759,94.71
2025-09-10,148.15,148.32,143.76,145.93,142.18,135.46,116.71,90.35,85.98,135.0462,1,142.0800,1,221259,315904,8.9337,8.6106,0.3230,94.56
2025-09-11,146.42,147.10,144.93,145.79,143.31,136.60,117.68,90.78,86.35,135.0462,1,143.4800,1,234212,313088,8.6858,8.6257,0.0601,93.88
2025-09-12,146.00,148.22,144.00,145.93,144.41,137.51,118.63,91.21,86.71,135.0462,1,143.7600,1,281120,312148,8.4038,8.5813,-0.1775,93.84
2025-09-15,145.40,145.40,138.73,143.14,145.11,138.28,119.54,91.63,87.06,135.0462,1,149.0800,0,283202,314365,7.8645,8.4380,-0.5734,92.98
2025-09-16,142.94,144.84,141.77,144.75,145.05,139.15,120.49,92.08,87.41,135.0462,1,148.8730,0,209627,313736,7.4808,8.2465,-0.7657,93.62
2025-09-17,145.90,146.50,143.76,144.78,145.18,140.03,121.47,92.51,87.76,135.0462,1,148.6701,0,250209,315062,7.0974,8.0167,-0.9193,93.51
2025-09-18,144.76,146.50,143.82,145.86,145.52,140.85,122.45,92.95,88.11,135.0462,1,148.4713,0,267799,315187,6.8022,7.7738,-0.9716,92.83
2025-09-19,145.51,146.37,142.88,144.76,145.48,141.46,123.42,93.39,88.46,135.0462,1,148.2765,0,814145,328066,6.4057,7.5002,-1.0945,92.45
2025-09-22,144.76,146.71,144.03,145.03,145.32,142.12,124.35,93.83,88.82,135.0462,1,148.0856,0,420036,330094,6.0435,7.2088,-1.1653,92.04
2025-09-23,144.71,146.29,143.83,145.38,145.13,142.97,125.22,94.26,89.19,135.0462,1,147.8985,0,234120,327241,5.7189,6.9108,-1.1920,92.76
2025-09-24,144.97,145.56,140.87,141.00,144.64,143.41,125.99,94.64,89.51,135.0462,1,147.7151,0,205240,323213,5.0499,6.5387,-1.4888,92.91
2025-09-25,140.55,140.65,135.08,135.59,143.62,143.47,126.61,94.99,89.82,135.0462,1,147.5354,0,294054,321372,4.0367,6.0383,-2.0016,91.66
2025-09-26,136.86,137.04,134.01,137.03,142.73,143.57,127.26,95.36,90.12,135.0462,1,147.0372,0,190389,321017,3.3117,5.4930,-2.1812,92.15
2025-09-29,137.19,141.81,136.62,141.65,142.58,143.85,128.04,95.77,90.47,135.0462,1,146.2556,0,363191,325343,3.0745,5.0093,-1.9347,92.38
2025-09-30,141.63,145.41,141.00,144.01,142.51,143.78,128.87,96.21,90.82,135.0462,1,145.5208,0,382246,329820,3.0419,4.6158,-1.5739,92.84
2025-10-01,144.70,148.16,143.18,147.28,142.76,143.97,129.76,96.67,91.19,135.0462,1,134.0100,1,298404,332644,3.2426,4.3412,-1.0986,93.10
2025-10-02,148.70,152.85,145.24,152.80,143.45,144.48,130.74,97.17,91.59,135.6675,1,134.2930,1,349683,335772,3.8032,4.2336,-0.4304,93.59
2025-10-03,153.00,158.19,151.77,157.16,144.69,145.09,131.82,97.67,92.02,141.0142,1,135.0353,1,547923,343328,4.5468,4.2962,0.2506,93.97
2025-10-06,157.98,160.62,156.93,158.28,146.02,145.67,132.90,98.22,92.45,145.0988,1,136.4246,1,274568,345919,5.1670,4.4704,0.6966,93.78
2025-10-07,156.87,162.44,156.87,162.32,147.71,146.42,134.11,98.78,92.89,145.6754,1,138.3602,1,264160,345740,5.9163,4.7596,1.1567,94.12
2025-10-08,161.90,163.22,159.78,161.81,149.79,147.22,135.25,99.35,93.35,147.8864,1,140.7682,1,316241,348443,6.3953,5.0867,1.3086,93.71
2025-10-09,162.16,164.58,161.03,164.40,152.67,148.15,136.43,99.94,93.82,149.4878,1,143.4624,1,232083,342287,6.9042,5.4502,1.4540,93.90
2025-10-10,164.11,164.23,161.31,162.33,155.20,148.97,137.54,100.52,94.28,149.8575,1,146.4189,1,329903,344111,7.0592,5.7720,1.2872,93.97
2025-10-13,163.22,166.44,162.08,163.94,157.43,150.01,138.64,101.13,94.75,151.3307,1,148.9614,1,240107,344009,7.2286,6.0633,1.1653,93.67
2025-10-14,163.99,164.34,161.34,161.38,159.17,150.84,139.64,101.71,95.20,151.3307,1,151.7580,1,172531,342456,7.0747,6.2656,0.8091,93.04
2025-10-15,162.20,165.76,161.65,163.54,160.80,151.78,140.68,102.31,95.67,151.3307,1,154.1071,1,357858,342335,7.0458,6.4216,0.6242,92.96
2025-10-16,163.95,166.40,162.37,163.19,161.84,152.64,141.72,102.90,96.13,151.8390,1,156.0804,1,311252,340621,6.9150,6.5203,0.3947,93.87
2025-10-17,163.80,166.04,161.19,165.76,162.69,153.69,142.85,103.49,96.62,151.8390,1,157.7379,1,230655,337944,6.9387,6.6040,0.3347,94.74
2025-10-20,167.17,168.22,163.42,167.91,163.66,154.84,144.02,104.09,97.11,152.9082,1,159.1303,1,233076,335520,7.0497,6.6931,0.3566,94.40
2025-10-21,166.90,168.09,162.80,165.31,163.96,155.83,145.07,104.68,97.59,152.9082,1,160.7664,1,286466,333770,6.8489,6.7243,0.1246,94.81
2025-10-22,165.90,166.62,159.65,160.40,163.82,156.80,145.83,105.23,98.04,152.9082,1,168.2200,0,389997,323889,6.2219,6.6238,-0.4019,94.81
2025-10-23,159.41,160.30,154.79,160.12,163.39,158.03,146.58,105.77,98.51,152.9082,1,168.0900,0,391045,320833,5.6374,6.4265,-0.7891,93.72
2025-10-24,161.84,162.29,158.81,159.66,163.12,159.16,147.22,106.30,98.98,152.9082,1,167.5580,0,177398,312548,5.0785,6.1569,-1.0784,93.23
2025-10-27,162.05,164.14,160.53,164.02,163.13,160.28,147.94,106.86,99.47,152.9082,1,167.0473,0,240388,308335,4.9306,5.9116,-0.9811,94.02
2025-10-28,164.02,167.07,163.11,165.29,163.52,161.34,148.70,107.44,99.97,152.9082,1,154.7900,1,193803,303492,4.8598,5.7013,-0.8415,93.83
2025-10-29,166.48,167.78,163.82,166.95,163.86,162.33,149.50,108.05,100.46,152.9082,1,155.0356,1,467159,307548,4.8813,5.5373,-0.6559,94.51
2025-10-30,171.26,194.70,167.00,194.22,166.96,164.40,150.79,108.82,101.09,160.4066,1,155.5454,1,1307800,327614,7.0180,5.8334,1.1846,96.66
2025-10-31,194.57,197.08,187.02,189.60,169.35,166.02,151.93,109.57,101.69,170.6329,1,157.8946,1,598378,333623,8.2435,6.3154,1.9281,96.17
2025-11-03,187.90,188.56,178.76,186.23,171.18,167.42,153.02,110.30,102.25,170.6329,1,161.0295,1,573886,339567,8.8409,6.8205,2.0204,96.40
2025-11-04,185.28,187.88,182.58,182.77,172.93,168.44,154.11,111.04,102.81,170.6329,1,163.9135,1,375190,341966,8.9322,7.2429,1.6893,97.04
2025-11-05,182.92,189.31,182.09,186.88,175.57,169.69,155.20,111.79,103.36,170.6329,1,166.5668,1,305549,341834,9.2297,7.6402,1.5895,96.85
2025-11-06,186.77,188.45,183.81,185.68,178.13,170.76,156.22,112.54,103.89,170.6329,1,169.0079,1,344863,343283,9.2620,7.9646,1.2974,96.59
2025-11-07,184.10,189.82,182.53,189.70,181.13,172.13,157.32,113.35,104.45,170.6329,1,171.2537,1,415747,346836,9.5024,8.2721,1.2302,96.85
2025-11-10,189.67,192.39,185.69,191.92,183.92,173.53,158.44,114.17,105.02,170.6329,1,173.3198,1,399309,348860,9.7595,8.5696,1.1899,96.25
2025-11-11,189.93,193.93,187.61,193.69,186.76,175.14,159.40,115.03,105.60,170.6329,1,175.2206,1,341282,341578,9.9909,8.8539,1.1371,96.51
2025-11-12,192.61,196.33,191.90,194.39,189.51,176.68,160.42,115.88,106.18,174.0451,1,176.9693,1,311549,340633,10.1143,9.1060,1.0083,96.36
2025-11-13,193.78,196.47,190.58,190.96,189.18,178.07,161.39,116.72,106.74,174.0451,1,178.5782,1,413180,343159,9.8220,9.2492,0.5728,96.74
2025-11-14,188.09,197.45,187.55,193.22,189.54,179.45,162.35,117.55,107.33,174.0451,1,180.0583,1,492982,345670,9.6614,9.3316,0.3298,96.66
2025-11-17,192.58,197.88,191.83,197.40,190.66,180.92,163.37,118.39,107.93,174.3048,1,181.7975,1,371941,348446,9.7589,9.4171,0.3418,97.12
2025-11-18,195.80,203.65,195.51,201.62,192.55,182.74,164.46,119.26,108.55,178.6428,1,183.7274,1,486489,353874,10.0607,9.5458,0.5149,97.27
2025-11-19,201.08,205.11,200.19,203.56,194.21,184.89,165.61,120.15,109.16,182.3305,1,186.5166,1,321930,355887,10.3372,9.7041,0.6332,97.27
2025-11-20,204.35,208.00,199.00,199.64,195.61,186.87,166.68,121.00,109.75,182.5125,1,189.4915,1,465740,360518,10.1234,9.7879,0.3355,97.61
2025-11-21,199.10,201.44,194.65,198.76,196.52,188.82,167.74,121.86,110.34,182.5125,1,192.8230,1,522699,365349,9.7703,9.7844,-0.0141,97.27
2025-11-24,202.43,208.72,199.52,206.93,198.02,190.97,169.02,122.76,110.98,182.5125,1,194.6500,1,3250622,424698,10.0341,9.8343,0.1997,97.34
2025-11-25,206.93,209.77,205.23,209.02,199.55,193.16,170.30,123.68,111.63,186.4989,1,194.6500,1,459175,429689,10.2931,9.9261,0.3670,97.27
2025-11-26,208.49,209.00,202.27,204.51,200.56,195.03,171.50,124.59,112.26,186.4989,1,197.6740,1,418202,433049,10.0190,9.9447,0.0743,96.47
2025-11-28,206.22,208.05,202.88,207.77,202.24,195.71,172.74,125.51,112.90,186.4989,1,200.0932,1,218699,432067,9.9501,9.9457,0.0043,96.51
2025-12-01,206.80,212.58,205.00,211.41,204.06,196.80,174.07,126.45,113.56,188.1701,1,202.0286,1,394935,423682,10.0731,9.9712,0.1019,97.23
2025-12-02,212.08,212.75,206.10,206.60,204.98,197.82,175.30,127.35,114.20,188.8721,1,202.8800,1,285914,421000,9.6709,9.9112,-0.2402,96.36
2025-12-03,206.60,207.61,203.33,206.78,205.50,199.02,176.53,128.25,114.83,188.8721,1,212.7500,0,526048,426839,9.2600,9.7809,-0.5209,95.95
2025-12-04,207.58,208.81,202.68,205.04,205.65,199.93,177.81,129.13,115.43,188.8721,1,212.7500,0,381620,430366,8.6938,9.5635,-0.8697,95.27
2025-12-05,204.68,206.56,203.15,204.00,206.08,200.85,179.18,130.01,116.03,188.8721,1,212.3472,0,440660,433298,8.0681,9.2644,-1.1963,95.23
2025-12-08,206.69,206.69,195.54,196.55,205.86,201.19,180.37,130.84,116.61,188.8721,1,211.9605,0,688220,443255,6.8916,8.7898,-1.8982,94.74
2025-12-09,194.50,198.40,193.29,194.17,204.59,201.30,181.42,131.68,117.18,188.8721,1,210.9753,0,455795,445107,5.7015,8.1722,-2.4707,94.07
2025-12-10,194.87,197.51,189.59,189.85,202.67,201.11,182.33,132.49,117.74,188.8721,1,209.5605,0,471663,446895,4.3595,7.4096,-3.0502,93.99
2025-12-11,190.24,195.36,189.77,195.24,201.74,201.15,183.29,133.36,118.33,188.8721,1,207.5634,0,445694,449841,3.6883,6.6654,-2.9771,93.95
2025-12-12,195.00,198.13,191.74,197.01,200.67,201.45,184.18,134.23,118.92,188.8721,1,205.7661,0,373886,450325,3.2616,5.9846,-2.7230,94.71
2025-12-15,197.23,201.13,194.75,196.92,199.22,201.64,184.97,135.10,119.50,188.8721,1,204.1485,0,816548,455698,2.8830,5.3643,-2.4813,95.16
2025-12-16,195.39,204.04,192.50,200.67,198.62,201.80,185.82,136.00,120.12,188.8721,1,189.5900,1,732004,464846,2.8526,4.8620,-2.0093,95.65
2025-12-17,200.05,205.23,198.07,198.46,197.79,201.64,186.54,136.88,120.72,188.8721,1,189.8790,1,888446,477332,2.6201,4.4136,-1.7935,96.06
2025-12-18,167.75,172.31,161.02,166.55,193.94,199.79,186.64,137.54,121.17,196.9588,0,205.2300,0,2246976,515947,-0.1376,3.5034,-3.6409,92.22
2025-12-19,168.30,178.21,166.71,174.84,191.03,198.55,186.85,138.25,121.67,196.9588,0,205.2300,0,3337328,578052,-1.6352,2.4756,-4.1108,93.01
2025-12-22,177.58,179.33,174.00,175.76,188.95,197.40,187.12,138.97,122.17,196.9588,0,204.3458,0,482444,581103,-2.7165,1.4372,-4.1538,92.75
2025-12-23,174.17,177.60,172.65,176.77,187.21,195.90,187.37,139.70,122.69,196.9588,0,203.4793,0,286191,582024,-3.4522,0.4593,-3.9115,92.94
2025-12-24,175.50,178.10,175.00,177.42,185.96,194.32,187.69,140.44,123.21,196.9588,0,202.6301,0,132586,581225,-3.9374,-0.4200,-3.5174,93.13
2025-12-26,178.90,179.44,176.67,177.88,184.23,192.98,187.98,141.18,123.73,196.9588,0,201.7979,0,184248,577753,-4.2360,-1.1832,-3.0528,93.13
2025-12-29,177.61,178.52,175.37,176.34,182.16,191.41,188.24,141.91,124.23,196.9588,0,200.9823,0,437623,580281,-4.5445,-1.8555,-2.6890,93.58
2025-12-30,175.79,176.52,173.48,174.09,179.88,189.55,188.41,142.62,124.72,196.3805,0,200.1831,0,287475,581417,-4.9139,-2.4672,-2.4467,93.35
2025-12-31,174.18,175.25,173.24,174.04,177.21,187.92,188.53,143.33,125.20,194.0905,0,199.3998,0,310017,582956,-5.1513,-3.0040,-2.1473,93.28
2026-01-02,175.79,177.90,173.55,177.12,175.08,186.44,188.77,144.05,125.70,194.0905,0,198.6322,0,324395,583714,-5.0329,-3.4098,-1.6231,93.09
2026-01-05,176.12,176.12,167.39,175.20,175.95,184.94,189.06,144.76,126.19,191.9233,0,197.8800,0,396267,583840,-5.0359,-3.7350,-1.3009,92.04
2026-01-06,173.33,175.41,170.94,175.07,175.97,183.50,189.36,145.45,126.67,191.9233,0,197.1428,0,323915,582497,-4.9913,-3.9863,-1.0050,91.21
2026-01-07,175.07,178.75,173.34,176.00,175.99,182.47,189.69,146.13,127.15,191.9233,0,196.4203,0,383680,586623,-4.8253,-4.1541,-0.6712,90.72
2026-01-08,174.17,175.00,168.01,170.27,175.34,181.28,189.82,146.78,127.60,191.1516,0,195.7123,0,440829,590632,-5.0973,-4.3427,-0.7546,89.78
2026-01-09,185.02,186.19,169.00,175.97,175.20,180.58,190.03,147.46,128.09,191.1516,0,195.0185,0,956080,605877,-4.7976,-4.4337,-0.3639,91.10
2026-01-12,174.86,175.12,165.28,167.72,174.18,179.20,190.04,148.09,128.55,191.1516,0,194.3385,0,691610,610366,-5.1663,-4.5802,-0.5861,89.15
2026-01-13,170.00,170.45,162.30,163.72,172.92,177.54,189.43,148.71,128.98,190.2059,0,193.6721,0,612575,596462,-5.7153,-4.8072,-0.9081,88.62
2026-01-14,163.83,164.96,160.45,163.46,171.86,175.87,188.91,149.19,129.40,185.5058,0,193.0191,0,428821,593071,-6.1011,-5.0660,-1.0351,88.29
2026-01-15,163.00,164.00,158.42,159.27,170.38,173.80,188.37,149.60,129.82,183.4047,0,191.7163,0,368583,588964,-6.6681,-5.3864,-1.2816,86.37
2026-01-16,160.35,163.98,158.39,161.42,168.81,171.95,187.95,150.03,130.26,182.8372,0,189.7186,0,593444,593330,-6.8648,-5.6821,-1.1827,86.68
2026-01-20,158.45,164.62,156.01,163.51,167.64,171.79,187.48,150.47,130.71,182.3850,0,187.2123,0,434446,595908,-6.7739,-5.9005,-0.8735,87.66
2026-01-21,163.00,163.96,156.08,156.32,165.77,170.87,186.89,150.83,131.13,182.2470,0,184.0920,0,459722,598205,-7.1991,-6.1602,-1.0389,83.67
2026-01-22,156.66,160.95,153.19,160.39,164.21,170.10,186.30,151.23,131.59,179.4023,0,181.2838,0,433454,598559,-7.1255,-6.3533,-0.7723,85.18
2026-01-23,160.02,160.08,154.23,156.21,162.80,169.07,185.59,151.61,132.03,179.1021,0,177.9126,0,391494,598403,-7.3201,-6.5466,-0.7735,84.24
2026-01-26,154.63,160.33,153.09,159.72,161.17,168.19,184.91,151.99,132.50,178.6344,0,174.9459,0,364561,598868,-7.1092,-6.6591,-0.4500,85.89
2026-01-27,161.15,165.47,161.13,162.64,160.67,167.42,184.28,152.37,132.98,178.6344,0,171.8860,0,273593,598109,-6.6299,-6.6533,0.0234,86.27
2026-01-28,162.42,164.23,155.68,155.89,159.88,166.40,183.57,152.70,133.43,178.6344,0,169.2546,0,270111,595248,-6.7174,-6.6661,-0.0513,85.33
2026-01-29,154.48,159.89,154.48,157.82,159.32,165.59,182.87,153.06,133.88,178.4966,0,166.9916,0,312736,591643,-6.5554,-6.6440,0.0886,84.17
2026-01-30,157.19,159.49,154.48,156.87,159.08,164.73,182.06,153.43,134.31,177.6685,0,165.0453,0,421416,592632,-6.4295,-6.6011,0.1716,85.57
2026-02-02,156.63,156.86,150.80,153.98,158.34,163.57,181.10,153.79,134.72,174.2661,0,163.3716,0,402504,590952,-6.4882,-6.5785,0.0903,84.71
2026-02-03,153.36,158.98,152.73,157.16,157.70,162.67,180.18,154.17,135.16,174.2661,0,161.3601,0,390401,592322,-6.2065,-6.5041,0.2976,84.45
2026-02-04,157.10,157.90,150.79,152.44,157.31,161.54,179.23,154.53,135.55,174.2661,0,159.6705,0,273569,588478,-6.2917,-6.4616,0.1699,81.15
2026-02-05,152.44,156.52,150.34,151.03,156.38,160.29,178.28,154.88,135.96,173.6204,0,158.9800,0,284254,583710,-6.3991,-6.4491,0.0500,82.01
2026-02-06,153.06,155.79,149.34,149.86,155.74,159.27,177.14,155.23,136.36,172.6713,0,157.9000,0,394042,526578,-6.5038,-6.4600,-0.0437,76.73
2026-02-09,148.83,150.60,146.40,149.54,154.72,157.95,175.95,155.58,136.75,167.8557,0,156.5200,0,305779,523510,-6.5371,-6.4755,-0.0617,75.95
2026-02-10,149.77,151.17,147.63,148.55,153.31,156.99,174.83,155.93,137.15,167.8557,0,155.7900,0,335604,521858,-6.5678,-6.4939,-0.0738,76.77
2026-02-11,149.49,149.83,145.36,148.43,152.57,156.23,173.64,156.28,137.54,165.5699,0,153.9120,0,222036,521925,-6.5265,-6.5004,-0.0260,75.31
2026-02-12,148.55,148.75,142.99,146.17,151.40,155.36,172.33,156.61,137.92,163.7754,0,152.2016,0,395653,521939,-6.6000,-6.5204,-0.0797,73.25
2026-02-13,147.24,152.19,146.10,148.75,150.59,154.83,171.18,156.94,138.31,163.7754,0,142.9900,1,326908,522759,-6.3767,-6.4916,0.1150,72.95
2026-02-17,147.93,152.35,147.93,150.52,150.24,154.29,170.05,157.27,138.70,163.7754,0,142.9900,1,245920,517156,-5.9878,-6.3908,0.4031,76.10
2026-02-18,149.92,154.16,149.56,151.11,149.64,153.67,168.97,157.59,139.09,163.7754,0,143.3644,1,336613,516256,-5.5678,-6.2262,0.6584,73.55
2026-02-19,153.78,163.14,147.26,161.00,150.50,153.90,168.11,157.97,139.54,163.7754,0,144.0121,1,794116,523325,-4.3863,-5.8583,1.4719,78.72
2026-02-20,158.39,167.37,157.77,164.91,151.88,154.13,167.48,158.37,140.00,141.8431,1,145.5424,1,682431,523210,-3.0988,-5.3064,2.2076,80.38
2026-02-23,163.60,167.00,157.71,159.03,152.80,154.27,166.78,158.75,140.46,141.8431,1,147.2600,1,345286,520999,-2.5238,-4.7499,2.2260,79.07
2026-02-24,156.00,160.09,152.89,158.62,153.71,154.22,166.15,159.12,140.91,141.8431,1,149.2710,1,284231,517251,-2.0773,-4.2153,2.1381,76.97
2026-02-25,159.74,161.13,148.24,148.61,153.71,153.51,165.22,159.42,141.32,141.8431,1,167.3700,0,476875,517874,-2.5022,-3.8727,1.3705,69.58
2026-02-26,147.00,150.57,146.41,150.00,153.87,153.22,164.28,159.73,141.75,141.8431,1,166.9874,0,331875,517034,-2.6958,-3.6373,0.9415,71.46
2026-02-27,150.00,151.11,147.57,149.33,154.19,152.80,163.33,160.04,142.15,141.8431,1,166.1643,0,405655,508816,-2.8702,-3.4839,0.6137,72.62
2026-03-02,147.10,148.87,145.00,146.32,153.95,152.27,162.24,160.32,142.56,141.8431,1,165.3741,0,390689,501990,-3.2142,-3.4300,0.2158,58.75
2026-03-03,145.83,148.31,143.76,147.00,153.59,151.92,161.21,160.62,142.96,141.8431,1,164.1517,0,284857,489918,-3.3929,-3.4225,0.0297,57.85
2026-03-04,146.74,150.27,146.73,149.88,153.47,151.56,160.88,160.92,143.38,141.8431,1,162.5203,0,302188,451023,-3.2644,-3.3909,0.1265,62.05
2026-03-05,148.04,148.07,142.04,143.57,151.73,151.11,160.25,161.18,143.75,141.8431,1,161.0195,0,325875,390793,-3.6300,-3.4387,-0.1912,55.27
2026-03-06,142.84,144.24,139.89,140.13,149.25,150.57,159.54,161.40,144.12,160.6744,0,159.1216,0,348475,388114,-4.1494,-3.5809,-0.5685,52.98
2026-03-09,139.68,143.74,138.82,143.13,147.66,150.23,158.87,161.63,144.49,159.5044,0,156.8138,0,257920,387549,-4.2698,-3.7187,-0.5511,56.92
2026-03-10,142.84,145.64,142.84,143.85,146.18,149.95,158.20,161.84,144.88,159.5044,0,154.2946,0,165082,388199,-4.2580,-3.8265,-0.4315,60.89
2026-03-11,143.02,144.36,139.05,139.40,145.26,149.49,157.43,162.03,145.24,158.8158,0,152.1282,0,179840,388110,-4.5552,-3.9723,-0.5830,56.05
2026-03-12,138.54,139.97,135.73,139.52,144.21,149.04,156.69,162.22,145.60,154.5217,0,150.2651,0,300973,385377,-4.7266,-4.1231,-0.6035,58.79
2026-03-13,140.66,141.78,138.01,139.50,143.23,148.71,156.00,162.42,145.96,154.5217,0,147.9394,0,206586,383760,-4.8086,-4.2602,-0.5484,58.62
2026-03-16,141.46,145.76,141.43,144.60,143.06,148.50,155.41,162.65,146.35,154.5217,0,145.9859,0,269722,382954,-4.4112,-4.2904,-0.1208,61.78
2026-03-17,144.50,147.38,143.59,143.93,142.75,148.17,154.75,162.86,146.73,154.5217,0,135.7300,1,317783,382822,-4.1030,-4.2529,0.1499,61.98
2026-03-18,143.92,145.09,141.44,142.70,142.03,147.75,154.10,163.00,147.09,154.5217,0,135.9630,1,285714,380610,-3.9130,-4.1849,0.2720,66.55
2026-03-19,144.01,144.88,141.80,144.00,142.08,146.90,153.48,163.14,147.45,154.5217,0,136.1913,1,281160,379755,-3.6158,-4.0711,0.4554,72.89
2026-03-20,142.63,143.61,135.73,136.00,141.66,145.46,152.68,163.19,147.77,154.5217,0,147.3800,0,620323,384488,-3.9799,-4.0529,0.0730,67.53
2026-03-23,147.12,149.76,141.64,143.98,141.75,144.70,152.15,163.30,148.12,154.5217,0,135.7300,1,587352,387419,-3.5832,-3.9589,0.3757,72.59
2026-03-24,144.42,145.52,137.20,139.14,141.28,143.73,151.41,163.38,148.45,154.5217,0,135.7300,1,391985,376137,-3.6177,-3.8907,0.2730,68.32
2026-03-25,140.00,148.86,139.00,148.31,142.17,143.71,151.02,163.52,148.82,154.5217,0,136.0106,1,294722,368199,-2.8720,-3.6869,0.8150,73.97
2026-03-26,148.45,149.88,146.26,147.60,142.98,143.59,150.70,163.64,149.21,154.5217,0,136.2856,1,381900,363586,-2.3116,-3.4119,1.1003,75.69
2026-03-27,147.98,149.20,142.59,145.30,143.56,143.39,150.34,163.73,149.48,154.5217,0,136.8294,1,494354,364896,-2.0297,-3.1354,1.1057,75.62
2026-03-30,150.98,155.20,149.35,153.32,144.43,143.74,150.22,163.87,149.76,154.5217,0,137.3514,1,760299,372731,-1.1460,-2.7375,1.5916,79.62
2026-03-31,153.95,164.22,153.95,163.52,146.39,144.57,150.26,164.11,150.09,137.5841,1,138.4223,1,600756,372877,0.3732,-2.1154,2.4886,80.82
2026-04-01,164.49,166.00,161.73,164.86,148.60,145.32,150.29,164.32,150.42,143.2332,1,140.4861,1,470214,373592,1.6660,-1.3591,3.0251,79.51
2026-04-02,161.51,164.53,157.52,162.43,150.45,146.26,150.41,164.51,150.73,143.2332,1,143.0375,1,293885,370275,2.4661,-0.5941,3.0602,78.27
2026-04-06,161.69,166.19,161.33,163.81,153.23,147.45,150.48,164.70,151.04,143.6084,1,145.3338,1,303458,367675,3.1749,0.1597,3.0152,77.98
2026-04-07,162.82,164.03,159.53,163.03,155.13,148.44,150.62,164.88,151.36,143.6084,1,147.8365,1,220449,364255,3.6319,0.8541,2.7777,78.13
2026-04-08,162.95,163.03,154.73,160.18,157.24,149.26,150.63,164.98,151.65,143.6084,1,150.0389,1,537564,367715,3.7211,1.4275,2.2936,75.93
2026-04-09,159.15,160.49,157.75,159.59,158.36,150.27,150.56,165.09,151.92,143.6084,1,151.9771,1,249615,367235,3.7016,1.8823,1.8192,75.59
2026-04-10,159.59,160.21,152.99,154.81,159.08,151.03,150.54,165.17,152.16,143.6084,1,166.1900,0,282838,367490,3.2628,2.1584,1.1044,75.78
2026-04-13,154.81,156.64,148.51,151.14,159.67,151.61,150.41,165.21,152.40,143.6084,1,165.9260,0,314265,367520,2.5891,2.2446,0.3445,72.41
2026-04-14,152.21,153.87,150.93,153.40,159.68,152.05,150.34,165.25,152.65,143.6084,1,165.2294,0,200893,363110,2.2120,2.2380,-0.0261,73.08
2026-04-15,154.57,154.58,146.25,146.74,158.00,152.19,150.20,165.25,152.89,143.6084,1,164.5606,0,327113,361602,1.3601,2.0624,-0.7024,69.04
2026-04-16,146.02,146.18,142.03,142.79,155.79,152.20,149.91,165.23,153.10,162.8096,0,163.4620,0,308541,359965,0.3620,1.7224,-1.3604,64.40
2026-04-17,144.25,145.62,143.28,144.48,154.00,152.22,149.75,165.22,153.34,162.1332,0,161.7474,0,295967,360413,-0.2893,1.3200,-1.6093,62.23
2026-04-20,143.30,144.06,140.65,142.82,151.90,152.56,149.58,165.20,153.56,159.4188,0,160.1700,0,152960,357787,-0.9286,0.8703,-1.7989,64.14
2026-04-21,142.42,144.07,139.59,140.98,149.69,152.41,149.41,165.19,153.77,158.5315,0,158.2180,0,224285,354392,-1.5658,0.3831,-1.9489,61.86
2026-04-22,142.39,145.32,141.43,144.48,148.12,152.68,149.31,165.18,154.01,158.5315,0,155.9826,0,262954,353535,-1.7679,-0.0471,-1.7208,67.55
2026-04-23,144.48,145.43,142.06,143.83,146.55,152.46,149.21,165.18,154.25,158.5315,0,154.0155,0,165764,350138,-1.9580,-0.4293,-1.5287,65.16
2026-04-24,142.29,143.27,134.59,135.17,144.58,151.83,148.95,165.11,154.44,155.8419,0,152.2845,0,338047,352459,-2.7754,-0.8985,-1.8769,56.23
2026-04-27,135.58,139.54,135.18,135.98,143.07,151.37,148.74,165.05,154.64,153.8917,0,149.8072,0,151862,347583,-3.3196,-1.3827,-1.9369,55.52
2026-04-28,136.54,138.79,132.57,134.94,141.22,150.45,148.47,164.98,154.82,152.4245,0,147.6768,0,183168,344708,-3.7911,-1.8644,-1.9267,53.61
2026-04-29,134.42,136.98,132.77,135.03,140.05,149.02,148.16,164.91,154.99,151.2081,0,145.2597,0,200857,343807,-4.1101,-2.3135,-1.7966,59.12
2026-04-30,136.00,137.22,134.94,136.33,139.40,147.60,147.86,164.88,155.16,151.2081,0,143.2294,0,182273,340720,-4.2095,-2.6927,-1.5168,58.22
2026-05-01,135.65,137.62,132.39,133.26,138.28,146.14,147.31,164.87,155.30,150.4194,0,141.5239,0,208205,329002,-4.4843,-3.0510,-1.4333,49.85
2026-05-04,133.88,141.28,133.46,140.01,138.00,144.95,146.81,164.89,155.48,150.4194,0,132.3900,1,263457,320622,-4.1101,-3.2628,-0.8472,62.39
2026-05-05,140.86,142.90,138.41,139.44,137.85,143.77,146.42,164.87,155.66,150.4194,0,132.3900,1,172669,317170,-3.8155,-3.3734,-0.4421,58.43
2026-05-06,138.46,142.58,136.73,137.09,137.11,142.62,145.99,164.82,155.84,150.4194,0,132.8104,1,315567,317797,-3.7286,-3.4444,-0.2842,53.79
2026-05-07,116.91,125.36,103.50,105.00,133.22,139.89,145.11,164.54,155.85,139.0449,0,142.9000,0,1440422,337068,-6.1780,-3.9911,-2.1869,18.07
2026-05-08,108.01,108.63,98.98,101.35,129.84,137.21,144.14,164.20,155.84,128.8534,0,142.5800,0,870424,347839,-8.3178,-4.8565,-3.4613,15.40
2026-05-11,100.00,108.20,98.90,103.89,126.63,134.85,143.23,163.84,155.84,128.8534,0,140.8360,0,820565,356137,-9.6969,-5.8246,-3.8723,17.12
2026-05-12,103.65,117.63,103.46,116.00,124.74,132.98,142.62,163.56,155.90,128.8534,0,138.3198,0,959877,367520,-9.7008,-6.5998,-3.1010,29.26
2026-05-13,117.50,122.94,112.00,117.99,123.04,131.54,142.04,163.27,155.98,128.8534,0,135.9547,0,793825,377700,-9.4345,-7.1667,-2.2678,33.03
2026-05-14,117.54,119.12,114.88,115.62,120.96,130.18,141.36,162.96,156.03,128.8534,0,133.7314,0,319262,378041,-9.3075,-7.5949,-1.7126,27.50
2026-05-15,114.30,114.51,108.22,109.14,118.55,128.42,140.67,162.59,156.05,128.8534,0,131.6415,0,402552,379575,-9.6188,-7.9997,-1.6191,22.05
2026-05-18,107.36,107.74,104.48,107.15,115.27,126.63,140.01,162.22,156.05,128.8534,0,129.6770,0,410877,380823,-9.9119,-8.3821,-1.5297,16.22
2026-05-19,107.81,109.75,105.01,107.41,112.06,124.96,139.30,161.85,156.04,128.8534,0,127.8304,0,391778,383500,-10.0078,-8.7073,-1.3005,16.49
2026-05-20,108.67,109.96,106.71,107.91,109.15,123.13,138.58,161.49,156.03,128.8534,0,126.0946,0,322554,386649,-9.9290,-8.9516,-0.9774,13.80
2026-05-21,107.55,110.96,106.56,109.53,109.60,121.41,137.98,161.13,156.02,128.8534,0,124.4629,0,404122,391135,-9.6248,-9.0862,-0.5386,14.53
2026-05-22,108.47,110.83,106.20,106.24,110.09,119.97,137.31,160.75,155.99,128.8534,0,122.9291,0,258429,390284,-9.5393,-9.1769,-0.3625,13.89
2026-05-26,107.82,109.74,105.00,108.87,110.59,118.61,136.70,160.37,155.99,127.2617,0,121.4874,0,247538,391103,-9.1538,-9.1723,0.0184,18.51
2026-05-27,107.80,109.78,106.04,106.40,109.63,117.18,135.94,159.96,155.97,126.9346,0,120.1321,0,329255,392294,-8.9445,-9.1267,0.1822,8.93
2026-05-28,106.90,109.95,106.10,108.37,108.66,115.85,135.23,159.58,155.95,126.3021,0,118.8582,0,241752,390773,-8.5214,-9.0057,0.4842,8.85
2026-05-29,107.85,108.46,106.26,106.91,107.79,114.38,134.51,159.22,155.88,124.4694,0,117.6607,0,484815,394755,-8.2093,-8.8464,0.6371,7.77
2026-06-01,106.09,106.79,102.81,106.03,107.48,113.02,133.75,158.86,155.79,121.4285,0,116.5351,0,355996,396252,-7.9414,-8.6654,0.7240,6.01
2026-06-02,104.09,104.45,100.56,103.73,107.14,111.20,133.11,158.49,155.67,119.1116,0,115.4770,0,249595,388837,-7.8245,-8.4972,0.6727,6.27
2026-06-03,102.27,105.20,101.73,103.86,106.79,109.42,132.30,158.09,155.55,119.1116,0,114.4823,0,309337,383277,-7.6334,-8.3245,0.6911,7.84
2026-06-04,103.39,105.29,102.89,104.92,106.49,107.82,131.62,157.69,155.44,119.1116,0,113.5474,0,194029,379318,-7.3121,-8.1220,0.8099,7.46
2026-06-05,103.78,105.00,92.81,94.22,104.96,107.28,130.54,157.20,155.28,116.1594,0,112.6686,0,749643,388416,-7.8306,-8.0637,0.2331,4.15
2026-06-08,94.45,96.77,92.07,94.17,103.75,106.92,129.47,156.54,155.10,111.3590,0,111.0799,0,471829,390215,-8.1516,-8.0813,-0.0703,4.37
2026-06-09,95.75,99.55,95.43,99.04,102.77,106.68,128.54,155.93,154.93,111.3590,0,109.1789,0,420019,388728,-7.9217,-8.0494,0.1277,5.26
2026-06-10,98.28,99.25,90.39,91.88,101.31,105.47,127.32,155.30,154.73,111.3590,0,107.4680,0,498477,383492,-8.2225,-8.0840,-0.1385,3.73
2026-06-11,92.30,98.18,91.37,96.72,100.15,104.41,125.98,154.73,154.57,111.3590,0,105.4186,0,493775,381352,-7.9783,-8.0629,0.0845,4.55
2026-06-12,95.12,98.51,93.92,97.85,99.24,103.52,124.64,154.14,154.40,111.3590,0,103.6152,0,443163,380811,-7.6060,-7.9715,0.3655,5.14
2026-06-15,98.85,100.17,97.04,97.46,98.38,102.93,123.34,153.55,154.22,111.3590,0,102.0282,0,369237,382318,-7.2587,-7.8289,0.5702,5.55
2026-06-16,97.50,98.10,93.92,95.52,97.56,102.35,121.97,152.92,154.02,111.3590,0,100.6316,0,327032,382790,-7.0586,-7.6749,0.6162,5.18
2026-06-17,95.18,99.15,94.22,98.45,97.02,101.90,120.68,152.30,153.83,111.3590,0,100.1700,0,341907,385219,-6.5877,-7.4574,0.8697,7.15
2026-06-18,100.11,100.25,94.00,95.80,96.11,101.30,119.39,151.64,153.58,111.3590,0,90.3900,1,2239708,419262,-6.3551,-7.2370,0.8819,5.92
2026-06-22,95.82,99.88,95.27,98.61,96.55,100.75,118.18,151.01,153.36,111.3590,0,90.5872,1,419822,422666,-5.8762,-6.9648,1.0886,7.19
2026-06-23,98.84,103.15,97.60,102.15,97.35,100.55,117.12,150.41,153.16,111.3590,0,90.7805,1,428999,425589,-5.1517,-6.6022,1.4505,7.63
2026-06-24,103.40,107.20,102.31,103.46,97.79,100.28,116.17,149.81,152.95,111.3590,0,91.2752,1,324544,425795,-4.4209,-6.1659,1.7451,7.37
2026-06-25,103.00,107.49,101.67,104.47,99.05,100.18,115.19,149.20,152.74,111.3590,0,92.2307,1,462039,431018,-3.7173,-5.6762,1.9589,7.97
2026-06-26,105.11,108.14,102.59,103.38,99.71,99.93,114.32,148.54,152.52,111.3590,0,93.4515,1,647138,437418,-3.2107,-5.1831,1.9724,5.63
2026-06-29,105.36,106.39,103.08,104.74,100.40,99.82,113.56,147.88,152.31,111.3590,0,94.9203,1,287773,437003,-2.6687,-4.6802,2.0115,5.29
2026-06-30,105.84,108.67,104.64,106.62,101.32,99.85,112.80,147.26,152.12,111.3590,0,96.2423,1,358083,438245,-2.0636,-4.1569,2.0933,5.48
2026-07-01,107.68,109.19,106.01,107.00,102.47,100.02,112.09,146.65,151.92,111.3590,0,97.7336,1,256597,440318,-1.5358,-3.6327,2.0969,5.10
2026-07-02,107.50,111.92,107.06,111.60,103.78,100.40,111.50,146.01,151.76,94.7425,1,99.3375,1,309232,442017,-0.7377,-3.0537,2.3159,5.96
2026-07-06,110.60,112.57,108.55,111.54,105.36,100.73,110.84,145.36,151.60,96.0812,1,101.3507,1,249002,441738,-0.1089,-2.4647,2.3558,6.03
2026-07-07,113.21,114.69,111.47,112.84,106.78,101.66,110.22,144.75,151.44,99.0831,1,103.3702,1,188962,442202,0.4887,-1.8740,2.3628,7.00
2026-07-08,111.93,116.99,111.01,116.53,108.22,102.78,109.85,144.14,151.29,99.6088,1,105.6341,1,330363,442048,1.2458,-1.2501,2.4958,9.30
2026-07-09,116.44,119.54,116.01,118.26,109.70,103.74,109.49,143.52,151.16,103.7639,1,107.9053,1,374541,446502,1.9627,-0.6075,2.5702,10.30
2026-07-10,118.09,118.94,112.80,115.61,110.81,104.93,109.11,142.92,151.01,103.7639,1,110.2323,1,338911,449617,2.2906,-0.0279,2.3185,9.99
2026-07-13,114.25,115.55,108.02,109.14,111.39,105.55,108.59,142.27,150.83,103.7639,1,119.5400,0,308342,451766,2.0053,0.3787,1.6266,7.77
2026-07-14,109.14,110.67,107.33,110.11,111.93,106.16,108.07,141.63,150.68,103.7639,1,119.3096,0,203505,452191,1.8363,0.6702,1.1660,9.84
2026-07-15,111.00,111.60,108.34,109.81,112.24,106.78,107.60,141.01,150.55,103.7639,1,118.8304,0,232446,452676,1.6590,0.8680,0.7910,9.14
2026-07-16,109.93,110.30,105.07,107.46,112.29,107.38,106.95,140.41,150.40,103.7639,1,118.3704,0,295966,453326,1.3138,0.9572,0.3566,8.47
2026-07-17,105.20,110.58,105.20,108.32,111.96,107.87,106.32,139.84,150.23,103.7639,1,117.5724,0,216922,454211,1.0969,0.9851,0.1118,9.73
2026-07-20,108.24,109.80,106.63,107.02,111.51,108.43,105.72,139.29,150.05,103.7639,1,116.8222,0,215742,452214,0.8108,0.9502,-0.1395,8.80
2026-07-21,107.87,109.42,106.41,108.62,111.09,108.93,105.79,138.71,149.86,103.7639,1,116.1171,0,265826,428722,0.7050,0.9012,-0.1962,8.69
2026-07-22,109.47,109.99,106.12,106.64,110.10,109.16,105.90,138.11,149.62,103.7639,1,115.4543,0,188881,415092,0.4562,0.8122,-0.3560,7.69
2026-07-23,105.80,107.88,105.09,107.41,109.01,109.36,105.97,137.51,149.38,103.7639,1,114.8312,0,188290,402446,0.3174,0.7132,-0.3958,9.06
2026-07-24,106.49,108.27,105.77,106.92,108.14,109.48,105.79,136.89,149.12,103.7639,1,114.2455,0,204035,387329,0.1660,0.6038,-0.4378,8.68
2026-07-27,106.93,107.37,104.50,104.73,107.70,109.55,105.52,136.26,148.83,103.7639,1,113.6950,0,198945,375432,-0.1292,0.4572,-0.5864,6.53
2026-07-28,104.73,105.76,103.18,104.13,107.11,109.52,105.29,135.84,148.54,103.7639,1,112.9594,0,202585,373098,-0.4069,0.2844,-0.6913,5.83
2026-07-29,103.98,106.26,102.81,103.12,106.44,109.34,105.17,135.37,148.24,115.9549,0,111.9815,0,226400,369575,-0.7004,0.0874,-0.7878,5.50
2026-07-30,101.63,102.10,99.03,101.49,105.84,109.06,105.06,134.87,147.93,112.0699,0,110.8809,0,341362,368185,-1.0524,-0.1405,-0.9118,5.09
2026-07-31,101.25,101.91,97.05,98.60,104.87,108.41,104.88,134.35,147.61,111.2924,0,109.2218,0,286196,366073,-1.5467,-0.4218,-1.1249,3.16
2026-08-03,98.20,100.00,96.42,98.45,104.01,107.76,104.69,133.82,147.29,109.9152,0,107.2743,0,349163,366605,-1.9283,-0.7231,-1.2052,3.09
2026-08-04,98.98,99.48,97.86,98.75,103.02,107.06,104.48,133.30,146.97,109.6907,0,105.3205,0,423707,366997,-2.1814,-1.0148,-1.1667,3.05
2026-08-05,99.16,100.95,98.64,99.02,102.26,106.18,104.33,132.78,146.65,109.6907,0,103.7184,0,485158,371532,-2.3333,-1.2785,-1.0549,5.86
2026-08-06,128.22,137.70,126.15,132.55,104.78,106.89,104.81,132.50,146.48,110.7706,1,96.4200,1,1595385,398489,0.2490,-0.9730,1.2220,35.19
2026-08-07,134.99,135.49,126.44,131.10,107.19,107.67,105.30,132.22,146.30,110.7706,1,97.2456,1,642993,404763,2.1537,-0.3476,2.5014,27.72
2026-08-10,129.98,135.50,129.50,134.75,110.20,108.95,105.83,131.93,146.14,111.1214,1,98.0547,1,489156,409711,3.9126,0.5044,3.4082,24.35
2026-08-11,134.55,135.30,131.67,132.57,113.04,110.07,106.34,131.65,146.00,113.1553,1,98.8476,1,361744,407250,5.0722,1.4180,3.6542,19.91
2026-08-12,132.31,135.26,130.80,132.28,115.96,111.20,106.87,131.37,145.86,113.3952,1,99.6246,1,206780,404266,5.8998,2.3143,3.5854,19.77
2026-08-13,132.50,133.16,126.13,126.33,118.44,112.14,107.32,131.03,145.70,113.3952,1,100.3861,1,313235,405538,6.0063,3.0527,2.9535,14.44
2026-08-14,125.67,126.85,122.21,123.74,120.95,112.91,107.72,130.72,145.50,113.3952,1,101.1324,1,242184,404195,5.8146,3.6051,2.2095,13.41
2026-08-17,124.71,128.46,124.70,128.32,123.94,113.98,108.19,130.41,145.31,113.3952,1,101.8638,1,243744,405190,5.9636,4.0768,1.8868,18.36
2026-08-18,128.07,128.93,126.39,128.46,126.91,114.97,108.87,130.14,145.12,113.3952,1,102.5805,1,163671,393470,6.0235,4.4661,1.5574,18.25
2026-08-19,129.85,131.10,127.42,130.66,130.08,116.17,109.60,129.92,144.80,113.3952,1,103.2829,1,195167,387937,6.1773,4.8084,1.3689,20.06
2026-08-20,128.36,130.27,124.60,125.08,129.33,117.05,110.12,129.67,144.48,113.3952,1,103.9712,1,220353,383944,5.7823,5.0032,0.7791,18.55
2026-08-21,125.22,127.20,124.82,125.77,128.80,118.00,110.80,129.44,144.18,113.3952,1,104.6458,1,141428,376803,5.4619,5.0949,0.3670,16.18
2026-08-24,125.03,126.11,122.83,123.98,127.72,118.96,111.34,129.20,143.88,113.3952,1,105.3069,1,166245,370252,5.0059,5.0771,-0.0712,17.70
2026-08-25,124.65,127.18,122.87,123.89,126.85,119.95,111.87,128.93,143.57,113.3952,1,105.9548,1,294003,367269,4.5844,4.9786,-0.3942,15.88
2026-08-26,122.89,125.59,121.64,124.39,126.06,121.01,112.40,128.72,143.26,113.3952,1,106.5897,1,246280,364810,4.2418,4.8312,-0.5894,17.55
2026-08-27,124.67,126.10,121.21,121.39,125.57,122.00,112.92,128.46,142.92,113.3952,1,107.2119,1,128200,360833,3.6857,4.6021,-0.9164,16.27
2026-08-28,120.11,120.66,117.15,118.54,125.05,123.00,113.32,128.21,142.55,113.3952,1,107.8216,1,234413,358683,2.9807,4.2778,-1.2971,16.17
2026-08-31,118.68,122.71,117.51,121.82,124.40,124.17,113.84,127.95,142.19,113.3952,1,108.4192,1,291113,319711,2.6560,3.9535,-1.2975,19.57
2026-09-01,121.95,122.19,119.52,121.51,123.70,125.31,114.30,127.68,141.83,113.3952,1,109.0048,1,172459,314764,2.3466,3.6321,-1.2855,20.93
2026-09-02,121.11,126.79,121.11,126.63,123.30,126.69,114.79,127.49,141.51,113.3952,1,109.5787,1,253032,311245,2.4859,3.4029,-0.9169,33.79
2026-09-03,126.70,127.09,124.05,126.68,123.46,126.39,115.26,127.28,141.17,113.3952,1,110.1411,1,238817,309530,2.5707,3.2364,-0.6657,31.68
2026-09-04,126.00,128.24,125.62,126.29,123.51,126.15,115.69,127.07,140.82,113.6994,1,110.6923,1,227663,304843,2.5768,3.1045,-0.5277,26.58
2026-09-08,124.78,127.42,121.38,124.89,123.60,125.66,116.12,126.88,140.44,113.6994,1,111.2325,1,200336,295907,2.4404,2.9717,-0.5313,31.19
2026-09-09,124.00,130.83,121.04,128.80,124.09,125.47,116.60,126.69,140.06,113.6994,1,111.7618,1,366024,297472,2.6177,2.9009,-0.2832,36.09
2026-09-10,127.22,128.85,124.29,127.28,124.38,125.22,117.02,126.52,139.70,113.6994,1,112.2806,1,330228,296915,2.6055,2.8418,-0.2363,40.73
2026-09-11,127.98,130.25,126.52,129.41,125.19,125.38,117.46,126.38,139.35,113.6994,1,112.7890,1,219764,296178,2.7362,2.8207,-0.0845,43.13
2026-09-14,129.50,130.78,124.58,125.30,125.86,125.45,117.74,126.22,138.95,113.6994,1,113.2872,1,201796,294029,2.4796,2.7525,-0.2729,40.44
2026-09-15,126.10,126.10,118.34,119.92,125.67,125.03,117.91,126.02,138.50,113.6994,1,113.7755,1,403447,297118,1.8210,2.5662,-0.7451,28.42
2026-09-16,120.00,124.41,119.55,122.58,125.78,124.74,118.10,125.84,138.09,113.6994,1,114.2539,1,175755,296854,1.4966,2.3523,-0.8557,36.19
2026-09-17,124.16,127.40,122.88,123.98,125.51,124.41,118.25,125.68,137.67,113.6994,1,114.7229,1,197351,294194,1.3369,2.1492,-0.8123,32.15
2026-09-18,123.89,124.11,119.32,120.00,124.85,124.15,118.28,125.51,137.21,113.6994,1,115.1824,1,413184,294967,0.8792,1.8952,-1.0160,24.42
2026-09-21,123.06,124.48,120.92,121.00,124.32,123.91,118.39,125.32,136.79,113.6994,1,115.6328,1,219240,292573,0.5903,1.6342,-1.0439,23.41
2026-09-22,121.00,122.48,119.09,120.82,123.91,123.76,118.63,125.12,136.36,113.6994,1,116.0741,1,290608,292219,0.3428,1.3759,-1.0331,20.00
2026-09-23,121.58,122.65,116.74,118.34,122.86,123.48,118.79,124.91,135.92,113.6994,1,116.5066,1,227402,292696,-0.0528,1.0902,-1.1430,20.15
2026-09-24,119.26,121.69,118.38,121.55,122.29,123.34,119.03,124.64,135.51,113.6994,1,116.7400,1,271494,293477,-0.1060,0.8509,-0.9570,23.93
2026-09-25,121.87,122.90,115.87,117.83,121.13,123.16,119.23,124.33,135.12,113.6994,1,137.7000,0,314924,293857,-0.4433,0.5921,-1.0354,19.85
2026-09-28,116.83,119.32,116.31,117.67,120.37,123.12,119.42,124.05,134.73,113.6994,1,137.2634,0,205264,293623,-0.7153,0.3306,-1.0459,19.77
2026-09-29,117.06,118.50,114.49,115.63,119.94,122.81,119.59,123.77,134.36,113.6994,1,136.8355,0,192894,293166,-1.0830,0.0479,-1.1309,17.59
2026-09-30,115.65,116.43,113.60,114.14,119.10,122.44,119.70,123.54,133.96,113.6994,1,135.9417,0,327399,294398,-1.4775,-0.2572,-1.2203,18.07
2026-10-01,114.68,116.19,108.48,108.59,117.56,121.54,119.74,123.26,133.52,127.0479,0,134.6012,0,287362,296368,-2.2126,-0.6483,-1.5643,13.31
2026-10-02,107.76,111.54,105.68,111.12,116.67,120.76,119.82,123.01,133.09,123.6096,0,132.5115,0,459615,301794,-2.5614,-1.0309,-1.5305,13.79
2026-10-05,105.50,108.75,101.65,103.83,114.95,119.63,119.75,122.72,132.60,121.5406,0,129.8284,0,560132,308916,-3.3871,-1.5021,-1.8849,9.29
2026-10-06,103.97,107.87,101.32,105.23,113.39,118.65,119.76,122.44,132.14,121.2666,0,126.4470,0,387846,312694,-3.8837,-1.9784,-1.9052,10.61
2026-10-07,103.87,104.80,101.60,101.74,111.73,117.30,119.72,122.12,131.81,119.2934,0,122.9292,0,321905,315080,-4.5069,-2.4841,-2.0228,11.60
2026-10-08,100.66,101.06,96.68,100.48,109.63,115.96,119.66,121.84,131.44,114.8721,0,119.9039,0,527701,321106,-5.0443,-2.9962,-2.0482,10.64
2026-10-09,100.52,101.82,99.15,100.60,107.90,114.52,119.65,121.57,131.06,114.8721,0,116.1881,0,248915,319258,-5.3983,-3.4766,-1.9217,11.64
