Date,Open,High,Low,Close,Ma10:Top:Line,Ma20:Top:Line,Ma50:Top:Line,Ma150:Top:Line,Ma200:Top:Line,Supertrend:Top:ColorLine,Supertrend_Dir,ParabolicSAR:Top:ColorLine,ParabolicSAR_Dir,Volume:Middle:Histogram,Vo50:Middle:Line,Macd:Bottom:Line,MacdSignal:Bottom:Line,MacdDelta:Bottom:Histogram,RsRating:Hidden:Hidden
2023-07-17,132.64,133.41,131.44,131.76,,,,,,,0,133.4059,0,302,,,,,0
2023-07-18,132.98,132.98,129.94,130.67,,,,,,,0,133.4059,0,554,,,,,0
2023-07-19,132.02,132.02,130.74,130.95,,,,,,,0,133.4059,0,345,,,,,0
2023-07-20,131.68,131.68,131.26,131.26,,,,,,,0,133.3365,0,256,,,,,0
2023-07-21,131.08,131.08,131.01,131.01,,,,,,,0,133.2685,0,150,,,,,0
2023-07-24,132.37,132.37,132.37,132.37,,,,,,,0,133.2018,0,197,,,,,0
2023-07-25,132.18,132.18,132.18,132.18,,,,,,,0,133.1365,0,106,,,,,0
2023-07-26,133.83,133.83,133.83,133.83,,,,,,,0,129.9354,1,215,,,,,0
2023-07-27,131.67,133.41,131.41,133.41,,,,,,,0,130.0133,1,887,,,,,0
2023-07-28,133.07,134.30,133.07,134.30,132.17,,,,,137.9516,0,130.0897,1,123,,,,,0
2023-07-31,136.51,136.51,136.51,136.51,132.65,,,,,137.9516,0,130.2583,1,282,,,,,0
2023-08-01,138.34,138.34,138.34,138.34,133.42,,,,,133.7403,1,130.6334,1,143,,,,,0
2023-08-02,137.43,137.43,137.43,137.43,134.07,,,,,133.7403,1,131.2500,1,158,,,,,0
2023-08-03,136.56,136.56,134.30,134.30,134.37,,,,,133.7403,1,131.8173,1,169,,,,,0
2023-08-04,136.74,136.74,133.17,133.17,134.59,,,,,140.3441,0,132.3393,1,199,,,,,0
2023-08-07,135.51,135.51,133.85,135.16,134.86,,,,,140.3207,0,132.8194,1,264,,,,,0
2023-08-08,136.03,136.03,135.29,135.29,135.18,,,,,140.3207,0,133.1704,1,217,,,,,0
2023-08-09,136.73,136.73,136.03,136.33,135.43,,,,,140.3207,0,133.5841,1,344,,,,,0
2023-08-10,136.48,137.24,134.50,134.66,135.55,,,,,140.3207,0,133.9647,1,324,,,,,0
2023-08-11,132.46,132.46,132.46,132.46,135.37,133.77,,,,138.0984,0,138.3413,0,167,,,,,0
2023-08-14,134.31,134.33,133.10,133.10,135.02,133.84,,,,138.0984,0,138.2236,0,168,,,,,0
2023-08-15,129.99,129.99,129.99,129.99,134.19,133.80,,,,135.9986,0,138.1082,0,119,,,,,0
2023-08-16,131.66,131.66,131.66,131.66,133.61,133.84,,,,135.9986,0,137.7834,0,196,,,,,0
2023-08-17,131.67,131.85,129.98,129.98,133.18,133.77,,,,135.9986,0,137.4716,0,268,,,,,0
2023-08-18,131.66,132.72,131.66,132.72,133.13,133.86,,,,135.9986,0,137.0220,0,487,,,,,0
2023-08-21,132.54,132.54,127.96,127.96,132.41,133.64,,,,135.9986,0,136.5994,0,616,,,,,0
2023-08-22,130.58,131.66,130.05,130.05,131.89,133.53,,,,135.9986,0,135.9087,0,433,,,,,0
2023-08-23,129.48,132.52,127.34,132.24,131.48,133.45,,,,135.9986,0,135.2731,0,1137,,,,,0
2023-08-24,131.23,131.23,128.97,128.97,130.91,133.23,,,,135.9986,0,134.4795,0,1494,,,,,0
2023-08-25,130.62,130.62,130.62,130.62,130.73,133.05,,,,135.9986,0,133.7652,0,180,,,,,0
2023-08-28,129.49,129.49,129.49,129.49,130.37,132.70,,,,135.9986,0,133.1224,0,208,,,,,0
2023-08-29,132.31,132.31,132.31,132.31,130.60,132.39,,,,135.9986,0,132.5438,0,106,,,,,0
2023-08-30,132.10,132.54,131.34,132.05,130.64,132.12,,,,135.9986,0,127.3368,1,227,,,,,0
2023-08-31,132.07,132.07,125.85,125.85,130.22,131.70,,,,135.9986,0,132.5426,0,460,,-1.2642,-1.1543,-0.1099,0
2023-09-01,127.75,127.75,127.75,127.75,129.73,131.43,,,,135.8475,0,132.5426,0,146,,-1.3861,-1.2006,-0.1854,0
2023-09-05,127.90,127.90,127.90,127.90,129.72,131.07,,,,135.2311,0,132.4088,0,263,,-1.4539,-1.2513,-0.2026,0
2023-09-06,130.07,130.07,128.40,128.40,129.56,130.72,,,,135.2311,0,132.2777,0,382,,-1.4507,-1.2912,-0.1595,0
2023-09-07,128.57,129.63,128.57,128.57,129.19,130.34,,,,135.2311,0,132.1492,0,985,,-1.4177,-1.3165,-0.1012,0
2023-09-08,129.52,129.52,129.52,129.52,129.25,130.08,,,,135.2311,0,132.0233,0,89,,-1.3003,-1.3132,0.0129,0
2023-09-11,129.66,129.66,129.66,129.66,129.15,129.94,,,,135.2311,0,131.8999,0,178,,-1.1824,-1.2871,0.1047,0
2023-09-12,130.57,131.41,130.57,131.41,129.34,129.85,,,,135.2311,0,131.7790,0,316,,-0.9370,-1.2170,0.2801,0
2023-09-13,131.68,131.68,130.52,130.52,129.16,129.88,,,,135.2311,0,125.8531,1,284,,-0.8045,-1.1345,0.3301,0
2023-09-14,130.76,131.10,130.76,131.10,129.07,129.85,,,,135.2311,0,125.9696,1,210,,-0.6454,-1.0367,0.3913,0
2023-09-15,131.18,133.17,131.18,133.17,129.80,130.01,,,,135.2311,0,126.0837,1,1020,,-0.3488,-0.8991,0.5503,0
2023-09-18,133.30,133.34,130.85,130.85,130.11,129.92,,,,135.2311,0,126.3670,1,239,,-0.2974,-0.7788,0.4814,0
2023-09-19,130.32,130.32,130.32,130.32,130.35,130.04,,,,135.2311,0,126.7854,1,164,,-0.2955,-0.6821,0.3866,0
2023-09-20,130.41,130.41,130.32,130.32,130.54,130.05,,,,135.0014,0,127.1786,1,194,,-0.2907,-0.6039,0.3131,0
2023-09-21,130.37,131.69,130.32,130.50,130.74,129.96,,,,135.0014,0,127.5483,1,1104,,-0.2697,-0.5370,0.2673,0
2023-09-22,126.85,131.02,126.85,128.09,130.59,129.92,,,,134.3106,0,133.3400,0,132,,-0.4420,-0.5180,0.0760,0
2023-09-25,130.15,130.15,129.10,130.04,130.63,129.89,131.61,,,134.3106,0,133.2102,0,223,349,-0.4164,-0.4977,0.0813,0
2023-09-26,130.15,130.15,126.58,126.58,130.15,129.75,131.51,,,134.3106,0,133.0830,0,1259,368,-0.6679,-0.5317,-0.1361,0
2023-09-27,126.58,126.58,126.39,126.39,129.74,129.45,131.42,,,131.9215,0,132.8229,0,289,362,-0.8726,-0.5999,-0.2727,0
2023-09-28,127.26,129.24,126.65,129.24,129.55,129.31,131.39,,,131.9215,0,132.4367,0,251,361,-0.7957,-0.6391,-0.1566,0
2023-09-29,129.53,129.53,129.53,129.53,129.19,129.49,131.35,,,131.9215,0,132.0737,0,89,357,-0.7033,-0.6519,-0.0514,0
2023-10-02,128.88,128.88,128.14,128.14,128.91,129.51,131.29,,,131.9215,0,131.7325,0,132,357,-0.7338,-0.6683,-0.0655,0
2023-10-03,129.89,130.99,126.72,126.82,128.56,129.46,131.18,,,131.9215,0,131.4117,0,972,372,-0.8540,-0.7054,-0.1486,0
2023-10-04,126.82,126.82,123.28,126.30,128.16,129.35,131.07,,,131.4417,0,131.1102,0,939,389,-0.9803,-0.7604,-0.2199,0
2023-10-05,124.20,127.51,123.05,126.12,127.72,129.23,130.91,,,131.4417,0,130.9872,0,692,399,-1.0821,-0.8247,-0.2573,0
2023-10-06,125.07,130.05,124.51,127.27,127.64,129.12,130.79,,,131.4417,0,130.1939,0,960,400,-1.0581,-0.8714,-0.1867,0
2023-10-09,125.25,127.44,125.25,127.17,127.36,128.99,130.65,,,131.4417,0,130.0514,0,553,409,-1.0349,-0.9041,-0.1308,0
2023-10-10,126.82,130.19,126.82,129.27,127.63,128.89,130.50,,,131.4417,0,123.0542,1,798,419,-0.8374,-0.8908,0.0533,0
2023-10-11,128.57,130.99,126.82,128.70,127.86,128.80,130.31,,,131.4417,0,123.1970,1,868,433,-0.7193,-0.8565,0.1372,0
2023-10-12,128.10,128.75,126.16,127.48,127.68,128.61,130.11,,,131.4417,0,123.5086,1,1006,450,-0.7155,-0.8283,0.1128,0
2023-10-13,127.48,127.70,124.31,126.30,127.36,128.27,129.95,,,131.4417,0,123.8077,1,1112,469,-0.7985,-0.8223,0.0238,0
2023-10-16,127.04,127.52,125.51,126.00,127.14,128.03,129.81,,,131.4417,0,124.0949,1,936,484,-0.8782,-0.8335,-0.0447,0
2023-10-17,124.84,125.84,124.65,125.34,127.00,127.78,129.61,,,131.4417,0,124.3137,1,960,498,-0.9837,-0.8635,-0.1202,0
2023-10-18,124.49,126.61,122.75,122.75,126.64,127.40,129.36,,,131.4417,0,130.9873,0,449,503,-1.2617,-0.9432,-0.3185,0
2023-10-19,122.88,123.85,122.15,122.80,126.31,127.02,129.09,,,130.9933,0,130.8225,0,1306,522,-1.4609,-1.0467,-0.4141,0
2023-10-20,123.76,124.86,123.05,123.05,125.89,126.76,128.86,,,130.9933,0,130.4757,0,521,526,-1.5800,-1.1534,-0.4267,0
2023-10-23,122.89,122.89,119.84,121.02,125.27,126.31,128.63,,,129.3596,0,130.1428,0,374,530,-1.8173,-1.2862,-0.5311,0
2023-10-24,121.93,121.93,116.72,118.95,124.24,125.93,128.34,,,128.0792,0,129.5249,0,857,544,-2.1478,-1.4585,-0.6893,0
2023-10-25,118.28,119.50,112.42,114.84,122.85,125.35,128.04,,,125.9660,0,128.5006,0,762,556,-2.7102,-1.7088,-1.0014,0
2023-10-26,115.56,115.56,111.70,114.47,121.55,124.62,127.70,,,123.7917,0,126.8924,0,1571,584,-3.1493,-1.9969,-1.1524,0
2023-10-27,114.49,116.10,114.49,115.05,120.43,123.89,127.40,,,123.7917,0,125.0695,0,487,588,-3.4113,-2.2798,-1.1315,0
2023-10-30,116.30,123.13,112.82,123.13,120.14,123.64,127.21,,,123.7917,0,123.4653,0,1718,613,-2.9331,-2.4105,-0.5226,0
2023-10-31,119.44,125.78,119.44,125.78,120.19,123.59,127.16,,,110.1225,1,111.7013,1,575,612,-2.3135,-2.3911,0.0775,0
2023-11-01,127.30,127.30,127.30,127.30,120.64,123.64,127.11,,,115.6013,1,111.9829,1,247,608,-1.6811,-2.2491,0.5680,0
2023-11-02,127.47,128.43,127.47,128.43,121.20,123.76,127.03,,,117.0857,1,112.5954,1,367,593,-1.0757,-2.0144,0.9387,0
2023-11-03,130.66,131.15,130.65,131.15,122.01,123.95,127.08,,,120.3083,1,113.5457,1,360,570,-0.3721,-1.6859,1.3138,0
2023-11-06,127.02,127.02,125.57,125.57,122.47,123.87,126.98,,,120.3083,1,114.9543,1,388,574,-0.2618,-1.4011,1.1393,0
2023-11-07,127.30,128.86,126.04,128.10,123.38,123.81,126.95,,,120.3083,1,116.2502,1,688,584,0.0292,-1.1150,1.1443,0
2023-11-08,129.54,131.11,129.19,131.11,125.01,123.93,126.92,,,120.3083,1,117.4425,1,525,592,0.4970,-0.7926,1.2896,0
2023-11-09,129.62,129.62,129.62,129.62,126.53,124.04,126.88,,,120.3083,1,118.5394,1,252,593,0.7391,-0.4863,1.2254,0
2023-11-10,131.10,131.10,129.46,131.04,128.12,124.28,126.98,,,120.5785,1,119.5485,1,315,590,1.0335,-0.1823,1.2158,0
2023-11-13,130.32,130.33,130.18,130.33,128.84,124.49,127.03,,,121.2695,1,120.4769,1,447,596,1.1958,0.0933,1.1025,0
2023-11-14,131.02,133.17,128.59,133.16,129.58,124.88,127.14,,,121.4169,1,121.3310,1,929,609,1.5347,0.3816,1.1531,0
2023-11-15,130.15,130.15,130.15,130.15,129.87,125.25,127.17,,,121.4169,1,122.5144,1,193,606,1.5427,0.6138,0.9289,0
2023-11-16,131.35,131.35,131.35,131.35,130.16,125.68,127.23,,,122.5106,1,123.5795,1,210,590,1.6270,0.8164,0.8106,0
2023-11-17,133.48,133.48,133.38,133.38,130.38,126.20,127.30,,,124.8356,1,124.5381,1,305,594,1.8364,1.0204,0.8159,0
2023-11-20,132.48,132.51,129.24,129.24,130.75,126.61,127.30,,,124.8356,1,125.6111,1,325,597,1.6495,1.1462,0.5032,0
2023-11-21,128.57,128.70,128.57,128.70,130.81,127.10,127.24,,,124.8356,1,126.5554,1,265,596,1.4410,1.2052,0.2358,0
2023-11-22,131.20,131.24,131.20,131.22,130.82,127.91,127.25,,,124.8356,1,127.3863,1,195,595,1.4628,1.2567,0.2061,0
2023-11-24,131.22,131.22,131.22,131.22,130.98,128.75,127.26,,,124.8356,1,128.1176,1,75,592,1.4633,1.2980,0.1653,0
2023-11-27,135.57,137.30,132.77,134.09,131.28,129.70,127.28,,,126.5616,1,128.7610,1,874,589,1.6758,1.3736,0.3022,0
2023-11-28,132.95,137.76,131.20,131.42,131.39,130.12,127.29,,,126.5616,1,129.9568,1,331,591,1.6105,1.4210,0.1895,0
2023-11-29,134.70,134.70,134.70,134.70,131.55,130.56,127.37,,,126.5616,1,131.1972,1,231,592,1.8025,1.4973,0.3052,0
2023-11-30,136.07,137.36,136.07,136.20,132.15,131.01,127.49,,,127.2624,1,131.1972,1,559,599,2.0517,1.6082,0.4436,0
2023-12-01,138.80,138.80,138.80,138.80,132.90,131.53,127.66,,,129.5122,1,132.2467,1,200,581,2.4313,1.7728,0.6585,0
2023-12-04,136.40,138.68,136.40,137.81,133.34,131.86,127.85,,,129.5122,1,133.4268,1,199,583,2.6219,1.9426,0.6793,0
2023-12-05,138.84,138.84,136.09,136.09,134.03,132.39,127.97,,,129.5122,1,134.3945,1,227,583,2.6041,2.0749,0.5292,0
2023-12-06,136.91,137.43,130.61,130.61,134.22,132.51,128.05,,,129.5122,1,138.8389,0,711,572,2.1229,2.0845,0.0384,0
2023-12-07,130.61,131.60,127.37,129.39,134.03,132.43,128.11,,,139.8847,0,138.8389,0,445,575,1.6247,1.9925,-0.3678,0
2023-12-08,132.39,132.39,132.39,132.39,134.15,132.56,128.18,,,139.8847,0,138.3802,0,118,572,1.4551,1.8850,-0.4299,0
2023-12-11,132.86,132.86,132.86,132.86,134.03,132.66,128.24,,,139.8847,0,137.9399,0,133,573,1.3430,1.7766,-0.4336,0
2023-12-12,131.06,131.06,130.19,130.19,133.90,132.65,128.29,,,139.8609,0,137.5172,0,318,577,1.0272,1.6268,-0.5995,0
2023-12-13,130.61,138.11,128.80,138.11,134.25,132.90,128.51,,,139.8609,0,127.3725,1,2177,601,1.3997,1.5814,-0.1816,0
2023-12-14,139.96,144.04,139.96,140.51,134.68,133.41,128.80,,,130.2239,1,127.5873,1,702,596,1.8674,1.6386,0.2289,0
2023-12-15,139.82,139.82,136.00,138.18,134.61,133.76,129.04,,,130.2239,1,128.2452,1,920,601,2.0265,1.7162,0.3103,0
2023-12-18,139.70,140.21,138.12,138.12,134.65,133.99,129.25,,,130.2239,1,128.8768,1,322,588,2.1230,1.7975,0.3255,0
2023-12-19,140.87,150.31,140.87,145.05,135.54,134.78,129.61,,,131.6930,1,129.4832,1,1369,604,2.7277,1.9835,0.7441,0
2023-12-20,148.88,148.88,148.04,148.16,137.30,135.76,129.99,,,134.8035,1,130.7331,1,872,606,3.4182,2.2705,1.1477,0
2023-12-21,148.50,148.50,144.13,148.11,139.17,136.60,130.38,,,134.8035,1,131.9079,1,740,603,3.9160,2.5996,1.3164,0
2023-12-22,150.04,150.04,145.79,146.27,140.56,137.35,130.75,,,134.8035,1,133.0123,1,455,592,4.1148,2.9026,1.2122,0
2023-12-26,146.37,146.37,146.37,146.37,141.91,137.97,131.15,,,134.8035,1,134.0504,1,358,577,4.2315,3.1684,1.0631,0
2023-12-27,146.37,148.58,146.37,148.58,143.75,138.83,131.61,,,135.8310,1,135.0262,1,214,563,4.4508,3.4249,1.0259,0
2023-12-28,146.64,146.64,146.64,146.64,144.60,139.42,132.03,,,135.8310,1,135.9435,1,212,548,4.4174,3.6234,0.7940,0
2023-12-29,146.41,146.41,146.04,146.04,145.15,139.91,132.50,,,136.0987,1,136.8058,1,438,548,4.2935,3.7574,0.5361,0
2024-01-02,147.44,147.44,147.44,147.44,146.08,140.35,132.99,,,137.9044,1,137.6163,1,229,526,4.2589,3.8577,0.4011,0
2024-01-03,145.50,145.50,142.40,142.40,146.51,140.58,133.38,,,137.9044,1,138.3781,1,427,524,3.7808,3.8423,-0.0615,0
2024-01-04,142.53,142.53,142.53,142.53,146.25,140.90,133.81,,,137.9044,1,139.0943,1,222,521,3.3739,3.7486,-0.3747,0
2024-01-05,142.75,145.52,141.60,141.60,145.60,141.45,134.26,,,137.9044,1,139.7675,1,629,517,2.9427,3.5875,-0.6447,0
2024-01-08,143.65,143.65,143.65,143.65,145.15,142.16,134.84,,,137.9044,1,140.4003,1,128,504,2.7344,3.4169,-0.6824,0
2024-01-09,141.53,141.53,141.53,141.53,144.68,142.62,135.38,,,137.9044,1,140.9951,1,110,475,2.3712,3.2077,-0.8365,0
2024-01-10,143.09,145.01,142.32,145.01,144.54,143.22,135.98,,,137.9044,1,141.5321,1,531,476,2.3370,3.0336,-0.6966,0
2024-01-11,145.02,148.65,145.02,148.65,144.55,144.15,136.49,,,137.9044,1,141.5321,1,710,455,2.5739,2.9416,-0.3678,0
2024-01-12,148.62,148.87,148.62,148.87,144.77,144.69,136.95,,,140.4339,1,142.0590,1,694,458,2.7480,2.9029,-0.1549,0
2024-01-16,147.72,147.72,141.86,142.43,144.41,144.78,137.25,,,140.4339,1,150.3142,0,443,462,2.3394,2.7902,-0.4508,0
2024-01-17,139.61,139.84,139.61,139.84,143.65,144.86,137.48,,,149.1999,0,150.1450,0,279,460,1.7857,2.5893,-0.8036,0
2024-01-18,136.91,136.91,136.91,136.91,143.10,144.80,137.60,,,146.3159,0,149.7237,0,334,459,1.0980,2.2911,-1.1930,0
2024-01-19,141.23,141.23,141.23,141.23,142.97,144.61,137.91,,,146.3159,0,148.9550,0,157,455,0.8916,2.0112,-1.1196,0
2024-01-22,145.02,151.71,145.02,151.71,143.98,144.79,138.38,,,136.4363,1,136.9113,1,1011,461,1.5554,1.9200,-0.3646,0
2024-01-23,150.58,151.32,148.62,151.32,144.75,144.95,138.78,,,138.3101,1,137.2073,1,470,460,2.0268,1.9414,0.0854,0
2024-01-24,151.77,153.17,151.77,152.76,145.87,145.28,139.25,,,141.4218,1,137.4973,1,373,463,2.4880,2.0507,0.4373,0
2024-01-25,153.58,153.58,153.58,153.58,146.73,145.64,139.70,,,143.3933,1,138.1242,1,256,461,2.8864,2.2178,0.6686,0
2024-01-26,153.50,153.74,153.50,153.74,147.24,145.90,140.17,,,144.3781,1,139.0518,1,205,457,3.1779,2.4098,0.7680,0
2024-01-29,152.21,152.21,150.65,150.65,147.42,146.10,140.52,,,144.3781,1,140.2266,1,602,450,3.1235,2.5526,0.5709,0
2024-01-30,150.92,151.52,150.92,151.52,148.33,146.37,140.94,,,144.3781,1,141.3074,1,555,457,3.1151,2.6651,0.4500,0
2024-01-31,153.03,153.03,150.65,150.65,149.41,146.53,141.33,,,144.3781,1,142.3018,1,184,457,3.0032,2.7327,0.2705,0
2024-02-01,152.56,154.57,150.60,152.20,150.94,147.02,141.71,,,144.3781,1,143.2166,1,710,465,3.0050,2.7872,0.2178,0
2024-02-02,151.14,151.14,151.14,151.14,151.93,147.45,142.14,,,144.3781,1,144.3515,1,252,463,2.8880,2.8073,0.0807,0
2024-02-05,150.61,152.93,150.61,151.76,151.93,147.96,142.61,,,144.3781,1,145.3729,1,775,474,2.8124,2.8084,0.0040,0
2024-02-06,152.22,153.76,151.14,152.76,152.08,148.41,143.04,,,144.3800,1,146.2922,1,1018,490,2.8015,2.8070,-0.0055,0
2024-02-07,153.10,153.10,150.56,150.56,151.86,148.86,143.42,,,144.3800,1,147.1195,1,418,497,2.5850,2.7626,-0.1776,0
2024-02-08,151.32,152.25,148.97,148.97,151.39,149.06,143.72,,,144.3800,1,147.8642,1,430,488,2.2595,2.6620,-0.4025,0
2024-02-09,149.12,149.12,149.12,149.12,150.93,149.09,144.07,,,144.3800,1,148.5343,1,331,488,1.9902,2.5276,-0.5374,0
2024-02-12,148.82,148.82,148.82,148.82,150.75,149.08,144.36,,,144.3800,1,154.5657,0,380,491,1.7328,2.3687,-0.6358,0
2024-02-13,136.09,136.09,136.09,136.09,149.21,148.77,144.35,,,146.0068,0,154.4507,0,453,489,0.4962,1.9942,-1.4980,0
2024-02-14,142.26,146.50,142.26,145.37,148.68,149.04,144.49,,,146.0068,0,153.7164,0,597,497,0.2617,1.6477,-1.3860,0
2024-02-15,146.37,147.90,145.73,146.64,148.12,149.53,144.66,,,135.2154,1,153.0114,0,895,511,0.1763,1.3534,-1.1771,0
2024-02-16,143.96,143.96,140.67,140.67,147.08,149.50,144.75,134.78,,135.2154,1,152.3346,0,187,510,-0.3690,1.0089,-1.3779,0
2024-02-20,140.69,140.69,140.69,140.69,145.97,148.95,144.96,134.84,,135.2154,1,151.6849,0,890,514,-0.7898,0.6492,-1.4390,0
2024-02-21,140.74,140.74,140.74,140.74,144.77,148.42,145.18,134.91,,135.2154,1,151.0611,0,172,508,-1.1070,0.2979,-1.4049,0
2024-02-22,141.79,141.79,141.79,141.79,143.89,147.87,145.37,134.98,,135.2154,1,150.4624,0,189,509,-1.2588,-0.0134,-1.2454,0
2024-02-23,143.01,143.01,143.01,143.01,143.29,147.34,145.57,135.06,,135.2154,1,149.8875,0,64,508,-1.2663,-0.2640,-1.0024,0
2024-02-26,141.87,145.20,141.87,143.44,142.73,146.83,145.84,135.14,,135.2154,1,149.3357,0,414,510,-1.2234,-0.4559,-0.7675,0
2024-02-27,144.03,144.03,142.59,142.88,142.13,146.44,145.93,135.21,,135.2154,1,148.8059,0,111,469,-1.2203,-0.6088,-0.6115,0
2024-02-28,143.04,143.04,138.80,138.80,142.40,145.81,145.90,135.25,,135.2154,1,148.2974,0,354,462,-1.5295,-0.7929,-0.7366,0
2024-02-29,139.99,139.99,139.99,139.99,141.87,145.27,145.94,135.29,,135.2154,1,147.8091,0,171,447,-1.6594,-0.9662,-0.6932,0
2024-03-01,140.50,140.50,140.50,140.50,141.25,144.69,145.98,135.34,,135.2154,1,147.3404,0,78,442,-1.7021,-1.1134,-0.5887,0
2024-03-04,139.06,139.06,139.06,139.06,141.09,144.08,145.86,135.37,,135.2154,1,146.8905,0,77,416,-1.8311,-1.2569,-0.5742,0
2024-03-05,139.15,139.15,138.54,138.54,140.88,143.42,145.67,135.39,,135.2154,1,146.4585,0,215,403,-1.9523,-1.3960,-0.5563,0
2024-03-06,138.96,138.96,138.96,138.96,140.70,142.73,145.49,135.39,,135.2154,1,146.0439,0,62,389,-1.9912,-1.5150,-0.4761,0
2024-03-07,142.32,142.32,142.32,142.32,140.75,142.32,145.41,135.42,,135.7452,1,145.6458,0,490,390,-1.7317,-1.5584,-0.1733,0
2024-03-08,142.54,142.54,141.64,141.64,140.61,141.95,145.32,135.47,,135.9069,1,145.2636,0,126,385,-1.5625,-1.5592,-0.0033,0
2024-03-11,140.11,140.11,140.11,140.11,140.28,141.50,145.15,135.52,,135.9069,1,144.8967,0,47,382,-1.5343,-1.5542,0.0199,0
2024-03-12,140.18,140.18,140.18,140.18,140.01,141.07,145.02,135.55,,135.9069,1,144.5445,0,78,379,-1.4890,-1.5412,0.0522,0
2024-03-13,141.87,141.87,141.87,141.87,140.32,141.36,144.93,135.60,,136.4606,1,144.2064,0,158,374,-1.3022,-1.4934,0.1912,0
2024-03-14,139.90,139.90,139.90,139.90,140.31,141.09,144.78,135.62,,136.4606,1,143.8818,0,202,373,-1.2976,-1.4542,0.1566,0
2024-03-15,137.99,141.84,137.99,141.83,140.44,140.85,144.77,135.67,,136.4606,1,143.5702,0,832,381,-1.1257,-1.3885,0.2628,0
2024-03-18,140.48,142.74,140.21,140.21,140.56,140.82,144.72,135.72,,136.4606,1,143.2711,0,528,387,-1.1072,-1.3322,0.2250,0
2024-03-19,143.98,143.98,143.98,143.98,141.10,140.99,144.77,135.79,,137.2523,1,136.0916,1,430,383,-0.7796,-1.2217,0.4421,0
2024-03-20,142.29,146.41,142.29,146.41,141.84,141.27,144.83,135.90,,137.2523,1,136.2493,1,308,387,-0.3202,-1.0414,0.7212,0
2024-03-21,143.65,143.65,143.65,143.65,141.98,141.36,144.87,135.98,,137.2523,1,136.6556,1,207,389,-0.1764,-0.8684,0.6920,0
2024-03-22,142.64,142.64,142.64,142.64,142.08,141.34,144.82,136.07,,137.2523,1,137.0456,1,268,384,-0.1424,-0.7232,0.5808,0
2024-03-25,143.64,143.64,140.06,140.97,142.16,141.22,144.67,136.12,,137.2523,1,137.4201,1,234,374,-0.2475,-0.6281,0.3806,0
2024-03-26,146.35,146.35,141.84,142.38,142.38,141.20,144.54,136.22,,137.2523,1,137.7795,1,646,373,-0.2146,-0.5454,0.3308,0
2024-03-27,143.64,147.26,143.64,147.26,142.92,141.62,144.63,136.33,,137.2523,1,138.1246,1,310,371,0.2028,-0.3957,0.5985,0
2024-03-28,147.43,147.43,147.43,147.43,143.67,141.99,144.79,136.43,,139.4076,1,138.6724,1,228,370,0.5412,-0.2083,0.7495,0
2024-04-01,146.35,146.35,143.65,143.65,143.86,142.15,144.92,136.53,,139.4076,1,139.3728,1,286,369,0.4989,-0.0669,0.5658,0
2024-04-02,143.64,143.64,141.56,141.56,143.99,142.27,144.93,136.60,,139.4076,1,140.0171,1,235,370,0.2936,0.0052,0.2884,0
2024-04-03,141.04,141.04,141.04,141.04,143.70,142.40,144.71,136.68,,139.4076,1,140.6099,1,125,353,0.0876,0.0217,0.0659,0
2024-04-04,143.64,144.38,143.64,144.38,143.50,142.67,144.58,136.76,,139.4076,1,141.0400,1,240,348,0.1919,0.0557,0.1362,0
2024-04-05,144.45,144.45,144.45,144.45,143.58,142.78,144.41,136.84,,139.4076,1,141.0400,1,48,341,0.2772,0.1000,0.1771,0
2024-04-08,146.35,146.45,144.98,144.98,143.81,142.94,144.24,136.97,,139.4076,1,141.5510,1,193,340,0.3826,0.1565,0.2261,0
2024-04-09,144.54,144.54,144.54,144.54,144.17,143.16,144.05,137.08,,139.4076,1,142.0211,1,80,338,0.4256,0.2103,0.2152,0
2024-04-10,143.92,143.92,143.89,143.89,144.32,143.35,143.92,137.19,,139.4076,1,142.4535,1,223,330,0.4032,0.2489,0.1543,0
2024-04-11,144.43,145.45,142.62,144.00,143.99,143.46,143.77,137.29,,139.4076,1,147.4271,0,574,330,0.3897,0.2771,0.1126,0
2024-04-12,141.42,141.42,141.42,141.42,143.39,143.53,143.58,137.38,,139.4076,1,147.3310,0,94,329,0.1686,0.2554,-0.0868,0
2024-04-15,141.84,142.21,141.84,142.21,143.25,143.55,143.38,137.46,,139.4076,1,147.0945,0,110,317,0.0569,0.2157,-0.1588,0
2024-04-16,142.55,142.55,142.40,142.40,143.33,143.66,143.21,137.55,,139.4076,1,146.8675,0,142,314,-0.0162,0.1693,-0.1855,0
2024-04-17,144.22,144.22,141.58,141.58,143.39,143.54,143.01,137.62,,139.4076,1,146.6496,0,157,302,-0.1388,0.1077,-0.2465,0
2024-04-18,141.04,141.04,141.04,141.04,143.05,143.27,142.77,137.69,,139.4076,1,146.4404,0,359,289,-0.2766,0.0308,-0.3074,0
2024-04-19,141.04,146.07,141.04,146.07,143.21,143.40,142.68,137.79,,139.4076,1,146.1164,0,679,294,0.0201,0.0287,-0.0086,0
2024-04-22,143.64,145.63,143.64,145.63,143.28,143.54,142.61,137.87,,139.4076,1,146.0720,0,242,290,0.2170,0.0663,0.1506,0
2024-04-23,144.91,148.57,144.58,148.57,143.68,143.93,142.60,137.99,,139.6594,1,141.0400,1,691,298,0.6037,0.1738,0.4299,0
2024-04-24,147.82,147.82,147.82,147.82,144.08,144.20,142.58,138.11,,141.3730,1,141.1907,1,196,294,0.8399,0.3070,0.5329,0
2024-04-25,146.35,147.48,145.40,147.15,144.39,144.19,142.80,138.22,,141.3730,1,141.3384,1,635,298,0.9615,0.4379,0.5235,0
2024-04-26,147.36,147.36,143.97,143.97,144.65,144.02,142.78,138.31,,141.3730,1,141.4831,1,669,299,0.7920,0.5087,0.2833,0
2024-04-29,142.85,146.31,142.85,146.31,145.05,144.15,142.77,138.43,,141.3730,1,141.6249,1,923,300,0.8369,0.5744,0.2625,0
2024-04-30,143.06,144.93,143.06,144.93,145.31,144.32,142.86,138.53,136.80,141.3730,1,141.7639,1,433,304,0.7530,0.6101,0.1429,0
2024-05-01,144.55,146.42,144.45,146.42,145.79,144.59,142.97,138.66,136.87,141.3730,1,141.9001,1,551,298,0.7976,0.6476,0.1500,0
2024-05-02,146.42,146.51,145.90,146.51,146.34,144.70,143.09,138.79,136.95,141.3730,1,142.0336,1,551,305,0.8306,0.6842,0.1464,0
2024-05-03,148.07,148.07,143.95,143.95,146.13,144.67,143.13,138.89,137.02,141.3730,1,142.1644,1,574,313,0.6424,0.6758,-0.0335,0
2024-05-06,146.04,146.04,146.04,146.04,146.17,144.72,143.19,139.00,137.09,141.3730,1,142.2926,1,307,318,0.6547,0.6716,-0.0169,0
2024-05-07,144.84,144.84,140.03,144.56,145.77,144.73,143.21,139.11,137.16,141.3730,1,148.5744,0,400,318,0.5388,0.6450,-0.1062,0
2024-05-08,144.69,144.69,142.77,144.19,145.40,144.74,143.24,139.23,137.22,141.3730,1,148.4035,0,351,322,0.4123,0.5985,-0.1862,0
2024-05-09,146.35,146.35,145.79,145.79,145.27,144.83,143.38,139.36,137.28,141.3730,1,148.2360,0,210,319,0.4360,0.5660,-0.1300,0
2024-05-10,146.52,146.52,146.52,146.52,145.52,145.09,143.51,139.49,137.35,141.3730,1,148.0719,0,114,318,0.5080,0.5544,-0.0464,0
2024-05-13,145.00,145.00,144.09,144.50,145.34,145.20,143.59,139.61,137.40,141.3730,1,147.9110,0,688,330,0.3972,0.5230,-0.1258,0
2024-05-14,144.91,145.45,144.25,145.39,145.39,145.35,143.72,139.73,137.46,141.3730,1,147.7533,0,933,348,0.3772,0.4938,-0.1166,0
2024-05-15,144.64,146.91,144.64,146.91,145.44,145.62,143.88,139.85,137.51,141.3730,1,147.5988,0,618,356,0.4783,0.4907,-0.0124,0
2024-05-16,147.26,147.26,145.45,146.88,145.47,145.91,144.04,139.97,137.55,141.3730,1,147.4474,0,585,366,0.5492,0.5024,0.0468,0
2024-05-17,148.05,148.06,147.53,147.53,145.83,145.98,144.15,140.10,137.60,141.3730,1,140.0282,1,180,360,0.6503,0.5320,0.1184,0
2024-05-20,149.06,149.22,148.34,149.22,146.15,146.16,144.30,140.26,137.68,142.4522,1,140.1889,1,545,368,0.8577,0.5971,0.2606,0
2024-05-21,148.67,149.97,148.67,149.92,146.69,146.23,144.49,140.41,137.76,143.2351,1,140.5503,1,448,376,1.0658,0.6909,0.3750,0
2024-05-22,149.32,149.32,141.11,142.60,146.53,145.97,144.54,140.53,137.80,150.7555,0,149.9657,0,1184,398,0.6330,0.6793,-0.0463,0
2024-05-23,141.13,142.74,133.29,136.31,145.58,145.42,144.43,140.62,137.80,148.1552,0,149.9657,0,2007,435,-0.2156,0.5003,-0.7159,0
2024-05-24,137.32,139.30,132.27,139.30,144.86,145.19,144.42,140.73,137.82,147.0182,0,149.3242,0,941,450,-0.6394,0.2724,-0.9118,0
2024-05-28,146.84,148.54,146.84,148.11,145.22,145.28,144.54,140.90,137.89,134.8041,1,132.2679,1,1082,455,-0.2609,0.1657,-0.4266,0
2024-05-29,148.11,155.29,148.07,155.29,146.21,145.80,144.85,141.13,138.00,137.9157,1,132.2679,1,911,463,0.6109,0.2548,0.3562,0
2024-05-30,151.77,166.59,151.77,166.59,148.17,146.81,145.30,141.44,138.17,142.3499,1,133.1887,1,1807,490,2.1885,0.6415,1.5470,0
2024-05-31,166.92,174.21,165.32,166.32,150.12,147.80,145.70,141.79,138.35,151.9541,1,135.1927,1,1270,510,3.3780,1.1888,2.1892,0
2024-06-03,166.41,168.98,151.07,151.07,150.47,148.15,145.84,142.03,138.45,181.4324,0,138.3143,1,1856,543,3.0549,1.5620,1.4929,0
2024-06-04,152.52,157.00,151.59,156.71,151.22,148.69,146.13,142.31,138.58,175.3447,0,141.1862,1,2203,581,3.2174,1.8931,1.3243,0
2024-06-05,157.64,160.85,155.38,157.54,151.98,149.33,146.46,142.54,138.71,175.3447,0,143.8284,1,1081,598,3.3736,2.1892,1.1844,0
2024-06-06,156.29,157.70,153.58,153.79,153.10,149.81,146.69,142.72,138.83,175.3447,0,146.2592,1,1106,608,3.1585,2.3831,0.7754,0
2024-06-07,153.13,157.99,153.08,157.99,155.27,150.42,146.90,142.93,138.97,174.7929,0,148.4955,1,1889,639,3.2891,2.5643,0.7248,0
2024-06-10,157.99,158.03,153.19,153.19,156.66,150.76,147.02,143.09,139.08,174.3965,0,150.5529,1,1034,655,2.9712,2.6456,0.3256,0
2024-06-11,152.44,157.76,152.44,155.21,157.37,151.29,147.25,143.25,139.21,173.6040,0,174.2132,0,2921,708,2.8490,2.6863,0.1627,0
2024-06-12,157.70,158.81,153.17,153.17,157.16,151.68,147.48,143.44,139.32,173.6040,0,173.7777,0,1017,724,2.5587,2.6608,-0.1021,0
2024-06-13,153.94,156.32,153.94,155.96,156.09,152.13,147.78,143.62,139.46,172.5808,0,173.3510,0,1347,748,2.5240,2.6334,-0.1094,0
2024-06-14,154.90,155.17,153.99,154.34,154.90,152.51,147.98,143.78,139.57,170.8751,0,172.9328,0,1482,773,2.3394,2.5746,-0.2352,0
2024-06-17,155.57,160.53,153.49,159.68,155.76,153.11,148.28,143.98,139.70,170.8751,0,172.5230,0,4971,871,2.5938,2.5785,0.0153,0
2024-06-18,160.33,161.25,157.73,158.69,155.95,153.59,148.56,144.16,139.87,170.8751,0,172.1213,0,4975,967,2.6848,2.5997,0.0850,0
2024-06-20,158.08,161.77,158.08,160.29,156.23,154.11,148.87,144.36,140.03,170.8751,0,171.7277,0,3716,1040,2.8533,2.6504,0.2029,0
2024-06-21,159.14,160.64,156.99,156.99,156.55,154.83,149.13,144.52,140.18,170.8751,0,171.3420,0,2305,1081,2.6891,2.6582,0.0310,0
2024-06-24,158.78,162.57,158.78,161.40,156.89,156.08,149.48,144.73,140.34,170.8751,0,170.9640,0,1746,1105,2.8818,2.7029,0.1789,0
2024-06-25,161.01,162.15,157.91,158.28,157.40,157.03,149.82,144.91,140.49,170.8751,0,170.5935,0,2394,1151,2.7513,2.7126,0.0387,0
2024-06-26,158.28,160.46,156.97,160.46,157.93,157.65,150.18,145.09,140.64,170.8751,0,170.2305,0,1665,1182,2.7911,2.7283,0.0628,0
2024-06-27,158.63,160.69,157.61,160.55,158.66,157.91,150.54,145.30,140.80,170.8751,0,169.8747,0,2003,1219,2.7977,2.7422,0.0555,0
2024-06-28,162.59,164.53,158.79,163.17,159.38,157.74,150.98,145.53,140.96,170.8751,0,169.5260,0,6845,1353,2.9798,2.7897,0.1901,0.00
2024-07-01,159.93,161.36,158.05,159.56,159.91,157.40,151.35,145.72,141.10,170.8751,0,169.1843,0,4104,1428,2.8010,2.7919,0.0090,73.22
2024-07-02,158.52,160.47,158.38,159.90,159.93,157.84,151.62,145.91,141.25,170.8751,0,168.8494,0,5207,1518,2.6557,2.7647,-0.1090,71.19
2024-07-03,159.90,163.05,159.90,161.99,160.26,158.11,151.95,146.10,141.39,170.8751,0,168.5213,0,2361,1561,2.6785,2.7474,-0.0690,73.16
2024-07-05,161.69,164.48,161.37,163.57,160.59,158.41,152.25,146.31,141.55,170.8751,0,168.1997,0,2745,1602,2.7923,2.7564,0.0359,75.00
2024-07-08,163.95,163.96,161.57,161.89,161.08,158.81,152.53,146.49,141.71,170.8751,0,167.8845,0,2591,1650,2.7152,2.7482,-0.0330,72.93
2024-07-09,161.24,164.33,161.15,164.06,161.34,159.12,152.87,146.68,141.88,170.8751,0,167.5756,0,2717,1691,2.7973,2.7580,0.0393,74.62
2024-07-10,164.83,164.86,162.28,162.55,161.77,159.58,153.24,146.83,142.04,170.8751,0,167.2729,0,3804,1754,2.7091,2.7482,-0.0391,72.31
2024-07-11,162.57,164.27,162.37,163.44,162.07,160.00,153.58,147.01,142.22,170.8751,0,166.9763,0,2490,1785,2.6799,2.7345,-0.0547,68.90
2024-07-12,164.70,167.98,164.70,165.64,162.58,160.62,154.00,147.20,142.40,170.8751,0,152.4410,1,1225,1801,2.8021,2.7481,0.0540,69.05
2024-07-15,167.65,169.79,167.58,168.53,163.11,161.25,154.44,147.46,142.61,170.8751,0,152.7517,1,9116,1972,3.0964,2.8177,0.2787,69.21
2024-07-16,169.97,174.23,169.70,174.01,164.56,162.23,154.99,147.75,142.84,160.0130,1,153.4331,1,9720,2156,3.7288,2.9999,0.7289,69.06
2024-07-17,171.83,180.79,171.83,179.82,166.55,163.24,155.71,148.07,143.10,162.8727,1,154.6807,1,6273,2270,4.6458,3.3291,1.3167,76.35
2024-07-18,180.28,187.95,179.35,180.95,168.45,164.35,156.41,148.39,143.35,168.9751,1,156.7697,1,10787,2479,5.4008,3.7435,1.6574,77.31
2024-07-19,181.02,182.07,174.37,174.80,169.57,165.08,157.01,148.69,143.59,168.9751,1,159.8876,1,4979,2571,5.4402,4.0828,1.3574,73.63
2024-07-22,176.02,177.52,172.54,175.10,170.89,165.98,157.63,148.93,143.83,168.9751,1,162.6937,1,6341,2691,5.4336,4.3530,1.0807,68.51
2024-07-23,174.90,182.64,174.88,181.35,172.62,166.98,158.34,149.21,144.10,168.9751,1,165.2192,1,3864,2764,5.8644,4.6553,1.2092,74.38
2024-07-24,179.44,181.62,175.98,176.27,173.99,167.88,158.94,149.46,144.35,168.9751,1,167.4922,1,8543,2932,5.7304,4.8703,0.8602,72.08
2024-07-25,176.54,185.58,176.54,184.90,176.14,169.10,159.74,149.77,144.64,168.9751,1,169.5379,1,6654,3052,6.2481,5.1459,1.1022,79.17
2024-07-26,186.74,190.98,186.14,186.86,178.26,170.42,160.57,150.05,144.94,171.0093,1,171.3790,1,9964,3232,6.7392,5.4645,1.2747,78.10
2024-07-29,187.26,188.02,182.16,184.90,179.90,171.50,161.33,150.30,145.22,171.0093,1,173.7315,1,9859,3417,6.8905,5.7497,1.1407,79.13
2024-07-30,186.60,188.32,184.61,188.32,181.33,172.94,162.16,150.56,145.52,171.0093,1,175.8017,1,3617,3478,7.2035,6.0405,1.1631,79.72
2024-07-31,188.21,192.94,187.05,192.80,182.62,174.59,163.07,150.87,145.84,173.0081,1,177.6235,1,2873,3532,7.7237,6.3771,1.3466,81.41
2024-08-01,191.50,192.54,183.75,184.86,183.01,175.73,163.78,151.13,146.14,173.0081,1,179.7678,1,6510,3651,7.4102,6.5837,0.8265,81.14
2024-08-02,182.17,184.33,180.03,182.21,183.76,176.66,164.42,151.35,146.42,173.0081,1,192.9399,0,4968,3741,6.8685,6.6407,0.2278,83.74
2024-08-05,173.93,176.64,171.61,176.36,183.88,177.39,165.10,151.55,146.67,173.0081,1,192.6818,0,8450,3887,5.8997,6.4925,-0.5928,84.05
2024-08-06,178.50,188.32,177.09,183.99,184.15,178.38,166.05,151.81,146.98,173.0081,1,191.8388,0,9181,4030,5.6818,6.3303,-0.6485,88.72
2024-08-07,186.91,186.91,182.07,182.32,184.75,179.37,166.91,152.04,147.28,173.0081,1,191.0296,0,10084,4213,5.3134,6.1270,-0.8135,89.87
2024-08-08,183.88,187.78,183.08,186.62,184.92,180.53,167.68,152.33,147.59,173.0081,1,190.2527,0,5357,4299,5.3068,5.9629,-0.6562,87.80
2024-08-09,186.05,187.10,184.91,185.22,184.76,181.51,168.28,152.62,147.92,173.0081,1,189.5069,0,4233,4365,5.1298,5.7963,-0.6665,88.18
2024-08-12,185.43,185.51,183.37,183.47,184.62,182.26,168.62,152.90,148.24,173.0081,1,188.7910,0,1782,4365,4.7932,5.5957,-0.8025,88.87
2024-08-13,184.43,190.41,184.43,190.41,184.83,183.08,169.10,153.21,148.62,173.0081,1,171.6079,1,3553,4410,5.0284,5.4822,-0.4538,89.83
2024-08-14,190.79,192.11,190.79,192.03,184.75,183.69,169.92,153.55,149.00,175.1137,1,171.9840,1,2608,4425,5.2847,5.4427,-0.1580,90.29
2024-08-15,195.34,200.07,195.20,197.15,185.98,184.50,170.73,153.89,149.41,180.5237,1,172.7889,1,2960,4440,5.8335,5.5209,0.3127,90.48
2024-08-16,197.36,199.61,197.32,197.85,187.54,185.65,171.54,154.22,149.79,182.3228,1,174.4257,1,2468,4468,6.2527,5.6672,0.5855,90.44
2024-08-19,197.06,198.15,195.86,197.88,189.70,186.79,172.42,154.55,150.15,182.3228,1,175.9643,1,5461,4555,6.5120,5.8362,0.6758,90.33
2024-08-20,196.79,197.61,196.03,196.73,190.97,187.56,173.19,154.91,150.50,182.5764,1,177.4105,1,6168,4641,6.5492,5.9788,0.5704,90.94
2024-08-21,199.28,202.00,198.28,200.11,192.75,188.75,174.13,155.31,150.85,185.7391,1,178.7700,1,5479,4730,6.7740,6.1378,0.6361,91.82
2024-08-22,200.08,200.47,195.78,196.48,193.73,189.33,174.96,155.71,151.18,185.7391,1,180.6283,1,3058,4732,6.5831,6.2269,0.3562,91.44
2024-08-23,198.23,204.67,197.83,200.37,195.25,190.00,175.90,156.10,151.55,185.8641,1,182.3379,1,4557,4803,6.6685,6.3152,0.3533,89.37
2024-08-26,202.11,202.88,199.75,202.72,197.17,190.90,176.84,156.44,151.93,186.5287,1,184.5711,1,4745,4871,6.8473,6.4216,0.4257,88.87
2024-08-27,200.74,203.23,200.39,202.95,198.43,191.63,177.81,156.79,152.29,187.6549,1,186.5810,1,5691,4955,6.9275,6.5228,0.4047,88.18
2024-08-28,202.64,202.64,200.74,202.48,199.47,192.11,178.66,157.12,152.65,188.2853,1,188.3900,1,1878,4894,6.8737,6.5930,0.2807,89.03
2024-08-29,202.03,205.33,202.03,204.18,200.17,193.08,179.57,157.46,153.02,190.6295,1,190.0180,1,3133,4857,6.8891,6.6522,0.2369,90.91
2024-08-30,205.42,205.42,201.98,204.07,200.80,194.17,180.45,157.79,153.39,190.9203,1,191.8556,1,1802,4818,6.8140,6.6846,0.1294,89.00
2024-09-03,198.24,204.22,198.24,201.60,201.17,195.43,181.34,158.13,153.73,190.9203,1,193.7550,1,6708,4906,6.4806,6.6438,-0.1632,91.10
2024-09-04,202.57,205.11,202.17,203.55,201.85,196.41,182.19,158.48,154.09,190.9203,1,195.3884,1,3274,4937,6.3004,6.5751,-0.2747,91.83
2024-09-05,204.81,205.13,201.65,202.91,202.13,197.44,183.08,158.83,154.45,190.9203,1,196.7931,1,2347,4936,6.0368,6.4675,-0.4306,90.80
2024-09-06,202.51,203.85,197.56,198.84,202.37,198.05,183.85,159.14,154.78,190.9203,1,205.4222,0,2300,4949,5.4364,6.2612,-0.8249,91.38
2024-09-09,200.90,204.50,200.64,204.04,202.73,198.99,184.72,159.49,155.15,190.9203,1,205.2650,0,4990,5009,5.3189,6.0728,-0.7539,91.84
2024-09-10,203.32,204.50,202.05,203.86,202.85,200.01,185.53,159.84,155.53,190.9203,1,205.1110,0,8086,5033,5.1524,5.8887,-0.7363,92.07
2024-09-11,199.69,200.29,198.33,199.10,202.46,200.45,186.32,160.15,155.87,190.9203,1,204.9601,0,1272,4977,4.5832,5.6276,-1.0444,88.81
2024-09-12,201.27,204.74,200.31,204.74,202.69,201.08,187.22,160.51,156.24,190.9203,1,204.8122,0,1737,4907,4.5353,5.4092,-0.8738,90.12
2024-09-13,209.67,209.67,207.59,208.43,203.11,201.64,188.15,160.90,156.61,194.7362,1,197.5645,1,1010,4880,4.7401,5.2754,-0.5352,89.51
2024-09-16,207.08,209.22,204.68,205.68,203.27,202.04,188.99,161.28,156.98,194.7362,1,197.8067,1,4237,4910,4.6272,5.1457,-0.5185,88.67
2024-09-17,206.40,210.52,206.40,210.07,204.12,202.65,189.95,161.69,157.36,194.7362,1,198.0440,1,3541,4929,4.8364,5.0839,-0.2474,89.32
2024-09-18,210.12,213.30,209.79,212.40,205.01,203.43,190.92,162.20,157.74,197.9564,1,198.5429,1,2527,4925,5.1306,5.0932,0.0374,90.35
2024-09-19,212.40,214.22,212.05,212.97,206.01,204.07,191.93,162.65,158.11,200.2531,1,199.4286,1,2862,4906,5.3482,5.1442,0.2040,88.06
2024-09-20,212.21,213.73,207.19,207.21,206.85,204.61,192.80,163.05,158.45,200.2531,1,200.6119,1,6438,4985,4.9987,5.1151,-0.1164,86.61
2024-09-23,208.18,208.18,204.95,206.13,207.06,204.90,193.61,163.49,158.81,200.2531,1,201.7006,1,2544,5012,4.5817,5.0084,-0.4267,86.76
2024-09-24,205.90,210.14,205.84,209.33,207.61,205.23,194.43,163.95,159.20,200.2531,1,202.7022,1,1707,4864,4.4577,4.8983,-0.4406,87.87
2024-09-25,209.78,209.78,207.59,207.59,208.45,205.46,195.10,164.39,159.59,200.2531,1,203.6236,1,1281,4695,4.1707,4.7528,-0.5821,87.41
2024-09-26,208.69,208.99,206.31,206.95,208.68,205.68,195.64,164.83,159.96,200.2531,1,204.4713,1,2531,4620,3.8477,4.5717,-0.7241,87.19
2024-09-27,209.39,209.67,205.42,208.56,208.69,205.90,196.19,165.26,160.34,200.2531,1,205.2513,1,2206,4448,3.6789,4.3932,-0.7143,87.46
2024-09-30,207.92,208.58,207.11,208.58,208.98,206.13,196.87,165.70,160.73,200.2531,1,205.4250,1,712,4363,3.5069,4.2159,-0.7091,86.97
2024-10-01,207.65,207.65,203.59,204.82,208.45,206.29,197.46,166.11,161.07,200.2531,1,214.2203,0,1106,4258,3.0316,3.9791,-0.9474,85.71
2024-10-02,206.68,207.40,206.67,207.31,207.94,206.48,197.98,166.57,161.40,200.2531,1,214.0077,0,1370,4208,2.8239,3.7480,-0.9241,86.97
2024-10-03,206.04,206.04,204.23,204.23,207.07,206.54,198.54,167.00,161.73,200.2531,1,213.7994,0,1283,4063,2.3828,3.4750,-1.0922,86.39
2024-10-04,205.39,205.85,202.29,204.23,206.77,206.81,198.93,167.42,162.06,200.2531,1,213.5952,0,2588,3982,2.0100,3.1820,-1.1720,85.55
2024-10-07,203.35,203.41,200.49,200.60,206.22,206.64,199.20,167.83,162.34,200.2531,1,213.1432,0,2564,3834,1.4054,2.8267,-1.4213,85.22
2024-10-08,201.50,203.58,201.26,203.58,205.64,206.62,199.58,168.26,162.62,200.2531,1,212.3838,0,1256,3662,1.1539,2.4921,-1.3382,85.67
2024-10-09,204.23,205.04,204.23,204.74,205.36,206.91,199.91,168.70,162.90,200.2531,1,211.6700,0,789,3605,1.0364,2.2010,-1.1645,84.87
2024-10-10,200.77,200.77,199.05,200.41,204.71,206.69,200.06,169.09,163.17,200.2531,1,210.9991,0,949,3567,0.5872,1.8782,-1.2910,83.42
2024-10-11,205.13,207.25,202.52,207.25,204.58,206.63,200.51,169.53,163.47,200.2531,1,210.0434,0,1005,3457,0.7737,1.6573,-0.8836,82.93
2024-10-14,207.14,209.65,207.14,209.65,204.68,206.83,201.06,169.99,163.78,200.2531,1,199.0531,1,1317,3384,1.1030,1.5464,-0.4435,82.58
2024-10-15,209.67,212.21,208.77,208.77,205.08,206.77,201.70,170.45,164.09,200.2531,1,199.2651,1,1380,3242,1.2781,1.4928,-0.2147,81.74
2024-10-16,209.67,217.30,209.67,217.30,206.08,207.01,202.37,170.95,164.45,200.7412,1,199.7827,1,2777,3114,2.0807,1.6104,0.4703,85.18
2024-10-17,217.50,220.29,216.03,220.29,207.68,207.38,203.13,171.49,164.81,205.4103,1,200.8336,1,3204,2977,2.9247,1.8732,1.0514,85.60
2024-10-18,221.24,221.24,214.70,214.70,208.73,207.75,203.69,171.97,165.17,205.4103,1,202.3903,1,1041,2890,3.1066,2.1199,0.9867,83.27
2024-10-21,215.48,216.90,212.77,212.77,209.95,208.08,204.24,172.46,165.52,205.4103,1,204.2750,1,4829,2902,3.0595,2.3078,0.7517,81.71
2024-10-22,212.40,217.80,211.03,213.75,210.96,208.30,204.85,172.92,165.88,205.4103,1,205.9711,1,6029,2987,3.0659,2.4594,0.6065,83.88
2024-10-23,211.79,213.27,206.98,210.93,211.58,208.47,205.26,173.35,166.22,205.4103,1,221.2367,0,5182,3020,2.8115,2.5298,0.2817,82.13
2024-10-24,211.59,213.49,209.54,213.49,212.89,208.80,205.69,173.82,166.58,205.4103,1,220.9515,0,7903,3126,2.7837,2.5806,0.2031,81.82
2024-10-25,212.60,214.76,209.76,210.85,213.25,208.91,205.96,174.27,166.91,205.4103,1,220.6720,0,7480,3216,2.5201,2.5685,-0.0484,81.51
2024-10-28,214.10,216.35,213.14,213.90,213.68,209.18,206.28,174.76,167.24,205.4103,1,220.3981,0,3794,3243,2.5282,2.5604,-0.0322,82.70
2024-10-29,210.69,211.72,210.69,211.46,213.94,209.51,206.55,175.22,167.55,205.4103,1,220.1297,0,1840,3170,2.3110,2.5106,-0.1996,81.56
2024-10-30,212.28,215.08,212.28,214.45,213.66,209.87,206.91,175.67,167.91,205.4103,1,219.8666,0,1796,3083,2.3526,2.4790,-0.1263,83.85
2024-10-31,215.20,215.89,209.93,209.93,212.62,210.15,207.10,176.08,168.26,205.4103,1,219.6088,0,2660,3026,1.9979,2.3828,-0.3849,84.15
2024-11-01,209.44,209.44,209.44,209.44,212.10,210.41,207.36,176.52,168.62,205.4103,1,219.3562,0,969,2984,1.6581,2.2378,-0.5797,81.98
2024-11-04,211.12,211.12,206.11,207.67,211.59,210.77,207.51,176.96,168.95,205.4103,1,219.1086,0,3523,2964,1.2318,2.0366,-0.8048,81.61
2024-11-05,204.89,215.75,204.89,215.75,211.79,211.38,207.77,177.46,169.27,205.4103,1,218.5885,0,3851,2946,1.5282,1.9349,-0.4068,85.68
2024-11-06,221.47,235.09,218.75,233.53,214.05,212.81,208.38,178.06,169.69,207.5298,1,204.8894,1,9699,3026,3.1614,2.1802,0.9812,87.70
2024-11-07,232.85,232.85,223.81,223.81,215.08,213.98,208.81,178.58,170.04,207.9666,1,204.8894,1,4759,3084,3.6302,2.4702,1.1600,83.02
2024-11-08,225.40,228.25,225.40,228.25,216.82,215.03,209.29,179.14,170.41,207.9666,1,205.4934,1,1282,3047,4.3102,2.8382,1.4720,83.74
2024-11-11,229.91,237.79,229.91,235.43,218.97,216.32,209.92,179.75,170.82,213.2985,1,206.0853,1,4409,3099,5.3666,3.3439,2.0227,83.70
2024-11-12,237.81,247.72,237.81,245.71,222.40,218.17,210.80,180.42,171.30,220.5804,1,207.3535,1,4981,3064,6.9528,4.0657,2.8871,88.62
2024-11-13,246.89,250.05,246.89,247.70,225.72,219.69,211.68,181.12,171.78,227.1976,1,209.7757,1,2374,3046,8.2748,4.9075,3.3673,90.68
2024-11-14,246.24,257.12,246.24,249.41,229.67,221.15,212.61,181.84,172.27,229.2755,1,212.9973,1,3847,3076,9.3532,5.7966,3.5565,91.45
2024-11-15,250.45,250.45,246.00,246.52,233.38,222.74,213.57,182.53,172.74,229.2755,1,217.4093,1,2933,3089,9.8612,6.6096,3.2516,91.33
2024-11-18,249.16,253.51,248.56,248.75,237.49,224.54,214.46,183.24,173.23,229.5904,1,221.3801,1,4494,3079,10.3242,7.3525,2.9717,91.22
2024-11-19,245.92,252.56,245.92,250.61,240.97,226.38,215.39,183.97,173.73,229.5904,1,224.9538,1,2457,2967,10.7178,8.0255,2.6922,90.69
2024-11-20,250.06,253.51,247.80,252.01,242.82,228.43,216.45,184.71,174.22,229.7743,1,228.1701,1,1999,2981,11.0155,8.6235,2.3920,90.61
2024-11-21,251.66,258.12,251.66,255.60,246.00,230.54,217.47,185.44,174.75,234.1624,1,231.0648,1,4562,3038,11.4099,9.1808,2.2291,90.84
2024-11-22,255.52,261.58,254.16,256.78,248.85,232.83,218.44,186.18,175.29,236.9852,1,234.3120,1,4668,3111,11.6831,9.6813,2.0018,90.50
2024-11-25,258.46,263.59,255.91,259.88,251.30,235.13,219.52,186.92,175.84,238.6489,1,238.1299,1,4438,3115,12.0108,10.1472,1.8637,90.46
2024-11-26,260.59,260.59,257.92,259.30,252.65,237.53,220.51,187.66,176.39,239.4610,1,242.2033,1,1514,3074,12.0844,10.5346,1.5498,91.03
2024-11-27,261.09,263.11,258.71,258.92,253.78,239.75,221.44,188.41,177.01,241.7789,1,245.6250,1,2967,3083,11.9747,10.8226,1.1520,90.38
2024-11-29,261.86,261.86,258.88,260.06,254.84,242.26,222.38,189.18,177.58,242.2562,1,248.4992,1,2521,3076,11.8427,11.0267,0.8161,89.58
2024-12-02,264.46,264.46,256.25,258.50,256.04,244.71,223.40,189.93,178.14,242.2562,1,250.9135,1,3678,3021,11.4801,11.1173,0.3628,89.89
2024-12-03,257.42,259.90,255.23,259.90,257.15,247.32,224.48,190.70,178.74,242.2562,1,253.3510,1,5709,3084,11.1765,11.1292,0.0473,89.70
2024-12-04,259.10,259.10,255.65,258.56,257.95,249.46,225.46,191.44,179.33,242.2562,1,255.2305,1,1001,3070,10.7045,11.0442,-0.3397,89.09
2024-12-05,258.91,259.99,258.29,259.73,258.72,250.77,226.51,192.20,179.92,242.6713,1,255.2305,1,3288,3110,10.3065,10.8967,-0.5902,88.70
2024-12-06,255.59,257.63,254.56,254.56,258.62,252.31,227.46,192.94,180.48,242.6713,1,264.4551,0,1411,3088,9.4647,10.6103,-1.1456,88.10
2024-12-09,256.90,256.90,252.15,252.15,258.16,253.50,228.33,193.64,181.03,242.6713,1,264.2572,0,1055,3065,8.5051,10.1893,-1.6841,87.79
2024-12-10,252.15,253.10,248.55,251.50,257.32,254.31,229.19,194.36,181.57,242.6713,1,263.7730,0,1842,3087,7.6046,9.6723,-2.0678,88.13
2024-12-11,251.99,256.19,251.99,254.78,256.87,254.76,230.19,195.09,182.13,242.6713,1,262.8596,0,1946,3104,7.0739,9.1526,-2.0788,88.36
2024-12-12,257.67,259.23,253.82,253.82,256.36,255.07,231.12,195.81,182.70,242.6713,1,262.0009,0,2655,3130,6.5005,8.6222,-2.1217,88.90
2024-12-13,254.60,259.26,254.57,258.07,256.16,255.50,232.19,196.56,183.30,242.6713,1,261.1938,0,3213,3169,6.3165,8.1611,-1.8446,89.13
2024-12-16,260.01,260.01,253.83,255.40,255.85,255.94,233.22,197.30,183.87,242.6713,1,260.4351,0,1950,3156,5.8876,7.7064,-1.8188,88.68
2024-12-17,253.10,253.10,249.44,251.87,255.04,256.10,234.24,198.01,184.43,242.6713,1,260.0101,0,1844,3141,5.2023,7.2056,-2.0032,89.02
2024-12-18,251.79,251.79,233.90,234.80,252.67,255.31,234.87,198.59,184.92,262.8879,0,260.0101,0,2383,3164,3.2450,6.4134,-3.1685,87.95
2024-12-19,239.74,239.74,229.63,231.33,249.83,254.28,235.40,199.16,185.38,255.7591,0,257.9216,0,2105,3190,1.3977,5.4103,-4.0126,86.70
2024-12-20,228.76,234.34,228.76,232.52,247.62,253.12,236.04,199.72,185.83,252.1913,0,255.0925,0,1581,3203,0.0290,4.3340,-4.3051,85.78
2024-12-23,225.68,227.03,225.42,227.03,245.11,251.63,236.44,200.24,186.25,246.9308,0,251.9328,0,974,3202,-1.4814,3.1709,-4.6523,84.53
2024-12-24,230.17,230.29,224.78,230.29,242.99,250.15,236.85,200.78,186.71,246.9308,0,248.2217,0,578,3188,-2.3878,2.0592,-4.4470,84.11
2024-12-26,231.33,233.20,230.58,233.20,240.83,248.85,237.34,201.38,187.17,246.9308,0,244.4717,0,1756,3195,-2.8390,1.0795,-3.9185,84.26
2024-12-27,224.64,227.75,224.12,227.51,238.20,247.28,237.54,201.99,187.60,245.8729,0,241.3218,0,1142,3162,-3.6138,0.1409,-3.7547,83.46
2024-12-30,227.77,229.33,227.51,229.33,235.33,245.74,237.72,202.59,188.05,245.8729,0,238.2263,0,1200,3122,-4.0340,-0.6941,-3.3399,85.25
2024-12-31,228.46,228.46,225.21,226.32,232.42,244.13,237.96,203.11,188.47,244.7154,0,235.6881,0,1065,3123,-4.5575,-1.4668,-3.0907,84.64
2025-01-02,227.51,231.33,220.37,223.19,229.55,242.30,238.16,203.56,188.88,244.7154,0,233.6067,0,1704,3060,-5.1658,-2.2066,-2.9592,84.07
2025-01-03,223.69,225.37,221.84,221.84,228.26,240.46,238.33,203.93,189.27,242.1057,0,231.3325,0,1253,2965,-5.6911,-2.9035,-2.7876,82.52
2025-01-06,224.09,225.30,218.69,218.69,226.99,238.41,238.48,204.28,189.63,240.6293,0,231.3325,0,2631,2914,-6.2894,-3.5807,-2.7087,79.13
2025-01-07,217.43,220.70,217.00,218.90,225.63,236.63,238.59,204.73,190.01,236.7353,0,228.8032,0,7946,2915,-6.6697,-4.1985,-2.4712,80.19
2025-01-08,218.41,221.09,216.52,219.28,224.85,234.98,238.76,205.15,190.39,236.2729,0,226.4432,0,8464,2934,-6.8611,-4.7310,-2.1301,78.76
2025-01-10,218.28,218.28,203.45,205.35,222.36,232.68,238.59,205.47,190.72,231.3362,0,224.4577,0,1869,2896,-8.0440,-5.3936,-2.6504,72.98
2025-01-13,202.87,207.95,199.58,207.95,219.84,230.33,238.52,205.83,191.04,224.6989,0,221.0946,0,3807,2935,-8.6716,-6.0492,-2.6224,74.64
2025-01-14,209.93,214.26,206.59,214.12,218.50,228.35,238.51,206.20,191.38,224.6989,0,218.2842,0,7212,3043,-8.5727,-6.5539,-2.0188,77.79
2025-01-15,218.63,219.25,216.14,217.96,217.36,226.34,238.67,206.64,191.73,224.6989,0,199.5769,1,3261,3055,-8.0910,-6.8613,-1.2296,75.63
2025-01-16,217.95,219.47,215.31,217.94,216.52,224.47,238.84,207.05,192.10,224.6989,0,199.9703,1,3511,3106,-7.6228,-7.0136,-0.6092,75.51
2025-01-17,220.31,221.77,216.00,218.00,216.00,222.78,239.05,207.49,192.48,224.6989,0,200.7503,1,3991,3116,-7.1646,-7.0438,-0.1208,74.84
2025-01-21,220.70,223.17,219.50,220.38,215.86,222.06,239.14,207.92,192.88,224.6989,0,202.0117,1,3619,3111,-6.5341,-6.9419,0.4078,74.13
2025-01-22,220.44,220.83,214.67,215.35,215.52,221.26,238.78,208.32,193.24,224.6989,0,203.7043,1,3537,2988,-6.3668,-6.8269,0.4601,70.94
2025-01-23,214.58,214.58,214.58,214.58,215.09,220.36,238.59,208.69,193.59,224.6989,0,205.2614,1,1212,2917,-6.2241,-6.7063,0.4822,70.06
2025-01-24,215.57,217.47,214.01,217.47,214.91,219.88,238.38,209.08,193.95,224.6989,0,206.6940,1,2002,2931,-5.8111,-6.5273,0.7162,71.97
2025-01-27,214.80,220.83,214.36,218.23,216.20,219.28,238.03,209.47,194.32,224.6989,0,208.0120,1,6027,2964,-5.3611,-6.2940,0.9330,74.63
2025-01-28,215.87,219.15,214.82,219.15,217.32,218.58,237.50,209.88,194.69,224.6989,0,209.2246,1,1719,2898,-4.8734,-6.0099,1.1365,75.33
2025-01-29,215.54,219.10,215.31,217.57,217.66,218.08,236.90,210.26,195.06,224.6989,0,210.3401,1,2458,2900,-4.5624,-5.7204,1.1580,75.41
2025-01-30,221.36,221.36,216.99,219.57,217.82,217.59,236.30,210.66,195.45,224.6989,0,211.3664,1,2573,2875,-4.1066,-5.3976,1.2911,75.75
2025-01-31,218.39,219.77,213.20,215.42,217.57,217.05,235.68,211.03,195.82,224.6989,0,212.3106,1,1014,2836,-4.0344,-5.1250,1.0906,72.12
2025-02-03,209.38,214.28,209.08,211.94,216.97,216.48,234.94,211.37,196.17,224.6989,0,223.1690,0,2838,2803,-4.2094,-4.9419,0.7325,73.14
2025-02-04,214.76,215.60,214.16,215.60,216.49,216.17,234.24,211.72,196.54,224.6989,0,222.8872,0,1421,2782,-4.0065,-4.7548,0.7483,75.34
2025-02-05,216.04,218.13,214.51,218.13,216.77,216.14,233.57,212.11,196.92,224.6989,0,222.6110,0,913,2761,-3.5998,-4.5238,0.9240,74.24
2025-02-06,217.06,219.89,216.04,219.89,217.30,216.19,232.85,212.51,197.29,224.6989,0,222.3403,0,2829,2726,-3.0998,-4.2390,1.1392,73.14
2025-02-07,218.91,218.91,212.89,214.14,216.96,215.94,232.00,212.86,197.63,224.6989,0,222.0751,0,3315,2699,-3.1318,-4.0176,0.8857,72.27
2025-02-10,214.67,215.23,212.21,214.62,216.60,216.40,231.09,213.20,197.96,224.6989,0,221.8152,0,2896,2668,-3.0823,-3.8305,0.7482,71.06
2025-02-11,213.52,218.55,211.38,218.50,216.54,216.93,230.28,213.58,198.32,224.6989,0,221.5605,0,1211,2662,-2.6988,-3.6042,0.9054,72.88
2025-02-12,217.14,217.85,210.31,212.56,216.04,216.85,229.35,213.90,198.64,224.6989,0,221.3108,0,4803,2699,-2.8419,-3.4517,0.6098,69.31
2025-02-13,211.76,221.56,210.89,221.56,216.24,217.03,228.58,214.30,199.03,224.6989,0,209.0787,1,1669,2682,-2.2033,-3.2021,0.9987,76.06
2025-02-14,219.95,219.95,216.49,217.50,216.44,217.01,227.76,214.66,199.39,224.6989,0,209.3284,1,1297,2634,-2.0020,-2.9620,0.9601,71.66
2025-02-18,219.00,221.56,217.94,221.17,217.37,217.17,226.99,215.03,199.77,224.6989,0,209.5731,1,2267,2565,-1.5286,-2.6753,1.1468,70.53
2025-02-19,221.30,222.63,220.06,222.63,218.07,217.28,226.27,215.39,200.15,224.6989,0,209.8129,1,2073,2587,-1.0236,-2.3450,1.3214,70.49
2025-02-20,223.44,223.44,218.80,221.57,218.42,217.59,225.50,215.70,200.53,224.6989,0,210.3257,1,1576,2552,-0.7009,-2.0162,1.3153,67.99
2025-02-21,223.28,223.40,214.10,214.39,217.87,217.58,224.70,215.93,200.88,224.6989,0,211.1124,1,1727,2559,-1.0128,-1.8155,0.8027,66.17
2025-02-24,214.99,219.49,214.99,218.08,218.26,217.61,224.02,216.18,201.24,224.6989,0,211.8518,1,2510,2588,-0.9513,-1.6427,0.6914,73.98
2025-02-25,220.34,226.60,220.34,223.10,219.11,217.86,223.45,216.50,201.63,224.6989,0,212.5469,1,2381,2599,-0.4919,-1.4125,0.9206,77.13
2025-02-26,226.09,226.17,226.09,226.17,219.87,218.21,222.88,216.84,202.04,209.1240,1,213.6712,1,781,2575,0.1184,-1.1063,1.2247,79.22
2025-02-27,224.52,224.52,224.03,224.03,221.02,218.53,222.28,217.13,202.43,209.1240,1,214.7056,1,703,2536,0.4244,-0.8002,1.2246,79.78
2025-02-28,224.72,226.84,224.63,226.84,221.55,218.89,221.66,217.47,202.83,210.5376,1,215.6572,1,902,2490,0.8835,-0.4634,1.3469,77.59
2025-03-03,226.63,229.43,224.21,225.24,222.32,219.38,221.06,217.73,203.24,211.5766,1,216.7754,1,1084,2473,1.1058,-0.1496,1.2554,80.05
2025-03-04,219.86,224.30,219.86,221.76,222.38,219.88,220.45,217.97,203.62,211.5766,1,218.2940,1,1415,2464,0.9898,0.0783,0.9115,78.80
2025-03-05,219.50,223.77,219.50,223.77,222.50,220.28,220.23,218.23,204.00,211.5766,1,229.4302,0,1639,2449,1.0477,0.2722,0.7756,79.06
2025-03-06,221.20,221.93,220.15,220.55,222.39,220.40,220.02,218.44,204.37,211.5766,1,229.2316,0,1223,2432,0.8242,0.3826,0.4416,78.87
2025-03-07,221.60,221.60,221.60,221.60,223.12,220.49,219.80,218.63,204.74,211.5766,1,229.0369,0,927,2419,0.7236,0.4508,0.2728,80.09
2025-03-10,217.95,218.32,217.67,217.67,223.07,220.67,219.61,218.85,205.08,211.5766,1,228.8462,0,979,2419,0.3231,0.4252,-0.1022,80.29
2025-03-11,218.15,221.46,216.91,221.18,222.88,221.00,219.43,219.11,205.44,211.5766,1,228.3992,0,3216,2471,0.2855,0.3973,-0.1118,82.79
2025-03-12,220.39,225.35,218.93,225.35,222.80,221.34,219.27,219.44,205.85,211.5766,1,227.7097,0,3159,2499,0.5852,0.4349,0.1504,84.76
2025-03-13,226.07,226.38,224.07,226.38,223.04,222.03,219.25,219.72,206.30,211.9692,1,227.0616,0,1681,2510,0.8958,0.5271,0.3687,85.57
2025-03-14,226.55,233.59,226.53,230.69,223.42,222.49,219.28,220.04,206.76,215.9693,1,216.9077,1,1907,2524,1.4728,0.7162,0.7566,83.98
2025-03-17,230.97,234.88,229.47,234.88,224.38,223.35,219.45,220.37,207.20,217.8680,1,217.2413,1,1646,2536,2.2421,1.0214,1.2207,84.40
2025-03-18,232.29,232.97,230.02,230.99,225.31,223.84,219.60,220.67,207.57,217.8680,1,217.9468,1,3335,2569,2.5089,1.3189,1.1900,84.36
2025-03-19,233.26,233.91,228.27,233.80,226.31,224.40,219.84,221.01,207.91,217.8680,1,218.6241,1,4329,2630,2.9135,1.6378,1.2757,84.70
2025-03-20,234.20,238.97,230.43,231.85,227.44,224.92,220.11,221.28,208.24,219.0095,1,219.2743,1,2498,2627,3.0418,1.9186,1.1232,84.85
2025-03-21,228.55,229.95,226.96,226.96,227.98,225.55,220.27,221.52,208.62,219.0095,1,220.4561,1,2303,2515,2.7179,2.0785,0.6395,83.42
2025-03-24,231.38,232.48,228.50,232.48,229.46,226.27,220.53,221.75,209.00,219.0095,1,221.5669,1,1214,2370,2.8733,2.2374,0.6359,84.18
2025-03-25,227.54,230.35,226.86,229.57,230.30,226.59,221.02,221.96,209.36,219.0095,1,222.6111,1,1222,2357,2.7300,2.3360,0.3941,83.80
2025-03-26,231.69,235.86,229.34,231.23,230.88,226.84,221.48,222.18,209.74,219.0095,1,223.5927,1,2849,2337,2.7189,2.4125,0.3063,85.01
2025-03-27,231.89,237.38,230.92,232.86,231.53,227.28,221.86,222.43,210.12,219.0095,1,224.5153,1,2601,2245,2.8098,2.4920,0.3178,86.04
2025-03-28,232.38,232.38,232.38,232.38,231.70,227.56,222.15,222.64,210.51,219.0095,1,225.3826,1,776,2196,2.8100,2.5556,0.2544,87.10
2025-03-31,234.20,234.20,230.90,230.90,231.30,227.84,222.41,222.87,210.89,219.0095,1,226.1979,1,1302,2151,2.6605,2.5766,0.0839,86.46
2025-04-01,230.97,232.25,229.27,230.95,231.30,228.30,222.66,223.07,211.28,219.0095,1,226.9642,1,1423,2100,2.5169,2.5646,-0.0478,86.61
2025-04-02,228.53,228.53,228.53,228.53,230.77,228.54,222.83,223.25,211.64,219.0095,1,227.6846,1,1050,2049,2.1824,2.4882,-0.3058,85.25
2025-04-03,217.09,219.07,212.45,219.07,229.49,228.47,222.90,223.35,211.97,219.0095,1,238.9703,0,1418,2006,1.1413,2.2188,-1.0775,84.20
2025-04-04,218.39,218.88,215.84,218.12,228.61,228.29,222.97,223.46,212.26,232.5248,0,238.4400,0,1526,2013,0.2370,1.8225,-1.5854,89.41
2025-04-07,217.36,217.36,202.14,214.14,226.77,228.12,222.91,223.52,212.54,228.9922,0,237.9202,0,1632,2005,-0.7920,1.2996,-2.0916,87.72
2025-04-08,209.90,210.74,204.66,204.86,224.30,227.30,222.64,223.53,212.76,227.8628,0,236.4890,0,1027,1905,-2.3296,0.5737,-2.9033,84.40
2025-04-09,209.10,229.89,209.10,226.03,223.78,227.33,222.78,223.69,213.10,227.8628,0,235.1150,0,1534,1901,-1.8184,0.0953,-1.9137,89.87
2025-04-10,222.19,222.19,212.55,217.60,222.26,226.89,222.78,223.79,213.39,227.8628,0,233.7959,0,1454,1881,-2.0702,-0.3378,-1.7324,88.43
2025-04-11,215.02,215.85,214.94,214.94,220.51,226.11,222.68,223.87,213.67,227.8628,0,232.5296,0,1032,1851,-2.4556,-0.7614,-1.6943,83.24
2025-04-14,216.04,220.17,213.63,220.17,219.44,225.37,222.78,224.01,213.97,227.8628,0,231.3139,0,1609,1862,-2.3124,-1.0716,-1.2408,84.86
2025-04-15,215.99,219.33,215.99,219.33,218.28,224.79,222.93,224.11,214.26,227.8628,0,230.1469,0,687,1819,-2.2411,-1.3055,-0.9356,83.77
2025-04-16,218.53,219.91,217.89,217.89,217.22,223.99,222.97,224.20,214.54,227.8628,0,229.0266,0,2389,1839,-2.2743,-1.4992,-0.7751,84.45
2025-04-17,217.89,220.77,215.51,220.77,217.39,223.44,223.03,224.35,214.84,227.8628,0,227.9511,0,1752,1856,-2.0452,-1.6084,-0.4367,84.98
2025-04-21,213.84,213.84,213.84,213.84,216.96,222.78,222.90,224.41,215.11,227.8628,0,226.9186,0,692,1813,-2.3947,-1.7657,-0.6291,84.83
2025-04-22,214.12,226.19,214.12,222.31,217.78,222.27,223.07,224.50,215.41,227.8628,0,202.1384,1,4758,1842,-1.9659,-1.8057,-0.1602,86.37
2025-04-23,217.98,221.90,216.15,221.47,219.44,221.87,223.20,224.61,215.70,227.8628,0,202.6194,1,1318,1810,-1.6748,-1.7795,0.1048,85.32
2025-04-24,216.87,221.07,216.87,221.07,218.94,221.36,223.26,224.68,216.00,227.8628,0,203.0908,1,669,1799,-1.4589,-1.7154,0.2565,83.70
2025-04-25,216.35,218.85,216.35,218.70,219.05,220.65,223.38,224.72,216.27,227.8628,0,203.5527,1,1598,1735,-1.4627,-1.6649,0.2022,82.57
2025-04-28,220.67,221.25,218.41,219.73,219.53,220.02,223.34,224.77,216.56,227.8628,0,204.0054,1,2386,1750,-1.3664,-1.6052,0.2388,82.08
2025-04-29,217.24,223.98,216.83,223.11,219.82,219.63,223.45,224.87,216.86,227.8628,0,204.4491,1,7152,1867,-1.0057,-1.4853,0.4796,83.40
2025-04-30,219.67,221.53,216.75,221.43,220.03,219.16,223.46,224.97,217.13,227.8628,0,204.8839,1,3098,1883,-0.8461,-1.3575,0.5113,83.55
2025-05-01,220.53,223.24,219.71,223.24,220.57,218.89,223.47,225.07,217.41,227.8628,0,205.3100,1,4219,1926,-0.5671,-1.1994,0.6323,85.25
2025-05-02,223.21,231.19,223.21,230.52,221.54,219.46,223.65,225.22,217.69,207.9718,1,205.7275,1,2022,1935,0.2387,-0.9118,1.1505,86.08
2025-05-05,228.27,230.97,227.16,227.16,222.87,219.92,223.91,225.36,217.93,210.6138,1,206.7459,1,2870,1958,0.5991,-0.6096,1.2087,83.18
2025-05-06,228.24,230.33,226.99,230.09,223.65,220.71,224.15,225.50,218.17,211.0564,1,207.7236,1,4036,1988,1.1085,-0.2660,1.3744,85.32
2025-05-07,230.58,233.70,228.91,228.91,224.40,221.92,224.26,225.63,218.44,214.0234,1,208.6622,1,3489,2011,1.4009,0.0674,1.3335,84.42
2025-05-08,230.19,235.09,228.24,229.46,225.23,222.09,224.33,225.80,218.72,214.0561,1,210.1643,1,3234,2060,1.6584,0.3856,1.2728,83.85
2025-05-09,226.78,229.88,225.07,225.07,225.87,222.46,224.35,225.92,218.93,214.0561,1,212.1580,1,10951,2265,1.4905,0.6066,0.8839,80.73
2025-05-12,230.34,234.65,230.34,231.09,227.01,223.27,224.43,226.10,219.21,214.0601,1,213.9922,1,5646,2360,1.8226,0.8498,0.9728,84.46
2025-05-13,233.22,235.28,231.30,232.13,227.91,223.87,224.57,226.28,219.44,215.4429,1,215.6797,1,10543,2549,2.1445,1.1087,1.0358,81.71
2025-05-14,230.80,230.80,228.22,228.89,228.65,224.34,224.71,226.47,219.65,215.4429,1,217.6395,1,9679,2714,2.1140,1.3098,0.8042,79.79
2025-05-15,229.42,234.19,229.42,232.88,229.62,225.09,224.90,226.67,219.89,215.4429,1,219.4033,1,15926,3000,2.3847,1.5248,0.8599,78.18
2025-05-16,232.54,239.44,232.37,238.34,230.40,225.97,225.25,226.89,220.14,218.3912,1,220.9907,1,21326,3402,3.0050,1.8208,1.1842,77.24
2025-05-19,236.65,241.55,233.36,241.55,231.84,227.36,225.65,227.16,220.39,219.2375,1,223.2051,1,16696,3717,3.7128,2.1992,1.5136,78.63
2025-05-20,240.40,241.80,236.00,236.33,232.47,228.06,226.02,227.36,220.65,220.7596,1,225.7735,1,19345,4084,3.8086,2.5211,1.2875,79.27
2025-05-21,234.62,235.04,222.80,223.48,231.92,228.16,226.07,227.45,220.85,220.7596,1,241.7999,0,13790,4296,2.8149,2.5799,0.2350,71.48
2025-05-22,224.20,225.87,219.82,220.10,230.99,228.11,225.97,227.53,221.07,243.0075,0,241.7999,0,19740,4628,1.7346,2.4108,-0.6762,67.41
2025-05-23,218.28,221.92,217.22,220.03,230.48,228.18,225.84,227.54,221.25,239.1236,0,240.9207,0,28326,5160,0.8631,2.1013,-1.2382,67.31
2025-05-27,223.27,228.04,219.55,226.60,230.03,228.52,225.76,227.59,221.47,239.1236,0,239.4988,0,23304,5588,0.6945,1.8199,-1.1254,67.00
2025-05-28,228.10,228.10,220.80,220.80,228.90,228.40,225.47,227.63,221.64,239.1236,0,238.1623,0,29462,6145,0.0916,1.4742,-1.3827,65.46
2025-05-29,220.04,222.23,218.57,222.22,228.23,228.44,225.30,227.69,221.83,239.1236,0,236.9060,0,39211,6862,-0.2680,1.1258,-1.3938,64.29
2025-05-30,221.49,226.03,219.81,224.14,227.36,228.49,225.11,227.76,222.03,239.1236,0,235.7250,0,53029,7836,-0.3939,0.8219,-1.2157,66.54
2025-06-02,222.38,224.54,211.58,212.39,224.76,227.58,224.72,227.77,222.14,239.1236,0,234.6149,0,38274,8552,-1.4255,0.3724,-1.7979,54.96
2025-06-03,211.06,213.38,191.30,191.58,219.77,225.80,224.01,227.62,222.14,228.1082,0,232.7723,0,16262,8831,-3.8770,-0.4775,-3.3995,31.72
2025-06-04,192.42,193.47,183.47,184.94,214.63,223.55,223.06,227.45,222.08,214.6625,0,228.6247,0,21626,9239,-6.2837,-1.6387,-4.6450,26.05
2025-06-05,184.30,187.89,182.17,186.01,210.88,221.40,222.19,227.26,222.02,210.3155,0,223.2063,0,11808,9451,-8.0121,-2.9134,-5.0987,26.80
2025-06-06,188.83,189.79,184.73,187.60,207.63,219.31,221.31,227.10,221.97,210.3155,0,217.4611,0,11243,9619,-9.1482,-4.1604,-4.9878,24.89
2025-06-09,190.53,191.46,184.88,188.07,204.43,217.46,220.42,226.93,221.92,210.3155,0,212.5201,0,14216,9851,-9.8966,-5.3076,-4.5890,23.31
2025-06-10,187.83,192.18,187.83,191.78,200.95,215.49,219.61,226.81,221.88,210.3155,0,208.2710,0,5807,9952,-10.0737,-6.2608,-3.8129,21.54
2025-06-11,193.69,194.45,191.81,193.47,198.22,213.56,218.86,226.70,221.87,210.3155,0,204.6167,0,4303,10012,-9.9632,-7.0013,-2.9619,24.29
2025-06-12,191.56,196.03,190.05,196.03,195.60,211.92,218.16,226.62,221.85,210.3155,0,201.4740,0,6345,10110,-9.5591,-7.5128,-2.0462,26.35
2025-06-13,191.57,197.11,191.13,193.27,192.51,209.94,217.46,226.47,221.80,210.3155,0,198.7712,0,7993,10249,-9.3533,-7.8809,-1.4723,27.58
2025-06-16,192.26,198.84,192.26,194.68,190.74,207.75,216.97,226.22,221.76,210.3155,0,182.1688,1,10364,10428,-8.9729,-8.0993,-0.8736,27.05
2025-06-17,193.70,199.01,193.14,196.90,191.28,205.52,216.54,226.04,221.73,210.3155,0,182.5023,1,9887,10595,-8.3957,-8.1586,-0.2371,32.30
2025-06-18,196.32,198.98,193.76,193.89,192.17,203.40,216.14,225.81,221.68,210.3155,0,183.1627,1,14421,10851,-8.0883,-8.1445,0.0562,30.80
2025-06-20,196.47,197.20,192.96,194.90,193.06,201.97,215.94,225.54,221.63,210.3155,0,183.7967,1,13197,11094,-7.6749,-8.0506,0.3757,32.38
2025-06-23,195.84,201.11,195.48,200.87,194.39,201.01,215.44,225.24,221.63,210.3155,0,184.4054,1,10902,11282,-6.7872,-7.7979,1.0107,36.09
2025-06-24,201.15,202.58,199.19,201.61,195.74,200.09,215.12,224.93,221.62,210.3155,0,185.4074,1,9262,11438,-5.9546,-7.4293,1.4746,34.52
2025-06-25,199.67,199.90,196.38,198.95,196.46,198.70,214.80,224.59,221.60,210.3155,0,186.7815,1,15191,11721,-5.4474,-7.0329,1.5855,32.29
2025-06-26,198.10,204.62,197.03,203.52,197.46,197.84,214.46,224.31,221.62,210.3155,0,188.0458,1,20545,12100,-4.6226,-6.5508,1.9282,33.38
2025-06-27,203.03,207.63,200.77,206.86,198.54,197.07,214.21,224.03,221.64,210.3155,0,189.7031,1,28574,12658,-3.6580,-5.9723,2.3143,38.93
2025-06-30,207.01,207.59,202.83,202.83,199.50,196.01,213.91,223.71,221.63,210.3155,0,191.8547,1,15594,12922,-3.1814,-5.4141,2.2327,35.33
2025-07-01,201.85,210.16,201.85,206.86,200.72,195.73,213.63,223.41,221.67,210.3155,0,193.7482,1,13037,13147,-2.4510,-4.8215,2.3705,37.62
2025-07-02,206.88,208.69,204.47,207.28,201.76,196.52,213.50,223.09,221.68,210.3155,0,196.0456,1,16864,13471,-1.8170,-4.2206,2.4036,34.20
2025-07-03,208.50,212.52,208.50,212.27,203.59,197.88,213.30,222.79,221.70,192.5213,1,198.0213,1,19725,13770,-0.9014,-3.5567,2.6553,32.40
2025-07-07,210.29,210.29,202.46,202.80,204.39,198.72,212.93,222.41,221.69,192.5213,1,200.3410,1,17662,14097,-0.9289,-3.0312,2.1023,24.30
2025-07-08,202.13,206.53,200.29,203.00,204.60,199.49,212.57,222.03,221.65,192.5213,1,212.5195,0,26391,14611,-0.9244,-2.6098,1.6854,26.29
2025-07-09,205.74,206.64,198.21,199.79,204.42,200.08,212.19,221.64,221.59,192.5213,1,212.2749,0,12529,14830,-1.1662,-2.3211,1.1549,23.10
2025-07-10,200.65,201.78,192.95,193.19,203.84,200.15,211.66,221.19,221.49,192.5213,1,211.7121,0,20689,15196,-1.8692,-2.2307,0.3615,13.75
2025-07-11,192.74,197.17,192.74,195.95,203.08,200.27,211.11,220.78,221.43,192.5213,1,210.5862,0,13146,15316,-2.1781,-2.2202,0.0421,18.89
2025-07-14,196.88,199.63,195.25,196.69,202.07,200.31,210.62,220.36,221.39,192.5213,1,209.1581,0,24772,15749,-2.3364,-2.2434,-0.0929,19.07
2025-07-15,199.93,199.93,191.81,192.22,201.00,200.25,210.00,219.91,221.30,214.6348,0,207.8443,0,21946,16104,-2.7906,-2.3529,-0.4377,18.24
2025-07-16,194.20,196.40,191.18,195.15,199.83,200.28,209.29,219.48,221.24,212.9624,0,206.2412,0,12035,16304,-2.8803,-2.4584,-0.4220,19.33
2025-07-17,195.62,196.50,194.19,194.19,198.53,200.14,208.63,219.08,221.17,212.9624,0,204.4339,0,5968,16366,-2.9944,-2.5656,-0.4288,17.23
2025-07-18,195.90,197.45,193.03,194.77,196.78,200.18,207.93,218.70,221.11,212.7162,0,202.8435,0,6757,16421,-3.0037,-2.6532,-0.3505,18.62
2025-07-21,196.50,196.80,193.28,193.76,195.87,200.13,207.22,218.31,221.03,211.8210,0,201.4439,0,5611,16463,-3.0571,-2.7340,-0.3231,18.32
2025-07-22,192.90,198.84,192.90,197.94,195.37,199.98,206.59,217.93,221.00,211.8210,0,200.2122,0,5423,16507,-2.7310,-2.7334,0.0023,19.29
2025-07-23,199.38,200.28,195.37,199.64,195.35,199.88,206.08,217.57,220.96,211.8210,0,191.1802,1,7175,16431,-2.3089,-2.6485,0.3396,19.70
2025-07-24,197.95,202.42,197.60,201.17,196.15,199.99,205.49,217.19,220.94,211.8210,0,191.3622,1,6937,16457,-1.8294,-2.4847,0.6553,22.14
2025-07-25,202.35,206.39,199.19,202.83,196.84,199.96,204.90,216.84,220.94,211.8210,0,191.8045,1,8093,16408,-1.3003,-2.2478,0.9475,23.23
2025-07-28,202.83,206.04,200.87,205.53,197.72,199.89,204.43,216.53,220.96,211.8210,0,192.6794,1,9999,16415,-0.6558,-1.9294,1.2736,26.04
2025-07-29,205.25,207.44,203.60,206.10,199.11,200.06,203.90,216.34,220.97,211.8210,0,193.5017,1,9039,16277,-0.0982,-1.5632,1.4649,28.93
2025-07-30,205.92,206.48,202.24,204.82,200.08,199.95,203.23,216.17,220.97,211.8210,0,194.6169,1,7105,15992,0.2379,-1.2029,1.4409,28.78
2025-07-31,205.36,212.30,200.30,202.76,200.93,199.73,202.45,215.97,220.99,211.8210,0,195.6429,1,6062,15780,0.3339,-0.8956,1.2295,25.58
2025-08-01,201.97,202.99,199.41,201.85,201.64,199.21,201.76,215.80,220.96,211.8210,0,197.3085,1,4584,15485,0.3333,-0.6498,0.9831,28.24
2025-08-04,203.41,206.94,201.36,206.94,202.96,199.41,201.43,215.64,220.95,211.8210,0,198.8075,1,5433,15317,0.7350,-0.3728,1.1078,28.30
2025-08-05,207.83,210.95,205.96,209.55,204.12,199.74,201.22,215.49,220.95,211.8210,0,199.4068,1,4519,15013,1.2495,-0.0484,1.2979,30.24
2025-08-06,212.10,220.69,208.59,215.11,205.67,200.51,201.12,215.40,220.94,195.7555,1,200.6960,1,11899,14684,2.0818,0.3777,1.7041,34.70
2025-08-07,211.40,214.54,208.52,212.52,206.80,201.48,200.84,215.29,220.90,195.7555,1,203.0951,1,7372,14366,2.5034,0.8028,1.7006,34.59
2025-08-08,212.19,213.87,208.31,212.26,207.74,202.29,200.67,215.20,220.89,195.7555,1,205.2063,1,10570,13988,2.7845,1.1991,1.5853,32.57
2025-08-11,213.49,220.78,213.39,220.77,209.27,203.50,200.64,215.18,220.93,197.6582,1,207.0642,1,12672,13457,3.6522,1.6898,1.9625,42.42
2025-08-12,221.23,229.97,221.23,229.42,211.60,205.36,200.75,215.23,221.01,205.3523,1,208.3054,1,5258,12502,4.9804,2.3479,2.6325,45.64
2025-08-13,231.48,236.63,230.49,234.81,214.60,207.34,201.19,215.34,221.13,213.1768,1,211.7719,1,7045,11877,6.3938,3.1571,3.2368,44.29
2025-08-14,231.32,237.75,231.32,237.62,218.09,209.51,202.12,215.46,221.25,214.2630,1,216.2469,1,5619,11664,7.6527,4.0562,3.5965,47.32
2025-08-15,238.67,238.67,226.65,228.14,220.72,211.18,202.98,215.52,221.33,214.2630,1,220.5468,1,8366,11399,7.7952,4.8040,2.9912,38.33
2025-08-18,226.06,228.04,223.06,227.90,222.81,212.88,203.82,215.67,221.40,214.2630,1,238.6681,0,10232,11368,7.7989,5.4030,2.3959,38.56
2025-08-19,227.91,232.02,226.54,230.29,224.88,214.50,204.67,215.82,221.50,214.2630,1,238.6681,0,6069,11264,7.9036,5.9031,2.0005,42.83
2025-08-20,229.01,231.18,224.76,224.76,225.85,215.76,205.40,215.89,221.55,214.2630,1,238.3559,0,13791,11256,7.4545,6.2134,1.2411,36.99
2025-08-21,222.55,228.69,221.33,228.19,227.42,217.11,206.13,215.96,221.64,214.2630,1,238.0500,0,13383,11407,7.2910,6.4289,0.8621,39.91
2025-08-22,230.06,238.54,227.09,236.79,229.87,218.81,207.00,216.09,221.78,214.2630,1,221.3317,1,7721,11475,7.7660,6.6963,1.0697,39.46
2025-08-25,235.14,236.26,233.98,235.29,231.32,220.29,207.78,216.20,221.91,214.4056,1,221.3317,1,5883,11466,7.9302,6.9431,0.9871,41.67
2025-08-26,233.04,235.19,233.04,234.91,231.87,221.74,208.62,216.30,222.01,214.8001,1,221.6759,1,3010,11367,7.9386,7.1422,0.7964,39.53
2025-08-27,234.81,238.46,234.81,237.30,232.12,223.36,209.47,216.45,222.03,218.1526,1,222.0133,1,4746,11254,8.0453,7.3228,0.7225,39.38
2025-08-28,238.45,238.45,234.05,236.28,231.98,225.04,210.26,216.59,222.09,218.2977,1,222.3439,1,4455,11146,7.9554,7.4493,0.5060,45.26
2025-08-29,237.54,239.22,236.82,238.31,233.00,226.86,211.15,216.73,222.14,220.9779,1,222.6678,1,4419,10946,7.9566,7.5508,0.4058,57.32
2025-09-02,233.72,235.64,232.83,234.40,233.65,228.23,211.94,216.84,222.14,220.9779,1,223.3297,1,3193,10745,7.5546,7.5515,0.0030,57.67
2025-09-03,234.02,237.94,231.81,237.76,234.40,229.64,212.67,216.96,222.10,220.9779,1,223.9652,1,8010,10688,7.4213,7.5255,-0.1042,60.66
2025-09-04,238.89,245.23,237.94,245.23,236.45,231.15,213.55,217.15,222.08,223.9346,1,224.5752,1,5559,10614,7.8284,7.5861,0.2423,63.54
2025-09-05,246.45,246.45,240.95,242.09,237.84,232.63,214.41,217.30,222.05,226.1648,1,225.8143,1,4934,10408,7.8080,7.6305,0.1776,59.13
2025-09-08,240.40,241.50,239.08,240.09,238.17,234.02,215.14,217.46,222.02,226.1648,1,227.4651,1,3994,10077,7.5435,7.6131,-0.0696,56.02
2025-09-09,240.52,241.45,238.22,238.81,238.52,234.92,215.78,217.64,221.97,226.1648,1,228.9838,1,6953,9645,7.1483,7.5201,-0.3718,55.84
2025-09-10,237.86,240.32,235.73,238.18,238.85,235.36,216.49,217.79,221.90,226.1648,1,230.3810,1,6365,9460,6.7065,7.3574,-0.6509,54.94
2025-09-11,240.32,247.95,239.74,247.15,239.83,235.97,217.29,217.98,221.88,226.7229,1,231.6664,1,9200,9384,6.9998,7.2859,-0.2861,60.19
2025-09-12,246.91,247.18,243.65,245.03,240.70,236.34,218.05,218.15,221.83,228.9484,1,233.2947,1,5987,9166,6.9802,7.2247,-0.2445,60.53
2025-09-15,245.55,247.54,243.18,245.08,241.38,237.19,218.70,218.36,221.77,229.2304,1,234.7602,1,11060,8993,6.8899,7.1578,-0.2678,59.80
2025-09-16,243.86,243.86,239.15,239.44,241.89,237.77,219.44,218.52,221.67,229.2304,1,236.0791,1,4307,8726,6.2904,6.9843,-0.6939,58.08
2025-09-17,240.43,244.76,240.06,241.21,242.23,238.31,220.20,218.67,221.58,229.2304,1,237.2661,1,6697,8332,5.8901,6.7655,-0.8754,58.50
2025-09-18,242.27,248.10,242.27,248.10,242.52,239.48,221.17,218.91,221.52,229.2304,1,238.3344,1,4411,8169,6.0594,6.6243,-0.5648,58.53
2025-09-19,248.80,249.10,244.33,244.42,242.75,240.29,222.19,219.06,221.44,230.2544,1,239.5067,1,9200,7940,5.8292,6.4652,-0.6360,58.06
2025-09-22,244.25,246.91,242.33,245.51,243.29,240.73,223.18,219.25,221.38,230.2544,1,240.8502,1,3651,7750,5.6691,6.3060,-0.6369,58.23
2025-09-23,248.04,250.19,248.04,248.47,244.26,241.39,224.22,219.43,221.32,233.1362,1,242.0056,1,5193,7358,5.7154,6.1879,-0.4725,60.73
2025-09-24,247.31,251.08,246.93,249.79,245.42,242.13,225.37,219.61,221.28,233.3817,1,242.3328,1,2831,6976,5.7916,6.1086,-0.3171,62.07
2025-09-25,247.68,250.15,247.30,248.31,245.53,242.68,226.43,219.79,221.22,233.8113,1,243.9081,1,2659,6788,5.6671,6.0203,-0.3532,64.20
2025-09-26,249.36,252.81,249.36,252.55,246.29,243.50,227.60,220.05,221.21,236.3089,1,245.1998,1,4097,6751,5.8434,5.9849,-0.1416,64.27
2025-09-29,253.80,253.80,250.71,252.63,247.04,244.21,228.76,220.28,221.21,238.0289,1,246.7210,1,6672,6749,5.9218,5.9723,-0.0505,63.80
2025-09-30,251.95,258.08,251.95,257.58,248.86,245.37,230.03,220.51,221.24,240.3736,1,248.1361,1,5892,6755,6.3100,6.0398,0.2702,65.19
2025-10-01,253.58,260.56,253.58,258.59,250.59,246.41,231.25,220.72,221.26,241.7962,1,250.1241,1,6856,6784,6.6229,6.1565,0.4664,68.62
2025-10-02,257.50,261.69,254.98,261.35,251.92,247.22,232.48,220.97,221.30,242.5788,1,251.9500,1,7799,6796,7.0127,6.3277,0.6850,69.59
2025-10-03,265.93,268.82,263.18,263.47,253.82,248.29,233.73,221.22,221.33,249.5776,1,253.5753,1,15342,6964,7.4077,6.5437,0.8640,69.85
2025-10-06,262.02,267.57,262.01,265.73,255.84,249.57,234.98,221.49,221.38,249.5776,1,254.9794,1,13456,7071,7.8131,6.7976,1.0155,72.99
2025-10-07,264.69,265.23,255.52,257.99,256.80,250.53,236.03,221.73,221.41,249.5776,1,268.8184,0,11347,7098,7.4241,6.9229,0.5012,70.19
2025-10-08,261.40,261.40,250.29,251.07,256.93,251.17,236.93,221.91,221.49,249.5776,1,268.5524,0,9137,7100,6.4831,6.8349,-0.3518,65.73
2025-10-09,248.68,249.28,244.56,246.34,256.73,251.13,237.76,222.08,221.56,266.3478,0,267.8218,0,8248,7123,5.2945,6.5268,-1.2323,64.20
2025-10-10,247.76,248.79,242.02,244.01,255.88,251.08,238.59,222.23,221.62,264.9167,0,266.4263,0,17050,7343,4.1165,6.0448,-1.9283,67.14
2025-10-13,246.05,250.30,238.85,245.32,255.14,251.09,239.46,222.41,221.71,264.9167,0,264.4734,0,9489,7441,3.2518,5.4862,-2.2344,67.38
2025-10-14,245.52,254.08,245.08,252.79,254.67,251.76,240.37,222.63,221.83,264.9167,0,261.9112,0,9384,7520,3.1326,5.0155,-1.8829,68.97
2025-10-15,251.03,252.48,246.69,251.12,253.92,252.26,241.21,222.80,221.92,264.9167,0,259.6052,0,9896,7628,2.8707,4.5865,-1.7158,67.83
2025-10-16,249.71,249.71,243.32,245.49,252.33,252.13,241.81,222.92,222.01,264.9167,0,257.5299,0,6177,7513,2.1833,4.1059,-1.9226,66.60
2025-10-17,245.23,250.39,241.05,248.42,250.83,252.33,242.53,223.04,222.10,264.9167,0,255.6620,0,10410,7574,1.8539,3.6555,-1.8016,68.27
2025-10-20,240.32,256.05,240.32,256.05,249.86,252.85,243.41,223.18,222.25,264.9167,0,238.8514,1,6922,7501,2.1830,3.3610,-1.1780,69.24
2025-10-21,257.11,257.11,254.09,254.92,249.55,253.18,244.09,223.34,222.41,264.9167,0,239.1953,1,4665,7341,2.3262,3.1540,-0.8278,68.83
2025-10-22,251.79,254.48,249.13,254.18,249.86,253.39,244.58,223.48,222.57,264.9167,0,239.9121,1,4387,7323,2.3528,2.9938,-0.6410,68.83
2025-10-23,254.59,255.29,250.63,254.39,250.67,253.70,244.98,223.63,222.75,264.9167,0,240.6002,1,3730,7257,2.3637,2.8678,-0.5040,66.34
2025-10-24,257.11,258.87,256.18,256.56,251.92,253.90,245.35,223.83,222.94,264.9167,0,241.2607,1,5415,7253,2.5180,2.7978,-0.2798,65.11
2025-10-27,258.53,259.44,254.95,254.95,252.89,254.02,245.89,223.98,223.12,264.9167,0,242.3176,1,10286,7291,2.4820,2.7347,-0.2526,64.44
2025-10-28,255.10,255.10,249.81,251.41,252.75,253.71,246.36,224.12,223.35,264.9167,0,243.6875,1,8392,7255,2.1432,2.6164,-0.4731,62.21
2025-10-29,251.30,253.41,245.29,245.29,252.17,253.04,246.66,224.22,223.53,264.9167,0,244.9478,1,6453,7262,1.3647,2.3660,-1.0014,59.56
2025-10-30,245.88,250.72,245.88,246.95,252.31,252.32,247.11,224.31,223.70,264.9167,0,245.2853,1,9527,7177,0.8719,2.0672,-1.1953,59.27
2025-10-31,246.39,250.30,246.39,248.69,252.34,251.58,247.52,224.42,223.85,264.9167,0,245.2853,1,7887,7067,0.6147,1.7767,-1.1620,58.75
2025-11-03,248.19,251.82,241.93,251.64,251.90,250.88,247.81,224.56,224.02,264.9167,0,259.4417,0,7693,7067,0.6417,1.5497,-0.9080,61.20
2025-11-04,250.35,254.98,247.64,254.98,251.90,250.73,248.21,224.72,224.20,264.9167,0,259.0914,0,5727,7063,0.9218,1.4241,-0.5023,65.15
2025-11-05,266.31,274.19,259.66,272.07,253.69,251.78,248.95,225.01,224.46,242.9592,1,241.9289,1,6648,7136,2.4940,1.6381,0.8559,70.02
2025-11-06,271.01,275.53,263.63,264.03,254.66,252.66,249.48,225.31,224.71,244.4416,1,242.5742,1,8538,7212,3.0560,1.9217,1.1343,66.04
2025-11-07,263.83,269.69,259.19,266.94,255.69,253.81,250.10,225.63,224.97,244.4416,1,243.8925,1,7966,7282,3.6939,2.2761,1.4178,65.30
2025-11-10,270.14,270.14,264.76,266.64,256.86,254.88,250.66,225.98,225.21,244.4416,1,245.1580,1,5545,7305,4.1279,2.6465,1.4814,62.73
2025-11-11,267.36,276.31,267.36,276.31,259.35,256.05,251.50,226.46,225.50,246.6023,1,246.3730,1,5804,7357,5.1918,3.1555,2.0363,69.09
2025-11-12,276.01,277.92,270.17,271.25,261.95,257.06,252.17,226.76,225.76,249.0148,1,248.1692,1,9561,7388,5.5627,3.6370,1.9257,66.85
2025-11-13,269.20,272.17,267.30,269.09,264.16,258.24,252.65,227.10,226.02,249.0148,1,250.5490,1,3330,7343,5.6173,4.0330,1.5842,67.01
2025-11-14,268.51,268.65,263.70,266.97,265.99,259.17,253.15,227.45,226.26,249.0148,1,252.7384,1,7356,7392,5.4272,4.3119,1.1153,67.47
2025-11-17,267.57,267.88,259.66,260.72,266.90,259.40,253.56,227.72,226.49,249.0148,1,254.7526,1,5964,7431,4.7178,4.3931,0.3248,65.42
2025-11-18,261.39,266.00,260.62,263.39,267.74,259.82,254.05,228.01,226.74,249.0148,1,256.6057,1,5697,7406,4.3215,4.3787,-0.0572,65.57
2025-11-19,263.39,263.57,255.83,257.05,266.24,259.97,254.43,228.28,226.95,249.0148,1,277.9163,0,5265,7384,3.4554,4.1941,-0.7386,62.01
2025-11-20,259.50,261.59,252.31,253.40,265.18,259.92,254.55,228.49,227.13,249.0148,1,277.4744,0,7351,7347,2.4468,3.8446,-1.3979,61.94
2025-11-21,255.34,263.53,252.41,261.05,264.59,260.14,254.87,228.81,227.33,249.0148,1,276.4677,0,5537,7338,2.2385,3.5234,-1.2849,64.69
2025-11-24,259.36,263.19,259.18,262.63,264.19,260.53,255.22,229.08,227.57,249.0148,1,275.5012,0,3086,7179,2.1764,3.2540,-1.0776,68.04
2025-11-25,262.84,268.13,262.84,264.22,262.98,261.17,255.72,229.36,227.82,249.0148,1,274.5734,0,6264,7218,2.2295,3.0491,-0.8196,66.66
2025-11-26,265.43,274.80,264.86,271.22,262.98,262.46,256.32,229.70,228.09,249.0148,1,252.3058,1,8263,7249,2.8043,3.0001,-0.1959,69.52
2025-11-28,273.95,273.95,264.37,268.23,262.89,263.53,256.72,230.03,228.36,249.0148,1,252.7557,1,4546,7252,2.9840,2.9969,-0.0129,65.81
2025-12-01,266.95,267.58,260.22,262.92,262.48,264.24,257.09,230.31,228.57,249.0148,1,253.1966,1,8698,7242,2.6672,2.9310,-0.2638,62.40
2025-12-02,262.53,263.08,258.91,259.95,262.41,264.65,257.38,230.56,228.78,249.0148,1,253.6286,1,3816,7245,2.1514,2.7751,-0.6236,61.33
2025-12-03,260.60,262.58,259.14,261.22,262.19,264.97,257.64,230.82,228.98,249.0148,1,254.0521,1,6173,7265,1.8243,2.5849,-0.7606,60.00
2025-12-04,260.09,261.93,256.94,258.17,262.30,264.27,257.80,231.06,229.16,249.0148,1,254.4670,1,2440,7257,1.3037,2.3287,-1.0250,57.84
2025-12-05,258.55,263.78,248.12,249.06,261.87,263.52,257.82,231.18,229.30,249.0148,1,274.8003,0,7764,7359,0.1543,1.8938,-1.7395,52.60
2025-12-08,248.11,252.08,243.74,243.74,260.14,262.36,257.64,231.29,229.45,271.5083,0,274.2668,0,2990,7337,-1.1723,1.2806,-2.4529,48.07
2025-12-09,242.30,247.55,240.55,240.68,257.94,261.06,257.40,231.36,229.56,267.3854,0,273.0456,0,2348,7250,-2.4427,0.5359,-2.9787,44.69
2025-12-10,237.69,248.39,237.18,242.69,255.79,259.38,257.11,231.45,229.66,267.1538,0,271.0957,0,7785,7288,-3.2492,-0.2211,-3.0281,45.17
2025-12-11,236.58,247.81,236.58,246.71,253.34,258.16,256.87,231.57,229.76,267.1538,0,268.3821,0,4069,7233,-3.5235,-0.8816,-2.6419,48.63
2025-12-12,250.89,250.89,246.70,249.17,251.43,257.16,256.63,231.73,229.88,267.1538,0,265.2017,0,1654,7110,-3.5023,-1.4057,-2.0966,49.59
2025-12-15,250.63,252.43,249.16,250.46,250.18,256.33,256.37,231.86,230.00,267.1538,0,262.3394,0,2216,6847,-3.3427,-1.7931,-1.5496,49.74
2025-12-16,252.39,254.58,247.36,248.04,248.99,255.70,256.01,231.97,230.12,267.1538,0,259.7633,0,3093,6640,-3.3723,-2.1090,-1.2633,48.27
2025-12-17,248.04,252.79,248.04,251.68,248.04,255.12,255.89,232.12,230.27,267.1538,0,257.4448,0,2936,6472,-3.0667,-2.3005,-0.7662,51.32
2025-12-18,253.73,259.21,251.61,256.51,247.87,255.09,255.99,232.27,230.43,267.1538,0,236.5786,1,7661,6442,-2.4076,-2.3219,-0.0857,53.29
2025-12-19,254.73,257.42,250.20,252.83,248.25,255.06,256.12,232.37,230.59,267.1538,0,237.0313,1,8263,6442,-2.1573,-2.2890,0.1317,52.14
2025-12-22,254.50,254.50,248.87,249.04,248.78,254.46,256.22,232.42,230.73,267.1538,0,237.4749,1,2755,6156,-2.2389,-2.2790,0.0401,47.57
2025-12-23,250.54,254.28,249.04,249.97,249.71,253.83,256.32,232.51,230.89,267.1538,0,237.9096,1,6058,6088,-2.2027,-2.2637,0.0611,46.49
2025-12-24,250.67,250.67,247.35,250.56,250.50,253.14,256.27,232.69,231.04,267.1538,0,238.3357,1,1310,5926,-2.1024,-2.2315,0.1291,46.04
2025-12-26,250.64,252.73,247.61,248.91,250.72,252.03,256.23,232.88,231.15,267.1538,0,238.7532,1,3504,5799,-2.1316,-2.2115,0.0799,47.53
2025-12-29,248.24,251.98,247.07,250.29,250.83,251.13,256.33,233.09,231.27,267.1538,0,239.1624,1,3725,5750,-2.0199,-2.1732,0.1533,48.35
2025-12-30,249.03,250.34,248.57,249.27,250.71,250.45,256.34,233.24,231.37,266.8887,0,239.5634,1,2707,5595,-1.9910,-2.1367,0.1457,47.27
2025-12-31,250.11,251.59,247.81,248.25,250.73,249.86,256.19,233.42,231.43,266.5257,0,239.9564,1,3320,5523,-2.0267,-2.1147,0.0880,51.21
2026-01-02,252.34,252.34,242.72,245.23,250.09,249.06,255.99,233.57,231.51,265.5602,0,240.3415,1,3009,5490,-2.2727,-2.1463,-0.1264,45.80
2026-01-05,249.96,257.01,249.96,253.20,249.75,248.81,255.97,233.77,231.60,265.5602,0,240.7189,1,6493,5532,-1.8041,-2.0779,0.2738,51.63
2026-01-06,252.74,256.07,248.24,254.78,249.95,249.10,255.98,234.05,231.72,265.5602,0,241.0887,1,8147,5621,-1.2902,-1.9203,0.6301,53.53
2026-01-07,254.68,254.68,247.17,248.36,249.88,249.33,255.82,234.43,231.82,265.5602,0,241.4512,1,3422,5581,-1.3846,-1.8132,0.4286,50.97
2026-01-08,251.84,254.13,250.79,252.38,250.12,249.92,255.77,234.88,231.92,265.5602,0,241.8064,1,3045,5436,-1.1223,-1.6750,0.5527,51.45
2026-01-09,254.79,255.29,249.07,251.58,250.23,250.36,255.77,235.32,232.03,265.5602,0,242.1545,1,2277,5314,-0.9675,-1.5335,0.5660,50.46
2026-01-12,249.97,252.59,246.40,252.49,250.58,250.65,255.91,235.75,232.14,265.5602,0,242.4957,1,3072,5246,-0.7630,-1.3794,0.6164,50.54
2026-01-13,250.43,252.22,245.93,248.50,250.40,250.62,255.94,236.15,232.22,265.5602,0,242.8300,1,1824,5092,-0.9121,-1.2860,0.3738,48.44
2026-01-14,248.98,251.71,246.13,248.73,250.35,250.53,255.94,236.53,232.30,265.5602,0,243.1577,1,4327,5021,-1.0004,-1.2288,0.2285,47.63
2026-01-15,251.00,255.48,251.00,253.78,250.90,250.82,255.99,236.93,232.41,265.5602,0,243.4788,1,3573,4938,-0.6551,-1.1141,0.4590,48.72
2026-01-16,253.13,254.78,246.61,252.08,251.59,250.84,255.93,237.31,232.52,265.5602,0,243.7934,1,4816,4920,-0.5128,-0.9938,0.4810,46.92
2026-01-20,251.01,251.89,246.89,247.05,250.97,250.36,255.43,237.67,232.61,265.5602,0,244.1018,1,1963,4827,-0.7968,-0.9544,0.1576,46.11
2026-01-21,247.87,255.69,244.62,253.19,250.82,250.38,255.21,238.06,232.78,265.5602,0,244.4040,1,5117,4758,-0.5208,-0.8677,0.3469,46.22
2026-01-22,251.59,257.06,250.12,253.34,251.31,250.60,254.94,238.43,232.96,265.5602,0,244.6237,1,4535,4690,-0.2868,-0.7515,0.4647,44.98
2026-01-23,252.59,252.81,248.61,251.50,251.22,250.67,254.64,238.82,233.15,265.5602,0,244.6237,1,2504,4629,-0.2469,-0.6506,0.4037,45.94
2026-01-26,251.69,256.03,248.57,255.34,251.60,250.91,254.22,239.22,233.40,265.5602,0,244.9154,1,16356,4840,0.0942,-0.5016,0.5958,48.61
2026-01-27,253.88,257.56,249.41,252.00,251.55,251.07,253.83,239.56,233.53,265.5602,0,245.2014,1,4232,4733,0.0938,-0.3826,0.4763,46.35
2026-01-28,252.20,253.97,249.11,249.95,251.70,251.05,253.45,239.88,233.69,265.5602,0,245.4816,1,4223,4751,-0.0710,-0.3202,0.2492,46.13
2026-01-29,250.64,256.76,247.90,256.67,252.49,251.42,253.24,240.27,233.90,265.5602,0,245.7562,1,5136,4707,0.3362,-0.1890,0.5251,49.50
2026-01-30,253.60,258.48,250.99,257.98,252.91,251.91,253.19,240.63,234.09,265.5602,0,246.0253,1,4877,4685,0.7560,0.0000,0.7560,50.56
2026-02-02,259.40,266.12,254.33,263.57,254.06,252.82,253.19,241.01,234.31,265.5602,0,246.2890,1,4108,4653,1.5222,0.3045,1.2178,52.70
2026-02-03,262.18,270.50,262.18,270.00,256.35,253.66,253.45,241.46,234.57,243.6080,1,247.0824,1,5919,4666,2.6184,0.7673,1.8512,52.91
2026-02-04,272.36,275.02,270.29,271.25,258.16,254.49,253.81,241.88,234.82,250.6940,1,248.4874,1,3437,4588,3.5474,1.3233,2.2241,47.35
2026-02-05,277.95,277.95,274.67,275.02,260.33,255.82,254.09,242.34,235.13,254.5322,1,250.6103,1,2019,4518,4.5354,1.9657,2.5697,51.91
2026-02-06,278.13,280.54,275.74,277.72,262.95,257.09,254.39,242.77,235.40,256.8886,1,253.3441,1,3463,4525,5.4728,2.6671,2.8057,49.35
2026-02-09,276.32,279.95,268.34,268.89,264.31,257.95,254.48,243.21,235.64,256.8886,1,256.6079,1,2569,4451,5.4405,3.2218,2.2187,45.63
2026-02-10,264.41,273.47,264.41,268.15,265.92,258.74,254.42,243.65,235.88,256.8886,1,259.4801,1,3829,4362,5.2944,3.6363,1.6581,42.60
2026-02-11,269.04,271.43,265.48,268.47,267.77,259.73,254.43,244.11,236.13,256.8886,1,262.0077,1,3186,4335,5.1450,3.9381,1.2070,44.23
2026-02-12,270.77,273.47,259.80,266.07,268.71,260.60,254.49,244.59,236.36,256.8886,1,280.5430,0,4415,4250,4.7782,4.1061,0.6721,45.19
2026-02-13,267.83,267.83,260.55,262.52,269.17,261.04,254.54,245.04,236.55,256.8886,1,280.1282,0,2983,4233,4.1531,4.1155,0.0376,40.75
2026-02-17,260.02,265.55,260.02,263.49,269.16,261.61,254.59,245.48,236.77,256.8886,1,279.7216,0,2491,4159,3.6930,4.0310,-0.3380,41.68
2026-02-18,263.49,263.49,230.21,231.12,265.27,260.81,254.05,245.74,236.80,277.8783,0,279.3231,0,6438,4239,0.7082,3.3664,-2.6582,23.03
2026-02-19,229.42,229.42,212.03,215.87,259.73,258.95,253.38,245.88,236.73,254.3746,0,277.3588,0,6795,4220,-2.8544,2.1223,-4.9767,17.15
2026-02-20,213.92,220.77,210.52,216.59,253.89,257.11,252.84,246.03,236.68,249.0055,0,273.4388,0,4552,4251,-5.5560,0.5866,-6.1426,18.14
2026-02-23,218.08,221.75,214.33,215.25,247.64,255.30,252.33,246.16,236.60,249.0055,0,268.4056,0,2814,4260,-7.7165,-1.0740,-6.6424,22.02
2026-02-24,215.25,227.22,215.25,223.62,243.12,253.71,251.95,246.36,236.58,249.0055,0,263.7751,0,3463,4174,-8.6532,-2.5899,-6.0634,25.54
2026-02-25,223.62,229.55,221.32,229.09,239.21,252.57,251.60,246.57,236.58,249.0055,0,259.5150,0,2419,4141,-8.8522,-3.8423,-5.0099,28.27
2026-02-26,229.96,232.56,226.17,230.08,235.37,251.57,251.21,246.77,236.60,249.0055,0,255.5957,0,2059,4149,-8.8279,-4.8394,-3.9885,25.61
2026-02-27,228.91,231.19,226.27,229.62,231.73,250.22,250.80,246.96,236.59,249.0055,0,251.9900,0,1940,4144,-8.7455,-5.6207,-3.1249,26.39
2026-03-02,233.91,235.66,231.23,231.87,228.66,248.91,250.47,247.16,236.59,249.0055,0,248.6727,0,3078,4143,-8.4013,-6.1768,-2.2245,28.27
2026-03-03,227.99,228.60,221.56,226.71,224.98,247.07,249.98,247.30,236.58,249.0055,0,245.6208,0,2531,4135,-8.4475,-6.6309,-1.8166,26.87
2026-03-04,226.73,231.06,225.74,227.11,224.58,244.93,249.39,247.44,236.55,249.0055,0,242.8131,0,4613,4074,-8.3558,-6.9759,-1.3799,26.65
2026-03-05,224.28,229.73,223.75,227.22,225.72,242.73,248.88,247.59,236.50,249.0055,0,240.2300,0,5232,4014,-8.1799,-7.2167,-0.9632,28.24
2026-03-06,224.20,225.84,219.77,225.81,226.64,240.26,248.41,247.74,236.42,248.5039,0,237.8535,0,5109,4061,-8.0616,-7.3857,-0.6759,31.49
2026-03-09,223.17,224.74,217.76,223.25,227.44,237.54,247.88,247.88,236.35,246.7962,0,235.6672,0,4086,4021,-8.0809,-7.5247,-0.5562,30.31
2026-03-10,221.41,225.14,218.78,220.61,227.14,235.13,247.28,247.97,236.34,246.7962,0,233.6557,0,3660,4068,-8.2149,-7.6628,-0.5522,31.38
2026-03-11,217.81,221.46,216.61,221.02,226.33,232.77,246.72,248.05,236.34,242.8999,0,231.8052,0,4112,4080,-8.1938,-7.7690,-0.4248,33.56
2026-03-12,217.34,219.96,215.79,219.73,225.30,230.33,246.11,248.08,236.34,240.9213,0,230.1027,0,3027,4066,-8.1862,-7.8524,-0.3338,34.45
2026-03-13,220.20,222.50,219.05,221.99,224.53,228.13,245.56,248.15,236.32,240.9213,0,228.5364,0,2232,4057,-7.9069,-7.8633,-0.0436,34.71
2026-03-16,225.14,227.37,222.49,223.34,223.68,226.17,245.06,248.22,236.33,240.9213,0,210.5241,1,3054,4052,-7.4901,-7.7887,0.2986,34.03
2026-03-17,224.19,227.87,224.19,225.06,223.51,224.25,244.66,248.25,236.35,240.9213,0,210.8610,1,2557,4043,-6.9409,-7.6191,0.6782,34.31
2026-03-18,223.01,230.71,217.89,218.97,222.70,223.64,243.98,248.18,236.32,240.9213,0,211.5413,1,3083,3974,-6.9178,-7.4788,0.5610,31.06
2026-03-19,218.56,220.08,213.51,213.69,221.35,223.53,243.15,248.04,236.33,238.7892,0,212.6915,1,2407,3860,-7.2421,-7.4315,0.1894,27.95
2026-03-20,213.32,213.32,208.58,208.96,219.66,223.15,242.37,247.85,236.41,232.2777,0,230.7114,0,2669,3844,-7.7905,-7.5033,-0.2872,26.84
2026-03-23,212.14,216.32,211.28,214.79,218.82,223.13,241.61,247.76,236.56,232.2777,0,230.2688,0,1983,3823,-7.6663,-7.5359,-0.1304,27.76
2026-03-24,211.91,214.45,209.44,212.68,218.02,222.58,240.84,247.66,236.70,232.2777,0,229.8352,0,1515,3808,-7.6501,-7.5587,-0.0914,26.32
2026-03-25,214.32,215.37,211.60,213.35,217.26,221.79,240.05,247.54,236.82,232.2777,0,229.4102,0,1991,3786,-7.4970,-7.5464,0.0494,26.62
2026-03-26,213.05,217.28,209.76,216.48,216.93,221.11,239.41,247.49,236.97,232.2777,0,228.9936,0,3736,3825,-7.0420,-7.4455,0.4035,29.68
2026-03-27,214.22,216.25,212.43,213.52,216.08,220.31,238.71,247.39,237.08,232.2777,0,228.5855,0,2657,3791,-6.8414,-7.3247,0.4833,30.64
2026-03-30,215.95,219.31,213.53,218.48,215.60,219.64,238.00,247.27,237.20,232.2777,0,228.1855,0,4626,3812,-6.2103,-7.1018,0.8915,35.74
2026-03-31,221.42,221.82,216.61,216.61,214.75,219.13,237.29,247.14,237.30,232.2777,0,227.7935,0,3630,3789,-5.7945,-6.8404,1.0458,29.46
2026-04-01,218.39,220.10,211.61,218.47,214.70,218.70,236.72,247.03,237.43,232.2777,0,227.4093,0,4384,3837,-5.2541,-6.5231,1.2690,31.53
2026-04-02,217.84,219.74,210.87,218.02,215.14,218.24,236.02,246.90,237.55,232.2777,0,227.0328,0,3981,3814,-4.8066,-6.1798,1.3732,31.23
2026-04-06,216.61,223.64,215.47,222.15,216.45,218.06,235.39,246.81,237.67,232.2777,0,226.6638,0,12416,3972,-4.0721,-5.7583,1.6862,32.99
2026-04-07,222.13,226.74,221.15,226.49,217.62,218.22,234.89,246.73,237.84,232.2777,0,208.5849,1,8931,4100,-3.1035,-5.2273,2.1238,36.91
2026-04-08,228.99,232.97,226.83,231.43,219.50,218.76,234.42,246.71,238.02,232.2777,0,208.9481,1,3878,3851,-1.9158,-4.5650,2.6492,35.58
2026-04-09,231.72,234.87,230.42,233.09,221.47,219.37,234.04,246.68,238.18,213.1650,1,209.9090,1,3719,3841,-0.8307,-3.8181,2.9875,36.21
2026-04-10,234.56,234.56,227.84,229.77,222.80,219.87,233.63,246.58,238.32,213.1650,1,211.4064,1,2974,3816,-0.2357,-3.1017,2.8659,35.99
2026-04-13,229.22,232.80,229.22,232.35,224.69,220.39,233.15,246.51,238.49,213.1650,1,212.8139,1,2425,3761,0.4390,-2.3935,2.8325,37.17
2026-04-14,233.99,236.33,230.99,233.27,226.17,220.88,232.65,246.47,238.64,215.2591,1,214.1370,1,6460,3793,1.0357,-1.7077,2.7434,35.10
2026-04-15,230.62,234.91,230.22,232.37,227.74,221.25,232.03,246.42,238.76,215.2591,1,215.9125,1,4756,3806,1.4199,-1.0822,2.5021,33.84
2026-04-16,233.35,233.35,230.02,233.31,229.23,221.96,231.30,246.39,238.92,215.2591,1,217.5459,1,4120,3770,1.7794,-0.5099,2.2893,34.18
2026-04-17,233.81,242.68,233.81,240.46,231.47,223.30,230.68,246.35,239.08,219.9826,1,219.0486,1,4029,3782,2.6109,0.1143,2.4966,34.58
2026-04-20,240.01,241.95,238.84,238.84,233.14,224.80,229.96,246.31,239.24,223.0286,1,221.4116,1,2924,3800,3.1038,0.7122,2.3916,32.92
2026-04-21,240.09,242.73,236.91,238.97,234.39,226.01,229.18,246.27,239.37,223.0286,1,223.5383,1,8344,3898,3.4649,1.2627,2.2022,35.10
2026-04-22,238.90,238.90,234.73,236.03,234.85,227.17,228.52,246.24,239.54,223.0286,1,225.8412,1,3316,3913,3.4738,1.7050,1.7689,32.59
2026-04-23,235.90,242.41,235.30,242.37,235.78,228.62,228.01,246.25,239.74,223.0286,1,227.8677,1,4912,3934,3.9468,2.1533,1.7935,36.02
2026-04-24,241.41,246.46,240.39,244.57,237.26,230.03,227.53,246.23,239.96,225.9821,1,229.6510,1,6724,4005,4.4482,2.6123,1.8359,38.35
2026-04-27,245.67,248.31,239.10,240.18,238.04,231.36,227.01,246.20,240.20,225.9821,1,232.0037,1,5928,4035,4.4397,2.9778,1.4619,34.73
2026-04-28,241.18,249.81,241.18,246.08,239.32,232.74,226.68,246.20,240.45,225.9959,1,234.6126,1,8321,4142,4.8531,3.3528,1.5002,38.31
2026-04-29,244.41,245.17,236.04,237.48,239.83,233.79,226.16,246.13,240.65,225.9959,1,249.8146,0,4527,4183,4.4355,3.5694,0.8662,34.09
2026-04-30,235.10,238.87,234.52,235.98,240.10,234.66,226.26,246.04,240.87,225.9959,1,249.8146,0,4096,4136,3.9386,3.6432,0.2954,29.18
2026-05-01,230.97,238.04,230.97,234.04,239.45,235.46,226.62,245.94,241.06,225.9959,1,249.2027,0,2020,4040,3.3493,3.5844,-0.2351,24.09
2026-05-04,234.34,235.54,229.47,232.49,238.82,235.98,226.94,245.81,241.26,225.9959,1,248.1086,0,5529,4060,2.7263,3.4128,-0.6865,25.11
2026-05-05,235.63,237.20,234.13,236.60,238.58,236.48,227.37,245.70,241.47,225.9959,1,246.6178,0,6196,4128,2.5346,3.2372,-0.7026,22.86
2026-05-06,238.09,239.74,230.57,234.56,238.43,236.64,227.59,245.55,241.67,225.9959,1,245.2462,0,6307,4184,2.1926,3.0283,-0.8357,23.04
2026-05-07,236.16,242.00,234.56,240.69,238.27,237.02,227.82,245.43,241.88,225.9959,1,243.9844,0,3864,4213,2.3886,2.9003,-0.5118,28.99
2026-05-08,237.75,239.02,231.23,237.50,237.56,237.41,227.97,245.27,242.07,225.9959,1,242.8235,0,5481,4282,2.2605,2.7723,-0.5119,28.08
2026-05-11,237.70,239.65,232.55,234.48,236.99,237.51,228.07,245.08,242.24,225.9959,1,242.0010,0,2447,4292,1.8935,2.5966,-0.7031,27.45
2026-05-12,232.84,237.88,232.06,236.00,235.98,237.65,228.15,244.88,242.40,225.9959,1,240.9988,0,8264,4396,1.7060,2.4185,-0.7125,28.34
2026-05-13,235.50,236.75,227.33,231.22,235.35,237.59,228.24,244.70,242.53,225.9959,1,240.0768,0,5266,4450,1.1581,2.1664,-1.0083,28.12
2026-05-14,231.57,240.00,231.57,236.79,235.44,237.77,228.43,244.60,242.69,225.9959,1,227.3307,1,4443,4447,1.1600,1.9651,-0.8051,29.85
2026-05-15,234.91,235.30,232.64,234.92,235.52,237.49,228.59,244.53,242.84,225.9959,1,227.3307,1,4549,4433,0.9996,1.7720,-0.7724,39.51
2026-05-18,234.98,242.68,234.98,240.96,236.37,237.59,228.89,244.51,243.03,225.9959,1,227.5840,1,4328,4418,1.3443,1.6865,-0.3421,48.42
2026-05-19,242.52,242.52,235.25,237.26,236.44,237.51,229.17,244.45,243.21,225.9959,1,228.1878,1,6928,4475,1.3034,1.6098,-0.3065,51.77
2026-05-20,237.21,242.92,237.21,242.92,237.27,237.85,229.62,244.39,243.38,225.9959,1,228.7675,1,18817,4778,1.7080,1.6295,0.0785,53.21
2026-05-21,238.55,244.02,237.50,243.19,237.52,237.89,230.06,244.34,243.55,225.9959,1,229.6165,1,9004,4876,2.0270,1.7090,0.3180,51.03
2026-05-22,241.43,242.19,238.84,240.45,237.82,237.69,230.47,244.30,243.68,225.9959,1,230.7691,1,10350,5022,2.0352,1.7742,0.2610,46.08
2026-05-26,244.01,244.01,238.17,241.57,238.53,237.76,230.86,244.26,243.83,225.9959,1,231.8295,1,5139,5080,2.1083,1.8410,0.2672,45.05
2026-05-27,243.53,245.15,237.11,240.64,238.99,237.49,231.21,244.15,243.97,225.9959,1,232.8051,1,9127,5202,2.0668,1.8862,0.1806,43.76
2026-05-28,238.92,239.19,237.25,237.67,239.64,237.50,231.46,244.04,244.05,225.9959,1,234.0396,1,9634,5343,1.7738,1.8637,-0.0899,40.32
2026-05-29,236.20,237.18,232.64,233.96,239.35,237.39,231.76,243.90,244.07,225.9959,1,245.1504,0,13475,5551,1.2283,1.7366,-0.5084,38.64
2026-06-01,233.15,234.24,226.85,233.67,239.23,237.38,232.16,243.77,244.07,225.9959,1,244.9002,0,11067,5724,0.7638,1.5421,-0.7782,40.09
2026-06-02,234.43,236.98,233.45,235.65,238.70,237.53,232.70,243.63,244.06,225.9959,1,244.1783,0,5935,5789,0.5494,1.3435,-0.7941,40.94
2026-06-03,229.82,233.71,229.43,231.06,238.08,237.26,233.02,243.47,244.07,225.9959,1,243.4853,0,9158,5933,0.0087,1.0766,-1.0679,38.99
2026-06-04,236.06,237.89,233.10,234.76,237.26,237.27,233.46,243.36,244.11,225.9959,1,242.8199,0,3745,5978,-0.1201,0.8372,-0.9573,41.42
2026-06-05,238.14,244.17,238.14,242.15,237.16,237.34,234.04,243.34,244.17,225.9959,1,226.8523,1,4981,6037,0.3703,0.7438,-0.3736,49.50
2026-06-08,243.20,243.72,238.33,242.53,237.36,237.59,234.56,243.31,244.26,225.9959,1,227.1987,1,5451,6072,0.7805,0.7512,0.0293,48.09
2026-06-09,246.42,250.32,246.02,246.98,237.91,238.22,235.23,243.29,244.35,228.5941,1,227.5382,1,9640,6211,1.4483,0.8906,0.5577,47.72
2026-06-10,247.66,252.53,247.66,251.76,239.02,239.00,235.89,243.30,244.42,230.8128,1,228.4496,1,10357,6326,2.3359,1.1797,1.1562,51.12
2026-06-11,252.51,255.64,249.02,249.32,240.18,239.91,236.55,243.26,244.49,232.9901,1,229.8941,1,6179,6377,2.8099,1.5057,1.3042,46.59
2026-06-12,251.62,255.29,251.62,252.85,242.07,240.71,237.24,243.13,244.58,234.2544,1,231.9542,1,12762,6544,3.4314,1.8909,1.5406,46.44
2026-06-15,252.36,252.36,248.82,251.87,243.89,241.56,237.91,243.05,244.66,234.2544,1,233.8495,1,10090,6667,3.8005,2.2728,1.5277,46.48
2026-06-16,252.43,255.59,252.43,253.62,245.69,242.19,238.54,242.96,244.74,236.2559,1,235.5931,1,20804,6834,4.1865,2.6555,1.5310,49.74
2026-06-17,255.40,257.80,253.27,255.64,248.15,243.11,239.13,242.89,244.83,238.1973,1,237.1972,1,11419,6884,4.6021,3.0448,1.5572,55.03
2026-06-18,257.85,259.64,255.15,257.98,250.47,243.86,239.66,242.76,244.95,240.4452,1,239.2572,1,11989,7046,5.0616,3.4482,1.6134,53.41
2026-06-22,259.15,262.68,256.47,258.21,252.08,244.62,240.16,242.68,245.05,242.4539,1,241.7035,1,8353,7139,5.3823,3.8350,1.5473,55.03
2026-06-23,247.21,264.58,247.21,264.20,254.24,245.80,240.85,242.64,245.15,242.4539,1,244.6401,1,18046,7441,6.0501,4.2780,1.7721,58.51
2026-06-24,265.46,267.42,263.07,264.23,255.97,246.94,241.49,242.63,245.26,245.3840,1,247.2131,1,6590,7524,6.5067,4.7237,1.7830,56.28
2026-06-25,260.29,265.09,260.29,264.68,257.26,248.14,242.11,242.65,245.38,245.3840,1,247.2131,1,13281,7660,6.8262,5.1442,1.6819,56.50
2026-06-26,265.56,276.13,264.81,273.81,259.71,249.95,242.94,242.72,245.55,249.6498,1,250.8506,1,28603,8137,7.7274,5.6609,2.0666,57.91
2026-06-29,273.46,277.62,271.18,277.11,262.13,252.10,243.82,242.86,245.75,253.7283,1,255.9061,1,33860,8732,8.6083,6.2504,2.3580,63.41
2026-06-30,277.52,279.54,272.02,273.25,264.27,254.08,244.47,242.99,245.88,254.9274,1,260.2480,1,15600,8963,8.8929,6.7789,2.1141,61.72
2026-07-01,272.93,281.79,272.93,278.95,266.80,256.25,245.28,243.11,246.05,255.9337,1,264.1069,1,22128,9347,9.4694,7.3170,2.1524,65.18
2026-07-02,277.73,283.96,274.32,280.77,269.32,258.73,246.11,243.23,246.23,256.9632,1,267.6433,1,36979,9920,9.9581,7.8452,2.1129,65.77
2026-07-06,280.77,282.00,275.72,281.02,271.62,261.05,247.01,243.34,246.44,257.0170,1,270.9058,1,48242,10819,10.2473,8.3256,1.9217,63.97
2026-07-07,281.59,281.59,270.23,276.32,273.43,262.75,247.69,243.37,246.61,257.0170,1,283.9556,0,16052,11041,9.9821,8.6569,1.3252,62.10
2026-07-08,276.67,279.55,272.99,273.02,274.32,264.28,248.26,243.41,246.74,257.0170,1,283.6810,0,10528,11118,9.3977,8.8051,0.5926,61.66
2026-07-09,273.59,274.00,270.55,271.94,275.09,265.53,248.90,243.47,246.87,257.0170,1,283.4120,0,5393,11107,8.7467,8.7934,-0.0467,60.72
2026-07-10,272.87,277.42,270.99,275.57,276.18,266.72,249.48,243.57,247.02,257.0170,1,283.1483,0,9136,11123,8.4261,8.7199,-0.2939,61.96
2026-07-13,275.57,280.42,269.04,278.76,276.67,268.19,250.31,243.69,247.17,257.0170,1,282.8898,0,11140,11255,8.3337,8.6427,-0.3089,63.13
2026-07-14,277.78,280.70,277.00,278.28,276.79,269.46,251.16,243.82,247.32,257.4348,1,282.3358,0,7916,11332,8.1282,8.5398,-0.4116,62.03
2026-07-15,273.12,278.86,271.11,273.17,276.78,270.53,251.94,243.98,247.44,257.4348,1,281.8039,0,8892,11469,7.4667,8.3252,-0.8584,58.92
2026-07-16,277.22,283.53,277.22,283.52,277.24,272.02,252.96,244.25,247.60,257.8252,1,269.0390,1,8604,11531,7.6886,8.1979,-0.5093,62.74
2026-07-17,282.66,290.98,282.66,288.77,278.04,273.68,254.00,244.57,247.78,264.0317,1,269.3287,1,6739,11542,8.1937,8.1970,-0.0033,67.70
2026-07-20,284.90,290.26,284.53,286.68,278.60,275.11,255.05,244.86,247.92,265.1684,1,270.1949,1,8327,11582,8.3296,8.2235,0.1060,66.71
2026-07-21,287.29,287.29,280.58,286.04,279.58,276.50,255.95,245.12,248.06,265.1684,1,271.0265,1,6045,11626,8.2902,8.2369,0.0533,64.88
2026-07-22,285.50,285.50,280.72,282.86,280.56,277.44,256.86,245.35,248.17,265.1684,1,271.8249,1,5411,11624,7.9107,8.1716,-0.2609,62.21
2026-07-23,284.13,284.13,274.79,275.78,280.94,278.02,257.69,245.52,248.23,265.1684,1,272.5912,1,9529,11766,6.9586,7.9290,-0.9704,56.20
2026-07-24,278.25,284.80,277.80,282.11,281.60,278.89,258.61,245.74,248.31,265.1684,1,273.3270,1,8307,11767,6.6383,7.6709,-1.0326,60.63
2026-07-27,285.55,286.45,281.81,284.00,282.12,279.40,259.66,245.96,248.44,265.1684,1,274.0333,1,18176,12025,6.4622,7.4291,-0.9669,58.32
2026-07-28,291.09,291.09,289.30,290.26,283.32,280.05,260.73,246.18,248.64,268.5294,1,274.7113,1,4390,12024,6.7500,7.2933,-0.5433,60.71
2026-07-29,291.92,296.85,291.92,296.12,285.61,281.20,261.96,246.47,248.89,272.9076,1,275.6943,1,5991,12053,7.3661,7.3079,0.0582,65.47
2026-07-30,290.13,290.47,283.56,289.56,286.22,281.73,262.93,246.74,249.11,272.9076,1,277.3864,1,7134,12109,7.2416,7.2946,-0.0530,60.76
2026-07-31,281.95,291.06,281.95,288.84,286.22,282.13,263.96,247.00,249.33,272.9076,1,278.9431,1,9604,12162,7.0041,7.2365,-0.2324,59.13
2026-08-03,293.11,293.80,286.98,291.42,286.70,282.65,264.93,247.27,249.52,272.9076,1,280.3753,1,11588,12018,6.9446,7.1781,-0.2336,60.74
2026-08-04,292.94,294.54,288.50,289.11,287.00,283.29,265.85,247.54,249.71,272.9076,1,281.6929,1,9208,12022,6.6340,7.0693,-0.4353,57.86
2026-08-05,284.05,291.34,281.77,288.72,287.59,284.07,266.81,247.80,249.93,272.9076,1,296.8454,0,10034,12016,6.2840,6.9122,-0.6283,56.17
2026-08-06,291.98,295.43,279.23,294.97,289.51,285.23,267.88,248.10,250.16,272.9076,1,296.5439,0,67447,13262,6.4368,6.8171,-0.3804,62.68
2026-08-07,286.55,292.63,282.75,289.39,290.24,285.92,268.86,248.38,250.33,272.9076,1,295.8515,0,37042,13820,6.0379,6.6613,-0.6234,56.36
2026-08-10,284.71,286.15,280.56,285.38,290.38,286.25,269.81,248.65,250.48,272.9076,1,295.4277,0,22266,14073,5.3371,6.3965,-1.0593,53.87
2026-08-11,285.30,288.61,282.40,282.92,289.64,286.48,270.79,248.84,250.63,272.9076,1,294.7799,0,14678,14097,4.5306,6.0233,-1.4927,52.34
2026-08-12,285.99,285.99,276.05,280.45,288.08,286.84,271.73,249.01,250.76,272.9076,1,294.1580,0,17780,14231,3.6503,5.5487,-1.8984,55.30
2026-08-13,282.54,282.54,276.78,282.35,287.35,286.79,272.66,249.24,250.88,272.9076,1,293.0714,0,6363,14240,3.0704,5.0530,-1.9826,58.15
2026-08-14,283.52,287.26,281.99,287.26,287.20,286.71,273.78,249.47,251.05,272.9076,1,292.0500,0,16169,14380,2.9729,4.6370,-1.6641,59.32
2026-08-17,285.83,292.24,285.51,287.90,286.84,286.77,274.85,249.72,251.23,272.9076,1,276.0480,1,40542,15116,2.9136,4.2923,-1.3787,60.56
2026-08-18,290.85,292.25,284.53,290.71,287.00,287.00,275.82,249.97,251.46,272.9076,1,276.3719,1,15839,15333,3.0578,4.0454,-0.9877,63.08
2026-08-19,291.42,297.52,290.83,291.93,287.33,287.46,276.81,250.26,251.68,272.9076,1,277.0072,1,34473,15913,3.2338,3.8831,-0.6493,61.51
2026-08-20,291.08,293.40,287.55,287.71,286.60,288.05,277.62,250.52,251.88,272.9076,1,278.2382,1,10691,15934,2.9980,3.7061,-0.7081,60.89
2026-08-21,289.61,293.52,280.50,288.81,286.54,288.39,278.36,250.75,252.06,272.9076,1,279.3954,1,32224,16372,2.8667,3.5382,-0.6715,61.25
2026-08-24,288.82,298.68,288.82,297.16,287.72,289.05,279.32,251.05,252.27,272.9076,1,280.4831,1,16876,16586,3.3978,3.5101,-0.1123,68.89
2026-08-25,297.52,303.01,293.04,303.01,289.73,289.69,280.32,251.43,252.43,272.9076,1,280.5010,1,26312,16857,4.2411,3.6563,0.5848,74.19
2026-08-26,300.74,306.24,300.74,305.50,292.23,290.15,281.39,251.78,252.63,278.7812,1,282.7515,1,23805,17131,5.0526,3.9356,1.1170,77.00
2026-08-27,300.71,305.67,297.54,303.52,294.35,290.85,282.39,252.11,252.82,278.7812,1,285.5702,1,21341,17142,5.4731,4.2431,1.2300,74.99
2026-08-28,305.65,309.07,298.59,298.87,295.51,291.35,283.26,252.43,252.98,278.7812,1,288.0507,1,36250,17638,5.3691,4.4683,0.9008,73.92
2026-08-31,297.23,299.59,290.60,293.94,296.12,291.48,283.98,252.68,253.07,278.7812,1,309.0663,0,23140,17861,4.8329,4.5412,0.2917,73.71
2026-09-01,294.85,298.32,292.39,293.51,296.40,291.70,284.68,252.96,253.18,278.7812,1,309.0663,0,23363,18161,4.3234,4.4976,-0.1742,75.86
2026-09-02,290.95,298.40,290.47,291.71,296.37,291.85,285.23,253.24,253.29,278.7812,1,308.6969,0,19399,18188,3.7314,4.3444,-0.6130,69.96
2026-09-03,294.79,302.80,294.51,299.59,297.56,292.08,285.94,253.52,253.45,278.7812,1,307.9678,0,23907,18535,3.8537,4.2463,-0.3926,71.87
2026-09-04,296.45,299.30,295.00,297.97,298.48,292.51,286.61,253.79,253.64,278.7812,1,307.2679,0,16120,18592,3.7763,4.1523,-0.3760,69.69
2026-09-08,295.96,297.20,292.25,293.30,298.09,292.91,287.00,253.99,253.79,278.7812,1,306.5960,0,30914,18638,3.3001,3.9818,-0.6817,66.49
2026-09-09,296.65,298.46,288.07,298.32,297.62,293.68,287.42,254.18,254.00,278.7812,1,305.9510,0,15841,18277,3.2899,3.8434,-0.5536,71.51
2026-09-10,299.28,303.99,297.00,301.32,297.21,294.72,287.98,254.38,254.24,278.7812,1,304.8781,0,18923,18344,3.4837,3.7715,-0.2878,73.70
2026-09-11,301.78,302.99,294.64,297.53,296.61,295.48,288.35,254.53,254.42,278.7812,1,303.9900,0,19042,18282,3.2935,3.6759,-0.3824,72.02
2026-09-14,300.38,303.43,297.74,302.54,296.97,296.24,288.79,254.69,254.62,278.7812,1,303.9900,0,12434,17791,3.5066,3.6420,-0.1354,75.53
2026-09-15,302.33,303.49,298.90,301.38,297.72,296.92,289.20,254.91,254.80,278.7812,1,288.0700,1,22905,17285,3.5411,3.6219,-0.0808,73.64
2026-09-16,298.95,303.99,294.90,299.43,298.31,297.35,289.66,255.12,254.94,278.7812,1,288.3784,1,21828,17400,3.3722,3.5719,-0.1997,73.21
2026-09-17,298.30,301.40,295.45,296.00,298.74,297.56,290.12,255.30,255.08,278.7812,1,289.0029,1,11189,17413,2.9278,3.4431,-0.5153,71.37
2026-09-18,292.19,293.57,282.20,289.00,297.68,297.62,290.46,255.46,255.21,278.7812,1,303.9900,0,22687,17759,1.9879,3.1521,-1.1642,64.79
2026-09-21,286.90,292.86,285.53,288.35,296.72,297.60,290.71,255.63,255.36,278.7812,1,303.5542,0,16176,17900,1.1770,2.7570,-1.5801,64.10
2026-09-22,288.51,294.33,284.19,292.86,296.67,297.38,291.00,255.82,255.51,278.7812,1,303.1271,0,18478,18047,0.8880,2.3832,-1.4952,65.33
