symbol,longName,sector,industry,country,marketCap,currentPrice,averageVolume10days,averageVolume3months,averageDollarVolume,revenueGrowth,earningsGrowth,earningsQuarterlyGrowth,grossMargins,operatingMargins,profitMargins,returnOnEquity,returnOnAssets,totalCash,totalDebt,debtToEquity,currentRatio,quickRatio,operatingCashflow,freeCashflow,sharesOutstanding,floatShares,heldPercentInsiders,heldPercentInstitutions,sharesShort,shortRatio,shortPercentOfFloat,trailingPE,forwardPE,priceToSalesTrailing12Months,priceToBook,enterpriseToRevenue,enterpriseToEbitda,targetMeanPrice,targetHighPrice,targetLowPrice,recommendationMean,recommendationKey,numberOfAnalystOpinions,epsRevisionUpLast7Days,epsRevisionUpLast30Days,epsRevisionDownLast7Days,epsRevisionDownLast30Days,nextEarningsDate,beta,website,retrievedAt
JPM,JPMorgan Chase & Co.,Financial Services,Banks - Diversified,United States,885149401088,332.99,7341880,7279728,2424076626.7200003,0.304,0.469,0.412,0.0,0.50394,0.34921002,0.17789,0.0136,1526419030016,1343306989568,,,,-162533998592,,2658186195,2643938317,0.00391,0.75655,23990561,3.88,0.0091,14.266923,13.254667,4.75049,2.5035522,3.858,,372.68182,420.0,305.0,2.12,buy,22,1,2,1,1,2026-10-13,1.015,https://www.jpmorganchase.com,2026-10-10T21:33:02.683173+01:00
Date,Open,High,Low,Close,Ma10:Top:Line,Ma20:Top:Line,Ma50:Top:Line,Ma150:Top:Line,Ma200:Top:Line,Supertrend:Top:ColorLine,Supertrend_Dir,ParabolicSAR:Top:ColorLine,ParabolicSAR_Dir,Volume:Middle:Histogram,Vo50:Middle:Line,Macd:Bottom:Line,MacdSignal:Bottom:Line,MacdDelta:Bottom:Histogram,RsRating:Hidden:Hidden
2023-08-03,145.10,146.90,144.49,146.36,,,,,,,0,144.4920,1,951233,,,,,0
2023-08-04,146.41,147.72,145.76,146.06,,,,,,,0,144.4920,1,968791,,,,,0
2023-08-07,146.60,147.63,146.60,146.75,,,,,,,0,144.4920,1,1136792,,,,,0
2023-08-08,144.46,146.02,142.84,145.92,,,,,,,0,147.7217,0,1344216,,,,,0
2023-08-09,145.40,145.59,143.67,143.97,,,,,,,0,147.6281,0,965463,,,,,0
2023-08-10,144.52,145.51,143.31,143.75,,,,,,,0,147.5324,0,920608,,,,,0
2023-08-11,143.26,144.65,142.88,144.59,,,,,,,0,147.4386,0,800159,,,,,0
2023-08-14,143.80,145.03,143.15,144.89,,,,,,,0,147.3467,0,780706,,,,,0
2023-08-15,143.09,143.48,140.64,141.20,,,,,,,0,147.2567,0,1553594,,,,,0
2023-08-16,140.98,141.32,140.12,140.60,144.41,,,,,147.7376,0,146.9918,0,1048056,,,,,0
2023-08-17,141.24,141.60,138.92,139.14,143.69,,,,,147.3802,0,146.5795,0,1479448,,,,,0
2023-08-18,138.22,139.95,138.02,139.46,143.03,,,,,145.9737,0,145.9669,0,1268852,,,,,0
2023-08-21,140.09,140.51,138.57,139.93,142.34,,,,,145.9737,0,145.1726,0,1244720,,,,,0
2023-08-22,139.73,140.08,136.53,137.03,141.45,,,,,145.5577,0,144.4577,0,1415978,,,,,0
2023-08-23,137.00,138.16,136.17,137.96,140.85,,,,,144.2890,0,143.5069,0,1158033,,,,,0
2023-08-24,138.08,139.87,137.60,137.83,140.26,,,,,144.2890,0,142.4797,0,962001,,,,,0
2023-08-25,137.87,139.13,136.53,137.66,139.57,,,,,144.2890,0,141.5963,0,984573,,,,,0
2023-08-28,138.15,139.12,137.73,138.14,138.89,,,,,144.2890,0,140.8366,0,751685,,,,,0
2023-08-29,138.28,139.34,137.78,139.26,138.70,,,,,144.2890,0,140.1833,0,942692,,,,,0
2023-08-30,139.13,139.62,137.79,138.70,138.51,141.46,,,,144.2890,0,136.1698,1,930045,,,,,0
2023-08-31,138.79,138.88,136.64,136.98,138.29,140.99,,,,144.2890,0,136.2389,1,1599958,,,,,0
2023-09-01,136.76,138.62,136.39,137.44,138.09,140.56,,,,144.0832,0,136.3066,1,1160392,,,,,0
2023-09-05,137.76,138.74,135.75,135.93,137.69,140.02,,,,144.0623,0,139.6241,0,1140502,,,,,0
2023-09-06,135.46,136.24,134.91,135.70,137.56,139.51,,,,142.1113,0,139.5466,0,1250889,,,,,0
2023-09-07,134.92,135.99,134.23,134.54,137.22,139.04,,,,141.5223,0,139.3610,0,1203468,,,,,0
2023-09-08,134.21,134.92,133.54,134.64,136.90,138.58,,,,140.4095,0,139.0532,0,1022329,,,,,0
2023-09-11,135.51,135.79,134.51,135.23,136.66,138.11,,,,140.4095,0,138.6121,0,990158,,,,,0
2023-09-12,135.27,137.91,134.85,136.99,136.54,137.72,,,,140.4095,0,138.2063,0,1223871,,,,,0
2023-09-13,137.93,138.27,136.51,137.06,136.32,137.51,,,,140.4095,0,133.5393,1,1218995,,,,,0
2023-09-14,138.40,140.33,138.10,139.72,136.42,137.47,,,,140.4095,0,133.6338,1,1497709,,,,,0
2023-09-15,139.41,140.17,138.84,139.31,136.66,137.48,,,,140.4095,0,133.9015,1,2955873,,,,,0
2023-09-18,138.70,139.61,138.31,139.60,136.87,137.48,,,,140.4095,0,134.1585,1,971129,,,,,0
2023-09-19,139.95,140.16,137.81,139.42,137.22,137.46,,,,140.4095,0,134.4052,1,1183011,,,,,0
2023-09-20,140.09,140.65,138.68,138.83,137.53,137.55,,,,140.4095,0,134.6421,1,1087336,,-1.1285,-2.1260,0.9975,0
2023-09-21,138.15,139.34,137.27,137.74,137.85,137.54,,,,140.4095,0,135.0028,1,1184830,,-1.0862,-1.9180,0.8318,0
2023-09-22,137.88,138.09,135.92,136.42,138.03,137.47,,,,140.4095,0,135.3418,1,1030559,,-1.1460,-1.7636,0.6176,0
2023-09-25,136.07,137.16,134.52,137.10,138.22,137.44,,,,140.4095,0,140.6539,0,1031696,,-1.1260,-1.6361,0.5101,0
2023-09-26,135.36,136.53,135.02,135.67,138.09,137.31,,,,140.4095,0,140.5312,0,1082395,,-1.2110,-1.5511,0.3401,0
2023-09-27,135.92,136.76,135.28,136.47,138.03,137.17,,,,140.4095,0,140.4111,0,979321,,-1.2003,-1.4809,0.2806,0
2023-09-28,136.94,139.36,136.68,138.16,137.87,137.15,,,,140.4095,0,140.2933,0,1308843,,-1.0431,-1.3934,0.3503,0
2023-09-29,139.11,139.26,135.61,135.76,137.52,137.09,,,,140.4095,0,140.1779,0,1728319,,-1.1000,-1.3347,0.2347,0
2023-10-02,135.58,136.32,133.52,134.59,137.02,136.94,,,,140.4095,0,140.0647,0,1318457,,-1.2253,-1.3128,0.0875,0
2023-10-03,134.05,134.42,133.26,133.60,136.43,136.83,,,,140.4095,0,139.8030,0,1345912,,-1.3887,-1.3280,-0.0607,0
2023-10-04,134.04,134.31,132.87,134.19,135.97,136.75,,,,140.0538,0,139.4103,0,1165249,,-1.4531,-1.3530,-0.1001,0
2023-10-05,133.95,134.95,132.81,134.76,135.67,136.76,,,,140.0538,0,138.8867,0,1225539,,-1.4419,-1.3708,-0.0711,0
2023-10-06,134.77,137.57,134.04,136.84,135.71,136.87,,,,140.0538,0,138.2789,0,1490264,,-1.2512,-1.3469,0.0957,0
2023-10-09,135.48,137.12,135.33,136.52,135.66,136.94,,,,140.0538,0,137.7318,0,1008309,,-1.1123,-1.3000,0.1877,0
2023-10-10,137.14,138.41,137.00,137.35,135.82,136.96,,,,140.0538,0,132.8083,1,1644214,,-0.9246,-1.2249,0.3003,0
2023-10-11,138.16,138.84,136.76,137.83,135.96,136.99,,,,140.0538,0,132.9203,1,1271242,,-0.7294,-1.1258,0.3964,0
2023-10-12,137.97,138.59,136.86,137.50,135.89,136.88,138.62,,,140.0538,0,133.1573,1,1528730,1209143,-0.5938,-1.0194,0.4256,0
2023-10-13,140.04,144.39,139.42,139.57,136.28,136.90,138.49,,,140.0538,0,133.3847,1,4355196,1277222,-0.3160,-0.8787,0.5627,0
2023-10-16,140.94,141.00,138.36,139.43,136.76,136.89,138.35,,,140.0538,0,134.0450,1,1872299,1295292,-0.1060,-0.7242,0.6182,0
2023-10-17,139.16,140.81,138.43,139.13,137.31,136.87,138.20,,,140.0538,0,134.6656,1,1694043,1306437,0.0356,-0.5722,0.6078,0
2023-10-18,138.24,139.08,137.09,137.60,137.65,136.81,138.03,,,140.0538,0,135.2490,1,1403698,1307627,0.0243,-0.4529,0.4772,0
2023-10-19,137.19,138.65,136.63,137.01,137.88,136.78,137.89,,,140.0538,0,135.7974,1,1619054,1320699,-0.0314,-0.3686,0.3372,0
2023-10-20,136.34,136.87,134.02,134.81,137.68,136.69,137.72,,,140.0538,0,144.3888,0,1905938,1340405,-0.2508,-0.3450,0.0942,0
2023-10-23,134.80,135.50,132.71,132.97,137.32,136.49,137.48,,,140.0538,0,144.1815,0,1428809,1352978,-0.5665,-0.3893,-0.1772,0
2023-10-24,133.15,133.66,132.37,133.13,136.90,136.36,137.25,,,140.0538,0,143.7228,0,1253787,1362440,-0.7946,-0.4704,-0.3242,0
2023-10-25,132.56,133.14,131.56,132.40,136.36,136.16,137.07,,,139.4024,0,143.0414,0,1157261,1354513,-1.0222,-0.5808,-0.4415,0
2023-10-26,131.80,133.60,131.49,132.74,135.88,135.89,136.92,,,139.4024,0,142.1231,0,1282239,1359197,-1.1618,-0.6970,-0.4648,0
2023-10-27,131.04,131.18,127.49,127.96,134.72,135.50,136.69,,,137.1910,0,141.0596,0,2365714,1376922,-1.6393,-0.8854,-0.7539,0
2023-10-30,128.67,130.18,128.29,129.59,133.73,135.25,136.49,,,136.9710,0,139.4312,0,1354343,1378632,-1.8646,-1.0813,-0.7833,0
2023-10-31,129.87,131.31,129.64,131.14,132.94,135.12,136.32,,,136.9710,0,137.9982,0,1345058,1380639,-1.8965,-1.2443,-0.6522,0
2023-11-01,131.32,132.53,130.58,131.03,132.28,134.97,136.20,,,136.9710,0,136.7372,0,1310482,1378529,-1.9089,-1.3772,-0.5317,0
2023-11-02,132.11,133.42,131.30,133.36,131.91,134.90,136.11,,,136.9710,0,135.6275,0,1440532,1384179,-1.7103,-1.4439,-0.2665,0
2023-11-03,134.09,135.58,133.77,134.85,131.92,134.80,136.05,,,136.9710,0,127.4896,1,1364034,1392220,-1.4164,-1.4384,0.0220,0
2023-11-06,135.01,135.98,134.66,135.87,132.21,134.76,136.01,,,136.9710,0,127.6514,1,1098624,1394501,-1.0887,-1.3684,0.2797,0
2023-11-07,135.34,136.04,134.68,135.81,132.48,134.69,135.97,,,136.9710,0,127.9844,1,906961,1397606,-0.8248,-1.2597,0.4349,0
2023-11-08,135.90,136.59,135.44,136.48,132.88,134.62,135.91,,,136.9710,0,128.4679,1,1102506,1400802,-0.5552,-1.1188,0.5636,0
2023-11-09,137.16,137.35,135.51,136.07,133.22,134.55,135.86,,,136.9710,0,129.1177,1,1153238,1405266,-0.3701,-0.9691,0.5990,0
2023-11-10,136.68,138.14,135.87,138.09,134.23,134.47,135.88,,,130.7206,1,129.9413,1,1168995,1396647,-0.0598,-0.7872,0.7274,0
2023-11-13,137.40,137.92,136.89,137.48,135.02,134.38,135.88,,,131.3905,1,130.9247,1,973271,1392905,0.1351,-0.6027,0.7378,0
2023-11-14,138.33,140.75,138.17,139.98,135.90,134.42,135.96,,,133.0662,1,131.7901,1,1473668,1399568,0.4863,-0.3849,0.8713,0
2023-11-15,140.00,141.61,140.00,141.21,136.92,134.60,136.07,,,134.5629,1,133.0443,1,1252620,1399603,0.8538,-0.1372,0.9910,0
2023-11-16,141.54,142.90,141.54,142.82,137.87,134.89,136.24,,,136.0953,1,134.4143,1,1230713,1400147,1.2606,0.1424,1.1182,0
2023-11-17,143.53,144.15,142.91,144.12,138.79,135.36,136.43,,,137.6197,1,135.9415,1,1193891,1403579,1.6680,0.4475,1.2205,0
2023-11-20,143.42,144.99,143.27,144.56,139.66,135.93,136.61,,,138.2919,1,137.5838,1,1075942,1405294,2.0036,0.7587,1.2448,0
2023-11-21,144.47,144.88,143.88,144.26,140.51,136.49,136.76,,,138.8257,1,139.0655,1,1083563,1402488,2.2195,1.0509,1.1687,0
2023-11-22,144.67,145.11,144.19,144.60,141.32,137.10,136.91,,,139.3772,1,140.2509,1,793406,1393976,2.3906,1.3188,1.0717,0
2023-11-24,144.84,145.64,144.55,144.79,142.19,137.70,137.01,,,140.0199,1,141.2237,1,536914,1374761,2.5131,1.5577,0.9554,0
2023-11-27,144.69,144.78,144.01,144.46,142.83,138.53,137.11,,,140.0199,1,142.1076,1,958832,1334820,2.5541,1.7570,0.7972,0
2023-11-28,144.49,145.11,144.02,144.79,143.56,139.29,137.22,,,140.0199,1,142.8147,1,1010708,1335611,2.5835,1.9223,0.6612,0
2023-11-29,145.39,146.77,145.23,145.53,144.11,140.01,137.34,,,141.2218,1,143.3804,1,1408340,1340118,2.6358,2.0650,0.5708,0
2023-11-30,146.09,147.24,145.59,147.19,144.71,140.82,137.51,,,141.6022,1,144.0210,1,1540478,1349181,2.7791,2.2078,0.5713,0
2023-12-01,146.94,148.87,146.94,147.91,145.22,141.54,137.71,,,143.0007,1,144.6642,1,1398385,1353452,2.9168,2.3496,0.5672,0
2023-12-04,147.13,149.05,147.00,148.99,145.71,142.25,137.96,,,143.0007,1,145.5050,1,1517889,1363198,3.0780,2.4953,0.5828,0
2023-12-05,148.30,149.47,148.03,148.97,146.15,142.91,138.20,,,143.7914,1,146.2135,1,1443151,1371428,3.1678,2.6298,0.5380,0
2023-12-06,149.79,150.15,147.11,147.41,146.46,143.49,138.43,,,143.7914,1,146.8651,1,1463999,1379060,3.0771,2.7192,0.3578,0
2023-12-07,147.76,148.35,147.26,147.86,146.79,144.05,138.66,,,143.7914,1,147.1142,1,1274844,1384970,3.0071,2.7768,0.2303,0
2023-12-08,148.30,149.74,148.04,149.49,147.26,144.73,138.89,,,143.7914,1,147.1142,1,1168197,1382157,3.0481,2.8311,0.2170,0
2023-12-11,149.49,150.23,149.14,150.04,147.82,145.32,139.17,,,144.6685,1,147.2557,1,1287740,1373346,3.0892,2.8827,0.2065,0
2023-12-12,150.16,151.50,149.83,151.38,148.48,146.02,139.51,,,145.6500,1,147.8498,1,1640996,1379796,3.1929,2.9447,0.2482,0
2023-12-13,151.38,152.80,150.67,151.89,149.11,146.61,139.88,,,146.5824,1,148.5797,1,1993778,1392754,3.2785,3.0115,0.2670,0
2023-12-14,152.61,155.45,152.50,154.65,149.86,147.28,140.28,,,148.2680,1,149.4239,1,2237316,1414195,3.5286,3.1149,0.4137,0
2023-12-15,153.79,155.87,153.14,155.82,150.65,147.93,140.71,,,148.5492,1,150.6293,1,3355706,1456798,3.7776,3.2474,0.5301,0
2023-12-18,156.47,157.61,156.20,156.76,151.43,148.57,141.10,,,151.0071,1,151.6765,1,1407902,1455151,4.0048,3.3989,0.6059,0
2023-12-19,156.54,158.87,156.12,158.86,152.41,149.28,141.55,,,151.3647,1,152.8633,1,1742733,1469840,4.3043,3.5800,0.7243,0
2023-12-20,158.42,159.76,156.97,157.06,153.38,149.92,141.94,,,152.0081,1,154.0654,1,1787864,1472713,4.3469,3.7334,0.6135,0
2023-12-21,157.34,158.52,156.24,157.96,154.39,150.59,142.35,,,152.0081,1,155.2044,1,1273285,1472753,4.4022,3.8671,0.5350,0
2023-12-22,157.96,158.65,157.70,157.86,155.23,151.24,142.75,,,152.1306,1,156.1156,1,1100873,1464196,4.3878,3.9713,0.4166,0
2023-12-26,157.92,159.16,157.66,158.80,156.10,151.96,143.14,,,152.5164,1,156.2428,1,788671,1392866,4.4010,4.0572,0.3438,0
2023-12-27,158.28,159.82,158.03,159.75,156.94,152.71,143.55,,,153.0895,1,156.9463,1,1089005,1377200,4.4372,4.1332,0.3040,0
2023-12-28,159.70,160.94,159.37,160.60,157.81,153.46,143.98,,,154.4341,1,157.5205,1,1076313,1364845,4.4827,4.2031,0.2796,0
2023-12-29,160.32,160.97,159.97,160.41,158.39,154.12,144.43,,,155.0177,1,158.0346,1,1094611,1358664,4.4522,4.2529,0.1993,0
2024-01-02,159.46,162.36,159.29,162.28,159.03,154.84,144.94,,,155.0177,1,158.6212,1,1716911,1360621,4.5266,4.3077,0.2189,0
2024-01-03,162.07,162.24,160.67,161.57,159.52,155.47,145.47,,,155.7248,1,159.2889,1,1687995,1356262,4.4768,4.3415,0.1353,0
2024-01-04,161.91,164.48,161.82,162.64,159.89,156.15,146.07,,,157.1215,1,159.2889,1,2052206,1368730,4.4723,4.3677,0.1047,0
2024-01-05,162.70,164.51,162.70,163.46,160.53,156.96,146.67,,,157.6191,1,160.3279,1,1734070,1378335,4.4829,4.3907,0.0922,0
2024-01-08,163.22,163.54,160.82,163.22,161.06,157.72,147.29,,,157.6191,1,164.5125,0,1931767,1393826,4.4212,4.3968,0.0244,0
2024-01-09,162.84,163.00,161.40,161.93,161.47,158.35,147.87,,,157.6191,1,164.5125,0,1693562,1402052,4.2196,4.3614,-0.1418,0
2024-01-10,161.31,162.33,160.31,162.27,161.81,158.96,148.56,,,157.6191,1,164.4387,0,1653798,1387814,4.0407,4.2972,-0.2565,0
2024-01-11,161.62,161.65,160.01,161.59,162.00,159.47,149.20,,,157.6191,1,164.2735,0,2029891,1401325,3.8001,4.1978,-0.3977,0
2024-01-12,164.91,167.29,160.26,160.40,161.98,159.90,149.78,,,157.6191,1,160.0149,1,3285740,1440138,3.4736,4.0530,-0.5794,0
2024-01-16,156.44,159.49,155.90,159.40,161.88,160.13,150.35,,,157.6191,1,167.2926,0,2890503,1471739,3.0980,3.8620,-0.7640,0
2024-01-17,158.78,160.42,157.97,158.54,161.50,160.27,150.85,,,157.6191,1,167.2926,0,1855952,1480047,2.7003,3.6296,-0.9293,0
2024-01-18,158.57,158.96,156.79,158.86,161.23,160.37,151.33,,,157.6191,1,167.0647,0,1570785,1484182,2.3829,3.3803,-0.9974,0
2024-01-19,158.98,161.85,158.53,161.60,161.13,160.51,151.85,,,157.6191,1,166.8413,0,2233735,1506884,2.3259,3.1694,-0.8436,0
2024-01-22,161.74,163.18,161.03,161.41,160.92,160.73,152.36,,,157.6191,1,166.6224,0,2183787,1532421,2.2395,2.9834,-0.7439,0
2024-01-23,160.99,161.07,159.83,160.35,160.64,160.85,152.84,,,157.6191,1,166.4079,0,1412892,1538629,2.0615,2.7991,-0.7375,0
2024-01-24,160.70,162.26,160.22,161.78,160.62,161.04,153.35,,,157.6191,1,166.1977,0,1699391,1549552,2.0129,2.6418,-0.6289,0
2024-01-25,163.50,164.14,162.17,164.09,160.80,161.31,153.87,,,157.6191,1,165.9917,0,1534583,1556863,2.1366,2.5408,-0.4042,0
2024-01-26,163.78,164.21,162.99,163.47,160.99,161.49,154.39,,,157.6191,1,165.7898,0,1282280,1563044,2.1592,2.4645,-0.3053,0
2024-01-29,163.43,164.00,162.54,163.90,161.34,161.66,154.87,,,157.6191,1,165.5919,0,1204135,1557653,2.1863,2.4088,-0.2225,0
2024-01-30,163.99,167.72,163.99,167.25,162.13,162.00,155.39,,,158.5541,1,155.8969,1,1907612,1570753,2.4506,2.4172,0.0334,0
2024-01-31,167.19,169.18,165.42,165.44,162.81,162.16,155.84,,,159.6039,1,156.1333,1,2008941,1586317,2.4852,2.4308,0.0544,0
2024-02-01,164.76,165.90,162.66,164.84,163.41,162.32,156.26,,,159.6039,1,156.6552,1,1625209,1594944,2.4363,2.4319,0.0044,0
2024-02-02,164.44,166.83,164.40,165.79,163.83,162.48,156.68,,,159.6039,1,157.1562,1,1504006,1603505,2.4459,2.4347,0.0112,0
2024-02-05,164.97,166.13,164.08,165.58,164.25,162.59,157.11,,,159.6039,1,157.6372,1,1364625,1609126,2.4081,2.4294,-0.0213,0
2024-02-06,165.68,166.88,164.87,166.14,164.83,162.73,157.54,,,159.6039,1,158.0990,1,1184517,1616948,2.3965,2.4228,-0.0263,0
2024-02-07,166.70,166.88,165.06,166.46,165.30,162.96,157.97,,,159.6039,1,158.5423,1,1267569,1631561,2.3851,2.4152,-0.0302,0
2024-02-08,166.05,166.34,164.69,165.86,165.47,163.14,158.40,,,159.6039,1,158.9678,1,1059340,1633572,2.3012,2.3924,-0.0912,0
2024-02-09,166.05,166.14,164.79,166.06,165.73,163.36,158.83,,,159.6039,1,159.3763,1,1101985,1635397,2.2252,2.3590,-0.1338,0
2024-02-12,165.84,167.77,164.82,166.80,166.02,163.68,159.25,,,159.6039,1,159.7685,1,1501123,1637253,2.1994,2.3271,-0.1277,0
2024-02-13,166.35,167.22,163.79,165.35,165.83,163.98,159.62,,,159.6039,1,160.1450,1,1463366,1635711,2.0382,2.2693,-0.2311,0
2024-02-14,166.12,167.09,165.50,167.03,165.99,164.40,160.00,,,159.6039,1,160.5064,1,1242191,1632587,2.0227,2.2200,-0.1973,0
2024-02-15,167.14,170.99,167.14,170.67,166.57,164.99,160.43,,,161.4696,1,160.8534,1,1569078,1633611,2.2782,2.2316,0.0466,0
2024-02-16,170.42,170.77,169.05,169.87,166.98,165.41,160.85,,,162.5557,1,161.4618,1,1459560,1633939,2.3888,2.2631,0.1257,0
2024-02-20,170.03,171.23,169.29,170.54,167.48,165.86,161.31,,,163.0541,1,162.0337,1,1737630,1639411,2.5012,2.3107,0.1905,0
2024-02-21,170.75,171.73,169.39,171.65,168.03,166.43,161.79,,,163.3750,1,162.7694,1,1270642,1639327,2.6494,2.3784,0.2709,0
2024-02-22,172.52,174.04,171.97,173.71,168.75,167.03,162.27,,,165.8196,1,163.6658,1,1701910,1650002,2.8995,2.4826,0.4168,0
2024-02-23,174.41,175.73,173.82,174.58,169.62,167.55,162.76,,,167.7014,1,164.9106,1,1307396,1650395,3.1320,2.6125,0.5195,0
2024-02-26,174.35,175.03,173.15,173.98,170.42,168.07,163.22,,,167.7014,1,166.4250,1,1310181,1643778,3.2309,2.7362,0.4947,0
2024-02-27,173.93,174.15,172.92,174.07,171.14,168.58,163.66,,,167.7014,1,167.7274,1,1048802,1624879,3.2783,2.8446,0.4337,0
2024-02-28,174.05,175.73,173.60,174.95,172.10,168.97,164.07,,,168.0818,1,168.8475,1,1130544,1602743,3.3485,2.9454,0.4031,0
2024-02-29,176.16,176.90,174.45,176.54,173.06,169.52,164.48,,,169.0116,1,169.8107,1,1794177,1571513,3.4925,3.0548,0.4377,0
2024-03-01,176.20,176.90,175.63,175.81,173.57,170.07,164.86,,,169.8939,1,170.9442,1,1169513,1566745,3.5072,3.1453,0.3619,0
2024-03-04,175.26,178.00,174.85,177.13,174.30,170.64,165.23,,,169.8939,1,172.0171,1,1318633,1558263,3.5840,3.2330,0.3510,0
2024-03-05,176.83,179.62,176.83,178.91,175.13,171.31,165.66,,,171.3723,1,173.2128,1,1247786,1547462,3.7448,3.3354,0.4095,0
2024-03-06,179.57,180.35,178.03,179.84,175.95,171.99,166.10,,,172.3307,1,174.4939,1,1435292,1550702,3.9024,3.4488,0.4536,0
2024-03-07,180.20,180.76,177.08,178.26,176.41,172.58,166.51,149.29,,172.3307,1,175.6649,1,1431250,1557309,3.8557,3.5302,0.3255,0
2024-03-08,178.80,180.72,178.31,178.59,176.81,173.22,166.90,149.51,,172.3307,1,176.6833,1,1161731,1564770,3.8016,3.5845,0.2172,0
2024-03-11,177.70,178.80,176.70,178.66,177.28,173.85,167.28,149.73,,172.3307,1,180.7569,0,1085040,1564691,3.7213,3.6118,0.1095,0
2024-03-12,179.29,180.43,178.30,180.13,177.88,174.51,167.67,149.95,,172.3307,1,180.7189,0,1083683,1564838,3.7332,3.6361,0.0971,0
2024-03-13,180.62,181.92,180.13,181.59,178.55,175.33,168.10,150.19,,174.0896,1,176.6958,1,1491903,1572784,3.8166,3.6722,0.1444,0
2024-03-14,181.26,181.83,177.53,178.36,178.73,175.89,168.42,150.42,,174.0896,1,176.8003,1,1938140,1577209,3.5804,3.6538,-0.0735,0
2024-03-15,176.94,181.17,176.94,180.57,179.20,176.39,168.80,150.66,,174.0896,1,176.9028,1,3275862,1608966,3.5308,3.6292,-0.0984,0
2024-03-18,180.88,182.84,180.18,182.81,179.77,177.03,169.20,150.92,,174.0896,1,176.9424,1,1736599,1602654,3.6304,3.6295,0.0009,0
2024-03-19,182.85,184.01,182.54,183.88,180.27,177.70,169.61,151.18,,175.5948,1,176.9424,1,1643087,1600834,3.7525,3.6541,0.0985,0
2024-03-20,184.26,186.51,183.71,186.29,180.91,178.43,170.07,151.48,,177.3545,1,177.3666,1,1839023,1598980,3.9978,3.7228,0.2749,0
2024-03-21,186.47,189.23,186.29,188.88,181.98,179.19,170.61,151.80,,179.8993,1,178.0978,1,2230228,1609713,4.3510,3.8484,0.5025,0
2024-03-22,188.83,190.23,186.49,186.56,182.77,179.79,171.10,152.12,,180.1616,1,179.2110,1,1594352,1608524,4.3934,3.9574,0.4360,0
2024-03-25,186.54,186.87,184.42,184.86,183.39,180.33,171.56,152.42,,180.1616,1,180.5329,1,1679348,1601513,4.2404,4.0140,0.2263,0
2024-03-26,184.64,186.60,184.13,185.72,183.95,180.92,172.07,152.72,,180.1616,1,181.6961,1,1166844,1559135,4.1410,4.0394,0.1016,0
2024-03-27,186.45,189.39,186.34,189.32,184.72,181.64,172.67,153.07,,180.1616,1,182.7197,1,1740972,1536145,4.3028,4.0921,0.2107,0
2024-03-28,189.29,190.45,188.39,190.06,185.89,182.31,173.30,153.42,,181.2959,1,183.6205,1,1728249,1533591,4.4396,4.1616,0.2780,0
2024-04-01,189.76,190.66,188.41,188.77,186.71,182.96,173.89,153.76,,181.5522,1,184.5772,1,1454052,1531256,4.3933,4.2079,0.1853,0
2024-04-02,188.24,189.56,187.95,188.69,187.30,183.54,174.44,154.10,,181.5522,1,185.5510,1,1394943,1514480,4.3008,4.2265,0.0743,0
2024-04-03,188.86,189.35,187.59,188.16,187.73,184.00,174.97,154.43,,181.5522,1,186.3689,1,1854779,1507900,4.1370,4.2086,-0.0716,0
2024-04-04,190.07,190.57,186.63,186.73,187.77,184.34,175.50,154.75,,181.5522,1,190.6629,0,1808549,1515813,3.8473,4.1364,-0.2890,0
2024-04-05,187.21,189.08,186.21,188.44,187.73,184.85,176.03,155.08,,181.5522,1,190.5823,0,1289803,1507621,3.7136,4.0518,-0.3382,0
2024-04-08,188.61,189.90,188.61,189.43,188.02,185.39,176.54,155.43,,181.6647,1,190.5725,0,1588038,1508690,3.6448,3.9704,-0.3256,0
2024-04-09,189.04,189.81,186.02,188.16,188.35,185.87,177.03,155.77,,181.6647,1,190.3981,0,1449348,1512032,3.4482,3.8660,-0.4178,0
2024-04-10,186.63,188.08,185.32,186.55,188.43,186.19,177.49,156.11,,181.6647,1,190.1354,0,1501483,1517979,3.1270,3.7182,-0.5912,0
2024-04-11,187.06,187.60,184.43,186.52,188.15,186.44,177.87,156.44,,181.6647,1,189.8090,0,1981211,1519451,2.8366,3.5419,-0.7053,0
2024-04-12,179.73,180.31,174.21,174.45,186.59,186.24,178.05,156.71,,188.3100,0,189.2708,0,5763789,1594548,1.6144,3.1564,-1.5419,0
2024-04-15,176.08,178.91,173.89,174.55,185.17,185.94,178.25,156.98,,187.8477,0,187.6044,0,2700663,1616057,0.6461,2.6543,-2.0082,0
2024-04-16,174.56,174.81,171.46,172.55,183.55,185.43,178.38,157.23,,184.4391,0,185.6843,0,2974485,1645466,-0.2790,2.0676,-2.3467,0
2024-04-17,173.10,174.10,171.03,171.87,181.92,184.83,178.51,157.46,,183.6624,0,183.4078,0,1623799,1650650,-1.0555,1.4430,-2.4985,0
2024-04-18,172.84,175.00,171.76,172.98,180.55,184.16,178.64,157.70,,183.6624,0,181.1792,0,1732333,1661606,-1.5627,0.8419,-2.4046,0
2024-04-19,174.08,177.40,173.14,177.33,179.44,183.58,178.86,157.95,,183.6624,0,179.3517,0,2490147,1686058,-1.5959,0.3543,-1.9502,0
2024-04-22,177.51,181.46,177.50,180.77,178.57,183.29,179.16,158.22,,183.6624,0,171.0266,1,2183841,1708548,-1.3289,0.0177,-1.3465,0
2024-04-23,182.41,183.46,181.83,183.38,178.09,183.22,179.51,158.52,,183.6624,0,171.2353,1,1757005,1721648,-0.8967,-0.1652,-0.7315,0
2024-04-24,181.84,184.42,181.50,184.27,177.87,183.15,179.85,158.82,,172.1923,1,171.7243,1,1344783,1718521,-0.4763,-0.2274,-0.2489,0
2024-04-25,183.48,185.09,182.46,184.55,177.67,182.91,180.24,159.12,,173.2993,1,172.4859,1,1895471,1727163,-0.1194,-0.2058,0.0864,0
2024-04-26,184.74,185.98,184.25,184.66,178.69,182.64,180.59,159.43,,175.1698,1,173.4946,1,1240987,1727139,0.1707,-0.1305,0.3012,0
2024-04-29,184.66,185.40,183.65,184.46,179.68,182.43,180.87,159.75,,175.1698,1,174.7433,1,1041354,1716585,0.3801,-0.0284,0.4085,0
2024-04-30,184.02,186.10,182.90,182.99,180.73,182.14,181.13,160.06,,175.1698,1,175.8672,1,1563390,1718661,0.4225,0.0618,0.3607,0
2024-05-01,183.50,185.59,182.09,183.11,181.85,181.89,181.38,160.38,,175.1698,1,177.0947,1,1428455,1712478,0.4601,0.1415,0.3186,0
2024-05-02,184.26,184.67,180.88,182.92,182.84,181.70,181.61,160.69,,175.1698,1,178.1749,1,1246116,1711987,0.4691,0.2070,0.2621,0
2024-05-03,183.24,183.75,179.86,181.82,183.29,181.37,181.77,160.98,,175.1698,1,179.1255,1,1699883,1711947,0.3832,0.2422,0.1410,0
2024-05-06,182.99,183.43,181.16,183.24,183.54,181.06,181.94,161.29,,175.1698,1,179.8643,1,1518931,1716178,0.4250,0.2788,0.1462,0
2024-05-07,182.96,184.13,182.91,183.00,183.50,180.80,182.12,161.62,,175.1698,1,179.8643,1,1474327,1719461,0.4339,0.3098,0.1241,0
2024-05-08,182.29,187.68,182.29,186.73,183.75,180.81,182.38,161.97,,175.2246,1,180.6121,1,1805380,1734592,0.7328,0.3944,0.3384,0
2024-05-09,186.27,188.58,186.20,188.49,184.14,180.91,182.65,162.33,,177.8928,1,181.6017,1,1575517,1743492,1.0995,0.5354,0.5641,0
2024-05-10,189.48,190.25,189.23,189.70,184.65,181.67,182.91,162.70,,180.6634,1,182.2884,1,1496698,1737542,1.4709,0.7225,0.7484,0
2024-05-13,189.73,190.73,189.01,189.67,185.17,182.43,183.19,163.05,,181.1862,1,183.7212,1,1400887,1742169,1.7422,0.9264,0.8157,0
2024-05-14,189.92,192.39,189.12,192.32,186.10,183.41,183.49,163.42,,181.9583,1,185.1239,1,1732220,1750441,2.1465,1.1705,0.9760,0
2024-05-15,192.80,193.45,190.66,192.89,187.08,184.46,183.77,163.79,,183.2998,1,186.5763,1,1691661,1759319,2.4844,1.4332,1.0512,0
2024-05-16,193.00,195.15,192.78,193.24,188.11,185.48,184.04,164.16,,185.3756,1,187.9501,1,1720570,1765024,2.7483,1.6963,1.0521,0
2024-05-17,194.51,195.70,193.56,195.45,189.47,186.38,184.38,164.55,158.07,186.1592,1,189.3908,1,1896458,1774328,3.1004,1.9771,1.1233,0
2024-05-20,195.07,196.49,186.49,186.66,189.81,186.68,184.54,164.86,158.27,186.1592,1,195.6976,0,3397870,1819051,2.6397,2.1096,0.5301,0
2024-05-21,188.01,190.78,187.63,190.42,190.56,187.03,184.78,165.20,158.49,186.1592,1,196.4897,0,2877238,1854895,2.5486,2.1974,0.3512,0
2024-05-22,189.92,191.78,188.67,189.27,190.81,187.28,184.96,165.54,158.70,186.1592,1,196.4897,0,1869131,1870604,2.3561,2.2292,0.1270,0
2024-05-23,188.79,189.26,187.13,187.94,190.75,187.45,185.09,165.87,158.91,186.1592,1,196.2897,0,1589026,1872547,2.0726,2.1978,-0.1252,0
2024-05-24,188.73,191.60,188.55,191.56,190.94,187.79,185.35,166.24,159.15,186.1592,1,196.0936,0,1476463,1863313,2.1154,2.1814,-0.0659,0
2024-05-28,190.74,191.27,189.60,190.40,191.01,188.09,185.55,166.61,159.38,186.1592,1,195.9015,0,1378585,1825368,2.0327,2.1516,-0.1189,0
2024-05-29,188.97,189.91,187.91,189.07,190.69,188.39,185.67,166.98,159.61,186.1592,1,195.7132,0,1212433,1814884,1.8390,2.0891,-0.2501,0
2024-05-30,189.50,190.73,189.35,190.24,190.42,188.75,185.80,167.36,159.83,186.1592,1,195.5287,0,1361245,1809247,1.7591,2.0231,-0.2640,0
2024-05-31,190.21,194.03,189.30,193.39,190.44,189.27,185.94,167.77,160.09,186.1592,1,195.3479,0,2921499,1830897,1.9277,2.0040,-0.0763,0
2024-06-03,193.08,193.19,190.10,192.61,190.16,189.81,186.02,168.17,160.35,186.1592,1,195.1707,0,1300589,1812304,1.9761,1.9984,-0.0223,0
2024-06-04,191.03,192.77,189.24,190.08,190.50,190.16,186.09,168.58,160.61,186.1592,1,194.9970,0,1363907,1807695,1.7891,1.9566,-0.1675,0
2024-06-05,190.65,190.71,187.94,188.26,190.28,190.42,186.16,168.97,160.85,186.1592,1,194.8269,0,1647437,1807057,1.4775,1.8608,-0.3833,0
2024-06-06,188.26,188.99,186.42,187.93,190.15,190.48,186.20,169.35,161.09,186.1592,1,194.6601,0,1504452,1813809,1.1899,1.7266,-0.5367,0
2024-06-07,188.43,191.76,188.02,190.83,190.44,190.60,186.23,169.75,161.36,186.1592,1,194.3305,0,1392552,1806841,1.1824,1.6177,-0.4353,0
2024-06-10,190.15,191.68,189.39,190.51,190.33,190.64,186.24,170.13,161.62,186.1592,1,194.0141,0,1211792,1796512,1.1372,1.5216,-0.3844,0
2024-06-11,188.88,188.91,184.77,185.50,189.84,190.43,186.17,170.47,161.86,196.9846,0,193.7104,0,1794973,1803330,0.6891,1.3551,-0.6660,0
2024-06-12,187.06,187.75,182.58,182.79,189.21,189.95,186.06,170.78,162.09,195.8443,0,193.1740,0,2442256,1824276,0.1147,1.1070,-0.9923,0
2024-06-13,183.55,185.71,182.17,184.83,188.67,189.55,185.99,171.11,162.32,194.6094,0,192.3268,0,1663113,1820443,-0.1744,0.8508,-1.0252,0
2024-06-14,182.72,185.97,182.69,184.94,187.83,189.13,185.95,171.43,162.55,194.6094,0,191.3115,0,1332044,1810913,-0.3898,0.6026,-0.9925,0
2024-06-17,184.66,186.66,183.85,186.09,187.17,188.67,185.91,171.76,162.79,194.6094,0,190.3977,0,1701278,1819142,-0.4628,0.3896,-0.8523,0
2024-06-18,185.72,188.93,185.28,188.01,186.97,188.73,185.88,172.10,163.04,194.6094,0,189.5754,0,1777531,1822932,-0.3609,0.2395,-0.6004,0
2024-06-20,187.43,190.35,187.17,189.61,187.10,188.69,185.91,172.44,163.30,194.6094,0,182.1739,1,1734608,1828637,-0.1498,0.1616,-0.3114,0
2024-06-21,187.74,188.18,185.36,187.35,187.05,188.60,185.92,172.76,163.56,194.6094,0,182.3375,1,4116823,1880944,-0.1632,0.0967,-0.2598,0
2024-06-24,188.79,190.14,188.11,189.81,186.94,188.69,185.99,173.08,163.83,194.6094,0,182.4978,1,1946220,1880244,0.0247,0.0823,-0.0576,0
2024-06-25,189.06,190.94,188.72,189.04,186.80,188.56,186.28,173.39,164.10,194.6094,0,182.6549,1,1359255,1792154,0.1099,0.0878,0.0221,0
2024-06-26,188.44,188.91,187.33,188.43,187.09,188.47,186.56,173.69,164.37,194.6094,0,182.9865,1,1531780,1768776,0.1267,0.0956,0.0311,0
2024-06-27,188.43,190.74,187.92,190.09,187.82,188.52,186.91,173.99,164.65,194.6094,0,183.3048,1,1576132,1740809,0.2708,0.1306,0.1402,0.00
2024-06-28,190.89,193.36,190.21,193.03,188.64,188.66,187.33,174.32,164.93,194.6094,0,183.6104,1,3096115,1770255,0.6160,0.2277,0.3883,0.00
2024-07-01,193.59,197.64,193.42,196.08,189.75,188.79,187.79,174.66,165.22,185.6462,1,184.1954,1,2096782,1777544,1.1222,0.4066,0.7156,0.00
2024-07-02,195.93,199.33,195.43,199.31,191.07,189.12,188.23,175.02,165.52,187.3152,1,185.2713,1,1629480,1760331,1.7634,0.6779,1.0854,0.00
2024-07-03,199.99,200.78,198.18,199.17,192.19,189.58,188.60,175.39,165.82,189.6398,1,186.6776,1,1160504,1739864,2.2350,0.9894,1.2456,0.00
2024-07-05,198.64,199.01,196.27,196.53,192.88,189.99,188.87,175.73,166.10,189.6398,1,188.3704,1,1657386,1737872,2.3685,1.2652,1.1033,0.00
2024-07-08,196.77,198.56,195.75,196.90,193.84,190.44,189.12,176.08,166.39,189.6398,1,189.8601,1,1786415,1746704,2.4751,1.5072,0.9680,0.00
2024-07-09,197.34,201.30,197.17,199.26,194.78,190.86,189.41,176.42,166.69,189.6398,1,191.1710,1,1880899,1746413,2.7188,1.7495,0.9693,0.00
2024-07-10,197.83,199.58,197.29,199.42,195.82,191.31,189.71,176.77,167.00,189.6398,1,192.5894,1,1730662,1756206,2.8918,1.9780,0.9138,0.00
2024-07-11,197.90,199.71,197.10,199.09,196.89,191.99,190.00,177.10,167.32,189.6398,1,193.8091,1,2211023,1779600,2.9676,2.1759,0.7917,0.00
2024-07-12,195.77,199.09,193.95,196.68,197.55,192.68,190.27,177.42,167.61,189.6398,1,201.3021,0,3164970,1811631,2.8009,2.3009,0.5001,0.00
2024-07-15,198.84,203.08,198.38,201.58,198.40,193.52,190.64,177.78,167.94,189.7540,1,193.9509,1,2251673,1828096,3.0297,2.4467,0.5830,0.00
2024-07-16,201.53,205.12,199.69,205.01,199.29,194.52,191.08,178.16,168.29,190.8968,1,193.9509,1,2468806,1852550,3.4477,2.6469,0.8008,0.00
2024-07-17,205.18,208.79,204.67,208.13,200.18,195.62,191.61,178.55,168.64,195.1359,1,194.3978,1,2509728,1868747,3.9847,2.9144,1.0703,0.00
2024-07-18,206.94,207.90,200.80,201.51,200.41,196.30,191.98,178.89,168.96,195.1359,1,195.2612,1,2606923,1890506,3.8325,3.0980,0.7345,0.00
2024-07-19,202.68,203.79,200.50,201.32,200.89,196.89,192.34,179.23,169.30,195.1359,1,196.0727,1,1698358,1894987,3.6543,3.2093,0.4450,74.99
2024-07-22,201.97,203.61,201.25,201.80,201.38,197.61,192.64,179.56,169.64,195.1359,1,196.8356,1,1611418,1891108,3.5114,3.2697,0.2416,72.83
2024-07-23,202.51,202.95,200.91,201.85,201.64,198.21,192.91,179.87,169.98,195.1359,1,197.5527,1,1168867,1882975,3.3632,3.2884,0.0748,71.55
2024-07-24,201.10,203.48,199.68,200.18,201.71,198.77,193.12,180.17,170.30,195.1359,1,198.2268,1,1484952,1882740,3.0755,3.2458,-0.1703,72.76
2024-07-25,200.24,201.71,199.66,200.26,201.83,199.36,193.33,180.46,170.62,195.1359,1,198.8605,1,1336281,1881448,2.8212,3.1609,-0.3397,71.48
2024-07-26,200.80,204.56,200.21,203.68,202.53,200.04,193.56,180.76,170.96,195.1359,1,199.4561,1,1703820,1880880,2.8631,3.1013,-0.2382,72.99
2024-07-29,204.08,205.00,202.06,202.35,202.61,200.50,193.75,181.06,171.28,195.1359,1,199.6610,1,1377610,1874599,2.7569,3.0325,-0.2755,71.59
2024-07-30,204.63,207.09,204.37,206.51,202.76,201.03,194.01,181.38,171.63,195.1359,1,200.2080,1,1904582,1878279,2.9746,3.0209,-0.0463,74.76
2024-07-31,206.12,207.66,204.09,204.22,202.37,201.27,194.19,181.69,171.96,195.1359,1,200.7228,1,1930437,1878958,2.9282,3.0024,-0.0741,72.20
2024-08-01,204.60,205.21,198.06,199.57,202.17,201.29,194.45,181.97,172.26,195.1359,1,208.7875,0,2270632,1856414,2.4880,2.8995,-0.4115,72.78
2024-08-02,195.66,196.42,188.95,191.11,201.15,201.02,194.46,182.17,172.52,206.7748,0,208.5730,0,3592824,1870725,1.4395,2.6075,-1.1680,69.91
2024-08-05,186.23,188.26,183.20,187.04,199.68,200.53,194.42,182.35,172.76,200.7852,0,207.7881,0,2714372,1887630,0.2771,2.1414,-1.8643,72.12
2024-08-06,187.52,194.43,186.18,192.26,198.72,200.18,194.50,182.56,173.03,200.7852,0,206.3130,0,2124766,1898345,-0.2204,1.6691,-1.8894,75.30
2024-08-07,195.30,197.45,192.13,192.32,197.93,199.82,194.52,182.76,173.31,200.7852,0,204.9263,0,1844562,1905707,-0.6030,1.2146,-1.8177,76.31
2024-08-08,194.31,196.65,193.65,195.83,197.49,199.66,194.63,182.99,173.61,200.7852,0,203.6229,0,1583750,1909810,-0.6157,0.8486,-1.4643,75.11
2024-08-09,195.27,198.14,194.72,197.50,196.87,199.70,194.80,183.22,173.93,200.7852,0,202.3977,0,1140173,1908365,-0.4855,0.5818,-1.0672,76.15
2024-08-12,198.09,198.79,195.45,197.88,196.42,199.52,194.95,183.45,174.26,200.7852,0,201.2460,0,1430134,1909743,-0.3480,0.3958,-0.7438,76.74
2024-08-13,199.35,199.70,197.12,199.56,195.73,199.24,195.07,183.70,174.59,200.7852,0,200.1634,0,1328279,1877879,-0.1024,0.2962,-0.3986,76.23
2024-08-14,199.36,202.26,198.77,201.76,195.48,198.93,195.26,183.96,174.94,186.8978,1,183.2025,1,1471638,1881300,0.2673,0.2904,-0.0231,77.82
2024-08-15,204.41,205.27,202.59,203.02,195.83,199.00,195.51,184.23,175.31,190.6204,1,183.5837,1,1481062,1883643,0.6541,0.3631,0.2910,76.04
2024-08-16,203.15,205.46,203.06,205.34,197.25,199.20,195.86,184.52,175.69,191.5508,1,184.4510,1,1697039,1884635,1.1351,0.5175,0.6176,80.15
2024-08-19,205.37,206.84,205.20,206.76,199.22,199.45,196.23,184.83,176.07,194.0902,1,185.7114,1,1312263,1880791,1.6122,0.7365,0.8758,78.37
2024-08-20,206.33,207.29,205.06,205.87,200.58,199.65,196.53,185.14,176.45,194.7735,1,187.4016,1,1209893,1877138,1.8965,0.9685,0.9280,79.06
2024-08-21,205.78,206.33,204.26,205.95,201.95,199.94,196.84,185.46,176.81,194.7735,1,189.3905,1,1116414,1875230,2.1037,1.1955,0.9082,76.31
2024-08-22,205.93,208.06,205.70,207.90,203.15,200.32,197.29,185.79,177.17,196.3728,1,191.1805,1,1136679,1862064,2.3975,1.4359,0.9616,78.99
2024-08-23,208.83,210.35,207.77,209.51,204.35,200.61,197.82,186.11,177.54,198.8321,1,193.2058,1,1574888,1844717,2.7290,1.6945,1.0345,75.88
2024-08-26,210.18,210.82,209.26,210.33,205.60,201.01,198.33,186.43,177.91,200.3646,1,195.6063,1,1118907,1833833,3.0234,1.9603,1.0631,75.65
2024-08-27,210.66,211.53,210.35,211.30,206.77,201.25,198.86,186.77,178.29,201.8744,1,198.0408,1,1141677,1830025,3.2970,2.2276,1.0693,76.46
2024-08-28,210.41,213.25,210.35,212.37,207.83,201.66,199.39,187.11,178.67,202.7706,1,200.4692,1,1439801,1824796,3.5587,2.4939,1.0648,77.21
2024-08-29,213.19,213.99,210.11,213.25,208.86,202.34,199.89,187.44,179.05,202.7706,1,203.0254,1,1425722,1817760,3.7936,2.7538,1.0398,77.22
2024-08-30,213.53,216.39,212.98,215.74,209.90,203.57,200.41,187.79,179.44,205.3013,1,205.2181,1,1927458,1821617,4.1328,3.0296,1.1031,78.07
2024-09-03,213.34,215.06,210.40,211.42,210.36,204.79,200.90,188.10,179.79,205.3013,1,207.4521,1,1973029,1778741,4.0068,3.2250,0.7818,78.46
2024-09-04,212.13,213.12,208.45,210.49,210.82,205.70,201.31,188.39,180.14,205.3013,1,216.3882,0,1620739,1772231,3.7883,3.3377,0.4506,78.86
2024-09-05,211.27,211.90,207.32,208.85,211.11,206.53,201.71,188.68,180.47,205.3013,1,216.2295,0,1755817,1780162,3.4437,3.3589,0.0848,76.11
2024-09-06,208.83,209.92,202.58,203.89,210.71,206.93,202.02,188.94,180.77,216.1795,0,215.8731,0,1652301,1782573,2.7387,3.2349,-0.4961,73.63
2024-09-09,206.51,209.35,205.54,208.07,210.57,207.46,202.37,189.22,181.09,216.1795,0,215.0754,0,1937219,1789795,2.4882,3.0855,-0.5973,77.59
2024-09-10,209.79,209.82,192.52,197.27,209.26,207.43,202.46,189.43,181.35,216.1795,0,214.3256,0,5839322,1844659,1.4023,2.7489,-1.3466,67.90
2024-09-11,196.97,199.33,193.69,198.87,208.02,207.40,202.52,189.65,181.62,212.8688,0,212.5812,0,2830492,1859333,0.6634,2.3318,-1.6684,68.13
2024-09-12,199.28,200.36,196.63,198.27,206.61,207.22,202.49,189.86,181.89,212.8688,0,210.9764,0,1870639,1864156,0.0287,1.8712,-1.8425,65.12
2024-09-13,198.52,199.47,194.83,196.08,204.90,206.88,202.43,190.06,182.15,212.8019,0,209.5000,0,2089519,1882736,-0.6435,1.3682,-2.0117,58.31
2024-09-16,197.53,199.81,197.30,199.48,203.27,206.58,202.49,190.29,182.42,212.8019,0,208.1416,0,1794850,1885486,-0.8917,0.9162,-1.8080,61.17
2024-09-17,199.35,201.47,199.29,200.81,202.21,206.29,202.57,190.51,182.70,212.8019,0,206.8920,0,1584713,1881452,-0.9697,0.5391,-1.5087,61.19
2024-09-18,200.58,202.82,198.37,199.16,201.08,205.95,202.57,190.74,182.96,212.8019,0,205.7423,0,1714177,1878117,-1.1514,0.2010,-1.3523,59.91
2024-09-19,201.32,203.37,198.98,201.99,200.39,205.75,202.62,190.97,183.23,212.8019,0,204.6846,0,2448977,1892484,-1.0548,-0.0502,-1.0046,59.54
2024-09-20,201.47,202.90,201.05,202.58,200.26,205.49,202.69,191.19,183.50,212.8019,0,203.7115,0,4408615,1936435,-0.9204,-0.2242,-0.6961,60.31
2024-09-23,202.49,203.26,201.52,202.91,199.74,205.16,202.81,191.41,183.77,212.8019,0,203.3654,0,1527337,1903683,-0.7778,-0.3349,-0.4428,59.04
2024-09-24,202.64,204.36,201.89,203.06,200.32,204.79,202.84,191.62,184.05,212.8019,0,192.5210,1,1549516,1889640,-0.6457,-0.3971,-0.2486,58.18
2024-09-25,203.14,203.68,200.20,201.71,200.61,204.31,202.78,191.82,184.31,212.8019,0,192.7579,1,1886771,1877999,-0.6421,-0.4461,-0.1960,58.42
2024-09-26,202.62,203.16,200.58,201.32,200.91,203.76,202.64,192.01,184.57,212.8019,0,192.9900,1,1637857,1860561,-0.6633,-0.4895,-0.1738,53.85
2024-09-27,202.16,203.87,200.89,202.01,201.50,203.20,202.65,192.19,184.83,212.8019,0,193.2174,1,1480341,1838030,-0.6172,-0.5151,-0.1022,52.11
2024-09-30,197.99,202.45,196.98,202.36,201.79,202.53,202.67,192.38,185.09,211.4028,0,193.4404,1,1826849,1840600,-0.5465,-0.5213,-0.0252,51.53
2024-10-01,200.48,200.66,197.88,198.69,201.58,201.89,202.61,192.54,185.32,211.1279,0,193.6588,1,1768142,1843734,-0.7774,-0.5726,-0.2048,51.10
2024-10-02,198.73,200.52,197.40,198.93,201.56,201.32,202.55,192.70,185.54,210.5733,0,193.8729,1,1204541,1844448,-0.9302,-0.6441,-0.2861,52.42
2024-10-03,197.86,198.16,196.10,196.95,201.05,200.72,202.49,192.84,185.75,208.4331,0,194.0827,1,1488184,1844512,-1.1971,-0.7547,-0.4424,49.98
2024-10-04,202.09,204.38,199.78,203.95,201.19,200.72,202.56,193.03,185.99,208.4331,0,194.2883,1,2156915,1860925,-0.8349,-0.7707,-0.0641,58.10
2024-10-07,203.76,205.98,202.47,203.67,201.27,200.50,202.56,193.20,186.21,208.4331,0,194.6920,1,1417218,1855193,-0.5639,-0.7294,0.1655,62.21
2024-10-08,203.33,204.05,201.20,203.49,201.31,200.82,202.58,193.37,186.44,208.4331,0,195.3694,1,1269094,1853023,-0.3590,-0.6553,0.2963,63.14
2024-10-09,202.48,206.86,202.17,206.07,201.74,201.18,202.58,193.54,186.68,208.4331,0,196.0062,1,1499062,1844912,0.0112,-0.5220,0.5332,64.26
2024-10-10,207.41,207.41,204.19,205.51,202.16,201.54,202.60,193.72,186.92,208.4331,0,196.8746,1,1687204,1840047,0.2565,-0.3663,0.6228,65.00
2024-10-11,208.24,216.89,207.75,214.63,203.43,202.46,202.90,193.96,187.20,198.2596,1,197.9283,1,4072508,1876085,1.1736,-0.0583,1.2319,68.05
2024-10-14,215.51,216.00,211.34,213.85,204.57,203.18,203.36,194.20,187.47,199.6165,1,200.2042,1,2004150,1844312,1.8164,0.3166,1.4998,67.70
2024-10-15,215.96,217.69,214.18,214.73,206.18,203.88,203.91,194.43,187.74,202.1360,1,202.2069,1,2053950,1831103,2.3694,0.7272,1.6422,68.17
2024-10-16,214.67,215.98,213.43,215.94,207.88,204.72,204.38,194.66,188.02,202.1360,1,204.3739,1,1427382,1817155,2.8719,1.1561,1.7158,67.32
2024-10-17,216.55,218.07,215.62,216.69,209.85,205.45,204.87,194.91,188.29,204.2458,1,206.2375,1,1452042,1809305,3.2930,1.5835,1.7095,67.59
2024-10-18,217.25,218.14,215.42,217.61,211.22,206.20,205.31,195.16,188.57,204.6213,1,208.1309,1,1577703,1809184,3.6586,1.9985,1.6600,67.55
2024-10-21,217.46,217.93,215.22,215.32,212.38,206.82,205.66,195.38,188.83,204.8231,1,209.9324,1,1309010,1812561,3.7207,2.3430,1.3778,70.18
2024-10-22,215.34,217.52,213.49,216.40,213.68,207.49,206.03,195.59,189.10,204.8231,1,211.4096,1,2148594,1826930,3.8133,2.6370,1.1763,70.14
2024-10-23,215.96,217.06,214.87,215.72,214.64,208.19,206.36,195.79,189.36,204.8231,1,212.6209,1,1380786,1827980,3.7877,2.8672,0.9205,70.33
2024-10-24,214.19,217.31,214.03,217.23,215.81,208.99,206.67,195.98,189.64,204.8231,1,213.4851,1,1350375,1825555,3.8454,3.0628,0.7826,70.45
2024-10-25,217.25,217.85,213.27,214.65,215.81,209.62,206.90,196.17,189.90,204.8231,1,218.1391,0,1416048,1824255,3.6411,3.1785,0.4626,70.60
2024-10-28,215.66,217.87,215.27,217.73,216.20,210.39,207.15,196.39,190.18,205.3589,1,218.0417,0,1543097,1821176,3.6853,3.2798,0.4054,71.27
2024-10-29,217.45,218.94,215.14,215.22,216.25,211.21,207.32,196.58,190.45,205.8070,1,213.2727,1,1466682,1824264,3.4776,3.3194,0.1582,70.61
2024-10-30,214.88,218.52,213.95,216.68,216.33,212.10,207.53,196.77,190.74,205.8070,1,213.3860,1,1595757,1831981,3.3916,3.3338,0.0578,72.04
2024-10-31,216.96,217.92,214.18,214.28,216.08,212.97,207.70,196.93,191.02,205.8070,1,213.4971,1,1737611,1844405,3.0937,3.2858,-0.1921,70.92
2024-11-01,215.86,218.36,215.03,215.26,215.85,213.53,207.85,197.10,191.30,205.8070,1,213.6060,1,1543525,1852542,2.9037,3.2094,-0.3057,69.65
2024-11-04,214.98,216.05,211.62,212.21,215.54,213.96,207.90,197.26,191.55,205.8070,1,218.9405,0,1808701,1857219,2.4783,3.0632,-0.5848,67.30
2024-11-05,212.45,214.32,212.42,213.86,215.28,214.48,207.97,197.43,191.82,205.8070,1,218.7941,0,1240499,1859650,2.2485,2.9002,-0.6517,64.91
2024-11-06,226.91,239.46,226.68,238.55,217.57,216.10,208.52,197.78,192.21,215.3405,1,211.6216,1,5926426,1955345,4.0124,3.1227,0.8897,73.60
2024-11-07,236.08,236.15,227.12,228.24,218.67,217.24,208.83,198.04,192.54,215.3405,1,212.1783,1,3888711,2004324,4.5260,3.4033,1.1226,68.04
2024-11-08,231.10,231.10,227.66,228.82,220.09,217.95,209.14,198.31,192.86,215.3405,1,212.7239,1,2251808,2020845,4.9230,3.7073,1.2157,66.22
2024-11-11,231.73,233.76,230.77,231.05,221.42,218.81,209.45,198.59,193.20,215.3405,1,213.2586,1,2157702,2025450,5.3559,4.0370,1.3189,67.92
2024-11-12,232.27,233.14,230.54,231.31,223.03,219.64,209.85,198.89,193.54,215.3405,1,213.7826,1,1643621,2018862,5.6548,4.3605,1.2942,68.78
2024-11-13,232.29,235.68,232.03,232.85,224.64,220.48,210.30,199.20,193.87,217.1691,1,214.2961,1,2766732,2041782,5.9478,4.6780,1.2698,70.48
2024-11-14,234.07,235.88,232.75,233.54,226.57,221.33,210.79,199.59,194.21,218.3533,1,214.7994,1,2460350,2055873,6.1642,4.9752,1.1890,70.96
2024-11-15,233.14,237.93,233.14,236.86,228.73,222.29,211.45,200.01,194.57,219.7387,1,215.2926,1,2825677,2079340,6.5285,5.2859,1.2426,75.32
2024-11-18,239.23,239.39,234.32,236.59,231.17,223.35,212.02,200.43,194.92,221.1159,1,215.7759,1,2217865,2084953,6.7180,5.5723,1.1457,75.16
2024-11-19,233.91,236.71,233.23,234.72,233.25,224.27,212.77,200.85,195.27,221.1159,1,216.2495,1,1651237,2001191,6.6404,5.7859,0.8545,73.54
2024-11-20,235.98,236.19,230.42,232.49,232.65,225.11,213.44,201.25,195.60,221.1159,1,216.7137,1,2170704,1987995,6.3261,5.8940,0.4321,71.50
2024-11-21,234.85,237.04,233.77,236.33,233.46,226.06,214.20,201.64,195.95,221.1159,1,217.1686,1,2149849,1993580,6.3142,5.9780,0.3362,71.34
2024-11-22,235.22,240.57,234.66,239.99,234.57,227.33,215.08,202.04,196.32,222.1254,1,217.6144,1,1987729,1991544,6.5249,6.0874,0.4375,71.19
2024-11-25,240.99,245.55,240.48,241.67,235.64,228.53,215.92,202.43,196.70,227.4082,1,218.5326,1,2576836,2007184,6.7497,6.2199,0.5298,70.46
2024-11-26,241.86,242.36,239.79,241.36,236.64,229.83,216.74,202.81,197.07,227.4082,1,220.1537,1,1552839,2006546,6.8242,6.3407,0.4835,70.53
2024-11-27,240.76,242.54,240.20,241.19,237.47,231.06,217.58,203.19,197.45,227.4082,1,221.6776,1,1366926,1999601,6.7909,6.4308,0.3602,70.92
2024-11-29,241.25,243.10,240.86,241.12,238.23,232.40,218.36,203.56,197.82,228.6730,1,223.1100,1,1372161,1978065,6.6821,6.4810,0.2011,69.92
2024-12-02,240.96,241.63,236.59,237.77,238.32,233.53,219.06,203.92,198.15,228.6730,1,224.4565,1,2191551,1933724,6.2534,6.4355,-0.1821,67.25
2024-12-03,239.68,240.46,236.20,236.39,238.30,234.73,219.73,204.27,198.49,228.6730,1,225.7222,1,1629938,1935776,5.7361,6.2956,-0.5595,67.60
2024-12-04,236.27,236.90,233.89,235.02,238.33,235.79,220.37,204.62,198.81,228.6730,1,226.9119,1,1788089,1940547,5.1561,6.0677,-0.9116,65.36
2024-12-05,236.94,238.67,236.20,237.03,238.79,235.72,221.08,204.98,199.14,228.6730,1,228.0303,1,1613417,1935080,4.8031,5.8148,-1.0117,70.26
2024-12-06,237.24,239.21,236.41,238.84,239.04,236.25,221.83,205.36,199.46,228.6730,1,229.0815,1,1365353,1929630,4.6166,5.5752,-0.9585,70.57
2024-12-09,238.62,239.33,235.36,235.41,238.58,236.58,222.50,205.71,199.77,228.6730,1,230.0697,1,1725321,1934529,4.1445,5.2890,-1.1445,70.69
2024-12-10,235.49,239.42,233.88,234.50,237.86,236.75,223.14,206.05,200.07,228.6730,1,230.9986,1,2212042,1942233,3.6542,4.9621,-1.3079,72.08
2024-12-11,235.60,235.86,233.84,235.14,237.24,236.94,223.87,206.37,200.37,228.6730,1,231.8718,1,1920088,1945272,3.2800,4.6256,-1.3457,70.49
2024-12-12,234.63,235.69,232.74,233.21,236.44,236.96,224.55,206.67,200.67,228.6730,1,232.6926,1,1476666,1950715,2.7954,4.2596,-1.4642,70.08
2024-12-13,233.73,234.36,230.90,231.68,235.50,236.86,225.25,206.95,200.94,228.6730,1,245.5513,0,2493624,1970824,2.2614,3.8600,-1.5986,70.09
2024-12-16,232.32,232.38,229.34,231.33,234.85,236.59,225.79,207.23,201.22,228.6730,1,245.2584,0,2163887,1970963,1.7895,3.4459,-1.6564,69.32
2024-12-17,230.43,230.79,228.48,230.15,234.23,236.27,226.32,207.48,201.48,228.6730,1,244.6216,0,1926807,1981155,1.3054,3.0178,-1.7123,68.90
2024-12-18,230.77,230.84,221.62,222.44,232.97,235.65,226.70,207.68,201.70,238.9611,0,243.6531,0,2608341,2007940,0.2959,2.4734,-2.1775,69.28
2024-12-19,224.27,228.22,224.27,224.94,231.76,235.27,227.08,207.89,201.93,238.9611,0,241.8909,0,2746785,2032894,-0.2990,1.9189,-2.2179,71.02
2024-12-20,223.93,230.97,223.61,229.42,230.82,234.93,227.56,208.12,202.18,238.9611,0,240.2696,0,7685980,2152870,-0.4042,1.4543,-1.8585,72.45
2024-12-23,227.94,230.40,226.79,230.18,230.30,234.44,227.87,208.41,202.44,238.9611,0,238.7780,0,2052895,2112477,-0.4212,1.0792,-1.5004,73.18
2024-12-24,231.18,234.14,230.84,233.96,230.24,234.05,228.27,208.70,202.72,238.9611,0,237.4057,0,903598,2090466,-0.1278,0.8378,-0.9656,74.06
2024-12-26,233.11,234.88,232.50,234.77,230.21,233.72,228.67,209.00,202.99,238.9611,0,236.1433,0,1082411,2071036,0.1675,0.7037,-0.5363,74.10
2024-12-27,234.36,235.01,231.77,232.86,230.17,233.31,229.01,209.30,203.25,238.9611,0,221.6248,1,1381952,2070127,0.2452,0.6120,-0.3668,74.95
2024-12-30,230.55,232.55,228.94,231.08,230.11,232.80,229.30,209.56,203.51,238.9611,0,221.8924,1,1369820,2068483,0.1608,0.5218,-0.3610,74.41
2024-12-31,231.78,233.12,230.80,231.45,230.12,232.49,229.58,209.84,203.76,238.9611,0,222.1547,1,1167627,2060281,0.1228,0.4420,-0.3192,76.69
2025-01-02,232.62,234.90,231.20,231.73,230.28,232.26,229.90,210.12,204.01,238.9611,0,222.4118,1,2213016,2078361,0.1140,0.3764,-0.2624,76.11
2025-01-03,235.49,236.45,231.99,234.90,231.53,232.25,230.27,210.42,204.26,238.9611,0,222.6637,1,2308995,2081569,0.3585,0.3728,-0.0143,76.35
2025-01-06,236.52,238.45,233.49,233.76,232.41,232.09,230.64,210.69,204.50,238.9611,0,223.2150,1,2388702,2101727,0.4546,0.3892,0.0654,76.12
2025-01-07,235.01,238.04,233.80,236.01,233.07,231.95,231.01,210.98,204.74,238.9611,0,224.1293,1,2128564,2117291,0.7043,0.4522,0.2521,77.89
2025-01-08,235.60,237.06,233.42,235.97,233.65,231.97,231.44,211.28,204.98,238.9611,0,224.9887,1,2109226,2131155,0.8888,0.5395,0.3493,76.44
2025-01-10,235.93,236.63,231.71,232.80,233.53,231.89,231.74,211.58,205.22,238.9611,0,225.7966,1,2460299,2149499,0.7709,0.5858,0.1851,76.14
2025-01-13,232.61,237.34,231.96,237.02,233.76,231.98,232.17,211.91,205.48,238.9611,0,226.5560,1,2443394,2169033,1.0057,0.6698,0.3359,78.89
2025-01-14,235.51,240.42,235.06,240.18,234.49,232.33,232.64,212.24,205.74,224.5326,1,227.2698,1,3070459,2198527,1.4306,0.8219,0.6087,78.62
2025-01-15,243.02,246.20,236.50,244.92,235.87,232.99,233.26,212.60,206.01,226.5550,1,228.3221,1,4655479,2256885,2.1250,1.0826,1.0425,78.43
2025-01-16,246.52,249.47,244.90,246.78,237.41,233.77,233.89,213.01,206.30,232.4962,1,230.1098,1,3888373,2303781,2.7935,1.4248,1.3688,78.27
2025-01-17,246.65,252.94,244.71,251.53,239.39,234.83,234.67,213.47,206.61,233.1409,1,232.4329,1,4581456,2359237,3.6640,1.8726,1.7914,80.01
2025-01-21,252.41,256.47,251.86,255.28,241.42,236.48,235.50,213.94,206.95,238.5608,1,235.3044,1,3606694,2406560,4.6039,2.4189,2.1851,79.25
2025-01-22,255.16,255.62,252.58,255.10,243.56,237.98,235.83,214.40,207.29,239.1513,1,238.6904,1,2371316,2335458,5.2731,2.9897,2.2834,79.17
2025-01-23,256.89,259.00,256.04,258.12,245.77,239.42,236.43,214.88,207.64,242.8923,1,241.5346,1,2858883,2314862,5.9781,3.5874,2.3907,80.25
2025-01-24,255.92,259.23,255.26,257.04,247.88,240.76,237.00,215.34,207.98,242.8925,1,244.6783,1,2030343,2310432,6.3764,4.1452,2.2312,80.10
2025-01-27,256.39,258.14,254.54,258.02,250.40,241.97,237.53,215.80,208.33,242.8925,1,247.5892,1,1999804,2307274,6.6940,4.6550,2.0390,82.99
2025-01-28,258.02,259.46,257.03,259.27,252.62,243.19,238.09,216.28,208.69,244.9147,1,249.9179,1,1970264,2313807,6.9664,5.1173,1.8491,82.89
2025-01-29,259.34,262.71,257.79,258.73,254.48,244.48,238.61,216.74,209.05,246.7755,1,251.8255,1,2048641,2299445,7.0571,5.5052,1.5519,82.89
2025-01-30,260.72,261.76,258.77,260.33,256.02,245.95,239.15,217.21,209.48,247.2288,1,254.0019,1,2347951,2297198,7.1754,5.8393,1.3362,81.85
2025-01-31,261.30,262.84,259.10,259.43,257.28,247.35,239.60,217.69,209.91,248.1167,1,255.7430,1,1922903,2279142,7.1144,6.0943,1.0201,82.05
2025-02-03,254.12,260.27,253.99,258.95,258.03,248.71,240.05,218.15,210.34,248.1167,1,262.8432,0,2236241,2279510,6.9476,6.2650,0.6826,82.70
2025-02-04,261.89,261.89,258.97,260.05,258.50,249.96,240.55,218.59,210.78,248.1167,1,262.8432,0,1507430,2276633,6.8252,6.3770,0.4482,82.16
2025-02-05,260.99,262.67,260.43,262.46,259.24,251.40,241.15,219.04,211.23,249.0713,1,253.9918,1,1542641,2264072,6.8443,6.4705,0.3738,81.74
2025-02-06,264.43,268.82,263.20,268.74,260.30,253.04,241.80,219.50,211.68,252.8764,1,254.1653,1,2011512,2261305,7.2822,6.6328,0.6494,82.39
2025-02-07,269.10,270.35,266.62,267.68,261.37,254.62,242.35,219.96,212.12,255.5419,1,254.7516,1,1891409,2259379,7.4571,6.7977,0.6594,83.24
2025-02-10,268.02,268.05,261.65,263.06,261.87,256.13,242.78,220.40,212.52,255.5419,1,255.6872,1,2338371,2254610,7.1406,6.8663,0.2744,82.51
2025-02-11,262.30,268.08,261.72,266.89,262.63,257.63,243.29,220.87,212.93,255.5419,1,256.5667,1,1978938,2263132,7.1172,6.9164,0.2007,83.89
2025-02-12,266.01,268.31,265.20,267.34,263.49,258.99,243.81,221.32,213.34,255.5419,1,257.3934,1,1841080,2272615,7.0533,6.9438,0.1095,84.24
2025-02-13,267.39,268.81,265.75,268.18,264.28,260.15,244.36,221.78,213.76,255.5419,1,258.1706,1,2320729,2291586,6.9902,6.9531,0.0371,82.89
2025-02-14,269.20,271.01,268.31,268.44,265.18,261.23,244.97,222.24,214.18,256.9340,1,258.9011,1,1573410,2279223,6.8820,6.9389,-0.0569,82.24
2025-02-18,268.61,271.72,267.89,271.70,266.45,262.24,245.68,222.74,214.62,257.2066,1,259.8694,1,2217148,2290968,6.9789,6.9469,0.0321,82.01
2025-02-19,270.18,272.00,269.05,271.02,267.55,263.03,246.40,223.20,215.06,258.3026,1,261.0549,1,1956761,2294341,6.9212,6.9417,-0.0206,82.39
2025-02-20,270.47,270.53,257.91,258.94,267.20,263.22,246.83,223.56,215.44,258.3026,1,271.9954,0,3694299,2335959,5.8331,6.7200,-0.8869,79.67
2025-02-21,260.42,261.27,255.10,256.46,265.97,263.14,247.19,223.89,215.82,273.4769,0,271.9954,0,3391679,2376485,4.7160,6.3192,-1.6032,81.36
2025-02-24,257.67,259.14,250.99,253.64,264.57,262.97,247.55,224.23,216.17,271.2702,0,271.3196,0,2710828,2396195,3.5625,5.7679,-2.2054,81.32
2025-02-25,254.51,255.25,245.89,249.82,263.24,262.56,247.86,224.56,216.50,267.9657,0,270.1000,0,2473202,2401418,2.3131,5.0769,-2.7638,80.36
2025-02-26,249.59,253.23,249.36,251.17,261.67,262.15,248.18,224.89,216.82,267.9657,0,268.1630,0,1538144,2393780,1.4155,4.3446,-2.9291,80.86
2025-02-27,252.52,255.87,250.26,251.42,260.08,261.79,248.54,225.22,217.14,267.9657,0,266.3810,0,2125350,2406753,0.7162,3.6189,-2.9027,81.59
2025-02-28,253.05,257.01,250.29,256.85,258.95,261.61,249.05,225.59,217.48,267.9657,0,264.7415,0,2770118,2412283,0.5938,3.0139,-2.4201,81.75
2025-03-03,256.22,258.48,250.23,252.94,257.40,261.29,249.48,225.94,217.79,267.9657,0,263.2332,0,2360774,2416221,0.1791,2.4469,-2.2679,82.59
2025-03-04,247.76,249.65,238.71,242.88,254.51,260.48,249.73,226.21,218.04,264.5692,0,261.8456,0,3369766,2445080,-0.9508,1.7674,-2.7182,80.21
2025-03-05,243.85,245.60,240.53,244.12,251.82,259.69,250.17,226.48,218.30,262.9340,0,259.5316,0,1977378,2432461,-1.7260,1.0687,-2.7947,79.64
2025-03-06,240.80,242.02,236.67,239.28,249.86,258.53,250.45,226.70,218.53,259.4610,0,257.4490,0,2461258,2426750,-2.7001,0.3150,-3.0150,81.29
2025-03-07,238.01,239.45,232.37,235.14,247.73,256.85,250.57,226.91,218.73,256.1437,0,254.9552,0,4966425,2372359,-3.7623,-0.5005,-3.2618,78.15
2025-03-10,229.25,230.51,221.96,225.38,244.90,254.73,250.47,227.08,218.92,248.4029,0,251.7930,0,4385986,2419021,-5.3305,-1.4665,-3.8640,74.09
2025-03-11,224.92,226.45,220.01,222.39,242.16,252.70,250.24,227.29,219.08,245.1082,0,247.0204,0,4157287,2484095,-6.7369,-2.5206,-4.2163,73.55
2025-03-12,227.11,227.42,220.57,221.19,239.16,250.42,249.97,227.52,219.24,245.1082,0,242.1590,0,3658707,2535621,-7.8580,-3.5880,-4.2699,71.90
2025-03-13,222.55,222.74,217.63,218.56,235.87,247.98,249.68,227.69,219.40,241.2884,0,238.1728,0,3708406,2582150,-8.8566,-4.6418,-4.2148,71.73
2025-03-14,221.40,226.27,220.88,225.59,232.75,245.85,249.57,227.91,219.57,241.2884,0,234.0633,0,2780471,2610363,-8.9767,-5.5087,-3.4680,73.62
2025-03-17,224.37,228.73,223.67,227.04,230.16,243.78,249.48,228.12,219.75,241.2884,0,230.7757,0,2242453,2631859,-8.8532,-6.1776,-2.6755,72.62
2025-03-18,227.42,229.21,226.64,228.05,228.67,241.59,249.41,228.33,219.94,241.2884,0,217.6255,1,2430741,2636214,-8.5750,-6.6571,-1.9179,74.04
2025-03-19,228.80,235.19,227.97,232.07,227.47,239.65,249.35,228.55,220.15,241.2884,0,217.8572,1,2419937,2638433,-7.9388,-6.9134,-1.0253,73.74
2025-03-20,229.59,234.64,229.24,231.97,226.74,238.30,249.32,228.77,220.35,241.2884,0,218.5506,1,1990595,2630470,-7.3576,-7.0023,-0.3553,74.35
2025-03-21,230.81,235.16,229.53,234.51,226.67,237.20,249.29,228.99,220.56,241.2884,0,219.2163,1,4669959,2681298,-6.6156,-6.9249,0.3094,75.80
2025-03-24,238.25,241.37,237.21,240.75,228.21,236.56,249.38,229.24,220.81,241.2884,0,219.8553,1,2337395,2685862,-5.4610,-6.6321,1.1712,76.27
2025-03-25,241.97,244.40,240.33,243.73,230.35,236.25,249.60,229.50,221.09,223.8682,1,221.1459,1,2332420,2683304,-4.2565,-6.1570,1.9005,78.34
2025-03-26,245.16,247.17,242.42,243.64,232.59,235.88,249.74,229.74,221.36,226.7253,1,223.0065,1,3207988,2698596,-3.2720,-5.5800,2.3080,79.57
2025-03-27,242.18,243.26,239.90,240.81,234.82,235.35,249.75,229.97,221.61,226.7253,1,225.4227,1,1990543,2676998,-2.6887,-5.0017,2.3130,77.97
2025-03-28,239.67,242.16,234.01,235.70,235.83,234.29,249.56,230.17,221.84,226.7253,1,227.5973,1,2908955,2642067,-2.6091,-4.5232,1.9141,76.33
2025-03-31,232.36,238.62,230.37,238.07,236.93,233.54,249.39,230.37,222.10,226.7253,1,229.5545,1,3336816,2631036,-2.3273,-4.0840,1.7567,79.67
2025-04-01,235.47,238.45,233.79,236.48,237.77,233.22,249.09,230.55,222.37,226.7253,1,230.3687,1,1962608,2578659,-2.2070,-3.7086,1.5017,77.72
2025-04-02,234.48,239.97,234.35,238.58,238.43,232.95,248.75,230.74,222.64,226.7253,1,230.3687,1,1907268,2544671,-1.9203,-3.3509,1.4307,78.10
2025-04-03,227.37,228.21,220.61,221.95,237.42,232.08,248.09,230.81,222.83,246.1278,0,247.1689,0,3930838,2575861,-3.0001,-3.2808,0.2807,73.09
2025-04-04,210.26,212.59,204.03,205.34,234.51,230.59,247.04,230.77,222.92,233.2323,0,246.6376,0,5713455,2632952,-5.1369,-3.6520,-1.4849,68.27
2025-04-07,200.94,216.84,197.41,209.41,231.37,229.79,246.08,230.74,223.03,233.2323,0,244.9331,0,4913764,2690621,-6.4285,-4.2073,-2.2212,71.54
2025-04-08,218.27,222.49,208.24,211.78,228.18,229.26,245.16,230.71,223.14,233.2323,0,242.0820,0,4225864,2735142,-7.1779,-4.8014,-2.3764,75.59
2025-04-09,207.51,231.90,206.05,228.84,226.70,229.64,244.55,230.83,223.35,233.2323,0,239.4019,0,5629409,2808325,-6.3223,-5.1056,-1.2167,77.08
2025-04-10,224.60,224.94,214.93,221.78,224.79,229.81,243.81,230.91,223.51,233.2323,0,236.8826,0,4291561,2853183,-6.1431,-5.3131,-0.8300,75.55
2025-04-11,221.00,232.98,219.72,230.65,224.29,230.06,243.22,231.05,223.72,233.2323,0,234.5145,0,4791199,2902048,-5.2246,-5.2954,0.0708,78.48
2025-04-14,231.53,234.15,228.15,229.21,223.40,230.17,242.61,231.22,223.92,233.2323,0,197.4141,1,3055538,2924701,-4.5607,-5.1485,0.5877,75.00
2025-04-15,230.56,233.05,227.35,227.66,222.52,230.15,241.99,231.35,224.11,233.2323,0,198.1488,1,2544124,2930859,-4.1125,-4.9413,0.8288,74.39
2025-04-16,226.55,228.10,222.58,224.22,221.08,229.75,241.27,231.53,224.26,233.2323,0,198.8688,1,2140493,2943520,-3.9887,-4.7507,0.7621,72.06
2025-04-17,225.38,228.84,225.14,226.51,221.54,229.48,240.55,231.71,224.42,233.2323,0,199.5745,1,2217051,2957008,-3.6631,-4.5332,0.8701,72.45
2025-04-21,225.22,226.37,221.03,223.61,223.37,228.94,239.65,231.88,224.54,233.2323,0,200.2660,1,1995923,2956696,-3.5977,-4.3461,0.7484,72.95
2025-04-22,226.53,230.45,225.94,230.06,225.43,228.40,238.90,232.11,224.69,233.2323,0,200.9437,1,2521143,2969291,-2.9913,-4.0751,1.0839,73.98
2025-04-23,234.58,241.00,234.37,235.23,227.78,227.98,238.34,232.35,224.88,210.0960,1,201.6078,1,3402864,2990581,-2.0700,-3.6741,1.6041,76.16
2025-04-24,234.11,239.71,232.00,238.90,228.78,227.74,237.78,232.60,225.09,210.0960,1,203.1834,1,2215264,2995307,-1.0317,-3.1456,2.1139,77.22
2025-04-25,238.91,239.85,236.07,237.83,230.39,227.59,237.19,232.86,225.29,212.4063,1,204.6959,1,2091754,3000321,-0.2914,-2.5748,2.2834,75.97
2025-04-28,238.82,241.05,235.19,237.51,231.07,227.68,236.58,233.10,225.48,213.3557,1,206.1479,1,1798442,2989875,0.2663,-2.0066,2.2728,74.45
2025-04-29,236.50,239.49,236.02,238.88,232.04,227.72,235.99,233.34,225.68,214.4275,1,208.2417,1,1765374,2993714,0.8092,-1.4434,2.2526,73.87
2025-04-30,235.55,239.46,232.83,238.88,233.16,227.84,235.33,233.58,225.89,214.4275,1,210.2099,1,3178030,3012932,1.2253,-0.9097,2.1350,73.45
2025-05-01,237.14,242.62,236.48,241.09,234.85,227.97,234.73,233.83,226.09,217.0263,1,212.0601,1,2145375,3016704,1.7142,-0.3849,2.0991,75.02
2025-05-02,245.36,247.67,243.60,246.58,236.86,229.20,234.48,234.13,226.29,223.3910,1,214.5046,1,1809234,2979003,2.5156,0.1952,2.3203,75.74
2025-05-05,245.28,249.17,244.71,246.63,239.16,231.26,234.29,234.43,226.49,225.5802,1,217.8208,1,1376629,2938702,3.1186,0.7799,2.3387,73.99
2025-05-06,244.13,246.72,243.15,243.40,240.49,232.96,234.08,234.71,226.70,225.5802,1,221.5827,1,1587698,2916239,3.2977,1.2834,2.0142,72.39
2025-05-07,243.98,246.52,242.99,243.54,241.32,234.55,233.96,234.98,226.91,225.5802,1,224.8931,1,2175703,2910289,3.4113,1.7090,1.7023,73.99
2025-05-08,245.66,249.87,245.64,247.52,242.19,235.48,233.88,235.31,227.13,228.4667,1,227.8063,1,2108896,2921704,3.7793,2.1231,1.6562,75.32
2025-05-09,248.53,249.51,246.42,247.14,243.12,236.75,233.80,235.63,227.36,229.6723,1,230.8957,1,1287570,2904949,3.9941,2.4973,1.4968,73.42
2025-05-12,256.73,257.41,252.63,253.94,244.76,237.92,233.74,236.01,227.63,235.4749,1,233.5525,1,2497494,2899496,4.6599,2.9298,1.7301,74.38
2025-05-13,254.90,257.48,254.28,256.84,246.56,239.30,233.82,236.36,227.91,237.2282,1,237.3699,1,2258993,2897461,5.3590,3.4156,1.9433,75.64
2025-05-14,256.83,260.38,256.13,259.40,248.61,240.89,234.15,236.74,228.19,240.1967,1,240.9898,1,2295953,2875985,6.0505,3.9426,2.1079,76.67
2025-05-15,260.70,263.19,258.54,261.21,250.62,242.74,234.49,237.12,228.49,243.2203,1,244.8679,1,2464813,2885733,6.6675,4.4876,2.1799,76.41
2025-05-16,261.22,262.16,258.50,261.28,252.09,244.47,234.93,237.49,228.76,243.3446,1,248.5328,1,2390087,2884310,7.0803,5.0061,2.0742,75.61
2025-05-19,259.32,262.02,255.78,258.66,253.29,246.23,235.40,237.84,229.03,243.3446,1,251.4648,1,3216968,2849321,7.1143,5.4278,1.6865,75.42
2025-05-20,256.36,260.40,256.14,259.44,254.90,247.69,236.08,238.14,229.33,243.3446,1,253.8104,1,2241356,2806428,7.1222,5.7666,1.3555,75.53
2025-05-21,258.14,259.41,254.61,254.91,256.03,248.68,236.73,238.41,229.65,243.3446,1,263.1927,0,1948403,2762250,6.6857,5.9505,0.7353,75.88
2025-05-22,253.35,256.14,252.79,254.55,256.74,249.46,237.40,238.68,229.99,243.3446,1,263.0210,0,1698031,2723037,6.2388,6.0081,0.2307,77.10
2025-05-23,250.78,255.84,249.99,254.59,257.48,250.30,238.12,238.94,230.30,243.3446,1,262.6119,0,1739405,2683657,5.8206,5.9706,-0.1500,76.42
2025-05-27,255.89,259.07,255.84,259.06,257.99,251.38,238.79,239.22,230.63,243.3446,1,261.8546,0,1991426,2667876,5.7834,5.9332,-0.1497,74.80
2025-05-28,259.99,260.46,256.73,257.30,258.04,252.30,239.39,239.49,230.94,243.3446,1,261.1427,0,1458522,2652197,5.5482,5.8562,-0.3080,74.65
2025-05-29,258.58,259.18,256.37,258.16,257.92,253.26,240.00,239.77,231.24,243.3446,1,260.4735,0,1343317,2630449,5.3692,5.7588,-0.3896,75.79
2025-05-30,257.27,259.10,256.56,257.80,257.58,254.10,240.51,240.05,231.54,243.9126,1,260.4585,0,2898113,2640012,5.1390,5.6348,-0.4959,78.02
2025-06-02,256.85,258.81,255.75,258.45,257.29,254.69,241.04,240.33,231.84,243.9126,1,259.8304,0,1590924,2632019,4.9514,5.4981,-0.5467,79.12
2025-06-03,257.54,260.32,256.71,260.02,257.43,255.36,241.55,240.62,232.13,245.3315,1,249.9901,1,1863464,2575889,4.8735,5.3732,-0.4997,78.25
2025-06-04,259.68,260.85,257.98,258.02,257.29,256.09,241.90,240.91,232.40,246.6870,1,250.1967,1,1563046,2560402,4.5972,5.2180,-0.6208,78.18
2025-06-05,258.52,258.52,254.20,255.80,257.38,256.71,242.14,241.16,232.66,246.6870,1,250.6228,1,2141127,2556576,4.1515,5.0047,-0.8532,78.10
2025-06-06,258.12,260.39,258.06,259.49,257.87,257.30,242.45,241.45,232.92,246.6870,1,251.0319,1,2056245,2533541,4.0494,4.8136,-0.7642,78.67
2025-06-09,259.76,261.61,257.17,260.48,258.46,257.97,242.85,241.75,233.19,246.6870,1,251.4245,1,2209941,2537929,4.0020,4.6513,-0.6493,80.31
2025-06-10,259.64,262.59,259.61,262.29,258.78,258.39,243.38,242.07,233.47,248.5936,1,252.0357,1,2024734,2520245,4.0642,4.5339,-0.4697,81.26
2025-06-11,262.37,263.29,259.55,261.85,259.24,258.64,243.86,242.38,233.74,249.0443,1,252.8798,1,1993454,2493378,4.0315,4.4334,-0.4019,81.34
2025-06-12,260.60,261.99,258.92,261.94,259.61,258.77,244.36,242.71,234.01,249.0443,1,253.9209,1,1775212,2489630,3.9669,4.3401,-0.3732,81.53
2025-06-13,258.86,260.75,256.54,258.73,259.71,258.64,244.77,243.01,234.25,249.0443,1,254.8578,1,1880695,2489098,3.6149,4.1951,-0.5802,80.65
2025-06-16,260.73,265.35,260.59,264.01,260.26,258.78,245.61,243.18,234.51,249.7542,1,255.7011,1,2315904,2456800,3.7193,4.0999,-0.3806,81.00
2025-06-17,261.87,264.24,261.51,263.19,260.58,259.01,246.77,243.41,234.77,250.1655,1,256.5426,1,1816376,2378858,3.6933,4.0186,-0.3253,80.81
2025-06-18,263.66,271.20,263.39,267.53,261.53,259.41,247.93,243.67,235.04,253.4530,1,257.5996,1,2626290,2333109,3.9767,4.0102,-0.0335,81.27
2025-06-20,269.10,270.79,267.38,268.54,262.81,260.09,249.06,243.92,235.30,255.6066,1,259.5037,1,3841668,2325425,4.2344,4.0550,0.1794,81.72
2025-06-23,268.60,272.01,265.72,271.74,264.03,260.95,249.92,244.19,235.60,255.6066,1,261.1412,1,2252484,2257886,4.6428,4.1726,0.4702,81.99
2025-06-24,273.63,276.07,272.95,274.66,265.45,261.95,250.98,244.47,235.92,260.5936,1,262.8803,1,2606690,2224189,5.1428,4.3666,0.7762,81.27
2025-06-25,274.89,277.61,274.32,277.39,266.96,262.87,251.91,244.76,236.27,262.4481,1,265.2550,1,1939249,2167150,5.6940,4.6321,1.0619,82.91
2025-06-26,278.02,282.62,277.79,281.97,268.97,264.10,252.97,245.06,236.66,266.4751,1,267.7252,1,2582031,2157680,6.4264,4.9910,1.4354,83.02
2025-06-27,279.10,281.92,278.35,280.37,270.81,265.21,254.02,245.35,237.02,266.6927,1,270.7033,1,5130253,2209402,6.7991,5.3526,1.4465,82.15
2025-06-30,283.58,285.78,282.14,283.10,273.25,266.48,255.20,245.67,237.45,270.2371,1,273.0858,1,3678726,2240167,7.2318,5.7284,1.5034,83.14
2025-07-01,284.06,284.30,279.86,283.59,275.21,267.74,256.34,246.02,237.87,270.2371,1,275.6246,1,2711936,2250065,7.5274,6.0882,1.4392,83.06
2025-07-02,285.18,285.95,282.90,285.14,277.40,268.99,257.57,246.34,238.31,271.1970,1,277.6556,1,2382340,2257793,7.7970,6.4300,1.3670,82.79
2025-07-03,286.67,290.84,285.74,290.44,279.70,270.61,258.78,246.68,238.78,274.6796,1,279.3136,1,1936314,2246096,8.3421,6.8124,1.5297,82.98
2025-07-07,289.71,290.48,284.63,286.49,281.49,272.15,259.81,246.98,239.21,274.6796,1,281.6181,1,2576840,2229576,8.3586,7.1216,1.2370,81.20
2025-07-08,283.84,284.26,275.05,277.47,282.06,273.05,260.58,247.22,239.60,274.6796,1,290.8361,0,4366378,2272598,7.5570,7.2087,0.3483,75.31
2025-07-09,281.79,281.81,277.18,277.84,282.38,273.92,261.38,247.46,239.99,274.6796,1,290.5203,0,3192289,2294609,6.8725,7.1415,-0.2689,75.20
2025-07-10,277.69,282.90,277.69,282.78,282.92,274.94,262.28,247.74,240.39,274.6796,1,290.2109,0,2423937,2307119,6.6517,7.0435,-0.3918,76.68
2025-07-11,280.16,281.99,278.33,281.48,282.87,275.92,263.14,248.03,240.79,274.6796,1,289.9076,0,2118375,2314179,6.2988,6.8946,-0.5958,76.19
2025-07-14,281.68,283.87,279.91,283.28,283.16,276.99,264.02,248.34,241.19,274.6796,1,289.6104,0,2621367,2303045,6.0945,6.7346,-0.6401,77.12
2025-07-15,282.59,286.47,280.12,281.17,282.97,278.11,264.82,248.65,241.58,274.6796,1,289.3192,0,3589354,2331925,5.6967,6.5270,-0.8303,77.80
2025-07-16,282.99,285.27,277.70,280.45,282.66,278.93,265.50,248.94,241.97,274.6796,1,289.0337,0,2852427,2352789,5.2630,6.2742,-1.0112,76.43
2025-07-17,278.12,284.85,278.12,284.46,282.59,280.00,266.26,249.24,242.39,274.6796,1,288.7540,0,2466904,2374594,5.1826,6.0559,-0.8733,75.94
2025-07-18,284.09,287.01,282.82,285.80,282.12,280.91,267.11,249.58,242.81,274.6796,1,288.4799,0,3558445,2414009,5.1678,5.8783,-0.7105,76.55
2025-07-21,285.54,288.66,285.13,285.51,282.02,281.76,267.95,249.92,243.22,274.6796,1,275.0481,1,2298110,2416457,5.0738,5.7174,-0.6436,76.81
2025-07-22,286.03,288.12,283.75,285.96,282.87,282.47,268.72,250.26,243.66,274.6796,1,275.3203,1,1957681,2413433,4.9783,5.5695,-0.5912,75.83
2025-07-23,287.34,291.42,287.06,291.19,284.21,283.30,269.60,250.65,244.12,274.6796,1,275.5870,1,2102100,2429724,5.2640,5.5084,-0.2444,76.78
2025-07-24,291.84,293.97,290.64,290.98,285.03,283.97,270.34,251.04,244.59,277.3231,1,276.2202,1,2076206,2421298,5.4114,5.4890,-0.0776,77.69
2025-07-25,291.13,293.29,290.40,293.01,286.18,284.53,271.06,251.45,245.04,277.4994,1,277.2849,1,1767382,2411466,5.6272,5.5167,0.1106,78.33
2025-07-28,292.07,293.81,291.25,292.68,287.12,285.14,271.73,251.87,245.48,278.8478,1,278.2858,1,1742075,2400388,5.7056,5.5545,0.1511,78.45
2025-07-29,294.37,295.63,290.64,291.46,288.15,285.56,272.33,252.33,245.92,279.3259,1,279.2266,1,2268108,2396454,5.6049,5.5645,0.0404,78.10
2025-07-30,291.84,294.97,291.80,294.01,289.51,286.08,272.99,252.79,246.36,279.9014,1,280.5392,1,2415527,2396963,5.6649,5.5846,0.0803,79.70
2025-07-31,293.52,295.33,289.95,290.68,290.13,286.36,273.63,253.20,246.79,279.9014,1,281.7469,1,4369451,2420013,5.3820,5.5441,-0.1621,77.73
2025-08-01,284.95,286.32,278.90,283.94,289.94,286.03,274.12,253.56,247.13,279.9014,1,295.6343,0,3474494,2444675,4.5612,5.3475,-0.7863,76.40
2025-08-04,284.81,288.80,284.81,288.74,290.27,286.14,274.79,253.92,247.51,279.9014,1,295.3301,0,1956682,2444841,4.2490,5.1278,-0.8788,76.79
2025-08-05,289.16,290.24,281.85,285.90,290.26,286.57,275.42,254.26,247.87,279.9014,1,295.0016,0,2092707,2452734,3.7297,4.8482,-1.1185,76.07
2025-08-06,286.81,287.78,284.71,285.88,289.73,286.97,276.05,254.62,248.21,279.9014,1,294.6797,0,1844304,2454832,3.2788,4.5343,-1.2555,75.54
2025-08-07,287.44,287.95,281.03,281.55,288.79,286.91,276.50,254.95,248.54,279.9014,1,294.3642,0,2311904,2461242,2.5430,4.1360,-1.5931,73.26
2025-08-08,283.56,285.76,279.37,283.34,287.82,287.00,277.02,255.30,248.87,279.9014,1,294.0550,0,1915663,2470385,2.0800,3.7248,-1.6449,74.55
2025-08-11,283.97,285.85,283.36,284.12,286.96,287.04,277.54,255.65,249.21,279.9014,1,293.7519,0,1595505,2475429,1.7561,3.3311,-1.5750,72.96
2025-08-12,286.03,289.22,284.89,287.35,286.55,287.35,278.13,256.00,249.57,279.9014,1,293.4550,0,2509988,2467666,1.7399,3.0128,-1.2730,71.21
2025-08-13,288.43,289.02,281.77,285.08,285.66,287.58,278.66,256.34,249.91,279.9014,1,293.1640,0,2446379,2484775,1.5257,2.7154,-1.1897,67.69
2025-08-14,285.13,288.68,284.20,288.64,285.45,287.79,279.23,256.69,250.27,279.9014,1,292.8788,0,1859797,2484702,1.6247,2.4973,-0.8726,72.09
2025-08-15,289.31,289.95,284.38,285.04,285.56,287.75,279.77,257.02,250.62,279.9014,1,292.5993,0,2132342,2496088,1.3965,2.2771,-0.8806,70.83
2025-08-18,284.56,286.42,283.00,286.06,285.30,287.78,280.38,257.37,250.96,279.9014,1,292.3254,0,1570443,2484674,1.2832,2.0783,-0.7952,69.96
2025-08-19,285.37,286.99,284.10,285.20,285.23,287.74,280.89,257.69,251.31,279.9014,1,292.0570,0,1753116,2478612,1.1117,1.8850,-0.7733,70.61
2025-08-20,285.35,287.82,281.88,286.75,285.31,287.52,281.42,258.00,251.66,279.9014,1,291.7939,0,2155036,2477513,1.0883,1.7257,-0.6374,70.99
2025-08-21,286.46,287.27,284.04,286.00,285.76,287.27,281.89,258.28,252.02,279.9014,1,291.5361,0,1930697,2475633,0.9973,1.5800,-0.5827,69.96
2025-08-22,287.70,291.58,284.68,290.68,286.49,287.16,282.47,258.57,252.40,279.9014,1,278.9043,1,2533681,2486437,1.2880,1.5216,-0.2336,68.37
2025-08-25,290.68,291.77,288.62,289.36,287.02,286.99,283.02,258.82,252.79,279.9014,1,279.1579,1,1727023,2485473,1.3962,1.4965,-0.1003,69.24
2025-08-26,288.64,293.13,287.99,292.97,287.58,287.06,283.70,259.07,253.18,279.9014,1,279.6623,1,2004808,2487956,1.7524,1.5477,0.2047,70.46
2025-08-27,291.67,295.42,291.46,293.66,288.44,287.05,284.29,259.33,253.46,279.9014,1,280.4705,1,1812589,2477889,2.0670,1.6516,0.4154,72.28
2025-08-28,294.39,295.59,293.09,295.42,289.11,287.28,284.94,259.58,253.79,280.6031,1,281.6663,1,1930009,2480162,2.4301,1.8073,0.6228,72.43
2025-08-29,296.37,297.26,294.10,295.76,290.19,287.88,285.50,259.84,254.13,282.3731,1,283.0582,1,2048571,2468608,2.7142,1.9886,0.7256,74.78
2025-09-02,294.62,294.82,288.97,294.07,290.99,288.14,286.01,260.08,254.44,282.3731,1,284.7628,1,2164404,2435062,2.7713,2.1452,0.6261,76.33
2025-09-03,294.93,294.93,290.82,293.89,291.86,288.54,286.46,260.31,254.76,282.3731,1,286.2628,1,1891975,2427852,2.7695,2.2700,0.4995,76.78
2025-09-04,294.37,298.72,292.68,298.12,292.99,289.15,286.93,260.57,255.08,282.3731,1,287.5829,1,2006974,2415858,3.0740,2.4308,0.6431,77.69
2025-09-05,297.95,299.42,288.79,288.85,293.28,289.52,287.15,260.76,255.36,282.3731,1,298.7154,0,2896022,2434993,2.5385,2.4524,0.0862,72.99
2025-09-08,289.35,290.89,285.97,287.41,292.95,289.72,287.26,260.95,255.61,282.3731,1,299.4218,0,2398494,2431323,1.9750,2.3569,-0.3819,71.06
2025-09-09,287.11,293.39,286.82,292.26,293.24,290.13,287.50,261.17,255.89,282.3731,1,299.4218,0,2337586,2375469,1.8977,2.2651,-0.3673,74.36
2025-09-10,291.13,295.88,289.85,294.90,293.43,290.51,287.74,261.40,256.19,282.3731,1,298.8837,0,2340395,2348703,2.0261,2.2173,-0.1912,74.89
2025-09-11,295.59,299.99,295.14,299.82,294.05,291.24,288.06,261.65,256.53,282.3731,1,285.9692,1,2426910,2343002,2.4965,2.2731,0.2234,74.67
2025-09-12,299.27,301.78,298.00,301.15,294.62,291.87,288.38,261.87,256.85,284.0406,1,286.2496,1,2101321,2337382,2.9423,2.4070,0.5353,75.88
2025-09-15,301.40,304.13,301.40,303.10,295.36,292.77,288.63,262.10,257.17,287.6104,1,286.8707,1,2199986,2342655,3.4138,2.6083,0.8055,75.00
2025-09-16,304.18,305.06,301.36,303.39,296.29,293.64,288.97,262.37,257.48,288.4628,1,287.9064,1,3254410,2356207,3.7670,2.8401,0.9269,74.89
2025-09-17,304.56,307.04,302.97,305.90,297.49,294.67,289.54,262.63,257.80,290.5100,1,289.2790,1,2699069,2322860,4.2012,3.1123,1.0889,74.43
2025-09-18,305.94,307.56,303.80,307.35,298.41,295.70,290.13,262.90,258.13,291.5042,1,291.0547,1,2521721,2309449,4.6093,3.4117,1.1976,72.39
2025-09-19,307.71,309.87,303.32,308.87,300.41,296.85,290.65,263.17,258.47,291.8726,1,293.0349,1,7418924,2409349,4.9979,3.7289,1.2689,74.67
2025-09-22,303.98,307.81,303.75,306.58,302.33,297.64,291.15,263.43,258.81,291.8726,1,295.3921,1,2349611,2413974,5.0622,3.9956,1.0666,72.52
2025-09-23,305.97,310.37,304.75,306.87,303.79,298.52,291.63,263.66,259.16,292.5666,1,297.4193,1,2684685,2415240,5.0784,4.2121,0.8662,71.84
2025-09-24,308.15,310.64,305.82,307.54,305.06,299.25,292.15,263.90,259.53,293.2880,1,299.4917,1,2291257,2389278,5.0864,4.3870,0.6994,72.75
2025-09-25,308.22,309.72,305.95,307.57,305.83,299.94,292.70,264.23,259.88,293.2880,1,301.4979,1,2220229,2376634,5.0371,4.5170,0.5201,73.43
2025-09-26,308.99,311.84,307.81,310.13,306.73,300.68,293.21,264.59,260.24,295.4226,1,303.1430,1,2293995,2373176,5.1453,4.6427,0.5027,73.17
2025-09-29,311.11,312.04,307.77,309.76,307.39,301.38,293.69,264.96,260.61,295.6611,1,304.8833,1,2040115,2342809,5.1425,4.7426,0.3999,73.59
2025-09-30,310.31,311.45,304.29,309.51,308.01,302.15,294.17,265.36,260.98,295.6611,1,312.0404,0,3729423,2371436,5.0614,4.8064,0.2550,71.60
2025-10-01,308.08,308.68,301.64,304.88,307.90,302.70,294.55,265.72,261.33,295.6611,1,312.0404,0,2869469,2389671,4.5707,4.7593,-0.1886,68.80
2025-10-02,304.18,304.73,300.39,301.78,307.35,302.88,294.76,266.05,261.67,295.6611,1,311.6244,0,2337380,2394377,3.8868,4.5848,-0.6980,68.69
2025-10-03,302.72,305.81,302.42,304.21,306.88,303.65,295.02,266.37,262.04,295.6611,1,310.9505,0,1869450,2390242,3.5008,4.3680,-0.8672,69.07
2025-10-06,305.84,307.39,300.86,304.85,306.71,304.52,295.26,266.71,262.40,295.6611,1,310.3171,0,2230579,2399506,3.2096,4.1363,-0.9267,67.67
2025-10-07,305.02,305.67,300.43,303.38,306.36,305.08,295.47,267.12,262.77,295.6611,1,309.7217,0,2601273,2416690,2.8277,3.8746,-1.0469,68.61
2025-10-08,303.89,304.46,299.30,299.77,305.58,305.32,295.64,267.49,263.16,295.6611,1,309.1620,0,1973124,2410790,2.2084,3.5414,-1.3329,65.72
2025-10-09,300.78,303.73,299.14,301.25,304.95,305.39,295.79,267.90,263.54,295.6611,1,308.3730,0,2157133,2405622,1.8160,3.1963,-1.3803,67.08
2025-10-10,301.38,306.12,296.60,296.68,303.61,305.17,295.91,268.31,263.87,295.6611,1,307.4499,0,2586872,2369971,1.1229,2.7816,-1.6587,69.15
2025-10-13,301.32,305.13,301.17,303.66,303.00,305.20,296.30,268.83,264.24,295.6611,1,306.1477,0,3322596,2366933,1.1240,2.4501,-1.3261,69.96
2025-10-14,301.56,302.70,290.09,297.85,301.83,304.92,296.48,269.34,264.56,295.6611,1,306.1231,0,4887292,2425545,0.6487,2.0898,-1.4411,65.23
2025-10-15,302.10,307.75,301.16,301.41,301.48,304.69,296.79,269.87,264.89,295.6611,1,290.0907,1,3471049,2453112,0.5529,1.7824,-1.2295,65.20
2025-10-16,301.07,304.36,292.91,294.36,300.74,304.04,296.96,270.38,265.20,316.3402,0,290.0907,1,3149418,2479214,-0.0908,1.4078,-1.4986,64.82
2025-10-17,294.97,295.36,290.08,293.39,299.66,303.27,297.20,270.83,265.51,314.3365,0,307.7499,0,3021275,2493401,-0.6712,0.9920,-1.6632,63.39
2025-10-20,294.32,299.44,293.99,298.13,298.99,302.85,297.49,271.30,265.85,314.3365,0,307.3966,0,2084742,2496783,-0.7408,0.6454,-1.3862,63.69
2025-10-21,297.44,299.79,292.84,292.93,297.94,302.15,297.67,271.73,266.15,314.3365,0,307.0502,0,2190355,2508680,-1.2013,0.2761,-1.4774,59.81
2025-10-22,293.60,293.89,286.47,289.99,296.97,301.27,297.72,272.12,266.43,311.5090,0,306.7109,0,2368791,2505856,-1.7829,-0.1357,-1.6471,58.71
2025-10-23,290.26,292.22,288.41,290.42,295.88,300.42,297.83,272.51,266.71,310.6559,0,305.9013,0,1601944,2488967,-2.1843,-0.5454,-1.6389,57.92
2025-10-24,291.93,298.36,291.31,296.23,295.84,299.72,297.98,272.92,267.01,310.6559,0,305.1241,0,2171670,2495205,-2.0099,-0.8383,-1.1716,56.87
2025-10-27,297.93,300.27,296.80,299.89,295.46,299.23,298.28,273.32,267.33,310.6559,0,304.3781,0,1716075,2486879,-1.5586,-0.9824,-0.5762,58.90
2025-10-28,300.59,303.66,298.92,301.08,295.78,298.81,298.58,273.70,267.67,310.6559,0,303.6618,0,1934761,2494166,-1.0920,-1.0043,-0.0877,61.01
2025-10-29,299.26,303.93,298.77,301.23,295.77,298.63,298.90,274.08,268.00,310.6559,0,286.4721,1,2297527,2505054,-0.7022,-0.9439,0.2417,63.77
2025-10-30,301.51,308.23,300.83,305.11,296.84,298.79,299.27,274.51,268.32,310.6559,0,286.8213,1,2325318,2508460,-0.0797,-0.7711,0.6913,66.67
2025-10-31,304.22,308.49,302.95,306.76,298.18,298.92,299.68,274.98,268.63,310.6559,0,287.6778,1,2402251,2517891,0.5411,-0.5086,1.0497,66.14
2025-11-03,306.65,307.95,301.92,305.02,298.87,298.93,299.97,275.43,268.92,310.6559,0,288.9265,1,2403650,2515290,0.8820,-0.2305,1.1125,66.41
2025-11-04,302.42,307.85,300.83,304.92,300.07,299.00,300.28,275.89,269.19,310.6559,0,290.1003,1,2191098,2524572,1.1312,0.0418,1.0894,66.75
2025-11-05,305.28,308.72,301.35,307.32,301.80,299.38,300.57,276.35,269.45,310.6559,0,291.2036,1,2139745,2527270,1.5048,0.3344,1.1703,65.77
2025-11-06,306.64,310.43,305.92,309.03,303.66,299.77,300.87,276.93,269.72,310.6559,0,292.6046,1,2258536,2536189,1.9171,0.6510,1.2661,68.90
2025-11-07,307.52,310.03,303.33,309.81,305.02,300.43,301.16,277.62,269.98,310.6559,0,294.3874,1,2294456,2543478,2.2804,0.9769,1.3036,70.78
2025-11-10,310.59,315.09,309.81,312.45,306.27,300.87,301.50,278.31,270.25,293.8223,1,295.9918,1,1836092,2539229,2.7499,1.3315,1.4185,69.92
2025-11-11,313.05,314.58,310.87,311.20,307.29,301.53,301.84,278.97,270.52,294.8458,1,298.2831,1,1587632,2527693,2.9865,1.6625,1.3240,69.05
2025-11-12,311.83,317.74,311.78,315.92,308.75,302.26,302.28,279.55,270.80,296.7086,1,300.2994,1,3389393,2557642,3.5146,2.0329,1.4817,70.58
2025-11-13,314.76,316.14,304.77,305.15,308.76,302.80,302.42,280.11,271.03,296.7086,1,302.7408,1,2777057,2573043,3.0286,2.2320,0.7966,67.96
2025-11-14,303.20,303.33,297.01,299.36,308.02,303.10,302.63,280.57,271.23,296.7086,1,317.7381,0,3135380,2577830,2.1516,2.2160,-0.0643,64.80
2025-11-17,299.74,301.31,293.50,296.16,307.13,303.00,302.81,281.01,271.41,317.8682,0,317.3236,0,2506287,2579986,1.1852,2.0098,-0.8246,65.82
2025-11-18,295.31,298.71,292.86,295.22,306.16,303.11,302.86,281.46,271.59,315.9542,0,316.3708,0,2418424,2581603,0.3389,1.6756,-1.3367,65.44
2025-11-19,295.54,300.19,295.08,299.02,305.33,303.57,302.95,281.96,271.79,315.9542,0,314.9602,0,1682117,2568437,-0.0243,1.3356,-1.3599,68.16
2025-11-20,302.05,305.58,293.99,294.20,303.85,303.76,302.83,282.41,271.95,315.9542,0,313.6343,0,2238327,2564666,-0.6932,0.9299,-1.6231,68.08
2025-11-21,297.07,297.46,288.71,293.85,302.25,303.64,302.69,282.88,272.07,314.7823,0,312.3879,0,3506742,2592774,-1.2378,0.4963,-1.7341,64.72
2025-11-24,294.06,295.62,290.39,293.83,300.39,303.33,302.50,283.31,272.20,314.1042,0,310.4937,0,3260180,2613978,-1.6518,0.0667,-1.7185,63.56
2025-11-25,295.85,300.24,291.42,298.76,299.15,303.22,302.41,283.73,272.38,314.1042,0,308.7510,0,2689792,2602686,-1.5642,-0.2595,-1.3047,64.20
2025-11-26,300.73,304.21,298.95,303.33,297.89,303.32,302.36,284.16,272.56,314.1042,0,307.1478,0,2433709,2597378,-1.1127,-0.4301,-0.6826,65.44
2025-11-28,304.77,309.33,303.92,308.70,298.24,303.50,302.39,284.63,272.77,314.1042,0,288.7103,1,1353257,2574009,-0.3184,-0.4078,0.0894,67.52
2025-12-01,308.57,309.64,304.22,304.59,298.77,303.39,302.30,285.08,272.95,314.1042,0,289.1227,1,2387118,2473373,-0.0197,-0.3302,0.3105,66.81
2025-12-02,304.42,306.13,302.79,303.57,299.51,303.32,302.24,285.51,273.13,314.1042,0,289.9435,1,2231822,2471017,0.1328,-0.2376,0.3704,67.77
2025-12-03,302.90,307.99,302.50,307.76,300.76,303.46,302.26,285.97,273.31,314.1042,0,290.7315,1,2664123,2470606,0.5850,-0.0730,0.6581,68.29
2025-12-04,308.87,314.03,308.62,311.67,302.03,303.68,302.34,286.44,273.51,314.1042,0,291.4879,1,3043348,2485648,1.2449,0.1905,1.0544,67.95
2025-12-05,311.22,314.02,310.27,310.63,303.67,303.76,302.40,286.87,273.77,314.1042,0,292.8405,1,2053714,2482318,1.6644,0.4853,1.1791,67.39
2025-12-08,310.65,312.04,308.96,310.80,305.36,303.81,302.42,287.29,274.04,314.1042,0,294.1119,1,2337976,2483197,1.9874,0.7857,1.2017,67.50
2025-12-09,310.54,314.34,295.82,296.30,305.61,303.00,302.15,287.65,274.26,314.1042,0,295.3070,1,5423965,2550874,1.0616,0.8409,0.2207,57.89
2025-12-10,296.29,306.83,294.28,305.77,306.31,302.73,302.07,288.06,274.54,314.1042,0,314.3365,0,5853047,2593347,1.0793,0.8886,0.1907,58.99
2025-12-11,304.91,313.55,304.91,312.94,307.27,302.58,302.23,288.50,274.84,314.1042,0,314.3365,0,3085537,2597668,1.6527,1.0414,0.6112,60.64
2025-12-12,315.20,315.79,312.17,314.06,307.81,303.03,302.48,288.94,275.16,314.1042,0,294.2812,1,2861233,2608145,2.1727,1.2677,0.9050,61.96
2025-12-15,315.12,318.36,313.93,315.54,308.90,303.84,302.71,289.36,275.45,295.1206,1,294.7113,1,3476729,2640291,2.6734,1.5488,1.1246,63.92
2025-12-16,314.62,315.05,310.00,311.13,309.66,304.58,302.83,289.72,275.74,295.1206,1,295.6572,1,2628942,2648258,2.6836,1.7758,0.9078,61.07
2025-12-17,313.97,314.90,310.25,310.57,309.94,305.35,302.97,290.06,276.08,295.1206,1,296.5653,1,2746216,2651157,2.6161,1.9438,0.6723,61.71
2025-12-18,311.58,313.25,307.85,308.62,309.64,305.83,303.15,290.37,276.40,295.1206,1,297.4371,1,3582254,2683339,2.3778,2.0306,0.3472,60.43
2025-12-19,309.40,314.10,308.80,312.77,309.85,306.76,303.38,290.72,276.77,295.1206,1,298.2740,1,7769868,2795594,2.4951,2.1235,0.3715,61.68
2025-12-22,313.06,318.70,313.06,318.57,310.63,307.99,303.82,291.12,277.19,296.7890,1,299.0774,1,2699288,2797842,3.0210,2.3030,0.7180,63.52
2025-12-23,319.08,323.19,318.57,321.37,313.13,309.37,304.17,291.53,277.67,302.3054,1,300.2550,1,2173399,2774858,3.6220,2.5668,1.0552,66.12
2025-12-24,321.67,325.37,320.94,324.56,315.01,310.66,304.71,291.99,278.18,305.1122,1,302.0899,1,1411909,2705351,4.3065,2.9147,1.3917,66.08
2025-12-26,324.50,326.23,321.97,323.32,316.05,311.66,305.15,292.45,278.69,306.5804,1,304.4178,1,1363548,2663201,4.6945,3.2707,1.4238,64.43
2025-12-29,322.42,323.18,319.00,319.22,316.57,312.19,305.64,292.88,279.19,306.5804,1,307.0350,1,2795678,2656126,4.6179,3.5401,1.0777,64.99
2025-12-30,320.26,320.39,317.97,318.89,316.90,312.90,306.15,293.28,279.66,306.5804,1,309.3381,1,2556409,2646829,4.4792,3.7280,0.7513,65.56
2025-12-31,319.80,320.33,317.53,317.71,317.56,313.61,306.55,293.69,280.11,306.5804,1,311.3648,1,1626728,2637668,4.2252,3.8274,0.3978,65.07
2026-01-02,317.98,321.17,316.25,320.92,318.59,314.27,307.10,294.10,280.58,306.5804,1,313.1484,1,2621416,2646290,4.2344,3.9088,0.3256,65.46
2026-01-05,320.94,332.53,320.64,329.36,320.67,315.15,307.89,294.58,281.06,309.2841,1,314.7179,1,3591799,2670750,4.8667,4.1004,0.7663,66.06
2026-01-06,329.44,332.66,327.49,331.41,322.53,316.19,308.71,295.07,281.56,312.9565,1,316.2493,1,2563380,2689978,5.4701,4.3743,1.0958,67.00
2026-01-07,327.98,328.98,321.50,323.87,323.06,316.84,309.26,295.49,282.01,312.9565,1,318.8752,1,3209472,2710734,5.2785,4.5552,0.7233,63.25
2026-01-08,323.27,328.23,322.54,326.64,323.59,318.36,309.80,295.95,282.44,312.9565,1,321.0809,1,3870778,2753829,5.2894,4.7020,0.5874,61.67
2026-01-09,326.19,328.73,325.03,326.05,323.74,319.38,310.30,296.42,282.85,312.9565,1,321.4989,1,2218115,2759496,5.1903,4.7997,0.3907,60.63
2026-01-12,318.80,322.91,318.16,321.39,323.55,319.80,310.70,296.83,283.24,312.9565,1,332.6612,0,4155127,2796648,4.6822,4.7762,-0.0940,59.65
2026-01-13,321.20,323.74,307.60,307.93,322.42,319.49,310.76,297.15,283.57,336.8428,0,332.3712,0,6022506,2870591,3.1570,4.4523,-1.2954,52.03
2026-01-14,305.26,308.78,303.20,304.93,321.02,318.96,310.72,297.43,283.92,326.7197,0,331.3805,0,7989688,2982340,1.6866,3.8992,-2.2126,48.98
2026-01-15,305.52,309.95,304.81,306.31,319.88,318.72,310.75,297.73,284.26,326.7197,0,329.6894,0,4562018,3025507,0.6253,3.2444,-2.6192,48.97
2026-01-16,307.39,314.18,307.04,309.48,318.74,318.67,310.84,298.04,284.62,326.7197,0,328.0998,0,4578467,3073255,0.0402,2.6036,-2.5634,51.35
2026-01-20,303.28,308.18,298.98,299.85,315.79,318.23,310.69,298.32,284.93,325.2175,0,326.6055,0,3905528,3108571,-1.1874,1.8454,-3.0328,48.95
2026-01-21,300.53,302.48,298.27,299.15,312.56,317.55,310.49,298.55,285.32,321.1172,0,324.3952,0,3101981,3125439,-2.1910,1.0381,-3.2291,44.85
2026-01-22,301.95,305.26,300.01,300.73,310.25,316.65,310.31,298.80,285.79,321.1172,0,321.7829,0,3198985,3143530,-2.8267,0.2651,-3.0918,44.31
2026-01-23,299.11,299.48,293.68,294.88,307.07,315.33,309.96,298.99,286.22,317.1412,0,319.4319,0,3307044,3172949,-3.7595,-0.5398,-3.2197,40.14
2026-01-26,294.96,298.90,294.61,298.16,304.28,314.01,309.70,299.18,286.65,316.5449,0,316.3414,0,3538033,3211957,-4.1851,-1.2688,-2.9163,42.47
2026-01-27,298.45,299.09,295.30,297.44,301.89,312.72,309.33,299.35,287.00,316.1415,0,313.6217,0,3461793,3213405,-4.5286,-1.9208,-2.6078,41.83
2026-01-28,297.40,299.04,295.20,297.90,300.88,311.65,309.18,299.51,287.38,315.3223,0,311.2284,0,2874369,3215351,-4.7098,-2.4786,-2.2312,41.98
2026-01-29,299.51,303.90,299.33,303.49,300.74,310.88,309.27,299.68,287.74,315.3223,0,309.1222,0,3548344,3223611,-4.3516,-2.8532,-1.4984,42.92
2026-01-30,302.33,304.99,299.67,302.97,300.41,310.14,309.40,299.82,288.11,315.3223,0,307.2688,0,3656365,3246612,-4.0633,-3.0952,-0.9681,43.66
2026-02-02,301.55,306.35,298.49,305.20,299.98,309.36,309.60,299.99,288.50,315.3223,0,293.6773,1,3031913,3258882,-3.6133,-3.1988,-0.4145,43.17
2026-02-03,306.77,313.23,306.15,311.84,301.18,308.48,309.86,300.18,288.94,315.3223,0,293.9307,1,3994817,3305136,-2.6894,-3.0970,0.4075,45.63
2026-02-04,311.41,316.26,311.41,314.24,302.68,307.62,310.26,300.39,289.37,315.3223,0,294.7026,1,3124729,3322864,-1.7438,-2.8263,1.0826,45.97
2026-02-05,311.99,312.99,302.62,307.20,303.33,306.79,310.53,300.53,289.79,315.3223,0,295.9960,1,2911782,3310965,-1.5447,-2.5700,1.0253,44.62
2026-02-06,311.70,321.15,311.70,319.32,305.78,306.42,311.04,300.72,290.24,295.2062,1,297.2118,1,5737882,3360519,-0.4041,-2.1368,1.7327,48.07
2026-02-09,318.27,323.28,317.05,319.02,307.86,306.07,311.44,300.94,290.66,298.1278,1,299.1270,1,3696903,3380661,0.4705,-1.6154,2.0858,48.31
2026-02-10,319.47,323.01,312.11,315.24,309.64,305.76,311.68,301.19,291.04,298.1278,1,301.5425,1,3151672,3395020,0.8485,-1.1226,1.9711,46.48
2026-02-11,320.15,322.17,305.78,307.85,310.64,305.76,311.66,301.39,291.39,298.1278,1,303.7164,1,2705222,3422060,0.5455,-0.7890,1.3345,41.26
2026-02-12,309.30,310.62,297.15,299.75,310.26,305.50,311.57,301.51,291.70,298.1278,1,323.2817,0,4068511,3455687,-0.3443,-0.7000,0.3557,39.61
2026-02-13,295.67,301.38,293.69,299.66,309.93,305.17,311.49,301.63,292.00,298.1278,1,322.7592,0,2757592,3466203,-1.0447,-0.7690,-0.2757,39.01
2026-02-17,299.87,305.30,299.61,304.20,309.83,304.90,311.42,301.77,292.33,298.1278,1,321.5963,0,2732474,3467570,-1.2196,-0.8591,-0.3605,41.30
2026-02-18,305.51,309.30,304.28,305.83,309.23,305.20,311.30,301.93,292.65,298.1278,1,320.4799,0,2226180,3451226,-1.2124,-0.9298,-0.2827,42.69
2026-02-19,304.24,306.23,302.20,305.11,308.32,305.50,311.19,302.10,292.95,298.1278,1,319.4082,0,2075548,3451663,-1.2506,-0.9939,-0.2567,41.19
2026-02-20,305.45,308.03,302.76,307.82,308.38,305.86,311.13,302.25,293.25,298.1278,1,318.3794,0,2421893,3453341,-1.0498,-1.0051,-0.0447,42.60
2026-02-23,305.85,308.03,292.28,294.83,305.93,305.85,311.10,302.31,293.51,324.3086,0,317.3917,0,3856434,3421991,-1.9172,-1.1875,-0.7296,41.02
2026-02-24,293.98,296.89,288.60,294.46,303.47,305.67,310.87,302.37,293.77,317.8798,0,315.8850,0,4029634,3385523,-2.6041,-1.4708,-1.1333,40.91
2026-02-25,295.79,300.76,294.17,300.40,301.99,305.82,310.62,302.47,294.03,317.8798,0,313.7019,0,2455365,3372919,-2.6385,-1.7044,-0.9342,45.03
2026-02-26,301.67,306.06,300.74,303.21,301.53,306.08,310.41,302.55,294.31,317.8798,0,311.6935,0,2145298,3358600,-2.4119,-1.8459,-0.5660,44.73
2026-02-27,297.13,300.06,291.64,297.43,301.29,305.78,310.04,302.59,294.53,317.8798,0,309.8457,0,5591826,3400902,-2.6674,-2.0102,-0.6572,42.60
2026-03-02,291.99,297.11,290.41,294.72,300.80,305.37,309.72,302.60,294.72,317.8798,0,308.1458,0,2531908,3398962,-3.0537,-2.2189,-0.8348,42.11
2026-03-03,289.50,299.50,286.73,297.39,300.12,304.98,309.45,302.63,294.91,317.8798,0,306.5818,0,3086132,3405760,-3.1082,-2.3968,-0.7115,45.18
2026-03-04,297.12,298.12,292.99,296.53,299.19,304.21,309.21,302.67,295.08,317.8798,0,304.5970,0,2411796,3382351,-3.1843,-2.5543,-0.6300,42.19
2026-03-05,295.13,298.36,289.64,290.75,297.75,303.04,308.77,302.65,295.23,317.8798,0,302.8108,0,3737625,3301706,-3.6690,-2.7772,-0.8918,40.01
2026-03-06,283.60,287.22,281.00,286.71,295.64,302.01,308.13,302.62,295.37,309.5277,0,301.2031,0,3906967,3325860,-4.3285,-3.0875,-1.2410,40.05
2026-03-09,282.77,288.32,277.77,287.15,294.87,300.40,307.45,302.64,295.51,309.0857,0,298.7787,0,3548940,3353370,-4.7611,-3.4222,-1.3389,37.91
2026-03-10,286.53,289.95,284.44,285.97,294.03,298.75,306.68,302.62,295.66,309.0857,0,295.8376,0,2409423,3373321,-5.1398,-3.7657,-1.3741,40.80
2026-03-11,286.05,287.70,282.14,284.77,292.46,297.23,305.91,302.61,295.82,309.0857,0,293.3082,0,2934141,3404733,-5.4736,-4.1073,-1.3663,39.30
2026-03-12,280.13,281.17,276.43,280.19,290.16,295.84,305.12,302.58,295.94,303.1299,0,291.1330,0,3892708,3426673,-6.0385,-4.4935,-1.5450,38.55
2026-03-13,281.95,284.45,280.25,280.73,288.49,294.89,304.36,302.57,296.05,303.1299,0,288.7811,0,2576810,3427081,-6.3688,-4.8686,-1.5002,39.88
2026-03-16,283.60,286.51,281.89,283.43,287.36,294.08,303.68,302.57,296.18,303.1299,0,286.8055,0,2331918,3441185,-6.3401,-5.1629,-1.1772,39.38
2026-03-17,286.24,288.97,283.22,284.15,286.04,293.08,302.94,302.57,296.31,303.1299,0,276.4336,1,2570879,3440174,-6.1877,-5.3679,-0.8199,38.81
2026-03-18,284.09,286.65,282.40,284.99,284.88,292.04,302.05,302.56,296.45,303.1299,0,276.6844,1,2893801,3426214,-5.9307,-5.4804,-0.4502,41.99
2026-03-19,284.14,286.74,281.90,285.22,284.33,291.04,301.13,302.56,296.58,303.1299,0,276.9302,1,2835554,3431658,-5.6435,-5.5130,-0.1305,42.50
2026-03-20,285.33,287.93,282.54,283.82,284.04,289.84,300.33,302.53,296.70,303.1299,0,277.1710,1,6429403,3496056,-5.4656,-5.5035,0.0380,43.77
2026-03-23,291.50,292.92,285.22,287.14,284.04,289.46,299.54,302.54,296.85,303.1299,0,277.4070,1,3325500,3485151,-4.9992,-5.4027,0.4034,43.28
2026-03-24,283.44,292.66,282.64,289.61,284.40,289.22,298.81,302.56,297.02,303.1299,0,278.0277,1,3243388,3505656,-4.3802,-5.1982,0.8180,42.42
2026-03-25,291.34,294.80,289.65,292.60,285.19,288.83,298.23,302.61,297.18,303.1299,0,278.6236,1,3600638,3494567,-3.6066,-4.8799,1.2733,40.81
2026-03-26,289.78,292.17,287.95,288.87,286.06,288.11,297.85,302.63,297.32,303.1299,0,279.5940,1,2528459,3424686,-3.2565,-4.5552,1.2987,41.45
2026-03-27,286.38,287.34,279.06,280.14,286.00,287.24,297.36,302.59,297.41,303.1299,0,294.7965,0,2792564,3320743,-3.6420,-4.3726,0.7306,40.70
2026-03-30,282.02,284.51,279.63,281.06,285.76,286.56,296.85,302.52,297.51,302.6762,0,294.4817,0,3329871,3296100,-3.8290,-4.2638,0.4348,40.36
2026-03-31,285.71,292.25,282.23,291.35,286.48,286.26,296.49,302.54,297.66,302.6762,0,294.1733,0,3811402,3280759,-3.1110,-4.0333,0.9223,41.79
2026-04-01,292.57,295.87,290.11,292.56,287.24,286.06,296.34,302.53,297.83,302.6762,0,279.0583,1,3328106,3269210,-2.4166,-3.7099,1.2933,41.41
2026-04-02,289.12,292.80,285.96,291.79,287.89,286.11,296.20,302.52,297.96,302.6762,0,279.3945,1,1964776,3246466,-1.9066,-3.3493,1.4426,40.74
2026-04-06,292.74,295.50,291.89,294.13,288.92,286.48,296.06,302.51,298.12,302.6762,0,279.7239,1,2110281,3224692,-1.2987,-2.9392,1.6404,41.32
2026-04-07,291.83,296.84,291.39,296.07,289.82,286.93,296.09,302.51,298.26,302.6762,0,280.0467,1,2334322,3205238,-0.6528,-2.4819,1.8291,43.30
2026-04-08,306.59,309.86,303.96,306.59,291.51,287.96,296.26,302.60,298.45,284.8364,1,280.7186,1,3261464,3199706,0.7001,-1.8455,2.5456,43.68
2026-04-09,305.57,309.86,304.74,308.94,293.15,289.17,296.49,302.70,298.64,285.8942,1,282.4673,1,2044019,3171351,1.9395,-1.0885,3.0280,44.46
2026-04-10,308.61,308.96,305.34,308.48,295.11,290.58,296.70,302.77,298.81,286.8014,1,284.1111,1,1880818,3151480,2.8519,-0.3004,3.1523,46.37
2026-04-13,306.09,312.33,304.09,312.27,298.32,292.16,296.87,302.92,298.98,287.4238,1,285.6563,1,2609253,3132698,3.8369,0.5270,3.3098,48.80
2026-04-14,308.43,312.91,307.48,309.72,301.19,293.47,297.01,303.07,299.12,289.8609,1,287.7904,1,3564035,3130852,4.3615,1.2939,3.0676,47.38
2026-04-15,312.54,312.83,302.90,304.56,302.51,294.49,297.00,303.15,299.24,289.8609,1,290.3024,1,3024363,3130701,4.3107,1.8973,2.4134,44.43
2026-04-16,303.98,308.56,303.83,308.56,304.11,295.67,296.93,303.25,299.37,289.8609,1,292.5632,1,2544256,3101689,4.5410,2.4260,2.1150,45.88
2026-04-17,311.07,313.49,308.70,308.90,305.82,296.86,296.82,303.31,299.49,291.0988,1,294.5979,1,3438758,3107970,4.6967,2.8802,1.8165,43.98
2026-04-20,309.46,315.71,308.98,315.57,307.97,298.44,296.99,303.40,299.65,292.3048,1,296.8647,1,3414616,3118027,5.2972,3.3636,1.9336,48.05
2026-04-21,316.07,318.80,311.35,311.60,309.52,299.67,296.84,303.46,299.75,294.8044,1,299.5027,1,2217386,3047617,5.3905,3.7689,1.6215,46.75
2026-04-22,313.44,313.74,310.54,311.62,310.02,300.77,296.69,303.51,299.88,294.8044,1,302.5909,1,1735978,3008398,5.4037,4.0959,1.3078,48.28
2026-04-23,312.11,313.58,307.50,310.29,310.16,301.65,296.59,303.54,300.04,294.8044,1,305.1850,1,2172386,2988812,5.2469,4.3261,0.9208,46.50
2026-04-24,309.75,309.75,306.51,306.90,310.00,302.55,296.57,303.54,300.19,294.8044,1,318.8038,0,1607773,2966863,4.7934,4.4196,0.3739,44.86
2026-04-27,305.50,311.18,305.50,310.23,309.79,304.06,296.78,303.55,300.32,294.8044,1,318.5579,0,2469761,2934888,4.6495,4.4656,0.1840,45.64
2026-04-28,313.79,314.04,309.77,310.05,309.83,305.51,296.99,303.57,300.47,294.8044,1,318.0357,0,2304294,2925823,4.4695,4.4663,0.0032,44.97
2026-04-29,309.18,310.65,305.91,307.86,310.16,306.33,297.06,303.58,300.59,294.8044,1,317.5345,0,2483834,2920850,4.1029,4.3937,-0.2908,45.25
2026-04-30,305.69,312.69,305.20,311.83,310.48,307.30,297.18,303.61,300.74,294.8044,1,317.0532,0,2776909,2931864,4.0849,4.3319,-0.2470,44.09
2026-05-01,312.54,314.66,310.43,311.07,310.70,308.26,297.30,303.63,300.90,295.2306,1,316.3417,0,1917128,2928696,3.9639,4.2583,-0.2944,43.38
2026-05-04,309.23,309.26,305.14,306.27,309.77,308.87,297.27,303.60,301.01,295.2306,1,315.6730,0,2257597,2925410,3.4412,4.0949,-0.6537,43.37
2026-05-05,306.33,309.58,305.42,308.01,309.41,309.47,297.53,303.59,301.12,295.2306,1,314.8299,0,1954418,2887370,3.1314,3.9022,-0.7708,42.92
2026-05-06,310.05,314.84,309.95,313.49,309.60,309.81,297.91,303.62,301.26,295.2306,1,305.1354,1,2717429,2861126,3.2898,3.7797,-0.4899,42.73
2026-05-07,313.24,314.88,304.77,304.90,309.06,309.61,298.00,303.62,301.35,295.2306,1,314.8417,0,2560295,2863224,2.6910,3.5620,-0.8709,38.96
2026-05-08,306.87,307.60,299.15,300.75,308.45,309.22,297.95,303.61,301.40,295.2306,1,314.8815,0,2859165,2877501,1.8601,3.2216,-1.3615,37.66
2026-05-11,300.75,301.83,297.54,298.65,307.29,308.54,297.98,303.58,301.44,295.2306,1,314.8815,0,2853600,2822737,1.0211,2.7815,-1.7604,39.30
2026-05-12,298.67,304.69,294.22,303.51,306.63,308.23,298.15,303.57,301.49,295.2306,1,313.8410,0,2895811,2830015,0.7397,2.3731,-1.6334,44.83
2026-05-13,300.91,301.64,298.72,298.90,305.74,307.95,298.18,303.54,301.52,295.2306,1,312.2716,0,2314777,2814588,0.1431,1.9271,-1.7840,43.48
2026-05-14,300.89,302.39,297.47,298.57,304.41,307.45,298.23,303.53,301.56,295.2306,1,310.8279,0,2208627,2810525,-0.3530,1.4711,-1.8241,41.50
2026-05-15,298.86,299.44,295.12,296.47,302.95,306.83,298.34,303.50,301.57,295.2306,1,309.4996,0,2590739,2787587,-0.9044,0.9960,-1.9004,42.96
2026-05-18,296.66,299.91,295.89,299.38,302.26,306.02,298.59,303.52,301.61,295.2306,1,308.2776,0,2269399,2754835,-1.0942,0.5780,-1.6721,42.96
2026-05-19,299.74,300.44,293.94,294.37,300.90,305.16,298.74,303.45,301.66,315.0239,0,307.1534,0,2385382,2731564,-1.6299,0.1364,-1.7663,41.92
2026-05-20,295.37,301.57,292.35,300.63,299.61,304.61,299.03,303.47,301.72,315.0239,0,305.8316,0,2816568,2739707,-1.5323,-0.1973,-1.3349,44.83
2026-05-21,299.88,302.62,298.86,301.64,299.29,304.17,299.37,303.47,301.80,315.0239,0,304.2142,0,2385943,2728743,-1.3573,-0.4293,-0.9280,45.43
2026-05-22,303.31,306.07,302.48,305.01,299.71,304.08,299.86,303.54,301.90,315.0239,0,292.3530,1,1830284,2687495,-0.9364,-0.5307,-0.4057,45.15
2026-05-26,307.11,308.54,304.07,305.36,300.38,303.84,300.36,303.62,302.02,315.0239,0,292.6274,1,2369689,2683352,-0.5674,-0.5381,-0.0293,43.27
2026-05-27,303.63,304.53,294.42,297.94,299.83,303.23,300.65,303.62,302.09,315.0239,0,293.2639,1,3525279,2707220,-0.8642,-0.6033,-0.2609,40.51
2026-05-28,296.24,299.72,294.42,295.40,299.48,302.61,300.87,303.64,302.15,315.0239,0,293.8749,1,2895402,2713710,-1.2894,-0.7405,-0.5489,39.04
2026-05-29,295.07,298.54,293.88,297.97,299.42,301.91,301.13,303.69,302.20,314.2077,0,308.5400,0,4181061,2739455,-1.4029,-0.8730,-0.5299,38.94
2026-06-01,296.35,298.21,293.95,295.25,299.29,301.12,301.33,303.72,302.25,313.5563,0,308.2468,0,2351879,2729782,-1.6927,-1.0369,-0.6558,37.62
2026-06-02,295.17,300.72,293.95,299.61,299.32,300.79,301.65,303.75,302.31,313.5563,0,307.9594,0,2496824,2651130,-1.5526,-1.1401,-0.4126,40.45
2026-06-03,298.57,300.61,295.23,299.50,299.83,300.36,301.90,303.74,302.38,313.5563,0,307.6777,0,2107123,2626763,-1.4339,-1.1988,-0.2351,41.72
2026-06-04,304.37,311.51,303.07,309.50,300.72,300.17,302.29,303.80,302.50,313.5563,0,293.8761,1,3216219,2626219,-0.5273,-1.0645,0.5373,45.78
2026-06-05,312.88,313.59,308.21,310.97,301.65,300.47,302.66,303.87,302.62,313.5563,0,294.2287,1,2848440,2611175,0.3066,-0.7903,1.0969,47.01
2026-06-08,311.85,314.88,309.39,309.71,302.12,300.92,303.08,303.90,302.74,313.5563,0,295.0031,1,2123948,2603085,0.8564,-0.4610,1.3174,45.80
2026-06-09,312.10,315.00,307.62,311.30,302.71,301.55,303.70,303.93,302.87,313.5563,0,296.1958,1,3625632,2619746,1.4037,-0.0880,1.4917,44.44
2026-06-10,311.16,313.34,307.64,307.75,303.70,301.76,304.23,303.94,302.95,313.5563,0,297.7002,1,2301918,2599187,1.5337,0.2363,1.2974,42.34
2026-06-11,308.17,313.31,307.49,312.08,305.36,302.42,304.65,303.99,303.06,313.5563,0,299.0843,1,2857963,2580119,1.9636,0.5818,1.3818,42.07
2026-06-12,314.55,319.86,314.13,319.28,307.50,303.46,305.18,304.07,303.20,297.7319,1,300.3576,1,2381731,2561191,2.8522,1.0358,1.8163,45.56
2026-06-15,322.47,324.46,317.41,317.97,309.77,304.53,305.71,304.13,303.32,301.4812,1,302.3077,1,2551655,2572929,3.4110,1.5109,1.9001,42.96
2026-06-16,322.85,330.26,322.57,329.65,312.77,306.04,306.42,304.26,303.49,305.2184,1,304.9658,1,3673965,2604202,4.7423,2.1572,2.5851,48.94
2026-06-17,330.69,336.26,330.01,331.96,316.02,307.92,307.14,304.39,303.67,312.0777,1,308.5073,1,4083684,2639190,5.9155,2.9088,3.0067,51.54
2026-06-18,335.44,336.57,322.71,323.76,317.44,309.08,307.48,304.48,303.82,312.0777,1,312.9470,1,6540499,2704770,6.1129,3.5497,2.5633,45.67
2026-06-22,328.22,331.28,325.28,329.99,319.35,310.50,307.90,304.57,304.00,312.0777,1,317.1998,1,3375295,2731396,6.6951,4.1787,2.5163,48.16
2026-06-23,327.99,333.87,325.74,332.64,321.64,311.88,308.38,304.75,304.17,312.0777,1,320.6871,1,2533516,2744450,7.2861,4.8002,2.4859,51.06
2026-06-24,331.58,333.03,328.29,331.95,323.71,313.21,308.78,304.97,304.39,312.0777,1,323.5467,1,2636723,2744999,7.6114,5.3624,2.2489,50.32
2026-06-25,333.46,341.91,333.26,333.62,326.29,314.99,309.26,305.22,304.62,314.5372,1,325.7425,1,3365644,2741031,7.9120,5.8724,2.0397,50.61
2026-06-26,334.49,334.89,326.03,327.57,327.84,316.60,309.72,305.44,304.79,314.5372,1,341.9097,0,5804738,2796639,7.5754,6.2130,1.3624,45.14
2026-06-29,326.81,330.90,325.73,327.91,328.70,318.10,310.10,305.63,304.96,314.5372,1,341.9097,0,2629125,2798336,7.2524,6.4209,0.8315,44.39
2026-06-30,327.42,328.96,325.21,325.86,329.49,319.63,310.44,305.84,305.09,314.5372,1,341.2626,0,2644859,2782458,6.7530,6.4873,0.2657,43.65
2026-07-01,326.90,334.13,323.55,332.57,329.79,321.28,310.78,306.10,305.25,314.5372,1,340.2998,0,5081272,2815791,6.8201,6.5538,0.2662,46.60
2026-07-02,336.50,338.48,330.28,332.97,329.89,322.95,311.21,306.36,305.40,314.5372,1,338.9600,0,2814197,2827728,6.8267,6.6084,0.2183,45.64
2026-07-06,335.00,339.72,334.11,337.72,331.28,324.36,311.73,306.62,305.57,314.5372,1,323.5524,1,2929214,2851592,7.1329,6.7133,0.4196,46.71
2026-07-07,340.98,341.40,337.09,339.22,332.20,325.78,312.31,306.86,305.73,317.7363,1,323.8758,1,2413822,2856421,7.4113,6.8529,0.5584,48.65
2026-07-08,336.53,336.53,330.13,330.62,332.00,326.82,312.78,307.01,305.85,317.7363,1,324.5768,1,6118189,2946629,6.8588,6.8541,0.0048,47.09
2026-07-09,331.46,337.00,330.81,335.47,332.35,328.03,313.29,307.21,305.98,317.7363,1,325.2497,1,5223469,3001704,6.7348,6.8302,-0.0955,49.04
2026-07-10,337.47,338.59,335.77,336.47,332.64,329.47,313.82,307.43,306.13,317.7363,1,325.8957,1,2119425,2998006,6.6406,6.7923,-0.1517,49.96
2026-07-13,338.34,338.35,332.50,334.53,333.33,330.59,314.35,307.61,306.27,317.7363,1,326.5159,1,2381954,2995969,6.3363,6.7011,-0.3648,49.67
2026-07-14,327.00,344.73,325.75,342.89,334.83,331.77,314.97,307.82,306.45,317.7363,1,341.4000,0,4984901,3040128,6.6927,6.6994,-0.0068,55.27
2026-07-15,345.85,351.24,344.05,346.91,336.94,333.22,315.69,308.06,306.65,323.6149,1,325.7500,1,3729283,3076371,7.2162,6.8028,0.4135,57.27
2026-07-16,349.28,349.34,341.11,343.15,338.00,333.89,316.43,308.27,306.81,323.6149,1,325.7500,1,4266178,3116543,7.2443,6.8911,0.3532,55.47
2026-07-17,339.03,346.13,335.05,341.10,338.81,334.35,317.09,308.57,306.97,323.6149,1,326.2598,1,3155482,3140564,7.0202,6.9169,0.1033,52.96
2026-07-20,341.80,344.26,337.37,338.87,338.92,335.10,317.60,308.79,307.11,323.6149,1,326.7594,1,2617195,3138560,6.5867,6.8509,-0.2642,54.00
2026-07-21,340.12,345.74,337.30,345.23,339.52,335.86,318.40,309.01,307.32,323.6149,1,327.2490,1,2076662,3128887,6.6793,6.8166,-0.1372,55.22
2026-07-22,345.07,349.07,344.25,348.21,341.28,336.64,319.35,309.24,307.55,323.6149,1,327.7288,1,2799678,3127697,6.9135,6.8359,0.0776,57.41
2026-07-23,346.58,349.92,345.42,349.90,342.73,337.54,320.38,309.47,307.78,325.0514,1,328.1991,1,3818459,3146994,7.1531,6.8994,0.2537,58.78
2026-07-24,350.64,353.37,347.50,353.21,344.40,338.52,321.37,309.75,308.02,328.3173,1,328.6599,1,2656422,3142207,7.5232,7.0241,0.4991,58.77
2026-07-27,357.89,359.05,352.58,356.20,346.57,339.95,322.52,310.05,308.28,333.9680,1,329.6483,1,2808601,3152083,7.9661,7.2125,0.7535,59.51
2026-07-28,357.30,359.30,354.15,357.31,348.01,341.42,323.69,310.38,308.57,335.5177,1,331.4124,1,2334592,3154602,8.3108,7.4322,0.8786,58.75
2026-07-29,356.50,357.37,343.78,344.71,347.79,342.36,324.66,310.59,308.79,335.5177,1,333.6434,1,2849131,3159770,7.4810,7.4419,0.0391,53.24
2026-07-30,347.54,352.28,345.37,350.85,348.56,343.28,325.69,310.80,309.06,335.5177,1,335.6959,1,2668741,3167757,7.2354,7.4006,-0.1652,57.10
2026-07-31,353.30,354.47,349.70,351.79,349.63,344.22,326.83,311.01,309.30,335.5177,1,337.5842,1,2323010,3166510,7.0356,7.3276,-0.2921,58.30
2026-08-03,353.75,355.62,350.84,352.64,351.01,344.96,327.87,311.19,309.57,335.5177,1,339.3215,1,2269803,3155574,6.8666,7.2354,-0.3688,56.53
2026-08-04,355.00,363.00,353.87,357.52,352.23,345.88,328.99,311.42,309.85,336.0242,1,340.9198,1,3030768,3168471,7.0453,7.1974,-0.1521,56.49
2026-08-05,358.97,362.17,358.20,359.24,353.34,347.31,330.08,311.69,310.18,338.6202,1,343.1278,1,1893015,3169726,7.2422,7.2063,0.0358,59.74
2026-08-06,362.81,362.81,354.95,356.30,353.98,348.35,331.10,311.94,310.49,338.6202,1,345.1150,1,2073702,3163806,7.0794,7.1810,-0.1016,61.04
2026-08-07,355.76,358.85,353.33,357.52,354.41,349.40,332.29,312.20,310.79,338.6202,1,346.9035,1,1632508,3125950,6.9685,7.1385,-0.1700,61.45
2026-08-10,357.96,359.99,356.50,359.79,354.77,350.67,333.57,312.46,311.12,338.6202,1,348.5132,1,1916781,3106378,6.9833,7.1074,-0.1242,61.74
2026-08-11,360.05,363.12,358.60,362.04,355.24,351.62,334.86,312.68,311.48,341.3527,1,349.9619,1,1656876,3055894,7.0947,7.1049,-0.0101,62.81
2026-08-12,362.97,366.09,361.30,365.18,357.29,352.54,336.25,312.91,311.86,344.7014,1,351.5408,1,1594668,3040750,7.3517,7.1543,0.1975,62.85
2026-08-13,366.50,366.50,361.52,363.11,358.51,353.54,337.52,313.17,312.19,345.4218,1,353.5777,1,1852841,3027870,7.3041,7.1842,0.1199,61.19
2026-08-14,363.00,365.90,361.45,362.84,359.62,354.62,338.79,313.41,312.51,345.6106,1,355.6453,1,1835462,3022437,7.1621,7.1798,-0.0177,61.56
2026-08-17,361.94,365.75,360.96,360.96,360.45,355.73,339.82,313.64,312.81,345.6601,1,357.3820,1,1906807,2996249,6.8192,7.1077,-0.2885,62.74
2026-08-18,362.34,363.57,359.27,363.25,361.02,356.63,340.87,313.92,313.12,345.6601,1,358.8409,1,2006993,2979420,6.6555,7.0173,-0.3617,65.55
2026-08-19,363.01,363.05,355.65,357.26,360.82,357.08,341.82,314.25,313.38,345.6601,1,366.5000,0,2392284,2984787,5.9736,6.8085,-0.8349,60.45
2026-08-20,357.60,357.95,351.55,351.55,360.35,357.16,342.62,314.56,313.60,345.6601,1,366.2830,0,2390434,2960083,4.9158,6.4300,-1.5142,57.19
2026-08-21,354.07,356.86,350.37,351.58,359.76,357.08,343.50,314.86,313.83,345.6601,1,365.6937,0,2852052,2971085,4.0334,5.9507,-1.9173,58.38
2026-08-24,353.30,358.28,352.82,356.39,359.42,357.09,344.39,315.17,314.09,345.6601,1,364.7743,0,1566120,2945249,3.6798,5.4965,-1.8167,65.14
2026-08-25,357.00,357.37,353.07,356.69,358.88,357.06,345.13,315.55,314.34,345.6601,1,363.9100,0,1533054,2928275,3.3847,5.0741,-1.6894,64.26
2026-08-26,356.50,358.35,354.60,356.50,358.01,357.65,345.90,315.94,314.57,345.6601,1,363.0976,0,2066452,2918571,3.0998,4.6793,-1.5794,63.22
2026-08-27,354.68,357.57,352.23,354.22,357.12,357.82,346.40,316.29,314.80,345.6601,1,362.3339,0,1845451,2882001,2.6594,4.2753,-1.6159,63.05
2026-08-28,355.67,358.73,354.22,357.62,356.60,358.11,346.91,316.71,315.02,345.6601,1,361.6161,0,1399903,2828325,2.5553,3.9313,-1.3760,64.90
2026-08-31,355.90,357.77,354.77,356.02,356.11,358.28,347.55,317.10,315.25,345.6601,1,360.9413,0,2834952,2754214,2.3169,3.6084,-1.2915,66.08
2026-09-01,355.73,359.93,354.12,354.95,355.28,358.15,348.05,317.48,315.44,345.6601,1,360.3071,0,1802791,2722764,2.0184,3.2904,-1.2720,64.61
2026-09-02,357.55,361.47,353.79,356.22,355.17,358.00,348.52,317.87,315.70,345.6601,1,350.3700,1,1902714,2710148,1.8629,3.0049,-1.1420,60.90
2026-09-03,358.68,362.85,356.39,362.06,356.23,358.29,349.13,318.26,316.01,345.6601,1,350.5920,1,1960265,2696619,2.1856,2.8411,-0.6554,63.49
2026-09-04,361.00,362.86,355.20,358.64,356.93,358.34,349.63,318.63,316.32,345.6601,1,351.0823,1,1747832,2664263,2.1408,2.7010,-0.5602,60.89
2026-09-08,357.10,358.55,353.23,353.51,356.64,358.03,350.15,318.95,316.61,345.6601,1,351.7890,1,1990756,2587983,1.6720,2.4952,-0.8232,61.55
2026-09-09,352.00,356.33,348.69,354.71,356.45,357.66,350.68,319.24,316.89,345.6601,1,362.8600,0,2241129,2580223,1.3814,2.2725,-0.8910,63.98
2026-09-10,353.51,354.22,351.12,353.56,356.15,357.08,351.24,319.50,317.19,345.6601,1,362.5766,0,1479366,2556913,1.0463,2.0272,-0.9809,62.91
2026-09-11,358.32,360.05,354.79,356.23,356.35,356.74,351.71,319.83,317.50,345.6601,1,362.2989,0,1907469,2493437,0.9848,1.8187,-0.8340,62.62
2026-09-14,354.23,355.28,347.55,350.13,355.60,356.10,352.05,320.03,317.78,345.6601,1,362.0267,0,3364714,2504447,0.4387,1.5427,-1.1040,56.21
2026-09-15,351.00,354.70,343.07,352.49,355.25,355.68,352.35,320.26,318.05,345.6601,1,361.4476,0,4944201,2544747,0.1942,1.2730,-1.0788,57.30
2026-09-16,353.38,355.60,344.69,348.92,354.65,354.96,352.54,320.48,318.28,345.6601,1,360.3450,0,2897222,2554415,-0.2844,0.9615,-1.2459,58.16
2026-09-17,352.25,353.49,345.27,349.31,353.96,354.57,352.92,320.76,318.48,345.6601,1,359.3085,0,2263564,2477323,-0.6250,0.6442,-1.2692,57.08
2026-09-18,347.89,349.67,345.01,349.67,352.72,354.47,353.20,321.09,318.71,345.6601,1,358.3341,0,6403297,2500919,-0.8560,0.3442,-1.2002,58.30
2026-09-21,353.67,354.50,350.08,352.04,352.06,354.49,353.51,321.44,318.95,345.6601,1,357.4183,0,2258231,2503695,-0.8382,0.1077,-0.9459,59.86
2026-09-22,352.00,352.10,337.30,340.00,350.71,353.67,353.62,321.68,319.11,365.3915,0,356.5574,0,3905104,2534158,-1.7752,-0.2689,-1.5063,52.42
2026-09-23,337.61,341.44,336.98,337.53,348.99,352.72,353.51,321.89,319.24,360.9328,0,355.0168,0,2385831,2482177,-2.6860,-0.7523,-1.9337,55.05
2026-09-24,338.12,339.37,335.28,338.56,347.49,351.82,353.35,322.11,319.38,358.1025,0,353.2131,0,2347677,2454545,-3.2869,-1.2592,-2.0277,56.64
2026-09-25,340.77,343.31,338.64,343.06,346.17,351.26,353.34,322.35,319.54,358.1025,0,351.0612,0,3931570,2447853,-3.3613,-1.6796,-1.6816,58.77
2026-09-28,341.83,342.00,336.30,336.59,344.82,350.21,353.25,322.62,319.74,358.1025,0,349.1674,0,3528709,2455317,-3.8973,-2.1232,-1.7742,55.74
2026-09-29,337.00,338.75,333.33,334.98,343.07,349.16,353.18,322.90,319.89,355.7923,0,347.5009,0,2430246,2451578,-4.4013,-2.5788,-1.8225,55.32
2026-09-30,334.89,336.34,330.83,330.83,341.26,347.95,352.89,323.10,319.98,353.0150,0,345.5170,0,3014953,2470344,-5.0771,-3.0785,-1.9986,53.99
2026-10-01,327.12,331.92,324.25,331.53,339.48,346.72,352.55,323.29,320.07,347.8767,0,343.1671,0,2718749,2468725,-5.4932,-3.5614,-1.9318,53.84
2026-10-02,332.34,333.19,328.36,330.73,337.58,345.15,352.17,323.51,320.14,347.8767,0,339.7624,0,2213053,2436617,-5.8201,-4.0131,-1.8069,54.91
2026-10-05,331.66,332.09,328.95,330.73,335.45,343.76,351.72,323.75,320.24,347.8767,0,336.9706,0,1776937,2419028,-6.0098,-4.4125,-1.5974,54.60
2026-10-06,332.73,333.79,330.93,331.28,334.58,342.64,351.22,323.97,320.34,347.8767,0,334.6813,0,2082691,2404509,-6.0462,-4.7392,-1.3070,54.98
2026-10-07,327.20,329.87,325.07,329.58,333.79,341.39,350.67,324.20,320.45,344.9620,0,333.7900,0,2308049,2403979,-6.1413,-5.0196,-1.1217,56.97
2026-10-08,327.25,332.31,325.63,331.42,333.07,340.28,350.40,324.47,320.54,344.9620,0,333.7900,0,2671510,2400426,-5.9991,-5.2155,-0.7836,55.68
2026-10-09,331.20,333.54,330.58,332.99,332.07,339.12,350.05,324.77,320.61,344.9620,0,324.2523,1,1682265,2380697,-5.6941,-5.3113,-0.3829,57.15
