rsRating,symbol,longName,sector,industry,country,marketCap,currentPrice,averageVolume10days,averageVolume3months,averageDollarVolume,revenueGrowth,earningsGrowth,earningsQuarterlyGrowth,grossMargins,operatingMargins,profitMargins,returnOnEquity,returnOnAssets,totalCash,totalDebt,debtToEquity,currentRatio,quickRatio,operatingCashflow,freeCashflow,sharesOutstanding,floatShares,heldPercentInsiders,heldPercentInstitutions,sharesShort,shortRatio,shortPercentOfFloat,trailingPE,forwardPE,priceToSalesTrailing12Months,priceToBook,enterpriseToRevenue,enterpriseToEbitda,targetMeanPrice,targetHighPrice,targetLowPrice,recommendationMean,recommendationKey,numberOfAnalystOpinions,epsRevisionUpLast7Days,epsRevisionUpLast30Days,epsRevisionDownLast7Days,epsRevisionDownLast30Days,nextEarningsDate,beta,website,retrievedAt
66.42,MKSI,MKS Inc.,Technology,Scientific & Technical Instruments,United States,17884844032,264.5,1044440,1331126,352082827.0,0.283,1.62,1.823,0.46952,0.20593001,0.10099,0.15845999,0.050229996,611000000,4185999872,140.094,1.144,0.594,635000000,480375008,67617558,67221995,0.00483,1.0695701,6074579,4.62,0.1021,42.050873,14.986056,4.114296,5.9840274,4.873,20.039,410.85715,600.0,270.0,,none,14,1,1,0,0,2026-11-04,2.025,https://www.mks.com,2026-10-10T21:35:35.447818+01:00
Date,Open,High,Low,Close,Ma10:Top:Line,Ma20:Top:Line,Ma50:Top:Line,Ma150:Top:Line,Ma200:Top:Line,Supertrend:Top:ColorLine,Supertrend_Dir,ParabolicSAR:Top:ColorLine,ParabolicSAR_Dir,Volume:Middle:Histogram,Vo50:Middle:Line,Macd:Bottom:Line,MacdSignal:Bottom:Line,MacdDelta:Bottom:Histogram
2023-08-03,100.20,100.52,96.69,99.06,,,,,,,0,96.6867,1,96847,,,,
2023-08-04,99.29,99.56,96.99,97.97,,,,,,,0,96.6867,1,97652,,,,
2023-08-07,98.30,99.77,98.05,98.34,,,,,,,0,96.6867,1,74325,,,,
2023-08-08,96.77,97.14,95.64,96.78,,,,,,,0,100.5159,0,54841,,,,
2023-08-09,96.52,97.02,94.57,94.67,,,,,,,0,100.4184,0,59955,,,,
2023-08-10,96.03,97.18,94.08,94.32,,,,,,,0,100.1843,0,76591,,,,
2023-08-11,93.25,93.57,91.63,91.91,,,,,,,0,99.8180,0,43394,,,,
2023-08-14,91.37,93.74,90.96,93.70,,,,,,,0,99.1627,0,63557,,,,
2023-08-15,92.78,93.63,91.74,91.99,,,,,,,0,98.3427,0,53234,,,,
2023-08-16,91.60,91.79,89.55,89.71,94.85,,,,,98.5671,0,97.6046,0,46297,,,,
2023-08-17,89.82,90.19,88.20,88.21,93.76,,,,,96.9001,0,96.6376,0,40716,,,,
2023-08-18,87.25,90.09,86.39,89.76,92.94,,,,,96.2878,0,95.4561,0,44907,,,,
2023-08-21,89.76,93.33,89.76,92.89,92.39,,,,,96.2878,0,94.0057,0,48030,,,,
2023-08-22,93.93,93.93,91.39,92.40,91.96,,,,,96.2878,0,86.3909,1,34488,,,,
2023-08-23,92.12,95.26,91.76,94.94,91.98,,,,,96.2878,0,86.5417,1,46369,,,,
2023-08-24,95.79,96.24,91.25,91.42,91.69,,,,,96.2878,0,86.8905,1,56154,,,,
2023-08-25,91.82,93.56,90.57,92.72,91.77,,,,,96.2878,0,87.4513,1,41715,,,,
2023-08-28,93.66,94.50,92.71,93.61,91.76,,,,,96.2878,0,87.9785,1,24521,,,,
2023-08-29,93.04,96.56,93.04,95.76,92.14,,,,,96.2878,0,88.4740,1,40431,,,,
2023-08-30,95.16,97.54,94.56,96.57,92.83,93.84,,,,87.1401,1,89.1210,1,27015,,,,
2023-08-31,96.57,98.50,95.84,98.14,93.82,93.79,,,,88.3486,1,89.9630,1,55999,,,,
2023-09-01,98.82,99.50,98.21,98.71,94.71,93.83,,,,90.5065,1,90.9876,1,25455,,,,
2023-09-05,98.35,98.90,97.08,97.82,95.21,93.80,,,,90.5065,1,92.1792,1,32817,,,,
2023-09-06,97.66,98.56,94.42,95.86,95.55,93.75,,,,90.5065,1,93.2041,1,33844,,,,
2023-09-07,94.09,94.09,90.94,91.40,95.20,93.59,,,,90.5065,1,99.4994,0,68398,,,,
2023-09-08,91.19,91.81,89.51,90.57,95.11,93.40,,,,90.5065,1,99.3283,0,42846,,,,
2023-09-11,91.91,91.91,87.96,89.90,94.83,93.30,,,,99.1286,0,98.9356,0,35507,,,,
2023-09-12,89.31,90.81,88.87,89.04,94.38,93.07,,,,98.7006,0,98.2768,0,40014,,,,
2023-09-13,88.87,89.86,87.94,88.29,93.63,92.89,,,,97.4533,0,97.6575,0,41659,,,,
2023-09-14,89.52,90.08,87.15,87.98,92.77,92.80,,,,97.1923,0,96.8798,0,64737,,,,
2023-09-15,87.16,87.23,85.75,86.69,91.63,92.72,,,,94.8768,0,95.9071,0,129118,,,,
2023-09-18,86.09,87.57,85.75,86.57,90.41,92.56,,,,94.7560,0,94.6885,0,38852,,,,
2023-09-19,86.00,86.21,85.11,85.26,89.16,92.18,,,,93.3837,0,93.6162,0,43914,,,,
2023-09-20,85.55,87.15,85.05,85.49,88.12,91.84,,,,93.3837,0,92.4248,0,56481,,-2.1272,-1.0863,-1.0409
2023-09-21,84.22,85.25,83.02,83.11,87.29,91.25,,,,91.7021,0,91.2444,0,46752,,-2.4257,-1.3541,-1.0715
2023-09-22,84.09,84.58,82.58,82.73,86.51,90.81,,,,90.9867,0,89.7641,0,36001,,-2.6624,-1.6158,-1.0466
2023-09-25,82.00,83.50,82.00,83.28,85.84,90.34,,,,89.8680,0,88.3273,0,29870,,-2.7737,-1.8474,-0.9263
2023-09-26,82.49,82.99,81.18,81.43,85.08,89.73,,,,89.1191,0,87.0623,0,37260,,-2.9762,-2.0731,-0.9030
2023-09-27,82.23,82.93,81.10,81.77,84.43,89.03,,,,88.8965,0,85.8858,0,44619,,-3.0743,-2.2734,-0.8010
2023-09-28,81.03,84.02,81.03,83.03,83.94,88.35,,,,88.8965,0,84.9290,0,38355,,-3.0154,-2.4218,-0.5937
2023-09-29,84.29,85.47,84.24,84.73,83.74,87.68,,,,88.8965,0,81.0330,1,35828,,-2.7990,-2.4972,-0.3018
2023-10-02,85.33,87.12,84.92,85.66,83.65,87.03,,,,88.8965,0,81.0330,1,41733,,-2.5234,-2.5025,-0.0209
2023-10-03,84.81,85.66,82.31,82.82,83.41,86.28,,,,88.8965,0,81.2766,1,40865,,-2.5052,-2.5030,-0.0022
2023-10-04,83.58,84.61,82.45,84.24,83.28,85.70,,,,88.8965,0,81.5104,1,34554,,-2.3491,-2.4722,0.1231
2023-10-05,84.42,84.70,81.22,81.61,83.13,85.21,,,,88.8965,0,87.1232,0,40141,,-2.4102,-2.4598,0.0497
2023-10-06,80.90,82.74,80.01,81.61,83.02,84.76,,,,88.8965,0,87.0051,0,48693,,-2.4305,-2.4540,0.0234
2023-10-09,80.46,81.05,79.10,80.99,82.79,84.32,,,,87.7462,0,86.7255,0,38200,,-2.4680,-2.4568,-0.0112
2023-10-10,81.43,83.19,81.09,81.98,82.85,83.96,,,,87.7462,0,86.2682,0,29389,,-2.3903,-2.4435,0.0531
2023-10-11,82.27,82.75,81.05,82.24,82.89,83.66,,,,87.7462,0,85.8384,0,27246,,-2.2820,-2.4112,0.1292
2023-10-12,82.49,82.99,79.42,80.16,82.61,83.27,89.40,,,87.7462,0,85.4343,0,57415,48152,-2.3366,-2.3963,0.0596
2023-10-13,80.72,80.72,77.26,77.74,81.91,82.82,88.97,,,86.9155,0,85.0545,0,50483,47225,-2.5457,-2.4262,-0.1196
2023-10-16,77.81,79.28,77.35,78.86,81.23,82.44,88.59,,,86.0262,0,84.4312,0,56684,46405,-2.5915,-2.4592,-0.1323
2023-10-17,77.39,79.84,75.75,78.91,80.84,82.12,88.20,,,85.9592,0,83.8578,0,60136,46122,-2.5940,-2.4862,-0.1078
2023-10-18,77.30,78.05,76.00,77.51,80.16,81.72,87.81,,,85.2462,0,83.0466,0,45042,45926,-2.6780,-2.5245,-0.1535
2023-10-19,78.56,78.56,72.87,73.20,79.32,81.23,87.38,,,84.8185,0,82.3165,0,79627,46319,-3.0570,-2.6310,-0.4260
2023-10-20,73.20,73.70,72.32,72.49,78.41,80.71,86.95,,,81.6196,0,81.1825,0,42262,45632,-3.3753,-2.7799,-0.5954
2023-10-23,71.78,72.50,70.50,71.58,77.47,80.13,86.54,,,79.8529,0,79.9416,0,56587,45896,-3.6589,-2.9557,-0.7032
2023-10-24,72.20,72.43,70.11,71.19,76.39,79.62,86.09,,,79.4788,0,78.4306,0,47189,45569,-3.8706,-3.1387,-0.7320
2023-10-25,70.14,70.53,66.84,67.70,74.93,78.91,85.61,,,77.3798,0,76.9321,0,71643,45937,-4.2713,-3.3652,-0.9061
2023-10-26,68.06,68.73,66.52,66.60,73.58,78.09,85.14,,,76.1134,0,74.9128,0,62640,46264,-4.6239,-3.6170,-1.0070
2023-10-27,66.68,66.97,65.35,65.77,72.38,77.14,84.69,,,74.2882,0,73.2347,0,66451,46779,-4.9140,-3.8764,-1.0376
2023-10-30,66.02,66.54,63.85,63.96,70.89,76.06,84.18,,,73.3188,0,71.6572,0,67724,47235,-5.2297,-4.1470,-1.0827
2023-10-31,63.94,64.68,63.11,64.29,69.43,75.13,83.61,,,71.6791,0,70.0956,0,71589,47706,-5.3909,-4.3958,-0.9951
2023-11-01,63.84,64.48,62.12,64.43,68.12,74.14,83.05,,,71.0067,0,68.6995,0,119802,49412,-5.4448,-4.6056,-0.8392
2023-11-02,62.31,66.22,62.31,64.78,67.28,73.30,82.44,,,71.0067,0,67.3828,0,115674,50799,-5.3969,-4.7638,-0.6330
2023-11-03,65.72,67.80,65.72,67.04,66.73,72.57,81.96,,,71.0067,0,62.1162,1,90517,51486,-5.1174,-4.8346,-0.2829
2023-11-06,67.17,67.46,65.64,66.47,66.22,71.85,81.43,,,71.0067,0,62.2299,1,48684,51625,-4.8854,-4.8447,-0.0407
2023-11-07,66.40,67.50,66.01,66.79,65.78,71.09,80.90,,,71.0067,0,62.3414,1,34603,51827,-4.6230,-4.8004,0.1774
2023-11-08,66.75,68.34,66.24,67.67,65.78,70.36,80.33,,,71.0067,0,62.4507,1,47651,51971,-4.2944,-4.6992,0.4048
2023-11-09,68.15,68.75,66.16,66.28,65.75,69.66,79.73,,,71.0067,0,62.6864,1,48067,52392,-4.0990,-4.5792,0.4802
2023-11-10,66.88,69.83,66.50,69.48,66.12,69.25,79.15,,,71.0067,0,63.0505,1,46259,52198,-3.6437,-4.3921,0.7484
2023-11-13,68.50,68.78,67.57,68.16,66.54,68.71,78.54,,,71.0067,0,63.5930,1,37130,52431,-3.3510,-4.1838,0.8329
2023-11-14,70.84,74.48,70.84,73.74,67.48,68.46,78.06,,,63.9229,1,64.0921,1,66378,53102,-2.6382,-3.8747,1.2365
2023-11-15,74.23,76.92,73.71,75.09,68.55,68.34,77.65,,,66.4867,1,65.1311,1,60516,53636,-1.9419,-3.4882,1.5463
2023-11-16,74.39,74.94,73.57,73.82,69.45,68.37,77.29,,,66.4867,1,66.5459,1,42595,53120,-1.4758,-3.0857,1.6099
2023-11-17,73.90,75.02,73.50,74.96,70.24,68.49,76.98,,,66.4867,1,67.7909,1,36021,52983,-1.0024,-2.6690,1.6666
2023-11-20,75.01,75.96,74.77,75.74,71.17,68.70,76.70,,,67.7912,1,68.8864,1,40036,53074,-0.5584,-2.2469,1.6885
2023-11-21,74.84,75.55,74.00,74.27,71.92,68.85,76.40,,,67.7912,1,69.8505,1,40117,53076,-0.3213,-1.8618,1.5405
2023-11-22,75.14,76.52,74.58,76.15,72.77,69.27,76.16,,,68.2725,1,70.6989,1,42836,53099,0.0181,-1.4858,1.5039
2023-11-24,76.01,77.37,76.01,76.96,73.84,69.79,75.94,,,69.7330,1,71.4455,1,27527,52355,0.3488,-1.1189,1.4677
2023-11-27,76.32,78.69,75.85,78.08,74.70,70.41,75.77,,,70.1569,1,72.2756,1,52038,50814,0.6932,-0.7564,1.4497
2023-11-28,77.53,79.03,76.76,78.27,75.71,71.12,75.60,,,70.8085,1,73.3019,1,78730,51611,0.9700,-0.4112,1.3812
2023-11-29,79.44,81.60,79.31,80.65,76.40,71.94,75.51,,,73.0764,1,74.3337,1,65967,52052,1.3662,-0.0557,1.4219
2023-11-30,81.19,81.38,79.71,81.06,77.00,72.77,75.42,,,73.4065,1,75.7863,1,65281,52228,1.6932,0.2941,1.3991
2023-12-01,80.74,82.74,80.28,82.67,77.88,73.67,75.41,,,74.3463,1,76.9484,1,44116,52175,2.0585,0.6470,1.4115
2023-12-04,81.13,82.46,80.72,82.39,78.62,74.43,75.41,,,74.5627,1,78.1059,1,42341,52302,2.2993,0.9774,1.3219
2023-12-05,81.69,81.69,79.38,79.60,79.01,75.09,75.33,,,74.5627,1,79.0318,1,36149,52428,2.2393,1.2298,1.0095
2023-12-06,80.96,82.63,80.06,80.30,79.61,75.77,75.31,,,74.5627,1,79.3776,1,32295,52329,2.2224,1.4283,0.7941
2023-12-07,80.87,81.83,80.02,81.37,80.14,76.45,75.30,,,74.5627,1,79.3776,1,43963,52315,2.2692,1.5965,0.6727
2023-12-08,80.73,83.16,79.57,82.54,80.69,77.26,75.29,,,74.5627,1,82.7357,0,63667,52822,2.3732,1.7519,0.6214
2023-12-11,82.52,84.59,82.09,84.23,81.31,78.00,75.28,,,75.7740,1,79.5740,1,54539,53196,2.5624,1.9140,0.6485
2023-12-12,84.42,85.37,84.25,84.55,81.94,78.82,75.26,,,77.6568,1,79.5740,1,36580,53093,2.7073,2.0726,0.6347
2023-12-13,84.46,88.32,83.71,87.69,82.64,79.52,75.36,,,78.1952,1,79.8057,1,58034,53436,3.0406,2.2662,0.7744
2023-12-14,89.26,97.98,89.26,97.35,84.27,80.63,75.62,,,83.4949,1,80.3167,1,176469,56274,4.0371,2.6204,1.4167
2023-12-15,92.28,94.69,90.16,94.39,85.44,81.66,75.87,,,83.4949,1,81.7302,1,333071,62133,4.5360,3.0035,1.5325
2023-12-18,93.91,94.33,92.18,93.64,86.57,82.60,76.12,,,83.4949,1,83.0306,1,88742,62934,4.8157,3.3659,1.4497
2023-12-19,94.17,97.02,93.66,96.68,88.27,83.64,76.43,,,84.6057,1,84.2269,1,94787,64066,5.2219,3.7371,1.4848
2023-12-20,96.32,97.31,92.60,93.30,89.57,84.59,76.66,,,84.6057,1,85.3275,1,131983,66118,5.2113,4.0320,1.1793
2023-12-21,95.40,97.63,94.72,97.27,91.16,85.65,76.96,,,84.9115,1,86.3401,1,61041,66794,5.4600,4.3176,1.1424
2023-12-22,97.87,99.66,96.94,98.63,92.77,86.73,77.33,,,87.3481,1,87.2717,1,51611,66677,5.7015,4.5944,1.1071
2023-12-26,99.34,102.72,98.58,102.12,94.56,87.94,77.81,,,89.5503,1,88.5109,1,53165,66731,6.1038,4.8962,1.2076
2023-12-27,102.84,103.14,101.63,102.73,96.38,89.16,78.29,,,91.9397,1,90.2157,1,52436,66646,6.3980,5.1966,1.2014
2023-12-28,102.67,104.21,102.12,103.13,97.92,90.28,78.77,,,93.1373,1,92.0251,1,69981,66843,6.5877,5.4748,1.1129
2023-12-29,102.67,103.10,100.36,101.01,98.29,91.28,79.25,,,93.1373,1,93.9747,1,39245,66727,6.4921,5.6783,0.8138
2024-01-02,99.07,100.06,96.89,97.99,98.65,92.05,79.74,,,93.1373,1,95.6124,1,90658,66948,6.1027,5.7632,0.3396
2024-01-03,95.65,97.56,95.13,96.02,98.89,92.73,80.21,,,93.1373,1,104.2101,0,83669,67776,5.5707,5.7247,-0.1540
2024-01-04,94.21,96.53,93.98,95.59,98.78,93.53,80.69,,,93.1373,1,104.0284,0,65984,67964,5.0559,5.5909,-0.5350
2024-01-05,95.31,96.84,94.89,96.19,99.07,94.32,81.19,,,93.1373,1,103.6265,0,73157,68483,4.6427,5.4013,-0.7586
2024-01-08,96.63,100.33,96.15,99.84,99.33,95.24,81.83,,,93.1373,1,103.2405,0,69447,68439,4.5575,5.2325,-0.6750
2024-01-09,98.16,101.51,98.16,101.29,99.59,96.18,82.53,,,93.1373,1,102.8701,0,72346,68633,4.5547,5.0969,-0.5423
2024-01-10,102.32,102.47,100.41,101.84,99.56,97.06,83.25,,,93.1373,1,102.5144,0,71899,68742,4.5444,4.9864,-0.4420
2024-01-11,101.35,102.90,99.41,101.83,99.47,97.93,84.01,,,93.1373,1,93.9786,1,86162,69111,4.4839,4.8859,-0.4021
2024-01-12,101.87,102.31,98.99,99.48,99.11,98.52,84.71,,,93.1373,1,94.1571,1,36137,68402,4.1973,4.7482,-0.5509
2024-01-16,99.17,101.35,97.68,101.12,99.12,98.71,85.44,,,93.1373,1,94.3321,1,71962,67445,4.0558,4.6097,-0.5539
2024-01-17,98.66,99.40,97.03,99.27,99.25,98.95,86.13,,,93.1373,1,94.5035,1,76088,66654,3.7514,4.4381,-0.6866
2024-01-18,101.71,103.58,100.89,102.81,99.93,99.41,86.85,,,93.1373,1,94.6715,1,67490,66193,3.7522,4.3009,-0.5487
2024-01-19,104.11,106.12,102.28,105.74,100.94,99.86,87.64,,,93.8456,1,95.0279,1,72066,66661,3.9442,4.2295,-0.2853
2024-01-22,106.91,108.93,106.54,108.53,102.18,100.62,88.47,,,97.4630,1,95.6931,1,52767,67024,4.2722,4.2381,0.0341
2024-01-23,109.26,109.64,107.35,109.50,103.14,101.23,89.31,,,98.5648,1,96.7523,1,49370,67058,4.5580,4.3021,0.2560
2024-01-24,111.94,113.20,109.87,110.67,104.08,101.84,90.19,,,101.4864,1,98.0411,1,95082,67999,4.8232,4.4063,0.4169
2024-01-25,112.92,113.18,110.54,111.56,105.05,102.31,91.04,,,102.0278,1,99.8607,1,73808,68550,5.0473,4.5345,0.5128
2024-01-26,110.41,110.52,107.29,108.14,105.68,102.58,91.84,,,102.0278,1,101.4620,1,75549,69318,4.8920,4.6060,0.2860
2024-01-29,108.83,110.62,107.17,110.56,106.79,102.95,92.57,,,102.0278,1,102.8710,1,61784,69226,4.9080,4.6664,0.2416
2024-01-30,109.58,110.14,108.12,108.20,107.50,103.31,93.23,,,102.0278,1,104.1111,1,50434,69024,4.6759,4.6683,0.0076
2024-01-31,106.48,108.27,104.36,104.52,108.02,103.64,93.85,,,102.0278,1,113.2044,0,74941,69671,4.1478,4.5642,-0.4164
2024-02-01,105.34,106.64,104.24,106.29,108.37,104.15,94.48,,,102.0278,1,113.0275,0,69540,70342,3.8277,4.4169,-0.5892
2024-02-02,105.25,107.85,105.04,107.37,108.54,104.74,95.11,,,102.0278,1,112.6759,0,37157,70284,3.6195,4.2574,-0.6379
2024-02-05,107.20,108.42,105.55,107.61,108.44,105.31,95.77,,,102.0278,1,112.3385,0,37710,70236,3.4340,4.0927,-0.6588
2024-02-06,108.13,108.40,105.26,105.93,108.09,105.61,96.37,,,102.0278,1,112.0145,0,77835,70936,3.1155,3.8973,-0.7818
2024-02-07,107.08,107.08,103.94,106.09,107.63,105.85,96.95,,,102.0278,1,111.7035,0,105966,72505,2.8430,3.6864,-0.8434
2024-02-08,107.92,113.39,106.02,112.05,107.68,106.36,97.63,,,102.0278,1,103.9450,1,126845,74001,3.0726,3.5637,-0.4911
2024-02-09,113.40,118.16,112.84,117.63,108.62,107.15,98.42,,,103.9701,1,103.9450,1,125610,74938,3.6631,3.5836,0.0796
2024-02-12,117.37,120.77,116.43,118.19,109.39,108.09,99.17,,,106.9241,1,104.5137,1,80070,75221,4.1287,3.6926,0.4361
2024-02-13,112.62,116.77,112.30,114.93,110.06,108.78,99.85,,,106.9241,1,105.4894,1,80097,75517,4.1864,3.7913,0.3950
2024-02-14,117.06,120.51,116.01,119.94,111.60,109.81,100.59,,,106.9241,1,106.4065,1,100639,76647,4.5833,3.9497,0.6336
2024-02-15,120.67,122.73,119.22,121.61,113.13,110.75,101.38,,,108.4718,1,107.2686,1,77394,77348,4.9753,4.1548,0.8204
2024-02-16,121.76,125.41,121.13,122.48,114.65,111.59,102.24,,,110.7307,1,108.5054,1,74807,78122,5.2953,4.3829,0.9124
2024-02-20,119.79,120.96,116.44,117.37,115.62,112.03,102.98,,,110.7307,1,110.1959,1,78101,79038,5.0777,4.5219,0.5558
2024-02-21,115.36,117.06,114.48,117.00,116.73,112.41,103.69,,,110.7307,1,111.7172,1,68612,79531,4.8203,4.5816,0.2387
2024-02-22,120.42,122.45,119.63,121.35,118.26,112.94,104.47,,,110.7307,1,113.0865,1,87044,79998,4.9107,4.6474,0.2633
2024-02-23,121.33,121.43,116.83,118.07,118.86,113.27,105.14,,,110.7307,1,114.3188,1,53473,79977,4.6635,4.6506,0.0129
2024-02-26,119.28,120.91,118.44,118.86,118.98,113.80,105.83,,,110.7307,1,115.4278,1,68631,80618,4.4794,4.6164,-0.1369
2024-02-27,119.41,119.64,116.89,117.50,118.91,114.15,106.42,,,110.7307,1,116.4260,1,56595,80589,4.1759,4.5283,-0.3524
2024-02-28,116.00,117.79,115.76,117.47,119.17,114.61,106.83,,,110.7307,1,125.4095,0,38202,77824,3.8881,4.4003,-0.5121
2024-02-29,118.95,121.05,118.76,120.75,119.25,115.42,107.35,,,110.7307,1,125.2165,0,80555,72774,3.8805,4.2963,-0.4158
2024-03-01,120.88,125.97,119.19,124.46,119.53,116.33,107.97,,,110.7307,1,115.7572,1,91608,72831,4.1261,4.2622,-0.1362
2024-03-04,125.44,126.34,124.24,124.78,119.76,117.20,108.53,,,113.5040,1,115.9614,1,57679,72089,4.2966,4.2691,0.0275
2024-03-05,122.96,123.87,120.49,122.15,120.24,117.93,109.11,,,113.5040,1,116.3766,1,68970,70828,4.1717,4.2496,-0.0779
2024-03-06,124.04,127.60,124.04,126.37,121.18,118.95,109.69,,,113.5040,1,116.7752,1,80962,71227,4.3629,4.2723,0.0906
2024-03-07,126.65,131.56,126.65,131.18,122.16,120.21,110.34,92.36,,116.4426,1,117.4247,1,88978,71974,4.8467,4.3872,0.4596
2024-03-08,131.68,132.50,125.86,125.98,122.95,120.90,110.82,92.53,,116.4426,1,118.5559,1,92262,72756,4.7555,4.4608,0.2946
2024-03-11,124.48,125.66,123.47,125.41,123.60,121.29,111.27,92.72,,116.4426,1,119.9502,1,72427,73156,4.5843,4.4855,0.0987
2024-03-12,126.85,127.38,124.56,126.61,124.52,121.71,111.74,92.91,,116.4426,1,121.2051,1,83018,73417,4.4936,4.4871,0.0065
2024-03-13,125.20,126.22,121.46,122.78,125.05,122.11,112.18,93.08,,116.4426,1,132.4991,0,80759,74247,4.0661,4.4029,-0.3368
2024-03-14,123.15,123.94,119.29,120.59,125.03,122.14,112.63,93.25,,116.4426,1,132.2784,0,75724,73948,3.5099,4.2243,-0.7144
2024-03-15,119.15,121.49,118.64,119.23,124.51,122.02,113.09,93.42,,116.4426,1,131.7588,0,148737,75250,2.9258,3.9646,-1.0388
2024-03-18,121.19,121.72,118.09,118.25,123.85,121.81,113.55,93.59,,116.4426,1,130.9716,0,70804,75346,2.3564,3.6430,-1.2866
2024-03-19,116.71,119.15,115.37,118.23,123.46,121.85,113.99,93.76,,116.4426,1,129.9410,0,67342,75230,1.8818,3.2908,-1.4089
2024-03-20,118.32,123.40,117.03,122.53,123.08,122.13,114.44,93.96,,116.4426,1,128.4842,0,68526,75211,1.8323,2.9991,-1.1668
2024-03-21,125.37,130.00,125.35,125.42,122.50,122.33,114.92,94.20,,116.4426,1,115.3736,1,106246,75889,2.0025,2.7997,-0.7973
2024-03-22,124.80,125.63,122.96,124.72,122.38,122.66,115.38,94.44,,116.4426,1,115.6661,1,42944,75310,2.0573,2.6513,-0.5940
2024-03-25,122.87,124.99,122.87,123.57,122.19,122.90,115.82,94.67,,116.4426,1,115.9528,1,43741,74462,1.9850,2.5180,-0.5330
2024-03-26,124.48,125.35,122.85,124.44,121.97,123.25,116.32,94.88,,116.4426,1,116.2338,1,90278,75545,1.9756,2.4095,-0.4339
2024-03-27,126.03,130.17,124.52,129.76,122.67,123.86,116.89,95.13,,116.4426,1,116.5091,1,94771,76001,2.3702,2.4017,-0.0315
2024-03-28,129.31,130.93,128.61,130.83,123.70,124.36,117.52,95.37,,117.7864,1,117.0555,1,68575,75850,2.7371,2.4687,0.2683
2024-04-01,130.83,133.30,129.52,130.40,124.81,124.66,118.07,95.63,,119.4893,1,117.8877,1,63859,75778,2.9596,2.5669,0.3927
2024-04-02,128.42,128.49,126.36,127.93,125.78,124.82,118.52,95.86,,119.4893,1,119.1203,1,93012,76197,2.9025,2.6340,0.2685
2024-04-03,126.08,131.64,126.08,130.47,127.01,125.23,118.95,96.11,,119.4893,1,120.2544,1,59436,76330,3.0279,2.7128,0.3151
2024-04-04,132.26,132.79,125.50,126.20,127.37,125.23,119.29,96.31,,119.4893,1,121.2977,1,92915,77201,2.7511,2.7205,0.0306
2024-04-05,126.65,127.91,125.66,126.46,127.48,124.99,119.60,96.51,,119.4893,1,122.2575,1,67983,76659,2.5233,2.6810,-0.1578
2024-04-08,127.51,127.64,125.47,126.34,127.64,125.01,119.90,96.70,,119.4893,1,123.1406,1,72659,76636,2.3066,2.6061,-0.2995
2024-04-09,128.07,128.88,125.59,127.33,128.02,125.10,120.28,96.89,,119.4893,1,123.9530,1,68803,76501,2.1898,2.5229,-0.3331
2024-04-10,123.43,125.55,121.85,122.31,127.80,124.89,120.52,97.05,,119.4893,1,133.2959,0,59310,76452,1.6724,2.3528,-0.6804
2024-04-11,123.79,126.17,121.77,125.27,127.35,125.01,120.86,97.25,,119.4893,1,133.0669,0,65432,76752,1.4841,2.1790,-0.6949
2024-04-12,122.54,125.52,120.20,120.71,126.34,125.02,121.18,97.44,,119.4893,1,132.6149,0,73798,76729,0.9556,1.9344,-0.9787
2024-04-15,122.72,122.91,117.63,118.53,125.16,124.98,121.43,97.63,,133.3385,0,131.8702,0,108763,77513,0.3572,1.6189,-1.2617
2024-04-16,117.59,119.00,116.30,118.51,124.21,125.00,121.65,97.82,,130.2263,0,130.7307,0,64601,78062,-0.1172,1.2717,-1.3889
2024-04-17,118.53,118.53,112.23,112.92,122.46,124.73,121.76,97.98,,128.5881,0,129.2875,0,94056,79189,-0.9333,0.8307,-1.7640
2024-04-18,112.24,114.33,109.92,110.26,120.86,124.12,121.84,98.13,,125.3382,0,127.2401,0,79057,79213,-1.7747,0.3096,-2.0843
2024-04-19,109.86,110.56,105.44,106.40,118.86,123.17,121.85,98.25,,121.4281,0,124.8158,0,82772,78750,-2.7213,-0.2966,-2.4247
2024-04-22,107.63,109.54,105.75,107.93,117.02,122.33,121.77,98.39,,120.8674,0,121.7155,0,74357,77700,-3.3103,-0.8993,-2.4110
2024-04-23,108.51,112.46,107.32,110.72,115.36,121.69,121.63,98.55,,120.8674,0,119.1112,0,69528,76578,-3.5112,-1.4217,-2.0895
2024-04-24,112.34,112.91,109.39,111.92,114.32,121.06,121.50,98.73,,120.8674,0,116.9236,0,69679,76370,-3.5328,-1.8439,-1.6889
2024-04-25,111.03,115.76,110.30,114.37,113.23,120.29,121.49,98.92,,120.8674,0,105.4386,1,58286,75934,-3.3141,-2.1380,-1.1762
2024-04-26,115.12,119.89,114.40,118.78,113.03,119.69,121.47,99.16,,120.8674,0,105.6450,1,58045,75082,-2.7535,-2.2611,-0.4924
2024-04-29,118.40,121.18,117.83,121.11,113.29,119.22,121.46,99.41,,106.0958,1,106.2147,1,43868,74412,-2.0969,-2.2282,0.1313
2024-04-30,120.07,122.33,116.83,117.04,113.14,118.68,121.35,99.64,,106.0958,1,107.1125,1,50221,73920,-1.8834,-2.1593,0.2758
2024-05-01,115.68,119.26,112.66,113.26,113.18,117.82,121.27,99.85,,106.0958,1,108.3297,1,70857,73775,-1.9960,-2.1266,0.1306
2024-05-02,115.72,117.24,113.25,116.05,113.76,117.31,121.25,100.08,,106.0958,1,109.4496,1,78669,73976,-1.8387,-2.0690,0.2304
2024-05-03,119.87,121.72,119.13,120.03,115.12,116.99,121.22,100.33,,106.0958,1,110.4799,1,74725,73730,-1.3774,-1.9307,0.5533
2024-05-06,121.61,123.02,120.53,122.89,116.62,116.82,121.32,100.58,,107.9311,1,111.4277,1,65976,73980,-0.7720,-1.6989,0.9270
2024-05-07,123.82,124.50,121.13,121.31,117.67,116.52,121.37,100.82,,109.3458,1,112.5866,1,77026,74148,-0.4152,-1.4422,1.0270
2024-05-08,119.20,121.89,118.86,121.36,118.62,116.47,121.45,101.08,,109.3458,1,114.0165,1,78285,74582,-0.1262,-1.1790,1.0528
2024-05-09,127.63,127.88,121.60,125.53,119.74,116.48,121.61,101.35,,111.0564,1,115.2747,1,111782,76053,0.4344,-0.8563,1.2907
2024-05-10,127.88,128.56,126.32,128.37,120.69,116.86,121.76,101.66,,114.2207,1,117.0389,1,83611,76114,1.0946,-0.4661,1.5607
2024-05-13,121.97,122.40,116.51,116.77,120.26,116.78,121.61,101.90,,114.2207,1,128.5645,0,320149,80685,0.6743,-0.2381,0.9123
2024-05-14,117.05,122.69,116.77,122.51,120.81,116.98,121.56,102.17,,114.2207,1,128.5645,0,481423,89160,0.7955,-0.0313,0.8268
2024-05-15,124.34,126.99,123.66,126.65,122.15,117.66,121.65,102.47,,114.2207,1,128.3235,0,276516,93311,1.2110,0.2171,0.9939
2024-05-16,126.05,127.76,125.25,126.05,123.15,118.45,121.64,102.76,,114.2207,1,128.0873,0,136508,94422,1.4748,0.4687,1.0062
2024-05-17,126.77,126.99,124.34,126.15,123.76,119.44,121.54,103.07,99.65,114.2207,1,127.8559,0,59008,93823,1.6734,0.7096,0.9638
2024-05-20,126.88,132.60,126.88,130.44,124.51,120.57,121.63,103.42,99.81,115.2121,1,116.5146,1,102229,94022,2.1520,0.9981,1.1539
2024-05-21,128.18,130.69,127.92,129.68,125.35,121.51,121.72,103.76,99.97,115.3949,1,116.8363,1,79533,94164,2.4413,1.2867,1.1545
2024-05-22,131.23,132.35,128.52,129.75,126.19,122.40,121.78,104.10,100.12,116.7660,1,117.1515,1,78249,94069,2.6463,1.5586,1.0877
2024-05-23,132.79,132.79,124.83,126.43,126.28,123.01,121.85,104.43,100.27,116.7660,1,117.4604,1,129121,95036,2.5116,1.7492,0.7624
2024-05-24,127.37,130.60,125.61,129.09,126.35,123.52,122.02,104.80,100.45,116.7660,1,118.0738,1,116402,95849,2.5897,1.9173,0.6724
2024-05-28,130.71,130.71,127.55,128.86,127.56,123.91,122.22,105.17,100.62,116.7660,1,118.6626,1,77866,94432,2.6033,2.0545,0.5487
2024-05-29,126.12,126.77,123.96,124.86,127.80,124.30,122.35,105.53,100.78,116.7660,1,119.2279,1,116443,95345,2.2651,2.0966,0.1685
2024-05-30,125.25,128.21,124.01,127.47,127.88,125.01,122.53,105.90,100.95,116.7660,1,119.7705,1,140457,96807,2.1827,2.1138,0.0688
2024-05-31,127.88,128.77,120.02,124.74,127.75,125.45,122.58,106.28,101.12,116.7660,1,132.7942,0,191771,99272,1.8747,2.0660,-0.1913
2024-06-03,127.51,128.10,123.75,124.33,127.57,125.66,122.56,106.67,101.29,116.7660,1,132.5386,0,117537,99498,1.5798,1.9688,-0.3890
2024-06-04,123.53,124.15,120.85,121.84,126.71,125.61,122.50,107.04,101.46,116.7660,1,132.2882,0,91043,100460,1.1319,1.8014,-0.6695
2024-06-05,124.05,130.28,123.64,130.15,126.75,126.05,122.63,107.48,101.66,116.7660,1,132.0427,0,162074,102826,1.4314,1.7274,-0.2960
2024-06-06,129.35,130.07,127.26,127.54,126.53,126.36,122.69,107.91,101.83,116.7660,1,131.8022,0,93857,102898,1.4415,1.6702,-0.2287
2024-06-07,126.78,128.02,123.93,126.32,126.52,126.40,122.62,108.32,102.00,116.7660,1,131.5664,0,77010,102543,1.3356,1.6033,-0.2677
2024-06-10,124.53,130.11,124.23,129.10,126.52,126.44,122.59,108.75,102.17,116.7660,1,131.3354,0,76227,102696,1.4590,1.5744,-0.1155
2024-06-11,128.11,128.83,126.09,128.10,126.45,127.00,122.54,109.16,102.36,116.7660,1,131.1090,0,78975,102998,1.4589,1.5513,-0.0925
2024-06-12,132.21,136.66,131.95,134.13,127.37,127.58,122.67,109.61,102.56,118.7713,1,120.0153,1,278529,106709,1.9232,1.6257,0.2975
2024-06-13,132.74,134.53,131.69,133.79,128.00,127.94,122.73,110.05,102.76,118.7713,1,120.3482,1,107565,107671,2.2383,1.7482,0.4901
2024-06-14,130.89,132.49,129.52,131.81,128.71,128.23,122.85,110.48,102.94,118.7713,1,120.6744,1,100127,107815,2.3018,1.8589,0.4428
2024-06-17,131.74,134.88,130.63,134.19,129.70,128.63,123.00,110.93,103.13,118.7713,1,120.9940,1,124287,108941,2.5154,1.9902,0.5252
2024-06-18,133.89,137.16,132.94,135.15,131.03,128.87,123.18,111.37,103.32,120.7896,1,121.3073,1,144388,110376,2.7304,2.1383,0.5922
2024-06-20,133.01,134.22,128.90,130.04,131.02,128.89,123.23,111.78,103.47,120.7896,1,121.9414,1,171469,112429,2.4598,2.2026,0.2572
2024-06-21,129.42,130.46,126.34,129.47,131.21,128.87,123.37,112.16,103.63,120.7896,1,122.5502,1,186457,114972,2.1749,2.1970,-0.0221
2024-06-24,128.53,130.53,126.80,126.93,131.27,128.90,123.41,112.50,103.79,120.7896,1,123.1346,1,116273,115989,1.7242,2.1025,-0.3783
2024-06-25,127.66,131.05,125.80,127.74,131.13,128.83,123.55,112.86,103.97,120.7896,1,123.6956,1,124843,117010,1.4158,1.9651,-0.5493
2024-06-26,126.98,129.16,126.22,128.06,131.13,128.79,123.74,113.21,104.16,120.7896,1,124.2342,1,126217,117359,1.1832,1.8088,-0.6255
2024-06-27,128.68,129.72,126.31,128.17,130.54,128.95,123.93,113.56,104.35,120.7896,1,124.7513,1,107186,118211,0.9970,1.6464,-0.6494
2024-06-28,129.39,132.93,126.94,128.67,130.02,129.01,124.25,113.93,104.55,120.7896,1,125.2476,1,155664,119443,0.8790,1.4929,-0.6139
2024-07-01,128.48,129.05,124.42,127.59,129.60,129.16,124.59,114.27,104.74,120.7896,1,137.1604,0,99604,119854,0.6908,1.3325,-0.6417
2024-07-02,127.22,130.87,127.22,130.75,129.26,129.48,125.08,114.63,104.96,120.7896,1,136.9056,0,102941,120257,0.7871,1.2234,-0.4363
2024-07-03,130.93,134.43,130.34,132.97,129.04,130.03,125.58,114.99,105.19,120.7896,1,136.6559,0,103075,120832,1.0312,1.1850,-0.1538
2024-07-05,133.38,134.43,131.01,132.11,129.25,130.13,126.01,115.35,105.42,120.7896,1,136.4111,0,77627,120994,1.1415,1.1763,-0.0348
2024-07-08,133.22,135.14,133.19,134.07,129.71,130.46,126.45,115.71,105.66,121.4423,1,136.1713,0,88208,121364,1.3713,1.2153,0.1560
2024-07-09,134.02,134.11,132.03,133.08,130.32,130.80,126.83,116.06,105.90,121.4423,1,135.9363,0,60939,121417,1.4572,1.2636,0.1935
2024-07-10,135.41,140.56,134.95,140.26,131.57,131.35,127.26,116.44,106.18,124.6462,1,124.4198,1,237511,125007,2.0808,1.4271,0.6537
2024-07-11,142.66,143.18,137.98,139.04,132.67,131.90,127.61,116.82,106.46,127.2194,1,124.7426,1,171886,127567,2.4483,1.6313,0.8170
2024-07-12,140.12,145.24,138.66,141.42,134.00,132.27,128.10,117.23,106.76,127.9505,1,125.4802,1,123341,129029,2.8977,1.8846,1.0131
2024-07-15,141.00,143.35,139.58,140.57,135.19,132.60,128.65,117.63,107.05,127.9505,1,126.6658,1,77607,129164,3.1492,2.1375,1.0117
2024-07-16,142.28,143.46,140.48,142.48,136.67,133.14,129.18,118.04,107.35,128.7209,1,127.7802,1,98314,129557,3.4628,2.4026,1.0602
2024-07-17,138.14,139.38,130.28,130.64,136.66,132.96,129.39,118.36,107.59,128.7209,1,128.8278,1,221196,132487,2.7243,2.4669,0.2574
2024-07-18,132.89,133.41,125.36,126.93,136.06,132.55,129.47,118.64,107.80,145.8206,0,145.2402,0,182757,134822,1.8190,2.3373,-0.5183
2024-07-19,126.90,127.12,123.24,123.46,135.20,132.22,129.51,118.90,107.99,141.1388,0,144.8425,0,87246,135027,0.8124,2.0324,-1.2199
2024-07-22,127.15,130.86,126.13,130.50,134.84,132.27,129.70,119.19,108.23,141.1388,0,143.9783,0,148094,136423,0.5757,1.7410,-1.1653
2024-07-23,129.24,131.10,128.73,129.55,134.49,132.40,129.78,119.40,108.46,141.1388,0,143.1487,0,58666,135361,0.3082,1.4545,-1.1462
2024-07-24,126.69,127.87,121.31,121.59,132.62,132.10,129.64,119.58,108.66,141.1359,0,142.3522,0,118427,136057,-0.5400,1.0556,-1.5955
2024-07-25,120.34,122.96,116.77,117.98,130.51,131.59,129.66,119.75,108.84,136.6177,0,141.0895,0,152919,132712,-1.4868,0.5471,-2.0339
2024-07-26,122.40,124.70,121.10,122.74,128.65,131.32,129.67,119.92,109.05,136.6177,0,139.1442,0,104464,125173,-1.8313,0.0714,-1.9027
2024-07-29,124.47,126.32,121.45,121.69,126.76,130.97,129.57,120.11,109.25,136.6177,0,137.3545,0,78966,121222,-2.1644,-0.3757,-1.7886
2024-07-30,122.34,124.04,115.93,117.51,124.26,130.47,129.40,120.24,109.42,136.6177,0,135.7081,0,127489,121042,-2.7340,-0.8474,-1.8866
2024-07-31,122.53,125.78,120.21,124.06,123.60,130.13,129.36,120.41,109.64,136.6177,0,133.7299,0,239034,124642,-2.6271,-1.2033,-1.4238
2024-08-01,121.65,123.16,111.19,113.07,122.22,129.14,129.01,120.49,109.82,136.6177,0,131.9495,0,189865,126395,-3.3899,-1.6407,-1.7493
2024-08-02,108.39,109.47,103.32,105.00,120.37,127.78,128.52,120.50,109.95,127.6286,0,129.4580,0,219663,129198,-4.5927,-2.2311,-2.3616
2024-08-05,99.18,107.26,98.84,103.40,117.66,126.25,127.99,120.50,110.07,124.6876,0,125.7991,0,152761,130688,-5.6100,-2.9069,-2.7032
2024-08-06,104.04,108.78,102.94,104.86,115.19,124.84,127.56,120.53,110.21,124.6876,0,121.4857,0,122628,130558,-6.2268,-3.5709,-2.6560
2024-08-07,108.39,108.87,101.78,102.00,113.23,122.93,127.02,120.56,110.35,124.6876,0,117.8624,0,156470,131359,-6.8671,-4.2301,-2.6370
2024-08-08,106.55,108.66,102.16,108.36,112.27,121.39,126.61,120.64,110.53,124.6876,0,114.8189,0,171740,133237,-6.7834,-4.7408,-2.0427
2024-08-09,105.43,107.48,103.95,106.55,110.65,119.65,126.24,120.71,110.71,124.6876,0,112.2623,0,89813,132704,-6.7852,-5.1496,-1.6356
2024-08-12,107.57,109.71,106.25,107.97,109.28,118.02,125.85,120.79,110.89,124.6876,0,110.1148,0,62132,131138,-6.5953,-5.4388,-1.1565
2024-08-13,108.99,114.40,108.43,113.71,108.90,116.58,125.63,120.88,111.12,124.6876,0,98.8402,1,128902,129880,-5.9139,-5.5338,-0.3801
2024-08-14,115.12,115.12,111.76,112.24,107.72,115.66,125.39,120.96,111.35,124.6876,0,99.1514,1,70829,128946,-5.4298,-5.5130,0.0832
2024-08-15,115.81,120.02,115.13,118.47,108.26,115.24,125.32,121.07,111.61,124.6876,0,99.7900,1,130510,129735,-4.4918,-5.3088,0.8170
2024-08-16,116.77,118.82,116.38,117.35,109.49,114.93,125.06,121.17,111.88,124.6876,0,101.0036,1,103632,128567,-3.7953,-5.0061,1.2107
2024-08-19,117.12,118.80,115.04,118.62,111.01,114.34,124.89,121.30,112.15,124.6876,0,102.1443,1,58312,127856,-3.1050,-4.6259,1.5208
2024-08-20,117.34,119.04,114.19,115.35,112.06,113.63,124.67,121.39,112.41,124.6876,0,103.2165,1,55433,127424,-2.7890,-4.2585,1.4695
2024-08-21,116.78,119.87,115.54,119.25,113.79,113.51,124.47,121.53,112.68,124.6876,0,104.2245,1,54544,126990,-2.1991,-3.8466,1.6475
2024-08-22,119.63,119.68,114.45,115.16,114.47,113.37,124.21,121.61,112.92,124.6876,0,105.1719,1,85794,127127,-2.0381,-3.4849,1.4468
2024-08-23,116.80,120.11,116.69,119.90,115.80,113.23,123.93,121.70,113.19,124.6876,0,106.0625,1,69577,122948,-1.5106,-3.0901,1.5794
2024-08-26,119.23,119.64,116.07,116.45,116.65,112.96,123.58,121.76,113.43,124.6876,0,107.1866,1,113452,123066,-1.3550,-2.7430,1.3880
2024-08-27,115.49,117.90,114.23,117.22,117.00,112.95,123.29,121.81,113.68,124.6876,0,108.2208,1,51419,122091,-1.1562,-2.4257,1.2695
2024-08-28,116.31,117.40,112.93,114.75,117.25,112.48,122.90,121.83,113.92,124.6876,0,109.1723,1,68634,120978,-1.1841,-2.1774,0.9932
2024-08-29,115.85,119.65,115.31,115.68,116.97,112.61,122.51,121.86,114.16,124.6876,0,110.0476,1,61619,119323,-1.1185,-1.9656,0.8471
2024-08-30,118.51,118.94,115.98,117.70,117.01,113.25,122.26,121.93,114.40,124.6876,0,110.8529,1,91604,117726,-0.8937,-1.7512,0.8575
2024-09-03,114.48,114.48,105.63,106.06,115.75,113.38,121.79,121.90,114.56,124.6876,0,120.1139,0,150212,117001,-1.6358,-1.7281,0.0924
2024-09-04,105.03,109.08,103.94,107.34,114.95,113.51,121.40,121.89,114.73,123.0908,0,119.8243,0,81501,116305,-2.0962,-1.8017,-0.2944
2024-09-05,105.98,109.19,105.16,107.10,113.74,113.76,120.99,121.91,114.89,123.0908,0,119.1887,0,62290,115054,-2.4519,-1.9318,-0.5201
2024-09-06,106.61,106.81,102.66,103.09,112.53,113.50,120.49,121.89,115.03,120.5879,0,118.5786,0,128250,115095,-3.0231,-2.1500,-0.8731
2024-09-09,105.22,106.03,103.55,104.22,110.96,113.38,120.01,121.86,115.18,119.9394,0,117.6235,0,74497,114441,-3.3457,-2.3892,-0.9565
2024-09-10,105.77,105.77,103.32,104.46,109.76,113.21,119.53,121.84,115.33,118.9169,0,116.7258,0,122391,113776,-3.5414,-2.6196,-0.9218
2024-09-11,105.56,110.95,104.37,110.70,109.11,113.05,119.19,121.88,115.50,118.9169,0,115.8820,0,155605,114896,-3.1567,-2.7270,-0.4296
2024-09-12,109.91,110.08,105.99,106.46,108.28,112.77,118.70,121.88,115.65,118.9169,0,115.0888,0,76865,114374,-3.1571,-2.8130,-0.3441
2024-09-13,108.22,111.50,107.92,110.41,107.75,112.36,118.25,121.87,115.81,118.9169,0,114.3432,0,71226,113737,-2.8065,-2.8117,0.0052
2024-09-16,106.85,107.99,104.50,106.91,106.67,111.84,117.75,121.80,115.95,118.9169,0,113.6423,0,83673,113858,-2.7793,-2.8053,0.0259
2024-09-17,108.83,109.56,106.56,107.70,106.84,111.30,117.22,121.73,116.09,118.9169,0,112.9834,0,68820,113470,-2.6634,-2.7769,0.1135
2024-09-18,108.41,110.71,106.02,106.45,106.75,110.85,116.69,121.67,116.21,118.9169,0,112.3641,0,63755,113527,-2.6414,-2.7498,0.1084
2024-09-19,111.55,114.09,109.23,112.63,107.30,110.52,116.13,121.62,116.36,118.9169,0,102.6618,1,132447,111425,-2.1012,-2.6201,0.5189
2024-09-20,110.39,111.66,107.82,108.47,107.84,110.18,115.52,121.53,116.49,118.9169,0,102.8904,1,182423,111636,-1.9863,-2.4933,0.5070
2024-09-23,109.40,110.42,107.77,108.04,108.22,109.59,114.86,121.44,116.64,118.9169,0,103.1144,1,48858,110147,-1.9075,-2.3761,0.4687
2024-09-24,109.57,110.06,107.29,107.82,108.56,109.16,114.20,121.37,116.77,118.9169,0,103.3340,1,76974,110134,-1.8413,-2.2692,0.4279
2024-09-25,107.46,108.71,106.18,107.06,108.20,108.65,113.49,121.31,116.90,118.9169,0,103.5492,1,82907,109826,-1.8291,-2.1812,0.3520
2024-09-26,112.27,114.12,108.29,111.82,108.73,108.51,113.12,121.24,117.05,118.9169,0,103.7600,1,191670,109235,-1.4192,-2.0288,0.6096
2024-09-27,112.65,112.65,108.48,108.89,108.58,108.17,112.76,121.18,117.17,118.9169,0,104.1745,1,85203,107284,-1.3157,-1.8862,0.5705
2024-09-30,107.51,108.61,105.56,107.31,108.62,107.65,112.43,121.10,117.29,118.9169,0,104.5724,1,100350,107546,-1.3456,-1.7780,0.4324
2024-10-01,107.50,107.78,102.70,103.18,108.17,107.50,111.89,121.01,117.36,118.9169,0,114.1224,0,113697,106858,-1.6837,-1.7592,0.0755
2024-10-02,104.08,106.18,102.92,104.49,107.97,107.36,111.38,120.92,117.40,117.8382,0,113.8939,0,74942,107184,-1.8246,-1.7723,-0.0524
2024-10-03,102.65,104.99,102.58,103.54,107.06,107.18,111.02,120.81,117.44,116.4716,0,113.6701,0,71996,106255,-1.9898,-1.8158,-0.1741
2024-10-04,106.76,106.76,103.47,104.50,106.67,107.25,110.75,120.67,117.50,116.4716,0,113.2266,0,54740,104292,-2.0202,-1.8567,-0.1636
2024-10-07,104.25,106.17,103.91,105.41,106.40,107.31,110.41,120.55,117.54,116.4716,0,112.8008,0,90186,104006,-1.9486,-1.8750,-0.0735
2024-10-08,105.01,106.56,103.98,105.69,106.19,107.37,110.09,120.44,117.60,116.4716,0,112.3921,0,51340,103454,-1.8474,-1.8695,0.0221
2024-10-09,106.34,108.59,105.54,107.55,106.24,107.22,109.89,120.31,117.66,116.4716,0,111.9997,0,71319,102330,-1.5990,-1.8154,0.2164
2024-10-10,105.05,106.44,104.14,105.65,105.62,107.18,109.52,120.14,117.69,116.3953,0,111.6231,0,63983,98829,-1.5374,-1.7598,0.2224
2024-10-11,104.85,108.39,104.85,107.99,105.53,107.05,109.42,120.02,117.72,116.3953,0,111.2615,0,65607,96344,-1.2850,-1.6648,0.3799
2024-10-14,108.35,111.89,108.12,111.18,105.92,107.27,109.54,119.93,117.76,116.3953,0,102.5828,1,83121,93613,-0.8182,-1.4955,0.6773
2024-10-15,110.68,111.78,101.73,102.63,105.86,107.02,109.53,119.77,117.76,116.3953,0,111.8914,0,173037,94019,-1.1251,-1.4214,0.2963
2024-10-16,104.83,104.83,101.98,102.15,105.63,106.80,109.47,119.63,117.77,115.9810,0,111.8914,0,96826,93503,-1.3913,-1.4154,0.0241
2024-10-17,104.16,104.55,100.98,101.22,105.40,106.23,109.46,119.50,117.78,115.1511,0,111.7829,0,104745,92468,-1.6581,-1.4640,-0.1941
2024-10-18,101.92,102.97,100.89,101.38,105.09,105.88,109.32,119.38,117.81,113.7003,0,111.3509,0,70154,90436,-1.8356,-1.5383,-0.2973
2024-10-21,100.81,101.28,99.08,99.79,104.52,105.46,109.18,119.26,117.83,111.4612,0,110.7235,0,59310,89826,-2.0805,-1.6467,-0.4338
2024-10-22,99.44,99.49,98.07,98.59,103.81,105.00,108.99,119.13,117.84,109.4515,0,109.7919,0,89692,90377,-2.3440,-1.7862,-0.5578
2024-10-23,98.38,99.22,96.28,97.33,102.79,104.51,108.67,118.96,117.83,108.2326,0,108.6199,0,67502,89149,-2.6245,-1.9538,-0.6706
2024-10-24,97.97,98.56,96.74,98.10,102.04,103.83,108.38,118.78,117.81,107.6256,0,107.1397,0,95256,89638,-2.7529,-2.1136,-0.6393
2024-10-25,99.61,100.59,98.85,99.65,101.20,103.37,108.01,118.61,117.80,107.6256,0,105.8371,0,91743,88863,-2.6985,-2.2306,-0.4679
2024-10-28,100.25,102.54,99.65,101.14,100.20,103.06,107.68,118.46,117.80,107.6256,0,104.6908,0,107214,88934,-2.5063,-2.2858,-0.2205
2024-10-29,100.97,104.27,99.95,103.99,100.34,103.10,107.39,118.32,117.82,107.6256,0,96.2849,1,85576,89480,-2.0995,-2.2485,0.1490
2024-10-30,101.08,103.07,100.88,101.00,100.22,102.92,107.10,118.13,117.82,107.6256,0,96.4446,1,100560,90382,-1.9955,-2.1979,0.2024
2024-10-31,101.16,101.27,96.78,98.05,99.90,102.65,106.68,117.91,117.81,107.6256,0,96.6011,1,121997,91731,-2.1267,-2.1837,0.0570
2024-11-01,99.26,100.81,98.81,99.31,99.70,102.39,106.36,117.71,117.80,107.6256,0,96.7545,1,74414,91504,-2.1053,-2.1680,0.0627
2024-11-04,98.49,100.03,98.17,98.29,99.55,102.03,105.93,117.51,117.76,107.6256,0,96.7785,1,55839,91229,-2.1456,-2.1635,0.0179
2024-11-05,98.29,99.71,97.88,99.64,99.65,101.73,105.59,117.30,117.72,107.6256,0,96.9283,1,82841,90617,-2.0448,-2.1398,0.0949
2024-11-06,100.95,102.77,100.56,101.96,100.11,101.45,105.29,117.14,117.68,107.6256,0,97.0752,1,96153,91511,-1.7575,-2.0633,0.3058
2024-11-07,116.23,116.33,111.61,114.15,101.72,101.88,105.28,117.06,117.70,101.3657,1,97.2191,1,175738,93653,-0.5399,-1.7586,1.2187
2024-11-08,114.26,115.32,112.66,114.79,103.23,102.22,105.26,116.98,117.71,101.8492,1,97.9836,1,92602,94273,0.4714,-1.3126,1.7840
2024-11-11,114.31,114.44,110.55,112.70,104.39,102.29,105.16,116.88,117.73,101.8492,1,98.7176,1,89749,94236,1.0914,-0.8318,1.9232
2024-11-12,112.41,113.42,109.49,111.46,105.14,102.74,105.27,116.81,117.74,101.8492,1,99.4223,1,76576,92763,1.4655,-0.3723,1.8379
2024-11-13,111.10,111.72,109.79,110.50,106.09,103.15,105.33,116.71,117.75,101.8492,1,100.0987,1,76410,92661,1.6656,0.0352,1.6303
2024-11-14,111.82,112.39,110.04,111.47,107.43,103.67,105.42,116.65,117.78,101.8492,1,100.7481,1,90054,93217,1.8805,0.4043,1.4762
2024-11-15,108.65,110.69,103.83,104.12,107.91,103.80,105.44,116.56,117.77,101.8492,1,101.3715,1,122040,93092,1.4415,0.6117,0.8298
2024-11-18,103.88,106.88,103.49,106.71,108.75,104.15,105.49,116.48,117.77,101.8492,1,101.9700,1,125461,94112,1.2876,0.7469,0.5407
2024-11-19,105.79,107.08,104.56,106.99,109.48,104.57,105.54,116.44,117.77,101.8492,1,102.5446,1,89067,93445,1.1743,0.8324,0.3419
2024-11-20,105.42,107.00,104.84,106.96,109.98,105.05,105.46,116.42,117.77,101.8492,1,103.0961,1,90299,92139,1.0698,0.8799,0.1899
2024-11-21,108.23,112.95,107.74,112.25,109.79,105.76,105.58,116.45,117.80,101.8492,1,103.6256,1,94846,92499,1.3978,0.9834,0.4143
2024-11-22,112.15,113.50,111.16,113.44,109.66,106.45,105.64,116.49,117.81,101.8492,1,104.1339,1,74962,92573,1.7341,1.1336,0.6006
2024-11-25,116.32,117.61,114.41,115.21,109.91,107.15,105.81,116.52,117.80,104.5897,1,104.6219,1,101416,92928,2.1191,1.3307,0.7884
2024-11-26,115.71,115.71,110.93,111.91,109.95,107.55,105.89,116.52,117.77,104.5897,1,105.4015,1,72631,93005,2.1331,1.4912,0.6419
2024-11-27,111.84,112.19,108.49,111.13,110.02,108.05,105.98,116.50,117.75,104.5897,1,106.1343,1,62438,92978,2.0574,1.6044,0.4530
2024-11-29,112.71,115.18,112.11,112.39,110.11,108.77,105.98,116.46,117.71,104.5897,1,106.8231,1,86082,92051,2.0756,1.6986,0.3770
2024-12-02,112.17,118.06,112.17,116.64,111.36,109.63,106.14,116.43,117.69,104.5897,1,107.4706,1,104191,90486,2.4047,1.8399,0.5648
2024-12-03,114.64,117.06,114.52,115.59,112.25,110.50,106.29,116.42,117.65,104.5897,1,108.3178,1,59989,90709,2.5515,1.9822,0.5693
2024-12-04,116.86,117.13,115.18,115.55,113.11,111.30,106.45,116.43,117.64,104.9212,1,109.0972,1,67458,90519,2.6343,2.1126,0.5217
2024-12-05,115.54,116.16,111.46,112.13,113.62,111.80,106.55,116.41,117.62,104.9212,1,109.8142,1,112429,91109,2.3962,2.1693,0.2268
2024-12-06,112.46,114.31,112.06,113.34,113.73,111.76,106.58,116.36,117.58,104.9212,1,110.4739,1,58343,88442,2.2793,2.1913,0.0880
2024-12-09,112.73,116.17,112.23,113.10,113.70,111.68,106.66,116.30,117.55,104.9212,1,111.0808,1,94099,88620,2.1421,2.1815,-0.0394
2024-12-10,113.54,113.54,108.66,109.69,113.15,111.53,106.71,116.22,117.51,104.9212,1,118.0600,0,121225,89038,1.7387,2.0929,-0.3542
2024-12-11,111.99,113.58,110.64,112.31,113.19,111.57,106.89,116.16,117.48,104.9212,1,117.8721,0,68352,88131,1.6120,1.9967,-0.3848
2024-12-12,111.15,113.15,110.40,111.66,113.24,111.63,107.04,116.07,117.45,104.9212,1,117.6879,0,47441,87581,1.4422,1.8858,-0.4436
2024-12-13,113.24,113.92,110.72,111.31,113.13,111.62,107.19,115.95,117.40,104.9212,1,117.5075,0,65088,87443,1.2652,1.7617,-0.4965
2024-12-16,110.30,112.14,108.32,109.64,112.43,111.90,107.30,115.91,117.33,104.9212,1,117.3306,0,109474,88537,0.9787,1.6051,-0.6264
2024-12-17,108.70,111.28,107.80,108.69,111.74,112.00,107.36,115.81,117.25,104.9212,1,116.9701,0,58621,87906,0.6674,1.4176,-0.7502
2024-12-18,109.89,111.47,102.48,103.02,110.49,111.80,107.31,115.66,117.15,117.0074,0,116.4201,0,103493,88949,-0.0370,1.1267,-1.1636
2024-12-19,103.18,104.69,101.06,101.39,109.42,111.52,107.19,115.49,117.03,115.2909,0,115.3051,0,77198,89067,-0.7178,0.7578,-1.4756
2024-12-20,100.79,104.46,100.14,102.39,108.32,111.03,107.12,115.33,116.89,114.7722,0,113.8805,0,172574,91239,-1.1634,0.3735,-1.5369
2024-12-23,102.76,105.41,102.56,105.07,107.52,110.61,107.06,115.16,116.78,114.7722,0,112.2315,0,71128,91349,-1.2854,0.0417,-1.3271
2024-12-24,105.46,106.47,104.65,106.35,107.19,110.17,106.97,115.01,116.69,114.7722,0,110.7804,0,26850,90224,-1.2646,-0.2195,-1.0451
2024-12-26,104.75,106.91,104.75,105.73,106.53,109.86,107.03,114.85,116.58,114.7722,0,109.5034,0,40120,87565,-1.2835,-0.4323,-0.8512
2024-12-27,105.73,106.23,103.49,105.01,105.86,109.55,107.09,114.71,116.49,114.7722,0,108.3796,0,87142,87372,-1.3406,-0.6140,-0.7266
2024-12-30,103.40,103.76,101.16,102.93,105.02,109.08,107.12,114.53,116.40,113.2378,0,107.3908,0,72318,86723,-1.5365,-0.7985,-0.7380
2024-12-31,103.52,104.85,102.50,103.24,104.38,108.41,107.16,114.36,116.32,113.2378,0,106.5205,0,33948,85999,-1.6472,-0.9682,-0.6790
2025-01-02,104.26,106.50,104.10,104.86,104.00,107.87,107.26,114.23,116.26,113.2378,0,100.1389,1,61195,86037,-1.5866,-1.0919,-0.4947
2025-01-03,105.44,107.61,104.07,107.11,104.41,107.45,107.43,114.09,116.20,113.2378,0,100.2660,1,94698,86137,-1.3411,-1.1417,-0.1994
2025-01-06,110.79,115.18,110.46,113.33,105.60,107.51,107.75,114.01,116.16,101.0701,1,100.5596,1,137794,87543,-0.6372,-1.0408,0.4036
2025-01-07,114.23,115.35,110.73,111.62,106.53,107.42,108.02,113.93,116.09,101.0774,1,101.4370,1,91349,87464,-0.2150,-0.8757,0.6607
2025-01-08,110.72,111.39,107.94,109.94,107.01,107.27,108.22,113.85,116.01,101.0774,1,102.5500,1,63172,86893,-0.0159,-0.7037,0.6878
2025-01-10,108.58,108.95,106.02,107.87,107.16,107.18,108.36,113.70,115.93,101.0774,1,103.5740,1,74451,86238,-0.0246,-0.5679,0.5433
2025-01-13,105.93,108.76,104.18,108.53,107.44,106.99,108.45,113.58,115.85,101.0774,1,115.3501,0,64818,85823,0.0210,-0.4501,0.4711
2025-01-14,109.09,110.68,107.93,109.89,107.93,106.90,108.63,113.47,115.76,101.0774,1,115.1267,0,68633,85184,0.1653,-0.3270,0.4923
2025-01-15,112.67,114.43,111.77,112.80,108.92,106.97,108.92,113.36,115.67,101.2381,1,114.9079,0,83781,84420,0.5084,-0.1599,0.6684
2025-01-16,114.98,118.71,114.34,115.94,110.19,107.29,109.26,113.28,115.59,104.0769,1,104.1840,1,73421,84400,1.0224,0.0765,0.9458
2025-01-17,118.42,119.60,116.09,118.79,111.58,107.79,109.67,113.17,115.55,105.5445,1,104.4745,1,138619,86055,1.6406,0.3893,1.2513
2025-01-21,119.43,122.29,118.24,120.90,112.96,108.69,110.09,113.09,115.50,107.9764,1,105.0797,1,130540,87009,2.2743,0.7663,1.5080
2025-01-22,121.50,123.95,121.21,121.34,113.76,109.68,110.48,113.02,115.48,110.6028,1,106.1125,1,122310,87533,2.7804,1.1691,1.6113
2025-01-23,118.48,119.89,116.96,118.37,114.44,110.48,110.56,112.91,115.43,110.6028,1,107.5398,1,104086,86100,2.9077,1.5169,1.3909
2025-01-24,118.29,118.54,115.54,116.21,115.06,111.04,110.59,112.79,115.38,110.6028,1,108.8530,1,74918,85746,2.8024,1.7740,1.0284
2025-01-27,112.46,117.06,103.88,107.34,115.01,111.09,110.48,112.64,115.28,125.0320,0,123.9546,0,184675,87644,1.9802,1.8152,0.1650
2025-01-28,107.31,107.60,105.03,106.16,114.77,111.11,110.38,112.48,115.20,120.1903,0,123.5530,0,91121,87935,1.2196,1.6961,-0.4765
2025-01-29,107.70,109.02,105.43,107.26,114.51,111.22,110.31,112.35,115.11,120.1903,0,123.1595,0,94525,88298,0.6973,1.4963,-0.7990
2025-01-30,108.88,112.38,108.06,111.74,114.41,111.66,110.32,112.24,115.07,120.1903,0,122.7739,0,131384,89124,0.6376,1.3246,-0.6870
2025-01-31,111.93,115.81,111.53,112.04,114.01,112.10,110.48,112.14,115.04,120.1903,0,122.3960,0,121380,89111,0.6072,1.1811,-0.5739
2025-02-03,108.12,111.56,107.12,109.91,113.13,112.35,110.54,112.01,114.99,120.1903,0,122.0256,0,80792,88218,0.4069,1.0263,-0.6194
2025-02-04,109.80,112.57,109.80,110.63,112.10,112.53,110.61,111.89,114.98,120.1903,0,121.6626,0,61881,87674,0.3029,0.8816,-0.5787
2025-02-05,109.94,111.47,108.90,110.31,111.00,112.38,110.68,111.78,114.98,120.1903,0,121.3069,0,106277,87993,0.1919,0.7437,-0.5518
2025-02-06,109.53,111.77,109.39,110.71,110.23,112.33,110.65,111.64,115.00,120.1903,0,120.9583,0,65966,87416,0.1351,0.6220,-0.4868
2025-02-07,110.43,111.15,107.32,108.18,109.43,112.25,110.54,111.48,115.00,120.1903,0,120.6167,0,71392,87344,-0.1129,0.4750,-0.5879
2025-02-10,108.64,111.81,108.60,111.60,109.85,112.43,110.47,111.34,115.01,120.1903,0,120.2819,0,90069,87118,-0.0329,0.3734,-0.4063
2025-02-11,109.38,111.61,107.72,109.43,110.18,112.48,110.42,111.18,115.00,120.1903,0,119.9538,0,99189,87649,-0.1435,0.2700,-0.4135
2025-02-12,106.99,110.09,106.63,109.98,110.45,112.48,110.40,111.02,114.97,120.1144,0,119.6323,0,111623,88632,-0.1843,0.1792,-0.3634
2025-02-13,103.95,106.57,101.95,102.70,109.55,111.98,110.21,110.77,114.89,117.2484,0,119.3172,0,186569,90642,-0.7948,-0.0156,-0.7792
2025-02-14,102.17,104.14,101.28,102.53,108.60,111.31,109.92,110.53,114.80,115.2620,0,118.6225,0,94941,90457,-1.2775,-0.2680,-1.0095
2025-02-18,103.89,105.99,101.87,104.31,108.04,110.58,109.70,110.28,114.74,115.2620,0,117.5817,0,100418,91266,-1.4991,-0.5142,-0.9849
2025-02-19,103.96,106.45,103.31,105.65,107.54,109.82,109.50,110.05,114.70,115.2620,0,116.6034,0,94899,91814,-1.5492,-0.7212,-0.8279
2025-02-20,105.54,109.26,105.54,106.67,107.18,109.09,109.39,109.81,114.65,115.2620,0,115.6837,0,106135,91689,-1.4894,-0.8749,-0.6146
2025-02-21,106.85,106.93,100.89,101.96,106.30,108.27,109.16,109.62,114.56,115.2620,0,114.8193,0,95461,92431,-1.8012,-1.0601,-0.7411
2025-02-24,102.58,102.58,98.93,99.01,105.38,107.41,108.88,109.43,114.44,113.2960,0,113.7050,0,108212,92713,-2.2598,-1.3001,-0.9597
2025-02-25,98.96,99.48,94.77,95.19,103.74,106.80,108.59,109.25,114.31,109.8266,0,112.2271,0,137212,93033,-2.8985,-1.6198,-1.2788
2025-02-26,96.56,97.98,95.55,96.38,102.44,106.31,108.27,109.02,114.19,109.0334,0,110.1326,0,73990,93146,-3.2710,-1.9500,-1.3210
2025-02-27,96.66,97.64,90.26,90.36,100.48,105.46,107.85,108.76,114.01,107.2039,0,108.2894,0,132069,94838,-4.0055,-2.3611,-1.6444
2025-02-28,90.98,93.82,89.27,91.01,99.31,104.43,107.44,108.55,113.82,104.8398,0,105.7657,0,147261,96482,-4.4840,-2.7857,-1.6983
2025-03-03,91.64,91.97,84.22,84.87,97.54,103.07,106.95,108.33,113.67,102.3816,0,103.1267,0,110086,96494,-5.2971,-3.2880,-2.0091
2025-03-04,84.68,87.02,81.38,84.77,95.59,101.81,106.47,108.08,113.48,98.7544,0,99.7230,0,175833,98838,-5.8817,-3.8067,-2.0750
2025-03-05,85.68,85.86,81.98,85.30,93.55,100.55,106.11,107.84,113.27,98.1823,0,96.0549,0,118892,99146,-6.2308,-4.2916,-1.9393
2025-03-06,82.61,84.12,81.35,81.79,91.06,99.12,105.72,107.60,113.05,96.7551,0,93.1205,0,133204,100266,-6.7133,-4.7759,-1.9374
2025-03-07,82.62,84.41,79.65,84.14,89.28,97.79,105.36,107.33,112.84,96.0717,0,90.7669,0,101257,98840,-6.8273,-5.1862,-1.6411
2025-03-10,82.23,82.64,77.21,78.25,87.21,96.29,104.82,107.10,112.58,94.6444,0,88.5432,0,117407,99766,-7.3085,-5.6106,-1.6979
2025-03-11,78.11,79.81,75.69,78.19,85.51,94.62,104.26,106.92,112.32,92.2309,0,86.2765,0,111535,101459,-7.6070,-6.0099,-1.5971
2025-03-12,80.27,81.54,78.59,80.30,83.90,93.17,103.75,106.77,112.07,92.2309,0,84.1599,0,93416,102525,-7.5857,-6.3251,-1.2607
2025-03-13,79.94,81.41,78.40,80.52,82.91,91.70,103.26,106.60,111.84,92.2309,0,82.4666,0,119935,103181,-7.4652,-6.5531,-0.9121
2025-03-14,82.05,85.72,81.86,85.56,82.37,90.84,102.91,106.50,111.63,92.2309,0,75.6934,1,165303,105041,-6.8841,-6.6193,-0.2648
2025-03-17,85.25,89.34,84.98,88.12,82.69,90.12,102.61,106.36,111.42,92.2309,0,75.8940,1,110231,106566,-6.1456,-6.5246,0.3790
2025-03-18,87.26,87.97,86.14,86.98,82.91,89.25,102.25,106.23,111.23,92.2309,0,76.4319,1,87137,107085,-5.5878,-6.3372,0.7494
2025-03-19,87.26,92.48,86.88,90.73,83.46,88.50,101.92,106.11,111.05,92.2309,0,76.9483,1,176846,108728,-4.7883,-6.0274,1.2391
2025-03-20,89.32,91.40,88.76,89.77,84.26,87.66,101.45,105.96,110.87,92.2309,0,77.8804,1,119163,108356,-4.1841,-5.6588,1.4747
2025-03-21,87.81,88.75,86.31,87.39,84.58,86.93,100.97,105.79,110.69,92.2309,0,78.7566,1,135367,109236,-3.8527,-5.2976,1.4449
2025-03-24,89.56,92.00,89.56,90.64,85.82,86.51,100.58,105.60,110.53,92.2309,0,79.5802,1,108697,110146,-3.2898,-4.8960,1.6062
2025-03-25,90.94,91.18,88.91,89.41,86.94,86.22,100.21,105.42,110.33,92.2309,0,80.3544,1,47315,109604,-2.9094,-4.4987,1.5893
2025-03-26,89.18,90.40,85.93,86.86,87.60,85.75,99.78,105.21,110.13,92.2309,0,81.0821,1,66466,109637,-2.7814,-4.1552,1.3738
2025-03-27,86.17,87.18,83.18,84.07,87.95,85.43,99.26,105.00,109.91,92.2309,0,81.7662,1,73810,109740,-2.8724,-3.8987,1.0263
2025-03-28,83.31,83.77,80.05,80.87,87.48,84.93,98.62,104.74,109.67,92.2309,0,92.4833,0,67377,109412,-3.1663,-3.7522,0.5859
2025-03-31,79.22,79.99,77.17,79.44,86.62,84.65,97.89,104.50,109.43,90.6407,0,92.2348,0,114334,110230,-3.4743,-3.6966,0.2223
2025-04-01,78.75,80.24,76.96,79.56,85.87,84.39,97.11,104.23,109.16,90.4433,0,91.6322,0,92399,109306,-3.6666,-3.6906,0.0240
2025-04-02,77.88,82.12,77.63,80.56,84.86,84.16,96.30,104.00,108.89,90.4433,0,90.7520,0,69299,108081,-3.6956,-3.6916,-0.0040
2025-04-03,75.98,76.56,63.46,63.70,82.25,83.25,95.15,103.64,108.55,85.9418,0,89.9246,0,209816,109831,-5.0211,-3.9575,-1.0636
2025-04-04,60.06,62.05,54.35,59.76,79.49,82.03,93.98,103.27,108.18,75.3430,0,87.8076,0,235233,112454,-6.3171,-4.4294,-1.8876
2025-04-07,56.68,68.80,56.12,62.43,76.67,81.24,92.90,102.92,107.81,75.3430,0,84.4623,0,199426,114944,-7.0470,-4.9529,-2.0940
2025-04-08,65.78,67.46,55.96,58.26,73.55,80.25,91.92,102.52,107.46,75.3430,0,81.4515,0,157125,114393,-7.8714,-5.5366,-2.3347
2025-04-09,59.11,74.63,57.91,72.55,72.12,79.86,91.25,102.30,107.17,75.3430,0,78.7417,0,279009,118151,-7.2874,-5.8868,-1.4007
2025-04-10,68.48,68.54,60.63,63.67,70.08,79.02,90.38,102.01,106.86,75.3430,0,76.3030,0,187195,120005,-7.4553,-6.2005,-1.2548
2025-04-11,62.79,65.64,61.42,64.95,68.49,77.99,89.44,101.73,106.54,75.3430,0,74.6329,0,99501,119367,-7.3999,-6.4404,-0.9595
2025-04-14,67.39,68.88,64.74,67.87,67.33,76.97,88.56,101.49,106.24,75.3430,0,72.6050,0,129249,119524,-7.0389,-6.5601,-0.4788
2025-04-15,67.68,68.44,65.78,66.58,66.03,75.95,87.69,101.24,105.93,75.3430,0,70.7799,0,107112,120051,-6.7787,-6.6038,-0.1749
2025-04-16,63.54,65.09,60.07,63.13,64.29,74.57,86.74,100.96,105.60,75.3430,0,69.1374,0,163874,122091,-6.7734,-6.6377,-0.1357
2025-04-17,63.29,63.72,61.71,63.16,64.24,73.24,85.80,100.65,105.28,75.3430,0,68.4383,0,104590,122057,-6.6898,-6.6481,-0.0417
2025-04-21,61.60,61.77,58.33,59.80,64.24,71.86,84.78,100.34,104.93,75.3430,0,67.0299,0,133359,123405,-6.8161,-6.6817,-0.1343
2025-04-22,60.94,62.64,60.46,62.30,64.23,70.45,83.86,100.02,104.57,75.3430,0,65.7623,0,152373,125024,-6.6373,-6.6728,0.0356
2025-04-23,67.29,70.76,66.75,67.31,65.13,69.34,82.97,99.75,104.25,75.3430,0,54.3542,1,122428,125672,-6.0223,-6.5427,0.5205
2025-04-24,69.23,73.80,68.54,73.47,65.22,68.67,82.26,99.52,103.95,75.3430,0,54.6822,1,119275,126073,-4.9800,-6.2302,1.2502
2025-04-25,72.23,74.82,72.16,73.42,66.20,68.14,81.52,99.30,103.65,75.3430,0,55.4470,1,69220,125225,-4.1106,-5.8063,1.6956
2025-04-28,73.05,74.02,71.16,73.32,67.04,67.76,80.94,99.04,103.31,75.3430,0,56.6094,1,77871,123051,-3.3906,-5.3231,1.9326
2025-04-29,72.08,72.81,70.72,70.81,67.33,67.33,80.30,98.79,102.97,75.3430,0,57.7021,1,104631,123245,-2.9886,-4.8562,1.8676
2025-04-30,69.09,69.79,67.27,69.52,67.62,66.83,79.61,98.53,102.61,75.3430,0,58.7293,1,121749,123672,-2.7424,-4.4334,1.6911
2025-05-01,71.17,73.15,69.89,71.00,68.41,66.35,78.91,98.29,102.27,75.3430,0,59.6948,1,92288,123619,-2.4004,-4.0268,1.6264
2025-05-02,72.86,76.63,72.86,75.16,69.61,66.92,78.28,98.07,101.93,75.3430,0,60.6024,1,111114,123719,-1.7731,-3.5761,1.8030
2025-05-05,74.07,75.30,73.49,73.81,71.01,67.63,77.72,97.82,101.65,75.3430,0,61.8842,1,71022,123230,-1.3689,-3.1346,1.7658
2025-05-06,72.31,73.25,71.25,72.03,71.98,68.11,77.18,97.58,101.37,75.3430,0,63.0635,1,75809,122582,-1.1789,-2.7435,1.5646
2025-05-07,72.21,73.98,70.86,73.64,72.62,68.87,76.75,97.35,101.12,75.3430,0,64.1484,1,146326,122765,-0.8878,-2.3724,1.4846
2025-05-08,73.37,79.13,72.56,76.61,72.93,69.08,76.35,97.17,100.85,62.1153,1,65.1465,1,159519,124475,-0.4132,-1.9805,1.5674
2025-05-09,77.92,79.99,77.92,79.34,73.52,69.86,76.13,97.01,100.60,65.5818,1,66.5451,1,126271,124359,0.1816,-1.5481,1.7297
2025-05-12,86.49,90.19,86.09,89.95,75.18,71.11,76.11,96.92,100.44,72.8510,1,68.1579,1,226748,125949,1.4915,-0.9402,2.4317
2025-05-13,90.01,92.94,89.81,92.49,77.35,72.34,76.26,96.84,100.32,76.6716,1,71.2430,1,120896,126165,2.7040,-0.2113,2.9154
2025-05-14,92.69,93.69,91.14,93.11,79.71,73.67,76.43,96.75,100.17,78.4154,1,74.7144,1,87702,124402,3.6722,0.5654,3.1068
2025-05-15,90.61,92.49,89.44,90.38,81.65,75.03,76.53,96.65,100.01,78.4154,1,78.1304,1,103273,124090,4.1715,1.2866,2.8849
2025-05-16,90.13,90.43,88.44,89.86,83.12,76.37,76.69,96.53,99.87,78.4154,1,80.9316,1,59446,122615,4.4732,1.9239,2.5493
2025-05-19,86.54,88.02,86.49,87.68,84.51,77.76,76.77,96.41,99.69,78.4154,1,83.2286,1,65018,121890,4.4846,2.4361,2.0486
2025-05-20,88.43,88.83,86.95,88.77,86.18,79.08,76.98,96.29,99.57,78.4154,1,85.1121,1,63973,120821,4.5295,2.8547,1.6747
2025-05-21,87.27,88.09,83.53,84.41,87.26,79.94,77.10,96.11,99.47,78.4154,1,93.6925,0,89222,120375,4.1651,3.1168,1.0483
2025-05-22,84.07,85.87,83.38,84.14,88.01,80.47,77.18,95.98,99.37,78.4154,1,93.4894,0,61511,119737,3.8108,3.2556,0.5552
2025-05-23,81.43,83.38,80.88,83.08,88.38,80.95,77.23,95.86,99.26,78.4154,1,93.0852,0,64340,118625,3.4052,3.2855,0.1197
2025-05-27,86.07,87.88,84.03,86.90,88.08,81.63,77.25,95.76,99.19,78.4154,1,92.3527,0,99807,117315,3.3538,3.2992,0.0546
2025-05-28,87.09,87.11,84.35,84.76,87.31,82.33,77.19,95.65,99.07,78.4154,1,91.6642,0,58594,116283,3.1041,3.2602,-0.1561
2025-05-29,87.27,87.36,84.32,84.87,86.48,83.10,77.15,95.55,98.96,78.4154,1,91.0169,0,58251,115705,2.8818,3.1845,-0.3027
2025-05-30,83.27,83.58,80.04,81.68,85.61,83.63,76.96,95.44,98.83,78.4154,1,90.4085,0,89102,113950,2.4204,3.0317,-0.6113
2025-06-02,81.27,82.62,79.72,81.97,84.82,83.97,76.81,95.34,98.67,78.4154,1,89.5788,0,59962,112766,2.0550,2.8364,-0.7813
2025-06-03,81.95,86.07,80.76,85.60,84.62,84.56,76.77,95.25,98.54,78.4154,1,88.5928,0,94091,111940,2.0347,2.6760,-0.6413
2025-06-04,86.05,88.18,85.72,87.33,84.47,85.33,76.71,95.17,98.38,78.4154,1,79.7186,1,72167,111210,2.1335,2.5675,-0.4340
2025-06-05,87.75,88.75,85.51,86.62,84.69,85.98,76.65,95.07,98.23,78.4154,1,79.8877,1,62860,111521,2.1296,2.4799,-0.3504
2025-06-06,88.44,89.70,87.91,88.09,85.09,86.55,76.67,94.97,98.07,78.4154,1,80.2422,1,45198,111095,2.2195,2.4278,-0.2083
2025-06-09,89.64,92.25,89.23,91.02,85.88,87.13,76.81,94.90,97.95,79.5744,1,80.8095,1,103634,111692,2.4986,2.4420,0.0566
2025-06-10,91.61,94.41,91.48,93.56,86.55,87.31,77.07,94.87,97.82,81.8804,1,81.7247,1,106785,112480,2.8916,2.5319,0.3597
2025-06-11,95.52,95.52,91.94,93.08,87.38,87.34,77.34,94.83,97.71,82.6987,1,82.9928,1,86663,111927,3.1286,2.6513,0.4774
2025-06-12,92.37,94.01,91.77,93.16,88.21,87.35,77.61,94.80,97.58,82.6987,1,84.4960,1,87928,111837,3.2850,2.7780,0.5070
2025-06-13,89.95,91.78,88.53,88.81,88.92,87.27,77.78,94.72,97.44,82.6987,1,85.8188,1,96993,112391,3.0228,2.8270,0.1958
2025-06-16,90.71,93.40,90.34,93.02,90.03,87.43,78.36,94.66,97.32,82.6987,1,86.9828,1,74822,109691,3.1191,2.8854,0.2337
2025-06-17,92.21,94.03,91.38,91.43,90.61,87.61,79.00,94.51,97.20,82.6987,1,88.0072,1,55822,106103,3.0321,2.9147,0.1174
2025-06-18,92.06,92.95,91.24,91.59,91.04,87.76,79.58,94.36,97.08,82.6987,1,88.9086,1,50564,103126,2.9421,2.9202,0.0219
2025-06-20,92.40,92.82,88.30,90.14,91.39,88.04,80.22,94.21,96.95,82.6987,1,95.5192,0,158489,103153,2.7224,2.8806,-0.1583
2025-06-23,89.49,91.66,88.46,91.49,91.73,88.41,80.60,94.07,96.87,82.6987,1,95.3749,0,101010,99593,2.6270,2.8299,-0.2029
2025-06-24,94.29,97.80,94.14,97.21,92.35,89.12,81.27,93.99,96.82,84.6006,1,88.3046,1,148246,98814,2.9781,2.8595,0.1186
2025-06-25,97.90,98.35,96.50,98.04,92.80,89.67,81.93,93.90,96.78,86.6390,1,88.4635,1,77103,98366,3.2859,2.9448,0.3411
2025-06-26,98.86,99.88,97.64,99.64,93.46,90.42,82.57,93.87,96.76,88.3757,1,88.8591,1,86082,97503,3.6172,3.0793,0.5379
2025-06-27,99.64,100.17,97.60,99.58,94.10,91.15,83.23,93.82,96.74,88.7661,1,89.5204,1,148692,98334,3.8308,3.2296,0.6012
2025-06-30,99.78,99.98,98.20,98.74,95.09,92.01,83.94,93.76,96.71,89.4528,1,90.3724,1,73805,96533,3.8871,3.3611,0.5260
2025-07-01,97.20,101.77,96.55,100.09,95.80,92.91,84.68,93.72,96.65,89.4528,1,91.1562,1,78400,96009,3.9947,3.4878,0.5069
2025-07-02,99.87,104.07,99.84,103.97,97.05,93.83,85.56,93.66,96.64,91.4705,1,92.2175,1,92913,95200,4.3427,3.6588,0.6839
2025-07-03,103.67,104.82,102.67,103.91,98.28,94.66,86.39,93.60,96.61,93.6686,1,93.6393,1,59568,93344,4.5611,3.8392,0.7218
2025-07-07,101.80,104.06,101.28,101.54,99.42,95.41,87.08,93.51,96.58,93.6686,1,95.2047,1,100310,92902,4.4915,3.9697,0.5218
2025-07-08,102.81,105.99,101.85,103.88,100.66,96.20,87.68,93.45,96.56,93.6733,1,96.5509,1,100004,92516,4.5721,4.0902,0.4819
2025-07-09,103.51,105.41,102.74,105.12,101.45,96.90,88.32,93.41,96.56,94.0532,1,98.0617,1,104341,93219,4.6823,4.2086,0.4737
2025-07-10,104.84,107.21,103.73,106.33,102.28,97.54,88.98,93.37,96.53,95.4032,1,99.3308,1,88510,93432,4.8119,4.3293,0.4827
2025-07-11,104.44,106.22,104.35,105.78,102.89,98.17,89.68,93.30,96.51,95.6374,1,100.7482,1,70630,92751,4.8151,4.4264,0.3886
2025-07-14,104.82,104.82,101.58,104.03,103.34,98.72,90.37,93.22,96.49,95.6374,1,107.2057,0,83901,91995,4.6223,4.4656,0.1567
2025-07-15,106.12,106.94,103.20,103.27,103.79,99.44,91.01,93.14,96.47,95.6374,1,107.0932,0,101052,92170,4.3584,4.4442,-0.0857
2025-07-16,101.84,101.84,97.46,101.33,103.92,99.86,91.54,93.07,96.44,95.6374,1,106.9829,0,149417,92936,3.9474,4.3448,-0.3974
2025-07-17,101.78,103.78,100.94,103.29,103.85,100.45,92.13,93.00,96.40,95.6374,1,106.9373,0,102662,93569,3.7365,4.2231,-0.4866
2025-07-18,104.63,104.63,101.94,104.06,103.86,101.07,92.77,92.94,96.37,95.6374,1,106.5581,0,69276,93438,3.5898,4.0965,-0.5067
2025-07-21,105.03,106.64,102.52,102.69,103.98,101.70,93.35,92.90,96.35,95.6374,1,97.4570,1,71832,91948,3.3253,3.9423,-0.6169
2025-07-22,102.67,103.56,99.75,101.78,103.77,102.21,93.85,92.83,96.34,95.6374,1,97.6406,1,100873,90775,3.0073,3.7553,-0.7480
2025-07-23,102.29,102.48,98.21,98.93,103.15,102.30,94.24,92.74,96.32,95.6374,1,97.8206,1,146329,91176,2.4963,3.5035,-1.0071
2025-07-24,98.82,99.94,97.31,98.92,102.41,102.34,94.42,92.66,96.29,95.6374,1,106.6392,0,74625,88134,2.0668,3.2161,-1.1494
2025-07-25,98.39,99.23,97.40,98.88,101.72,102.31,94.55,92.59,96.26,95.6374,1,106.4526,0,60476,86925,1.7035,2.9136,-1.2101
2025-07-28,100.81,102.60,100.03,101.69,101.48,102.41,94.72,92.54,96.25,95.6374,1,106.2697,0,85139,86874,1.6238,2.6556,-1.0318
2025-07-29,103.00,104.14,99.50,101.01,101.26,102.52,94.94,92.53,96.22,95.6374,1,106.0905,0,86840,86546,1.4890,2.4223,-0.9334
2025-07-30,102.24,102.50,98.69,99.79,101.10,102.51,95.13,92.52,96.18,95.6374,1,105.9148,0,98803,87333,1.2688,2.1916,-0.9228
2025-07-31,96.81,97.37,93.27,94.59,100.23,102.04,95.27,92.46,96.13,106.8337,0,105.7427,0,171229,89457,0.6665,1.8866,-1.2201
2025-08-01,91.52,93.68,89.82,92.17,99.04,101.45,95.34,92.38,96.05,103.5408,0,105.2439,0,136676,90911,-0.0056,1.5082,-1.5138
2025-08-04,93.08,94.09,92.44,93.41,98.12,101.05,95.52,92.29,95.96,103.5408,0,104.3182,0,88416,90895,-0.4330,1.1199,-1.5530
2025-08-05,94.02,95.41,89.84,91.44,97.08,100.43,95.67,92.20,95.90,103.5408,0,103.4480,0,86112,91387,-0.9200,0.7119,-1.6319
2025-08-06,90.82,91.17,87.94,89.06,96.10,99.62,95.79,92.09,95.84,101.1697,0,102.6300,0,135918,92818,-1.4812,0.2733,-1.7545
2025-08-07,96.54,100.08,94.94,98.15,96.02,99.21,96.01,92.06,95.82,101.1697,0,101.4546,0,203219,94887,-1.1787,-0.0171,-1.1616
2025-08-08,98.93,99.84,97.93,98.75,96.01,98.86,96.29,92.03,95.81,101.1697,0,100.3731,0,119681,96108,-0.8807,-0.1898,-0.6909
2025-08-11,99.24,101.21,97.39,97.56,95.59,98.54,96.54,91.98,95.80,101.1697,0,87.9369,1,105003,97043,-0.7323,-0.2983,-0.4340
2025-08-12,99.03,102.96,97.01,102.80,95.77,98.52,96.97,91.95,95.82,86.6708,1,88.2024,1,145233,98166,-0.1892,-0.2765,0.0873
2025-08-13,103.49,105.53,102.51,103.71,96.16,98.63,97.40,91.89,95.85,91.1257,1,88.7928,1,94018,98847,0.3107,-0.1591,0.4697
2025-08-14,101.14,104.59,100.55,104.08,97.11,98.67,97.77,91.84,95.88,91.1257,1,89.7968,1,89303,98751,0.7281,0.0184,0.7097
2025-08-15,102.15,102.94,99.32,99.59,97.86,98.45,98.02,91.77,95.88,91.1257,1,90.7406,1,105722,99423,0.6893,0.1525,0.5367
2025-08-18,99.75,101.36,99.72,100.47,98.56,98.34,98.29,91.72,95.88,91.1257,1,91.6277,1,93750,100040,0.7208,0.2662,0.4546
2025-08-19,101.22,101.55,99.31,100.05,99.42,98.25,98.53,91.66,95.86,91.1257,1,92.4616,1,94045,101017,0.7040,0.3538,0.3502
2025-08-20,99.72,100.13,96.69,98.75,100.39,98.24,98.69,91.59,95.85,91.1257,1,93.2455,1,89512,100735,0.5789,0.3988,0.1801
2025-08-21,97.76,99.07,97.18,98.80,100.46,98.24,98.79,91.49,95.85,91.1257,1,93.9823,1,55138,99702,0.4783,0.4147,0.0636
2025-08-22,99.57,105.69,99.57,104.59,101.04,98.52,99.02,91.42,95.88,91.1257,1,94.6750,1,95778,99884,0.8562,0.5030,0.3532
2025-08-25,104.56,106.38,102.76,105.78,101.86,98.73,99.27,91.33,95.92,92.7712,1,95.5558,1,73642,99599,1.2371,0.6498,0.5873
2025-08-26,105.81,107.39,105.72,106.11,102.19,98.98,99.62,91.23,95.95,95.4311,1,96.6387,1,126507,100189,1.5476,0.8294,0.7182
2025-08-27,106.11,106.11,104.60,105.24,102.34,99.25,99.87,91.13,95.96,95.4311,1,97.9289,1,79186,100276,1.7041,1.0043,0.6998
2025-08-28,105.96,107.39,104.87,107.07,102.64,99.88,100.18,91.05,95.93,95.9593,1,99.0643,1,75898,100678,1.9535,1.1941,0.7593
2025-08-29,105.89,106.51,101.81,102.91,102.98,100.42,100.40,90.96,95.87,95.9593,1,100.2299,1,102637,101719,1.7945,1.3142,0.4803
2025-09-02,99.43,101.58,97.09,101.52,103.08,100.82,100.63,90.92,95.81,95.9593,1,107.3904,0,86138,100272,1.5391,1.3592,0.1799
2025-09-03,101.42,102.02,98.18,99.82,103.06,101.24,100.80,90.88,95.76,95.9593,1,107.1844,0,96190,100176,1.1857,1.3245,-0.1388
2025-09-04,99.15,101.65,98.40,101.30,103.31,101.85,100.88,90.84,95.71,95.9593,1,106.9826,0,66535,98541,1.0128,1.2622,-0.2494
2025-09-05,102.57,104.33,101.71,104.05,103.84,102.15,101.00,90.79,95.67,95.9593,1,106.7848,0,84647,98692,1.0858,1.2269,-0.1411
2025-09-08,105.36,108.65,103.62,108.57,104.24,102.64,101.18,90.77,95.69,95.9593,1,97.0935,1,173135,100433,1.4906,1.2796,0.2109
2025-09-09,108.90,109.59,106.57,107.84,104.44,103.15,101.34,90.75,95.70,96.8792,1,97.3245,1,107348,99606,1.7327,1.3702,0.3624
2025-09-10,107.60,111.67,107.20,110.14,104.85,103.52,101.57,90.75,95.72,98.0125,1,97.8152,1,131050,100751,2.0861,1.5134,0.5727
2025-09-11,110.14,115.63,110.14,115.52,105.87,104.11,101.88,90.78,95.76,100.9544,1,98.6466,1,181296,102809,2.7682,1.7644,1.0039
2025-09-12,115.17,115.84,113.88,114.62,106.63,104.64,102.09,90.81,95.77,103.5384,1,100.0050,1,152139,103994,3.1996,2.0514,1.1482
2025-09-15,115.06,117.72,114.41,115.89,107.93,105.45,102.33,90.86,95.78,104.8835,1,101.5880,1,139144,105585,3.6028,2.3617,1.2411
2025-09-16,117.62,118.74,115.90,117.86,109.56,106.32,102.66,90.90,95.80,106.4069,1,103.5235,1,140091,106381,4.0342,2.6962,1.3380
2025-09-17,117.83,121.61,115.26,118.94,111.47,107.27,102.96,90.97,95.83,106.7029,1,105.6542,1,190280,108186,4.4127,3.0395,1.3732
2025-09-18,123.48,131.89,123.28,129.38,114.28,108.80,103.45,91.10,95.92,113.1440,1,108.2073,1,307404,112248,5.4915,3.5299,1.9616
2025-09-19,129.46,130.45,125.84,128.08,116.68,110.26,103.88,91.27,96.00,113.7676,1,112.4698,1,738742,125252,6.1709,4.0581,2.1128
2025-09-22,128.28,131.19,127.25,127.37,118.56,111.40,104.31,91.43,96.05,115.0932,1,115.9650,1,145371,126747,6.5757,4.5616,2.0141
2025-09-23,128.46,130.36,126.54,127.98,120.58,112.51,104.79,91.59,96.12,115.0932,1,118.8311,1,219088,129451,6.8671,5.0227,1.8444
2025-09-24,128.69,128.69,123.08,123.42,121.91,113.38,105.20,91.71,96.16,115.0932,1,121.1813,1,177866,130987,6.6534,5.3489,1.3045
2025-09-25,120.09,123.43,119.12,121.74,122.53,114.20,105.60,91.81,96.20,115.0932,1,131.8878,0,181664,131632,6.2758,5.5342,0.7416
2025-09-26,121.61,123.19,119.62,121.30,123.20,114.91,105.96,91.94,96.24,115.0932,1,131.6325,0,107948,131738,5.8735,5.6021,0.2714
2025-09-29,123.21,123.26,121.46,121.63,123.77,115.85,106.31,92.09,96.29,115.0932,1,131.3823,0,88808,132129,5.5176,5.5852,-0.0676
2025-09-30,121.92,123.82,121.22,123.25,124.31,116.94,106.73,92.27,96.35,115.0932,1,131.1370,0,125070,133193,5.3054,5.5293,-0.2238
2025-10-01,121.63,130.99,121.63,130.73,125.49,118.48,107.31,92.50,96.45,115.0932,1,119.1213,1,167618,134528,5.6753,5.5585,0.1168
2025-10-02,134.09,136.57,132.12,135.97,126.15,120.21,108.05,92.81,96.57,120.0130,1,119.3587,1,169323,134988,6.3182,5.7104,0.6078
2025-10-03,136.05,139.74,135.71,137.29,127.07,121.88,108.81,93.12,96.70,123.6219,1,120.0471,1,183395,137163,6.8548,5.9393,0.9155
2025-10-06,140.04,141.61,137.82,138.89,128.22,123.39,109.61,93.48,96.84,125.7226,1,121.2289,1,181506,139584,7.3250,6.2164,1.1086
2025-10-07,139.97,139.97,128.17,128.30,128.25,124.42,110.15,93.77,96.94,125.7226,1,122.8592,1,161321,141108,6.7655,6.3262,0.4392
2025-10-08,129.30,133.67,127.84,132.42,129.15,125.53,110.77,94.08,97.09,125.7226,1,124.3590,1,181331,142998,6.5781,6.3766,0.2015
2025-10-09,132.77,134.15,130.02,133.70,130.35,126.44,111.45,94.43,97.25,125.7226,1,125.7389,1,110093,143223,6.4588,6.3930,0.0657
2025-10-10,134.37,134.94,120.41,120.75,130.29,126.75,111.98,94.67,97.34,146.3219,0,141.6071,0,187565,143550,5.2590,6.1662,-0.9073
2025-10-13,128.91,133.21,127.24,132.48,131.38,127.57,112.78,95.03,97.48,146.3219,0,141.1831,0,137247,143561,5.1940,5.9718,-0.7778
2025-10-14,127.30,134.92,126.39,132.13,132.27,128.29,113.56,95.39,97.61,146.3219,0,140.7675,0,88644,143566,5.0562,5.7887,-0.7325
2025-10-15,135.64,136.93,133.30,135.85,132.78,129.13,114.44,95.76,97.76,146.3219,0,140.3603,0,168438,145213,5.1876,5.6685,-0.4808
2025-10-16,137.47,138.52,134.63,137.18,132.90,129.52,115.41,96.14,97.92,146.3219,0,139.9612,0,132584,145146,5.3372,5.6022,-0.2650
2025-10-17,135.59,137.15,134.05,135.95,132.76,129.92,116.16,96.48,98.08,146.3219,0,139.5701,0,90158,142885,5.2958,5.5409,-0.2451
2025-10-20,137.30,141.74,137.30,140.99,132.97,130.60,117.01,96.83,98.27,146.3219,0,120.4059,1,72404,141939,5.6050,5.5537,0.0513
2025-10-21,139.90,141.21,138.94,140.14,134.16,131.21,117.86,97.18,98.45,146.3219,0,120.8325,1,88421,141607,5.7158,5.5861,0.1297
2025-10-22,138.10,140.47,130.17,133.86,134.30,131.73,118.48,97.47,98.58,146.3219,0,121.2506,1,145174,141606,5.2363,5.5162,-0.2799
2025-10-23,131.85,141.75,131.73,140.06,134.94,132.64,119.21,97.81,98.72,146.3219,0,121.6603,1,105656,141839,5.2958,5.4721,-0.1763
2025-10-24,142.40,146.23,141.41,142.34,137.10,133.70,119.97,98.17,98.87,146.3219,0,122.4638,1,132048,142694,5.4640,5.4705,-0.0065
2025-10-27,145.55,146.70,144.35,144.41,138.29,134.83,120.87,98.53,99.04,146.3219,0,123.8896,1,122722,143034,5.6979,5.5160,0.1820
2025-10-28,142.94,143.06,139.68,139.89,139.07,135.67,121.66,98.87,99.20,146.3219,0,125.7141,1,108071,143320,5.4564,5.5041,-0.0476
2025-10-29,143.40,145.39,139.28,140.81,139.56,136.17,122.47,99.23,99.36,146.3219,0,127.3926,1,234526,146130,5.2781,5.4589,-0.1807
2025-10-30,140.80,142.13,137.97,138.73,139.72,136.31,123.27,99.59,99.51,146.3219,0,128.9369,1,127817,146896,4.9123,5.3496,-0.4373
2025-10-31,140.41,144.20,139.42,143.11,140.44,136.60,124.16,100.01,99.66,146.3219,0,130.3576,1,142934,148652,4.9192,5.2635,-0.3443
2025-11-03,143.33,146.20,141.61,144.86,140.82,136.90,124.96,100.44,99.80,146.3219,0,131.6647,1,138400,149504,5.0083,5.2124,-0.2041
2025-11-04,139.15,141.52,136.38,136.63,140.47,137.31,125.58,100.82,99.89,146.3219,0,132.8672,1,159893,151229,4.3641,5.0428,-0.6787
2025-11-05,138.98,143.71,137.59,139.34,141.02,137.66,126.25,101.21,99.99,146.3219,0,133.9734,1,226838,153236,4.0258,4.8394,-0.8136
2025-11-06,146.62,156.57,145.92,154.60,142.47,138.71,127.23,101.82,100.15,129.4727,1,134.9912,1,312363,157900,4.9326,4.8580,0.0746
2025-11-07,152.16,155.14,144.66,154.15,143.65,140.38,128.17,102.45,100.33,129.4727,1,137.1496,1,235652,161095,5.5511,4.9966,0.5545
2025-11-10,157.84,159.51,154.09,158.24,145.04,141.66,129.28,103.09,100.54,134.7128,1,139.0920,1,198418,163010,6.2982,5.2569,1.0412
2025-11-11,157.37,157.37,151.37,151.99,146.25,142.66,130.29,103.71,100.76,134.7128,1,141.5425,1,130651,163901,6.3136,5.4683,0.8453
2025-11-12,155.35,156.39,150.84,152.53,147.42,143.49,131.34,104.25,101.00,134.7128,1,143.6988,1,129061,164558,6.2966,5.6339,0.6627
2025-11-13,151.21,151.86,140.40,143.51,147.90,143.81,132.19,104.78,101.18,134.7128,1,159.5121,0,179388,166815,5.4918,5.6055,-0.1137
2025-11-14,138.18,145.60,137.78,142.14,147.80,144.12,132.95,105.29,101.33,134.7128,1,159.1300,0,118531,167493,4.6899,5.4224,-0.7325
2025-11-17,140.57,144.56,138.16,141.12,147.43,144.12,133.60,105.78,101.48,134.7128,1,158.2761,0,119802,166426,3.9263,5.1232,-1.1968
2025-11-18,138.71,144.02,136.46,139.79,147.74,144.11,134.24,106.27,101.62,134.7128,1,157.4564,0,115350,166586,3.1777,4.7341,-1.5564
2025-11-19,141.63,146.68,140.41,143.26,148.13,144.58,134.90,106.80,101.79,134.7128,1,156.1965,0,129891,166563,2.8314,4.3536,-1.5221
2025-11-20,148.85,148.85,137.37,137.91,146.47,144.47,135.35,107.30,101.93,134.7128,1,155.0122,0,164111,166219,2.1012,3.9031,-1.8019
2025-11-21,137.66,143.85,134.18,143.40,145.39,144.52,135.93,107.86,102.09,134.7128,1,153.8990,0,118541,165547,1.9429,3.5111,-1.5681
2025-11-24,143.62,150.36,143.62,149.55,144.52,144.78,136.60,108.44,102.30,134.7128,1,152.3214,0,107274,164910,2.2876,3.2664,-0.9787
2025-11-25,148.73,149.99,144.65,148.61,144.18,145.21,137.21,108.98,102.48,134.7128,1,150.8699,0,130301,164714,2.4561,3.1043,-0.6482
2025-11-26,150.36,153.95,148.25,151.62,144.09,145.76,137.87,109.50,102.69,134.7128,1,134.1782,1,79613,162501,2.8003,3.0435,-0.2432
2025-11-28,152.70,156.08,151.60,155.98,145.34,146.62,138.40,110.05,102.92,134.7128,1,134.5737,1,47574,157304,3.3858,3.1120,0.2738
2025-12-01,155.55,158.28,153.59,155.53,146.68,147.24,138.95,110.60,103.19,135.1386,1,135.4338,1,156096,145651,3.7701,3.2436,0.5265
2025-12-02,158.39,162.42,156.45,160.54,148.62,148.02,139.61,111.20,103.48,138.6466,1,136.8046,1,161871,145981,4.4284,3.4806,0.9479
2025-12-03,160.82,164.35,158.46,162.97,150.94,149.34,140.31,111.82,103.77,140.9316,1,138.8537,1,143400,144467,5.0871,3.8019,1.2852
2025-12-04,161.01,163.63,160.14,162.92,152.90,150.52,141.10,112.44,104.06,142.4056,1,141.4038,1,137802,143666,5.5412,4.1497,1.3914
2025-12-05,164.56,165.51,161.72,162.51,155.36,150.91,141.92,113.02,104.34,144.9515,1,143.6988,1,131818,142669,5.8012,4.4800,1.3212
2025-12-08,164.38,166.83,162.35,163.97,157.42,151.40,142.77,113.62,104.65,146.4470,1,146.3163,1,109984,142710,6.0549,4.7950,1.2599
2025-12-09,163.72,166.51,162.22,164.75,158.94,151.73,143.63,114.24,104.97,146.7501,1,149.1878,1,156435,144062,6.2476,5.0855,1.1621
2025-12-10,164.61,169.92,164.39,167.44,160.82,152.50,144.52,114.86,105.34,149.6465,1,151.6574,1,155994,144681,6.5414,5.3767,1.1647
2025-12-11,166.05,168.04,162.57,166.36,162.30,153.19,145.23,115.46,105.69,149.6465,1,154.5793,1,119562,143720,6.6110,5.6236,0.9875
2025-12-12,163.94,165.45,152.71,155.36,162.23,153.79,145.62,115.97,106.01,149.6465,1,169.9193,0,224620,144826,5.7127,5.6414,0.0714
2025-12-15,158.84,160.13,156.51,158.89,162.57,154.62,146.05,116.43,106.35,149.6465,1,169.5752,0,160202,144362,5.2255,5.5582,-0.3327
2025-12-16,159.20,160.35,153.78,155.84,162.10,155.36,146.39,116.85,106.70,149.6465,1,169.2380,0,134344,143419,4.5407,5.3547,-0.8140
2025-12-17,157.25,157.83,146.51,148.31,160.63,155.78,146.79,117.22,107.02,172.9016,0,168.9075,0,195317,144099,3.3518,4.9541,-1.6023
2025-12-18,154.95,157.86,153.14,156.59,160.00,156.45,147.27,117.66,107.38,172.9016,0,168.0117,0,202731,144527,3.0433,4.5720,-1.5287
2025-12-19,157.19,160.65,157.19,159.14,159.66,157.51,147.78,118.12,107.77,172.9016,0,167.1517,0,193131,146187,2.9697,4.2515,-1.2818
2025-12-22,162.06,163.07,159.60,161.56,159.42,158.42,148.60,118.61,108.15,172.9016,0,166.3260,0,113004,144696,3.0716,4.0155,-0.9439
2025-12-23,159.88,163.60,159.58,162.49,159.20,159.07,149.20,119.11,108.57,172.9016,0,165.5335,0,138580,144723,3.1904,3.8505,-0.6601
2025-12-24,162.63,163.97,160.70,162.97,158.75,159.79,149.81,119.63,109.00,172.9016,0,164.7726,0,32206,143594,3.2853,3.7375,-0.4521
2025-12-26,164.01,164.43,162.25,163.76,158.49,160.39,150.37,120.16,109.41,172.9016,0,146.5114,1,46827,141162,3.3851,3.6670,-0.2819
2025-12-29,161.61,163.27,160.31,162.38,159.19,160.71,150.88,120.69,109.82,172.9016,0,146.8698,1,54199,139594,3.3149,3.5966,-0.2817
2025-12-30,162.72,163.41,161.17,161.39,159.44,161.01,151.38,121.19,110.20,172.9016,0,147.2211,1,67527,139142,3.1434,3.5060,-0.3626
2025-12-31,161.68,162.00,159.14,159.38,159.80,160.95,151.75,121.68,110.56,172.9016,0,147.5653,1,85669,139407,2.8124,3.3673,-0.5548
2026-01-02,164.10,169.09,164.10,167.91,161.76,161.19,152.31,122.24,110.96,172.9016,0,147.9027,1,148426,140607,3.2022,3.3342,-0.1321
2026-01-05,171.59,175.90,170.31,175.72,163.67,161.84,153.15,122.86,111.39,156.2572,1,148.7503,1,187202,141448,4.0940,3.4862,0.6078
2026-01-06,176.87,184.60,176.87,183.01,166.06,162.86,154.00,123.54,111.86,162.9089,1,150.3794,1,191941,143173,5.3276,3.8545,1.4731
2026-01-07,179.83,182.85,179.09,182.74,168.17,163.80,154.81,124.19,112.33,163.7501,1,153.1171,1,118488,142902,6.2111,4.3258,1.8853
2026-01-08,180.52,180.52,173.63,178.51,169.78,164.49,155.49,124.79,112.77,163.7501,1,155.6358,1,95235,142352,6.4953,4.7597,1.7356
2026-01-09,180.20,186.22,180.04,185.59,172.04,165.39,156.41,125.45,113.25,164.4097,1,157.9529,1,119166,142574,7.2087,5.2495,1.9592
2026-01-12,182.91,188.21,182.91,185.43,174.21,166.35,157.30,126.10,113.75,167.1264,1,160.7793,1,113393,140152,7.6728,5.7342,1.9386
2026-01-13,187.35,192.88,184.51,192.77,177.24,168.22,158.38,126.78,114.29,169.5914,1,164.0710,1,219257,141980,8.5345,6.2942,2.2403
2026-01-14,190.36,192.31,186.09,189.80,180.09,169.76,159.31,127.42,114.83,170.0007,1,168.1041,1,160804,142338,8.8753,6.8105,2.0649
2026-01-15,204.46,210.52,201.78,204.72,184.62,172.21,160.51,128.17,115.46,182.6579,1,171.5725,1,420065,147971,10.2314,7.4947,2.7368
2026-01-16,208.82,209.86,199.61,203.45,188.17,174.96,161.85,128.90,116.08,182.6579,1,177.8043,1,328811,151349,11.0763,8.2110,2.8653
2026-01-20,199.91,212.03,199.47,210.10,191.61,177.64,163.26,129.71,116.73,182.6579,1,183.0391,1,379062,154394,12.1426,8.9973,3.1453
2026-01-21,215.39,220.49,210.35,220.15,195.32,180.69,164.57,130.56,117.51,189.2941,1,188.2570,1,432145,156789,13.6409,9.9260,3.7149
2026-01-22,229.72,232.49,215.74,222.41,199.29,183.73,165.94,131.43,118.32,195.5768,1,194.7026,1,420400,160484,14.8399,10.9088,3.9311
2026-01-23,222.41,222.41,213.51,216.49,203.09,186.43,167.10,132.26,119.09,195.5768,1,202.2608,1,286020,162236,15.1376,11.7545,3.3830
2026-01-26,217.15,219.91,214.60,218.12,206.34,189.19,168.43,133.12,119.89,195.5768,1,208.3073,1,229394,164211,15.3288,12.4694,2.8594
2026-01-27,220.57,232.19,219.92,228.99,210.70,192.45,169.96,134.03,120.67,197.4344,1,213.1445,1,515911,171948,16.1711,13.2097,2.9614
2026-01-28,233.00,238.76,230.73,235.43,214.96,196.10,171.79,134.95,121.53,206.0543,1,214.6008,1,681075,181982,17.1599,13.9998,3.1602
2026-01-29,238.01,245.70,235.24,243.23,220.31,200.20,173.82,135.92,122.42,211.5092,1,219.4319,1,643599,192483,18.3621,14.8722,3.4898
2026-01-30,238.32,245.31,232.47,234.79,223.32,203.97,175.69,136.82,123.26,211.5092,1,224.6852,1,357376,197235,18.4208,15.5819,2.8388
2026-02-02,231.10,241.54,227.40,232.95,226.27,207.22,177.55,137.71,124.09,211.5092,1,245.6983,0,831930,211567,18.1104,16.0876,2.0228
2026-02-03,239.13,240.54,225.22,228.97,228.15,209.88,179.27,138.58,124.92,211.5092,1,245.3322,0,445821,217885,17.3435,16.3388,1.0047
2026-02-04,231.65,237.30,212.35,219.42,228.08,211.70,180.90,139.38,125.70,211.5092,1,244.5279,0,519046,224984,15.7827,16.2276,-0.4449
2026-02-05,216.20,229.75,212.93,226.23,228.46,213.88,182.55,140.19,126.53,211.5092,1,242.5970,0,404892,230711,14.9235,15.9668,-1.0433
2026-02-06,231.30,243.41,230.73,242.32,231.05,217.07,184.41,141.11,127.43,211.5092,1,212.3467,1,366894,235903,15.3635,15.8461,-0.4826
2026-02-09,241.07,251.32,238.73,249.94,234.23,220.28,186.44,142.10,128.35,211.5092,1,212.9252,1,334877,239995,16.1410,15.9051,0.2359
2026-02-10,257.67,259.01,245.45,251.85,236.51,223.61,188.44,143.09,129.24,212.7177,1,214.4611,1,414436,246691,16.7190,16.0679,0.6511
2026-02-11,257.22,265.38,251.72,258.36,238.81,226.89,190.49,144.11,130.16,218.8911,1,217.1342,1,579676,257333,17.5009,16.3545,1.1464
2026-02-12,260.32,263.75,246.85,248.76,239.36,229.83,192.35,145.06,131.04,218.8911,1,220.9936,1,334971,260911,17.1478,16.5131,0.6347
2026-02-13,248.60,263.20,247.90,260.05,241.89,232.60,194.34,146.09,131.99,218.8911,1,224.5442,1,433663,266347,17.5764,16.7258,0.8506
2026-02-17,257.00,269.20,252.53,262.24,244.81,235.54,196.33,147.14,132.95,218.8911,1,227.8107,1,921710,281913,17.8869,16.9580,0.9289
2026-02-18,242.74,260.31,241.56,249.70,246.89,237.52,198.06,148.12,133.84,218.8911,1,231.9493,1,757139,294300,16.9255,16.9515,-0.0260
2026-02-19,251.19,254.09,244.50,248.42,249.79,238.93,199.78,149.10,134.71,218.8911,1,235.6739,1,360518,298874,15.8775,16.7367,-0.8592
2026-02-20,246.90,262.66,246.35,258.58,253.02,240.74,201.67,150.14,135.63,218.8911,1,239.0261,1,505628,306786,15.6863,16.5266,-0.8404
2026-02-23,258.54,260.24,248.20,253.28,254.12,242.58,203.45,151.13,136.54,218.8911,1,242.0431,1,227248,308203,14.9348,16.2083,-1.2735
2026-02-24,254.57,257.57,248.64,250.99,254.22,244.23,205.12,152.12,137.43,218.8911,1,244.7584,1,341817,311919,13.9926,15.7651,-1.7725
2026-02-25,256.25,258.42,251.91,255.48,254.59,245.55,206.90,153.14,138.32,218.8911,1,247.2022,1,280836,315145,13.4534,15.3028,-1.8494
2026-02-26,254.58,256.34,238.48,244.27,253.18,245.99,208.68,154.11,139.15,218.8911,1,269.1959,0,523493,321122,11.9833,14.6389,-2.6556
2026-02-27,238.60,244.59,237.51,244.05,252.71,246.03,210.38,155.08,139.92,218.8911,1,268.5816,0,455185,327022,10.6774,13.8466,-3.1692
2026-03-02,239.04,246.56,237.60,243.85,251.09,246.49,212.14,156.05,140.67,218.8911,1,267.3387,0,261187,329559,9.5166,12.9806,-3.4640
2026-03-03,235.24,238.86,228.18,232.17,248.08,246.45,213.82,156.92,141.37,218.8911,1,266.1455,0,327351,332199,7.5670,11.8979,-4.3309
2026-03-04,236.76,239.58,231.23,234.83,246.59,246.74,215.38,157.81,142.09,218.8911,1,263.8673,0,267668,333498,6.1659,10.7515,-4.5856
2026-03-05,229.64,237.95,222.81,230.06,244.76,247.27,216.80,158.68,142.79,218.8911,1,261.7258,0,307190,335779,4.6173,9.5246,-4.9074
2026-03-06,219.96,223.91,208.60,209.65,239.86,246.44,217.76,159.44,143.40,256.7972,0,258.6129,0,374430,341008,1.7227,7.9643,-6.2415
2026-03-09,203.54,220.17,200.16,217.99,236.33,245.23,218.87,160.28,144.05,252.6552,0,253.6114,0,447944,347195,0.1011,6.3916,-6.2906
2026-03-10,219.96,233.03,219.72,224.90,233.72,243.97,220.11,161.16,144.75,252.6552,0,247.1976,0,275225,352055,-0.6195,4.9894,-5.6089
2026-03-11,222.59,230.59,221.13,223.89,230.57,242.58,221.31,162.04,145.45,252.6552,0,241.5534,0,235708,355833,-1.2575,3.7400,-4.9975
2026-03-12,218.56,220.34,210.73,213.13,227.45,240.32,222.33,162.87,146.10,252.6552,0,236.5865,0,325978,361269,-2.6015,2.4717,-5.0732
2026-03-13,216.33,224.34,211.72,213.09,224.36,238.53,223.36,163.64,146.73,252.6552,0,232.2156,0,161667,363151,-3.6280,1.2518,-4.8797
2026-03-16,218.62,227.08,217.55,221.59,222.13,236.61,224.61,164.46,147.41,252.6552,0,228.3692,0,337956,368197,-3.7132,0.2588,-3.9719
2026-03-17,222.82,230.23,220.37,228.50,221.76,234.92,225.82,165.33,148.13,252.6552,0,200.1626,1,240998,370048,-3.1857,-0.4301,-2.7556
2026-03-18,230.82,234.85,227.85,233.00,221.58,234.09,226.96,166.20,148.89,252.6552,0,200.7640,1,298693,372278,-2.3778,-0.8196,-1.5581
2026-03-19,223.94,238.96,219.77,236.45,222.22,233.49,228.03,167.08,149.66,252.6552,0,202.1276,1,354138,375522,-1.4421,-0.9441,-0.4980
2026-03-20,235.30,237.55,221.73,226.75,223.93,231.90,228.91,167.90,150.37,252.6552,0,204.3373,1,427572,381704,-1.4667,-1.0486,-0.4181
2026-03-23,234.47,243.09,232.22,234.62,225.59,230.96,230.04,168.80,151.10,252.6552,0,206.4145,1,193539,383670,-0.8409,-1.0071,0.1662
2026-03-24,231.10,247.48,228.69,243.15,227.42,230.57,231.19,169.75,151.89,252.6552,0,209.3486,1,218181,385650,0.3391,-0.7379,1.0769
2026-03-25,244.23,245.29,235.60,243.27,229.36,229.96,232.34,170.71,152.66,252.6552,0,213.1620,1,180689,386996,1.2692,-0.3365,1.6057
2026-03-26,236.60,238.81,223.66,224.74,230.52,228.98,232.98,171.55,153.33,252.6552,0,216.5941,1,250176,387615,0.5055,-0.1681,0.6735
2026-03-27,221.71,228.19,220.79,222.80,231.49,227.92,233.64,172.37,153.98,252.6552,0,219.6830,1,161091,387620,-0.2532,-0.1851,-0.0681
2026-03-30,227.59,227.59,208.12,210.12,230.34,226.24,233.75,173.08,154.56,252.6552,0,247.4828,0,263151,384482,-1.8569,-0.5195,-1.3374
2026-03-31,217.09,230.77,214.64,229.42,230.43,226.10,234.27,173.90,155.24,252.6552,0,246.6955,0,283999,383586,-1.5520,-0.7260,-0.8260
2026-04-01,234.18,239.60,232.71,235.56,230.69,226.13,234.78,174.76,155.98,252.6552,0,245.9240,0,239381,380792,-0.8057,-0.7419,-0.0638
2026-04-02,222.05,240.70,222.05,234.27,230.47,226.34,235.06,175.62,156.68,252.6552,0,245.1679,0,207721,376304,-0.3153,-0.6566,0.3413
2026-04-06,235.71,240.41,232.73,236.58,231.45,227.69,235.35,176.49,157.41,252.6552,0,244.4269,0,124059,370377,0.2573,-0.4738,0.7311
2026-04-07,233.57,241.49,232.53,237.77,231.77,228.68,235.77,177.39,158.14,252.6552,0,243.7008,0,193227,368521,0.7977,-0.2195,1.0172
2026-04-08,256.56,260.55,249.58,255.58,233.01,230.21,236.52,178.41,158.97,211.3971,1,208.1192,1,401936,371972,2.6328,0.3510,2.2818
2026-04-09,254.79,266.62,254.79,262.81,234.96,232.16,237.20,179.50,159.82,217.8554,1,209.1678,1,278597,367226,4.6171,1.2042,3.4129
2026-04-10,267.81,272.25,265.55,268.32,239.32,234.92,237.86,180.61,160.68,227.5033,1,211.4659,1,212060,357845,6.5587,2.2751,4.2836
2026-04-13,266.20,273.09,264.83,272.72,244.31,237.90,238.44,181.74,161.55,229.2263,1,215.1130,1,153172,348037,8.3564,3.4914,4.8650
2026-04-14,275.51,277.47,269.50,273.69,250.67,240.51,239.22,182.84,162.42,235.3292,1,219.7511,1,274616,346382,9.7469,4.7425,5.0044
2026-04-15,269.12,272.46,261.45,268.55,254.58,242.51,239.93,183.91,163.27,235.3292,1,225.5233,1,211031,333964,10.3150,5.8570,4.4581
2026-04-16,267.47,272.05,262.56,269.44,257.97,244.33,240.74,184.97,164.12,235.3292,1,230.7182,1,370343,332454,10.7135,6.8283,3.8852
2026-04-17,276.70,281.30,274.54,278.12,262.36,246.41,241.92,186.06,165.01,241.0062,1,235.3936,1,264048,327354,11.5965,7.7819,3.8146
2026-04-20,278.54,285.34,277.53,279.46,266.64,249.05,242.98,187.15,165.89,245.8742,1,240.9018,1,264954,324555,12.2628,8.6781,3.5847
2026-04-21,283.09,289.00,270.73,273.31,270.20,250.98,243.60,188.20,166.74,245.8742,1,247.1230,1,262053,322458,12.1546,9.3734,2.7812
2026-04-22,280.50,282.14,266.40,277.98,272.44,252.72,244.16,189.27,167.62,245.8742,1,253.8238,1,474535,325252,12.3039,9.9595,2.3444
2026-04-23,279.81,286.52,272.51,280.09,274.17,254.57,244.73,190.35,168.50,245.8742,1,259.4524,1,338916,323741,12.4488,10.4574,1.9914
2026-04-24,289.51,293.56,278.91,280.51,275.39,257.35,245.17,191.35,169.38,246.9042,1,264.1805,1,237512,316898,12.4539,10.8567,1.5972
2026-04-27,282.09,283.13,267.49,277.89,275.90,260.11,245.75,192.35,170.23,246.9042,1,293.5551,0,227531,314749,12.1073,11.1068,1.0005
2026-04-28,268.43,276.53,264.00,267.45,275.28,262.98,245.90,193.29,171.04,246.9042,1,293.5551,0,288850,311853,10.8647,11.0584,-0.1937
2026-04-29,273.42,278.44,260.79,264.99,274.92,264.75,245.96,194.20,171.85,246.9042,1,292.3731,0,211476,297648,9.5715,10.7610,-1.1895
2026-04-30,269.73,283.66,263.29,283.27,276.31,267.14,246.63,195.26,172.75,246.9042,1,290.4782,0,463137,291768,9.9074,10.5903,-0.6829
2026-05-01,282.50,285.19,274.58,278.91,276.39,269.37,247.24,196.31,173.64,246.9042,1,288.6969,0,363362,291825,9.7096,10.4141,-0.7045
2026-05-04,277.25,291.63,277.08,291.04,277.54,272.09,247.89,197.44,174.57,246.9042,1,260.7904,1,556502,292843,10.4116,10.4136,-0.0020
2026-05-05,296.52,297.50,279.71,287.17,278.93,274.56,248.56,198.55,175.49,246.9042,1,261.4071,1,442233,297142,10.5340,10.4377,0.0963
2026-05-06,294.42,294.42,280.03,293.28,280.46,276.45,249.41,199.68,176.44,246.9042,1,262.8508,1,676670,303839,10.9972,10.5496,0.4476
2026-05-07,315.64,326.29,295.27,300.28,282.48,278.32,250.31,200.81,177.43,261.7242,1,264.2367,1,700119,312225,11.7938,10.7984,0.9954
2026-05-08,318.16,323.87,308.31,312.68,285.70,280.54,251.67,201.99,178.50,264.8639,1,267.9599,1,543889,312633,13.2727,11.2933,1.9794
2026-05-11,312.94,321.11,312.94,319.17,289.82,282.86,253.18,203.20,179.61,268.3924,1,271.4597,1,392284,311375,14.7977,11.9942,2.8035
2026-05-12,312.25,312.85,297.66,311.20,294.20,284.74,254.52,204.35,180.67,268.3924,1,274.7495,1,461377,315379,15.1876,12.6328,2.5547
2026-05-13,318.45,320.98,311.14,316.78,299.38,287.15,256.22,205.61,181.74,268.3924,1,277.8419,1,293099,314694,15.7651,13.2593,2.5058
2026-05-14,316.78,316.90,307.99,313.28,302.38,289.34,257.79,206.81,182.80,268.3924,1,280.7488,1,308820,315517,15.7593,13.7593,2.0000
2026-05-15,300.92,304.20,294.58,302.66,304.75,290.57,259.24,207.94,183.82,268.3924,1,283.4813,1,368170,316736,14.7277,13.9530,0.7747
2026-05-18,313.98,314.59,289.51,295.20,305.17,291.36,260.95,209.10,184.82,268.3924,1,286.0498,1,439499,318038,13.1568,13.7937,-0.6370
2026-05-19,289.07,293.77,280.36,293.55,305.81,292.37,262.46,210.18,185.83,268.3924,1,326.2900,0,439560,317870,11.6439,13.3638,-1.7199
2026-05-20,301.49,312.21,299.58,310.99,307.58,294.02,264.18,211.37,186.92,268.3924,1,325.3713,0,351913,319404,11.7171,13.0344,-1.3173
2026-05-21,310.99,313.51,306.66,312.63,308.81,295.65,265.96,212.55,188.02,268.3924,1,324.4710,0,426430,323218,11.7724,12.7820,-1.0097
2026-05-22,314.95,321.46,311.23,320.08,309.55,297.62,268.09,213.77,189.18,270.9394,1,323.5888,0,267974,322058,12.2756,12.6807,-0.4051
2026-05-26,329.94,334.24,325.90,333.55,310.99,300.41,270.50,215.08,190.35,284.9596,1,280.3573,1,287702,324579,13.6043,12.8654,0.7388
2026-05-27,338.01,338.43,320.91,327.46,312.62,303.41,272.62,216.33,191.50,284.9596,1,281.4349,1,298784,323795,14.0045,13.0933,0.9112
2026-05-28,326.86,329.70,315.82,322.87,313.23,306.30,274.51,217.55,192.62,284.9596,1,283.7147,1,357983,326135,13.7921,13.2330,0.5591
2026-05-29,325.44,329.20,316.63,323.71,314.27,308.32,276.32,218.81,193.73,284.9596,1,285.9033,1,390571,327973,13.5362,13.2936,0.2425
2026-06-01,317.48,318.77,308.94,317.09,315.71,310.23,277.94,219.99,194.80,284.9596,1,288.0043,1,329404,327478,12.6526,13.1654,-0.5128
2026-06-02,323.81,333.93,319.84,330.80,319.27,312.22,280.02,221.25,195.93,284.9596,1,290.0214,1,372913,326385,12.9104,13.1144,-0.2040
2026-06-03,339.08,341.49,326.51,334.84,323.40,314.60,282.02,222.52,197.10,288.8074,1,291.9577,1,240168,327317,13.2873,13.1490,0.1383
2026-06-04,320.71,335.52,317.71,329.92,325.29,316.44,283.76,223.78,198.25,288.8074,1,294.9298,1,224259,327439,13.0390,13.1270,-0.0880
2026-06-05,314.94,318.58,299.83,301.37,324.17,316.49,284.92,224.85,199.26,288.8074,1,297.7235,1,288166,329588,10.4181,12.5852,-2.1671
2026-06-08,314.70,339.60,308.74,311.80,323.34,316.45,286.66,226.01,200.32,288.8074,1,299.8311,1,343174,331448,9.0780,11.8838,-2.8058
2026-06-09,320.14,331.70,297.72,320.66,322.05,316.52,288.62,227.19,201.43,288.8074,1,341.4924,0,386885,335964,8.6315,11.2333,-2.6018
2026-06-10,317.13,333.38,310.07,315.78,320.88,316.75,290.73,228.33,202.49,288.8074,1,340.6170,0,401441,338730,7.7937,10.5454,-2.7517
2026-06-11,326.44,346.95,325.80,345.00,323.10,318.16,293.04,229.72,203.69,288.8074,1,297.7231,1,347254,339995,9.3796,10.3122,-0.9327
2026-06-12,345.00,359.02,341.13,355.36,326.26,320.27,295.44,231.16,204.93,288.8074,1,298.7076,1,341534,342038,11.3416,10.5181,0.8235
2026-06-15,367.54,377.31,367.54,374.97,332.05,323.88,298.25,232.63,206.28,308.0712,1,301.1199,1,343380,344751,14.3141,11.2773,3.0368
2026-06-16,374.65,379.64,365.02,365.97,335.57,327.42,300.84,234.04,207.57,310.0266,1,305.6913,1,399315,350257,15.7618,12.1742,3.5876
2026-06-17,383.63,385.65,369.51,370.92,339.17,331.29,303.50,235.46,208.91,315.6024,1,311.6069,1,444324,355278,17.1109,13.1615,3.9493
2026-06-18,386.20,408.49,381.65,405.99,346.78,336.04,306.51,237.15,210.44,328.0163,1,319.0114,1,864268,364525,20.7710,14.6834,6.0876
2026-06-22,413.12,421.19,406.62,420.17,358.66,341.41,309.66,238.94,212.04,349.0001,1,329.7488,1,650606,371965,24.5329,16.6533,7.8796
2026-06-23,388.33,394.10,382.20,388.81,366.36,344.85,312.07,240.57,213.48,349.0001,1,342.5503,1,638511,380494,24.6989,18.2624,6.4365
2026-06-24,390.18,395.38,376.48,381.27,372.42,347.24,314.24,242.17,214.86,349.0001,1,353.5597,1,688710,391205,23.9458,19.3991,4.5467
2026-06-25,407.62,414.25,383.02,409.93,381.84,351.36,316.96,243.96,216.37,349.0001,1,363.0277,1,999720,405707,25.3694,20.5932,4.7763
2026-06-26,393.77,400.68,384.64,388.25,386.16,354.63,319.36,245.62,217.77,349.0001,1,371.1701,1,787207,417231,24.4662,21.3678,3.0984
2026-06-29,392.81,419.56,384.38,415.61,392.19,359.22,322.28,247.43,219.30,349.0001,1,378.1727,1,875971,427343,25.6627,22.2268,3.4359
2026-06-30,425.38,447.20,418.09,444.39,399.13,365.59,325.61,249.47,220.94,355.3742,1,384.1949,1,991993,441902,28.6030,23.5020,5.1010
2026-07-01,424.22,428.57,406.30,410.67,403.60,369.58,328.23,251.26,222.42,355.3742,1,384.3825,1,631373,449231,27.8908,24.3798,3.5111
2026-07-02,407.62,408.54,354.75,365.22,403.03,371.10,330.07,252.69,223.67,355.3742,1,447.2041,0,791693,459823,23.3896,24.1817,-0.7922
2026-07-06,375.49,385.22,364.33,367.72,399.20,372.99,331.86,254.15,224.92,355.3742,1,445.3550,0,470307,459739,19.7957,23.3045,-3.5089
2026-07-07,342.54,352.67,328.70,349.25,392.11,375.39,333.25,255.47,226.07,430.6490,0,443.5429,0,659499,466150,15.2807,21.6998,-6.4191
2026-07-08,341.18,357.88,341.18,349.07,388.14,377.25,334.62,256.76,227.17,430.6490,0,438.9494,0,429156,469983,11.5549,19.6708,-8.1159
2026-07-09,369.80,380.15,365.93,368.44,386.85,379.64,336.43,258.18,228.37,430.6490,0,434.5396,0,463446,474702,10.0494,17.7465,-7.6971
2026-07-10,357.61,371.09,354.67,368.24,382.68,382.26,338.44,259.56,229.58,430.6490,0,430.3061,0,317937,475283,8.7395,15.9451,-7.2056
2026-07-13,352.18,358.15,345.75,351.70,379.03,382.60,340.18,260.82,230.69,430.6490,0,426.2421,0,299894,477052,6.2946,14.0150,-7.7204
2026-07-14,372.86,372.86,352.87,358.10,373.28,382.73,341.68,262.12,231.87,430.6490,0,422.3406,0,296995,473729,4.8174,12.1755,-7.3581
2026-07-15,366.15,373.77,336.45,353.47,364.19,381.66,343.17,263.40,233.03,430.6490,0,418.5951,0,496417,476390,3.2361,10.3876,-7.1515
2026-07-16,335.81,348.75,327.08,331.69,356.29,379.94,343.98,264.51,234.08,420.3959,0,414.9995,0,369250,472645,0.2230,8.3547,-8.1317
2026-07-17,314.73,330.30,306.81,324.39,352.21,377.62,344.72,265.58,235.09,400.2585,0,409.7241,0,614768,476096,-2.7229,6.1392,-8.8621
2026-07-20,330.57,338.67,322.45,323.98,347.83,373.52,345.34,266.62,236.10,400.2585,0,401.4913,0,263607,467834,-5.0326,3.9048,-8.9374
2026-07-21,346.96,347.13,333.41,345.12,347.42,369.76,346.23,267.81,237.17,400.2585,0,393.9172,0,382195,461476,-5.0984,2.1042,-7.2026
2026-07-22,330.43,348.70,328.12,344.52,346.96,367.55,346.87,269.07,238.21,400.2585,0,386.9490,0,276217,456122,-5.1396,0.6554,-5.7951
2026-07-23,338.18,348.11,336.43,344.98,344.62,365.74,347.39,270.31,239.25,400.2585,0,380.5382,0,259700,453471,-5.0767,-0.4910,-4.5857
2026-07-24,340.77,344.81,325.78,328.87,340.68,361.68,347.74,271.47,240.20,400.2585,0,374.6403,0,279704,449837,-6.2544,-1.6437,-4.6107
2026-07-27,329.84,333.69,298.10,315.41,337.05,358.04,347.71,272.58,241.13,389.9411,0,369.2143,0,439139,452758,-8.1800,-2.9510,-5.2291
2026-07-28,296.03,296.63,276.75,285.04,329.75,351.51,347.15,273.44,241.90,364.9300,0,362.1031,0,567168,457925,-12.0175,-4.7643,-7.2533
2026-07-29,280.71,290.24,255.92,257.37,320.14,342.16,346.24,274.09,242.52,353.7894,0,351.8611,0,646498,463492,-17.0948,-7.2304,-9.8645
2026-07-30,288.53,297.29,284.52,293.03,316.27,336.28,346.20,274.97,243.38,353.7894,0,338.4296,0,886675,472435,-18.0335,-9.3910,-8.6425
2026-07-31,309.71,314.40,293.88,297.17,313.55,332.88,346.27,275.87,244.20,353.7894,0,326.8785,0,339985,470444,-18.2327,-11.1594,-7.0734
2026-08-03,288.04,313.17,288.04,309.69,312.12,329.98,346.25,276.85,245.09,353.7894,0,316.9446,0,435336,472112,-17.1824,-12.3640,-4.8184
2026-08-04,326.97,329.03,320.15,320.46,309.66,328.54,346.40,277.89,246.01,353.7894,0,255.9220,1,927734,482138,-15.3045,-12.9521,-2.3524
2026-08-05,318.93,329.04,311.57,312.81,306.48,326.72,346.26,278.89,246.89,353.7894,0,257.3842,1,740857,491596,-14.2693,-13.2155,-1.0538
2026-08-06,290.75,309.38,285.31,291.04,301.09,322.85,345.41,279.76,247.66,353.7894,0,260.2506,1,827291,502388,-15.0323,-13.5789,-1.4534
2026-08-07,300.90,310.14,297.72,304.71,298.67,319.68,344.95,280.73,248.48,353.7894,0,263.0023,1,387185,504156,-14.3685,-13.7368,-0.6317
2026-08-10,304.64,309.55,291.82,292.08,296.34,316.70,344.34,281.55,249.24,353.7894,0,265.6440,1,312318,503242,-14.6920,-13.9278,-0.7642
2026-08-11,298.75,300.44,290.49,294.11,297.25,313.50,343.74,282.34,250.04,353.7894,0,268.1800,1,205654,499544,-14.6163,-14.0655,-0.5508
2026-08-12,312.61,316.71,305.27,306.54,302.16,311.15,343.53,283.17,250.88,353.7894,0,270.6146,1,371448,500385,-13.3982,-13.9321,0.5339
2026-08-13,306.70,316.10,305.28,306.01,303.46,309.87,343.04,283.99,251.70,353.7894,0,272.9517,1,289934,498725,-12.3342,-13.6125,1.2783
2026-08-14,301.73,311.79,301.73,310.44,304.79,309.17,342.55,284.87,252.53,353.7894,0,275.1954,1,366102,501244,-11.0061,-13.0912,2.0851
2026-08-17,315.13,324.94,312.82,320.44,305.86,308.99,342.36,285.77,253.43,353.7894,0,277.3494,1,376036,504280,-9.0424,-12.2814,3.2390
2026-08-18,303.59,308.85,294.41,299.96,303.81,306.73,342.33,286.53,254.22,353.7894,0,279.4172,1,428232,507081,-9.0346,-11.6321,2.5974
2026-08-19,303.88,303.88,277.97,281.34,300.67,303.58,341.72,287.12,254.94,353.7894,0,329.0440,0,432481,508867,-10.4112,-11.3879,0.9767
2026-08-20,280.65,284.28,274.06,281.62,299.72,300.41,340.94,287.73,255.63,339.1252,0,328.0225,0,313789,507405,-11.3487,-11.3801,0.0314
2026-08-21,282.34,285.20,274.62,278.85,297.14,297.91,340.20,288.23,256.30,337.0526,0,325.8638,0,258986,504556,-12.1747,-11.5390,-0.6357
2026-08-24,271.25,273.75,264.29,268.81,294.81,295.58,338.68,288.66,256.96,324.8108,0,323.7915,0,506990,507751,-13.4840,-11.9280,-1.5560
2026-08-25,274.93,274.93,266.25,270.48,292.45,294.85,336.98,289.07,257.62,323.4059,0,320.2217,0,313108,507182,-14.2230,-12.3870,-1.8360
2026-08-26,270.12,275.17,266.52,271.75,288.97,295.57,334.92,289.41,258.20,320.9743,0,316.8660,0,462763,509570,-14.5385,-12.8173,-1.7212
2026-08-27,279.03,282.56,268.44,270.99,285.47,294.46,333.02,289.73,258.79,320.9743,0,313.7117,0,214651,505877,-14.6807,-13.1900,-1.4907
2026-08-28,268.08,269.36,255.14,255.76,280.00,292.39,330.71,290.00,259.27,311.4222,0,310.7466,0,358882,504168,-15.8397,-13.7199,-2.1198
2026-08-31,258.38,259.38,254.48,256.24,273.58,289.72,327.72,290.25,259.79,302.6549,0,306.2981,0,250500,491892,-16.5290,-14.2817,-2.2472
2026-09-01,250.96,252.09,243.72,246.44,268.23,286.02,324.25,290.37,260.26,292.8134,0,301.1163,0,405123,486983,-17.6624,-14.9579,-2.7045
2026-09-02,247.30,252.98,245.90,251.38,265.23,282.95,321.50,290.47,260.80,291.9816,0,294.2287,0,273954,479692,-17.9551,-15.5573,-2.3978
2026-09-03,247.10,250.78,241.51,249.65,262.04,280.88,318.86,290.52,261.34,287.3934,0,288.1677,0,283827,471594,-18.1177,-16.0694,-2.0483
2026-09-04,255.14,260.94,253.97,260.31,260.18,278.66,315.87,290.69,261.94,287.3934,0,281.6356,0,439690,460393,-17.1883,-16.2932,-0.8952
2026-09-08,264.06,270.17,260.35,265.50,259.85,277.33,313.42,290.90,262.57,287.3934,0,276.0180,0,465315,453955,-15.8503,-16.2046,0.3543
2026-09-09,262.34,269.78,262.34,268.05,259.61,276.03,310.47,291.16,263.19,287.3934,0,271.1869,0,322142,442879,-14.4179,-15.8473,1.4293
2026-09-10,260.83,265.60,258.79,261.84,258.62,273.79,306.81,291.45,263.81,287.3934,0,270.1700,0,251707,428073,-13.6268,-15.4032,1.7764
2026-09-11,267.86,270.29,264.74,267.31,258.25,271.86,303.95,291.72,264.43,287.3934,0,241.5100,1,333496,422116,-12.4153,-14.8056,2.3903
2026-09-14,248.32,250.49,238.29,239.27,256.60,268.30,301.43,291.70,264.88,285.1167,0,270.2900,0,280951,411901,-13.5614,-14.5568,0.9953
2026-09-15,242.60,242.60,228.46,231.50,254.12,263.85,298.70,291.58,265.29,276.4260,0,270.2900,0,377877,410052,-14.9247,-14.6303,-0.2943
2026-09-16,237.80,240.48,232.03,235.28,253.01,260.62,296.42,291.47,265.71,275.7554,0,268.6168,0,225775,401378,-15.5211,-14.8085,-0.7126
2026-09-17,245.50,250.84,238.45,240.23,251.89,258.56,294.25,291.35,266.13,275.7554,0,267.0105,0,246644,397727,-15.4167,-14.9301,-0.4866
2026-09-18,244.03,252.38,243.00,252.08,252.14,257.09,291.92,291.37,266.61,275.7554,0,265.4685,0,562315,399705,-14.2139,-14.7869,0.5730
2026-09-21,258.20,259.00,251.79,256.92,251.80,255.99,289.69,291.35,267.10,275.7554,0,263.9882,0,243123,398209,-12.7234,-14.3742,1.6508
2026-09-22,253.50,260.66,252.60,260.37,251.28,255.57,287.87,291.33,267.58,275.7554,0,262.5670,0,705186,406314,-11.1355,-13.7265,2.5910
2026-09-23,260.37,263.78,253.41,262.72,250.75,255.18,285.96,291.42,268.08,275.7554,0,228.4600,1,403091,408436,-9.5770,-12.8966,3.3196
2026-09-24,256.64,259.82,254.21,257.98,250.37,254.49,284.05,291.48,268.56,275.7554,0,229.1664,1,179348,402095,-8.6250,-12.0423,3.4173
2026-09-25,261.01,262.66,257.90,260.82,249.72,253.98,282.63,291.50,269.04,275.7554,0,229.8587,1,178192,398274,-7.5542,-11.1446,3.5904
2026-09-28,259.56,259.69,251.19,258.38,251.63,254.11,281.31,291.53,269.51,275.7554,0,230.5371,1,282900,391636,-6.8239,-10.2805,3.4566
2026-09-29,264.18,266.28,261.36,266.02,255.08,254.60,280.15,291.63,270.00,275.7554,0,231.2020,1,214678,390658,-5.5644,-9.3373,3.7728
2026-09-30,267.82,268.00,260.23,265.36,258.09,255.55,278.56,291.70,270.50,275.7554,0,232.6051,1,199338,387001,-4.5669,-8.3832,3.8163
2026-10-01,265.57,275.48,262.77,271.24,261.19,256.54,277.09,291.88,271.08,275.7554,0,234.7288,1,362621,388729,-3.2643,-7.3594,4.0951
2026-10-02,284.10,284.63,278.91,279.15,263.90,258.02,275.78,292.11,271.68,249.3513,1,237.9889,1,376183,391058,-1.5755,-6.2026,4.6271
2026-10-05,279.79,284.21,273.60,280.50,266.25,259.03,274.81,292.36,272.30,249.3513,1,242.6530,1,315591,391776,-0.1268,-4.9875,4.8607
2026-10-06,285.40,286.38,276.56,281.41,268.36,259.82,274.13,292.69,272.97,249.4001,1,246.8507,1,297113,388936,1.0823,-3.7735,4.8558
2026-10-07,271.72,274.99,269.11,273.15,269.40,260.08,273.89,292.94,273.55,249.4001,1,251.5942,1,277001,383132,1.3584,-2.7471,4.1055
2026-10-08,266.69,274.07,257.60,260.38,269.64,260.00,273.95,293.14,274.06,249.4001,1,255.7685,1,332089,376844,0.5405,-2.0896,2.6301
2026-10-09,266.09,267.96,256.65,264.50,270.01,259.86,273.38,293.51,274.57,249.4001,1,286.3800,0,168328,362477,0.2222,-1.6272,1.8494
