rsRating,symbol,longName,sector,industry,country,marketCap,currentPrice,averageVolume10days,averageVolume3months,averageDollarVolume,revenueGrowth,earningsGrowth,earningsQuarterlyGrowth,grossMargins,operatingMargins,profitMargins,returnOnEquity,returnOnAssets,totalCash,totalDebt,debtToEquity,currentRatio,quickRatio,operatingCashflow,freeCashflow,sharesOutstanding,floatShares,heldPercentInsiders,heldPercentInstitutions,sharesShort,shortRatio,shortPercentOfFloat,trailingPE,forwardPE,priceToSalesTrailing12Months,priceToBook,enterpriseToRevenue,enterpriseToEbitda,targetMeanPrice,targetHighPrice,targetLowPrice,recommendationMean,recommendationKey,numberOfAnalystOpinions,epsRevisionUpLast7Days,epsRevisionUpLast30Days,epsRevisionDownLast7Days,epsRevisionDownLast30Days,nextEarningsDate,beta,website,retrievedAt
81.23,MSFT,Microsoft Corporation,Technology,Software - Infrastructure,United States,3973186846720,535.07,20896100,27591040,14763137772.800001,0.177,0.317,0.313,0.67944,0.45111,0.40305,0.34039003,0.14088,76842999808,128812998656,29.118,1.23,1.099,182934994944,16545500160,7425545491,7414407173,0.00079,0.758,67346414,3.21,0.0091,29.808912,22.59842,11.973236,8.98296,11.851,20.247,587.6338,870.0,440.0,1.28571,strong_buy,53,1,17,0,5,2026-10-28,1.099,https://www.microsoft.com,2026-10-10T21:36:06.075750+01:00
Date,Open,High,Low,Close,Ma10:Top:Line,Ma20:Top:Line,Ma50:Top:Line,Ma150:Top:Line,Ma200:Top:Line,Supertrend:Top:ColorLine,Supertrend_Dir,ParabolicSAR:Top:ColorLine,ParabolicSAR_Dir,Volume:Middle:Histogram,Vo50:Middle:Line,Macd:Bottom:Line,MacdSignal:Bottom:Line,MacdDelta:Bottom:Histogram
2023-08-03,317.87,321.65,317.82,318.51,,,,,,,0,317.8175,1,5962754,,,,
2023-08-04,323.60,326.78,319.08,319.60,,,,,,,0,317.8175,1,7781989,,,,
2023-08-07,320.18,322.85,319.35,321.87,,,,,,,0,317.8175,1,5856646,,,,
2023-08-08,318.80,320.55,314.94,317.92,,,,,,,0,326.7783,0,7279914,,,,
2023-08-09,318.32,318.95,313.04,314.19,,,,,,,0,326.5415,0,7209349,,,,
2023-08-10,317.89,320.07,313.17,314.87,,,,,,,0,326.0015,0,6495317,,,,
2023-08-11,312.27,314.37,311.25,313.00,,,,,,,0,325.4830,0,7818359,,,,
2023-08-14,313.37,315.97,312.09,315.96,,,,,,,0,324.6288,0,6103650,,,,
2023-08-15,314.94,316.98,312.89,313.83,,,,,,,0,323.8258,0,5460773,,,,
2023-08-16,313.46,317.00,312.48,313.07,316.28,,,,,330.1743,0,323.0710,0,6631927,,,,
2023-08-17,313.20,314.50,308.97,309.63,315.39,,,,,327.2901,0,322.3615,0,6735982,,,,
2023-08-18,307.29,311.09,304.42,309.24,314.36,,,,,323.7553,0,321.2904,0,7834463,,,,
2023-08-21,310.65,315.38,309.78,314.51,313.62,,,,,323.7553,0,319.6034,0,7737995,,,,
2023-08-22,318.05,318.62,314.10,315.08,313.34,,,,,323.7553,0,304.4200,1,5186640,,,,
2023-08-23,316.41,321.67,316.06,319.52,313.87,,,,,323.7553,0,304.7039,1,6921413,,,,
2023-08-24,325.23,325.36,312.64,312.65,313.65,,,,,323.7553,0,305.3824,1,7449350,,,,
2023-08-25,314.11,317.91,311.50,315.59,313.91,,,,,323.7553,0,306.5810,1,7003531,,,,
2023-08-28,318.21,318.69,314.36,316.29,313.94,,,,,323.7553,0,307.7077,1,4793512,,,,
2023-08-29,314.51,321.45,314.51,320.89,314.65,,,,,323.7553,0,308.7668,1,6333256,,,,
2023-08-30,321.15,322.26,318.98,321.27,315.47,315.87,,,,323.7553,0,309.7624,1,5004874,,,,
2023-08-31,321.67,323.34,319.30,320.26,316.53,315.96,,,,323.7553,0,310.6982,1,8656470,,,,
2023-09-01,323.73,324.39,319.30,321.14,317.72,316.04,,,,323.7553,0,311.5779,1,4910838,,,,
2023-09-05,321.47,327.19,321.14,325.92,318.86,316.24,,,,307.2567,1,312.4048,1,6188653,,,,
2023-09-06,325.75,326.81,322.62,325.26,319.88,316.61,,,,308.2447,1,313.5874,1,5837317,,,,
2023-09-07,323.71,325.46,321.50,322.36,320.16,317.02,,,,308.2447,1,314.6753,1,6064076,,,,
2023-09-08,322.54,328.47,321.92,326.62,321.56,317.60,,,,308.8203,1,315.6762,1,6528326,,,,
2023-09-11,329.52,330.68,327.75,330.21,323.02,318.46,,,,313.2619,1,316.9553,1,5604160,,,,
2023-09-12,328.13,329.08,323.89,324.18,323.81,318.87,,,,313.2619,1,318.6017,1,5827706,,,,
2023-09-13,323.73,329.14,323.59,328.37,324.56,319.60,,,,313.2619,1,320.0505,1,5559911,,,,
2023-09-14,331.39,333.06,328.87,330.95,325.53,320.50,,,,314.8946,1,321.3254,1,6864433,,,,
2023-09-15,329.21,329.68,322.11,322.66,325.77,321.15,,,,314.8946,1,333.0592,0,12442624,,,,
2023-09-18,320.30,322.84,318.89,321.53,325.81,321.76,,,,314.8946,1,333.0592,0,5539462,,,,
2023-09-19,318.71,321.85,317.08,321.13,325.33,322.09,,,,314.8946,1,332.4925,0,5424664,,,,
2023-09-20,321.97,322.05,313.17,313.43,324.14,322.01,,,,334.9960,0,331.5679,0,6876186,,1.8568,3.6356,-1.7788
2023-09-21,311.95,317.90,307.79,312.22,323.13,321.65,,,,331.5281,0,330.0965,0,11362615,,0.9318,3.0948,-2.1631
2023-09-22,313.97,314.09,308.91,309.76,321.44,321.50,,,,329.8701,0,327.8660,0,6799199,,0.0001,2.4759,-2.4758
2023-09-25,309.34,310.40,307.79,310.27,319.45,321.24,,,,326.4076,0,325.8585,0,5663644,,-0.6886,1.8430,-2.5316
2023-09-26,307.92,308.65,302.92,305.00,317.53,320.67,,,,323.5732,0,323.6904,0,8208533,,-1.6413,1.1461,-2.7874
2023-09-27,305.15,307.11,302.60,305.63,315.26,319.91,,,,322.2129,0,320.7832,0,6071285,,-2.3183,0.4533,-2.7715
2023-09-28,303.87,308.26,302.37,306.46,312.81,319.17,,,,322.2129,0,317.8743,0,6173565,,-2.7560,-0.1886,-2.5674
2023-09-29,310.48,312.16,307.77,308.52,311.39,318.58,,,,322.2129,0,315.0832,0,7624510,,-2.9031,-0.7315,-2.1716
2023-10-02,309.04,314.52,307.97,314.44,310.69,318.25,,,,322.2129,0,302.3681,1,6619426,,-2.5136,-1.0879,-1.4257
2023-10-03,313.49,314.03,304.09,306.22,309.19,317.26,,,,322.2129,0,302.6112,1,6591689,,-2.8354,-1.4374,-1.3980
2023-10-04,306.84,312.72,306.81,311.66,309.02,316.58,,,,322.2129,0,302.8494,1,6608883,,-2.6211,-1.6741,-0.9469
2023-10-05,311.79,312.66,307.69,312.05,309.00,316.06,,,,322.2129,0,303.0829,1,5418134,,-2.3921,-1.8177,-0.5743
2023-10-06,309.31,321.66,309.06,319.77,310.00,315.72,,,,322.2129,0,303.3117,1,8401943,,-1.5696,-1.7681,0.1985
2023-10-09,317.32,322.74,315.78,322.27,311.20,315.33,,,,298.7234,1,304.0455,1,6560516,,-0.7078,-1.5560,0.8482
2023-10-10,323.39,323.52,320.17,320.87,312.79,315.16,,,,302.3563,1,305.1672,1,6750746,,-0.1360,-1.2720,1.1360
2023-10-11,323.63,325.20,321.61,324.81,314.71,314.98,,,,304.5653,1,306.6356,1,6669409,,0.6277,-0.8921,1.5198
2023-10-12,323.00,325.99,321.20,323.58,316.42,314.61,317.30,,,305.2005,1,308.4924,1,6395726,6716927,1.1206,-0.4895,1.6102
2023-10-13,324.77,326.19,318.89,320.23,317.59,314.49,317.33,,,305.2005,1,310.5927,1,6906058,6735793,1.2267,-0.1463,1.3730
2023-10-16,323.47,328.45,323.03,325.03,318.65,314.67,317.44,,,306.4045,1,312.7763,1,7370637,6727566,1.6786,0.2187,1.4599
2023-10-17,322.05,325.83,319.92,324.46,320.47,314.83,317.50,,,306.4045,1,315.2837,1,6089482,6732223,1.9682,0.5686,1.3997
2023-10-18,324.88,327.91,320.79,322.56,321.56,315.29,317.59,,,306.4045,1,317.3899,1,7643235,6739489,2.0208,0.8590,1.1617
2023-10-19,324.55,329.17,323.34,323.74,322.73,315.87,317.78,,,306.8132,1,319.1590,1,8300262,6761307,2.1332,1.1139,1.0194
2023-10-20,324.13,324.32,318.00,319.19,322.67,316.34,317.87,,,306.8132,1,329.1703,0,8175799,6794917,1.8346,1.2580,0.5766
2023-10-23,318.02,325.12,316.97,321.78,322.63,316.91,318.04,,,306.8132,1,329.1703,0,8027076,6799091,1.7862,1.3636,0.4226
2023-10-24,323.72,324.25,320.10,322.97,322.83,317.81,318.18,,,306.8132,1,328.6821,0,10297199,6882962,1.8223,1.4554,0.3669
2023-10-25,337.12,338.28,329.89,332.87,323.64,319.17,318.56,,,312.2555,1,316.9661,1,18755179,7148850,2.6202,1.6883,0.9318
2023-10-26,332.75,333.81,319.46,320.39,323.32,319.87,318.71,,,312.2555,1,317.3923,1,12403587,7264284,2.2193,1.7945,0.4248
2023-10-27,322.87,329.01,320.88,322.26,323.52,320.56,318.96,,,312.2555,1,317.8100,1,9846972,7326503,2.0295,1.8415,0.1880
2023-10-30,325.78,331.68,324.24,329.59,323.98,321.32,319.37,,,312.2555,1,318.2194,1,7700146,7323817,2.4424,1.9617,0.4807
2023-10-31,331.10,331.24,327.03,330.37,324.57,322.52,319.69,,,312.2555,1,318.6205,1,6851900,7306095,2.8003,2.1294,0.6709
2023-11-01,332.01,339.47,331.88,338.15,326.13,323.85,320.15,,,312.2555,1,319.0136,1,9744916,7397261,3.6693,2.4374,1.2319
2023-11-02,339.29,340.85,336.88,340.35,327.79,325.26,320.56,,,316.2914,1,319.8319,1,8480930,7428451,4.4837,2.8467,1.6371
2023-11-03,341.63,346.28,339.38,344.73,330.35,326.51,321.20,,,320.4461,1,321.0928,1,8339380,7446252,5.4199,3.3613,2.0586
2023-11-06,345.36,349.36,345.26,348.37,333.00,327.82,321.86,,,325.7752,1,323.1077,1,8495504,7476091,6.3823,3.9655,2.4168
2023-11-07,351.17,354.16,349.45,352.28,335.94,329.39,322.58,,,330.6852,1,325.7327,1,9313896,7566499,7.3754,4.6475,2.7279
2023-11-08,353.40,355.54,352.30,354.89,338.14,330.89,323.26,,,333.9335,1,329.1445,1,9722065,7634275,8.2776,5.3735,2.9041
2023-11-09,354.01,356.44,352.11,352.44,341.34,332.33,323.88,,,334.9903,1,332.8403,1,8962173,7713421,8.6944,6.0377,2.6567
2023-11-10,353.22,361.63,352.81,361.21,345.24,334.38,324.70,,,337.1017,1,336.6165,1,10366323,7747618,9.6218,6.7545,2.8673
2023-11-13,359.79,360.04,357.53,358.29,348.11,336.04,325.45,,,339.5716,1,341.1189,1,7328650,7795974,10.0058,7.4048,2.6010
2023-11-14,362.52,363.44,358.94,361.80,351.25,337.91,326.16,,,342.3564,1,344.8109,1,10250517,7877212,10.4724,8.0183,2.4541
2023-11-15,363.52,365.33,359.44,361.94,353.63,339.88,326.90,,,343.6647,1,348.5363,1,9929374,7959053,10.7303,8.5607,2.1696
2023-11-16,363.21,368.48,362.44,368.31,356.42,342.11,327.82,,,346.6538,1,351.8951,1,10225166,8042274,11.3178,9.1121,2.2057
2023-11-17,365.80,366.54,359.33,362.12,358.16,344.25,328.53,,,346.6538,1,355.2128,1,14852067,8208749,11.1555,9.5208,1.6347
2023-11-20,363.46,370.95,363.25,369.55,360.28,346.64,329.31,,,346.7890,1,357.8669,1,19802427,8492715,11.4940,9.9154,1.5786
2023-11-21,367.82,368.36,363.36,365.27,361.58,348.76,330.13,,,346.7890,1,359.3288,1,10603806,8588237,11.2869,10.1897,1.0972
2023-11-22,370.10,371.85,367.13,369.95,363.09,350.61,330.97,,,349.3970,1,361.6532,1,8821022,8653459,11.3694,10.4257,0.9437
2023-11-24,369.44,370.07,367.30,369.54,364.80,353.07,331.74,,,349.7675,1,363.3627,1,3840954,8592989,11.2716,10.5948,0.6768
2023-11-27,368.90,372.68,368.34,370.70,365.75,355.49,332.70,,,352.1810,1,365.0604,1,8397267,8512082,11.1587,10.7076,0.4511
2023-11-28,370.44,374.99,370.26,374.70,367.39,357.75,333.76,,,354.7071,1,366.5851,1,7827402,8557841,11.2626,10.8186,0.4440
2023-11-29,375.74,376.27,369.55,370.93,368.30,359.78,334.76,,,354.7679,1,368.2670,1,10972784,8668803,10.9149,10.8379,0.0770
2023-11-30,370.58,372.15,367.62,370.99,369.21,361.42,335.91,,,354.7679,1,376.2672,0,11577368,8762827,10.5228,10.7749,-0.2521
2023-12-01,368.88,370.26,363.55,366.68,369.04,362.73,337.00,,,354.7679,1,376.2672,0,12373998,8783055,9.7520,10.5703,-0.8183
2023-12-04,361.38,361.80,355.31,361.42,368.97,363.57,338.03,,,354.7679,1,375.7585,0,11835847,8883788,8.6176,10.1797,-1.5622
2023-12-05,358.79,365.28,357.98,364.73,368.49,364.39,339.12,,,354.7679,1,374.5318,0,8592174,8942358,7.8945,9.7227,-1.8282
2023-12-06,365.73,366.36,360.34,361.09,368.07,364.83,340.24,,,354.7679,1,373.3788,0,7811958,8934427,6.9475,9.1677,-2.2201
2023-12-07,360.53,363.69,358.66,363.20,367.40,365.24,341.39,,,354.7679,1,372.2949,0,8575956,8984520,6.2944,8.5930,-2.2987
2023-12-08,361.48,366.63,360.53,366.41,367.09,365.94,342.59,,,354.7679,1,371.2761,0,7542381,9011896,5.9670,8.0678,-2.1008
2023-12-11,360.78,363.83,358.45,363.54,366.37,366.06,343.69,,,354.7679,1,370.3184,0,10288277,9065172,5.4138,7.5370,-2.1232
2023-12-12,363.10,366.59,362.72,366.55,365.55,366.47,344.74,,,354.7679,1,369.4182,0,9298963,9118763,5.1591,7.0614,-1.9023
2023-12-13,368.16,369.75,363.02,366.54,365.12,366.71,345.94,,,354.7679,1,355.3145,1,11588810,9218705,4.9001,6.6292,-1.7291
2023-12-14,365.51,365.95,356.52,358.28,363.85,366.53,346.87,,,354.7679,1,355.6032,1,15836535,9403258,3.9821,6.0997,-2.1177
2023-12-15,359.18,364.62,358.62,362.98,363.48,366.26,347.89,,,354.7679,1,355.8860,1,29103159,9876958,3.5924,5.5983,-2.0059
2023-12-18,361.73,365.20,360.97,364.86,363.82,366.40,348.80,,,354.7679,1,356.1633,1,8124851,9871417,3.3960,5.1578,-1.7618
2023-12-19,363.72,365.46,362.11,365.46,363.89,366.19,349.66,,,354.7679,1,356.4349,1,7690537,9894017,3.2512,4.7765,-1.5253
2023-12-20,367.16,368.17,362.78,362.87,364.07,366.07,350.50,,,354.7679,1,356.7012,1,9753495,9954072,2.8944,4.4001,-1.5057
2023-12-21,364.77,366.58,362.31,365.73,364.32,365.86,351.32,,,354.7679,1,356.9621,1,6614646,9952977,2.8100,4.0821,-1.2721
2023-12-22,365.87,367.34,364.92,366.75,364.36,365.72,352.18,,,354.7679,1,357.2177,1,6408127,9953225,2.7931,3.8243,-1.0312
2023-12-26,367.16,369.06,365.69,366.83,364.69,365.53,353.11,,,354.7679,1,357.4683,1,4748104,9910066,2.7542,3.6103,-0.8560
2023-12-27,365.88,367.22,365.02,366.25,364.66,365.11,353.94,,,354.7679,1,357.7139,1,5575663,9874166,2.6463,3.4175,-0.7712
2023-12-28,367.52,368.59,366.34,367.44,364.75,364.93,354.80,,,354.7679,1,357.9545,1,5376637,9859909,2.6261,3.2592,-0.6331
2023-12-29,368.14,369.28,365.67,368.18,365.74,364.79,355.71,,,354.7679,1,358.1904,1,7043530,9847915,2.6397,3.1353,-0.4956
2024-01-02,366.05,368.04,359.10,363.12,365.75,364.61,356.50,,,354.7679,1,358.4215,1,9367657,9869263,2.2165,2.9516,-0.7350
2024-01-03,361.30,365.46,360.81,362.85,365.55,364.68,357.37,,,354.7679,1,358.6480,1,8554745,9876842,1.8386,2.7290,-0.8904
2024-01-04,362.92,365.30,359.50,360.25,365.03,364.46,358.14,,,354.7679,1,358.8700,1,7690498,9870110,1.3138,2.4459,-1.1321
2024-01-05,361.26,364.28,358.84,360.06,364.75,364.41,358.88,,,354.7679,1,369.7465,0,7724442,9818655,0.8728,2.1313,-1.2585
2024-01-08,361.58,367.36,361.30,366.86,364.86,364.59,359.56,,,354.7679,1,369.5283,0,8668079,9616913,1.0594,1.9169,-0.8575
2024-01-09,364.23,368.13,363.43,367.94,364.98,364.67,360.51,,,354.7679,1,369.3145,0,7827706,9525396,1.2794,1.7894,-0.5100
2024-01-10,368.50,376.14,368.45,374.77,365.77,365.23,361.56,,,355.5654,1,358.8392,1,9766070,9523778,1.9824,1.8280,0.1544
2024-01-11,377.93,382.51,372.43,376.59,366.81,365.73,362.50,,,359.3877,1,359.1853,1,10712253,9584020,2.6559,1.9936,0.6623
2024-01-12,377.43,380.56,376.61,380.35,368.10,366.42,363.50,,,361.1177,1,360.1184,1,8414726,9615276,3.4532,2.2855,1.1677
2024-01-16,385.43,385.79,379.52,382.11,369.49,367.61,364.38,,,365.0545,1,361.0142,1,10616241,9632703,4.1790,2.6642,1.5148
2024-01-17,379.87,381.96,376.77,381.33,371.31,368.53,365.20,,,365.0545,1,362.5010,1,8659515,9636275,4.6377,3.0589,1.5788
2024-01-18,383.53,385.75,381.97,385.64,373.59,369.57,366.02,,,366.8320,1,363.8986,1,9213446,9653756,5.2878,3.5047,1.7831
2024-01-19,387.49,390.34,385.27,390.34,376.60,370.81,366.86,,,370.9620,1,365.2123,1,11693430,9717714,6.1118,4.0261,2.0857
2024-01-22,391.66,392.25,385.36,388.22,379.41,372.08,367.58,,,371.5801,1,367.2222,1,10712471,9745686,6.5190,4.5247,1.9943
2024-01-23,387.48,391.03,385.70,390.56,381.78,373.32,368.29,,,371.5801,1,369.7246,1,8187781,9715000,6.9504,5.0098,1.9406
2024-01-24,393.15,397.15,392.08,394.15,384.41,374.69,369.12,,,377.2462,1,371.9768,1,10010459,9735966,7.4951,5.5069,1.9882
2024-01-25,395.87,398.50,394.12,396.41,386.57,376.17,369.83,,,379.3610,1,374.9977,1,8510853,9698857,8.0169,6.0089,2.0080
2024-01-26,395.92,397.68,394.02,395.49,388.46,377.63,370.57,,,379.4971,1,378.2884,1,7191287,9696109,8.2608,6.4593,1.8016
2024-01-29,397.57,401.41,395.88,401.16,390.54,379.32,371.36,,,382.1506,1,381.1184,1,10042319,9691945,8.8101,6.9294,1.8807
2024-01-30,403.64,404.42,397.95,400.05,392.33,380.91,372.12,,,384.4021,1,384.3651,1,13678612,9766930,9.0518,7.3539,1.6979
2024-01-31,398.45,406.64,388.91,389.27,393.13,382.22,372.54,,,384.4021,1,387.9743,1,19032591,9943079,8.2780,7.5387,0.7393
2024-02-01,393.43,399.47,393.40,395.34,394.10,383.84,373.21,,,384.4021,1,388.9073,1,12378966,9893617,8.0617,7.6433,0.4184
2024-02-02,395.37,404.02,395.12,402.62,395.33,385.96,373.87,,,384.4021,1,388.9073,1,11619720,9729962,8.3815,7.7910,0.5905
2024-02-05,401.33,402.57,395.55,397.17,396.22,387.82,374.51,,,384.4021,1,392.4536,1,10284160,9723569,8.1014,7.8530,0.2484
2024-02-06,397.40,399.44,394.49,397.01,396.87,389.33,375.05,,,384.4021,1,406.6388,0,7453960,9696228,7.7772,7.8379,-0.0607
2024-02-07,398.92,405.64,398.88,405.40,397.99,391.20,375.76,,,384.4021,1,406.3958,0,9250084,9804411,8.1032,7.8909,0.2122
2024-02-08,405.40,406.87,403.91,405.45,398.90,392.73,376.46,,,385.0061,1,394.4882,1,8789609,9812258,8.2708,7.9669,0.3039
2024-02-09,406.57,412.02,406.41,411.76,400.52,394.49,377.20,,,388.9018,1,394.7359,1,9265894,9841028,8.8110,8.1357,0.6752
2024-02-12,411.77,411.95,406.08,406.58,401.07,395.80,377.91,,,388.9685,1,395.4274,1,8804716,9797666,8.7206,8.2527,0.4679
2024-02-13,396.48,401.50,394.96,397.83,400.84,396.59,378.45,,,388.9685,1,412.0238,0,11305814,9792235,7.8521,8.1726,-0.3205
2024-02-14,400.28,402.02,396.85,401.67,402.08,397.61,379.15,,,388.9685,1,411.9455,0,8354087,9711837,7.3889,8.0159,-0.6269
2024-02-15,400.35,401.32,396.57,398.80,402.43,398.26,379.90,,,388.9685,1,411.6058,0,8873375,9652587,6.7126,7.7552,-1.0426
2024-02-16,400.17,400.49,395.74,396.35,401.80,398.56,380.53,,,388.9685,1,411.2728,0,9009124,9660926,5.9106,7.3863,-1.4757
2024-02-20,395.54,396.77,390.41,395.10,401.59,398.91,381.21,,,388.9685,1,410.9466,0,9790979,9700507,5.1155,6.9321,-1.8167
2024-02-21,392.53,394.61,389.64,394.50,401.34,399.10,381.84,,,388.9685,1,410.1251,0,7447931,9677946,4.3865,6.4230,-2.0365
2024-02-22,402.36,404.95,400.77,403.79,401.18,399.59,382.58,,,388.9685,1,408.8958,0,11118625,9749471,4.5064,6.0397,-1.5333
2024-02-23,407.73,407.92,401.16,402.51,400.89,399.89,383.36,,,388.9685,1,389.6364,1,6686860,9677443,4.4465,5.7210,-1.2746
2024-02-26,403.60,404.29,399.58,399.76,399.69,400.11,384.03,,,388.9685,1,390.0020,1,6599499,9623454,4.1297,5.4028,-1.2730
2024-02-27,400.20,400.52,396.14,399.70,399.00,400.03,384.69,,,388.9685,1,390.3604,1,6045292,9512583,3.8298,5.0882,-1.2583
2024-02-28,400.39,401.49,397.58,399.94,399.21,400.03,385.52,,,388.9685,1,390.7116,1,5375014,9303353,3.5700,4.7845,-1.2145
2024-02-29,400.84,406.29,398.17,405.74,399.62,400.85,386.38,,,388.9685,1,391.0558,1,13214682,8985583,3.7890,4.5854,-0.7964
2024-03-01,403.42,407.93,403.04,407.57,400.50,401.46,387.23,,,388.9685,1,391.3931,1,7405623,8971199,4.0629,4.4809,-0.4180
2024-03-04,405.55,409.38,404.45,407.00,401.56,401.68,388.06,,,388.9685,1,392.0546,1,7300933,8963407,4.1859,4.4219,-0.2361
2024-03-05,406.06,406.34,392.99,394.96,401.55,401.57,388.70,,,388.9685,1,409.3820,0,10839016,8985117,3.2744,4.1924,-0.9181
2024-03-06,395.28,397.42,390.78,394.41,401.54,401.44,389.28,,,388.9685,1,409.3820,0,8984339,9032511,2.4791,3.8497,-1.3707
2024-03-07,398.37,401.96,394.56,401.33,401.29,401.24,389.97,353.15,,388.9685,1,408.6381,0,7658487,9057518,2.3794,3.5557,-1.1763
2024-03-08,400.17,402.58,396.61,398.46,400.89,400.89,390.60,353.68,,388.9685,1,407.9240,0,7312854,9108813,2.0457,3.2537,-1.2080
2024-03-11,396.05,397.93,393.60,396.80,400.59,400.14,391.21,354.20,,388.9685,1,407.2384,0,6521186,9127724,1.6279,2.9285,-1.3006
2024-03-12,399.84,407.64,399.02,407.35,401.36,400.18,392.01,354.77,,388.9685,1,390.7840,1,9325943,9206710,2.1240,2.7676,-0.6436
2024-03-13,410.12,410.20,403.59,407.18,402.08,400.65,392.79,355.36,,388.9685,1,391.1211,1,7104810,9207935,2.4744,2.7090,-0.2346
2024-03-14,412.22,419.65,410.01,417.10,403.22,401.42,393.87,356.05,,392.1773,1,391.8841,1,14524367,9311069,3.5126,2.8697,0.6429
2024-03-15,411.28,414.53,404.91,408.47,403.31,401.90,394.78,356.67,,392.1773,1,393.5502,1,18772173,9515418,3.5974,3.0152,0.5821
2024-03-18,406.34,412.70,405.88,409.35,403.54,402.55,395.77,357.32,,392.1773,1,395.1163,1,8390636,9529421,3.6932,3.1508,0.5424
2024-03-19,409.85,413.62,407.62,413.36,405.38,403.46,396.83,357.96,,392.1773,1,396.5884,1,8359890,9542130,4.0463,3.3299,0.7164
2024-03-20,413.94,417.83,412.63,417.11,407.65,404.59,397.84,358.65,,392.8615,1,397.9723,1,7594651,9520661,4.5757,3.5791,0.9966
2024-03-21,421.62,422.59,419.00,421.17,409.64,405.46,398.90,359.37,,399.0248,1,399.2731,1,9143949,9546986,5.2623,3.9157,1.3466
2024-03-22,421.50,421.65,417.94,420.55,411.85,406.37,399.82,360.11,,399.0816,1,401.1388,1,7566618,9502997,5.6909,4.2708,1.4202
2024-03-25,417.12,419.25,413.56,414.79,413.64,407.12,400.58,360.82,,399.0816,1,402.8553,1,7637063,9441493,5.5018,4.5170,0.9848
2024-03-26,417.48,417.86,413.31,413.60,414.27,407.81,401.25,361.48,,399.0816,1,404.4345,1,7052349,9414246,5.1963,4.6528,0.5434
2024-03-27,416.34,416.35,411.01,413.38,414.89,408.48,401.87,362.13,,399.0816,1,405.8873,1,7039988,9342721,4.8804,4.6984,0.1821
2024-03-28,412.92,413.82,411.12,412.69,414.45,408.83,402.50,362.75,,399.0816,1,407.2239,1,9201651,9353563,4.5218,4.6630,-0.1412
2024-04-01,415.86,419.72,414.16,416.46,415.25,409.28,403.12,363.45,,399.0816,1,408.4536,1,6927284,9307840,4.4906,4.6286,-0.1380
2024-04-02,412.09,414.32,409.86,413.39,415.65,409.60,403.58,364.10,,399.0816,1,409.5849,1,7548833,9224948,4.1700,4.5369,-0.3668
2024-04-03,411.72,415.18,411.09,412.42,415.56,410.47,404.06,364.74,,399.0816,1,409.8627,1,6938392,9149467,3.7939,4.3883,-0.5944
2024-04-04,416.88,420.49,409.60,409.90,414.84,411.24,404.45,365.33,,399.0816,1,422.5949,0,8094712,9147605,3.2548,4.1616,-0.9067
2024-04-05,411.99,418.37,410.33,417.40,414.46,412.05,404.91,365.97,,399.0816,1,422.3349,0,7044398,9088284,3.3933,4.0079,-0.6147
2024-04-08,417.05,419.12,415.22,416.48,414.05,412.95,405.31,366.61,,399.0816,1,422.0802,0,6059918,9039265,3.3903,3.8844,-0.4941
2024-04-09,418.30,419.57,413.57,418.14,414.39,414.02,405.77,367.26,,399.0816,1,421.8305,0,5327179,9001983,3.4815,3.8038,-0.3223
2024-04-10,414.13,415.93,411.69,415.18,414.55,414.41,406.05,367.86,,399.0816,1,421.5859,0,6863838,8938413,3.2770,3.6984,-0.4214
2024-04-11,417.69,421.17,414.30,419.76,415.18,415.04,406.44,368.49,,399.0816,1,421.3461,0,7688361,8818608,3.4449,3.6477,-0.2029
2024-04-12,415.95,417.06,411.76,413.85,415.30,414.87,406.93,369.10,,399.0816,1,421.1726,0,8123178,8600420,3.0653,3.5312,-0.4660
2024-04-15,418.46,418.67,405.54,405.74,414.23,414.74,407.14,369.62,,399.0816,1,421.1726,0,8385931,8520559,2.0866,3.2423,-1.1557
2024-04-16,406.66,410.41,405.83,406.66,413.55,414.60,407.22,370.13,,399.0816,1,420.5471,0,6950682,8427179,1.3696,2.8678,-1.4981
2024-04-17,409.28,410.88,402.50,403.98,412.71,414.13,407.36,370.67,,399.0816,1,419.9467,0,6529929,8352094,0.5779,2.4098,-1.8319
2024-04-18,402.79,404.03,396.24,396.55,411.37,413.11,407.35,371.12,,421.7584,0,418.8997,0,8501757,8373050,-0.6413,1.7996,-2.4409
2024-04-19,396.32,397.74,390.18,391.50,408.78,411.62,407.07,371.52,,415.6898,0,417.0867,0,12199422,8432037,-1.9923,1.0412,-3.0335
2024-04-22,392.44,395.16,388.19,393.30,406.47,410.26,406.83,372.00,,413.3252,0,414.3957,0,8134235,8418929,-2.8840,0.2562,-3.1402
2024-04-23,396.52,400.41,395.36,399.79,404.63,409.51,406.59,372.52,,413.3252,0,411.2515,0,6412910,8361870,-3.0326,-0.4016,-2.6310
2024-04-24,401.74,404.60,399.01,401.25,403.24,408.89,406.48,373.05,,413.3252,0,408.4847,0,6162612,8309028,-2.9978,-0.9208,-2.0770
2024-04-25,386.51,392.26,380.62,391.42,400.40,407.79,406.35,373.57,,411.6417,0,406.0498,0,16195637,8406824,-3.7205,-1.4808,-2.2397
2024-04-26,404.30,405.12,398.01,398.56,398.88,407.09,406.29,374.15,,411.6417,0,380.6218,1,12065551,8481053,-3.6746,-1.9195,-1.7551
2024-04-29,397.51,398.56,391.57,394.57,397.76,405.99,406.21,374.71,,411.6417,0,380.6218,1,7876900,8461124,-3.9153,-2.3187,-1.5966
2024-04-30,393.82,394.48,381.74,381.90,395.28,404.42,405.92,375.19,,411.6417,0,381.1117,1,11205462,8505051,-5.0702,-2.8690,-2.2012
2024-05-01,385.11,394.05,382.86,387.40,393.62,403.17,405.76,375.74,,411.6417,0,381.5918,1,9305774,8495346,-5.4783,-3.3908,-2.0874
2024-05-02,390.07,392.29,387.12,390.24,392.99,402.18,405.68,376.30,,411.6417,0,381.7400,1,7045508,8487298,-5.5087,-3.8144,-1.6943
2024-05-03,394.60,399.38,394.19,398.90,393.73,401.26,405.58,376.92,,411.6417,0,382.2075,1,7094875,8406823,-4.7795,-4.0074,-0.7721
2024-05-06,400.96,406.03,398.61,405.64,394.97,400.72,405.64,377.57,,411.6417,0,382.6657,1,7028774,8413661,-3.6154,-3.9290,0.3136
2024-05-07,406.74,406.75,401.28,401.52,395.14,399.89,405.68,378.15,,411.6417,0,383.6001,1,8194250,8445556,-2.9909,-3.7414,0.7505
2024-05-08,400.38,404.36,398.95,402.70,395.29,399.26,405.74,378.79,,411.6417,0,384.9893,1,4841211,8421475,-2.3735,-3.4678,1.0943
2024-05-09,402.73,404.84,401.29,404.45,396.59,398.50,405.83,379.41,,411.6417,0,386.2952,1,6056857,8435112,-1.7235,-3.1190,1.3954
2024-05-10,405.06,407.45,403.94,406.82,397.41,398.15,405.85,380.04,,411.6417,0,387.5226,1,5558470,8281987,-1.0053,-2.6962,1.6910
2024-05-13,410.03,410.36,402.98,405.82,398.54,398.15,405.82,380.61,,411.6417,0,389.1168,1,6387920,8261633,-0.5109,-2.2592,1.7483
2024-05-14,404.15,409.52,403.69,408.61,401.21,398.25,405.85,381.19,,411.6417,0,391.2414,1,6293930,8241493,0.1045,-1.7864,1.8909
2024-05-15,410.66,416.47,410.04,415.75,404.05,398.84,406.26,381.82,,391.5030,1,393.1536,1,9409087,8212895,1.1553,-1.1981,2.3534
2024-05-16,414.49,418.05,413.07,413.70,406.39,399.69,406.65,382.42,,394.4879,1,395.9514,1,7379997,8180808,1.8016,-0.5981,2.3998
2024-05-17,415.22,415.59,410.79,412.93,407.79,400.76,406.88,383.01,366.58,394.4879,1,399.0453,1,6451148,8156661,2.2263,-0.0332,2.2596
2024-05-20,412.93,419.38,412.71,417.97,409.03,402.00,407.27,383.66,367.08,395.6818,1,401.7060,1,6921175,8148827,2.9358,0.5606,2.3753
2024-05-21,419.44,425.47,417.49,421.61,411.04,403.09,407.77,384.31,367.59,400.7586,1,404.5334,1,9204324,8202490,3.7483,1.1981,2.5502
2024-05-22,422.64,424.92,419.73,423.06,413.07,404.18,408.08,384.96,368.10,402.1194,1,408.3020,1,7781089,8171593,4.4582,1.8501,2.6080
2024-05-23,425.47,426.09,418.05,419.60,414.59,405.59,408.33,385.61,368.60,402.1194,1,411.3922,1,7349396,8176485,4.6876,2.4176,2.2700
2024-05-24,419.79,423.59,417.06,422.71,416.18,406.80,408.44,386.27,369.15,402.1194,1,414.3316,1,5099676,7987991,5.0616,2.9464,2.1152
2024-05-28,422.19,423.36,419.21,422.87,417.88,408.21,408.73,386.96,369.69,402.1194,1,416.6831,1,6763770,7747823,5.3095,3.4190,1.8905
2024-05-29,418.32,423.48,418.32,421.74,419.19,410.20,408.98,387.63,370.23,402.1194,1,417.0582,1,6659474,7713200,5.3531,3.8059,1.5472
2024-05-30,416.95,416.95,407.06,407.49,418.37,411.21,408.86,388.19,370.69,402.1194,1,426.0890,0,11774348,7781489,4.1896,3.8826,0.3070
2024-05-31,409.53,409.53,397.50,407.94,417.79,412.09,408.68,388.69,371.16,402.1194,1,425.7085,0,19924289,8028082,3.2663,3.7593,-0.4930
2024-06-03,408.33,409.22,401.84,406.36,417.13,412.46,408.38,389.26,371.63,402.1194,1,424.5803,0,7230273,7989808,2.3795,3.4834,-1.1039
2024-06-04,405.29,409.23,402.58,408.86,416.22,412.63,408.15,389.84,372.12,402.1194,1,423.4972,0,5970147,7957879,1.8575,3.1582,-1.3007
2024-06-05,410.57,416.73,409.09,416.67,415.73,413.38,408.18,390.42,372.66,402.1194,1,422.4574,0,7203082,7949199,2.0498,2.9365,-0.8867
2024-06-06,416.67,417.94,413.29,417.17,415.14,414.11,408.26,391.00,373.17,402.1194,1,421.4592,0,6308919,7934330,2.2170,2.7926,-0.5756
2024-06-07,418.82,418.90,415.67,416.51,414.83,414.71,408.32,391.52,373.68,402.1194,1,420.5010,0,5773558,7909002,2.2703,2.6881,-0.4179
2024-06-10,417.34,420.66,416.55,420.46,414.60,415.39,408.47,392.06,374.18,402.1194,1,397.5029,1,5982863,7844626,2.6013,2.6708,-0.0695
2024-06-11,418.11,425.32,417.88,425.18,414.84,416.36,408.65,392.59,374.75,402.1194,1,397.9661,1,6295970,7832000,3.2080,2.7782,0.4298
2024-06-12,427.78,435.72,425.75,433.42,416.00,417.60,409.05,393.16,375.34,409.4434,1,399.0604,1,9864836,7878320,4.3037,3.0833,1.2204
2024-06-13,433.21,435.71,431.76,433.93,418.65,418.51,409.48,393.71,375.92,413.3892,1,401.2599,1,7047882,7880510,5.1539,3.4974,1.6565
2024-06-14,430.69,435.46,429.15,434.90,421.35,419.57,409.98,394.24,376.49,413.3892,1,403.3275,1,6010986,7838835,5.8388,3.9657,1.8731
2024-06-17,434.92,443.13,433.09,440.60,424.77,420.95,410.44,394.83,377.09,416.9114,1,405.2710,1,9321612,7884379,6.7636,4.5253,2.2383
2024-06-18,441.92,442.34,437.18,438.61,427.74,421.98,410.89,395.34,377.68,419.1391,1,408.2996,1,7637993,7915941,7.2520,5.0706,2.1813
2024-06-20,438.57,438.80,433.63,437.98,429.88,422.80,411.28,395.87,378.27,419.1391,1,411.0859,1,8859357,7986584,7.5017,5.5568,1.9449
2024-06-21,439.63,442.77,438.78,441.99,432.36,423.75,411.82,396.41,378.85,421.2355,1,413.6493,1,15376674,8156841,7.9318,6.0318,1.8999
2024-06-24,442.01,444.91,438.68,439.92,434.70,424.76,412.22,396.93,379.42,422.3376,1,416.0077,1,7124086,8145556,8.0129,6.4281,1.5849
2024-06-25,440.49,443.60,439.01,443.14,436.97,425.79,412.81,397.43,380.02,422.4198,1,418.8976,1,7401623,8131125,8.2423,6.7909,1.4514
2024-06-26,441.22,445.74,440.43,444.33,438.88,426.86,413.58,397.98,380.61,424.4922,1,421.4986,1,7463805,8112682,8.4229,7.1173,1.3056
2024-06-27,444.35,448.27,443.94,445.01,440.04,428.02,414.35,398.48,381.19,428.0760,1,424.4079,1,6705033,8107769,8.5225,7.3983,1.1242
2024-06-28,445.22,447.49,438.68,439.21,440.57,429.61,415.05,398.97,381.76,428.0760,1,427.7483,1,12676530,8230701,8.0410,7.5269,0.5141
2024-07-01,440.89,449.45,437.94,448.82,441.96,431.65,416.10,399.50,382.36,428.0760,1,430.6210,1,8067131,8222009,8.3387,7.6892,0.6494
2024-07-02,445.35,451.63,445.26,451.32,443.03,433.90,417.29,400.04,382.97,428.1417,1,433.6332,1,6420643,8106433,8.6768,7.8867,0.7901
2024-07-03,450.25,453.03,449.95,452.79,444.45,436.10,418.48,400.59,383.62,432.2927,1,436.8724,1,4576736,8035283,8.9596,8.1013,0.8583
2024-07-05,451.65,460.24,451.02,459.46,446.60,438.24,419.68,401.15,384.31,435.5844,1,440.1047,1,7481100,8056647,9.6114,8.4033,1.2081
2024-07-08,458.47,459.60,456.41,458.16,448.21,440.29,420.81,401.74,384.99,439.0117,1,444.1312,1,6043543,8054265,9.9090,8.7045,1.2045
2024-07-09,458.91,459.23,450.07,451.58,449.38,442.04,422.02,402.27,385.68,439.0117,1,447.3524,1,7907397,7888501,9.5041,8.8644,0.6397
2024-07-10,453.23,458.38,450.91,458.17,450.88,443.93,423.21,402.88,386.41,439.0117,1,449.9293,1,8483932,7816868,9.6045,9.0124,0.5921
2024-07-11,454.96,456.73,443.73,446.82,451.13,445.01,424.25,403.45,387.10,439.0117,1,460.2370,0,10508663,7869504,8.6683,8.9436,-0.2753
2024-07-12,446.46,448.45,442.84,445.69,451.20,445.62,425.53,403.99,387.77,439.0117,1,459.9069,0,7403886,7793472,7.7459,8.7041,-0.9582
2024-07-15,445.45,449.34,443.61,446.10,451.89,446.23,426.70,404.56,388.48,439.0117,1,459.2243,0,6550370,7738364,6.9671,8.3567,-1.3896
2024-07-16,446.35,446.43,438.92,441.73,451.18,446.57,427.73,405.08,389.16,439.0117,1,458.5691,0,7720820,7751870,5.9294,7.8712,-1.9418
2024-07-17,434.92,437.14,431.57,435.84,449.63,446.33,428.47,405.55,389.81,456.7659,0,457.3903,0,9658978,7803152,4.5786,7.2127,-2.6341
2024-07-18,436.64,436.95,426.88,432.74,447.63,446.04,429.01,406.01,390.43,455.1000,0,455.3249,0,9157406,7845725,3.2211,6.4144,-3.1933
2024-07-19,425.60,433.50,424.52,429.54,444.64,445.62,429.58,406.43,391.00,452.5719,0,452.4799,0,9153258,7864905,1.8653,5.5045,-3.6393
2024-07-22,434.14,436.90,431.31,435.27,442.35,445.28,430.23,406.89,391.65,452.5719,0,449.1243,0,7002350,7908128,1.2388,4.6514,-3.4126
2024-07-23,436.21,440.62,435.42,437.14,440.90,445.14,430.88,407.41,392.28,452.5719,0,446.1714,0,5830694,7903605,0.8835,3.8978,-3.0143
2024-07-24,432.82,433.83,420.18,421.47,437.23,444.06,431.17,407.80,392.82,452.5090,0,443.5728,0,11497007,8022375,-0.6552,2.9872,-3.6424
2024-07-25,421.37,422.35,410.28,411.15,433.67,442.40,431.28,408.11,393.28,442.8905,0,440.6227,0,12528486,8145187,-2.6763,1.8545,-4.5308
2024-07-26,410.96,421.49,410.04,417.90,430.89,441.05,431.47,408.46,393.76,442.8905,0,435.7675,0,10029482,8219898,-3.6908,0.7454,-4.4363
2024-07-29,424.10,424.66,417.34,419.34,428.21,440.05,431.54,408.84,394.25,442.8905,0,431.1369,0,6454633,8160809,-4.3292,-0.2695,-4.0597
2024-07-30,420.31,421.62,410.13,415.59,425.60,438.39,431.58,409.17,394.71,442.8905,0,427.3398,0,13824240,8289693,-5.0786,-1.2313,-3.8473
2024-07-31,413.22,414.47,405.07,411.10,423.13,436.38,431.54,409.46,395.14,437.7486,0,424.6641,0,17943617,8519543,-5.9661,-2.1783,-3.7879
2024-08-01,413.50,420.06,405.93,409.88,420.84,434.23,431.38,409.75,395.59,437.7486,0,421.6178,0,12636931,8633858,-6.6907,-3.0808,-3.6100
2024-08-02,405.34,407.81,397.34,401.41,418.03,431.33,430.97,409.98,395.97,432.8123,0,420.0553,0,12025087,8690273,-7.8579,-4.0362,-3.8217
2024-08-05,382.43,394.09,378.90,388.30,413.33,427.84,430.28,410.12,396.29,420.4657,0,420.0553,0,16086240,8856376,-9.7285,-5.1747,-4.5539
2024-08-06,393.07,398.64,391.60,392.69,408.89,424.90,429.74,410.29,396.64,420.4657,0,411.8244,0,9968870,8908766,-10.7336,-6.2864,-4.4472
2024-08-07,401.56,402.98,390.58,391.53,405.89,421.56,429.12,410.48,396.98,420.4657,0,405.2397,0,8227938,8971331,-11.4913,-7.3274,-4.1639
2024-08-08,395.47,398.83,393.01,395.71,404.35,419.01,428.57,410.70,397.36,420.4657,0,402.9764,0,8135546,8998767,-11.6200,-8.1859,-3.4340
2024-08-09,397.03,400.98,395.29,398.99,402.46,416.67,428.12,410.95,397.75,420.4657,0,402.9764,0,7826726,9022112,-11.3273,-8.8142,-2.5131
2024-08-12,400.01,401.68,397.24,399.76,400.50,414.36,427.96,411.22,398.13,420.4657,0,378.9008,1,6819315,8923011,-10.9071,-9.2328,-1.6743
2024-08-13,402.49,407.76,402.48,406.84,399.62,412.61,427.94,411.49,398.50,420.4657,0,379.3563,1,8037715,8685279,-9.8891,-9.3640,-0.5250
2024-08-14,407.61,410.48,405.31,409.64,399.48,411.30,428.01,411.76,398.95,420.4657,0,380.4926,1,7614781,8692970,-8.7554,-9.2423,0.4869
2024-08-15,413.27,414.56,411.16,414.48,399.94,410.39,428.12,412.03,399.41,420.4657,0,382.2921,1,8737257,8748312,-7.3811,-8.8701,1.4890
2024-08-16,414.06,414.79,410.81,411.96,400.99,409.51,428.03,412.26,399.82,420.4657,0,384.8736,1,9530905,8794868,-6.4212,-8.3803,1.9591
2024-08-19,412.44,415.19,409.98,414.97,403.66,408.49,427.98,412.49,400.25,420.4657,0,387.8650,1,6421588,8797122,-5.3557,-7.7754,2.4197
2024-08-20,415.14,419.24,415.08,418.19,406.21,407.55,428.02,412.74,400.65,420.4657,0,391.1441,1,6961452,8820880,-4.2031,-7.0609,2.8578
2024-08-21,417.48,419.77,415.16,417.54,408.81,407.35,427.96,412.98,401.03,420.4657,0,395.0772,1,6814785,8837518,-3.3040,-6.3095,3.0056
2024-08-22,417.76,420.15,408.16,409.09,410.15,407.25,427.64,413.13,401.35,420.4657,0,399.0279,1,8045837,8872515,-3.2364,-5.6949,2.4585
2024-08-23,410.50,412.74,405.68,410.31,411.28,406.87,427.17,413.27,401.66,420.4657,0,402.8304,1,7708031,8829379,-3.0493,-5.1658,2.1165
2024-08-26,409.89,410.79,404.94,407.06,412.01,406.25,426.64,413.39,401.94,420.4657,0,420.1529,0,5438551,8797193,-3.1271,-4.7580,1.6310
2024-08-27,406.44,407.92,403.87,407.40,412.07,405.84,426.09,413.50,402.20,420.4657,0,419.8487,0,5583902,8788651,-3.1249,-4.4314,1.3065
2024-08-28,408.43,408.55,400.98,404.21,411.52,405.50,425.36,413.57,402.46,420.4657,0,419.2095,0,6110837,8724435,-3.3420,-4.2135,0.8715
2024-08-29,408.49,415.49,404.21,406.70,410.74,405.34,424.72,413.64,402.69,420.4657,0,418.1155,0,7041713,8712510,-3.2761,-4.0260,0.7499
2024-08-30,409.14,411.00,405.72,410.65,410.61,405.80,424.17,413.74,402.95,420.4657,0,417.0871,0,10139965,8738122,-2.8715,-3.7951,0.9237
2024-09-03,411.41,413.35,400.70,403.07,409.42,406.54,423.40,413.75,403.16,420.4657,0,416.1204,0,8317200,8596932,-3.1264,-3.6614,0.5350
2024-09-04,399.60,404.84,398.08,402.54,407.86,407.03,422.65,413.77,403.36,420.4657,0,414.8868,0,6189029,8578231,-3.3329,-3.5957,0.2628
2024-09-05,401.28,406.68,399.81,402.04,406.31,407.56,421.83,413.86,403.53,420.4657,0,413.3503,0,5797300,8546145,-3.4968,-3.5759,0.0791
2024-09-06,402.70,404.26,394.57,395.45,404.94,407.55,420.85,413.86,403.69,420.4657,0,411.8235,0,7877136,8554411,-4.1107,-3.6829,-0.4278
2024-09-09,400.91,402.29,395.90,399.41,403.85,407.57,419.94,413.83,403.84,420.4657,0,409.7527,0,6205528,8544421,-4.2292,-3.7921,-0.4370
2024-09-10,401.85,409.86,401.36,407.76,403.92,407.97,419.31,413.91,404.06,420.4657,0,394.5670,1,8115959,8453210,-3.6078,-3.7553,0.1475
2024-09-11,409.04,417.40,403.21,416.46,404.83,408.45,418.66,414.04,404.29,420.4657,0,394.8727,1,8150670,8454881,-2.3857,-3.4813,1.0957
2024-09-12,416.73,420.72,413.22,420.36,406.44,408.98,418.04,414.13,404.54,420.4657,0,395.7737,1,7427964,8475027,-1.0900,-3.0031,1.9131
2024-09-13,419.21,425.11,418.84,423.89,408.16,409.45,417.46,414.26,404.81,396.9987,1,397.2707,1,6835444,8520201,0.2195,-2.3586,2.5781
2024-09-16,423.90,426.79,421.56,424.63,409.56,410.09,416.77,414.34,405.06,400.1239,1,399.4982,1,5967459,8489928,1.3019,-1.6265,2.9283
2024-09-17,433.38,434.98,425.55,428.38,412.09,410.76,416.17,414.49,405.34,405.5138,1,402.2272,1,8213108,8533320,2.4342,-0.8143,3.2486
2024-09-18,428.24,429.25,423.72,424.11,414.25,411.05,415.62,414.66,405.61,405.5138,1,406.1574,1,8141447,8538001,2.9528,-0.0609,3.0137
2024-09-19,434.37,434.63,430.11,431.87,417.23,411.77,415.10,414.87,405.94,407.6719,1,409.6159,1,9522468,8558772,3.9443,0.7401,3.2042
2024-09-20,430.42,432.41,427.47,428.50,420.54,412.74,414.73,415.06,406.27,407.6719,1,412.6595,1,24012583,8828850,4.4076,1.4736,2.9340
2024-09-23,427.53,429.67,423.70,426.77,423.27,413.56,414.35,415.27,406.58,407.6719,1,415.3378,1,6558530,8811943,4.5822,2.0953,2.4868
2024-09-24,426.27,426.61,419.47,422.50,424.75,414.34,413.88,415.45,406.89,407.6719,1,417.6947,1,7302671,8826989,4.3259,2.5414,1.7844
2024-09-25,423.15,426.38,421.91,425.39,425.64,415.24,413.55,415.65,407.20,407.6719,1,419.4736,1,5788718,8788347,4.3066,2.8945,1.4121
2024-09-26,428.32,428.53,422.46,424.60,426.06,416.25,413.33,415.79,407.49,407.6719,1,419.4736,1,6250544,8720178,4.1797,3.1515,1.0281
2024-09-27,424.81,425.13,420.82,421.36,425.81,416.99,413.10,415.92,407.78,407.6719,1,434.9787,0,6375829,8664547,3.7742,3.2760,0.4981
2024-09-30,421.55,423.73,418.75,423.61,425.71,417.64,412.98,416.08,408.07,407.6719,1,434.6956,0,7232181,8626125,3.5925,3.3393,0.2532
2024-10-01,421.79,421.82,412.30,414.15,424.29,418.19,412.56,416.17,408.30,407.6719,1,434.0579,0,8032192,8646722,2.6546,3.2024,-0.5478
2024-10-02,416.01,416.24,410.23,410.64,422.94,418.59,412.03,416.25,408.57,407.6719,1,432.7523,0,6916975,8668448,1.6099,2.8839,-1.2740
2024-10-03,411.14,413.03,407.85,410.06,420.76,419.00,411.80,416.27,408.80,407.6719,1,430.9505,0,5700933,8552526,0.7268,2.4525,-1.7257
2024-10-04,411.74,413.22,408.52,409.59,418.87,419.70,411.77,416.29,409.02,407.6719,1,428.6401,0,7975745,8461471,-0.0111,1.9598,-1.9709
2024-10-07,409.53,410.62,402.64,403.17,416.51,419.89,411.47,416.26,409.21,427.0291,0,426.5609,0,8567495,8432231,-1.1012,1.3476,-2.4487
2024-10-08,404.51,409.20,401.82,408.26,415.08,419.92,411.25,416.35,409.44,426.0790,0,423.6903,0,7974583,8462630,-1.5366,0.7707,-2.3074
2024-10-09,409.39,413.84,407.86,410.97,413.64,419.64,411.16,416.46,409.67,426.0790,0,420.6288,0,6251171,8311169,-1.6443,0.2877,-1.9320
2024-10-10,408.77,410.86,406.72,409.37,412.12,419.09,411.13,416.52,409.88,426.0790,0,417.9959,0,5758719,8067471,-1.8372,-0.1373,-1.6999
2024-10-11,409.67,410.64,406.82,409.85,410.97,418.39,411.12,416.59,410.09,426.0790,0,415.7316,0,5888805,7932509,-1.9297,-0.4957,-1.4339
2024-10-14,411.27,417.45,411.03,412.62,409.87,417.79,411.35,416.70,410.33,426.0790,0,401.8224,1,6979981,7831606,-1.7587,-0.7483,-1.0103
2024-10-15,415.61,415.91,408.80,412.23,409.68,416.98,411.83,416.73,410.55,426.0790,0,402.1349,1,7914270,7668167,-1.6360,-0.9259,-0.7102
2024-10-16,408.71,409.89,404.10,409.65,409.58,416.26,412.17,416.75,410.76,426.0790,0,402.4411,1,6453563,7597861,-1.7271,-1.0861,-0.6410
2024-10-17,415.79,415.93,409.13,410.24,409.59,415.18,412.54,416.70,410.99,426.0790,0,402.7412,1,6175790,7556818,-1.7316,-1.2152,-0.5164
2024-10-18,410.65,413.12,409.79,411.66,409.80,414.33,412.86,416.72,411.24,426.0790,0,403.0353,1,7169479,7537497,-1.6024,-1.2926,-0.3097
2024-10-21,409.65,412.44,407.32,412.27,410.71,413.61,413.13,416.74,411.50,426.0790,0,403.3235,1,5949231,7499947,-1.4341,-1.3209,-0.1132
2024-10-22,411.98,423.88,411.54,420.86,411.97,413.53,413.55,416.79,411.80,426.0790,0,403.6059,1,10893896,7581438,-0.6004,-1.1768,0.5764
2024-10-23,424.16,424.38,415.96,418.00,412.67,413.16,413.77,416.80,412.06,426.0790,0,404.4170,1,8345258,7587589,-0.1689,-0.9753,0.8064
2024-10-24,418.72,419.36,415.83,418.12,413.55,412.83,413.94,416.78,412.31,426.0790,0,405.6146,1,5768513,7550664,0.1813,-0.7439,0.9253
2024-10-25,420.12,425.79,419.94,421.49,414.71,412.84,414.08,416.78,412.54,426.0790,0,406.7403,1,7235350,7520626,0.7222,-0.4507,1.1729
2024-10-28,424.95,425.22,419.67,419.96,415.45,412.66,414.24,416.82,412.76,426.0790,0,408.2646,1,6348683,7456981,1.0153,-0.1575,1.1728
2024-10-29,421.34,426.43,419.18,425.23,416.75,413.21,414.45,416.89,412.98,426.0790,0,409.6669,1,7621369,7480977,1.6542,0.2048,1.4494
2024-10-30,430.64,431.68,425.38,425.80,418.36,413.97,414.60,416.98,413.20,426.0790,0,411.3436,1,12867378,7599095,2.1815,0.6002,1.5813
2024-10-31,408.90,409.69,399.98,400.03,417.34,413.47,414.25,416.89,413.29,426.0790,0,431.6807,0,21931116,7901422,0.5138,0.5829,-0.0691
2024-11-01,402.65,409.04,401.16,403.99,416.58,413.19,414.15,416.81,413.39,426.0790,0,431.6807,0,9943429,7939374,-0.4829,0.3697,-0.8527
2024-11-04,403.43,404.04,399.26,402.11,415.56,413.14,413.98,416.73,413.44,426.0790,0,431.0467,0,8035347,7945920,-1.4084,0.0141,-1.4225
2024-11-05,402.02,408.45,401.73,405.06,413.98,412.98,413.94,416.69,413.53,426.0790,0,429.7754,0,7252394,7982197,-1.8818,-0.3651,-1.5167
2024-11-06,406.01,413.91,404.14,413.65,413.54,413.11,414.07,416.71,413.64,426.0790,0,428.5549,0,11211159,8094742,-1.5464,-0.6013,-0.9451
2024-11-07,414.73,420.21,413.35,418.81,413.61,413.58,414.36,416.72,413.77,426.0790,0,427.3832,0,8466823,8141862,-0.8538,-0.6518,-0.2020
2024-11-08,418.71,419.87,415.22,415.97,413.06,413.89,414.54,416.72,413.87,426.0790,0,426.2584,0,7137292,8143773,-0.5283,-0.6271,0.0988
2024-11-11,415.95,418.20,409.53,411.51,412.22,413.83,414.56,416.67,413.95,426.0790,0,425.1786,0,10242625,8145827,-0.6231,-0.6263,0.0032
2024-11-12,411.75,417.84,410.71,416.45,411.34,414.04,414.83,416.68,414.02,426.0790,0,424.1419,0,8207290,8143628,-0.2960,-0.5603,0.2643
2024-11-13,415.08,422.65,411.71,418.59,410.62,414.49,415.15,416.67,414.12,426.0790,0,423.1468,0,9142736,8202703,0.1341,-0.4214,0.5555
2024-11-14,418.39,421.51,413.47,420.25,412.64,414.99,415.51,416.72,414.27,426.0790,0,422.6534,0,12912100,8344999,0.6022,-0.2167,0.8189
2024-11-15,413.29,416.22,407.21,408.55,413.09,414.83,415.78,416.73,414.34,426.0790,0,422.6534,0,11722754,8421911,0.0284,-0.1677,0.1960
2024-11-18,408.42,411.89,405.69,409.29,413.81,414.69,415.97,416.75,414.37,426.0790,0,421.7177,0,10280498,8503410,-0.3619,-0.2065,-0.1554
2024-11-19,406.69,411.44,405.15,411.29,414.44,414.21,416.04,416.80,414.44,426.0790,0,420.8195,0,7575995,8492611,-0.5040,-0.2660,-0.2380
2024-11-20,410.39,410.80,404.19,409.03,413.97,413.76,415.89,416.88,414.50,426.0790,0,419.9573,0,7973959,8489077,-0.7903,-0.3709,-0.4195
2024-11-21,413.80,414.08,404.72,407.26,412.82,413.22,415.63,416.99,414.51,426.0790,0,419.1295,0,8579521,8512108,-1.1465,-0.5260,-0.6205
2024-11-22,405.78,411.73,405.48,411.34,412.36,412.71,415.38,417.11,414.54,426.0790,0,418.3348,0,10347688,8582353,-1.0874,-0.6383,-0.4492
2024-11-25,412.70,415.36,409.22,413.10,412.52,412.37,415.15,417.20,414.55,426.0790,0,417.5720,0,11596756,8694939,-0.8879,-0.6882,-0.1997
2024-11-26,413.89,423.21,413.16,422.18,413.09,412.21,415.03,417.34,414.62,426.0790,0,399.2628,1,10040174,8731480,0.0024,-0.5501,0.5525
2024-11-27,419.34,421.43,416.29,417.25,412.95,411.79,414.89,417.51,414.72,426.0790,0,399.7418,1,7754422,8723740,0.3065,-0.3788,0.6853
2024-11-29,414.38,419.11,412.13,417.71,412.70,412.67,414.61,417.64,414.80,426.0790,0,400.2113,1,6890499,8671100,0.5782,-0.1874,0.7656
2024-12-02,415.84,427.12,415.59,425.13,414.36,413.73,414.54,417.84,414.93,426.0790,0,400.6713,1,8708899,8365027,1.3763,0.1254,1.2509
2024-12-03,424.00,426.60,421.93,425.34,415.96,414.89,414.51,418.13,415.08,426.0790,0,401.7292,1,7891823,8391692,2.0032,0.5009,1.5022
2024-12-04,427.15,433.70,426.75,431.48,417.98,416.21,414.69,418.42,415.26,406.7519,1,402.7449,1,11377032,8473180,2.9609,0.9929,1.9680
2024-12-05,431.97,438.62,430.25,436.61,420.74,417.36,414.91,418.73,415.47,410.7940,1,404.6021,1,9603880,8549483,4.0868,1.6117,2.4751
2024-12-06,436.29,440.04,435.77,437.55,423.77,418.29,415.17,418.99,415.64,415.3488,1,407.3236,1,8348431,8591441,4.9970,2.2888,2.7082
2024-12-09,436.59,442.24,434.52,439.96,426.63,419.49,415.55,419.22,415.83,415.7609,1,410.5954,1,8538785,8634700,5.8460,3.0002,2.8458
2024-12-10,438.35,443.51,435.60,437.31,429.05,420.78,415.82,419.46,416.01,416.8282,1,414.3929,1,8188083,8653818,6.2329,3.6467,2.5861
2024-12-11,438.02,444.23,438.02,442.89,431.12,422.11,416.39,419.73,416.23,418.5922,1,418.4699,1,8620698,8665588,6.9103,4.2994,2.6109
2024-12-12,443.01,449.96,443.01,443.45,433.74,423.35,417.05,419.99,416.45,424.0851,1,422.5921,1,9366493,8714578,7.4072,4.9210,2.4862
2024-12-13,442.35,445.30,439.53,441.20,436.09,424.40,417.67,420.22,416.62,424.0851,1,427.5192,1,9024924,8781058,7.5319,5.4432,2.0887
2024-12-16,441.20,446.04,439.23,445.46,438.12,426.24,418.39,420.48,416.81,424.0851,1,431.5595,1,10656982,8834683,7.8836,5.9313,1.9524
2024-12-17,444.88,449.11,443.46,448.29,440.42,428.19,419.29,420.74,417.02,425.0214,1,434.8725,1,10331466,8869962,8.2952,6.4041,1.8912
2024-12-18,445.19,446.50,431.08,431.45,440.42,429.20,419.76,420.85,417.20,425.0214,1,449.9650,0,10691780,8924306,7.1800,6.5592,0.6207
2024-12-19,435.62,437.16,430.39,431.09,439.87,430.30,420.16,420.97,417.39,425.0214,1,449.5874,0,10035826,8999999,6.1960,6.4866,-0.2906
2024-12-20,427.23,437.71,422.81,430.67,439.18,431.47,420.59,421.08,417.53,425.0214,1,448.8197,0,28057532,9445975,5.3207,6.2534,-0.9327
2024-12-23,430.81,431.71,426.95,429.34,438.12,432.37,420.98,421.16,417.69,425.0214,1,447.2590,0,8336126,9494922,4.4680,5.8963,-1.4283
2024-12-24,428.75,433.63,428.29,433.36,437.72,433.39,421.39,421.24,417.87,425.0214,1,445.7920,0,3147580,9418274,4.0701,5.5311,-1.4610
2024-12-26,433.12,434.95,430.70,432.16,436.65,433.88,421.79,421.30,417.99,425.0214,1,444.4130,0,3589961,9331788,3.6160,5.1481,-1.5321
2024-12-27,428.70,429.31,420.56,424.68,434.77,434.26,422.09,421.33,418.08,448.9449,0,443.1168,0,7800213,9358721,2.6225,4.6430,-2.0205
2024-12-30,420.27,421.74,416.17,419.06,432.56,434.32,422.27,421.31,418.09,443.1201,0,441.3122,0,5590210,9347009,1.3657,3.9875,-2.6218
2024-12-31,420.31,420.93,414.95,415.78,429.59,433.86,422.35,421.26,418.13,441.4840,0,438.7980,0,5583400,9315288,0.1035,3.2107,-3.1072
2025-01-02,419.75,420.28,409.22,412.90,426.05,433.23,422.36,421.20,418.15,439.2590,0,435.9359,0,7072537,9337754,-1.1164,2.3453,-3.4617
2025-01-03,415.36,418.27,413.84,417.60,424.66,432.54,422.30,421.27,418.17,439.2590,0,432.1951,0,7054239,9260961,-1.6841,1.5394,-3.2235
2025-01-06,422.19,428.42,419.70,422.04,423.76,431.81,422.38,421.36,418.19,439.2590,0,428.9781,0,8802415,9270104,-1.7556,0.8804,-2.6360
2025-01-07,423.17,424.80,415.09,416.63,422.36,430.77,422.35,421.43,418.17,439.2590,0,428.4216,0,7661412,9307962,-2.2228,0.2598,-2.4826
2025-01-08,417.71,421.17,415.82,418.79,421.30,429.71,422.29,421.50,418.16,439.2590,0,428.4216,0,6391581,9291086,-2.3912,-0.2704,-2.1208
2025-01-10,418.86,418.94,409.38,413.26,419.29,428.51,422.16,421.47,418.15,438.7347,0,425.7328,0,8463251,9333378,-2.9373,-0.8038,-2.1335
2025-01-13,409.60,412.82,406.69,411.52,417.23,426.94,421.88,421.44,418.14,433.8391,0,423.4205,0,7344547,9327841,-3.4702,-1.3371,-2.1331
2025-01-14,412.14,414.04,405.14,410.02,415.76,425.27,421.57,421.39,418.13,433.8391,0,420.7437,0,7039746,9211289,-3.9678,-1.8632,-2.1045
2025-01-15,413.44,422.34,412.59,420.52,415.91,424.23,421.98,421.39,418.16,433.8391,0,405.1421,1,8371790,8940102,-3.4751,-2.1856,-1.2895
2025-01-16,422.88,423.66,418.63,418.81,416.21,422.90,422.28,421.35,418.18,433.8391,0,405.1421,1,6496074,8871155,-3.1857,-2.3856,-0.8001
2025-01-17,428.19,428.58,422.36,423.20,417.24,421.65,422.70,421.28,418.23,433.8391,0,405.8827,1,11239513,8935238,-2.5725,-2.4230,-0.1495
2025-01-21,424.36,425.05,419.82,422.68,417.75,421.21,423.05,421.21,418.28,433.8391,0,407.2445,1,11177722,9013745,-2.1044,-2.3593,0.2549
2025-01-22,431.62,441.20,430.08,440.14,419.56,421.66,423.58,421.24,418.43,408.3986,1,408.5246,1,12406056,9037643,-0.3209,-1.9516,1.6307
2025-01-23,436.00,440.68,435.50,440.64,421.96,422.16,424.02,421.24,418.54,412.0251,1,411.1383,1,8214684,9032600,1.1202,-1.3372,2.4574
2025-01-24,439.11,440.58,435.41,438.03,423.88,422.59,424.46,421.24,418.65,412.9619,1,413.5429,1,6904911,9027952,2.0280,-0.6642,2.6922
2025-01-27,418.25,429.29,417.75,428.66,425.42,422.36,424.80,421.18,418.70,412.9619,1,415.7551,1,15491108,9132922,1.9686,-0.1376,2.1062
2025-01-28,428.70,442.29,425.52,441.13,428.38,422.81,425.29,421.17,418.83,412.9619,1,417.7486,1,10505489,9178886,2.8942,0.4687,2.4255
2025-01-29,440.62,440.81,434.42,436.32,431.01,423.39,425.65,421.15,418.92,412.9619,1,417.7486,1,10430760,9204646,3.2032,1.0156,2.1876
2025-01-30,413.08,417.12,407.55,409.35,429.90,422.90,425.43,420.92,418.89,447.7107,0,442.2906,0,22652768,9399460,1.2575,1.0640,0.1935
2025-01-31,413.29,414.98,409.28,409.42,428.96,422.58,425.45,420.69,418.91,445.6762,0,441.5958,0,14179238,9448590,-0.2758,0.7960,-1.0718
2025-02-03,406.01,409.77,403.11,405.34,427.17,422.21,425.37,420.43,418.91,438.6320,0,440.9149,0,10552056,9454021,-1.7997,0.2769,-2.0766
2025-02-04,407.09,408.30,404.18,406.77,425.58,421.67,425.28,420.21,418.92,436.4475,0,439.4027,0,8466822,9471837,-2.8590,-0.3503,-2.5087
2025-02-05,406.75,408.21,404.83,407.68,422.33,420.95,425.25,419.94,418.98,434.7226,0,437.9510,0,6743529,9447229,-3.5840,-0.9970,-2.5870
2025-02-06,408.38,412.52,408.38,410.17,419.29,420.62,425.31,419.66,419.07,434.7226,0,436.5573,0,6781941,9411277,-3.9121,-1.5801,-2.3321
2025-02-07,410.82,412.96,402.56,404.19,415.90,419.89,425.17,419.34,419.12,434.7226,0,435.2195,0,9377866,9391881,-4.6022,-2.1845,-2.4177
2025-02-10,408.09,409.82,405.34,406.62,413.70,419.56,425.04,418.98,419.16,433.8160,0,433.2597,0,8581555,9331577,-4.8961,-2.7268,-2.1693
2025-02-11,404.08,406.89,403.74,405.85,410.17,419.28,424.71,418.64,419.18,429.8724,0,431.4176,0,7463769,9280048,-5.1319,-3.2078,-1.9241
2025-02-12,401.68,405.17,398.88,403.48,406.89,418.95,424.44,418.32,419.24,426.2192,0,429.6860,0,7821540,9281391,-5.4471,-3.6557,-1.7914
2025-02-13,401.47,405.42,400.84,404.96,406.45,418.17,424.18,417.96,419.27,426.2192,0,427.2214,0,9808499,9339751,-5.5138,-4.0273,-1.4865
2025-02-14,402.25,403.36,400.37,402.88,405.80,417.38,423.74,417.67,419.31,424.0743,0,424.9540,0,9295254,9351478,-5.6694,-4.3557,-1.3136
2025-02-18,402.46,405.02,400.98,404.08,405.67,416.42,423.31,417.39,419.43,424.0743,0,422.8679,0,8775759,9369157,-5.6314,-4.6109,-1.0205
2025-02-19,402.34,409.85,402.11,409.14,405.91,415.74,422.86,417.14,419.53,424.0743,0,420.9487,0,10001846,9341653,-5.1338,-4.7154,-0.4184
2025-02-20,410.47,414.44,407.75,411.30,406.27,414.30,422.36,416.94,419.64,424.0743,0,419.1831,0,9782675,9345229,-4.5128,-4.6749,0.1621
2025-02-21,412.50,413.20,403.16,403.47,405.60,412.44,421.68,416.73,419.66,424.0743,0,417.5587,0,11235898,9402978,-4.5992,-4.6598,0.0605
2025-02-24,403.77,404.62,394.69,399.31,405.11,410.51,420.86,416.50,419.63,422.5742,0,416.0643,0,10683255,9445868,-4.9465,-4.7171,-0.2294
2025-02-25,396.45,397.26,392.10,393.28,403.78,408.74,419.98,416.26,419.59,417.4701,0,413.9265,0,11693246,9515971,-5.6432,-4.9023,-0.7409
2025-02-26,393.39,398.92,389.68,395.09,402.70,406.44,419.03,415.99,419.55,417.4701,0,411.3070,0,7842303,9500403,-5.9804,-5.1180,-0.8625
2025-02-27,396.61,401.03,387.62,387.98,401.15,404.02,417.92,415.67,419.47,417.4701,0,408.2786,0,8293138,9478936,-6.7442,-5.4432,-1.3010
2025-02-28,388.10,393.02,382.08,392.38,399.89,403.17,416.94,415.47,419.40,413.3134,0,404.9732,0,13039414,9559226,-6.9140,-5.7374,-1.1767
2025-03-03,394.19,394.19,381.68,383.98,398.00,401.90,415.71,415.29,419.29,413.3134,0,401.0322,0,8938261,9524851,-7.6385,-6.1176,-1.5209
2025-03-04,378.95,388.02,376.58,384.10,396.00,400.84,414.43,415.06,419.17,409.9823,0,397.1617,0,11402944,9546281,-8.1097,-6.5160,-1.5936
2025-03-05,384.82,397.01,384.30,396.37,394.73,400.32,413.73,414.91,419.07,409.9823,0,376.5793,1,9397142,9520388,-7.4079,-6.6944,-0.7135
2025-03-06,389.71,397.48,388.12,392.28,392.83,399.55,412.95,414.76,418.96,409.9823,0,376.5793,1,9249363,9504659,-7.0992,-6.7754,-0.3239
2025-03-07,387.77,390.22,381.07,388.75,391.35,398.48,412.11,414.61,418.84,409.9823,0,377.4155,1,8666232,9116833,-7.0588,-6.8320,-0.2268
2025-03-10,381.36,381.92,372.84,375.75,389.00,397.05,411.04,414.38,418.63,408.4384,0,397.4839,0,12484493,9199800,-7.9835,-7.0623,-0.9212
2025-03-11,374.60,381.52,372.54,376.04,387.27,395.52,409.89,414.21,418.40,407.6770,0,396.9911,0,11558147,9368011,-8.5941,-7.3687,-1.2254
2025-03-12,378.51,380.75,374.55,378.82,385.64,394.17,408.83,414.15,418.18,407.0941,0,396.0129,0,9295677,9482126,-8.7523,-7.6454,-1.1069
2025-03-13,378.71,380.85,373.07,374.38,384.28,392.72,407.82,414.03,417.95,405.7916,0,395.0739,0,7754558,9481213,-9.1313,-7.9426,-1.1887
2025-03-14,375.37,385.70,375.11,384.05,383.45,391.67,407.12,413.98,417.76,405.7916,0,394.1724,0,7752860,9524466,-8.5522,-8.0645,-0.4877
2025-03-17,382.21,388.15,381.10,384.19,383.47,390.74,406.49,413.90,417.57,405.7916,0,393.3070,0,8735761,9587513,-7.9900,-8.0496,0.0596
2025-03-18,382.58,382.88,376.68,379.07,382.97,389.49,405.81,413.77,417.35,405.7916,0,392.4761,0,7473616,9595534,-7.8669,-8.0131,0.1461
2025-03-19,381.06,385.16,379.54,383.32,381.66,388.20,405.13,413.66,417.23,405.7916,0,391.6786,0,7440521,9603260,-7.3418,-7.8788,0.5370
2025-03-20,381.26,387.24,378.83,382.35,380.67,386.75,404.33,413.49,417.11,405.7916,0,390.9129,0,7145128,9570114,-6.9240,-7.6879,0.7639
2025-03-21,378.77,387.19,378.36,386.72,380.47,385.91,403.73,413.34,417.01,405.7916,0,390.1779,0,15523593,9727358,-6.1692,-7.3841,1.2149
2025-03-24,390.81,390.81,385.29,388.52,381.75,385.37,403.13,413.17,416.91,405.7916,0,372.5368,1,8256449,9764655,-5.3641,-6.9801,1.6160
2025-03-25,389.35,391.76,388.08,390.58,383.20,385.24,402.67,413.02,416.77,405.7916,0,372.9023,1,6233649,9720063,-4.5082,-6.4857,1.9776
2025-03-26,390.42,390.72,384.06,385.45,383.86,384.75,402.15,412.83,416.62,405.7916,0,373.6566,1,6281793,9698808,-4.1954,-6.0277,1.8323
2025-03-27,385.60,387.69,382.91,386.05,385.03,384.66,401.67,412.61,416.46,405.7916,0,374.3808,1,5377037,9665554,-3.8544,-5.5930,1.7386
2025-03-28,383.58,384.61,372.56,374.40,384.06,383.76,400.75,412.33,416.23,403.2381,0,391.7611,0,8194201,9662002,-4.4722,-5.3689,0.8967
2025-03-31,368.22,372.69,362.98,371.03,382.75,383.11,399.80,412.07,415.96,393.4518,0,391.3770,0,13207985,9796240,-5.1741,-5.3299,0.1558
2025-04-01,370.30,378.41,368.90,377.76,382.62,382.79,398.89,411.85,415.68,393.4518,0,390.2411,0,7525130,9721953,-5.1289,-5.2897,0.1608
2025-04-02,373.58,380.61,372.25,377.71,382.06,381.86,397.99,411.66,415.40,393.4518,0,389.1506,0,6149626,9621391,-5.0390,-5.2396,0.2006
2025-04-03,370.44,373.10,365.06,368.78,380.70,380.69,396.56,411.40,415.07,393.4518,0,388.1037,0,11267175,9598613,-5.6231,-5.3163,-0.3068
2025-04-04,359.91,370.24,355.31,355.66,377.59,379.03,394.86,411.08,414.65,391.5873,0,387.0987,0,17707690,9788473,-7.0629,-5.6656,-1.3973
2025-04-07,346.81,366.70,340.79,353.71,374.11,377.93,393.17,410.72,414.22,387.4441,0,385.1913,0,18045090,10011277,-8.2666,-6.1858,-2.0808
2025-04-08,363.99,369.31,346.19,350.45,370.10,376.65,391.61,410.32,413.79,387.4441,0,381.6392,0,12717677,9955808,-9.3757,-6.8238,-2.5519
2025-04-09,349.44,388.67,349.00,385.96,370.15,377.01,390.51,410.21,413.51,387.4441,0,340.7895,1,19602480,10137748,-7.3048,-6.9200,-0.3848
2025-04-10,377.63,379.45,363.53,376.93,369.24,377.13,389.32,410.04,413.19,387.4441,0,341.7470,1,14500605,10219145,-6.3198,-6.8000,0.4802
2025-04-11,376.22,385.52,374.49,383.94,370.19,377.13,388.81,409.92,412.89,387.4441,0,342.6854,1,9260338,9951296,-4.9162,-6.4232,1.5070
2025-04-14,388.66,390.07,379.75,383.31,371.42,377.08,388.29,409.84,412.59,387.4441,0,343.6051,1,7465808,9817028,-3.8109,-5.9007,2.0898
2025-04-15,384.00,387.34,379.70,381.25,371.77,377.19,387.81,409.72,412.27,387.4441,0,345.4637,1,6634518,9738677,-3.0655,-5.3337,2.2682
2025-04-16,376.25,377.18,363.73,367.30,370.73,376.39,387.02,409.45,411.91,387.4441,0,347.2480,1,8163454,9732610,-3.5599,-4.9789,1.4190
2025-04-17,369.41,369.98,362.63,363.51,370.20,375.45,386.13,409.09,411.48,387.4441,0,348.9609,1,7767587,9753091,-4.2087,-4.8249,0.6162
2025-04-21,358.61,360.25,351.54,354.95,370.13,373.86,385.03,408.66,411.00,387.4441,0,350.6053,1,7472317,9766898,-5.3518,-4.9303,-0.4216
2025-04-22,359.16,363.50,355.68,362.56,371.02,372.56,384.20,408.25,410.55,387.4441,0,351.5432,1,7147488,9722291,-5.5794,-5.0601,-0.5193
2025-04-23,371.70,375.98,368.69,370.05,372.98,371.54,383.46,407.88,410.10,387.4441,0,351.5432,1,7692030,9704500,-5.0972,-5.0675,-0.0296
2025-04-24,371.34,383.94,370.84,382.81,372.66,371.41,383.00,407.58,409.73,387.4441,0,353.0843,1,8610570,9727436,-3.6434,-4.7827,1.1393
2025-04-25,382.51,387.61,380.14,387.30,373.70,371.47,382.68,407.34,409.41,387.4441,0,354.5638,1,7434649,9719699,-2.1041,-4.2470,2.1429
2025-04-28,387.41,388.18,382.15,386.62,373.97,372.08,382.31,407.03,409.05,387.4441,0,355.9841,1,6485198,9653233,-0.9285,-3.5833,2.6548
2025-04-29,386.76,390.52,385.85,389.47,374.58,373.00,382.05,406.77,408.76,354.4640,1,357.3475,1,5900355,9585335,0.2302,-2.8206,3.0507
2025-04-30,385.77,392.06,379.98,390.67,375.52,373.65,381.78,406.53,408.49,354.4640,1,359.3376,1,14411615,9698052,1.2315,-2.0102,3.2417
2025-05-01,426.11,431.92,419.97,420.46,380.84,375.79,382.00,406.52,408.36,382.9975,1,361.9552,1,25072267,9999460,4.3785,-0.7324,5.1109
2025-05-02,426.73,434.34,425.00,430.23,387.51,378.86,382.38,406.55,408.30,386.8554,1,368.9517,1,13388081,10071568,7.5731,0.9287,6.6445
2025-05-05,427.85,434.40,427.10,431.11,395.13,382.63,382.93,406.59,408.28,390.0229,1,376.7984,1,8782763,10022506,10.0599,2.7549,7.3050
2025-05-06,427.19,432.65,426.17,428.28,401.70,386.36,383.51,406.64,408.26,390.8111,1,384.8627,1,6544801,9939736,11.6682,4.5376,7.1306
2025-05-07,428.81,433.04,426.11,428.32,407.53,390.25,384.22,406.67,408.25,392.7553,1,391.7980,1,10095018,9907772,12.7983,6.1897,6.6086
2025-05-08,432.85,438.52,430.61,433.09,412.56,392.61,384.97,406.80,408.24,398.3684,1,397.7623,1,10293183,9956789,13.9180,7.7354,6.1826
2025-05-09,434.89,435.63,430.82,433.64,417.19,395.44,385.89,406.95,408.22,399.2075,1,404.2839,1,6723186,9925390,14.6808,9.1245,5.5563
2025-05-12,440.77,444.16,434.68,444.05,422.93,398.45,386.92,407.18,408.33,405.6466,1,409.7620,1,10252967,9869662,15.9413,10.4878,5.4535
2025-05-13,442.58,445.44,440.19,443.93,428.38,401.48,388.12,407.41,408.50,410.8491,1,415.9530,1,10608148,9903059,16.7378,11.7378,5.0000
2025-05-14,442.94,448.63,442.94,447.68,434.08,404.80,389.39,407.70,408.65,415.3081,1,421.8506,1,9014774,9855296,17.4707,12.8844,4.5863
2025-05-15,446.36,451.72,446.02,448.69,436.90,408.87,390.44,407.97,408.79,419.7308,1,427.2071,1,9965371,9866660,17.9264,13.8928,4.0336
2025-05-16,447.63,449.91,444.34,449.82,438.86,413.19,391.59,408.23,408.96,419.7308,1,432.1106,1,10834248,9898358,18.1692,14.7481,3.4211
2025-05-19,446.47,455.09,446.39,454.38,441.19,418.16,392.90,408.53,409.18,423.0180,1,436.0334,1,9790680,9920847,18.5157,15.5016,3.0141
2025-05-20,451.13,453.85,449.87,453.69,443.73,422.71,394.46,408.82,409.40,425.5624,1,439.8450,1,7074970,9812657,18.5209,16.1055,2.4154
2025-05-21,450.12,453.30,447.39,448.14,445.71,426.62,395.90,409.06,409.63,425.5624,1,442.8943,1,8696993,9755434,17.8715,16.4587,1.4129
2025-05-22,450.50,455.74,449.46,450.41,447.44,430.00,397.33,409.32,409.94,427.3154,1,445.3337,1,8199124,9733502,17.3400,16.6350,0.7051
2025-05-23,445.58,449.25,444.52,445.77,448.66,432.92,398.76,409.56,410.21,427.3154,1,455.7449,0,7600614,9730424,16.3563,16.5792,-0.2229
2025-05-27,452.01,456.44,451.66,456.18,449.87,436.40,400.21,409.86,410.53,428.7752,1,444.5159,1,9662650,9768619,16.2294,16.5093,-0.2799
2025-05-28,456.71,457.99,452.46,452.88,450.77,439.57,401.58,410.14,410.82,430.8201,1,444.5159,1,7814590,9750196,15.6819,16.3438,-0.6618
2025-05-29,457.03,457.20,450.85,454.19,451.42,442.75,403.08,410.42,411.09,430.8201,1,445.0550,1,6409961,9728923,15.1786,16.1108,-0.9322
2025-05-30,455.22,457.16,451.08,455.85,452.13,444.52,404.53,410.65,411.38,430.8201,1,445.5725,1,16006947,9900251,14.7440,15.8374,-1.0934
2025-06-02,452.67,457.59,452.42,457.45,452.89,445.88,406.03,410.91,411.63,432.4765,1,446.0693,1,7680944,9910968,14.3626,15.5424,-1.1798
2025-06-03,456.95,459.60,456.35,458.44,453.30,447.24,407.47,411.18,411.87,436.7253,1,446.5462,1,7288907,9746274,13.9791,15.2298,-1.2506
2025-06-04,459.46,461.13,458.49,459.33,453.86,448.80,408.88,411.44,412.10,439.8789,1,447.3293,1,6569652,9712538,13.5905,14.9019,-1.3114
2025-06-05,460.41,465.05,459.49,463.10,455.36,450.54,410.34,411.72,412.35,442.6156,1,448.4335,1,9415193,9776169,13.4320,14.6079,-1.1759
2025-06-06,465.49,468.71,464.19,465.78,456.90,452.17,411.94,411.99,412.61,447.0784,1,450.0954,1,7190041,9794334,13.3681,14.3600,-0.9919
2025-06-09,465.10,468.80,464.03,468.12,459.13,453.89,413.58,412.28,412.86,447.5519,1,452.3288,1,7786145,9842516,13.3529,14.1586,-0.8057
2025-06-10,466.58,468.17,462.39,466.31,460.15,455.01,415.42,412.72,413.10,447.5519,1,454.6342,1,7240819,9823448,13.0443,13.9357,-0.8914
2025-06-11,465.42,470.82,465.06,467.99,461.66,456.21,417.36,413.14,413.39,449.3734,1,456.6168,1,7750590,9714301,12.7881,13.7062,-0.9181
2025-06-12,470.37,475.72,468.89,474.18,463.66,457.54,419.29,413.62,413.71,453.2748,1,458.8887,1,9074874,9745295,12.9353,13.5520,-0.6167
2025-06-13,471.75,474.49,468.13,470.31,465.10,458.62,421.14,414.06,414.03,453.2748,1,461.9178,1,7986215,9782027,12.5944,13.3605,-0.7661
2025-06-16,470.56,475.98,470.35,474.45,466.80,459.85,423.25,414.46,414.36,454.3377,1,464.4018,1,7487090,9706425,12.5140,13.1912,-0.6772
2025-06-17,470.75,474.05,469.44,473.36,468.29,460.80,425.61,414.83,414.71,454.3377,1,466.7184,1,7368556,9499643,12.2215,12.9973,-0.7758
2025-06-18,473.32,476.29,469.82,475.54,469.91,461.89,428.05,415.23,415.05,454.5058,1,468.5717,1,8416926,9307080,12.0268,12.8032,-0.7764
2025-06-20,477.51,478.73,472.20,472.73,470.88,463.12,430.49,415.63,415.37,456.8142,1,469.4395,1,17938878,9411504,11.5129,12.5451,-1.0322
2025-06-23,473.53,482.98,467.88,481.24,472.42,464.66,432.40,416.07,415.76,456.8142,1,478.7277,0,12083904,9261132,11.6584,12.3678,-0.7094
2025-06-24,484.16,487.04,482.03,485.31,474.14,466.64,434.56,416.51,416.17,463.6158,1,467.8849,1,10932197,9189764,11.9642,12.2871,-0.3229
2025-06-25,487.22,489.72,484.60,487.45,476.26,468.20,436.63,416.96,416.60,466.7960,1,467.8849,1,8612313,9176803,12.2380,12.2772,-0.0392
2025-06-26,488.15,493.17,487.99,492.58,478.72,470.19,438.82,417.52,417.08,470.5345,1,468.7583,1,10734424,9242176,12.7223,12.3663,0.3560
2025-06-27,492.68,494.41,488.20,491.09,480.41,472.03,441.02,418.06,417.54,471.4088,1,470.2227,1,17129371,9452073,12.8374,12.4605,0.3769
2025-06-30,492.17,495.86,490.48,492.54,482.63,473.87,443.52,418.61,417.96,473.6473,1,472.1579,1,14111024,9571024,12.8975,12.5479,0.3496
2025-07-01,491.61,493.17,486.17,487.23,483.91,475.35,446.00,419.13,418.32,473.6473,1,474.5279,1,9814134,9611955,12.3741,12.5131,-0.1390
2025-07-02,485.19,488.67,483.92,486.28,485.20,476.75,448.62,419.65,418.65,473.6473,1,476.6610,1,8014392,9622797,11.7473,12.3600,-0.6127
2025-07-03,488.98,495.23,488.61,493.96,487.04,478.48,451.25,420.20,419.00,473.6473,1,478.5807,1,6976178,9619370,11.7344,12.2349,-0.5004
2025-07-07,492.51,493.87,490.38,492.85,489.05,479.97,453.71,420.74,419.34,473.6473,1,480.3085,1,6958922,9604708,11.5022,12.0883,-0.5861
2025-07-08,492.37,493.32,489.27,491.76,490.11,481.26,455.89,421.20,419.66,473.6473,1,481.8635,1,5883258,9550162,11.1023,11.8911,-0.7888
2025-07-09,495.40,501.82,494.85,498.58,491.43,482.79,458.11,421.74,420.03,478.8451,1,483.2630,1,9395245,9589374,11.2067,11.7542,-0.5476
2025-07-10,498.13,499.50,492.88,496.57,492.34,484.30,460.31,422.27,420.35,478.8451,1,485.4898,1,8270458,9625079,11.0004,11.6035,-0.6031
2025-07-11,493.59,500.09,492.93,498.39,492.93,485.82,462.49,422.76,420.70,478.8451,1,487.4493,1,8284396,9672760,10.8588,11.4545,-0.5958
2025-07-14,496.61,499.04,496.13,498.10,493.63,487.02,464.64,423.24,421.06,478.9579,1,489.1737,1,6065817,9505844,10.6004,11.2837,-0.6833
2025-07-15,498.10,503.32,497.87,500.87,494.46,488.54,466.24,423.70,421.45,482.1986,1,490.6912,1,7550476,9155408,10.4983,11.1266,-0.6283
2025-07-16,500.24,501.76,496.98,500.67,495.80,489.86,467.65,424.13,421.83,482.1986,1,492.4599,1,7662368,9040894,10.2829,10.9579,-0.6750
2025-07-17,500.73,508.34,500.67,506.69,497.84,491.52,469.17,424.59,422.24,486.0120,1,493.9809,1,8956336,9044365,10.4772,10.8617,-0.3845
2025-07-18,509.44,509.60,502.46,505.06,498.95,493.00,470.70,425.03,422.66,487.2447,1,496.2792,1,10818007,9129830,10.3797,10.7653,-0.3856
2025-07-21,501.75,507.08,500.60,505.07,500.18,494.61,472.24,425.48,423.06,487.2447,1,498.6774,1,7174912,9071427,10.1858,10.6494,-0.4636
2025-07-22,505.97,506.20,500.32,500.32,501.03,495.57,473.58,425.86,423.49,487.2447,1,509.6025,0,7007387,9005711,9.5394,10.4274,-0.8880
2025-07-23,501.79,501.83,495.80,500.92,501.27,496.35,474.93,426.24,423.95,487.2447,1,509.4170,0,8294548,9037139,8.9717,10.1363,-1.1645
2025-07-24,503.79,508.64,502.33,505.88,502.20,497.27,476.16,426.67,424.42,487.2447,1,508.8722,0,8228744,8996654,8.8204,9.8731,-1.0527
2025-07-25,507.45,513.22,505.36,508.68,503.23,498.08,477.46,427.10,424.92,489.7310,1,495.7990,1,9825064,8980993,8.8249,9.6635,-0.8385
2025-07-28,509.05,509.96,505.13,507.48,504.16,498.90,478.65,427.49,425.44,489.7310,1,496.1473,1,7332850,8947354,8.6323,9.4572,-0.8249
2025-07-29,510.48,512.55,506.55,507.55,504.83,499.65,479.83,428.00,425.94,490.6048,1,496.4887,1,8441618,8916879,8.3886,9.2435,-0.8550
2025-07-30,510.13,510.90,504.45,508.22,505.59,500.70,481.00,428.51,426.42,490.6048,1,496.8233,1,13539476,8970984,8.1549,9.0258,-0.8709
2025-07-31,549.80,550.01,526.69,528.28,507.75,502.79,482.48,429.16,427.02,508.7257,1,497.1511,1,27537830,9325927,9.4793,9.1165,0.3628
2025-08-01,529.76,530.56,515.76,518.98,509.14,504.05,483.78,429.76,427.56,508.7257,1,499.2656,1,15187450,9488176,9.6671,9.2266,0.4405
2025-08-04,523.10,532.98,522.96,530.40,511.67,505.92,485.43,430.41,428.15,508.7257,1,501.2955,1,13577939,9585795,10.6149,9.5043,1.1106
2025-08-05,531.92,532.04,522.08,522.58,513.90,507.46,486.87,431.01,428.71,508.7257,1,503.2442,1,10117812,9624169,10.6133,9.7261,0.8872
2025-08-06,525.70,526.50,518.90,519.80,515.79,508.53,488.35,431.64,429.26,508.7257,1,505.1150,1,11210461,9696366,10.2691,9.8347,0.4344
2025-08-07,521.64,522.92,512.48,515.74,516.77,509.48,489.54,432.29,429.78,508.7257,1,506.9109,1,8374639,9670606,9.5585,9.7794,-0.2209
2025-08-08,517.48,519.52,514.33,516.93,517.60,510.41,490.82,432.96,430.31,508.7257,1,508.6350,1,8107803,9676470,8.9877,9.6211,-0.6334
2025-08-11,517.19,522.43,514.63,516.66,518.51,511.34,492.07,433.66,430.83,508.7257,1,510.2901,1,10536832,9759007,8.4167,9.3802,-0.9635
2025-08-12,518.62,525.78,517.58,524.06,520.17,512.50,493.44,434.37,431.35,508.7257,1,511.8790,1,9879323,9636455,8.4634,9.1968,-0.7334
2025-08-13,526.90,527.49,514.29,515.48,520.89,513.24,494.60,434.99,431.84,508.7257,1,513.4044,1,10213363,9687103,7.7196,8.9014,-1.1818
2025-08-14,517.44,520.80,515.05,517.37,519.80,513.77,495.78,435.66,432.33,508.7257,1,514.2863,1,10590199,9753129,7.1989,8.5609,-1.3620
2025-08-15,517.65,520.95,514.00,515.08,519.41,514.27,496.89,436.30,432.80,508.7257,1,550.0130,0,13115202,9884040,6.5264,8.1540,-1.6276
2025-08-18,516.48,517.70,508.99,512.04,517.57,514.62,497.87,436.96,433.26,508.7257,1,549.2928,0,12286606,9941468,5.6827,7.6597,-1.9770
2025-08-19,509.96,510.12,503.57,504.78,515.79,514.85,498.65,437.58,433.66,534.2619,0,547.6806,0,10950369,10016675,4.3779,7.0034,-2.6255
2025-08-20,504.88,506.00,499.50,500.77,513.89,514.84,499.30,438.19,434.03,529.3744,0,545.0341,0,14020076,10141353,2.9858,6.1999,-3.2140
2025-08-21,499.58,503.49,498.62,500.13,512.33,514.55,499.98,438.72,434.53,526.4752,0,541.3916,0,9299849,10182534,1.8097,5.3218,-3.5121
2025-08-22,500.14,506.56,498.31,503.09,510.95,514.27,500.68,439.28,435.03,526.4752,0,537.1142,0,12337964,10274282,1.1042,4.4783,-3.3741
2025-08-25,502.50,504.04,500.01,500.14,509.29,513.90,501.20,439.79,435.52,526.0560,0,532.4577,0,10911481,10311014,0.3039,3.6434,-3.3396
2025-08-26,500.24,500.86,494.44,497.94,506.68,513.42,501.75,440.29,435.98,521.2040,0,528.3600,0,15480755,10460904,-0.5023,2.8143,-3.3166
2025-08-27,497.90,503.15,495.82,502.60,505.39,513.14,502.32,440.71,436.43,521.2040,0,523.6114,0,8755403,10486271,-0.7563,2.1002,-2.8565
2025-08-28,502.95,506.92,501.37,505.48,504.21,512.00,502.96,441.14,436.86,521.2040,0,519.5277,0,9181471,10522529,-0.7172,1.5367,-2.2539
2025-08-29,504.51,505.44,500.37,502.56,502.95,511.18,503.50,441.57,437.29,521.2040,0,516.0157,0,10621033,10566611,-0.9119,1.0470,-1.9588
2025-09-02,496.39,501.87,492.76,501.00,501.85,509.71,504.06,442.05,437.74,520.0360,0,512.9954,0,9156815,10390970,-1.1782,0.6019,-1.7801
2025-09-03,499.68,503.65,498.22,501.23,501.49,508.64,504.46,442.46,438.17,520.0360,0,509.7570,0,8259996,10314492,-1.3552,0.2105,-1.5657
2025-09-04,500.18,504.00,499.04,503.82,501.80,507.85,504.83,442.91,438.59,520.0360,0,507.0368,0,7878361,10253415,-1.2712,-0.0858,-1.1853
2025-09-05,504.92,507.79,488.35,490.96,500.88,506.61,504.90,443.45,438.94,520.0360,0,492.7557,1,15837426,10397917,-2.2170,-0.5121,-1.7050
2025-09-08,494.05,497.11,490.99,494.13,499.99,505.47,504.94,444.01,439.37,518.4438,0,488.3520,1,8355312,10350335,-2.6796,-0.9456,-1.7341
2025-09-09,497.34,498.15,493.64,494.34,499.41,504.35,505.00,444.61,439.80,518.4438,0,488.3520,1,7182337,10151394,-2.9949,-1.3554,-1.6395
2025-09-10,498.88,499.12,492.67,496.29,499.24,502.96,505.08,445.20,440.22,518.4438,0,488.7408,1,10813896,10085452,-3.0527,-1.6949,-1.3578
2025-09-11,498.15,499.06,493.82,496.92,498.67,502.03,505.27,445.80,440.66,518.4438,0,489.1218,1,9459871,10078367,-3.0126,-1.9584,-1.0542
2025-09-12,502.52,508.37,499.74,505.74,498.70,501.45,505.66,446.44,441.15,518.4438,0,489.4952,1,12046336,10159005,-2.2435,-2.0155,-0.2280
2025-09-15,504.64,511.26,502.86,511.15,499.56,501.26,506.00,447.15,441.65,518.4438,0,490.2501,1,8835229,10196186,-1.1833,-1.8490,0.6657
2025-09-16,512.66,513.01,504.45,504.89,499.95,500.90,506.24,447.80,442.11,518.4438,0,491.5109,1,10034146,10257691,-0.8392,-1.6471,0.8078
2025-09-17,506.45,507.12,501.80,505.86,500.41,500.95,506.53,448.47,442.53,518.4438,0,493.2308,1,8066782,10301361,-0.4825,-1.4141,0.9316
2025-09-18,507.32,508.88,503.52,504.30,500.46,501.13,506.64,449.14,442.97,518.4438,0,494.8130,1,9616671,10305790,-0.3218,-1.1957,0.8739
2025-09-19,506.39,515.06,506.15,513.70,502.73,501.81,506.98,449.87,443.45,518.4438,0,496.2687,1,27177910,10683939,0.5578,-0.8450,1.4028
2025-09-22,511.38,513.52,508.36,510.25,504.34,502.17,507.22,450.58,443.87,518.4438,0,498.1481,1,10293785,10724127,0.9653,-0.4829,1.4483
2025-09-23,509.61,510.39,503.17,505.07,505.42,502.41,507.36,451.26,444.27,518.4438,0,499.8395,1,10082551,10804461,0.8606,-0.2142,1.0748
2025-09-24,506.22,508.30,502.78,505.99,506.39,502.81,507.46,451.90,444.64,518.4438,0,501.3618,1,6904217,10791536,0.8415,-0.0031,0.8446
2025-09-25,504.15,505.85,500.92,502.89,506.98,502.83,507.51,452.51,444.97,518.4438,0,515.0622,0,8004229,10798373,0.5701,0.1116,0.4585
2025-09-26,505.90,509.75,502.49,507.29,507.14,502.92,507.52,453.21,445.32,518.4438,0,514.7794,0,8292352,10785094,0.7015,0.2295,0.4719
2025-09-29,507.33,512.63,504.73,510.40,507.06,503.31,507.62,453.95,445.68,518.4438,0,514.5022,0,9066119,10750056,1.0448,0.3926,0.6522
2025-09-30,509.05,513.93,505.50,513.72,507.95,503.95,507.80,454.75,446.06,518.4438,0,514.2305,0,10218221,10810922,1.5670,0.6275,0.9395
2025-10-01,510.60,516.26,507.51,515.47,508.91,504.66,508.10,455.55,446.42,518.4438,0,500.9186,1,11762233,10906019,2.0975,0.9215,1.1760
2025-10-02,513.42,517.34,506.51,511.53,509.63,505.05,508.31,456.38,446.76,518.4438,0,501.2255,1,10945498,10959038,2.1751,1.1722,1.0029
2025-10-03,512.88,516.24,510.80,513.13,509.57,506.15,508.46,457.18,447.12,518.4438,0,501.8702,1,7818348,10950830,2.3385,1.4055,0.9331
2025-10-06,514.38,526.70,513.97,524.26,510.97,507.66,508.77,458.12,447.51,495.8754,1,502.4891,1,11305372,10980436,3.3277,1.7899,1.5377
2025-10-07,523.98,525.48,517.18,519.70,512.44,508.93,509.01,459.02,447.87,496.8304,1,503.9416,1,7658072,10986941,3.7015,2.1722,1.5293
2025-10-08,519.01,522.65,518.82,520.57,513.90,510.14,509.27,459.85,448.32,497.5369,1,505.3069,1,7013780,10958384,4.0211,2.5420,1.4791
2025-10-09,518.08,520.05,513.18,518.14,515.42,511.20,509.47,460.69,448.75,497.5369,1,506.5903,1,9582697,10879248,4.0318,2.8400,1.1918
2025-10-10,515.40,519.31,505.47,506.79,515.37,511.26,509.04,461.47,449.13,497.5369,1,526.6965,0,12331406,10575120,3.0891,2.8898,0.1993
2025-10-13,512.20,512.20,507.50,509.86,515.32,511.19,508.86,462.37,449.54,497.5369,1,526.2720,0,7342793,10418227,2.5598,2.8238,-0.2640
2025-10-14,506.07,511.08,501.87,509.38,514.88,511.41,508.44,463.26,449.92,497.5369,1,525.8560,0,7541416,10297496,2.0779,2.6746,-0.5967
2025-10-15,510.76,512.97,505.84,509.24,514.26,511.58,508.17,464.13,450.30,497.5369,1,524.8966,0,7544700,10246034,1.6657,2.4728,-0.8072
2025-10-16,508.40,512.63,503.98,507.43,513.85,511.74,507.93,465.01,450.71,497.5369,1,523.9756,0,7960447,10181034,1.1797,2.2142,-1.0345
2025-10-17,504.89,511.27,503.17,509.39,513.48,511.52,507.80,465.85,451.17,497.5369,1,523.0914,0,10203705,10217615,0.9413,1.9596,-1.0183
2025-10-20,510.41,514.47,509.24,512.57,512.31,511.64,507.71,466.70,451.65,497.5369,1,522.2425,0,7579035,10207040,0.9979,1.7673,-0.7694
2025-10-21,513.28,514.46,508.85,513.44,511.68,512.06,507.65,467.60,452.15,497.5369,1,521.4277,0,8068352,10157670,1.0996,1.6337,-0.5341
2025-10-22,516.90,520.94,513.49,516.29,511.25,512.57,507.49,468.49,452.65,497.5369,1,501.8707,1,9870843,10157501,1.3947,1.5859,-0.1913
2025-10-23,518.20,519.67,514.38,516.31,511.07,513.25,507.51,469.38,453.12,497.5369,1,502.2522,1,7300073,10099235,1.6115,1.5910,0.0205
2025-10-24,518.52,521.06,516.46,519.34,512.32,513.85,507.55,470.26,453.63,497.5369,1,502.6260,1,8132920,10050089,2.0044,1.6737,0.3307
2025-10-27,527.44,530.22,524.69,527.18,514.06,514.69,507.79,471.19,454.17,505.0357,1,503.3635,1,9957868,9986943,2.9152,1.9220,0.9932
2025-10-28,545.51,549.20,536.36,537.65,516.88,515.88,508.30,472.17,454.80,515.9959,1,504.9747,1,16254891,10066308,4.4303,2.4236,2.0066
2025-10-29,540.49,541.81,532.35,537.13,519.67,516.97,508.95,473.18,455.42,515.9959,1,508.5129,1,19508255,10237466,5.5257,3.0441,2.4816
2025-10-30,526.15,530.60,517.86,521.47,521.08,517.46,509.36,474.08,455.98,515.9959,1,511.7679,1,21568305,10388431,5.0716,3.4496,1.6220
2025-10-31,524.56,525.00,510.90,513.58,521.50,517.49,509.63,475.01,456.45,549.2072,0,549.2013,0,17608854,10554611,4.0290,3.5655,0.4636
2025-11-03,515.57,520.68,510.39,512.81,521.52,516.91,509.83,475.96,456.92,546.7518,0,548.4352,0,11568392,10539219,3.1046,3.4733,-0.3687
2025-11-04,507.58,511.34,503.70,510.13,521.19,516.43,510.03,476.84,457.35,538.3504,0,546.9134,0,10779689,10536583,2.1313,3.2049,-1.0736
2025-11-05,509.11,510.63,502.45,503.02,519.86,515.56,510.13,477.67,457.75,536.7402,0,544.3203,0,11677004,10460508,0.7772,2.7193,-1.9422
2025-11-06,501.53,501.57,491.76,493.04,517.54,514.30,509.94,478.50,458.02,527.2283,0,540.9704,0,13623771,10557876,-1.0886,1.9578,-3.0463
2025-11-07,492.89,495.30,489.22,492.77,514.88,513.60,509.68,479.42,458.28,521.5926,0,536.0497,0,11933517,10612917,-2.5601,1.0542,-3.6143
2025-11-10,495.96,502.71,494.73,501.87,512.35,513.20,509.67,480.40,458.60,521.5926,0,530.4307,0,13207359,10664643,-2.9575,0.2519,-3.2093
2025-11-11,500.68,505.44,498.25,504.53,509.04,512.96,509.74,481.43,458.98,521.5926,0,525.4860,0,9146066,10664428,-3.0231,-0.4031,-2.6199
2025-11-12,505.20,507.49,495.05,506.97,506.02,512.85,509.85,482.24,459.31,521.5926,0,521.1347,0,13583495,10770898,-2.8454,-0.8916,-1.9538
2025-11-13,506.15,509.31,497.20,499.18,503.79,512.43,509.76,483.05,459.62,521.5926,0,517.3055,0,12719699,10867725,-3.2948,-1.3722,-1.9226
2025-11-14,494.16,507.43,493.38,506.02,503.03,512.27,510.06,483.87,460.10,521.5926,0,513.9358,0,14543038,10841837,-3.0643,-1.7106,-1.3536
2025-11-17,504.30,507.94,500.79,503.35,502.09,511.80,510.25,484.67,460.57,521.5926,0,510.9705,0,9689405,10868519,-3.0616,-1.9808,-1.0807
2025-11-18,491.33,498.88,482.81,489.76,500.05,510.62,510.16,485.39,460.99,521.5926,0,508.3610,0,16697559,11058823,-4.1085,-2.4064,-1.7021
2025-11-19,486.10,491.15,478.89,483.14,498.06,508.96,509.89,486.16,461.38,518.8398,0,507.9409,0,11323250,11069011,-5.4097,-3.0070,-2.4026
2025-11-20,489.60,490.46,472.50,475.41,496.30,506.92,509.46,486.91,461.72,517.3056,0,503.2927,0,12823120,11136276,-6.9842,-3.8024,-3.1817
2025-11-21,475.48,475.90,465.32,469.14,493.94,504.41,508.73,487.67,462.01,506.0269,0,497.7504,0,14998875,11195326,-8.6383,-4.7696,-3.8687
2025-11-24,472.01,473.89,465.07,471.01,490.85,501.60,507.93,488.39,462.34,504.0045,0,491.2639,0,16315554,11344933,-9.6869,-5.7531,-3.9338
2025-11-25,471.08,476.13,461.96,473.98,487.80,498.42,507.31,489.09,462.68,504.0045,0,486.0250,0,13365164,11411553,-10.1610,-6.6347,-3.5263
2025-11-26,483.24,485.23,478.17,482.44,485.34,495.68,506.84,489.75,463.06,504.0045,0,461.9592,1,12481768,11499853,-9.7421,-7.2561,-2.4859
2025-11-28,484.53,489.52,483.58,488.91,484.32,494.05,506.53,490.43,463.49,504.0045,0,461.9592,1,7078400,11449087,-8.7868,-7.5623,-1.2245
2025-12-01,485.36,486.77,481.59,483.67,482.08,492.56,505.93,491.07,463.88,504.0045,0,463.0619,1,11664237,11138814,-8.3559,-7.7210,-0.6349
2025-12-02,483.65,490.39,483.25,486.91,480.44,491.26,505.47,491.72,464.30,504.0045,0,464.1204,1,9585723,11124653,-7.6648,-7.7098,0.0450
2025-12-03,473.32,481.19,472.20,474.72,478.93,489.49,504.86,492.28,464.66,504.0045,0,465.6965,1,16536672,11253735,-8.0085,-7.7695,-0.2390
2025-12-04,476.74,478.29,473.49,477.81,478.40,488.23,504.30,492.67,465.00,504.0045,0,467.1780,1,10731483,11330281,-7.9401,-7.8036,-0.1364
2025-12-05,479.48,480.35,475.86,480.11,478.87,487.59,503.84,493.00,465.35,504.0045,0,468.5707,1,10923620,11388668,-7.6120,-7.7653,0.1533
2025-12-08,481.83,489.20,481.33,487.92,480.75,487.34,503.45,493.38,465.77,504.0045,0,469.8798,1,10785696,11438535,-6.6452,-7.5413,0.8961
2025-12-09,486.02,489.02,485.42,488.92,482.54,486.70,503.02,493.78,466.22,504.0045,0,471.1103,1,7230775,11401828,-5.7327,-7.1796,1.4468
2025-12-10,480.98,481.20,472.08,475.54,482.70,485.25,502.26,494.10,466.63,504.0045,0,490.3889,0,17111487,11539694,-6.0195,-6.9476,0.9281
2025-12-11,473.63,482.97,472.86,480.42,482.49,483.92,501.56,494.41,467.05,504.0045,0,490.0228,0,11926818,11542985,-5.7863,-6.7153,0.9290
2025-12-12,476.80,479.41,473.34,475.51,481.15,482.74,500.84,494.69,467.49,504.0045,0,489.6641,0,10167853,11527432,-5.9293,-6.5581,0.6288
2025-12-15,477.07,477.69,469.54,471.83,479.97,481.03,500.01,494.88,467.89,501.9235,0,489.3125,0,11266387,11596393,-6.2678,-6.5001,0.2322
2025-12-16,468.93,474.88,467.91,473.39,478.62,479.53,498.99,495.07,468.34,498.9615,0,488.5216,0,9863941,11567565,-6.3372,-6.4675,0.1303
2025-12-17,473.90,476.97,472.01,473.12,478.46,478.70,498.06,495.24,468.78,498.9615,0,487.2850,0,11677890,11647961,-6.3407,-6.4421,0.1014
2025-12-18,475.18,486.51,474.88,480.93,478.77,478.59,497.27,495.46,469.20,498.9615,0,467.9115,1,13829003,11784265,-5.6482,-6.2833,0.6352
2025-12-19,484.29,484.77,479.45,482.86,479.04,478.96,496.56,495.68,469.66,498.9615,0,468.2835,1,34420679,12281025,-4.8874,-6.0041,1.1167
2025-12-22,483.06,485.65,479.65,481.86,478.44,479.59,496.07,495.86,470.12,498.9615,0,468.6481,1,8225698,12198911,-4.3149,-5.6663,1.3514
2025-12-23,481.92,484.75,481.68,483.78,477.92,480.23,495.54,496.06,470.66,498.9615,0,469.0054,1,7148711,12195029,-3.6643,-5.2659,1.6016
2025-12-24,482.62,486.08,481.77,484.94,478.86,480.78,495.06,496.31,471.21,498.9615,0,469.3556,1,2857796,12101357,-3.0200,-4.8167,1.7967
2025-12-26,483.64,485.04,482.90,484.64,479.29,480.89,494.56,496.54,471.74,498.9615,0,469.6987,1,4312429,12036711,-2.5054,-4.3544,1.8491
2025-12-29,481.80,485.27,481.13,484.03,480.14,480.65,494.10,496.79,472.28,498.9615,0,470.0350,1,5306175,11983626,-2.1220,-3.9080,1.7860
2025-12-30,482.87,486.59,482.44,484.41,481.39,480.68,493.60,496.98,472.79,498.9615,0,470.3646,1,6797665,11915505,-1.7673,-3.4798,1.7125
2025-12-31,484.76,485.06,480.25,480.57,482.11,480.37,492.96,497.16,473.27,498.9615,0,471.0137,1,7545246,11914829,-1.7752,-3.1389,1.3637
2026-01-02,481.34,481.60,467.20,469.96,481.80,480.13,492.09,497.27,473.72,495.8877,0,486.5930,0,12093833,11995339,-2.6078,-3.0327,0.4249
2026-01-05,471.07,473.07,466.54,469.87,480.69,479.73,491.16,497.36,474.15,491.1017,0,486.2050,0,11939605,12036714,-3.2376,-3.0737,-0.1639
2026-01-06,470.81,475.72,466.79,475.49,479.96,479.50,490.34,497.48,474.62,491.1017,0,485.4184,0,11023770,12111188,-3.2454,-3.1080,-0.1374
2026-01-07,476.74,486.61,474.94,480.42,479.81,479.12,489.56,497.63,475.09,491.1017,0,466.5402,1,12359524,12195720,-2.8214,-3.0507,0.2293
2026-01-08,478.21,479.62,472.86,475.10,478.94,478.43,488.52,497.73,475.52,491.1017,0,466.7886,1,8683720,12170237,-2.8819,-3.0169,0.1350
2026-01-09,471.07,476.80,469.22,476.26,478.07,478.47,487.29,497.82,475.95,491.1017,0,467.1851,1,8862366,12022387,-2.8037,-2.9743,0.1706
2026-01-12,473.66,477.96,472.68,474.17,477.03,478.16,486.03,497.88,476.39,491.1017,0,467.5736,1,11223226,11856686,-2.8770,-2.9548,0.0779
2026-01-13,471.69,472.78,463.01,467.70,475.40,477.77,484.96,497.88,476.80,491.1017,0,486.6129,0,13435652,11694033,-3.4176,-3.0474,-0.3702
2026-01-14,463.52,465.25,454.29,456.48,472.60,477.00,483.82,497.81,477.21,484.9113,0,486.1408,0,12947304,11600802,-4.6972,-3.3773,-1.3199
2026-01-15,461.19,461.32,453.03,453.78,469.92,476.02,482.64,497.71,477.63,482.2926,0,484.8667,0,10606294,11581560,-5.8618,-3.8742,-1.9876
2026-01-16,454.94,460.27,453.60,456.96,468.62,475.21,481.57,497.60,478.02,481.5426,0,482.9563,0,15748687,11680940,-6.4538,-4.3902,-2.0637
2026-01-20,448.38,453.92,446.45,451.65,466.80,473.75,480.55,497.48,478.39,475.4838,0,481.1605,0,11876607,11684932,-7.2674,-4.9656,-2.3018
2026-01-21,449.75,449.84,435.91,441.31,463.38,471.67,479.51,497.25,478.75,470.3672,0,478.3834,0,16867519,11749807,-8.6471,-5.7019,-2.9452
2026-01-22,444.80,449.99,441.90,448.30,460.17,469.99,478.62,497.09,479.22,470.3672,0,474.1365,0,11436129,11739859,-9.0724,-6.3760,-2.6964
2026-01-23,449.02,468.13,447.69,463.01,458.96,468.95,477.84,497.00,479.76,470.3672,0,470.3143,0,17706194,11829836,-8.1281,-6.7264,-1.4017
2026-01-26,462.38,471.26,459.09,467.32,458.07,468.07,477.10,496.97,480.35,470.3672,0,435.9145,1,13775066,11922416,-6.9525,-6.7716,-0.1809
2026-01-27,470.71,479.83,470.18,477.55,458.41,467.72,476.51,496.94,480.81,443.0600,1,436.6214,1,14039616,11931539,-5.1357,-6.4445,1.3087
2026-01-28,480.16,480.69,474.99,478.59,459.50,467.45,476.10,496.90,481.32,447.3800,1,438.3495,1,17760299,12032351,-3.5705,-5.8697,2.2991
2026-01-29,437.22,439.71,418.37,430.77,456.92,464.76,474.59,496.52,481.55,474.5191,0,480.6904,0,55858773,12858665,-6.1188,-5.9195,-0.1993
2026-01-30,436.40,436.83,423.76,427.58,454.30,462.11,473.08,496.09,481.77,474.5191,0,480.6904,0,25200709,13168891,-8.3000,-6.3956,-1.9044
2026-02-02,427.53,428.02,419.59,420.70,450.68,459.65,471.70,495.62,481.97,466.7049,0,479.4439,0,17874639,13192433,-10.4629,-7.2091,-3.2539
2026-02-03,419.35,419.39,405.98,408.62,446.37,456.59,470.21,495.06,482.17,455.7106,0,478.2223,0,25258204,13471132,-13.0022,-8.3677,-4.6345
2026-02-04,408.41,417.15,406.66,411.58,443.40,453.39,468.93,494.55,482.41,453.7762,0,475.3328,0,18643686,13587543,-14.6072,-9.6156,-4.9916
2026-02-05,404.87,405.73,389.85,391.19,437.69,448.93,467.37,493.92,482.60,441.9885,0,472.5589,0,26096070,13809487,-17.3249,-11.1575,-6.1674
2026-02-06,396.65,399.26,390.44,398.61,431.25,445.11,465.92,493.28,482.78,437.2761,0,467.5961,0,21467128,13912519,-18.6645,-12.6589,-6.0057
2026-02-09,402.30,412.27,398.34,410.99,425.62,441.84,464.66,492.74,482.98,437.2761,0,462.9312,0,18810735,14021430,-18.5137,-13.8298,-4.6839
2026-02-10,416.97,421.01,410.10,410.66,418.93,438.67,463.23,492.20,483.12,437.2761,0,458.5461,0,18538424,14142563,-18.2107,-14.7060,-3.5047
2026-02-11,413.56,413.83,398.48,401.82,411.25,435.37,461.49,491.55,483.19,437.2761,0,454.4242,0,17182085,14344637,-18.4713,-15.4591,-3.0122
2026-02-12,402.45,403.64,395.50,399.31,408.11,432.52,459.80,490.90,483.26,437.2761,0,450.5495,0,16396036,14439273,-18.6655,-16.1004,-2.5652
2026-02-13,401.90,402.98,395.54,398.79,405.23,429.77,458.04,490.24,483.30,437.2761,0,446.9073,0,13681641,14521191,-18.6462,-16.6095,-2.0367
2026-02-17,396.70,398.00,392.04,394.36,402.59,426.64,456.43,489.55,483.32,431.5504,0,443.4837,0,12730792,14445074,-18.7721,-17.0420,-1.7301
2026-02-18,395.62,400.02,393.82,397.08,401.44,423.91,454.82,488.86,483.20,431.5504,0,440.2655,0,9280071,14416045,-18.4396,-17.3216,-1.1181
2026-02-19,399.07,402.80,395.07,396.85,399.97,421.68,453.15,488.17,483.04,431.5504,0,437.2404,0,11250119,14422575,-17.9873,-17.4547,-0.5326
2026-02-20,394.51,398.51,393.57,395.63,400.41,419.05,451.30,487.42,482.86,427.7420,0,434.3968,0,13511858,14477099,-17.5256,-17.4689,-0.0567
2026-02-23,393.41,393.76,381.55,382.92,398.84,415.05,449.18,486.61,482.63,420.4171,0,431.7238,0,16623829,14664960,-17.9779,-17.5707,-0.4073
2026-02-24,382.59,387.79,380.17,387.43,396.48,411.05,447.42,485.83,482.43,415.7469,0,427.7102,0,13181148,14586353,-17.7676,-17.6101,-0.1575
2026-02-25,388.95,399.85,388.59,398.98,395.32,407.12,445.79,485.15,482.26,415.7469,0,422.9561,0,17476376,14697344,-16.4786,-17.3838,0.9051
2026-02-26,403.08,405.85,397.13,400.10,395.14,403.20,444.28,484.48,482.09,415.7469,0,418.6774,0,13821538,14770418,-15.1920,-16.9454,1.7534
2026-02-27,389.30,395.22,388.31,391.15,394.33,401.22,442.67,483.71,481.83,415.7469,0,414.8266,0,20173954,14948569,-14.7243,-16.5012,1.7769
2026-03-02,391.27,399.57,389.05,396.94,394.14,399.69,441.14,482.97,481.59,415.7469,0,411.3609,0,14138521,15034061,-13.7285,-15.9467,2.2182
2026-03-03,391.55,405.06,391.09,402.30,394.94,398.77,439.73,482.27,481.36,415.7469,0,408.2417,0,15429803,15109099,-12.3644,-15.2302,2.8658
2026-03-04,399.65,409.37,398.69,403.56,395.59,398.51,438.18,481.57,481.14,415.7469,0,380.1693,1,14509402,15122707,-11.0538,-14.3949,3.3411
2026-03-05,402.79,409.95,402.77,409.02,396.80,398.39,436.70,480.91,480.93,415.7469,0,380.7534,1,16017054,14754634,-9.4657,-13.4091,3.9434
2026-03-06,407.55,411.38,406.86,407.31,397.97,399.19,435.21,480.11,480.70,415.7469,0,381.9212,1,12728430,14844689,-8.2502,-12.3773,4.1271
2026-03-09,403.29,408.55,401.87,407.76,400.46,399.65,433.69,479.37,480.47,415.7469,0,383.6889,1,12336301,14948441,-7.1681,-11.3355,4.1673
2026-03-10,408.38,408.54,401.30,404.12,402.13,399.31,432.07,478.52,480.25,415.7469,0,385.3505,1,12865189,15148589,-6.5287,-10.3741,3.8455
2026-03-11,403.93,407.36,399.97,403.25,402.55,398.93,430.45,477.73,480.01,415.7469,0,386.9125,1,10329339,15268927,-6.0232,-9.5039,3.4808
2026-03-12,403.00,404.48,400.09,400.24,402.57,398.86,428.77,476.93,479.79,415.7469,0,388.3807,1,10956270,15381929,-5.7984,-8.7628,2.9644
2026-03-13,399.38,403.17,392.66,393.95,402.85,398.59,426.96,476.12,479.47,415.7469,0,389.7608,1,10619726,15458370,-6.0576,-8.2218,2.1642
2026-03-16,396.46,399.01,393.20,398.34,402.98,398.56,425.32,475.33,479.20,415.7469,0,391.0582,1,11092094,15529307,-5.8420,-7.7458,1.9038
2026-03-17,398.65,402.77,396.14,397.80,402.53,398.74,423.87,474.54,478.92,415.7469,0,392.2776,1,10475845,15496947,-5.6495,-7.3266,1.6771
2026-03-18,395.53,396.39,389.42,390.21,401.20,398.39,422.28,473.64,478.59,415.7469,0,411.3829,0,10150691,15461169,-6.0396,-7.0692,1.0295
2026-03-19,388.53,390.91,385.50,387.45,399.04,397.92,420.52,472.79,478.24,412.4975,0,410.9437,0,9779496,15436284,-6.4966,-6.9546,0.4581
2026-03-20,385.23,385.44,378.59,380.33,396.34,397.16,418.52,471.88,477.85,406.5372,0,409.9258,0,19419311,15577479,-7.3486,-7.0334,-0.3152
2026-03-23,382.35,385.65,380.14,381.45,393.71,397.08,416.64,470.99,477.46,406.5372,0,408.0454,0,11367478,15631154,-7.8426,-7.1953,-0.6473
2026-03-24,380.82,380.93,370.35,371.24,390.42,396.28,414.54,470.05,477.00,400.3218,0,406.2778,0,15928522,15772478,-8.9554,-7.5473,-1.4081
2026-03-25,375.40,375.54,368.14,369.54,387.05,394.80,412.45,469.15,476.52,396.2738,0,403.4035,0,11569473,15779403,-9.8603,-8.0099,-1.8504
2026-03-26,369.32,373.21,363.72,364.49,383.48,393.02,410.39,468.24,476.00,393.3014,0,399.8770,0,13481091,15780311,-10.8597,-8.5799,-2.2799
2026-03-27,360.44,360.99,355.07,355.33,379.62,391.23,408.36,467.27,475.45,383.2113,0,395.5377,0,13515660,15791678,-12.2499,-9.3139,-2.9360
2026-03-30,360.44,363.89,354.84,357.51,375.54,389.26,406.44,466.30,474.90,383.2113,0,389.8724,0,16080331,15901159,-13.0255,-10.0562,-2.9693
2026-03-31,363.08,371.39,361.60,368.68,372.62,387.58,404.67,465.42,474.37,383.2113,0,384.2675,0,16748120,15921148,-12.5941,-10.5638,-2.0303
2026-04-01,371.98,372.48,366.71,367.88,370.39,385.79,403.00,464.56,473.86,383.2113,0,379.5594,0,10865831,15900932,-12.1761,-10.8863,-1.2899
2026-04-02,365.73,372.13,362.68,371.95,368.84,383.94,401.61,463.69,473.34,383.2113,0,375.6046,0,9000050,15743583,-11.3849,-10.9860,-0.3989
2026-04-06,371.98,372.22,368.01,371.38,367.94,382.14,400.07,462.79,472.83,383.2113,0,372.4805,0,6020744,15635275,-10.6814,-10.9251,0.2437
2026-04-07,368.85,370.95,365.08,370.79,366.88,380.30,398.23,461.91,472.31,383.2113,0,372.2216,0,7983126,15440814,-10.0553,-10.7511,0.6958
2026-04-08,383.43,383.45,369.91,372.82,367.04,378.73,396.34,461.06,471.81,383.2113,0,354.8420,1,12377146,15412855,-9.2882,-10.4585,1.1703
2026-04-09,371.00,371.99,365.57,371.56,367.24,377.15,394.22,460.19,471.26,383.2113,0,355.4141,1,11354498,15359153,-8.6814,-10.1031,1.4217
2026-04-10,371.47,374.12,368.54,369.37,367.73,375.60,392.03,459.30,470.68,383.2113,0,355.9747,1,10425564,15212458,-8.2818,-9.7389,1.4570
2026-04-13,372.10,382.99,369.52,382.82,370.48,375.05,391.07,458.58,470.16,383.2113,0,356.5242,1,13739613,14370075,-6.8018,-9.1515,2.3496
2026-04-14,386.35,393.10,384.96,391.52,373.88,374.71,390.35,457.89,469.65,362.3117,1,357.0626,1,14743393,14160929,-4.8704,-8.2952,3.4248
2026-04-15,396.39,412.70,395.13,409.56,377.97,375.29,390.13,457.33,469.25,373.5158,1,358.5040,1,18530971,14174056,-1.8628,-7.0088,5.1459
2026-04-16,418.17,419.12,410.48,418.56,383.03,376.71,390.33,456.81,468.88,384.5730,1,361.7556,1,17500635,14018904,1.2330,-5.3604,6.5934
2026-04-17,423.11,429.84,418.99,421.08,387.95,378.39,390.52,456.30,468.55,393.8294,1,366.3449,1,20534150,14056713,3.8455,-3.5192,7.3647
2026-04-20,419.45,421.62,414.62,416.38,392.45,380.20,391.02,455.71,468.20,393.8294,1,372.6942,1,11531291,13765418,5.4735,-1.7207,7.1942
2026-04-21,418.54,425.46,415.52,422.45,397.61,382.25,391.50,455.12,467.84,393.8294,1,378.4086,1,13593692,13607949,7.1704,0.0575,7.1129
2026-04-22,424.47,431.95,421.96,431.17,403.45,385.24,391.90,454.63,467.53,397.2759,1,383.5515,1,12718411,13486103,9.1142,1.8689,7.2453
2026-04-23,418.20,421.95,409.75,414.07,407.70,387.47,391.97,454.01,467.14,397.2759,1,389.3593,1,15926551,13433865,9.1691,3.3289,5.8402
2026-04-24,415.29,423.23,414.12,422.91,413.05,390.39,392.39,453.47,466.76,397.2759,1,394.4701,1,11658961,13323403,9.8123,4.6256,5.1867
2026-04-27,420.68,425.39,415.39,423.11,417.08,393.78,392.87,452.87,466.40,397.2759,1,398.9677,1,13113047,13257743,10.2204,5.7446,4.4758
2026-04-28,422.86,428.18,420.20,427.52,420.68,397.28,393.44,452.32,466.04,397.2759,1,402.9255,1,13065554,13245421,10.7755,6.7508,4.0248
2026-04-29,422.87,425.10,418.59,422.75,422.00,399.98,394.01,451.77,465.67,397.2759,1,406.4084,1,16251851,13315842,10.7071,7.5420,3.1651
2026-04-30,409.15,412.75,396.40,406.13,420.76,401.90,394.19,451.10,465.19,397.2759,1,431.9495,0,28915435,13708550,9.2063,7.8749,1.3314
2026-05-01,411.13,415.43,408.78,412.77,419.93,403.94,394.51,450.50,464.75,397.2759,1,431.2386,0,13001978,13743587,8.4547,7.9908,0.4638
2026-05-04,409.88,419.08,409.14,411.95,419.48,405.96,394.84,449.86,464.28,397.2759,1,430.5419,0,11608866,13705527,7.7043,7.9335,-0.2293
2026-05-05,413.64,415.10,407.15,409.72,418.21,407.91,395.37,449.19,463.80,397.2759,1,429.8592,0,10572836,13584507,6.8506,7.7169,-0.8664
2026-05-06,406.35,416.73,403.47,412.29,416.32,409.88,395.87,448.52,463.34,397.2759,1,429.1901,0,12537151,13571627,6.3086,7.4353,-1.1266
2026-05-07,418.41,426.25,417.07,419.07,416.82,412.26,396.27,447.87,462.93,397.2759,1,428.5343,0,14702713,13516154,6.3532,7.2189,-0.8656
2026-05-08,415.71,416.94,412.33,413.44,415.87,414.46,396.54,447.22,462.49,397.2759,1,427.8917,0,13858283,13516889,5.8669,6.9485,-1.0816
2026-05-11,406.22,411.02,403.86,410.99,414.66,415.87,396.94,446.54,462.02,397.2759,1,427.2619,0,14714589,13407702,5.2235,6.6035,-1.3800
2026-05-12,412.81,413.82,405.00,406.12,412.52,416.60,397.12,445.75,461.51,397.2759,1,426.6448,0,15737557,13439682,4.2714,6.1371,-1.8657
2026-05-13,401.57,404.67,399.41,403.57,410.61,416.30,397.15,444.98,460.99,397.2759,1,426.0400,0,12021405,13371514,3.2734,5.5643,-2.2909
2026-05-14,402.85,410.18,399.26,407.78,410.77,415.76,397.23,444.23,460.49,397.2759,1,425.4472,0,11086341,13303053,2.7894,5.0093,-2.2199
2026-05-15,412.60,426.44,411.24,420.22,411.52,415.72,397.45,443.57,460.05,397.2759,1,396.4036,1,21421385,13411140,3.3708,4.6816,-1.3108
2026-05-18,414.94,423.40,413.93,421.83,412.50,415.99,397.74,443.01,459.52,397.2759,1,397.0044,1,13792199,13432415,3.9166,4.5286,-0.6120
2026-05-19,428.16,430.95,414.81,415.74,413.11,415.66,397.90,442.38,459.00,397.2759,1,397.5931,1,13782666,13461342,3.8134,4.3856,-0.5722
2026-05-20,412.50,420.40,409.64,419.36,413.81,415.07,398.21,441.78,458.44,397.2759,1,398.9275,1,11732416,13438687,3.9782,4.3041,-0.3259
2026-05-21,423.95,425.54,414.93,418.30,413.74,415.28,398.51,441.17,457.92,397.2759,1,400.2086,1,13156702,13495234,3.9776,4.2388,-0.2612
2026-05-22,418.75,423.60,415.55,417.78,414.17,415.02,398.86,440.58,457.41,397.2759,1,401.4384,1,9371908,13463547,3.8904,4.1691,-0.2787
2026-05-26,415.65,418.98,412.24,415.25,414.60,414.63,399.29,439.95,456.91,397.2759,1,402.6190,1,12646480,13504082,3.5755,4.0504,-0.4749
2026-05-27,410.24,415.16,408.81,411.89,415.17,413.85,399.56,439.28,456.39,397.2759,1,403.7524,1,11926782,13520776,3.0206,3.8444,-0.8239
2026-05-28,412.20,428.68,411.89,426.19,417.43,414.02,400.13,438.70,455.93,397.2759,1,404.8404,1,20175491,13714769,3.6915,3.8139,-0.1223
2026-05-29,431.74,449.48,431.55,449.39,421.60,416.18,401.31,438.25,455.56,404.1774,1,405.8849,1,35863596,14229027,6.0263,4.2564,1.7700
2026-06-01,463.97,465.44,457.41,459.65,425.54,418.53,402.75,437.87,455.28,423.9069,1,408.5009,1,24697180,14527380,8.6055,5.1262,3.4793
2026-06-02,446.04,452.65,439.60,440.48,427.40,419.95,403.96,437.35,454.90,423.9069,1,413.0563,1,16344710,14465888,8.9985,5.9006,3.0979
2026-06-03,437.63,439.56,423.45,426.54,428.48,420.80,404.86,436.67,454.45,423.9069,1,417.2473,1,16682071,14572180,8.0916,6.3388,1.7528
2026-06-04,434.99,435.33,425.61,427.25,429.27,421.54,405.98,435.94,454.03,423.9069,1,421.1030,1,11514331,14483896,7.3454,6.5401,0.8052
2026-06-05,427.54,428.66,413.62,415.89,429.03,421.38,406.91,435.13,453.59,461.4193,0,465.4438,0,14492700,14542361,5.7709,6.3863,-0.6154
2026-06-08,413.36,416.38,407.79,410.97,428.35,421.26,407.83,434.39,453.14,450.9088,0,464.4074,0,13211378,14536967,4.0791,5.9249,-1.8458
2026-06-09,408.26,411.21,397.73,402.65,427.09,420.84,408.78,433.65,452.65,443.4531,0,462.1428,0,14247352,14551601,2.0438,5.1486,-3.1048
2026-06-10,397.80,404.28,396.41,396.61,425.56,420.37,409.56,432.88,452.12,437.7919,0,458.2781,0,12944399,14488882,-0.0558,4.1078,-4.1635
2026-06-11,394.47,396.10,383.28,389.61,421.90,419.67,409.98,432.08,451.56,427.3929,0,453.3289,0,18433455,14522589,-2.2591,2.8344,-5.0935
2026-06-12,390.69,391.00,381.55,390.01,415.96,418.78,410.42,431.32,451.02,423.0448,0,446.3239,0,13623462,14577741,-3.9277,1.4820,-5.4097
2026-06-15,396.05,401.00,392.11,399.01,409.90,417.72,410.97,430.70,450.51,423.0448,0,438.5512,0,12898816,14655717,-4.4721,0.2912,-4.7632
2026-06-16,395.05,396.09,389.96,393.09,405.16,416.28,411.40,430.03,449.94,423.0448,0,431.7113,0,12408323,14783468,-5.3198,-0.8310,-4.4888
2026-06-17,389.52,389.64,376.61,378.20,400.33,414.41,411.55,429.21,449.32,419.9853,0,425.6921,0,15909597,14941998,-7.1113,-2.0871,-5.0242
2026-06-18,377.11,380.65,372.58,378.69,395.47,412.37,411.67,428.37,448.71,412.2138,0,418.8208,0,22655567,15147566,-8.3948,-3.3486,-5.0462
2026-06-22,375.03,380.91,366.38,366.65,390.55,409.79,411.57,427.43,448.04,410.0445,0,411.4220,0,16593152,15252339,-10.2650,-4.7319,-5.5331
2026-06-23,371.68,376.51,369.97,373.24,386.77,407.56,411.64,426.59,447.38,408.9588,0,403.3145,0,15199764,15347823,-11.0878,-6.0031,-5.0847
2026-06-24,370.87,378.17,364.09,364.77,382.99,405.04,411.28,425.65,446.75,407.4982,0,396.6664,0,16266588,15398363,-12.2812,-7.2587,-5.0225
2026-06-25,362.09,363.55,348.54,352.17,378.54,402.05,410.50,424.64,446.04,393.6438,0,390.1520,0,23349936,15570493,-14.0819,-8.6233,-5.4586
2026-06-26,356.48,375.90,354.76,372.27,376.81,399.36,409.75,423.86,445.43,393.6438,0,381.8304,0,69447611,16588826,-13.7287,-9.6444,-4.0843
2026-06-29,376.79,379.79,359.22,367.88,374.60,395.28,408.74,423.09,444.79,393.6438,0,348.5439,1,18881805,16616450,-13.6458,-10.4447,-3.2011
2026-06-30,370.33,373.45,366.76,372.32,371.93,390.91,407.76,422.40,444.17,393.6438,0,349.1687,1,16765645,16541080,-13.0710,-10.9700,-2.1011
2026-07-01,380.11,388.10,374.19,383.56,370.97,388.07,407.11,421.83,443.56,393.6438,0,349.7810,1,18470726,16679868,-11.5752,-11.0910,-0.4842
2026-07-02,383.76,391.46,382.98,389.76,372.13,386.23,406.45,421.29,442.95,393.6438,0,351.3138,1,16450914,16737013,-9.7769,-10.8282,1.0513
2026-07-06,386.31,388.42,380.50,386.01,372.86,384.17,405.55,420.71,442.36,393.6438,0,353.7227,1,13235983,16747364,-8.5552,-10.3736,1.8184
2026-07-07,391.75,394.83,387.49,388.11,375.01,382.78,405.03,420.08,441.77,393.6438,0,355.9871,1,11392040,16656674,-7.3333,-9.7655,2.4323
2026-07-08,383.31,384.59,380.61,382.62,375.95,381.36,404.22,419.37,441.16,393.6438,0,359.0943,1,9931688,16622128,-6.7303,-9.1585,2.4282
2026-07-09,373.75,383.93,372.65,383.64,377.83,380.41,403.43,418.70,440.51,393.6438,0,361.9529,1,11947138,16598810,-6.0999,-8.5468,2.4468
2026-07-10,387.07,391.17,380.78,384.38,381.05,379.80,402.57,418.02,439.88,393.6438,0,364.5828,1,9490636,16527312,-5.4776,-7.9329,2.4553
2026-07-13,387.02,392.91,383.43,390.26,382.85,379.83,401.92,417.45,439.31,393.6438,0,367.0023,1,11305436,16428384,-4.4587,-7.2381,2.7794
2026-07-14,382.10,387.46,377.94,384.21,384.49,379.54,401.48,416.83,438.70,393.6438,0,369.2283,1,10725651,16064588,-4.0921,-6.6089,2.5168
2026-07-15,387.07,398.21,385.67,394.89,386.74,379.33,401.12,416.26,438.16,356.4251,1,371.2762,1,14343052,16091409,-2.9062,-5.8683,2.9621
2026-07-16,397.56,405.23,391.31,400.35,388.42,379.70,400.89,415.68,437.62,362.1308,1,373.9696,1,14859712,16156426,-1.5085,-4.9964,3.4879
2026-07-17,394.12,397.64,388.66,393.08,388.75,380.44,400.56,415.04,437.04,362.1308,1,377.7205,1,13015672,16205283,-0.9759,-4.1923,3.2164
2026-07-20,390.67,402.42,388.92,401.53,390.31,381.58,400.34,414.55,436.47,362.1308,1,381.0213,1,11230247,16179145,0.1269,-3.3284,3.4554
2026-07-21,398.06,400.72,395.58,397.00,391.19,383.10,399.90,413.99,435.88,363.5258,1,383.9260,1,9596355,16077018,0.6280,-2.5371,3.1652
2026-07-22,398.83,400.25,386.23,389.61,391.89,383.92,399.43,413.42,435.27,363.5258,1,405.2271,0,10985143,16019555,0.4235,-1.9450,2.3685
2026-07-23,389.24,391.04,376.68,380.86,391.62,384.72,398.82,412.81,434.61,363.5258,1,404.8473,0,11581639,15956896,-0.4391,-1.6438,1.2047
2026-07-24,386.32,388.30,379.93,380.98,391.28,386.17,398.32,412.19,433.89,363.5258,1,403.7206,0,10557593,15853297,-1.1004,-1.5351,0.4348
2026-07-27,389.35,393.46,387.26,388.37,391.09,386.97,398.02,411.63,433.24,363.5258,1,402.6390,0,10838848,15829646,-1.0167,-1.4314,0.4148
2026-07-28,392.42,399.57,390.56,392.61,391.93,388.21,397.71,411.04,432.60,363.5258,1,401.6007,0,12731756,15862554,-0.6012,-1.2654,0.6642
2026-07-29,392.66,400.50,388.01,389.81,391.42,389.08,397.11,410.42,431.96,363.5258,1,400.6039,0,18437003,15802866,-0.4925,-1.1108,0.6183
2026-07-30,437.08,457.83,431.63,450.25,396.41,392.42,397.67,410.21,431.67,392.5165,1,376.6809,1,49693492,16520892,4.4202,-0.0046,4.4248
2026-07-31,449.15,465.96,448.49,463.85,403.49,396.12,398.64,410.08,431.44,404.9909,1,378.3039,1,28276353,16810766,9.3032,1.8570,7.4463
2026-08-03,475.24,490.73,474.11,486.73,412.01,401.16,399.98,410.09,431.33,427.3430,1,381.8102,1,32556538,17227248,14.8487,4.4553,10.3934
2026-08-04,480.00,498.50,478.27,491.88,421.50,406.35,401.46,410.14,431.24,432.7496,1,388.3452,1,24864975,17461414,19.4351,7.4513,11.9838
2026-08-05,495.43,497.30,484.77,486.54,431.19,411.54,402.83,410.15,431.14,437.2023,1,397.1577,1,16275753,17599491,22.3809,10.4372,11.9437
2026-08-06,487.63,500.62,487.60,498.92,443.00,417.31,404.50,410.25,431.09,441.4378,1,405.2652,1,18215648,17710874,25.4212,13.4340,11.9872
2026-08-07,498.27,504.23,497.79,499.05,454.80,423.04,406.25,410.37,431.02,451.6756,1,414.8004,1,14422811,17760795,27.5238,16.2520,11.2718
2026-08-10,502.49,512.76,501.33,505.11,466.48,428.78,407.83,410.61,430.98,458.5286,1,425.5321,1,15792159,17673128,29.3408,18.8697,10.4711
2026-08-11,503.38,504.38,498.61,502.86,477.50,434.71,408.90,410.83,430.91,458.5286,1,437.7446,1,11612720,17188110,30.2509,21.1459,9.1049
2026-08-12,499.05,500.56,490.60,491.50,487.67,439.55,409.53,410.94,430.79,458.5286,1,448.2474,1,14281208,16979791,29.7130,22.8594,6.8537
2026-08-13,492.34,500.40,492.08,495.95,492.24,444.33,410.64,411.04,430.67,458.5286,1,457.2799,1,11447618,16881849,29.3074,24.1490,5.1584
2026-08-14,495.43,499.07,492.99,494.47,495.30,449.40,412.00,411.17,430.51,458.5286,1,465.0477,1,8034199,16708892,28.5377,25.0267,3.5110
2026-08-17,489.22,491.73,477.51,479.45,494.57,453.29,413.04,411.19,430.22,458.5286,1,471.7281,1,14235557,16763316,26.4112,25.3036,1.1076
2026-08-18,480.64,483.36,476.25,480.73,493.46,457.48,414.34,411.23,429.93,458.5286,1,512.7647,0,11601311,16705488,24.5460,25.1521,-0.6061
2026-08-19,479.17,488.38,478.46,483.40,493.14,462.17,415.79,411.34,429.74,458.5286,1,512.0345,0,9667748,16634616,23.0184,24.7253,-1.7070
2026-08-20,483.30,484.16,479.50,481.15,491.37,467.18,417.36,411.50,429.58,458.5286,1,511.3189,0,9633008,16542329,21.3797,24.0562,-2.6765
2026-08-21,479.88,486.36,478.53,483.24,489.79,472.29,419.09,411.70,429.43,458.5286,1,510.6175,0,10878119,16501003,20.0189,23.2487,-3.2298
2026-08-24,483.21,490.61,481.86,487.31,488.01,477.24,421.05,411.90,429.32,458.5286,1,509.9303,0,8396741,16300269,19.0493,22.4089,-3.3596
2026-08-25,485.44,492.44,484.30,491.71,486.89,482.20,423.08,412.17,429.26,458.5286,1,509.2567,0,9597687,16219754,18.4235,21.6118,-3.1882
2026-08-26,487.85,497.40,487.31,496.37,487.38,487.52,425.03,412.53,429.28,459.6344,1,508.5967,0,10304095,16167859,18.0951,20.9084,-2.8134
2026-08-27,494.88,506.48,490.08,505.06,488.29,490.26,427.27,412.91,429.34,463.9114,1,507.9498,0,14489565,16209484,18.3247,20.3917,-2.0670
2026-08-28,505.33,517.78,504.87,513.53,490.19,492.75,429.97,413.25,429.40,476.5203,1,476.2534,1,14998826,16191269,18.9715,20.1077,-1.1362
2026-08-31,510.38,512.19,506.39,507.29,492.98,493.78,432.55,413.52,429.41,476.5203,1,477.0840,1,13802803,16014213,18.7642,19.8390,-1.0747
2026-09-01,497.52,505.97,496.78,501.02,495.01,494.23,435.23,413.67,429.38,476.5203,1,477.8979,1,10544918,15893249,17.8879,19.4488,-1.5609
2026-09-02,499.85,500.27,493.81,496.82,496.35,494.75,437.70,413.79,429.37,476.5203,1,478.6955,1,7619281,15741639,16.6623,18.8915,-2.2291
2026-09-03,501.66,515.65,500.80,510.12,499.25,495.31,440.61,414.32,429.39,476.5203,1,479.4772,1,12307104,15662449,16.5733,18.4278,-1.8546
2026-09-04,510.00,511.00,499.36,499.70,500.89,495.34,443.56,414.80,429.37,476.5203,1,480.2433,1,9045470,15376360,15.4834,17.8389,-2.3556
2026-09-08,493.01,495.19,490.15,493.95,501.56,494.78,446.00,415.29,429.39,476.5203,1,480.9940,1,9326912,14173946,13.9943,17.0700,-3.0757
2026-09-09,493.07,494.39,489.80,491.65,501.55,494.22,448.47,415.85,429.44,476.5203,1,481.7297,1,6337172,13923053,12.4848,16.1530,-3.6682
2026-09-10,488.32,494.52,486.00,492.44,501.16,494.27,450.87,416.39,429.52,476.5203,1,482.4507,1,7898147,13745703,11.2228,15.1669,-3.9441
2026-09-11,495.65,498.97,492.58,495.63,500.22,494.25,453.12,417.08,429.65,476.5203,1,483.1573,1,7191839,13520126,10.3606,14.2057,-3.8450
2026-09-14,497.06,509.95,495.34,505.41,499.40,494.80,455.43,417.79,429.83,476.5203,1,483.8498,1,11670877,13424525,10.3473,13.4340,-3.0867
2026-09-15,500.06,505.90,495.54,497.12,498.39,495.68,457.65,418.37,429.94,476.5203,1,484.5284,1,8846051,13336726,9.5576,12.6587,-3.1011
2026-09-16,493.03,495.97,487.23,490.30,497.31,496.16,459.69,418.90,429.98,476.5203,1,485.1934,1,8173448,13272354,8.2859,11.7841,-3.4983
2026-09-17,497.80,501.47,493.17,497.75,497.41,496.88,462.00,419.54,430.03,476.5203,1,485.8452,1,8880656,13251334,7.7894,10.9852,-3.1958
2026-09-18,497.97,498.65,491.10,493.78,495.77,497.51,464.20,420.17,430.08,476.5203,1,486.4839,1,19564699,13403685,6.9950,10.1872,-3.1922
2026-09-21,494.95,501.87,491.33,501.61,495.96,498.43,466.54,420.85,430.15,476.5203,1,487.1098,1,14024965,13494372,6.9175,9.5332,-2.6157
2026-09-22,507.32,508.50,493.65,498.00,496.37,498.96,468.70,421.54,430.27,476.5203,1,487.7232,1,10783094,13483925,6.4900,8.9246,-2.4346
2026-09-23,500.76,509.44,495.88,500.59,497.26,499.41,471.03,422.23,430.38,476.5203,1,488.3243,1,9734273,13464097,6.2876,8.3972,-2.1095
2026-09-24,495.07,498.90,491.22,497.93,497.81,499.49,473.09,422.91,430.47,476.5203,1,488.9134,1,8294319,13343123,5.8453,7.8868,-2.0415
2026-09-25,499.04,519.40,497.25,516.17,499.87,500.04,475.40,423.71,430.61,476.5203,1,489.4908,1,19714132,13440211,6.8871,7.6869,-0.7997
2026-09-28,505.47,513.33,502.22,509.22,500.25,499.82,477.73,424.55,430.71,476.5203,1,490.6871,1,9994410,13379786,7.0705,7.5636,-0.4931
2026-09-29,508.31,513.64,502.40,508.96,501.43,499.91,479.88,425.36,430.88,476.5203,1,491.8357,1,10862122,13372423,7.1128,7.4734,-0.3606
2026-09-30,511.61,519.83,510.31,512.90,503.69,500.50,482.19,426.12,431.04,479.2281,1,492.9382,1,13962831,13459753,7.3793,7.4546,-0.0753
2026-10-01,519.88,522.85,512.17,512.80,505.20,501.30,484.66,426.87,431.23,482.0483,1,494.5517,1,10118518,13442420,7.4959,7.4629,0.0331
2026-10-02,519.39,522.50,513.66,517.53,507.57,501.67,487.39,427.72,431.46,483.2544,1,496.8156,1,9223575,13395259,7.8792,7.5461,0.3331
2026-10-05,521.62,532.35,521.47,525.18,509.93,502.95,490.27,428.57,431.71,491.1210,1,498.8983,1,13972309,13463553,8.7000,7.7769,0.9231
2026-10-06,531.68,535.69,528.78,529.30,513.06,504.71,493.09,429.42,432.00,496.8719,1,502.2435,1,11172199,13470220,9.5726,8.1361,1.4365
2026-10-07,530.73,531.73,524.69,529.76,515.98,506.62,495.84,430.26,432.24,496.8719,1,506.2571,1,8894777,13393481,10.1838,8.5456,1.6382
2026-10-08,529.81,533.51,518.79,522.61,518.44,508.13,498.49,431.02,432.44,496.8719,1,509.7890,1,10571721,13236175,9.9763,8.8317,1.1445
2026-10-09,528.24,537.22,526.24,535.07,520.33,510.10,500.19,431.87,432.70,496.8719,1,512.8972,1,9890020,12440106,10.6940,9.2042,1.4898
