rsRating,symbol,longName,sector,industry,country,marketCap,currentPrice,averageVolume10days,averageVolume3months,averageDollarVolume,revenueGrowth,earningsGrowth,earningsQuarterlyGrowth,grossMargins,operatingMargins,profitMargins,returnOnEquity,returnOnAssets,totalCash,totalDebt,debtToEquity,currentRatio,quickRatio,operatingCashflow,freeCashflow,sharesOutstanding,floatShares,heldPercentInsiders,heldPercentInstitutions,sharesShort,shortRatio,shortPercentOfFloat,trailingPE,forwardPE,priceToSalesTrailing12Months,priceToBook,enterpriseToRevenue,enterpriseToEbitda,targetMeanPrice,targetHighPrice,targetLowPrice,recommendationMean,recommendationKey,numberOfAnalystOpinions,epsRevisionUpLast7Days,epsRevisionUpLast30Days,epsRevisionDownLast7Days,epsRevisionDownLast30Days,nextEarningsDate,beta,website,retrievedAt
12.37,MZTI,The Marzetti Company,Consumer Defensive,Packaged Foods,United States,2709996288,99.3,399130,378954,37630132.199999996,-0.022,0.495,0.485,0.24732,0.10899,0.09929,0.18677999,0.10298,25096000,253780992,24.097,1.559,0.564,283816000,132784872,27291000,19514430,0.29319,0.71949,2526472,6.1,0.33150002,14.226361,13.685226,1.404272,2.5732722,1.564,9.887,146.6,185.0,118.0,2.2,buy,5,0,0,2,2,2026-11-04,0.363,https://www.marzetticompany.com,2026-10-10T21:36:25.205393+01:00
Date,Open,High,Low,Close,Ma10:Top:Line,Ma20:Top:Line,Ma50:Top:Line,Ma150:Top:Line,Ma200:Top:Line,Supertrend:Top:ColorLine,Supertrend_Dir,ParabolicSAR:Top:ColorLine,ParabolicSAR_Dir,Volume:Middle:Histogram,Vo50:Middle:Line,Macd:Bottom:Line,MacdSignal:Bottom:Line,MacdDelta:Bottom:Histogram
2023-08-03,181.00,181.00,178.66,179.05,,,,,,,0,181.0014,0,12918,,,,
2023-08-04,178.72,179.96,178.33,178.98,,,,,,,0,181.0014,0,17012,,,,
2023-08-07,178.34,179.86,177.33,179.30,,,,,,,0,181.0014,0,11542,,,,
2023-08-08,178.85,178.93,175.33,176.36,,,,,,,0,180.8543,0,19792,,,,
2023-08-09,176.06,177.21,174.88,175.70,,,,,,,0,180.5226,0,18863,,,,
2023-08-10,175.52,175.52,169.81,171.03,,,,,,,0,180.0714,0,25271,,,,
2023-08-11,171.62,172.80,170.44,172.72,,,,,,,0,179.0450,0,19104,,,,
2023-08-14,172.72,173.85,171.28,171.86,,,,,,,0,178.1213,0,22517,,,,
2023-08-15,170.84,171.38,169.15,171.03,,,,,,,0,177.2900,0,25049,,,,
2023-08-16,170.90,173.51,170.73,172.96,174.90,,,,,180.8635,0,176.3133,0,26639,,,,
2023-08-17,172.68,172.68,168.60,168.76,173.87,,,,,179.8116,0,175.4538,0,15494,,,,
2023-08-18,169.00,170.63,167.60,169.36,172.91,,,,,178.2840,0,174.4936,0,20799,,,,
2023-08-21,169.15,170.42,168.71,170.37,172.02,,,,,178.2840,0,173.3913,0,54304,,,,
2023-08-22,170.33,171.31,168.18,169.19,171.30,,,,,178.2840,0,172.4654,0,26899,,,,
2023-08-23,147.32,160.89,147.21,151.32,168.86,,,,,168.5870,0,171.6877,0,74267,,,,
2023-08-24,150.01,151.99,148.38,149.65,166.72,,,,,164.3558,0,171.3078,0,30776,,,,
2023-08-25,150.09,154.21,150.09,152.98,164.75,,,,,164.3558,0,166.9699,0,27593,,,,
2023-08-28,153.58,154.08,151.45,152.94,162.86,,,,,164.3558,0,163.4128,0,26662,,,,
2023-08-29,153.64,154.29,152.04,153.33,161.09,,,,,164.3558,0,160.4960,0,25471,,,,
2023-08-30,152.99,154.14,152.37,153.70,159.16,167.03,,,,164.3558,0,158.1042,0,18261,,,,
2023-08-31,153.69,154.56,152.76,152.94,157.58,165.72,,,,164.3558,0,156.1429,0,17725,,,,
2023-09-01,153.12,154.68,152.10,153.55,156.00,164.45,,,,164.3558,0,147.2083,1,17447,,,,
2023-09-05,152.83,154.06,151.90,153.07,154.27,163.14,,,,163.5592,0,147.3577,1,22138,,,,
2023-09-06,153.83,154.27,151.53,152.01,152.55,161.92,,,,163.2449,0,147.5041,1,24891,,,,
2023-09-07,152.83,153.13,148.71,149.04,152.32,160.59,,,,161.5544,0,147.6477,1,28250,,,,
2023-09-08,149.95,152.06,147.86,148.37,152.19,159.46,,,,160.7916,0,147.7883,1,25828,,,,
2023-09-11,148.70,152.02,148.31,150.65,151.96,158.35,,,,160.7916,0,147.8627,1,31469,,,,
2023-09-12,150.87,150.91,149.23,149.79,151.65,157.25,,,,160.3460,0,147.8627,1,17753,,,,
2023-09-13,149.82,155.25,149.66,154.74,151.79,156.44,,,,160.3460,0,147.9990,1,33071,,,,
2023-09-14,154.60,160.47,154.60,160.01,152.42,155.79,,,,160.3460,0,148.2891,1,33440,,,,
2023-09-15,160.08,161.03,157.62,160.54,153.18,155.38,,,,147.8619,1,149.0202,1,52595,,,,
2023-09-18,160.51,161.52,158.55,161.11,153.93,154.97,,,,148.8266,1,149.9811,1,26347,,,,
2023-09-19,161.36,164.00,161.14,161.31,154.76,154.51,,,,151.6152,1,151.1354,1,31078,,,,
2023-09-20,161.96,161.96,157.98,158.60,155.42,153.98,,,,151.6152,1,152.6792,1,16991,,-3.5527,-6.5006,2.9479
2023-09-21,157.78,159.60,157.11,158.16,156.33,154.32,,,,151.6152,1,154.0377,1,18372,,-3.2167,-5.8438,2.6271
2023-09-22,157.53,158.99,155.13,155.67,157.06,154.63,,,,151.6152,1,164.0002,0,14051,,-3.1157,-5.2982,2.1825
2023-09-25,155.24,156.17,153.14,154.17,157.41,154.69,,,,151.6152,1,163.8229,0,19962,,-3.1206,-4.8627,1.7420
2023-09-26,154.37,156.12,154.37,155.85,158.02,154.83,,,,151.6152,1,163.3955,0,16227,,-2.9553,-4.4812,1.5259
2023-09-27,155.40,155.67,151.91,153.79,157.92,154.85,,,,151.6152,1,162.9853,0,26407,,-2.9562,-4.1762,1.2200
2023-09-28,153.61,154.82,153.44,153.80,157.30,154.86,,,,151.6152,1,162.3208,0,11998,,-2.9224,-3.9254,1.0030
2023-09-29,154.17,155.09,153.13,153.59,156.61,154.89,,,,151.6152,1,161.6962,0,16173,,-2.8797,-3.7163,0.8366
2023-10-02,152.81,152.83,150.22,151.39,155.63,154.78,,,,160.9154,0,161.1091,0,14282,,-2.9887,-3.5708,0.5821
2023-10-03,151.08,152.50,149.57,151.31,154.63,154.70,,,,160.3625,0,160.2378,0,23574,,-3.0467,-3.4659,0.4193
2023-10-04,151.14,154.63,150.96,154.28,154.20,154.81,,,,160.3625,0,159.1706,0,12019,,-2.8198,-3.3367,0.5169
2023-10-05,154.56,156.95,153.62,156.43,154.03,155.18,,,,160.3625,0,158.2101,0,21280,,-2.4384,-3.1571,0.7186
2023-10-06,155.37,160.48,154.54,159.93,154.45,155.76,,,,160.3625,0,149.5658,1,26980,,-1.8327,-2.8922,1.0595
2023-10-09,158.92,161.13,158.40,160.36,155.07,156.24,,,,160.3625,0,149.7841,1,16645,,-1.3031,-2.5744,1.2713
2023-10-10,160.86,162.69,160.41,161.90,155.68,156.85,,,,151.7079,1,150.2381,1,38480,,-0.7508,-2.2097,1.4588
2023-10-11,162.36,162.65,160.19,161.47,156.45,157.18,,,,151.8292,1,150.9851,1,10393,,-0.3437,-1.8365,1.4928
2023-10-12,161.74,161.74,156.40,156.62,156.73,157.01,160.10,,,151.8292,1,151.6873,1,23039,24163,-0.4076,-1.5507,1.1431
2023-10-13,159.07,169.07,156.48,164.74,157.84,157.22,159.81,,,151.8292,1,152.3473,1,40854,24722,0.1943,-1.2017,1.3960
2023-10-16,166.18,166.19,162.03,163.78,159.08,157.36,159.51,,,151.8292,1,153.6853,1,30515,24992,0.5872,-0.8439,1.4311
2023-10-17,164.31,165.68,162.96,164.95,160.45,157.54,159.22,,,151.8561,1,154.9163,1,29014,25341,0.9819,-0.4787,1.4607
2023-10-18,164.42,165.96,161.81,162.34,161.25,157.73,158.94,,,151.8561,1,156.0487,1,22538,25396,1.0721,-0.1686,1.2407
2023-10-19,162.76,164.07,156.41,156.76,161.28,157.66,158.56,,,151.8561,1,169.0723,0,32997,25679,0.6851,0.0022,0.6829
2023-10-20,157.66,158.61,154.03,154.36,160.73,157.59,158.23,,,151.8561,1,168.8190,0,23055,25634,0.1825,0.0382,0.1443
2023-10-23,154.43,155.30,150.94,151.68,159.86,157.47,157.81,,,166.6082,0,168.2275,0,21611,25684,-0.4271,-0.0548,-0.3723
2023-10-24,152.61,153.67,151.99,152.44,158.91,157.30,157.42,,,165.5637,0,167.1905,0,18346,25601,-0.8390,-0.2117,-0.6273
2023-10-25,151.46,155.18,150.57,155.04,158.27,157.36,157.10,,,165.5637,0,166.2156,0,19158,25483,-0.9450,-0.3583,-0.5867
2023-10-26,155.06,157.43,154.53,157.43,158.35,157.54,156.79,,,165.5637,0,164.9641,0,18658,25324,-0.8265,-0.4520,-0.3745
2023-10-27,156.42,157.35,154.14,155.47,157.42,157.63,156.53,,,165.5637,0,163.8126,0,15402,25322,-0.8809,-0.5377,-0.3431
2023-10-30,157.04,157.84,155.57,155.87,156.63,157.86,156.26,,,165.5637,0,162.7533,0,15626,25218,-0.8815,-0.6065,-0.2750
2023-10-31,155.47,157.77,148.91,157.44,155.88,158.16,156.00,,,165.5637,0,161.7787,0,32582,24784,-0.7465,-0.6345,-0.1120
2023-11-01,158.23,160.02,155.89,159.27,155.58,158.41,155.80,,,165.5637,0,160.4922,0,22813,24702,-0.4860,-0.6048,0.1188
2023-11-02,164.06,164.06,154.30,155.88,155.49,158.39,155.89,,,165.5637,0,148.9143,1,34972,23916,-0.5473,-0.5933,0.0460
2023-11-03,158.23,160.04,153.34,159.14,155.96,158.35,156.08,,,165.5637,0,149.2171,1,33225,23965,-0.3285,-0.5403,0.2118
2023-11-06,157.99,157.99,155.94,156.44,156.44,158.15,156.15,,,165.5637,0,149.5139,1,17365,23761,-0.3687,-0.5060,0.1373
2023-11-07,156.45,157.83,151.61,157.80,156.98,157.95,156.25,,,165.5637,0,149.8047,1,16040,23548,-0.2875,-0.4623,0.1748
2023-11-08,157.63,158.05,153.39,153.94,156.87,157.57,156.26,,,165.5637,0,150.0898,1,15102,23341,-0.5288,-0.4756,-0.0532
2023-11-09,155.49,155.49,152.80,154.81,156.61,157.48,156.28,,,165.5637,0,150.3691,1,18065,23337,-0.6427,-0.5090,-0.1337
2023-11-10,154.46,156.14,153.10,156.02,156.66,157.04,156.34,,,165.5637,0,150.6428,1,20787,23398,-0.6281,-0.5328,-0.0953
2023-11-13,156.28,156.28,154.66,155.56,156.63,156.63,156.38,,,165.5637,0,150.9111,1,15762,23364,-0.6460,-0.5555,-0.0905
2023-11-14,157.35,160.18,157.35,159.72,156.86,156.37,156.52,,,165.5637,0,151.1740,1,15961,23241,-0.3207,-0.5085,0.1878
2023-11-15,159.52,160.04,157.52,158.33,156.76,156.17,156.64,,,165.5637,0,151.4316,1,14053,23024,-0.1728,-0.4414,0.2686
2023-11-16,158.86,158.87,154.61,154.61,156.64,156.06,156.75,,,165.5637,0,151.6841,1,14403,22747,-0.3520,-0.4235,0.0715
2023-11-17,154.53,156.25,153.81,155.75,156.30,156.13,156.90,,,165.5637,0,151.9316,1,19615,22623,-0.3970,-0.4182,0.0212
2023-11-20,155.38,156.52,154.57,155.84,156.24,156.34,157.00,,,165.5637,0,152.1741,1,11303,22220,-0.4211,-0.4188,-0.0023
2023-11-21,154.93,156.73,154.93,155.03,155.96,156.47,157.11,,,165.5637,0,152.4117,1,11361,22092,-0.4997,-0.4349,-0.0647
2023-11-22,156.40,159.36,154.94,158.16,156.38,156.62,157.18,,,165.5637,0,152.6446,1,23503,21900,-0.3062,-0.4092,0.1030
2023-11-24,157.53,160.77,156.91,158.82,156.78,156.69,157.15,,,165.5637,0,152.8728,1,6587,21363,-0.0984,-0.3470,0.2487
2023-11-27,157.94,158.08,151.63,152.40,156.42,156.54,156.99,,,165.5637,0,164.0561,0,25203,20815,-0.4459,-0.3668,-0.0791
2023-11-28,151.62,153.66,150.86,152.74,156.14,156.38,156.82,,,163.9955,0,163.8076,0,17659,20642,-0.6864,-0.4307,-0.2557
2023-11-29,153.39,153.39,151.12,152.68,155.44,156.15,156.65,,,163.4986,0,163.2897,0,16439,20349,-0.8715,-0.5189,-0.3526
2023-11-30,152.82,154.51,152.16,154.40,155.04,155.90,156.57,,,163.4986,0,162.7924,0,19659,20402,-0.8700,-0.5891,-0.2809
2023-12-01,154.50,156.84,152.81,156.45,155.23,155.93,156.53,,,163.4986,0,162.3151,0,18926,20413,-0.6954,-0.6104,-0.0850
2023-12-04,156.71,160.17,156.71,158.75,155.53,155.91,156.59,,,163.4986,0,161.8569,0,16931,20471,-0.3670,-0.5617,0.1947
2023-12-05,159.23,160.87,157.22,158.35,155.78,156.01,156.68,,,163.4986,0,161.4170,0,18378,20439,-0.1369,-0.4767,0.3398
2023-12-06,157.55,158.65,157.06,157.42,156.02,155.99,156.71,,,163.4986,0,160.9947,0,19632,20507,-0.0298,-0.3873,0.3576
2023-12-07,158.24,159.04,156.27,157.92,155.99,156.19,156.79,,,163.4986,0,160.8711,0,27071,20521,0.0949,-0.2909,0.3858
2023-12-08,156.42,158.57,155.64,155.72,155.68,156.23,156.83,,,163.4986,0,160.4706,0,21468,20710,0.0160,-0.2295,0.2455
2023-12-11,156.04,156.81,154.20,155.79,156.02,156.22,156.87,,,163.4986,0,160.0862,0,19113,20769,-0.0407,-0.1918,0.1510
2023-12-12,156.52,157.75,154.85,157.56,156.50,156.32,157.00,,,163.4986,0,159.7171,0,14885,20781,0.0563,-0.1421,0.1985
2023-12-13,156.80,162.96,156.80,162.74,157.51,156.47,157.23,,,163.4986,0,150.8594,1,25271,20815,0.5453,-0.0047,0.5500
2023-12-14,163.75,165.59,160.03,160.33,158.10,156.57,157.35,,,163.4986,0,151.1013,1,26078,21096,0.7296,0.1422,0.5874
2023-12-15,160.76,161.74,155.54,155.54,158.01,156.62,157.33,,,163.4986,0,151.6808,1,68217,22035,0.4835,0.2104,0.2730
2023-12-18,156.76,158.34,155.78,156.04,157.74,156.63,157.25,,,163.4986,0,152.2370,1,21229,21920,0.3254,0.2334,0.0920
2023-12-19,156.74,157.80,156.02,156.88,157.60,156.69,157.18,,,163.4986,0,152.7710,1,24395,22075,0.2651,0.2398,0.0253
2023-12-20,155.52,156.96,153.45,153.67,157.22,156.62,157.02,,,163.4986,0,153.2837,1,23812,21781,-0.0420,0.1834,-0.2254
2023-12-21,154.15,156.00,151.16,151.48,156.58,156.28,156.82,,,163.4986,0,165.5872,0,18535,21944,-0.4567,0.0554,-0.5121
2023-12-22,152.74,154.78,152.22,152.40,156.24,155.96,156.73,,,163.4986,0,165.2986,0,15603,21795,-0.7026,-0.0962,-0.6064
2023-12-26,152.86,153.92,151.79,153.18,155.98,156.00,156.50,,,163.4986,0,165.0158,0,16812,21315,-0.8253,-0.2420,-0.5833
2023-12-27,153.18,154.81,153.05,153.37,155.56,156.03,156.29,,,163.4986,0,164.7387,0,19275,21090,-0.8970,-0.3730,-0.5240
2023-12-28,153.18,156.37,153.18,155.61,154.85,156.18,156.11,,,163.4986,0,164.4671,0,28338,21076,-0.7639,-0.4512,-0.3127
2023-12-29,155.28,158.56,154.94,155.70,154.39,156.24,155.97,,,163.4986,0,164.2009,0,29751,21221,-0.6442,-0.4898,-0.1544
2024-01-02,155.38,158.08,153.77,155.70,154.40,156.21,155.95,,,163.4986,0,163.9400,0,23444,21030,-0.5430,-0.5004,-0.0426
2024-01-03,155.95,156.78,152.82,153.00,154.10,155.92,155.93,,,163.4986,0,163.6844,0,15811,20885,-0.6726,-0.5349,-0.1377
2024-01-04,153.37,154.63,152.41,153.52,153.76,155.68,155.96,,,163.4986,0,163.4339,0,16636,20785,-0.7253,-0.5730,-0.1524
2024-01-05,152.64,153.59,151.79,152.63,153.66,155.44,155.97,,,162.3889,0,163.1884,0,16751,20753,-0.8293,-0.6242,-0.2051
2024-01-08,152.35,154.05,152.35,153.80,153.89,155.23,155.94,,,162.3889,0,162.9478,0,11949,20609,-0.8080,-0.6610,-0.1471
2024-01-09,152.38,155.17,152.15,155.17,154.17,155.20,155.90,,,162.3889,0,162.7120,0,15969,20555,-0.6724,-0.6633,-0.0092
2024-01-10,154.18,157.29,153.80,157.16,154.56,155.27,155.93,,,162.3889,0,162.4809,0,19549,20638,-0.4003,-0.6107,0.2104
2024-01-11,156.58,157.73,156.03,157.00,154.93,155.25,155.95,,,162.3889,0,162.2545,0,18355,20693,-0.1952,-0.5276,0.3324
2024-01-12,158.57,161.09,158.23,160.67,155.43,155.14,156.02,,,162.3889,0,162.0325,0,21411,20469,0.2604,-0.3700,0.6303
2024-01-16,160.67,161.95,159.61,160.30,155.89,155.14,156.04,,,162.3889,0,151.1582,1,18467,20382,0.5852,-0.1790,0.7641
2024-01-17,159.29,161.62,159.29,160.79,156.40,155.40,156.14,,,162.3889,0,151.3740,1,16702,20017,0.8718,0.0312,0.8406
2024-01-18,160.24,162.23,158.44,162.11,157.31,155.71,156.20,,,162.3889,0,151.5855,1,19784,19748,1.1917,0.2633,0.9284
2024-01-19,162.56,162.56,159.84,160.85,158.05,155.90,156.28,,,162.3889,0,152.0112,1,19442,19790,1.3287,0.4764,0.8523
2024-01-22,161.95,163.44,160.91,163.19,159.10,156.38,156.39,,,153.3050,1,152.6444,1,26125,19992,1.6075,0.7026,0.9049
2024-01-23,164.68,166.63,163.30,165.65,160.29,157.09,156.63,,,155.9546,1,153.5076,1,20978,20109,2.0040,0.9629,1.0411
2024-01-24,166.35,167.47,164.39,164.84,161.25,157.71,156.83,,,156.8958,1,154.8195,1,23271,20213,2.2268,1.2157,1.0111
2024-01-25,166.76,167.57,163.85,167.01,162.24,158.40,157.05,,,156.8958,1,156.3373,1,35482,20507,2.5492,1.4824,1.0668
2024-01-26,168.26,168.79,167.02,168.30,163.37,159.15,157.30,,,159.0476,1,157.9100,1,17572,20543,2.8757,1.7610,1.1147
2024-01-29,168.84,170.07,167.49,169.90,164.29,159.86,157.50,,,160.0333,1,159.6504,1,22660,20677,3.2264,2.0541,1.1723
2024-01-30,169.93,175.53,169.73,175.27,165.79,160.84,157.84,,,163.0225,1,161.5258,1,39129,21179,3.8929,2.4219,1.4710
2024-01-31,175.39,178.31,171.90,171.97,166.91,161.66,158.19,,,164.5357,1,164.3275,1,70075,22292,4.1072,2.7589,1.3483
2024-02-01,182.90,201.47,177.08,190.93,169.79,163.55,158.89,,,170.9088,1,167.1246,1,117568,24251,5.7406,3.3553,2.3853
2024-02-02,189.02,191.75,184.83,189.55,172.66,165.35,159.57,,,170.9088,1,171.9034,1,60062,25226,6.8452,4.0532,2.7919
2024-02-05,187.90,189.86,183.51,183.88,174.73,166.92,160.15,,,170.9088,1,177.0780,1,38830,25776,7.1802,4.6786,2.5016
2024-02-06,183.97,185.69,180.26,180.87,176.25,168.27,160.60,,,170.9088,1,201.4726,0,29515,25896,7.1206,5.1670,1.9535
2024-02-07,180.90,181.06,175.34,175.58,177.33,169.29,160.93,,,170.9088,1,201.0483,0,24525,26255,6.5709,5.4478,1.1231
2024-02-08,175.77,178.72,174.95,176.07,178.23,170.24,161.41,,,170.9088,1,200.0199,0,19851,26148,6.1042,5.5791,0.5251
2024-02-09,176.10,177.70,175.13,176.62,179.06,171.22,161.89,,,170.9088,1,198.5159,0,20121,26197,5.7130,5.6059,0.1072
2024-02-12,177.29,182.39,177.29,181.93,180.27,172.28,162.47,,,170.9088,1,197.1022,0,25605,26380,5.7647,5.6376,0.1271
2024-02-13,180.97,181.04,175.59,177.47,180.49,173.14,162.93,,,170.9088,1,195.7733,0,20768,26403,5.3842,5.5869,-0.2028
2024-02-14,177.85,179.10,175.69,177.69,181.06,173.98,163.36,,,170.9088,1,194.5241,0,18951,26403,5.0418,5.4779,-0.4361
2024-02-15,179.22,180.34,177.90,179.81,179.95,174.87,163.78,,,170.9088,1,193.3499,0,16583,26396,4.8856,5.3595,-0.4738
2024-02-16,179.95,181.86,177.76,180.49,179.04,175.85,164.22,,,170.9088,1,192.2462,0,16820,26365,4.7620,5.2400,-0.4779
2024-02-20,178.81,183.28,178.81,181.42,178.79,176.76,164.70,,,170.9088,1,191.2086,0,25515,26483,4.6849,5.1290,-0.4441
2024-02-21,180.64,182.70,179.31,180.44,178.75,177.50,165.15,,,170.9088,1,190.2333,0,23583,26413,4.4926,5.0017,-0.5091
2024-02-22,179.31,181.41,176.54,181.11,179.30,178.32,165.66,,,170.9088,1,189.3166,0,39929,26782,4.3445,4.8703,-0.5257
2024-02-23,181.39,187.00,181.39,186.97,180.39,179.31,166.28,,,170.9088,1,188.4548,0,29212,26984,4.6463,4.8255,-0.1792
2024-02-26,186.02,188.70,184.95,188.51,181.58,180.32,166.90,,,172.3869,1,174.9539,1,30662,27300,4.9529,4.8510,0.1020
2024-02-27,189.16,189.16,186.68,188.33,182.22,181.25,167.41,,,174.1815,1,175.2288,1,28741,27369,5.1226,4.9053,0.2173
2024-02-28,187.79,192.03,186.79,191.97,183.67,182.08,168.05,,,175.4756,1,175.7860,1,26979,27387,5.4874,5.0217,0.4657
2024-02-29,193.53,195.03,190.33,193.62,185.27,183.16,168.81,,,178.7275,1,176.7607,1,36252,26748,5.8422,5.1858,0.6564
2024-03-01,193.62,193.83,189.43,192.99,186.59,183.27,169.55,,,178.7275,1,178.2226,1,21326,26750,6.0035,5.3493,0.6541
2024-03-04,194.18,196.33,193.49,193.50,187.89,183.46,170.28,,,181.4190,1,179.5676,1,22044,26703,6.1018,5.4998,0.6019
2024-03-05,193.55,195.51,190.66,191.46,188.89,183.84,171.04,,,181.4190,1,181.2434,1,26886,26764,5.9465,5.5892,0.3573
2024-03-06,192.80,194.78,191.41,192.20,190.07,184.41,171.85,,,181.4190,1,182.7517,1,16217,26718,5.8163,5.6346,0.1817
2024-03-07,193.44,196.00,191.54,192.69,191.23,185.27,172.66,163.16,,181.4190,1,184.1091,1,25812,26922,5.6870,5.6451,0.0420
2024-03-08,194.09,194.81,191.96,193.01,191.83,186.11,173.45,163.26,,181.4190,1,185.3308,1,17373,26933,5.5464,5.6254,-0.0789
2024-03-11,192.42,193.61,190.89,191.93,192.17,186.88,174.22,163.34,,181.4190,1,186.4303,1,15785,26863,5.2868,5.5577,-0.2708
2024-03-12,191.46,192.18,189.45,190.56,192.39,187.31,174.92,163.42,,181.4190,1,187.4199,1,37793,27052,4.9137,5.4289,-0.5151
2024-03-13,191.17,191.28,185.77,187.81,191.98,187.83,175.56,163.49,,181.4190,1,196.3260,0,28576,27029,4.3465,5.2124,-0.8659
2024-03-14,187.81,188.14,186.06,188.11,191.43,188.35,176.21,163.58,,181.4190,1,196.1150,0,19174,26944,3.8765,4.9452,-1.0687
2024-03-15,186.81,188.35,184.79,186.28,190.76,188.67,176.88,163.68,,181.4190,1,195.9082,0,65565,27939,3.3180,4.6198,-1.3018
2024-03-18,186.18,188.57,185.25,185.81,189.99,188.94,177.52,163.77,,181.4190,1,195.4633,0,20007,28006,2.8050,4.2568,-1.4518
2024-03-19,186.10,187.87,185.73,186.95,189.54,189.21,178.21,163.87,,181.4190,1,195.0363,0,23770,28146,2.4619,3.8978,-1.4359
2024-03-20,187.20,191.26,186.96,191.13,189.43,189.75,178.96,164.00,,181.4190,1,194.6263,0,29935,28506,2.4987,3.6180,-1.1193
2024-03-21,190.81,194.36,189.42,193.37,189.50,190.36,179.72,164.14,,181.4190,1,184.7872,1,25841,28704,2.6774,3.4299,-0.7525
2024-03-22,193.48,194.83,191.83,193.63,189.56,190.69,180.45,164.30,,182.0435,1,184.9785,1,19428,28701,2.8080,3.3055,-0.4975
2024-03-25,194.46,194.46,190.42,190.92,189.46,190.82,181.13,164.45,,182.0435,1,185.3727,1,13224,28599,2.6623,3.1769,-0.5145
2024-03-26,192.45,192.65,189.30,191.75,189.58,190.99,181.75,164.59,,182.0435,1,185.7512,1,17791,28526,2.5839,3.0583,-0.4744
2024-03-27,192.32,194.82,192.32,194.62,190.26,191.12,182.44,164.76,,182.5366,1,186.1145,1,35409,28865,2.7216,2.9909,-0.2693
2024-03-28,195.55,196.51,194.51,195.14,190.96,191.19,183.12,165.05,,184.9788,1,186.4633,1,16818,28867,2.8405,2.9608,-0.1204
2024-04-01,194.60,194.60,192.31,194.05,191.74,191.25,183.76,165.35,,184.9788,1,187.0660,1,16600,28804,2.8143,2.9315,-0.1172
2024-04-02,193.52,194.51,189.96,194.36,192.59,191.29,184.43,165.62,,184.9788,1,187.6324,1,25560,28926,2.7864,2.9025,-0.1161
2024-04-03,192.91,194.18,192.15,192.75,193.17,191.35,185.03,165.89,,184.9788,1,188.1649,1,18068,28765,2.6039,2.8428,-0.2389
2024-04-04,193.42,194.24,191.97,192.21,193.28,191.36,185.56,166.15,,184.9788,1,188.6655,1,17874,28703,2.3885,2.7519,-0.3634
2024-04-05,192.28,193.66,190.30,191.89,193.13,191.32,186.10,166.40,,184.9788,1,189.1360,1,18988,28617,2.1670,2.6349,-0.4679
2024-04-08,192.65,193.06,190.52,190.63,192.83,191.20,186.57,166.65,,184.9788,1,189.5783,1,16409,28236,1.8683,2.4816,-0.6133
2024-04-09,191.03,191.34,188.98,190.58,192.80,191.13,187.02,166.90,,184.9788,1,196.5073,0,20601,28296,1.6085,2.3070,-0.6985
2024-04-10,187.52,187.68,185.12,186.80,192.30,190.94,187.35,167.12,,184.9788,1,196.3567,0,22141,28286,1.0852,2.0626,-0.9774
2024-04-11,187.50,188.07,186.34,186.62,191.50,190.88,187.58,167.36,,184.9788,1,195.9071,0,21504,27933,0.6486,1.7798,-1.1312
2024-04-12,185.67,186.29,183.16,184.32,190.42,190.69,187.83,167.59,,194.4380,0,195.4755,0,18258,26897,0.1155,1.4470,-1.3315
2024-04-15,185.61,186.23,181.42,183.10,189.33,190.53,187.67,167.82,,194.0053,0,194.7366,0,43754,25421,-0.4010,1.0774,-1.4784
2024-04-16,182.62,183.47,178.45,178.59,187.75,190.17,187.45,168.01,,191.6309,0,193.6715,0,28256,24785,-1.1602,0.6299,-1.7901
2024-04-17,180.13,180.13,174.00,174.25,185.90,189.54,187.26,168.17,,188.5019,0,192.1496,0,23008,24468,-2.0882,0.0862,-2.1745
2024-04-18,175.11,175.11,171.81,172.58,183.94,188.61,187.09,168.29,,184.7432,0,189.9713,0,25358,24385,-2.9249,-0.5160,-2.4089
2024-04-19,172.70,176.06,172.70,175.63,182.31,187.72,187.09,168.39,,184.7432,0,187.4284,0,24461,24384,-3.3035,-1.0735,-2.2300
2024-04-22,175.56,176.45,173.88,174.43,180.69,186.76,187.06,168.49,,184.7432,0,185.2415,0,20285,24392,-3.6584,-1.5905,-2.0679
2024-04-23,174.11,178.39,171.79,175.62,179.19,186.00,187.04,168.58,,184.7432,0,183.3608,0,28720,24564,-3.7995,-2.0323,-1.7672
2024-04-24,174.21,177.89,174.14,177.45,178.26,185.28,186.95,168.69,,184.7432,0,181.5092,0,24789,24548,-3.7214,-2.3701,-1.3513
2024-04-25,176.97,178.05,174.17,176.68,177.26,184.38,186.94,168.81,,184.7432,0,179.9540,0,21937,24571,-3.6792,-2.6319,-1.0473
2024-04-26,176.02,177.50,175.70,175.78,176.41,183.42,186.90,168.93,,184.7432,0,178.6475,0,28017,24753,-3.6754,-2.8406,-0.8348
2024-04-29,176.66,179.35,176.01,178.90,175.99,182.66,186.88,169.08,,184.7432,0,171.7888,1,26915,24959,-3.3817,-2.9488,-0.4329
2024-04-30,178.51,179.66,176.49,179.34,176.07,181.91,186.86,169.25,,184.7432,0,171.9399,1,31636,25256,-3.0786,-2.9748,-0.1038
2024-05-01,178.78,181.39,176.07,179.92,176.63,181.27,186.83,169.41,,184.7432,0,172.2489,1,36812,25482,-2.7595,-2.9317,0.1722
2024-05-02,177.33,185.26,175.20,180.45,177.42,180.68,186.83,169.59,,184.7432,0,172.7977,1,39302,25796,-2.4353,-2.8324,0.3971
2024-05-03,183.93,184.20,179.20,179.98,177.86,180.08,186.80,169.76,,184.7432,0,173.7944,1,28553,25569,-2.1910,-2.7042,0.5131
2024-05-06,180.24,181.60,178.57,180.37,178.45,179.57,186.67,169.94,,184.7432,0,174.7114,1,23835,25461,-1.9440,-2.5521,0.6082
2024-05-07,181.49,184.89,181.28,182.14,179.10,179.15,186.55,170.15,,184.7432,0,175.5551,1,32499,25498,-1.5873,-2.3592,0.7719
2024-05-08,181.39,183.41,180.75,183.14,179.67,178.96,186.44,170.36,,184.7432,0,176.3312,1,16680,25257,-1.2095,-2.1292,0.9197
2024-05-09,183.42,185.08,181.21,184.44,180.45,178.86,186.29,170.56,,184.7432,0,177.0453,1,13619,24989,-0.7963,-1.8626,1.0663
2024-05-10,184.44,185.90,183.26,185.69,181.44,178.92,186.13,170.76,,172.5730,1,177.7022,1,16339,24591,-0.3638,-1.5629,1.1991
2024-05-13,186.82,188.72,182.95,183.20,181.87,178.93,185.94,170.91,,173.3043,1,178.5216,1,21032,24585,-0.2194,-1.2942,1.0748
2024-05-14,185.06,185.45,181.72,182.65,182.20,179.13,185.72,171.06,,173.3043,1,179.7449,1,19920,24543,-0.1473,-1.0648,0.9175
2024-05-15,183.82,183.82,180.72,181.76,182.38,179.51,185.52,171.19,,173.3043,1,188.7158,0,15839,24322,-0.1604,-0.8839,0.7235
2024-05-16,181.87,181.87,179.85,180.99,182.44,179.93,185.30,171.32,,173.3043,1,188.5558,0,15155,24301,-0.2302,-0.7532,0.5229
2024-05-17,181.23,181.23,177.75,179.99,182.44,180.15,185.05,171.48,168.63,173.3043,1,188.2077,0,20377,24192,-0.3618,-0.6749,0.3131
2024-05-20,180.42,181.08,179.65,180.52,182.45,180.45,184.80,171.58,168.64,173.3043,1,187.5801,0,12696,24098,-0.4188,-0.6237,0.2049
2024-05-21,180.37,180.73,178.33,179.52,182.19,180.65,184.55,171.69,168.64,173.3043,1,186.9902,0,12588,24034,-0.5382,-0.6066,0.0684
2024-05-22,179.17,180.11,176.73,177.13,181.59,180.63,184.28,171.77,168.63,173.3043,1,186.4356,0,14304,23565,-0.8168,-0.6486,-0.1681
2024-05-23,176.68,176.95,174.17,174.62,180.61,180.53,184.02,171.85,168.62,173.3043,1,185.6594,0,13823,23269,-1.2259,-0.7641,-0.4618
2024-05-24,175.54,175.54,172.94,173.38,179.38,180.41,183.72,171.96,168.61,173.3043,1,184.5101,0,16602,23218,-1.6314,-0.9375,-0.6939
2024-05-28,173.42,174.58,170.72,172.98,178.35,180.11,183.46,172.09,168.62,182.7385,0,183.1223,0,17816,22263,-1.9620,-1.1424,-0.8196
2024-05-29,172.37,172.71,170.20,170.39,177.13,179.66,183.15,172.21,168.61,181.3706,0,181.3856,0,15972,22182,-2.4057,-1.3951,-1.0106
2024-05-30,171.39,175.12,171.39,172.00,176.15,179.27,182.85,172.34,168.61,181.3706,0,179.5960,0,19197,22091,-2.5976,-1.6356,-0.9620
2024-05-31,172.50,175.78,170.97,174.35,175.49,178.96,182.51,172.47,168.63,181.3706,0,178.0927,0,23948,21971,-2.5309,-1.8147,-0.7163
2024-06-03,175.83,177.52,173.41,174.26,174.91,178.68,182.13,172.58,168.63,181.3706,0,170.2005,1,15482,21764,-2.4566,-1.9430,-0.5136
2024-06-04,173.72,175.36,171.82,174.16,174.28,178.37,181.74,172.71,168.66,181.3706,0,170.3469,1,20717,21790,-2.3786,-2.0302,-0.3485
2024-06-05,174.20,176.64,173.12,176.20,173.94,178.07,181.45,172.84,168.70,181.3706,0,170.4904,1,16685,21859,-2.1277,-2.0497,-0.0781
2024-06-06,176.47,177.92,176.04,176.59,173.89,177.74,181.14,172.97,168.73,181.3706,0,170.6310,1,14204,21787,-1.8754,-2.0148,0.1394
2024-06-07,175.72,176.80,175.43,175.71,174.00,177.30,180.76,173.08,168.76,181.3706,0,170.9225,1,11871,21316,-1.7264,-1.9571,0.2307
2024-06-10,174.38,176.70,174.03,175.34,174.20,176.79,180.37,173.21,168.88,181.3706,0,171.2022,1,21779,21416,-1.6194,-1.8896,0.2702
2024-06-11,174.33,177.41,173.49,176.72,174.57,176.46,180.02,173.33,169.02,181.3706,0,171.4708,1,16580,21415,-1.4071,-1.7931,0.3860
2024-06-12,179.02,179.02,175.58,175.93,175.13,176.13,179.65,173.46,169.13,181.3706,0,171.7286,1,19859,21301,-1.2880,-1.6921,0.4041
2024-06-13,175.81,175.86,173.45,175.01,175.43,175.79,179.30,173.57,169.24,181.3706,0,172.1660,1,12898,21198,-1.2531,-1.6043,0.3512
2024-06-14,173.85,177.05,173.22,176.19,175.61,175.55,178.98,173.72,169.35,181.3706,0,172.5772,1,18246,21205,-1.1181,-1.5071,0.3890
2024-06-17,175.89,178.31,175.44,178.06,175.99,175.45,178.70,173.88,169.48,181.3706,0,172.9637,1,12029,21066,-0.8504,-1.3757,0.5253
2024-06-18,178.10,178.37,177.04,177.45,176.32,175.30,178.44,174.02,169.60,181.3706,0,173.2201,1,14562,21029,-0.6792,-1.2364,0.5572
2024-06-20,177.09,178.89,174.57,174.92,176.19,175.07,178.12,174.15,169.71,181.3706,0,173.5680,1,15873,20935,-0.7392,-1.1370,0.3978
2024-06-21,175.47,177.32,174.57,177.04,176.24,175.06,177.93,174.26,169.83,181.3706,0,173.8950,1,37475,21241,-0.6083,-1.0312,0.4230
2024-06-24,177.91,179.42,177.21,179.07,176.57,175.29,177.78,174.40,169.96,181.3706,0,174.2024,1,14202,21095,-0.3376,-0.8925,0.5549
2024-06-25,179.05,180.14,176.13,176.28,176.67,175.43,177.62,174.55,170.10,181.3706,0,174.5705,1,18741,21105,-0.3439,-0.7828,0.4389
2024-06-26,175.75,176.50,173.45,176.12,176.61,175.59,177.48,174.68,170.24,181.3706,0,180.1424,0,17493,20580,-0.3577,-0.6977,0.3401
2024-06-27,177.23,177.78,175.51,177.43,176.76,175.94,177.46,174.82,170.37,181.3706,0,180.1424,0,11216,20239,-0.2597,-0.6101,0.3504
2024-06-28,177.96,179.30,177.02,178.46,177.10,176.26,177.54,174.98,170.51,181.3706,0,180.0085,0,76174,21302,-0.0979,-0.5077,0.4098
2024-07-01,178.41,179.52,174.48,178.08,177.29,176.45,177.65,175.11,170.63,181.3706,0,179.8773,0,26834,21332,-0.0001,-0.4062,0.4061
2024-07-02,178.39,180.77,177.18,180.05,177.49,176.74,177.74,175.26,170.73,181.3706,0,173.4467,1,19237,21227,0.2332,-0.2783,0.5115
2024-07-03,180.95,183.01,178.52,179.93,177.74,177.03,177.85,175.44,170.83,181.3706,0,173.5931,1,15889,21139,0.4035,-0.1419,0.5455
2024-07-05,179.22,180.95,176.53,178.50,178.10,177.14,177.91,175.61,170.91,181.3706,0,173.9699,1,17200,20909,0.4186,-0.0298,0.4484
2024-07-08,179.54,180.08,176.39,176.51,178.04,177.14,177.89,175.77,170.99,181.3706,0,174.3317,1,18503,20783,0.2667,0.0295,0.2372
2024-07-09,176.22,176.72,172.46,172.83,177.42,177.00,177.81,175.89,171.06,181.3706,0,183.0134,0,17496,20694,-0.1484,-0.0061,-0.1423
2024-07-10,173.48,173.92,171.42,173.00,177.09,176.88,177.75,176.00,171.14,181.3706,0,182.8024,0,23632,20607,-0.4584,-0.0965,-0.3618
2024-07-11,175.08,176.93,173.52,174.75,176.95,176.78,177.67,176.11,171.23,181.3706,0,182.3470,0,23556,20539,-0.5566,-0.1886,-0.3681
2024-07-12,176.49,177.96,175.61,175.99,176.81,176.78,177.60,176.23,171.34,181.3706,0,181.9097,0,15765,20222,-0.5286,-0.2566,-0.2720
2024-07-15,176.48,176.86,174.86,175.53,176.52,176.81,177.52,176.35,171.44,181.3706,0,181.4900,0,20706,19900,-0.5367,-0.3126,-0.2241
2024-07-16,176.63,179.31,175.74,178.67,176.58,176.93,177.48,176.49,171.56,181.3706,0,181.0870,0,25484,19624,-0.2869,-0.3075,0.0206
2024-07-17,178.43,181.72,178.43,180.39,176.61,177.05,177.49,176.65,171.70,181.3706,0,171.4163,1,17516,19403,0.0492,-0.2361,0.2853
2024-07-18,179.50,182.19,177.55,177.71,176.39,177.06,177.44,176.80,171.82,181.3706,0,171.6223,1,15938,19245,0.0980,-0.1693,0.2673
2024-07-19,178.32,178.32,172.90,173.71,175.91,177.00,177.27,176.90,171.93,181.3706,0,172.0451,1,18468,18964,-0.1835,-0.1721,-0.0114
2024-07-22,173.98,176.11,172.25,175.07,175.77,176.90,177.11,176.99,172.05,181.3706,0,182.1918,0,28178,19194,-0.2935,-0.1964,-0.0971
2024-07-23,175.44,177.72,175.44,176.79,176.16,176.79,176.95,177.10,172.16,181.3706,0,181.9929,0,21996,19362,-0.2392,-0.2050,-0.0342
2024-07-24,175.57,178.26,174.68,174.87,176.35,176.72,176.74,177.23,172.25,181.3706,0,181.7980,0,25702,19549,-0.3469,-0.2334,-0.1135
2024-07-25,175.92,177.25,174.88,175.11,176.38,176.67,176.57,177.35,172.33,181.3706,0,181.6069,0,36083,19850,-0.4085,-0.2684,-0.1401
2024-07-26,176.87,178.05,174.42,177.83,176.57,176.69,176.48,177.49,172.41,181.3706,0,181.4198,0,20562,19863,-0.2351,-0.2617,0.0266
2024-07-29,177.66,177.66,174.28,175.85,176.60,176.56,176.36,177.64,172.48,181.3706,0,181.2363,0,21339,19973,-0.2548,-0.2603,0.0055
2024-07-30,176.23,181.12,176.23,180.42,176.77,176.67,176.35,177.83,172.58,181.3706,0,172.2473,1,19429,20058,0.0973,-0.1888,0.2861
2024-07-31,180.78,184.20,179.38,182.32,176.97,176.79,176.39,178.03,172.71,170.7302,1,172.4247,1,36623,20383,0.5242,-0.0462,0.5704
2024-08-01,181.67,184.41,178.19,180.07,177.20,176.80,176.39,178.21,172.78,170.7302,1,172.8958,1,23853,20606,0.6727,0.0976,0.5751
2024-08-02,177.58,181.49,175.01,180.86,177.92,176.91,176.41,178.39,172.87,170.7302,1,173.5867,1,31484,20984,0.8446,0.2470,0.5976
2024-08-05,177.83,180.20,173.97,175.46,177.96,176.86,176.38,178.53,172.92,170.7302,1,184.4111,0,30117,21301,0.5388,0.3054,0.2334
2024-08-06,175.76,179.46,175.76,178.76,178.15,177.16,176.46,178.68,173.00,170.7302,1,184.2022,0,19800,21420,0.5567,0.3556,0.2011
2024-08-07,180.30,182.01,178.62,180.27,178.69,177.52,176.60,178.84,173.12,170.7302,1,183.9974,0,24280,21574,0.6842,0.4213,0.2629
2024-08-08,180.90,182.48,180.90,181.59,179.34,177.86,176.77,179.04,173.26,170.7302,1,183.7968,0,17478,21567,0.8817,0.5134,0.3683
2024-08-09,181.14,182.08,179.20,181.61,179.72,178.14,177.00,179.22,173.41,170.7302,1,183.6002,0,20268,21653,1.0280,0.6163,0.4116
2024-08-12,181.37,181.37,177.86,178.27,179.96,178.28,177.12,179.39,173.54,170.7302,1,183.4075,0,23294,21735,0.8649,0.6660,0.1989
2024-08-13,179.64,183.55,177.36,182.64,180.18,178.48,177.29,179.59,173.67,170.7302,1,173.9661,1,24619,21748,1.0753,0.7479,0.3274
2024-08-14,182.25,184.46,182.12,184.28,180.38,178.67,177.49,179.78,173.81,171.1851,1,174.1578,1,14713,21733,1.3590,0.8701,0.4889
2024-08-15,186.04,188.61,185.28,187.32,181.10,179.15,177.75,179.98,173.97,174.7544,1,174.5699,1,22632,21771,1.8084,1.0578,0.7506
2024-08-16,186.77,187.63,185.70,187.35,181.75,179.84,177.97,180.18,174.13,175.1095,1,175.4125,1,21266,21863,2.1421,1.2746,0.8675
2024-08-19,187.65,188.74,185.15,187.45,182.95,180.46,178.19,180.36,174.28,175.4669,1,176.2046,1,23561,22050,2.3874,1.4972,0.8902
2024-08-20,187.18,187.67,185.29,187.19,183.80,180.97,178.42,180.54,174.42,175.4669,1,177.2071,1,26382,22340,2.5313,1.7040,0.8273
2024-08-21,188.19,190.16,186.19,186.61,184.43,181.56,178.65,180.71,174.57,177.0443,1,178.1294,1,36181,22628,2.5693,1.8771,0.6922
2024-08-22,175.57,176.22,159.95,163.60,182.63,180.99,178.38,180.72,174.59,186.1025,0,190.1624,0,108858,24474,0.7338,1.6484,-0.9146
2024-08-23,163.77,165.98,161.49,163.86,180.86,180.29,178.14,180.74,174.63,181.2931,0,190.1624,0,55159,25180,-0.6915,1.1804,-1.8720
2024-08-26,165.40,166.04,161.25,161.64,179.19,179.58,177.87,180.73,174.65,180.8886,0,189.5582,0,34934,25620,-1.9774,0.5489,-2.5263
2024-08-27,161.87,162.08,157.96,158.33,176.76,178.47,177.52,180.68,174.67,176.7686,0,188.9661,0,31971,25895,-3.2267,-0.2062,-3.0205
2024-08-28,158.56,160.96,158.19,159.47,174.28,177.33,177.15,180.65,174.69,175.4826,0,187.7258,0,26190,26178,-4.0776,-0.9805,-3.0971
2024-08-29,160.45,162.89,158.38,160.49,171.60,176.35,176.81,180.60,174.72,175.4826,0,186.5351,0,30912,26505,-4.6165,-1.7077,-2.9087
2024-08-30,160.69,161.33,159.01,161.26,168.99,175.37,176.53,180.56,174.74,174.9681,0,185.3920,0,24829,26684,-4.9242,-2.3510,-2.5732
2024-09-03,161.04,162.16,159.91,161.29,166.37,174.66,176.22,180.50,174.75,174.9681,0,184.2947,0,16789,26271,-5.1070,-2.9022,-2.2048
2024-09-04,161.29,167.05,160.97,166.82,164.34,174.07,175.97,180.44,174.79,174.9681,0,183.2412,0,33102,26649,-4.7513,-3.2720,-1.4792
2024-09-05,167.22,169.98,166.48,167.66,162.44,173.44,175.80,180.42,174.86,174.9681,0,182.2299,0,25671,26787,-4.3514,-3.4879,-0.8635
2024-09-06,167.38,168.80,166.36,167.71,162.85,172.74,175.63,180.26,174.92,174.9681,0,181.2591,0,19269,26823,-3.9839,-3.5871,-0.3968
2024-09-09,167.71,168.37,165.94,166.81,163.15,172.00,175.42,180.11,174.97,174.9681,0,180.3271,0,23953,27077,-3.7226,-3.6142,-0.1084
2024-09-10,167.10,169.22,165.64,167.70,163.75,171.47,175.21,180.00,175.04,174.9681,0,179.4323,0,18975,25933,-3.4043,-3.5722,0.1680
2024-09-11,167.06,167.12,162.94,165.92,164.51,170.64,174.96,179.90,175.08,174.9681,0,178.5734,0,18581,25768,-3.2584,-3.5095,0.2510
2024-09-12,166.29,168.74,165.01,168.61,165.43,169.85,174.73,179.86,175.12,174.9681,0,177.7488,0,17195,25728,-2.8927,-3.3861,0.4934
2024-09-13,169.85,170.54,167.37,170.50,166.43,169.01,174.54,179.82,175.22,174.9681,0,176.9572,0,20244,25815,-2.4218,-3.1932,0.7715
2024-09-16,171.60,172.19,169.88,170.20,167.32,168.16,174.38,179.78,175.30,174.9681,0,176.1973,0,17716,25825,-2.0495,-2.9645,0.9150
2024-09-17,170.31,173.59,170.31,170.46,168.24,167.31,174.26,179.70,175.39,174.9681,0,175.4677,0,23094,25917,-1.7140,-2.7144,1.0004
2024-09-18,170.21,175.20,169.35,170.18,168.58,166.46,174.20,179.65,175.47,174.9681,0,157.9587,1,24473,26056,-1.4535,-2.4622,1.0087
2024-09-19,171.71,172.68,169.15,171.91,169.00,165.72,174.18,179.61,175.55,174.9681,0,158.3036,1,25120,26086,-1.0951,-2.1888,1.0937
2024-09-20,172.48,172.79,170.86,172.56,169.49,166.17,174.14,179.56,175.62,174.9681,0,158.6416,1,88046,27376,-0.7496,-1.9009,1.1514
2024-09-23,172.15,173.31,170.34,170.85,169.89,166.52,174.04,179.50,175.68,174.9681,0,158.9728,1,18773,27436,-0.6074,-1.6422,1.0349
2024-09-24,171.24,171.74,169.71,169.72,170.09,166.92,173.92,179.42,175.74,174.9681,0,159.2974,1,19686,27416,-0.5791,-1.4296,0.8505
2024-09-25,170.37,170.58,168.16,168.65,170.36,167.44,173.72,179.34,175.79,174.9681,0,159.6155,1,19030,27287,-0.6352,-1.2707,0.6355
2024-09-26,169.32,170.47,168.19,170.15,170.52,167.97,173.52,179.27,175.87,174.9681,0,159.9273,1,20471,27346,-0.5523,-1.1270,0.5748
2024-09-27,171.47,172.30,169.51,169.64,170.43,168.43,173.35,179.15,175.94,174.9681,0,160.2328,1,15370,27334,-0.5219,-1.0060,0.4841
2024-09-30,170.00,172.40,166.50,167.60,170.17,168.75,173.23,179.01,175.99,174.9681,0,160.5322,1,18769,27340,-0.6549,-0.9358,0.2809
2024-10-01,167.46,168.71,165.31,168.25,169.95,169.10,173.10,178.88,176.01,174.9681,0,160.8257,1,18789,27153,-0.7002,-0.8887,0.1885
2024-10-02,167.06,167.44,165.82,166.95,169.63,169.10,172.90,178.71,176.05,174.9681,0,161.1132,1,13174,26976,-0.8307,-0.8771,0.0464
2024-10-03,165.89,166.94,165.15,166.73,169.11,169.06,172.74,178.53,176.10,174.9681,0,161.3950,1,10030,26663,-0.9416,-0.8900,-0.0516
2024-10-04,167.61,169.09,167.08,167.92,168.65,169.07,172.59,178.37,176.16,174.9681,0,161.6712,1,12684,26195,-0.9224,-0.8965,-0.0259
2024-10-07,167.15,169.59,166.75,169.31,168.49,169.19,172.42,178.21,176.22,174.9681,0,161.9418,1,16767,26119,-0.7863,-0.8744,0.0882
2024-10-08,169.16,172.63,169.16,171.52,168.67,169.38,172.33,178.07,176.31,174.9681,0,162.2071,1,20618,26104,-0.4943,-0.7984,0.3042
2024-10-09,170.87,172.76,170.87,171.50,168.96,169.66,172.16,177.94,176.41,174.9681,0,162.4670,1,12160,25959,-0.2613,-0.6910,0.4297
2024-10-10,170.58,171.41,166.19,169.17,168.86,169.69,171.89,177.78,176.50,174.9681,0,162.7217,1,27161,25770,-0.2621,-0.6052,0.3431
2024-10-11,168.63,171.93,168.63,171.12,169.01,169.72,171.71,177.63,176.59,174.9681,0,162.9714,1,17361,25640,-0.1038,-0.5049,0.4011
2024-10-14,171.41,172.20,170.36,170.64,169.31,169.74,171.51,177.49,176.67,174.9681,0,163.2160,1,10535,25221,-0.0172,-0.4074,0.3902
2024-10-15,171.08,173.77,171.00,171.30,169.62,169.78,171.43,177.36,176.75,174.9681,0,163.4558,1,19202,25003,0.1039,-0.3051,0.4090
2024-10-16,171.67,172.60,170.37,170.78,170.00,169.81,171.27,177.25,176.83,174.9681,0,163.6907,1,16409,24935,0.1559,-0.2129,0.3688
2024-10-17,171.36,171.36,167.95,169.36,170.26,169.69,171.05,177.12,176.90,174.9681,0,163.9210,1,15415,24758,0.0813,-0.1541,0.2354
2024-10-18,169.18,169.84,166.85,166.85,170.15,169.40,170.75,176.99,176.97,174.9681,0,164.1466,1,16980,24748,-0.1780,-0.1588,-0.0191
2024-10-21,167.03,167.28,163.17,163.26,169.55,169.02,170.39,176.84,177.01,174.7319,0,175.2035,0,23478,24812,-0.6653,-0.2601,-0.4051
2024-10-22,163.59,166.95,162.57,166.68,169.07,168.87,170.16,176.71,177.08,174.6287,0,174.9628,0,36542,25077,-0.7669,-0.3615,-0.4054
2024-10-23,166.49,167.41,166.03,167.14,168.63,168.79,169.85,176.55,177.15,174.6287,0,174.4670,0,19703,24978,-0.8015,-0.4495,-0.3520
2024-10-24,167.00,167.96,165.79,167.51,168.46,168.66,169.51,176.38,177.21,174.6287,0,173.9911,0,22501,25134,-0.7891,-0.5174,-0.2717
2024-10-25,168.69,169.61,167.37,168.21,168.17,168.59,169.13,176.21,177.27,174.6287,0,173.5343,0,20149,25085,-0.7152,-0.5570,-0.1582
2024-10-28,168.69,172.20,168.69,171.91,168.30,168.81,168.82,176.08,177.34,174.6287,0,173.0957,0,22874,25117,-0.3538,-0.5163,0.1626
2024-10-29,170.89,173.82,170.89,173.59,168.53,169.07,168.54,175.96,177.41,174.6287,0,162.5696,1,26024,25166,0.0674,-0.3996,0.4670
2024-10-30,173.08,175.79,170.90,175.60,169.01,169.50,168.31,175.83,177.48,163.7133,1,162.7945,1,37426,25387,0.5572,-0.2082,0.7654
2024-10-31,169.29,175.62,161.84,164.78,168.55,169.41,167.87,175.63,177.50,163.7133,1,175.7919,0,45535,25574,0.0714,-0.1523,0.2237
2024-11-01,166.71,172.51,166.71,171.30,169.00,169.58,168.03,175.48,177.55,163.7133,1,175.7919,0,50153,24400,0.2101,-0.0798,0.2899
2024-11-04,171.32,177.98,171.20,177.80,170.45,170.00,168.31,175.37,177.63,163.7133,1,161.8387,1,30383,23904,0.8351,0.1032,0.7319
2024-11-05,176.73,181.96,176.73,181.63,171.95,170.51,168.71,175.29,177.73,164.7349,1,162.1614,1,24684,23699,1.6204,0.4066,1.2138
2024-11-06,187.98,192.34,187.38,190.11,174.24,171.44,169.34,175.28,177.85,173.4964,1,162.9534,1,45644,23973,2.8933,0.9039,1.9894
2024-11-07,188.40,188.96,183.58,186.24,176.12,172.29,169.88,175.24,177.96,173.4964,1,164.7164,1,27960,24008,3.5495,1.4331,2.1165
2024-11-08,185.77,189.40,185.64,187.20,178.02,173.09,170.41,175.22,178.06,173.4964,1,166.3736,1,30904,24008,4.0997,1.9664,2.1333
2024-11-11,188.55,189.94,185.50,185.77,179.40,173.85,170.90,175.19,178.14,173.4964,1,167.9314,1,23661,23985,4.3696,2.4470,1.9226
2024-11-12,185.72,186.52,180.81,182.48,180.29,174.41,171.33,175.16,178.21,173.4964,1,169.3957,1,32029,24289,4.2693,2.8115,1.4579
2024-11-13,183.23,184.40,177.71,178.34,180.57,174.79,171.56,175.10,178.22,173.4964,1,170.7722,1,27186,24171,3.8112,3.0114,0.7998
2024-11-14,178.67,179.45,174.26,174.82,181.57,175.06,171.70,175.04,178.24,173.4964,1,172.0660,1,21531,24088,3.1287,3.0349,0.0938
2024-11-15,175.73,175.73,171.13,171.57,181.60,175.30,171.78,174.96,178.14,189.4935,0,192.3365,0,21907,24141,2.2986,2.8876,-0.5890
2024-11-18,172.03,173.27,170.36,170.89,180.91,175.68,171.86,174.91,178.05,187.1404,0,191.9124,0,21191,24086,1.5683,2.6238,-1.0555
2024-11-19,170.38,170.93,167.97,170.50,179.79,175.87,171.91,174.89,177.98,184.1328,0,191.0504,0,23584,24178,0.9464,2.2883,-1.3419
2024-11-20,169.14,170.58,168.64,170.38,177.82,176.03,172.00,174.87,177.93,183.4069,0,189.6656,0,26440,24335,0.4393,1.9185,-1.4792
2024-11-21,170.63,173.12,169.29,172.74,176.47,176.29,172.09,174.85,177.91,183.4069,0,188.3639,0,23093,24453,0.2248,1.5798,-1.3550
2024-11-22,173.68,177.27,173.68,176.91,175.44,176.73,172.21,174.87,177.92,183.4069,0,187.1403,0,24751,24543,0.3873,1.3413,-0.9539
2024-11-25,178.71,181.10,178.58,179.06,174.77,177.09,172.39,174.89,177.93,183.4069,0,185.9901,0,28504,24759,0.6814,1.2093,-0.5279
2024-11-26,178.76,180.50,174.22,176.15,174.14,177.21,172.50,174.88,177.90,183.4069,0,184.9090,0,23940,24776,0.6723,1.1019,-0.4296
2024-11-27,176.46,180.22,175.15,176.60,173.96,177.26,172.63,174.88,177.90,183.4069,0,183.8927,0,29452,24876,0.6931,1.0201,-0.3270
2024-11-29,177.91,177.91,175.55,176.40,174.12,177.84,172.72,174.89,177.89,183.4069,0,182.9373,0,14700,24667,0.6856,0.9532,-0.2676
2024-12-02,176.30,178.06,174.74,177.79,174.74,178.17,172.83,174.88,177.88,183.4069,0,182.0393,0,19030,23287,0.7825,0.9191,-0.1366
2024-12-03,178.32,179.51,176.05,177.15,175.37,178.14,172.95,174.86,177.86,183.4069,0,181.1952,0,19018,23292,0.7987,0.8950,-0.0963
2024-12-04,176.72,176.97,174.51,175.22,175.84,177.82,173.06,174.83,177.83,183.4069,0,180.4017,0,15783,23214,0.6487,0.8457,-0.1971
2024-12-05,175.14,176.12,173.60,175.70,176.37,177.10,173.20,174.80,177.81,183.4069,0,179.6558,0,16481,23163,0.5617,0.7889,-0.2272
2024-12-06,175.92,176.66,171.18,171.48,176.25,176.36,173.23,174.74,177.76,183.4069,0,178.9547,0,20076,23155,0.1508,0.6613,-0.5105
2024-12-09,171.59,176.18,171.59,175.50,176.10,175.77,173.35,174.71,177.70,183.4069,0,178.2957,0,20049,23248,0.1476,0.5586,-0.4110
2024-12-10,175.41,182.26,174.06,181.25,176.32,175.55,173.62,174.71,177.67,183.4069,0,167.9705,1,29768,23468,0.6023,0.5673,0.0350
2024-12-11,182.08,186.23,174.07,185.35,177.24,175.69,173.96,174.72,177.65,166.3739,1,168.2564,1,44913,23991,1.2782,0.7095,0.5687
2024-12-12,184.83,187.60,181.90,187.51,178.33,176.15,174.37,174.74,177.63,168.6638,1,168.9755,1,25274,24233,1.9660,0.9608,1.0052
2024-12-13,186.62,189.21,184.19,189.01,179.60,176.86,174.82,174.76,177.61,170.7179,1,170.0928,1,23217,24497,2.6020,1.2890,1.3129
2024-12-16,187.96,188.44,183.90,184.46,180.26,177.50,175.15,174.77,177.56,170.7179,1,171.6221,1,24128,24725,2.7075,1.5727,1.1348
2024-12-17,182.66,184.76,180.18,180.54,180.60,177.98,175.38,174.76,177.50,170.7179,1,173.0291,1,21666,24823,2.4465,1.7475,0.6990
2024-12-18,180.10,180.42,172.44,173.97,180.48,178.16,175.42,174.71,177.41,170.7179,1,189.2097,0,28646,24984,1.6905,1.7361,-0.0456
2024-12-19,174.68,176.08,171.66,174.18,180.33,178.35,175.48,174.66,177.32,170.7179,1,188.8742,0,21286,25167,1.0957,1.6080,-0.5123
2024-12-20,172.28,175.49,171.67,172.40,180.42,178.33,175.54,174.61,177.22,170.7179,1,188.1858,0,56014,25744,0.4749,1.3814,-0.9065
2024-12-23,171.64,171.64,168.93,169.18,179.78,177.94,175.50,174.53,177.10,185.5034,0,187.5249,0,20321,25803,-0.2735,1.0504,-1.3239
2024-12-24,168.44,170.26,167.98,169.87,178.65,177.49,175.49,174.47,176.99,183.5016,0,186.4089,0,8297,25758,-0.8018,0.6800,-1.4818
2024-12-26,168.88,171.00,168.82,169.56,177.07,177.16,175.45,174.42,176.88,183.5016,0,184.9347,0,18945,25753,-1.2310,0.2978,-1.5288
2024-12-27,168.33,169.50,166.14,167.80,175.10,176.72,175.39,174.37,176.78,181.0818,0,183.5784,0,18572,25796,-1.6941,-0.1006,-1.5935
2024-12-30,167.79,167.79,164.97,165.19,172.72,176.16,175.31,174.32,176.67,179.1649,0,181.8345,0,14405,25776,-2.2453,-0.5295,-1.7158
2024-12-31,165.38,167.28,164.89,165.19,170.79,175.53,175.28,174.27,176.56,178.3137,0,179.8102,0,14700,25730,-2.6516,-0.9540,-1.6977
2025-01-02,165.98,166.24,164.06,164.63,169.20,174.90,175.31,174.23,176.46,176.8114,0,177.7213,0,24192,25745,-2.9847,-1.3601,-1.6246
2025-01-03,164.92,166.14,163.53,165.53,168.35,174.42,175.28,174.19,176.35,176.1120,0,175.5354,0,34958,25713,-3.1400,-1.7161,-1.4239
2025-01-06,165.30,166.67,160.55,161.40,167.08,173.70,175.17,174.10,176.20,175.5961,0,173.3752,0,21568,25750,-3.5555,-2.0840,-1.4715
2025-01-07,162.20,163.42,158.11,158.45,165.68,173.05,174.99,173.99,176.03,173.1439,0,170.8098,0,23183,25764,-4.0757,-2.4823,-1.5934
2025-01-08,158.28,163.18,155.71,161.91,164.95,172.37,174.86,173.91,175.87,172.8303,0,168.2690,0,32973,26020,-4.1605,-2.8180,-1.3426
2025-01-10,159.62,161.23,158.30,159.09,163.88,171.26,174.60,173.80,175.71,172.8303,0,165.7574,0,24911,26061,-4.4049,-3.1353,-1.2695
2025-01-13,158.78,161.27,156.68,160.38,162.96,170.01,174.34,173.69,175.55,172.1729,0,163.7481,0,16859,25878,-4.4434,-3.3969,-1.0464
2025-01-14,160.70,161.17,159.43,160.89,162.27,168.68,174.05,173.59,175.39,172.1729,0,162.1406,0,11770,25365,-4.3818,-3.5939,-0.7879
2025-01-15,162.89,162.89,160.02,160.20,161.77,167.24,173.95,173.49,175.21,172.1729,0,155.7108,1,14943,24753,-4.3392,-3.7430,-0.5962
2025-01-16,160.33,163.13,159.59,162.49,161.50,166.14,173.78,173.40,175.05,172.1729,0,155.8543,1,15003,24050,-4.0736,-3.8091,-0.2645
2025-01-17,163.83,163.83,162.50,163.25,161.36,165.28,173.49,173.31,174.90,172.1729,0,156.1455,1,22346,23889,-3.7583,-3.7989,0.0406
2025-01-21,164.24,167.84,163.15,167.84,161.59,164.97,173.21,173.26,174.77,172.1729,0,156.6066,1,20054,23797,-3.1023,-3.6596,0.5573
2025-01-22,167.17,167.22,164.86,165.38,161.99,164.53,172.72,173.19,174.64,172.1729,0,157.5051,1,23764,23359,-2.7494,-3.4776,0.7282
2025-01-23,164.58,166.49,163.02,166.44,162.78,164.23,172.32,173.11,174.51,172.1729,0,158.3317,1,26951,23339,-2.3571,-3.2535,0.8964
2025-01-24,165.64,166.08,163.67,164.11,163.00,163.98,171.86,173.03,174.38,172.1729,0,159.0922,1,27916,23279,-2.2085,-3.0445,0.8359
2025-01-27,163.92,168.72,160.82,165.86,163.68,163.78,171.46,172.96,174.25,172.1729,0,159.7918,1,30370,23413,-1.9270,-2.8210,0.8940
2025-01-28,165.38,166.05,161.84,162.15,163.86,163.41,171.05,172.87,174.13,172.1729,0,160.6851,1,20190,23176,-1.9805,-2.6529,0.6724
2025-01-29,161.74,163.78,161.28,162.16,163.99,163.13,170.73,172.75,174.01,172.1729,0,160.8249,1,18084,22994,-1.9990,-2.5221,0.5231
2025-01-30,163.21,163.21,160.44,161.51,164.12,162.94,170.46,172.65,173.90,172.1729,0,168.7249,0,16556,22895,-2.0426,-2.4262,0.3836
2025-01-31,160.43,161.51,159.42,161.00,163.97,162.73,170.25,172.55,173.78,171.2987,0,168.5593,0,33276,23122,-2.0945,-2.3599,0.2654
2025-02-03,158.63,160.47,157.34,158.86,163.53,162.44,170.01,172.43,173.69,169.7519,0,168.1938,0,32734,23353,-2.2818,-2.3443,0.0624
2025-02-04,163.15,177.04,163.15,172.66,164.01,162.80,170.05,172.39,173.68,156.3128,1,157.3424,1,74773,24377,-1.3020,-2.1358,0.8338
2025-02-05,173.53,179.78,171.58,177.66,165.24,163.61,170.20,172.39,173.70,159.5245,1,157.3424,1,50631,24861,-0.1199,-1.7326,1.6127
2025-02-06,178.82,180.71,177.38,178.96,166.49,164.64,170.32,172.38,173.72,163.5044,1,158.2400,1,28417,24967,0.9111,-1.2039,2.1150
2025-02-07,178.93,180.28,177.15,180.05,168.09,165.55,170.39,172.38,173.75,163.7903,1,159.5881,1,30760,25087,1.7953,-0.6040,2.3993
2025-02-10,181.22,182.73,177.16,178.02,169.30,166.49,170.37,172.38,173.76,164.8419,1,160.8554,1,31028,25138,2.3054,-0.0221,2.3276
2025-02-11,177.27,182.36,177.27,181.92,171.28,167.57,170.48,172.41,173.78,164.8419,1,162.6054,1,22461,25108,2.9901,0.5803,2.4098
2025-02-12,179.54,183.21,178.19,182.90,173.35,168.67,170.61,172.48,173.81,165.5867,1,164.2155,1,35464,25228,3.5709,1.1784,2.3925
2025-02-13,182.90,185.56,181.00,185.03,175.71,169.91,170.78,172.56,173.86,168.3134,1,166.1148,1,24319,25421,4.1550,1.7737,2.3812
2025-02-14,183.89,186.23,179.95,179.97,177.60,170.79,170.82,172.60,173.87,168.3134,1,168.4477,1,29539,25631,4.1618,2.2513,1.9105
2025-02-18,179.19,182.86,178.59,181.33,179.85,171.69,170.91,172.63,173.88,168.3134,1,170.9376,1,31719,25885,4.2278,2.6466,1.5812
2025-02-19,180.52,184.02,180.03,183.38,180.92,172.47,171.07,172.68,173.89,168.3134,1,173.0789,1,21815,26006,4.3950,2.9963,1.3987
2025-02-20,181.60,184.57,181.60,182.82,181.44,173.34,171.21,172.71,173.90,168.8835,1,174.9205,1,21192,26100,4.4310,3.2833,1.1477
2025-02-21,184.01,186.58,183.18,185.87,182.13,174.31,171.50,172.75,173.93,170.9695,1,176.5042,1,28014,26259,4.6523,3.5571,1.0952
2025-02-24,186.23,187.03,183.02,185.55,182.68,175.38,171.70,172.80,173.96,171.3033,1,178.1158,1,27926,26416,4.7467,3.7950,0.9517
2025-02-25,186.43,189.16,185.61,187.43,183.62,176.46,171.83,172.89,173.99,173.9521,1,179.7211,1,27600,26373,4.9166,4.0193,0.8973
2025-02-26,188.62,189.29,181.68,181.75,183.60,177.44,171.75,172.94,173.98,173.9521,1,181.6093,1,30993,26094,4.5407,4.1236,0.4172
2025-02-27,180.81,182.68,180.19,181.31,183.44,178.40,171.63,172.97,173.96,173.9521,1,189.2860,0,23127,26051,4.1595,4.1308,0.0288
2025-02-28,181.77,183.90,180.73,182.39,183.18,179.44,171.50,173.02,173.95,173.9521,1,189.2860,0,34409,26275,3.8995,4.0845,-0.1850
2025-03-03,182.09,184.13,180.63,182.88,183.47,180.54,171.47,173.07,173.95,173.9521,1,189.1042,0,38662,26566,3.6909,4.0058,-0.3149
2025-03-04,182.50,184.31,181.93,182.45,183.58,181.72,171.50,173.10,173.94,173.9521,1,188.9259,0,25013,26633,3.4511,3.8949,-0.4437
2025-03-05,183.38,184.32,181.65,183.90,183.63,182.28,171.70,173.15,173.96,173.9521,1,188.7513,0,22320,26506,3.3396,3.7838,-0.4442
2025-03-06,183.04,183.67,180.70,183.16,183.67,182.55,171.88,173.17,173.97,173.9521,1,188.5801,0,19101,26463,3.1549,3.6580,-0.5032
2025-03-07,183.42,186.67,177.00,184.57,183.54,182.83,172.13,173.19,173.99,173.9521,1,188.4124,0,37228,26087,3.0866,3.5437,-0.4571
2025-03-10,184.29,187.57,179.23,179.50,182.93,182.81,172.33,173.18,173.98,173.9521,1,187.9557,0,40641,26493,2.5933,3.3537,-0.7604
2025-03-11,180.18,180.59,176.81,176.81,181.87,182.75,172.47,173.16,173.97,173.9521,1,187.5714,0,27494,26877,1.9631,3.0755,-1.1124
2025-03-12,180.35,180.35,173.18,173.44,181.04,182.32,172.55,173.14,173.95,191.7765,0,187.5714,0,20602,26910,1.1777,2.6960,-1.5183
2025-03-13,173.37,174.57,170.15,170.23,179.93,181.69,172.60,173.09,173.93,187.1955,0,186.4200,0,15463,26848,0.2927,2.2153,-1.9226
2025-03-14,169.84,173.38,169.57,172.61,178.96,181.07,172.75,173.03,173.93,185.9718,0,184.7929,0,16364,26887,-0.2135,1.7296,-1.9431
2025-03-17,172.46,177.61,172.46,175.67,178.23,180.85,172.95,173.00,173.94,185.9718,0,182.9666,0,30358,27201,-0.3637,1.3109,-1.6746
2025-03-18,175.91,177.58,172.85,173.05,177.29,180.44,173.12,172.94,173.95,185.9718,0,181.3594,0,18626,27089,-0.6860,0.9115,-1.5976
2025-03-19,173.05,175.89,167.02,169.64,175.87,179.75,173.21,172.88,173.94,185.9718,0,179.9451,0,24220,26875,-1.2031,0.4886,-1.6917
2025-03-20,168.64,169.47,166.93,167.00,174.25,178.96,173.32,172.78,173.90,183.1913,0,178.1360,0,18549,26814,-1.8048,0.0299,-1.8347
2025-03-21,166.35,168.88,166.06,168.12,172.61,178.07,173.51,172.67,173.87,181.8137,0,176.3426,0,129166,28934,-2.1669,-0.4094,-1.7575
2025-03-24,168.95,170.61,167.56,168.63,171.52,177.23,173.65,172.54,173.85,181.8137,0,174.4925,0,27225,28819,-2.3847,-0.8045,-1.5802
2025-03-25,168.02,171.32,167.35,169.46,170.79,176.33,173.85,172.43,173.81,181.8137,0,172.9754,0,22480,28770,-2.4623,-1.1360,-1.3262
2025-03-26,169.46,172.29,168.20,168.43,170.29,175.66,174.01,172.30,173.77,181.8137,0,166.0642,1,20710,28847,-2.5769,-1.4242,-1.1527
2025-03-27,168.94,170.98,167.83,169.18,170.18,175.06,174.18,172.18,173.74,181.8137,0,166.1887,1,19056,28993,-2.5776,-1.6549,-0.9227
2025-03-28,169.69,170.03,166.74,167.60,169.68,174.32,174.33,172.05,173.70,181.1545,0,166.3107,1,18650,29067,-2.6751,-1.8589,-0.8161
2025-03-31,167.60,169.76,166.64,167.80,168.89,173.56,174.43,172.08,173.66,180.6254,0,166.4302,1,39043,29548,-2.7049,-2.0281,-0.6767
2025-04-01,167.76,170.71,166.84,167.99,168.39,172.84,174.53,172.11,173.62,180.6254,0,166.5473,1,21164,29524,-2.6821,-2.1589,-0.5232
2025-04-02,167.80,168.04,165.87,166.40,168.06,171.97,174.50,172.14,173.57,178.7184,0,172.2872,0,20339,29530,-2.7606,-2.2793,-0.4814
2025-04-03,163.84,168.98,163.84,167.87,168.15,171.20,174.55,172.20,173.53,178.5375,0,172.1589,0,31968,29694,-2.6737,-2.3581,-0.3155
2025-04-04,166.68,174.77,163.97,172.40,168.58,170.59,174.67,172.29,173.50,178.5375,0,163.8397,1,61006,30375,-2.2133,-2.3292,0.1159
2025-04-07,167.85,172.33,164.38,168.20,168.53,170.03,174.75,172.34,173.46,178.5375,0,163.8397,1,44416,30705,-2.1624,-2.2958,0.1334
2025-04-08,169.30,171.12,165.05,166.69,168.26,169.52,174.77,172.38,173.42,178.5375,0,163.9739,1,35220,30802,-2.2187,-2.2804,0.0617
2025-04-09,165.54,176.28,164.42,173.80,168.79,169.54,175.00,172.46,173.40,178.5375,0,164.1899,1,52946,31457,-1.6700,-2.1583,0.4883
2025-04-10,172.12,174.58,170.75,173.69,169.24,169.71,175.23,172.51,173.37,178.5375,0,164.4246,1,34869,31793,-1.2303,-1.9727,0.7424
2025-04-11,174.55,177.43,172.78,176.20,170.10,169.89,175.52,172.56,173.37,178.5375,0,164.4246,1,24403,31950,-0.6713,-1.7124,1.0411
2025-04-14,177.39,180.08,176.07,179.29,171.25,170.07,175.89,172.64,173.39,161.9605,1,165.2047,1,25411,31793,0.0205,-1.3658,1.3864
2025-04-15,179.54,179.54,175.52,177.16,172.17,170.28,176.26,172.71,173.39,161.9605,1,166.3950,1,18901,31516,0.3926,-1.0142,1.4067
2025-04-16,177.46,178.74,174.47,175.57,173.09,170.57,176.31,172.76,173.37,161.9605,1,167.4900,1,31658,30654,0.5526,-0.7008,1.2534
2025-04-17,175.83,181.85,174.08,181.25,174.42,171.29,176.39,172.86,173.39,161.9605,1,168.4974,1,33817,30317,1.1253,-0.3356,1.4609
2025-04-21,181.40,183.06,180.16,182.36,175.42,172.00,176.45,172.95,173.40,166.1528,1,169.8324,1,25333,30256,1.6498,0.0615,1.5883
2025-04-22,183.12,185.44,181.24,183.25,176.93,172.73,176.52,173.04,173.42,168.1695,1,171.4203,1,32317,30287,2.1124,0.4717,1.6407
2025-04-23,184.02,185.31,182.18,183.62,178.62,173.44,176.63,173.13,173.44,169.1518,1,173.3834,1,37955,30425,2.4806,0.8735,1.6071
2025-04-24,183.79,184.44,181.75,182.50,179.49,174.14,176.64,173.21,173.47,169.1537,1,175.0717,1,30148,30579,2.6512,1.2290,1.4222
2025-04-25,181.70,183.38,178.99,182.38,180.36,174.80,176.63,173.29,173.52,169.1537,1,176.5236,1,24119,30352,2.7456,1.5323,1.2133
2025-04-28,182.53,183.19,179.82,181.90,180.93,175.52,176.57,173.36,173.56,169.1537,1,177.7723,1,34812,30562,2.7500,1.7759,0.9741
2025-04-29,181.81,185.30,180.23,184.96,181.50,176.37,176.67,173.44,173.61,169.1537,1,178.8462,1,34085,30653,2.9661,2.0139,0.9522
2025-04-30,153.44,161.84,149.72,156.08,179.39,175.78,176.16,173.34,173.52,178.6436,0,185.4427,0,119350,32406,0.7977,1.7706,-0.9730
2025-05-01,156.89,158.26,152.06,154.00,177.23,175.16,175.58,173.24,173.41,177.5995,0,185.2989,0,66557,33300,-1.0763,1.2013,-2.2775
2025-05-02,154.77,156.22,152.51,156.10,174.72,174.57,175.04,173.15,173.29,175.6727,0,184.5872,0,56524,34007,-2.3647,0.4881,-2.8528
2025-05-05,156.68,156.76,153.23,154.81,171.96,173.69,174.42,173.05,173.17,175.2378,0,183.8898,0,42138,34290,-3.4504,-0.2996,-3.1508
2025-05-06,154.73,155.30,152.43,154.85,169.12,173.02,173.81,172.95,173.05,172.9377,0,183.2063,0,34333,34418,-4.2587,-1.0914,-3.1673
2025-05-07,155.03,155.84,152.30,153.10,166.07,172.34,173.12,172.86,172.95,172.3027,0,182.5365,0,27192,34410,-4.9827,-1.8697,-3.1130
2025-05-08,154.10,159.36,153.19,158.60,163.68,171.58,172.66,172.79,172.87,172.3027,0,181.8801,0,42295,34636,-5.0540,-2.5065,-2.5475
2025-05-09,158.30,160.78,157.65,159.75,161.42,170.89,172.23,172.74,172.78,172.3027,0,181.2368,0,38118,34935,-4.9613,-2.9975,-1.9638
2025-05-12,160.78,163.38,159.16,163.31,159.56,170.24,171.84,172.72,172.72,172.3027,0,180.6064,0,36942,34986,-4.5476,-3.3075,-1.2401
2025-05-13,162.52,164.12,160.26,160.69,157.13,169.31,171.40,172.67,172.65,172.3027,0,179.9886,0,33635,34886,-4.3804,-3.5221,-0.8583
2025-05-14,159.77,159.92,157.06,158.67,157.39,168.39,170.93,172.60,172.56,172.3027,0,179.3831,0,27900,34943,-4.3610,-3.6899,-0.6711
2025-05-15,159.40,161.64,159.02,160.06,157.99,167.61,170.45,172.53,172.48,172.3027,0,178.7898,0,30782,35113,-4.1851,-3.7889,-0.3962
2025-05-16,160.29,162.52,159.99,162.52,158.64,166.68,170.04,172.47,172.39,172.3027,0,178.2083,0,27220,35275,-3.8038,-3.7919,-0.0119
2025-05-19,161.85,161.85,159.65,160.48,159.20,165.58,169.55,172.41,172.28,172.3027,0,177.6384,0,15231,34835,-3.6239,-3.7583,0.1344
2025-05-20,161.07,161.07,159.58,160.57,159.78,164.45,169.18,172.34,172.18,172.3027,0,177.0800,0,18052,34383,-3.4347,-3.6936,0.2589
2025-05-21,159.21,160.30,156.52,156.52,160.12,163.09,168.77,172.24,172.06,171.2155,0,176.5327,0,23474,34303,-3.5702,-3.6689,0.0987
2025-05-22,156.14,156.38,153.97,155.37,159.80,161.74,168.41,172.14,171.96,167.4642,0,175.9963,0,17614,34243,-3.7274,-3.6806,-0.0468
2025-05-23,155.18,157.51,153.46,157.25,159.55,160.48,168.15,172.05,171.85,167.4642,0,175.4707,0,25682,34447,-3.6582,-3.6761,0.0179
2025-05-27,158.50,161.41,157.87,161.15,159.33,159.44,167.92,171.99,171.76,167.4642,0,174.9556,0,24152,34603,-3.2509,-3.5911,0.3401
2025-05-28,161.39,162.48,157.21,157.90,159.05,158.09,167.56,171.93,171.64,167.4642,0,174.4508,0,28704,34570,-3.1541,-3.5037,0.3495
2025-05-29,157.53,159.19,157.39,159.04,159.09,158.24,167.28,171.90,171.52,167.4642,0,173.9561,0,18560,34569,-2.9521,-3.3934,0.4413
2025-05-30,159.08,161.28,158.98,160.51,159.13,158.56,167.10,171.86,171.44,167.4642,0,173.4713,0,22147,34527,-2.6424,-3.2432,0.6008
2025-06-02,159.98,160.94,158.38,160.91,158.97,158.80,166.98,171.82,171.33,167.4642,0,172.9962,0,32186,34800,-2.3382,-3.0622,0.7240
2025-06-03,160.29,163.74,159.38,162.27,159.15,159.18,166.86,171.79,171.22,167.4642,0,172.5306,0,21289,32643,-1.9647,-2.8427,0.8780
2025-06-04,162.38,163.32,159.75,160.20,159.11,159.44,166.69,171.73,171.08,167.4642,0,172.0743,0,21034,32519,-1.8148,-2.6371,0.8223
2025-06-05,160.19,161.24,158.41,160.22,159.48,159.80,166.51,171.66,170.95,167.4642,0,171.6271,0,23008,32529,-1.6752,-2.4447,0.7695
2025-06-06,161.50,162.44,160.22,161.94,160.14,159.97,166.38,171.58,170.82,167.4642,0,171.1889,0,18405,32483,-1.4091,-2.2376,0.8285
2025-06-09,161.94,164.75,161.76,164.23,160.84,160.19,166.28,171.50,170.70,167.4642,0,170.7594,0,20504,32512,-1.0021,-1.9905,0.9884
2025-06-10,164.04,165.83,161.85,164.29,161.15,160.24,166.21,171.50,170.59,167.4642,0,170.3386,0,21893,32577,-0.6665,-1.7257,1.0592
2025-06-11,164.63,165.36,162.11,162.13,161.57,160.31,166.10,171.44,170.58,167.4642,0,169.9261,0,19285,32182,-0.5683,-1.4942,0.9259
2025-06-12,162.15,163.81,161.14,163.10,161.98,160.53,166.00,171.34,170.58,167.4642,0,169.5219,0,16490,32088,-0.4079,-1.2770,0.8690
2025-06-13,162.80,164.44,161.18,161.43,162.07,160.60,165.90,171.20,170.58,167.4642,0,169.1258,0,23068,32143,-0.4107,-1.1037,0.6930
2025-06-16,162.57,164.09,161.72,162.63,162.24,160.61,165.80,171.02,170.60,167.4642,0,168.7376,0,26544,32035,-0.3129,-0.9456,0.6327
2025-06-17,161.54,163.93,161.53,161.82,162.20,160.67,165.59,170.86,170.61,167.4642,0,168.3571,0,26395,31342,-0.2972,-0.8159,0.5187
2025-06-18,161.62,164.56,160.70,162.99,162.48,160.80,165.48,170.70,170.63,167.4642,0,167.9843,0,28209,31018,-0.1878,-0.6903,0.5025
2025-06-20,163.20,164.44,162.34,162.95,162.75,161.12,165.41,170.54,170.63,167.4642,0,167.6189,0,57876,31471,-0.1029,-0.5728,0.4699
2025-06-23,162.38,165.94,162.38,165.76,163.13,161.64,165.25,170.43,170.66,167.4642,0,167.2609,0,28087,30974,0.1886,-0.4205,0.6091
2025-06-24,165.69,166.84,163.20,165.94,163.30,162.07,165.09,170.35,170.65,167.4642,0,166.9100,0,24401,30765,0.4294,-0.2505,0.6800
2025-06-25,165.28,165.46,161.03,163.17,163.19,162.17,164.83,170.27,170.63,167.4642,0,166.8402,0,35904,30995,0.3917,-0.1221,0.5138
2025-06-26,164.40,166.54,163.47,165.75,163.55,162.56,164.56,170.23,170.62,167.4642,0,166.8402,0,29134,31069,0.5638,0.0151,0.5487
2025-06-27,165.98,166.94,164.39,165.67,163.81,162.90,164.33,170.20,170.61,167.4642,0,149.7157,1,60336,31898,0.6861,0.1493,0.5368
2025-06-30,165.84,166.93,164.92,166.61,164.33,163.20,164.15,170.17,170.61,167.4642,0,150.0602,1,29751,31860,0.8487,0.2892,0.5595
2025-07-01,167.57,177.09,159.27,173.90,165.46,163.85,164.00,170.20,170.65,156.3438,1,150.3977,1,26454,31712,1.5480,0.5410,1.0071
2025-07-02,173.97,177.79,173.20,175.09,166.78,164.49,163.86,170.21,170.68,161.5493,1,151.4654,1,42959,32065,2.1736,0.8675,1.3062
2025-07-03,174.84,175.41,172.35,173.60,167.85,165.16,163.67,170.19,170.70,161.5493,1,153.0446,1,15662,31732,2.5198,1.1980,1.3218
2025-07-07,172.27,173.24,166.88,167.76,168.33,165.54,163.35,170.12,170.68,161.5493,1,154.5291,1,28930,31551,2.2961,1.4176,0.8785
2025-07-08,167.74,169.44,166.93,168.65,168.61,165.87,163.07,170.07,170.68,161.5493,1,155.9245,1,26303,31475,2.1662,1.5673,0.5989
2025-07-09,169.47,169.70,167.33,168.79,168.90,166.10,162.80,170.01,170.67,161.5493,1,157.2361,1,23384,31460,2.0506,1.6640,0.3866
2025-07-10,168.45,171.79,167.44,169.52,169.53,166.36,162.55,169.97,170.66,161.5493,1,158.4691,1,31923,31402,1.9950,1.7302,0.2649
2025-07-11,169.50,169.64,167.69,168.34,169.79,166.67,162.22,169.90,170.64,161.5493,1,159.6281,1,17527,31071,1.8349,1.7511,0.0838
2025-07-14,168.03,170.68,166.82,170.35,170.26,167.04,162.51,169.86,170.63,161.5493,1,160.7175,1,22240,29129,1.8486,1.7706,0.0780
2025-07-15,170.32,170.91,165.30,165.38,170.14,167.23,162.73,169.79,170.61,161.5493,1,161.7416,1,20391,28205,1.4421,1.7049,-0.2628
2025-07-16,165.50,168.28,164.96,167.57,169.51,167.48,162.96,169.74,170.61,161.5493,1,162.7042,1,20088,27477,1.2817,1.6203,-0.3385
2025-07-17,167.73,171.68,165.83,171.41,169.14,167.96,163.29,169.74,170.61,161.5493,1,163.6091,1,25205,27138,1.4477,1.5858,-0.1381
2025-07-18,172.55,172.82,170.83,172.63,169.04,168.44,163.65,169.72,170.63,161.5493,1,164.4597,1,17722,26806,1.6582,1.6002,0.0579
2025-07-21,172.52,174.33,171.67,173.74,169.64,168.98,164.06,169.67,170.66,161.5493,1,165.2592,1,18954,26641,1.8934,1.6589,0.2345
2025-07-22,172.11,178.11,172.11,176.33,170.41,169.51,164.42,169.61,170.70,162.7457,1,166.0108,1,22673,26249,2.2623,1.7796,0.4827
2025-07-23,177.21,179.55,175.80,176.83,171.21,170.06,164.76,169.54,170.75,165.4219,1,166.9790,1,22610,25938,2.5655,1.9367,0.6288
2025-07-24,176.14,176.14,174.14,174.55,171.71,170.62,164.98,169.44,170.79,165.4219,1,168.2361,1,15820,25516,2.5923,2.0678,0.5244
2025-07-25,174.73,174.91,172.75,174.32,172.31,171.05,165.26,169.37,170.82,165.4219,1,169.3675,1,13684,25117,2.5653,2.1673,0.3979
2025-07-28,173.88,174.84,170.77,174.84,172.76,171.51,165.58,169.34,170.85,165.4219,1,170.3858,1,16409,24887,2.5564,2.2452,0.3113
2025-07-29,175.98,178.14,174.75,177.42,173.97,172.05,165.93,169.36,170.88,165.4219,1,170.7651,1,16448,24600,2.7257,2.3413,0.3845
2025-07-30,178.34,178.89,173.99,174.56,174.66,172.09,166.17,169.36,170.89,165.4219,1,170.7651,1,23496,24526,2.5996,2.3929,0.2067
2025-07-31,172.88,174.10,170.56,171.42,174.67,171.90,166.39,169.36,170.90,165.4219,1,179.5502,0,35819,24938,2.2204,2.3584,-0.1380
2025-08-01,171.36,172.40,169.77,170.54,174.46,171.75,166.59,169.36,170.90,165.4219,1,179.3705,0,28685,25150,1.8280,2.2523,-0.4243
2025-08-04,171.33,173.13,166.86,173.13,174.40,172.02,166.92,169.39,170.91,165.4219,1,178.9865,0,19533,25072,1.7059,2.1431,-0.4372
2025-08-05,172.62,174.26,171.71,172.03,173.97,172.19,167.25,169.40,170.92,165.4219,1,178.2589,0,16929,25058,1.5031,2.0151,-0.5120
2025-08-06,171.93,171.93,170.19,171.16,173.40,172.31,167.53,169.43,170.92,165.4219,1,177.5749,0,19772,24940,1.2578,1.8636,-0.6058
2025-08-07,172.08,172.27,169.04,171.64,173.11,172.41,167.74,169.47,170.93,165.4219,1,176.9320,0,20932,24875,1.0898,1.7089,-0.6190
2025-08-08,172.31,173.16,170.69,171.96,172.87,172.59,168.02,169.51,170.95,165.4219,1,176.3276,0,16619,24634,0.9711,1.5613,-0.5902
2025-08-11,171.96,173.48,169.67,171.52,172.54,172.65,168.27,169.56,171.00,165.4219,1,175.7596,0,24171,24746,0.8317,1.4154,-0.5837
2025-08-12,171.85,174.71,171.04,174.30,172.23,173.10,168.55,169.62,171.03,165.4219,1,175.2256,0,23949,24782,0.9353,1.3194,-0.3841
2025-08-13,174.49,177.25,174.49,176.52,172.42,173.54,168.86,169.72,171.08,165.4219,1,166.8595,1,18671,24512,1.1827,1.2920,-0.1093
2025-08-14,175.19,175.80,172.94,174.89,172.77,173.72,169.11,169.83,171.12,165.4219,1,167.0672,1,17937,24444,1.2331,1.2803,-0.0471
2025-08-15,175.36,175.36,172.62,173.86,173.10,173.78,169.38,169.91,171.15,165.4219,1,167.2708,1,16659,24357,1.1762,1.2594,-0.0832
2025-08-18,174.49,174.95,173.08,174.07,173.20,173.80,169.66,170.01,171.16,165.4219,1,167.4703,1,18881,24274,1.1352,1.2346,-0.0994
2025-08-19,174.71,177.04,172.81,174.04,173.40,173.68,169.90,170.10,171.16,165.4219,1,167.6658,1,19420,24295,1.0878,1.2052,-0.1175
2025-08-20,174.72,175.36,170.96,171.96,173.48,173.44,170.06,170.17,171.14,165.4219,1,167.8574,1,31384,24512,0.8720,1.1386,-0.2665
2025-08-21,168.49,176.78,167.87,171.58,173.47,173.29,170.20,170.25,171.17,165.4219,1,177.2454,0,54764,25170,0.6623,1.0433,-0.3810
2025-08-22,174.51,184.15,174.26,182.43,174.52,173.69,170.61,170.38,171.23,165.4219,1,167.8721,1,41241,25609,1.3567,1.1060,0.2507
2025-08-25,181.99,181.99,177.58,178.48,175.21,173.88,170.92,170.48,171.23,165.4219,1,167.8721,1,30834,25896,1.5698,1.1988,0.3711
2025-08-26,179.10,179.10,174.55,174.98,175.28,173.75,171.19,170.53,171.20,165.4219,1,168.1976,1,35056,26136,1.4397,1.2470,0.1927
2025-08-27,174.30,175.56,173.47,175.28,175.16,173.79,171.44,170.60,171.13,165.4219,1,168.5167,1,29536,26195,1.3452,1.2666,0.0786
2025-08-28,175.65,175.65,171.91,174.12,175.08,173.93,171.69,170.65,171.07,165.4219,1,168.8294,1,33909,26346,1.1635,1.2460,-0.0825
2025-08-29,174.42,176.71,174.42,176.09,175.30,174.20,171.95,170.73,171.01,165.4219,1,169.1358,1,25454,26291,1.1648,1.2297,-0.0649
2025-09-02,175.67,175.90,171.33,175.05,175.40,174.30,172.19,170.79,170.96,165.4219,1,169.4361,1,22690,25587,1.0695,1.1977,-0.1282
2025-09-03,174.11,175.72,173.06,175.05,175.50,174.45,172.38,170.87,170.92,165.4219,1,169.7303,1,23471,25495,0.9826,1.1547,-0.1721
2025-09-04,176.06,177.35,174.49,177.35,176.04,174.76,172.61,170.98,170.91,165.4219,1,170.0187,1,20874,25424,1.0872,1.1412,-0.0540
2025-09-05,177.00,179.46,177.00,177.88,176.67,175.07,172.90,171.09,170.93,166.5950,1,170.3014,1,26488,25236,1.1991,1.1528,0.0463
2025-09-08,178.80,181.22,177.97,178.63,176.29,175.40,173.16,171.20,170.97,168.1174,1,170.5783,1,30240,25258,1.3326,1.1887,0.1439
2025-09-09,177.97,179.84,175.95,176.83,176.12,175.67,173.38,171.32,170.99,168.1174,1,170.8498,1,19464,24440,1.2782,1.2066,0.0716
2025-09-10,176.20,176.20,173.28,175.07,176.13,175.71,173.55,171.34,171.02,168.1174,1,171.1158,1,22179,24289,1.0810,1.1815,-0.1005
2025-09-11,176.16,179.87,175.84,179.62,176.57,175.86,173.66,171.35,171.06,168.1174,1,171.3765,1,22162,24203,1.2769,1.2006,0.0763
2025-09-12,179.30,179.59,177.23,177.41,176.90,175.99,173.71,171.34,171.09,168.1174,1,171.6319,1,16362,23671,1.2395,1.2084,0.0312
2025-09-15,178.36,178.56,176.14,176.79,176.97,176.13,173.77,171.32,171.09,168.1174,1,171.8823,1,22451,23807,1.1466,1.1960,-0.0494
2025-09-16,176.21,178.18,175.55,176.05,177.07,176.23,173.94,171.31,171.07,168.1174,1,172.1277,1,27043,23769,1.0020,1.1572,-0.1552
2025-09-17,176.70,178.61,174.54,174.96,177.06,176.28,174.07,171.26,171.07,168.1174,1,172.3681,1,22526,23694,0.7907,1.0839,-0.2932
2025-09-18,175.17,176.96,174.94,175.57,176.88,176.46,174.20,171.21,171.06,168.1174,1,172.6037,1,20032,23627,0.6640,0.9999,-0.3359
2025-09-19,175.49,176.71,171.35,171.46,176.24,176.45,174.24,171.12,171.04,168.1174,1,184.1501,0,65396,24296,0.2301,0.8460,-0.6158
2025-09-22,170.94,172.86,170.35,170.40,175.41,175.85,174.28,171.06,171.00,168.1174,1,183.8941,0,17737,24300,-0.1975,0.6373,-0.8348
2025-09-23,170.53,172.40,169.27,169.34,174.67,175.40,174.26,170.98,170.96,168.1174,1,183.3523,0,17138,24198,-0.6145,0.3869,-1.0014
2025-09-24,169.16,170.20,168.30,169.06,174.07,175.10,174.33,170.88,170.93,168.1174,1,182.5076,0,22377,24238,-0.9567,0.1182,-1.0749
2025-09-25,169.06,169.52,166.60,166.96,172.80,174.68,174.32,170.78,170.89,177.8628,0,181.3714,0,15209,24140,-1.3817,-0.1818,-1.1999
2025-09-26,167.39,169.43,166.59,166.97,171.76,174.33,174.23,170.65,170.86,177.6858,0,179.8942,0,22875,24094,-1.6981,-0.4850,-1.2131
2025-09-29,167.07,167.51,165.41,166.33,170.71,173.84,174.11,170.52,170.82,175.7983,0,178.2976,0,19029,24120,-1.9777,-0.7836,-1.1941
2025-09-30,165.80,168.46,165.80,167.49,169.85,173.46,173.98,170.39,170.75,175.7983,0,176.4928,0,18903,24119,-2.0815,-1.0432,-1.0383
2025-10-01,167.49,168.36,165.62,167.44,169.10,173.08,173.80,170.29,170.66,175.7983,0,174.9408,0,15892,23983,-2.1429,-1.2631,-0.8798
2025-10-02,166.97,167.39,164.58,165.46,168.09,172.49,173.58,170.19,170.55,175.0410,0,173.6060,0,25810,24047,-2.3243,-1.4754,-0.8490
2025-10-03,165.69,166.51,163.01,163.33,167.28,171.76,173.35,170.06,170.42,173.9592,0,172.1623,0,17777,24086,-2.6101,-1.7023,-0.9078
2025-10-06,163.43,164.40,159.86,160.04,166.24,170.83,173.07,169.91,170.30,171.7688,0,170.5153,0,23395,24281,-3.0672,-1.9753,-1.0919
2025-10-07,159.78,161.35,158.74,159.63,165.27,169.97,172.76,169.76,170.19,169.4982,0,168.3846,0,21128,24375,-3.4228,-2.2648,-1.1580
2025-10-08,160.91,161.31,158.83,160.33,164.40,169.23,172.42,169.60,170.12,169.3232,0,166.4552,0,19699,24440,-3.6068,-2.5332,-1.0736
2025-10-09,159.51,160.25,157.62,158.26,163.53,168.16,172.10,169.43,170.05,168.0751,0,164.9117,0,22107,24412,-3.8745,-2.8014,-1.0730
2025-10-10,158.50,160.19,157.43,159.82,162.81,167.28,171.86,169.27,169.98,167.8640,0,163.4539,0,21913,24134,-3.9156,-3.0243,-0.8913
2025-10-13,159.86,160.00,158.32,158.96,162.08,166.39,171.63,169.13,169.93,167.8107,0,162.2489,0,14989,23860,-3.9720,-3.2138,-0.7582
2025-10-14,158.56,160.39,157.75,160.10,161.34,165.60,171.37,169.02,169.88,167.6444,0,161.2850,0,19771,23865,-3.8797,-3.3470,-0.5327
2025-10-15,160.14,161.28,159.53,160.25,160.62,164.86,171.14,168.93,169.84,167.6444,0,157.4290,1,17623,23879,-3.7515,-3.4279,-0.3236
2025-10-16,160.60,161.29,158.17,160.15,160.09,164.09,170.92,168.86,169.80,167.6444,0,157.5060,1,21759,23919,-3.6161,-3.4655,-0.1506
2025-10-17,160.61,164.75,160.32,163.17,160.07,163.67,170.75,168.80,169.79,167.6444,0,157.6572,1,22472,23949,-3.2283,-3.4181,0.1898
2025-10-20,163.80,164.15,162.18,163.46,160.41,163.33,170.58,168.72,169.78,167.6444,0,158.0826,1,10371,23824,-2.8645,-3.3074,0.4429
2025-10-21,163.84,163.86,161.64,162.06,160.66,162.96,170.39,168.65,169.77,167.6444,0,158.4825,1,13425,23609,-2.6582,-3.1775,0.5194
2025-10-22,162.58,165.27,161.95,164.21,161.05,162.72,170.18,168.61,169.76,167.6444,0,158.8584,1,12282,23376,-2.2946,-3.0009,0.7064
2025-10-23,164.21,164.90,159.95,161.94,161.41,162.47,169.89,168.58,169.76,167.6444,0,159.3714,1,12479,23252,-2.1652,-2.8338,0.6686
2025-10-24,162.35,162.99,160.59,161.43,161.57,162.19,169.62,168.53,169.78,167.6444,0,159.8434,1,13440,23162,-2.0795,-2.6829,0.6035
2025-10-27,161.43,161.43,158.00,158.34,161.51,161.79,169.31,168.46,169.76,167.6444,0,165.2709,0,15861,23146,-2.2352,-2.5934,0.3582
2025-10-28,157.67,159.82,155.56,158.06,161.31,161.32,168.99,168.39,169.75,167.1814,0,165.1255,0,18051,23130,-2.3542,-2.5456,0.1913
2025-10-29,157.41,157.72,153.64,154.79,160.76,160.69,168.61,168.30,169.73,165.5470,0,164.7428,0,20632,23154,-2.6812,-2.5727,-0.1085
2025-10-30,153.90,155.80,151.76,152.16,159.96,160.02,168.21,168.18,169.68,163.8730,0,164.0766,0,22117,22969,-3.1172,-2.6816,-0.4356
2025-10-31,151.03,152.81,149.80,151.98,158.84,159.46,167.82,168.08,169.64,161.2962,0,163.0911,0,32973,22533,-3.4371,-2.8327,-0.6044
2025-11-03,150.87,154.43,148.26,153.39,157.84,159.12,167.24,167.98,169.60,161.2962,0,161.7620,0,38215,22472,-3.5365,-2.9734,-0.5630
2025-11-04,155.31,168.00,155.31,167.82,158.41,159.53,167.03,167.98,169.62,147.5122,1,148.2591,1,42261,22701,-2.4227,-2.8633,0.4406
2025-11-05,168.29,170.82,166.78,168.43,158.83,159.94,166.90,168.00,169.62,154.8607,1,148.2591,1,28862,22577,-1.4737,-2.5854,1.1117
2025-11-06,167.47,169.53,164.70,166.86,159.33,160.37,166.73,167.99,169.63,154.8607,1,149.1614,1,22189,22430,-0.8387,-2.2360,1.3973
2025-11-07,167.21,170.27,166.77,167.16,159.90,160.74,166.59,167.95,169.63,154.8797,1,150.0276,1,17745,22107,-0.3076,-1.8504,1.5427
2025-11-10,167.79,168.90,165.59,167.15,160.78,161.15,166.41,167.95,169.65,154.8797,1,150.8591,1,20486,22007,0.1112,-1.4581,1.5692
2025-11-11,167.87,168.88,165.87,166.39,161.61,161.46,166.24,167.95,169.65,154.8797,1,151.6573,1,18332,21920,0.3769,-1.0911,1.4680
2025-11-12,166.89,169.40,165.77,168.76,163.01,161.89,166.11,167.91,169.68,154.9395,1,152.4236,1,29040,22032,0.7703,-0.7188,1.4891
2025-11-13,169.31,170.53,166.43,167.78,164.57,162.27,165.92,167.87,169.71,155.8708,1,153.1593,1,21429,22043,0.9916,-0.3767,1.3683
2025-11-14,166.62,168.88,162.91,166.01,165.97,162.41,165.68,167.80,169.73,155.8708,1,153.8656,1,23240,21978,1.0122,-0.0989,1.1111
2025-11-17,165.76,166.58,162.82,162.92,166.93,162.38,165.37,167.69,169.74,155.8708,1,154.5436,1,23748,21848,0.7701,0.0749,0.6953
2025-11-18,162.92,165.15,162.60,164.99,166.64,162.53,165.13,167.61,169.77,155.8708,1,155.1944,1,16340,21785,0.7372,0.2074,0.5298
2025-11-19,164.79,166.38,162.30,165.59,166.36,162.60,164.94,167.55,169.74,155.8708,1,155.8193,1,19133,21725,0.7509,0.3161,0.4348
2025-11-20,166.23,167.37,164.81,166.47,166.32,162.82,164.68,167.45,169.68,155.8708,1,156.4191,1,18428,21650,0.8235,0.4175,0.4059
2025-11-21,167.41,169.92,166.18,166.40,166.25,163.07,164.46,167.34,169.62,156.1865,1,156.9950,1,24308,21809,0.8655,0.5071,0.3584
2025-11-24,165.77,166.35,161.81,161.97,165.73,163.25,164.16,167.20,169.53,156.1865,1,157.5478,1,24011,21840,0.5345,0.5126,0.0218
2025-11-25,163.01,166.24,156.82,164.13,165.50,163.56,163.92,167.07,169.46,156.1865,1,170.8155,0,14646,21592,0.4414,0.4984,-0.0570
2025-11-26,163.26,164.61,161.15,162.00,164.83,163.92,163.66,166.93,169.36,156.1865,1,170.5355,0,21109,21564,0.1941,0.4375,-0.2434
2025-11-28,162.00,162.00,160.76,161.82,164.23,164.40,163.39,166.80,169.26,156.1865,1,170.2612,0,7846,21320,-0.0165,0.3467,-0.3632
2025-12-01,161.49,162.08,160.50,161.03,163.73,164.85,163.18,166.66,169.14,156.1865,1,169.9923,0,23956,20491,-0.2440,0.2286,-0.4725
2025-12-02,161.13,161.30,157.07,159.38,163.38,165.15,162.96,166.49,169.03,156.1865,1,169.7288,0,25074,20638,-0.5516,0.0725,-0.6242
2025-12-03,160.32,161.97,157.94,159.83,162.86,164.75,162.77,166.51,168.93,156.1865,1,169.4706,0,27108,20837,-0.7500,-0.0920,-0.6581
2025-12-04,159.58,162.70,159.48,159.59,162.26,164.31,162.58,166.55,168.81,156.1865,1,169.2176,0,27380,20937,-0.9163,-0.2568,-0.6594
2025-12-05,159.01,159.50,155.37,155.99,161.21,163.77,162.36,166.55,168.67,169.0979,0,168.9696,0,35125,21336,-1.3232,-0.4701,-0.8531
2025-12-08,155.99,157.36,153.06,154.69,160.04,163.14,162.12,166.55,168.52,166.9935,0,168.4255,0,27075,21420,-1.7311,-0.7223,-1.0088
2025-12-09,155.02,156.14,153.27,154.30,159.28,162.50,161.87,166.54,168.36,166.1727,0,167.5034,0,26185,21563,-2.0613,-0.9901,-1.0712
2025-12-10,154.74,159.73,154.02,158.00,158.66,162.08,161.68,166.58,168.21,166.1727,0,166.6366,0,37197,21929,-2.0017,-1.1924,-0.8093
2025-12-11,159.28,162.62,158.05,161.71,158.63,161.73,161.57,166.60,168.11,166.1727,0,165.8218,0,25286,22117,-1.6366,-1.2813,-0.3553
2025-12-12,161.95,163.79,160.49,162.81,158.73,161.48,161.52,166.62,168.02,166.1727,0,165.0558,0,20684,22014,-1.2439,-1.2738,0.0299
2025-12-15,163.59,167.07,163.49,165.80,159.21,161.47,161.57,166.63,167.94,166.1727,0,153.0564,1,25842,22175,-0.6833,-1.1557,0.4724
2025-12-16,165.15,168.75,163.75,167.44,160.02,161.70,161.71,166.68,167.86,153.8859,1,153.3367,1,34183,22391,-0.1055,-0.9457,0.8401
2025-12-17,166.77,170.10,166.06,168.73,160.91,161.88,161.90,166.75,167.79,155.7413,1,153.9532,1,21920,22407,0.4510,-0.6663,1.1173
2025-12-18,168.24,170.53,166.84,167.44,161.69,161.98,162.04,166.80,167.71,156.4710,1,154.9222,1,23865,22490,0.7792,-0.3772,1.1564
2025-12-19,166.74,167.92,161.81,165.00,162.59,161.90,162.17,166.81,167.62,156.4710,1,156.1711,1,53582,23120,0.8330,-0.1352,0.9682
2025-12-22,164.59,166.39,162.62,162.79,163.40,161.72,162.23,166.83,167.51,156.4710,1,157.3200,1,23068,23143,0.6890,0.0297,0.6593
2025-12-23,162.67,162.67,159.13,159.65,163.94,161.61,162.25,166.82,167.41,156.4710,1,158.3770,1,21527,23274,0.3179,0.0873,0.2306
2025-12-24,160.60,162.23,158.96,161.39,164.28,161.47,162.27,166.85,167.33,156.4710,1,170.5330,0,16251,23203,0.1627,0.1024,0.0603
2025-12-26,161.59,164.82,158.71,161.75,164.28,161.46,162.30,166.90,167.27,156.4710,1,170.3015,0,19802,23247,0.0673,0.0954,-0.0281
2025-12-29,162.17,164.31,160.54,161.93,164.19,161.46,162.34,166.93,167.23,156.4710,1,169.8379,0,17683,23165,0.0065,0.0776,-0.0710
2025-12-30,161.05,163.39,159.72,159.98,163.61,161.41,162.27,166.92,167.17,156.4710,1,169.3929,0,14944,23015,-0.1967,0.0227,-0.2194
2025-12-31,159.81,160.92,159.12,160.35,162.90,161.46,162.21,166.94,167.09,156.4710,1,168.9657,0,23265,23273,-0.3242,-0.0466,-0.2775
2026-01-02,160.18,162.57,159.92,160.48,162.08,161.49,162.18,166.95,167.03,156.4710,1,168.5556,0,22626,23457,-0.4102,-0.1194,-0.2908
2026-01-05,159.75,162.11,157.98,158.22,161.15,161.42,162.06,166.93,166.97,156.4710,1,168.1619,0,25405,23719,-0.6534,-0.2262,-0.4273
2026-01-06,157.61,161.45,156.70,161.36,160.79,161.69,162.05,166.93,166.95,156.4710,1,167.5511,0,25479,23979,-0.5860,-0.2981,-0.2879
2026-01-07,162.01,163.20,159.78,160.98,160.61,162.01,162.04,166.92,166.91,156.4710,1,166.6833,0,19163,24094,-0.5569,-0.3499,-0.2070
2026-01-08,160.21,165.34,160.21,163.78,161.02,162.48,162.15,166.95,166.89,156.4710,1,165.8849,0,21480,24206,-0.3036,-0.3406,0.0370
2026-01-09,163.13,167.44,162.93,163.78,161.26,162.77,162.26,166.97,166.86,156.4710,1,156.7039,1,21110,24267,-0.1018,-0.2929,0.1911
2026-01-12,163.18,165.21,162.30,164.74,161.56,162.92,162.46,166.99,166.84,156.4710,1,156.9186,1,16656,24188,0.1338,-0.2075,0.3413
2026-01-13,164.73,164.75,161.81,162.73,161.64,162.92,162.67,166.98,166.81,156.4710,1,157.1291,1,15368,24053,0.1565,-0.1347,0.2913
2026-01-14,162.42,166.57,162.42,165.85,162.23,162.92,162.95,166.99,166.80,156.4710,1,157.3353,1,18894,23771,0.4215,-0.0235,0.4450
2026-01-15,166.08,166.42,164.49,165.53,162.74,162.82,163.19,167.01,166.79,156.4710,1,157.5374,1,16345,23334,0.5987,0.1010,0.4977
2026-01-16,164.81,165.46,161.86,163.93,163.09,162.58,163.12,167.02,166.77,156.4710,1,157.7355,1,16288,22814,0.6031,0.2014,0.4017
2026-01-20,163.42,165.70,161.79,164.94,163.76,162.46,163.05,167.04,166.76,156.4710,1,157.9296,1,17590,22589,0.6805,0.2972,0.3833
2026-01-21,165.47,167.27,163.66,164.45,164.07,162.43,163.00,167.06,166.74,156.4710,1,158.1199,1,47146,23088,0.6938,0.3765,0.3173
2026-01-22,164.25,166.39,163.48,164.88,164.46,162.53,162.95,167.08,166.70,156.4710,1,158.3063,1,18157,23096,0.7305,0.4473,0.2832
2026-01-23,163.90,164.96,162.81,164.45,164.53,162.77,162.90,167.09,166.68,156.4710,1,158.4890,1,14501,22976,0.7167,0.5012,0.2155
2026-01-26,165.09,166.05,162.66,163.32,164.48,162.87,162.84,167.09,166.67,156.4710,1,158.6680,1,20748,23025,0.6075,0.5225,0.0850
2026-01-27,162.76,163.80,160.72,163.49,164.36,162.96,162.73,167.07,166.62,156.4710,1,158.8435,1,30896,23062,0.5290,0.5238,0.0052
2026-01-28,163.20,163.20,160.40,162.17,164.30,162.97,162.62,167.05,166.56,156.4710,1,159.0155,1,20519,23044,0.3557,0.4902,-0.1345
2026-01-29,162.72,164.86,162.16,163.43,164.06,163.14,162.57,167.05,166.49,156.4710,1,159.1840,1,21501,23009,0.3170,0.4555,-0.1385
2026-01-30,162.88,167.45,162.87,167.32,164.24,163.49,162.66,167.06,166.44,156.4710,1,159.3491,1,42120,23376,0.5934,0.4831,0.1103
2026-02-02,168.49,171.90,167.48,169.61,164.81,163.95,162.75,167.09,166.40,159.0143,1,159.6732,1,63025,24310,0.9853,0.5836,0.4018
2026-02-03,160.92,160.92,151.23,156.57,163.97,163.87,162.57,167.02,166.30,170.8714,0,171.8983,0,88811,25704,0.2410,0.5150,-0.2741
2026-02-04,158.46,159.72,151.66,151.66,162.69,163.38,162.27,166.87,166.15,170.8714,0,171.8983,0,81985,26975,-0.7363,0.2648,-1.0010
2026-02-05,155.32,155.32,149.64,150.87,161.29,162.88,161.96,166.71,166.00,168.6058,0,171.4850,0,39773,27284,-1.5565,-0.0995,-1.4571
2026-02-06,152.04,152.60,149.13,150.91,159.93,162.23,161.74,166.56,165.84,166.4160,0,170.6113,0,36766,27539,-2.1784,-0.5153,-1.6631
2026-02-09,151.30,153.71,149.39,150.69,158.67,161.58,161.47,166.44,165.67,166.4160,0,169.3222,0,33760,27921,-2.6586,-0.9439,-1.7147
2026-02-10,151.34,153.02,149.75,151.28,157.45,160.90,161.26,166.33,165.51,166.1291,0,168.1104,0,32653,28152,-2.9571,-1.3466,-1.6106
2026-02-11,151.28,153.60,148.40,152.24,156.46,160.38,161.06,166.22,165.36,165.8337,0,166.9714,0,26880,28533,-3.0811,-1.6935,-1.3876
2026-02-12,152.37,155.68,151.57,154.16,155.53,159.79,160.93,166.12,165.23,165.8337,0,165.4860,0,26919,28592,-2.9898,-1.9527,-1.0370
2026-02-13,154.93,156.20,153.25,155.79,154.38,159.31,160.86,166.03,165.08,165.8337,0,164.1195,0,26421,28619,-2.7543,-2.1130,-0.6412
2026-02-17,156.30,157.01,152.58,154.46,152.86,158.83,160.75,165.93,165.07,165.8337,0,162.8623,0,28493,28647,-2.6442,-2.2193,-0.4249
2026-02-18,154.78,157.98,153.67,156.78,152.88,158.43,160.69,165.87,165.09,165.8337,0,161.7057,0,29532,28690,-2.3426,-2.2439,-0.0987
2026-02-19,156.08,160.27,155.91,159.65,153.68,158.19,160.77,165.82,165.10,165.8337,0,160.6416,0,30923,28606,-1.8509,-2.1653,0.3144
2026-02-20,160.08,162.49,159.17,161.72,154.77,158.03,160.91,165.75,165.14,165.8337,0,148.4045,1,35154,28767,-1.2797,-1.9882,0.7085
2026-02-23,161.47,161.71,157.43,159.78,155.65,157.79,161.02,165.67,165.16,165.8337,0,148.6861,1,27261,28789,-0.9724,-1.7850,0.8127
2026-02-24,160.74,162.06,159.94,161.66,156.75,157.71,161.09,165.59,165.20,165.8337,0,148.9621,1,27284,28591,-0.5704,-1.5421,0.9717
2026-02-25,161.83,163.56,159.30,162.57,157.88,157.66,161.11,165.49,165.22,165.8337,0,149.2326,1,41389,28913,-0.1766,-1.2690,1.0924
2026-02-26,163.73,166.62,160.40,160.87,158.74,157.60,161.07,165.39,165.23,165.8337,0,149.8057,1,29015,29079,-0.0014,-1.0155,1.0141
2026-02-27,160.87,161.79,157.79,160.27,159.35,157.44,160.96,165.29,165.21,165.8337,0,150.8147,1,48497,29532,0.0885,-0.7947,0.8831
2026-03-02,158.02,162.55,158.02,160.76,159.85,157.11,160.82,165.20,165.22,165.8337,0,151.7632,1,26688,29383,0.1967,-0.5964,0.7931
2026-03-03,159.01,162.85,156.25,162.20,160.63,156.74,160.69,165.12,165.23,165.8337,0,152.6547,1,22902,29402,0.3944,-0.3982,0.7927
2026-03-04,163.14,165.39,160.72,164.15,161.36,157.12,160.63,165.03,165.25,165.8337,0,153.4928,1,29136,29508,0.7004,-0.1785,0.8789
2026-03-05,163.10,163.82,160.72,160.72,161.47,157.58,160.54,164.94,165.24,165.8337,0,154.2805,1,22100,28878,0.6584,-0.0111,0.6695
2026-03-06,159.04,160.52,157.70,159.30,161.23,158.00,160.47,164.86,165.24,165.8337,0,155.0210,1,22469,28866,0.5044,0.0920,0.4124
2026-03-09,159.30,163.57,158.63,160.89,161.34,158.50,160.50,164.79,165.24,165.8337,0,155.7171,1,38681,29209,0.5048,0.1745,0.3303
2026-03-10,159.57,160.29,152.39,154.65,160.64,158.69,160.36,164.67,165.23,165.8337,0,166.6222,0,57275,30030,0.0016,0.1400,-0.1384
2026-03-11,154.54,154.54,147.34,150.18,159.40,158.64,160.13,164.52,165.20,165.8337,0,166.3376,0,38847,30410,-0.7489,-0.0378,-0.7110
2026-03-12,148.63,152.34,148.25,149.09,158.22,158.48,159.87,164.38,165.16,165.2200,0,165.5776,0,42956,30916,-1.4152,-0.3133,-1.1019
2026-03-13,149.51,151.16,147.66,148.60,157.06,158.20,159.65,164.22,165.10,163.8955,0,164.8480,0,31471,31246,-1.9602,-0.6427,-1.3175
2026-03-16,148.60,149.29,143.47,143.66,155.35,157.60,159.31,164.03,165.03,161.1609,0,164.1476,0,56046,31902,-2.7594,-1.0660,-1.6934
2026-03-17,144.85,145.84,138.71,139.41,153.07,156.85,158.89,163.82,164.93,157.7137,0,162.9071,0,46531,32380,-3.6930,-1.5914,-2.1016
2026-03-18,138.67,143.44,135.84,136.76,150.33,155.84,158.46,163.57,164.81,155.8166,0,160.9716,0,53076,32934,-4.5937,-2.1919,-2.4018
2026-03-19,137.13,139.94,136.12,139.10,148.16,154.82,158.02,163.32,164.70,153.7349,0,158.4583,0,38332,33191,-5.0608,-2.7656,-2.2951
2026-03-20,138.63,142.19,137.83,141.37,146.37,153.80,157.62,163.10,164.60,153.7349,0,156.1963,0,178904,36385,-5.1874,-3.2500,-1.9374
2026-03-23,142.19,143.42,139.98,140.31,144.31,152.83,157.15,162.87,164.50,153.7349,0,154.1605,0,33548,36627,-5.3121,-3.6624,-1.6497
2026-03-24,139.08,140.72,137.47,138.42,142.69,151.66,156.65,162.63,164.39,153.5018,0,152.3283,0,44056,37086,-5.5003,-4.0300,-1.4703
2026-03-25,138.91,138.91,134.88,137.23,141.40,150.40,156.10,162.39,164.27,151.0727,0,150.6793,0,33063,37414,-5.6797,-4.3599,-1.3198
2026-03-26,136.99,140.63,136.26,139.05,140.39,149.31,155.62,162.17,164.14,151.0727,0,148.7831,0,29306,37693,-5.6108,-4.6101,-1.0007
2026-03-27,138.02,138.30,134.15,134.55,138.99,148.02,155.00,161.92,163.99,150.3592,0,147.1143,0,50601,38327,-5.8514,-4.8584,-0.9930
2026-03-30,135.31,137.35,134.34,137.03,138.32,146.83,154.43,161.62,163.87,149.4669,0,145.2994,0,42733,38855,-5.7759,-5.0419,-0.7340
2026-03-31,138.41,139.43,135.60,135.73,137.95,145.51,153.86,161.34,163.73,149.4669,0,143.7386,0,33794,39205,-5.7543,-5.1843,-0.5699
2026-04-01,136.98,137.06,135.13,135.88,137.87,144.10,153.28,161.07,163.60,148.7388,0,142.3963,0,33332,39520,-5.6600,-5.2795,-0.3805
2026-04-02,135.58,139.32,134.82,138.98,137.85,143.01,152.77,160.83,163.48,148.7388,0,141.2419,0,33696,39251,-5.2743,-5.2784,0.0041
2026-04-06,138.98,141.23,138.45,140.28,137.75,142.06,152.28,160.61,163.38,148.7388,0,134.1508,1,35671,39601,-4.8079,-5.1843,0.3764
2026-04-07,140.28,143.07,140.13,141.99,137.91,141.11,151.83,160.38,163.27,148.7388,0,134.2923,1,31156,39934,-4.2515,-4.9978,0.7462
2026-04-08,143.02,143.93,140.98,141.67,138.24,140.46,151.40,160.16,163.17,148.7388,0,134.6434,1,57781,40675,-3.7930,-4.7568,0.9638
2026-04-09,140.40,144.10,140.40,143.64,138.88,140.14,151.00,159.95,163.05,148.7388,0,135.2008,1,53872,41134,-3.2332,-4.4521,1.2189
2026-04-10,142.73,142.82,138.69,139.33,138.91,139.65,150.54,159.69,162.92,148.7388,0,135.9128,1,37701,41478,-3.1014,-4.1820,1.0806
2026-04-13,139.60,141.01,137.06,140.65,139.52,139.25,150.09,159.45,162.81,148.7388,0,136.5678,1,43776,41923,-2.8579,-3.9171,1.0593
2026-04-14,140.26,140.84,138.16,139.64,139.78,139.05,149.53,159.19,162.68,148.7388,0,137.0650,1,47645,42034,-2.7151,-3.6767,0.9616
2026-04-15,138.77,139.28,133.77,134.02,139.61,138.78,148.82,158.90,162.52,148.6486,0,144.1002,0,67093,42115,-3.0201,-3.5454,0.5253
2026-04-16,133.78,136.15,131.28,134.23,139.44,138.65,148.38,158.63,162.36,146.0881,0,143.8936,0,50534,41350,-3.2081,-3.4779,0.2698
2026-04-17,135.06,136.42,133.49,136.25,139.17,138.51,148.07,158.34,162.17,146.0881,0,143.3889,0,37256,40455,-3.1577,-3.4139,0.2562
2026-04-20,136.02,136.15,130.56,130.75,138.22,137.98,147.67,158.03,161.95,145.8756,0,142.9044,0,46558,40591,-3.5213,-3.4354,-0.0859
2026-04-21,130.61,131.24,124.05,124.74,136.49,137.20,147.14,157.68,161.70,141.0678,0,142.1637,0,53700,40929,-4.2451,-3.5973,-0.6477
2026-04-22,125.12,125.77,122.97,124.77,134.80,136.52,146.62,157.34,161.49,137.2922,0,140.7149,0,42777,41110,-4.7614,-3.8301,-0.9313
2026-04-23,124.97,125.25,121.92,122.97,132.73,135.81,146.06,156.99,161.26,136.2112,0,138.9409,0,44668,41350,-5.2549,-4.1151,-1.1398
2026-04-24,122.65,127.36,122.65,125.08,131.31,135.11,145.51,156.66,161.04,136.2112,0,136.8978,0,38741,41587,-5.4134,-4.3747,-1.0386
2026-04-27,124.82,127.08,123.63,125.20,129.77,134.64,144.94,156.35,160.82,136.2112,0,135.0999,0,38484,41818,-5.4665,-4.5931,-0.8734
2026-04-28,126.51,127.37,123.23,124.53,128.26,134.02,144.31,156.04,160.60,136.2112,0,133.5177,0,33951,41969,-5.4990,-4.7743,-0.7247
2026-04-29,123.55,126.72,123.07,126.09,127.46,133.53,143.74,155.75,160.38,136.2112,0,132.1254,0,37535,42150,-5.3381,-4.8870,-0.4511
2026-04-30,125.49,128.15,124.40,127.83,126.82,133.13,143.16,155.48,160.19,136.2112,0,130.9002,0,45937,42478,-5.0119,-4.9120,-0.0999
2026-05-01,128.19,129.26,120.33,122.04,125.40,132.29,142.41,155.18,159.97,136.2112,0,129.8220,0,83956,43539,-5.1611,-4.9618,-0.1992
2026-05-04,118.44,120.16,108.95,114.04,123.73,130.97,141.46,154.83,159.68,130.8214,0,129.2644,0,110781,45051,-5.8578,-5.1410,-0.7168
2026-05-05,113.68,117.05,108.97,116.48,122.90,129.70,140.59,154.49,159.40,130.0720,0,129.2644,0,60495,45716,-6.1420,-5.3412,-0.8008
2026-05-06,117.83,119.68,115.33,115.35,121.96,128.38,139.67,154.15,159.11,130.0720,0,126.0146,0,49751,46165,-6.3847,-5.5499,-0.8348
2026-05-07,115.35,117.80,114.16,114.76,121.14,126.94,138.71,153.80,158.80,130.0720,0,123.2848,0,41404,46166,-6.5491,-5.7498,-0.7993
2026-05-08,114.58,115.28,111.42,111.55,119.79,125.55,137.72,153.44,158.47,128.9859,0,120.9918,0,39894,46383,-6.8592,-5.9716,-0.8875
2026-05-11,111.55,112.30,109.99,110.18,118.29,124.03,136.72,153.08,158.15,125.9111,0,119.0656,0,38156,46176,-7.1335,-6.2040,-0.9295
2026-05-12,111.41,113.36,110.89,112.37,117.07,122.66,135.75,152.76,157.84,125.9111,0,117.4477,0,51511,46673,-7.0926,-6.3817,-0.7109
2026-05-13,111.34,113.40,110.53,112.10,115.67,121.57,134.75,152.45,157.53,125.6430,0,116.0886,0,41656,47048,-7.0009,-6.5056,-0.4953
2026-05-14,113.03,115.16,111.84,112.24,114.11,120.47,133.71,152.13,157.20,125.6430,0,108.9534,1,32189,47109,-6.8383,-6.5721,-0.2662
2026-05-15,112.91,114.64,110.47,111.87,113.09,119.25,132.74,151.82,156.89,125.6430,0,109.0776,1,34921,47365,-6.6627,-6.5902,-0.0725
2026-05-18,112.23,114.05,110.62,110.86,112.78,118.25,131.77,151.49,156.58,125.2660,0,109.1993,1,41690,47750,-6.5298,-6.5782,0.0483
2026-05-19,111.26,112.52,109.62,111.75,112.30,117.60,130.79,151.18,156.29,123.5832,0,109.3186,1,31946,47615,-6.2801,-6.5185,0.2385
2026-05-20,111.23,113.21,108.56,109.90,111.76,116.86,129.89,150.84,155.97,123.5410,0,115.1644,0,46122,47392,-6.1608,-6.4470,0.2862
2026-05-21,109.25,112.32,108.24,110.65,111.35,116.24,129.10,150.51,155.67,122.8917,0,115.0323,0,36334,47342,-5.9368,-6.3450,0.4081
2026-05-22,110.65,112.95,110.65,112.84,111.48,115.63,128.37,150.20,155.38,122.8917,0,114.7605,0,40480,47292,-5.5192,-6.1798,0.6606
2026-05-26,112.09,113.09,110.81,112.12,111.67,114.98,127.64,149.85,155.08,122.8917,0,114.4996,0,57192,47807,-5.1862,-5.9811,0.7949
2026-05-27,112.31,113.66,112.02,112.77,111.71,114.39,127.03,149.52,154.78,122.8917,0,114.2491,0,41168,47509,-4.8145,-5.7478,0.9332
2026-05-28,112.77,113.30,110.89,112.07,111.71,113.69,126.48,149.18,154.48,122.5934,0,114.0086,0,36893,47316,-4.5241,-5.5030,0.9790
2026-05-29,111.31,112.67,109.50,109.84,111.47,112.79,125.94,148.82,154.16,121.4884,0,113.7777,0,56171,47378,-4.4234,-5.2871,0.8637
2026-06-01,109.52,111.35,106.18,107.62,111.04,112.07,125.31,148.46,153.82,119.6741,0,113.5561,0,27935,47170,-4.4710,-5.1239,0.6529
2026-06-02,107.41,108.05,106.04,106.78,110.63,111.71,124.62,148.09,153.48,117.4692,0,113.1133,0,36795,44328,-4.5239,-5.0039,0.4800
2026-06-03,105.97,106.59,103.88,105.00,109.96,111.13,123.91,147.74,153.13,115.4878,0,112.5474,0,55281,44763,-4.6562,-4.9344,0.2781
2026-06-04,106.93,109.54,104.29,104.47,109.42,110.59,123.24,147.38,152.78,115.4878,0,111.6807,0,38798,44658,-4.7491,-4.8973,0.1482
2026-06-05,104.99,108.04,104.80,106.34,108.99,110.17,122.62,147.06,152.45,115.4878,0,110.9007,0,32423,44645,-4.6184,-4.8415,0.2231
2026-06-08,105.21,108.04,105.12,107.93,108.49,109.98,122.00,146.76,152.13,115.4878,0,110.1987,0,24091,44541,-4.3370,-4.7406,0.4036
2026-06-09,107.94,110.88,107.94,108.97,108.18,109.92,121.48,146.48,151.81,115.4878,0,103.8805,1,33047,44189,-3.9841,-4.5893,0.6052
2026-06-10,109.61,110.48,107.61,108.32,107.73,109.72,120.91,146.18,151.44,115.4878,0,104.0205,1,35870,44052,-3.7136,-4.4142,0.7006
2026-06-11,107.66,109.00,107.07,108.42,107.37,109.54,120.36,145.78,151.09,115.4878,0,104.1576,1,26358,43903,-3.4514,-4.2216,0.7702
2026-06-12,108.59,110.76,107.84,110.55,107.44,109.45,119.86,145.39,150.77,115.4878,0,104.2920,1,30023,43837,-3.0368,-3.9847,0.9479
2026-06-15,109.97,111.08,107.36,107.66,107.44,109.24,119.23,145.00,150.43,115.4878,0,104.4237,1,42335,44010,-2.9080,-3.7693,0.8613
2026-06-16,107.66,110.15,107.15,107.89,107.55,109.09,118.58,144.60,150.10,115.4878,0,104.6898,1,27012,43837,-2.7559,-3.5666,0.8108
2026-06-17,106.80,107.52,103.59,104.64,107.52,108.74,117.84,144.19,149.74,115.4878,0,111.0760,0,44918,44112,-2.8644,-3.4262,0.5618
2026-06-18,104.64,107.05,104.30,106.04,107.68,108.55,117.12,143.79,149.40,115.4878,0,110.9262,0,95712,44871,-2.8046,-3.3019,0.4973
2026-06-22,105.61,106.27,103.29,103.73,107.41,108.20,116.32,143.35,149.04,114.5701,0,110.7794,0,46370,44721,-2.9107,-3.2236,0.3129
2026-06-23,105.97,108.42,105.02,107.96,107.42,107.96,115.70,142.95,148.69,114.5701,0,110.4799,0,39869,44764,-2.6232,-3.1036,0.4803
2026-06-24,108.54,111.71,108.54,111.49,107.67,107.92,115.11,142.59,148.36,114.5701,0,103.2905,1,41467,44718,-2.0861,-2.9001,0.8140
2026-06-25,111.49,113.64,110.67,111.34,107.97,107.85,114.55,142.25,148.03,114.5701,0,103.4589,1,28282,44331,-1.6533,-2.6507,0.9974
2026-06-26,112.11,115.80,111.01,114.82,108.61,107.99,114.16,141.91,147.72,102.8016,1,103.8662,1,102265,45034,-1.0180,-2.3242,1.3062
2026-06-29,113.78,114.56,112.79,114.42,109.00,108.22,113.77,141.57,147.41,103.5251,1,104.5823,1,39508,44814,-0.5403,-1.9674,1.4271
2026-06-30,113.79,113.97,112.28,113.08,109.54,108.49,113.30,141.21,147.08,103.5251,1,105.2554,1,26131,44591,-0.2673,-1.6274,1.3601
2026-07-01,113.78,116.78,113.78,115.05,110.26,108.91,112.99,140.87,146.77,105.3694,1,105.8881,1,27098,44202,0.1069,-1.2805,1.3874
2026-07-02,115.05,116.83,113.52,114.69,111.26,109.39,112.79,140.56,146.46,105.3694,1,106.7596,1,50149,44131,0.3703,-0.9503,1.3207
2026-07-06,114.28,116.30,110.08,111.26,111.78,109.73,112.52,140.20,146.13,105.3694,1,107.7667,1,24039,43756,0.2992,-0.7004,0.9996
2026-07-07,113.75,114.53,112.12,112.53,112.66,110.04,112.31,139.87,145.82,105.3694,1,108.6731,1,24392,43351,0.3411,-0.4921,0.8332
2026-07-08,112.35,112.93,110.70,111.09,112.98,110.20,112.03,139.54,145.50,105.3694,1,109.4889,1,31290,43202,0.2547,-0.3428,0.5975
2026-07-09,110.92,111.15,108.17,111.03,112.93,110.30,111.75,139.20,145.20,105.3694,1,116.8308,0,27563,42983,0.1794,-0.2383,0.4177
2026-07-10,111.74,114.18,110.72,113.71,113.17,110.57,111.53,138.90,144.91,105.3694,1,116.6577,0,21043,42725,0.3325,-0.1242,0.4567
2026-07-13,114.16,115.38,112.52,113.03,112.99,110.80,111.27,138.59,144.63,105.3694,1,116.4880,0,20711,42388,0.3941,-0.0205,0.4146
2026-07-14,112.67,113.03,105.81,105.95,112.14,110.57,110.83,138.23,144.32,105.3694,1,116.3217,0,46250,42395,-0.1271,-0.0418,-0.0852
2026-07-15,107.33,107.83,104.17,104.47,111.28,110.41,110.48,137.89,144.00,117.1578,0,115.9011,0,31029,41336,-0.6517,-0.1638,-0.4879
2026-07-16,105.83,108.88,104.74,108.81,110.66,110.46,110.38,137.58,143.71,117.1578,0,115.1974,0,43391,39988,-0.7092,-0.2729,-0.4363
2026-07-17,110.34,111.88,105.10,106.12,109.80,110.53,110.17,137.26,143.41,117.1578,0,114.5358,0,30503,39389,-0.9603,-0.4103,-0.5499
2026-07-20,106.26,109.56,104.64,109.24,109.60,110.69,110.05,136.93,143.12,117.1578,0,113.9140,0,37973,39153,-0.8972,-0.5077,-0.3895
2026-07-21,109.01,110.32,106.28,107.19,109.06,110.86,109.89,136.57,142.82,117.1578,0,113.3295,0,26287,38851,-1.0011,-0.6064,-0.3947
2026-07-22,107.80,109.95,107.28,107.61,108.72,110.85,109.82,136.20,142.53,117.1578,0,112.7801,0,27736,38607,-1.0379,-0.6927,-0.3452
2026-07-23,106.95,106.95,104.85,105.54,108.17,110.55,109.72,135.80,142.24,117.1578,0,112.2636,0,26243,38369,-1.2200,-0.7981,-0.4219
2026-07-24,105.71,107.05,105.71,106.17,107.41,110.29,109.60,135.39,141.97,117.1578,0,111.7781,0,19412,37727,-1.2982,-0.8982,-0.4001
2026-07-27,107.23,108.42,106.41,106.46,106.76,109.87,109.49,134.98,141.71,117.1578,0,111.3217,0,27031,37435,-1.3218,-0.9829,-0.3389
2026-07-28,108.59,111.91,108.46,109.14,107.08,109.61,109.42,134.59,141.45,117.1578,0,104.1721,1,39371,37578,-1.1111,-1.0085,-0.1026
2026-07-29,109.09,111.40,108.55,110.18,107.65,109.46,109.39,134.22,141.21,117.1578,0,104.3268,1,33928,37558,-0.8504,-0.9769,0.1265
2026-07-30,108.83,108.84,106.18,106.59,107.43,109.04,109.31,133.85,140.94,117.1578,0,104.4784,1,33531,37395,-0.9233,-0.9662,0.0429
2026-07-31,106.00,106.84,104.54,105.86,107.40,108.60,109.19,133.49,140.68,116.2579,0,111.9080,0,37864,37514,-1.0283,-0.9786,-0.0497
2026-08-03,109.13,110.81,107.02,109.70,107.44,108.52,109.18,133.14,140.43,116.2579,0,111.7606,0,52806,37647,-0.7923,-0.9413,0.1490
2026-08-04,108.49,110.05,107.93,109.25,107.65,108.36,109.16,132.79,140.17,116.2579,0,111.6162,0,29020,37501,-0.6339,-0.8799,0.2459
2026-08-05,109.33,110.34,107.32,110.20,107.91,108.31,109.10,132.45,139.92,116.2579,0,111.4746,0,24611,37184,-0.4268,-0.7892,0.3625
2026-08-06,111.21,111.58,108.96,109.24,108.28,108.22,109.05,132.11,139.65,116.2579,0,104.5386,1,29624,36632,-0.3362,-0.6986,0.3624
2026-08-07,108.83,112.48,108.32,112.40,108.90,108.16,109.04,131.79,139.40,116.2579,0,104.6794,1,25295,36315,-0.0094,-0.5608,0.5514
2026-08-10,111.93,113.91,111.20,112.96,109.55,108.15,109.06,131.48,139.15,116.2579,0,104.9915,1,37063,36318,0.2910,-0.3904,0.6814
2026-08-11,112.17,115.35,112.03,113.93,110.03,108.55,109.14,131.18,138.90,116.2579,0,105.5266,1,30802,35811,0.6005,-0.1923,0.7927
2026-08-12,112.94,114.80,112.25,114.80,110.49,109.07,109.28,130.87,138.66,116.2579,0,106.3129,1,30737,35867,0.9056,0.0273,0.8783
2026-08-13,115.23,117.30,114.86,116.31,111.47,109.45,109.47,130.57,138.44,106.4374,1,107.0362,1,48154,36094,1.2545,0.2727,0.9817
2026-08-14,116.29,116.43,113.77,114.95,112.37,109.89,109.67,130.25,138.22,106.4374,1,108.0622,1,24487,35478,1.4053,0.4992,0.9060
2026-08-17,113.99,115.44,113.53,113.67,112.77,110.11,109.85,129.91,138.00,106.4374,1,108.9856,1,32580,35354,1.4055,0.6805,0.7250
2026-08-18,115.43,116.31,113.36,114.48,113.29,110.47,110.02,129.58,137.80,106.4374,1,109.8167,1,23324,35172,1.4544,0.8353,0.6191
2026-08-19,115.23,116.81,114.80,115.81,113.86,110.88,110.18,129.26,137.62,106.9406,1,110.5647,1,22297,35136,1.5820,0.9846,0.5974
2026-08-20,114.95,115.94,111.51,111.82,114.11,111.20,110.23,128.90,137.42,106.9406,1,111.2379,1,31937,35114,1.3456,1.0568,0.2888
2026-08-21,111.69,112.96,110.16,110.57,113.93,111.42,110.28,128.54,137.20,106.9406,1,117.2964,0,43446,35265,1.0454,1.0545,-0.0091
2026-08-24,111.84,115.04,111.09,114.66,114.10,111.83,110.40,128.21,136.94,106.9406,1,117.1537,0,61816,35974,1.1247,1.0686,0.0561
2026-08-25,117.80,119.84,112.65,116.24,114.33,112.18,110.52,127.88,136.68,106.9406,1,110.1647,1,90465,37183,1.2996,1.1148,0.1848
2026-08-26,114.58,115.90,111.78,112.37,114.09,112.29,110.61,127.54,136.40,106.9406,1,110.3582,1,57122,37479,1.1137,1.1145,-0.0009
2026-08-27,111.24,111.91,109.08,111.46,113.60,112.53,110.68,127.18,136.12,106.9406,1,119.8420,0,48050,37900,0.8826,1.0681,-0.1856
2026-08-28,111.98,114.26,111.09,113.75,113.48,112.93,110.86,126.84,135.86,106.9406,1,119.6266,0,41251,37826,0.8740,1.0293,-0.1553
2026-08-31,113.01,114.76,111.53,111.58,113.27,113.02,110.97,126.50,135.58,106.9406,1,119.4156,0,44373,36800,0.6843,0.9603,-0.2760
2026-09-01,111.66,112.29,109.50,110.77,112.90,113.10,111.12,126.15,135.29,106.9406,1,119.2088,0,60634,37085,0.4631,0.8609,-0.3978
2026-09-02,111.94,112.17,110.16,110.31,112.35,113.10,111.16,125.80,135.01,106.9406,1,119.0061,0,41129,37110,0.2482,0.7383,-0.4902
2026-09-03,110.46,110.69,104.41,104.64,111.64,112.87,111.03,125.41,134.70,118.4562,0,118.8075,0,43006,37141,-0.3758,0.5155,-0.8913
2026-09-04,104.16,105.42,103.68,104.39,111.02,112.47,110.89,124.99,134.41,114.8873,0,118.2316,0,32291,37221,-0.8802,0.2364,-1.1166
2026-09-08,103.77,104.91,102.14,104.03,109.95,112.03,110.67,124.55,134.10,113.6609,0,117.3583,0,46044,36097,-1.2940,-0.0697,-1.2243
2026-09-09,103.46,103.86,100.55,101.20,108.45,111.39,110.41,124.18,133.78,112.3713,0,116.1408,0,42727,36161,-1.8293,-0.4216,-1.4076
2026-09-10,101.21,102.80,100.47,101.47,107.36,110.72,110.17,123.85,133.45,111.4837,0,114.5818,0,44647,36531,-2.2062,-0.7785,-1.4277
2026-09-11,101.96,104.09,100.20,104.05,106.62,110.11,109.95,123.54,133.14,111.4837,0,112.8883,0,47312,36936,-2.2706,-1.0770,-1.1937
2026-09-14,105.47,107.10,102.66,102.94,105.54,109.51,109.72,123.22,132.85,111.4837,0,111.1120,0,48382,36900,-2.3837,-1.3383,-1.0454
2026-09-15,102.17,102.17,98.00,101.34,104.51,108.89,109.52,122.89,132.53,110.8908,0,109.5843,0,50640,37432,-2.5728,-1.5852,-0.9876
2026-09-16,101.21,103.21,101.21,102.96,103.73,108.32,109.33,122.57,132.24,110.8908,0,107.7308,0,39969,37744,-2.5624,-1.7807,-0.7818
2026-09-17,103.88,104.29,101.03,101.25,102.83,107.59,109.13,122.23,131.94,110.8908,0,106.1739,0,42211,37962,-2.6615,-1.9568,-0.7047
2026-09-18,100.66,102.23,99.41,99.92,102.35,107.00,108.91,121.86,131.63,110.8908,0,104.8661,0,151019,40431,-2.8149,-2.1284,-0.6864
2026-09-21,100.30,103.82,99.15,102.50,102.17,106.59,108.69,121.51,131.35,110.8908,0,104.2900,0,37648,40764,-2.6971,-2.2422,-0.4550
2026-09-22,103.90,104.57,102.60,103.56,102.12,106.04,108.50,121.17,131.06,110.8908,0,98.0000,1,47720,41304,-2.4896,-2.2917,-0.1980
2026-09-23,103.56,104.47,101.65,102.12,102.21,105.33,108.42,120.81,130.78,110.8908,0,98.1314,1,39888,41176,-2.4135,-2.3160,-0.0975
2026-09-24,102.28,103.41,100.55,101.14,102.18,104.77,108.35,120.42,130.50,110.8908,0,98.2602,1,31738,41191,-2.4046,-2.3337,-0.0708
2026-09-25,100.73,101.26,99.69,100.47,101.82,104.22,108.19,120.01,130.23,109.7332,0,98.3864,1,35416,41031,-2.4236,-2.3517,-0.0719
2026-09-28,100.22,101.92,98.56,101.10,101.64,103.59,108.09,119.62,129.97,109.5804,0,98.5100,1,32989,41081,-2.3607,-2.3535,-0.0071
2026-09-29,100.10,101.79,98.75,99.90,101.49,103.00,107.90,119.20,129.68,109.5804,0,98.5600,1,25055,40823,-2.3801,-2.3588,-0.0213
2026-09-30,99.95,100.68,97.80,99.19,101.12,102.42,107.74,118.78,129.36,108.4905,0,104.5700,0,44874,41194,-2.4249,-2.3721,-0.0529
2026-10-01,99.39,100.72,97.00,99.69,100.96,101.89,107.58,118.37,129.05,108.3014,0,104.4346,0,55348,41746,-2.3925,-2.3761,-0.0164
2026-10-02,100.66,100.79,98.86,99.53,100.92,101.64,107.46,117.97,128.72,108.3014,0,104.1372,0,26833,41758,-2.3526,-2.3714,0.0188
2026-10-05,99.46,99.78,97.27,99.49,100.62,101.39,107.33,117.56,128.38,107.4467,0,103.8517,0,44731,42265,-2.2977,-2.3567,0.0590
2026-10-06,99.78,100.69,99.52,100.20,100.28,101.20,107.20,117.15,128.03,107.4467,0,103.5777,0,32966,42383,-2.1719,-2.3197,0.1478
2026-10-07,100.48,101.06,100.10,100.43,100.11,101.16,107.03,116.72,127.70,107.4467,0,103.3146,0,47282,42542,-2.0302,-2.2618,0.2316
2026-10-08,100.97,102.84,100.15,102.19,100.22,101.20,106.87,116.33,127.38,107.4467,0,103.0620,0,53997,42943,-1.7557,-2.1606,0.4049
2026-10-09,102.19,103.05,98.70,99.30,100.10,100.96,106.72,115.93,127.07,107.4467,0,97.0000,1,35669,42986,-1.7511,-2.0787,0.3276
