Date,Open,High,Low,Close,Ma10:Top:Line,Ma20:Top:Line,Ma50:Top:Line,Ma150:Top:Line,Ma200:Top:Line,Supertrend:Top:ColorLine,Supertrend_Dir,ParabolicSAR:Top:ColorLine,ParabolicSAR_Dir,Volume:Middle:Histogram,Vo50:Middle:Line,Macd:Bottom:Line,MacdSignal:Bottom:Line,MacdDelta:Bottom:Histogram,RsRating:Hidden:Hidden
2023-07-19,73.91,76.07,72.21,72.70,,,,,,,0,76.0700,0,344685,,,,,0
2023-07-20,71.68,72.14,66.86,67.27,,,,,,,0,76.0700,0,332529,,,,,0
2023-07-21,68.45,69.35,66.50,66.57,,,,,,,0,76.0700,0,181496,,,,,0
2023-07-24,67.50,67.50,64.63,65.39,,,,,,,0,75.6872,0,244120,,,,,0
2023-07-25,65.63,68.33,65.60,67.09,,,,,,,0,75.0238,0,208382,,,,,0
2023-07-26,65.88,67.35,64.24,65.74,,,,,,,0,74.4001,0,175388,,,,,0
2023-07-27,67.66,68.05,64.27,64.76,,,,,,,0,73.5873,0,182753,,,,,0
2023-07-28,66.00,67.86,65.22,66.93,,,,,,,0,72.8395,0,160190,,,,,0
2023-07-31,67.88,70.13,67.81,68.77,,,,,,,0,72.1516,0,203786,,,,,0
2023-08-01,67.70,68.72,66.64,68.63,67.38,,,,,77.7825,0,71.5187,0,187978,,,,,0
2023-08-02,66.82,66.82,62.72,64.11,66.53,,,,,75.6353,0,70.9364,0,328545,,,,,0
2023-08-03,63.59,65.56,63.51,65.04,66.30,,,,,74.9247,0,70.1147,0,331769,,,,,0
2023-08-04,71.83,75.12,68.10,69.52,66.60,,,,,74.9247,0,62.7200,1,1027255,,,,,0
2023-08-07,67.30,68.23,64.93,67.79,66.84,,,,,74.9247,0,62.9681,1,389908,,,,,0
2023-08-08,64.49,67.05,63.57,66.59,66.79,,,,,74.9247,0,63.2112,1,377206,,,,,0
2023-08-09,66.86,67.20,63.43,63.59,66.57,,,,,74.9247,0,75.1240,0,210864,,,,,0
2023-08-10,64.38,65.62,62.58,63.29,66.43,,,,,74.9247,0,74.8901,0,194674,,,,,0
2023-08-11,62.90,64.00,62.65,63.61,66.09,,,,,74.6015,0,74.3977,0,159807,,,,,0
2023-08-14,62.86,65.73,62.70,65.64,65.78,,,,,74.6015,0,73.9250,0,208525,,,,,0
2023-08-15,64.82,65.47,62.08,62.11,65.13,66.26,,,,74.6015,0,73.4712,0,176560,,,,,0
2023-08-16,62.91,62.95,60.80,60.85,64.80,65.66,,,,72.4381,0,72.7877,0,134685,,,,,0
2023-08-17,60.31,60.57,57.84,58.31,64.13,65.22,,,,69.6147,0,71.8287,0,300547,,,,,0
2023-08-18,57.00,59.23,56.36,58.98,63.08,64.84,,,,68.0250,0,70.4298,0,172870,,,,,0
2023-08-21,59.42,60.42,58.55,58.57,62.15,64.50,,,,68.0250,0,68.7416,0,137938,,,,,0
2023-08-22,59.14,60.39,58.42,59.80,61.48,64.13,,,,68.0250,0,67.2559,0,135848,,,,,0
2023-08-23,59.52,65.00,59.03,63.11,61.43,64.00,,,,68.0250,0,65.9485,0,359834,,,,,0
2023-08-24,64.67,64.97,59.11,59.90,61.09,63.76,,,,68.0250,0,65.0000,0,226392,,,,,0
2023-08-25,59.02,62.47,59.02,62.20,60.95,63.52,,,,68.0250,0,65.0000,0,163039,,,,,0
2023-08-28,62.88,63.45,61.71,61.83,60.57,63.17,,,,68.0250,0,64.9700,0,91546,,,,,0
2023-08-29,61.71,64.08,61.08,63.23,60.68,62.90,,,,68.0250,0,56.3610,1,119245,,,,,0
2023-08-30,63.43,64.53,62.57,64.41,61.03,62.92,,,,68.0250,0,56.5154,1,138411,,,,,0
2023-08-31,65.00,66.11,64.88,65.03,61.71,62.92,,,,68.0250,0,56.8360,1,162048,,,,,0
2023-09-01,65.86,66.92,63.59,63.99,62.21,62.64,,,,68.0250,0,57.3924,1,173298,,,,,0
2023-09-05,63.40,65.38,63.03,65.31,62.88,62.52,,,,68.0250,0,58.1547,1,175423,,-0.8732,-1.9268,1.0535,0
2023-09-06,64.56,65.39,63.04,63.99,63.30,62.39,,,,68.0250,0,58.8560,1,178910,,-0.7560,-1.6926,0.9366,0
2023-09-07,60.77,64.01,60.75,63.53,63.34,62.38,,,,68.0250,0,59.5012,1,170724,,-0.6923,-1.4925,0.8003,0
2023-09-08,63.40,64.11,62.31,62.68,63.62,62.35,,,,68.0250,0,60.0948,1,119581,,-0.7022,-1.3345,0.6323,0
2023-09-11,63.79,65.75,63.55,65.46,63.95,62.45,,,,68.0250,0,60.6409,1,137918,,-0.4803,-1.1636,0.6834,0
2023-09-12,64.27,65.95,64.22,64.83,64.25,62.41,,,,68.0250,0,61.1433,1,149751,,-0.3511,-1.0011,0.6500,0
2023-09-13,64.32,65.26,63.53,64.46,64.37,62.52,,,,68.0250,0,61.6055,1,155001,,-0.2755,-0.8560,0.5805,0
2023-09-14,65.10,65.77,63.96,65.58,64.49,62.76,,,,68.0250,0,62.0307,1,146296,,-0.1237,-0.7096,0.5858,0
2023-09-15,65.00,65.18,61.53,62.76,64.26,62.98,,,,68.0250,0,66.9210,0,370717,,-0.2284,-0.6133,0.3849,0
2023-09-18,61.76,62.73,61.01,61.72,64.03,63.12,,,,68.0250,0,66.8133,0,208811,,-0.3908,-0.5688,0.1781,0
2023-09-19,61.17,61.32,59.71,60.17,63.52,63.20,,,,68.0250,0,66.5811,0,206570,,-0.6371,-0.5825,-0.0547,0
2023-09-20,60.23,61.15,59.41,60.01,63.12,63.21,,,,67.7625,0,66.1686,0,173093,,-0.8357,-0.6331,-0.2026,0
2023-09-21,58.42,58.81,56.08,56.55,62.42,62.88,,,,65.3589,0,65.6279,0,293862,,-1.2577,-0.7580,-0.4997,0
2023-09-22,57.44,58.19,56.53,57.76,61.93,62.78,,,,64.9791,0,64.6734,0,224952,,-1.4775,-0.9019,-0.5756,0
2023-09-25,57.30,58.29,56.67,57.75,61.16,62.55,,,,64.8232,0,63.8143,0,116118,,-1.6337,-1.0483,-0.5854,0
2023-09-26,56.86,57.69,56.43,56.68,60.34,62.29,,,,64.0649,0,63.0412,0,151149,,-1.8228,-1.2032,-0.6196,0
2023-09-27,60.25,61.27,58.56,60.54,59.95,62.16,63.50,,,64.0649,0,62.3454,0,498365,228387,-1.6423,-1.2910,-0.3513,0
2023-09-28,59.81,63.83,59.26,63.09,59.70,62.09,63.31,,,64.0649,0,56.0830,1,390773,229309,-1.2787,-1.2885,0.0099,0
2023-09-29,63.94,65.58,62.76,63.04,59.73,61.99,63.23,,,64.0649,0,56.2379,1,261685,227892,-0.9832,-1.2275,0.2442,0
2023-10-02,62.91,63.78,61.55,62.51,59.81,61.92,63.14,,,64.0649,0,56.6116,1,201664,228295,-0.7828,-1.1386,0.3557,0
2023-10-03,61.55,61.77,57.90,58.40,59.63,61.58,63.00,,,64.0649,0,56.9704,1,243563,228284,-0.9448,-1.0998,0.1550,0
2023-10-04,59.15,59.89,58.12,59.25,59.56,61.34,62.85,,,64.0649,0,57.3147,1,185298,227823,-0.9931,-1.0785,0.0854,0
2023-10-05,59.00,59.27,56.71,58.17,59.72,61.07,62.70,,,64.0649,0,65.5800,0,203182,228379,-1.1058,-1.0839,-0.0218,0
2023-10-06,57.40,62.69,57.34,62.55,60.20,61.06,62.65,,,64.0649,0,65.4026,0,294285,230609,-0.8320,-1.0335,0.2015,0
2023-10-09,61.01,64.81,61.01,63.69,60.79,60.98,62.59,,,64.0649,0,65.2287,0,227450,231954,-0.5172,-0.9303,0.4131,0
2023-10-10,63.69,66.14,63.56,65.56,61.68,61.01,62.52,,,55.8676,1,56.7100,1,246414,232807,-0.1154,-0.7673,0.6519,0
2023-10-11,66.26,66.85,64.80,65.29,62.15,61.05,62.46,,,56.9731,1,56.8987,1,163329,232314,0.1792,-0.5780,0.7572,0
2023-10-12,65.32,65.35,62.33,62.62,62.11,60.91,62.43,,,56.9731,1,57.2968,1,192632,229596,0.1949,-0.4234,0.6183,0
2023-10-13,62.40,63.50,60.65,61.16,61.92,60.83,62.35,,,56.9731,1,57.6789,1,155230,226065,0.0885,-0.3210,0.4096,0
2023-10-16,61.90,64.53,61.48,63.51,62.02,60.91,62.23,,,56.9731,1,58.0457,1,214048,209801,0.1917,-0.2185,0.4102,0
2023-10-17,62.00,65.85,62.00,64.63,62.64,61.14,62.17,,,56.9731,1,58.3979,1,236410,206731,0.3596,-0.1029,0.4625,0
2023-10-18,64.20,64.65,62.24,62.43,62.96,61.26,62.08,,,56.9731,1,58.7360,1,142865,202044,0.3116,-0.0200,0.3316,0
2023-10-19,62.75,63.96,61.99,62.79,63.42,61.57,62.07,,,56.9731,1,59.0605,1,143871,200704,0.2992,0.0439,0.2553,0
2023-10-20,62.06,62.62,58.81,59.38,63.11,61.65,61.99,,,56.9731,1,66.8500,0,245673,201724,0.0140,0.0379,-0.0239,0
2023-10-23,58.50,59.74,57.30,58.70,62.61,61.70,61.89,,,56.9731,1,66.6891,0,220647,202941,-0.2638,-0.0225,-0.2414,0
2023-10-24,59.69,61.27,58.79,59.63,62.01,61.85,61.77,,,56.9731,1,66.3136,0,189093,202552,-0.4043,-0.0988,-0.3055,0
2023-10-25,58.57,59.04,56.41,56.49,61.13,61.64,61.66,,,66.5675,0,65.9530,0,209013,203201,-0.7603,-0.2311,-0.5292,0
2023-10-26,56.55,57.10,54.61,55.53,60.43,61.27,61.55,,,64.5643,0,65.3804,0,177230,204052,-1.1071,-0.4063,-0.7008,0
2023-10-27,56.33,56.92,54.92,55.35,59.84,60.88,61.49,,,64.3567,0,64.5188,0,155705,201155,-1.3805,-0.6011,-0.7794,0
2023-10-30,56.42,56.91,55.15,55.88,59.08,60.55,61.43,,,64.1487,0,63.7261,0,136029,200419,-1.5367,-0.7883,-0.7485,0
2023-10-31,56.01,57.29,55.26,56.69,58.29,60.46,61.39,,,64.1487,0,62.9968,0,134418,200348,-1.5770,-0.9460,-0.6310,0
2023-11-01,56.70,56.72,53.88,54.95,57.54,60.25,61.30,,,63.2742,0,62.3259,0,214997,201931,-1.7294,-1.1027,-0.6267,0
2023-11-02,57.47,58.08,55.40,56.58,56.92,60.17,61.16,,,63.2742,0,61.4814,0,551287,205760,-1.6990,-1.2220,-0.4771,0
2023-11-03,57.47,64.57,57.36,64.42,57.42,60.26,61.26,,,51.2632,1,53.8810,1,831018,217853,-1.0305,-1.1837,0.1532,0
2023-11-06,64.30,64.50,61.40,63.11,57.86,60.23,61.27,,,53.2861,1,54.0949,1,362977,221851,-0.5994,-1.0668,0.4674,0
2023-11-07,64.03,66.24,63.41,66.00,58.50,60.26,61.36,,,55.1885,1,54.3045,1,406157,228144,-0.0244,-0.8583,0.8340,0
2023-11-08,65.68,66.16,63.88,64.58,59.31,60.22,61.38,,,55.6632,1,54.7819,1,174179,229242,0.3132,-0.6240,0.9372,0
2023-11-09,65.10,65.40,62.02,62.18,59.97,60.20,61.34,,,55.6632,1,55.2402,1,245182,231378,0.3826,-0.4227,0.8053,0
2023-11-10,61.81,63.32,61.34,63.08,60.75,60.30,61.30,,,55.6632,1,55.6802,1,194539,232028,0.5045,-0.2373,0.7417,0
2023-11-13,62.86,64.25,62.39,63.89,61.55,60.31,61.30,,,55.6632,1,56.1026,1,208965,232741,0.6588,-0.0580,0.7169,0
2023-11-14,66.04,70.95,66.04,70.61,62.94,60.61,61.40,,,58.5154,1,56.5081,1,580979,240852,1.3083,0.2152,1.0931,0
2023-11-15,70.59,72.69,70.14,70.81,64.53,61.03,61.54,,,61.6684,1,57.3746,1,322986,243734,1.8182,0.5358,1.2824,0
2023-11-16,69.50,70.96,68.95,70.70,65.94,61.43,61.68,,,61.6684,1,58.5998,1,237884,245077,2.1882,0.8663,1.3219,0
2023-11-17,70.49,73.15,69.82,72.69,66.77,62.09,61.88,,,62.0485,1,59.7271,1,237122,247428,2.6119,1.2154,1.3965,0
2023-11-20,72.51,73.87,72.32,72.81,67.73,62.80,62.03,,,64.1374,1,61.0694,1,192939,248528,2.9236,1.5571,1.3666,0
2023-11-21,73.33,75.68,72.90,73.85,68.52,63.51,62.21,,,65.3661,1,62.6056,1,279212,251117,3.2175,1.8891,1.3284,0
2023-11-22,74.84,75.04,73.13,73.68,69.43,64.37,62.40,,,65.4818,1,64.4356,1,156364,251145,3.3976,2.1908,1.2067,0
2023-11-24,73.43,73.84,72.41,73.40,70.55,65.26,62.55,,,65.4818,1,66.0094,1,63667,249492,3.4776,2.4482,1.0294,0
2023-11-27,73.00,75.55,72.69,73.95,71.64,66.19,62.78,,,65.9113,1,67.3628,1,264179,247361,3.5445,2.6674,0.8770,0
2023-11-28,73.21,75.08,72.83,74.54,72.70,67.13,63.03,,,65.9113,1,68.5268,1,226862,247722,3.6036,2.8547,0.7489,0
2023-11-29,76.00,79.08,75.20,78.31,73.47,68.21,63.40,,,68.5195,1,69.5278,1,413900,251869,3.9096,3.0657,0.8439,0
2023-11-30,79.06,79.61,76.59,77.15,74.11,69.32,63.74,,,69.4355,1,71.0562,1,367018,255747,4.0122,3.2550,0.7572,0
2023-12-01,77.44,78.88,75.79,78.78,74.92,70.43,64.18,,,69.4355,1,72.5959,1,282726,255525,4.1769,3.4394,0.7376,0
2023-12-04,78.50,80.17,78.06,79.82,75.63,71.20,64.62,,,70.6300,1,73.8584,1,319120,257408,4.3413,3.6198,0.7216,0
2023-12-05,79.10,79.27,76.92,77.95,76.14,71.94,65.03,,,70.6300,1,75.1207,1,259901,260284,4.2715,3.7501,0.5214,0
2023-12-06,78.19,80.03,76.61,76.66,76.42,72.47,65.43,,,70.6300,1,76.1306,1,215652,261574,4.0652,3.8131,0.2521,0
2023-12-07,76.69,77.30,75.73,76.80,76.74,73.08,65.75,,,70.6300,1,80.1700,0,205524,255717,3.8684,3.8242,0.0442,0
2023-12-08,75.98,78.34,75.78,77.52,77.15,73.85,66.04,,,70.6300,1,80.0812,0,201622,251934,3.7276,3.8049,-0.0773,0
2023-12-11,77.10,78.96,76.89,77.82,77.53,74.59,66.34,,,70.6300,1,79.9942,0,153624,249773,3.5987,3.7636,-0.1649,0
2023-12-12,77.32,78.63,76.50,78.19,77.90,75.30,66.65,,,70.6300,1,79.9089,0,142783,248595,3.4863,3.7082,-0.2219,0
2023-12-13,78.60,81.45,77.52,80.38,78.11,75.79,67.09,,,71.2328,1,75.7300,1,367915,251082,3.5331,3.6732,-0.1400,0
2023-12-14,82.68,84.89,81.81,84.66,78.86,76.48,67.60,,,74.5700,1,75.8444,1,557173,258520,3.8710,3.7127,0.1583,0
2023-12-15,84.80,85.48,83.36,85.05,79.49,77.20,68.14,,,75.8820,1,76.2062,1,465963,263775,4.1227,3.7947,0.3280,0
2023-12-18,84.81,85.60,83.92,84.70,79.97,77.80,68.58,,,76.5718,1,76.7627,1,195623,261802,4.2450,3.8848,0.3602,0
2023-12-19,85.39,86.90,85.04,85.51,80.73,78.44,69.02,,,77.9442,1,77.4696,1,199426,261241,4.3571,3.9792,0.3778,0
2023-12-20,85.14,86.17,82.67,82.83,81.35,78.89,69.36,,,77.9442,1,78.4132,1,224983,260813,4.1814,4.0197,0.1617,0
2023-12-21,84.62,85.12,83.36,84.85,82.15,79.44,69.75,,,77.9442,1,79.2624,1,193526,261417,4.1573,4.0472,0.1101,0
2023-12-22,85.00,85.31,83.54,84.32,82.83,79.99,70.19,,,77.9442,1,80.0266,1,131000,260184,4.0487,4.0475,0.0012,0
2023-12-26,84.50,85.95,84.33,85.76,83.63,80.58,70.68,,,77.9442,1,80.7145,1,133563,259751,4.0324,4.0445,-0.0121,0
2023-12-27,86.23,86.91,84.93,85.55,84.36,81.13,71.12,,,78.5246,1,81.3335,1,150482,258479,3.9569,4.0270,-0.0700,0
2023-12-28,85.70,85.77,84.37,84.68,84.79,81.45,71.52,,,78.5246,1,82.0027,1,139400,256539,3.7833,3.9782,-0.1949,0
2023-12-29,84.18,84.79,82.75,83.26,84.65,81.75,71.94,,,78.5246,1,82.5916,1,164697,256976,3.4908,3.8808,-0.3899,0
2024-01-02,81.43,81.72,78.39,79.35,84.08,81.78,72.27,,,78.5246,1,86.9100,0,291778,259934,2.9100,3.6866,-0.7766,0
2024-01-03,77.24,78.32,75.81,76.39,83.25,81.61,72.61,,,85.0959,0,86.7396,0,238627,259793,2.1857,3.3864,-1.2007,0
2024-01-04,76.00,77.84,75.65,76.83,82.38,81.56,72.97,,,84.6298,0,86.3024,0,194295,259266,1.6284,3.0348,-1.4064,0
2024-01-05,76.30,77.64,76.15,76.28,81.73,81.54,73.30,,,84.4384,0,85.6633,0,179105,259066,1.1293,2.6537,-1.5244,0
2024-01-08,76.98,79.77,76.67,79.64,81.21,81.68,73.77,,,84.4384,0,85.0625,0,220682,259300,0.9935,2.3217,-1.3282,0
2024-01-09,78.95,81.65,78.65,81.63,80.94,81.88,74.29,,,84.4384,0,84.4977,0,219968,260155,1.0345,2.0642,-1.0298,0
2024-01-10,82.55,83.00,80.36,80.97,80.46,82.04,74.80,,,84.4384,0,83.9669,0,335102,263742,1.0022,1.8518,-0.8497,0
2024-01-11,80.81,81.88,78.12,80.82,79.98,82.17,75.30,,,84.4384,0,83.4679,0,263215,266286,0.9535,1.6721,-0.7187,0
2024-01-12,81.00,81.59,79.12,79.37,79.45,82.12,75.75,,,84.4384,0,83.0000,0,138366,266365,0.7888,1.4955,-0.7067,0
2024-01-16,78.46,79.53,77.09,78.45,78.97,81.81,76.22,,,84.4384,0,82.5590,0,218946,266444,0.5773,1.3118,-0.7345,0
2024-01-17,77.40,77.40,74.37,77.07,78.74,81.41,76.63,,,84.4062,0,82.1445,0,275340,260925,0.2950,1.1085,-0.8134,0
2024-01-18,78.76,79.68,76.63,77.96,78.90,81.08,76.90,,,84.4062,0,81.5225,0,193660,248178,0.1415,0.9151,-0.7736,0
2024-01-19,78.62,81.37,77.91,81.35,79.35,80.87,77.27,,,84.4062,0,74.3700,1,263786,246194,0.2900,0.7901,-0.5001,0
2024-01-22,83.88,87.17,83.54,84.68,80.19,80.96,77.64,,,75.7210,1,74.5100,1,376115,245593,0.6687,0.7658,-0.0971,0
2024-01-23,84.97,85.64,83.35,83.93,80.62,80.91,78.03,,,75.7210,1,75.0164,1,183622,245782,0.8980,0.7922,0.1057,0
2024-01-24,85.37,86.24,82.30,82.33,80.69,80.82,78.43,,,75.7210,1,75.5025,1,201972,244918,0.9397,0.8217,0.1180,0
2024-01-25,83.03,83.61,81.26,81.86,80.78,80.62,78.81,,,75.7210,1,75.9692,1,167232,244372,0.9242,0.8422,0.0820,0
2024-01-26,81.24,82.50,79.80,80.18,80.72,80.35,79.13,,,75.7210,1,76.4173,1,183364,243860,0.7675,0.8273,-0.0598,0
2024-01-29,80.22,84.32,80.16,84.30,81.21,80.33,79.41,,,75.7210,1,76.8474,1,236596,236972,0.9647,0.8548,0.1099,0
2024-01-30,84.24,84.55,82.27,82.96,81.66,80.32,79.65,,,75.7210,1,77.2603,1,198474,234482,1.0012,0.8841,0.1172,0
2024-01-31,81.62,82.61,79.05,79.05,81.86,80.30,79.82,,,75.7210,1,77.6567,1,308216,235889,0.7066,0.8486,-0.1420,0
2024-02-01,79.92,80.75,78.14,79.59,82.02,80.46,79.96,,,75.7210,1,78.0372,1,225550,235657,0.5107,0.7810,-0.2703,0
2024-02-02,79.54,83.39,78.14,82.65,82.15,80.75,80.15,,,75.7210,1,87.1700,0,339981,238598,0.5956,0.7439,-0.1483,0
2024-02-05,81.77,82.19,79.11,80.82,81.77,80.98,80.29,,,75.7210,1,86.9894,0,240254,237819,0.5093,0.6970,-0.1877,0
2024-02-06,80.86,82.24,79.59,81.59,81.53,81.08,80.45,,,75.7210,1,86.8124,0,248760,239667,0.4973,0.6571,-0.1597,0
2024-02-07,81.98,83.93,80.01,83.35,81.63,81.16,80.65,,,75.7210,1,86.6390,0,376359,245921,0.6226,0.6502,-0.0275,0
2024-02-08,83.75,91.08,82.90,90.31,82.48,81.63,80.98,,,75.7210,1,78.1400,1,1631107,273259,1.2690,0.7739,0.4950,0
2024-02-09,110.10,116.00,105.01,107.92,85.25,82.99,81.64,,,92.4617,1,78.3988,1,3582070,340363,3.1657,1.2523,1.9134,0
2024-02-12,106.79,109.83,104.19,105.62,87.39,84.30,82.19,,,92.4617,1,79.9028,1,1149441,355074,4.4321,1.8882,2.5439,0
2024-02-13,99.91,102.83,97.63,99.88,89.08,85.37,82.64,,,92.4617,1,81.3467,1,687784,361489,4.9160,2.4938,2.4222,0
2024-02-14,101.87,104.50,99.42,104.37,91.61,86.73,83.16,,,92.4617,1,82.7329,1,499452,365824,5.5972,3.1145,2.4827,0
2024-02-15,104.50,104.50,99.43,101.22,93.77,87.90,83.58,,,92.4617,1,84.0635,1,482323,369088,5.8159,3.6548,2.1611,0
2024-02-16,101.32,101.80,97.72,98.52,95.36,88.76,84.00,,,92.4617,1,85.3410,1,450148,372893,5.7055,4.0649,1.6406,0
2024-02-20,98.00,98.30,94.06,97.99,97.08,89.42,84.42,,,92.4617,1,86.5674,1,422356,377027,5.5118,4.3543,1.1575,0
2024-02-21,93.89,95.98,93.40,95.09,98.43,89.98,84.79,71.35,,92.4617,1,87.7447,1,383565,380588,5.0658,4.4966,0.5692,0
2024-02-22,99.46,99.93,97.40,99.47,100.04,90.84,85.23,71.53,,92.4617,1,88.8749,1,404505,384645,5.0081,4.5989,0.4092,0
2024-02-23,100.00,101.66,97.14,98.45,100.85,91.67,85.64,71.73,,92.4617,1,89.9599,1,290024,387373,4.8244,4.6440,0.1804,0
2024-02-26,98.71,100.30,97.83,99.08,99.97,92.61,86.06,71.95,,92.4617,1,91.0015,1,283973,390197,4.6758,4.6504,0.0255,0
2024-02-27,100.55,102.30,97.90,98.25,99.23,93.31,86.41,72.17,,92.4617,1,92.0014,1,330798,389455,4.4399,4.6083,-0.1684,0
2024-02-28,97.30,98.18,95.74,97.48,98.99,94.03,86.67,72.37,,92.4617,1,92.9614,1,246186,383235,4.1430,4.5152,-0.3722,0
2024-02-29,97.67,99.57,96.72,98.54,98.41,95.01,86.94,72.59,,92.4617,1,93.8829,1,502889,383974,3.9478,4.4017,-0.4540,0
2024-03-01,98.28,101.85,97.11,99.92,98.28,96.03,87.25,72.83,,92.4617,1,94.7676,1,382724,387716,3.8599,4.2934,-0.4335,0
2024-03-04,99.90,101.23,97.48,100.88,98.51,96.94,87.55,73.05,,92.4617,1,95.6169,1,418894,392105,3.8236,4.1994,-0.3758,0
2024-03-05,99.06,99.22,93.82,95.97,98.31,97.69,87.82,73.23,,92.4617,1,116.0000,0,475848,397122,3.3600,4.0315,-0.6715,0
2024-03-06,98.73,99.36,95.76,97.49,98.55,98.49,88.07,73.43,,92.4617,1,115.5564,0,257510,398402,3.0797,3.8412,-0.7615,0
2024-03-07,98.42,101.98,97.66,100.75,98.68,99.36,88.40,73.67,,92.4617,1,115.1217,0,396723,403717,3.0850,3.6899,-0.6049,0
2024-03-08,101.22,104.02,97.27,97.99,98.63,99.74,88.64,73.89,,92.4617,1,114.6956,0,457212,410189,2.8339,3.5187,-0.6848,0
2024-03-11,96.76,98.40,95.21,97.06,98.43,99.20,88.87,74.07,,92.4617,1,114.2781,0,254375,412267,2.5307,3.3211,-0.7905,0
2024-03-12,97.47,98.39,95.38,96.75,98.28,98.76,89.11,74.27,,92.4617,1,113.8690,0,277005,415019,2.2395,3.1048,-0.8653,0
2024-03-13,96.33,98.05,95.60,95.90,98.12,98.56,89.37,74.46,,92.4617,1,113.4680,0,218719,416100,1.9181,2.8674,-0.9494,0
2024-03-14,96.05,96.86,92.67,94.21,97.69,98.05,89.66,74.67,,92.4617,1,113.0750,0,292202,416108,1.5096,2.5959,-1.0863,0
2024-03-15,93.15,93.68,90.80,91.60,96.86,97.57,89.97,74.85,,104.8537,0,112.2588,0,371264,418761,0.9641,2.2695,-1.3054,0
2024-03-18,92.96,95.74,92.09,94.64,96.24,97.38,90.32,75.06,,104.8537,0,110.9713,0,331817,421512,0.7682,1.9693,-1.2010,0
2024-03-19,93.18,95.54,91.85,95.17,96.16,97.23,90.70,75.26,,104.8537,0,109.7610,0,212248,422174,0.6483,1.7051,-1.0567,0
2024-03-20,95.31,98.42,94.67,97.98,96.20,97.38,91.07,75.50,,104.8537,0,108.6234,0,258804,422937,0.7712,1.5183,-0.7471,0
2024-03-21,100.00,100.90,96.32,96.41,95.77,97.23,91.36,75.73,,104.8537,0,107.5540,0,291929,424376,0.7334,1.3613,-0.6279,0
2024-03-22,96.10,96.80,94.77,96.57,95.63,97.13,91.68,75.99,,104.8537,0,106.5487,0,149558,420665,0.7081,1.2307,-0.5225,0
2024-03-25,95.79,97.00,95.36,96.08,95.53,96.98,91.98,76.24,,104.8537,0,105.6038,0,132033,418042,0.6412,1.1128,-0.4715,0
2024-03-26,97.26,100.28,97.00,99.07,95.76,97.02,92.37,76.51,,104.8537,0,104.7156,0,365984,422594,0.8200,1.0542,-0.2342,0
2024-03-27,99.53,100.77,95.06,96.55,95.83,96.98,92.74,76.75,,104.8537,0,103.8806,0,279927,423814,0.7497,0.9933,-0.2436,0
2024-03-28,96.10,97.67,96.10,96.83,96.09,96.89,93.13,76.98,,104.8537,0,103.0958,0,164553,421598,0.7085,0.9364,-0.2279,0
2024-04-01,97.16,97.89,94.94,95.66,96.50,96.68,93.49,77.22,,104.8537,0,102.3580,0,186623,421457,0.5747,0.8640,-0.2893,0
2024-04-02,92.91,95.49,91.26,94.97,96.53,96.38,93.76,77.43,,104.5238,0,101.6646,0,257103,421323,0.4083,0.7729,-0.3646,0
2024-04-03,94.00,95.85,93.57,94.67,96.48,96.32,93.96,77.65,,104.5238,0,101.0127,0,185903,417519,0.2494,0.6682,-0.4188,0
2024-04-04,95.00,97.13,93.20,93.25,96.01,96.11,94.14,77.85,,104.5238,0,100.3999,0,245984,418766,0.0087,0.5363,-0.5276,0
2024-04-05,94.00,97.30,92.94,96.16,95.98,95.88,94.42,78.06,,104.5238,0,99.8239,0,263450,419996,0.0522,0.4395,-0.3872,0
2024-04-08,96.60,96.76,94.27,95.33,95.86,95.74,94.69,78.27,,104.5238,0,99.2825,0,166408,419979,0.0195,0.3555,-0.3360,0
2024-04-09,96.00,97.37,94.75,97.00,95.95,95.74,95.03,78.49,,104.5238,0,98.7735,0,199180,420296,0.1269,0.3098,-0.1829,0
2024-04-10,93.37,95.90,93.28,94.83,95.53,95.64,95.24,78.68,,104.5238,0,98.2951,0,231129,420186,0.0364,0.2551,-0.2187,0
2024-04-11,96.00,96.33,94.03,96.08,95.48,95.65,95.50,78.90,,104.5238,0,97.8454,0,159791,419413,0.0649,0.2170,-0.1522,0
2024-04-12,94.94,95.29,92.62,93.76,95.17,95.63,95.79,79.10,,104.1072,0,97.4227,0,234766,417944,-0.0987,0.1539,-0.2526,0
2024-04-15,93.18,94.09,90.04,90.34,94.64,95.57,96.01,79.28,,102.4202,0,97.0253,0,256060,418554,-0.4985,0.0234,-0.5219,0
2024-04-16,89.92,91.21,88.07,91.04,94.25,95.39,96.18,79.45,,99.8999,0,96.4665,0,288533,417525,-0.7502,-0.1313,-0.6189,0
2024-04-17,90.57,90.93,87.35,88.00,93.58,95.03,96.32,79.61,,99.4801,0,95.6269,0,252234,417765,-1.1814,-0.3413,-0.8401,0
2024-04-18,87.73,88.35,86.03,86.71,92.93,94.47,96.42,79.76,,97.1935,0,94.6332,0,217763,417145,-1.6086,-0.5948,-1.0139,0
2024-04-19,86.28,86.70,83.14,84.10,91.72,93.85,96.44,79.88,,94.9950,0,93.4284,0,349999,416618,-2.1333,-0.9025,-1.2308,0
2024-04-22,84.83,85.48,82.83,84.69,90.66,93.26,96.33,80.03,,94.0175,0,91.7823,0,224716,388490,-2.4729,-1.2166,-1.2563,0
2024-04-23,86.00,88.88,85.01,87.88,89.74,92.85,95.93,80.20,,94.0175,0,90.1709,0,213461,321118,-2.4564,-1.4645,-0.9918,0
2024-04-24,89.49,89.90,87.17,87.68,89.03,92.28,95.57,80.38,,94.0175,0,82.8300,1,175492,301639,-2.4314,-1.6579,-0.7735,0
2024-04-25,85.01,87.55,84.52,86.76,88.10,91.79,95.30,80.56,,94.0175,0,82.9714,1,163864,291160,-2.4575,-1.8178,-0.6397,0
2024-04-26,88.03,89.42,86.89,88.01,87.52,91.35,94.98,80.77,,94.0175,0,83.1100,1,155241,284276,-2.3502,-1.9243,-0.4259,0
2024-04-29,88.90,91.02,88.50,89.65,87.45,91.05,94.75,80.98,,94.0175,0,83.2458,1,308790,280805,-2.1085,-1.9611,-0.1474,0
2024-04-30,89.26,91.59,87.32,87.40,87.09,90.67,94.52,81.18,,94.0175,0,83.5567,1,365708,279116,-2.0747,-1.9838,-0.0908,0
2024-05-01,88.12,90.82,86.51,88.04,87.09,90.34,94.32,81.39,,94.0175,0,84.0387,1,246741,275604,-1.9734,-1.9818,0.0083,0
2024-05-02,89.43,89.50,85.32,88.97,87.32,90.12,94.20,81.58,77.06,94.0175,0,84.4918,1,696964,281872,-1.7974,-1.9449,0.1475,0
2024-05-03,78.23,78.92,72.68,74.40,86.35,89.03,93.70,81.66,77.07,90.1185,0,91.5900,0,1387597,301534,-2.8013,-2.1162,-0.6852,0
2024-05-06,74.70,75.90,73.84,74.30,85.31,87.98,93.22,81.73,77.10,88.3747,0,91.2118,0,488998,305513,-3.5639,-2.4057,-1.1582,0
2024-05-07,74.74,75.09,73.01,74.13,83.93,86.84,92.72,81.81,77.14,86.8282,0,90.8412,0,305690,305948,-4.1343,-2.7514,-1.3829,0
2024-05-08,73.34,73.75,72.08,72.45,82.41,85.72,92.20,81.90,77.18,85.0304,0,90.4779,0,229442,303921,-4.6682,-3.1348,-1.5334,0
2024-05-09,72.53,74.29,72.40,73.34,81.07,84.58,91.72,82.00,77.21,84.8159,0,89.7420,0,183504,302667,-4.9622,-3.5003,-1.4619,0
2024-05-10,73.68,73.78,71.77,71.92,79.46,83.49,91.19,82.09,77.24,83.7018,0,89.0355,0,212114,296852,-5.2493,-3.8501,-1.3992,0
2024-05-13,72.24,73.65,71.93,73.57,77.85,82.65,90.66,82.16,77.28,83.1431,0,87.9996,0,169954,292596,-5.2828,-4.1366,-1.1462,0
2024-05-14,73.61,74.32,72.94,73.35,76.45,81.77,90.11,82.23,77.32,83.1431,0,87.0258,0,140641,287031,-5.2664,-4.3626,-0.9038,0
2024-05-15,74.53,74.82,73.97,74.25,75.07,81.08,89.67,82.28,77.34,83.1431,0,86.1105,0,202955,281573,-5.1217,-4.5144,-0.6073,0
2024-05-16,74.25,76.17,73.47,75.14,73.68,80.50,89.23,82.35,77.38,83.1431,0,85.2501,0,228531,280994,-4.8790,-4.5873,-0.2917,0
2024-05-17,74.98,76.25,74.61,75.23,73.77,80.06,88.72,82.43,77.43,83.1431,0,84.4412,0,192356,276906,-4.6260,-4.5950,-0.0310,0
2024-05-20,75.56,75.62,74.12,75.62,73.90,79.60,88.27,82.53,77.48,83.1240,0,83.6810,0,147330,270709,-4.3440,-4.5448,0.2008,0
2024-05-21,74.63,75.25,73.90,74.38,73.92,78.93,87.82,82.60,77.51,82.5196,0,82.9663,0,124706,268115,-4.1725,-4.4704,0.2979,0
2024-05-22,74.45,75.70,73.55,74.98,74.18,78.29,87.38,82.67,77.54,82.4201,0,82.2945,0,154811,265671,-3.9427,-4.3648,0.4221,0
2024-05-23,76.04,76.35,73.47,73.62,74.21,77.64,86.94,82.75,77.58,82.4201,0,81.6631,0,169517,264687,-3.8262,-4.2571,0.4309,0
2024-05-24,73.53,74.29,72.74,74.19,74.43,76.95,86.54,82.82,77.63,81.0759,0,81.0695,0,129484,261433,-3.6459,-4.1349,0.4890,0
2024-05-28,74.45,74.70,73.18,73.87,74.46,76.16,86.18,82.92,77.69,81.0759,0,80.5115,0,174998,257508,-3.4886,-4.0056,0.5170,0
2024-05-29,72.96,75.90,72.54,75.20,74.65,75.55,85.79,83.03,77.74,81.0759,0,79.9870,0,236782,255607,-3.2195,-3.8484,0.6289,0
2024-05-30,74.25,74.49,67.10,67.98,74.02,74.54,85.25,83.08,77.76,80.0112,0,79.4940,0,600583,263374,-3.5479,-3.7883,0.2404,0
2024-05-31,68.49,68.86,66.38,67.69,73.28,73.48,84.64,83.16,77.78,76.6546,0,78.5025,0,333874,264875,-3.7879,-3.7882,0.0003,0
2024-06-03,68.56,68.77,66.24,67.43,72.50,73.13,84.06,83.24,77.82,76.3974,0,77.2902,0,207172,263180,-3.9535,-3.8213,-0.1323,0
2024-06-04,67.11,68.62,67.01,68.02,71.74,72.82,83.49,83.32,77.87,76.3012,0,75.9642,0,234016,264869,-3.9912,-3.8553,-0.1359,0
2024-06-05,69.02,69.88,68.16,69.85,71.28,72.60,82.97,83.42,77.92,76.3012,0,74.7973,0,327583,268780,-3.8292,-3.8500,0.0208,0
2024-06-06,69.82,71.53,69.82,71.25,70.91,72.54,82.41,83.51,77.98,76.3012,0,73.7704,0,173266,264926,-3.5470,-3.7894,0.2425,0
2024-06-07,70.65,71.30,70.19,70.73,70.62,72.41,81.89,83.62,78.04,76.3012,0,72.8668,0,163577,262599,-3.3269,-3.6969,0.3700,0
2024-06-10,70.53,72.14,70.37,71.72,70.37,72.40,81.39,83.72,78.08,76.3012,0,66.2400,1,196068,263229,-3.0376,-3.5651,0.5274,0
2024-06-11,71.67,72.98,70.88,72.63,70.25,72.36,80.93,83.77,78.14,76.3012,0,66.3581,1,213314,263763,-2.7038,-3.3928,0.6890,0
2024-06-12,74.26,75.89,73.64,75.42,70.27,72.46,80.54,83.86,78.21,76.3012,0,66.6230,1,310323,264827,-2.1888,-3.1520,0.9632,0
2024-06-13,76.04,76.56,73.50,73.51,70.83,72.42,80.12,83.91,78.27,76.3012,0,67.1787,1,215620,265422,-1.9128,-2.9042,0.9914,0
2024-06-14,73.66,75.82,73.61,75.59,71.61,72.45,79.76,83.98,78.33,76.3012,0,67.9292,1,191696,264336,-1.5088,-2.6251,1.1163,0
2024-06-17,77.03,77.94,75.02,77.68,72.64,72.57,79.39,84.08,78.40,68.8468,1,68.6197,1,297499,265017,-1.0084,-2.3017,1.2934,0
2024-06-18,77.37,79.89,77.03,79.08,73.75,72.74,79.07,84.19,78.47,70.7321,1,69.5517,1,300733,267703,-0.4931,-1.9400,1.4469,0
2024-06-20,80.00,80.10,77.47,78.45,74.61,72.94,78.70,84.29,78.54,71.0405,1,70.7923,1,325583,270231,-0.1341,-1.5788,1.4448,0
2024-06-21,76.96,78.21,75.82,77.94,75.28,73.09,78.36,84.34,78.60,71.0405,1,72.0951,1,514100,275891,0.1081,-1.2414,1.3495,0
2024-06-24,77.43,78.94,77.10,78.60,76.06,73.34,78.01,84.39,78.68,71.0405,1,73.2155,1,266643,278028,0.3492,-0.9233,1.2725,0
2024-06-25,80.58,80.84,78.92,80.66,76.96,73.67,77.75,84.45,78.76,72.4271,1,74.1790,1,330625,279945,0.6985,-0.5990,1.2974,0
2024-06-26,80.50,81.10,79.27,79.28,77.62,73.94,77.53,84.50,78.84,72.9284,1,75.2448,1,156705,277958,0.8541,-0.3083,1.1624,0
2024-06-27,79.25,82.36,79.05,81.79,78.26,74.27,77.34,84.56,78.93,73.1815,1,76.2987,1,227466,276737,1.1665,-0.0134,1.1799,0
2024-06-28,82.01,84.22,81.80,82.83,79.19,75.01,77.24,84.62,79.02,75.5089,1,77.5114,1,309146,277875,1.4809,0.2855,1.1954,0
2024-07-01,82.65,84.13,81.19,83.95,80.03,75.82,77.18,84.69,79.11,75.5089,1,78.8531,1,166473,276849,1.7998,0.5883,1.2114,0.00
2024-07-02,83.88,85.18,83.50,85.05,80.76,76.70,77.20,84.76,79.21,76.9663,1,79.9265,1,189058,273630,2.1168,0.8940,1.2228,0.00
2024-07-03,85.38,85.61,84.53,84.53,81.31,77.53,77.20,84.83,79.32,78.1097,1,80.9772,1,137708,271890,2.2996,1.1751,1.1244,53.08
2024-07-05,84.69,87.18,84.55,86.96,82.16,78.38,77.18,84.92,79.45,78.8057,1,81.9038,1,180625,271233,2.6104,1.4622,1.1482,65.58
2024-07-08,86.26,86.86,84.53,84.88,82.85,79.06,77.13,84.96,79.57,78.8057,1,82.9590,1,237927,272482,2.6583,1.7014,0.9569,58.70
2024-07-09,84.88,85.21,81.94,82.58,83.25,79.66,77.04,85.00,79.68,78.8057,1,87.1800,0,258822,274381,2.4820,1.8575,0.6245,53.58
2024-07-10,82.90,82.90,79.90,82.37,83.42,80.19,76.93,85.02,79.81,78.8057,1,87.0752,0,222465,275726,2.2989,1.9458,0.3531,48.08
2024-07-11,83.86,84.50,81.87,82.02,83.70,80.66,76.78,85.04,79.93,78.8057,1,86.7882,0,157290,272696,2.1012,1.9769,0.1244,42.80
2024-07-12,81.69,82.99,81.26,82.21,83.74,81.00,76.67,85.06,80.05,78.8057,1,86.5127,0,115061,267683,1.9376,1.9690,-0.0314,45.38
2024-07-15,82.57,84.66,81.64,83.43,83.80,81.49,76.58,85.11,80.19,78.8057,1,86.2482,0,201492,266778,1.8847,1.9522,-0.0675,43.38
2024-07-16,83.78,84.69,82.72,83.95,83.80,81.91,76.48,85.16,80.31,78.8057,1,85.9942,0,168672,256212,1.8632,1.9344,-0.0712,39.90
2024-07-17,82.30,82.66,79.28,80.58,83.35,82.06,76.60,85.18,80.39,78.8057,1,85.7505,0,251813,233496,1.5563,1.8588,-0.3024,35.02
2024-07-18,81.01,81.21,77.68,78.52,82.75,82.03,76.69,85.18,80.47,87.7071,0,85.3622,0,247244,228661,1.1338,1.7138,-0.5800,38.98
2024-07-19,78.79,79.67,78.19,78.66,81.92,82.04,76.78,85.18,80.55,86.8099,0,84.7477,0,183797,226223,0.8010,1.5312,-0.7302,40.48
2024-07-22,79.37,79.59,77.72,78.66,81.30,82.08,76.90,85.17,80.65,86.3079,0,84.1822,0,135169,224338,0.5312,1.3312,-0.8000,34.53
2024-07-23,81.12,83.42,79.21,80.97,81.14,82.19,77.06,85.15,80.76,86.3079,0,83.6621,0,268302,226034,0.4980,1.1646,-0.6666,39.34
2024-07-24,79.50,80.25,75.59,76.00,80.50,81.96,77.14,85.09,80.85,86.3079,0,83.4200,0,229573,226383,0.0698,0.9456,-0.8758,32.92
2024-07-25,75.82,79.59,74.79,78.04,80.10,81.90,77.23,85.04,80.93,86.3079,0,83.4200,0,191128,226806,-0.1037,0.7358,-0.8394,38.45
2024-07-26,79.09,79.22,77.22,78.06,79.69,81.71,77.32,84.99,81.00,86.3079,0,82.3838,0,150781,227009,-0.2368,0.5412,-0.7781,30.57
2024-07-29,78.61,78.97,77.16,77.37,79.08,81.44,77.38,84.96,81.06,86.3079,0,81.4719,0,142454,225799,-0.3935,0.3543,-0.7478,28.50
2024-07-30,77.23,78.50,75.55,76.03,78.29,81.04,77.40,84.90,81.11,85.9060,0,80.6695,0,159921,224427,-0.6187,0.1597,-0.7784,22.95
2024-07-31,77.81,78.34,76.52,77.50,77.98,80.67,77.45,84.85,81.19,85.9060,0,79.9634,0,178924,224158,-0.6708,-0.0064,-0.6644,27.36
2024-08-01,77.17,78.80,73.90,74.40,77.57,80.16,77.42,84.78,81.25,85.6373,0,79.3420,0,379135,228794,-0.9512,-0.1954,-0.7559,36.96
2024-08-02,79.50,80.73,75.31,79.46,77.65,79.78,77.52,84.74,81.33,85.6373,0,73.9000,1,822300,242746,-0.7565,-0.3076,-0.4489,56.09
2024-08-05,69.26,80.15,69.26,77.70,77.55,79.43,77.58,84.69,81.40,85.6373,0,80.7300,0,431196,248274,-0.7357,-0.3932,-0.3425,51.25
2024-08-06,78.67,78.67,76.18,76.24,77.08,79.11,77.63,84.64,81.47,85.6373,0,80.7300,0,187710,248638,-0.8275,-0.4801,-0.3474,45.53
2024-08-07,78.75,79.98,76.18,76.37,77.12,78.81,77.67,84.62,81.53,85.6373,0,80.5006,0,186557,249779,-0.8796,-0.5600,-0.3196,46.60
2024-08-08,77.45,77.47,75.13,76.82,76.99,78.55,77.73,84.63,81.62,85.6373,0,80.2758,0,135388,248987,-0.8745,-0.6229,-0.2516,41.46
2024-08-09,77.51,78.90,76.87,77.71,76.96,78.32,77.78,84.63,81.72,85.6373,0,80.0555,0,148791,247227,-0.7895,-0.6562,-0.1333,45.53
2024-08-12,78.00,79.00,76.50,76.63,76.89,77.98,77.96,84.64,81.80,85.6373,0,79.8396,0,109550,237407,-0.8001,-0.6850,-0.1151,43.49
2024-08-13,77.14,81.77,77.14,81.75,77.46,77.87,78.24,84.65,81.93,85.6373,0,69.2600,1,175215,234234,-0.3909,-0.6262,0.2353,54.17
2024-08-14,82.30,83.36,80.70,81.46,77.85,77.92,78.52,84.65,82.06,85.6373,0,69.5102,1,123697,232564,-0.0889,-0.5187,0.4298,52.71
2024-08-15,82.36,83.45,81.25,82.16,78.63,78.10,78.80,84.66,82.19,85.6373,0,70.0642,1,135967,230603,0.2045,-0.3741,0.5786,48.68
2024-08-16,81.28,82.84,80.80,82.38,78.92,78.29,79.05,84.67,82.32,85.6373,0,70.8673,1,127467,226601,0.4496,-0.2093,0.6590,47.75
2024-08-19,82.55,84.31,81.81,84.07,79.56,78.56,79.31,84.70,82.46,85.6373,0,71.6223,1,172730,226590,0.7714,-0.0132,0.7845,52.44
2024-08-20,84.30,84.92,82.23,82.33,80.17,78.62,79.54,84.72,82.60,85.6373,0,72.6373,1,97940,225277,0.8758,0.1646,0.7112,44.49
2024-08-21,82.33,82.51,81.09,82.37,80.77,78.94,79.75,84.76,82.73,85.6373,0,73.8656,1,116957,223695,0.9509,0.3219,0.6290,44.53
2024-08-22,82.12,82.55,80.61,80.63,81.15,79.07,79.91,84.78,82.81,85.6373,0,74.9710,1,126412,221957,0.8601,0.4295,0.4306,41.57
2024-08-23,81.18,82.70,80.68,82.39,81.62,79.29,80.05,84.78,82.90,85.6373,0,75.9659,1,109851,217948,0.9195,0.5275,0.3920,41.76
2024-08-26,83.00,84.18,81.53,81.64,82.12,79.50,80.21,84.76,82.98,85.6373,0,76.8613,1,102434,215684,0.8958,0.6012,0.2946,35.43
2024-08-27,80.65,82.70,80.21,81.26,82.07,79.76,80.33,84.75,83.07,85.6373,0,77.6672,1,112025,214090,0.8366,0.6483,0.1884,46.79
2024-08-28,80.55,81.10,79.11,79.85,81.91,79.88,80.37,84.73,83.15,85.6373,0,78.3925,1,88282,209906,0.6683,0.6523,0.0160,45.01
2024-08-29,80.44,82.59,80.33,81.28,81.82,80.22,80.42,84.73,83.25,85.6373,0,79.0452,1,118222,206256,0.6429,0.6504,-0.0075,47.03
2024-08-30,82.10,83.69,81.66,82.14,81.80,80.36,80.49,84.74,83.34,85.6373,0,79.1100,1,198845,203721,0.6842,0.6572,0.0271,49.25
2024-09-03,81.60,81.76,77.19,78.11,81.20,80.38,80.49,84.70,83.37,85.6373,0,84.9200,0,174982,196939,0.3874,0.6032,-0.2158,41.77
2024-09-04,77.00,79.64,76.50,78.03,80.77,80.47,80.48,84.66,83.41,85.6373,0,84.7654,0,131902,194244,0.1440,0.5114,-0.3674,41.60
2024-09-05,77.27,79.38,77.15,78.40,80.37,80.57,80.44,84.66,83.45,85.6373,0,84.4348,0,96895,189569,-0.0189,0.4053,-0.4242,42.16
2024-09-06,78.64,79.21,75.71,76.05,79.92,80.53,80.37,84.64,83.47,85.6373,0,84.1174,0,146594,189367,-0.3337,0.2575,-0.5912,40.89
2024-09-09,77.01,77.71,76.09,76.24,79.30,80.46,80.26,84.59,83.48,85.2866,0,83.6129,0,98487,186787,-0.5614,0.0937,-0.6551,39.28
2024-09-10,76.65,77.21,74.88,76.81,78.82,80.47,80.14,84.57,83.50,84.2920,0,83.1388,0,123157,183068,-0.6879,-0.0626,-0.6253,38.40
2024-09-11,76.49,78.70,75.22,78.56,78.55,80.31,80.03,84.55,83.52,84.2920,0,82.4781,0,183461,183407,-0.6396,-0.1780,-0.4616,43.85
2024-09-12,78.89,79.84,77.77,78.86,78.45,80.18,79.91,84.52,83.55,84.2920,0,81.8702,0,107313,181773,-0.5705,-0.2565,-0.3140,37.16
2024-09-13,79.05,80.26,77.91,78.59,78.18,80.00,79.79,84.44,83.57,84.2920,0,81.3110,0,105279,181124,-0.5314,-0.3115,-0.2199,31.64
2024-09-16,78.15,80.31,77.87,79.93,77.96,79.88,79.65,84.25,83.60,84.2920,0,80.7965,0,135753,180227,-0.3878,-0.3267,-0.0611,31.56
2024-09-17,80.80,80.80,77.81,79.11,78.06,79.63,79.53,84.08,83.60,84.2920,0,74.8800,1,167666,178821,-0.3364,-0.3287,-0.0077,29.64
2024-09-18,79.34,79.69,77.60,78.09,78.06,79.42,79.44,83.93,83.61,84.2920,0,74.9984,1,123554,176116,-0.3735,-0.3376,-0.0359,30.29
2024-09-19,80.09,82.90,79.20,82.83,78.51,79.44,79.45,83.79,83.63,84.2920,0,75.1144,1,282525,177317,-0.0203,-0.2742,0.2539,37.44
2024-09-20,82.95,83.34,81.42,82.45,79.15,79.53,79.46,83.66,83.64,84.2920,0,75.4259,1,254779,179267,0.2264,-0.1741,0.4004,38.51
2024-09-23,82.67,86.12,82.50,85.61,80.08,79.69,79.53,83.58,83.68,75.7282,1,75.9007,1,276418,182494,0.6691,-0.0054,0.6745,44.29
2024-09-24,86.10,86.46,83.76,85.50,80.95,79.88,79.57,83.49,83.72,76.5754,1,76.7182,1,163023,181725,0.9996,0.1956,0.8040,40.16
2024-09-25,85.31,85.34,83.40,83.41,81.44,79.99,79.56,83.41,83.76,76.5754,1,77.6919,1,193962,182230,1.0804,0.3725,0.7079,36.67
2024-09-26,84.81,84.81,81.18,82.36,81.79,80.12,79.60,83.30,83.78,76.5754,1,78.5682,1,255283,182300,1.0477,0.5076,0.5401,29.83
2024-09-27,82.20,82.69,81.24,81.59,82.09,80.13,79.66,83.19,83.80,76.5754,1,79.3569,1,119342,179742,0.9486,0.5958,0.3529,26.35
2024-09-30,80.85,81.77,79.39,80.89,82.18,80.07,79.70,83.07,83.81,76.5754,1,86.4550,0,177618,179618,0.8044,0.6375,0.1669,26.85
2024-10-01,80.05,80.30,78.01,78.11,82.08,80.07,79.69,82.93,83.80,76.5754,1,86.3137,0,171772,180350,0.4605,0.6021,-0.1416,21.45
2024-10-02,78.87,79.80,77.80,79.34,82.21,80.14,79.66,82.81,83.78,76.5754,1,85.9816,0,198786,178960,0.2839,0.5385,-0.2546,24.55
2024-10-03,78.76,79.87,78.10,79.43,81.87,80.19,79.73,82.68,83.75,76.5754,1,85.4907,0,121615,176801,0.1495,0.4607,-0.3112,27.23
2024-10-04,80.00,83.46,79.50,83.43,81.97,80.56,79.83,82.57,83.74,76.5754,1,85.0292,0,209768,177174,0.3615,0.4408,-0.0793,33.85
2024-10-07,83.15,83.25,80.47,80.49,81.45,80.77,79.88,82.44,83.72,76.5754,1,84.5955,0,133267,176823,0.2890,0.4105,-0.1214,33.38
2024-10-08,79.48,81.84,79.16,81.76,81.08,81.02,79.97,82.34,83.71,76.5754,1,84.1877,0,96681,175908,0.3303,0.3944,-0.0642,36.17
2024-10-09,81.94,84.95,81.63,84.95,81.23,81.34,80.15,82.26,83.71,76.5754,1,77.8000,1,156427,175838,0.6133,0.4382,0.1751,41.49
2024-10-10,84.58,93.69,84.48,92.46,82.24,82.02,80.45,82.20,83.75,78.8250,1,77.9430,1,761824,187496,1.4271,0.6360,0.7911,64.75
2024-10-11,92.94,94.31,92.10,93.47,83.43,82.76,80.83,82.17,83.79,83.3080,1,78.5729,1,359056,187094,2.1290,0.9346,1.1944,69.19
2024-10-14,94.90,96.30,92.34,93.75,84.72,83.45,81.12,82.15,83.83,84.2247,1,79.5171,1,262031,175889,2.6770,1.2831,1.3939,69.76
2024-10-15,94.00,94.90,92.57,93.80,86.29,84.19,81.44,82.13,83.88,84.2247,1,80.8597,1,234219,171950,3.0799,1.6424,1.4374,68.88
2024-10-16,93.65,93.96,91.13,91.34,87.49,84.85,81.74,82.10,83.92,84.2247,1,82.0950,1,190663,172009,3.1641,1.9468,1.2174,61.00
2024-10-17,92.05,92.16,90.17,90.40,88.58,85.23,82.02,82.08,83.97,84.2247,1,83.2314,1,131857,170915,3.1191,2.1812,0.9379,59.62
2024-10-18,90.52,91.49,90.11,90.80,89.32,85.64,82.30,82.07,84.05,84.2247,1,84.2769,1,147895,171165,3.0802,2.3610,0.7192,63.64
2024-10-21,90.16,92.79,90.00,90.74,90.35,85.90,82.56,82.05,84.11,84.2247,1,85.2387,1,134286,170875,3.0098,2.4908,0.5190,59.89
2024-10-22,90.04,90.38,87.80,88.46,91.02,86.05,82.80,82.00,84.18,84.2247,1,86.1236,1,175567,172195,2.7385,2.5403,0.1982,54.92
2024-10-23,88.14,88.80,86.90,87.64,91.29,86.26,82.91,81.93,84.22,84.2247,1,96.3000,0,179732,172285,2.4293,2.5181,-0.0888,51.24
2024-10-24,88.20,90.11,88.00,89.57,91.00,86.62,83.08,81.89,84.26,84.2247,1,96.1120,0,158405,172979,2.3134,2.4772,-0.1638,58.86
2024-10-25,89.82,90.65,88.47,88.76,90.53,86.98,83.21,81.83,84.29,84.2247,1,95.9278,0,127575,172812,2.1315,2.4080,-0.2765,65.24
2024-10-28,89.38,90.08,87.78,87.94,89.95,87.33,83.32,81.78,84.33,84.2247,1,95.7472,0,122826,172719,1.8994,2.3063,-0.4070,59.67
2024-10-29,88.44,89.63,87.33,89.52,89.52,87.90,83.43,81.72,84.38,84.2247,1,95.5703,0,129043,171845,1.8219,2.2094,-0.3876,51.11
2024-10-30,89.50,91.31,89.36,89.85,89.37,88.43,83.58,81.67,84.44,84.2247,1,95.3969,0,215856,174203,1.7667,2.1209,-0.3542,50.08
2024-10-31,88.29,88.73,87.10,87.71,89.10,88.84,83.69,81.61,84.49,84.2247,1,95.2269,0,185165,175568,1.5326,2.0032,-0.4706,50.00
2024-11-01,88.61,88.70,86.26,87.55,88.77,89.05,83.82,81.56,84.54,84.2247,1,95.0604,0,171931,176478,1.3190,1.8664,-0.5474,48.93
2024-11-04,87.00,87.76,85.60,86.49,88.35,89.35,83.91,81.50,84.56,84.2247,1,94.7082,0,174442,177770,1.0521,1.7035,-0.6514,47.23
2024-11-05,86.92,88.15,86.43,87.71,88.27,89.65,84.03,81.45,84.58,84.2247,1,94.1618,0,168438,179090,0.9283,1.5485,-0.6202,47.34
2024-11-06,90.25,92.62,89.82,92.51,88.76,90.02,84.25,81.45,84.62,84.2247,1,93.6480,0,271831,182286,1.2036,1.4795,-0.2759,51.55
2024-11-07,94.89,97.53,94.11,95.66,89.37,90.18,84.57,81.45,84.69,87.0320,1,85.6000,1,678727,194095,1.6569,1.5150,0.1419,54.57
2024-11-08,88.45,92.20,87.24,91.25,89.62,90.07,84.77,81.42,84.74,87.0320,1,85.8387,1,709670,205924,1.6413,1.5402,0.1011,44.55
2024-11-11,91.25,95.36,90.80,93.23,90.15,90.05,84.99,81.39,84.80,87.0320,1,86.0725,1,480349,211554,1.7684,1.5859,0.1825,47.27
2024-11-12,92.89,94.00,89.45,90.91,90.29,89.90,85.25,81.37,84.83,87.0320,1,86.3018,1,229202,212638,1.6627,1.6012,0.0615,44.57
2024-11-13,91.42,99.17,91.25,94.16,90.72,90.04,85.57,81.35,84.89,87.0320,1,86.5264,1,544838,220897,1.8202,1.6450,0.1752,49.08
2024-11-14,94.46,95.45,91.06,91.93,91.14,90.12,85.84,81.34,84.95,87.0320,1,87.0321,1,243284,223825,1.7450,1.6650,0.0800,48.19
2024-11-15,90.43,91.13,87.77,89.77,91.36,90.07,86.11,81.34,85.01,87.0320,1,87.5176,1,302839,226950,1.4939,1.6308,-0.1369,46.70
2024-11-18,89.97,92.90,89.55,92.29,91.94,90.15,86.44,81.35,85.05,87.0320,1,87.7700,1,289781,230776,1.4811,1.6009,-0.1197,51.32
2024-11-19,91.46,96.56,91.42,96.37,92.81,90.54,86.83,81.40,85.13,87.0320,1,87.7700,1,342576,235164,1.7797,1.6366,0.1431,57.24
2024-11-20,96.56,96.96,93.16,96.47,93.20,90.98,87.18,81.47,85.21,87.0320,1,88.2260,1,228470,236064,2.0014,1.7096,0.2918,64.61
2024-11-21,99.76,104.49,99.33,104.24,94.06,91.72,87.69,81.60,85.31,88.2979,1,88.6638,1,593178,245781,2.7720,1.9221,0.8500,75.38
2024-11-22,104.00,105.94,102.87,104.23,95.36,92.49,88.21,81.73,85.38,91.2331,1,89.6133,1,324510,250166,3.3434,2.2063,1.1371,73.17
2024-11-25,106.75,106.75,103.08,103.73,96.41,93.28,88.68,81.84,85.36,91.9585,1,90.9195,1,292156,253294,3.7131,2.5077,1.2054,70.00
2024-11-26,104.00,105.00,101.67,102.23,97.54,93.91,89.14,81.93,85.34,91.9585,1,92.5025,1,241784,254776,3.8408,2.7743,1.0665,66.83
2024-11-27,101.88,101.88,98.58,99.37,98.06,94.39,89.57,82.02,85.34,91.9585,1,93.9273,1,232526,256956,3.6689,2.9532,0.7157,63.96
2024-11-29,99.56,101.14,98.89,99.83,98.85,95.00,89.91,82.10,85.32,91.9585,1,95.2095,1,104063,253387,3.5292,3.0684,0.4607,63.27
2024-12-02,106.03,108.62,104.61,105.05,100.38,95.87,90.36,82.20,85.34,93.2542,1,96.3636,1,482011,257931,3.7958,3.2139,0.5819,69.96
2024-12-03,103.37,105.89,103.21,104.91,101.64,96.79,90.75,82.32,85.37,93.2542,1,97.8340,1,178284,255969,3.9503,3.3612,0.5891,71.68
2024-12-04,107.00,110.85,106.94,110.72,103.08,97.94,91.25,82.47,85.43,95.5687,1,99.1280,1,490944,262527,4.4899,3.5869,0.9029,77.48
2024-12-05,109.41,112.84,108.61,110.46,104.48,98.84,91.79,82.61,85.51,97.4623,1,100.7690,1,359481,265837,4.8406,3.8377,1.0030,78.63
2024-12-06,111.28,113.70,110.35,112.96,105.35,99.71,92.40,82.87,85.58,99.0836,1,102.7004,1,310109,266934,5.2597,4.1221,1.1377,78.67
2024-12-09,112.96,114.69,111.28,113.87,106.31,100.84,93.05,83.13,85.65,100.3157,1,104.6803,1,364282,271833,5.6007,4.4178,1.1829,81.57
2024-12-10,112.80,113.87,109.73,111.20,107.06,101.74,93.66,83.38,85.71,100.3157,1,106.6833,1,300607,274293,5.5911,4.6525,0.9386,79.09
2024-12-11,112.39,115.84,112.00,114.51,108.29,102.92,94.38,83.66,85.80,101.1460,1,108.2856,1,298195,276821,5.7839,4.8788,0.9051,80.96
2024-12-12,112.40,115.12,111.33,114.89,109.84,103.95,95.10,83.94,85.88,101.1460,1,109.7300,1,187615,276598,5.8993,5.0829,0.8164,82.65
2024-12-13,114.80,115.29,112.61,113.60,111.22,105.04,95.78,84.21,85.96,101.7758,1,110.9520,1,219009,278545,5.8196,5.2302,0.5894,83.45
2024-12-16,113.90,115.43,112.17,114.65,112.18,106.28,96.40,84.49,86.03,101.8652,1,111.3300,1,251955,279389,5.7746,5.3391,0.4355,82.42
2024-12-17,118.23,119.42,116.01,117.56,113.44,107.54,97.14,84.78,86.11,105.5427,1,112.1700,1,455004,285824,5.9057,5.4524,0.4533,85.44
2024-12-18,117.58,117.58,108.47,109.10,113.28,108.18,97.69,85.02,86.18,105.5427,1,119.4200,0,428992,292470,5.2662,5.4152,-0.1490,80.82
2024-12-19,110.37,111.13,107.00,108.58,113.09,108.78,98.16,85.24,86.24,105.5427,1,119.4200,0,342092,296183,4.6637,5.2649,-0.6012,80.97
2024-12-20,108.00,113.50,107.07,112.69,113.07,109.21,98.57,85.49,86.30,105.5427,1,118.9232,0,576364,292474,4.4663,5.1052,-0.6388,83.03
2024-12-23,112.16,113.27,110.53,111.58,112.84,109.57,98.93,85.73,86.36,105.5427,1,118.4463,0,182534,288944,4.1723,4.9186,-0.7463,81.58
2024-12-24,111.75,113.10,111.70,112.58,112.97,110.02,99.31,85.98,86.44,105.5427,1,117.9884,0,59273,284889,3.9741,4.7297,-0.7556,82.88
2024-12-26,112.11,113.54,111.55,112.61,112.78,110.54,99.68,86.23,86.52,105.5427,1,117.5489,0,88635,281977,3.7760,4.5390,-0.7630,81.35
2024-12-27,111.94,112.36,108.21,110.61,112.36,111.10,100.07,86.48,86.59,105.5427,1,117.1269,0,165528,281474,3.4182,4.3148,-0.8966,82.88
2024-12-30,108.67,109.40,107.49,109.03,111.90,111.56,100.44,86.71,86.67,105.5427,1,116.7219,0,158006,281997,2.9728,4.0464,-1.0736,81.77
2024-12-31,109.00,109.04,106.99,107.68,111.20,111.69,100.78,86.94,86.75,105.5427,1,116.3330,0,139155,281822,2.4823,3.7336,-1.2512,81.20
2025-01-02,114.50,114.75,110.68,112.54,110.70,112.07,101.22,87.19,86.84,105.5427,1,115.7722,0,447144,288080,2.4575,3.4784,-1.0209,84.29
2025-01-03,113.40,114.80,112.06,114.73,111.26,112.27,101.74,87.50,86.94,105.5427,1,115.2450,0,362306,291814,2.5847,3.2996,-0.7150,84.64
2025-01-06,116.36,117.08,112.51,113.99,111.80,112.45,102.27,87.81,87.02,105.5427,1,106.9860,1,276369,293747,2.5958,3.1589,-0.5630,84.15
2025-01-07,116.64,118.13,112.95,113.67,111.90,112.48,102.75,88.11,87.10,105.5427,1,107.1879,1,412395,298827,2.5495,3.0370,-0.4875,83.84
2025-01-08,112.43,115.90,111.49,115.70,112.31,112.58,103.29,88.43,87.20,105.5427,1,107.6256,1,350571,303287,2.6461,2.9588,-0.3127,84.04
2025-01-10,111.13,113.25,109.50,112.62,112.32,112.65,103.78,88.72,87.28,105.5427,1,108.0457,1,258125,305993,2.4459,2.8562,-0.4104,84.69
2025-01-13,110.04,111.16,108.58,110.71,112.13,112.46,104.21,88.98,87.34,105.5427,1,108.4491,1,235358,308119,2.1088,2.7067,-0.5980,83.07
2025-01-14,112.46,113.90,111.32,112.00,112.27,112.31,104.65,89.26,87.42,105.5427,1,108.5850,1,215936,308121,1.9236,2.5501,-0.6265,82.50
2025-01-15,113.56,115.52,113.14,114.48,112.81,112.36,105.18,89.54,87.50,105.5427,1,108.5850,1,262537,309668,1.9543,2.4309,-0.4766,83.56
2025-01-16,115.42,116.47,114.11,114.82,113.53,112.36,105.73,89.82,87.60,105.5427,1,108.9668,1,236391,310957,1.9833,2.3414,-0.3581,84.51
2025-01-17,119.42,121.02,116.78,117.16,113.99,112.34,106.34,90.10,87.71,106.3275,1,109.3333,1,415227,315773,2.1701,2.3072,-0.1371,85.17
2025-01-21,119.26,120.45,117.94,119.85,114.50,112.88,106.99,90.41,87.84,106.8950,1,110.0345,1,323679,318878,2.5063,2.3470,0.1593,84.98
2025-01-22,120.71,123.13,119.87,123.09,115.41,113.61,107.60,90.73,87.99,109.4460,1,110.6937,1,310667,319655,2.9996,2.4775,0.5221,86.89
2025-01-23,122.99,124.64,122.00,123.93,116.44,114.17,108.16,91.03,88.12,111.6794,1,111.6886,1,322577,312532,3.4189,2.6658,0.7531,87.23
2025-01-24,125.00,125.71,123.28,125.12,117.38,114.85,108.84,91.34,88.27,113.2895,1,112.9837,1,263966,303618,3.8034,2.8933,0.9101,89.29
2025-01-27,121.75,130.65,121.50,126.47,118.76,115.54,109.51,91.66,88.42,113.2895,1,114.5109,1,505146,304114,4.1689,3.1484,1.0205,90.96
2025-01-28,128.83,140.25,125.67,139.98,121.69,116.91,110.49,92.08,88.65,117.0412,1,116.7696,1,1069209,320914,5.4856,3.6159,1.8697,92.26
2025-01-29,137.84,138.11,134.24,136.44,124.13,118.20,111.33,92.46,88.85,120.1240,1,120.5265,1,588793,321793,6.1722,4.1271,2.0451,91.54
2025-01-30,137.25,139.60,135.83,137.26,126.41,119.61,112.24,92.84,89.07,122.1384,1,123.6823,1,406660,325060,6.7053,4.6428,2.0625,91.54
2025-01-31,138.73,142.41,138.13,138.40,128.77,121.15,113.21,93.23,89.31,124.7074,1,126.3331,1,448430,327972,7.1374,5.1417,1.9957,92.27
2025-02-03,133.00,138.62,130.10,136.84,130.74,122.36,114.10,93.60,89.54,124.7074,1,129.2269,1,587331,333923,7.2702,5.5674,1.7028,92.49
2025-02-04,139.52,141.67,137.99,140.14,132.77,123.63,114.98,93.98,89.80,124.7074,1,130.0950,1,423447,335541,7.5547,5.9649,1.5898,92.91
2025-02-05,139.78,144.30,139.04,144.29,134.89,125.15,115.93,94.38,90.08,125.3712,1,130.0950,1,502230,341016,8.0225,6.3764,1.6461,93.41
2025-02-06,142.94,144.00,140.53,141.52,136.65,126.54,116.68,94.76,90.37,126.4681,1,132.9360,1,963567,348424,8.0766,6.7164,1.3602,92.34
2025-02-07,153.50,171.38,152.33,166.66,140.80,129.09,117.93,95.31,90.78,138.6798,1,135.2088,1,2512900,392191,10.0325,7.3796,2.6528,95.50
2025-02-10,167.50,176.73,164.53,172.49,145.40,132.08,119.30,95.88,91.20,146.1113,1,140.5300,1,1181419,409977,11.9155,8.2868,3.6287,96.37
2025-02-11,170.00,174.90,168.50,172.55,148.66,135.17,120.71,96.46,91.63,147.7154,1,147.7690,1,731301,419767,13.2599,9.2814,3.9785,96.56
2025-02-12,171.69,173.25,169.17,172.83,152.30,138.22,122.18,97.06,92.06,148.3999,1,153.5602,1,554352,426203,14.1844,10.2620,3.9224,96.83
2025-02-13,173.92,176.51,171.76,176.50,156.22,141.32,123.71,97.69,92.50,152.1809,1,158.1932,1,493635,433995,15.0398,11.2176,3.8222,96.52
2025-02-14,175.50,177.37,170.92,171.16,159.50,144.13,125.03,98.29,92.91,152.4509,1,161.8995,1,609073,436536,15.1127,11.9966,3.1161,96.56
2025-02-18,166.45,170.38,164.33,168.81,162.70,146.72,126.31,98.86,93.32,152.4509,1,177.3680,0,874335,450457,14.8100,12.5593,2.2508,96.48
2025-02-19,166.31,167.69,159.89,160.59,164.74,148.75,127.31,99.38,93.68,152.4509,1,177.3680,0,889942,458437,13.7484,12.7971,0.9513,95.57
2025-02-20,158.25,158.26,151.84,156.38,165.95,150.42,128.23,99.86,94.02,152.4509,1,176.6689,0,893946,469126,12.4242,12.7225,-0.2983,96.07
2025-02-21,156.82,158.06,150.40,151.96,166.99,151.82,129.01,100.34,94.40,176.7830,0,175.1791,0,555338,474031,10.8925,12.3565,-1.4640,96.37
2025-02-24,151.22,151.62,144.38,148.00,165.13,152.96,129.69,100.80,94.77,170.5726,0,173.1968,0,645931,479664,9.2524,11.7357,-2.4833,95.84
2025-02-25,146.70,147.60,140.22,143.14,162.19,153.80,130.33,101.23,95.12,166.5594,0,170.3151,0,551261,484677,7.4743,10.8834,-3.4091,95.88
2025-02-26,145.27,146.88,144.05,144.92,159.43,154.04,130.94,101.67,95.48,166.5594,0,166.7037,0,433398,487381,6.1380,9.9344,-3.7963,95.57
2025-02-27,148.00,150.69,140.65,140.72,156.22,154.26,131.45,102.07,95.82,166.5594,0,163.5257,0,408355,491796,4.6861,8.8847,-4.1986,95.73
2025-02-28,140.00,145.71,137.94,145.30,153.10,154.66,132.09,102.53,96.18,164.2870,0,160.7290,0,670472,500825,3.8605,7.8799,-4.0194,96.30
2025-03-03,145.95,149.16,141.72,142.91,150.27,154.89,132.65,102.96,96.53,164.2870,0,157.5385,0,676693,509320,2.9790,6.8997,-3.9207,96.60
2025-03-04,135.25,144.28,132.81,140.93,147.49,155.09,133.12,103.38,96.87,162.1890,0,154.7947,0,714008,514500,2.0965,5.9391,-3.8426,95.76
2025-03-05,140.06,143.96,137.24,143.75,145.80,155.27,133.81,103.83,97.21,162.1890,0,151.2772,0,377933,513479,1.6061,5.0725,-3.4663,95.73
2025-03-06,140.14,141.90,129.72,131.02,143.27,154.61,134.26,104.19,97.49,160.9864,0,148.3224,0,588699,518411,0.1881,4.0956,-3.9075,94.02
2025-03-07,129.93,132.36,121.03,126.75,140.74,153.87,134.54,104.52,97.75,152.7518,0,144.9740,0,729738,521478,-1.2656,3.0234,-4.2890,92.54
2025-03-10,122.93,122.93,113.83,116.61,137.61,151.37,134.64,104.80,97.96,145.7068,0,141.9000,0,759691,533022,-3.1990,1.7789,-4.9779,90.00
2025-03-11,116.58,123.36,116.51,120.07,135.30,148.75,134.79,105.07,98.19,145.7068,0,136.2860,0,708377,546004,-4.4014,0.5428,-4.9442,90.53
2025-03-12,124.97,126.00,116.00,119.40,132.75,146.09,134.93,105.35,98.41,145.7068,0,131.7948,0,809950,560430,-5.3466,-0.6351,-4.7116,90.15
2025-03-13,115.49,116.60,111.02,113.70,130.04,143.13,134.99,105.60,98.61,140.6116,0,128.2018,0,514504,567409,-6.4810,-1.8043,-4.6768,87.54
2025-03-14,115.39,117.79,114.50,116.15,127.13,140.11,135.13,105.87,98.82,140.6116,0,126.0000,0,379450,571838,-7.1005,-2.8635,-4.2370,88.04
2025-03-17,115.67,118.05,115.29,116.02,124.44,137.36,135.30,106.13,99.03,140.3116,0,123.0040,0,324102,575537,-7.5153,-3.7939,-3.7214,85.49
2025-03-18,115.48,116.16,111.91,115.12,121.86,134.67,135.35,106.38,99.23,136.5875,0,120.6072,0,281722,572229,-7.8264,-4.6004,-3.2260,85.27
2025-03-19,115.76,119.18,113.92,117.58,119.24,132.52,135.41,106.65,99.48,136.5875,0,111.0200,1,350000,571983,-7.7847,-5.2372,-2.5475,83.79
2025-03-20,117.63,120.56,116.68,117.94,117.93,130.60,135.49,106.89,99.73,136.5875,0,111.1832,1,292102,572297,-7.6346,-5.7167,-1.9179,85.76
2025-03-21,116.30,119.57,115.11,119.22,117.18,128.96,135.60,107.14,99.99,136.5875,0,111.5583,1,515662,574363,-7.3279,-6.0390,-1.2890,87.35
2025-03-24,122.63,124.96,121.15,123.93,117.91,127.76,135.76,107.42,100.27,136.5875,0,111.9183,1,385608,575063,-6.6284,-6.1569,-0.4716,87.77
2025-03-25,131.79,132.41,126.06,127.50,118.66,126.98,136.06,107.72,100.55,136.5875,0,112.7007,1,774231,585386,-5.7200,-6.0695,0.3495,90.05
2025-03-26,127.53,127.70,120.40,121.15,118.83,125.79,136.27,107.97,100.80,136.5875,0,114.2775,1,310120,586881,-5.4497,-5.9455,0.4958,87.40
2025-03-27,119.00,121.10,115.81,118.57,119.32,124.68,136.40,108.21,101.04,136.5875,0,115.7281,1,269486,587952,-5.3816,-5.8327,0.4511,87.02
2025-03-28,117.30,117.84,112.40,114.92,119.20,123.16,136.41,108.43,101.26,135.0440,0,132.4100,0,361182,589925,-5.5581,-5.7778,0.2197,86.00
2025-03-31,110.25,112.90,106.10,112.69,118.86,121.65,136.37,108.64,101.46,130.0773,0,132.0098,0,463460,594466,-5.8109,-5.7844,-0.0265,84.15
2025-04-01,114.17,115.73,111.34,115.66,118.92,120.39,136.34,108.86,101.66,130.0773,0,130.9734,0,398229,594126,-5.7059,-5.7687,0.0629,86.88
2025-04-02,112.57,120.32,112.50,119.55,119.11,119.18,136.33,109.12,101.89,130.0773,0,129.9785,0,506450,597782,-5.2482,-5.6646,0.4164,88.02
2025-04-03,112.60,113.22,105.30,107.39,118.06,118.00,136.02,109.29,102.05,130.0773,0,129.0233,0,529658,602161,-5.7999,-5.6917,-0.1082,80.29
2025-04-04,101.25,102.50,94.16,97.08,115.84,116.51,135.48,109.40,102.15,122.5071,0,127.6002,0,642184,608554,-6.9885,-5.9510,-1.0374,74.23
2025-04-07,90.97,103.39,89.42,98.36,113.29,115.60,134.95,109.52,102.24,122.3554,0,124.9250,0,644258,616159,-7.7379,-6.3084,-1.4295,78.49
2025-04-08,103.59,105.26,95.79,97.45,110.28,114.47,134.37,109.62,102.34,122.3554,0,121.3745,0,524983,616556,-8.3095,-6.7086,-1.6009,79.32
2025-04-09,97.24,115.42,96.41,112.56,109.42,114.13,133.82,109.85,102.51,122.3554,0,118.1790,0,813651,611445,-7.4573,-6.8584,-0.5989,87.38
2025-04-10,108.29,108.98,102.10,105.50,108.12,113.72,133.20,110.03,102.65,122.3554,0,115.4200,0,406808,607805,-7.2678,-6.9403,-0.3276,84.01
2025-04-11,105.57,107.27,102.83,106.25,107.25,113.22,132.58,110.22,102.77,122.3554,0,115.4200,0,332924,606331,-6.9767,-6.9475,-0.0292,82.36
2025-04-14,110.00,111.69,106.10,107.12,106.69,112.78,131.95,110.43,102.91,122.3554,0,112.8200,0,272096,602804,-6.5997,-6.8780,0.2783,83.01
2025-04-15,107.17,110.29,106.18,109.14,106.04,112.48,131.40,110.65,103.05,122.3554,0,111.6900,0,219928,595456,-6.0680,-6.7160,0.6480,83.72
2025-04-16,109.03,113.66,107.68,109.55,105.04,112.08,130.79,110.86,103.18,122.3554,0,89.4200,1,447556,595938,-5.5496,-6.4827,0.9331,84.82
2025-04-17,110.80,110.90,106.80,107.90,105.09,111.57,130.06,111.06,103.30,122.3554,0,89.9048,1,208441,590062,-5.2118,-6.2285,1.0167,83.28
2025-04-21,105.66,106.44,100.25,102.11,105.59,110.72,129.27,111.21,103.39,122.3554,0,90.3799,1,242756,575646,-5.3496,-6.0527,0.7031,79.12
2025-04-22,104.20,107.43,103.00,106.81,106.44,109.86,128.07,111.40,103.50,122.3554,0,90.8455,1,265241,530693,-5.0217,-5.8465,0.8248,84.86
2025-04-23,113.18,118.00,112.12,112.80,107.97,109.13,126.88,111.62,103.63,122.3554,0,91.3018,1,405200,515168,-4.2297,-5.5232,1.2934,89.40
2025-04-24,112.90,119.66,112.90,118.87,108.61,109.01,125.81,111.89,103.80,122.3554,0,92.3697,1,309930,506741,-3.0768,-5.0339,1.9571,90.53
2025-04-25,117.89,121.09,117.83,121.00,110.16,109.14,124.77,112.17,103.99,122.3554,0,94.0071,1,314201,501938,-1.9686,-4.4208,2.4523,90.12
2025-04-28,121.41,122.50,118.06,121.00,111.63,109.44,123.66,112.43,104.18,122.3554,0,96.1738,1,250446,497074,-1.0778,-3.7522,2.6744,90.39
2025-04-29,120.89,122.87,120.49,122.23,113.14,109.92,122.68,112.69,104.38,122.3554,0,98.8064,1,209038,489073,-0.2696,-3.0557,2.7861,90.99
2025-04-30,118.71,120.93,117.07,120.78,114.31,110.17,121.72,112.93,104.58,122.3554,0,101.6940,1,319693,477981,0.2511,-2.3943,2.6454,90.05
2025-05-01,125.70,125.98,122.50,122.61,115.61,110.33,120.96,113.17,104.77,105.2996,1,104.2351,1,396128,468104,0.8021,-1.7550,2.5572,91.10
2025-05-02,125.11,126.05,123.42,124.23,117.24,111.17,120.32,113.45,104.97,106.6566,1,107.2794,1,326129,456748,1.3540,-1.1332,2.4872,90.80
2025-05-05,122.59,126.25,122.39,124.64,119.50,112.55,119.77,113.73,105.20,106.8905,1,110.2827,1,353654,452714,1.8036,-0.5459,2.3494,89.78
2025-05-06,122.00,123.48,120.46,122.29,121.05,113.74,119.26,114.00,105.41,106.8905,1,113.1559,1,317550,446147,1.9478,-0.0471,1.9950,88.53
2025-05-07,122.08,122.74,120.55,121.71,121.94,114.96,118.83,114.27,105.63,106.8905,1,115.5120,1,260642,440334,1.9924,0.3608,1.6316,85.36
2025-05-08,123.81,126.27,121.46,124.31,122.48,115.54,118.42,114.58,105.86,108.1054,1,117.4439,1,675612,445179,2.2120,0.7310,1.4810,86.46
2025-05-09,133.62,136.39,130.20,132.34,123.61,116.88,118.25,114.93,106.11,115.4896,1,119.2091,1,1197452,460961,2.9994,1.1847,1.8147,90.12
2025-05-12,139.00,143.28,136.32,142.36,125.75,118.69,118.19,115.35,106.45,120.4932,1,121.4550,1,719245,461936,4.3814,1.8240,2.5574,92.92
2025-05-13,143.42,151.32,143.00,150.36,128.56,120.85,118.34,115.80,106.81,127.0959,1,125.8200,1,771362,463829,6.0525,2.6697,3.3828,94.73
2025-05-14,152.00,154.62,150.45,154.49,131.93,123.12,118.61,116.29,107.19,133.1993,1,130.9200,1,693397,463417,7.6222,3.6602,3.9620,95.49
2025-05-15,152.94,154.47,150.59,152.80,134.95,125.28,118.79,116.77,107.57,133.9610,1,135.6600,1,449568,464850,8.6304,4.6542,3.9761,95.19
2025-05-16,152.68,157.51,152.41,157.19,138.25,127.75,119.32,117.25,107.97,136.7161,1,139.4520,1,845635,469989,9.6721,5.6578,4.0143,96.02
2025-05-19,154.44,158.67,154.03,157.52,141.54,130.52,119.93,117.68,108.37,138.5385,1,143.0636,1,552234,466439,10.4043,6.6071,3.7972,95.79
2025-05-20,156.30,157.88,155.28,157.42,145.05,133.05,120.75,118.11,108.79,139.7673,1,146.1849,1,425900,459763,10.8515,7.4560,3.3955,95.60
2025-05-21,156.14,160.21,155.21,156.52,148.53,135.23,121.48,118.53,109.17,141.0797,1,148.6819,1,441011,454415,11.0064,8.1661,2.8403,95.90
2025-05-22,157.36,160.48,155.90,158.21,151.92,137.20,122.25,118.96,109.58,141.8492,1,150.9873,1,329820,444813,11.1371,8.7603,2.3768,95.98
2025-05-23,155.17,159.18,154.93,158.04,154.49,139.05,123.14,119.40,109.98,141.8492,1,152.8859,1,265080,439824,11.0991,9.2280,1.8710,95.87
2025-05-27,160.00,162.80,159.28,161.76,156.43,141.09,124.05,119.88,110.41,145.2264,1,154.4047,1,470463,441645,11.2395,9.6303,1.6092,95.98
2025-05-28,162.00,163.01,161.29,161.98,157.59,143.08,124.97,120.35,110.84,147.4036,1,154.9300,1,548821,446139,11.2390,9.9521,1.2869,95.95
2025-05-29,164.81,165.49,159.76,164.16,158.56,145.25,125.95,120.84,111.27,147.6342,1,156.5460,1,510620,450717,11.2844,10.2185,1.0659,95.80
2025-05-30,163.62,166.52,161.12,165.89,159.87,147.41,126.92,121.36,111.72,148.7083,1,158.3348,1,646191,456641,11.3295,10.4407,0.8887,96.14
2025-06-02,165.00,170.00,162.27,169.70,161.12,149.68,127.95,121.90,112.16,150.2195,1,159.7600,1,457240,459943,11.5395,10.6605,0.8791,96.06
2025-06-03,169.82,173.19,167.73,172.57,162.63,152.08,129.02,122.46,112.61,154.4958,1,161.1200,1,470115,459033,11.8016,10.8887,0.9129,96.33
2025-06-04,172.58,174.49,170.62,170.92,163.98,154.51,129.96,123.00,113.06,157.0256,1,162.2750,1,392227,459165,11.7408,11.0591,0.6816,96.10
2025-06-05,172.00,181.12,170.74,176.33,165.96,157.24,130.94,123.59,113.53,158.8401,1,164.7174,1,925292,462186,11.9909,11.2455,0.7454,96.52
2025-06-06,178.39,181.81,176.15,179.67,168.10,160.01,132.11,124.19,114.00,161.9029,1,167.9971,1,498315,465950,12.3166,11.4597,0.8569,96.48
2025-06-09,180.21,180.21,173.15,177.80,170.08,162.28,133.29,124.78,114.48,161.9029,1,170.7400,1,468930,469939,12.2823,11.6242,0.6581,96.48
2025-06-10,179.48,181.80,176.29,179.34,171.84,164.13,134.58,125.39,114.97,161.9029,1,172.9540,1,508662,472888,12.2383,11.7470,0.4913,96.89
2025-06-11,179.00,181.50,177.43,179.71,173.61,165.60,135.92,126.01,115.46,162.5955,1,173.1500,1,406055,471740,12.0939,11.8164,0.2775,97.01
2025-06-12,176.00,181.49,168.12,170.81,174.27,166.42,137.02,126.57,115.90,162.5955,1,181.8100,0,1348374,490743,11.1329,11.6797,-0.5468,96.18
2025-06-13,167.13,173.91,167.13,171.97,174.88,167.38,138.07,127.13,116.35,162.5955,1,181.5362,0,1076704,502148,10.3457,11.4129,-1.0672,96.22
2025-06-16,174.12,179.47,173.80,179.27,175.84,168.48,139.51,127.71,116.84,162.5955,1,181.4900,0,771506,506985,10.1934,11.1690,-0.9756,96.52
2025-06-17,178.27,182.59,176.02,181.23,176.71,169.67,141.19,128.28,117.35,162.5955,1,167.1250,1,663048,507403,10.1142,10.9581,-0.8438,96.67
2025-06-18,181.72,182.98,178.86,181.40,177.75,170.86,142.85,128.88,117.85,162.5955,1,167.4343,1,535511,505228,9.9505,10.7565,-0.8060,96.63
2025-06-20,182.25,184.85,178.89,179.30,178.05,172.00,144.49,129.45,118.34,163.0616,1,168.0561,1,478265,504293,9.5413,10.5135,-0.9722,96.44
2025-06-23,178.61,184.93,175.25,183.87,178.47,173.29,145.92,130.07,118.87,163.0616,1,169.0635,1,628652,500593,9.4766,10.3061,-0.8295,96.52
2025-06-24,185.96,187.90,183.61,186.43,179.33,174.71,147.53,130.69,119.41,166.6212,1,170.3328,1,377987,500017,9.5220,10.1493,-0.6273,96.71
2025-06-25,187.67,192.00,187.41,190.12,180.41,176.12,149.21,131.34,119.97,170.8136,1,172.0896,1,500073,503360,9.7435,10.0681,-0.3246,97.12
2025-06-26,192.00,192.46,188.35,190.96,181.54,177.57,150.89,132.02,120.54,172.1698,1,174.4788,1,433747,506593,9.8730,10.0291,-0.1561,96.90
2025-06-27,191.71,194.71,189.00,194.05,183.86,179.07,152.59,132.70,121.13,173.7303,1,176.9962,1,951757,521229,10.1085,10.0450,0.0635,97.16
2025-06-30,195.55,196.20,192.32,195.83,186.25,180.56,154.31,133.36,121.73,176.7837,1,179.8304,1,567535,523629,10.3197,10.0999,0.2198,97.27
2025-07-01,195.30,198.01,180.65,184.95,186.81,181.33,155.85,133.95,122.26,176.7837,1,196.2000,0,1042008,540300,9.4997,9.9799,-0.4802,97.01
2025-07-02,182.96,187.11,181.64,185.64,187.25,181.98,157.52,134.49,122.79,176.7837,1,198.0100,0,592303,547291,8.8040,9.7447,-0.9407,96.86
2025-07-03,185.85,191.85,185.85,191.27,188.24,183.00,159.21,135.07,123.36,176.7837,1,198.0100,0,353620,549059,8.6078,9.5173,-0.9095,96.82
2025-07-07,190.33,194.15,188.80,192.85,189.60,183.82,160.81,135.67,123.92,176.7837,1,197.6628,0,418793,549331,8.4820,9.3103,-0.8283,97.01
2025-07-08,194.00,194.89,187.77,192.81,190.49,184.48,162.29,136.27,124.49,176.7837,1,197.3225,0,471228,552557,8.2835,9.1049,-0.8214,96.90
2025-07-09,194.42,195.90,192.25,193.49,191.20,185.27,163.74,136.90,125.07,176.7837,1,196.9891,0,454295,555359,8.0879,8.9015,-0.8136,96.86
2025-07-10,194.08,194.49,179.55,181.92,190.38,185.39,164.96,137.44,125.56,176.7837,1,196.6623,0,702539,564400,6.9195,8.5051,-1.5856,95.88
2025-07-11,182.43,185.38,180.11,181.39,189.42,185.48,166.14,137.95,126.06,176.7837,1,195.9778,0,504591,570312,5.8830,7.9807,-2.0977,96.18
2025-07-14,179.94,184.90,178.51,182.90,188.31,186.08,167.39,138.47,126.54,176.7837,1,195.3207,0,504658,574011,5.1243,7.4094,-2.2851,96.00
2025-07-15,184.24,187.75,180.70,186.97,187.42,186.83,168.67,138.98,127.05,176.7837,1,194.3118,0,489843,575885,4.7962,6.8868,-2.0906,96.26
2025-07-16,188.77,190.12,186.08,189.81,187.91,187.36,169.99,139.51,127.58,176.7837,1,193.3635,0,587614,581115,4.7110,6.4516,-1.7406,96.41
2025-07-17,190.48,193.10,189.09,191.25,188.47,187.86,171.32,140.03,128.13,176.7837,1,178.5060,1,687372,587789,4.7054,6.1024,-1.3970,96.26
2025-07-18,191.71,197.35,191.53,197.35,189.07,188.66,172.82,140.59,128.70,176.7837,1,178.7979,1,832146,598081,5.1340,5.9087,-0.7747,96.64
2025-07-21,198.30,200.76,195.04,197.76,189.56,189.58,174.34,141.17,129.29,178.9465,1,179.5400,1,716722,607203,5.4440,5.8158,-0.3717,96.67
2025-07-22,196.63,197.22,188.65,190.55,189.34,189.92,175.66,141.67,129.85,178.9465,1,180.8135,1,754845,608787,5.0497,5.6626,-0.6128,96.00
2025-07-23,190.02,190.83,186.08,189.15,188.90,190.05,176.80,142.17,130.40,178.9465,1,182.0106,1,541253,595663,4.5716,5.4444,-0.8728,94.87
2025-07-24,190.20,192.62,186.72,191.58,189.87,190.12,177.79,142.69,130.96,178.9465,1,183.1358,1,502514,591329,4.3387,5.2232,-0.8845,95.32
2025-07-25,191.90,200.01,191.58,198.42,191.57,190.50,178.75,143.25,131.54,178.9465,1,184.1936,1,535476,586611,4.6525,5.1091,-0.4566,95.62
2025-07-28,200.91,202.34,198.62,199.41,193.23,190.77,179.64,143.79,132.13,181.5689,1,185.1879,1,701445,586772,4.9242,5.0721,-0.1479,95.77
2025-07-29,200.00,202.36,197.68,199.43,194.47,190.94,180.58,144.39,132.72,181.5960,1,186.5600,1,565324,589087,5.0826,5.0742,0.0084,96.11
2025-07-30,200.45,203.08,199.00,200.85,195.58,191.74,181.45,145.01,133.30,183.2344,1,188.1400,1,549325,583161,5.2621,5.1118,0.1503,96.48
2025-07-31,204.77,210.98,203.00,207.68,197.22,192.84,182.45,145.64,133.87,187.9260,1,189.9328,1,1410729,600331,5.8876,5.2669,0.6206,96.64
2025-08-01,198.66,211.27,192.80,200.11,197.49,193.28,183.31,146.23,134.41,187.9260,1,210.9800,0,1290589,617625,5.7066,5.3549,0.3518,96.45
2025-08-04,204.57,211.75,202.71,208.80,198.60,194.08,184.35,146.87,134.98,187.9260,1,192.8000,1,763832,624081,6.1931,5.5225,0.6706,95.96
2025-08-05,209.00,215.58,204.70,207.81,200.32,194.83,185.35,147.51,135.55,187.9260,1,192.8000,1,631638,630117,6.4246,5.7029,0.7217,95.96
2025-08-06,209.45,215.55,208.48,215.53,202.96,195.93,186.49,148.21,136.17,187.9260,1,193.7112,1,501129,634838,7.1487,5.9921,1.1566,96.64
2025-08-07,218.16,219.00,204.33,210.44,204.85,197.36,187.47,148.88,136.77,187.9260,1,194.5860,1,568630,636802,7.2285,6.2394,0.9891,96.04
2025-08-08,210.59,211.79,204.20,204.60,205.47,198.52,188.32,149.53,137.34,187.9260,1,196.0508,1,361569,633057,6.7427,6.3400,0.4027,95.32
2025-08-11,202.11,206.12,200.10,201.17,205.64,199.43,189.06,150.12,137.90,187.9260,1,197.4277,1,415698,631158,6.0117,6.2744,-0.2627,94.99
2025-08-12,202.47,204.00,197.23,202.33,205.93,200.20,189.79,150.71,138.46,187.9260,1,219.0000,0,454777,627330,5.4630,6.1121,-0.6491,94.05
2025-08-13,204.00,204.52,195.85,199.34,205.78,200.68,190.38,151.27,139.02,187.9260,1,218.5646,0,547388,629133,4.7323,5.8361,-1.1038,93.86
2025-08-14,195.97,198.17,192.96,195.38,204.55,200.88,190.84,151.82,139.55,187.9260,1,217.6562,0,495425,629639,3.7900,5.4269,-1.6369,93.56
2025-08-15,195.63,202.90,195.00,200.91,204.63,201.06,191.44,152.39,140.11,187.9260,1,216.1741,0,426311,630321,3.4497,5.0314,-1.5818,93.90
2025-08-18,199.99,203.31,196.56,202.37,203.99,201.29,191.96,152.99,140.68,187.9260,1,214.7810,0,445983,620735,3.2602,4.6772,-1.4170,93.94
2025-08-19,201.79,203.00,193.51,196.51,202.86,201.59,192.30,153.56,141.22,187.9260,1,213.4714,0,430514,619379,2.6071,4.2632,-1.6561,93.94
2025-08-20,195.00,195.50,184.52,193.20,200.63,201.79,192.60,154.10,141.74,187.9260,1,212.2404,0,616424,622328,1.8017,3.7709,-1.9692,93.41
2025-08-21,191.00,193.49,190.29,192.77,198.86,201.85,192.87,154.62,142.26,187.9260,1,210.0228,0,321348,618582,1.1158,3.2399,-2.1240,93.45
2025-08-22,192.30,197.99,190.48,196.17,198.01,201.74,193.20,155.16,142.81,187.9260,1,207.9826,0,277914,616019,0.8370,2.7593,-1.9223,92.88
2025-08-25,196.50,197.46,194.13,195.88,197.49,201.56,193.70,155.69,143.35,187.9260,1,206.1056,0,244164,593935,0.5858,2.3246,-1.7388,92.62
2025-08-26,196.40,201.50,195.94,198.55,197.11,201.52,194.24,156.21,143.91,187.9260,1,204.3787,0,546072,583323,0.5954,1.9788,-1.3834,92.47
2025-08-27,201.40,205.65,199.76,205.24,197.70,201.74,194.75,156.76,144.47,187.9260,1,184.5200,1,499472,577882,1.1298,1.8090,-0.6792,93.03
2025-08-28,205.80,215.65,205.80,213.42,199.50,202.03,195.40,157.36,145.06,187.9737,1,184.9426,1,583298,576287,2.1881,1.8848,0.3033,93.71
2025-08-29,212.48,214.43,206.00,208.71,200.28,202.46,195.94,157.91,145.65,187.9737,1,186.1709,1,437268,574322,2.6166,2.0312,0.5855,93.75
2025-09-02,202.65,208.71,199.39,208.05,200.85,202.42,196.52,158.46,146.22,187.9737,1,187.3501,1,394047,572638,2.8699,2.1989,0.6710,93.90
2025-09-03,208.78,208.97,203.86,205.71,201.77,202.31,196.96,158.90,146.79,187.9737,1,188.4821,1,284374,565752,2.8489,2.3289,0.5200,93.30
2025-09-04,204.99,211.14,200.67,209.98,203.45,202.04,197.43,159.39,147.37,187.9737,1,189.5688,1,373764,565668,3.1407,2.4913,0.6494,94.20
2025-09-05,212.11,214.71,208.46,214.43,205.61,202.24,197.91,159.90,147.99,188.5084,1,190.6120,1,351301,562692,3.6885,2.7307,0.9578,94.47
2025-09-08,216.70,220.99,216.23,217.92,207.79,202.90,198.45,160.43,148.63,195.8730,1,191.6135,1,520894,564435,4.3540,3.0554,1.2986,94.35
2025-09-09,217.92,219.20,214.85,218.56,210.06,203.77,198.94,160.98,149.26,195.8730,1,193.3761,1,365323,552706,4.8769,3.4197,1.4572,94.39
2025-09-10,219.97,225.29,219.51,222.97,212.50,204.80,199.49,161.53,149.89,200.7895,1,195.0330,1,494102,551238,5.5827,3.8523,1.7305,94.54
2025-09-11,224.90,230.10,223.09,224.64,214.44,206.07,200.28,162.06,150.53,205.0066,1,197.4535,1,703662,544471,6.2054,4.3229,1.8825,94.43
2025-09-12,223.80,225.52,220.43,221.32,215.23,207.37,200.99,162.60,151.12,205.0066,1,200.7182,1,343953,539504,6.3576,4.7298,1.6278,93.98
2025-09-15,220.57,229.54,220.51,226.01,216.96,208.62,201.69,162.99,151.73,205.0066,1,203.6564,1,424560,540923,6.7786,5.1396,1.6390,93.88
2025-09-16,225.00,225.16,218.39,219.24,218.08,209.46,202.22,163.30,152.30,205.0066,1,206.3007,1,565552,543858,6.4911,5.4099,1.0812,93.54
2025-09-17,219.65,220.19,208.59,213.88,218.89,210.33,202.64,163.58,152.86,205.0066,1,230.1000,0,728711,549007,5.7643,5.4808,0.2835,93.02
2025-09-18,216.75,223.81,215.82,223.57,220.25,211.85,203.24,163.92,153.48,205.0066,1,229.6698,0,677059,553463,5.9022,5.5651,0.3371,93.47
2025-09-19,224.00,227.62,222.18,225.94,221.41,213.51,204.12,164.25,154.11,205.0066,1,229.2482,0,904686,557506,6.1320,5.6785,0.4536,93.73
2025-09-22,224.52,230.10,222.76,228.28,222.44,215.12,205.06,164.63,154.73,205.0066,1,208.5910,1,601792,559450,6.4289,5.8285,0.6003,93.36
2025-09-23,228.34,228.34,219.55,223.26,222.91,216.48,205.86,164.99,155.32,205.0066,1,209.0212,1,447770,558312,6.1877,5.9004,0.2873,93.06
2025-09-24,226.00,226.99,217.22,217.57,222.37,217.44,206.48,165.37,155.86,205.0066,1,209.4428,1,504523,558606,5.4744,5.8152,-0.3408,92.50
2025-09-25,213.65,219.29,210.87,218.20,221.73,218.08,207.04,165.78,156.39,205.0066,1,209.8559,1,613273,559119,4.9033,5.6328,-0.7295,92.31
2025-09-26,218.01,220.00,213.55,216.34,221.23,218.23,207.55,166.21,156.91,205.0066,1,210.2608,1,408536,553542,4.2517,5.3566,-1.1049,92.20
2025-09-29,218.94,219.88,216.34,218.58,220.49,218.72,207.97,166.68,157.43,205.0066,1,210.6576,1,404876,544997,3.8714,5.0595,-1.1881,91.75
2025-09-30,218.84,218.84,211.36,214.59,220.02,219.05,208.31,167.16,157.95,205.0066,1,211.0464,1,401047,538683,3.2110,4.6898,-1.4788,90.56
2025-10-01,213.25,218.99,212.17,217.06,220.34,219.62,208.84,167.64,158.46,205.0066,1,211.3600,1,504882,533684,2.8541,4.3227,-1.4686,90.37
2025-10-02,219.05,224.82,215.37,224.56,220.44,220.35,209.55,168.20,159.01,205.0066,1,211.3600,1,496008,532779,3.1402,4.0862,-0.9460,90.93
2025-10-03,225.00,225.00,212.00,216.67,219.51,220.46,210.05,168.67,159.53,205.0066,1,211.7348,1,526118,533251,2.6992,3.8088,-1.1096,90.52
2025-10-06,219.50,225.37,219.21,221.03,218.79,220.61,210.50,169.20,160.06,205.0066,1,212.0000,1,432666,531195,2.6707,3.5812,-0.9105,91.16
2025-10-07,222.00,222.22,213.68,217.39,218.20,220.56,210.86,169.70,160.56,205.0066,1,212.0000,1,464975,526466,2.3276,3.3305,-1.0029,91.12
2025-10-08,218.71,221.99,216.20,220.00,218.44,220.41,211.27,170.21,161.11,205.0066,1,212.3620,1,433532,523830,2.2404,3.1124,-0.8720,90.41
2025-10-09,218.76,221.52,214.30,220.95,218.72,220.22,211.67,170.81,161.68,205.0066,1,212.7168,1,326652,519376,2.2224,2.9344,-0.7120,90.34
2025-10-10,222.12,226.95,213.15,213.82,218.46,219.85,211.80,171.39,162.18,205.0066,1,213.0644,1,452978,500221,1.6142,2.6704,-1.0562,90.86
2025-10-13,217.26,223.70,215.85,222.56,218.86,219.67,212.24,172.10,162.74,205.0066,1,213.1500,1,406016,482530,1.8165,2.4996,-0.6831,90.53
2025-10-14,217.33,217.96,210.33,217.55,219.16,219.59,212.42,172.75,163.26,205.0066,1,230.1000,0,575572,478765,1.5546,2.3106,-0.7560,89.60
2025-10-15,220.99,225.01,217.26,217.38,219.19,219.77,212.61,173.40,163.78,205.0066,1,229.7046,0,471280,475557,1.3181,2.1121,-0.7940,88.38
2025-10-16,218.78,221.46,209.14,211.40,217.88,219.16,212.53,174.05,164.29,205.0066,1,229.3171,0,547188,476479,0.6408,1.8178,-1.1770,87.41
2025-10-17,208.23,210.08,203.51,210.01,217.21,218.36,212.52,174.68,164.79,205.0066,1,228.5100,0,644878,478004,-0.0080,1.4527,-1.4607,88.34
2025-10-20,212.41,213.45,208.80,213.04,216.41,217.60,212.69,175.33,165.32,205.0066,1,227.0100,0,427784,479328,-0.2746,1.1072,-1.3818,88.23
2025-10-21,213.20,213.73,208.17,212.98,215.97,217.08,212.92,175.98,165.82,205.0066,1,225.6000,0,297192,476958,-0.4851,0.7888,-1.2738,88.41
2025-10-22,211.92,213.83,206.29,210.73,215.04,216.74,213.09,176.60,166.30,205.0066,1,224.2746,0,355017,474962,-0.8240,0.4662,-1.2902,88.97
2025-10-23,210.73,217.29,210.01,217.16,214.66,216.69,213.45,177.26,166.82,205.0066,1,223.0287,0,457773,473170,-0.5671,0.2595,-0.8267,88.86
2025-10-24,220.10,222.13,217.76,217.85,215.07,216.77,213.90,177.92,167.34,205.0066,1,203.5100,1,295775,469177,-0.3044,0.1468,-0.4512,87.74
2025-10-27,222.44,225.44,219.29,225.11,215.32,217.09,214.38,178.59,167.89,205.0066,1,203.8824,1,469557,470042,0.4840,0.2142,0.2698,88.34
2025-10-28,226.25,228.20,223.75,223.99,215.96,217.56,214.81,179.24,168.44,205.0066,1,204.7447,1,417585,469474,1.0069,0.3728,0.6342,87.56
2025-10-29,224.65,227.93,223.01,227.38,216.96,218.08,215.43,179.94,169.03,205.0066,1,206.1520,1,512333,471111,1.6755,0.6333,1.0422,87.63
2025-10-30,226.14,231.13,222.25,222.50,218.08,217.98,216.02,180.64,169.58,205.0066,1,207.4749,1,1175245,482287,1.7910,0.8648,0.9261,86.92
2025-10-31,236.50,254.30,234.00,253.30,222.40,219.81,217.23,181.56,170.27,214.6787,1,209.3673,1,2402069,523901,4.3180,1.5555,2.7625,89.91
2025-11-03,254.91,260.00,245.12,248.11,225.91,221.16,218.27,182.46,170.94,221.5718,1,213.8606,1,1071116,539765,5.8346,2.4113,3.4233,89.65
2025-11-04,240.25,245.63,231.78,232.91,227.90,221.94,219.01,183.24,171.52,221.5718,1,219.3973,1,816513,551212,5.7439,3.0778,2.6660,88.97
2025-11-05,232.93,233.62,228.22,228.51,229.68,222.36,219.61,183.97,172.06,221.5718,1,224.2696,1,560215,551495,5.2563,3.5135,1.7428,87.11
2025-11-06,229.88,230.90,221.21,225.90,230.56,222.61,220.02,184.76,172.58,221.5718,1,260.0000,0,629561,554097,4.6062,3.7320,0.8741,87.44
2025-11-07,222.82,233.08,218.43,232.81,232.05,223.56,220.41,185.67,173.12,221.5718,1,259.2242,0,667187,555775,4.5956,3.9048,0.6908,89.57
2025-11-10,238.65,244.50,238.65,240.53,233.59,224.46,221.04,186.61,173.70,221.5718,1,257.5924,0,685126,560732,5.1507,4.1539,0.9968,89.09
2025-11-11,238.58,241.06,234.73,234.95,234.69,225.33,221.58,187.53,174.24,221.5718,1,256.0259,0,464496,562141,5.0818,4.3395,0.7423,87.97
2025-11-12,235.84,236.26,223.80,225.68,234.52,225.74,221.98,188.28,174.67,221.5718,1,254.5221,0,643481,569323,4.2305,4.3177,-0.0872,86.36
2025-11-13,223.74,224.44,213.23,213.54,233.62,225.85,222.05,189.00,175.05,251.1719,0,253.0784,0,569362,573235,2.5468,3.9635,-1.4167,85.32
2025-11-14,209.95,215.24,204.19,210.60,229.35,225.88,221.98,189.70,175.42,242.1271,0,250.6875,0,816096,582531,0.9642,3.3637,-2.3995,85.51
2025-11-17,213.44,213.70,201.39,202.25,224.77,225.34,221.66,190.33,175.74,240.4129,0,246.9674,0,828133,588676,-0.9529,2.5003,-3.4533,83.76
2025-11-18,187.48,200.54,187.48,196.53,221.13,224.52,221.22,190.92,176.04,228.0211,0,242.4096,0,1723627,615842,-2.9003,1.4202,-4.3205,80.36
2025-11-19,197.00,197.74,193.10,196.20,217.90,223.79,220.69,191.50,176.32,227.4243,0,235.8175,0,788312,621726,-4.4193,0.2523,-4.6716,80.11
2025-11-20,204.47,204.47,189.79,191.39,214.45,222.50,220.02,192.05,176.55,227.4243,0,230.0164,0,612659,619906,-5.9428,-0.9867,-4.9561,78.47
2025-11-21,191.60,191.60,181.16,186.38,209.80,220.93,219.32,192.61,176.78,219.3951,0,224.9114,0,619173,625410,-7.4683,-2.2830,-5.1853,73.77
2025-11-24,187.87,194.16,187.46,193.99,205.15,219.37,218.68,193.19,176.91,219.3951,0,218.7862,0,877650,634472,-7.9714,-3.4207,-4.5507,75.93
2025-11-25,193.50,197.80,185.23,197.49,201.41,218.05,218.25,193.76,177.04,219.3951,0,213.5186,0,616169,635484,-7.9954,-4.3356,-3.6598,77.57
2025-11-26,198.07,199.79,195.11,196.99,198.54,216.53,217.91,194.28,177.16,219.3951,0,208.9884,0,445178,629814,-7.9631,-5.0611,-2.9019,75.48
2025-11-28,198.22,201.85,197.62,200.21,197.20,215.41,217.44,194.81,177.30,219.3951,0,205.0924,0,198088,620234,-7.5901,-5.5669,-2.0232,76.75
2025-12-01,197.33,199.91,195.14,197.20,195.86,212.61,216.87,195.32,177.40,219.3951,0,201.8480,0,417019,610481,-7.4515,-5.9438,-1.5077,76.69
2025-12-02,203.62,207.18,200.80,201.26,195.76,210.27,216.33,195.84,177.55,219.3951,0,181.1600,1,501822,608482,-6.9341,-6.1419,-0.7922,78.37
2025-12-03,199.70,204.81,198.05,204.35,196.55,208.84,215.95,196.40,177.73,219.3951,0,181.6804,1,305892,605644,-6.2032,-6.1542,-0.0491,78.37
2025-12-04,203.81,205.58,200.67,204.15,197.34,207.62,215.68,196.94,177.95,219.3951,0,182.1904,1,295364,601461,-5.5759,-6.0385,0.4626,77.03
2025-12-05,203.70,205.31,199.52,200.95,198.30,206.37,215.34,197.46,178.17,219.3951,0,182.6902,1,350537,596206,-5.2761,-5.8860,0.6099,76.21
2025-12-08,202.89,207.17,201.79,205.86,200.25,205.03,215.13,198.00,178.44,219.3951,0,183.1800,1,269450,593424,-4.5894,-5.6267,1.0373,78.19
2025-12-09,205.01,210.26,204.16,208.93,201.74,203.44,214.93,198.57,178.75,219.3951,0,183.6600,1,398116,593289,-3.7542,-5.2522,1.4980,78.37
2025-12-10,208.74,215.30,204.95,213.46,203.34,202.37,214.91,199.19,179.10,219.3951,0,184.7240,1,625801,597784,-2.6957,-4.7409,2.0452,78.86
2025-12-11,211.02,211.63,203.26,207.95,204.43,201.48,214.73,199.74,179.41,219.3951,0,186.5585,1,481633,597319,-2.2752,-4.2478,1.9726,75.20
2025-12-12,207.28,207.70,199.71,202.44,204.65,200.93,214.29,200.21,179.72,219.3951,0,188.2830,1,427067,595941,-2.3594,-3.8701,1.5107,75.17
2025-12-15,203.10,203.62,196.45,196.70,204.60,200.23,213.89,200.57,179.98,219.3951,0,189.9041,1,400048,593419,-2.8563,-3.6673,0.8110,72.71
2025-12-16,195.05,198.49,194.15,197.53,204.23,200.00,213.42,200.89,180.25,219.3951,0,191.4278,1,426230,593290,-3.1469,-3.5632,0.4163,73.17
2025-12-17,198.80,198.80,191.08,191.43,202.94,199.74,212.90,201.13,180.50,218.4809,0,215.3000,0,411038,592212,-3.8253,-3.6157,-0.2097,71.75
2025-12-18,194.76,196.35,193.19,193.83,201.91,199.62,212.37,201.41,180.75,217.4328,0,214.8156,0,363489,590811,-4.1218,-3.7169,-0.4049,70.00
2025-12-19,194.50,197.51,193.31,195.68,201.38,199.84,211.87,201.66,181.08,217.0665,0,214.3409,0,853321,601344,-4.1595,-3.8054,-0.3541,69.85
2025-12-22,198.60,203.70,197.50,202.06,201.00,200.62,211.63,201.96,181.45,217.0665,0,213.8757,0,544491,603174,-3.6327,-3.7709,0.1381,75.10
2025-12-23,200.92,203.15,197.00,202.08,200.32,201.03,211.22,202.26,181.88,217.0665,0,213.4198,0,293602,600926,-3.1770,-3.6521,0.4751,78.01
2025-12-24,200.60,203.25,198.79,202.66,199.24,201.29,210.93,202.57,182.29,217.0665,0,212.9730,0,149685,592408,-2.7375,-3.4692,0.7317,75.88
2025-12-26,202.17,203.40,200.31,202.39,198.68,201.56,210.63,202.86,182.71,217.0665,0,212.5351,0,224187,587467,-2.3835,-3.2520,0.8686,75.77
2025-12-29,199.98,202.76,199.00,200.70,198.51,201.58,210.41,203.15,183.14,217.0665,0,212.1060,0,286158,582246,-2.2138,-3.0444,0.8306,74.43
2025-12-30,199.18,201.38,199.00,199.62,198.80,201.70,210.20,203.40,183.56,217.0665,0,211.6855,0,151911,572387,-2.1417,-2.8639,0.7221,74.25
2025-12-31,200.25,201.20,196.93,197.15,198.76,201.50,209.89,203.63,183.97,216.1845,0,211.2734,0,251800,568867,-2.2579,-2.7427,0.4847,76.29
2026-01-02,198.90,200.30,193.14,196.02,199.22,201.08,209.55,203.84,184.37,214.2733,0,210.8695,0,325942,569442,-2.4134,-2.6768,0.2634,74.29
2026-01-05,195.64,205.20,194.94,197.66,199.60,200.75,209.29,204.06,184.77,214.2733,0,210.4737,0,440307,571148,-2.3768,-2.6168,0.2400,71.91
2026-01-06,199.06,199.06,191.65,198.00,199.83,200.61,208.90,204.24,185.17,214.2733,0,210.0858,0,492070,571834,-2.2940,-2.5523,0.2583,69.38
2026-01-07,199.99,204.62,197.77,202.81,199.91,200.45,208.60,204.45,185.59,214.2733,0,209.7057,0,437177,574662,-1.8193,-2.4057,0.5864,71.72
2026-01-08,201.71,201.90,185.81,186.96,198.40,199.36,207.84,204.55,185.90,214.2733,0,209.3332,0,723872,579748,-2.6910,-2.4627,-0.2282,61.19
2026-01-09,186.01,188.29,182.43,182.78,196.41,197.82,207.02,204.60,186.18,207.3816,0,208.3923,0,490490,581206,-3.6767,-2.7055,-0.9712,53.65
2026-01-12,181.00,187.56,180.23,186.39,194.81,196.74,206.20,204.64,186.51,205.9112,0,206.8345,0,454083,580041,-4.1191,-2.9882,-1.1309,56.40
2026-01-13,187.18,189.74,185.35,188.71,193.61,196.06,205.52,204.71,186.86,205.9112,0,204.7062,0,414426,564825,-4.2337,-3.2373,-0.9964,53.70
2026-01-14,187.81,192.76,185.28,188.39,192.49,195.64,204.22,204.77,187.23,205.9112,0,202.7481,0,567845,528140,-4.3008,-3.4500,-0.8508,54.30
2026-01-15,190.01,191.79,184.10,184.14,191.19,194.97,202.94,204.80,187.58,205.9112,0,200.9466,0,492740,516573,-4.6434,-3.6887,-0.9547,47.55
2026-01-16,184.49,188.46,181.35,184.17,190.00,194.61,201.97,204.89,187.93,205.9112,0,199.2893,0,421676,508676,-4.8565,-3.9223,-0.9342,46.26
2026-01-20,177.75,183.60,175.25,177.42,187.98,193.79,200.95,204.93,188.21,201.3895,0,197.7646,0,641089,510294,-5.5065,-4.2391,-1.2674,42.66
2026-01-21,177.17,178.45,169.45,169.97,185.17,192.50,199.83,204.87,188.53,196.4180,0,195.5131,0,867850,515059,-6.5474,-4.7008,-1.8466,30.87
2026-01-22,173.36,175.55,168.94,173.30,182.22,191.07,198.64,204.81,188.91,194.4532,0,192.3855,0,741412,516544,-7.0226,-5.1651,-1.8575,30.49
2026-01-23,174.96,178.67,172.32,173.44,180.87,189.63,197.29,204.76,189.28,194.4532,0,189.1032,0,633420,515510,-7.3038,-5.5929,-1.7109,31.05
2026-01-26,184.90,194.89,183.65,189.35,181.53,188.97,196.38,204.83,189.74,194.4532,0,168.9400,1,1489768,536015,-6.1716,-5.7086,-0.4630,39.86
2026-01-27,212.02,218.22,205.20,205.95,183.48,189.15,195.99,204.98,190.21,179.5265,1,169.4590,1,2580698,574759,-3.8901,-5.3449,1.4548,53.72
2026-01-28,206.00,206.23,183.91,184.88,183.10,188.36,195.42,204.97,190.61,179.5265,1,171.4094,1,1654140,596455,-3.7390,-5.0237,1.2847,32.01
2026-01-29,186.27,187.00,175.07,180.39,182.30,187.39,194.81,204.90,190.98,179.5265,1,173.2819,1,1076207,601657,-3.9362,-4.8062,0.8700,25.03
2026-01-30,179.59,181.24,175.63,177.35,181.62,186.40,194.31,204.81,191.33,212.2234,0,175.0700,1,620299,597501,-4.2884,-4.7026,0.4143,17.80
2026-02-02,176.29,185.22,174.80,182.42,181.45,185.72,194.03,204.73,191.70,212.2234,0,218.2200,0,799364,579015,-4.1109,-4.5843,0.4734,20.55
2026-02-03,181.66,181.66,163.91,170.31,180.74,184.36,193.51,204.56,192.00,208.5225,0,217.3516,0,1302395,589297,-4.8911,-4.6457,-0.2455,17.12
2026-02-04,172.61,175.78,162.22,166.88,180.43,182.80,193.02,204.44,192.29,205.2295,0,215.2139,0,1250081,602045,-5.7203,-4.8606,-0.8597,17.20
2026-02-05,165.82,172.58,162.01,163.05,179.40,180.81,192.56,204.29,192.60,203.0726,0,212.0343,0,967897,609020,-6.6102,-5.2105,-1.3997,17.09
2026-02-06,165.37,173.66,160.35,173.21,179.38,180.13,192.14,204.17,192.93,203.0726,0,208.0324,0,932511,610117,-6.4217,-5.4527,-0.9689,19.09
2026-02-09,173.18,175.76,169.02,173.75,177.82,179.67,191.67,204.04,193.24,203.0726,0,203.2641,0,810718,614008,-6.1577,-5.5937,-0.5639,18.71
2026-02-10,179.20,184.11,174.89,179.98,175.22,179.35,191.33,203.96,193.54,203.0726,0,198.9727,0,2056091,646226,-5.3837,-5.5517,0.1680,23.57
2026-02-11,203.05,203.62,185.73,189.41,175.68,179.39,191.11,203.93,193.88,203.0726,0,160.3500,1,2967733,701619,-3.9637,-5.2341,1.2704,32.51
2026-02-12,191.00,200.50,181.47,185.17,176.15,179.23,190.87,203.95,194.20,203.0726,0,161.2154,1,1414773,721574,-3.1442,-4.8161,1.6719,34.25
2026-02-13,186.62,198.87,184.45,195.85,178.00,179.81,190.76,204.05,194.57,203.0726,0,162.0635,1,1311999,737778,-1.6144,-4.1758,2.5614,40.82
2026-02-17,195.00,201.66,189.50,193.68,179.13,180.29,190.55,204.12,194.94,203.0726,0,162.8946,1,1127624,754213,-0.5705,-3.4547,2.8842,40.19
2026-02-18,192.60,194.35,185.21,191.44,181.24,180.99,190.29,204.15,195.28,203.0726,0,163.7091,1,662210,761549,0.0752,-2.7488,2.8239,39.22
2026-02-19,188.83,193.67,183.33,192.64,183.82,182.12,190.13,204.17,195.62,203.0726,0,164.5074,1,578228,766103,0.6759,-2.0638,2.7397,38.63
2026-02-20,190.61,195.19,176.71,177.14,185.23,182.31,189.55,204.07,195.89,203.0726,0,165.2896,1,1170222,784119,-0.0976,-1.6706,1.5730,29.09
2026-02-23,174.84,176.74,158.83,160.19,183.93,181.65,188.58,203.83,196.08,203.0726,0,203.6200,0,1365556,803468,-2.0547,-1.7474,-0.3073,22.23
2026-02-24,159.50,167.24,159.13,163.81,182.93,180.38,187.58,203.60,196.29,202.6166,0,202.7242,0,786927,806690,-3.2758,-2.0531,-1.2227,24.45
2026-02-25,163.79,173.26,162.53,171.80,182.11,178.67,186.86,203.48,196.52,202.6166,0,201.8463,0,666807,810394,-3.5578,-2.3540,-1.2038,27.86
2026-02-26,173.99,177.50,170.24,174.66,180.64,178.16,186.31,203.38,196.73,202.6166,0,200.9860,0,716385,816180,-3.5100,-2.5852,-0.9248,29.72
2026-02-27,170.00,172.25,166.68,172.19,179.34,177.75,185.82,203.25,196.88,202.6166,0,200.1429,0,764834,823476,-3.6297,-2.7941,-0.8355,30.20
2026-03-02,167.65,181.10,167.65,181.02,177.86,177.93,185.49,203.13,197.04,202.6166,0,199.3166,0,607539,827102,-2.9776,-2.8308,-0.1468,37.65
2026-03-03,176.59,181.70,171.62,178.91,176.38,177.75,185.24,203.00,197.16,202.6166,0,198.5069,0,497763,828836,-2.6012,-2.7849,0.1837,35.95
2026-03-04,179.99,187.37,178.55,185.89,175.83,178.53,185.08,202.91,197.32,202.6166,0,197.7133,0,510138,831769,-1.7198,-2.5719,0.8521,41.95
2026-03-05,185.29,193.56,184.64,192.31,175.79,179.81,185.01,202.85,197.50,202.6166,0,196.9357,0,735317,829409,-0.4975,-2.1570,1.6595,48.11
2026-03-06,190.00,196.39,188.00,195.19,177.60,181.41,184.87,202.77,197.69,202.6166,0,158.8300,1,558829,829696,0.6956,-1.5865,2.2820,54.82
2026-03-09,192.19,203.88,192.19,201.48,181.73,182.83,184.86,202.78,197.91,202.6166,0,159.5812,1,852240,840869,2.1241,-0.8443,2.9685,57.08
2026-03-10,202.81,209.91,198.01,207.49,186.09,184.51,184.96,202.77,198.16,170.5015,1,161.3530,1,867599,855227,3.6986,0.0642,3.6344,59.94
2026-03-11,208.26,215.38,207.28,213.00,190.21,186.16,185.17,202.80,198.44,178.7874,1,164.2664,1,728204,865307,5.3296,1.1173,4.2123,63.31
2026-03-12,212.17,217.26,210.02,212.11,193.96,187.30,185.40,202.78,198.71,182.1836,1,168.3555,1,764041,874865,6.4756,2.1890,4.2867,68.54
2026-03-13,213.10,217.73,208.16,212.45,197.99,188.66,185.65,202.79,198.96,182.1836,1,173.2459,1,540239,882632,7.3269,3.2166,4.1103,70.36
2026-03-16,210.87,213.03,207.28,207.33,200.62,189.24,185.86,202.81,199.19,182.1836,1,178.5840,1,686594,891327,7.5019,4.0736,3.4283,66.92
2026-03-17,206.42,214.80,206.00,211.52,203.88,190.13,186.17,202.88,199.43,182.1836,1,183.2815,1,624894,897306,7.8878,4.8365,3.0513,69.08
2026-03-18,211.11,229.15,210.25,225.48,207.84,191.83,186.72,203.03,199.72,187.5236,1,187.4153,1,1346792,915436,9.2138,5.7119,3.5019,77.01
2026-03-19,223.00,227.56,219.63,221.36,210.74,193.27,187.19,203.18,199.98,192.2533,1,193.2582,1,851351,922622,9.8191,6.5334,3.2857,75.02
2026-03-20,221.71,225.14,214.64,215.42,212.76,195.18,187.44,203.31,200.20,192.2533,1,198.2830,1,846148,930801,9.7075,7.1682,2.5393,77.02
2026-03-23,216.42,225.98,214.08,220.65,214.68,198.20,188.12,203.45,200.44,192.2533,1,202.6044,1,869405,933712,9.9267,7.7199,2.2068,78.24
2026-03-24,220.17,221.49,212.94,213.15,215.25,200.67,188.72,203.52,200.63,192.2533,1,206.3208,1,701370,937929,9.3870,8.0533,1.3337,73.69
2026-03-25,218.00,225.97,214.82,218.00,215.75,202.98,189.36,203.66,200.82,192.2533,1,209.5169,1,705470,942957,9.2441,8.2915,0.9526,73.94
2026-03-26,216.00,219.98,206.80,210.13,215.55,204.75,189.78,203.77,200.98,192.2533,1,229.1500,0,853170,951732,8.3990,8.3130,0.0860,69.28
2026-03-27,205.00,207.79,200.02,203.02,214.61,206.30,190.08,203.84,201.10,192.2533,1,228.7030,0,762076,955617,7.0740,8.0652,-0.9912,67.57
2026-03-30,204.50,209.51,191.29,194.63,213.34,206.98,190.29,203.83,201.17,192.2533,1,227.5557,0,770949,961181,5.2860,7.5094,-2.2234,66.02
2026-03-31,197.00,206.78,194.66,206.34,212.82,208.35,190.73,203.90,201.35,192.2533,1,225.3797,0,858354,969914,4.7590,6.9593,-2.2003,69.43
2026-04-01,210.67,210.86,203.24,205.43,210.81,209.32,191.29,203.95,201.52,192.2533,1,223.3343,0,464149,966376,4.2193,6.4113,-2.1920,68.09
2026-04-02,201.50,212.16,200.10,211.69,209.85,210.29,192.12,203.99,201.68,192.2533,1,221.4117,0,444888,957916,4.2477,5.9786,-1.7308,70.31
2026-04-06,210.26,214.94,207.46,211.78,209.48,211.12,192.89,203.98,201.83,192.2533,1,219.6044,0,420807,951504,4.2288,5.6286,-1.3998,70.66
2026-04-07,211.00,216.34,208.13,216.29,209.05,211.86,193.75,204.03,202.01,192.2533,1,217.9055,0,807000,954976,4.5255,5.4080,-0.8825,73.36
2026-04-08,225.00,225.13,209.20,211.25,208.86,212.05,194.19,204.05,202.17,192.2533,1,191.2900,1,870456,942590,4.3044,5.1873,-0.8829,69.25
2026-04-09,211.00,211.49,177.74,193.05,206.36,211.05,193.93,203.97,202.21,192.2533,1,225.1300,0,2206233,935100,2.6302,4.6759,-2.0456,54.33
2026-04-10,193.21,193.60,164.05,166.99,202.05,208.80,193.57,203.68,202.12,223.9532,0,225.1300,0,2294175,947901,-0.7903,3.5826,-4.3729,33.60
2026-04-13,170.00,184.32,168.01,184.02,200.15,207.38,193.65,203.48,202.09,221.9793,0,222.6868,0,1213962,950656,-2.1026,2.4456,-4.5482,44.45
2026-04-14,184.87,188.73,177.33,178.65,198.55,205.94,193.67,203.22,202.03,221.9793,0,220.3413,0,873402,955718,-3.5352,1.2494,-4.7847,39.37
2026-04-15,184.50,190.88,182.00,190.13,196.93,204.87,193.83,203.03,202.01,221.9793,0,218.0897,0,1004951,959830,-3.7016,0.2592,-3.9608,49.30
2026-04-16,194.34,203.76,191.50,197.38,196.12,203.47,194.37,202.86,202.01,221.9793,0,215.9281,0,1052174,954825,-3.2114,-0.4349,-2.7765,55.00
2026-04-17,199.63,201.05,193.50,200.99,195.05,202.45,195.05,202.70,202.09,221.9793,0,213.8530,0,730659,944437,-2.5027,-0.8485,-1.6543,57.03
2026-04-20,199.00,205.26,195.20,204.81,194.36,201.92,195.89,202.59,202.19,221.9793,0,211.8609,0,534308,935765,-1.6143,-1.0016,-0.6127,63.25
2026-04-21,206.33,211.39,204.82,207.67,193.49,201.27,196.57,202.47,202.27,221.9793,0,164.0500,1,545881,928033,-0.6717,-0.9356,0.2640,65.07
2026-04-22,209.13,211.95,206.01,207.56,193.13,200.99,197.25,202.39,202.35,221.9793,0,164.9968,1,426557,920349,0.0657,-0.7354,0.8011,64.62
2026-04-23,202.07,207.48,198.50,205.00,194.32,200.34,197.75,202.33,202.41,221.9793,0,166.8749,1,497474,889177,0.4385,-0.5006,0.9391,55.59
2026-04-24,204.97,208.96,201.45,207.07,198.33,200.19,198.10,202.22,202.47,221.9793,0,168.6779,1,430002,838422,0.8907,-0.2223,1.1130,50.78
2026-04-27,206.78,214.98,204.42,212.36,201.16,200.65,198.65,202.13,202.63,221.9793,0,170.4088,1,744024,825008,1.6568,0.1535,1.5033,58.07
2026-04-28,211.71,216.50,207.93,208.50,204.15,201.35,198.90,202.00,202.76,221.9793,0,173.0831,1,686174,812491,1.9303,0.5089,1.4214,51.78
2026-04-29,207.30,214.82,204.00,211.97,206.33,201.63,199.27,201.92,202.91,221.9793,0,176.5564,1,497960,799898,2.3993,0.8869,1.5124,57.75
2026-04-30,211.33,211.33,199.67,204.97,207.09,201.61,199.54,201.84,203.00,221.9793,0,179.7519,1,625917,799172,2.1810,1.1458,1.0353,47.24
2026-05-01,210.85,218.28,209.00,217.50,208.74,201.90,200.03,201.83,203.14,221.9793,0,182.6918,1,651130,800630,2.9847,1.5136,1.4712,65.08
2026-05-04,219.55,224.23,217.48,224.17,210.68,202.52,200.98,201.88,203.30,188.2300,1,186.2506,1,623506,789696,4.1125,2.0333,2.0791,70.42
2026-05-05,231.06,248.92,229.09,244.43,214.35,203.92,202.66,202.06,203.54,202.2175,1,190.8081,1,1752979,797444,6.5653,2.9397,3.6256,76.16
2026-05-06,242.44,250.97,234.76,248.59,218.46,205.79,204.36,202.28,203.79,204.8932,1,198.9438,1,1179982,805305,8.7441,4.1006,4.6435,75.19
2026-05-07,251.99,258.88,248.62,256.79,223.64,208.98,206.06,202.55,204.12,216.4884,1,207.2680,1,2300736,837984,11.0056,5.4816,5.5240,78.60
2026-05-08,217.22,219.00,192.27,196.13,222.54,210.43,206.48,202.36,204.16,258.5265,0,258.8800,0,3710603,897868,7.8131,5.9479,1.8652,43.09
2026-05-11,195.40,204.27,192.50,193.52,220.66,210.91,206.91,202.20,204.17,249.5185,0,258.8800,0,1262776,907827,5.0146,5.7612,-0.7467,40.54
2026-05-12,193.97,194.39,186.57,186.79,218.49,211.32,207.03,201.98,204.11,238.8457,0,257.5478,0,1042475,916526,2.2280,5.0546,-2.8266,36.73
2026-05-13,185.75,194.66,185.75,192.62,216.55,211.44,207.30,201.81,204.07,236.4071,0,254.7087,0,821023,922991,0.4844,4.1406,-3.6561,39.72
2026-05-14,193.34,201.99,190.50,199.81,216.03,211.56,207.58,201.68,204.08,236.4071,0,250.5712,0,818582,929160,-0.3136,3.2497,-3.5633,46.71
2026-05-15,197.76,201.17,194.00,197.56,214.04,211.39,207.68,201.52,204.06,236.4071,0,246.6819,0,669017,927834,-1.1147,2.3768,-3.4915,47.45
2026-05-18,194.16,203.51,192.80,201.75,211.80,211.24,207.82,201.44,204.03,236.4071,0,243.0260,0,685849,930374,-1.3954,1.6224,-3.0178,47.88
2026-05-19,203.25,208.67,200.42,206.73,208.03,211.19,207.92,201.33,204.06,236.4071,0,239.5894,0,739411,928118,-1.2021,1.0575,-2.2596,60.25
2026-05-20,204.22,210.98,202.42,210.13,204.18,211.32,207.97,201.29,204.07,236.4071,0,236.3591,0,629613,923358,-0.7658,0.6928,-1.4587,64.84
2026-05-21,210.49,213.74,206.60,212.65,199.77,211.70,207.97,201.25,204.09,236.4071,0,233.3225,0,594229,920678,-0.2142,0.5114,-0.7256,63.98
2026-05-22,214.60,216.79,211.07,216.17,201.77,212.16,208.05,201.29,204.10,236.4071,0,230.4682,0,455967,914517,0.5012,0.5094,-0.0082,63.70
2026-05-26,216.25,221.11,208.24,217.54,204.17,212.42,208.15,201.34,204.13,236.4071,0,227.7851,0,752319,918758,1.1653,0.6405,0.5247,62.70
2026-05-27,212.23,215.35,208.00,209.22,206.42,212.45,208.19,201.31,204.15,236.4071,0,225.2630,0,641029,917847,1.0086,0.7142,0.2944,56.13
2026-05-28,214.50,228.27,213.30,228.11,209.97,213.26,208.52,201.41,204.29,236.4071,0,185.7500,1,1042257,926194,2.3812,1.0476,1.3336,64.15
2026-05-29,233.39,243.67,228.54,241.82,214.17,215.10,208.85,201.62,204.49,198.3041,1,186.6004,1,1386596,926990,4.5232,1.7427,2.7805,72.18
2026-06-01,244.00,271.20,242.37,270.82,221.49,217.77,209.84,201.98,204.84,213.9502,1,188.8832,1,2290406,955772,8.4632,3.0868,5.3764,79.52
2026-06-02,262.77,274.63,262.53,272.66,228.59,220.19,210.98,202.34,205.23,226.4011,1,193.8222,1,1332517,965499,11.6004,4.7895,6.8109,78.60
2026-06-03,270.00,270.23,260.74,265.33,234.44,221.24,211.87,202.61,205.55,226.4011,1,200.2868,1,1036114,968833,13.3415,6.4999,6.8416,75.51
2026-06-04,260.00,276.82,253.94,268.64,240.30,222.24,212.98,202.91,205.88,226.4011,1,206.2343,1,1186986,978545,14.8175,8.1634,6.6541,73.72
2026-06-05,267.87,268.82,246.94,250.11,244.04,221.91,213.63,203.06,206.15,226.4011,1,213.2923,1,1184396,988124,14.3269,9.3961,4.9308,68.20
2026-06-08,253.16,254.70,246.00,247.79,247.20,224.49,214.38,203.23,206.43,226.4011,1,219.6446,1,788071,986822,13.5942,10.2358,3.3585,65.89
2026-06-09,245.90,249.24,228.03,236.13,249.06,226.62,215.04,203.11,206.64,226.4011,1,225.3617,1,1176022,995101,11.9351,10.5756,1.3595,56.06
2026-06-10,233.46,236.89,219.08,219.67,250.11,228.26,215.54,202.92,206.76,274.9858,0,276.8150,0,1219652,1004075,9.1862,10.2977,-1.1115,43.23
2026-06-11,218.34,228.82,216.50,227.44,250.04,230.00,215.96,202.89,206.92,268.6567,0,275.6603,0,712661,1001161,7.5476,9.7477,-2.2001,48.58
2026-06-12,229.95,231.90,222.02,228.48,248.71,231.44,216.42,202.89,207.07,268.6567,0,273.2939,0,516822,1002215,6.2608,9.0503,-2.7896,48.55
2026-06-15,229.35,239.00,227.04,235.71,245.20,233.35,216.91,202.95,207.22,268.6567,0,271.0221,0,791821,1009153,5.7580,8.3919,-2.6339,48.88
2026-06-16,233.74,238.83,229.00,230.97,241.03,234.81,217.29,202.94,207.31,268.6567,0,268.8412,0,621448,1013166,4.9203,7.6975,-2.7772,47.85
2026-06-17,231.13,236.07,226.85,226.87,237.18,235.81,217.50,202.85,207.40,268.6567,0,266.7476,0,603179,1009090,3.8809,6.9342,-3.0533,47.41
2026-06-18,225.54,225.54,216.03,224.06,232.72,236.51,217.76,202.78,207.48,260.6349,0,264.7377,0,995028,1011581,2.7981,6.1070,-3.3089,42.29
2026-06-22,222.07,225.58,212.32,218.38,229.55,236.80,218.26,202.73,207.54,258.7929,0,261.8152,0,737644,982209,1.4648,5.1786,-3.7137,40.60
2026-06-23,215.16,230.11,214.60,224.94,227.27,237.23,219.42,202.80,207.62,258.7929,0,257.8556,0,650212,949330,0.9268,4.3282,-3.4014,43.73
2026-06-24,223.09,228.35,220.91,223.48,226.00,237.53,220.21,202.89,207.66,258.7929,0,254.2128,0,510182,935254,0.3783,3.5382,-3.1600,42.22
2026-06-25,221.39,227.57,216.04,226.65,226.70,238.40,221.17,203.05,207.70,258.7929,0,250.8613,0,674397,931274,0.1971,2.8700,-2.6729,49.47
2026-06-26,225.88,237.34,220.95,237.24,227.68,238.86,222.11,203.32,207.80,258.7929,0,247.7780,0,1481374,940803,0.8976,2.4755,-1.5779,57.32
2026-06-29,239.29,248.71,235.00,243.76,229.21,238.96,223.04,203.64,207.90,258.7929,0,212.3200,1,878657,937332,1.9564,2.3717,-0.4153,61.00
2026-06-30,240.00,247.74,240.00,245.28,230.16,237.68,223.93,204.00,208.01,258.7929,0,213.0478,1,619675,935113,2.8849,2.4743,0.4105,60.70
2026-07-01,249.72,252.35,244.21,246.31,231.70,236.36,224.76,204.40,208.13,258.7929,0,213.7611,1,625948,936946,3.6616,2.7118,0.9498,58.47
2026-07-02,242.00,248.04,238.90,242.41,233.25,235.22,225.45,204.72,208.21,258.7929,0,215.3046,1,686505,939758,3.9173,2.9529,0.9644,53.95
2026-07-06,240.73,250.86,239.64,247.55,235.60,234.16,226.25,205.06,208.35,258.7929,0,216.7863,1,514137,941510,4.4830,3.2589,1.2241,58.07
2026-07-07,259.17,274.00,254.00,268.83,240.64,235.10,227.53,205.53,208.63,224.1591,1,218.2089,1,1662068,964802,6.5727,3.9217,2.6511,75.79
2026-07-08,267.89,274.45,257.60,273.40,245.49,236.38,228.85,206.02,208.88,225.1132,1,221.5563,1,1011416,976430,8.4996,4.8373,3.6623,81.56
2026-07-09,272.54,278.88,268.60,275.80,250.72,238.36,230.12,206.55,209.13,233.8353,1,225.7878,1,830710,978164,10.1039,5.8906,4.2133,85.46
2026-07-10,279.74,280.14,266.84,268.40,254.90,240.80,231.32,206.99,209.33,233.8353,1,231.0970,1,617884,976798,10.6553,6.8435,3.8118,81.91
2026-07-13,266.71,276.38,263.37,269.53,258.13,242.90,232.47,207.43,209.56,233.8353,1,236.9822,1,571296,978264,11.0561,7.6860,3.3700,83.90
2026-07-14,268.00,284.63,266.01,281.75,261.93,245.57,234.01,207.95,209.88,233.8984,1,242.1611,1,1122407,988194,12.2189,8.5926,3.6263,84.67
2026-07-15,288.86,291.00,271.13,273.04,264.70,247.43,235.12,208.43,210.15,237.8245,1,248.1068,1,803420,991240,12.2958,9.3333,2.9626,81.69
2026-07-16,274.46,277.84,266.72,272.46,267.32,249.51,236.08,208.87,210.43,237.8245,1,254.9697,1,719703,993164,12.1697,9.9006,2.2692,82.29
2026-07-17,262.68,281.99,261.73,277.66,270.84,252.05,236.75,209.33,210.73,237.8245,1,260.7345,1,841643,974937,12.3471,10.3899,1.9572,82.92
2026-07-20,278.84,280.57,272.12,272.42,273.33,254.46,237.23,209.72,211.02,237.8245,1,261.7250,1,848044,968299,11.9273,10.6973,1.2300,80.50
2026-07-21,272.97,277.25,268.98,272.31,273.68,257.16,237.54,210.15,211.30,237.8245,1,261.7250,1,1011713,942518,11.4537,10.8486,0.6051,76.83
2026-07-22,271.75,272.50,265.07,268.98,273.24,259.36,238.99,210.59,211.52,237.8245,1,291.0000,0,687943,882065,10.6865,10.8162,-0.1297,73.56
2026-07-23,272.94,276.89,260.57,262.32,271.89,261.30,240.37,211.03,211.75,237.8245,1,290.4814,0,612176,869053,9.4324,10.5394,-1.1071,72.35
2026-07-24,265.96,266.80,261.50,262.15,271.26,263.08,241.88,211.46,211.95,237.8245,1,289.2849,0,477611,857756,8.3287,10.0973,-1.7686,69.25
2026-07-27,267.48,272.45,257.60,265.61,270.87,264.50,243.34,211.96,212.19,237.8245,1,288.1363,0,692100,855177,7.6451,9.6069,-1.9617,73.95
2026-07-28,263.36,268.45,250.69,264.10,269.11,265.52,244.62,212.43,212.41,237.8245,1,286.3042,0,705490,852915,6.9020,9.0659,-2.1639,72.42
2026-07-29,264.56,279.92,262.95,270.38,268.84,266.77,246.08,212.92,212.66,237.8245,1,283.4550,0,890091,857337,6.7420,8.6011,-1.8591,82.97
2026-07-30,271.38,285.00,265.00,283.39,269.93,268.62,247.71,213.47,213.01,237.8245,1,250.6900,1,891460,861449,7.5777,8.3964,-0.8187,84.66
2026-07-31,284.92,293.80,275.04,278.98,270.06,270.45,249.16,213.98,213.29,240.4247,1,251.3762,1,1032672,867314,7.7944,8.2760,-0.4817,82.62
2026-08-03,278.85,288.69,276.07,282.74,271.10,272.21,250.61,214.51,213.62,240.4247,1,253.0732,1,875137,872225,8.1752,8.2559,-0.0807,77.49
2026-08-04,280.00,303.76,278.51,301.33,274.00,273.84,252.38,215.17,214.04,244.5164,1,254.7022,1,1643393,893208,9.8633,8.5773,1.2860,83.13
2026-08-05,300.08,305.00,291.00,292.96,276.40,274.82,253.92,215.79,214.44,251.8432,1,257.6457,1,1160795,907305,10.4059,8.9431,1.4628,79.87
2026-08-06,283.18,291.76,280.13,284.43,278.61,275.25,255.26,216.35,214.82,251.8432,1,261.4340,1,1597416,924206,10.0319,9.1608,0.8711,85.92
2026-08-07,318.00,324.73,295.89,300.27,282.42,276.84,257.08,217.04,215.25,257.3689,1,264.9193,1,2633158,964049,10.8882,9.5063,1.3819,88.63
2026-08-10,295.50,312.66,290.49,310.59,286.92,278.89,258.73,217.80,215.74,257.3689,1,270.9004,1,2440461,992013,12.2582,10.0567,2.2015,91.04
2026-08-11,307.60,313.77,295.50,306.97,291.20,280.15,260.03,218.53,216.22,257.3689,1,276.2833,1,1864260,1001566,12.9031,10.6260,2.2771,90.09
2026-08-12,308.96,320.30,308.55,311.45,295.31,282.08,260.84,219.29,216.69,261.5117,1,281.1280,1,964498,975048,13.6187,11.2245,2.3942,89.69
2026-08-13,313.77,332.22,313.02,330.83,300.05,284.99,262.01,220.14,217.26,268.7671,1,285.4882,1,1732490,983048,15.5702,12.0936,3.4765,91.59
2026-08-14,331.00,331.95,315.19,315.78,303.73,286.90,263.01,221.00,217.71,270.0744,1,291.0960,1,955677,981439,15.7211,12.8191,2.9019,89.84
2026-08-17,311.79,315.35,303.99,307.01,306.16,288.63,263.78,221.83,218.13,270.0744,1,296.0309,1,1019304,978085,14.9605,13.2474,1.7131,88.81
2026-08-18,303.77,309.96,297.63,301.36,306.16,290.08,264.81,222.60,218.50,270.0744,1,332.2200,0,697528,968348,13.7435,13.3466,0.3969,88.85
2026-08-19,300.10,301.66,285.72,291.88,306.06,291.23,265.69,223.28,218.84,270.0744,1,331.5283,0,903660,970660,11.8771,13.0527,-1.1756,86.47
2026-08-20,290.62,292.48,277.83,278.91,305.50,292.06,266.54,223.89,218.97,270.0744,1,329.6959,0,851233,964164,9.2448,12.2911,-3.0463,83.83
2026-08-21,280.86,293.57,274.03,293.14,304.79,293.61,268.01,224.61,219.20,270.0744,1,326.5840,0,867694,957125,8.2123,11.4754,-3.2631,86.83
2026-08-24,288.70,289.98,280.18,280.35,301.77,294.34,269.07,225.26,219.43,270.0744,1,322.3797,0,737713,957626,6.2895,10.4382,-4.1487,83.75
2026-08-25,285.62,287.00,273.21,277.58,298.83,295.02,270.05,225.92,219.68,270.0744,1,318.5117,0,520823,957706,4.4903,9.2486,-4.7583,79.87
2026-08-26,273.82,290.89,272.29,284.89,296.17,295.74,271.04,226.69,219.97,270.0744,1,313.9815,0,886834,959606,3.6127,8.1214,-4.5087,79.32
2026-08-27,290.29,309.53,290.27,308.23,293.91,296.98,272.58,227.59,220.35,270.0744,1,272.2900,1,1310532,973388,4.7458,7.4463,-2.7005,82.17
2026-08-28,306.21,307.50,298.02,299.84,292.32,298.03,274.04,228.43,220.65,270.0744,1,272.2900,1,763393,976592,4.9103,6.9391,-2.0289,79.01
2026-08-31,299.18,309.30,296.44,305.11,292.13,299.15,275.66,229.20,221.00,270.0744,1,273.0348,1,1123964,979171,5.4035,6.6320,-1.2285,80.84
2026-09-01,301.62,306.47,284.60,285.51,290.54,298.35,277.01,229.73,221.30,270.0744,1,273.7647,1,711320,978644,4.1648,6.1386,-1.9737,73.20
2026-09-02,284.08,284.95,269.30,272.74,288.63,297.34,277.96,230.32,221.59,270.0744,1,309.5300,0,913870,983918,2.1282,5.3365,-3.2083,67.59
2026-09-03,279.93,286.85,275.66,284.51,289.19,297.35,279.18,231.01,221.96,270.0744,1,308.7254,0,845023,990614,1.4472,4.5586,-3.1114,73.66
2026-09-04,282.25,284.72,277.59,278.92,287.77,296.28,280.23,231.69,222.35,270.0744,1,307.9369,0,504092,987208,0.4513,3.7372,-3.2859,73.52
2026-09-08,278.12,289.00,271.72,284.30,288.16,294.97,281.17,232.37,222.78,270.0744,1,307.1642,0,685191,971285,0.0950,3.0087,-2.9137,79.87
2026-09-09,295.50,317.55,292.54,314.18,291.82,295.33,282.58,233.33,223.37,270.0744,1,269.3000,1,1500712,983726,2.1984,2.8467,-0.6483,88.92
2026-09-10,313.35,319.43,307.41,311.17,294.45,295.31,283.90,234.29,223.97,270.0744,1,270.2650,1,1142150,994175,3.5812,2.9936,0.5876,88.41
2026-09-11,312.81,315.98,302.88,306.53,294.28,294.10,285.10,235.25,224.57,270.0744,1,272.2316,1,746584,996588,4.2536,3.2456,1.0080,86.04
2026-09-14,313.02,334.60,309.00,330.36,297.33,294.83,286.86,236.29,225.26,270.0744,1,274.1195,1,1454542,1011949,6.6329,3.9230,2.7099,90.90
2026-09-15,322.12,334.60,320.50,327.23,299.55,295.84,288.45,237.32,225.91,275.6475,1,277.7484,1,1043111,1022528,8.1718,4.7728,3.3990,90.35
2026-09-16,324.02,334.58,321.14,324.65,303.46,297.00,289.57,238.28,226.54,277.1126,1,281.1595,1,761759,1004522,9.0785,5.6339,3.4446,90.97
2026-09-22,352.46,357.10,345.30,353.00,311.49,300.06,291.16,239.37,227.31,295.7944,1,284.3659,1,1146839,1007230,11.9470,6.8965,5.0504,93.13
2026-09-17,320.59,336.90,318.00,333.94,316.43,302.81,292.32,240.37,227.99,295.7944,1,290.1846,1,1012873,1010874,12.5378,8.0248,4.5130,91.56
2026-09-18,338.00,338.00,313.50,323.60,320.90,304.33,293.43,241.22,228.60,295.7944,1,295.5378,1,1471086,1027938,12.0329,8.8264,3.2065,90.80
2026-09-21,327.00,352.45,321.85,351.67,327.63,307.90,295.07,242.27,229.34,295.7944,1,300.4628,1,1366484,1043842,13.7394,9.8090,3.9304,93.31
2026-09-23,355.40,364.23,351.00,352.33,331.45,311.64,296.48,243.34,230.08,295.7944,1,304.9938,1,1028381,1041961,14.9725,10.8417,4.1308,93.46
2026-09-24,349.80,367.43,347.88,358.95,336.23,315.34,298.20,244.45,230.87,295.8183,1,310.9174,1,969646,1045286,16.2961,11.9326,4.3635,94.11
