symbol,longName,sector,industry,country,marketCap,currentPrice,averageVolume10days,averageVolume3months,averageDollarVolume,revenueGrowth,earningsGrowth,earningsQuarterlyGrowth,grossMargins,operatingMargins,profitMargins,returnOnEquity,returnOnAssets,totalCash,totalDebt,debtToEquity,currentRatio,quickRatio,operatingCashflow,freeCashflow,sharesOutstanding,floatShares,heldPercentInsiders,heldPercentInstitutions,sharesShort,shortRatio,shortPercentOfFloat,trailingPE,forwardPE,priceToSalesTrailing12Months,priceToBook,enterpriseToRevenue,enterpriseToEbitda,targetMeanPrice,targetHighPrice,targetLowPrice,recommendationMean,recommendationKey,numberOfAnalystOpinions,epsRevisionUpLast7Days,epsRevisionUpLast30Days,epsRevisionDownLast7Days,epsRevisionDownLast30Days,nextEarningsDate,beta,website,retrievedAt
NOVT,Novanta Inc.,Technology,Scientific & Technical Instruments,United States,5638629376,149.1,356540,400340,59690694.0,0.103,1.5,1.789,0.44544998,0.11497,0.05998,0.051090002,0.04087,718649984,285596992,17.668,4.569,3.65,133840000,118383248,37817770,37537540,0.0070700003,1.23481,4972389,15.61,0.1511,94.36709,34.14501,5.4759974,3.4881275,5.111,29.083,194.5,195.0,194.0,1.33333,strong_buy,2,2,2,0,0,2026-11-03,1.725,https://www.novanta.com,2026-10-06T21:46:11.125396+01:00
Date,Open,High,Low,Close,Ma10:Top:Line,Ma20:Top:Line,Ma50:Top:Line,Ma150:Top:Line,Ma200:Top:Line,Supertrend:Top:ColorLine,Supertrend_Dir,ParabolicSAR:Top:ColorLine,ParabolicSAR_Dir,Volume:Middle:Histogram,Vo50:Middle:Line,Macd:Bottom:Line,MacdSignal:Bottom:Line,MacdDelta:Bottom:Histogram,RsRating:Hidden:Hidden
2023-07-31,176.31,177.66,175.13,176.90,,,,,,,0,177.6600,0,13692,,,,,0
2023-08-01,175.41,176.73,173.67,176.38,,,,,,,0,177.6600,0,15010,,,,,0
2023-08-02,174.20,175.67,172.42,175.16,,,,,,,0,177.6600,0,17726,,,,,0
2023-08-03,173.92,175.37,171.70,174.78,,,,,,,0,177.4504,0,15171,,,,,0
2023-08-04,174.92,176.25,172.94,173.41,,,,,,,0,177.1054,0,10769,,,,,0
2023-08-07,173.77,173.97,171.41,172.71,,,,,,,0,176.7811,0,20276,,,,,0
2023-08-08,161.93,164.40,150.98,153.00,,,,,,,0,176.3514,0,50781,,,,,0
2023-08-09,151.93,153.82,148.70,153.13,,,,,,,0,173.9700,0,27548,,,,,0
2023-08-10,153.74,157.75,153.74,155.48,,,,,,,0,170.9376,0,26369,,,,,0
2023-08-11,155.18,155.18,151.28,153.34,166.43,,,,,169.7090,0,168.2691,0,20931,,,,,0
2023-08-14,152.98,157.14,152.49,156.42,164.38,,,,,169.7090,0,165.9208,0,18098,,,,,0
2023-08-15,155.97,155.97,153.32,153.96,162.14,,,,,169.7090,0,163.8543,0,12425,,,,,0
2023-08-16,153.96,154.87,152.05,153.04,159.93,,,,,168.2861,0,162.0358,0,15182,,,,,0
2023-08-17,153.38,154.39,149.85,150.40,157.49,,,,,166.8255,0,160.4355,0,21176,,,,,0
2023-08-18,149.10,150.70,148.54,149.42,155.09,,,,,163.5030,0,159.0272,0,17422,,,,,0
2023-08-21,149.51,151.07,149.00,150.98,152.92,,,,,163.1507,0,157.5590,0,15023,,,,,0
2023-08-22,152.33,152.91,150.18,152.38,152.85,,,,,163.1507,0,156.2964,0,10636,,,,,0
2023-08-23,152.92,157.14,152.92,155.88,153.13,,,,,163.1507,0,148.5400,1,11785,,,,,0
2023-08-24,154.93,156.60,152.11,152.67,152.85,,,,,163.1507,0,148.7120,1,17847,,,,,0
2023-08-25,152.99,156.13,152.89,155.27,153.04,159.74,,,,163.1507,0,148.8806,1,10915,,,,,0
2023-08-28,155.77,158.27,155.77,156.60,153.06,158.72,,,,163.1507,0,149.0457,1,9678,,,,,0
2023-08-29,155.77,160.89,155.77,160.08,153.67,157.91,,,,163.1507,0,149.4147,1,10389,,,,,0
2023-08-30,159.15,165.76,159.15,163.81,154.75,157.34,,,,149.1685,1,150.1032,1,24588,,,,,0
2023-08-31,163.66,168.42,163.66,166.98,156.41,156.95,,,,152.6541,1,151.3558,1,43665,,,,,0
2023-09-01,167.75,170.83,167.42,168.27,158.29,156.69,,,,155.9227,1,153.0622,1,22094,,,,,0
2023-09-05,166.61,166.61,161.15,161.60,159.35,156.14,,,,155.9227,1,155.1943,1,28393,,,,,0
2023-09-06,162.16,163.93,160.74,163.70,160.49,156.67,,,,155.9227,1,157.0706,1,19562,,,,,0
2023-09-07,162.04,162.04,158.59,160.78,160.98,157.05,,,,155.9227,1,170.8300,0,24117,,,,,0
2023-09-08,160.65,161.93,157.91,158.14,161.52,157.19,,,,155.9227,1,170.5852,0,20100,,,,,0
2023-09-11,159.51,159.88,155.72,159.09,161.91,157.47,,,,155.9227,1,170.0782,0,23004,,,,,0
2023-09-12,157.89,159.36,156.54,156.69,161.91,157.49,,,,155.9227,1,169.2167,0,16343,,,,,0
2023-09-13,156.74,158.78,155.57,156.44,161.55,157.61,,,,155.9227,1,168.4069,0,19539,,,,,0
2023-09-14,157.74,158.84,157.04,158.30,161.00,157.87,,,,155.9227,1,167.3799,0,21782,,,,,0
2023-09-15,158.30,158.30,155.72,156.59,159.96,158.18,,,,155.9227,1,166.4352,0,73707,,-0.7302,-0.0642,-0.6660,0
2023-09-18,156.35,157.25,154.06,154.32,158.57,158.43,,,,167.1028,0,165.5659,0,30725,,-1.0322,-0.2578,-0.7744,0
2023-09-19,154.35,154.65,150.78,153.65,157.77,158.56,,,,164.1790,0,164.4153,0,24323,,-1.3104,-0.4683,-0.8421,0
2023-09-20,153.82,154.44,146.50,146.56,156.06,158.27,,,,163.1696,0,162.7791,0,24490,,-2.0791,-0.7905,-1.2886,0
2023-09-21,145.69,146.33,141.85,142.04,154.18,157.58,,,,156.9327,0,160.5000,0,40183,,-3.0182,-1.2360,-1.7822,0
2023-09-22,142.05,143.40,139.74,140.18,152.39,156.95,,,,154.2264,0,157.5160,0,21377,,-3.8679,-1.7624,-2.1055,0
2023-09-25,138.91,141.51,138.21,139.43,150.42,156.16,,,,152.2407,0,154.3163,0,24721,,-4.5494,-2.3198,-2.2296,0
2023-09-26,138.94,140.58,137.09,139.42,148.69,155.30,,,,151.0247,0,151.0951,0,36110,,-5.0323,-2.8623,-2.1700,0
2023-09-27,140.68,141.36,136.31,137.03,146.75,154.15,,,,151.0247,0,148.2941,0,30064,,-5.5440,-3.3986,-2.1453,0
2023-09-28,136.97,144.51,136.97,144.01,145.32,153.16,,,,151.0247,0,145.8972,0,33742,,-5.3249,-3.7839,-1.5410,0
2023-09-29,144.35,145.69,142.58,143.44,144.01,151.98,,,,151.0247,0,136.3100,1,20297,,-5.1380,-4.0547,-1.0833,0
2023-10-02,142.66,143.84,140.24,141.91,142.77,150.67,,,,151.0247,0,136.4976,1,13964,,-5.0550,-4.2548,-0.8003,0
2023-10-03,141.43,142.69,138.87,139.58,141.36,149.56,,,,151.0247,0,136.6814,1,17489,,-5.1183,-4.4275,-0.6908,0
2023-10-04,139.54,141.85,139.11,141.36,140.84,148.45,,,,151.0247,0,136.8616,1,14998,,-4.9676,-4.5355,-0.4321,0
2023-10-05,140.92,143.23,138.16,142.48,140.88,147.53,,,,151.0247,0,137.0382,1,22198,,-4.7035,-4.5691,-0.1344,0
2023-10-06,141.17,145.09,141.17,144.05,141.27,146.83,,,,151.0247,0,137.2112,1,11005,,-4.3178,-4.5188,0.2010,0
2023-10-09,142.37,145.86,142.13,144.49,141.78,146.10,154.71,,,151.0247,0,137.3808,1,11545,22060,-3.9313,-4.4013,0.4700,0
2023-10-10,144.49,148.04,144.49,147.36,142.57,145.63,154.12,,,151.0247,0,137.7200,1,21308,22212,-3.3547,-4.1920,0.8373,0
2023-10-11,147.81,149.13,146.03,147.86,143.65,145.20,153.55,,,151.0247,0,138.3392,1,19902,22310,-2.8249,-3.9186,1.0937,0
2023-10-12,148.01,148.01,145.49,147.19,143.97,144.65,152.99,,,151.0247,0,139.2024,1,32603,22607,-2.4310,-3.6211,1.1901,0
2023-10-13,147.73,148.20,146.24,147.63,144.39,144.20,152.45,,,151.0247,0,139.9966,1,26928,22842,-2.0596,-3.3088,1.2492,0
2023-10-16,149.00,151.21,148.57,149.94,145.19,143.98,151.98,,,151.0247,0,140.7273,1,20647,23040,-1.5609,-2.9592,1.3983,0
2023-10-17,148.73,151.40,146.99,148.91,146.13,143.74,151.51,,,151.0247,0,141.7756,1,29856,23231,-1.2346,-2.6143,1.3797,0
2023-10-18,147.15,147.47,145.00,146.24,146.62,143.73,151.37,,,151.0247,0,142.9305,1,54065,23297,-1.1778,-2.3270,1.1492,0
2023-10-19,145.28,146.21,138.35,138.39,146.21,143.55,151.08,,,151.0247,0,151.4000,0,39441,23535,-1.7461,-2.2108,0.4647,0
2023-10-20,138.20,138.70,134.83,135.36,145.34,143.30,150.67,,,149.1127,0,151.1390,0,33515,23678,-2.4132,-2.2513,-0.1619,0
2023-10-23,134.86,139.74,133.00,136.99,144.59,143.18,150.35,,,149.1127,0,150.4866,0,19494,23649,-2.7783,-2.3567,-0.4216,0
2023-10-24,138.27,138.42,133.77,135.50,143.40,142.99,149.93,,,149.1127,0,149.4374,0,14133,23570,-3.1515,-2.5156,-0.6359,0
2023-10-25,134.17,134.51,128.24,128.51,141.47,142.56,149.42,,,145.4478,0,148.4512,0,36343,24048,-3.9656,-2.8056,-1.1600,0
2023-10-26,129.01,131.04,127.60,129.10,139.66,141.81,148.94,,,143.0175,0,146.8343,0,17855,24102,-4.5112,-3.1468,-1.3645,0
2023-10-27,129.08,130.64,126.83,129.60,137.85,141.12,148.52,,,142.2058,0,144.9109,0,13764,23953,-4.8474,-3.4869,-1.3605,0
2023-10-30,131.25,132.26,128.38,131.06,135.97,140.58,148.16,,,142.2058,0,142.7412,0,18453,23974,-4.9391,-3.7773,-1.1617,0
2023-10-31,131.33,132.88,130.56,132.06,134.28,140.20,147.78,,,142.2058,0,140.8318,0,20232,24078,-4.8748,-3.9968,-0.8780,0
2023-11-01,131.56,132.19,129.15,132.03,132.86,139.74,147.37,,,142.2058,0,139.1516,0,30987,24485,-4.7713,-4.1517,-0.6196,0
2023-11-02,134.19,137.31,132.73,137.20,132.74,139.47,147.00,,,142.2058,0,137.6730,0,22679,24703,-4.2234,-4.1661,-0.0574,0
2023-11-03,139.91,142.17,136.42,141.44,133.35,139.34,146.77,,,142.2058,0,126.8300,1,23437,24815,-3.4078,-4.0144,0.6066,0
2023-11-06,140.79,141.05,136.70,138.46,133.50,139.04,146.44,,,142.2058,0,127.1368,1,34657,25290,-2.9677,-3.8051,0.8374,0
2023-11-07,130.00,130.52,111.20,119.75,131.92,137.66,145.70,,,140.9408,0,142.1700,0,121702,27530,-4.0816,-3.8604,-0.2212,0
2023-11-08,120.97,123.34,119.64,123.29,131.40,136.43,144.96,,,140.6727,0,141.5506,0,39206,28107,-4.6254,-4.0134,-0.6120,0
2023-11-09,124.84,124.96,121.11,121.37,130.63,135.14,144.12,,,140.6727,0,140.9436,0,22890,28073,-5.1519,-4.2411,-0.9108,0
2023-11-10,121.86,124.62,120.19,123.25,129.99,133.92,143.24,,,140.3115,0,140.3487,0,16972,27539,-5.3557,-4.4640,-0.8917,0
2023-11-13,122.56,125.44,121.85,124.01,129.29,132.63,142.36,,,140.3115,0,139.7657,0,16307,27423,-5.3937,-4.6499,-0.7438,0
2023-11-14,128.39,135.81,126.65,134.91,129.57,131.93,141.82,,,140.3115,0,139.1944,0,26969,27395,-4.4925,-4.6185,0.1259,0
2023-11-15,136.90,144.47,136.36,143.09,130.68,131.77,141.41,,,120.4348,1,111.2000,1,51555,28034,-3.0827,-4.3113,1.2286,0
2023-11-16,142.34,143.48,137.82,139.10,130.87,131.80,140.98,,,120.9698,1,111.8654,1,31242,28177,-2.2614,-3.9013,1.6400,0
2023-11-17,139.36,141.98,138.49,141.45,130.87,132.11,140.64,,,121.4759,1,112.5175,1,28078,28337,-1.4046,-3.4020,1.9974,0
2023-11-20,140.92,143.89,140.92,142.98,131.32,132.41,140.32,,,124.6308,1,113.1565,1,16972,28216,-0.5953,-2.8406,2.2454,0
2023-11-21,141.95,144.20,141.95,143.93,133.74,132.83,140.06,,,126.4032,1,113.7828,1,16365,28216,0.1214,-2.2482,2.3696,0
2023-11-22,145.08,146.84,143.20,144.28,135.84,133.62,139.82,,,128.9234,1,114.3966,1,18237,28190,0.7094,-1.6567,2.3661,0
2023-11-24,143.41,145.67,143.26,144.41,138.14,134.38,139.54,,,129.2550,1,115.6943,1,7163,27898,1.1723,-1.0909,2.2633,0
2023-11-27,143.74,145.97,143.32,145.05,140.32,135.16,139.31,,,130.1610,1,116.9401,1,21540,26855,1.5728,-0.5582,2.1309,0
2023-11-28,144.88,146.96,143.96,144.38,142.36,135.82,139.11,,,131.5244,1,118.1361,1,23057,26701,1.8151,-0.0835,1.8986,0
2023-11-29,146.47,149.01,143.81,144.33,143.30,136.44,138.93,,,132.3080,1,119.8655,1,25041,26716,1.9803,0.3293,1.6511,0
2023-11-30,145.19,145.19,142.87,144.44,143.44,137.06,138.89,,,132.3080,1,122.1971,1,33120,26888,2.0960,0.6826,1.4134,0
2023-12-01,143.95,148.92,142.35,147.84,144.31,137.59,139.00,,,132.3080,1,124.3421,1,21008,26505,2.4339,1.0329,1.4011,0
2023-12-04,146.96,150.06,146.96,149.20,145.08,137.98,139.18,,,134.9620,1,126.3156,1,25274,26583,2.7794,1.3822,1.3973,0
2023-12-05,148.75,148.76,145.24,146.71,145.46,138.39,139.33,,,134.9620,1,128.6900,1,22241,26533,2.8198,1.6697,1.1501,0
2023-12-06,148.49,152.12,148.09,150.71,146.14,139.94,139.55,,,136.4389,1,130.8270,1,35718,26525,3.1384,1.9635,1.1750,0
2023-12-07,150.94,153.58,150.34,151.46,146.85,141.35,139.84,,,138.6885,1,133.3822,1,18251,26289,3.4121,2.2532,1.1589,0
2023-12-08,150.50,154.50,150.50,153.89,147.80,142.97,140.04,,,139.3557,1,136.2099,1,21945,26053,3.7815,2.5589,1.2227,0
2023-12-11,154.01,156.12,154.01,155.52,148.85,144.58,140.28,,,142.5661,1,139.1363,1,33048,26308,4.1579,2.8787,1.2792,0
2023-12-12,155.62,155.71,154.34,155.04,149.91,146.14,140.54,,,143.3650,1,142.1934,1,23209,26493,4.3670,3.1763,1.1907,0
2023-12-13,155.22,160.00,152.71,159.94,151.48,147.39,140.95,,,143.6740,1,144.7001,1,28405,26711,4.8720,3.5155,1.3566,0
2023-12-14,162.09,167.78,160.17,166.96,153.73,148.58,141.46,,,150.2101,1,147.7601,1,39536,27202,5.7722,3.9668,1.8054,0
2023-12-15,167.91,169.26,164.55,168.15,155.76,150.03,141.98,,,153.1036,1,151.7641,1,104724,28852,6.5066,4.4748,2.0318,0
2023-12-18,169.27,170.41,166.80,166.85,157.52,151.30,142.43,,,155.1007,1,155.2633,1,41896,29470,6.9041,4.9606,1.9435,0
2023-12-19,168.31,172.11,167.59,167.86,159.64,152.55,142.90,,,156.1182,1,158.2926,1,35335,29946,7.2174,5.4120,1.8054,0
2023-12-20,168.09,170.41,164.33,164.41,161.01,153.57,143.24,,,156.1182,1,161.0561,1,35151,30223,7.1054,5.7507,1.3548,0
2023-12-21,166.70,168.54,165.44,168.36,162.70,154.78,143.65,,,156.1182,1,163.2669,1,16112,30147,7.2518,6.0509,1.2009,0
2023-12-22,169.72,171.51,168.35,168.71,164.18,155.99,144.08,,,156.3790,1,164.3300,1,17934,29854,7.3118,6.3031,1.0087,0
2023-12-26,169.80,171.94,168.80,171.27,165.76,157.30,144.55,,,157.2051,1,165.4400,1,16099,29637,7.4797,6.5384,0.9413,0
2023-12-27,171.39,172.87,170.65,171.75,167.43,158.67,144.99,,,159.2455,1,166.7740,1,17810,29580,7.5643,6.7436,0.8207,0
2023-12-28,171.94,172.24,170.30,171.53,168.59,160.03,145.44,,,159.4250,1,167.9932,1,13191,29247,7.5268,6.9002,0.6266,0
2023-12-29,170.98,172.17,167.93,168.41,168.73,161.23,145.89,,,159.4250,1,172.8700,0,18525,28536,7.1628,6.9527,0.2100,0
2024-01-02,166.64,166.70,162.61,164.30,168.35,162.05,146.40,,,159.4250,1,172.7712,0,19125,28130,6.4681,6.8558,-0.3877,0
2024-01-03,163.71,163.71,155.15,155.82,167.24,162.38,146.81,,,173.4063,0,172.3647,0,27970,28019,5.1736,6.5194,-1.3458,0
2024-01-04,156.21,156.95,154.53,155.23,165.98,162.81,147.18,,,169.0447,0,171.3319,0,20413,28037,4.0534,6.0262,-1.9728,0
2024-01-05,153.35,156.46,153.29,153.88,164.93,162.97,147.55,,,167.8002,0,169.9877,0,22128,28197,3.0219,5.4253,-2.4034,0
2024-01-08,154.70,158.09,154.00,157.51,163.84,163.27,148.13,,,167.8002,0,168.3179,0,17011,27811,2.4688,4.8340,-2.3652,0
2024-01-09,154.35,157.50,154.01,155.10,162.48,163.33,148.65,,,167.8002,0,166.8151,0,14130,27736,1.8151,4.2302,-2.4151,0
2024-01-10,155.39,159.04,154.07,159.00,161.25,163.50,149.23,,,167.8002,0,165.4626,0,15757,27776,1.5934,3.7029,-2.1095,0
2024-01-11,157.60,159.84,155.95,157.87,159.87,163.65,149.77,,,167.8002,0,164.2454,0,15976,27727,1.3114,3.2246,-1.9132,0
2024-01-12,160.48,161.07,155.30,155.69,158.28,163.43,150.24,,,167.8002,0,163.1498,0,12549,27573,0.9016,2.7600,-1.8584,0
2024-01-16,153.69,155.14,152.93,153.96,156.84,162.78,150.68,,,166.7568,0,162.1638,0,18383,27321,0.4323,2.2944,-1.8622,0
2024-01-17,151.00,152.51,150.72,151.59,155.57,161.96,150.97,,,164.0366,0,161.0700,0,22860,27324,-0.1294,1.8097,-1.9391,0
2024-01-18,151.75,158.79,151.07,156.49,155.63,161.44,151.27,,,164.0366,0,159.6210,0,29342,27443,-0.1772,1.4123,-1.5895,0
2024-01-19,157.93,157.93,154.30,157.45,155.85,160.92,151.65,,,164.0366,0,158.7900,0,21996,27189,-0.1360,1.1026,-1.2386,0
2024-01-22,159.81,163.01,159.37,161.66,156.63,160.78,152.49,,,164.0366,0,150.7200,1,15245,25060,0.2337,0.9289,-0.6951,0
2024-01-23,164.15,164.15,159.41,161.47,157.03,160.43,153.25,,,164.0366,0,150.9658,1,16195,24600,0.5055,0.8442,-0.3387,0
2024-01-24,163.76,163.76,157.53,158.37,157.36,159.92,153.99,,,164.0366,0,151.4932,1,13556,24413,0.4654,0.7684,-0.3030,0
2024-01-25,161.65,161.65,158.37,159.61,157.42,159.33,154.72,,,164.0366,0,151.9994,1,14014,24354,0.5276,0.7203,-0.1927,0
2024-01-26,160.88,160.88,156.64,157.24,157.35,158.61,155.38,,,164.0366,0,152.4855,1,11683,24262,0.3813,0.6525,-0.2712,0
2024-01-29,156.72,162.40,156.30,162.25,158.01,158.15,155.93,,,164.0366,0,152.9520,1,16111,24045,0.6619,0.6544,0.0076,0
2024-01-30,161.46,162.58,160.63,161.50,158.76,157.80,156.30,,,164.0366,0,153.4000,1,17103,23355,0.8145,0.6864,0.1281,0
2024-01-31,160.66,160.94,154.33,154.55,159.06,157.31,156.61,,,164.0366,0,153.8300,1,21343,23157,0.3703,0.6232,-0.2529,0
2024-02-01,156.24,158.33,154.14,157.40,159.15,157.39,156.93,,,164.0366,0,164.1500,0,20855,23013,0.2454,0.5476,-0.3022,0
2024-02-02,155.45,158.18,154.45,157.17,159.12,157.49,157.21,,,164.0366,0,163.9498,0,11741,22908,0.1264,0.4634,-0.3370,0
2024-02-05,155.52,156.99,154.20,155.50,158.51,157.57,157.44,,,164.0366,0,163.7536,0,13964,22860,-0.1015,0.3504,-0.4519,0
2024-02-06,155.01,158.55,153.73,158.13,158.17,157.60,157.72,,,164.0366,0,163.5613,0,10010,22696,-0.0691,0.2665,-0.3356,0
2024-02-07,158.83,161.65,157.00,160.52,158.39,157.87,158.04,,,164.0366,0,163.1681,0,17160,22896,0.1477,0.2427,-0.0950,0
2024-02-08,161.13,166.92,161.13,163.28,158.75,158.09,158.41,,,164.0366,0,153.7300,1,31676,23099,0.5361,0.3014,0.2347,0
2024-02-09,163.86,167.76,161.57,167.44,159.77,158.56,158.87,,,150.2448,1,153.9938,1,19239,23022,1.1661,0.4743,0.6918,0
2024-02-12,167.44,168.74,165.67,166.29,160.18,159.09,159.31,,,153.3058,1,154.5444,1,22250,22966,1.5547,0.6904,0.8643,0
2024-02-13,159.03,161.25,152.75,155.18,159.55,159.15,159.52,,,153.3058,1,168.7400,0,29531,22895,0.9552,0.7434,0.2118,0
2024-02-14,158.14,160.56,156.71,159.34,160.02,159.54,159.75,,,153.3058,1,168.7400,0,20603,22886,0.8064,0.7560,0.0504,0
2024-02-15,161.98,165.13,161.35,163.87,160.67,159.91,160.04,,,153.3058,1,168.4202,0,21647,22814,1.0420,0.8132,0.2288,0
2024-02-16,162.99,163.41,160.25,161.03,161.06,160.09,160.33,,,153.3058,1,168.1068,0,14992,22669,0.9882,0.8482,0.1400,0
2024-02-20,158.20,161.76,155.90,159.87,161.49,160.00,160.51,,,153.3058,1,167.7997,0,28265,22520,0.8423,0.8470,-0.0048,0
2024-02-21,158.36,158.36,155.37,157.48,161.43,159.80,160.63,,,153.3058,1,167.4987,0,23118,22617,0.5276,0.7831,-0.2555,0
2024-02-22,158.70,159.90,157.70,158.31,161.21,159.80,160.72,,,153.3058,1,167.2037,0,20596,22590,0.3413,0.6948,-0.3534,0
2024-02-23,158.05,161.40,157.22,158.54,160.73,159.74,160.78,,,153.3058,1,166.9146,0,19865,22327,0.2098,0.5978,-0.3879,0
2024-02-26,157.77,158.76,156.60,158.25,159.82,159.79,160.85,,,153.3058,1,166.6313,0,12201,22106,0.0813,0.4945,-0.4132,0
2024-02-27,158.55,159.41,155.69,157.31,158.92,159.55,160.79,,,153.3058,1,166.3537,0,33177,22202,-0.0953,0.3765,-0.4719,0
2024-02-28,158.40,168.30,157.06,167.45,160.14,159.85,160.80,,,153.3058,1,152.7500,1,44726,22306,0.5763,0.4165,0.1598,0
2024-02-29,169.99,174.46,169.18,172.94,161.50,160.76,160.90,,,155.5927,1,153.0610,1,74797,21707,1.5338,0.6399,0.8939,0
2024-03-01,173.27,176.09,172.64,175.28,162.65,161.66,161.07,,,158.7254,1,153.9170,1,24644,21362,2.4532,1.0026,1.4506,0
2024-03-04,176.78,177.76,174.32,176.39,164.18,162.62,161.24,152.95,,160.9324,1,155.2473,1,21872,21093,3.2342,1.4489,1.7852,0
2024-03-05,174.59,174.95,168.76,169.70,165.16,163.33,161.34,152.90,,160.9324,1,157.0484,1,20958,20809,3.2755,1.8142,1.4612,0
2024-03-06,172.45,175.00,171.29,173.93,166.81,164.12,161.46,152.89,,160.9324,1,158.7053,1,21550,20918,3.6079,2.1730,1.4350,0
2024-03-07,175.54,180.40,175.54,178.38,168.82,165.01,161.65,152.91,,161.7304,1,160.2297,1,25241,21064,4.1823,2.5748,1.6075,0
2024-03-08,180.02,181.89,176.15,176.54,170.62,165.68,161.75,152.92,,162.6824,1,162.2467,1,16895,21080,4.4378,2.9474,1.4904,0
2024-03-11,176.70,176.70,173.97,175.74,172.37,166.09,161.83,152.94,,162.6824,1,164.6039,1,14042,21004,4.5237,3.2627,1.2610,0
2024-03-12,175.65,176.59,173.65,176.42,174.28,166.60,161.93,152.96,,162.6824,1,166.6782,1,11520,20971,4.5936,3.5289,1.0647,0
2024-03-13,175.50,177.20,174.50,174.81,175.01,167.58,162.06,153.11,,162.6824,1,168.5036,1,24019,21081,4.4676,3.7166,0.7510,0
2024-03-14,174.50,174.57,169.05,170.67,174.79,168.15,162.19,153.22,,162.6824,1,181.8900,0,18979,21078,3.9877,3.7708,0.2169,0
2024-03-15,169.18,174.97,167.87,173.25,174.58,168.61,162.54,153.34,,162.6824,1,181.6332,0,60759,21734,3.7721,3.7711,0.0010,0
2024-03-18,173.29,175.40,168.52,168.93,173.84,169.01,162.81,153.44,,162.6824,1,181.0827,0,17670,21679,3.2156,3.6600,-0.4444,0
2024-03-19,168.83,173.22,168.71,171.38,174.00,169.58,163.16,153.54,,162.6824,1,180.5542,0,17601,21588,2.9384,3.5157,-0.5773,0
2024-03-20,170.57,175.74,168.64,174.38,174.05,170.43,163.50,153.68,,162.6824,1,180.0468,0,15869,21565,2.9270,3.3979,-0.4709,0
2024-03-21,175.25,178.47,173.34,175.68,173.78,171.30,163.91,153.83,,162.6824,1,179.5597,0,22628,21735,2.9884,3.3160,-0.3276,0
2024-03-22,176.60,176.60,172.83,173.07,173.43,172.02,164.19,153.98,,162.6824,1,179.0921,0,17376,21768,2.7943,3.2117,-0.4174,0
2024-03-25,173.56,174.36,171.92,173.66,173.23,172.80,164.51,154.14,,162.6824,1,178.6433,0,13198,21712,2.6574,3.1008,-0.4434,0
2024-03-26,175.11,176.22,171.32,172.64,172.85,173.56,164.85,154.29,,162.6824,1,178.2123,0,21045,21882,2.4386,2.9684,-0.5298,0
2024-03-27,174.12,174.69,172.65,173.80,172.75,173.88,165.24,154.43,,162.6824,1,177.7986,0,35838,22231,2.3318,2.8411,-0.5093,0
2024-03-28,173.73,175.17,172.57,174.77,173.16,173.97,165.71,154.56,,162.6824,1,177.4015,0,24066,22255,2.2990,2.7326,-0.4337,0
2024-04-01,174.73,175.12,171.12,172.15,173.05,173.81,166.02,154.69,,162.6824,1,177.0202,0,13893,21946,2.0381,2.5937,-0.5557,0
2024-04-02,169.41,169.91,165.94,167.96,172.95,173.39,166.23,154.77,,162.6824,1,176.6542,0,17552,21857,1.4762,2.3702,-0.8941,0
2024-04-03,166.00,169.90,166.00,168.61,172.67,173.34,166.37,154.85,,162.6824,1,176.0114,0,20537,21963,1.0710,2.1104,-1.0394,0
2024-04-04,170.81,173.39,166.13,167.56,171.99,173.02,166.49,154.90,,162.6824,1,175.4071,0,18096,22001,0.6575,1.8198,-1.1623,0
2024-04-05,166.35,169.20,166.35,168.41,171.26,172.52,166.69,154.93,,162.6824,1,174.8391,0,15443,22039,0.3939,1.5346,-1.1407,0
2024-04-08,169.11,171.85,167.64,168.60,170.82,172.12,166.87,154.94,,162.6824,1,174.3051,0,19962,22158,0.1981,1.2673,-1.0692,0
2024-04-09,168.91,171.53,168.44,170.49,170.50,171.86,167.14,154.96,,162.6824,1,173.8032,0,14134,22207,0.1931,1.0525,-0.8593,0
2024-04-10,164.19,166.24,161.74,163.87,169.62,171.23,167.17,154.97,,162.6824,1,173.3314,0,30791,22501,-0.3410,0.7738,-1.1148,0
2024-04-11,164.95,168.05,163.86,167.44,168.99,170.87,167.29,155.00,,162.6824,1,172.4041,0,18954,22538,-0.4709,0.5248,-0.9957,0
2024-04-12,165.35,167.95,161.50,163.00,167.81,170.48,167.46,155.01,,162.6824,1,171.5510,0,19169,22494,-0.9214,0.2356,-1.1570,0
2024-04-15,163.81,164.90,159.90,161.18,166.71,169.88,167.53,155.03,,177.2261,0,170.5459,0,22340,22524,-1.4091,-0.0933,-1.3157,0
2024-04-16,159.78,160.66,157.64,158.78,165.79,169.37,167.56,155.03,,173.5555,0,169.2684,0,23515,22759,-1.9665,-0.4680,-1.4986,0
2024-04-17,160.36,160.36,154.04,154.50,164.38,168.53,167.54,155.02,,172.0610,0,167.6404,0,23391,22948,-2.7223,-0.9188,-1.8035,0
2024-04-18,154.24,154.53,149.73,150.02,162.63,167.31,167.38,154.97,,166.9449,0,165.4643,0,28534,23318,-3.6408,-1.4632,-2.1776,0
2024-04-19,149.04,150.67,146.86,149.41,160.73,166.00,167.16,154.91,,163.2414,0,162.6322,0,24055,23456,-4.3676,-2.0441,-2.3235,0
2024-04-22,150.99,154.53,150.12,153.11,159.18,165.00,166.96,154.89,,163.2414,0,159.4777,0,22278,23268,-4.5921,-2.5537,-2.0384,0
2024-04-23,153.86,160.52,152.02,159.38,158.07,164.28,166.79,154.93,,163.2414,0,146.8600,1,26393,23411,-4.2155,-2.8861,-1.3294,0
2024-04-24,158.11,160.28,155.68,157.81,157.46,163.54,166.63,154.95,,163.2414,0,147.1332,1,16775,23302,-3.9976,-3.1084,-0.8892,0
2024-04-25,155.41,156.89,154.54,156.25,156.34,162.67,166.65,155.02,,163.2414,0,147.4009,1,20875,23129,-3.9058,-3.2679,-0.6379,0
2024-04-26,157.11,160.29,156.37,159.41,155.99,161.90,166.65,155.13,,163.2414,0,147.6633,1,18890,23095,-3.5373,-3.3217,-0.2155,0
2024-04-29,159.68,160.47,159.06,160.03,155.87,161.29,166.57,155.27,,163.2414,0,147.9205,1,14067,22943,-3.1588,-3.2891,0.1304,0
2024-04-30,157.53,159.95,156.07,156.50,155.64,160.72,166.48,155.38,,163.2414,0,148.1724,1,28733,23218,-3.1078,-3.2529,0.1451,0
2024-05-01,156.98,160.98,154.20,156.78,155.87,160.13,166.42,155.50,,163.2414,0,148.4194,1,24818,23149,-3.0102,-3.2043,0.1942,0
2024-05-02,159.50,160.29,156.09,159.65,156.83,159.73,166.46,155.65,,163.2414,0,148.9218,1,14592,22978,-2.6704,-3.0976,0.4272,0
2024-05-03,162.67,164.01,158.76,159.89,157.88,159.31,166.49,155.75,,163.2414,0,149.4041,1,19698,22960,-2.3546,-2.9490,0.5943,0
2024-05-06,161.61,163.46,159.66,161.14,158.68,158.93,166.55,155.87,,163.2414,0,150.2805,1,23430,23032,-1.9807,-2.7553,0.7746,0
2024-05-07,158.11,166.53,157.28,161.84,158.93,158.50,166.62,156.00,,163.2414,0,151.1043,1,44765,23683,-1.6093,-2.5261,0.9168,0
2024-05-08,158.99,160.27,156.32,158.57,159.01,158.23,166.64,156.13,,163.2414,0,152.3383,1,31508,23650,-1.5608,-2.3330,0.7722,0
2024-05-09,158.17,162.89,157.84,161.77,159.56,157.95,166.53,156.27,,163.2414,0,153.4737,1,21435,23184,-1.2498,-2.1164,0.8666,0
2024-05-10,163.12,163.31,161.08,161.28,159.74,157.87,166.30,156.39,,163.2414,0,154.5182,1,18305,22054,-1.0309,-1.8993,0.8684,0
2024-05-13,162.55,165.33,161.93,162.78,160.02,157.95,166.05,156.52,,163.2414,0,155.4791,1,26387,22089,-0.7281,-1.6651,0.9370,0
2024-05-14,165.63,165.70,163.73,164.63,160.83,158.24,165.81,156.65,156.17,151.0063,1,156.3632,1,16858,21988,-0.3349,-1.3990,1.0641,0
2024-05-15,166.94,169.31,166.52,167.90,161.94,158.91,165.78,156.79,156.12,154.1731,1,157.1765,1,32740,22224,0.2378,-1.0717,1.3094,0
2024-05-16,167.04,167.08,164.17,164.55,162.44,159.63,165.59,156.90,156.06,154.1731,1,158.3899,1,24057,22274,0.4165,-0.7740,1.1906,0
2024-05-17,165.21,166.13,162.25,163.00,162.75,160.31,165.28,157.00,156.00,154.1731,1,159.4819,1,15452,22079,0.4282,-0.5336,0.9618,0
2024-05-20,162.01,166.81,160.16,165.52,163.18,160.93,165.06,157.12,155.95,154.1731,1,169.3100,0,20624,22153,0.6335,-0.3002,0.9336,0
2024-05-21,164.50,166.70,163.73,165.81,163.58,161.26,164.86,157.23,155.92,154.1731,1,169.1270,0,14326,22159,0.8102,-0.0781,0.8883,0
2024-05-22,165.02,166.68,163.92,164.66,164.19,161.60,164.63,157.33,155.88,154.1731,1,168.9477,0,9089,22110,0.8477,0.1071,0.7406,0
2024-05-23,165.25,165.25,161.29,162.36,164.25,161.90,164.38,157.44,155.92,154.1731,1,168.7719,0,17226,21974,0.6840,0.2224,0.4615,0
2024-05-24,163.35,164.54,161.91,164.46,164.57,162.16,164.25,157.61,155.98,154.1731,1,168.5997,0,18535,21965,0.7154,0.3210,0.3944,0
2024-05-28,165.82,166.70,161.97,162.91,164.58,162.30,164.05,157.80,156.02,154.1731,1,168.4309,0,9693,20944,0.6082,0.3785,0.2297,0
2024-05-29,160.05,160.77,157.90,158.15,163.93,162.38,163.83,157.94,156.04,154.1731,1,168.2655,0,13300,20857,0.1376,0.3303,-0.1927,0
2024-05-30,159.28,161.46,158.82,159.09,163.05,162.50,163.58,158.10,156.05,154.1731,1,167.8508,0,12616,20757,-0.1577,0.2327,-0.3904,0
2024-05-31,159.59,162.42,158.67,162.16,162.81,162.62,163.34,158.32,156.10,154.1731,1,167.4528,0,25410,20948,-0.1424,0.1577,-0.3000,0
2024-06-03,163.93,163.93,158.24,161.54,162.67,162.71,163.06,158.54,156.14,154.1731,1,167.0707,0,16703,20829,-0.1782,0.0905,-0.2687,0
2024-06-04,159.89,161.48,157.84,159.19,162.03,162.61,162.78,158.73,156.18,154.1731,1,166.7039,0,12242,20727,-0.3917,-0.0059,-0.3857,0
2024-06-05,160.47,164.94,160.18,164.79,161.93,162.76,162.60,158.96,156.26,154.1731,1,166.1720,0,12722,20717,-0.1078,-0.0263,-0.0815,0
2024-06-06,164.22,165.27,161.56,162.43,161.71,162.95,162.40,159.16,156.32,154.1731,1,165.6721,0,11662,20530,-0.0723,-0.0355,-0.0368,0
2024-06-07,160.78,161.51,158.48,160.93,161.56,162.91,162.14,159.35,156.36,154.1731,1,165.2700,0,14918,20111,-0.1634,-0.0611,-0.1024,0
2024-06-10,158.60,161.95,158.20,161.15,161.23,162.90,161.87,159.51,156.39,154.1731,1,165.2700,0,17243,19975,-0.2154,-0.0920,-0.1234,0
2024-06-11,159.68,161.57,158.32,160.29,160.97,162.78,161.63,159.64,156.42,154.1731,1,164.8242,0,18642,20070,-0.3223,-0.1380,-0.1842,0
2024-06-12,164.99,168.81,164.14,164.79,161.64,162.78,161.57,159.82,156.47,154.1731,1,157.8400,1,19363,20106,-0.0433,-0.1191,0.0757,0
2024-06-13,164.44,164.96,160.35,164.44,162.17,162.61,161.48,160.11,156.51,154.1731,1,158.0594,1,16197,20019,0.1478,-0.0657,0.2135,0
2024-06-14,162.42,162.42,159.24,161.26,162.08,162.45,161.36,160.37,156.52,154.1731,1,158.2744,1,18787,20033,0.0421,-0.0441,0.0863,0
2024-06-17,160.13,165.29,159.61,164.32,162.36,162.51,161.28,160.65,156.52,154.1731,1,158.4851,1,14477,20014,0.2030,0.0053,0.1977,0
2024-06-18,164.37,166.92,164.37,165.50,162.99,162.51,161.21,160.93,156.51,154.1731,1,158.6916,1,20588,20026,0.4209,0.0884,0.3325,0
2024-06-20,164.59,166.63,164.46,165.18,163.03,162.48,161.11,161.21,156.50,154.1731,1,158.8940,1,27602,20295,0.5612,0.1830,0.3782,0
2024-06-21,165.50,167.57,164.89,167.36,163.52,162.61,161.18,161.43,156.52,154.1731,1,159.0923,1,66124,21002,0.8387,0.3141,0.5246,0
2024-06-24,167.01,167.46,164.60,165.89,164.02,162.79,161.15,161.58,156.54,154.1731,1,159.2867,1,19675,21016,0.9293,0.4371,0.4921,0
2024-06-25,165.98,166.41,161.05,161.37,164.04,162.64,161.11,161.73,156.54,154.1731,1,159.4771,1,25868,21150,0.6291,0.4755,0.1535,0
2024-06-26,160.06,161.59,159.45,160.49,164.06,162.52,161.10,161.85,156.55,154.1731,1,168.8100,0,25406,21212,0.3165,0.4437,-0.1272,0
2024-06-27,161.52,163.56,161.40,163.37,163.92,162.78,161.19,161.99,156.57,154.1731,1,168.6228,0,16925,21080,0.2977,0.4145,-0.1168,0
2024-06-28,165.14,165.88,161.48,163.11,163.78,162.98,161.36,162.12,156.60,154.1731,1,168.4393,0,56469,21742,0.2589,0.3834,-0.1245,0.00
2024-07-01,163.11,163.11,157.50,157.79,163.44,162.76,161.52,162.21,156.61,154.1731,1,168.2596,0,23258,21636,-0.1988,0.2670,-0.4658,0.00
2024-07-02,158.61,160.65,158.61,160.29,163.03,162.70,161.74,162.31,156.62,154.1731,1,167.8292,0,14298,21441,-0.3558,0.1424,-0.4982,0.00
2024-07-03,161.29,161.45,158.95,160.29,162.51,162.75,161.88,162.41,156.64,154.1731,1,167.4160,0,15580,21307,-0.4747,0.0190,-0.4937,0.00
2024-07-05,160.18,160.22,156.90,159.40,161.94,162.48,161.88,162.51,156.66,154.1731,1,167.0194,0,22109,21221,-0.6334,-0.1115,-0.5219,0.00
2024-07-08,160.99,162.35,159.98,160.24,161.22,162.37,161.93,162.62,156.70,154.1731,1,166.4122,0,17034,21226,-0.6836,-0.2259,-0.4577,0.00
2024-07-09,159.91,162.38,158.69,161.65,160.80,162.41,162.04,162.74,156.77,154.1731,1,165.8415,0,30099,21411,-0.6026,-0.3013,-0.3014,0.00
2024-07-10,162.35,162.35,156.79,159.14,160.58,162.31,162.03,162.81,156.86,154.1731,1,165.3050,0,20831,21450,-0.7325,-0.3875,-0.3450,0.00
2024-07-11,163.80,167.49,162.00,165.59,161.09,162.57,162.14,162.92,156.99,154.1731,1,156.7900,1,27985,21728,-0.3114,-0.3723,0.0609,0.00
2024-07-12,168.41,174.09,167.44,171.82,161.93,162.92,162.45,163.09,157.15,156.5498,1,156.7900,1,57714,22308,0.5190,-0.1940,0.7130,0.00
2024-07-15,173.30,175.56,172.83,173.23,162.94,163.36,162.78,163.24,157.32,160.2793,1,157.4820,1,41246,22636,1.2762,0.1000,1.1762,0.00
2024-07-16,175.66,186.70,174.97,186.20,165.78,164.61,163.31,163.47,157.56,164.2699,1,158.5667,1,54482,23434,2.8896,0.6579,2.2316,56.55
2024-07-17,184.03,187.12,181.74,182.13,167.97,165.50,163.75,163.66,157.75,167.9074,1,160.8173,1,35625,23753,3.7960,1.2855,2.5104,58.21
2024-07-18,180.92,184.46,176.73,178.71,169.81,166.16,164.11,163.81,157.93,167.9074,1,163.4476,1,21374,23711,4.1900,1.8664,2.3236,57.82
2024-07-19,179.25,179.25,172.24,172.49,171.12,166.53,164.32,163.93,158.08,167.9074,1,165.8148,1,21734,23251,3.9549,2.2841,1.6707,48.81
2024-07-22,173.75,178.85,173.03,178.54,172.95,167.09,164.72,164.05,158.28,167.9074,1,167.9454,1,26388,23148,4.2081,2.6689,1.5392,52.16
2024-07-23,177.34,182.70,176.75,181.99,174.98,167.89,165.12,164.15,158.48,167.9074,1,169.8628,1,23513,23190,4.6339,3.0619,1.5719,55.28
2024-07-24,180.18,185.37,179.37,181.85,177.26,168.92,165.53,164.24,158.68,167.9074,1,171.5885,1,51955,23863,4.9034,3.4302,1.4732,64.52
2024-07-25,181.85,185.09,177.76,182.40,178.94,170.01,165.93,164.35,158.87,167.9074,1,173.1417,1,49084,24317,5.1026,3.7647,1.3379,62.75
2024-07-26,186.36,187.00,183.12,185.16,180.27,171.10,166.34,164.46,159.07,167.9074,1,174.5395,1,25478,24489,5.4207,4.0959,1.3248,61.28
2024-07-29,185.75,186.48,174.82,180.89,181.04,171.99,166.60,164.57,159.24,167.9074,1,187.1200,0,24474,24324,5.2675,4.3302,0.9373,58.86
2024-07-30,182.49,182.49,178.90,179.38,180.35,173.07,166.89,164.65,159.40,167.9074,1,187.0000,0,18889,24221,4.9670,4.4576,0.5094,63.01
2024-07-31,180.00,185.98,178.19,181.18,180.26,174.11,167.26,164.73,159.57,167.9074,1,186.7564,0,46563,24843,4.8185,4.5297,0.2888,61.50
2024-08-01,180.61,182.22,168.39,170.30,179.42,174.61,167.35,164.72,159.68,167.9074,1,186.5177,0,36325,25157,3.7794,4.3797,-0.6003,51.96
2024-08-02,161.66,164.45,147.63,162.69,178.44,174.78,167.29,164.66,159.74,182.0277,0,185.9800,0,33498,25540,2.3151,3.9668,-1.6517,46.08
2024-08-05,154.75,158.15,153.26,156.50,176.23,174.59,167.13,164.56,159.78,181.9230,0,183.6790,0,42599,26211,0.6477,3.3029,-2.6553,43.38
2024-08-06,156.50,173.37,154.15,170.19,175.05,175.02,167.28,164.57,159.90,181.9230,0,181.5161,0,44300,26752,0.4260,2.7276,-2.3015,59.70
2024-08-07,174.36,175.90,167.62,168.35,173.70,175.48,167.36,164.60,160.05,181.9230,0,179.4829,0,32205,27025,0.1007,2.2022,-2.1015,56.81
2024-08-08,170.70,175.11,168.60,174.11,172.88,175.91,167.59,164.72,160.25,181.9230,0,177.5717,0,20232,27236,0.3042,1.8226,-1.5184,60.04
2024-08-09,173.13,173.39,169.65,171.22,171.48,175.88,167.85,164.83,160.42,181.9230,0,175.9000,0,27344,27517,0.2296,1.5040,-1.2744,55.62
2024-08-12,171.53,173.23,170.28,171.40,170.53,175.78,168.09,164.95,160.60,181.9230,0,175.1100,0,18340,27632,0.1829,1.2398,-1.0569,55.96
2024-08-13,173.00,178.35,172.24,176.85,170.28,175.32,168.39,165.08,160.84,181.9230,0,147.6300,1,21240,27548,0.5790,1.1076,-0.5286,58.70
2024-08-14,177.99,178.09,171.28,173.55,169.52,174.89,168.63,165.20,161.06,181.9230,0,148.2444,1,19455,27603,0.6195,1.0100,-0.3905,55.93
2024-08-15,178.50,182.08,176.82,180.40,170.53,174.97,169.05,165.34,161.31,181.9230,0,148.8465,1,18220,27723,1.1905,1.0461,0.1445,61.31
2024-08-16,179.90,182.09,178.34,180.32,172.29,175.36,169.36,165.49,161.56,181.9230,0,150.1759,1,17599,27820,1.6180,1.1605,0.4576,57.73
2024-08-19,180.47,181.80,179.19,181.16,174.76,175.49,169.74,165.66,161.81,181.9230,0,152.0907,1,16667,27920,2.0015,1.3287,0.6728,56.54
2024-08-20,180.20,181.10,176.59,177.18,175.45,175.25,170.06,165.81,162.03,181.9230,0,153.8907,1,18055,27983,1.9617,1.4553,0.5064,55.00
2024-08-21,178.82,183.03,178.53,182.76,176.89,175.30,170.49,166.02,162.26,160.4781,1,155.5826,1,20396,28046,2.3532,1.6349,0.7184,56.35
2024-08-22,183.45,183.85,180.38,180.57,177.54,175.21,170.90,166.18,162.45,162.8023,1,157.7784,1,18563,28045,2.4585,1.7996,0.6589,53.77
2024-08-23,182.50,186.20,179.13,183.54,178.77,175.13,171.27,166.36,162.68,163.1626,1,160.3856,1,29477,28247,2.7499,1.9897,0.7602,53.39
2024-08-26,185.20,186.75,181.91,182.54,179.89,175.21,171.64,166.50,162.99,165.3258,1,163.4833,1,20043,28324,2.8670,2.1651,0.7019,54.04
2024-08-27,180.60,183.75,180.35,182.01,180.40,175.34,172.05,166.63,163.29,165.3258,1,166.7406,1,15689,28262,2.8839,2.3089,0.5750,54.62
2024-08-28,181.58,182.76,179.09,180.37,181.08,175.30,172.37,166.78,163.58,165.3258,1,169.5420,1,19336,28359,2.7334,2.3938,0.3396,51.67
2024-08-29,181.49,186.14,181.27,182.54,181.30,175.91,172.71,166.93,163.88,166.3029,1,171.9511,1,16958,28286,2.7575,2.4665,0.2909,51.61
2024-08-30,184.22,184.60,179.75,183.28,181.59,176.94,173.08,167.11,164.18,166.3029,1,174.0229,1,54966,28834,2.8039,2.5340,0.2699,52.58
2024-09-03,180.78,182.11,172.51,173.09,180.79,177.77,173.19,167.18,164.37,166.3029,1,186.7500,0,26604,28043,1.9955,2.4263,-0.4308,42.31
2024-09-04,172.11,175.14,170.90,173.86,180.46,177.95,173.35,167.26,164.52,166.3029,1,186.4652,0,19924,28048,1.4008,2.2212,-0.8204,44.37
2024-09-05,173.71,174.62,171.96,172.69,179.45,178.17,173.58,167.38,164.69,166.3029,1,185.8426,0,16665,27864,0.8255,1.9421,-1.1165,45.47
2024-09-06,172.64,172.64,167.37,168.40,178.23,177.89,173.73,167.46,164.82,166.3029,1,185.2449,0,18069,27717,0.0232,1.5583,-1.5351,43.89
2024-09-09,168.82,170.25,166.46,168.03,176.68,177.73,173.83,167.53,164.95,166.3029,1,184.1724,0,23961,27858,-0.6352,1.1196,-1.7548,43.05
2024-09-10,167.75,169.41,165.89,168.42,175.27,177.58,173.93,167.61,165.07,166.3029,1,182.7554,0,18863,27106,-1.1126,0.6732,-1.7858,44.12
2024-09-11,167.25,168.09,163.58,167.00,173.77,177.09,174.12,167.67,165.18,166.3029,1,181.0689,0,24349,27128,-1.5873,0.2211,-1.8084,41.51
2024-09-12,168.29,170.34,165.68,168.41,172.57,176.83,174.28,167.73,165.30,166.3029,1,178.9702,0,19384,27230,-1.8286,-0.1889,-1.6398,42.42
2024-09-13,170.31,173.15,170.01,171.12,171.43,176.36,174.50,167.78,165.43,166.3029,1,177.1234,0,18447,27287,-1.7807,-0.5072,-1.2735,39.54
2024-09-16,170.90,172.46,170.04,171.74,170.28,175.94,174.74,167.81,165.57,166.3029,1,175.4982,0,16762,27180,-1.6734,-0.7405,-0.9329,38.46
2024-09-17,173.03,174.67,170.17,171.03,170.07,175.43,174.96,167.84,165.71,166.3029,1,163.5800,1,21191,27263,-1.6269,-0.9178,-0.7091,36.76
2024-09-18,171.03,172.83,168.58,168.83,169.57,175.01,175.10,167.93,165.83,166.3029,1,163.8018,1,32804,27317,-1.7474,-1.0837,-0.6637,34.72
2024-09-19,174.61,175.46,170.87,174.37,169.73,174.59,175.41,168.03,165.96,166.3029,1,164.0192,1,23139,27363,-1.3800,-1.1429,-0.2370,37.97
2024-09-20,174.23,176.11,170.99,174.53,170.35,174.29,175.59,168.10,166.09,166.3029,1,164.4768,1,83338,28470,-1.0636,-1.1271,0.0635,42.11
2024-09-23,176.00,176.63,174.51,176.36,171.18,173.93,175.68,168.20,166.23,166.3029,1,165.1748,1,19012,27696,-0.6577,-1.0332,0.3755,45.49
2024-09-24,177.68,179.05,175.47,177.15,172.05,173.66,175.76,168.32,166.37,166.3029,1,166.0912,1,20744,27286,-0.2691,-0.8804,0.6113,45.53
2024-09-25,177.36,177.36,172.77,173.35,172.69,173.23,175.50,168.42,166.48,166.3029,1,167.3871,1,18930,26575,-0.2647,-0.7572,0.4925,43.92
2024-09-26,176.90,178.98,176.38,178.28,173.68,173.12,175.42,168.56,166.60,166.3029,1,168.5534,1,22695,26317,0.1350,-0.5788,0.7138,47.57
2024-09-27,179.99,181.58,175.36,176.47,174.21,172.82,175.38,168.68,166.70,166.3029,1,169.6030,1,23523,26360,0.3023,-0.4026,0.7048,43.88
2024-09-30,175.50,181.69,175.50,178.92,174.93,172.60,175.51,168.81,166.82,166.3029,1,171.0403,1,41205,26749,0.6253,-0.1970,0.8223,45.26
2024-10-01,177.99,177.99,172.60,174.81,175.31,172.69,175.43,168.93,166.90,166.3029,1,172.5312,1,33511,26892,0.5434,-0.0489,0.5923,42.54
2024-10-02,173.13,177.55,173.13,175.64,175.99,172.78,175.30,168.99,166.94,166.3029,1,172.6000,1,28963,27001,0.5392,0.0687,0.4705,45.72
2024-10-03,174.18,176.22,171.70,171.84,175.73,172.73,175.10,168.98,166.96,166.3029,1,181.6900,0,15809,26278,0.2267,0.1003,0.1264,40.63
2024-10-04,175.40,176.42,172.03,175.00,175.78,173.06,174.96,168.98,167.00,166.3029,1,181.4902,0,21980,25736,0.2313,0.1265,0.1048,46.57
2024-10-07,173.69,175.09,172.76,174.96,175.64,173.41,174.75,168.97,167.03,166.3029,1,181.2944,0,13489,25496,0.2291,0.1470,0.0821,46.44
2024-10-08,175.47,175.68,173.61,174.56,175.38,173.72,174.62,169.00,167.09,166.3029,1,181.1025,0,16758,25342,0.1929,0.1562,0.0367,43.68
2024-10-09,174.56,177.70,171.74,174.98,175.55,174.12,174.54,169.01,167.12,166.3029,1,180.9145,0,24357,25451,0.1958,0.1641,0.0317,44.75
2024-10-10,172.37,172.37,168.98,170.74,174.79,174.23,174.33,168.96,167.13,166.3029,1,180.7302,0,31911,25158,-0.1424,0.1028,-0.2452,40.72
2024-10-11,170.37,177.04,169.97,175.02,174.65,174.43,174.42,168.95,167.15,166.3029,1,180.2602,0,34566,25123,-0.0643,0.0694,-0.1337,44.63
2024-10-14,175.50,177.12,175.07,176.44,174.40,174.66,174.70,168.95,167.17,166.3029,1,179.8090,0,14697,24747,0.1109,0.0777,0.0332,43.79
2024-10-15,176.63,179.01,175.80,176.44,174.56,174.93,175.10,168.95,167.20,166.3029,1,179.3758,0,23008,24355,0.2469,0.1115,0.1354,45.06
2024-10-16,179.08,179.52,176.30,177.75,174.77,175.38,175.25,168.97,167.24,166.3029,1,168.9800,1,25205,23973,0.4551,0.1803,0.2749,42.91
2024-10-17,179.11,179.80,174.83,177.09,175.30,175.52,175.42,169.01,167.31,166.3029,1,169.1908,1,17585,23681,0.5604,0.2563,0.3041,41.07
2024-10-18,178.42,178.94,176.91,178.53,175.65,175.72,175.51,169.05,167.42,166.3029,1,169.6152,1,19138,23659,0.7514,0.3553,0.3961,41.26
2024-10-21,177.74,177.74,173.27,175.03,175.66,175.65,175.59,169.09,167.52,166.3029,1,170.0226,1,11272,23337,0.6133,0.4069,0.2064,40.03
2024-10-22,174.63,174.63,171.43,172.00,175.40,175.39,175.60,169.09,167.61,166.3029,1,170.4137,1,19230,23355,0.2564,0.3768,-0.1204,37.01
2024-10-23,171.12,172.44,169.84,171.92,175.10,175.32,175.50,169.08,167.68,166.3029,1,179.8000,0,13410,23198,-0.0325,0.2949,-0.3275,46.44
2024-10-24,172.37,173.30,171.12,172.70,175.29,175.04,175.48,169.06,167.77,166.3029,1,179.6008,0,20258,23214,-0.1963,0.1967,-0.3930,45.71
2024-10-25,174.45,176.20,172.36,173.02,175.09,174.87,175.34,169.06,167.84,166.3029,1,179.4056,0,18825,23227,-0.2969,0.0980,-0.3949,46.17
2024-10-28,174.90,177.69,174.81,176.25,175.07,174.74,175.25,169.07,167.93,166.3029,1,179.2143,0,18383,23242,-0.1146,0.0555,-0.1701,50.86
2024-10-29,174.77,177.41,173.01,177.22,175.15,174.86,175.18,169.10,168.04,166.3029,1,179.0268,0,15489,23219,0.1069,0.0657,0.0411,53.62
2024-10-30,176.07,179.09,173.48,173.65,174.74,174.76,175.10,169.10,168.14,166.3029,1,169.8400,1,17816,23214,-0.0056,0.0515,-0.0571,49.10
2024-10-31,173.65,173.65,169.45,170.24,174.06,174.68,174.85,169.07,168.23,166.3029,1,179.0900,0,35631,23519,-0.3657,-0.0320,-0.3337,40.63
2024-11-01,171.47,174.92,170.57,174.22,173.63,174.64,174.73,169.09,168.32,166.3029,1,179.0900,0,37213,23892,-0.3262,-0.0908,-0.2353,45.46
2024-11-04,173.53,175.92,172.60,174.17,173.54,174.60,174.54,169.13,168.40,166.3029,1,178.8972,0,27832,23859,-0.2954,-0.1317,-0.1637,42.95
2024-11-05,159.69,165.58,154.16,164.67,172.81,174.10,174.18,169.10,168.42,177.0246,0,178.7083,0,61290,24684,-1.0258,-0.3106,-0.7153,31.42
2024-11-06,174.14,184.11,171.93,181.94,173.81,174.45,174.18,169.20,168.52,156.7488,1,154.1600,1,67336,25717,-0.2087,-0.2902,0.0814,42.99
2024-11-07,182.55,182.69,178.73,181.52,174.69,174.99,174.20,169.28,168.64,160.3780,1,154.1600,1,30786,25946,0.4003,-0.1521,0.5524,42.72
2024-11-08,182.08,183.38,179.87,182.65,175.65,175.37,174.21,169.38,168.75,162.2732,1,154.7590,1,26393,26134,0.9631,0.0709,0.8921,45.83
2024-11-11,183.85,183.85,178.02,178.76,175.90,175.49,174.12,169.43,168.86,162.2732,1,155.3460,1,25062,25536,1.0827,0.2733,0.8094,37.97
2024-11-12,178.62,179.68,173.99,174.71,175.65,175.40,174.15,169.51,168.92,162.2732,1,155.9213,1,25595,25516,0.8410,0.3868,0.4542,36.20
2024-11-13,175.46,175.92,170.09,170.17,175.31,175.02,174.07,169.52,168.96,162.2732,1,156.4851,1,31720,25752,0.2799,0.3654,-0.0856,34.13
2024-11-14,169.01,171.81,168.08,169.71,175.25,174.65,174.02,169.57,169.04,162.2732,1,157.0376,1,49284,26404,-0.1996,0.2524,-0.4521,33.28
2024-11-15,170.16,170.95,167.52,168.19,174.65,174.14,174.01,169.62,169.09,162.2732,1,157.5790,1,35454,26752,-0.6943,0.0631,-0.7574,32.24
2024-11-18,168.39,168.39,165.42,165.77,173.81,173.67,173.97,169.66,169.14,162.2732,1,158.1096,1,32706,26927,-1.2670,-0.2029,-1.0640,29.18
2024-11-19,163.27,166.66,162.40,165.72,173.91,173.36,173.91,169.74,169.19,162.2732,1,158.6297,1,62609,27802,-1.7052,-0.5034,-1.2018,30.02
2024-11-20,164.52,165.43,163.52,164.94,172.21,173.01,173.87,169.84,169.22,162.2732,1,159.1393,1,37309,28061,-2.0914,-0.8210,-1.2704,29.33
2024-11-21,166.30,166.84,164.59,164.72,170.53,172.61,173.80,169.94,169.24,162.2732,1,159.6387,1,52974,28733,-2.3876,-1.1343,-1.2533,26.43
2024-11-22,165.35,170.22,164.17,169.79,169.25,172.45,173.77,170.05,169.28,162.2732,1,160.1281,1,56523,29494,-2.1881,-1.3451,-0.8430,27.88
2024-11-25,172.20,175.83,172.12,173.43,168.72,172.31,173.80,170.14,169.31,162.2732,1,160.6077,1,60250,30364,-1.7164,-1.4193,-0.2971,29.26
2024-11-26,173.41,173.41,166.27,166.62,167.91,171.78,173.72,170.20,169.31,162.2732,1,161.0778,1,31591,30572,-1.8706,-1.5096,-0.3610,23.56
2024-11-27,166.81,168.06,163.61,164.03,167.29,171.30,173.62,170.25,169.35,162.2732,1,161.5384,1,27639,30469,-2.1766,-1.6430,-0.5337,22.64
2024-11-29,165.49,167.14,165.46,166.98,167.02,171.14,173.47,170.30,169.39,162.2732,1,161.9899,1,19186,30390,-2.1563,-1.7457,-0.4107,23.98
2024-12-02,166.71,170.09,165.51,169.14,167.11,170.88,173.36,170.36,169.42,162.2732,1,162.4323,1,28229,29288,-1.9435,-1.7852,-0.1583,25.62
2024-12-03,169.26,169.26,167.31,168.29,167.37,170.59,173.20,170.44,169.45,162.2732,1,162.8658,1,16930,29246,-1.8224,-1.7927,-0.0298,25.62
2024-12-04,169.29,171.01,168.58,170.40,167.83,170.87,173.07,170.53,169.51,162.2732,1,163.2907,1,30553,29442,-1.5385,-1.7418,0.2033,28.30
2024-12-05,170.40,171.13,165.80,166.26,167.97,170.09,172.93,170.58,169.55,162.2732,1,163.7071,1,29278,29649,-1.6287,-1.7192,0.0905,25.74
2024-12-06,167.69,168.12,164.96,165.71,168.06,169.30,172.67,170.62,169.59,162.2732,1,164.1151,1,26149,29718,-1.7248,-1.7203,-0.0044,26.35
2024-12-09,167.36,169.04,165.30,166.07,167.69,168.47,172.47,170.65,169.62,162.2732,1,164.5150,1,31171,29871,-1.7516,-1.7266,-0.0250,24.70
2024-12-10,166.38,168.17,163.64,165.77,166.93,167.82,172.20,170.68,169.66,162.2732,1,184.1100,0,38840,29824,-1.7766,-1.7366,-0.0401,25.51
2024-12-11,167.19,169.64,166.27,166.87,166.95,167.43,172.04,170.73,169.71,162.2732,1,183.7006,0,26048,29675,-1.6883,-1.7269,0.0387,25.93
2024-12-12,166.54,168.04,166.14,167.30,167.28,167.29,171.88,170.77,169.71,162.2732,1,183.2994,0,17533,29446,-1.5655,-1.6946,0.1292,28.33
2024-12-13,166.77,167.30,164.63,166.20,167.20,167.11,171.77,170.80,169.67,162.2732,1,182.9062,0,24149,29613,-1.5392,-1.6635,0.1244,30.27
2024-12-16,165.49,173.16,164.46,171.19,167.41,167.26,171.69,170.86,169.65,162.2732,1,182.5209,0,38723,29948,-1.1029,-1.5514,0.4485,35.09
2024-12-17,169.59,171.31,164.98,165.65,167.14,167.25,171.50,170.86,169.60,162.2732,1,182.1433,0,28011,30238,-1.1906,-1.4792,0.2887,32.14
2024-12-18,166.33,167.85,154.66,156.41,165.74,166.79,171.14,170.79,169.53,177.5888,0,181.7732,0,36381,30631,-1.9827,-1.5799,-0.4028,28.13
2024-12-19,157.17,159.00,153.07,153.46,164.46,166.21,170.71,170.71,169.43,172.5144,0,180.6887,0,53220,31208,-2.8161,-1.8272,-0.9889,26.86
2024-12-20,151.64,155.28,151.03,153.50,163.24,165.65,170.36,170.65,169.31,169.2614,0,179.0315,0,88585,32341,-3.4337,-2.1485,-1.2853,26.10
2024-12-23,152.89,155.00,151.99,153.82,162.02,164.85,169.94,170.57,169.19,168.8938,0,176.7914,0,29518,32240,-3.8530,-2.4894,-1.3636,25.49
2024-12-24,153.85,155.88,152.75,155.56,161.00,163.96,169.52,170.50,169.09,168.8938,0,174.7305,0,6938,32085,-3.9988,-2.7913,-1.2075,26.83
2024-12-26,154.32,157.11,154.32,156.42,159.95,163.45,169.12,170.45,168.99,168.8938,0,172.8345,0,12482,31875,-3.9988,-3.0328,-0.9660,25.91
2024-12-27,155.41,156.88,152.41,154.74,158.70,162.99,168.66,170.40,168.89,168.7256,0,171.0901,0,19683,31764,-4.0873,-3.2437,-0.8436,27.17
2024-12-30,152.76,153.45,150.39,152.29,157.30,162.25,168.17,170.32,168.80,165.8975,0,169.4853,0,10797,31629,-4.3054,-3.4560,-0.8494,24.46
2024-12-31,152.87,154.73,151.91,152.77,155.46,161.43,167.65,170.25,168.70,165.8975,0,167.5758,0,11351,31473,-4.3890,-3.6426,-0.7464,25.98
2025-01-02,154.49,155.34,150.38,150.93,153.99,160.57,167.17,170.20,168.61,165.8975,0,165.8572,0,16421,31576,-4.5513,-3.8243,-0.7269,22.28
2025-01-03,151.51,152.81,150.33,152.00,153.55,159.65,166.77,170.15,168.51,164.5281,0,163.9999,0,19076,31573,-4.5412,-3.9677,-0.5734,21.20
2025-01-06,152.65,155.39,150.00,150.75,153.28,158.87,166.35,170.08,168.39,164.5281,0,162.0861,0,39677,32098,-4.5812,-4.0904,-0.4908,19.32
2025-01-07,150.94,153.14,149.24,150.72,153.00,158.12,165.91,170.01,168.27,164.3114,0,160.1524,0,59052,32874,-4.5628,-4.1849,-0.3779,20.20
2025-01-08,148.99,153.34,145.02,151.73,152.79,157.40,165.48,169.96,168.16,163.4852,0,158.1881,0,33532,33168,-4.4157,-4.2311,-0.1847,24.09
2025-01-10,147.79,150.12,146.50,147.48,151.98,156.49,164.90,169.84,168.03,162.7537,0,155.5545,0,33935,33479,-4.5893,-4.3027,-0.2866,21.10
2025-01-13,145.14,146.63,143.18,146.18,150.96,155.45,164.28,169.73,167.90,159.1943,0,153.4476,0,34484,33859,-4.7766,-4.3975,-0.3792,19.52
2025-01-14,146.58,149.04,145.68,148.22,150.31,154.50,163.78,169.65,167.77,159.1943,0,151.3941,0,25583,34014,-4.7063,-4.4592,-0.2470,19.75
2025-01-15,151.50,151.50,144.98,149.14,149.99,153.65,163.35,169.57,167.64,159.1943,0,143.1800,1,31961,33941,-4.5241,-4.4722,-0.0519,18.49
2025-01-16,149.89,149.89,147.38,147.66,149.48,152.47,162.82,169.48,167.52,159.1943,0,143.3464,1,20495,33607,-4.4479,-4.4673,0.0195,17.54
2025-01-17,149.70,150.38,148.03,149.63,149.35,151.67,162.33,169.38,167.43,159.1943,0,143.5095,1,30345,33657,-4.1803,-4.4099,0.2296,18.41
2025-01-21,150.90,151.79,149.41,151.20,149.27,151.41,162.06,169.29,167.34,159.1943,0,143.6693,1,29953,33030,-3.7978,-4.2875,0.4897,18.33
2025-01-22,151.51,154.16,150.86,151.00,149.30,151.29,161.44,169.23,167.26,159.1943,0,143.9941,1,37282,32429,-3.4708,-4.1242,0.6534,19.74
2025-01-23,149.96,150.16,148.21,149.67,149.19,151.10,160.81,169.13,167.16,159.1943,0,144.6041,1,35397,32521,-3.2812,-3.9556,0.6744,17.52
2025-01-24,149.57,150.41,147.86,148.85,148.90,150.85,160.13,169.02,167.07,159.1943,0,145.1774,1,28758,32568,-3.1606,-3.7966,0.6360,16.45
2025-01-27,147.35,149.21,144.53,145.74,148.73,150.36,159.47,168.89,166.94,158.6181,0,154.1600,0,23012,32527,-3.2782,-3.6929,0.4147,15.08
2025-01-28,145.34,148.56,145.04,148.14,148.93,149.94,158.94,168.76,166.86,158.4293,0,153.9674,0,40872,32833,-3.1415,-3.5826,0.4411,17.35
2025-01-29,147.39,149.28,147.22,147.75,148.88,149.59,158.49,168.64,166.77,158.4293,0,153.7787,0,34396,32887,-3.0298,-3.4721,0.4423,17.16
2025-01-30,149.36,150.71,148.01,149.07,148.87,149.43,158.08,168.56,166.70,158.4293,0,153.5937,0,21675,32334,-2.8024,-3.3381,0.5357,16.59
2025-01-31,149.47,151.90,148.76,149.66,149.07,149.28,157.71,168.48,166.64,158.4293,0,153.4124,0,30441,32234,-2.5452,-3.1795,0.6343,17.31
2025-02-03,146.05,148.64,143.96,147.03,148.81,149.08,157.33,168.38,166.58,157.6576,0,153.2348,0,29671,32173,-2.5245,-3.0485,0.5240,16.24
2025-02-04,146.18,148.18,144.49,147.87,148.48,148.87,156.97,168.27,166.55,157.6576,0,152.8638,0,38919,31700,-2.4126,-2.9213,0.5088,15.94
2025-02-05,148.96,149.12,147.38,148.84,148.26,148.78,156.65,168.21,166.54,157.6576,0,152.5076,0,17905,31312,-2.2199,-2.7811,0.5611,18.45
2025-02-06,149.32,150.48,147.38,148.61,148.16,148.67,156.33,168.14,166.54,157.6576,0,152.1657,0,18012,30612,-2.0621,-2.6373,0.5752,17.27
2025-02-07,149.05,149.46,145.12,146.41,147.91,148.41,155.86,168.04,166.50,157.6576,0,151.8375,0,15329,29788,-2.0904,-2.5279,0.4375,17.42
2025-02-10,146.76,148.12,144.98,147.66,148.10,148.42,155.35,167.97,166.44,157.2305,0,151.5224,0,24054,29064,-1.9891,-2.4201,0.4311,16.05
2025-02-11,146.00,148.50,145.98,146.53,147.94,148.43,154.95,167.87,166.39,157.2305,0,151.2199,0,18756,28808,-1.9771,-2.3315,0.3544,16.93
2025-02-12,144.39,148.17,142.81,147.76,147.94,148.41,154.62,167.78,166.35,156.4296,0,150.9295,0,25060,28756,-1.8471,-2.2347,0.3875,19.55
2025-02-13,148.48,148.81,146.19,146.38,147.68,148.27,154.21,167.70,166.28,156.4296,0,150.4423,0,24445,28861,-1.8343,-2.1546,0.3203,16.96
2025-02-14,147.13,147.68,142.84,143.17,147.03,148.05,153.69,167.55,166.20,156.2805,0,149.9844,0,29021,28877,-2.0595,-2.1356,0.0761,13.88
2025-02-18,143.05,144.47,140.53,143.99,146.72,147.77,153.20,167.36,166.13,153.6004,0,149.5539,0,47603,29491,-2.1470,-2.1378,-0.0091,13.96
2025-02-19,142.74,145.23,142.39,145.20,146.46,147.47,152.70,167.17,166.08,153.6004,0,148.8320,0,29359,29467,-2.0945,-2.1292,0.0347,15.29
2025-02-20,144.53,144.57,142.24,142.80,145.85,147.06,152.23,166.88,165.99,153.6004,0,148.1678,0,29003,29461,-2.2210,-2.1475,-0.0735,14.79
2025-02-21,144.31,145.90,139.78,140.51,145.04,146.60,151.73,166.61,165.89,153.6004,0,147.5568,0,34200,29622,-2.4775,-2.2135,-0.2640,15.37
2025-02-24,140.99,141.01,138.15,138.30,144.23,146.07,151.17,166.34,165.78,150.7138,0,146.7791,0,76591,30531,-2.8265,-2.3361,-0.4904,14.79
2025-02-25,139.97,149.79,137.91,148.25,144.29,146.20,150.82,166.18,165.71,150.7138,0,138.1500,1,106191,31878,-2.2740,-2.3237,0.0497,21.79
2025-02-26,148.50,153.20,148.50,149.30,144.57,146.25,150.47,165.98,165.67,150.7138,0,137.9100,1,77188,32901,-1.7314,-2.2052,0.4738,22.25
2025-02-27,148.89,150.18,145.10,145.33,144.32,146.13,150.03,165.74,165.58,150.7138,0,137.9100,1,30098,33152,-1.6033,-2.0849,0.4815,23.24
2025-02-28,145.49,146.27,143.62,144.64,144.15,145.91,149.60,165.49,165.50,150.7138,0,138.5216,1,40702,33483,-1.5397,-1.9758,0.4361,23.20
2025-03-03,144.10,146.48,142.21,143.37,144.17,145.60,149.04,165.23,165.40,150.7138,0,139.1087,1,46050,33629,-1.5737,-1.8954,0.3217,25.52
2025-03-04,142.36,142.36,136.02,139.83,143.75,145.24,148.53,164.93,165.28,150.7138,0,153.2000,0,41977,33909,-1.8647,-1.8893,0.0246,23.20
2025-03-05,140.65,142.76,138.61,142.67,143.50,144.98,148.25,164.67,165.15,150.7138,0,152.8564,0,26023,33702,-1.8449,-1.8804,0.0355,23.77
2025-03-06,140.94,144.08,139.55,141.97,143.42,144.63,148.02,164.42,165.04,150.7138,0,152.5197,0,23510,33107,-1.8643,-1.8772,0.0129,22.44
2025-03-07,141.46,143.87,139.35,142.99,143.67,144.35,147.81,164.17,164.94,150.7138,0,152.1897,0,27068,31877,-1.7768,-1.8571,0.0803,23.23
2025-03-10,141.83,143.46,138.96,140.75,143.91,144.07,147.55,163.97,164.82,150.7138,0,151.8663,0,35511,31997,-1.8667,-1.8590,-0.0077,24.82
2025-03-11,140.75,140.75,136.46,136.54,142.74,143.51,147.17,163.80,164.67,150.7138,0,151.5494,0,40498,32668,-2.2517,-1.9376,-0.3141,21.40
2025-03-12,137.23,137.85,134.69,134.97,141.31,142.94,146.74,163.65,164.52,149.5830,0,151.2388,0,32339,33065,-2.6529,-2.0806,-0.5723,20.14
2025-03-13,134.76,135.98,133.17,134.47,140.22,142.27,146.33,163.41,164.38,147.3997,0,150.5768,0,27217,33216,-2.9769,-2.2599,-0.7170,21.61
2025-03-14,136.30,136.62,134.62,136.07,139.36,141.76,146.01,163.20,164.24,147.3997,0,149.5324,0,25377,33508,-3.0692,-2.4218,-0.6475,19.97
2025-03-17,135.84,138.68,134.11,137.98,138.82,141.50,145.71,162.96,164.12,147.3997,0,148.5507,0,19041,33661,-2.9542,-2.5282,-0.4259,19.97
2025-03-18,137.00,138.32,135.12,136.02,138.44,141.10,145.42,162.72,164.00,147.3997,0,147.6278,0,30496,33943,-2.9867,-2.6199,-0.3668,17.95
2025-03-19,136.96,137.78,135.03,136.67,137.84,140.67,145.11,162.49,163.89,147.3997,0,146.7604,0,30477,34171,-2.9264,-2.6812,-0.2451,17.84
2025-03-20,135.35,137.00,133.91,134.21,137.07,140.24,144.78,162.21,163.75,146.8976,0,145.9449,0,33230,34042,-3.0419,-2.7534,-0.2886,18.07
2025-03-21,132.63,134.10,131.03,133.52,136.12,139.89,144.43,161.94,163.61,143.8173,0,145.1784,0,75479,34370,-3.1529,-2.8333,-0.3196,19.02
2025-03-24,135.66,137.81,135.00,137.51,135.80,139.85,144.15,161.66,163.50,143.8173,0,144.0466,0,20750,34115,-2.8856,-2.8437,-0.0418,20.00
2025-03-25,137.13,137.74,136.15,136.82,135.82,139.28,143.94,161.37,163.36,143.8173,0,143.0052,0,24203,33920,-2.6983,-2.8146,0.1163,21.29
2025-03-26,137.03,137.37,133.13,135.19,135.85,138.58,143.72,161.06,163.23,143.8173,0,142.0472,0,23861,33708,-2.6509,-2.7819,0.1310,20.49
2025-03-27,134.68,136.64,132.37,132.53,135.65,137.94,143.40,160.76,163.09,143.8173,0,141.1658,0,21788,33632,-2.7957,-2.7846,-0.0110,19.50
2025-03-28,132.53,133.98,128.16,129.08,134.95,137.16,143.00,160.40,162.93,142.8357,0,140.3550,0,29882,33590,-3.1525,-2.8582,-0.2943,18.54
2025-03-31,128.03,129.16,125.42,127.87,133.94,136.38,142.61,160.05,162.76,139.0012,0,139.1355,0,40126,33983,-3.4926,-2.9851,-0.5075,19.59
2025-04-01,127.12,128.72,125.87,127.50,133.09,135.77,142.16,159.68,162.58,138.6901,0,137.4896,0,24340,33863,-3.7489,-3.1379,-0.6110,19.29
2025-04-02,125.77,128.95,125.77,128.65,132.29,135.07,141.71,159.32,162.40,138.5695,0,136.0413,0,45671,34177,-3.8151,-3.2733,-0.5418,18.87
2025-04-03,122.23,124.25,115.58,115.73,130.44,133.75,141.01,158.88,162.17,133.9246,0,134.7667,0,36571,34163,-4.8542,-3.5895,-1.2647,17.96
2025-04-04,110.37,112.00,103.71,104.12,127.50,131.81,140.10,158.37,161.87,124.0696,0,132.0806,0,140749,36270,-6.5392,-4.1794,-2.3598,14.32
2025-04-07,101.51,109.12,98.76,105.00,124.25,130.02,139.22,157.85,161.57,121.6412,0,127.5413,0,109211,37879,-7.7146,-4.8865,-2.8281,15.86
2025-04-08,110.76,110.76,100.69,102.65,120.83,128.33,138.36,157.31,161.25,121.6412,0,122.3607,0,60954,38638,-8.7350,-5.6562,-3.0789,16.74
2025-04-09,102.30,119.10,101.60,117.84,119.10,127.47,137.75,156.95,161.01,121.6412,0,98.7600,1,102344,39867,-8.2232,-6.1696,-2.0536,19.09
2025-04-10,113.38,116.88,108.65,111.00,116.94,126.30,137.02,156.53,160.73,121.6412,0,99.1668,1,65224,40484,-8.2742,-6.5905,-1.6837,19.09
2025-04-11,110.16,113.63,106.72,112.39,115.28,125.11,136.28,156.13,160.49,121.6412,0,99.5655,1,46350,40977,-8.1089,-6.8942,-1.2147,18.01
2025-04-14,114.75,115.46,111.52,114.48,113.94,123.94,135.58,155.77,160.26,121.6412,0,99.9562,1,50612,41381,-7.7203,-7.0594,-0.6609,18.62
2025-04-15,115.82,116.39,112.97,114.09,112.59,122.84,134.92,155.41,160.01,121.6412,0,100.3390,1,33645,41460,-7.3590,-7.1193,-0.2397,18.62
2025-04-16,112.67,114.66,112.06,114.02,111.13,121.71,134.24,155.04,159.77,121.6412,0,100.7143,1,43943,41561,-6.9976,-7.0950,0.0974,19.26
2025-04-17,114.33,115.76,113.24,114.58,111.02,120.73,133.56,154.69,159.55,121.6412,0,101.0820,1,33675,41876,-6.5901,-6.9940,0.4039,19.14
2025-04-21,112.54,113.35,109.13,110.54,111.66,119.58,132.80,154.31,159.30,121.6412,0,101.4423,1,26331,42042,-6.5180,-6.8988,0.3808,17.66
2025-04-22,112.25,114.78,111.44,112.82,112.44,118.35,132.13,153.92,159.06,121.6412,0,101.7955,1,26422,42264,-6.2053,-6.7601,0.5548,17.82
2025-04-23,116.88,121.03,115.18,115.34,113.71,117.27,131.48,153.54,158.84,121.6412,0,102.1416,1,25329,42290,-5.6886,-6.5458,0.8572,18.46
2025-04-24,115.93,121.10,115.33,120.55,113.98,116.54,130.96,153.21,158.65,121.6412,0,102.8971,1,27883,42472,-4.8033,-6.1973,1.3940,20.39
2025-04-25,119.30,119.93,117.71,119.74,114.85,115.90,130.40,152.88,158.44,121.6412,0,103.9893,1,14788,42267,-4.1196,-5.7818,1.6622,18.91
2025-04-28,119.74,124.52,117.46,118.55,115.47,115.37,129.84,152.51,158.23,121.6412,0,105.0159,1,29151,42361,-3.6319,-5.3518,1.7199,16.94
2025-04-29,118.01,119.19,116.84,117.71,115.79,114.86,129.33,152.13,157.99,121.6412,0,106.5763,1,30322,42387,-3.2754,-4.9365,1.6611,16.03
2025-04-30,116.14,119.32,114.53,118.86,116.27,114.43,128.83,151.75,157.73,121.6412,0,108.0118,1,29240,42020,-2.8671,-4.5226,1.6555,16.64
2025-05-01,119.62,122.19,117.53,120.79,116.95,114.04,128.34,151.37,157.47,121.6412,0,109.3324,1,23469,41902,-2.3605,-4.0902,1.7297,17.62
2025-05-02,124.00,124.79,120.83,121.98,117.69,114.35,127.93,151.03,157.15,107.2282,1,110.5474,1,49292,42308,-1.8418,-3.6405,1.7987,17.62
2025-05-05,120.01,122.67,119.81,120.01,118.64,115.15,127.52,150.64,156.83,107.2282,1,111.9717,1,37515,42374,-1.5716,-3.2267,1.6552,16.45
2025-05-06,99.07,119.50,99.07,117.69,119.12,115.78,127.10,150.25,156.53,107.2282,1,124.7900,0,72521,42293,-1.5270,-2.8868,1.3598,16.52
2025-05-07,118.59,119.69,116.84,118.91,119.48,116.59,126.52,149.85,156.26,107.2282,1,124.2756,0,41369,40996,-1.3774,-2.5849,1.2075,16.45
2025-05-08,121.08,123.55,119.27,121.91,119.62,116.80,125.97,149.49,155.98,107.2282,1,123.7715,0,34208,40137,-1.0051,-2.2690,1.2638,16.29
2025-05-09,122.74,123.63,121.04,122.84,119.93,117.39,125.52,149.14,155.68,107.2282,1,99.0700,1,31558,40166,-0.6278,-1.9407,1.3129,17.35
2025-05-12,128.27,133.12,127.59,131.68,121.24,118.35,125.26,148.87,155.43,111.9118,1,99.5612,1,62983,40611,0.3801,-1.4766,1.8567,19.05
2025-05-13,132.00,133.28,130.10,132.90,122.76,119.28,125.05,148.59,155.18,114.1372,1,100.9036,1,32095,40332,1.2628,-0.9287,2.1915,19.77
2025-05-14,132.00,133.02,130.55,131.41,124.01,120.14,124.88,148.30,154.92,115.2464,1,102.8461,1,85193,41197,1.8211,-0.3787,2.1998,20.87
2025-05-15,130.74,131.79,127.92,129.59,124.89,120.92,124.62,148.00,154.66,115.2464,1,104.6722,1,43192,41540,2.0926,0.1155,1.9771,19.80
2025-05-16,129.52,131.57,128.27,131.17,125.81,121.75,124.40,147.71,154.42,115.2464,1,106.3886,1,34681,41763,2.4075,0.5739,1.8336,19.88
2025-05-19,128.92,129.98,128.77,129.26,126.74,122.69,124.13,147.44,154.16,115.2464,1,108.0021,1,15123,41525,2.4744,0.9540,1.5204,19.50
2025-05-20,128.54,129.25,127.32,128.31,127.80,123.46,123.88,147.12,153.95,115.2464,1,109.5188,1,21312,41241,2.4228,1.2478,1.1751,18.70
2025-05-21,126.69,127.29,122.49,122.97,128.20,123.84,123.61,146.77,153.75,115.2464,1,110.9445,1,43986,41310,1.9289,1.3840,0.5449,18.21
2025-05-22,122.94,124.09,121.61,121.90,128.20,123.91,123.35,146.40,153.58,115.2464,1,112.2846,1,38277,41429,1.4345,1.3941,0.0404,14.32
2025-05-23,118.40,120.61,118.22,120.13,127.93,123.93,123.06,146.02,153.33,115.2464,1,113.5443,1,41325,41711,0.8896,1.2932,-0.4036,13.97
2025-05-27,122.13,123.95,120.92,123.32,127.10,124.17,122.81,145.66,153.10,115.2464,1,114.7285,1,26427,41732,0.7071,1.1760,-0.4689,14.60
2025-05-28,123.81,124.30,121.77,122.07,126.01,124.38,122.49,145.28,152.84,115.2464,1,115.8416,1,18054,41713,0.4563,1.0320,-0.5758,15.02
2025-05-29,123.40,124.62,123.18,124.32,125.30,124.66,122.25,144.95,152.61,115.2464,1,116.8879,1,22763,41558,0.4341,0.9124,-0.4784,15.05
2025-05-30,123.73,124.47,122.35,123.82,124.73,124.81,122.00,144.63,152.37,115.2464,1,117.8714,1,38941,41727,0.3718,0.8043,-0.4325,15.84
2025-06-02,123.14,123.42,120.94,121.92,123.80,124.81,121.75,144.29,152.09,115.2464,1,118.7959,1,21799,41499,0.1673,0.6769,-0.5096,14.63
2025-06-03,121.99,125.91,121.91,125.74,123.45,125.09,121.60,143.98,151.86,115.2464,1,119.6650,1,24456,40478,0.3098,0.6035,-0.2937,15.08
2025-06-04,125.93,127.41,124.95,126.65,123.28,125.54,121.38,143.67,151.59,115.3276,1,120.4819,1,20479,40473,0.4906,0.5809,-0.0903,15.26
2025-06-05,126.71,127.67,125.44,126.33,123.62,125.91,121.17,143.34,151.32,116.1188,1,121.2497,1,15197,40293,0.6011,0.5849,0.0161,15.15
2025-06-06,128.20,128.81,126.93,127.42,124.17,126.19,121.01,143.01,151.05,117.7334,1,121.9716,1,16055,40136,0.7677,0.6215,0.1462,15.45
2025-06-09,128.56,130.16,128.05,128.70,125.03,126.48,120.94,142.71,150.81,119.1601,1,122.6501,1,27091,40243,0.9917,0.6955,0.2961,15.72
2025-06-10,129.59,130.68,127.28,129.67,125.66,126.38,120.95,142.43,150.54,119.1601,1,123.2879,1,18647,40018,1.2332,0.8031,0.4301,14.58
2025-06-11,130.43,131.35,126.54,127.76,126.23,126.12,120.95,142.13,150.28,119.1601,1,123.8874,1,27979,39775,1.2560,0.8937,0.3624,14.58
2025-06-12,126.85,127.64,125.75,126.08,126.41,125.86,120.92,141.80,149.99,119.1601,1,124.4509,1,31444,39917,1.1256,0.9400,0.1855,13.34
2025-06-13,124.12,124.92,121.23,122.20,126.25,125.49,120.79,141.52,149.69,119.1601,1,133.2800,0,26456,39533,0.7010,0.8922,-0.1912,13.11
2025-06-16,123.68,124.93,122.82,124.29,126.48,125.14,120.96,141.14,149.40,119.1601,1,133.0390,0,24485,39291,0.5271,0.8192,-0.2921,13.75
2025-06-17,123.03,125.38,122.21,122.29,126.14,124.79,121.32,140.74,149.11,119.1601,1,132.8028,0,24311,36962,0.2253,0.7004,-0.4751,14.92
2025-06-18,122.27,123.88,121.41,122.15,125.69,124.49,121.67,140.34,148.81,119.1601,1,132.5714,0,25652,35291,-0.0248,0.5554,-0.5802,14.28
2025-06-20,123.07,124.92,120.26,120.56,125.11,124.37,122.02,139.95,148.49,119.1601,1,132.3445,0,41533,34903,-0.3474,0.3748,-0.7222,13.45
2025-06-23,120.37,122.81,119.54,122.73,124.64,124.41,122.12,139.60,148.24,119.1601,1,131.8612,0,17599,33208,-0.4231,0.2152,-0.6383,13.79
2025-06-24,124.13,127.04,123.04,126.27,124.40,124.71,122.43,139.31,148.00,119.1601,1,131.1219,0,22236,32348,-0.1951,0.1332,-0.3283,15.22
2025-06-25,126.58,126.75,124.29,125.65,124.00,124.83,122.69,139.02,147.77,119.1601,1,130.4270,0,22667,31874,-0.0638,0.0938,-0.1576,16.01
2025-06-26,126.23,127.88,119.17,127.45,123.97,125.10,122.95,138.75,147.56,119.1601,1,129.7738,0,21807,31298,0.1834,0.1117,0.0717,17.44
2025-06-27,127.86,130.24,126.39,130.00,124.36,125.38,123.27,138.51,147.37,119.1601,1,119.1700,1,71253,32050,0.5785,0.2051,0.3734,18.99
2025-06-30,130.09,130.76,127.00,128.93,125.03,125.64,123.57,138.26,147.17,119.1601,1,119.1700,1,55195,32275,0.7960,0.3233,0.4728,17.52
2025-07-01,128.16,133.68,127.62,130.82,125.68,126.08,123.89,138.04,146.99,119.1601,1,119.6336,1,31658,32235,1.1081,0.4802,0.6279,16.99
2025-07-02,130.63,133.07,130.40,132.85,126.74,126.44,124.34,137.82,146.82,119.8110,1,120.4764,1,33359,32376,1.5020,0.6846,0.8174,19.17
2025-07-03,134.69,135.26,132.93,133.33,127.86,126.77,124.75,137.58,146.63,122.6404,1,121.2686,1,30066,32449,1.8318,0.9140,0.9177,24.00
2025-07-07,132.07,134.57,128.04,128.80,128.68,126.90,125.02,137.28,146.41,122.6404,1,122.3879,1,49008,32922,1.7079,1.0728,0.6351,19.48
2025-07-08,129.67,131.92,129.25,131.52,129.56,127.10,125.24,137.05,146.22,122.6404,1,123.4177,1,36510,33095,1.8083,1.2199,0.5884,20.95
2025-07-09,132.10,133.18,130.25,132.56,130.19,127.30,125.50,136.84,146.03,122.6404,1,124.3651,1,29640,33392,1.9494,1.3658,0.5836,17.55
2025-07-10,132.47,135.09,130.54,133.77,131.00,127.50,125.80,136.62,145.83,122.6404,1,125.2367,1,24079,33290,2.1342,1.5195,0.6147,17.85
2025-07-11,132.28,132.87,131.20,131.64,131.42,127.69,126.08,136.37,145.62,122.6404,1,126.0385,1,24485,33173,2.0848,1.6325,0.4522,17.78
2025-07-14,130.84,131.25,125.99,126.62,131.08,127.72,126.23,136.09,145.37,122.6404,1,135.2600,0,38467,33358,1.6218,1.6304,-0.0086,13.92
2025-07-15,128.10,129.25,123.90,124.72,130.66,127.85,126.31,135.78,145.11,122.6404,1,135.0746,0,26703,33423,1.0891,1.5221,-0.4331,14.53
2025-07-16,125.49,125.89,122.97,125.10,130.09,127.89,126.37,135.51,144.86,122.6404,1,134.6276,0,34177,33120,0.6896,1.3556,-0.6660,14.30
2025-07-17,125.55,128.81,124.91,126.06,129.41,128.08,126.50,135.25,144.60,122.6404,1,133.9282,0,28805,32946,0.4453,1.1736,-0.7282,14.04
2025-07-18,127.26,127.26,122.05,122.96,128.38,128.12,126.60,134.96,144.34,122.6404,1,133.2707,0,43380,32363,0.0016,0.9392,-0.9376,13.51
2025-07-21,123.13,125.78,122.33,122.66,127.76,128.22,126.68,134.67,144.05,122.6404,1,132.3730,0,27844,32093,-0.3700,0.6773,-1.0474,14.00
2025-07-22,122.99,125.23,122.14,124.10,127.02,128.29,126.72,134.39,143.80,122.6404,1,131.5472,0,30429,32017,-0.5421,0.4334,-0.9756,12.75
2025-07-23,125.11,127.15,124.29,126.51,126.41,128.30,126.79,134.11,143.55,122.6404,1,130.7874,0,24442,31875,-0.4785,0.2511,-0.7295,11.36
2025-07-24,126.11,126.11,123.85,125.17,125.55,128.28,126.66,133.84,143.32,122.6404,1,130.0884,0,23307,31081,-0.5301,0.0948,-0.6249,11.47
2025-07-25,126.07,127.44,124.79,127.21,125.11,128.27,126.55,133.55,143.08,122.6404,1,129.4453,0,21638,30872,-0.4017,-0.0045,-0.3972,12.94
2025-07-28,127.91,127.91,124.55,124.63,124.91,128.00,126.41,133.27,142.83,122.6404,1,128.8537,0,35146,29871,-0.5024,-0.1041,-0.3983,11.66
2025-07-29,125.49,126.30,123.12,123.82,124.82,127.74,126.30,133.06,142.58,122.6404,1,128.3094,0,24529,29498,-0.6402,-0.2113,-0.4289,11.85
2025-07-30,124.67,124.88,121.79,123.24,124.64,127.36,126.14,132.86,142.32,122.6404,1,127.9100,0,39757,29600,-0.7871,-0.3265,-0.4606,13.06
2025-07-31,123.23,124.92,122.24,123.02,124.33,126.87,126.01,132.65,142.08,122.6404,1,127.2980,0,28701,29871,-0.9108,-0.4433,-0.4674,14.03
2025-08-01,120.74,121.74,117.58,120.10,124.05,126.21,125.85,132.43,141.81,130.5658,0,126.7472,0,40173,30248,-1.2302,-0.6007,-0.6295,13.65
2025-08-04,121.18,124.19,119.86,124.01,124.18,125.97,125.87,132.22,141.54,130.5658,0,125.6471,0,46665,30302,-1.1546,-0.7115,-0.4431,14.66
2025-08-05,116.84,123.32,113.72,115.70,123.34,125.18,125.75,131.95,141.24,130.5658,0,124.6791,0,118997,31916,-1.7451,-0.9182,-0.8269,8.49
2025-08-06,115.21,117.06,113.38,113.74,122.06,124.24,125.62,131.67,140.92,128.1048,0,124.1900,0,66447,32419,-2.3442,-1.2034,-1.1408,8.49
2025-08-07,115.16,115.60,112.20,113.73,120.92,123.24,125.43,131.41,140.60,126.5163,0,123.3200,0,43104,32752,-2.7876,-1.5202,-1.2674,8.22
2025-08-08,114.15,116.04,113.55,115.67,119.77,122.44,125.30,131.17,140.29,126.5163,0,121.3184,0,51843,33428,-2.9485,-1.8059,-1.1426,8.83
2025-08-11,115.51,115.93,112.44,113.14,118.62,121.76,125.08,130.92,139.98,126.1235,0,119.6771,0,51230,33997,-3.2428,-2.0933,-1.1496,8.11
2025-08-12,114.42,121.28,113.87,121.19,118.35,121.59,125.02,130.71,139.72,126.1235,0,112.2000,1,45858,34136,-2.7943,-2.2335,-0.5608,10.14
2025-08-13,122.40,125.89,120.93,124.87,118.52,121.58,125.08,130.54,139.49,126.1235,0,112.3816,1,97299,35646,-2.1175,-2.2103,0.0928,10.75
2025-08-14,123.11,123.71,118.11,118.17,118.03,121.18,124.93,130.32,139.22,126.1235,0,112.9219,1,52326,36203,-2.0975,-2.1877,0.0902,8.71
2025-08-15,118.62,119.28,114.88,114.97,117.52,120.78,124.70,130.08,138.93,126.1235,0,113.4407,1,65820,37110,-2.3133,-2.2128,-0.1004,7.47
2025-08-18,115.62,120.61,115.62,120.23,117.14,120.66,124.58,129.89,138.65,126.1235,0,113.9386,1,57097,37948,-2.0363,-2.1775,0.1412,10.11
2025-08-19,120.76,122.17,119.27,120.18,117.59,120.46,124.43,129.72,138.36,126.1235,0,114.4167,1,37039,38368,-1.8001,-2.1021,0.3019,9.16
2025-08-20,119.54,119.63,114.96,115.15,117.73,119.90,124.16,129.50,138.07,126.1235,0,114.8756,1,31229,38450,-1.9958,-2.0808,0.0850,8.19
2025-08-21,114.16,116.24,113.85,115.58,117.92,119.42,123.88,129.28,137.80,126.1235,0,125.8900,0,33125,38740,-2.0921,-2.0831,-0.0090,8.71
2025-08-22,116.78,123.22,116.54,122.97,118.65,119.21,123.78,129.11,137.54,126.1235,0,125.6492,0,40162,38984,-1.5542,-1.9773,0.4231,10.14
2025-08-25,121.91,122.51,118.50,118.73,119.20,118.91,123.64,128.91,137.26,126.1235,0,125.4132,0,37946,39114,-1.4532,-1.8725,0.4192,8.56
2025-08-26,119.16,119.88,117.15,117.97,118.88,118.62,123.55,128.68,137.03,126.1235,0,125.1820,0,72174,40028,-1.4182,-1.7816,0.3634,7.92
2025-08-27,117.11,118.04,116.35,117.63,118.16,118.34,123.42,128.46,136.71,126.1235,0,124.9553,0,68367,40906,-1.4018,-1.7057,0.3039,7.17
2025-08-28,118.52,119.15,116.99,118.07,118.15,118.09,123.33,128.25,136.39,126.1235,0,124.7332,0,44489,41309,-1.3378,-1.6321,0.2943,7.92
2025-08-29,118.06,118.44,115.49,116.41,118.29,117.91,123.22,128.03,136.06,126.1235,0,124.5155,0,46436,41725,-1.4048,-1.5866,0.1818,6.79
2025-09-02,114.94,116.40,111.65,112.09,117.48,117.31,123.05,127.81,135.73,126.0172,0,124.3022,0,39086,41676,-1.7860,-1.6265,-0.1595,5.92
2025-09-03,111.70,112.67,109.54,112.59,116.72,117.15,122.85,127.57,135.41,122.8370,0,123.7961,0,41557,42155,-2.0243,-1.7061,-0.3183,6.11
2025-09-04,112.85,115.35,111.73,115.35,116.74,117.23,122.63,127.36,135.14,122.8370,0,122.9408,0,30522,42321,-1.9679,-1.7584,-0.2094,7.09
2025-09-05,116.41,118.13,115.27,116.10,116.79,117.35,122.44,127.14,134.87,122.8370,0,122.1367,0,28712,42442,-1.8414,-1.7750,-0.0663,6.67
2025-09-08,116.18,116.18,113.03,115.57,116.05,117.35,122.20,126.91,134.61,122.8370,0,121.3809,0,34532,42696,-1.7635,-1.7727,0.0092,6.79
2025-09-09,115.57,115.57,114.21,115.17,115.69,117.45,121.90,126.70,134.36,122.8370,0,120.6705,0,25787,41787,-1.7144,-1.7611,0.0467,6.71
2025-09-10,114.89,115.96,113.34,114.96,115.39,117.14,121.62,126.48,134.10,122.8370,0,120.0026,0,23176,41147,-1.6731,-1.7435,0.0704,7.42
2025-09-11,115.53,118.30,115.09,117.97,115.43,116.79,121.37,126.27,133.87,122.8370,0,119.3749,0,27440,41062,-1.3815,-1.6711,0.2895,8.32
2025-09-12,117.38,117.66,114.22,114.53,115.07,116.61,121.00,126.05,133.62,122.8370,0,118.7848,0,22849,40852,-1.4118,-1.6192,0.2074,7.69
2025-09-15,114.93,115.99,113.56,113.78,114.81,116.55,120.61,125.83,133.34,122.8370,0,118.3000,0,41086,41072,-1.4793,-1.5912,0.1120,7.67
2025-09-16,113.87,114.82,113.18,114.26,115.03,116.25,120.32,125.61,133.04,122.8370,0,117.7744,0,25549,40603,-1.4769,-1.5684,0.0914,7.82
2025-09-17,114.68,116.72,111.69,112.97,115.07,115.89,119.95,125.38,132.77,122.8370,0,117.2803,0,43109,40735,-1.5612,-1.5669,0.0057,7.07
2025-09-18,120.32,120.32,113.43,117.22,115.25,116.00,119.64,125.18,132.54,122.8370,0,109.5400,1,49338,41129,-1.2704,-1.5076,0.2372,8.42
2025-09-19,117.22,117.66,114.22,114.69,115.11,115.95,119.26,124.97,132.28,122.8370,0,109.7556,1,76120,42170,-1.2299,-1.4521,0.2222,7.90
2025-09-22,114.10,115.12,112.87,113.18,114.87,115.46,118.89,124.77,132.00,122.8370,0,109.9669,1,30242,42285,-1.3046,-1.4226,0.1180,7.18
2025-09-23,113.48,114.64,109.99,110.28,114.38,115.04,118.56,124.54,131.71,122.8370,0,120.3200,0,34407,42204,-1.5797,-1.4540,-0.1256,5.91
2025-09-24,109.92,110.46,105.24,105.33,113.42,114.41,118.17,124.28,131.38,119.3420,0,120.1134,0,40584,42481,-2.1720,-1.5976,-0.5744,4.22
2025-09-25,103.56,105.24,102.06,102.77,111.90,113.66,117.73,124.01,131.06,114.9738,0,119.5185,0,83778,43474,-2.8155,-1.8412,-0.9743,4.56
2025-09-26,102.70,102.80,100.42,101.03,110.55,112.81,117.23,123.75,130.74,112.5154,0,118.4710,0,53394,43965,-3.4265,-2.1582,-1.2682,4.07
2025-09-29,101.80,102.23,99.94,100.05,109.18,111.99,116.77,123.49,130.41,111.5869,0,117.0269,0,39170,43881,-3.9442,-2.5154,-1.4288,4.37
2025-09-30,99.83,100.33,98.96,100.15,107.77,111.40,116.32,123.17,130.08,109.5077,0,115.3182,0,48913,44302,-4.2970,-2.8717,-1.4252,4.14
2025-10-01,99.41,101.34,99.41,100.82,106.55,110.81,115.85,122.85,129.75,109.5077,0,113.3552,0,32303,44340,-4.4709,-3.1916,-1.2793,4.29
2025-10-02,100.92,103.51,100.66,103.25,105.16,110.20,115.39,122.57,129.43,109.5077,0,111.6278,0,39751,44646,-4.3624,-3.4257,-0.9366,4.63
2025-10-03,103.81,106.25,103.81,104.53,104.14,109.63,114.98,122.30,129.12,109.5077,0,110.1076,0,39408,44968,-4.1255,-3.5657,-0.5598,4.70
2025-10-06,104.88,105.81,102.48,104.32,103.25,109.06,114.52,122.04,128.79,109.5077,0,108.7699,0,48551,45506,-3.9097,-3.6345,-0.2752,4.66
2025-10-07,105.12,105.30,100.74,100.97,102.32,108.35,114.04,121.78,128.47,109.5077,0,107.5927,0,28443,45372,-3.9633,-3.7003,-0.2630,3.84
2025-10-08,100.97,104.01,100.83,102.70,102.06,107.74,113.62,121.51,128.20,109.5077,0,106.5568,0,55427,45990,-3.8221,-3.7246,-0.0975,4.74
2025-10-09,102.69,105.66,101.83,105.42,102.32,107.11,113.27,121.27,127.96,109.5077,0,98.9600,1,39838,45992,-3.4510,-3.6699,0.2189,5.71
2025-10-10,105.50,107.01,99.84,99.96,102.22,106.38,112.80,120.98,127.69,109.5077,0,99.0940,1,42773,46273,-3.5564,-3.6472,0.0908,5.04
2025-10-13,102.16,103.14,100.41,103.12,102.52,105.85,112.46,120.73,127.44,109.5077,0,99.4106,1,28234,46035,-3.3464,-3.5870,0.2406,5.93
2025-10-14,100.72,106.35,99.96,105.35,103.04,105.41,112.09,120.52,127.19,109.5077,0,99.7146,1,23135,45564,-2.9659,-3.4628,0.4970,6.90
2025-10-15,106.24,106.97,105.25,105.70,103.53,105.04,111.89,120.33,126.93,109.5077,0,99.9600,1,35061,43885,-2.6060,-3.2914,0.6855,6.94
2025-10-16,106.05,107.05,105.29,106.61,103.87,104.51,111.75,120.14,126.69,109.5077,0,99.9600,1,27143,43099,-2.2217,-3.0775,0.8558,7.80
2025-10-17,106.81,108.28,104.70,105.56,103.97,104.05,111.59,119.94,126.46,109.5077,0,100.3854,1,31372,42865,-1.9791,-2.8578,0.8787,7.39
2025-10-20,106.63,108.85,105.89,108.43,104.38,103.82,111.44,119.74,126.24,109.5077,0,101.0170,1,14855,42125,-1.5376,-2.5938,1.0562,7.80
2025-10-21,108.59,113.14,108.59,113.00,105.58,103.95,111.44,119.59,126.05,100.0132,1,101.8003,1,33437,41769,-0.8095,-2.2369,1.4274,9.26
2025-10-22,113.81,119.80,112.85,116.48,106.96,104.51,111.34,119.45,125.87,104.4734,1,103.1610,1,67046,42193,0.0477,-1.7800,1.8277,11.95
2025-10-23,116.60,121.00,116.60,118.82,108.30,105.31,111.22,119.35,125.71,106.7775,1,105.4905,1,56024,41367,0.9055,-1.2429,2.1484,14.79
2025-10-24,120.00,130.97,120.00,128.65,111.17,106.69,111.43,119.32,125.60,111.0198,1,107.9720,1,136961,43060,2.3513,-0.5240,2.8754,23.62
2025-10-27,128.83,131.67,127.32,131.29,113.99,108.26,111.76,119.28,125.50,115.1713,1,112.1117,1,109220,43928,3.6679,0.3144,3.3536,26.20
2025-10-28,131.29,131.33,126.00,127.68,116.22,109.63,111.91,119.22,125.40,115.1713,1,116.0233,1,63240,44051,4.3697,1.1254,3.2443,23.80
2025-10-29,127.30,131.26,127.30,128.61,118.51,111.02,112.08,119.17,125.31,115.1713,1,119.1527,1,50248,44315,4.9439,1.8891,3.0548,27.84
2025-10-30,127.50,130.28,124.95,125.22,120.37,112.12,112.28,119.12,125.19,115.1713,1,121.6561,1,37616,44443,5.0670,2.5247,2.5423,29.71
2025-10-31,125.04,127.24,124.14,127.01,122.52,113.24,112.51,119.11,125.08,115.1713,1,123.6589,1,39576,44572,5.2485,3.0694,2.1790,34.05
2025-11-03,127.16,137.35,126.39,135.86,125.26,114.82,112.76,119.16,125.02,116.0767,1,124.1400,1,123510,46239,6.0368,3.6629,2.3739,45.46
2025-11-04,130.39,135.71,125.00,129.33,126.89,116.24,112.98,119.18,124.92,116.0767,1,124.1400,1,89923,47278,6.0648,4.1433,1.9215,36.85
2025-11-05,129.44,133.60,128.06,132.48,128.49,117.73,113.27,119.20,124.83,116.0767,1,125.0000,1,59060,47016,6.2689,4.5684,1.7005,42.13
2025-11-06,123.76,125.00,106.40,107.26,127.34,117.82,113.06,119.15,124.61,139.1721,0,137.3500,0,297432,51597,4.3455,4.5238,-0.1784,11.46
2025-11-07,106.29,106.29,101.44,105.45,125.02,118.10,112.81,119.15,124.39,126.7359,0,136.7310,0,409694,58901,2.6446,4.1480,-1.5034,9.82
2025-11-10,107.00,107.00,102.87,104.00,122.29,118.14,112.56,119.15,124.17,126.7359,0,135.3194,0,124675,60466,1.1662,3.5516,-2.3854,10.19
2025-11-11,103.94,106.90,101.53,106.76,120.20,118.21,112.45,119.18,123.97,125.4665,0,133.9642,0,113635,61957,0.2148,2.8843,-2.6694,12.17
2025-11-12,107.54,113.09,105.87,110.40,118.38,118.44,112.41,119.13,123.78,125.4665,0,132.6632,0,212001,65366,-0.2426,2.2589,-2.5015,12.18
2025-11-13,108.86,111.54,107.61,108.76,116.73,118.55,112.28,119.11,123.59,125.4665,0,131.4143,0,109478,66945,-0.7291,1.6613,-2.3904,12.96
2025-11-14,106.61,108.23,102.09,103.79,114.41,118.46,112.03,119.05,123.36,125.4665,0,130.2153,0,91948,68210,-1.4984,1.0294,-2.5278,11.38
2025-11-17,103.21,105.21,101.78,102.88,111.11,118.19,111.78,118.98,123.13,122.8020,0,129.0643,0,68076,68881,-2.1567,0.3921,-2.5488,12.47
2025-11-18,102.69,102.69,98.98,99.55,108.13,117.51,111.46,118.88,122.89,119.3813,0,127.9593,0,62876,69622,-2.9135,-0.2690,-2.6445,9.36
2025-11-19,99.48,101.33,98.27,100.65,104.95,116.72,111.18,118.79,122.65,117.4097,0,126.2206,0,44024,70039,-3.3854,-0.8923,-2.4932,11.19
2025-11-20,103.33,103.81,98.42,99.22,104.15,115.74,110.80,118.69,122.41,117.4097,0,123.9845,0,61417,70719,-3.8307,-1.4799,-2.3507,10.86
2025-11-21,99.42,107.69,99.42,106.51,104.25,114.64,110.64,118.66,122.19,117.4097,0,121.9274,0,79552,71853,-3.5544,-1.8948,-1.6595,14.26
2025-11-24,106.57,109.48,104.75,108.74,104.73,113.51,110.54,118.63,122.01,117.4097,0,120.0348,0,60046,72232,-3.1195,-2.1398,-0.9797,15.79
2025-11-25,108.78,112.90,108.60,111.89,105.24,112.72,110.49,118.61,121.83,117.4097,0,118.2936,0,51648,72754,-2.4919,-2.2102,-0.2817,16.24
2025-11-26,111.35,113.60,111.16,112.95,105.49,111.94,110.49,118.56,121.66,117.4097,0,116.6917,0,46321,72818,-1.8873,-2.1456,0.2583,18.40
2025-11-28,112.55,114.16,112.55,113.66,105.98,111.36,110.42,118.52,121.49,117.4097,0,115.2180,0,17310,72178,-1.3354,-1.9836,0.6482,18.48
2025-12-01,111.15,113.23,110.87,111.48,106.75,110.58,110.36,118.47,121.31,117.4097,0,114.1600,0,51972,71695,-1.0617,-1.7992,0.7375,15.56
2025-12-02,112.46,113.79,110.46,112.52,107.72,109.41,110.34,118.44,121.16,117.4097,0,114.1600,0,41025,71911,-0.7522,-1.5898,0.8376,16.34
2025-12-03,111.82,115.82,111.82,114.28,109.19,108.66,110.42,118.41,121.01,117.4097,0,98.2700,1,72694,72676,-0.3608,-1.3440,0.9832,16.60
2025-12-04,114.98,117.42,114.47,117.42,110.87,107.91,110.67,118.38,120.87,102.5298,1,98.6210,1,40745,72680,0.2005,-1.0351,1.2356,20.48
2025-12-05,117.03,118.71,115.00,115.94,112.54,108.34,110.93,118.34,120.74,103.6684,1,99.3730,1,29646,71597,0.5199,-0.7241,1.2440,19.36
2025-12-08,116.89,117.64,114.19,115.46,113.43,108.84,111.22,118.31,120.61,103.6684,1,100.5332,1,40515,71339,0.7259,-0.4341,1.1600,19.51
2025-12-09,115.45,119.23,114.98,116.66,114.23,109.48,111.55,118.31,120.51,104.2173,1,101.6238,1,42534,71407,0.9748,-0.1523,1.1271,22.01
2025-12-10,117.00,120.49,116.61,119.97,115.03,110.14,111.95,118.31,120.36,105.7871,1,103.0323,1,49848,71425,1.4227,0.1627,1.2600,23.81
2025-12-11,120.02,121.95,118.67,120.22,115.76,110.63,112.34,118.30,120.22,107.8394,1,104.7781,1,35200,71483,1.7774,0.4856,1.2918,23.47
2025-12-12,120.07,120.76,117.93,118.95,116.29,111.14,112.65,118.28,120.09,107.8394,1,106.8387,1,44678,71582,1.9337,0.7753,1.1585,23.17
2025-12-15,119.67,119.87,117.50,119.41,117.08,111.92,112.95,118.20,119.96,107.8394,1,108.6520,1,44635,71686,2.0708,1.0344,1.0365,22.87
2025-12-16,119.22,121.54,118.41,121.36,117.97,112.84,113.29,118.12,119.85,108.6173,1,110.2478,1,76433,72244,2.3102,1.2895,1.0207,26.86
2025-12-17,120.74,123.86,119.55,119.81,118.52,113.86,113.66,118.04,119.75,110.1901,1,111.6521,1,95297,73581,2.3478,1.5012,0.8466,26.45
2025-12-18,121.56,122.67,119.36,121.17,118.90,114.88,114.03,117.98,119.64,110.1901,1,113.3612,1,69867,73870,2.4590,1.6928,0.7662,29.21
2025-12-19,121.69,122.50,119.12,119.35,119.24,115.89,114.31,117.91,119.53,110.1901,1,114.8310,1,90861,74890,2.3729,1.8288,0.5441,31.26
2025-12-22,120.16,121.76,118.42,120.24,119.71,116.57,114.72,117.85,119.42,110.1901,1,116.0951,1,48300,75001,2.3494,1.9329,0.4165,35.11
2025-12-23,119.85,122.59,119.38,122.36,120.28,117.25,115.10,117.81,119.32,110.1901,1,117.1822,1,44931,75335,2.4733,2.0410,0.4323,41.79
2025-12-24,121.63,123.41,120.00,122.63,120.55,117.79,115.45,117.80,119.26,110.8135,1,118.1171,1,21252,75297,2.5638,2.1455,0.4182,41.27
2025-12-26,122.63,123.08,122.09,122.72,120.80,118.28,115.79,117.81,119.19,112.4857,1,118.9211,1,21108,75018,2.6126,2.2389,0.3736,42.83
2025-12-29,122.72,124.98,121.17,122.60,121.16,118.73,116.11,117.83,119.13,112.8426,1,119.6125,1,56310,75601,2.6115,2.3135,0.2980,40.18
2025-12-30,122.00,122.84,120.08,120.87,121.31,119.20,116.42,117.81,119.06,112.8426,1,124.9800,0,54307,76060,2.4429,2.3393,0.1035,37.50
2025-12-31,120.57,120.57,118.21,118.99,121.07,119.52,116.63,117.79,118.96,112.8426,1,124.9800,0,81234,77388,2.1329,2.2981,-0.1651,35.33
2026-01-02,119.89,119.89,110.25,111.14,120.21,119.36,116.59,117.70,118.84,126.8103,0,124.7092,0,73652,78192,1.2396,2.0864,-0.8468,23.41
2026-01-05,111.14,114.41,110.23,111.52,119.24,119.07,116.49,117.62,118.71,124.1403,0,123.8417,0,64369,78138,0.5559,1.7803,-1.2244,25.09
2026-01-06,111.01,124.93,110.20,124.69,119.78,119.51,116.61,117.64,118.67,102.5078,1,110.2300,1,85238,78723,1.0645,1.6371,-0.5726,42.18
2026-01-07,124.44,125.74,121.62,124.28,120.18,119.95,116.52,117.63,118.62,108.8925,1,110.2000,1,51502,77014,1.4181,1.5933,-0.1752,40.41
2026-01-08,122.51,130.23,122.21,128.70,120.81,120.55,116.47,117.64,118.58,110.5052,1,110.2000,1,91403,76657,2.0316,1.6810,0.3506,48.58
2026-01-09,128.70,132.58,128.03,130.94,121.64,121.10,116.53,117.67,118.55,114.7967,1,111.4018,1,51892,76430,2.6678,1.8783,0.7895,51.25
2026-01-12,130.55,132.84,128.93,128.96,122.27,121.53,116.54,117.68,118.52,115.7545,1,113.0961,1,109010,77606,2.9779,2.0982,0.8796,47.48
2026-01-13,128.83,132.99,128.83,131.47,123.16,122.16,116.67,117.70,118.51,116.0446,1,115.0704,1,37653,77606,3.3871,2.3560,1.0311,49.66
2026-01-14,131.48,132.31,128.20,131.34,124.20,122.76,116.75,117.71,118.52,116.0446,1,117.2208,1,48267,77780,3.6588,2.6166,1.0422,45.68
2026-01-15,132.45,136.74,132.45,133.18,125.62,123.35,116.70,117.75,118.55,119.8243,1,119.1131,1,50116,76312,3.9767,2.8886,1.0881,48.68
2026-01-16,133.63,135.94,132.54,134.57,127.97,124.09,116.80,117.80,118.58,119.9264,1,121.5809,1,52455,75563,4.2914,3.1692,1.1222,49.85
2026-01-20,130.65,134.77,130.00,131.10,129.92,124.58,116.78,117.86,118.60,119.9264,1,123.7031,1,47327,75328,4.2122,3.3778,0.8344,44.15
2026-01-21,132.75,141.45,132.27,140.75,131.53,125.65,117.45,117.97,118.72,120.8731,1,125.5283,1,97695,71333,4.8719,3.6766,1.1953,50.52
2026-01-22,142.66,143.48,137.91,138.31,132.93,126.56,118.10,118.08,118.89,124.6358,1,128.0758,1,82364,64787,5.1387,3.9690,1.1697,45.81
2026-01-23,138.31,140.30,134.03,137.89,133.85,127.33,118.78,118.19,119.06,124.6358,1,130.8485,1,52729,63348,5.2556,4.2263,1.0293,41.87
2026-01-26,137.89,141.75,135.01,137.52,134.51,128.08,119.40,118.30,119.23,124.6358,1,133.1222,1,75168,62579,5.2578,4.4326,0.8252,41.27
2026-01-27,137.85,139.30,135.17,138.88,135.50,128.89,119.97,118.41,119.34,124.6358,1,134.0300,1,58066,59500,5.3081,4.6077,0.7004,43.13
2026-01-28,139.68,140.29,136.13,138.99,136.25,129.70,120.57,118.49,119.48,124.6358,1,135.0100,1,57556,58461,5.2957,4.7453,0.5504,45.81
2026-01-29,138.99,141.81,137.77,140.42,137.16,130.68,121.30,118.59,119.62,124.6358,1,135.1700,1,64565,57914,5.3398,4.8642,0.4756,48.12
2026-01-30,139.38,141.00,133.32,134.54,137.30,131.46,121.94,118.64,119.72,124.6358,1,143.4800,0,46403,57480,4.8444,4.8603,-0.0158,38.96
2026-02-02,133.96,137.66,133.50,134.32,137.27,132.62,122.63,118.67,119.82,124.6358,1,143.2768,0,50289,57229,4.3836,4.7649,-0.3814,33.00
2026-02-03,135.00,139.00,133.16,136.78,137.84,133.88,123.35,118.72,119.93,124.6358,1,143.0777,0,47682,57302,4.1688,4.6457,-0.4769,39.87
2026-02-04,138.40,143.02,135.17,136.73,137.44,134.48,124.10,118.76,120.04,124.6358,1,133.1600,1,56661,57207,3.9490,4.5063,-0.5574,35.59
2026-02-05,135.35,136.48,132.51,133.35,136.94,134.94,124.64,118.76,120.16,124.6358,1,143.0200,0,42792,56471,3.4621,4.2975,-0.8354,47.53
2026-02-06,135.80,141.69,135.80,141.47,137.30,135.58,125.30,118.82,120.30,124.6358,1,143.0200,0,69490,56660,3.6890,4.1758,-0.4868,57.57
2026-02-09,140.96,144.91,139.03,144.15,137.96,136.24,125.94,118.92,120.44,124.6732,1,132.5100,1,69524,57018,4.0385,4.1483,-0.1098,62.93
2026-02-10,145.00,148.44,143.51,145.05,138.58,137.04,126.58,119.01,120.57,128.9289,1,132.7580,1,43051,56952,4.3381,4.1863,0.1518,59.81
2026-02-11,147.48,148.25,141.20,141.83,138.86,137.56,127.15,119.07,120.68,128.9289,1,133.3853,1,58930,57785,4.2665,4.2024,0.0642,53.75
2026-02-12,144.16,148.88,137.58,139.29,138.75,137.96,127.70,119.11,120.78,128.9289,1,133.9875,1,54198,57829,3.9592,4.1537,-0.1945,55.57
2026-02-13,139.43,146.95,138.59,146.39,139.94,138.62,128.38,119.20,120.92,128.9289,1,134.8810,1,57092,58151,4.2397,4.1709,0.0688,64.98
2026-02-17,146.00,147.23,142.39,145.37,141.04,139.16,129.00,119.33,121.06,128.9289,1,135.7210,1,54107,57779,4.3298,4.2027,0.1271,61.97
2026-02-18,145.11,148.25,142.65,145.63,141.93,139.88,129.57,119.47,121.18,128.9289,1,136.5105,1,56140,58087,4.3717,4.2365,0.1352,64.60
2026-02-19,144.58,145.41,142.12,144.93,142.75,140.09,130.15,119.60,121.29,128.9289,1,137.2527,1,32943,58153,4.2990,4.2490,0.0500,63.49
2026-02-20,144.19,146.98,140.09,145.96,144.01,140.47,130.76,119.73,121.42,128.9289,1,137.9503,1,45175,58246,4.2751,4.2542,0.0209,64.62
2026-02-23,144.53,148.00,141.66,142.38,144.10,140.70,131.27,119.86,121.55,128.9289,1,138.6061,1,89044,59176,3.9221,4.1878,-0.2657,60.27
2026-02-24,148.68,149.95,136.27,137.44,143.43,140.70,131.62,119.96,121.64,128.9289,1,148.8800,0,72747,59634,3.2068,3.9916,-0.7848,50.95
2026-02-25,139.29,139.35,130.00,133.22,142.24,140.41,131.88,120.02,121.70,128.9289,1,149.9500,0,53288,59996,2.2732,3.6479,-1.3747,46.27
2026-02-26,134.93,136.71,131.34,136.64,141.73,140.29,132.23,120.09,121.77,128.9289,1,149.9500,0,45651,60015,1.7886,3.2760,-1.4874,49.42
2026-02-27,134.40,134.58,130.88,134.43,141.24,139.99,132.53,120.15,121.78,128.9289,1,149.1520,0,50425,60131,1.2123,2.8633,-1.6510,46.90
2026-03-02,131.92,141.15,130.70,140.73,140.67,140.30,132.92,120.24,121.82,128.9289,1,148.3859,0,69521,59993,1.2495,2.5405,-1.2910,56.67
2026-03-03,135.36,139.21,133.96,138.18,139.95,140.50,133.29,120.33,121.85,128.9289,1,147.6505,0,46290,59013,1.0610,2.2446,-1.1836,55.07
2026-03-04,140.05,140.87,137.40,140.64,139.45,140.69,133.68,120.44,121.91,128.9289,1,146.9445,0,72008,59056,1.0975,2.0152,-0.9177,58.38
2026-03-05,138.53,142.09,133.90,136.59,138.62,140.68,134.02,120.53,121.93,128.9289,1,146.2667,0,123245,59703,0.7905,1.7703,-0.9798,54.29
2026-03-06,132.31,135.00,130.06,131.22,137.15,140.58,134.24,120.59,121.94,128.9289,1,145.6160,0,78548,60308,0.1125,1.4387,-1.3262,49.54
2026-03-09,128.69,128.81,121.51,127.26,135.63,139.87,134.34,120.64,121.94,146.6794,0,144.9914,0,60054,60611,-0.7358,1.0038,-1.7396,44.60
2026-03-10,126.43,128.10,122.58,123.14,134.20,138.82,134.35,120.63,121.94,146.3635,0,143.5825,0,67826,61542,-1.7207,0.4589,-2.1796,39.88
2026-03-11,122.10,126.44,116.90,126.31,133.51,137.88,134.42,120.70,121.96,143.4531,0,142.2581,0,49034,62101,-2.2199,-0.0768,-2.1430,44.00
2026-03-12,123.95,127.11,118.01,119.54,131.80,136.76,134.36,120.74,121.96,143.4531,0,140.2295,0,43501,61844,-3.1257,-0.6866,-2.4391,39.36
2026-03-13,121.06,122.16,115.00,116.76,130.04,135.64,134.28,120.76,121.93,140.8293,0,138.3631,0,50195,61762,-4.0216,-1.3536,-2.6680,36.24
2026-03-16,117.79,119.38,114.42,118.01,127.76,134.22,134.26,120.78,121.91,138.4124,0,136.0268,0,44041,61018,-4.5779,-1.9985,-2.5794,36.56
2026-03-17,119.07,123.48,119.06,121.02,126.05,133.00,134.46,120.83,121.89,138.4124,0,133.4340,0,49691,60539,-4.7215,-2.5431,-2.1784,39.22
2026-03-18,119.61,121.45,116.85,119.33,123.92,131.69,134.61,120.82,121.87,138.4124,0,131.1523,0,67947,60611,-4.9150,-3.0175,-1.8975,40.33
2026-03-19,117.81,120.01,115.34,118.58,122.12,130.37,134.49,120.77,121.85,137.3298,0,129.1444,0,49258,59891,-5.0704,-3.4280,-1.6424,40.91
2026-03-20,117.67,118.50,111.93,113.85,120.38,128.76,134.28,120.74,121.79,134.8993,0,127.3775,0,61115,60083,-5.5117,-3.8448,-1.6670,39.13
2026-03-23,118.00,120.11,115.52,117.35,119.39,127.51,134.05,120.76,121.74,134.8993,0,125.2149,0,33703,58929,-5.5155,-4.1789,-1.3366,43.06
2026-03-24,115.76,120.71,114.78,119.46,119.02,126.61,133.83,120.76,121.71,134.8993,0,123.3550,0,33843,58568,-5.2872,-4.4006,-0.8867,44.03
2026-03-25,121.17,122.99,116.92,117.65,118.16,125.83,133.60,120.74,121.66,134.8993,0,111.9300,1,40601,57200,-5.1926,-4.5590,-0.6336,40.95
2026-03-26,116.36,119.10,115.56,118.49,118.05,124.93,133.34,120.76,121.61,134.8993,0,112.1512,1,38557,57218,-4.9922,-4.6456,-0.3466,40.87
2026-03-27,117.28,117.28,112.75,113.15,117.69,123.86,132.98,120.74,121.53,133.3202,0,112.3680,1,29691,56847,-5.2043,-4.7574,-0.4469,37.12
2026-03-30,117.70,117.70,112.51,113.09,117.20,122.48,132.57,120.68,121.45,133.1367,0,122.9900,0,43958,56724,-5.3160,-4.8691,-0.4469,37.90
2026-03-31,115.43,119.33,113.16,118.11,116.91,121.48,132.24,120.67,121.41,133.1367,0,122.7804,0,55878,56792,-4.9424,-4.8837,-0.0587,40.28
2026-04-01,119.64,121.37,117.47,118.37,116.81,120.36,131.99,120.68,121.40,133.1367,0,122.5750,0,33108,56508,-4.5727,-4.8215,0.2489,46.51
2026-04-02,115.00,120.96,113.45,117.04,116.66,119.39,131.52,120.67,121.36,133.1367,0,122.3737,0,32830,55210,-4.3370,-4.7246,0.3876,44.14
2026-04-06,116.42,118.32,116.31,116.91,116.96,118.67,131.09,120.67,121.33,133.1367,0,122.1764,0,27041,54104,-4.1133,-4.6023,0.4891,37.15
2026-04-07,116.30,117.50,113.15,115.28,116.76,118.07,130.64,120.66,121.30,131.7263,0,121.9831,0,39829,53846,-4.0211,-4.4861,0.4650,36.78
2026-04-08,122.74,126.12,120.93,122.44,117.05,118.04,130.33,120.73,121.31,131.7263,0,112.5100,1,59947,53542,-3.3320,-4.2553,0.9233,39.86
2026-04-09,121.56,124.24,120.82,123.42,117.63,117.89,130.02,120.80,121.31,131.7263,0,112.7822,1,42185,53224,-2.6759,-3.9394,1.2635,39.11
2026-04-10,124.13,125.75,123.13,125.23,118.30,118.18,129.75,120.87,121.31,131.7263,0,113.0490,1,26749,52608,-1.9870,-3.5489,1.5619,42.34
2026-04-13,125.14,128.88,123.54,128.62,119.85,118.77,129.51,120.95,121.32,131.7263,0,113.3104,1,38998,52096,-1.1541,-3.0700,1.9158,43.12
2026-04-14,128.92,129.83,127.42,128.85,121.43,119.31,129.40,121.04,121.33,131.7263,0,113.9332,1,29468,51758,-0.4702,-2.5500,2.0798,43.27
2026-04-15,128.30,128.51,125.81,126.45,122.26,119.58,129.24,121.11,121.31,131.7263,0,114.8870,1,28919,51330,-0.1204,-2.0641,1.9437,39.52
2026-04-16,126.20,127.74,123.61,125.90,123.01,119.91,129.02,121.19,121.29,131.7263,0,115.7836,1,33288,51042,0.1112,-1.6290,1.7402,36.89
2026-04-17,127.35,132.43,126.85,128.85,124.20,120.43,128.87,121.26,121.28,131.7263,0,116.6263,1,43062,50770,0.5267,-1.1979,1.7246,36.33
2026-04-20,128.55,132.33,126.11,132.28,125.73,121.35,128.85,121.38,121.28,114.6240,1,117.8906,1,44234,50799,1.1198,-0.7343,1.8541,36.52
2026-04-21,132.48,137.48,131.95,132.40,127.44,122.10,128.66,121.50,121.28,119.2136,1,119.0538,1,40448,50218,1.5813,-0.2712,1.8525,37.56
2026-04-22,133.49,135.46,131.13,133.19,128.52,122.79,128.44,121.63,121.30,119.2136,1,120.8964,1,45977,49748,1.9879,0.1806,1.8073,37.78
2026-04-23,133.33,137.13,131.80,133.02,129.48,123.55,128.20,121.76,121.31,119.2136,1,122.5548,1,42766,49742,2.2702,0.5985,1.6717,38.58
2026-04-24,133.02,136.00,130.85,134.10,130.37,124.34,128.05,121.87,121.31,119.2136,1,124.0473,1,51025,49584,2.5517,0.9892,1.5626,40.43
2026-04-27,133.86,137.13,131.03,132.78,130.78,125.32,127.92,121.99,121.31,119.2136,1,125.3906,1,53364,49567,2.6379,1.3189,1.3190,39.10
2026-04-28,131.78,131.78,127.53,128.98,130.80,126.11,127.57,122.10,121.30,119.2136,1,126.5995,1,45465,49335,2.3722,1.5296,0.8426,34.06
2026-04-29,128.04,129.29,120.47,120.89,130.24,126.25,127.08,122.17,121.27,119.2136,1,137.4800,0,50508,49263,1.4916,1.5220,-0.0303,26.89
2026-04-30,122.15,130.46,121.31,129.53,130.60,126.81,126.76,122.33,121.29,119.2136,1,137.1398,0,56838,49276,1.4740,1.5124,-0.0384,35.67
2026-05-01,129.53,130.87,125.47,127.87,130.50,127.35,126.42,122.50,121.31,119.2136,1,136.8064,0,85238,50322,1.3109,1.4721,-0.1612,31.97
2026-05-04,127.20,127.92,122.59,126.08,129.88,127.81,126.02,122.66,121.31,119.2136,1,136.4797,0,44015,50299,1.0254,1.3828,-0.3573,37.44
2026-05-05,126.89,133.29,124.84,132.29,129.87,128.66,125.82,122.88,121.35,119.2136,1,136.1595,0,62282,49764,1.2855,1.3633,-0.0778,47.41
2026-05-06,133.82,139.40,132.91,138.90,130.44,129.48,125.85,123.14,121.43,119.2136,1,120.4700,1,64866,49606,2.0018,1.4910,0.5108,52.89
2026-05-07,140.74,143.00,135.27,136.28,130.77,130.12,125.91,123.37,121.49,120.0301,1,120.8486,1,54989,49640,2.3313,1.6591,0.6722,47.37
2026-05-08,136.77,139.38,134.92,138.31,131.19,130.78,125.94,123.61,121.55,120.0301,1,121.7347,1,64522,50018,2.7248,1.8722,0.8526,48.45
2026-05-11,139.54,140.14,137.36,139.98,131.91,131.35,126.05,123.84,121.63,121.2368,1,122.5853,1,85766,50725,3.1352,2.1248,1.0104,55.41
2026-05-12,150.00,163.00,145.06,159.19,134.93,132.86,126.42,124.21,121.79,131.3621,1,123.4019,1,235633,54047,4.9535,2.6906,2.2629,71.73
2026-05-13,161.61,165.56,153.10,155.44,138.39,134.31,126.77,124.57,121.94,135.1909,1,125.7777,1,115492,55431,6.0225,3.3569,2.6655,68.03
2026-05-14,158.76,160.00,150.27,155.71,141.00,135.80,127.07,124.93,122.10,135.1909,1,128.9603,1,108109,56153,6.8129,4.0481,2.7648,68.88
2026-05-15,152.64,155.26,151.63,152.99,143.52,137.01,127.40,125.24,122.25,135.1909,1,131.8883,1,60722,54902,7.1376,4.6660,2.4715,69.25
2026-05-18,154.66,156.29,150.64,151.27,146.04,137.96,127.80,125.59,122.39,135.1909,1,134.5820,1,72761,54787,7.1734,5.1675,2.0059,68.29
2026-05-19,149.00,149.45,144.13,147.56,147.56,138.72,128.20,125.88,122.53,135.1909,1,137.0603,1,74503,55076,6.8237,5.4987,1.3250,65.03
2026-05-20,148.77,154.16,145.13,153.60,149.03,139.74,128.81,126.20,122.68,135.1909,1,139.3403,1,57385,54867,6.9538,5.7898,1.1641,67.85
2026-05-21,152.31,155.49,149.57,154.88,150.89,140.83,129.39,126.53,122.87,135.1909,1,141.4378,1,39401,54674,7.0787,6.0475,1.0311,70.27
2026-05-22,155.36,160.09,154.20,159.70,153.03,142.11,130.19,126.89,123.10,135.1909,1,143.3676,1,45339,54711,7.4803,6.3341,1.1462,74.54
2026-05-26,162.10,165.55,160.50,163.29,155.36,143.64,131.12,127.27,123.35,141.4223,1,145.1430,1,65790,55023,7.9961,6.6665,1.3296,74.03
2026-05-27,164.83,164.95,157.97,161.51,155.60,145.26,131.99,127.62,123.58,141.4223,1,146.7764,1,60922,55360,8.1671,6.9666,1.2005,74.18
2026-05-28,160.20,160.26,153.93,159.33,155.98,147.19,132.76,127.93,123.81,141.4223,1,148.2790,1,59239,55551,8.0341,7.1801,0.8540,70.90
2026-05-29,160.31,161.43,155.81,159.33,156.35,148.68,133.56,128.22,124.00,141.4223,1,149.6615,1,126620,56725,7.8383,7.3117,0.5266,71.18
2026-06-01,158.98,164.33,155.29,163.46,157.39,150.46,134.45,128.52,124.19,141.4223,1,150.9334,1,66757,57075,7.9251,7.4344,0.4907,72.96
2026-06-02,164.61,171.85,164.61,168.59,159.13,152.58,135.55,128.78,124.45,146.1188,1,152.1035,1,110780,58068,8.3119,7.6099,0.7020,76.14
2026-06-03,168.35,171.70,165.98,166.94,161.06,154.31,136.54,129.02,124.71,147.2239,1,154.0782,1,77794,58950,8.3887,7.7657,0.6231,77.17
2026-06-04,166.68,171.42,163.20,165.10,162.21,155.62,137.45,129.27,124.93,147.2239,1,155.8554,1,61070,59495,8.2065,7.8538,0.3527,76.67
2026-06-05,164.06,164.37,154.18,156.29,162.35,156.62,138.23,129.45,125.11,147.2239,1,171.8500,0,118140,61045,7.2674,7.7365,-0.4691,75.64
2026-06-08,158.65,164.79,157.11,164.34,162.82,157.93,139.14,129.72,125.36,147.2239,1,171.4966,0,55744,61389,7.0910,7.6074,-0.5164,78.67
2026-06-09,151.33,166.08,150.10,160.65,162.55,158.96,140.09,129.94,125.58,147.2239,1,171.1503,0,146529,63726,6.5776,7.4015,-0.8239,76.91
2026-06-10,160.40,160.40,153.53,154.58,161.86,158.73,140.92,130.06,125.74,147.2239,1,170.3083,0,93351,64714,5.6162,7.0444,-1.4282,74.23
2026-06-11,157.36,164.00,156.01,162.41,162.17,159.08,141.81,130.29,125.96,147.2239,1,169.4999,0,68488,64966,5.4236,6.7203,-1.2967,76.70
2026-06-12,164.69,166.39,156.24,160.53,162.29,159.32,142.65,130.47,126.17,147.2239,1,168.7239,0,83411,65972,5.0609,6.3884,-1.3275,74.46
2026-06-15,166.10,167.00,156.28,156.63,161.61,159.50,143.44,130.80,126.37,147.2239,1,167.9790,0,95184,67219,4.4080,5.9923,-1.5843,72.76
2026-06-16,157.86,162.13,154.81,155.13,160.26,159.69,144.21,131.13,126.55,147.2239,1,167.2638,0,85135,68381,3.7265,5.5392,-1.8126,73.57
2026-06-17,155.91,158.38,149.48,151.43,158.71,159.89,144.93,131.45,126.73,147.2239,1,167.0000,0,85119,69287,2.8550,5.0023,-2.1473,73.57
2026-06-18,153.72,157.48,152.76,155.30,157.73,159.97,145.59,131.77,126.94,147.2239,1,165.9488,0,106163,70211,2.4484,4.4915,-2.0432,74.57
2026-06-22,156.06,157.98,154.52,155.66,157.67,160.01,146.23,132.07,127.16,147.2239,1,164.9607,0,83574,71039,2.1306,4.0193,-1.8888,74.20
2026-06-23,150.20,153.28,148.98,151.34,156.37,159.59,146.75,132.36,127.34,147.2239,1,164.0318,0,64002,71784,1.5127,3.5180,-2.0053,72.73
2026-06-24,152.51,156.60,151.35,152.00,155.50,159.03,147.22,132.68,127.52,147.2239,1,162.8277,0,88738,72779,1.0640,3.0272,-1.9632,71.55
2026-06-25,155.59,160.99,153.95,160.43,156.09,158.97,147.85,133.06,127.74,147.2239,1,161.7199,0,100060,74191,1.3729,2.6963,-1.3235,77.77
2026-06-26,158.98,160.59,153.61,157.55,155.60,158.88,148.48,133.45,127.95,147.2239,1,160.9900,0,217892,77970,1.3694,2.4310,-1.0615,75.61
2026-06-29,156.82,160.08,154.44,157.75,155.32,158.81,149.11,133.83,128.17,147.2239,1,160.9900,0,84870,79002,1.3671,2.2182,-0.8511,76.79
2026-06-30,157.86,163.79,156.54,162.24,155.88,158.74,149.78,134.25,128.39,147.2239,1,148.9800,1,73089,79602,1.7079,2.1161,-0.4083,79.58
2026-07-01,160.84,166.71,158.22,163.70,156.74,158.50,150.41,134.63,128.63,147.2239,1,149.2762,1,120303,81124,2.0719,2.1073,-0.0354,78.60
2026-07-02,163.43,165.55,158.42,161.72,157.77,158.24,151.00,134.98,128.87,147.2239,1,149.9735,1,136944,83053,2.1755,2.1209,0.0546,79.26
2026-07-06,162.96,166.75,161.84,164.89,158.73,158.23,151.63,135.34,129.13,147.2239,1,150.6430,1,77878,83691,2.4847,2.1937,0.2911,80.25
2026-07-07,163.00,163.00,144.06,147.85,157.95,157.81,151.93,135.57,129.30,147.2239,1,166.7500,0,137678,85590,1.3394,2.0228,-0.6834,66.01
2026-07-08,143.77,149.81,143.04,148.59,157.67,157.02,152.22,135.80,129.46,147.2239,1,166.7500,0,66271,85895,0.4858,1.7154,-1.2296,68.51
2026-07-09,151.13,156.78,151.00,151.66,157.64,156.57,152.59,136.07,129.64,147.2239,1,165.8016,0,102446,86876,0.0564,1.3836,-1.3272,67.79
2026-07-10,151.62,158.19,151.62,156.65,157.26,156.67,153.15,136.37,129.86,147.2239,1,164.8911,0,77150,87510,0.1174,1.1304,-1.0129,71.89
2026-07-13,154.39,155.18,149.75,149.78,156.48,156.04,153.72,136.60,130.06,147.2239,1,164.0171,0,54565,87591,-0.3841,0.8275,-1.2116,64.65
2026-07-14,151.86,157.48,146.20,146.62,155.37,155.35,154.07,136.80,130.26,169.4146,0,163.1780,0,71551,87885,-1.0248,0.4570,-1.4818,60.53
2026-07-15,149.17,150.29,142.61,146.84,153.83,154.86,154.45,137.00,130.48,169.4146,0,162.3725,0,47650,87134,-1.4975,0.0661,-1.5636,60.39
2026-07-16,143.55,149.99,142.79,149.67,152.43,154.58,154.92,137.23,130.73,169.4146,0,161.1867,0,74431,87742,-1.6251,-0.2721,-1.3530,59.56
2026-07-17,144.81,150.00,144.04,148.71,151.13,154.45,155.25,137.44,130.97,169.4146,0,160.0721,0,51156,87519,-1.7831,-0.5743,-1.2088,55.35
2026-07-20,148.97,150.34,143.20,143.55,148.99,153.86,155.34,137.60,131.19,169.4146,0,159.0244,0,58655,87395,-2.2982,-0.9191,-1.3791,49.25
2026-07-21,145.84,149.15,143.19,145.85,148.79,153.37,155.53,137.77,131.41,169.3116,0,158.0395,0,51427,87324,-2.4921,-1.2337,-1.2584,50.24
2026-07-22,144.96,149.65,144.17,145.25,148.46,153.07,155.67,137.95,131.62,169.3116,0,157.1138,0,58318,87200,-2.6634,-1.5196,-1.1438,51.60
2026-07-23,142.16,145.90,140.01,143.26,147.62,152.63,155.73,138.11,131.82,164.9463,0,156.2435,0,41216,86309,-2.9261,-1.8009,-1.1252,51.30
2026-07-24,143.01,144.52,139.43,141.54,146.11,151.68,155.38,138.24,132.00,163.2942,0,154.9449,0,50657,82609,-3.2357,-2.0879,-1.1479,48.18
2026-07-27,143.64,145.25,139.28,140.80,145.21,150.85,155.09,138.38,132.20,163.2433,0,153.3934,0,40931,81118,-3.5005,-2.3704,-1.1301,45.87
2026-07-28,139.28,142.61,137.29,141.62,144.71,150.04,154.81,138.52,132.40,160.4265,0,151.6998,0,70541,80367,-3.6026,-2.6169,-0.9858,52.68
2026-07-29,139.80,141.57,135.90,137.77,143.80,148.82,154.50,138.64,132.56,158.8798,0,149.6824,0,67466,80502,-3.9487,-2.8832,-1.0655,40.94
2026-07-30,140.95,143.23,137.43,138.91,142.73,147.58,154.26,138.77,132.75,158.8798,0,147.4772,0,66802,80382,-4.0839,-3.1234,-0.9606,52.26
2026-07-31,141.83,145.39,140.01,142.55,142.11,146.62,154.16,138.90,132.95,158.8798,0,145.6249,0,51845,79929,-3.8529,-3.2693,-0.5837,60.93
2026-08-03,144.42,149.27,142.89,148.34,142.59,145.79,154.05,139.07,133.17,158.8798,0,135.9000,1,56696,79916,-3.1662,-3.2487,0.0825,65.18
2026-08-04,151.65,159.86,150.85,159.49,143.95,146.37,154.14,139.32,133.43,134.0245,1,136.1674,1,101260,81153,-1.7026,-2.9394,1.2369,69.58
2026-08-05,155.98,160.30,152.44,153.12,144.74,146.60,154.01,139.52,133.67,134.8145,1,137.1151,1,83910,81924,-1.0446,-2.5605,1.5158,62.03
2026-08-06,169.50,176.38,161.17,163.32,146.75,147.18,154.01,139.80,133.96,142.3971,1,138.5062,1,209197,84792,0.2964,-1.9891,2.2855,74.83
2026-08-07,166.02,170.39,164.03,166.37,149.23,147.67,154.11,140.12,134.25,142.3971,1,141.5361,1,74650,85067,1.5870,-1.2739,2.8609,76.59
2026-08-10,166.63,169.24,162.74,163.86,151.54,148.37,154.20,140.47,134.50,142.3971,1,144.3236,1,57318,85028,2.3799,-0.5431,2.9230,64.26
2026-08-11,165.74,169.55,165.08,167.71,154.14,149.43,154.37,140.84,134.76,142.9055,1,146.8881,1,43437,83365,3.2811,0.2217,3.0594,72.08
2026-08-12,170.00,170.93,165.19,167.04,157.07,150.44,154.44,141.13,135.00,144.3694,1,149.2475,1,46671,82963,3.8963,0.9566,2.9397,70.83
2026-08-13,167.04,169.45,166.63,167.25,159.91,151.32,154.41,141.41,135.19,145.8725,1,151.4181,1,80916,82366,4.3507,1.6354,2.7152,71.20
2026-08-14,166.50,169.31,165.58,166.58,162.31,152.21,154.40,141.67,135.37,146.3753,1,153.4150,1,33049,81471,4.6036,2.2291,2.3745,68.63
2026-08-17,165.20,168.91,162.85,168.75,164.35,153.47,154.48,141.92,135.57,146.3753,1,155.2522,1,54793,81345,4.9224,2.7677,2.1547,72.08
2026-08-18,165.80,166.65,156.63,157.11,164.11,154.03,154.49,142.11,135.71,146.3753,1,176.3800,0,41147,79805,4.1876,3.0517,1.1359,62.14
2026-08-19,159.71,159.71,145.77,145.94,163.39,154.07,154.13,142.20,135.82,177.0268,0,175.9850,0,66534,80021,2.6731,2.9760,-0.3029,47.14
2026-08-20,143.55,148.18,143.43,145.52,161.61,154.18,153.82,142.30,135.91,169.0881,0,174.7764,0,63971,78370,1.4225,2.6653,-1.2428,44.54
2026-08-21,146.85,150.01,143.86,145.24,159.50,154.36,153.64,142.38,135.96,169.0881,0,172.8956,0,48278,77469,0.4042,2.2131,-1.8089,42.74
2026-08-24,143.86,143.86,138.44,139.48,157.06,154.30,153.18,142.41,136.01,163.7098,0,171.1277,0,61148,77322,-0.8577,1.5989,-2.4566,33.43
2026-08-25,141.88,142.53,139.16,139.65,154.26,154.20,152.76,142.47,136.04,162.1599,0,168.5127,0,42998,76514,-1.8231,0.9145,-2.7376,34.27
2026-08-26,139.65,145.72,139.22,143.96,151.95,154.51,152.51,142.49,136.23,162.1599,0,166.1069,0,44844,75507,-2.2148,0.2886,-2.5035,38.93
2026-08-27,144.56,147.31,142.96,144.65,149.69,154.80,152.30,142.53,136.42,162.1599,0,163.8935,0,40227,74609,-2.4415,-0.2574,-2.1841,39.20
2026-08-28,145.78,146.31,140.97,142.20,147.25,154.78,152.11,142.56,136.61,162.1599,0,161.8572,0,37754,73661,-2.7866,-0.7632,-2.0234,36.78
2026-08-31,142.20,146.77,141.54,146.22,145.00,154.67,151.93,142.62,136.81,162.1599,0,159.9838,0,56397,72666,-2.7046,-1.1515,-1.5531,45.48
2026-09-01,144.19,145.23,141.57,143.67,143.65,153.88,151.69,142.65,136.98,162.1599,0,158.2603,0,52238,72039,-2.8130,-1.4838,-1.3292,45.78
2026-09-02,144.98,147.13,142.68,144.52,143.51,153.45,151.55,142.69,137.16,162.1599,0,156.6747,0,36925,71498,-2.7980,-1.7467,-1.0514,48.06
2026-09-03,144.74,147.71,142.15,147.24,143.68,152.65,151.46,142.73,137.37,162.1599,0,155.2159,0,39770,70518,-2.5374,-1.9048,-0.6326,47.46
2026-09-04,147.23,149.88,147.10,148.36,143.99,151.75,151.22,142.82,137.60,162.1599,0,153.8739,0,32357,69164,-2.2150,-1.9668,-0.2481,53.07
2026-09-08,148.36,153.16,147.98,149.31,144.98,151.02,151.05,142.92,137.85,162.1599,0,138.4400,1,45540,65717,-1.8613,-1.9457,0.0844,58.55
2026-09-09,148.02,150.88,145.55,145.76,145.59,149.92,150.81,142.98,138.08,162.1599,0,138.7344,1,42445,64869,-1.8463,-1.9258,0.0796,54.17
2026-09-10,143.72,146.13,142.48,143.91,145.58,148.77,150.45,143.03,138.30,160.6443,0,139.0229,1,26379,63935,-1.9610,-1.9329,-0.0281,56.39
2026-09-11,146.41,149.00,146.08,146.56,145.78,147.73,150.10,143.12,138.50,160.6443,0,139.3057,1,37695,62282,-1.8171,-1.9097,0.0926,61.51
2026-09-14,142.63,142.80,139.11,140.05,145.56,146.41,149.67,143.11,138.66,157.7991,0,153.1600,0,47687,60497,-2.2030,-1.9684,-0.2346,56.27
2026-09-15,141.40,141.40,137.81,138.23,144.76,144.88,149.14,143.07,138.79,155.8417,0,152.8790,0,55486,60049,-2.6254,-2.0998,-0.5256,54.70
2026-09-16,138.54,139.33,130.84,132.80,143.67,143.66,148.84,142.99,138.89,152.2450,0,152.2762,0,62841,58553,-3.3596,-2.3517,-1.0079,46.33
2026-09-17,136.68,137.91,133.46,133.55,142.58,143.04,148.54,142.93,138.99,152.2450,0,150.9901,0,54221,58312,-3.8367,-2.6487,-1.1880,47.74
2026-09-18,134.35,134.77,130.67,133.14,141.17,142.43,148.17,142.89,139.10,149.2293,0,149.7811,0,107630,58415,-4.1995,-2.9589,-1.2406,47.63
2026-09-21,134.05,135.52,132.00,134.31,139.76,141.88,147.72,142.81,139.20,149.2293,0,148.2522,0,43181,57736,-4.3425,-3.2356,-1.1069,49.63
2026-09-22,136.91,144.41,135.08,144.17,139.25,142.11,147.61,142.80,139.35,149.2293,0,146.8456,0,111991,58884,-3.6186,-3.3122,-0.3064,60.30
2026-09-23,143.42,146.00,141.09,144.43,139.11,142.35,147.56,142.80,139.49,149.2293,0,130.6700,1,53540,58524,-2.9894,-3.2477,0.2583,67.53
2026-09-24,143.75,143.79,139.77,141.53,138.88,142.23,147.46,142.77,139.62,149.2293,0,130.9766,1,35425,58280,-2.6937,-3.1369,0.4432,64.70
2026-09-25,142.28,145.24,140.57,143.93,138.61,142.19,147.34,142.76,139.76,149.2293,0,131.2771,1,41423,57620,-2.2399,-2.9575,0.7176,61.60
2026-09-28,142.40,143.34,140.27,142.08,138.82,142.19,147.21,142.76,139.89,149.2293,0,131.5715,1,42482,57446,-2.0064,-2.7673,0.7609,61.41
2026-09-29,143.50,144.86,140.61,141.22,139.12,141.94,147.16,142.78,139.99,149.2293,0,131.8601,1,26860,56810,-1.8692,-2.5876,0.7184,60.74
2026-09-30,141.78,143.85,140.62,142.19,140.05,141.86,147.09,142.84,140.10,149.2293,0,132.1429,1,62677,57035,-1.6630,-2.4027,0.7397,59.72
2026-10-01,142.30,145.25,140.00,143.58,141.06,141.82,147.06,142.89,140.23,149.2293,0,132.4200,1,35421,56577,-1.3717,-2.1965,0.8249,66.39
2026-10-02,146.51,151.73,146.51,149.27,142.67,141.92,147.18,142.99,140.37,133.0781,1,132.6916,1,54872,56850,-0.6738,-1.8920,1.2181,68.29
2026-10-05,149.07,151.63,145.82,150.61,144.30,142.03,147.36,143.05,140.52,133.0781,1,133.4532,1,50530,56848,-0.0125,-1.5161,1.5035,68.65
2026-10-06,151.87,153.67,148.73,149.10,144.79,142.02,147.52,143.13,140.67,135.1514,1,134.1842,1,59827,57226,0.3852,-1.1358,1.5211,64.88
