symbol,longName,sector,industry,country,marketCap,currentPrice,averageVolume10days,averageVolume3months,averageDollarVolume,revenueGrowth,earningsGrowth,earningsQuarterlyGrowth,grossMargins,operatingMargins,profitMargins,returnOnEquity,returnOnAssets,totalCash,totalDebt,debtToEquity,currentRatio,quickRatio,operatingCashflow,freeCashflow,sharesOutstanding,floatShares,heldPercentInsiders,heldPercentInstitutions,sharesShort,shortRatio,shortPercentOfFloat,trailingPE,forwardPE,priceToSalesTrailing12Months,priceToBook,enterpriseToRevenue,enterpriseToEbitda,targetMeanPrice,targetHighPrice,targetLowPrice,recommendationMean,recommendationKey,numberOfAnalystOpinions,epsRevisionUpLast7Days,epsRevisionUpLast30Days,epsRevisionDownLast7Days,epsRevisionDownLast30Days,nextEarningsDate,beta,website,retrievedAt
OC,Owens Corning,Industrials,Building Products & Equipment,United States,9024197632,114.16,1221170,996698,113783043.67999999,0.003,-0.342,-0.377,0.26231,0.17816,-0.06814,-0.094510004,0.05787,271000000,5728999936,150.328,1.16,0.599,1752000000,869500032,79048683,78230529,0.011089999,1.1099,2352518,2.42,0.0342,,9.99894,0.9164413,2.3909357,1.499,7.633,157.4375,198.0,106.0,2.05556,buy,16,0,0,1,1,2026-11-04,1.318,https://www.owenscorning.com,2026-10-10T21:37:43.457099+01:00
Date,Open,High,Low,Close,Ma10:Top:Line,Ma20:Top:Line,Ma50:Top:Line,Ma150:Top:Line,Ma200:Top:Line,Supertrend:Top:ColorLine,Supertrend_Dir,ParabolicSAR:Top:ColorLine,ParabolicSAR_Dir,Volume:Middle:Histogram,Vo50:Middle:Line,Macd:Bottom:Line,MacdSignal:Bottom:Line,MacdDelta:Bottom:Histogram,RsRating:Hidden:Hidden
2023-08-03,133.27,134.28,132.27,132.38,,,,,,,0,132.2716,1,97537,,,,,0
2023-08-04,133.49,134.50,131.97,132.67,,,,,,,0,134.4994,0,89229,,,,,0
2023-08-07,133.06,134.82,133.06,134.58,,,,,,,0,131.9695,1,117520,,,,,0
2023-08-08,133.08,134.88,131.35,134.85,,,,,,,0,134.8204,0,108880,,,,,0
2023-08-09,134.51,135.19,133.74,134.05,,,,,,,0,131.3465,1,116355,,,,,0
2023-08-10,134.05,135.15,131.57,133.48,,,,,,,0,131.3465,1,83963,,,,,0
2023-08-11,133.23,134.50,132.88,133.27,,,,,,,0,131.4233,1,73611,,,,,0
2023-08-14,132.89,134.89,132.33,134.86,,,,,,,0,131.4986,1,65301,,,,,0
2023-08-15,134.57,135.65,133.18,133.36,,,,,,,0,131.5724,1,56904,,,,,0
2023-08-16,133.55,134.68,132.32,132.39,133.59,,,,,140.7769,0,131.7356,1,57446,,,,,0
2023-08-17,133.05,133.25,127.74,128.06,133.16,,,,,138.7012,0,135.6511,0,76634,,,,,0
2023-08-18,127.57,129.35,127.46,128.73,132.76,,,,,136.3590,0,135.4929,0,104268,,,,,0
2023-08-21,129.27,129.71,127.24,128.66,132.17,,,,,136.3590,0,135.1714,0,99396,,,,,0
2023-08-22,129.30,129.65,127.76,128.27,131.51,,,,,136.3590,0,134.6956,0,56798,,,,,0
2023-08-23,128.60,131.72,128.60,130.94,131.20,,,,,136.3590,0,134.2482,0,78274,,,,,0
2023-08-24,130.00,131.37,129.22,129.25,130.78,,,,,136.3590,0,133.8278,0,69720,,,,,0
2023-08-25,129.34,129.60,123.96,127.93,130.24,,,,,135.4851,0,133.4325,0,119474,,,,,0
2023-08-28,129.01,130.72,128.39,130.38,129.80,,,,,135.4851,0,132.6743,0,80842,,,,,0
2023-08-29,129.83,134.19,129.31,133.74,129.84,,,,,135.4851,0,123.9551,1,80758,,,,,0
2023-08-30,133.70,135.15,133.31,134.24,130.02,131.81,,,,135.4851,0,124.1597,1,69982,,,,,0
2023-08-31,134.27,136.38,134.05,135.85,130.80,131.98,,,,126.5056,1,124.5994,1,123532,,,,,0
2023-09-01,136.88,138.77,136.44,138.53,131.78,132.27,,,,128.8942,1,125.3061,1,83105,,,,,0
2023-09-05,137.06,137.70,131.51,133.87,132.30,132.24,,,,128.8942,1,126.3829,1,197002,,,,,0
2023-09-06,133.22,136.14,132.77,134.52,132.93,132.22,,,,128.8942,1,127.3736,1,106034,,,,,0
2023-09-07,135.15,135.85,133.40,135.07,133.34,132.27,,,,128.8942,1,128.2850,1,114135,,,,,0
2023-09-08,134.41,136.38,133.83,134.85,133.90,132.34,,,,128.8942,1,129.1235,1,79353,,,,,0
2023-09-11,136.14,137.97,135.38,135.59,134.66,132.45,,,,128.8942,1,129.8949,1,118805,,,,,0
2023-09-12,134.38,135.21,131.12,132.06,134.83,132.32,,,,128.8942,1,130.6046,1,129366,,,,,0
2023-09-13,131.53,132.23,128.23,129.18,134.38,132.11,,,,128.8942,1,138.7663,0,107159,,,,,0
2023-09-14,130.30,132.72,129.94,131.81,134.13,132.08,,,,128.8942,1,138.5556,0,120026,,,,,0
2023-09-15,130.20,132.18,126.73,129.13,133.46,132.13,,,,128.8942,1,138.3491,0,329199,,,,,0
2023-09-18,129.69,130.49,129.08,129.72,132.58,132.18,,,,128.8942,1,137.8843,0,88979,,,,,0
2023-09-19,129.16,129.78,128.41,129.52,132.15,132.22,,,,128.8942,1,137.4382,0,118042,,,,,0
2023-09-20,130.02,131.49,128.26,128.27,131.52,132.22,,,,138.6053,0,137.0099,0,84286,,-0.5398,0.4145,-0.9543,0
2023-09-21,126.82,128.34,125.98,127.18,130.73,132.04,,,,136.4457,0,136.5987,0,119330,,-0.8086,0.1699,-0.9785,0
2023-09-22,127.83,128.13,126.89,127.26,129.97,131.94,,,,136.2374,0,135.9613,0,94744,,-1.0040,-0.0649,-0.9391,0
2023-09-25,126.86,129.31,126.50,128.57,129.27,131.97,,,,136.2374,0,135.3621,0,75918,,-1.0410,-0.2601,-0.7809,0
2023-09-26,128.04,129.70,126.43,126.44,128.71,131.77,,,,136.2374,0,134.7989,0,79145,,-1.2283,-0.4538,-0.7745,0
2023-09-27,127.92,128.77,126.97,128.32,128.62,131.50,,,,136.2374,0,134.2695,0,103755,,-1.2112,-0.6052,-0.6059,0
2023-09-28,128.63,132.42,128.48,131.45,128.59,131.36,,,,136.2374,0,133.7718,0,82060,,-0.9340,-0.6710,-0.2630,0
2023-09-29,132.33,132.39,128.38,128.77,128.55,131.01,,,,136.2374,0,133.3040,0,82774,,-0.9200,-0.7208,-0.1992,0
2023-10-02,128.18,129.59,126.55,127.03,128.28,130.43,,,,136.2374,0,132.8643,0,75844,,-1.0371,-0.7841,-0.2531,0
2023-10-03,126.42,127.00,122.49,123.01,127.63,129.89,,,,134.4647,0,132.4509,0,100847,,-1.4378,-0.9148,-0.5230,0
2023-10-04,124.24,125.51,122.39,124.96,127.30,129.41,,,,133.6328,0,131.6542,0,114103,,-1.5803,-1.0479,-0.5324,0
2023-10-05,124.82,126.99,124.47,125.23,127.10,128.92,,,,133.6328,0,130.7276,0,118213,,-1.6521,-1.1687,-0.4833,0
2023-10-06,123.96,126.23,123.19,124.98,126.88,128.42,,,,133.6328,0,129.8936,0,69656,,-1.7090,-1.2768,-0.4322,0
2023-10-09,123.74,125.29,121.32,124.62,126.48,127.88,,,,132.9848,0,129.1431,0,85503,,-1.7636,-1.3742,-0.3894,0
2023-10-10,124.97,127.44,124.63,126.16,126.45,127.58,,,,132.9848,0,128.2045,0,95546,,-1.6627,-1.4319,-0.2308,0
2023-10-11,126.52,128.93,126.41,128.91,126.51,127.57,,,,132.9848,0,121.3213,1,75081,,-1.3456,-1.4146,0.0690,0
2023-10-12,127.75,128.29,120.25,121.98,125.57,127.08,130.38,,,132.9848,0,128.9299,0,120653,99902,-1.6345,-1.4586,-0.1759,0
2023-10-13,122.49,123.71,119.96,120.78,124.77,126.66,130.15,,,132.9393,0,128.9299,0,82320,99597,-1.9383,-1.5545,-0.3838,0
2023-10-16,122.32,123.44,120.81,122.29,124.29,126.29,129.94,,,132.9170,0,128.5712,0,80321,99419,-2.0333,-1.6503,-0.3830,0
2023-10-17,120.72,123.01,120.33,121.77,124.17,125.90,129.68,,,132.1846,0,128.2269,0,109748,99264,-2.1261,-1.7454,-0.3806,0
2023-10-18,120.13,120.25,116.84,117.08,123.38,125.34,129.33,,,129.4867,0,127.8963,0,115488,99396,-2.5488,-1.9061,-0.6427,0
2023-10-19,116.83,118.43,115.74,116.42,122.50,124.80,128.98,,,127.7401,0,127.2327,0,126306,99595,-2.9039,-2.1057,-0.7982,0
2023-10-20,116.72,117.58,115.38,116.55,121.66,124.27,128.64,,,126.7350,0,126.3130,0,109185,100099,-3.1384,-2.3122,-0.8262,0
2023-10-23,116.24,118.40,116.18,116.65,120.86,123.67,128.30,,,126.7350,0,125.2193,0,96388,100555,-3.2788,-2.5055,-0.7733,0
2023-10-24,118.38,119.00,115.98,116.91,119.93,123.19,127.95,,,126.7350,0,124.2349,0,135722,101963,-3.3303,-2.6705,-0.6598,0
2023-10-25,105.12,112.53,104.21,104.83,117.53,122.02,127.37,,,121.0104,0,123.3490,0,237513,105576,-4.2967,-2.9957,-1.3009,0
2023-10-26,105.91,108.33,105.21,107.92,116.12,120.84,126.89,,,119.1968,0,121.0525,0,169879,107824,-4.7584,-3.3483,-1.4101,0
2023-10-27,107.92,108.28,105.17,105.71,114.61,119.69,126.44,,,118.8393,0,119.0315,0,79755,107887,-5.2420,-3.7270,-1.5150,0
2023-10-30,107.10,107.85,105.75,106.78,113.06,118.68,126.00,,,118.3461,0,117.2530,0,81802,107437,-5.4758,-4.0768,-1.3990,0
2023-10-31,107.55,108.62,106.91,107.45,111.63,117.90,125.57,,,118.3461,0,115.6879,0,99890,107447,-5.5429,-4.3700,-1.1729,0
2023-11-01,107.38,110.00,106.46,109.76,110.90,117.14,125.20,,,118.3461,0,114.3107,0,161474,109541,-5.3477,-4.5655,-0.7822,0
2023-11-02,111.84,113.86,111.20,112.35,110.49,116.50,124.83,,,118.3461,0,104.2108,1,108239,110140,-4.9275,-4.6379,-0.2896,0
2023-11-03,114.71,117.63,114.52,116.26,110.46,116.06,124.57,,,118.3461,0,104.4038,1,107303,110892,-4.2306,-4.5565,0.3258,0
2023-11-06,115.58,116.44,114.60,115.00,110.30,115.58,124.31,,,118.3461,0,104.9329,1,94322,110389,-3.7370,-4.3926,0.6556,0
2023-11-07,114.77,116.40,114.56,115.15,110.12,115.03,124.01,,,118.3461,0,105.4409,1,95175,110675,-3.2955,-4.1732,0.8776,0
2023-11-08,114.52,116.97,113.90,115.97,111.23,114.38,123.65,,,118.3461,0,105.9285,1,109231,111245,-2.8464,-3.9078,1.0615,0
2023-11-09,116.70,117.53,114.76,115.37,111.98,114.05,123.28,,,118.3461,0,106.3966,1,87480,111595,-2.5104,-3.6283,1.1180,0
2023-11-10,115.84,117.90,114.99,117.81,113.19,113.90,122.92,,,118.3461,0,106.8460,1,78247,110689,-2.0235,-3.3073,1.2839,0
2023-11-13,116.83,118.02,116.67,117.60,114.27,113.67,122.50,,,118.3461,0,107.5091,1,59558,110218,-1.6355,-2.9730,1.3374,0
2023-11-14,120.98,124.36,120.98,123.65,115.89,113.76,122.29,,,112.2285,1,108.3500,1,123454,108747,-0.8306,-2.5445,1.7139,0
2023-11-15,123.35,125.10,122.80,123.04,117.22,114.06,122.06,,,113.8611,1,109.9511,1,99559,108618,-0.2389,-2.0834,1.8445,0
2023-11-16,123.26,124.73,122.07,122.54,118.24,114.37,121.81,,,113.8611,1,111.7690,1,108319,108501,0.1874,-1.6292,1.8166,0
2023-11-17,122.99,124.57,122.94,124.51,119.06,114.76,121.61,,,114.2559,1,113.3688,1,110955,109133,0.6765,-1.1681,1.8446,0
2023-11-20,124.07,124.87,122.74,123.90,119.95,115.13,121.37,,,114.6181,1,114.7766,1,90262,108563,1.0028,-0.7339,1.7367,0
2023-11-21,123.11,124.65,122.50,123.83,120.82,115.47,121.21,,,114.6622,1,116.0154,1,77345,107522,1.2417,-0.3388,1.5805,0
2023-11-22,124.73,126.10,124.08,125.34,121.76,116.50,121.13,,,116.3855,1,117.1056,1,62007,106619,1.5350,0.0360,1.4990,0
2023-11-24,124.74,126.14,124.74,126.11,122.83,117.41,121.02,,,117.1902,1,118.3642,1,30391,104826,1.8093,0.3906,1.4187,0
2023-11-27,125.41,127.50,124.89,126.65,123.72,118.45,120.97,,,117.9869,1,119.6088,1,76457,99772,2.0459,0.7217,1.3242,0
2023-11-28,126.15,126.99,124.80,125.27,124.48,119.38,120.88,,,117.9869,1,121.0289,1,65358,99299,2.0984,0.9970,1.1013,0
2023-11-29,127.01,128.54,126.70,127.14,124.83,120.36,120.83,,,119.4008,1,122.1934,1,80819,98555,2.2645,1.2505,1.0140,0
2023-11-30,127.02,128.81,125.70,128.50,125.38,121.30,120.84,,,119.4008,1,123.4629,1,138210,99633,2.4777,1.4960,0.9817,0
2023-12-01,128.41,132.22,127.96,131.77,126.30,122.27,120.93,,,121.3157,1,124.5316,1,132565,99898,2.8774,1.7722,1.1051,0
2023-12-04,130.92,131.59,129.93,130.58,126.91,122.99,120.99,,,122.3145,1,125.6975,1,89606,99795,3.0624,2.0303,1.0322,0
2023-12-05,130.14,132.54,130.12,130.87,127.61,123.78,121.04,,,123.0030,1,127.0017,1,111279,100502,3.1960,2.2634,0.9326,0
2023-12-06,131.77,133.91,131.47,131.57,128.38,124.60,121.14,,,124.2814,1,128.1095,1,89150,100702,3.3201,2.4748,0.8454,0
2023-12-07,131.60,133.67,131.04,133.64,129.21,125.49,121.25,,,124.2814,1,129.2687,1,91678,100461,3.5444,2.6887,0.8557,0
2023-12-08,134.73,136.08,134.39,135.88,130.19,126.51,121.34,,,126.9838,1,130.1960,1,142242,101664,3.8581,2.9226,0.9356,0
2023-12-11,135.89,136.75,135.43,136.29,131.15,127.43,121.49,,,128.2712,1,131.0431,1,102644,102062,4.0932,3.1567,0.9365,0
2023-12-12,136.01,136.86,135.48,135.69,132.19,128.34,121.66,,,128.7185,1,132.1843,1,97392,102493,4.1824,3.3618,0.8206,0
2023-12-13,135.99,138.75,133.58,138.56,133.34,129.08,121.97,,,128.7185,1,133.1199,1,202342,104523,4.4337,3.5762,0.8575,0
2023-12-14,140.81,145.63,140.81,144.81,134.97,130.17,122.37,,,133.6655,1,133.5832,1,218552,106612,5.0783,3.8766,1.2017,0
2023-12-15,144.59,147.09,143.54,144.47,136.24,131.27,122.75,,,135.6491,1,133.5832,1,473676,113721,5.4990,4.2011,1.2979,0
2023-12-18,145.03,145.31,140.48,141.12,137.29,132.10,123.08,,,135.6491,1,136.2844,1,113722,114602,5.4983,4.4605,1.0378,0
2023-12-19,142.29,142.89,141.38,142.10,138.41,133.01,123.43,,,135.6491,1,138.4454,1,103242,114957,5.5137,4.6712,0.8425,0
2023-12-20,141.68,143.24,139.49,139.79,139.23,133.81,123.70,,,135.6491,1,147.0894,0,129467,115636,5.2785,4.7926,0.4858,0
2023-12-21,141.45,141.45,139.16,140.23,139.89,134.55,123.93,,,135.6491,1,146.9374,0,118404,116502,5.0688,4.8479,0.2209,0
2023-12-22,140.78,141.25,139.54,140.77,140.38,135.29,124.30,,,135.6491,1,146.6261,0,77661,115642,4.8899,4.8563,0.0336,0
2023-12-26,141.22,141.52,140.26,140.52,140.81,135.98,124.70,,,135.6491,1,146.3273,0,40653,114809,4.6743,4.8199,-0.1456,0
2023-12-27,140.50,141.47,140.08,140.99,141.34,136.76,125.07,,,135.6491,1,146.0405,0,51378,114230,4.4892,4.7537,-0.2646,0
2023-12-28,142.54,143.75,140.22,140.99,141.58,137.46,125.45,,,135.6491,1,145.7651,0,46380,112963,4.2930,4.6616,-0.3686,0
2023-12-29,140.40,141.35,139.98,140.49,141.15,138.06,125.92,,,135.6491,1,145.5008,0,57825,111809,4.0510,4.5395,-0.4885,0
2024-01-02,139.33,141.09,138.28,141.00,140.80,138.52,126.41,,,135.6491,1,145.2470,0,100985,111303,3.8561,4.4028,-0.5467,0
2024-01-03,138.69,139.54,136.12,138.14,140.50,138.90,126.85,,,135.6491,1,144.8292,0,115828,111436,3.4311,4.2085,-0.7773,0
2024-01-04,137.26,139.80,137.26,137.66,140.06,139.24,127.27,,,135.6491,1,144.1328,0,77500,111058,3.0205,3.9709,-0.9504,0
2024-01-05,137.24,141.28,136.78,140.30,140.11,139.67,127.73,,,135.6491,1,143.4920,0,101381,110371,2.8754,3.7518,-0.8764,0
2024-01-08,140.90,143.03,140.59,142.75,140.36,140.13,128.49,,,135.6491,1,136.1233,1,80770,107236,2.9241,3.5862,-0.6621,0
2024-01-09,141.63,144.24,141.16,143.85,140.67,140.53,129.21,,,135.6491,1,136.2614,1,67987,105198,3.0170,3.4724,-0.4554,0
2024-01-10,144.07,146.08,143.04,143.50,140.97,140.89,129.97,,,135.6491,1,136.5807,1,79838,105200,3.0273,3.3834,-0.3561,0
2024-01-11,142.76,143.60,140.89,143.04,141.17,141.25,130.69,,,135.6491,1,137.1508,1,49581,104556,2.9637,3.2994,-0.3358,0
2024-01-12,143.92,143.92,141.06,142.02,141.28,141.43,131.38,,,135.6491,1,137.6866,1,63016,103818,2.7988,3.1993,-0.4005,0
2024-01-16,140.37,141.00,139.31,140.82,141.31,141.23,132.00,,,135.6491,1,138.1903,1,66508,101919,2.5421,3.0679,-0.5258,0
2024-01-17,139.43,141.00,138.96,140.62,141.27,141.04,132.57,,,135.6491,1,138.6638,1,55007,100854,2.2961,2.9135,-0.6175,0
2024-01-18,142.34,143.50,140.77,143.44,141.80,141.15,133.11,,,135.6491,1,138.9626,1,53909,99786,2.3018,2.7912,-0.4893,0
2024-01-19,143.76,144.03,142.01,143.36,142.37,141.21,133.68,,,135.6491,1,138.9626,1,60779,99115,2.2741,2.6878,-0.4137,0
2024-01-22,144.79,147.09,144.44,147.00,143.04,141.57,134.32,,,137.1758,1,139.3898,1,79809,98808,2.5172,2.6536,-0.1365,0
2024-01-23,145.87,146.79,140.80,141.49,142.91,141.64,134.83,,,137.1758,1,140.0058,1,94004,98504,2.2394,2.5708,-0.3314,0
2024-01-24,142.85,142.85,139.54,139.76,142.51,141.59,135.32,,,137.1758,1,147.0905,0,71090,98176,1.8580,2.4282,-0.5702,0
2024-01-25,141.50,142.57,140.18,142.49,142.40,141.69,135.81,,,137.1758,1,146.9395,0,70683,98025,1.7560,2.2938,-0.5378,0
2024-01-26,142.51,143.66,142.17,142.95,142.40,141.78,136.32,,,137.1758,1,146.7916,0,76647,98366,1.6924,2.1735,-0.4811,0
2024-01-29,143.13,145.27,143.08,144.80,142.67,141.97,136.74,,,137.1758,1,146.6466,0,70852,97314,1.7707,2.0929,-0.3223,0
2024-01-30,144.64,146.23,144.24,145.59,143.15,142.23,137.19,,,137.1758,1,146.5046,0,46350,96250,1.8748,2.0493,-0.1745,0
2024-01-31,144.66,146.82,143.74,144.22,143.51,142.39,137.62,,,137.1758,1,139.5432,1,75341,95591,1.8257,2.0046,-0.1789,0
2024-02-01,145.81,148.22,144.14,148.17,143.98,142.89,138.10,,,137.2257,1,139.6888,1,70430,94780,2.0815,2.0200,0.0615,0
2024-02-02,146.31,148.74,144.83,147.92,144.44,143.40,138.58,,,137.5550,1,140.0302,1,69535,94365,2.2384,2.0637,0.1748,0
2024-02-05,145.96,146.65,144.02,145.61,144.30,143.67,139.01,,,137.5550,1,140.5526,1,44122,93701,2.1514,2.0812,0.0702,0
2024-02-06,145.61,146.56,144.94,145.86,144.74,143.83,139.42,,,137.5550,1,141.0437,1,54867,93558,2.0792,2.0808,-0.0016,0
2024-02-07,147.76,152.12,146.80,150.92,145.85,144.18,139.92,,,139.4653,1,141.5053,1,97394,94898,2.4021,2.1451,0.2570,0
2024-02-08,152.18,152.45,150.72,151.79,146.78,144.59,140.42,,,142.0718,1,142.3541,1,114003,95649,2.6975,2.2555,0.4420,0
2024-02-09,144.41,145.75,137.96,141.06,146.59,144.49,140.74,,,154.5643,0,152.4487,0,431276,102968,2.0418,2.2128,-0.1710,0
2024-02-12,140.28,143.51,139.80,142.05,146.32,144.50,141.04,,,154.2071,0,152.4487,0,182160,104994,1.5838,2.0870,-0.5032,0
2024-02-13,138.28,141.44,137.29,139.94,145.75,144.45,141.26,,,152.0859,0,152.1590,0,213223,106495,1.0391,1.8774,-0.8383,0
2024-02-14,142.70,142.76,135.59,136.13,144.94,144.23,141.35,,,152.0859,0,151.5641,0,250660,108857,0.2961,1.5612,-1.2651,0
2024-02-15,134.80,135.42,132.06,135.37,143.66,143.82,141.45,,,147.2026,0,150.6059,0,178456,110634,-0.3501,1.1789,-1.5290,0
2024-02-16,133.83,136.10,132.40,133.20,142.19,143.31,141.49,,,147.2026,0,149.1224,0,136143,111131,-1.0256,0.7380,-1.7636,0
2024-02-20,132.51,134.77,132.01,134.73,141.10,142.70,141.56,,,146.1159,0,147.7576,0,135445,112057,-1.4208,0.3062,-1.7271,0
2024-02-21,135.48,137.24,135.26,136.74,140.19,142.46,141.62,,,146.1159,0,146.1824,0,90038,112024,-1.5541,-0.0658,-1.4883,0
2024-02-22,138.00,138.33,136.57,137.65,138.86,142.36,141.65,,,146.1159,0,144.7647,0,99419,111167,-1.5680,-0.3663,-1.2017,0
2024-02-23,138.60,140.86,138.54,140.26,137.71,142.25,141.73,,,146.1159,0,143.4888,0,84531,110805,-1.3529,-0.5636,-0.7893,0
2024-02-26,139.80,140.29,138.48,140.19,137.62,142.11,141.82,,,146.1159,0,142.3405,0,74990,110357,-1.1743,-0.6857,-0.4886,0
2024-02-27,140.36,142.12,140.10,141.73,137.59,141.95,141.89,,,146.1159,0,132.0055,1,102651,108363,-0.8980,-0.7282,-0.1698,0
2024-02-28,141.52,143.62,141.45,142.66,137.86,141.81,141.84,,,146.1159,0,132.2078,1,83899,105670,-0.5969,-0.7020,0.1050,0
2024-02-29,143.28,143.36,141.60,142.55,138.51,141.73,141.81,,,146.1159,0,132.6642,1,188453,99966,-0.3633,-0.6342,0.2709,0
2024-03-01,142.56,145.38,142.39,144.93,139.46,141.56,141.88,,,146.1159,0,133.1023,1,80431,99300,0.0136,-0.5047,0.5183,0
2024-03-04,146.09,147.83,145.71,146.02,140.75,141.47,141.96,,,146.1159,0,133.8389,1,102734,99290,0.3957,-0.3246,0.7203,0
2024-03-05,145.62,147.01,142.37,142.62,141.53,141.32,142.02,,,146.1159,0,134.9586,1,106535,98831,0.4192,-0.1758,0.5950,0
2024-03-06,144.18,144.99,143.30,144.19,142.28,141.24,142.10,,,146.1159,0,135.9887,1,100032,98464,0.5586,-0.0289,0.5875,0
2024-03-07,145.25,149.05,145.25,148.65,143.38,141.12,142.25,132.31,,137.4530,1,136.9364,1,96198,98834,1.0167,0.1802,0.8365,0
2024-03-08,149.59,150.98,148.17,150.02,144.36,141.03,142.44,132.43,,139.7134,1,138.1476,1,139573,100813,1.4737,0.4389,1.0348,0
2024-03-11,149.34,149.62,146.95,149.07,145.24,141.43,142.61,132.54,,139.7134,1,139.6873,1,98171,101749,1.7388,0.6989,1.0399,0
2024-03-12,149.33,153.01,148.45,152.42,146.31,141.95,142.83,132.66,,140.5421,1,141.0423,1,110158,103024,2.1942,0.9980,1.1963,0
2024-03-13,152.65,155.55,152.65,155.15,147.56,142.71,143.13,132.79,,143.9919,1,142.7183,1,121794,104304,2.7441,1.3472,1.3969,0
2024-03-14,154.80,156.18,149.49,150.53,148.36,143.43,143.32,132.90,,143.9919,1,144.7708,1,111405,104512,2.7746,1.6327,1.1420,0
2024-03-15,149.76,153.88,149.76,152.69,149.14,144.30,143.61,133.03,,143.9919,1,146.8239,1,256175,107319,2.9392,1.8940,1.0452,0
2024-03-18,153.03,153.82,150.59,150.66,149.60,145.17,143.87,133.15,,143.9919,1,148.5075,1,99805,107765,2.8731,2.0898,0.7833,0
2024-03-19,150.96,152.31,150.49,151.84,150.52,146.03,144.10,133.26,,143.9919,1,149.7556,1,96373,107665,2.8823,2.2483,0.6340,0
2024-03-20,152.21,153.85,151.41,153.51,151.45,146.87,144.32,133.39,,143.9919,1,150.4914,1,101386,108077,2.9900,2.3966,0.5934,0
2024-03-21,154.81,159.64,154.06,158.76,152.47,147.92,144.61,133.57,,145.8343,1,150.4914,1,136966,109457,3.4589,2.6091,0.8498,0
2024-03-22,158.62,159.24,157.13,158.59,153.32,148.84,144.92,133.77,,147.6445,1,151.4088,1,81757,109495,3.7738,2.8420,0.9318,0
2024-03-25,159.07,159.44,157.75,158.10,154.23,149.74,145.22,133.97,,148.6023,1,153.0542,1,55922,109622,3.9379,3.0612,0.8767,0
2024-03-26,158.12,158.61,156.66,156.86,154.67,150.49,145.51,134.16,,148.6023,1,154.3706,1,75328,109868,3.9225,3.2335,0.6891,0
2024-03-27,157.90,159.84,157.58,159.78,155.13,151.35,145.89,134.37,,149.1909,1,155.4237,1,52939,109597,4.0990,3.4066,0.6924,0
2024-03-28,158.62,160.47,158.22,159.39,156.02,152.19,146.27,134.56,,150.1045,1,156.3063,1,78980,110076,4.1593,3.5571,0.6022,0
2024-04-01,160.18,161.78,159.06,161.29,156.88,153.01,146.62,134.77,,151.2895,1,157.1386,1,89914,110797,4.3109,3.7079,0.6030,0
2024-04-02,159.12,159.99,157.34,159.41,157.75,153.68,146.95,134.98,,151.2895,1,161.7766,0,116023,111901,4.2303,3.8124,0.4179,0
2024-04-03,159.46,163.67,159.46,163.40,158.91,154.72,147.27,135.20,,151.8268,1,157.3428,1,123821,112782,4.4376,3.9374,0.5002,0
2024-04-04,164.88,165.42,160.07,161.44,159.70,155.58,147.67,135.38,,152.3707,1,157.3428,1,114413,113190,4.3932,4.0286,0.3646,0
2024-04-05,162.26,165.93,162.26,164.99,160.32,156.39,148.18,135.59,,153.4174,1,157.6657,1,89783,113564,4.5911,4.1411,0.4500,0
2024-04-08,165.25,165.39,163.72,163.72,160.84,157.08,148.60,135.78,,154.4377,1,158.1618,1,76516,113680,4.5925,4.2314,0.3611,0
2024-04-09,164.23,164.58,160.08,162.07,161.23,157.73,148.98,135.93,,154.4377,1,158.6281,1,70795,113563,4.4101,4.2671,0.1430,0
2024-04-10,158.62,160.62,156.42,158.53,161.40,158.04,149.26,136.10,,154.4377,1,165.9333,0,88259,113911,3.9342,4.2005,-0.2663,0
2024-04-11,159.76,160.75,158.92,159.12,161.34,158.23,149.53,136.26,,154.4377,1,165.7429,0,69239,114369,3.5637,4.0732,-0.5094,0
2024-04-12,158.44,159.50,157.59,158.15,161.21,158.61,149.81,136.41,,154.4377,1,165.5564,0,84029,114543,3.1559,3.8897,-0.7338,0
2024-04-15,159.75,160.52,156.39,156.58,160.74,158.81,149.98,136.56,,154.4377,1,165.3736,0,87174,114878,2.6746,3.6467,-0.9721,0
2024-04-16,155.37,157.01,152.68,156.27,160.43,159.09,150.14,136.70,,154.4377,1,165.0141,0,107953,115646,2.2426,3.3659,-1.1232,0
2024-04-17,157.79,158.40,155.42,155.66,159.65,159.28,150.34,136.85,,154.4377,1,164.2740,0,100151,116767,1.8299,3.0587,-1.2288,0
2024-04-18,157.87,158.58,153.20,153.39,158.85,159.27,150.49,137.02,,165.4972,0,163.5784,0,140214,118474,1.3042,2.7078,-1.4036,0
2024-04-19,153.57,155.03,152.17,152.99,157.65,158.99,150.54,137.16,,164.4021,0,162.9245,0,91631,118358,0.8463,2.3355,-1.4892,0
2024-04-22,155.05,158.75,154.34,157.13,156.99,158.91,150.64,137.34,,164.4021,0,162.0644,0,101410,118107,0.8079,2.0300,-1.2221,0
2024-04-23,157.71,160.58,156.10,160.17,156.80,159.02,151.03,137.55,,164.4021,0,161.2731,0,130509,112091,1.0110,1.8262,-0.8152,0
2024-04-24,156.71,163.38,154.71,157.88,156.74,159.07,151.34,137.74,,164.4021,0,152.1732,1,189540,112239,0.9757,1.6561,-0.6804,0
2024-04-25,156.52,158.61,153.67,157.71,156.59,158.96,151.70,137.93,,164.4021,0,152.3974,1,120677,110388,0.9232,1.5095,-0.5863,0
2024-04-26,158.73,162.95,158.73,161.01,156.88,159.05,152.20,138.16,,164.4021,0,152.6170,1,88850,107152,1.1353,1.4346,-0.2994,0
2024-04-29,161.72,165.01,161.72,164.05,157.63,159.18,152.77,138.40,,164.4021,0,152.8323,1,154804,106679,1.5309,1.4539,0.0770,0
2024-04-30,162.66,164.50,160.68,160.74,158.07,159.25,153.32,138.62,,164.4021,0,153.3193,1,74887,105454,1.5589,1.4749,0.0840,0
2024-05-01,160.29,164.66,158.96,160.61,158.57,159.11,153.84,138.85,,164.4021,0,153.7868,1,103655,104818,1.5532,1.4905,0.0626,0
2024-05-02,163.22,165.63,160.71,165.45,159.77,159.31,154.41,139.09,,150.0113,1,154.2356,1,151203,106041,1.9167,1.5758,0.3409,0
2024-05-03,168.69,170.32,166.33,167.04,161.18,159.41,155.00,139.33,,154.5235,1,154.9191,1,118976,106432,2.3069,1.7220,0.5849,0
2024-05-06,169.22,170.41,168.05,169.38,162.40,159.70,155.58,139.60,,155.7973,1,156.1511,1,82603,106394,2.7732,1.9322,0.8409,0
2024-05-07,168.39,168.98,166.89,167.30,163.12,159.96,156.12,139.87,,155.7973,1,157.5765,1,156977,108033,2.9407,2.1339,0.8067,0
2024-05-08,166.61,169.13,165.93,166.87,164.02,160.38,156.63,140.16,,155.7973,1,158.8594,1,122503,108430,3.0041,2.3080,0.6961,0
2024-05-09,167.28,170.41,167.00,169.50,165.19,160.89,157.16,140.46,,156.3845,1,160.0140,1,79981,108352,3.2292,2.4922,0.7370,0
2024-05-10,169.88,171.24,168.26,168.95,165.99,161.43,157.69,140.75,,157.7636,1,161.0531,1,92967,106442,3.3253,2.6588,0.6665,0
2024-05-13,169.84,170.61,167.79,167.85,166.37,162.00,158.15,141.04,,157.7636,1,162.2751,1,73075,106295,3.2750,2.7821,0.4929,0
2024-05-14,168.09,169.87,167.48,169.80,167.28,162.67,158.63,141.34,,157.7636,1,163.3505,1,83039,105901,3.3538,2.8964,0.4574,0
2024-05-15,171.96,173.43,171.23,171.49,168.36,163.47,159.20,141.64,,161.1763,1,164.2969,1,89035,105551,3.5122,3.0196,0.4927,0
2024-05-16,170.49,171.27,165.96,166.00,168.42,164.10,159.64,141.89,,161.1763,1,165.5761,1,98065,105512,3.1580,3.0473,0.1108,0
2024-05-17,166.39,169.51,166.07,168.54,168.57,164.87,160.04,142.20,139.24,161.1763,1,165.9619,1,107733,105743,3.0473,3.0473,0.0000,0
2024-05-20,168.54,170.33,167.81,169.00,168.53,165.47,160.42,142.52,139.43,161.1763,1,165.9619,1,60274,104157,2.9624,3.0303,-0.0679,0
2024-05-21,168.63,170.75,167.48,170.58,168.86,165.99,160.85,142.84,139.62,161.1763,1,166.0670,1,81436,103822,2.9879,3.0218,-0.0339,0
2024-05-22,169.80,170.43,168.05,169.62,169.13,166.57,161.19,143.16,139.79,161.1763,1,167.0985,1,104021,103699,2.8976,2.9970,-0.0994,0
2024-05-23,170.57,170.57,167.42,168.82,169.07,167.13,161.46,143.50,139.96,161.1763,1,173.4344,0,68018,102624,2.7298,2.9435,-0.2137,0
2024-05-24,170.09,173.53,169.74,173.29,169.50,167.74,161.92,143.88,140.16,161.1763,1,167.4239,1,109463,102585,2.9240,2.9396,-0.0156,0
2024-05-28,173.91,175.18,169.95,169.95,169.71,168.04,162.26,144.24,140.34,161.1763,1,167.4239,1,119604,99854,2.7760,2.9069,-0.1309,0
2024-05-29,167.97,169.04,165.31,166.39,169.37,168.32,162.58,144.57,140.50,161.1763,1,175.1831,0,81667,99491,2.3449,2.7945,-0.4496,0
2024-05-30,167.22,170.59,166.65,170.30,169.25,168.81,162.95,144.93,140.68,161.1763,1,175.1831,0,99286,99549,2.2921,2.6940,-0.4019,0
2024-05-31,170.49,173.10,168.34,173.02,169.95,169.19,163.34,145.38,140.88,161.1763,1,174.9857,0,202128,101564,2.4419,2.6436,-0.2017,0
2024-06-03,174.87,175.82,167.96,172.35,170.33,169.45,163.61,145.81,141.08,161.1763,1,165.3121,1,150086,101826,2.4781,2.6105,-0.1324,0
2024-06-04,171.46,172.27,167.34,167.66,170.20,169.37,163.79,146.22,141.28,161.1763,1,165.5224,1,132841,102848,2.1039,2.5092,-0.4053,0
2024-06-05,168.50,171.98,166.84,171.54,170.30,169.58,164.06,146.66,141.49,161.1763,1,165.7284,1,111141,103952,2.0963,2.4266,-0.3303,0
2024-06-06,170.20,171.73,168.56,168.71,170.20,169.67,164.30,147.06,141.69,161.1763,1,165.9303,1,108108,104608,1.8408,2.3094,-0.4687,0
2024-06-07,166.44,169.40,164.61,169.03,170.23,169.65,164.48,147.46,141.90,161.1763,1,175.8233,0,92177,105393,1.6447,2.1765,-0.5317,0
2024-06-10,167.78,169.49,166.92,168.56,169.75,169.63,164.67,147.83,142.08,161.1763,1,175.5991,0,100830,105830,1.4351,2.0282,-0.5931,0
2024-06-11,168.17,168.48,166.41,167.61,169.52,169.61,164.79,148.18,142.28,161.1763,1,175.3795,0,112537,106282,1.1782,1.8582,-0.6800,0
2024-06-12,172.00,175.08,170.94,173.33,170.21,169.79,165.07,148.57,142.50,161.1763,1,175.1642,0,99855,105959,1.4202,1.7706,-0.3504,0
2024-06-13,172.81,173.91,171.24,173.14,170.50,169.87,165.27,148.95,142.72,161.1763,1,175.0780,0,87750,105237,1.5783,1.7321,-0.1538,0
2024-06-14,170.51,171.24,167.37,168.73,170.07,170.01,165.41,149.30,142.89,161.1763,1,175.0780,0,70703,104363,1.3328,1.6523,-0.3195,0
2024-06-17,168.69,169.77,166.39,169.29,169.76,170.05,165.50,149.66,143.07,161.1763,1,174.8687,0,86472,104297,1.1695,1.5557,-0.3862,0
2024-06-18,168.70,172.00,166.85,171.34,170.13,170.16,165.65,150.02,143.24,161.1763,1,174.6637,0,82034,104407,1.1921,1.4830,-0.2909,0
2024-06-20,170.90,171.34,166.71,167.83,169.76,170.03,165.77,150.36,143.39,161.1763,1,174.4627,0,94225,104876,0.9157,1.3695,-0.4539,0
2024-06-21,166.97,169.98,166.28,169.80,169.87,170.04,165.99,150.66,143.57,161.1763,1,174.2657,0,345147,110014,0.8465,1.2649,-0.4184,0
2024-06-24,169.88,172.93,167.22,170.32,169.99,170.11,166.21,150.98,143.75,161.1763,1,174.0727,0,107229,110773,0.8238,1.1767,-0.3529,0
2024-06-25,169.54,169.93,163.49,166.13,169.75,169.75,166.37,151.27,143.90,161.1763,1,173.8835,0,104768,111188,0.4627,1.0339,-0.5712,0
2024-06-26,164.34,166.18,162.63,165.48,169.54,169.53,166.55,151.54,144.06,161.1763,1,173.4677,0,104254,111530,0.1228,0.8517,-0.7289,0
2024-06-27,165.93,166.73,162.99,164.23,168.63,169.42,166.71,151.81,144.20,161.1763,1,172.8172,0,141604,112203,-0.2449,0.6324,-0.8772,0.00
2024-06-28,164.91,167.93,164.59,166.00,167.92,169.21,166.92,152.09,144.37,161.1763,1,172.2058,0,157164,113343,-0.3891,0.4281,-0.8171,0.00
2024-07-01,167.00,167.08,159.84,160.12,167.06,168.56,167.05,152.32,144.53,177.5452,0,171.6311,0,144646,113432,-0.9664,0.1492,-1.1156,0.00
2024-07-02,159.94,161.64,158.80,160.89,166.22,167.99,167.21,152.56,144.67,173.7533,0,170.6875,0,96072,113521,-1.3468,-0.1500,-1.1968,0.00
2024-07-03,161.48,162.41,160.19,160.87,165.17,167.65,167.29,152.78,144.83,173.7533,0,169.4993,0,50387,112500,-1.6309,-0.4462,-1.1847,0.00
2024-07-05,159.94,160.44,156.52,158.28,164.21,166.98,167.25,153.00,144.97,171.3417,0,168.4298,0,126499,112420,-2.0416,-0.7653,-1.2763,0.00
2024-07-08,159.73,160.99,158.58,159.90,163.22,166.54,167.29,153.22,145.12,171.3417,0,167.0008,0,105776,110745,-2.2104,-1.0543,-1.1561,0.00
2024-07-09,158.51,160.66,157.76,157.99,161.99,165.99,167.29,153.42,145.27,171.2303,0,165.7432,0,77594,109883,-2.4700,-1.3374,-1.1325,0.00
2024-07-10,158.95,161.31,158.66,159.73,161.35,165.55,167.27,153.61,145.44,171.2303,0,164.6365,0,140231,110911,-2.5065,-1.5712,-0.9352,0.00
2024-07-11,164.06,168.26,163.95,167.37,161.54,165.54,167.34,153.85,145.64,171.2303,0,156.5210,1,142362,110662,-1.8974,-1.6365,-0.2610,0.00
2024-07-12,170.85,172.08,169.12,169.57,162.07,165.35,167.51,154.11,145.84,171.2303,0,156.7557,1,104116,111246,-1.2226,-1.5537,0.3311,0.00
2024-07-15,170.37,170.59,166.69,167.04,162.18,165.05,167.64,154.35,146.04,171.2303,0,157.3686,1,125456,111682,-0.8818,-1.4193,0.5375,0.00
2024-07-16,168.72,174.48,168.68,174.11,163.58,165.32,167.81,154.61,146.27,157.5381,1,157.9569,1,176451,112187,-0.0411,-1.1437,1.1026,0.00
2024-07-17,172.11,173.51,165.60,165.93,164.08,165.15,167.79,154.82,146.45,157.5381,1,158.9485,1,174185,113291,-0.0344,-0.9218,0.8875,0.00
2024-07-18,167.21,171.93,166.82,167.21,164.71,164.94,167.75,155.02,146.64,157.5381,1,159.8806,1,112447,113888,0.0730,-0.7228,0.7959,0.00
2024-07-19,166.33,167.87,164.92,165.66,165.45,164.83,167.72,155.22,146.83,157.5381,1,160.7567,1,62633,112001,0.0332,-0.5716,0.6048,65.70
2024-07-22,166.61,171.18,165.11,170.71,166.53,164.88,167.79,155.44,147.07,157.5381,1,161.5803,1,108658,111725,0.4039,-0.3765,0.7804,68.06
2024-07-23,169.27,173.48,169.27,172.47,167.98,164.99,167.85,155.62,147.31,157.5381,1,162.3545,1,110932,112344,0.8305,-0.1351,0.9656,68.99
2024-07-24,172.47,173.15,166.73,167.45,168.75,165.05,167.82,155.77,147.52,157.5381,1,163.0822,1,100860,112501,0.7552,0.0430,0.7123,65.61
2024-07-25,168.32,172.11,166.83,168.49,168.86,165.20,167.83,155.96,147.74,157.5381,1,163.7662,1,92575,112891,0.7703,0.1884,0.5819,63.90
2024-07-26,172.53,175.77,171.89,172.67,169.17,165.62,167.89,156.16,147.98,157.7990,1,164.4092,1,106829,113367,1.1067,0.3721,0.7347,63.63
2024-07-29,173.18,175.32,172.67,174.79,169.95,166.06,167.96,156.39,148.22,158.7713,1,165.3179,1,109398,113775,1.5268,0.6030,0.9238,68.17
2024-07-30,175.27,177.05,173.47,174.53,169.99,166.78,168.13,156.62,148.45,160.4834,1,166.1539,1,85518,113524,1.8178,0.8460,0.9718,66.84
2024-07-31,176.72,181.44,175.10,178.70,171.27,167.67,168.33,156.87,148.73,162.8978,1,167.2438,1,138704,114143,2.3579,1.1484,1.2095,68.24
2024-08-01,179.36,183.26,173.18,175.29,172.08,168.40,168.46,157.11,149.00,162.8978,1,168.9478,1,169730,116332,2.4818,1.4150,1.0667,67.46
2024-08-02,168.96,169.24,162.62,162.69,171.78,168.62,168.30,157.25,149.21,181.2043,0,183.2561,0,153645,117776,1.5456,1.4412,0.1044,56.09
2024-08-05,153.54,160.42,151.48,157.58,170.47,168.50,168.06,157.36,149.38,176.3869,0,183.2561,0,152221,118740,0.3868,1.2303,-0.8435,60.52
2024-08-06,148.79,157.14,147.99,151.08,168.33,168.15,167.70,157.43,149.55,173.8350,0,181.9851,0,251403,122408,-1.0440,0.7754,-1.8195,47.79
2024-08-07,153.56,156.39,147.15,147.67,166.35,167.55,167.19,157.48,149.71,173.6851,0,179.9455,0,148136,123182,-2.4247,0.1354,-2.5601,44.14
2024-08-08,149.60,150.68,147.90,148.73,164.37,166.62,166.77,157.55,149.87,169.9105,0,177.3216,0,128067,123351,-3.3947,-0.5706,-2.8240,42.32
2024-08-09,149.17,150.70,148.20,150.56,162.16,165.67,166.45,157.63,150.04,168.7665,0,174.9077,0,118212,124082,-3.9698,-1.2505,-2.7194,46.70
2024-08-12,150.49,150.54,146.70,148.85,159.57,164.76,166.02,157.69,150.20,167.1602,0,172.6869,0,140082,124898,-4.5114,-1.9026,-2.6087,47.13
2024-08-13,150.40,153.45,150.06,152.92,157.41,163.70,165.62,157.76,150.44,167.1602,0,170.0879,0,121212,123279,-4.5599,-2.4341,-2.1258,48.29
2024-08-14,154.10,154.43,150.87,152.01,154.74,163.00,165.21,157.81,150.66,167.1602,0,167.7488,0,157494,123427,-4.6187,-2.8710,-1.7477,47.44
2024-08-15,154.26,156.92,153.73,155.16,152.73,162.40,164.96,157.89,150.91,167.1602,0,165.6436,0,116194,123094,-4.3604,-3.1689,-1.1915,46.86
2024-08-16,154.68,155.89,152.50,153.01,151.76,161.77,164.59,157.96,151.14,167.1602,0,163.7489,0,87960,122631,-4.2805,-3.3912,-0.8893,41.19
2024-08-19,154.24,156.34,153.40,155.88,151.59,161.03,164.34,158.05,151.38,167.1602,0,162.0437,0,89354,122256,-3.9396,-3.5009,-0.4387,42.28
2024-08-20,155.90,157.27,153.31,154.05,151.88,160.11,164.04,158.14,151.60,167.1602,0,160.5091,0,73201,121876,-3.7738,-3.5555,-0.2183,41.00
2024-08-21,155.33,156.82,154.11,156.63,152.78,159.57,163.80,158.24,151.83,167.1602,0,159.1278,0,80896,121478,-3.3951,-3.5234,0.1283,40.61
2024-08-22,156.19,158.12,155.19,156.82,153.59,158.98,163.58,158.33,152.03,167.1602,0,146.6969,1,97645,121180,-3.0444,-3.4276,0.3832,40.53
2024-08-23,158.05,164.90,156.93,164.69,155.00,158.58,163.41,158.48,152.28,167.1602,0,146.9253,1,114261,121468,-2.1070,-3.1635,1.0565,48.02
2024-08-26,165.40,167.12,163.49,164.35,156.55,158.06,163.23,158.59,152.52,167.1602,0,147.6445,1,106428,121841,-1.3761,-2.8060,1.4299,46.47
2024-08-27,162.88,164.23,159.20,160.33,157.29,157.35,163.06,158.72,152.74,167.1602,0,148.8130,1,81286,122053,-1.1082,-2.4664,1.3582,41.70
2024-08-28,159.03,159.90,157.67,159.10,158.00,156.37,162.86,158.85,152.96,167.1602,0,149.9114,1,98734,122298,-0.9836,-2.1699,1.1862,41.33
2024-08-29,160.02,162.00,157.49,159.63,158.45,155.59,162.63,158.96,153.17,167.1602,0,150.9438,1,81214,122282,-0.8327,-1.9024,1.0697,39.22
2024-08-30,161.09,162.03,158.75,161.78,159.33,155.54,162.51,159.09,153.39,167.1602,0,151.9144,1,126817,122934,-0.5337,-1.6287,1.0950,42.13
2024-09-03,161.67,162.32,152.71,153.03,159.04,155.32,162.17,159.14,153.54,167.1602,0,167.1194,0,123618,118503,-0.9909,-1.5011,0.5102,35.23
2024-09-04,152.90,154.70,151.21,153.39,158.98,155.43,161.83,159.19,153.69,167.1602,0,166.8312,0,97684,118312,-1.3095,-1.4628,0.1533,35.99
2024-09-05,153.49,154.86,150.85,152.39,158.55,155.67,161.56,159.25,153.84,167.1602,0,166.2065,0,113960,118496,-1.6237,-1.4950,-0.1287,34.54
2024-09-06,153.01,156.08,150.63,150.68,157.94,155.76,161.26,159.26,153.97,167.1602,0,165.2850,0,108292,118577,-1.9883,-1.5937,-0.3947,35.86
2024-09-09,151.48,152.32,149.70,150.10,156.48,155.74,160.98,159.28,154.10,164.9211,0,164.1124,0,141099,118567,-2.2972,-1.7344,-0.5629,34.70
2024-09-10,151.40,152.03,148.97,151.26,155.17,155.86,160.68,159.32,154.24,163.9391,0,162.6710,0,100193,117427,-2.4205,-1.8716,-0.5489,35.39
2024-09-11,150.47,153.74,147.10,153.31,154.47,155.88,160.55,159.37,154.38,163.9391,0,161.0268,0,103647,116607,-2.3258,-1.9624,-0.3634,36.63
2024-09-12,153.33,155.52,151.71,155.05,154.06,156.03,160.43,159.39,154.52,163.9391,0,159.0770,0,81065,116307,-2.0867,-1.9873,-0.0994,38.05
2024-09-13,157.08,159.44,156.61,158.78,153.98,156.21,160.39,159.44,154.68,163.9391,0,147.0996,1,81657,116933,-1.5780,-1.9054,0.3274,37.47
2024-09-16,159.79,161.23,158.33,160.86,153.89,156.61,160.44,159.57,154.86,163.9391,0,147.3464,1,98380,116370,-0.9956,-1.7235,0.7279,38.75
2024-09-17,162.22,164.51,160.71,163.75,154.96,157.00,160.52,159.72,155.05,163.9391,0,147.9018,1,163292,117521,-0.2969,-1.4382,1.1413,42.92
2024-09-18,165.81,169.23,163.48,165.23,156.14,157.56,160.66,159.88,155.23,152.8633,1,148.8984,1,109085,118150,0.3717,-1.0762,1.4479,44.77
2024-09-19,169.23,172.19,167.48,170.81,157.98,158.27,160.88,160.12,155.42,155.6092,1,150.5249,1,144355,118233,1.3364,-0.5937,1.9301,47.74
2024-09-20,170.32,171.26,166.69,167.02,159.62,158.78,160.88,160.33,155.61,155.6092,1,152.6915,1,383780,123061,1.7749,-0.1200,1.8949,46.27
2024-09-23,168.10,170.66,166.18,167.17,161.32,158.90,160.83,160.55,155.79,155.6092,1,154.6415,1,103302,123045,2.1097,0.3260,1.7837,45.99
2024-09-24,167.05,169.12,165.87,167.23,162.92,159.05,160.83,160.77,155.97,155.6092,1,156.3965,1,87350,122283,2.3533,0.7314,1.6219,46.88
2024-09-25,167.37,167.37,162.77,163.29,163.92,159.19,160.62,160.95,156.12,155.6092,1,157.9760,1,89907,120552,2.2030,1.0258,1.1772,42.40
2024-09-26,165.32,167.58,164.03,166.85,165.10,159.58,160.63,161.14,156.27,155.6092,1,159.3975,1,129453,119657,2.3439,1.2894,1.0545,44.53
2024-09-27,167.92,168.98,165.31,167.12,165.93,159.96,160.63,161.32,156.42,155.6092,1,160.6769,1,119657,119802,2.4490,1.5213,0.9277,44.91
2024-09-30,165.89,169.43,164.62,169.25,166.77,160.33,160.70,161.51,156.59,155.6092,1,161.8284,1,135444,121258,2.6732,1.7517,0.9215,48.74
2024-10-01,169.38,169.82,165.14,167.35,167.13,161.04,160.64,161.69,156.74,155.6092,1,162.8647,1,94548,120976,2.6670,1.9347,0.7322,49.75
2024-10-02,165.82,168.25,164.41,165.40,167.15,161.65,160.50,161.84,156.84,155.6092,1,163.7974,1,109164,120940,2.4764,2.0431,0.4334,47.78
2024-10-03,164.72,166.22,163.09,165.35,166.60,162.29,160.45,161.99,156.94,155.6092,1,172.1915,0,99435,120912,2.2943,2.0933,0.2010,50.72
2024-10-04,167.21,167.32,163.56,164.92,166.39,163.01,160.38,162.12,157.06,155.6092,1,172.0095,0,85455,120769,2.0919,2.0930,-0.0012,46.35
2024-10-07,163.28,174.22,161.53,173.95,167.07,164.20,160.41,162.31,157.22,155.6092,1,163.0924,1,157600,121785,2.6291,2.2003,0.4289,58.00
2024-10-08,174.50,176.78,172.41,174.58,167.81,165.36,160.40,162.52,157.40,159.5280,1,161.5296,1,200343,123604,3.0706,2.3743,0.6963,57.96
2024-10-09,175.47,176.41,173.11,174.50,168.93,166.42,160.40,162.72,157.57,160.2085,1,161.5296,1,154900,124991,3.3754,2.5745,0.8008,58.08
2024-10-10,165.78,171.27,165.18,168.68,169.11,167.11,160.20,162.86,157.71,160.2085,1,162.1398,1,126036,124738,3.1114,2.6819,0.4295,58.89
2024-10-11,168.68,174.41,168.08,173.02,169.70,167.82,160.16,163.01,157.87,160.2085,1,162.7255,1,82881,123001,3.2148,2.7885,0.4263,63.18
2024-10-14,174.83,179.82,173.78,179.76,170.75,168.76,160.50,163.21,158.06,160.2085,1,163.2879,1,126493,122458,3.7969,2.9902,0.8068,67.01
2024-10-15,179.69,181.88,179.09,179.30,171.95,169.54,160.93,163.39,158.25,164.6814,1,164.2800,1,144514,122304,4.1730,3.2268,0.9463,66.43
2024-10-16,180.69,183.29,178.95,180.21,173.43,170.29,161.52,163.56,158.45,165.6007,1,165.6877,1,116510,119606,4.4928,3.4800,1.0128,64.57
2024-10-17,181.43,183.55,178.96,179.70,174.86,170.73,162.16,163.76,158.65,165.9093,1,167.4483,1,153103,119705,4.6516,3.7143,0.9373,62.29
2024-10-18,181.09,183.30,180.74,182.37,176.61,171.50,162.83,163.95,158.87,167.1249,1,169.3809,1,114746,119439,4.9363,3.9587,0.9776,64.38
2024-10-21,182.28,182.28,178.08,179.10,177.12,172.10,163.40,164.14,159.07,167.1249,1,171.0816,1,142406,119923,4.8422,4.1354,0.7068,62.56
2024-10-22,176.95,178.39,175.53,175.90,177.25,172.53,163.94,164.30,159.25,167.1249,1,172.5782,1,116945,119460,4.4578,4.1999,0.2579,58.77
2024-10-23,175.04,176.65,173.24,174.41,177.24,173.09,164.37,164.44,159.41,167.1249,1,183.5533,0,126308,119562,3.9869,4.1573,-0.1704,56.53
2024-10-24,174.39,178.90,173.40,176.44,178.02,173.56,164.86,164.56,159.57,167.1249,1,183.3471,0,132987,119072,3.7344,4.0727,-0.3383,58.00
2024-10-25,177.11,178.50,173.89,174.97,178.21,173.96,165.26,164.67,159.73,167.1249,1,183.1451,0,108558,118919,3.3766,3.9335,-0.5568,53.83
2024-10-28,176.30,178.81,176.30,178.00,178.04,174.39,165.75,164.80,159.91,167.1249,1,182.9471,0,87640,118913,3.2996,3.8067,-0.5071,54.00
2024-10-29,173.75,175.06,171.80,174.06,177.52,174.73,166.12,164.92,160.07,167.1249,1,182.7530,0,119995,119525,2.8878,3.6229,-0.7352,57.94
2024-10-30,173.74,177.16,172.66,174.66,176.96,175.19,166.53,165.02,160.24,167.1249,1,182.3150,0,104463,120151,2.5798,3.4143,-0.8345,58.95
2024-10-31,173.90,175.38,169.87,170.05,176.00,175.43,166.80,165.09,160.38,167.1249,1,181.8944,0,151120,121555,1.9415,3.1197,-1.1782,60.14
2024-11-01,172.66,175.53,170.96,173.47,175.10,175.86,167.13,165.17,160.53,167.1249,1,181.1729,0,109070,121784,1.6917,2.8341,-1.1424,66.83
2024-11-04,173.23,176.98,172.35,172.56,174.45,175.79,167.29,165.26,160.68,167.1249,1,180.4946,0,90705,121312,1.4046,2.5482,-1.1436,67.57
2024-11-05,172.35,175.74,172.35,175.60,174.42,175.84,167.51,165.34,160.82,167.1249,1,179.8571,0,134802,121880,1.4062,2.3198,-0.9137,67.73
2024-11-06,167.94,182.66,167.90,177.60,174.74,175.99,167.86,165.45,161.00,167.1249,1,169.8685,1,267986,125614,1.5509,2.1660,-0.6151,61.28
2024-11-07,178.14,183.87,178.14,180.28,175.12,176.57,168.28,165.55,161.20,167.1249,1,167.8966,1,172408,127087,1.8600,2.1048,-0.2448,62.98
2024-11-08,180.83,186.54,179.15,183.18,175.95,177.08,168.75,165.68,161.41,167.1249,1,167.8966,1,151647,128496,2.3127,2.1464,0.1663,64.72
2024-11-11,185.64,189.99,183.97,186.09,176.75,177.40,169.24,165.84,161.62,168.9059,1,169.0151,1,114122,128242,2.8727,2.2917,0.5811,64.45
2024-11-12,185.32,187.20,182.62,183.40,177.69,177.60,169.85,166.00,161.82,168.9059,1,170.6932,1,132764,128425,3.0647,2.4463,0.6184,64.58
2024-11-13,185.33,190.05,185.33,188.31,179.05,178.01,170.55,166.20,162.03,169.8169,1,172.2370,1,204717,130566,3.5715,2.6713,0.9002,68.32
2024-11-14,188.45,191.93,186.73,187.82,180.83,178.41,171.25,166.40,162.25,171.6876,1,174.0182,1,162378,131534,3.8887,2.9148,0.9739,68.68
2024-11-15,186.97,188.47,185.74,186.60,182.14,178.62,171.97,166.60,162.44,171.6876,1,176.1681,1,161264,132594,3.9955,3.1309,0.8646,68.56
2024-11-18,185.41,190.51,184.53,187.86,183.67,179.06,172.73,166.81,162.64,171.6876,1,178.0600,1,163720,133046,4.1341,3.3316,0.8026,69.10
2024-11-19,186.11,188.25,183.42,186.69,184.78,179.60,173.44,167.01,162.85,171.6876,1,179.7249,1,167209,134386,4.1028,3.4858,0.6170,65.86
2024-11-20,187.55,187.55,184.53,186.72,185.69,180.22,174.10,167.24,163.05,171.6876,1,181.1900,1,124159,134797,4.0338,3.5954,0.4384,65.90
2024-11-21,186.91,190.86,186.61,190.05,186.67,180.90,174.80,167.48,163.25,173.2016,1,182.4793,1,107661,135328,4.1992,3.7162,0.4831,66.75
2024-11-22,191.90,195.65,191.02,195.04,187.86,181.90,175.53,167.73,163.46,177.6777,1,183.6139,1,127157,136238,4.6793,3.9088,0.7705,68.33
2024-11-25,197.39,206.35,197.21,202.77,189.53,183.14,176.37,168.02,163.77,184.2999,1,185.2985,1,382831,141927,5.6189,4.2508,1.3681,72.73
2024-11-26,201.87,202.00,198.34,200.00,191.19,184.44,177.09,168.30,164.06,184.2999,1,188.6672,1,165616,141974,6.0701,4.6147,1.4554,70.26
2024-11-27,201.18,202.76,196.13,197.28,192.08,185.57,177.73,168.56,164.35,184.2999,1,191.4968,1,130197,142396,6.1373,4.9192,1.2181,69.99
2024-11-29,199.91,200.74,197.73,197.78,193.08,186.95,178.27,168.81,164.66,184.2999,1,193.8738,1,81076,141131,6.1599,5.1673,0.9925,68.53
2024-12-02,197.78,198.60,195.11,195.61,193.98,188.06,178.85,169.02,164.96,184.2999,1,206.3527,0,130984,136075,5.9340,5.3207,0.6133,67.14
2024-12-03,196.28,197.91,193.08,194.63,194.66,189.17,179.39,169.25,165.26,184.2999,1,206.1278,0,121849,136446,5.6111,5.3788,0.2323,67.25
2024-12-04,194.43,195.95,193.13,195.49,195.54,190.16,179.96,169.48,165.57,184.2999,1,205.6058,0,137390,137446,5.3632,5.3756,-0.0124,67.41
2024-12-05,195.43,195.50,192.29,192.53,196.12,190.91,180.54,169.66,165.85,184.2999,1,205.1048,0,119476,138038,4.8716,5.2748,-0.4032,65.32
2024-12-06,195.82,195.92,193.73,194.21,196.54,191.60,181.09,169.84,166.13,184.2999,1,204.3359,0,94171,137332,4.5652,5.1329,-0.5677,66.56
2024-12-09,194.14,194.49,191.15,191.46,196.18,192.02,181.58,169.99,166.39,184.2999,1,203.6131,0,131552,137570,4.0536,4.9170,-0.8634,65.17
2024-12-10,190.69,192.14,187.37,189.41,194.84,192.18,181.98,170.13,166.63,184.2999,1,202.6157,0,154681,137955,3.4432,4.6223,-1.1791,63.43
2024-12-11,193.88,194.44,190.20,190.99,193.94,192.56,182.46,170.29,166.88,184.2999,1,201.0916,0,327008,142604,3.0515,4.3081,-1.2566,63.66
2024-12-12,190.21,190.35,186.72,186.96,192.91,192.50,182.89,170.41,167.10,184.2999,1,199.7199,0,127448,142970,2.3884,3.9242,-1.5358,60.28
2024-12-13,186.13,186.97,182.42,184.10,191.54,192.31,183.26,170.51,167.31,198.4892,0,198.1600,0,117654,143334,1.6137,3.4621,-1.8483,57.83
2024-12-16,184.09,184.68,178.10,178.20,189.80,191.89,183.53,170.58,167.47,195.7796,0,195.9565,0,252806,146681,0.5173,2.8731,-2.3558,51.54
2024-12-17,178.08,178.81,175.15,176.23,187.96,191.31,183.57,170.62,167.62,191.0300,0,193.0998,0,196932,147468,-0.5049,2.1975,-2.7025,50.93
2024-12-18,177.26,178.84,167.52,167.79,185.19,190.36,183.44,170.60,167.75,189.2221,0,189.8687,0,233052,148122,-1.9730,1.3634,-3.3364,49.77
2024-12-19,166.77,168.70,162.87,163.04,182.24,189.18,183.21,170.58,167.84,181.9728,0,185.3993,0,202146,149067,-3.4798,0.3948,-3.8746,42.90
2024-12-20,162.45,165.95,161.80,162.95,179.11,187.82,183.09,170.54,167.92,179.6914,0,180.8926,0,846660,163479,-4.6276,-0.6097,-4.0179,44.14
2024-12-23,163.37,165.15,162.43,164.40,176.41,186.29,182.92,170.51,167.99,178.8370,0,177.0737,0,171577,165253,-5.3590,-1.5595,-3.7994,44.14
2024-12-24,164.28,165.22,162.80,164.57,173.92,184.38,182.62,170.47,168.07,178.2807,0,174.0187,0,58787,163899,-5.8571,-2.4191,-3.4381,43.17
2024-12-26,163.93,166.81,162.76,165.90,171.41,182.68,182.35,170.45,168.13,178.2807,0,171.5746,0,74748,162504,-6.0748,-3.1502,-2.9246,43.79
2024-12-27,164.72,165.75,162.99,164.08,169.12,181.02,182.03,170.42,168.18,177.8949,0,169.6193,0,69119,161556,-6.3211,-3.7844,-2.5367,43.56
2024-12-30,163.55,163.88,160.78,163.13,167.03,179.28,181.69,170.35,168.24,175.4883,0,168.0551,0,74314,159980,-6.5180,-4.3311,-2.1869,44.87
2024-12-31,163.62,164.53,162.92,163.83,165.59,177.69,181.32,170.31,168.30,175.4883,0,166.5998,0,92552,159536,-6.5420,-4.7733,-1.7687,43.71
2025-01-02,165.04,166.68,161.60,162.84,164.25,176.11,181.00,170.28,168.36,175.4883,0,160.7787,1,104469,158778,-6.5653,-5.1317,-1.4336,42.40
2025-01-03,162.88,165.66,162.56,165.58,164.03,174.61,180.79,170.25,168.43,175.4883,0,160.8968,1,89530,158229,-6.2900,-5.3634,-0.9267,39.30
2025-01-06,167.18,169.19,165.10,165.34,164.26,173.25,180.61,170.20,168.48,175.4883,0,161.0126,1,75533,157214,-6.0219,-5.4951,-0.5269,38.80
2025-01-07,165.40,165.76,161.97,162.99,164.26,171.69,180.34,170.14,168.51,175.4883,0,161.3397,1,93617,156426,-5.9305,-5.5822,-0.3483,38.15
2025-01-08,162.93,165.91,161.12,165.73,164.40,170.40,180.16,170.12,168.54,175.4883,0,169.1904,0,100134,156258,-5.5725,-5.5802,0.0078,47.50
2025-01-10,164.27,165.90,161.27,161.84,164.12,169.02,179.83,170.06,168.56,175.4883,0,169.0289,0,125216,157009,-5.5389,-5.5720,0.0330,43.09
2025-01-13,160.66,163.76,158.28,163.70,163.90,167.66,179.63,170.03,168.59,173.9706,0,168.8707,0,86343,156336,-5.3016,-5.5179,0.2163,41.71
2025-01-14,166.29,168.91,165.14,168.62,164.36,166.74,179.51,170.02,168.64,173.9706,0,158.2774,1,98178,156211,-4.6623,-5.3468,0.6844,46.09
2025-01-15,173.53,177.66,172.11,173.36,165.38,166.20,179.57,170.06,168.71,173.9706,0,158.2774,1,155599,156300,-3.7301,-5.0234,1.2933,48.09
2025-01-16,173.71,175.60,171.50,173.14,166.31,165.95,179.57,170.09,168.77,173.9706,0,159.0527,1,87489,155869,-2.9749,-4.6137,1.6388,46.86
2025-01-17,175.82,177.35,174.54,176.42,167.67,165.96,179.64,170.11,168.85,161.7405,1,159.7970,1,108457,156224,-2.0874,-4.1085,2.0211,47.23
2025-01-21,179.52,182.19,178.07,180.86,169.20,166.61,179.75,170.16,168.94,165.6131,1,160.5115,1,131108,156150,-1.0147,-3.4897,2.4750,50.52
2025-01-22,180.89,181.66,179.43,181.15,170.78,167.52,179.82,170.25,169.04,166.8105,1,161.8122,1,182337,154437,-0.1395,-2.8197,2.6801,52.98
2025-01-23,181.24,183.56,180.06,181.34,172.62,168.44,179.84,170.33,169.12,168.3972,1,163.0348,1,129449,153578,0.5631,-2.1431,2.7062,52.63
2025-01-24,181.83,181.83,178.68,181.48,174.19,169.29,179.81,170.40,169.21,168.3972,1,164.6769,1,127523,153095,1.1188,-1.4907,2.6095,49.19
2025-01-27,178.84,186.35,178.71,184.64,176.47,170.30,179.78,170.51,169.32,168.5278,1,166.1876,1,160848,154030,1.7933,-0.8339,2.6272,51.92
2025-01-28,184.44,185.85,181.85,184.64,178.57,171.24,179.80,170.61,169.45,170.0470,1,168.2040,1,268450,156743,2.3013,-0.2069,2.5082,57.80
2025-01-29,184.01,186.04,180.26,180.82,179.79,172.07,179.65,170.68,169.56,170.0470,1,170.0188,1,100299,154655,2.3680,0.3081,2.0599,56.61
2025-01-30,182.43,185.28,181.65,184.29,180.88,173.13,179.58,170.80,169.69,170.0470,1,171.6521,1,99723,153402,2.6699,0.7804,1.8894,58.57
2025-01-31,183.58,186.00,178.16,178.23,181.39,173.85,179.41,170.88,169.80,170.0470,1,173.1221,1,169343,153564,2.3929,1.1029,1.2900,57.51
2025-02-03,174.11,175.52,170.34,173.93,181.14,174.40,179.14,170.95,169.89,170.0470,1,186.3519,0,135417,152997,1.8058,1.2435,0.5623,54.97
2025-02-04,174.80,176.72,173.49,174.53,180.51,174.85,178.89,171.00,169.98,170.0470,1,186.0316,0,114811,151950,1.3730,1.2694,0.1036,54.21
2025-02-05,176.68,177.59,172.87,175.91,179.98,175.38,178.68,171.11,170.10,170.0470,1,185.7178,0,100966,151486,1.1285,1.2412,-0.1128,53.44
2025-02-06,177.67,179.80,175.85,177.64,179.61,176.11,178.43,171.22,170.22,170.0470,1,185.4102,0,134019,152013,1.0619,1.2054,-0.1435,56.01
2025-02-07,178.20,178.20,172.89,174.80,178.94,176.57,178.02,171.31,170.31,170.0470,1,185.1088,0,99098,151452,0.7712,1.1185,-0.3474,53.28
2025-02-10,177.21,177.21,173.39,173.97,177.88,177.17,177.45,171.42,170.38,170.0470,1,184.8134,0,120261,146200,0.4683,0.9885,-0.5202,50.10
2025-02-11,173.76,174.52,171.32,172.17,176.63,177.60,176.89,171.50,170.45,170.0470,1,184.5239,0,143997,145768,0.0824,0.8073,-0.7249,47.60
2025-02-12,167.71,170.88,166.21,170.37,175.58,177.69,176.35,171.58,170.51,170.0470,1,184.2403,0,134707,145858,-0.3649,0.5728,-0.9378,46.41
2025-02-13,171.13,172.57,168.87,171.94,174.35,177.61,175.84,171.66,170.57,170.0470,1,183.5189,0,157690,147390,-0.5857,0.3411,-0.9268,43.45
2025-02-14,173.08,173.66,169.93,173.24,173.85,177.62,175.39,171.70,170.61,170.0470,1,182.8264,0,139091,147552,-0.6487,0.1432,-0.7919,44.68
2025-02-18,173.04,173.04,169.81,171.54,173.61,177.37,174.93,171.72,170.67,170.0470,1,182.1616,0,108135,147278,-0.8263,-0.0507,-0.7756,40.34
2025-02-19,168.04,169.36,166.78,168.17,172.98,176.74,174.38,171.72,170.70,181.6360,0,181.5234,0,126680,147064,-1.2249,-0.2856,-0.9393,35.23
2025-02-20,167.69,168.80,165.32,166.21,172.00,175.99,173.85,171.67,170.71,180.3161,0,180.9107,0,123619,147147,-1.6796,-0.5644,-1.1152,35.23
2025-02-21,167.68,167.68,157.15,159.79,170.22,174.92,173.17,171.63,170.67,177.5062,0,179.9751,0,201729,149298,-2.5283,-0.9572,-1.5711,32.81
2025-02-24,155.44,161.58,151.53,157.31,168.47,173.71,172.48,171.56,170.61,173.1510,0,178.1489,0,276408,152195,-3.3624,-1.4382,-1.9242,29.78
2025-02-25,155.78,158.38,152.99,153.55,166.43,172.15,171.76,171.48,170.54,172.2417,0,175.4867,0,375574,156613,-4.2773,-2.0060,-2.2712,25.85
2025-02-26,154.68,154.68,148.28,149.07,164.12,170.37,170.93,171.34,170.45,168.3058,0,173.0907,0,272430,155521,-5.3027,-2.6654,-2.6374,20.83
2025-02-27,148.49,150.07,146.46,146.85,161.77,168.68,170.12,171.17,170.34,164.4863,0,170.1136,0,190546,156783,-6.2230,-3.3769,-2.8461,21.79
2025-02-28,147.42,149.90,146.02,148.76,159.45,166.90,169.42,171.04,170.24,163.7293,0,166.8016,0,201577,158462,-6.7205,-4.0456,-2.6749,22.82
2025-03-03,150.05,150.57,142.72,143.41,156.47,165.16,168.72,170.88,170.12,163.1899,0,163.4769,0,209875,157603,-7.4605,-4.7286,-2.7319,22.90
2025-03-04,140.51,142.00,136.11,139.10,153.22,163.42,167.98,170.65,169.96,156.1397,0,159.7405,0,274896,159162,-8.2996,-5.4428,-2.8568,20.40
2025-03-05,140.90,145.41,140.51,143.85,150.79,161.88,167.50,170.45,169.82,156.1397,0,155.0151,0,249923,159500,-8.4834,-6.0509,-2.4325,22.44
2025-03-06,141.33,143.88,140.44,140.61,148.23,160.12,167.05,170.22,169.70,156.1397,0,151.2347,0,136398,158185,-8.7888,-6.5985,-2.1903,19.52
2025-03-07,140.23,142.05,136.67,139.63,146.22,158.22,166.59,169.96,169.55,155.8919,0,148.2104,0,196484,145181,-9.0065,-7.0801,-1.9264,17.79
2025-03-10,138.22,141.80,133.43,135.63,144.05,156.26,166.01,169.70,169.39,155.0034,0,145.7910,0,243382,146618,-9.3934,-7.5428,-1.8506,17.17
2025-03-11,135.42,137.37,133.59,135.33,142.23,154.33,165.43,169.51,169.21,152.2621,0,143.3184,0,208953,149621,-9.6134,-7.9569,-1.6565,17.74
2025-03-12,137.22,140.23,136.00,138.40,141.16,152.64,164.88,169.39,169.05,152.2621,0,141.8023,0,172043,151567,-9.4317,-8.2518,-1.1798,20.27
2025-03-13,137.80,138.48,133.50,133.75,139.85,150.81,164.27,169.27,168.88,152.2621,0,140.2303,0,165920,153503,-9.5526,-8.5120,-1.0406,18.07
2025-03-14,136.21,139.90,135.40,139.71,138.94,149.20,163.80,169.22,168.71,152.2621,0,140.2303,0,177270,155562,-9.0631,-8.6222,-0.4409,19.60
2025-03-17,139.31,141.46,138.25,140.76,138.68,147.57,163.34,169.16,168.56,152.2621,0,133.4279,1,107925,155869,-8.4920,-8.5962,0.1042,19.52
2025-03-18,140.27,142.26,139.39,140.59,138.83,146.02,162.89,169.10,168.44,152.2621,0,133.5886,1,124351,156267,-7.9617,-8.4693,0.5076,21.70
2025-03-19,140.89,143.97,140.65,143.01,138.74,144.77,162.44,169.06,168.30,152.2621,0,133.9354,1,122730,156931,-7.2628,-8.2280,0.9652,23.08
2025-03-20,142.22,145.80,141.67,142.71,138.95,143.59,161.99,168.99,168.15,152.2621,0,134.5373,1,162542,158671,-6.6556,-7.9135,1.2579,23.35
2025-03-21,140.85,141.41,138.75,140.16,139.00,142.61,161.53,168.91,167.99,152.2621,0,135.4383,1,340387,163607,-6.3076,-7.5923,1.2847,24.00
2025-03-24,142.95,146.79,142.95,146.70,140.11,142.08,161.15,168.86,167.88,152.2621,0,136.2673,1,123136,164067,-5.4414,-7.1621,1.7207,27.25
2025-03-25,145.10,146.84,143.59,144.88,141.07,141.65,160.81,168.80,167.75,152.2621,0,137.3195,1,132071,164204,-4.8462,-6.6990,1.8527,26.87
2025-03-26,144.33,146.01,142.93,143.33,141.56,141.36,160.41,168.72,167.62,152.2621,0,138.4618,1,184256,166162,-4.4486,-6.2489,1.8003,27.48
2025-03-27,142.48,145.01,141.43,142.79,142.46,141.16,159.89,168.64,167.49,152.2621,0,139.4671,1,88643,165971,-4.1289,-5.8249,1.6960,27.39
2025-03-28,141.78,143.21,138.06,138.41,142.33,140.64,159.19,168.52,167.34,152.2621,0,146.8386,0,113106,165121,-4.1813,-5.4962,1.3149,26.73
2025-03-31,135.71,139.84,133.84,138.59,142.12,140.40,158.50,168.40,167.19,150.9375,0,146.6630,0,157373,166519,-4.1599,-5.2289,1.0690,26.87
2025-04-01,138.53,140.35,136.61,139.81,142.04,140.43,157.77,168.23,167.03,150.9375,0,146.1499,0,85209,166054,-3.9983,-4.9828,0.9845,27.64
2025-04-02,137.55,143.08,136.49,142.83,142.02,140.38,157.01,168.09,166.88,150.9375,0,145.6573,0,88182,165196,-3.5853,-4.7033,1.1180,27.14
2025-04-03,136.22,136.46,130.11,133.20,141.07,140.01,156.05,167.91,166.70,150.0636,0,145.1844,0,158947,164728,-3.9896,-4.5606,0.5709,28.48
2025-04-04,127.23,132.36,122.41,130.17,140.07,139.54,155.02,167.72,166.50,145.7247,0,144.2799,0,202001,166179,-4.5024,-4.5489,0.0465,31.73
2025-04-07,123.73,132.54,122.84,125.94,137.99,139.05,153.91,167.49,166.28,145.7247,0,142.5307,0,183976,167308,-5.1904,-4.6772,-0.5132,30.68
2025-04-08,129.06,131.23,120.65,122.58,135.76,138.42,152.67,167.23,166.05,145.7247,0,140.9213,0,127848,166648,-5.9381,-4.9294,-1.0087,29.30
2025-04-09,120.56,138.05,119.76,137.13,135.14,138.35,151.72,167.12,165.89,145.7247,0,138.8940,0,181215,164903,-5.2950,-5.0025,-0.2925,30.94
2025-04-10,133.47,133.85,124.83,130.50,133.92,138.19,150.72,166.97,165.69,145.7247,0,138.0469,0,144553,165788,-5.2604,-5.0541,-0.2063,29.84
2025-04-11,129.68,134.98,128.89,134.90,133.56,137.95,149.73,166.85,165.53,145.7247,0,138.0469,0,141634,166626,-4.8219,-5.0076,0.1858,31.04
2025-04-14,137.71,137.73,132.59,136.08,133.31,137.72,148.89,166.76,165.38,145.7247,0,119.7552,1,90743,165054,-4.3297,-4.8721,0.5424,29.89
2025-04-15,136.36,136.97,132.87,134.12,132.74,137.39,148.09,166.65,165.23,145.7247,0,120.1146,1,81931,163985,-4.0511,-4.7079,0.6568,28.51
2025-04-16,133.50,136.07,130.25,132.58,131.72,136.87,147.25,166.53,165.07,145.7247,0,120.4669,1,195927,165607,-3.9089,-4.5481,0.6391,27.67
2025-04-17,132.59,135.81,130.22,133.74,131.77,136.42,146.41,166.40,164.93,145.7247,0,120.8121,1,260742,168803,-3.6609,-4.3706,0.7097,27.17
2025-04-21,132.04,132.25,128.80,130.44,131.80,135.94,145.46,166.23,164.78,145.7247,0,121.1503,1,95707,168036,-3.6881,-4.2341,0.5461,25.87
2025-04-22,132.55,133.75,130.41,133.04,132.51,135.25,144.63,166.06,164.64,145.7247,0,121.4819,1,88046,167815,-3.4598,-4.0793,0.6194,24.88
2025-04-23,137.16,139.74,133.73,134.08,133.66,134.71,143.83,165.88,164.52,145.7247,0,121.8068,1,97451,167359,-3.1588,-3.8952,0.7364,23.62
2025-04-24,134.55,139.99,133.58,139.70,133.92,134.53,143.18,165.72,164.42,145.7247,0,122.5239,1,103277,166545,-2.4387,-3.6039,1.1652,24.65
2025-04-25,138.82,140.90,138.74,139.81,134.85,134.38,142.57,165.55,164.33,145.7247,0,123.5717,1,125537,166361,-1.8375,-3.2506,1.4131,24.68
2025-04-28,140.03,141.98,138.27,139.70,135.33,134.45,141.92,165.34,164.23,145.7247,0,124.9580,1,83511,164878,-1.3548,-2.8714,1.5167,26.24
2025-04-29,138.85,141.04,137.96,140.22,135.74,134.53,141.26,165.17,164.09,145.7247,0,126.6599,1,86151,163819,-0.9193,-2.4810,1.5617,26.85
2025-04-30,138.80,141.77,136.75,141.10,136.44,134.59,140.65,164.99,163.95,145.7247,0,128.1916,1,114656,163949,-0.4973,-2.0843,1.5870,29.10
2025-05-01,140.42,144.50,140.37,141.36,137.32,134.52,140.12,164.82,163.82,145.7247,0,129.5701,1,68013,162776,-0.1408,-1.6956,1.5548,28.65
2025-05-02,143.80,145.08,141.92,143.37,138.28,135.03,139.66,164.69,163.67,145.7247,0,131.3617,1,101785,162339,0.3011,-1.2962,1.5973,28.72
2025-05-05,142.40,143.77,140.10,140.18,139.26,135.53,139.27,164.51,163.54,145.7247,0,133.2826,1,169408,161693,0.3892,-0.9592,1.3484,27.46
2025-05-06,139.04,140.67,137.27,138.41,139.79,136.15,138.89,164.32,163.40,145.7247,0,134.9345,1,180242,159770,0.3122,-0.7049,1.0170,26.58
2025-05-07,135.50,136.10,125.97,126.54,139.04,136.35,138.35,164.03,163.20,145.7247,0,145.0822,0,268272,157624,-0.6985,-0.7036,0.0051,17.46
2025-05-08,128.76,132.85,128.15,131.43,138.21,136.06,138.00,163.79,163.00,145.7247,0,144.6999,0,171156,155598,-1.0922,-0.7813,-0.3109,18.23
2025-05-09,134.60,135.13,131.61,132.40,137.47,136.16,137.71,163.57,162.80,145.7247,0,144.3252,0,141365,154614,-1.3108,-0.8872,-0.4236,18.91
2025-05-12,138.54,142.70,136.67,139.01,137.40,136.36,137.51,163.40,162.66,145.7247,0,143.9580,0,147848,153540,-0.9400,-0.8978,-0.0422,18.71
2025-05-13,139.72,140.92,138.32,138.39,137.22,136.48,137.41,163.22,162.51,145.7247,0,143.5982,0,117981,151702,-0.6883,-0.8559,0.1676,16.84
2025-05-14,140.73,141.39,137.79,137.89,136.90,136.67,137.39,162.98,162.34,145.7247,0,143.2455,0,135649,148917,-0.5227,-0.7893,0.2665,16.92
2025-05-15,137.50,139.20,135.91,138.30,136.59,136.95,137.28,162.74,162.15,145.7247,0,142.8999,0,118463,146288,-0.3546,-0.7023,0.3478,17.68
2025-05-16,139.30,141.37,138.81,140.76,136.33,137.31,137.28,162.51,161.99,145.7247,0,142.5612,0,148948,146539,-0.0221,-0.5663,0.5442,19.28
2025-05-19,137.68,139.11,137.35,138.13,136.13,137.69,137.25,162.31,161.78,145.7247,0,142.2293,0,107531,144760,0.0288,-0.4473,0.4761,18.55
2025-05-20,137.51,138.59,136.50,136.98,135.98,137.89,137.28,162.07,161.59,145.7247,0,141.9041,0,79671,141486,-0.0238,-0.3626,0.3388,18.17
2025-05-21,134.67,135.79,130.85,130.98,136.43,137.73,137.19,161.74,161.43,145.7247,0,141.5853,0,119390,139694,-0.5430,-0.3987,-0.1444,17.87
2025-05-22,130.37,132.17,129.77,131.14,136.40,137.31,137.05,161.42,161.30,144.4868,0,141.2729,0,106909,138392,-0.9313,-0.5052,-0.4261,17.94
2025-05-23,128.12,130.49,127.46,129.84,136.14,136.81,136.97,161.09,161.19,142.2441,0,140.9668,0,87559,136824,-1.3286,-0.6699,-0.6588,19.58
2025-05-27,131.97,133.71,131.13,133.67,135.61,136.51,136.85,160.78,161.12,142.2441,0,140.6667,0,137254,136024,-1.3190,-0.7997,-0.5193,19.87
2025-05-28,133.10,133.70,129.56,129.58,134.73,135.97,136.62,160.43,161.03,142.2441,0,140.3727,0,118454,136235,-1.6231,-0.9644,-0.6587,17.47
2025-05-29,131.01,131.41,129.44,131.29,134.07,135.48,136.44,160.11,160.93,142.2441,0,140.0846,0,95224,135652,-1.7059,-1.1127,-0.5932,18.88
2025-05-30,130.35,131.89,129.25,129.98,133.24,134.91,136.18,159.80,160.84,142.2441,0,139.8022,0,196920,137136,-1.8558,-1.2613,-0.5945,19.36
2025-06-02,129.01,129.61,126.19,128.62,132.02,134.18,135.90,159.50,160.72,139.7381,0,139.5255,0,134671,136579,-2.0604,-1.4211,-0.6393,17.38
2025-06-03,129.20,132.27,127.95,131.78,131.39,133.76,135.73,159.20,160.62,139.7381,0,139.2543,0,124148,132254,-1.9457,-1.5260,-0.4197,18.09
2025-06-04,132.18,133.52,132.18,132.49,130.94,133.46,135.44,158.92,160.50,139.7381,0,138.9885,0,110316,131997,-1.7772,-1.5763,-0.2009,18.93
2025-06-05,131.97,132.61,127.15,131.51,130.99,133.71,135.18,158.61,160.39,139.7381,0,138.7280,0,190365,133163,-1.7030,-1.6016,-0.1014,18.59
2025-06-06,133.16,133.16,130.66,131.33,131.01,133.70,134.94,158.32,160.27,139.7381,0,138.4728,0,168336,132845,-1.6395,-1.6092,-0.0303,17.22
2025-06-09,133.06,134.50,132.27,133.06,131.33,133.74,134.74,158.05,160.17,139.7381,0,138.2226,0,101784,133108,-1.4332,-1.5740,0.1408,15.89
2025-06-10,134.52,136.40,133.19,135.64,131.53,133.57,134.69,157.82,160.06,139.7381,0,137.9775,0,178052,134407,-1.0494,-1.4691,0.4197,17.03
2025-06-11,137.20,139.03,133.57,133.64,131.93,133.33,134.59,157.55,159.95,139.7381,0,125.9656,1,139868,134057,-0.8961,-1.3545,0.4583,15.66
2025-06-12,132.66,135.43,131.59,134.74,132.28,133.17,134.49,157.30,159.80,139.7381,0,126.2269,1,95223,134257,-0.6784,-1.2193,0.5409,17.90
2025-06-13,131.86,133.71,129.78,130.51,132.33,132.78,134.24,157.00,159.63,139.7381,0,126.4829,1,126905,135031,-0.8376,-1.1429,0.3053,16.80
2025-06-16,132.20,133.09,130.21,132.44,132.71,132.37,134.22,156.70,159.49,139.7381,0,126.7338,1,108611,134025,-0.7987,-1.0741,0.2754,16.98
2025-06-17,130.72,132.77,128.50,128.67,132.40,131.89,134.19,156.35,159.34,139.7381,0,126.9796,1,133077,132646,-1.0595,-1.0712,0.0117,16.07
2025-06-18,128.28,130.45,126.60,126.72,131.83,131.38,134.21,155.98,159.17,139.7381,0,139.0270,0,140867,131784,-1.4073,-1.1384,-0.2689,15.27
2025-06-20,127.43,128.36,126.61,127.95,131.47,131.23,134.32,155.59,159.00,138.5324,0,138.7784,0,241259,134052,-1.5663,-1.2240,-0.3423,15.58
2025-06-23,127.32,131.84,126.72,131.43,131.48,131.24,134.20,155.24,158.89,138.5324,0,138.5348,0,95268,132333,-1.3951,-1.2582,-0.1369,17.71
2025-06-24,132.66,134.70,132.62,133.90,131.56,131.45,134.27,154.88,158.80,138.5324,0,138.2960,0,124950,131941,-1.0476,-1.2161,0.1684,18.01
2025-06-25,134.05,134.05,131.60,132.01,131.20,131.36,134.21,154.51,158.69,138.5324,0,138.0620,0,62714,130363,-0.9144,-1.1558,0.2413,17.89
2025-06-26,132.31,133.24,130.73,133.17,131.15,131.54,134.16,154.15,158.61,138.5324,0,137.8327,0,63771,129823,-0.7075,-1.0661,0.3586,17.78
2025-06-27,133.19,135.66,132.47,133.93,131.07,131.68,134.15,153.79,158.53,138.5324,0,137.6080,0,127282,130730,-0.4762,-0.9481,0.4719,17.93
2025-06-30,134.12,134.52,132.63,133.45,131.37,131.85,134.17,153.44,158.44,138.5324,0,137.3877,0,70259,128217,-0.3283,-0.8242,0.4959,15.95
2025-07-01,132.70,142.32,132.20,139.19,132.04,132.38,134.28,153.12,158.37,125.2232,1,126.5964,1,135178,125706,0.2496,-0.6094,0.8590,17.81
2025-07-02,139.97,141.63,138.56,141.26,133.30,132.85,134.49,152.79,158.30,128.3449,1,126.9108,1,83484,125461,0.8645,-0.3146,1.1791,17.59
2025-07-03,141.67,142.28,140.08,140.96,134.72,133.28,134.65,152.43,158.21,129.9410,1,127.2189,1,86052,125421,1.3123,0.0108,1.3016,17.47
2025-07-07,139.55,141.51,136.80,138.10,135.74,133.60,134.73,152.00,158.09,129.9410,1,127.5209,1,107316,125619,1.4199,0.2926,1.1273,16.70
2025-07-08,138.51,142.27,138.14,140.41,136.64,134.06,134.75,151.61,157.98,129.9410,1,127.8168,1,109292,125739,1.6730,0.5687,1.1043,16.02
2025-07-09,141.53,143.39,139.77,142.93,137.54,134.55,134.81,151.24,157.87,130.0372,1,128.1068,1,120748,125643,2.0527,0.8655,1.1872,15.72
2025-07-10,143.64,147.10,142.78,145.78,138.92,135.06,134.93,150.90,157.74,133.2540,1,128.7183,1,194578,127864,2.5544,1.2033,1.3512,16.67
2025-07-11,143.41,146.04,142.33,143.07,139.91,135.53,134.99,150.55,157.62,133.2540,1,129.8212,1,98623,128114,2.7024,1.5031,1.1993,15.03
2025-07-14,142.96,143.36,139.05,140.05,140.52,135.80,134.97,150.18,157.49,133.2540,1,130.8580,1,122080,128262,2.5460,1.7117,0.8344,13.69
2025-07-15,141.37,142.10,136.42,136.51,140.83,136.10,134.87,149.79,157.33,133.2540,1,131.8325,1,86476,128632,2.1127,1.7919,0.3208,13.58
2025-07-16,137.26,137.39,134.42,136.43,140.55,136.30,134.73,149.42,157.20,133.2540,1,132.7486,1,91847,128433,1.7422,1.7820,-0.0397,12.55
2025-07-17,136.53,138.80,136.37,137.49,140.17,136.74,134.68,149.04,157.05,133.2540,1,133.6098,1,81939,126684,1.5172,1.7290,-0.2118,12.21
2025-07-18,138.66,138.66,135.24,135.89,139.67,137.20,134.63,148.67,156.89,133.2540,1,134.4177,1,106935,125217,1.1959,1.6224,-0.4265,12.02
2025-07-21,137.10,137.75,134.36,134.42,139.30,137.52,134.78,148.30,156.72,133.2540,1,147.1006,0,65777,121168,0.8131,1.4605,-0.6474,11.60
2025-07-22,134.96,140.99,134.52,140.22,139.28,137.96,134.96,147.96,156.59,133.2540,1,146.8459,0,151986,120784,0.9668,1.3618,-0.3950,13.73
2025-07-23,142.22,143.92,140.79,142.66,139.25,138.40,135.17,147.67,156.47,133.2540,1,146.5962,0,107830,120113,1.2706,1.3435,-0.0729,12.70
2025-07-24,142.36,143.76,140.13,140.86,138.76,138.84,135.20,147.38,156.35,133.2540,1,146.3515,0,81016,118777,1.3503,1.3449,0.0054,14.11
2025-07-25,142.03,143.42,140.19,142.28,138.68,139.29,135.28,147.14,156.24,133.2540,1,146.1117,0,66837,117754,1.5109,1.3781,0.1328,16.05
2025-07-28,142.36,143.12,139.62,140.00,138.68,139.60,135.32,146.90,156.07,133.2540,1,145.8767,0,94721,116935,1.4375,1.3900,0.0475,14.79
2025-07-29,140.30,141.46,139.63,140.69,139.09,139.96,135.37,146.72,155.90,133.2540,1,145.6464,0,130781,117182,1.4188,1.3957,0.0231,16.05
2025-07-30,141.02,141.23,136.10,136.98,139.15,139.85,135.30,146.54,155.71,133.2540,1,145.4207,0,159490,117393,1.0924,1.3351,-0.2427,14.76
2025-07-31,135.73,137.31,135.05,135.97,139.00,139.59,135.25,146.36,155.55,133.2540,1,145.1995,0,78680,116816,0.7433,1.2167,-0.4734,16.46
2025-08-01,133.87,134.92,131.73,133.17,138.73,139.20,135.18,146.15,155.35,144.4281,0,144.9828,0,125703,117736,0.2381,1.0210,-0.7829,15.51
2025-08-04,134.10,134.46,131.98,134.09,138.69,139.00,135.24,145.95,155.12,143.9583,0,144.4526,0,109203,117532,-0.0874,0.7993,-0.8867,14.10
2025-08-05,134.18,138.25,133.71,137.35,138.40,138.84,135.36,145.76,154.91,143.9583,0,143.9436,0,168670,118768,-0.0815,0.6232,-0.7047,23.85
2025-08-06,141.51,147.75,141.51,144.06,138.55,138.90,135.65,145.63,154.73,131.5844,1,131.7286,1,196865,120954,0.4600,0.5905,-0.1305,30.91
2025-08-07,146.60,148.08,142.66,143.52,138.81,138.79,135.84,145.50,154.55,132.0035,1,132.0491,1,203315,122275,0.8355,0.6395,0.1960,29.09
2025-08-08,143.40,143.79,140.11,140.31,138.61,138.65,136.06,145.34,154.34,132.0035,1,132.6904,1,111953,122145,0.8642,0.6844,0.1797,23.28
2025-08-11,140.57,141.79,137.24,138.47,138.46,138.57,136.20,145.18,154.13,132.0035,1,133.3061,1,119229,122625,0.7298,0.6935,0.0363,22.22
2025-08-12,140.38,146.19,139.02,145.82,138.97,139.03,136.52,145.05,153.98,132.0035,1,133.8972,1,134084,121368,1.2027,0.7954,0.4074,25.71
2025-08-13,145.70,151.89,145.52,151.55,140.43,139.79,136.98,144.95,153.87,134.0225,1,134.4646,1,175334,122182,2.0170,1.0397,0.9773,29.54
2025-08-14,147.38,149.55,146.30,148.07,141.64,140.32,137.30,144.85,153.73,134.0225,1,135.5099,1,110251,121904,2.3542,1.3026,1.0516,27.34
2025-08-15,149.11,149.87,146.23,146.54,142.98,140.85,137.58,144.73,153.58,134.0225,1,136.4924,1,71513,121128,2.4695,1.5360,0.9335,28.22
2025-08-18,146.54,147.32,145.35,146.13,144.18,141.44,137.88,144.62,153.43,134.0225,1,137.4160,1,112762,119576,2.4990,1.7286,0.7704,27.72
2025-08-19,147.44,150.62,146.85,148.54,145.30,141.85,138.22,144.52,153.30,135.1937,1,138.2842,1,96083,118130,2.6858,1.9200,0.7657,32.35
2025-08-20,146.71,148.38,144.81,144.96,145.39,141.97,138.46,144.36,153.15,135.1937,1,139.1003,1,100606,118107,2.5160,2.0392,0.4768,30.65
2025-08-21,143.71,145.04,143.12,144.83,145.52,142.17,138.64,144.17,153.02,135.1937,1,139.8674,1,77715,116100,2.3434,2.1000,0.2434,31.37
2025-08-22,146.28,153.94,145.92,151.90,146.68,142.65,139.01,144.03,152.91,135.8966,1,140.5885,1,332890,119961,2.7455,2.2291,0.5164,32.73
2025-08-25,150.47,150.61,149.03,149.71,147.81,143.13,139.31,143.85,152.80,136.3277,1,141.6569,1,103687,120130,2.8550,2.3543,0.5007,34.48
2025-08-26,150.18,151.27,148.77,149.21,148.14,143.56,139.68,143.64,152.67,137.1248,1,142.6398,1,168525,120962,2.8685,2.4571,0.4114,33.98
2025-08-27,148.44,150.78,148.44,149.07,147.90,144.16,140.01,143.43,152.53,137.3073,1,143.5441,1,116831,121127,2.8348,2.5327,0.3021,31.90
2025-08-28,149.90,150.20,146.43,148.63,147.95,144.80,140.41,143.21,152.37,137.3073,1,144.3761,1,175851,121982,2.7411,2.5744,0.1667,32.81
2025-08-29,149.14,150.02,145.60,146.44,147.94,145.46,140.81,142.98,152.18,137.3073,1,145.1415,1,130753,121780,2.4621,2.5519,-0.0898,29.58
2025-09-02,143.36,146.03,142.98,145.75,147.90,146.04,141.16,142.72,151.98,137.3073,1,153.9435,0,132526,119605,2.1603,2.4736,-0.3133,30.34
2025-09-03,145.14,146.05,143.46,144.34,147.48,146.39,141.42,142.45,151.79,137.3073,1,153.7242,0,127466,120249,1.7864,2.3361,-0.5498,29.28
2025-09-04,145.50,148.58,144.39,148.58,147.85,146.62,141.72,142.23,151.59,137.3073,1,153.5094,0,125011,120250,1.8115,2.2312,-0.4197,32.01
2025-09-05,151.15,155.46,150.68,151.73,148.54,147.03,142.11,142.02,151.41,140.3940,1,142.9823,1,186070,122718,2.0618,2.1973,-0.1355,35.54
2025-09-08,151.31,152.20,149.39,151.33,148.48,147.58,142.47,141.84,151.23,140.3940,1,143.2320,1,178628,125015,2.2025,2.1984,0.0041,33.23
2025-09-09,150.38,151.04,144.91,145.42,148.05,147.93,142.70,141.65,151.02,140.3940,1,143.4766,1,135311,125175,1.8162,2.1219,-0.3057,29.28
2025-09-10,146.80,150.22,146.77,149.32,148.06,148.10,143.02,141.48,150.83,140.3940,1,143.7164,1,209621,127963,1.8040,2.0584,-0.2543,33.87
2025-09-11,150.33,153.84,149.89,153.78,148.53,148.21,143.31,141.33,150.67,140.3940,1,143.9513,1,173995,128739,2.1295,2.0726,0.0569,37.46
2025-09-12,152.49,153.10,148.49,148.50,148.52,148.24,143.46,141.14,150.46,140.3940,1,144.1816,1,88794,128845,1.9393,2.0459,-0.1066,33.59
2025-09-15,149.23,150.49,148.07,148.63,148.74,148.34,143.61,140.96,150.23,140.3940,1,144.4073,1,105498,129234,1.7783,1.9924,-0.2141,35.86
2025-09-16,149.24,149.68,145.54,145.87,148.75,148.33,143.77,140.78,149.94,140.3940,1,144.6284,1,112679,129341,1.4118,1.8763,-0.4645,32.38
2025-09-17,146.75,151.23,141.00,142.45,148.56,148.02,143.81,140.58,149.66,140.3940,1,155.4647,0,195778,131071,0.8355,1.6681,-0.8327,27.50
2025-09-18,143.35,144.77,142.08,143.93,148.10,147.97,143.83,140.40,149.39,140.3940,1,155.1755,0,160578,131868,0.4927,1.4330,-0.9404,26.06
2025-09-19,144.50,144.55,141.27,141.96,147.12,147.83,143.75,140.20,149.11,140.3940,1,154.8920,0,274487,133466,0.0613,1.1587,-1.0974,25.48
2025-09-22,141.40,141.70,139.45,139.94,145.98,147.23,143.69,139.98,148.83,153.4761,0,154.6143,0,122980,133953,-0.4384,0.8393,-1.2776,23.70
2025-09-23,140.83,143.35,139.52,140.99,145.54,146.79,143.71,139.78,148.56,153.4761,0,154.0078,0,184990,135211,-0.7408,0.5233,-1.2641,25.02
2025-09-24,140.74,142.60,139.62,139.81,144.59,146.32,143.77,139.59,148.29,153.4761,0,153.4255,0,112804,135738,-1.0635,0.2059,-1.2694,22.37
2025-09-25,138.23,138.99,135.68,136.50,142.86,145.69,143.77,139.39,148.00,149.7193,0,152.8666,0,112662,136154,-1.5687,-0.1490,-1.4197,20.18
2025-09-26,136.74,139.57,136.74,139.57,141.96,145.24,143.81,139.25,147.73,149.7193,0,151.8353,0,169096,137897,-1.7015,-0.4595,-1.2420,20.71
2025-09-29,140.17,140.47,135.94,137.56,140.86,144.80,143.85,139.12,147.46,149.7193,0,150.8659,0,177425,139307,-1.9465,-0.7569,-1.1896,18.85
2025-09-30,137.14,138.39,135.39,137.95,140.07,144.41,143.92,139.02,147.20,148.7841,0,149.9546,0,107297,140137,-2.0851,-1.0226,-1.0626,19.71
2025-10-01,137.28,138.82,136.50,137.79,139.60,144.08,143.87,138.94,146.94,148.7841,0,148.7891,0,135182,139801,-2.1824,-1.2545,-0.9279,19.52
2025-10-02,137.50,139.91,136.55,137.38,138.95,143.52,143.76,138.88,146.69,148.7841,0,147.7168,0,103011,139705,-2.2664,-1.4569,-0.8095,17.74
2025-10-03,137.50,139.01,134.86,135.28,138.28,142.70,143.65,138.79,146.45,148.3275,0,146.7303,0,182375,141732,-2.4745,-1.6604,-0.8141,14.49
2025-10-06,136.32,136.32,132.32,133.36,137.62,141.80,143.47,138.72,146.22,145.7744,0,145.5432,0,129366,142983,-2.7625,-1.8808,-0.8817,12.11
2025-10-07,133.16,133.52,129.37,130.07,136.53,141.03,143.28,138.66,145.99,142.9987,0,143.9568,0,168646,144461,-3.2189,-2.1485,-1.0704,11.28
2025-10-08,130.63,131.83,128.89,130.52,135.60,140.09,143.07,138.57,145.81,141.6366,0,141.9145,0,177017,145386,-3.5040,-2.4196,-1.0844,11.50
2025-10-09,129.87,130.05,126.25,126.57,134.61,138.73,142.86,138.48,145.62,139.5814,0,139.8307,0,206262,146321,-4.0024,-2.7361,-1.2663,10.18
2025-10-10,126.94,127.42,123.16,123.27,132.98,137.47,142.61,138.37,145.42,136.8545,0,137.3858,0,229813,149344,-4.6103,-3.1110,-1.4994,10.41
2025-10-13,124.46,125.23,122.03,122.22,131.44,136.15,142.39,138.28,145.21,135.0025,0,134.5400,0,195828,150746,-5.1181,-3.5124,-1.6057,9.04
2025-10-14,121.45,125.42,120.17,125.08,130.15,135.11,142.21,138.21,145.02,134.6054,0,132.0371,0,185233,152267,-5.2296,-3.8558,-1.3738,10.17
2025-10-15,127.13,127.86,124.11,124.12,128.79,134.19,141.95,138.12,144.81,134.6054,0,129.6642,0,123334,151360,-5.3336,-4.1514,-1.1822,9.90
2025-10-16,124.98,125.37,122.45,123.17,127.37,133.16,141.53,138.05,144.60,134.6054,0,127.8571,0,110525,149633,-5.4306,-4.4072,-1.0234,8.96
2025-10-17,122.44,124.35,121.58,123.81,126.22,132.25,141.13,137.94,144.41,134.0989,0,127.8571,0,222662,150020,-5.3933,-4.6044,-0.7889,9.26
2025-10-20,124.46,125.70,124.11,125.04,125.39,131.50,140.83,137.84,144.21,134.0989,0,126.3202,0,171438,151210,-5.2049,-4.7245,-0.4804,8.88
2025-10-21,124.65,129.94,123.56,128.14,125.19,130.86,140.62,137.75,144.04,134.0989,0,120.1726,1,218958,153205,-4.7500,-4.7296,-0.0204,9.60
2025-10-22,126.78,127.71,124.26,124.51,124.59,130.10,140.20,137.63,143.83,134.0989,0,120.3680,1,158560,153694,-4.6296,-4.7096,0.0800,8.66
2025-10-23,124.51,126.83,124.51,126.12,124.55,129.58,139.69,137.52,143.64,134.0989,0,120.5594,1,104936,152286,-4.3535,-4.6384,0.2849,8.81
2025-10-24,128.64,129.50,125.20,125.25,124.75,128.86,139.23,137.42,143.45,134.0989,0,120.7469,1,79122,151664,-4.1572,-4.5422,0.3850,9.07
2025-10-27,125.33,126.49,123.90,125.02,125.03,128.23,138.80,137.28,143.25,134.0989,0,120.9308,1,94108,152116,-3.9748,-4.4287,0.4539,8.13
2025-10-28,123.69,125.53,123.19,124.60,124.98,127.57,138.37,137.14,143.06,134.0989,0,121.1109,1,96352,151787,-3.8194,-4.3068,0.4874,8.51
2025-10-29,123.42,126.09,121.33,122.23,124.79,126.79,137.84,137.00,142.85,134.0989,0,121.2875,1,149430,152854,-3.8435,-4.2142,0.3707,11.18
2025-10-30,121.81,125.07,120.62,122.43,124.72,126.04,137.39,136.86,142.62,133.9464,0,129.9383,0,157686,153996,-3.8029,-4.1319,0.3290,11.03
2025-10-31,122.31,124.94,121.56,124.83,124.82,125.52,136.99,136.77,142.38,133.9464,0,129.7520,0,157724,155596,-3.5361,-4.0127,0.4767,9.52
2025-11-03,123.65,123.65,120.12,121.82,124.50,124.94,136.39,136.66,142.12,133.2036,0,129.5695,0,224812,153435,-3.5269,-3.9156,0.3887,7.86
2025-11-04,120.60,120.68,118.96,120.33,123.71,124.45,135.80,136.53,141.84,130.8621,0,129.1916,0,228406,155929,-3.5984,-3.8521,0.2538,8.54
2025-11-05,111.68,112.51,104.92,108.87,122.15,123.37,135.00,136.31,141.48,123.2776,0,128.5775,0,448084,161520,-4.5278,-3.9873,-0.5405,4.24
2025-11-06,108.05,108.82,102.83,102.90,119.83,122.19,134.07,136.10,141.09,120.7408,0,126.6846,0,270315,164590,-5.6807,-4.3259,-1.3547,3.53
2025-11-07,102.31,104.36,101.04,102.17,117.52,121.13,133.14,135.92,140.69,117.1203,0,124.2988,0,167106,164415,-6.5771,-4.7762,-1.8009,3.38
2025-11-10,101.57,104.07,100.91,101.36,115.15,120.09,132.24,135.75,140.29,116.4195,0,121.5080,0,196537,165731,-7.2693,-5.2748,-1.9945,3.34
2025-11-11,101.96,102.27,100.55,101.00,112.79,118.89,131.35,135.61,139.88,114.4582,0,118.6250,0,141361,165907,-7.7571,-5.7712,-1.9858,3.23
2025-11-12,100.91,103.73,100.77,101.07,110.68,117.73,130.48,135.37,139.46,114.4582,0,115.7334,0,216664,167691,-8.0453,-6.2261,-1.8192,3.38
2025-11-13,100.26,102.97,100.17,100.70,108.50,116.61,129.53,135.17,139.06,113.7816,0,113.3044,0,171242,168616,-8.2091,-6.6227,-1.5865,3.83
2025-11-14,100.00,101.13,98.54,99.85,106.01,115.41,128.49,134.94,138.63,111.6017,0,110.9402,0,169934,168293,-8.3120,-6.9605,-1.3515,3.87
2025-11-17,99.41,100.11,97.20,97.20,103.54,114.02,127.40,134.68,138.23,110.1173,0,108.4605,0,182419,168369,-8.5091,-7.2703,-1.2388,3.98
2025-11-18,96.73,97.94,95.77,97.12,101.22,112.47,126.44,134.43,137.85,107.8248,0,106.2082,0,160798,168879,-8.5728,-7.5308,-1.0420,4.09
2025-11-19,97.59,98.05,96.43,97.23,100.06,111.10,125.40,134.20,137.46,107.6006,0,104.1200,0,151447,167715,-8.5164,-7.7279,-0.7885,4.54
2025-11-20,97.94,99.02,95.63,96.37,99.41,109.62,124.25,133.95,137.06,107.6006,0,102.4495,0,154811,167331,-8.4440,-7.8711,-0.5729,4.69
2025-11-21,97.22,103.33,96.66,102.18,99.41,108.46,123.32,133.76,136.68,107.6006,0,95.6300,1,209962,169755,-7.8272,-7.8623,0.0351,5.71
2025-11-24,100.35,104.67,99.19,103.00,99.57,107.36,122.41,133.56,136.32,107.6006,0,95.6300,1,962626,186897,-7.1890,-7.7277,0.5386,5.56
2025-11-25,104.88,107.90,103.93,107.15,100.19,106.49,121.64,133.38,135.99,107.6006,0,95.9916,1,199261,188629,-6.2763,-7.4374,1.1611,5.90
2025-11-26,106.20,110.73,105.85,109.39,101.02,105.85,120.97,133.18,135.68,95.8643,1,96.7059,1,185803,188430,-5.3113,-7.0122,1.7009,6.24
2025-11-28,109.38,111.74,108.81,111.03,102.05,105.28,120.32,132.98,135.38,98.2127,1,97.8278,1,100738,187233,-4.3633,-6.4824,2.1191,6.35
2025-12-01,109.48,112.93,108.89,111.48,103.22,104.61,119.71,132.80,135.08,98.8394,1,99.2190,1,158828,184920,-3.5349,-5.8929,2.3580,6.73
2025-12-02,111.80,111.93,109.39,110.31,104.53,104.03,119.11,132.60,134.76,99.0342,1,100.8639,1,193714,186334,-2.9394,-5.3022,2.3628,6.01
2025-12-03,110.35,113.74,109.79,111.90,106.00,103.61,118.53,132.40,134.47,100.1189,1,102.3114,1,189839,186431,-2.3127,-4.7043,2.3916,5.90
2025-12-04,111.99,112.65,109.52,109.82,107.26,103.66,117.93,132.19,134.17,100.1189,1,103.9114,1,148814,187151,-1.9611,-4.1556,2.1946,5.82
2025-12-05,110.92,112.87,109.05,111.42,108.77,104.09,117.43,131.98,133.90,100.1189,1,105.2874,1,136242,187623,-1.5358,-3.6317,2.0959,6.01
2025-12-08,111.56,111.56,108.84,109.40,109.49,104.45,116.83,131.77,133.65,100.1189,1,106.4708,1,147652,187194,-1.3462,-3.1746,1.8284,5.44
2025-12-09,108.76,111.01,108.59,109.24,110.11,104.84,116.26,131.58,133.41,100.1189,1,107.4885,1,127743,186200,-1.1949,-2.7786,1.5838,6.09
2025-12-10,109.59,114.32,108.84,113.31,110.73,105.46,115.77,131.49,133.21,100.2911,1,108.3638,1,166973,187394,-0.7381,-2.3705,1.6325,6.09
2025-12-11,113.79,115.34,112.94,114.12,111.20,106.11,115.29,131.38,133.03,103.2583,1,108.5924,1,141635,187523,-0.3068,-1.9578,1.6510,6.69
2025-12-12,115.33,115.74,113.42,113.74,111.47,106.76,114.82,131.25,132.87,104.0903,1,108.8376,1,105061,187564,0.0040,-1.5654,1.5694,7.03
2025-12-15,114.20,114.41,109.12,112.77,111.60,107.41,114.37,131.08,132.69,104.0903,1,115.7404,0,167052,187258,0.1701,-1.2183,1.3884,7.63
2025-12-16,112.91,113.23,110.85,111.48,111.72,108.12,113.93,130.90,132.53,104.0903,1,115.7404,0,154939,187769,0.1958,-0.9355,1.1313,7.18
2025-12-17,110.56,113.07,110.24,111.93,111.72,108.86,113.57,130.72,132.39,104.0903,1,115.6081,0,172971,187856,0.2489,-0.6986,0.9475,7.89
2025-12-18,112.85,115.86,112.15,114.31,112.17,109.72,113.25,130.56,132.24,104.0903,1,109.1219,1,225699,188829,0.4777,-0.4633,0.9411,8.27
2025-12-19,113.35,114.12,112.23,112.31,112.26,110.51,112.96,130.37,132.10,104.0903,1,109.2566,1,302855,190761,0.4920,-0.2723,0.7643,7.21
2025-12-22,112.48,112.83,110.04,111.19,112.44,110.96,112.72,130.19,131.96,104.0903,1,109.3887,1,144086,189047,0.4084,-0.1361,0.5446,6.12
2025-12-23,111.19,111.41,109.45,111.34,112.65,111.38,112.50,130.02,131.84,104.0903,1,115.8581,0,101798,187166,0.3500,-0.0389,0.3889,6.35
2025-12-24,111.78,111.99,110.50,111.34,112.45,111.59,112.23,129.89,131.72,104.0903,1,115.7298,0,50552,184472,0.3003,0.0289,0.2713,6.16
2025-12-26,111.10,111.55,110.41,111.52,112.19,111.70,111.98,129.76,131.58,104.0903,1,115.6042,0,53105,183068,0.2727,0.0777,0.1950,6.23
2025-12-29,111.10,111.34,109.34,110.74,111.89,111.68,111.73,129.63,131.47,104.0903,1,115.4810,0,116904,183195,0.1855,0.0992,0.0862,6.08
2025-12-30,110.34,111.57,109.65,110.95,111.71,111.66,111.47,129.48,131.32,104.0903,1,115.2353,0,123616,181214,0.1314,0.1057,0.0257,6.35
2025-12-31,110.60,111.34,109.47,109.73,111.53,111.63,111.16,129.35,131.17,104.0903,1,114.9993,0,80956,179405,-0.0094,0.0827,-0.0921,6.46
2026-01-02,110.08,112.43,109.24,111.93,111.53,111.63,110.84,129.22,131.03,104.0903,1,114.7729,0,112792,177281,0.0555,0.0772,-0.0217,7.36
2026-01-05,111.32,116.31,110.78,112.22,111.33,111.75,110.59,129.10,130.87,104.7148,1,109.2396,1,132471,176760,0.1294,0.0877,0.0418,7.17
2026-01-06,111.08,115.05,110.91,114.74,111.57,111.92,110.37,129.01,130.73,104.7148,1,109.2396,1,106321,176787,0.3867,0.1475,0.2392,7.77
2026-01-07,115.31,115.31,110.23,110.34,111.48,111.96,110.07,128.87,130.58,104.7148,1,109.3810,1,145521,178115,0.2326,0.1645,0.0681,6.91
2026-01-08,108.94,117.16,108.61,115.59,111.91,112.28,109.88,128.75,130.43,104.7148,1,116.3100,0,119505,178623,0.5282,0.2372,0.2910,8.56
2026-01-09,117.17,121.07,116.48,120.86,112.86,112.66,109.80,128.68,130.31,106.8867,1,108.6087,1,183713,180370,1.1744,0.4247,0.7497,12.40
2026-01-12,119.77,122.67,119.43,121.44,113.85,113.02,109.79,128.62,130.20,109.3797,1,108.6087,1,178289,180948,1.7137,0.6825,1.0313,12.13
2026-01-13,120.91,122.48,119.25,120.47,114.83,113.36,109.75,128.53,130.09,109.3954,1,109.1711,1,122693,180248,2.0388,0.9538,1.0851,11.60
2026-01-14,120.78,123.24,118.87,121.79,115.91,113.81,109.69,128.44,130.00,109.4179,1,109.7110,1,147712,180048,2.3758,1.2382,1.1376,12.05
2026-01-15,122.68,124.49,122.27,123.15,117.25,114.39,109.72,128.37,129.93,112.0981,1,110.5228,1,149352,178538,2.7214,1.5348,1.1866,12.76
2026-01-16,122.59,123.59,121.64,122.98,118.36,114.95,109.77,128.29,129.84,112.0981,1,111.6398,1,180413,177578,2.9478,1.8174,1.1304,13.70
2026-01-20,120.48,120.71,118.39,119.36,119.07,115.20,109.98,128.22,129.72,112.0981,1,112.6675,1,160034,171817,2.8026,2.0145,0.7881,12.61
2026-01-21,120.37,125.26,119.75,123.10,119.91,115.74,110.38,128.16,129.67,112.0981,1,113.6129,1,150227,169416,2.9553,2.2026,0.7527,14.67
2026-01-22,123.87,125.31,121.88,123.75,121.25,116.37,110.81,128.12,129.64,112.0981,1,114.7771,1,146848,169011,3.0933,2.3808,0.7125,14.18
2026-01-23,122.57,124.28,121.89,122.82,121.97,116.94,111.24,128.10,129.63,112.0981,1,116.0416,1,130299,167686,3.0913,2.5229,0.5685,14.03
2026-01-26,123.66,123.72,120.93,121.11,122.00,117.43,111.65,128.05,129.62,112.0981,1,117.1544,1,123887,167336,2.9183,2.6020,0.3163,13.20
2026-01-27,120.47,121.13,119.35,119.68,121.82,117.84,112.02,127.97,129.53,112.0981,1,118.1336,1,142822,165859,2.6353,2.6086,0.0266,14.78
2026-01-28,119.52,121.29,118.48,119.05,121.68,118.25,112.38,127.88,129.47,112.0981,1,125.3147,0,228082,166996,2.3331,2.5535,-0.2204,14.37
2026-01-29,120.16,120.83,115.40,118.36,121.34,118.62,112.75,127.78,129.39,112.0981,1,125.1780,0,245011,168498,2.0154,2.4459,-0.4305,13.73
2026-01-30,118.48,119.56,115.53,118.32,120.85,119.05,113.18,127.69,129.30,112.0981,1,124.7870,0,214981,169149,1.7404,2.3048,-0.5644,13.86
2026-02-02,118.71,122.13,117.65,120.62,120.62,119.49,113.65,127.60,129.24,112.0981,1,124.4116,0,165614,169245,1.6886,2.1815,-0.4930,15.78
2026-02-03,120.41,127.50,119.53,123.38,121.02,120.05,114.17,127.53,129.19,112.0981,1,115.4017,1,378516,173787,1.8485,2.1149,-0.2664,19.34
2026-02-04,125.10,131.59,123.79,131.15,121.82,120.87,114.87,127.48,129.18,114.0730,1,115.6436,1,235601,175403,2.5726,2.2065,0.3661,30.44
2026-02-05,130.90,133.15,129.26,130.56,122.50,121.88,115.43,127.40,129.18,117.7830,1,116.2816,1,196348,175130,3.0634,2.3779,0.6855,34.75
2026-02-06,131.53,134.98,129.37,134.02,123.63,122.80,116.05,127.36,129.18,118.4108,1,117.2940,1,282027,161518,3.6894,2.6402,1.0492,37.79
2026-02-09,133.95,135.16,132.54,134.03,124.92,123.46,116.59,127.33,129.18,120.6760,1,118.7089,1,145130,160436,4.1386,2.9399,1.1988,39.50
2026-02-10,135.77,137.49,134.94,136.22,126.57,124.20,117.13,127.30,129.16,123.3214,1,120.3539,1,145310,159626,4.6183,3.2755,1.3427,44.19
2026-02-11,135.76,137.01,134.51,136.70,128.34,125.01,117.64,127.26,129.15,123.4043,1,122.4101,1,95987,159531,4.9792,3.6163,1.3630,45.61
2026-02-12,137.40,141.19,133.09,133.52,129.85,125.60,118.08,127.18,129.12,123.5854,1,124.2195,1,133810,159030,4.9517,3.8834,1.0683,43.74
2026-02-13,132.48,133.93,131.24,132.49,131.27,126.06,118.53,127.11,129.08,123.5854,1,126.5956,1,142617,158008,4.7918,4.0650,0.7267,41.60
2026-02-17,132.68,132.95,129.00,131.87,132.39,126.51,118.93,127.05,129.03,123.5854,1,128.6390,1,137513,156962,4.5622,4.1645,0.3978,42.39
2026-02-18,132.37,134.77,131.81,132.66,133.32,127.17,119.38,127.03,128.99,123.5854,1,128.9975,1,143201,156850,4.3934,4.2103,0.1832,43.03
2026-02-19,131.72,134.00,129.99,130.01,133.21,127.52,119.75,126.99,128.92,123.5854,1,128.9975,1,122555,156576,4.0000,4.1682,-0.1682,39.01
2026-02-20,131.21,134.04,129.40,131.03,133.26,127.88,120.19,126.94,128.88,123.5854,1,141.1913,0,189789,157419,3.7273,4.0800,-0.3527,40.31
2026-02-23,130.76,131.81,126.86,127.73,132.63,128.13,120.56,126.89,128.82,123.5854,1,140.9555,0,153808,157940,3.2081,3.9057,-0.6975,36.60
2026-02-24,128.09,131.10,124.45,125.03,131.73,128.32,120.79,126.83,128.82,123.5854,1,140.3919,0,279751,160196,2.5490,3.6343,-1.0853,32.70
2026-02-25,126.86,131.14,121.65,121.92,130.30,128.43,120.95,126.70,128.77,141.3042,0,139.4351,0,338879,164140,1.7554,3.2585,-1.5031,27.27
2026-02-26,121.94,123.40,116.39,120.73,128.70,128.52,121.09,126.56,128.71,135.5192,0,138.0125,0,224531,166530,1.0191,2.8107,-1.7915,23.97
2026-02-27,119.47,121.67,118.15,120.53,127.40,128.63,121.24,126.42,128.62,135.0290,0,135.8501,0,191394,167017,0.4141,2.3314,-1.9172,24.46
2026-03-02,117.84,119.02,114.18,115.23,125.68,128.47,121.32,126.24,128.50,132.1090,0,133.9040,0,222531,168368,-0.4867,1.7677,-2.2545,19.28
2026-03-03,111.17,114.69,109.21,113.11,123.80,128.10,121.34,126.06,128.38,127.7191,0,131.5368,0,235535,169620,-1.3564,1.1429,-2.4993,19.17
2026-03-04,113.66,117.17,112.66,115.37,122.07,127.70,121.36,125.89,128.26,127.7191,0,128.4112,0,235733,169820,-1.8419,0.5460,-2.3878,20.37
2026-03-05,114.14,114.84,109.24,110.11,120.08,126.64,121.32,125.71,128.11,127.7191,0,125.7232,0,184677,167457,-2.6211,-0.0874,-2.5336,17.41
2026-03-06,107.94,108.54,104.13,108.36,117.81,125.53,121.26,125.53,127.96,122.3748,0,123.4115,0,312480,170825,-3.3411,-0.7382,-2.6029,16.74
2026-03-09,105.83,107.08,102.17,106.66,115.71,124.17,121.17,125.35,127.81,120.9190,0,120.3258,0,183623,172461,-4.0028,-1.3911,-2.6117,16.74
2026-03-10,105.24,107.86,104.44,105.68,113.77,122.75,121.06,125.16,127.68,120.9190,0,117.0571,0,182767,175106,-4.5542,-2.0237,-2.5304,17.30
2026-03-11,105.78,107.24,104.69,106.74,112.25,121.27,120.96,124.96,127.56,120.8528,0,114.3767,0,148942,177022,-4.8493,-2.5888,-2.2605,17.86
2026-03-12,105.46,106.72,102.06,102.48,110.43,119.56,120.79,124.68,127.42,119.1929,0,112.1788,0,150845,177701,-5.3649,-3.1441,-2.2209,16.70
2026-03-13,103.58,105.99,103.03,105.88,108.96,118.18,120.69,124.43,127.29,118.8900,0,110.1543,0,181557,178860,-5.4372,-3.6027,-1.8345,19.01
2026-03-16,106.52,108.26,106.14,107.31,108.17,116.92,120.64,124.21,127.17,118.8900,0,108.5348,0,173935,180719,-5.3176,-3.9457,-1.3719,19.53
2026-03-17,108.54,109.50,106.66,108.35,107.69,115.75,120.57,124.01,127.06,118.8900,0,102.0567,1,168186,181827,-5.0800,-4.1725,-0.9075,20.46
2026-03-18,106.73,108.91,105.55,107.27,106.88,114.48,120.47,123.75,126.95,118.8900,0,102.2054,1,190125,182980,-4.9224,-4.3225,-0.5999,20.72
2026-03-19,105.66,106.64,100.65,102.77,106.15,113.11,120.23,123.43,126.82,117.1830,0,109.4956,0,192171,184697,-5.1015,-4.4783,-0.6232,17.12
2026-03-20,102.19,102.62,98.30,99.41,105.26,111.53,120.02,123.11,126.65,113.9846,0,109.3188,0,270192,187191,-5.4517,-4.6730,-0.7788,16.00
2026-03-23,101.52,106.96,99.54,105.91,105.18,110.44,119.82,122.83,126.52,113.9846,0,108.8779,0,217698,189155,-5.1460,-4.7676,-0.3784,19.03
2026-03-24,104.31,108.57,103.79,106.32,105.24,109.51,119.53,122.57,126.40,113.9846,0,98.2974,1,125748,187995,-4.8145,-4.7770,-0.0375,20.27
2026-03-25,108.32,110.56,104.46,107.38,105.31,108.78,119.25,122.29,126.28,113.9846,0,98.5029,1,160616,187642,-4.4158,-4.7047,0.2889,21.09
2026-03-26,106.09,108.79,105.54,106.93,105.75,108.09,118.98,122.04,126.15,113.9846,0,98.9851,1,125368,187695,-4.0888,-4.5816,0.4927,21.20
2026-03-27,105.57,106.25,103.70,103.99,105.56,107.26,118.62,121.77,125.99,113.9846,0,99.4481,1,95599,186653,-4.0209,-4.4694,0.4485,20.94
2026-03-30,104.98,106.19,102.99,103.75,105.21,106.69,118.24,121.45,125.84,113.9846,0,99.8926,1,114157,185949,-3.9409,-4.3637,0.4228,20.49
2026-03-31,105.59,109.36,103.93,107.63,105.13,106.41,117.93,121.17,125.70,113.9846,0,100.3193,1,105763,184456,-3.5239,-4.1958,0.6719,21.39
2026-04-01,107.65,108.48,106.39,106.67,105.08,105.98,117.67,120.88,125.58,113.9846,0,100.7289,1,124733,183750,-3.2332,-4.0032,0.7701,20.64
2026-04-02,104.28,108.45,102.74,105.26,105.32,105.74,117.32,120.59,125.45,113.9846,0,101.1221,1,92144,182589,-3.0812,-3.8188,0.7376,19.63
2026-04-06,105.14,105.86,103.36,105.70,105.95,105.60,116.96,120.31,125.33,113.9846,0,101.4996,1,55691,180766,-2.8921,-3.6335,0.7414,19.77
2026-04-07,104.64,105.30,103.03,104.54,105.82,105.50,116.59,120.03,125.22,113.9846,0,101.8620,1,89100,179942,-2.8031,-3.4674,0.6643,20.63
2026-04-08,109.39,113.37,109.39,112.29,106.41,105.83,116.41,119.80,125.14,113.9846,0,102.2099,1,157261,180609,-2.0833,-3.1906,1.1073,24.19
2026-04-09,111.31,114.92,110.91,114.32,107.11,106.21,116.31,119.60,125.06,99.3234,1,102.8798,1,112226,179997,-1.3338,-2.8192,1.4854,24.60
2026-04-10,114.90,115.82,113.09,113.65,107.78,106.77,116.20,119.37,124.96,101.4032,1,103.8427,1,95092,177337,-0.7846,-2.4123,1.6277,23.89
2026-04-13,113.29,117.93,111.98,117.68,109.15,107.36,116.19,119.14,124.88,101.4263,1,105.0405,1,125927,174956,-0.0240,-1.9347,1.9106,25.68
2026-04-14,117.85,119.95,116.85,118.75,110.65,107.93,116.19,118.93,124.81,105.2973,1,106.5871,1,160499,173866,0.6578,-1.4162,2.0740,25.16
2026-04-15,118.51,118.72,115.58,115.94,111.48,108.31,116.10,118.73,124.72,105.2973,1,108.4576,1,93392,172422,0.9600,-0.9409,1.9009,21.46
2026-04-16,116.57,118.76,115.64,117.21,112.53,108.80,115.98,118.52,124.64,105.2973,1,110.0663,1,160879,168069,1.2874,-0.4953,1.7826,21.83
2026-04-17,119.82,125.76,119.74,122.17,114.23,109.77,115.80,118.30,124.56,109.0176,1,111.4497,1,273454,168826,1.9243,-0.0114,1.9356,25.23
2026-04-20,120.34,123.77,119.65,123.27,115.98,110.97,115.65,118.14,124.47,109.0176,1,113.7387,1,144885,167797,2.4894,0.4888,2.0006,25.83
2026-04-21,124.48,125.15,119.78,121.26,117.65,111.74,115.40,117.95,124.37,109.0176,1,115.6614,1,169410,165544,2.7435,0.9397,1.8038,26.06
2026-04-22,123.04,124.17,121.45,122.21,118.65,112.53,115.16,117.80,124.29,109.4784,1,117.2765,1,108392,164810,2.9867,1.3491,1.6376,27.18
2026-04-23,121.08,126.18,121.08,124.97,119.71,113.41,114.94,117.68,124.21,110.1017,1,118.6332,1,128802,164479,3.3638,1.7521,1.6117,33.19
2026-04-24,127.79,129.28,124.92,124.92,120.84,114.31,114.70,117.55,124.12,113.6139,1,119.9923,1,131476,165189,3.6169,2.1250,1.4919,33.08
2026-04-27,125.46,127.33,124.33,124.83,121.55,115.35,114.53,117.44,124.02,113.6139,1,121.0817,1,84701,164207,3.7669,2.4534,1.3135,31.54
2026-04-28,123.90,125.69,122.16,123.29,122.01,116.33,114.34,117.33,123.92,113.6139,1,129.2764,0,74072,162836,3.7185,2.7064,1.0120,30.09
2026-04-29,123.03,124.45,119.99,120.51,122.46,116.97,114.11,117.19,123.82,113.6139,1,129.1340,0,125179,162589,3.4168,2.8485,0.5683,29.70
2026-04-30,121.48,123.55,120.67,122.66,123.01,117.77,113.91,117.08,123.75,113.6139,1,128.7682,0,90112,161528,3.3129,2.9414,0.3715,29.51
2026-05-01,123.59,123.87,120.93,122.06,123.00,118.61,113.76,116.98,123.68,113.6139,1,128.4169,0,125283,161582,3.1454,2.9822,0.1632,30.26
2026-05-04,120.67,121.38,116.12,116.25,122.30,119.14,113.46,116.82,123.57,113.6139,1,128.0798,0,163997,161066,2.5149,2.8887,-0.3738,23.08
2026-05-05,117.31,122.36,115.67,122.23,122.39,120.02,113.35,116.72,123.50,113.6139,1,127.3621,0,276304,163516,2.4691,2.8048,-0.3357,28.91
2026-05-06,125.46,129.82,121.72,122.35,122.41,120.53,113.30,116.62,123.44,113.6139,1,115.6715,1,288235,163686,2.4154,2.7269,-0.3115,28.31
2026-05-07,126.02,128.43,120.83,121.14,122.02,120.87,113.28,116.51,123.35,113.6139,1,115.6715,1,175175,160412,2.2490,2.6314,-0.3823,28.12
2026-05-08,122.02,123.49,119.81,121.00,121.63,121.24,113.29,116.40,123.24,113.6139,1,115.9546,1,120806,158337,2.0820,2.5215,-0.4395,26.76
2026-05-11,120.92,121.30,118.48,119.19,121.07,121.31,113.26,116.29,123.13,113.6139,1,116.2319,1,146373,157437,1.7829,2.3738,-0.5908,26.49
2026-05-12,119.19,119.79,117.18,119.17,120.66,121.33,113.34,116.20,123.02,113.6139,1,116.5038,1,163652,156259,1.5267,2.2044,-0.6776,27.20
2026-05-13,117.75,119.20,116.98,117.91,120.40,121.43,113.43,116.12,122.91,113.6139,1,116.7701,1,120730,153963,1.2079,2.0051,-0.7972,28.36
2026-05-14,119.17,120.94,117.61,120.41,120.17,121.59,113.53,116.05,122.80,113.6139,1,116.9843,1,100791,151264,1.1434,1.8327,-0.6893,30.45
2026-05-15,119.03,119.49,113.42,113.45,119.31,121.15,113.60,115.96,122.69,127.5032,0,129.8234,0,132572,150222,0.5253,1.5712,-1.0459,25.45
2026-05-18,112.87,116.11,111.34,111.58,118.84,120.57,113.67,115.88,122.56,127.2694,0,129.4954,0,133563,146644,-0.1141,1.2342,-1.3483,23.73
2026-05-19,110.34,110.81,105.86,107.36,117.36,119.87,113.68,115.78,122.44,122.2429,0,128.7690,0,207922,147130,-0.9509,0.7972,-1.7481,19.40
2026-05-20,108.24,112.97,106.11,112.81,116.40,119.40,113.82,115.70,122.33,122.2429,0,127.3942,0,152563,146526,-1.1609,0.4056,-1.5665,22.42
2026-05-21,111.44,115.84,109.02,115.42,115.83,118.93,114.00,115.64,122.22,122.2429,0,126.1019,0,134606,146239,-1.1036,0.1037,-1.2073,25.21
2026-05-22,116.48,117.62,115.36,116.78,115.41,118.52,114.28,115.60,122.08,122.2429,0,124.8871,0,133565,145894,-0.9382,-0.1047,-0.8336,27.47
2026-05-26,118.32,120.39,117.63,119.39,115.43,118.25,114.55,115.57,121.96,122.2429,0,123.7452,0,98297,144228,-0.5893,-0.2016,-0.3877,29.81
2026-05-27,121.18,124.19,120.65,121.58,115.67,118.16,114.84,115.55,121.87,122.2429,0,105.8557,1,133680,143423,-0.1347,-0.1882,0.0535,30.18
2026-05-28,120.05,123.96,118.60,123.56,116.23,118.31,115.14,115.52,121.79,108.4049,1,106.2225,1,99206,142044,0.3809,-0.0744,0.4553,34.76
2026-05-29,123.85,126.97,122.39,125.13,116.71,118.44,115.50,115.52,121.69,110.5064,1,106.5819,1,135999,140961,0.9059,0.1217,0.7842,38.68
2026-06-01,123.42,123.42,120.43,121.95,117.56,118.43,115.88,115.49,121.54,110.5064,1,107.3974,1,122510,139568,1.0530,0.3079,0.7450,34.08
2026-06-02,121.70,122.04,117.33,119.75,118.37,118.61,116.29,115.46,121.40,110.5064,1,108.1803,1,164275,137450,0.9809,0.4425,0.5384,32.93
2026-06-03,119.53,120.21,117.76,119.50,119.59,118.47,116.56,115.42,121.27,110.5064,1,108.9318,1,134615,135788,0.8934,0.5327,0.3607,36.36
2026-06-04,121.00,121.89,118.67,119.70,120.28,118.34,116.83,115.39,121.13,110.5064,1,109.6533,1,108456,135442,0.8305,0.5923,0.2383,36.51
2026-06-05,118.65,120.35,117.73,118.55,120.59,118.21,117.05,115.36,120.98,110.5064,1,110.3460,1,106624,134362,0.6798,0.6098,0.0700,35.73
2026-06-08,118.33,120.23,117.81,118.49,120.76,118.08,117.28,115.34,120.85,110.5064,1,111.0109,1,102365,133902,0.5492,0.5977,-0.0485,35.50
2026-06-09,119.70,122.54,118.76,122.23,121.04,118.23,117.65,115.32,120.74,110.5064,1,111.6492,1,118144,134353,0.7389,0.6259,0.1130,39.87
2026-06-10,121.79,121.79,114.05,114.45,120.33,118.00,117.86,115.27,120.55,110.5064,1,112.2620,1,123642,134543,0.2587,0.5525,-0.2937,29.45
2026-06-11,115.45,121.11,114.35,120.74,120.05,118.14,118.12,115.27,120.41,110.5064,1,112.8503,1,131268,135053,0.3818,0.5183,-0.1366,35.49
2026-06-12,122.09,122.78,120.40,120.77,119.61,118.16,118.41,115.35,120.26,110.5064,1,113.4150,1,86150,134281,0.4762,0.5099,-0.0337,33.53
2026-06-15,124.85,127.74,122.46,122.72,119.69,118.62,118.76,115.49,120.13,111.0296,1,113.9572,1,106321,134565,0.7002,0.5480,0.1523,34.71
2026-06-16,124.51,128.24,122.76,127.67,120.48,119.43,119.20,115.66,120.03,111.1790,1,114.7845,1,204481,137541,1.2621,0.6908,0.5713,44.82
2026-06-17,127.00,130.05,122.82,123.10,120.84,120.21,119.57,115.80,119.91,111.3771,1,115.8611,1,141939,138597,1.3237,0.8174,0.5064,42.11
2026-06-18,125.21,131.34,124.12,127.44,121.61,120.94,119.87,115.98,119.82,111.7056,1,117.2802,1,226282,139978,1.7028,0.9945,0.7084,43.93
2026-06-22,128.97,129.00,123.36,123.94,122.15,121.37,120.06,116.13,119.72,111.7056,1,118.9668,1,108706,139907,1.7012,1.1358,0.5654,39.32
2026-06-23,123.17,125.12,122.62,123.44,122.65,121.70,120.26,116.28,119.59,111.7056,1,120.4510,1,80740,139620,1.6409,1.2368,0.4041,37.80
2026-06-24,125.16,134.24,125.16,133.43,123.77,122.41,120.57,116.50,119.50,112.7330,1,121.7571,1,211023,141322,2.3722,1.4639,0.9083,49.83
2026-06-25,134.76,138.46,133.17,135.51,125.88,123.10,120.91,116.76,119.42,118.9616,1,122.6231,1,206257,142237,3.0840,1.7879,1.2961,52.66
2026-06-26,134.32,135.51,132.43,134.65,127.27,123.66,121.28,117.01,119.37,118.9616,1,125.1564,1,140995,143189,3.5375,2.1378,1.3996,50.04
2026-06-29,133.70,156.64,131.20,155.19,130.71,125.16,122.04,117.40,119.40,121.7998,1,127.2843,1,842561,156823,5.4915,2.8086,2.6829,72.69
2026-06-30,155.92,159.03,151.55,158.09,134.24,126.97,122.76,117.81,119.42,133.1450,1,131.1958,1,441702,160188,7.1907,3.6850,3.5057,75.44
2026-07-01,156.54,157.29,149.74,149.75,136.45,128.47,123.29,118.13,119.42,133.1450,1,131.1958,1,302997,163350,7.7752,4.5030,3.2722,70.88
2026-07-02,149.62,151.56,146.70,150.23,139.17,130.00,123.87,118.44,119.43,133.1450,1,136.7631,1,189384,163750,8.1827,5.2390,2.9437,71.47
2026-07-06,150.26,150.42,143.69,145.98,141.02,131.32,124.34,118.70,119.43,133.1450,1,141.2169,1,177513,165132,8.0699,5.8052,2.2647,67.61
2026-07-07,146.12,147.16,140.97,141.44,142.77,132.46,124.67,118.91,119.43,133.1450,1,159.0322,0,177163,166099,7.5270,6.1495,1.3775,58.00
2026-07-08,139.09,139.70,135.36,136.68,144.10,133.37,124.91,119.08,119.39,133.1450,1,158.6710,0,147778,166426,6.6359,6.2468,0.3891,51.95
2026-07-09,138.25,141.07,136.70,139.49,144.70,134.24,125.20,119.27,119.38,133.1450,1,157.7386,0,102390,166779,6.0866,6.2148,-0.1282,54.49
2026-07-10,141.53,144.13,140.39,142.56,145.41,135.64,125.59,119.49,119.39,133.1450,1,156.8436,0,116400,167626,5.8320,6.1382,-0.3062,56.12
2026-07-13,142.45,143.44,139.36,140.34,145.98,136.62,125.98,119.67,119.39,133.1450,1,155.9844,0,88518,166893,5.3884,5.9882,-0.5999,52.37
2026-07-14,144.43,144.54,140.29,142.08,144.66,137.69,126.37,119.89,119.40,133.1450,1,155.1595,0,81616,166723,5.1182,5.8142,-0.6960,55.97
2026-07-15,141.05,143.87,141.02,142.77,143.13,138.69,126.79,120.10,119.43,133.1450,1,154.3676,0,103636,166290,4.9038,5.6322,-0.7283,57.34
2026-07-16,142.46,145.76,141.20,143.79,142.54,139.49,127.34,120.33,119.45,133.1450,1,153.6075,0,113351,165277,4.7608,5.4579,-0.6971,55.28
2026-07-17,141.31,145.21,141.31,143.12,141.82,140.50,127.76,120.55,119.48,133.1450,1,152.8777,0,327841,166308,4.5414,5.2746,-0.7332,54.93
2026-07-20,143.47,143.47,139.85,140.52,141.28,141.15,128.12,120.74,119.49,133.1450,1,152.1771,0,133733,163218,4.1103,5.0417,-0.9314,53.78
2026-07-21,141.36,141.81,138.35,140.09,141.14,141.96,128.50,120.91,119.51,133.1450,1,151.5045,0,112576,161966,3.6915,4.7717,-1.0802,51.89
2026-07-22,141.13,143.27,139.75,139.86,141.46,142.78,128.87,121.08,119.52,133.1450,1,150.8588,0,97273,161495,3.3029,4.4779,-1.1751,50.30
2026-07-23,138.46,139.17,135.96,138.95,141.41,143.05,129.27,121.26,119.54,133.1450,1,150.2390,0,142132,161410,2.8882,4.1600,-1.2718,48.67
2026-07-24,139.78,143.60,137.97,142.34,141.38,143.40,129.73,121.46,119.58,133.1450,1,149.6439,0,77362,159684,2.8008,3.8881,-1.0873,51.89
2026-07-27,144.10,147.00,142.26,143.45,141.70,143.84,130.24,121.67,119.65,133.1450,1,149.0727,0,72284,158715,2.7890,3.6683,-0.8793,54.63
2026-07-28,144.12,146.14,142.02,143.13,141.80,143.23,130.70,121.87,119.71,133.1450,1,148.5243,0,105630,158812,2.7224,3.4791,-0.7567,53.79
2026-07-29,140.56,140.56,134.39,136.37,141.16,142.15,131.16,122.03,119.76,133.1450,1,147.9978,0,167149,159504,2.0999,3.2033,-1.1034,48.69
2026-07-30,140.18,140.68,135.60,138.82,140.67,141.60,131.70,122.21,119.84,133.1450,1,147.1814,0,94356,158720,1.7838,2.9194,-1.1356,52.29
2026-07-31,139.50,139.52,136.57,138.90,140.24,141.03,132.33,122.39,119.92,133.1450,1,146.4139,0,76103,156083,1.5221,2.6399,-1.1178,57.16
2026-08-03,141.56,145.00,141.56,143.21,140.51,140.89,132.94,122.61,120.01,133.1450,1,145.6925,0,125309,155538,1.6436,2.4407,-0.7971,58.04
2026-08-04,144.71,146.09,142.09,145.53,141.06,141.10,133.54,122.83,120.12,133.1450,1,134.3900,1,191809,156682,1.9051,2.3335,-0.4284,59.67
2026-08-05,148.93,158.50,147.00,152.47,142.32,141.89,134.26,123.11,120.26,135.4294,1,134.6240,1,236816,158747,2.6419,2.3952,0.2467,67.92
2026-08-06,149.93,154.01,148.81,150.60,143.48,142.44,134.88,123.38,120.40,135.4294,1,135.5790,1,170298,160187,3.0399,2.5241,0.5157,67.10
2026-08-07,151.00,157.80,151.00,157.10,144.96,143.17,135.59,123.69,120.56,136.8063,1,136.4959,1,179502,161104,3.8356,2.7864,1.0491,73.61
2026-08-10,155.94,156.52,153.53,153.80,145.99,143.84,136.20,123.97,120.69,138.1197,1,137.3760,1,113950,161399,4.1520,3.0595,1.0925,71.17
2026-08-11,155.31,159.00,155.31,158.92,147.57,144.69,136.87,124.28,120.86,140.3802,1,138.2210,1,114407,160967,4.7610,3.3998,1.3612,76.57
2026-08-12,159.72,159.88,153.19,155.91,149.53,145.34,137.55,124.56,121.01,140.3802,1,139.4677,1,122904,160975,4.9438,3.7086,1.2352,71.95
2026-08-13,154.52,158.07,154.08,155.85,151.23,145.95,138.27,124.86,121.16,140.3802,1,141.1007,1,92575,159541,5.0259,3.9721,1.0538,75.06
2026-08-14,154.96,156.56,153.40,154.67,152.81,146.52,138.98,125.12,121.31,140.3802,1,142.6031,1,86863,158586,4.9388,4.1654,0.7734,73.72
2026-08-17,153.32,154.17,151.42,153.81,153.87,147.19,139.66,125.34,121.46,140.3802,1,143.9852,1,100100,158418,4.7457,4.2815,0.4642,75.06
2026-08-18,152.00,152.90,148.90,150.61,154.37,147.72,140.30,125.53,121.60,140.3802,1,145.2568,1,88664,158059,4.2851,4.2822,0.0028,71.54
2026-08-19,153.62,154.99,150.74,151.23,154.25,148.28,140.95,125.74,121.74,140.3802,1,146.4267,1,111880,158249,3.9248,4.2107,-0.2860,71.73
2026-08-20,148.90,149.16,145.65,147.16,153.91,148.69,141.45,125.91,121.85,140.3802,1,159.8800,0,126381,158414,3.2731,4.0232,-0.7501,67.36
2026-08-21,148.41,149.94,145.66,148.06,153.00,148.98,142.13,126.07,121.98,140.3802,1,159.5954,0,128338,158508,2.7970,3.7780,-0.9809,64.44
2026-08-24,148.81,149.97,146.37,146.97,152.32,149.16,142.65,126.23,122.12,140.3802,1,159.3165,0,81172,157506,2.3052,3.4834,-1.1782,64.52
2026-08-25,149.30,150.00,145.78,146.61,151.09,149.33,143.17,126.42,122.31,140.3802,1,159.0432,0,92042,157624,1.8649,3.1597,-1.2948,64.03
2026-08-26,147.71,148.44,145.35,145.71,150.07,149.80,143.63,126.57,122.52,140.3802,1,158.7753,0,114776,157793,1.4269,2.8131,-1.3863,61.22
2026-08-27,145.23,146.02,142.05,143.68,148.85,150.04,143.95,126.70,122.73,140.3802,1,158.2383,0,128450,156273,0.9055,2.4316,-1.5261,61.02
2026-08-28,144.07,146.49,141.21,143.13,147.70,150.25,144.35,126.83,122.94,140.3802,1,157.2670,0,95840,155351,0.4428,2.0338,-1.5910,65.16
2026-08-31,141.70,142.74,138.02,138.15,146.13,150.00,144.56,126.95,123.12,154.3900,0,155.9824,0,171555,154256,-0.3220,1.5627,-1.8847,58.85
2026-09-01,136.35,137.67,133.50,133.68,144.44,149.41,144.76,127.04,123.29,149.5890,0,154.1862,0,172033,155523,-1.2741,0.9953,-2.2694,54.87
2026-09-02,134.02,135.87,133.36,134.25,142.74,148.50,144.97,127.14,123.45,147.9716,0,151.7038,0,125577,156419,-1.9601,0.4042,-2.3643,53.89
2026-09-03,136.21,137.30,132.59,134.71,141.49,147.70,145.00,127.25,123.63,147.9716,0,149.1357,0,153906,155277,-2.4385,-0.1643,-2.2742,54.94
2026-09-04,134.25,139.71,133.73,138.72,140.56,146.78,145.06,127.39,123.84,147.9716,0,146.4884,0,197163,155095,-2.4657,-0.6246,-1.8411,57.76
2026-09-08,138.45,138.57,130.02,130.20,138.88,145.60,144.97,127.45,124.00,147.9716,0,144.2647,0,177749,155830,-3.1385,-1.1274,-2.0111,52.41
2026-09-09,129.65,130.48,128.33,128.67,137.09,144.09,144.44,127.49,124.16,143.6455,0,141.7006,0,108147,141142,-3.7519,-1.6523,-2.0996,47.81
2026-09-10,126.36,127.77,124.98,127.49,135.27,142.67,143.83,127.46,124.31,140.2984,0,139.0265,0,139729,135102,-4.2839,-2.1786,-2.1053,47.73
2026-09-11,128.42,132.38,128.02,131.90,134.09,141.47,143.47,127.47,124.46,140.2984,0,136.2172,0,208785,133218,-4.3001,-2.6029,-1.6972,56.02
2026-09-14,128.50,130.73,128.50,128.95,132.67,140.18,143.05,127.44,124.59,140.2984,0,133.9698,0,126719,131965,-4.4991,-2.9822,-1.5169,49.78
2026-09-15,129.44,130.73,127.17,128.67,131.72,138.93,142.70,127.40,124.70,140.2984,0,132.3800,0,167310,131761,-4.6261,-3.3109,-1.3151,50.39
2026-09-16,129.80,132.76,125.10,126.59,131.01,137.73,142.41,127.34,124.79,140.2984,0,124.9800,1,138996,130997,-4.8388,-3.6165,-1.2223,46.38
2026-09-17,129.90,130.34,123.95,124.50,130.04,136.39,142.16,127.26,124.85,140.2984,0,132.7600,0,123790,130518,-5.1170,-3.9166,-1.2004,44.11
2026-09-18,123.80,124.59,122.34,123.90,128.96,135.23,141.85,127.19,124.92,137.4402,0,132.7600,0,216478,132799,-5.3245,-4.1982,-1.1263,44.78
2026-09-21,124.92,124.92,120.69,121.59,127.25,133.90,141.43,127.12,124.97,136.6517,0,132.3432,0,236565,135203,-5.6107,-4.4807,-1.1300,35.70
2026-09-22,124.47,127.80,123.79,126.66,126.89,132.89,141.16,127.09,125.05,136.6517,0,131.6440,0,139377,136220,-5.3665,-4.6579,-0.7087,43.02
2026-09-23,126.66,126.66,122.88,122.88,126.31,131.70,140.77,127.02,125.11,136.6517,0,130.9868,0,97124,136530,-5.4156,-4.8094,-0.6062,41.43
2026-09-24,121.93,122.97,120.04,120.72,125.64,130.45,140.33,126.96,125.16,135.0079,0,130.3690,0,86641,136190,-5.5647,-4.9605,-0.6042,30.88
2026-09-25,120.80,125.90,120.00,123.91,124.84,129.46,139.93,126.91,125.23,135.0079,0,129.5426,0,78348,135490,-5.3636,-5.0411,-0.3225,34.87
2026-09-28,120.98,123.18,119.94,122.03,124.14,128.41,139.51,126.87,125.29,135.0079,0,128.5884,0,102957,130992,-5.2948,-5.0918,-0.2030,38.51
2026-09-29,122.22,123.47,117.99,118.36,123.11,127.42,139.07,126.83,125.32,134.7232,0,127.5506,0,119993,130718,-5.4734,-5.1682,-0.3053,33.61
2026-09-30,118.62,119.72,116.56,116.74,122.13,126.57,138.60,126.79,125.33,131.6819,0,126.2121,0,127433,131015,-5.6802,-5.2706,-0.4096,30.18
2026-10-01,117.74,118.35,113.52,117.09,121.39,125.71,138.15,126.77,125.35,129.5717,0,124.6678,0,188246,132834,-5.7495,-5.3664,-0.3832,31.51
2026-10-02,119.25,119.73,116.00,118.36,120.83,124.90,137.74,126.75,125.38,129.5717,0,122.6612,0,148388,132959,-5.6371,-5.4205,-0.2166,33.50
2026-10-05,120.26,120.63,116.28,117.48,120.42,123.83,137.24,126.77,125.41,129.5717,0,121.0158,0,138180,134176,-5.5549,-5.4474,-0.1075,30.03
2026-10-06,117.08,120.09,116.38,119.78,119.73,123.31,136.76,126.81,125.45,129.5717,0,120.6300,0,141233,135555,-5.2437,-5.4066,0.1629,30.97
2026-10-07,114.50,115.61,112.97,114.68,118.92,122.61,136.20,126.81,125.45,128.1545,0,120.6300,0,217789,137798,-5.3470,-5.3947,0.0477,27.00
2026-10-08,113.39,117.77,113.00,117.20,118.56,122.10,135.81,126.86,125.47,128.1545,0,120.0900,0,134065,137136,-5.1660,-5.3490,0.1830,29.94
2026-10-09,117.16,117.78,112.81,114.16,117.59,121.21,135.32,126.90,125.49,128.1545,0,118.6660,0,114491,137539,-5.2078,-5.3207,0.1130,24.80
