rsRating,symbol,longName,sector,industry,country,marketCap,currentPrice,averageVolume10days,averageVolume3months,averageDollarVolume,revenueGrowth,earningsGrowth,earningsQuarterlyGrowth,grossMargins,operatingMargins,profitMargins,returnOnEquity,returnOnAssets,totalCash,totalDebt,debtToEquity,currentRatio,quickRatio,operatingCashflow,freeCashflow,sharesOutstanding,floatShares,heldPercentInsiders,heldPercentInstitutions,sharesShort,shortRatio,shortPercentOfFloat,trailingPE,forwardPE,priceToSalesTrailing12Months,priceToBook,enterpriseToRevenue,enterpriseToEbitda,targetMeanPrice,targetHighPrice,targetLowPrice,recommendationMean,recommendationKey,numberOfAnalystOpinions,epsRevisionUpLast7Days,epsRevisionUpLast30Days,epsRevisionDownLast7Days,epsRevisionDownLast30Days,nextEarningsDate,beta,website,retrievedAt
67.08,ONC,BeOne Medicines AG,Healthcare,Biotechnology,Switzerland,40327520256,354.47,350640,394317,139773546.99,0.296,1.667,1.513,0.88894,0.19063999,0.106979996,0.14661999,0.07457,5098040832,2049524992,39.612,3.405,2.911,1484056064,879021888,104918094,80959148,0.17277001,0.33286998,1707474,4.67,0.0211,63.411446,34.576435,6.579828,7.74307,5.998,34.305,435.53445,528.0,370.0,1.33333,strong_buy,27,7,7,3,3,2026-11-05,0.609,https://beonemedicines.com,2026-10-10T21:38:05.807431+01:00
Date,Open,High,Low,Close,Ma10:Top:Line,Ma20:Top:Line,Ma50:Top:Line,Ma150:Top:Line,Ma200:Top:Line,Supertrend:Top:ColorLine,Supertrend_Dir,ParabolicSAR:Top:ColorLine,ParabolicSAR_Dir,Volume:Middle:Histogram,Vo50:Middle:Line,Macd:Bottom:Line,MacdSignal:Bottom:Line,MacdDelta:Bottom:Histogram
2023-08-03,197.50,209.63,195.68,205.82,,,,,,,0,195.6800,1,61499,,,,
2023-08-04,206.25,208.03,199.87,202.27,,,,,,,0,195.6800,1,40232,,,,
2023-08-07,191.22,193.85,183.87,187.52,,,,,,,0,209.6350,0,55431,,,,
2023-08-08,188.01,194.18,188.01,191.59,,,,,,,0,209.1197,0,37303,,,,
2023-08-09,197.43,204.34,194.60,200.58,,,,,,,0,208.6147,0,26276,,,,
2023-08-10,200.20,202.72,195.42,197.92,,,,,,,0,208.1198,0,25314,,,,
2023-08-11,193.21,198.92,193.21,197.68,,,,,,,0,207.6348,0,15538,,,,
2023-08-14,200.00,206.48,199.20,204.13,,,,,,,0,207.1595,0,25496,,,,
2023-08-15,204.21,205.64,199.97,202.72,,,,,,,0,206.6937,0,21022,,,,
2023-08-16,198.92,199.31,190.22,192.33,198.26,,,,,224.7380,0,206.4800,0,42986,,,,
2023-08-17,193.73,196.35,190.67,192.28,196.90,,,,,222.1897,0,206.0278,0,46166,,,,
2023-08-18,188.57,193.73,188.57,193.05,195.98,,,,,218.5097,0,205.5846,0,22374,,,,
2023-08-21,190.96,196.70,190.96,196.12,196.84,,,,,218.5097,0,205.1503,0,24868,,,,
2023-08-22,195.60,197.53,191.43,194.28,197.11,,,,,218.5097,0,204.7247,0,115869,,,,
2023-08-23,196.69,204.66,195.34,202.80,197.33,,,,,218.5097,0,183.8700,1,51592,,,,
2023-08-24,203.00,203.85,193.83,198.88,197.43,,,,,218.5097,0,184.2858,1,52206,,,,
2023-08-25,193.08,200.00,193.08,198.41,197.50,,,,,218.5097,0,184.6933,1,29206,,,,
2023-08-28,200.12,205.48,200.12,202.09,197.30,,,,,218.5097,0,185.0926,1,31506,,,,
2023-08-29,211.07,219.64,210.16,213.59,198.38,,,,,218.5097,0,185.9081,1,88554,,,,
2023-08-30,201.40,214.49,201.40,211.21,200.27,199.26,,,,218.5097,0,187.9320,1,53605,,,,
2023-08-31,206.67,211.67,206.61,207.55,201.80,199.35,,,,218.5097,0,189.8345,1,51825,,,,
2023-09-01,208.29,213.38,207.58,208.92,203.39,199.68,,,,218.5097,0,191.6228,1,27055,,,,
2023-09-05,207.43,209.00,204.15,204.84,204.26,200.55,,,,218.5097,0,193.3039,1,34536,,,,
2023-09-06,203.21,203.46,198.24,201.85,205.01,201.06,,,,218.5097,0,194.8840,1,20629,,,,
2023-09-07,197.02,199.00,194.25,194.26,204.16,200.75,,,,218.5097,0,219.6400,0,21621,,,,
2023-09-08,192.52,194.25,191.28,192.63,203.54,200.48,,,,215.9806,0,219.1322,0,18242,,,,
2023-09-11,210.00,213.83,206.10,209.24,204.62,201.06,,,,215.9806,0,218.0181,0,75975,,,,
2023-09-12,210.50,211.94,205.32,206.72,205.08,201.19,,,,215.9806,0,216.9485,0,28362,,,,
2023-09-13,204.33,204.80,198.12,200.07,203.73,201.06,,,,215.9806,0,215.9217,0,35813,,,,
2023-09-14,199.50,203.30,198.03,198.50,202.46,201.36,,,,215.9806,0,214.9360,0,41625,,,,
2023-09-15,200.50,204.40,199.34,200.32,201.74,201.77,,,,215.9806,0,213.9897,0,60116,,,,
2023-09-18,205.00,210.75,204.05,208.91,201.73,202.56,,,,215.9806,0,213.0813,0,56865,,,,
2023-09-19,209.25,211.40,205.01,208.86,202.14,203.20,,,,215.9806,0,212.2092,0,42336,,,,
2023-09-20,201.00,202.15,189.50,192.84,201.24,203.12,,,,215.9806,0,211.4000,0,62229,,0.8033,1.3513,-0.5480
2023-09-21,188.71,189.18,186.18,187.78,200.59,202.37,,,,214.8868,0,211.4000,0,37838,,-0.3908,1.0029,-1.3937
2023-09-22,192.39,193.95,189.78,190.58,200.38,201.96,,,,214.8868,0,209.3828,0,31770,,-1.0985,0.5826,-1.6811
2023-09-25,189.63,192.11,188.69,190.38,198.50,201.56,,,,214.8868,0,207.5270,0,24102,,-1.6564,0.1348,-1.7912
2023-09-26,187.35,190.45,185.31,185.56,196.38,200.73,,,,211.6767,0,205.8196,0,24661,,-2.4592,-0.3840,-2.0752
2023-09-27,192.89,196.05,189.61,192.18,195.59,199.66,,,,211.6767,0,203.7687,0,31210,,-2.5320,-0.8136,-1.7184
2023-09-28,187.79,189.99,183.13,184.17,194.16,198.31,,,,211.3826,0,201.9228,0,31254,,-3.1992,-1.2907,-1.9085
2023-09-29,181.30,182.91,177.73,179.87,192.11,196.92,,,,204.5913,0,199.6677,0,49932,,-4.0284,-1.8383,-2.1902
2023-10-02,180.99,181.78,177.93,178.50,189.07,195.40,,,,202.8565,0,196.5957,0,24651,,-4.7415,-2.4189,-2.3226
2023-10-03,177.00,177.14,173.21,174.24,185.61,193.87,,,,197.4633,0,193.9538,0,41574,,-5.5860,-3.0523,-2.5337
2023-10-04,172.09,172.76,167.72,169.15,183.24,192.24,,,,192.2580,0,190.6348,0,33627,,-6.5900,-3.7599,-2.8302
2023-10-05,171.08,171.08,167.30,170.67,181.53,191.06,,,,190.1379,0,186.5101,0,23006,,-7.1803,-4.4440,-2.7363
2023-10-06,173.44,175.29,171.00,173.88,179.86,190.12,,,,190.1379,0,182.6681,0,33159,,-7.3049,-5.0162,-2.2887
2023-10-09,174.61,174.88,170.44,172.79,178.10,188.30,,,,190.1379,0,179.5945,0,53340,,-7.4062,-5.4942,-1.9120
2023-10-10,173.24,178.69,173.24,176.67,177.21,186.80,,,,190.1379,0,167.3000,1,24186,,-7.0916,-5.8137,-1.2780
2023-10-11,184.23,187.75,180.23,182.20,176.21,185.90,,,,190.1379,0,167.5278,1,35821,,-6.3232,-5.9156,-0.4077
2023-10-12,187.49,187.49,174.83,176.23,175.42,184.79,194.11,,,190.1379,0,168.3367,1,62350,40135,-6.1254,-5.9575,-0.1679
2023-10-13,177.00,180.02,172.85,178.79,175.31,183.71,193.57,,,190.1379,0,169.1132,1,38887,39683,-5.6964,-5.9053,0.2089
2023-10-16,173.16,177.27,172.49,173.94,174.86,181.96,193.01,,,190.1379,0,169.8587,1,47712,39832,-5.6822,-5.8607,0.1785
2023-10-17,169.17,174.15,169.17,171.55,174.59,180.10,192.69,,,190.1379,0,187.7500,0,37758,39479,-5.7970,-5.8480,0.0509
2023-10-18,168.12,168.85,166.82,167.54,174.43,178.83,192.21,,,188.4423,0,187.3784,0,25332,39240,-6.1408,-5.9065,-0.2343
2023-10-19,165.19,166.58,157.75,158.67,173.23,177.38,191.37,,,183.6486,0,186.5561,0,26720,39248,-7.0477,-6.1348,-0.9130
2023-10-20,156.56,165.75,156.56,165.21,172.36,176.11,190.71,,,183.2472,0,184.8277,0,65803,40058,-7.1563,-6.3391,-0.8172
2023-10-23,161.88,169.80,159.56,168.73,171.95,175.03,190.13,,,183.2472,0,182.5663,0,33004,40408,-6.8790,-6.4470,-0.4319
2023-10-24,168.02,176.25,168.02,172.96,171.58,174.40,189.51,,,183.2472,0,180.4858,0,18559,40269,-6.2459,-6.4068,0.1609
2023-10-25,168.13,171.50,165.16,166.48,170.01,173.11,188.79,,,183.2472,0,178.5717,0,27053,40389,-6.1956,-6.3646,0.1690
2023-10-26,166.00,168.32,164.32,165.85,168.97,172.20,188.26,,,183.2472,0,176.8108,0,11377,39757,-6.1359,-6.3188,0.1830
2023-10-27,174.68,176.99,169.85,170.45,168.14,171.72,187.82,,,183.2472,0,156.5600,1,36800,39570,-5.6522,-6.1855,0.5333
2023-10-30,187.31,190.79,184.65,186.61,169.41,172.13,187.69,,,160.7565,1,156.9686,1,66601,40454,-3.9197,-5.7323,1.8126
2023-10-31,186.88,188.15,182.45,186.28,170.88,172.73,187.49,,,160.7565,1,158.3213,1,24645,40450,-2.5440,-5.0947,2.5507
2023-11-01,184.20,186.52,178.77,181.30,172.25,173.34,187.23,,,160.7565,1,159.6198,1,32362,38780,-1.8345,-4.4426,2.6082
2023-11-02,182.21,187.11,180.24,182.05,174.59,173.91,186.82,,,160.7565,1,160.8664,1,25669,38261,-1.1978,-3.7937,2.5959
2023-11-03,185.00,187.35,183.51,183.78,176.45,174.40,186.52,,,161.1675,1,162.0632,1,78639,38790,-0.5473,-3.1444,2.5971
2023-11-06,201.86,203.59,194.85,196.14,179.19,175.57,186.47,,,171.4408,1,163.2120,1,92519,40056,0.9545,-2.3246,3.2791
2023-11-07,193.73,198.53,193.73,197.70,181.66,176.62,186.38,,,171.4408,1,165.6347,1,35527,40137,2.2447,-1.4108,3.6555
2023-11-08,199.00,201.99,196.54,200.21,185.04,177.52,186.12,,,173.8288,1,167.9120,1,58722,39540,3.4302,-0.4426,3.8728
2023-11-09,192.00,194.47,187.15,189.55,187.41,178.19,185.68,,,173.8288,1,170.0527,1,33797,39144,3.4696,0.3399,3.1297
2023-11-10,194.53,199.39,191.78,199.11,190.27,179.21,185.51,,,173.8288,1,172.0649,1,45616,39020,4.2235,1.1166,3.1069
2023-11-13,194.50,199.98,193.00,198.85,191.50,180.45,185.31,,,173.8288,1,173.9564,1,25990,38998,4.7453,1.8423,2.9030
2023-11-14,199.38,205.40,199.21,201.58,193.03,181.95,185.25,,,176.5199,1,175.7345,1,41465,39137,5.3178,2.5374,2.7804
2023-11-15,200.24,201.00,194.62,196.54,194.55,183.40,185.14,,,176.5199,1,178.1077,1,64406,40013,5.3037,3.0907,2.2130
2023-11-16,190.23,193.83,187.02,189.17,195.26,184.93,185.04,,,176.5199,1,180.2911,1,34807,40276,4.6443,3.4014,1.2429
2023-11-17,189.17,189.88,184.88,186.88,195.57,186.01,184.92,,,176.5199,1,182.2998,1,57185,41055,3.8921,3.4995,0.3925
2023-11-20,186.89,188.65,184.42,187.88,194.75,186.97,184.50,,,176.5199,1,184.1478,1,78553,41107,3.3381,3.4673,-0.1291
2023-11-21,185.30,187.00,183.68,184.93,193.47,187.57,184.06,,,176.5199,1,205.4000,0,23819,41016,2.6308,3.3000,-0.6692
2023-11-22,184.73,185.23,181.55,182.79,191.73,188.38,183.72,,,176.5199,1,204.9655,0,20034,40700,1.8759,3.0151,-1.1393
2023-11-24,184.88,186.87,181.19,184.71,191.24,189.33,183.44,,,176.5199,1,204.0289,0,33895,40546,1.4166,2.6954,-1.2788
2023-11-27,185.10,185.10,180.94,182.96,189.63,189.95,183.09,,,176.5199,1,202.6585,0,26639,39876,0.9006,2.3365,-1.4358
2023-11-28,181.60,185.00,181.28,184.84,188.23,189.86,182.61,,,176.5199,1,200.9211,0,19242,39124,0.6361,1.9964,-1.3603
2023-11-29,183.08,186.00,182.76,183.13,186.38,189.71,182.10,,,176.5199,1,199.3226,0,34337,38964,0.2852,1.6542,-1.3690
2023-11-30,186.64,189.15,183.98,186.94,185.42,189.99,181.98,,,176.5199,1,197.8520,0,34920,38417,0.3109,1.3855,-1.0746
2023-12-01,186.94,189.22,186.11,187.49,185.26,190.26,181.97,,,176.5199,1,196.4990,0,39373,38448,0.3714,1.1827,-0.8113
2023-12-04,184.02,185.52,178.64,181.16,184.68,190.13,181.78,,,176.5199,1,195.2543,0,37808,38569,-0.0903,0.9281,-1.0184
2023-12-05,180.47,185.00,180.30,184.15,184.31,189.53,181.66,,,176.5199,1,193.5929,0,31140,38710,-0.2126,0.7000,-0.9126
2023-12-06,184.35,184.35,180.32,181.97,184.01,188.74,181.59,,,176.5199,1,192.0976,0,33410,38885,-0.4799,0.4640,-0.9439
2023-12-07,179.62,183.10,178.04,179.36,183.67,187.70,181.33,,,176.5199,1,190.7518,0,19550,38651,-0.8920,0.1928,-1.0848
2023-12-08,177.00,178.38,174.00,175.00,182.70,186.97,181.15,,,193.0941,0,189.2258,0,41738,38861,-1.5525,-0.1563,-1.3963
2023-12-11,174.00,174.86,171.23,174.54,181.86,185.74,181.04,,,189.3897,0,187.0942,0,43373,38730,-2.0890,-0.5428,-1.5462
2023-12-12,174.55,180.84,174.55,179.58,181.33,184.78,181.06,,,189.3897,0,184.5559,0,37676,38990,-2.0835,-0.8510,-1.2326
2023-12-13,180.03,184.86,177.19,183.33,181.35,183.87,181.25,,,189.3897,0,171.2300,1,32669,38812,-1.7563,-1.0320,-0.7243
2023-12-14,184.99,188.74,184.17,187.58,181.42,183.42,181.61,,,189.3897,0,171.5026,1,54023,39220,-1.1409,-1.0538,-0.0871
2023-12-15,183.40,186.48,181.91,183.07,180.97,183.11,181.86,,,189.3897,0,172.1921,1,85073,40462,-1.0055,-1.0442,0.0386
2023-12-18,182.42,184.68,180.20,182.46,181.10,182.89,182.03,,,189.3897,0,172.8540,1,45323,40705,-0.9367,-1.0227,0.0860
2023-12-19,183.49,188.29,181.38,186.12,181.30,182.81,182.30,,,189.3897,0,173.4894,1,59949,40837,-0.5801,-0.9341,0.3541
2023-12-20,182.57,185.77,174.97,175.25,180.63,182.32,182.27,,,189.3897,0,174.0995,1,38555,41124,-1.1612,-0.9796,-0.1816
2023-12-21,175.00,177.19,174.00,177.09,180.40,182.04,182.17,,,189.3897,0,188.7400,0,37596,41160,-1.4565,-1.0749,-0.3815
2023-12-22,174.90,179.87,174.90,176.11,180.51,181.61,182.17,,,189.3897,0,188.4452,0,33796,40589,-1.7494,-1.2098,-0.5396
2023-12-26,176.74,178.81,175.55,175.69,180.63,181.24,182.11,,,189.3897,0,188.1563,0,42939,40670,-1.9925,-1.3664,-0.6261
2023-12-27,178.11,180.00,176.51,178.93,180.56,180.95,182.21,,,189.3897,0,187.8732,0,80214,41320,-1.9017,-1.4734,-0.4283
2023-12-28,181.00,184.00,176.99,179.48,180.18,180.77,182.36,,,189.3897,0,187.5957,0,67179,41908,-1.7651,-1.5318,-0.2333
2023-12-29,182.40,184.07,177.40,180.36,179.46,180.44,182.62,,,189.3897,0,187.3238,0,96078,43323,-1.5678,-1.5390,-0.0288
2024-01-02,176.05,177.09,172.50,177.00,178.85,179.91,182.99,,,189.3897,0,187.0573,0,58746,43964,-1.6633,-1.5638,-0.0995
2024-01-03,174.56,182.52,172.50,181.43,178.75,179.92,183.31,,,189.3897,0,186.4750,0,55227,43752,-1.3658,-1.5242,0.1584
2024-01-04,181.80,181.84,174.09,175.70,177.70,179.50,183.45,,,189.3897,0,185.9160,0,47281,44038,-1.5743,-1.5342,-0.0400
2024-01-05,167.28,170.26,165.13,165.38,176.72,178.67,183.30,,,188.3842,0,185.3794,0,60099,44869,-2.5429,-1.7360,-0.8069
2024-01-08,165.98,172.03,163.55,171.54,176.16,178.28,183.40,,,188.3842,0,184.1644,0,40518,45138,-2.7814,-1.9450,-0.8363
2024-01-09,171.00,182.29,171.00,181.47,176.70,178.61,183.71,,,188.3842,0,182.5153,0,50104,45913,-2.1444,-1.9849,-0.1595
2024-01-10,183.00,184.52,172.03,175.05,176.63,178.63,183.80,,,188.3842,0,163.5500,1,67307,46523,-2.1331,-2.0146,-0.1185
2024-01-11,173.72,176.00,171.62,175.10,176.25,178.41,183.57,,,188.3842,0,163.9694,1,27123,45733,-2.0959,-2.0308,-0.0651
2024-01-12,173.49,177.44,173.01,175.21,175.82,178.00,183.35,,,188.3842,0,164.3804,1,30241,45845,-2.0341,-2.0315,-0.0026
2024-01-16,174.17,175.00,171.66,173.25,175.11,177.28,183.19,,,188.3842,0,164.7832,1,51247,46223,-2.1189,-2.0490,-0.0699
2024-01-17,165.01,167.80,163.85,167.80,174.19,176.52,182.91,,,187.3439,0,184.5200,0,74419,47198,-2.5959,-2.1583,-0.4375
2024-01-18,168.85,168.85,164.40,165.35,172.59,175.67,182.54,,,187.3270,0,184.1066,0,50068,46626,-3.1355,-2.3538,-0.7817
2024-01-19,160.50,160.50,157.97,159.78,170.99,174.35,181.81,,,180.0808,0,183.7015,0,70591,46188,-3.9668,-2.6764,-1.2904
2024-01-22,157.10,158.04,153.13,156.62,170.12,173.42,180.99,,,176.3412,0,182.6722,0,56446,46606,-4.8251,-3.1061,-1.7189
2024-01-23,157.54,162.51,156.86,162.27,169.19,172.68,180.23,,,176.3412,0,180.8997,0,56665,46565,-4.9918,-3.4832,-1.5085
2024-01-24,164.00,166.34,160.54,160.70,167.11,171.91,179.65,,,176.3412,0,179.2335,0,40368,46696,-5.1907,-3.8247,-1.3660
2024-01-25,161.37,166.15,159.60,165.00,166.11,171.37,178.97,,,176.3412,0,177.6673,0,54467,46873,-4.9444,-4.0487,-0.8957
2024-01-26,157.98,163.18,157.61,161.90,164.79,170.52,178.23,,,176.3412,0,176.1951,0,89952,48153,-4.9424,-4.2274,-0.7150
2024-01-29,161.62,162.95,155.23,162.08,163.48,169.65,177.44,,,176.3412,0,174.8112,0,59321,48510,-4.8701,-4.3560,-0.5142
2024-01-30,158.80,158.80,153.93,155.04,161.65,168.38,176.61,,,176.3412,0,173.5103,0,59613,48414,-5.3196,-4.5487,-0.7709
2024-01-31,152.80,153.19,147.88,148.23,159.70,166.94,175.79,,,171.5577,0,172.2875,0,59633,48910,-6.1544,-4.8698,-1.2846
2024-02-01,152.63,152.63,149.88,149.93,158.15,165.37,175.05,,,171.4954,0,170.3349,0,43675,48640,-6.6027,-5.2164,-1.3863
2024-02-02,140.41,147.21,132.95,144.48,156.62,163.81,174.19,,,163.3904,0,168.5385,0,106366,49196,-7.3134,-5.6358,-1.6776
2024-02-05,145.26,146.27,139.73,141.81,155.14,162.63,173.32,,,163.3904,0,164.9796,0,60326,49927,-7.9999,-6.1086,-1.8913
2024-02-06,149.88,155.47,146.51,153.58,154.27,161.73,172.74,,,163.3904,0,161.7767,0,49821,50522,-7.5077,-6.3884,-1.1192
2024-02-07,148.16,150.43,146.89,147.76,152.98,160.05,172.00,,,163.3904,0,158.8940,0,40989,50664,-7.5007,-6.6109,-0.8898
2024-02-08,145.00,145.89,141.54,142.88,150.77,158.44,171.20,,,163.3904,0,156.2996,0,33991,50811,-7.7991,-6.8485,-0.9506
2024-02-09,144.61,147.18,143.01,146.98,149.28,157.03,170.44,,,163.3904,0,153.9646,0,21650,50859,-7.6169,-7.0022,-0.6147
2024-02-12,147.65,149.72,145.88,146.57,147.73,155.60,169.71,,,163.3904,0,151.8632,0,20241,50578,-7.4201,-7.0858,-0.3343
2024-02-13,144.00,146.36,141.34,141.80,146.40,154.03,168.81,,,163.3904,0,149.9719,0,27070,50421,-7.5618,-7.1810,-0.3808
2024-02-14,145.85,147.64,143.50,145.87,146.17,152.93,167.98,,,163.3904,0,149.7200,0,41675,50467,-7.2620,-7.1972,-0.0648
2024-02-15,146.75,149.34,145.01,146.07,145.78,151.97,167.27,,,163.3904,0,132.9500,1,26921,50249,-6.9284,-7.1435,0.2150
2024-02-16,148.90,149.50,146.21,148.23,146.16,151.39,166.56,,,163.3904,0,133.2778,1,20026,50027,-6.4158,-6.9979,0.5821
2024-02-20,149.55,150.90,147.07,148.05,146.78,150.96,165.88,,,163.3904,0,133.9267,1,20461,49768,-5.9554,-6.7894,0.8340
2024-02-21,149.02,151.85,148.61,150.80,146.50,150.39,165.31,,,163.3904,0,134.9451,1,27280,49922,-5.3075,-6.4930,1.1855
2024-02-22,152.93,155.51,151.64,153.78,147.10,150.04,164.88,,,163.3904,0,136.2977,1,29926,49686,-4.5016,-6.0948,1.5931
2024-02-23,155.22,158.48,154.38,155.10,148.33,149.55,164.49,,,163.3904,0,138.2189,1,33781,49494,-3.7137,-5.6185,1.9049
2024-02-26,159.14,162.11,154.76,160.26,149.65,149.46,164.11,,,163.3904,0,140.6497,1,92807,50597,-2.6424,-5.0233,2.3809
2024-02-27,164.95,179.88,164.07,179.69,152.97,150.35,164.03,,,150.4731,1,143.6541,1,91840,51780,-0.2230,-4.0632,3.8403
2024-02-28,173.51,179.11,173.51,178.48,156.63,151.52,163.85,,,155.1020,1,149.4503,1,107534,52850,1.5786,-2.9349,4.5135
2024-02-29,176.05,176.05,165.58,165.65,158.61,152.39,163.50,,,155.1020,1,154.3190,1,46647,52082,1.9486,-1.9582,3.9068
2024-03-01,163.81,168.11,161.60,165.02,160.51,153.14,163.15,,,155.1020,1,158.4088,1,31469,51805,2.1661,-1.1333,3.2994
2024-03-04,164.26,169.04,160.59,167.86,162.47,154.31,162.79,,,155.1020,1,179.8800,0,30752,51221,2.5383,-0.3990,2.9373
2024-03-05,163.81,164.66,159.78,160.42,163.71,155.24,162.49,,,155.1020,1,179.4942,0,26453,50979,2.2075,0.1223,2.0852
2024-03-06,161.28,162.02,158.79,159.52,164.58,155.54,162.14,,,155.1020,1,178.7056,0,33914,50905,1.8514,0.4681,1.3833
2024-03-07,158.04,163.10,158.04,162.25,165.43,156.26,161.86,179.38,,155.1020,1,177.5107,0,22553,50680,1.7691,0.7283,1.0407
2024-03-08,163.80,166.07,157.39,158.52,165.77,157.05,161.52,179.07,,155.1020,1,175.9530,0,29849,50418,1.3868,0.8600,0.5268
2024-03-11,161.79,167.64,158.73,164.53,166.19,157.92,161.23,178.81,,155.1020,1,174.0967,0,20879,49232,1.5510,0.9982,0.5528
2024-03-12,168.70,170.00,162.26,163.75,164.60,158.78,160.92,178.66,,155.1020,1,172.4261,0,30900,48506,1.5997,1.1185,0.4812
2024-03-13,180.98,184.80,175.49,176.47,164.40,160.52,160.84,178.56,,155.1020,1,157.3900,1,97288,48530,2.6344,1.4217,1.2127
2024-03-14,174.14,174.79,165.40,168.90,164.72,161.67,160.68,178.34,,155.1020,1,157.9382,1,66749,48690,2.8111,1.6996,1.1115
2024-03-15,171.79,171.79,166.90,170.00,165.22,162.86,160.45,178.16,,155.1020,1,158.4754,1,59534,48777,3.0053,1.9607,1.0446
2024-03-18,168.33,170.78,168.33,168.50,165.29,163.88,160.31,177.96,,155.1020,1,159.0019,1,26084,48353,3.0035,2.1693,0.8342
2024-03-19,168.31,171.25,165.83,168.10,166.05,164.88,160.36,177.72,,155.1020,1,159.5179,1,24391,47638,2.9360,2.3226,0.6134
2024-03-20,169.44,170.36,166.66,169.62,167.06,165.82,160.32,177.50,,155.1020,1,160.0235,1,33195,47492,2.9708,2.4522,0.5186
2024-03-21,167.10,167.84,162.50,163.70,167.21,166.32,159.97,177.31,,155.1020,1,160.5191,1,31594,47122,2.4921,2.4602,0.0319
2024-03-22,156.48,158.10,151.85,152.02,166.56,166.16,159.51,177.04,,178.2404,0,184.8000,0,67725,47130,1.1568,2.1995,-1.0427
2024-03-25,153.14,155.63,151.95,153.92,165.50,165.85,159.08,176.78,,175.8319,0,184.1410,0,18886,46965,0.2491,1.8094,-1.5604
2024-03-26,155.96,155.99,151.49,153.81,164.50,164.55,158.65,176.50,,174.9299,0,183.4952,0,16058,46682,-0.4737,1.3528,-1.8265
2024-03-27,153.05,155.91,153.05,155.08,162.36,163.38,158.29,176.24,,174.4129,0,182.2150,0,11802,45893,-0.9333,0.8956,-1.8289
2024-03-28,157.00,157.38,155.09,156.39,161.11,162.92,158.06,175.93,,174.4129,0,180.9860,0,16280,44730,-1.1783,0.4808,-1.6591
2024-04-01,156.87,159.34,152.77,159.23,160.04,162.63,157.94,175.67,,174.4129,0,179.8061,0,20222,44133,-1.1302,0.1586,-1.2888
2024-04-02,155.51,157.32,152.70,153.25,158.51,161.90,157.81,175.36,,173.8301,0,178.6735,0,12888,42979,-1.5567,-0.1845,-1.3722
2024-04-03,153.53,154.12,150.79,151.95,156.90,161.48,157.72,175.03,,170.3959,0,177.5862,0,8661,42023,-1.9768,-0.5429,-1.4339
2024-04-04,153.26,153.28,149.30,149.57,154.89,160.98,157.46,174.60,,168.6299,0,175.9784,0,12220,41134,-2.4733,-0.9290,-1.5443
2024-04-05,149.57,151.45,148.00,150.03,153.53,160.37,157.25,174.20,,166.3619,0,173.8441,0,13608,40599,-2.7974,-1.3027,-1.4947
2024-04-08,148.84,151.52,148.50,149.75,153.30,159.93,156.94,173.81,,165.8915,0,171.2597,0,16353,39837,-3.0418,-1.6505,-1.3913
2024-04-09,153.70,155.37,150.84,154.02,153.31,159.40,156.79,173.44,,165.8915,0,168.9337,0,17743,38393,-2.8579,-1.8920,-0.9660
2024-04-10,150.34,150.98,147.98,149.76,152.90,158.70,156.54,173.08,,165.6699,0,166.8404,0,40870,38024,-3.0212,-2.1178,-0.9034
2024-04-11,147.62,148.93,145.34,146.13,152.01,157.19,156.36,172.71,,163.0364,0,164.5765,0,35539,37542,-3.4042,-2.3751,-1.0291
2024-04-12,145.00,146.80,140.08,141.30,150.50,155.81,156.22,172.35,,159.7713,0,161.8834,0,19711,36744,-4.0508,-2.7102,-1.3406
2024-04-15,140.68,142.63,137.38,138.40,148.42,154.23,155.99,171.99,,156.2749,0,158.3949,0,31583,36502,-4.7426,-3.1167,-1.6259
2024-04-16,137.28,137.71,133.71,134.05,146.50,152.50,155.78,171.49,,151.7597,0,154.6113,0,41421,35203,-5.5775,-3.6089,-1.9687
2024-04-17,134.40,134.40,131.28,131.86,144.49,150.69,155.58,170.99,,148.2227,0,150.4310,0,26385,34524,-6.3428,-4.1557,-2.1872
2024-04-18,131.40,136.00,131.40,131.96,142.73,148.81,155.15,170.54,,148.2227,0,146.6006,0,16627,33860,-6.8622,-4.6970,-2.1652
2024-04-19,130.00,130.85,126.97,129.52,140.68,147.10,154.79,170.08,,144.1090,0,143.5363,0,38390,33808,-7.3855,-5.2347,-2.1508
2024-04-22,130.55,133.09,129.96,130.94,138.79,146.05,154.55,169.61,,144.1090,0,140.2226,0,19981,33528,-7.5981,-5.7074,-1.8907
2024-04-23,135.75,142.22,134.68,138.99,137.29,145.30,154.39,169.15,,144.1090,0,126.9680,1,28298,33661,-7.0359,-5.9731,-1.0628
2024-04-24,143.45,146.22,141.78,144.12,136.73,144.82,154.34,168.72,,126.8371,1,127.2730,1,31087,33878,-6.1060,-5.9996,-0.1063
2024-04-25,148.40,152.83,146.16,148.56,136.97,144.49,154.48,168.42,,131.4354,1,128.0309,1,60806,34553,-4.9537,-5.7904,0.8368
2024-04-26,152.11,154.47,150.73,153.58,138.20,144.35,154.63,168.19,,134.5713,1,129.5189,1,32021,34360,-3.5940,-5.3512,1.7572
2024-04-29,155.00,157.89,153.08,156.53,140.01,144.21,154.84,167.97,,137.8180,1,131.5150,1,29068,34403,-2.2524,-4.7314,2.4790
2024-04-30,155.00,156.64,150.29,153.94,142.00,144.25,154.95,167.72,,137.8180,1,134.1525,1,31604,34634,-1.3822,-4.0616,2.6794
2024-05-01,154.30,157.89,154.30,156.53,144.47,144.48,155.12,167.53,,138.8852,1,136.5262,1,27690,34779,-0.4781,-3.3449,2.8668
2024-05-02,160.99,164.60,158.81,162.01,147.47,145.10,155.35,167.33,,143.7952,1,138.6626,1,43483,35103,0.6729,-2.5413,3.2142
2024-05-03,162.51,162.51,159.26,162.25,150.74,145.71,155.52,167.18,,143.7952,1,141.7751,1,31639,35137,1.5861,-1.7158,3.3019
2024-05-06,164.51,165.00,161.95,162.48,153.90,146.35,155.66,167.07,,147.1702,1,144.5141,1,26013,34982,2.3018,-0.9123,3.2141
2024-05-07,162.99,164.40,158.21,160.56,156.06,146.67,155.67,166.95,,147.1702,1,147.3821,1,17967,33485,2.6832,-0.1932,2.8764
2024-05-08,165.49,168.46,161.38,164.44,158.09,147.41,155.36,166.88,,147.6739,1,149.8486,1,36341,32375,3.2610,0.4976,2.7633
2024-05-09,166.06,169.38,165.65,168.64,160.10,148.53,155.17,166.88,,150.5115,1,152.8264,1,43172,31088,4.0115,1.2004,2.8111
2024-05-10,166.30,166.30,161.00,161.13,160.85,149.52,155.08,166.81,,150.5115,1,155.8061,1,31646,30788,3.9547,1.7513,2.2034
2024-05-13,160.96,164.17,160.96,162.17,161.41,150.71,155.02,166.74,,150.5115,1,158.2494,1,17595,30510,3.9481,2.1906,1.7575
2024-05-14,161.75,163.72,159.90,160.77,162.10,152.05,154.88,166.66,,150.5115,1,169.3800,0,18633,30268,3.7863,2.5098,1.2765
2024-05-15,162.54,165.27,159.71,164.88,162.93,153.70,154.97,166.58,,150.5115,1,169.1904,0,21979,30178,3.9442,2.7967,1.1475
2024-05-16,168.23,172.30,167.55,171.03,163.84,155.65,155.20,166.50,,153.0258,1,159.7100,1,43818,30377,4.5136,3.1400,1.3735
2024-05-17,171.00,176.00,169.76,172.85,164.90,157.82,155.41,166.48,173.39,155.7965,1,159.7100,1,47586,30877,5.0534,3.5227,1.5307
2024-05-20,172.83,175.66,171.81,174.32,166.08,159.99,155.73,166.45,173.23,157.2048,1,160.3616,1,22261,30725,5.5360,3.9254,1.6107
2024-05-21,167.91,171.63,167.37,167.39,166.76,161.41,155.78,166.41,173.06,157.2048,1,160.9871,1,15350,30615,5.2983,4.2000,1.0983
2024-05-22,169.26,171.83,166.87,167.92,167.11,162.60,155.87,166.38,172.96,157.2048,1,161.5877,1,17245,30342,5.0939,4.3787,0.7151
2024-05-23,162.80,164.13,155.52,156.17,165.86,162.98,155.46,166.31,172.78,178.0748,0,176.0000,0,24035,28877,3.9384,4.2907,-0.3523
2024-05-24,154.38,156.35,152.02,152.71,165.02,162.94,155.14,166.27,172.54,172.4039,0,175.5904,0,22082,27983,2.7121,3.9750,-1.2628
2024-05-28,152.78,154.39,151.45,153.11,164.12,162.77,154.80,166.19,172.32,170.1990,0,174.6476,0,18358,27160,1.7524,3.5305,-1.7780
2024-05-29,149.36,152.12,147.03,151.28,163.17,162.63,154.45,166.07,172.09,166.9501,0,173.2557,0,11104,26860,0.8346,2.9913,-2.1567
2024-05-30,151.28,155.87,151.28,154.25,162.10,162.52,154.18,165.95,171.84,166.9501,0,171.1577,0,32161,27016,0.3429,2.4616,-2.1187
2024-05-31,150.00,155.05,146.94,148.85,159.89,161.86,153.76,165.83,171.57,166.9501,0,169.2275,0,42720,27206,-0.4770,1.8739,-2.3509
2024-06-03,148.50,150.94,144.66,146.24,157.22,161.06,153.41,165.70,171.34,165.6569,0,166.9987,0,39690,27368,-1.3222,1.2347,-2.5569
2024-06-04,148.99,155.38,148.03,155.09,155.30,160.69,153.47,165.59,171.15,165.6569,0,164.3181,0,27156,26557,-1.2633,0.7351,-1.9984
2024-06-05,157.27,159.18,156.80,159.03,154.47,160.61,153.58,165.41,170.98,165.6569,0,161.9591,0,16157,26502,-0.8885,0.4104,-1.2988
2024-06-06,157.81,159.91,156.50,157.60,153.43,160.27,153.65,165.22,170.79,165.6569,0,144.6600,1,13286,26447,-0.6987,0.1885,-0.8873
2024-06-07,157.60,159.37,156.09,156.36,153.45,159.66,153.68,165.05,170.60,165.6569,0,144.9650,1,12446,26460,-0.6410,0.0226,-0.6637
2024-06-10,155.14,157.85,154.58,156.07,153.79,159.40,153.67,164.88,170.36,165.6569,0,145.2639,1,12220,26378,-0.6117,-0.1042,-0.5074
2024-06-11,155.02,158.69,151.68,158.59,154.34,159.23,153.66,164.71,170.16,165.6569,0,145.5568,1,24058,26455,-0.3807,-0.1595,-0.2211
2024-06-12,157.75,169.17,156.50,168.11,156.02,159.59,153.96,164.53,170.01,144.2381,1,145.8439,1,67530,27548,0.5641,-0.0148,0.5789
2024-06-13,167.00,168.80,163.43,166.38,157.23,159.67,154.24,164.32,169.83,147.7668,1,146.7769,1,52243,28420,1.1599,0.2201,0.9397
2024-06-14,163.87,163.99,160.64,162.58,158.61,159.25,154.50,164.07,169.58,147.7668,1,147.6727,1,28305,28741,1.3103,0.4382,0.8721
2024-06-17,165.29,165.29,158.11,159.38,159.92,158.57,154.69,163.86,169.32,147.7668,1,148.5325,1,15492,28779,1.1579,0.5821,0.5758
2024-06-18,158.39,159.47,152.71,154.70,159.88,157.59,154.79,163.57,169.05,147.7668,1,149.3580,1,26423,28980,0.6520,0.5961,0.0559
2024-06-20,153.62,156.00,152.00,155.54,159.53,157.00,154.82,163.28,168.79,147.7668,1,150.1505,1,20096,29027,0.3152,0.5399,-0.2247
2024-06-21,153.45,158.57,150.88,156.11,159.38,156.41,154.95,162.98,168.54,147.7668,1,169.1700,0,34016,28890,0.0933,0.4506,-0.3573
2024-06-24,156.31,162.39,155.34,159.15,159.66,156.56,155.21,162.73,168.33,147.7668,1,168.8042,0,22265,28625,0.1608,0.3926,-0.2318
2024-06-25,155.95,155.95,150.93,150.99,159.15,156.47,155.40,162.47,168.11,147.7668,1,168.4457,0,50265,29236,-0.4391,0.2263,-0.6654
2024-06-26,150.22,150.68,146.00,146.44,157.94,156.14,155.56,162.20,167.88,167.3036,0,168.0944,0,34150,29287,-1.2670,-0.0724,-1.1946
2024-06-27,142.27,148.00,141.31,145.58,155.69,155.85,155.79,161.92,167.57,163.7293,0,167.2106,0,40180,29262,-1.9699,-0.4519,-1.5180
2024-06-28,144.69,145.00,141.84,142.67,153.31,155.27,156.01,161.64,167.25,161.7089,0,165.6566,0,45383,29642,-2.7302,-0.9075,-1.8227
2024-07-01,144.30,148.94,143.40,144.89,151.54,155.08,156.27,161.39,166.97,161.7089,0,164.1958,0,22284,29756,-3.1177,-1.3496,-1.7681
2024-07-02,143.04,145.69,142.80,143.93,150.00,154.96,156.56,161.12,166.70,161.6189,0,162.8226,0,35119,29690,-3.4624,-1.7721,-1.6902
2024-07-03,146.74,148.35,145.27,147.98,149.33,154.60,156.90,160.88,166.43,161.6189,0,161.5319,0,13511,29561,-3.3699,-2.0917,-1.2782
2024-07-05,149.00,149.00,145.53,147.04,148.48,154.00,157.06,160.63,166.13,161.6189,0,160.3186,0,12998,29255,-3.3340,-2.3401,-0.9938
2024-07-08,142.11,148.99,142.00,144.35,147.30,153.34,157.06,160.37,165.80,161.6189,0,159.1781,0,48328,29600,-3.4824,-2.5686,-0.9138
2024-07-09,144.38,146.20,143.00,144.53,145.84,152.75,156.98,160.09,165.56,160.6562,0,158.1060,0,92080,30225,-3.5447,-2.7638,-0.7809
2024-07-10,143.71,147.90,143.29,146.04,145.34,152.25,156.83,159.81,165.35,160.6562,0,157.0982,0,27382,30132,-3.4326,-2.8976,-0.5351
2024-07-11,148.01,152.67,147.14,150.50,145.75,151.84,156.71,159.61,165.15,160.6562,0,156.1509,0,37760,30306,-2.9499,-2.9081,-0.0419
2024-07-12,154.69,158.99,151.92,152.17,146.41,151.05,156.68,159.39,164.96,160.6562,0,141.3100,1,57520,30824,-2.4049,-2.8074,0.4025
2024-07-15,150.19,151.22,146.21,147.76,146.92,150.12,156.50,159.17,164.77,160.6562,0,141.6636,1,42496,31121,-2.3023,-2.7064,0.4041
2024-07-16,150.50,154.97,146.87,152.92,147.72,149.63,156.32,158.99,164.58,160.6562,0,142.0101,1,64685,31545,-1.7840,-2.5219,0.7379
2024-07-17,151.28,156.77,150.32,153.64,148.69,149.35,156.15,158.85,164.42,160.6562,0,142.3497,1,46768,31847,-1.3002,-2.2776,0.9774
2024-07-18,150.74,155.01,148.81,152.03,149.10,149.21,155.94,158.70,164.28,160.6562,0,142.6825,1,36502,32057,-1.0348,-2.0290,0.9942
2024-07-19,153.53,155.77,152.81,154.74,149.87,149.17,155.82,158.53,164.17,160.6562,0,143.0087,1,18399,32066,-0.5989,-1.7430,1.1441
2024-07-22,156.12,161.24,155.30,160.93,151.53,149.41,155.75,158.38,164.10,140.6210,1,143.3283,1,20551,31750,0.2433,-1.3457,1.5890
2024-07-23,155.00,158.03,153.77,157.53,152.83,149.33,155.53,158.18,164.04,140.6210,1,144.0448,1,41509,31717,0.6291,-0.9508,1.5799
2024-07-24,157.00,163.93,154.43,163.56,154.58,149.96,155.58,158.05,164.00,140.6210,1,144.7326,1,48446,32053,1.4053,-0.4796,1.8848
2024-07-25,160.92,164.61,158.35,163.27,155.85,150.80,155.60,157.92,163.95,142.4310,1,145.8844,1,42124,32543,1.9742,0.0112,1.9630
2024-07-26,163.82,165.50,161.70,162.54,156.89,151.65,155.63,157.77,163.90,145.3159,1,147.3825,1,16498,32500,2.3392,0.4768,1.8624
2024-07-29,159.72,161.98,159.00,160.94,158.21,152.56,155.56,157.67,163.82,145.3159,1,149.1942,1,19393,32449,2.4709,0.8756,1.5953
2024-07-30,161.51,161.51,156.71,156.98,158.62,153.17,155.27,157.54,163.70,145.3159,1,150.8248,1,24552,32063,2.2300,1.1465,1.0835
2024-07-31,163.49,168.98,162.90,166.58,159.91,154.30,155.15,157.47,163.65,146.8547,1,152.2923,1,48591,32083,2.7817,1.4735,1.3082
2024-08-01,164.85,167.75,161.46,162.29,160.94,155.02,154.91,157.38,163.57,146.8547,1,154.2948,1,52988,32698,2.8400,1.7468,1.0932
2024-08-02,160.03,164.94,155.75,163.23,161.78,155.83,154.83,157.28,163.51,146.8547,1,168.9800,0,29055,32972,2.9283,1.9831,0.9452
2024-08-05,161.01,167.99,158.84,165.66,162.26,156.89,154.78,157.19,163.48,146.8547,1,168.7154,0,50062,33628,3.1579,2.2181,0.9399
2024-08-06,167.00,175.61,166.55,171.32,163.64,158.23,155.08,157.13,163.50,149.4925,1,155.7500,1,48860,34125,3.7534,2.5251,1.2282
2024-08-07,180.00,182.28,170.36,176.73,164.95,159.77,155.56,157.13,163.59,153.3152,1,156.1472,1,120689,36097,4.6087,2.9419,1.6669
2024-08-08,178.80,185.66,176.98,183.03,166.93,161.39,156.16,157.14,163.68,157.9367,1,157.1925,1,111246,37955,5.7289,3.4993,2.2296
2024-08-09,180.49,184.65,178.92,182.76,168.95,162.92,156.79,157.18,163.75,159.0232,1,158.9006,1,58026,38893,6.5197,4.1033,2.4163
2024-08-12,185.00,190.72,183.40,190.03,171.86,165.04,157.51,157.35,163.84,164.1894,1,160.5061,1,86236,39975,7.6449,4.8116,2.8332
2024-08-13,188.13,191.50,186.04,187.20,174.88,166.75,158.27,157.45,163.94,166.5422,1,162.9232,1,59829,40317,8.2136,5.4920,2.7215
2024-08-14,185.66,190.92,185.00,186.70,176.89,168.40,159.08,157.49,164.04,166.5422,1,165.7809,1,57354,40670,8.5256,6.0988,2.4269
2024-08-15,190.00,192.48,187.45,190.89,179.75,170.35,159.80,157.59,164.15,168.6301,1,168.3528,1,53067,41189,9.0072,6.6805,2.3268
2024-08-16,194.23,197.99,194.07,194.65,182.90,172.34,160.51,157.72,164.19,174.6986,1,171.2481,1,73288,42331,9.5823,7.2608,2.3214
2024-08-19,192.74,193.30,189.98,192.50,185.58,173.92,161.21,157.84,164.22,174.6986,1,174.9920,1,51263,43091,9.7516,7.7590,1.9927
2024-08-20,194.19,195.98,192.85,194.21,187.87,175.75,161.97,157.98,164.28,174.8278,1,178.2117,1,54592,43934,9.9096,8.1891,1.7205
2024-08-21,196.00,199.00,195.63,197.98,190.00,177.47,162.81,158.18,164.36,178.2518,1,180.9806,1,66600,45021,10.2212,8.5955,1.6257
2024-08-22,199.00,199.00,195.36,195.63,191.26,179.09,163.55,158.38,164.42,178.9311,1,183.8637,1,49827,45537,10.1614,8.9087,1.2527
2024-08-23,194.39,196.32,191.11,193.82,192.36,180.66,164.06,158.61,164.41,178.9311,1,186.2855,1,40295,44992,9.8544,9.0979,0.7565
2024-08-26,199.64,201.28,197.68,199.22,193.28,182.57,164.72,158.89,164.42,181.0537,1,188.3199,1,85445,45656,9.9323,9.2647,0.6675
2024-08-27,200.02,202.59,199.74,202.17,194.78,184.83,165.51,159.16,164.43,183.5728,1,190.6527,1,63380,46357,10.1155,9.4349,0.6806
2024-08-28,200.91,201.56,196.00,198.16,195.92,186.41,166.28,159.41,164.47,183.5728,1,193.0401,1,32419,46696,9.8238,9.5127,0.3111
2024-08-29,197.85,199.65,196.75,198.50,196.68,188.22,167.16,159.63,164.47,183.5728,1,194.9501,1,26936,46706,9.5105,9.5122,-0.0018
2024-08-30,196.02,196.37,190.74,191.78,196.40,189.65,167.89,159.83,164.43,183.5728,1,202.5900,0,56268,47430,8.6205,9.3339,-0.7134
2024-09-03,190.03,192.98,187.68,188.26,195.97,190.78,168.53,160.01,164.36,183.5728,1,202.3530,0,68602,48121,7.5443,8.9760,-1.4317
2024-09-04,187.09,191.20,186.03,188.65,195.42,191.64,169.12,160.23,164.33,183.5728,1,201.7661,0,97381,49624,6.6462,8.5100,-1.8638
2024-09-05,190.21,194.57,190.21,191.58,194.78,192.39,169.93,160.52,164.34,183.5728,1,200.8219,0,34140,49301,6.1005,8.0281,-1.9276
2024-09-06,192.81,193.04,188.51,191.32,194.35,192.80,170.83,160.79,164.36,183.5728,1,199.9344,0,26211,49142,5.5827,7.5390,-1.9563
2024-09-09,189.67,193.47,189.21,193.31,194.29,193.33,171.78,161.12,164.39,183.5728,1,199.1001,0,27972,48898,5.2722,7.0857,-1.8135
2024-09-10,191.76,198.52,191.73,197.70,194.14,193.71,172.88,161.49,164.45,183.5728,1,186.0300,1,36120,48713,5.3190,6.7323,-1.4133
2024-09-11,206.62,215.00,205.60,211.15,195.04,194.91,174.21,161.88,164.59,189.9862,1,186.2799,1,127260,50813,6.3680,6.6595,-0.2914
2024-09-12,199.00,200.75,194.11,196.27,194.85,195.39,175.25,162.20,164.65,189.9862,1,187.4287,1,94916,52008,5.9303,6.5136,-0.5833
2024-09-13,200.00,200.61,195.71,198.49,194.85,195.77,176.26,162.57,164.73,189.9862,1,188.5316,1,42159,52581,5.6969,6.3503,-0.6534
2024-09-16,196.43,197.53,194.07,196.45,195.32,195.86,177.25,162.90,164.79,189.9862,1,189.5903,1,40174,53125,5.2864,6.1375,-0.8511
2024-09-17,199.05,200.69,196.62,197.51,196.24,196.11,178.32,163.24,164.86,189.9862,1,190.6067,1,20521,52569,4.9890,5.9078,-0.9188
2024-09-18,198.72,199.99,197.00,197.28,197.11,196.26,179.37,163.61,164.91,189.9862,1,191.5824,1,37049,51468,4.6809,5.6624,-0.9816
2024-09-19,198.00,200.98,197.73,198.59,197.81,196.29,180.42,163.96,164.96,189.9862,1,192.5191,1,38646,51693,4.4906,5.4281,-0.9375
2024-09-20,205.67,208.28,200.98,201.99,198.87,196.61,181.45,164.33,165.07,189.9862,1,193.4184,1,83179,52602,4.5616,5.2548,-0.6932
2024-09-23,200.75,203.30,200.12,201.31,199.67,196.98,182.43,164.69,165.15,189.9862,1,194.2816,1,38229,52216,4.5110,5.1060,-0.5950
2024-09-24,204.55,210.76,203.51,209.31,200.83,197.49,183.67,165.10,165.29,189.9862,1,195.1104,1,65326,52673,5.0581,5.0964,-0.0384
2024-09-25,206.73,210.51,206.30,206.72,200.39,197.72,184.74,165.47,165.43,189.9862,1,195.9059,1,36817,52115,5.2225,5.1216,0.1008
2024-09-26,212.00,213.77,208.32,212.53,202.02,198.43,185.92,165.86,165.62,191.8571,1,196.6697,1,51454,52209,5.7552,5.2483,0.5069
2024-09-27,218.89,223.96,217.71,218.42,204.01,199.43,187.25,166.28,165.84,200.1369,1,197.4029,1,86123,53201,6.5769,5.5141,1.0628
2024-09-30,237.10,237.10,218.00,224.51,206.82,201.07,188.64,166.71,166.06,203.1917,1,198.9963,1,111537,55064,7.6315,5.9375,1.6940
2024-10-01,222.96,231.34,221.03,230.98,210.16,203.20,190.04,167.05,166.30,203.1917,1,202.0446,1,76986,56193,8.8869,6.5274,2.3595
2024-10-02,236.24,238.80,227.43,233.60,213.80,205.45,191.57,167.42,166.53,207.1901,1,204.8491,1,95846,57280,9.9783,7.2176,2.7607
2024-10-03,233.50,237.95,232.77,233.64,217.30,207.55,192.97,167.87,166.78,210.4766,1,208.2442,1,70863,57728,10.7228,7.9186,2.8041
2024-10-04,247.00,248.16,243.06,246.04,221.71,210.29,194.62,168.41,167.10,218.8589,1,211.2997,1,149469,59875,12.1731,8.7695,3.4035
2024-10-07,247.00,247.50,239.86,243.02,225.88,212.78,196.23,168.91,167.38,218.8589,1,215.7230,1,144402,62433,12.9297,9.6016,3.3281
2024-10-08,229.00,239.01,225.39,235.43,228.49,214.66,197.72,169.41,167.68,218.8589,1,219.6154,1,122871,64502,12.7697,10.2352,2.5345
2024-10-09,241.10,246.55,234.86,240.40,231.86,216.12,199.39,169.95,168.00,218.8589,1,223.0408,1,168280,67377,12.8952,10.7672,2.1280
2024-10-10,240.38,243.83,237.50,239.38,234.54,218.28,200.85,170.47,168.32,218.8589,1,225.3900,1,73992,67885,12.7653,11.1668,1.5985
2024-10-11,234.33,237.68,233.49,236.10,236.31,220.16,202.32,170.99,168.62,218.8589,1,228.1224,1,88207,68589,12.2564,11.3847,0.8716
2024-10-14,228.73,231.46,221.50,227.05,236.56,221.69,203.60,171.40,168.86,218.8589,1,248.1600,0,130440,70617,10.9960,11.3070,-0.3110
2024-10-15,223.43,225.76,221.16,222.60,235.73,222.94,204.74,171.79,169.08,218.8589,1,247.6268,0,61616,70848,9.5283,10.9512,-1.4230
2024-10-16,224.26,224.26,220.85,222.16,234.58,224.19,205.75,172.10,169.28,218.8589,1,246.5683,0,36501,70601,8.2346,10.4079,-2.1733
2024-10-17,219.40,220.66,211.56,212.39,232.46,224.88,206.47,172.39,169.46,242.8585,0,245.0252,0,84340,69874,6.3479,9.5959,-3.2480
2024-10-18,222.35,222.35,215.12,218.97,229.75,225.73,207.19,172.72,169.65,242.8585,0,242.3480,0,115660,69962,5.3222,8.7412,-3.4189
2024-10-21,220.00,221.84,217.31,219.92,227.44,226.66,207.93,173.06,169.87,242.8585,0,239.8850,0,41323,69628,4.5338,7.8997,-3.3659
2024-10-22,219.14,221.13,218.45,220.63,225.96,227.22,208.54,173.41,170.15,242.8585,0,237.6190,0,23784,68379,3.9210,7.1040,-3.1829
2024-10-23,223.88,224.00,218.82,221.01,224.02,227.94,209.22,173.75,170.39,242.8585,0,235.5343,0,32091,67824,3.4266,6.3685,-2.9419
2024-10-24,214.75,221.60,213.62,214.15,221.50,228.02,209.77,174.09,170.56,240.7987,0,233.6163,0,33836,67354,2.4529,5.5854,-3.1325
2024-10-25,213.18,215.26,211.30,212.81,219.17,227.74,210.21,174.49,170.75,235.3378,0,231.8518,0,52309,67339,1.5552,4.7793,-3.2241
2024-10-28,215.11,219.03,214.30,217.22,218.19,227.38,210.66,174.91,170.96,235.3378,0,229.7966,0,30997,66493,1.1860,4.0607,-2.8747
2024-10-29,217.00,219.57,214.80,216.53,217.58,226.65,211.14,175.33,171.16,235.3378,0,227.9470,0,49650,66461,0.8281,3.4142,-2.5861
2024-10-30,213.88,213.88,205.32,205.99,215.96,225.27,211.37,175.67,171.33,231.8432,0,226.2823,0,185061,69070,-0.3025,2.6708,-2.9733
2024-10-31,205.50,205.99,202.19,202.64,214.99,223.72,211.47,175.98,171.50,225.2489,0,223.7668,0,43932,68617,-1.4521,1.8462,-3.2983
2024-11-01,206.63,209.05,202.90,204.21,213.51,221.63,211.64,176.28,171.70,225.2489,0,220.7460,0,94549,69511,-2.2110,1.0348,-3.2458
2024-11-04,204.86,210.52,204.86,207.25,212.24,219.84,211.91,176.64,171.93,225.2489,0,218.1482,0,36725,69440,-2.5379,0.3203,-2.8581
2024-11-05,208.13,209.99,205.63,208.03,210.98,218.47,212.08,177.01,172.19,225.2489,0,215.9141,0,67110,69073,-2.7028,-0.2844,-2.4185
2024-11-06,208.03,208.03,196.15,202.73,209.16,216.59,212.09,177.37,172.39,223.6513,0,213.9927,0,111866,70043,-3.2240,-0.8723,-2.3517
2024-11-07,202.73,208.06,202.73,206.82,208.42,214.96,212.27,177.75,172.62,223.6513,0,211.1379,0,29844,69991,-3.2694,-1.3517,-1.9177
2024-11-08,203.84,206.35,202.59,205.47,207.69,213.43,212.41,178.12,172.83,223.6513,0,208.7398,0,42614,70305,-3.3754,-1.7564,-1.6189
2024-11-11,206.37,209.29,204.40,205.04,206.47,212.33,212.67,178.46,173.04,223.6513,0,196.1500,1,68586,70551,-3.4542,-2.0960,-1.3582
2024-11-12,198.00,203.00,189.60,193.64,204.18,210.88,212.78,178.75,173.20,218.5932,0,209.2900,0,64889,70477,-4.3861,-2.5540,-1.8320
2024-11-13,197.44,200.88,193.28,195.45,203.13,209.54,212.91,179.08,173.40,218.5932,0,209.2900,0,55019,69630,-4.9217,-3.0276,-1.8942
2024-11-14,193.58,195.64,191.26,193.29,202.19,208.59,212.95,179.43,173.63,214.8725,0,208.8962,0,41267,69772,-5.4577,-3.5136,-1.9441
2024-11-15,187.79,191.45,186.16,189.23,200.69,207.10,212.91,179.77,173.82,210.2265,0,208.5103,0,43674,70122,-6.1392,-4.0387,-2.1005
2024-11-18,186.92,188.32,184.49,187.69,198.74,205.49,212.79,180.12,174.04,207.1064,0,207.6163,0,83447,71231,-6.7261,-4.5762,-2.1499
2024-11-19,188.24,190.09,187.19,187.77,196.71,203.85,212.60,180.50,174.27,207.1064,0,206.2287,0,44783,71404,-7.1029,-5.0815,-2.0213
2024-11-20,195.00,198.48,192.00,194.26,195.87,202.51,212.26,180.91,174.47,207.1064,0,204.9244,0,66884,70197,-6.7994,-5.4251,-1.3743
2024-11-21,196.09,197.48,191.41,194.56,194.64,201.53,212.22,181.35,174.71,207.1064,0,203.6983,0,43095,69160,-6.4602,-5.6321,-0.8281
2024-11-22,190.94,192.90,189.01,190.51,193.14,200.42,212.06,181.74,174.94,207.1064,0,202.5458,0,42427,69166,-6.4439,-5.7945,-0.6494
2024-11-25,192.03,194.98,188.14,190.30,191.67,199.07,211.94,182.08,175.16,207.1064,0,201.4625,0,52599,69414,-6.3745,-5.9105,-0.4640
2024-11-26,190.20,192.17,186.52,192.11,191.52,197.85,211.83,182.40,175.39,207.1064,0,200.4441,0,59208,70188,-6.1030,-5.9490,-0.1540
2024-11-27,201.31,210.62,201.03,206.16,192.59,197.86,212.01,182.79,175.71,207.1064,0,184.4900,1,70362,70854,-4.7000,-5.6992,0.9992
2024-11-29,215.13,216.37,211.37,215.00,194.76,198.48,212.34,183.20,176.06,189.7361,1,185.0126,1,55599,71193,-2.8420,-5.1278,2.2857
2024-12-02,214.89,216.73,200.00,205.75,196.41,198.55,212.41,183.53,176.35,189.7361,1,186.2669,1,431149,78153,-2.0919,-4.5206,2.4287
2024-12-03,206.22,208.23,202.63,206.01,198.24,198.49,212.51,183.87,176.64,189.7361,1,188.0947,1,81415,79017,-1.4595,-3.9084,2.4488
2024-12-04,203.37,206.43,198.70,199.09,199.37,198.04,212.30,184.16,176.90,189.7361,1,189.8128,1,67631,79063,-1.4995,-3.4266,1.9271
2024-12-05,204.47,204.99,200.01,201.66,200.11,197.99,212.20,184.42,177.15,189.7361,1,191.4278,1,51363,79354,-1.3088,-3.0030,1.6943
2024-12-06,207.72,209.46,204.09,205.62,201.22,197.93,212.06,184.71,177.41,189.7361,1,192.9460,1,71761,79760,-0.8285,-2.5681,1.7397
2024-12-09,209.10,211.00,203.59,207.62,202.93,198.04,211.85,185.01,177.67,189.7361,1,194.3730,1,106468,80167,-0.2832,-2.1111,1.8279
2024-12-10,195.52,196.96,183.29,187.50,202.65,197.16,211.11,185.19,177.81,219.3331,0,216.7300,0,236363,82663,-1.4578,-1.9805,0.5227
2024-12-11,186.92,187.64,183.26,184.38,201.88,196.70,210.18,185.32,177.83,213.0504,0,216.0612,0,90623,82936,-2.6103,-2.1064,-0.5039
2024-12-12,184.02,186.35,179.69,180.27,199.29,195.94,209.11,185.40,177.84,209.8584,0,214.7492,0,69909,82417,-3.8114,-2.4474,-1.3640
2024-12-13,177.15,179.65,176.15,179.35,195.73,195.24,208.02,185.52,177.91,203.2905,0,212.6456,0,66108,82322,-4.7824,-2.9144,-1.8680
2024-12-16,177.69,180.00,174.50,176.33,192.78,194.60,206.63,185.62,177.97,201.7515,0,209.7260,0,94901,81231,-5.7295,-3.4774,-2.2521
2024-12-17,178.00,179.59,176.05,179.06,190.09,194.17,205.35,185.74,178.02,200.9303,0,206.2034,0,65572,79654,-6.1885,-4.0197,-2.1689
2024-12-18,177.56,178.69,174.51,175.87,187.77,193.57,204.16,185.81,178.10,198.7645,0,203.0330,0,104150,79280,-6.7321,-4.5621,-2.1700
2024-12-19,175.18,177.30,170.99,174.72,185.07,192.59,202.85,185.84,178.18,195.9856,0,200.1797,0,51735,76949,-7.1730,-5.0843,-2.0887
2024-12-20,176.29,179.25,175.80,176.50,182.16,191.69,201.59,185.86,178.25,195.9856,0,196.6770,0,65040,76770,-7.2947,-5.5264,-1.7683
2024-12-23,178.63,179.93,176.57,177.70,179.17,191.05,200.42,185.88,178.34,195.9856,0,193.5945,0,41084,75827,-7.2112,-5.8633,-1.3478
2024-12-24,177.72,182.33,177.09,181.62,178.58,190.62,199.51,185.98,178.43,195.9856,0,190.8820,0,26952,73757,-6.7508,-6.0408,-0.7100
2024-12-26,181.58,184.98,180.99,184.68,178.61,190.24,198.75,186.09,178.53,195.9856,0,188.4950,0,30269,73131,-6.0692,-6.0465,-0.0227
2024-12-27,181.81,184.91,180.26,181.89,178.77,189.03,197.95,186.26,178.56,195.9856,0,186.3944,0,30885,73018,-5.6885,-5.9749,0.2864
2024-12-30,180.08,185.24,179.73,183.81,179.22,187.47,197.38,186.47,178.64,195.9856,0,170.9900,1,32884,71989,-5.1722,-5.8144,0.6421
2024-12-31,184.00,187.42,183.91,184.71,180.06,186.42,196.69,186.68,178.71,195.9856,0,171.2750,1,61250,70901,-4.6370,-5.5789,0.9419
2025-01-02,182.50,186.54,180.34,184.00,180.55,185.32,195.97,186.90,178.79,195.9856,0,171.9208,1,24325,70561,-4.2215,-5.3074,1.0859
2025-01-03,183.50,184.76,179.05,180.82,181.04,184.41,195.18,187.08,178.85,195.9856,0,172.5408,1,34338,70772,-4.1015,-5.0662,0.9647
2025-01-06,182.00,182.00,179.01,180.64,181.64,183.35,194.37,187.29,178.91,195.9856,0,173.1359,1,67921,71489,-3.9751,-4.8480,0.8729
2025-01-07,176.11,180.40,175.00,175.10,181.50,181.83,193.59,187.48,178.96,194.3444,0,173.7073,1,75748,72327,-4.2727,-4.7330,0.4602
2025-01-08,175.00,177.99,172.67,177.88,181.52,180.34,192.89,187.63,179.09,191.9083,0,187.4200,0,44772,72176,-4.2355,-4.6335,0.3980
2025-01-10,179.98,180.10,175.92,176.71,181.02,179.80,192.08,187.75,179.21,191.9083,0,187.1250,0,47977,72516,-4.2513,-4.5570,0.3057
2025-01-13,176.00,184.64,174.74,184.61,181.02,179.81,191.44,187.93,179.36,191.9083,0,186.8359,0,41500,72353,-3.5851,-4.3626,0.7776
2025-01-14,191.50,207.67,191.50,200.99,182.93,180.85,191.34,188.23,179.59,176.8915,1,172.6700,1,147647,71604,-1.7156,-3.8332,2.1176
2025-01-15,200.00,203.00,196.65,201.72,184.72,181.97,191.32,188.53,179.82,177.4958,1,173.3700,1,71530,72156,-0.1731,-3.1012,2.9281
2025-01-16,201.72,206.82,199.02,205.34,186.78,183.42,191.35,188.84,180.05,180.4844,1,174.0560,1,60308,71472,1.3261,-2.2157,3.5419
2025-01-17,205.35,211.96,205.35,210.08,189.39,184.97,191.40,189.12,180.33,186.4756,1,174.7283,1,102939,72796,2.8638,-1.1998,4.0636
2025-01-21,214.51,221.79,212.99,218.70,193.18,187.11,191.62,189.47,180.66,193.9155,1,176.2175,1,113965,73733,4.7235,-0.0152,4.7386
2025-01-22,217.37,223.52,214.10,222.22,197.34,189.49,192.01,189.87,181.03,194.8570,1,178.9519,1,106021,73616,6.4075,1.2694,5.1381
2025-01-23,217.35,223.50,215.70,222.24,202.05,191.77,192.31,190.29,181.39,195.7023,1,182.5173,1,78228,74584,7.6554,2.5466,5.1088
2025-01-24,217.58,223.54,215.46,222.08,206.47,193.99,192.65,190.74,181.75,195.7023,1,185.7976,1,76929,75270,8.5332,3.7439,4.7893
2025-01-27,222.99,227.92,221.51,225.24,211.32,196.17,193.05,191.20,182.11,201.2572,1,189.5718,1,76694,75432,9.3757,4.8702,4.5054
2025-01-28,228.89,229.00,223.51,226.67,215.53,198.27,193.71,191.67,182.49,203.4938,1,194.1736,1,47623,75087,10.0430,5.9048,4.1382
2025-01-29,224.61,228.87,224.61,226.71,218.10,200.51,194.34,192.12,182.89,204.9759,1,199.0493,1,28203,74551,10.4546,6.8147,3.6398
2025-01-30,225.90,229.75,225.26,226.89,220.62,202.67,195.01,192.63,183.32,206.5725,1,203.2424,1,42133,74568,10.6722,7.5862,3.0860
2025-01-31,226.90,227.80,223.11,224.99,222.58,204.68,195.72,193.15,183.76,206.5725,1,207.4836,1,48800,74670,10.5696,8.1829,2.3867
2025-02-03,220.88,227.64,216.88,223.37,223.91,206.65,196.44,193.67,184.20,206.5725,1,211.0462,1,46171,73925,10.2395,8.5942,1.6453
2025-02-04,229.00,229.00,222.51,222.91,224.33,208.75,197.14,194.21,184.66,206.5725,1,214.0388,1,89944,74828,9.8275,8.8409,0.9866
2025-02-05,226.01,229.99,225.92,227.67,224.88,211.11,197.81,194.76,185.14,206.7045,1,216.5526,1,92980,75350,9.7724,9.0272,0.7452
2025-02-06,230.00,233.50,227.24,228.87,225.54,213.79,198.49,195.32,185.63,209.3706,1,218.9713,1,120981,76908,9.7136,9.1645,0.5491
2025-02-07,228.00,228.69,221.93,223.50,225.68,216.08,199.15,195.83,186.10,209.3706,1,221.8771,1,54512,77149,9.1285,9.1573,-0.0288
2025-02-10,225.11,226.07,219.15,219.67,225.13,218.22,199.74,196.31,186.50,209.3706,1,233.5000,0,64319,77384,8.2605,8.9779,-0.7174
2025-02-11,222.06,227.51,219.06,221.22,224.58,220.05,200.32,196.82,186.88,209.3706,1,233.2130,0,74750,77695,7.6099,8.7043,-1.0944
2025-02-12,222.95,226.68,221.34,223.31,224.24,221.17,200.67,197.35,187.26,209.3706,1,232.6469,0,49530,77278,7.1802,8.3995,-1.2193
2025-02-13,218.60,226.33,218.51,225.49,224.10,222.36,200.88,197.88,187.62,209.3706,1,232.1034,0,62686,77420,6.9357,8.1067,-1.1711
2025-02-14,235.00,235.00,227.90,230.86,224.69,223.63,201.38,198.41,187.99,209.5583,1,218.5100,1,111898,71035,7.0934,7.9041,-0.8107
2025-02-18,240.00,242.45,236.25,238.11,226.16,225.04,202.02,198.99,188.41,216.1695,1,218.5100,1,138437,72175,7.7145,7.8661,-0.1517
2025-02-19,234.22,239.71,233.66,236.69,227.54,225.94,202.77,199.58,188.81,216.1695,1,219.4674,1,104972,72922,7.9999,7.8929,0.1070
2025-02-20,237.12,246.80,237.12,244.20,229.19,227.03,203.62,200.19,189.22,218.5179,1,220.3865,1,185348,75602,8.7314,8.0606,0.6708
2025-02-21,258.66,260.98,253.04,255.37,231.84,228.69,204.62,200.87,189.69,230.8771,1,221.9713,1,207131,78309,10.0961,8.4677,1.6284
2025-02-24,256.50,259.69,254.14,258.49,235.34,230.51,205.64,201.58,190.17,231.7327,1,225.0916,1,127100,78722,11.2992,9.0340,2.2652
2025-02-25,260.00,265.89,258.28,259.70,239.34,232.23,207.08,202.28,190.66,237.1379,1,227.9623,1,160936,77213,12.2095,9.6691,2.5404
2025-02-26,265.40,268.45,257.68,259.00,243.12,233.85,208.57,202.93,191.14,237.3816,1,231.7551,1,184097,79083,12.7277,10.2808,2.4469
2025-02-27,265.00,287.88,264.00,278.38,248.63,236.43,210.53,203.74,191.68,244.1609,1,236.1584,1,312092,83926,14.5346,11.1316,3.4031
2025-02-28,270.24,281.17,265.27,271.80,253.26,238.68,212.38,204.46,192.24,244.1609,1,243.3995,1,262205,87848,15.2598,11.9572,3.3026
2025-03-03,255.83,258.95,240.00,245.53,254.73,239.71,213.77,205.01,192.65,244.1609,1,287.8800,0,317348,92297,13.5584,12.2775,1.2810
2025-03-04,252.00,257.74,250.47,257.31,256.65,241.40,215.33,205.64,193.14,244.1609,1,286.9224,0,213850,95263,13.0107,12.4241,0.5866
2025-03-05,259.78,263.33,255.88,262.21,259.20,243.37,217.06,206.31,193.62,244.1609,1,285.9840,0,148883,96157,12.8241,12.5041,0.3200
2025-03-06,256.86,264.87,256.28,256.97,260.48,244.83,218.70,206.98,194.05,244.1609,1,285.0643,0,113504,97393,12.1138,12.4261,-0.3122
2025-03-07,256.47,256.52,245.52,247.07,259.65,245.74,220.11,207.52,194.42,244.1609,1,284.1630,0,163659,99365,10.6295,12.0667,-1.4372
2025-03-10,240.00,246.99,238.10,242.66,258.06,246.70,221.41,208.05,194.77,277.8163,0,283.2797,0,142708,101398,8.9937,11.4521,-2.4585
2025-03-11,246.88,247.29,242.49,245.71,256.66,248.00,222.70,208.60,195.16,277.8163,0,281.4725,0,92313,102705,7.8528,10.7323,-2.8794
2025-03-12,249.22,250.00,244.07,249.84,255.75,249.43,224.00,209.16,195.57,277.8163,0,279.7376,0,155051,105201,7.1990,10.0256,-2.8266
2025-03-13,250.00,254.74,246.89,254.57,253.37,251.00,225.45,209.72,196.06,277.8163,0,278.0721,0,69294,105969,6.9820,9.4169,-2.4349
2025-03-14,253.71,260.00,252.01,259.19,252.11,252.68,226.96,210.27,196.59,277.8163,0,276.4733,0,81645,106944,7.1010,8.9537,-1.8527
2025-03-17,260.00,265.85,257.16,265.07,254.06,254.39,228.57,210.81,197.15,277.8163,0,274.9383,0,103351,107786,7.5823,8.6794,-1.0971
2025-03-18,261.18,264.24,258.19,261.38,254.47,255.56,230.12,211.34,197.70,277.8163,0,273.4648,0,70808,108716,7.5787,8.4593,-0.8806
2025-03-19,259.41,270.60,259.41,266.26,254.87,257.04,231.82,211.85,198.26,277.8163,0,272.0502,0,79958,109628,7.8787,8.3432,-0.4644
2025-03-20,264.17,268.38,260.02,262.59,255.43,257.96,233.46,212.35,198.83,277.8163,0,270.6922,0,54908,109368,7.7313,8.2208,-0.4895
2025-03-21,254.57,256.49,250.49,251.98,255.93,257.79,235.00,212.79,199.36,277.8163,0,270.6000,0,130576,110464,6.6813,7.9129,-1.2316
2025-03-24,254.74,257.88,252.54,253.20,256.98,257.52,236.51,213.20,199.85,277.8163,0,269.3000,0,143134,112432,5.8798,7.5063,-1.6265
2025-03-25,258.48,258.48,250.24,250.47,257.46,257.06,237.98,213.57,200.31,277.8163,0,268.0520,0,80100,113074,4.9671,6.9984,-2.0314
2025-03-26,253.34,253.34,249.02,250.92,257.56,256.66,239.31,213.96,200.77,277.7309,0,266.8539,0,65942,113563,4.2313,6.4450,-2.2137
2025-03-27,264.02,269.00,259.08,262.60,258.37,255.87,240.54,214.42,201.31,277.7309,0,238.1000,1,181063,114231,4.5383,6.0637,-1.5254
2025-03-28,269.00,274.00,265.58,267.39,259.19,255.65,241.85,214.88,201.86,277.7309,0,238.7180,1,137599,115553,5.1093,5.8728,-0.7635
2025-03-31,273.80,275.25,264.43,272.17,259.90,256.98,243.19,215.39,202.43,277.7309,0,240.1293,1,145557,117257,5.8797,5.8742,0.0055
2025-04-01,282.93,284.15,268.46,271.04,260.86,257.66,244.41,215.91,202.94,277.7309,0,242.2365,1,245427,120107,6.3261,5.9645,0.3616
2025-04-02,271.59,276.00,269.07,274.78,261.71,258.29,245.53,216.41,203.49,277.7309,0,245.5896,1,202485,121878,6.9021,6.1521,0.7501
2025-04-03,265.84,270.00,259.78,264.32,261.89,258.66,246.37,216.82,204.00,277.7309,0,248.6744,1,103058,121818,6.4404,6.2097,0.2306
2025-04-04,253.00,253.81,237.86,238.51,260.54,258.23,246.70,217.09,204.39,277.7309,0,284.1500,0,161066,123475,3.9463,5.7570,-1.8108
2025-04-07,220.15,235.03,214.12,220.54,257.27,257.13,246.67,217.24,204.72,265.0433,0,283.2242,0,154422,125025,0.5137,4.7084,-4.1946
2025-04-08,229.47,229.47,207.63,209.41,253.17,255.31,246.35,217.36,204.99,261.5236,0,280.4601,0,128054,126052,-3.0693,3.1528,-6.2221
2025-04-09,209.24,211.85,196.45,206.32,248.71,253.14,245.94,217.48,205.24,247.4448,0,276.0906,0,156886,128237,-6.0880,1.3047,-7.3927
2025-04-10,218.64,222.17,206.72,208.31,243.28,250.82,245.58,217.61,205.49,247.4448,0,269.7194,0,193770,131549,-8.2250,-0.6013,-7.6237
2025-04-11,227.72,234.80,226.49,230.36,239.58,249.38,245.65,217.87,205.88,247.4448,0,263.8578,0,209535,134897,-8.0466,-2.0903,-5.9562
2025-04-14,246.57,250.43,236.95,242.75,236.63,248.27,246.00,218.21,206.36,247.4448,0,258.4652,0,202793,137977,-6.8267,-3.0376,-3.7891
2025-04-15,239.56,244.00,237.60,238.84,233.41,247.14,246.31,218.51,206.83,247.4448,0,253.5040,0,95870,138971,-6.1051,-3.6511,-2.4540
2025-04-16,235.00,236.18,227.69,228.14,228.75,245.23,246.41,218.72,207.26,247.4448,0,250.4300,0,131340,139799,-6.3237,-4.1856,-2.1381
2025-04-17,229.30,234.15,227.40,230.98,225.42,243.65,246.48,218.85,207.69,247.4448,0,246.1116,0,120086,140341,-6.1963,-4.5877,-1.6086
2025-04-21,231.28,232.51,228.23,229.22,224.49,242.51,246.49,219.07,208.12,247.4448,0,242.1387,0,64800,139217,-6.1663,-4.9035,-1.2629
2025-04-22,249.41,254.90,245.76,252.77,227.71,242.49,247.07,219.43,208.64,207.4425,1,196.4500,1,182576,141778,-4.1939,-4.7616,0.5676
2025-04-23,252.46,255.05,248.00,249.13,231.68,242.43,247.66,219.78,209.15,210.8123,1,197.6190,1,107226,142637,-2.8912,-4.3875,1.4963
2025-04-24,257.88,259.98,253.01,256.16,236.67,242.69,248.36,220.17,209.71,216.5963,1,199.9164,1,117731,143496,-1.2768,-3.7653,2.4886
2025-04-25,247.56,250.82,244.40,244.90,240.33,241.80,248.79,220.49,210.21,216.5963,1,203.5203,1,119536,144896,-0.8956,-3.1914,2.2958
2025-04-28,247.67,255.64,247.67,249.46,242.24,240.91,249.27,220.83,210.73,216.5963,1,206.9078,1,61891,144880,-0.2230,-2.5977,2.3747
2025-04-29,249.09,250.29,246.04,249.77,242.94,239.79,249.65,221.15,211.22,216.5963,1,210.0922,1,80226,144247,0.3313,-2.0119,2.3432
2025-04-30,263.00,267.00,256.61,259.81,245.03,239.22,250.08,221.54,211.76,224.1274,1,213.0854,1,91713,143312,1.5626,-1.2970,2.8596
2025-05-01,257.17,261.99,255.59,255.64,247.78,238.27,250.46,221.85,212.30,224.1274,1,217.3986,1,84591,142905,2.1769,-0.6022,2.7791
2025-05-02,262.54,262.76,254.37,255.77,250.26,237.84,250.70,222.17,212.82,224.1274,1,221.3667,1,46141,140121,2.6438,0.0470,2.5968
2025-05-05,252.81,255.54,250.52,254.16,252.76,238.62,250.67,222.45,213.32,224.1274,1,225.0174,1,51137,137001,2.8510,0.6078,2.2432
2025-05-06,256.89,258.26,240.77,241.75,251.66,239.68,250.34,222.61,213.77,224.1274,1,228.3760,1,234352,139146,1.9908,0.8844,1.1065
2025-05-07,232.85,237.08,229.65,232.25,249.97,240.82,249.79,222.66,214.15,224.1274,1,267.0000,0,157280,139073,0.5364,0.8148,-0.2784
2025-05-08,236.28,238.69,230.76,235.94,247.95,242.31,249.33,222.69,214.53,224.1274,1,266.2529,0,107754,137546,-0.3148,0.5889,-0.9037
2025-05-09,234.59,238.93,230.23,231.99,246.65,243.49,248.40,222.68,214.90,224.1274,1,265.5207,0,87159,133047,-1.2933,0.2124,-1.5057
2025-05-12,219.28,235.48,219.28,233.25,245.03,243.63,247.63,222.68,215.25,224.1274,1,264.8032,0,142539,130654,-1.9446,-0.2190,-1.7256
2025-05-13,224.16,226.12,221.83,224.73,242.53,242.73,247.21,222.54,215.56,224.1274,1,262.9823,0,87128,126049,-3.1124,-0.7977,-2.3148
2025-05-14,223.20,225.91,218.31,219.95,238.54,241.79,246.46,222.38,215.84,255.5245,0,261.2342,0,57803,122929,-4.3732,-1.5128,-2.8604
2025-05-15,223.88,226.59,220.64,225.77,235.56,241.67,245.74,222.32,216.17,255.5245,0,258.6588,0,119184,122335,-4.8469,-2.1796,-2.6673
2025-05-16,227.63,230.58,227.05,228.38,232.82,241.54,245.16,222.24,216.53,255.5245,0,256.2378,0,66276,121390,-4.9546,-2.7346,-2.2200
2025-05-19,230.71,233.62,228.93,233.37,230.74,241.75,244.89,222.20,216.86,255.5245,0,253.9622,0,92111,119959,-4.5844,-3.1045,-1.4799
2025-05-20,234.09,237.42,232.78,236.86,230.25,240.95,244.77,222.20,217.23,255.5245,0,251.8230,0,38087,117867,-3.9637,-3.2764,-0.6874
2025-05-21,238.46,240.00,234.80,236.49,230.67,240.32,244.59,222.27,217.60,255.5245,0,249.8122,0,61298,117246,-3.4618,-3.3135,-0.1483
2025-05-22,238.28,241.38,237.60,238.76,230.96,239.45,244.37,222.37,217.96,255.5245,0,247.9221,0,51095,115167,-2.8480,-3.2204,0.3723
2025-05-23,238.20,242.94,237.13,241.43,231.90,239.28,244.10,222.50,218.31,255.5245,0,246.1454,0,41405,114609,-2.1217,-3.0006,0.8789
2025-05-27,240.65,244.75,235.35,238.31,232.40,238.72,243.69,222.67,218.62,255.5245,0,218.3100,1,75616,114489,-1.7774,-2.7560,0.9786
2025-05-28,237.17,241.21,235.57,240.41,233.97,238.25,243.19,222.82,218.91,255.5245,0,218.8388,1,45486,113332,-1.3198,-2.4687,1.1490
2025-05-29,243.12,248.08,242.74,246.68,236.65,237.59,242.90,223.00,219.23,255.5245,0,219.3570,1,77630,113468,-0.4461,-2.0642,1.6181
2025-05-30,248.00,248.00,240.21,245.58,238.63,237.09,242.49,223.16,219.51,255.5245,0,220.5059,1,99951,113868,0.1558,-1.6202,1.7760
2025-06-02,243.45,248.00,240.00,245.93,240.38,236.60,242.15,223.33,219.80,255.5245,0,221.6089,1,44464,113659,0.6535,-1.1655,1.8189
2025-06-03,246.22,254.16,246.22,251.72,242.22,236.48,242.15,223.58,220.13,255.5245,0,222.6677,1,65598,112359,1.4978,-0.6328,2.1306
2025-06-04,255.06,261.93,254.39,258.27,244.36,237.30,242.25,223.88,220.46,233.6131,1,224.5573,1,74330,110983,2.6648,0.0267,2.6381
2025-06-05,255.17,259.38,255.05,257.00,246.41,238.54,242.38,224.15,220.77,233.8238,1,227.5471,1,38576,110153,3.4474,0.7108,2.7366
2025-06-06,255.22,257.61,250.00,255.86,248.12,239.54,242.48,224.41,221.09,233.8238,1,230.2977,1,102907,110892,3.9304,1.3547,2.5756
2025-06-09,265.21,270.13,262.32,263.78,250.35,241.13,242.50,224.79,221.44,240.9399,1,232.8283,1,128197,109835,4.8957,2.0629,2.8328
2025-06-10,261.04,264.85,260.46,263.42,252.86,242.63,242.42,225.20,221.77,240.9399,1,236.5585,1,109635,109276,5.5676,2.7639,2.8037
2025-06-11,260.00,264.00,257.41,262.41,255.06,244.52,242.23,225.59,222.10,240.9399,1,239.9156,1,74157,107848,5.9499,3.4011,2.5488
2025-06-12,276.59,284.51,275.00,276.53,258.05,247.35,242.34,226.05,222.51,251.8481,1,242.9371,1,200291,106945,7.3080,4.1825,3.1256
2025-06-13,269.10,272.82,268.69,269.63,260.46,249.54,242.23,226.46,222.87,251.8481,1,247.9259,1,105614,105007,7.7384,4.8937,2.8447
2025-06-16,263.85,267.53,263.33,264.42,262.30,251.34,242.24,226.87,223.18,251.8481,1,252.3161,1,86360,104673,7.5718,5.4293,2.1425
2025-06-17,257.73,258.50,249.52,254.09,262.54,252.38,242.55,227.19,223.46,251.8481,1,284.5110,0,107937,103611,6.5309,5.6496,0.8813
2025-06-18,255.66,257.94,252.67,252.78,261.99,253.18,243.19,227.50,223.73,251.8481,1,283.8112,0,58241,101687,5.5365,5.6270,-0.0905
2025-06-20,244.52,248.30,243.35,247.08,261.00,253.70,243.95,227.78,224.00,273.0976,0,283.1253,0,57026,100267,4.2396,5.3495,-1.1099
2025-06-23,260.00,263.88,254.01,257.51,261.17,254.64,244.97,228.21,224.35,273.0976,0,281.5343,0,116060,99450,4.0072,5.0810,-1.0739
2025-06-24,264.60,267.83,262.53,266.80,261.47,255.91,246.14,228.68,224.74,273.0976,0,280.0070,0,120220,97979,4.5205,4.9689,-0.4484
2025-06-25,264.94,268.76,263.49,267.13,261.84,257.35,246.88,229.18,225.12,273.0976,0,278.5407,0,78268,95354,4.8971,4.9546,-0.0574
2025-06-26,262.75,266.32,253.26,254.49,261.05,258.06,247.11,229.61,225.44,273.0976,0,277.1331,0,105537,93409,4.1285,4.7893,-0.6609
2025-06-27,245.51,246.00,239.51,241.20,257.51,257.78,247.16,229.97,225.67,273.0976,0,275.7817,0,96673,93425,2.4190,4.3153,-1.8963
2025-06-30,243.99,246.10,239.73,242.07,254.76,257.61,247.44,230.33,225.90,272.8948,0,273.6051,0,97336,92745,1.1215,3.6765,-2.5550
2025-07-01,244.10,246.51,240.30,245.16,252.83,257.57,247.72,230.67,226.07,272.2498,0,271.5591,0,85169,92046,0.3387,3.0090,-2.6703
2025-07-02,239.25,244.65,239.25,244.32,251.85,257.20,248.02,231.00,226.31,269.6834,0,269.6359,0,86294,92476,-0.3455,2.3381,-2.6836
2025-07-03,245.00,247.52,243.71,245.49,251.12,256.56,247.88,231.37,226.54,269.6834,0,267.2050,0,42347,89672,-0.7843,1.7136,-2.4979
2025-07-07,243.38,244.40,240.00,240.99,250.52,255.76,247.71,231.71,226.76,267.3411,0,264.9686,0,77334,89074,-1.4781,1.0753,-2.5533
2025-07-08,241.45,246.39,241.45,244.47,249.21,255.19,247.48,232.05,227.00,267.3411,0,262.9111,0,64956,88018,-1.7272,0.5148,-2.2420
2025-07-09,249.99,256.00,249.28,255.69,248.10,254.78,247.69,232.38,227.29,267.3411,0,261.0182,0,92304,87474,-1.0077,0.2103,-1.2180
2025-07-10,253.42,255.26,250.71,253.39,246.73,254.28,247.77,232.64,227.57,267.3411,0,259.2768,0,52401,87284,-0.6159,0.0450,-0.6610
2025-07-11,251.01,252.37,249.00,250.30,246.31,253.68,247.78,232.94,227.81,267.3411,0,257.6746,0,93011,87540,-0.5485,-0.0737,-0.4748
2025-07-14,250.00,253.96,249.12,252.14,247.40,252.46,247.63,233.25,228.06,267.3411,0,256.2007,0,26727,86240,-0.3426,-0.1275,-0.2152
2025-07-15,269.30,270.00,263.84,269.70,250.17,252.46,247.91,233.72,228.36,241.5123,1,239.2500,1,181886,88186,1.2234,0.1427,1.0807
2025-07-16,272.99,279.88,272.22,279.16,253.57,253.20,248.38,234.23,228.73,250.1270,1,239.8650,1,136565,89994,3.1910,0.7524,2.4386
2025-07-17,297.00,298.00,287.33,290.35,258.17,255.01,249.10,234.80,229.11,263.6841,1,241.4656,1,233703,93646,5.5889,1.7197,3.8692
2025-07-18,297.50,300.00,293.51,294.55,263.07,257.10,250.16,235.38,229.49,267.7772,1,244.8577,1,263180,94222,7.7389,2.9235,4.8154
2025-07-21,288.94,292.34,287.40,291.93,268.17,259.34,251.35,236.07,229.83,267.7772,1,249.2691,1,93418,92945,9.1262,4.1641,4.9621
2025-07-22,291.80,295.94,289.11,295.59,273.28,261.25,252.55,236.81,230.16,267.7772,1,253.3275,1,78834,92366,10.4011,5.4115,4.9896
2025-07-23,296.00,299.70,293.92,294.83,277.19,262.65,253.80,237.58,230.46,270.3655,1,257.0613,1,117077,92965,11.2208,6.5733,4.6474
2025-07-24,293.24,297.00,292.50,296.46,281.50,264.11,255.07,238.36,230.78,270.3655,1,260.4964,1,70676,91528,11.8651,7.6317,4.2334
2025-07-25,289.73,293.17,287.00,291.47,285.62,265.96,256.40,239.13,231.00,270.3655,1,263.6567,1,49900,90783,11.8367,8.4727,3.3640
2025-07-28,299.00,299.90,294.39,294.51,289.85,268.63,257.89,239.90,231.26,271.6921,1,266.5642,1,119100,92009,11.9220,9.1625,2.7595
2025-07-29,304.33,308.87,299.44,305.74,293.46,271.81,259.49,240.76,231.61,276.9394,1,269.2390,1,241290,94451,12.7488,9.8798,2.8690
2025-07-30,302.89,306.58,298.46,299.94,295.54,274.55,260.92,241.60,231.91,276.9394,1,273.2021,1,141872,95963,12.7887,10.4616,2.3271
2025-07-31,296.50,303.60,296.18,301.13,296.61,277.39,262.28,242.43,232.22,276.9394,1,276.7689,1,151468,97150,12.7691,10.9231,1.8460
2025-08-01,288.61,299.29,288.07,299.01,297.06,280.07,263.52,243.24,232.53,276.9394,1,279.9790,1,162392,99636,12.4391,11.2263,1.2128
2025-08-04,299.05,305.23,298.70,304.30,298.30,283.23,264.88,244.05,232.92,276.9394,1,282.8681,1,106109,100532,12.4608,11.4732,0.9876
2025-08-05,305.30,310.49,303.27,307.23,299.46,286.37,266.25,244.87,233.34,280.4916,1,285.4683,1,160374,102718,12.5695,11.6925,0.8771
2025-08-06,312.18,313.29,287.00,298.52,299.83,288.51,267.39,245.65,233.72,280.4916,1,310.4900,0,158066,105051,11.8167,11.7173,0.0994
2025-08-07,297.21,298.30,293.90,298.29,300.01,290.76,268.59,246.41,234.15,280.4916,1,313.2900,0,121136,105962,11.0738,11.5886,-0.5148
2025-08-08,281.34,290.67,280.11,288.18,299.69,292.65,269.54,247.10,234.50,280.4916,1,313.2900,0,121929,107490,9.5591,11.1827,-1.6236
2025-08-11,288.18,290.00,286.57,289.75,299.21,294.53,270.41,247.81,234.85,280.4916,1,311.9628,0,114422,108226,8.3887,10.6239,-2.2352
2025-08-12,285.50,289.75,283.05,288.10,297.45,295.45,271.26,248.52,235.19,280.4916,1,310.6887,0,90002,108027,7.2444,9.9480,-2.7036
2025-08-13,298.49,307.51,295.68,307.51,298.20,296.87,272.49,249.37,235.62,280.4916,1,309.4655,0,141916,109976,7.8138,9.5212,-1.7074
2025-08-14,303.01,309.74,300.00,309.69,299.06,297.84,273.65,250.27,236.10,280.4916,1,280.1100,1,100990,110684,8.3447,9.2859,-0.9412
2025-08-15,313.00,321.69,312.56,321.36,301.29,299.18,274.91,251.22,236.64,284.9483,1,280.7026,1,144226,112082,9.5965,9.3480,0.2485
2025-08-18,321.36,330.63,318.68,319.32,302.80,300.55,276.16,252.17,237.15,292.1150,1,282.3421,1,190059,115112,10.3052,9.5394,0.7657
2025-08-19,313.91,318.64,311.77,312.51,303.32,301.39,277.29,253.03,237.63,292.1150,1,285.2394,1,61533,114284,10.1997,9.6715,0.5282
2025-08-20,307.00,310.61,301.33,309.33,304.40,302.12,278.20,253.75,238.15,292.1150,1,287.9628,1,76807,113257,9.7472,9.6866,0.0606
2025-08-21,310.16,315.00,309.57,313.97,305.97,302.99,279.21,254.50,238.70,292.1150,1,290.5228,1,50078,112065,9.6517,9.6796,-0.0280
2025-08-22,312.08,317.00,312.08,313.67,308.52,304.10,280.24,255.22,239.25,292.1150,1,292.9293,1,49215,111567,9.4430,9.6323,-0.1893
2025-08-25,319.40,320.00,307.60,308.63,310.41,304.81,280.88,255.87,239.76,292.1150,1,295.1913,1,50368,108568,8.7697,9.4598,-0.6900
2025-08-26,308.84,309.68,306.35,308.91,312.49,304.97,281.66,256.48,240.26,292.1150,1,297.3176,1,37193,107200,8.1647,9.2008,-1.0361
2025-08-27,298.96,301.29,296.60,300.14,311.75,304.98,282.38,257.00,240.75,292.1150,1,330.6300,0,59398,106660,6.8980,8.7402,-1.8422
2025-08-28,295.86,302.40,295.22,297.96,310.58,304.82,283.25,257.50,241.20,292.1150,1,329.9494,0,59830,105698,5.6531,8.1228,-2.4697
2025-08-29,310.72,314.90,306.05,306.05,309.05,305.17,284.32,258.06,241.71,292.1150,1,328.5602,0,110239,106738,5.2587,7.5500,-2.2913
2025-09-02,330.00,335.94,324.02,332.04,310.32,306.56,286.02,258.77,242.34,293.8840,1,295.2200,1,254343,110685,6.9630,7.4326,-0.4696
2025-09-03,335.80,339.86,335.66,336.26,312.70,308.01,287.59,259.50,243.05,302.9276,1,296.0344,1,187095,112105,8.5556,7.6572,0.8984
2025-09-04,323.49,325.07,316.79,318.73,313.64,309.02,288.63,260.12,243.67,302.9276,1,297.7874,1,97723,111655,8.3074,7.7872,0.5202
2025-09-05,338.49,341.99,335.75,341.80,316.42,311.20,290.13,260.88,244.41,302.9276,1,299.4703,1,122262,112535,9.8586,8.2015,1.6571
2025-09-08,340.32,347.17,338.00,346.45,319.70,314.11,291.97,261.69,245.20,303.4298,1,302.0215,1,138545,113195,11.3326,8.8277,2.5049
2025-09-09,348.66,351.27,347.00,351.13,323.95,317.18,294.16,262.54,246.02,312.4493,1,305.6334,1,122509,113712,12.7316,9.6085,3.1231
2025-09-10,324.49,330.35,312.28,313.93,324.45,318.47,295.60,263.15,246.65,312.4493,1,310.1970,1,320648,118178,10.7151,9.8298,0.8853
2025-09-11,324.51,336.80,324.51,335.67,328.00,319.88,297.41,263.87,247.35,312.4493,1,312.2800,1,144137,119358,10.7473,10.0133,0.7340
2025-09-12,331.66,333.03,324.03,324.34,330.64,320.61,299.01,264.51,248.00,312.4493,1,312.2800,1,89064,119413,9.7462,9.9599,-0.2136
2025-09-15,332.94,334.02,330.00,332.27,333.26,321.16,300.75,265.23,248.71,312.4493,1,316.1790,1,118288,120932,9.4835,9.8646,-0.3811
2025-09-16,327.78,327.78,323.69,327.20,332.78,321.55,302.47,265.95,249.40,312.4493,1,319.6881,1,103592,121457,8.7651,9.6447,-0.8796
2025-09-17,330.00,334.10,330.00,332.20,332.37,322.53,304.23,266.69,250.10,312.4493,1,322.8463,1,52421,121206,8.5012,9.4160,-0.9148
2025-09-18,335.00,343.28,335.00,342.89,334.79,324.21,305.97,267.49,250.78,312.4493,1,323.6900,1,78762,120936,9.0504,9.3429,-0.2925
2025-09-19,335.00,339.25,332.39,334.40,334.05,325.23,307.59,268.21,251.38,312.4493,1,326.4480,1,80891,121505,8.7002,9.2143,-0.5141
2025-09-22,337.49,339.67,334.40,337.82,333.18,326.44,309.34,268.93,252.04,312.4493,1,328.9302,1,37937,120404,8.5991,9.0913,-0.4922
2025-09-23,329.50,332.17,326.68,329.07,330.98,327.46,310.88,269.53,252.65,312.4493,1,351.2700,0,55942,120988,7.7244,8.8179,-1.0936
2025-09-24,327.98,331.15,327.40,329.84,332.57,328.51,312.08,270.15,253.31,312.4493,1,350.7783,0,44495,118240,7.0124,8.4568,-1.4444
2025-09-25,330.14,332.74,325.43,328.71,331.87,329.94,313.07,270.72,253.94,312.4493,1,350.2964,0,82934,117168,6.2845,8.0224,-1.7378
2025-09-26,326.05,330.00,321.83,326.06,332.05,331.34,313.79,271.19,254.54,312.4493,1,349.3018,0,64625,113786,5.4312,7.5041,-2.0729
2025-09-29,327.40,333.02,327.21,332.83,332.10,332.68,314.55,271.68,255.17,312.4493,1,347.6538,0,54085,109604,5.2409,7.0515,-1.8106
2025-09-30,337.05,342.26,335.57,340.70,333.45,333.11,315.53,272.22,255.94,312.4493,1,346.1046,0,93250,109601,5.6598,6.7731,-1.1133
2025-10-01,340.73,346.58,334.61,335.16,333.75,333.06,316.32,272.73,256.69,312.4493,1,321.8350,1,93610,109896,5.4816,6.5148,-1.0332
2025-10-02,349.00,355.30,344.44,345.17,333.98,334.38,317.33,273.18,257.52,316.0210,1,322.3299,1,146628,110487,6.0780,6.4275,-0.3495
2025-10-03,339.11,347.09,334.53,343.87,334.92,334.49,318.28,273.66,258.34,316.0210,1,323.6487,1,56120,110196,6.3723,6.4164,-0.0441
2025-10-06,344.98,346.00,340.88,344.53,335.59,334.39,319.34,274.32,259.18,316.0210,1,324.9147,1,58122,110361,6.5830,6.4497,0.1332
2025-10-07,345.00,346.40,341.43,341.62,336.85,333.91,320.28,274.88,259.99,316.0210,1,326.1302,1,51311,109005,6.4408,6.4480,-0.0071
2025-10-08,347.82,353.00,346.98,351.09,338.97,335.77,321.19,275.47,260.87,319.0359,1,327.2969,1,54700,105273,7.0115,6.5607,0.4508
2025-10-09,335.51,337.82,329.64,335.80,339.68,335.78,321.90,276.00,261.67,319.0359,1,328.4171,1,71290,103862,6.1590,6.4803,-0.3213
2025-10-10,330.00,332.39,316.40,320.10,339.09,335.57,322.28,276.48,262.39,319.0359,1,355.3000,0,107266,102978,4.1685,6.0180,-1.8495
2025-10-13,322.54,332.33,322.54,327.03,338.51,335.30,322.84,277.05,263.14,319.0359,1,354.5220,0,47550,100681,3.1142,5.4372,-2.3230
2025-10-14,315.00,326.46,309.00,320.94,336.53,334.99,323.18,277.55,263.83,319.0359,1,353.7595,0,117913,100917,1.7670,4.7032,-2.9362
2025-10-15,313.01,319.74,312.01,316.15,334.63,334.19,323.35,277.99,264.49,353.1371,0,351.9692,0,101611,99742,0.3092,3.8244,-3.5152
2025-10-16,320.58,323.75,315.95,318.02,331.91,332.95,323.74,278.41,265.17,353.1371,0,350.2504,0,71745,98015,-0.6873,2.9220,-3.6093
2025-10-17,310.46,317.64,310.46,316.42,329.17,332.05,324.11,278.79,265.84,348.6075,0,348.6004,0,105589,97704,-1.5878,2.0201,-3.6079
2025-10-20,318.00,319.57,315.24,318.59,326.58,331.08,324.71,279.15,266.51,348.6075,0,347.0164,0,58589,96437,-2.1021,1.1956,-3.2978
2025-10-21,317.04,318.85,314.10,315.73,323.99,330.42,325.23,279.51,267.16,347.0570,0,345.4957,0,44582,95041,-2.7089,0.4147,-3.1236
2025-10-22,310.48,316.50,310.48,313.54,320.23,329.60,325.74,279.83,267.83,342.8198,0,344.0359,0,58569,94412,-3.3285,-0.3339,-2.9946
2025-10-23,310.21,312.52,306.00,310.03,317.66,328.67,325.79,280.14,268.47,337.9188,0,342.6344,0,63866,92851,-4.0561,-1.0784,-2.9777
2025-10-24,311.40,314.95,309.00,310.81,316.73,327.91,325.82,280.54,269.15,337.9188,0,340.4364,0,34997,91531,-4.5176,-1.7662,-2.7514
2025-10-27,315.70,320.35,312.92,315.43,315.57,327.04,325.70,280.95,269.84,337.9188,0,338.3702,0,48513,89617,-4.4592,-2.3048,-2.1544
2025-10-28,313.94,318.99,312.95,316.85,315.16,325.84,325.65,281.39,270.54,337.9188,0,336.4280,0,63402,87084,-4.2493,-2.6937,-1.5556
2025-10-29,317.00,318.00,311.57,314.85,315.03,324.83,325.69,281.82,271.19,337.9188,0,334.6023,0,46818,86789,-4.1960,-2.9942,-1.2019
2025-10-30,310.19,313.80,307.51,308.22,314.05,322.98,325.67,282.12,271.73,336.2392,0,332.8862,0,58716,86428,-4.6353,-3.3224,-1.3129
2025-10-31,311.61,312.97,307.92,310.48,313.45,321.31,325.60,282.41,272.27,334.9880,0,331.2730,0,44119,86308,-4.7464,-3.6072,-1.1392
2025-11-03,310.62,314.07,307.00,311.86,312.78,319.68,325.57,282.68,272.80,334.7407,0,329.7566,0,69015,86704,-4.6693,-3.8196,-0.8497
2025-11-04,306.60,316.80,306.60,309.19,312.13,318.06,325.58,282.93,273.30,334.7407,0,328.3312,0,73062,87158,-4.7686,-4.0094,-0.7592
2025-11-05,311.10,323.20,306.73,321.39,312.91,316.57,325.83,283.24,273.81,334.7407,0,326.9913,0,86518,88145,-3.8189,-3.9713,0.1524
2025-11-06,320.34,343.81,312.22,332.36,315.14,316.40,326.47,283.70,274.36,334.7407,0,306.0000,1,138328,89723,-2.1562,-3.6083,1.4521
2025-11-07,315.53,320.59,312.87,319.97,316.06,316.39,326.91,284.24,274.85,334.7407,0,306.7300,1,108758,90702,-1.8173,-3.2501,1.4328
2025-11-10,329.00,333.22,327.03,329.20,317.44,316.50,327.37,284.96,275.39,334.7407,0,307.4716,1,45232,89402,-0.7947,-2.7590,1.9643
2025-11-11,328.24,343.96,328.24,343.65,320.12,317.64,327.61,285.86,275.98,298.2478,1,308.1984,1,80620,85927,1.1681,-1.9736,3.1417
2025-11-12,348.75,379.33,347.50,377.47,326.38,320.70,328.43,287.00,276.73,318.6438,1,309.6288,1,319906,88583,5.3906,-0.5007,5.8913
2025-11-13,375.99,381.50,365.52,368.36,332.39,323.22,329.42,288.07,277.44,328.4224,1,313.8109,1,168156,89992,7.9106,1.1815,6.7291
2025-11-14,363.03,374.04,363.02,365.82,337.93,325.69,329.90,288.97,278.14,328.4224,1,319.2260,1,84139,89230,9.5922,2.8637,6.7286
2025-11-17,378.00,385.22,373.32,376.63,344.40,328.59,330.51,289.86,278.90,333.9551,1,324.2079,1,210499,90669,11.6628,4.6235,7.0393
2025-11-18,362.46,366.38,355.00,363.92,349.88,331.00,330.76,290.70,279.60,333.9551,1,330.3091,1,128646,90791,12.1382,6.1264,6.0117
2025-11-19,361.67,362.01,348.50,353.79,353.12,333.01,331.56,291.53,280.25,333.9551,1,335.8002,1,82928,86037,11.5642,7.2140,4.3502
2025-11-20,361.85,364.97,348.44,349.29,354.81,334.98,331.83,292.32,280.86,333.9551,1,340.7422,1,73421,84623,10.6238,7.8959,2.7278
2025-11-21,349.17,351.20,340.80,347.72,357.59,336.82,332.30,293.11,281.46,333.9551,1,385.2200,0,56852,83979,9.6406,8.2449,1.3958
2025-11-24,352.11,356.55,322.41,332.71,357.94,337.69,332.31,293.64,282.00,390.9376,0,384.3316,0,212036,85854,7.5631,8.1085,-0.5454
2025-11-25,338.89,344.22,334.52,335.17,357.09,338.60,332.47,294.22,282.58,389.1330,0,381.8549,0,123711,86256,6.0455,7.6959,-1.6504
2025-11-26,343.95,345.58,337.10,340.64,353.41,339.89,332.64,294.78,283.18,389.1330,0,379.4773,0,125560,87719,5.2240,7.2015,-1.9776
2025-11-28,342.66,342.97,337.00,340.61,350.63,341.51,332.59,295.42,283.76,384.8916,0,377.1947,0,36616,86876,4.5184,6.6649,-2.1465
2025-12-01,338.37,340.29,331.55,335.60,347.61,342.77,332.62,295.99,284.31,379.0532,0,375.0035,0,66650,86591,3.5144,6.0348,-2.5204
2025-12-02,335.00,338.59,328.79,330.18,342.96,343.68,332.46,296.53,284.81,375.4521,0,372.8999,0,59962,87031,2.2558,5.2790,-3.0232
2025-12-03,325.14,338.36,325.00,337.86,340.36,345.12,332.64,297.05,285.31,373.2739,0,370.8805,0,57639,87065,1.8563,4.5944,-2.7382
2025-12-04,334.95,340.98,330.98,331.40,338.12,345.62,332.67,297.56,285.78,373.2739,0,368.9418,0,79470,87765,1.0067,3.8769,-2.8702
2025-12-05,332.64,332.64,310.11,322.90,335.48,345.14,332.55,298.00,286.18,364.5251,0,367.0807,0,194967,90006,-0.3484,3.0319,-3.3802
2025-12-08,324.99,331.83,324.68,326.49,333.36,345.47,332.56,298.48,286.53,364.5251,0,363.6625,0,84822,90409,-1.1197,2.2015,-3.3212
2025-12-09,317.33,323.29,316.40,318.69,331.95,344.95,332.28,299.00,286.83,360.2357,0,360.4493,0,97965,91287,-2.3335,1.2945,-3.6280
2025-12-10,318.28,322.95,315.50,322.68,330.71,343.90,331.92,299.60,287.15,357.8133,0,357.4290,0,45304,90328,-2.9396,0.4477,-3.3873
2025-12-11,318.21,326.77,318.21,320.84,328.73,341.07,331.63,300.17,287.46,357.8133,0,354.5898,0,60928,89675,-3.5277,-0.3474,-3.1803
2025-12-12,320.84,322.55,318.09,319.06,326.57,338.60,331.11,300.75,287.66,355.2237,0,351.9210,0,57335,87889,-4.0903,-1.0960,-2.9943
2025-12-15,307.48,315.59,300.82,310.67,324.08,335.84,330.45,301.26,287.85,345.0904,0,349.4124,0,235146,91469,-5.1538,-1.9075,-3.2462
2025-12-16,301.08,305.82,299.50,304.31,321.49,332.23,329.64,301.79,288.15,339.2078,0,345.5250,0,109856,92504,-6.4356,-2.8131,-3.6224
2025-12-17,305.82,308.97,302.00,306.05,318.31,329.33,328.93,302.37,288.39,339.2078,0,340.9225,0,100170,93481,-7.2277,-3.6960,-3.5316
2025-12-18,305.80,309.87,304.66,307.02,315.87,326.99,328.05,302.91,288.62,339.2078,0,336.7802,0,56369,93514,-7.6885,-4.4945,-3.1940
2025-12-19,308.19,318.12,308.00,316.05,315.19,325.33,327.65,303.49,288.91,339.2078,0,333.0522,0,120510,94499,-7.2417,-5.0440,-2.1977
2025-12-22,314.05,315.48,310.77,313.36,313.87,323.61,327.52,304.03,289.24,339.2078,0,329.6970,0,67686,93707,-7.0236,-5.4399,-1.5837
2025-12-23,310.80,313.12,306.61,312.32,313.24,322.60,327.23,304.53,289.59,339.2078,0,326.6773,0,68710,94130,-6.8557,-5.7230,-1.1326
2025-12-24,309.12,314.46,308.16,311.73,312.14,321.42,327.04,305.03,289.92,339.2078,0,323.9596,0,39933,92571,-6.6930,-5.9170,-0.7760
2025-12-26,311.24,313.23,310.29,312.39,311.30,320.01,326.97,305.52,290.23,338.8384,0,321.5136,0,30958,91158,-6.4367,-6.0210,-0.4157
2025-12-29,309.69,310.75,307.10,310.30,310.42,318.50,326.81,305.98,290.51,334.8826,0,319.3122,0,67707,91077,-6.3292,-6.0826,-0.2466
2025-12-30,303.73,310.88,302.14,304.72,309.82,316.95,326.58,306.42,290.74,332.4938,0,317.3310,0,76820,90502,-6.6180,-6.1897,-0.4283
2025-12-31,304.46,305.50,302.62,303.81,309.77,315.63,326.28,306.85,290.93,328.3094,0,315.5479,0,64256,90615,-6.8415,-6.3201,-0.5214
2026-01-02,305.32,311.22,304.78,311.02,310.27,314.29,326.19,307.28,291.18,328.3094,0,313.9431,0,58223,90888,-6.3634,-6.3287,-0.0347
2026-01-05,322.50,327.95,312.70,320.30,311.60,313.74,326.32,307.77,291.45,328.3094,0,299.5000,1,113963,91996,-5.1761,-6.0982,0.9221
2026-01-06,323.65,328.86,318.89,320.35,312.03,313.61,326.53,308.27,291.74,328.3094,0,300.0690,1,93895,92596,-4.1828,-5.7151,1.5323
2026-01-07,331.76,335.32,328.30,333.87,314.08,313.98,326.99,308.82,292.15,302.9852,1,301.2206,1,170441,95305,-2.2785,-5.0278,2.7493
2026-01-08,332.84,332.84,317.97,320.37,314.89,314.06,327.09,309.23,292.49,302.9852,1,303.2667,1,134267,97020,-1.8374,-4.3897,2.5523
2026-01-09,329.29,340.81,328.74,337.89,317.50,314.82,327.51,309.77,292.92,302.9852,1,305.1899,1,225237,100257,-0.0733,-3.5264,3.4531
2026-01-12,340.87,341.16,330.63,333.99,319.66,315.48,327.89,310.29,293.34,302.9852,1,308.0395,1,179586,102912,0.9986,-2.6214,3.6200
2026-01-13,339.16,352.46,335.29,351.06,323.74,317.08,328.75,310.87,293.78,308.1350,1,311.3513,1,126241,104263,3.1887,-1.4594,4.6481
2026-01-14,343.90,353.10,337.25,346.75,327.94,318.88,329.48,311.43,294.18,308.2517,1,316.2849,1,99725,105375,4.5244,-0.2627,4.7871
2026-01-15,342.41,345.98,332.52,338.29,331.39,320.58,330.00,311.94,294.51,308.2517,1,321.4390,1,55852,105112,4.8445,0.7588,4.0857
2026-01-16,338.07,340.83,336.18,338.19,334.11,322.19,330.58,312.35,294.84,308.2517,1,325.8716,1,51980,104690,5.0321,1.6134,3.4187
2026-01-20,328.69,335.91,325.10,334.28,335.50,323.55,330.84,312.78,295.14,308.2517,1,353.1000,0,91024,104780,4.8098,2.2527,2.5571
2026-01-21,333.43,344.81,332.90,341.64,337.63,324.83,331.03,313.29,295.53,308.2517,1,352.5400,0,107924,104172,5.1680,2.8358,2.3322
2026-01-22,331.18,342.00,331.18,338.81,338.13,326.10,331.40,313.86,296.03,308.2517,1,351.9912,0,97916,103955,5.1639,3.3014,1.8625
2026-01-23,341.05,344.19,338.32,339.32,340.02,327.45,331.61,314.43,296.62,308.2517,1,351.4534,0,56870,104188,5.1426,3.6696,1.4730
2026-01-26,336.55,340.08,335.10,337.79,340.01,328.76,331.49,315.04,297.27,308.2517,1,350.9263,0,33205,103240,4.9452,3.9248,1.0205
2026-01-27,335.68,341.29,334.36,336.16,340.23,329.95,330.66,315.56,297.91,308.2517,1,350.4098,0,44272,97727,4.6042,4.0607,0.5436
2026-01-28,348.41,352.00,344.33,350.00,340.12,331.93,330.30,316.12,298.62,315.9135,1,325.1000,1,89110,96146,5.3886,4.3262,1.0624
2026-01-29,350.00,353.00,345.54,350.00,340.45,334.19,329.98,316.67,299.22,318.0059,1,325.6380,1,108815,96640,5.9418,4.6494,1.2924
2026-01-30,343.92,349.98,339.19,340.38,340.66,336.02,329.25,317.24,299.71,318.0059,1,326.7325,1,101025,94450,5.5400,4.8275,0.7125
2026-02-02,333.11,345.10,328.91,345.00,341.34,337.72,328.88,317.93,300.24,318.0059,1,327.7832,1,123683,94351,5.5307,4.9681,0.5626
2026-02-03,342.37,351.39,341.52,346.38,342.55,339.03,328.73,318.63,300.83,318.0059,1,328.7919,1,90509,94502,5.5704,5.0886,0.4818
2026-02-04,348.79,355.43,345.19,352.00,343.58,340.61,328.78,319.34,301.44,318.0059,1,328.9100,1,110000,95234,5.9864,5.2681,0.7182
2026-02-05,348.24,353.69,345.44,347.00,344.40,341.27,328.77,320.03,302.03,318.0059,1,330.5012,1,145775,97012,5.8452,5.3836,0.4617
2026-02-06,346.74,354.63,340.00,353.92,345.86,342.94,329.19,320.75,302.53,318.0059,1,331.9969,1,95452,94681,6.2200,5.5509,0.6692
2026-02-09,350.69,358.00,345.47,348.85,346.97,343.49,329.47,321.47,303.03,318.2942,1,333.4029,1,86236,93931,6.0383,5.6483,0.3900
2026-02-10,353.87,358.38,351.64,353.43,348.70,344.46,329.72,322.20,303.52,322.0568,1,335.3707,1,61108,92642,6.1925,5.7572,0.4354
2026-02-11,353.45,354.01,345.02,351.27,348.82,344.47,329.93,322.83,304.05,322.0568,1,337.6716,1,38921,92688,6.0705,5.8198,0.2506
2026-02-12,353.22,353.22,342.00,346.42,348.47,344.46,330.15,323.45,304.53,322.0568,1,339.7425,1,48776,92331,5.5188,5.7596,-0.2409
2026-02-13,345.19,352.18,345.19,346.07,349.03,344.85,330.47,324.09,305.01,322.0568,1,341.6062,1,38864,91909,4.9957,5.6068,-0.6111
2026-02-17,346.07,356.71,345.04,354.86,350.02,345.68,330.81,324.78,305.49,322.0568,1,342.0000,1,65720,92071,5.2302,5.5315,-0.3013
2026-02-18,352.82,359.80,352.82,359.05,351.29,346.92,331.36,325.37,306.01,325.6819,1,343.6380,1,45348,91388,5.6885,5.5629,0.1256
2026-02-19,359.05,365.60,352.93,354.48,351.54,347.56,331.99,325.87,306.50,327.8987,1,345.0350,1,52888,88547,5.6182,5.5740,0.0442
2026-02-20,355.95,363.67,354.36,362.14,353.05,348.73,332.71,326.35,307.04,327.9933,1,347.9141,1,70835,88267,6.1102,5.6812,0.4290
2026-02-23,360.00,371.17,360.00,370.64,354.72,350.29,333.75,326.86,307.68,334.3122,1,350.3901,1,80837,87924,7.1040,5.9658,1.1383
2026-02-24,361.67,372.73,361.67,369.00,356.74,351.85,334.67,327.37,308.37,335.7365,1,353.7149,1,116752,89353,7.6709,6.3068,1.3641
2026-02-25,357.71,358.80,347.85,352.23,356.62,352.66,335.30,327.75,308.95,335.7365,1,372.7300,0,141456,90964,6.6899,6.3834,0.3065
2026-02-26,328.62,334.05,315.50,322.37,353.73,351.27,335.37,327.93,309.40,366.9897,0,372.7300,0,240907,94635,3.4630,5.7993,-2.3363
2026-02-27,318.66,323.24,314.23,316.99,350.78,349.62,335.49,328.07,309.82,359.4302,0,370.4408,0,115448,92241,0.4662,4.7327,-4.2665
2026-03-02,305.50,315.00,304.62,314.36,347.61,348.32,335.69,328.22,310.27,350.1489,0,367.0679,0,101664,92077,-2.0968,3.3668,-5.4636
2026-03-03,299.20,301.94,293.27,297.04,341.83,345.93,335.51,328.24,310.65,340.2370,0,362.0720,0,161144,93297,-5.4627,1.6009,-7.0636
2026-03-04,296.47,300.60,293.70,299.02,335.83,343.56,335.35,328.20,311.02,337.5888,0,355.1918,0,106391,94297,-7.8795,-0.2952,-7.5843
2026-03-05,297.54,297.54,290.00,292.94,329.67,340.60,334.89,328.15,311.34,332.8709,0,348.9996,0,88790,93663,-10.1683,-2.2698,-7.8985
2026-03-06,292.50,301.49,290.92,301.12,323.57,338.31,334.65,328.15,311.68,332.8709,0,341.9197,0,89764,94104,-11.1931,-4.0545,-7.1386
2026-03-09,293.00,302.99,293.00,302.29,316.74,335.73,334.45,328.17,312.01,332.8709,0,335.6893,0,59884,93928,-11.7751,-5.5986,-6.1765
2026-03-10,306.96,308.99,304.52,305.39,310.38,333.56,334.32,328.18,312.35,332.8709,0,330.2066,0,44098,94011,-11.8496,-6.8488,-5.0008
2026-03-11,299.56,302.14,297.83,298.91,305.04,330.83,334.05,328.12,312.65,332.8709,0,325.3818,0,79779,94988,-12.2898,-7.9370,-4.3528
2026-03-12,293.37,293.98,284.43,285.30,301.34,327.53,333.55,328.04,312.87,324.5699,0,321.1360,0,81253,95259,-13.5804,-9.0657,-4.5147
2026-03-13,285.31,288.45,283.04,284.05,298.04,324.41,333.14,327.94,313.10,319.2027,0,315.9972,0,65076,95024,-14.5365,-10.1598,-4.3766
2026-03-16,286.11,293.11,286.11,289.65,295.57,321.59,332.85,327.95,313.35,319.2027,0,310.7240,0,35714,94453,-14.6732,-11.0625,-3.6107
2026-03-17,291.39,292.94,285.44,287.33,294.60,318.21,332.38,327.93,313.55,319.2027,0,306.2946,0,46346,94215,-14.7981,-11.8096,-2.9885
2026-03-18,286.87,286.87,281.04,282.29,292.93,314.38,331.62,327.90,313.74,314.4574,0,302.5738,0,114920,94234,-15.1294,-12.4736,-2.6558
2026-03-19,280.56,283.94,279.71,282.72,291.90,310.79,330.87,327.73,313.92,310.5462,0,298.6978,0,29148,92940,-15.1823,-13.0153,-2.1670
2026-03-20,282.43,285.50,274.97,275.28,289.32,306.45,329.69,327.50,314.04,309.2454,0,294.9002,0,62378,90778,-15.6442,-13.5411,-2.1031
2026-03-23,273.95,279.25,273.50,274.73,286.56,301.65,328.78,327.19,314.12,304.2081,0,290.9142,0,57281,89239,-15.8716,-14.0072,-1.8644
2026-03-24,272.64,276.98,271.47,275.69,283.59,296.98,327.54,326.90,314.21,300.9238,0,287.4313,0,66359,86061,-15.7924,-14.3642,-1.4282
2026-03-25,279.96,285.53,279.96,283.45,282.05,293.55,326.53,326.70,314.35,300.9238,0,271.4700,1,45437,83378,-14.9313,-14.4777,-0.4537
2026-03-26,276.42,279.24,272.02,276.95,281.21,291.28,325.04,326.49,314.42,300.9238,0,271.4700,1,66080,82175,-14.6051,-14.5031,-0.1019
2026-03-27,286.08,289.77,280.59,283.03,281.11,289.58,323.77,326.28,314.51,300.9238,0,271.7512,1,66144,81503,-13.6980,-14.3421,0.6441
2026-03-30,283.81,286.59,281.13,284.08,280.56,288.06,322.69,326.09,314.62,300.9238,0,272.0200,1,43351,81253,-12.7474,-14.0232,1.2757
2026-03-31,284.70,297.80,283.48,296.97,281.52,288.06,321.86,326.01,314.73,300.9238,0,272.7298,1,69194,81597,-10.8292,-13.3844,2.5552
2026-04-01,303.92,312.55,303.92,308.44,284.13,288.53,321.34,326.00,314.92,277.3832,1,274.2340,1,105857,81894,-8.2879,-12.3651,4.0772
2026-04-02,307.42,315.97,306.33,310.79,286.94,289.42,320.73,326.08,315.15,280.4851,1,277.2997,1,41490,80565,-6.0149,-11.0950,5.0801
2026-04-06,311.30,312.39,301.34,302.49,289.66,289.49,320.00,326.11,315.39,280.4851,1,281.1667,1,61103,79829,-4.8277,-9.8416,5.0139
2026-04-07,301.22,304.91,299.29,303.82,292.57,289.57,319.29,326.09,315.65,280.4851,1,284.6470,1,59093,79874,-3.7364,-8.6205,4.8842
2026-04-08,311.59,314.90,309.00,312.19,296.22,289.91,318.78,325.96,315.97,282.0693,1,287.7793,1,74145,80692,-2.1711,-7.3306,5.1595
2026-04-09,311.53,317.47,310.66,313.42,299.22,290.63,318.32,325.81,316.25,285.1294,1,290.5984,1,44600,80699,-0.8219,-6.0289,5.2070
2026-04-10,314.88,315.77,309.22,309.66,302.49,291.85,317.52,325.75,316.47,285.1294,1,293.8230,1,41618,79749,-0.0554,-4.8342,4.7788
2026-04-13,309.38,311.20,302.53,305.64,304.75,292.93,316.63,325.50,316.66,285.1294,1,296.6606,1,92976,79432,0.2251,-3.8223,4.0474
2026-04-14,305.88,315.75,305.88,310.00,307.34,293.95,316.02,325.26,316.94,285.1294,1,299.1578,1,98270,79377,0.7901,-2.8998,3.6899
2026-04-15,313.14,320.30,311.25,319.94,309.64,295.58,315.52,325.05,317.33,287.4326,1,301.3552,1,62740,78158,2.0167,-1.9165,3.9332
2026-04-16,322.05,323.71,318.62,320.70,310.87,297.50,315.01,325.10,317.72,294.1298,1,304.0075,1,66353,77675,3.0153,-0.9302,3.9455
2026-04-17,322.33,328.39,322.30,323.87,312.17,299.56,314.45,325.02,318.12,298.7063,1,307.1599,1,67106,76817,4.0163,0.0591,3.9571
2026-04-20,318.85,320.57,315.70,318.07,313.73,301.70,313.87,324.98,318.49,298.7063,1,310.9813,1,50700,74916,4.2920,0.9057,3.3863
2026-04-21,314.69,317.42,311.58,312.31,314.58,303.58,313.03,324.85,318.82,298.7063,1,328.3900,0,59526,74197,3.9997,1.5245,2.4752
2026-04-22,312.86,314.90,309.42,312.41,314.60,305.41,312.31,324.75,319.18,298.7063,1,328.0538,0,57202,73617,3.7330,1.9662,1.7668
2026-04-23,308.31,310.57,298.65,299.81,313.24,306.23,311.23,324.53,319.45,298.7063,1,327.3085,0,94830,74291,2.4764,2.0682,0.4082
2026-04-24,301.60,301.60,297.53,300.80,312.36,307.42,310.22,324.25,319.68,298.7063,1,325.5890,0,48399,74481,1.5427,1.9631,-0.4205
2026-04-27,298.65,305.63,298.10,298.90,311.68,308.22,309.27,324.01,319.91,298.7063,1,323.3442,0,60557,74716,0.6420,1.6989,-1.0569
2026-04-28,300.20,301.05,297.00,298.16,310.50,308.92,308.32,323.75,320.15,322.5458,0,321.2791,0,38731,74714,-0.1301,1.3331,-1.4632
2026-04-29,295.62,296.43,289.54,290.80,307.58,308.61,307.03,323.49,320.34,316.7387,0,318.8512,0,60690,74613,-1.3206,0.8024,-2.1230
2026-04-30,291.34,297.25,291.01,295.27,305.04,307.95,305.76,323.26,320.47,316.7387,0,315.3332,0,39773,74502,-1.8817,0.2655,-2.1473
2026-05-01,295.27,297.62,291.66,293.86,302.04,307.11,304.55,323.03,320.54,316.7387,0,312.2375,0,34088,74126,-2.4124,-0.2700,-2.1423
2026-05-04,293.88,300.76,293.50,297.14,299.95,306.84,303.25,322.84,320.58,316.7387,0,309.5132,0,40352,73516,-2.5390,-0.7238,-1.8151
2026-05-05,297.00,299.55,293.30,297.49,298.46,306.52,301.78,322.60,320.59,316.7387,0,307.1158,0,52269,72945,-2.5813,-1.0953,-1.4860
2026-05-06,306.49,316.63,300.42,313.32,298.55,306.58,300.67,322.42,320.70,316.7387,0,289.5350,1,120942,73028,-1.3223,-1.1407,-0.1816
2026-05-07,313.80,318.00,308.42,317.00,300.27,306.76,299.97,322.30,320.80,287.1210,1,290.0769,1,139860,72996,-0.0272,-0.9180,0.8908
2026-05-08,317.00,318.06,311.66,312.12,301.41,306.88,299.76,322.08,320.89,289.4599,1,291.1938,1,65639,69491,0.5985,-0.6147,1.2132
2026-05-11,317.20,318.00,309.15,310.75,302.59,307.14,299.64,321.86,320.96,289.4599,1,292.8058,1,107613,69334,0.9725,-0.2973,1.2698
2026-05-12,313.97,319.00,312.47,315.07,304.28,307.39,299.65,321.66,321.08,290.2967,1,294.3210,1,84565,68992,1.5992,0.0820,1.5171
2026-05-13,310.72,322.45,307.21,316.55,306.86,307.22,300.04,321.49,321.19,290.2967,1,296.2954,1,57485,66919,2.1899,0.5036,1.6863
2026-05-14,310.00,310.00,301.07,304.62,307.79,306.42,300.15,321.18,321.19,290.2967,1,298.9108,1,79780,66387,1.6762,0.7381,0.9380
2026-05-15,299.98,299.98,293.09,293.27,307.73,304.89,300.16,320.90,321.15,290.2967,1,322.4500,0,79124,66194,0.3491,0.6603,-0.3112
2026-05-18,293.46,295.07,289.60,293.09,307.33,303.64,300.00,320.72,321.11,290.2967,1,321.8628,0,63776,65674,-0.7089,0.3865,-1.0954
2026-05-19,292.02,297.36,290.05,297.01,307.28,302.87,299.89,320.52,321.10,290.2967,1,320.5722,0,65075,65778,-1.2171,0.0658,-1.2828
2026-05-20,301.64,309.14,300.15,308.74,306.82,302.69,299.96,320.44,321.12,290.2967,1,319.3333,0,89905,66694,-0.6656,-0.0805,-0.5851
2026-05-21,305.69,311.96,303.00,309.62,306.08,303.18,300.17,320.40,321.14,290.2967,1,318.1438,0,76259,66623,-0.1558,-0.0956,-0.0602
2026-05-22,306.02,310.74,305.98,310.25,305.90,303.65,300.67,320.34,321.19,290.2967,1,317.0020,0,59227,66183,0.2957,-0.0173,0.3130
2026-05-26,311.03,312.01,301.93,302.44,305.07,303.83,301.04,320.25,321.22,290.2967,1,315.9058,0,62363,66129,0.0230,-0.0093,0.0323
2026-05-27,300.44,303.37,299.30,300.01,303.56,303.92,301.25,320.13,321.27,290.2967,1,314.8535,0,47732,66369,-0.3847,-0.0843,-0.3004
2026-05-28,294.94,298.01,288.34,290.58,300.96,303.91,301.31,319.96,321.28,290.2967,1,313.8433,0,91416,67270,-1.4520,-0.3579,-1.0942
2026-05-29,293.30,294.30,287.53,287.92,299.29,303.54,301.42,319.79,321.28,317.0824,0,312.3131,0,50242,65977,-2.4839,-0.7831,-1.7008
2026-06-01,287.55,287.55,273.97,279.68,297.93,302.83,301.36,319.59,321.14,308.4957,0,310.3305,0,104460,67483,-3.9214,-1.4107,-2.5106
2026-06-02,278.14,280.37,274.44,274.69,296.09,301.71,301.35,319.35,320.96,304.1461,0,306.6944,0,67903,67594,-5.4009,-2.2088,-3.1922
2026-06-03,273.88,279.31,272.20,279.00,294.29,300.79,301.44,319.10,320.75,301.9550,0,303.4220,0,57697,67602,-6.1548,-2.9980,-3.1568
2026-06-04,282.13,283.75,279.82,279.93,291.41,299.12,301.52,318.86,320.55,301.9550,0,299.6753,0,27853,66832,-6.6011,-3.7186,-2.8825
2026-06-05,275.18,275.18,269.00,270.10,287.46,296.77,301.26,318.56,320.34,297.8735,0,296.3783,0,88026,67684,-7.6597,-4.5068,-3.1529
2026-06-08,272.00,272.24,267.96,270.80,283.51,294.71,301.13,318.31,320.15,294.5891,0,292.5453,0,77124,67904,-8.3459,-5.2746,-3.0713
2026-06-09,267.66,271.40,265.32,268.17,280.09,292.58,300.84,318.03,319.92,292.2232,0,288.6117,0,138242,69346,-8.9983,-6.0194,-2.9789
2026-06-10,266.84,271.59,263.00,263.61,276.45,290.00,300.43,317.71,319.67,291.3511,0,284.4183,0,76737,70014,-9.7706,-6.7696,-3.0010
2026-06-11,256.18,263.70,253.95,260.27,273.42,287.19,299.69,317.38,319.43,283.4001,0,280.1346,0,131566,71262,-10.5308,-7.5219,-3.0089
2026-06-12,261.64,267.55,261.50,264.48,271.07,285.18,298.81,317.00,319.21,283.4001,0,274.8973,0,69029,70525,-10.6705,-8.1516,-2.5189
2026-06-15,265.07,268.51,261.94,268.20,269.93,283.93,297.96,316.57,319.05,283.4001,0,270.7074,0,94245,71580,-10.3617,-8.5936,-1.7681
2026-06-16,268.20,268.88,262.87,263.92,268.85,282.47,297.19,316.20,318.88,283.4001,0,253.9480,1,79070,71939,-10.3430,-8.9435,-1.3995
2026-06-17,262.76,266.61,259.09,262.68,267.22,280.75,296.37,315.75,318.66,283.4001,0,254.2466,1,95694,72672,-10.3095,-9.2167,-1.0928
2026-06-18,270.20,274.55,265.02,270.15,266.24,278.83,295.53,315.26,318.35,283.4001,0,254.5393,1,99388,73176,-9.5698,-9.2873,-0.2825
2026-06-22,270.00,273.81,265.29,271.80,266.41,276.93,294.69,314.56,318.03,283.4001,0,255.3397,1,55773,73400,-8.7496,-9.1798,0.4302
2026-06-23,269.72,276.73,269.52,276.13,266.94,275.23,294.02,313.95,317.82,283.4001,0,256.1081,1,91565,74399,-7.6618,-8.8762,1.2143
2026-06-24,277.00,282.91,275.83,277.12,267.84,273.96,293.45,313.35,317.49,283.4001,0,257.3458,1,60578,73751,-6.6433,-8.4296,1.7863
2026-06-25,277.71,280.96,274.29,275.34,269.01,272.73,292.76,312.68,317.14,283.4001,0,259.3909,1,63824,73062,-5.9117,-7.9260,2.0144
2026-06-26,275.00,283.80,272.75,279.89,270.97,272.19,291.96,312.12,316.78,283.4001,0,261.2724,1,94267,73692,-4.9081,-7.3224,2.4144
2026-06-29,283.83,291.74,283.83,289.99,273.52,272.30,291.34,311.69,316.66,262.1656,1,263.5252,1,92043,74206,-3.2601,-6.5100,3.2498
2026-06-30,285.23,287.01,283.07,284.97,275.20,272.56,290.57,311.26,316.41,262.1656,1,266.9116,1,92672,74718,-2.3323,-5.6744,3.3421
2026-07-01,286.00,293.54,283.32,290.74,277.88,273.36,290.02,310.88,316.24,262.7419,1,269.8916,1,99520,75694,-1.1186,-4.7633,3.6447
2026-07-02,292.51,300.19,291.87,297.65,281.38,274.30,289.73,310.65,316.07,270.0757,1,273.2024,1,87777,76259,0.3964,-3.7313,4.1277
2026-07-06,308.88,316.00,306.27,309.46,285.31,275.77,289.67,310.48,315.98,282.2736,1,277.5204,1,125424,77623,2.5209,-2.4809,5.0018
2026-07-07,307.25,309.00,303.56,308.96,289.02,277.72,289.85,310.27,315.86,282.2736,1,284.4467,1,96117,77649,4.1168,-1.1614,5.2781
2026-07-08,301.92,305.73,299.06,301.88,291.60,279.27,289.87,310.01,315.66,282.2736,1,290.1263,1,93704,78555,4.7554,0.0220,4.7334
2026-07-09,300.50,306.59,300.50,302.83,294.17,281.00,289.95,309.79,315.50,282.2736,1,294.7836,1,40640,78157,5.2773,1.0731,4.2043
2026-07-10,303.03,304.77,295.39,298.70,296.51,282.76,289.96,309.58,315.30,282.2736,1,316.0000,0,76019,78903,5.2967,1.9178,3.3789
2026-07-13,302.19,307.90,301.13,303.96,298.91,284.94,290.22,309.36,315.18,282.2736,1,315.5878,0,139578,80480,5.6711,2.6684,3.0026
2026-07-14,307.44,308.20,302.55,306.56,300.57,287.05,290.45,309.19,315.06,282.2736,1,315.1838,0,137032,82426,6.1072,3.3562,2.7510
2026-07-15,310.00,313.99,309.31,311.26,303.20,289.20,290.80,309.11,314.97,285.9110,1,314.7880,0,198117,85706,6.7542,4.0358,2.7184
2026-07-16,311.98,323.82,311.98,317.42,305.87,291.87,291.20,309.05,314.93,290.9669,1,295.3900,1,188801,88675,7.6755,4.7637,2.9118
2026-07-17,307.59,315.18,303.08,312.02,307.30,294.34,291.49,309.01,314.83,290.9669,1,295.9586,1,133576,90301,7.8791,5.3868,2.4923
2026-07-20,313.79,318.97,309.47,310.58,307.42,296.36,291.44,308.93,314.68,290.9669,1,296.5158,1,106807,90019,7.8336,5.8762,1.9574
2026-07-21,317.86,320.96,315.67,318.68,308.39,298.71,291.47,308.91,314.59,290.9669,1,297.0619,1,170879,90639,8.3556,6.3720,1.9835
2026-07-22,325.00,328.00,319.18,319.93,310.19,300.90,291.63,308.92,314.47,294.8786,1,297.5971,1,169403,92714,8.7687,6.8514,1.9173
2026-07-23,320.41,330.44,317.12,326.77,312.59,303.38,291.95,309.03,314.38,294.8786,1,298.8132,1,178547,94133,9.5380,7.3887,2.1493
2026-07-24,329.50,331.52,324.92,325.90,315.31,305.91,292.17,309.17,314.29,299.3845,1,300.7110,1,113446,94711,9.9627,7.9035,2.0592
2026-07-27,327.75,330.20,323.82,325.90,317.50,308.21,292.35,309.30,314.21,299.3845,1,303.1757,1,98585,95533,10.1818,8.3592,1.8227
2026-07-28,325.01,331.69,324.16,330.46,319.89,310.23,292.87,309.46,314.11,300.5853,1,305.4433,1,85093,95639,10.6013,8.8076,1.7937
2026-07-29,328.98,330.05,325.55,327.21,321.49,312.34,293.55,309.53,314.06,301.7213,1,308.0679,1,61941,95295,10.5499,9.1560,1.3938
2026-07-30,323.60,325.00,316.83,322.08,321.95,313.91,294.13,309.59,314.07,301.7213,1,310.4301,1,68957,95399,9.9801,9.3209,0.6592
2026-07-31,319.73,320.86,311.05,316.01,322.35,314.83,294.51,309.62,314.02,301.7213,1,331.6900,0,79003,95677,8.9358,9.2438,-0.3081
2026-08-03,316.01,316.01,309.93,313.77,322.67,315.04,294.61,309.63,313.98,301.7213,1,331.2772,0,112800,96135,7.8370,8.9625,-1.1255
2026-08-04,321.00,324.48,314.55,323.01,323.10,315.75,294.88,309.70,314.02,301.7213,1,330.4235,0,124456,97099,7.6240,8.6948,-1.0708
2026-08-05,329.00,333.01,327.13,327.53,323.86,317.03,295.22,309.81,314.06,302.8475,1,309.9350,1,156068,99036,7.7307,8.5020,-0.7712
2026-08-06,330.27,333.87,326.13,329.80,324.17,318.38,295.77,309.98,314.13,303.1777,1,310.3965,1,92278,99634,7.9074,8.3830,-0.4757
2026-08-07,345.47,349.88,341.86,348.27,326.40,320.86,296.74,310.28,314.28,315.7085,1,311.3354,1,222231,103124,9.4290,8.5922,0.8368
2026-08-10,351.20,361.33,349.90,359.00,329.71,323.61,298.10,310.60,314.50,324.5494,1,313.6481,1,299119,107278,11.3697,9.1477,2.2220
2026-08-11,360.00,366.99,358.66,359.27,332.59,326.24,299.53,310.86,314.72,332.3669,1,317.4627,1,228101,110836,12.7822,9.8746,2.9075
2026-08-12,355.61,359.79,353.34,359.05,335.78,328.63,301.12,311.12,314.97,332.3669,1,322.4154,1,113065,111008,13.7256,10.6448,3.0808
2026-08-13,358.54,360.61,354.23,356.01,339.17,330.56,302.74,311.26,315.20,332.3669,1,326.8729,1,126562,112181,14.0658,11.3290,2.7368
2026-08-14,350.55,352.51,343.50,347.48,342.32,332.34,304.11,311.44,315.36,332.3669,1,330.8846,1,133050,113688,13.4916,11.7615,1.7301
2026-08-17,354.31,362.98,353.98,362.51,347.19,334.93,305.77,311.61,315.58,332.3669,1,334.4951,1,168712,116505,14.0869,12.2266,1.8603
2026-08-18,364.00,370.80,361.14,369.15,351.81,337.46,307.75,311.84,315.86,335.1972,1,337.7446,1,226474,119274,14.9225,12.7658,2.1567
2026-08-19,371.56,379.20,371.05,376.86,356.74,340.30,309.87,312.01,316.20,344.4145,1,341.7112,1,143169,120595,16.0222,13.4171,2.6051
2026-08-20,372.55,376.00,368.82,369.16,360.68,342.42,311.89,312.16,316.49,344.4145,1,346.9597,1,115067,120131,16.0869,13.9510,2.1359
2026-08-21,375.00,379.48,374.37,374.47,363.30,344.85,314.10,312.41,316.81,346.7827,1,351.4733,1,94591,120489,16.3779,14.4364,1.9415
2026-08-24,369.53,372.83,365.14,371.98,364.59,347.15,316.34,312.63,317.12,346.7827,1,355.9544,1,130751,120472,16.2206,14.7932,1.4273
2026-08-25,370.12,380.00,369.49,376.37,366.30,349.45,318.58,312.91,317.39,346.7827,1,359.7185,1,149155,122075,16.2627,15.0871,1.1755
2026-08-26,376.27,377.66,372.01,375.80,367.98,351.88,320.73,313.14,317.61,346.7827,1,363.3692,1,47276,121135,16.0648,15.2827,0.7822
2026-08-27,372.35,374.94,371.51,372.49,369.63,354.40,322.90,313.36,317.87,346.7827,1,366.3627,1,83847,121231,15.4627,15.3187,0.1441
2026-08-28,369.13,372.00,364.73,366.73,371.55,356.94,324.98,313.55,318.06,346.7827,1,380.0000,0,125275,121822,14.3553,15.1260,-0.7707
2026-08-31,356.50,361.03,352.86,359.58,371.26,359.23,326.77,313.69,318.14,346.7827,1,379.6946,0,124415,122323,12.7537,14.6515,-1.8978
2026-09-01,351.73,360.21,351.40,358.65,370.21,361.01,328.51,313.84,318.05,346.7827,1,378.6212,0,125996,123727,11.2797,13.9772,-2.6974
2026-09-02,364.99,370.48,360.53,361.78,368.70,362.72,330.22,313.92,318.01,346.7827,1,376.9882,0,106797,124032,10.2457,13.2309,-2.9852
2026-09-03,361.61,364.61,357.79,362.68,368.05,364.36,331.93,314.00,318.00,346.7827,1,375.4532,0,44827,123717,9.3906,12.4628,-3.0723
2026-09-04,359.71,362.67,357.58,358.26,366.43,364.86,333.59,314.12,317.91,346.7827,1,374.0104,0,72512,123891,8.2610,11.6224,-3.3615
2026-09-08,351.25,352.00,344.01,351.48,364.38,364.49,335.02,314.17,317.84,346.7827,1,372.6540,0,140065,124807,6.7410,10.6462,-3.9052
2026-09-09,347.82,351.94,346.17,351.00,361.85,364.07,336.24,314.20,317.83,346.7827,1,370.3625,0,236820,127702,5.4350,9.6039,-4.1689
2026-09-10,341.56,345.60,336.95,341.80,358.45,363.21,337.38,314.13,317.79,369.9906,0,368.2543,0,341937,132688,3.6159,8.4063,-4.7904
2026-09-11,345.11,349.08,341.22,346.51,355.85,362.74,338.49,314.13,317.79,369.9906,0,365.1239,0,106656,132830,2.5253,7.2301,-4.7048
2026-09-14,354.44,356.00,351.92,353.83,354.56,363.05,339.62,314.13,317.89,369.9906,0,362.3065,0,88882,132852,2.2259,6.2293,-4.0034
2026-09-15,353.55,354.50,345.80,346.50,353.25,362.25,340.36,314.11,317.95,369.9906,0,359.7708,0,89154,132127,1.3813,5.2597,-3.8784
2026-09-16,342.88,349.57,342.88,348.08,352.19,361.20,341.14,314.07,317.99,369.9906,0,357.4888,0,124160,132688,0.8298,4.3737,-3.5439
2026-09-17,351.41,354.61,351.05,353.46,351.36,360.03,342.17,314.09,318.05,369.9906,0,355.4349,0,101090,132836,0.8175,3.6625,-2.8450
2026-09-18,352.13,354.05,348.76,350.84,350.18,359.11,343.13,314.12,318.13,369.9906,0,354.6080,0,153808,135099,0.5895,3.0479,-2.4584
2026-09-21,360.42,367.00,358.24,365.67,350.92,358.67,344.47,314.25,318.30,369.9906,0,336.9500,1,178666,137152,1.5872,2.7557,-1.1685
2026-09-22,364.95,368.28,359.82,368.08,352.58,358.48,345.75,314.34,318.46,369.9906,0,337.5510,1,96768,136296,2.5430,2.7132,-0.1702
2026-09-23,362.50,365.70,361.31,365.00,353.98,357.91,346.92,314.38,318.62,369.9906,0,338.7802,1,230607,138167,3.0172,2.7740,0.2432
2026-09-24,355.37,361.12,354.94,359.97,355.79,357.12,347.90,314.41,318.81,369.9906,0,339.9602,1,170194,137609,2.9531,2.8098,0.1433
2026-09-25,362.51,365.00,358.51,360.85,357.23,356.54,348.77,314.41,318.98,369.9906,0,341.0930,1,136113,136555,2.9394,2.8357,0.1037
2026-09-28,360.42,368.05,358.00,367.00,358.54,356.55,349.87,314.38,319.22,369.9906,0,342.1804,1,128634,136456,3.3858,2.9457,0.4400
2026-09-29,362.76,367.43,357.17,365.27,360.42,356.84,350.96,314.36,319.44,369.9906,0,343.2244,1,136173,137043,3.5589,3.0684,0.4905
2026-09-30,370.00,376.50,365.79,365.94,362.21,357.20,351.90,314.45,319.66,369.9906,0,344.2266,1,120358,136033,3.7074,3.1962,0.5113
2026-10-01,367.94,371.09,358.32,358.77,362.74,357.05,352.68,314.69,319.86,369.9906,0,346.1630,1,126072,135166,3.2096,3.1989,0.0107
2026-10-02,351.01,358.57,349.74,358.07,363.46,356.82,353.31,314.96,320.10,369.9906,0,347.9833,1,180897,135213,2.7271,3.1045,-0.3774
2026-10-05,362.48,362.83,356.82,361.65,363.06,356.99,354.02,315.28,320.38,369.9906,0,349.6943,1,141803,135781,2.6036,3.0043,-0.4007
2026-10-06,365.13,368.40,359.10,362.78,362.53,357.55,354.76,315.72,320.67,369.9906,0,349.7400,1,116053,136130,2.5674,2.9169,-0.3496
2026-10-07,360.01,367.57,359.41,364.02,362.43,358.20,355.43,316.15,320.95,369.9906,0,351.3456,1,54093,135510,2.6086,2.8553,-0.2467
2026-10-08,351.94,355.01,340.45,350.13,361.45,358.62,355.89,316.53,321.12,369.9906,0,376.5000,0,146599,137203,1.5031,2.5848,-1.0817
2026-10-09,348.00,357.14,347.72,354.47,360.81,359.02,356.54,316.89,321.33,369.9906,0,375.7789,0,112828,138080,0.9661,2.2611,-1.2950
