Date,Open,High,Low,Close,Ma10:Top:Line,Ma20:Top:Line,Ma50:Top:Line,Ma150:Top:Line,Ma200:Top:Line,Supertrend:Top:ColorLine,Supertrend_Dir,ParabolicSAR:Top:ColorLine,ParabolicSAR_Dir,Volume:Middle:Histogram,Vo50:Middle:Line,Macd:Bottom:Line,MacdSignal:Bottom:Line,MacdDelta:Bottom:Histogram,RsRating:Hidden:Hidden
2023-07-13,334.28,342.96,333.41,340.75,,,,,,,0,333.4128,1,178147,,,,,0
2023-07-14,340.75,346.48,338.74,345.97,,,,,,,0,333.4128,1,251773,,,,,0
2023-07-17,344.91,351.58,344.81,349.85,,,,,,,0,333.4128,1,130170,,,,,0
2023-07-18,350.05,355.91,349.32,354.49,,,,,,,0,334.1396,1,182202,,,,,0
2023-07-19,355.77,359.41,351.72,356.16,,,,,,,0,335.4461,1,138915,,,,,0
2023-07-20,352.94,354.70,347.16,348.50,,,,,,,0,337.3631,1,109000,,,,,0
2023-07-21,352.78,352.93,340.93,341.26,,,,,,,0,339.1268,1,178522,,,,,0
2023-07-24,342.46,346.45,339.32,342.04,,,,,,,0,359.4086,0,142603,,,,,0
2023-07-25,342.13,345.30,341.47,344.81,,,,,,,0,359.0069,0,84881,,,,,0
2023-07-26,343.04,351.64,343.04,348.88,347.27,,,,,371.0060,0,358.6132,0,127484,,,,,0
2023-07-27,352.76,361.55,350.16,351.89,348.39,,,,,371.0060,0,339.3234,1,219940,,,,,0
2023-07-28,357.18,361.64,353.83,359.08,349.70,,,,,371.0060,0,339.7679,1,161385,,,,,0
2023-07-31,360.98,364.52,357.86,359.37,350.65,,,,,371.0060,0,340.6428,1,153957,,,,,0
2023-08-01,357.58,363.64,355.15,361.34,351.33,,,,,371.0060,0,342.0752,1,276194,,,,,0
2023-08-02,324.03,324.03,290.16,291.99,344.92,,,,,350.9589,0,364.5151,0,719268,,,,,0
2023-08-03,292.13,295.41,280.67,289.39,339.01,,,,,331.9390,0,363.6381,0,542260,,,,,0
2023-08-04,289.27,289.76,281.13,283.02,333.18,,,,,327.5440,0,360.3192,0,369734,,,,,0
2023-08-07,282.75,288.03,281.11,285.65,327.54,,,,,324.5368,0,357.1331,0,196911,,,,,0
2023-08-08,282.81,284.56,276.29,284.14,321.47,,,,,319.2027,0,354.0744,0,191030,,,,,0
2023-08-09,282.62,285.65,279.10,279.57,314.54,330.91,,,,319.2027,0,349.4073,0,127633,,,,,0
2023-08-10,280.82,286.51,279.92,284.09,307.76,328.07,,,,318.4737,0,345.0203,0,177909,,,,,0
2023-08-11,280.90,287.74,280.90,284.56,300.31,325.00,,,,318.1063,0,340.8965,0,161593,,,,,0
2023-08-14,281.59,287.57,280.86,286.76,293.05,321.85,,,,316.6319,0,337.0202,0,210860,,,,,0
2023-08-15,284.31,285.97,283.07,284.53,285.37,318.35,,,,314.8022,0,333.3764,0,160870,,,,,0
2023-08-16,283.02,284.56,281.11,283.40,284.51,314.71,,,,311.1278,0,329.9512,0,137844,,,,,0
2023-08-17,282.61,283.39,273.03,273.26,282.90,310.95,,,,306.7836,0,326.7316,0,188373,,,,,0
2023-08-18,270.96,276.38,269.60,274.16,282.01,307.60,,,,300.7376,0,322.4351,0,150703,,,,,0
2023-08-21,274.72,279.25,274.72,276.43,281.09,304.32,,,,300.7376,0,317.1511,0,136804,,,,,0
2023-08-22,277.78,280.97,277.47,279.56,280.63,301.05,,,,300.7376,0,312.3956,0,135713,,,,,0
2023-08-23,280.95,283.32,278.01,282.49,280.92,297.73,,,,300.7376,0,308.1155,0,84207,,,,,0
2023-08-24,284.42,284.52,276.78,277.33,280.25,294.01,,,,300.7376,0,304.2635,0,97839,,,,,0
2023-08-25,278.65,281.42,276.65,279.47,279.74,290.02,,,,300.7376,0,300.7967,0,89182,,,,,0
2023-08-28,279.67,283.56,278.80,280.69,279.13,286.09,,,,300.7376,0,297.6766,0,78816,,,,,0
2023-08-29,279.93,286.83,278.82,285.95,279.27,282.32,,,,300.7376,0,294.8685,0,115780,,-17.9723,-23.3771,5.4048,0
2023-08-30,285.82,289.15,284.95,286.56,279.59,282.05,,,,300.7376,0,292.3412,0,90154,,-16.3986,-21.9814,5.5828,0
2023-08-31,288.03,290.82,286.20,287.71,281.03,281.97,,,,300.7376,0,269.5954,1,142762,,-14.8869,-20.5625,5.6755,0
2023-09-01,289.90,291.77,286.86,288.64,282.48,282.25,,,,300.7376,0,270.0200,1,108407,,-13.4590,-19.1418,5.6828,0
2023-09-05,287.61,288.28,283.78,287.01,283.54,282.31,,,,300.7376,0,270.8900,1,97060,,-12.3168,-17.7768,5.4600,0
2023-09-06,285.92,287.40,283.22,286.05,284.19,282.41,,,,300.7376,0,271.7252,1,99287,,-11.3579,-16.4930,5.1351,0
2023-09-07,283.12,283.51,276.99,281.62,284.10,282.51,,,,299.9474,0,272.5270,1,169812,,-10.8306,-15.3605,4.5299,0
2023-09-08,281.70,283.42,276.89,277.44,284.11,282.18,,,,299.8392,0,273.2968,1,110796,,-10.6280,-14.4140,3.7860,0
2023-09-11,279.30,280.65,276.56,279.04,284.07,281.90,,,,297.5434,0,274.0357,1,110920,,-10.2205,-13.5753,3.3549,0
2023-09-12,276.44,279.44,276.16,277.27,283.73,281.43,,,,295.8279,0,274.7451,1,68847,,-9.9256,-12.8454,2.9198,0
2023-09-13,275.92,276.81,270.43,272.64,282.40,280.84,,,,291.8980,0,291.7704,0,154816,,-9.9504,-12.2664,2.3159,0
2023-09-14,273.88,276.16,272.35,273.56,281.10,280.34,,,,291.8474,0,291.3436,0,118275,,-9.7833,-11.7698,1.9864,0
2023-09-15,272.50,274.05,270.52,271.20,279.45,280.24,,,,289.1789,0,290.9253,0,237038,,-9.7293,-11.3617,1.6324,0
2023-09-18,269.65,271.43,267.78,269.42,277.53,280.00,,,,285.9085,0,290.5154,0,89953,,-9.7178,-11.0329,1.3151,0
2023-09-19,267.50,270.40,264.56,270.21,275.85,279.69,,,,283.9063,0,289.6058,0,103204,,-9.5349,-10.7333,1.1984,0
2023-09-20,271.42,272.43,261.79,261.99,273.44,278.82,,,,283.9063,0,288.1033,0,140361,,-9.9393,-10.5745,0.6352,0
2023-09-21,258.59,260.45,255.27,255.36,270.81,277.46,299.53,,,276.0514,0,285.9985,0,156229,168128,-10.6713,-10.5939,-0.0775,0
2023-09-22,256.43,257.17,250.70,250.94,268.16,276.14,297.74,,,272.2456,0,282.9261,0,160031,167766,-11.4759,-10.7703,-0.7056,0
2023-09-25,249.81,253.15,249.03,252.07,265.47,274.77,295.86,,,268.8052,0,279.0588,0,125466,165240,-11.8852,-10.9932,-0.8919,0
2023-09-26,249.77,251.11,246.02,247.47,262.49,273.11,293.81,,,266.3290,0,274.8547,0,148508,165607,-12.4378,-11.2822,-1.1556,0
2023-09-27,249.22,251.86,248.54,250.86,260.31,271.35,291.74,,,266.3290,0,270.2418,0,163631,165235,-12.4582,-11.5174,-0.9408,0
2023-09-28,250.74,254.88,248.55,251.23,258.08,269.59,289.64,,,266.3290,0,266.3669,0,127082,164999,-12.3025,-11.6744,-0.6281,0
2023-09-29,254.35,258.24,252.57,253.00,256.26,267.85,287.73,,,266.3290,0,263.1120,0,125487,165328,-11.8995,-11.7194,-0.1801,0
2023-10-02,252.36,255.67,250.67,253.75,254.69,266.11,285.98,,,266.3290,0,260.3780,0,130462,164367,-11.3882,-11.6532,0.2650,0
2023-10-03,252.52,256.24,251.58,255.22,253.19,264.52,284.24,,,266.3290,0,258.2413,0,155198,164619,-10.7411,-11.4708,0.7297,0
2023-10-04,256.39,259.07,250.94,254.86,252.48,262.96,282.44,,,266.3290,0,246.0240,1,129932,165520,-10.1405,-11.2047,1.0642,0
2023-10-05,255.27,256.96,252.20,256.25,252.57,261.69,280.59,,,266.3290,0,246.2849,1,94326,164857,-9.4430,-10.8524,1.4094,0
2023-10-06,254.45,265.79,254.45,263.74,253.85,261.01,278.83,,,266.3290,0,246.5406,1,139951,163257,-8.1911,-10.3201,2.1290,0
2023-10-09,260.77,269.46,260.77,269.02,255.54,260.50,277.03,,,245.2313,1,247.3106,1,91171,161853,-6.6958,-9.5953,2.8994,0
2023-10-10,269.33,273.19,268.17,268.35,257.63,260.06,275.21,,,251.2743,1,248.6397,1,106425,160902,-5.5017,-8.7766,3.2748,0
2023-10-11,269.11,271.54,267.36,271.37,259.68,259.99,273.41,,,251.2743,1,250.6038,1,78282,156944,-4.2629,-7.8738,3.6109,0
2023-10-12,271.50,271.50,261.73,262.05,260.76,259.42,272.81,,,251.2743,1,252.4108,1,139023,145339,-3.9872,-7.0965,3.1093,0
2023-10-13,262.18,264.93,256.16,258.56,261.32,258.79,272.19,,,251.2743,1,254.0732,1,86009,136214,-4.0036,-6.4779,2.4743,0
2023-10-16,259.17,265.15,255.21,263.60,262.30,258.50,271.80,,,251.2743,1,273.1908,0,90845,130636,-3.5692,-5.8962,2.3270,0
2023-10-17,262.58,269.00,261.54,268.58,263.64,258.41,271.46,,,251.2743,1,272.8311,0,133211,129362,-2.7911,-5.2752,2.4840,0
2023-10-18,266.09,267.46,260.51,261.74,264.33,258.40,271.01,,,251.2743,1,272.4787,0,104529,127632,-2.6946,-4.7591,2.0644,0
2023-10-19,263.56,265.74,257.78,259.08,264.61,258.59,270.60,,,251.2743,1,272.1332,0,96934,127018,-2.8009,-4.3674,1.5666,0
2023-10-20,258.46,259.81,250.28,252.83,263.52,258.68,269.98,,,251.2743,1,271.7947,0,108896,125638,-3.3511,-4.1642,0.8130,0
2023-10-23,251.23,255.86,248.66,251.42,261.76,258.65,269.31,,,251.2743,1,270.9340,0,94764,124301,-3.8562,-4.1026,0.2464,0
2023-10-24,253.29,258.30,250.69,255.13,260.43,259.03,268.68,,,251.2743,1,269.5978,0,73938,121563,-3.9121,-4.0645,0.1524,0
2023-10-25,251.90,251.94,242.00,242.08,257.51,258.59,267.83,,,271.2039,0,268.3417,0,110520,120556,-4.9521,-4.2420,-0.7101,0
2023-10-26,244.61,247.20,236.78,239.02,255.20,257.98,266.95,,,266.9304,0,266.2347,0,115367,120107,-5.9549,-4.5846,-1.3703,0
2023-10-27,239.86,240.05,232.42,234.53,252.80,257.06,266.17,,,260.9677,0,263.2895,0,137042,119080,-7.0308,-5.0738,-1.9570,0
2023-10-30,235.17,236.42,231.14,234.26,249.87,256.08,265.37,,,257.6264,0,259.5847,0,203283,120131,-7.8154,-5.6221,-2.1933,0
2023-10-31,235.78,241.44,233.23,239.05,246.91,255.28,264.63,,,257.6264,0,255.6028,0,450230,126400,-7.9589,-6.0895,-1.8694,0
2023-11-01,148.86,155.16,143.33,147.05,235.44,249.88,261.98,,,199.4870,0,252.1784,0,1667897,157044,-15.3196,-7.9355,-7.3841,0
2023-11-02,148.53,158.98,142.62,158.73,225.41,245.01,259.50,,,199.4870,0,241.4376,0,847914,172318,-19.9802,-10.3444,-9.6358,0
2023-11-03,159.12,161.45,152.28,155.18,215.64,239.58,257.06,,,199.4870,0,223.6498,0,542051,181202,-23.6873,-13.0130,-10.6743,0
2023-11-06,157.46,160.07,150.81,157.00,206.20,233.98,254.61,,,199.4870,0,209.0637,0,477328,188965,-26.1763,-15.6457,-10.5306,0
2023-11-07,158.69,165.36,158.08,163.78,197.07,228.75,252.27,,,199.4870,0,197.1032,0,248017,192349,-27.2870,-17.9739,-9.3130,0
2023-11-08,163.55,166.50,161.39,163.47,189.20,223.36,249.82,,,199.4870,0,187.2955,0,158038,193194,-27.8711,-19.9534,-7.9178,0
2023-11-09,165.21,166.77,162.59,163.70,181.67,218.44,247.36,,,199.4870,0,179.2533,0,170058,194792,-27.9925,-21.5612,-6.4313,0
2023-11-10,162.06,167.46,161.21,167.02,174.92,213.86,244.95,,,199.4870,0,172.6586,0,173779,195413,-27.5039,-22.7497,-4.7542,0
2023-11-13,165.73,168.27,165.16,167.84,168.28,209.07,242.53,,,199.4870,0,142.6162,1,156331,196371,-26.7423,-23.5483,-3.1941,0
2023-11-14,170.61,175.99,169.90,172.02,161.58,204.25,240.23,,,199.4870,0,143.1293,1,213493,198700,-25.5077,-23.9401,-1.5675,0
2023-11-15,173.65,178.57,172.64,172.83,164.16,199.80,237.97,,,199.4870,0,144.4437,1,199816,200710,-24.1851,-23.9891,-0.1960,0
2023-11-16,173.19,174.65,168.57,169.45,165.23,195.32,235.73,,,199.4870,0,146.4913,1,165610,200626,-23.1426,-23.8198,0.6772,0
2023-11-17,170.80,173.60,169.08,173.21,167.03,191.34,233.64,,,199.4870,0,148.4160,1,240708,203225,-21.7624,-23.4083,1.6460,0
2023-11-20,173.60,180.07,172.08,178.03,169.14,187.67,231.62,,,199.4870,0,150.2253,1,189136,204789,-20.0485,-22.7364,2.6879,0
2023-11-21,176.29,177.75,173.48,173.81,170.14,183.60,229.55,,,199.4870,0,152.6127,1,120979,205831,-18.8135,-21.9518,3.1383,0
2023-11-22,175.56,176.04,173.17,173.21,171.11,180.16,227.56,,,199.2940,0,154.8092,1,137261,205480,-17.6798,-21.0974,3.4176,0
2023-11-24,173.23,175.08,172.45,174.54,172.20,176.93,225.58,,,196.7760,0,156.8299,1,89566,204906,-16.4836,-20.1746,3.6911,0
2023-11-27,173.51,175.09,171.89,172.22,172.72,173.82,223.60,,,195.1605,0,158.6890,1,132153,202809,-15.5442,-19.2485,3.7044,0
2023-11-28,171.74,174.68,170.89,174.32,173.36,170.82,221.70,,,193.4229,0,160.3993,1,107116,203152,-14.4633,-18.2915,3.8282,0
2023-11-29,176.52,180.54,176.41,177.28,173.89,167.73,219.84,,,193.4229,0,161.9728,1,145032,203988,-13.2153,-17.2763,4.0609,0
2023-11-30,179.25,179.25,173.97,177.64,174.37,169.26,218.15,,,193.4229,0,163.8293,1,249219,206165,-12.0581,-16.2326,4.1745,0
2023-12-01,177.80,181.75,177.03,181.64,175.59,170.41,216.68,,,193.4229,0,165.5001,1,239673,207834,-10.6949,-15.1251,4.4301,0
2023-12-04,180.18,182.64,178.62,182.08,176.48,171.75,215.30,,,193.4229,0,167.4501,1,135516,207344,-9.4700,-13.9941,4.5241,0
2023-12-05,181.05,181.40,176.43,178.09,176.48,172.81,213.82,,,193.4229,0,169.5767,1,135625,207547,-8.7206,-12.9394,4.2188,0
2023-12-06,179.46,182.72,177.61,181.41,177.24,173.69,212.50,,,193.4229,0,171.4055,1,165197,207881,-7.7696,-11.9054,4.1358,0
2023-12-07,180.91,184.14,178.47,181.16,178.04,174.58,211.11,,,193.4229,0,173.2156,1,185001,208308,-6.9555,-10.9154,3.9599,0
2023-12-08,179.91,186.55,179.56,182.44,178.83,175.51,209.73,,,193.4229,0,175.1813,1,198175,209730,-6.1363,-9.9596,3.8233,0
2023-12-11,181.99,187.51,181.99,185.05,180.11,176.41,208.37,,,193.4229,0,177.4543,1,153749,210296,-5.2170,-9.0111,3.7941,0
2023-12-12,185.37,190.27,182.20,185.25,181.21,177.28,207.00,,,193.4229,0,179.4654,1,153731,210761,-4.4209,-8.0930,3.6722,0
2023-12-13,185.36,193.94,183.20,193.77,182.85,178.37,205.77,,,168.4550,1,181.6268,1,201935,211696,-3.0673,-7.0879,4.0206,0
2023-12-14,197.40,202.77,194.87,199.21,185.01,179.69,204.66,,,178.0156,1,182.2038,1,220231,213502,-1.5382,-5.9779,4.4398,0
2023-12-15,198.51,199.84,195.49,198.29,186.67,181.13,203.50,,,178.0156,1,183.2022,1,287143,217358,-0.3959,-4.8615,4.4656,0
2023-12-18,199.09,200.27,195.59,199.12,188.38,182.43,202.21,,,178.4956,1,187.1167,1,136120,217281,0.5698,-3.7753,4.3451,0
2023-12-19,200.47,204.03,200.22,203.38,190.91,183.70,200.90,,,183.1614,1,190.2483,1,147895,218416,1.6601,-2.6882,4.3483,0
2023-12-20,202.20,204.98,198.70,199.52,192.72,184.98,199.52,,,183.1614,1,193.0039,1,153084,219349,2.1873,-1.7131,3.9004,0
2023-12-21,201.04,202.90,197.88,202.03,194.80,186.42,198.13,,,183.1614,1,195.4001,1,153772,220859,2.7758,-0.8153,3.5911,0
2023-12-22,203.49,204.31,199.95,201.05,196.67,187.75,196.91,,,184.1128,1,197.3170,1,101793,220114,3.1273,-0.0268,3.1541,0
2023-12-26,201.44,202.16,199.53,201.76,198.34,189.22,195.78,,,184.1128,1,197.8754,1,100664,220407,3.4232,0.6632,2.7600,0
2023-12-27,201.63,202.76,200.24,201.14,199.93,190.57,194.53,,,185.4400,1,199.2973,1,89043,220371,3.5669,1.2439,2.3229,0
2023-12-28,200.89,203.16,200.54,202.97,200.85,191.85,193.22,,,186.6055,1,199.5280,1,121132,220130,3.7847,1.7521,2.0326,0
2023-12-29,202.42,203.76,200.99,202.15,201.14,193.08,192.02,,,187.8291,1,200.2419,1,108073,220201,3.8466,2.1710,1.6757,0
2024-01-02,200.44,203.28,199.12,200.08,201.32,194.00,190.84,,,187.8291,1,204.9847,0,202574,222313,3.6860,2.4740,1.2120,0
2024-01-03,197.11,197.95,189.46,190.15,200.42,194.40,189.59,,,187.8291,1,204.8673,0,161744,223370,2.7263,2.5245,0.2019,0
2024-01-04,191.23,194.16,189.68,192.15,199.30,195.10,188.41,,,187.8291,1,204.2509,0,112339,223722,2.1033,2.4402,-0.3369,0
2024-01-05,188.76,195.80,188.56,192.79,198.63,195.67,187.16,,,187.8291,1,203.6591,0,123120,224705,1.6419,2.2806,-0.6386,0
2024-01-08,193.01,200.91,192.79,199.63,198.39,196.60,186.31,,,187.8291,1,202.7531,0,122586,224947,1.8070,2.1859,-0.3789,0
2024-01-09,197.52,201.61,197.52,198.53,198.13,197.40,185.50,,,187.8291,1,201.9014,0,87177,224383,1.8284,2.1144,-0.2860,0
2024-01-10,199.89,199.97,195.98,197.53,197.71,198.02,184.76,,,187.8291,1,201.6109,0,129623,224235,1.7447,2.0404,-0.2957,0
2024-01-11,198.48,198.48,191.75,195.86,197.18,198.56,183.99,,,187.8291,1,201.6109,0,166822,223505,1.5259,1.9375,-0.4116,0
2024-01-12,195.48,196.37,193.11,193.20,196.21,198.53,183.08,,,187.8291,1,200.8278,0,113208,216765,1.1249,1.7750,-0.6501,0
2024-01-16,191.69,192.65,187.00,190.43,195.04,198.09,183.94,,,187.8291,1,200.0917,0,171332,186834,0.5771,1.5354,-0.9583,0
2024-01-17,188.89,189.71,185.56,187.94,193.82,197.57,184.53,,,187.8291,1,199.0445,0,190114,173678,-0.0575,1.2168,-1.2744,0
2024-01-18,190.02,191.44,184.30,191.31,193.94,197.18,185.25,,,187.8291,1,197.6964,0,139374,165624,-0.2850,0.9165,-1.2015,0
2024-01-19,191.31,191.73,187.30,189.31,193.65,196.48,185.90,,,187.8291,1,196.0891,0,201624,160110,-0.6199,0.6092,-1.2291,0
2024-01-22,191.36,193.67,186.78,190.89,193.46,196.05,186.44,,,187.8291,1,194.6747,0,293791,161025,-0.7488,0.3376,-1.0864,0
2024-01-23,193.77,198.19,192.22,192.89,192.79,195.59,187.03,,,187.8291,1,184.3023,1,156597,160997,-0.6821,0.1337,-0.8158,0
2024-01-24,194.76,194.92,188.80,189.14,191.85,194.99,187.54,,,187.8291,1,184.5801,1,131661,160229,-0.9209,-0.0773,-0.8437,0
2024-01-25,190.31,192.30,187.64,188.52,190.95,194.33,187.97,,,187.8291,1,184.8522,1,155843,159870,-1.1474,-0.2913,-0.8561,0
2024-01-26,189.65,191.81,188.86,189.52,190.32,193.75,188.40,,,187.8291,1,185.1189,1,155261,159849,-1.2314,-0.4793,-0.7521,0
2024-01-29,188.52,191.72,187.74,191.59,190.16,193.18,188.79,,,187.8291,1,185.3803,1,122763,158034,-1.1187,-0.6072,-0.5115,0
2024-01-30,190.20,193.17,189.43,191.20,190.23,192.63,189.16,,,187.8291,1,185.6365,1,95961,155957,-1.0487,-0.6955,-0.3532,0
2024-01-31,190.85,191.18,185.89,186.03,190.04,191.93,189.49,,,203.6907,0,198.1883,0,107162,154788,-1.3939,-0.8352,-0.5587,0
2024-02-01,187.12,188.55,184.07,188.46,189.76,191.85,189.79,,,201.5515,0,197.9423,0,191448,153803,-1.4550,-0.9591,-0.4958,0
2024-02-02,188.40,191.59,186.78,190.68,189.89,191.77,190.05,,,201.5515,0,197.3873,0,177772,153575,-1.3092,-1.0291,-0.2800,0
2024-02-05,189.71,190.30,185.77,189.93,189.80,191.63,190.37,,,201.5515,0,196.8545,0,155131,154259,-1.2393,-1.0712,-0.1681,0
2024-02-06,191.27,194.81,191.04,193.29,189.84,191.31,190.77,,,201.5515,0,196.3431,0,272237,156958,-0.9029,-1.0375,0.1346,0
2024-02-07,193.67,195.70,187.72,194.63,190.38,191.12,191.17,,,201.5515,0,195.8520,0,251594,160199,-0.5221,-0.9344,0.4123,0
2024-02-08,184.75,194.96,181.98,191.42,190.68,190.81,191.56,,,201.5515,0,195.7045,0,347887,164513,-0.4737,-0.8423,0.3686,0
2024-02-09,191.74,193.16,183.31,185.80,190.30,190.31,191.79,,,201.5515,0,195.7045,0,338941,169150,-0.8790,-0.8496,-0.0293,0
2024-02-12,186.16,191.03,186.16,187.46,189.89,190.02,191.99,,,201.5515,0,194.9613,0,216525,170580,-1.0538,-0.8905,-0.1634,0
2024-02-13,182.62,184.49,179.93,182.84,189.05,189.64,192.09,,,201.5515,0,194.1827,0,205218,169700,-1.5478,-1.0219,-0.5259,0
2024-02-14,184.82,188.08,183.73,185.07,188.96,189.50,192.16,236.12,,201.5515,0,193.0426,0,192240,168751,-1.7393,-1.1654,-0.5739,0
2024-02-15,186.77,192.07,185.41,190.08,189.12,189.44,192.32,235.12,,201.5515,0,179.9312,1,313399,172309,-1.4694,-1.2262,-0.2432,0
2024-02-16,189.23,191.83,186.55,186.60,188.71,189.30,192.49,234.06,,201.5515,0,180.1740,1,172616,173048,-1.5188,-1.2847,-0.2341,0
2024-02-20,184.33,186.97,183.99,185.85,188.30,189.05,192.58,232.96,,201.5515,0,180.4120,1,141758,172580,-1.6003,-1.3478,-0.2525,0
2024-02-21,183.43,183.71,176.53,177.99,186.77,188.30,192.52,231.79,,199.0083,0,192.0746,0,126977,171419,-2.2724,-1.5327,-0.7396,0
2024-02-22,180.10,181.71,176.72,177.69,185.08,187.73,192.42,230.60,,197.7142,0,191.7637,0,225030,171956,-2.7972,-1.7856,-1.0115,0
2024-02-23,177.49,181.15,176.03,180.59,184.00,187.34,192.33,229.48,,196.7754,0,191.4590,0,246608,173813,-2.9456,-2.0176,-0.9279,0
2024-02-26,179.98,179.98,175.64,176.10,183.03,186.66,192.15,228.38,,195.6592,0,190.8418,0,131386,173367,-3.3863,-2.2914,-1.0949,0
2024-02-27,176.63,182.16,176.63,179.05,182.19,186.04,191.86,227.29,,195.6592,0,189.9296,0,137014,172068,-3.4574,-2.5246,-0.9329,0
2024-02-28,177.66,180.51,177.53,179.54,181.86,185.45,191.46,226.19,,195.6592,0,189.0721,0,138655,170437,-3.4348,-2.7066,-0.7282,0
2024-02-29,179.78,182.17,177.26,178.36,181.18,185.07,191.06,225.05,,195.6592,0,188.2661,0,166303,168020,-3.4723,-2.8597,-0.6125,0
2024-03-01,178.29,181.08,177.42,181.04,180.28,184.70,190.70,223.91,,195.4325,0,187.5084,0,121898,167735,-3.2483,-2.9374,-0.3108,0
2024-03-04,179.71,180.17,173.22,174.47,179.07,183.89,190.13,222.68,,193.6063,0,186.7962,0,162666,168031,-3.5595,-3.0619,-0.4976,0
2024-03-05,173.22,173.24,167.46,170.40,177.52,182.91,189.54,221.42,,187.6703,0,185.7103,0,161648,168202,-4.0879,-3.2671,-0.8209,0
2024-03-06,171.64,173.72,170.25,172.35,176.96,181.87,188.95,220.16,,187.6703,0,183.8848,0,125772,167642,-4.2998,-3.4736,-0.8262,0
2024-03-07,173.45,178.70,172.89,178.03,176.99,181.04,188.49,219.40,,187.6703,0,182.2418,0,145308,168512,-3.9635,-3.5716,-0.3919,0
2024-03-08,178.71,179.03,175.59,177.58,176.69,180.34,188.00,218.66,,187.6703,0,180.7632,0,130678,169113,-3.6907,-3.5954,-0.0953,0
2024-03-11,177.52,181.53,177.14,180.79,177.16,180.09,187.60,217.98,,187.6703,0,167.4554,1,165146,170635,-3.1786,-3.5120,0.3335,0
2024-03-12,181.22,183.18,178.98,183.08,177.56,179.87,187.20,217.29,,187.6703,0,167.7368,1,118662,170585,-2.5582,-3.3213,0.7631,0
2024-03-13,183.28,186.04,183.08,184.47,178.06,179.96,186.85,216.63,,187.6703,0,168.3546,1,148943,171403,-1.9327,-3.0436,1.1108,0
2024-03-14,184.95,187.10,183.70,185.99,178.82,180.00,186.56,216.00,,187.6703,0,169.4160,1,155636,170464,-1.2995,-2.6948,1.3952,0
2024-03-15,184.64,187.92,182.25,185.89,179.30,179.79,186.48,215.35,,187.6703,0,170.8309,1,318734,173604,-0.7965,-2.3151,1.5186,0
2024-03-18,187.68,189.26,185.40,187.76,180.63,179.85,186.39,214.70,,172.9415,1,172.5394,1,144915,174255,-0.2439,-1.9009,1.6569,0
2024-03-19,187.60,187.60,183.94,185.77,182.17,179.85,186.25,214.03,,172.9415,1,174.5457,1,131151,174416,0.0331,-1.5141,1.5472,0
2024-03-20,186.58,188.70,185.79,187.49,183.68,180.32,186.01,213.38,,173.6808,1,176.3112,1,94388,173852,0.3873,-1.1338,1.5211,0
2024-03-21,188.91,190.89,188.12,189.64,184.85,180.92,185.83,212.76,,176.2812,1,177.8648,1,109480,174298,0.8316,-0.7407,1.5723,0
2024-03-22,189.41,189.78,186.18,188.60,185.95,181.32,185.65,212.19,,176.2812,1,179.6883,1,88344,173472,1.0873,-0.3751,1.4625,0
2024-03-25,187.89,188.85,185.54,187.42,186.61,181.88,185.48,211.62,,176.2812,1,181.2565,1,75988,171656,1.1808,-0.0639,1.2447,0
2024-03-26,188.41,188.48,185.91,186.77,186.98,182.27,185.35,211.02,,176.2812,1,182.6052,1,209393,173580,1.1889,0.1866,1.0023,0
2024-03-27,189.12,193.54,189.12,193.26,187.86,182.96,185.41,210.44,,178.3364,1,183.7650,1,151149,173176,1.6992,0.4891,1.2101,0
2024-03-28,194.38,197.74,193.81,195.01,188.76,183.79,185.55,209.86,,182.7382,1,185.3291,1,149397,172361,2.2196,0.8352,1.3843,0
2024-04-01,194.32,194.96,191.23,194.29,189.60,184.45,185.61,209.31,,182.7382,1,187.5638,1,155670,172687,2.5449,1.1772,1.3677,0
2024-04-02,188.14,194.20,185.88,193.70,190.19,185.41,185.70,208.73,,182.7382,1,197.7442,0,228526,173225,2.7231,1.4863,1.2368,0
2024-04-03,193.24,195.71,192.53,194.81,191.10,186.63,185.78,208.16,,182.7382,1,197.5069,0,194993,171249,2.9208,1.7732,1.1476,0
2024-04-04,197.90,200.52,193.77,193.78,191.73,187.71,185.80,207.55,,182.8305,1,185.8825,1,148253,171083,2.9596,2.0105,0.9491,0
2024-04-05,193.15,194.84,189.81,194.30,192.19,188.52,185.90,206.93,,182.8305,1,186.1751,1,123396,170917,2.9984,2.2081,0.7903,0
2024-04-08,195.84,198.74,194.59,197.80,193.11,189.53,186.08,206.33,,182.8305,1,186.4620,1,142735,170655,3.2737,2.4212,0.8525,0
2024-04-09,199.12,203.81,198.67,203.64,194.74,190.67,186.37,205.77,,186.5827,1,186.7431,1,134626,170242,3.9180,2.7206,1.1974,0
2024-04-10,199.45,199.69,195.57,199.22,195.98,191.48,186.52,205.18,,186.5827,1,187.4258,1,234355,172474,4.0256,2.9816,1.0440,0
2024-04-11,201.21,201.21,195.72,200.41,196.70,192.28,186.70,204.61,,186.5827,1,188.0811,1,106739,172690,4.1586,3.2170,0.9416,0
2024-04-12,198.94,198.94,193.78,194.02,196.60,192.68,186.86,204.03,,186.5827,1,188.7103,1,150143,173549,3.7058,3.3148,0.3910,0
2024-04-15,193.78,194.19,187.94,188.86,196.05,192.83,186.87,203.44,,186.5827,1,203.8097,0,115831,172037,2.8968,3.2312,-0.3344,0
2024-04-16,187.71,188.30,185.80,186.33,195.32,192.76,186.78,202.82,,202.7103,0,203.4923,0,151264,171507,2.0283,2.9906,-0.9623,0
2024-04-17,186.64,187.39,182.94,183.10,194.15,192.62,186.65,202.19,,200.5964,0,202.7846,0,153562,171476,1.0676,2.6060,-1.5384,0
2024-04-18,183.94,184.79,180.73,181.15,192.88,192.31,186.41,201.58,,197.8660,0,201.5938,0,113510,168301,0.1471,2.1142,-1.9671,0
2024-04-19,180.94,183.42,179.56,179.57,191.41,191.80,186.10,200.95,,196.2461,0,199.9245,0,104929,165368,-0.7023,1.5509,-2.2532,0
2024-04-22,180.75,184.61,178.72,182.96,189.93,191.52,185.94,200.36,,196.2461,0,197.8878,0,97481,160360,-1.0894,1.0229,-2.1122,0
2024-04-23,183.06,187.67,183.06,184.31,187.99,191.36,185.91,199.80,,196.2461,0,195.5882,0,114208,155865,-1.2723,0.5638,-1.8362,0
2024-04-24,184.17,184.78,180.50,184.13,186.48,191.23,185.84,199.22,,196.2461,0,193.5645,0,103181,153598,-1.4153,0.1680,-1.5833,0
2024-04-25,181.76,183.13,179.99,182.83,184.73,190.71,185.84,198.70,,196.0755,0,191.7837,0,157380,152641,-1.6151,-0.1886,-1.4264,0
2024-04-26,184.05,187.90,184.05,185.09,183.83,190.22,185.84,198.23,223.55,196.0755,0,190.2165,0,127501,151347,-1.5726,-0.4654,-1.1072,0
2024-04-29,185.23,190.76,185.23,189.31,183.88,189.97,185.82,197.82,222.80,196.0755,0,178.7242,1,146399,148007,-1.1853,-0.6094,-0.5759,0
2024-04-30,187.54,189.66,184.20,184.20,183.67,189.49,185.78,197.36,221.99,196.0755,0,178.9649,1,166099,147876,-1.2757,-0.7426,-0.5330,0
2024-05-01,183.84,187.12,182.14,182.50,183.61,188.88,185.71,196.93,221.15,196.0755,0,179.2007,1,253882,150119,-1.4679,-0.8877,-0.5802,0
2024-05-02,176.38,176.97,155.80,163.37,181.83,187.36,185.42,196.35,220.19,187.8719,0,190.7575,0,459580,156771,-3.1276,-1.3357,-1.7920,0
2024-05-03,169.33,172.49,164.14,167.85,180.65,186.03,185.22,195.79,219.25,187.8719,0,190.0584,0,206747,156405,-4.0351,-1.8756,-2.1596,0
2024-05-06,169.01,171.78,166.32,170.93,179.45,184.69,185.03,195.24,218.37,187.8719,0,189.3733,0,130551,154084,-4.4539,-2.3912,-2.0627,0
2024-05-07,170.95,174.47,170.44,172.92,178.31,183.15,184.96,194.71,217.52,187.8719,0,188.7019,0,88623,153229,-4.5726,-2.8275,-1.7451,0
2024-05-08,170.85,172.46,168.28,168.82,176.78,181.63,184.76,194.13,216.66,187.8719,0,188.0440,0,86467,152218,-4.9410,-3.2502,-1.6908,0
2024-05-09,168.46,171.12,167.73,170.09,175.51,180.12,184.57,193.56,215.78,187.8719,0,187.3992,0,90539,151255,-5.0717,-3.6145,-1.4572,0
2024-05-10,170.39,171.48,168.37,169.91,173.99,178.91,184.40,192.99,214.89,187.8719,0,186.7673,0,82222,149574,-5.1311,-3.9178,-1.2133,0
2024-05-13,170.71,173.11,170.31,170.58,172.12,178.00,184.19,192.37,213.98,187.8719,0,186.1480,0,81556,148767,-5.0653,-4.1473,-0.9180,0
2024-05-14,171.48,173.44,170.88,171.00,170.80,177.23,184.12,191.71,213.04,187.8719,0,185.5412,0,86278,147239,-4.9224,-4.3023,-0.6201,0
2024-05-15,172.91,174.28,169.15,173.88,169.94,176.77,184.19,191.08,212.11,187.8719,0,184.9464,0,119477,146396,-4.5245,-4.3468,-0.1777,0
2024-05-16,174.25,177.79,174.20,177.43,171.34,176.58,184.29,190.46,211.20,187.8719,0,184.3636,0,111412,146109,-3.8782,-4.2531,0.3748,0
2024-05-17,177.48,178.66,176.07,178.62,172.42,176.54,184.30,189.90,210.63,187.8719,0,183.7924,0,89900,145000,-3.2331,-4.0491,0.8159,0
2024-05-20,178.64,178.82,174.81,176.67,172.99,176.22,184.29,189.36,210.06,187.8719,0,183.2326,0,87405,144135,-2.8464,-3.8085,0.9621,0
2024-05-21,175.95,177.04,174.66,176.06,173.31,175.81,184.19,188.77,209.53,187.8719,0,182.6841,0,68149,142195,-2.5595,-3.5587,0.9993,0
2024-05-22,176.00,177.49,174.66,177.04,174.13,175.45,184.07,188.16,208.99,187.8719,0,182.1465,0,116839,142159,-2.2273,-3.2924,1.0651,0
2024-05-23,177.31,178.08,170.89,170.93,174.21,174.86,183.80,187.56,208.42,187.8719,0,181.6196,0,109793,141376,-2.4287,-3.1197,0.6910,0
2024-05-24,170.75,171.20,165.19,167.61,173.98,173.99,183.43,186.95,207.86,182.7581,0,181.1033,0,129580,140854,-2.8239,-3.0605,0.2366,0
2024-05-28,167.92,168.27,163.24,163.79,173.30,172.71,182.99,186.35,207.26,180.3730,0,180.5974,0,137585,137231,-3.4062,-3.1297,-0.2765,0
2024-05-29,161.21,163.64,160.53,160.65,172.27,171.53,182.45,185.75,206.64,176.2183,0,180.1015,0,143436,137202,-4.0742,-3.3186,-0.7556,0
2024-05-30,159.35,159.94,155.32,156.09,170.49,170.21,181.86,185.09,205.99,171.9464,0,179.6156,0,152528,137629,-4.9146,-3.6378,-1.2768,0
2024-05-31,154.15,154.15,141.29,142.71,167.02,169.18,180.96,184.43,205.28,165.0457,0,178.6435,0,370842,143159,-6.5848,-4.2272,-2.3576,0
2024-06-03,144.75,146.27,141.79,142.54,163.41,167.91,180.02,183.78,204.57,160.9690,0,176.4024,0,255246,146074,-7.8316,-4.9481,-2.8836,0
2024-06-04,141.88,146.63,141.29,143.99,160.14,166.57,179.13,183.18,203.93,160.8092,0,174.2958,0,138741,147082,-8.6033,-5.6791,-2.9242,0
2024-06-05,144.24,145.34,141.29,141.72,156.71,165.01,178.21,182.56,203.26,159.6903,0,172.3156,0,116105,147884,-9.2908,-6.4015,-2.8894,0
2024-06-06,143.06,144.37,140.82,142.64,153.27,163.70,177.33,181.92,202.60,158.3945,0,170.4542,0,156333,146823,-9.6507,-7.0513,-2.5994,0
2024-06-07,141.21,144.95,140.16,142.72,150.45,162.33,176.32,181.89,201.91,158.2176,0,168.0835,0,115159,146103,-9.8164,-7.6043,-2.2121,0
2024-06-10,141.17,143.96,139.85,143.67,148.05,161.02,175.29,181.79,201.22,157.2331,0,165.2914,0,128466,145685,-9.7584,-8.0352,-1.7233,0
2024-06-11,141.44,142.54,139.74,140.81,145.75,159.53,174.22,181.69,200.54,156.1128,0,162.2383,0,126685,145105,-9.8297,-8.3941,-1.4357,0
2024-06-12,143.62,145.14,141.01,141.57,143.85,158.06,173.18,181.59,199.85,156.1128,0,159.0886,0,100119,142537,-9.7133,-8.6579,-1.0554,0
2024-06-13,141.13,141.85,138.14,138.45,142.08,156.28,172.05,181.42,199.13,154.4083,0,156.3798,0,102274,140682,-9.7597,-8.8783,-0.8814,0
2024-06-14,138.44,141.41,137.60,140.21,141.83,154.42,170.98,181.27,198.41,153.6183,0,153.4614,0,113596,139989,-9.5446,-9.0115,-0.5330,0
2024-06-17,140.54,142.80,138.68,140.32,141.61,152.51,169.90,181.11,197.67,153.6183,0,150.6063,0,144276,140407,-9.2586,-9.0609,-0.1977,0
2024-06-18,139.92,141.67,138.89,138.92,141.10,150.62,168.72,180.92,196.93,153.6183,0,148.2651,0,153541,140623,-9.0411,-9.0570,0.0158,0
2024-06-20,138.70,143.33,138.37,143.06,141.24,148.97,167.51,180.76,196.20,153.6183,0,146.3453,0,116952,140269,-8.4371,-8.9330,0.4959,0
2024-06-21,143.16,144.83,141.40,144.75,141.45,147.36,166.42,180.58,195.49,153.6183,0,137.5996,1,390256,143387,-7.7330,-8.6930,0.9600,0
2024-06-24,142.27,144.06,141.41,142.39,141.41,145.93,165.26,180.37,194.77,153.6183,0,137.7442,1,95367,143160,-7.2812,-8.4107,1.1294,0
2024-06-25,142.08,142.08,138.62,138.99,140.95,144.50,164.16,180.17,194.06,153.0813,0,137.8858,1,102022,142198,-7.1153,-8.1516,1.0363,0
2024-06-26,138.50,140.06,137.18,138.46,140.71,143.23,163.15,179.94,193.36,150.9459,0,144.8262,0,144342,142768,-6.9466,-7.9106,0.9640,0.00
2024-06-27,138.46,140.67,137.48,139.23,140.48,142.16,162.21,179.68,192.67,150.9459,0,144.6733,0,82899,141400,-6.6741,-7.6633,0.9892,3.25
2024-06-28,139.59,140.48,138.02,140.47,140.68,141.38,161.36,179.46,191.98,150.8308,0,144.5234,0,142353,141176,-6.2858,-7.3878,1.1020,3.40
2024-07-01,140.39,140.78,138.30,139.74,140.63,141.23,160.53,179.24,191.32,150.7087,0,144.3764,0,99596,140898,-5.9680,-7.1038,1.1358,3.36
2024-07-02,140.22,141.47,137.83,139.61,140.56,141.09,159.73,179.00,190.65,150.7087,0,144.2324,0,101353,140826,-5.6612,-6.8153,1.1542,3.36
2024-07-03,139.94,141.85,139.55,140.54,140.72,140.91,158.88,178.79,189.99,150.7087,0,144.0913,0,65544,140188,-5.2826,-6.5088,1.2262,3.09
2024-07-05,140.29,140.41,138.13,139.41,140.36,140.80,157.98,178.56,189.34,149.6374,0,143.9531,0,60716,139118,-5.0159,-6.2102,1.1943,3.09
2024-07-08,140.08,140.20,137.26,137.83,139.67,140.56,157.06,178.30,188.68,148.9388,0,143.8176,0,93501,138924,-4.8759,-5.9433,1.0674,2.78
2024-07-09,137.38,138.37,136.99,137.64,139.19,140.30,156.15,178.03,188.06,147.2826,0,143.6848,0,103957,137856,-4.7255,-5.6998,0.9742,2.51
2024-07-10,137.92,138.11,137.02,137.76,139.07,140.01,155.21,177.74,187.47,146.5362,0,143.4170,0,81601,136938,-4.5445,-5.4687,0.9242,2.40
2024-07-11,139.45,142.23,138.16,141.88,139.41,140.06,154.26,177.47,186.93,146.5362,0,143.1599,0,110383,136218,-4.0218,-5.1793,1.1575,2.24
2024-07-12,143.37,147.72,142.00,145.76,140.06,140.27,153.49,177.25,186.40,146.5362,0,136.9908,1,134804,135592,-3.2570,-4.7949,1.5378,2.17
2024-07-15,146.72,154.03,145.55,153.30,141.35,141.01,152.91,177.07,185.92,138.0433,1,137.2054,1,170300,133920,-2.0191,-4.2397,2.2206,3.09
2024-07-16,153.58,159.58,153.50,158.13,143.19,141.91,152.80,176.91,185.46,144.0845,1,137.8784,1,158953,127907,-0.6408,-3.5199,2.8791,2.90
2024-07-17,157.12,158.85,153.77,157.79,145.00,142.78,152.60,176.75,184.99,144.0845,1,139.1803,1,120976,126192,0.4189,-2.7322,3.1511,3.24
2024-07-18,157.79,159.33,151.04,152.01,146.15,143.44,152.22,176.53,184.49,144.0845,1,140.4041,1,113848,125858,0.7830,-2.0291,2.8122,3.55
2024-07-19,152.17,155.60,149.71,155.26,147.73,144.05,151.87,176.33,184.00,144.0845,1,141.5545,1,118227,126450,1.3187,-1.3596,2.6783,4.24
2024-07-22,156.56,157.68,152.13,157.11,149.66,144.67,151.63,176.08,183.51,144.0845,1,142.6358,1,97690,126674,1.8714,-0.7134,2.5848,4.39
2024-07-23,157.49,164.96,156.55,162.44,152.14,145.67,151.48,175.84,183.04,145.1356,1,143.6523,1,164940,128162,2.7085,-0.0290,2.7375,5.23
2024-07-24,162.19,164.46,155.35,155.73,153.94,146.50,151.20,175.55,182.54,145.1356,1,145.3568,1,111022,128738,2.7976,0.5363,2.2613,7.84
2024-07-25,156.39,164.34,155.62,159.96,155.75,147.58,150.99,175.29,182.02,145.1356,1,146.9249,1,106172,129231,3.1732,1.0637,2.1095,8.34
2024-07-26,161.09,162.06,158.69,161.08,157.28,148.67,150.79,175.01,181.48,145.1356,1,148.3676,1,96105,129427,3.5206,1.5551,1.9655,8.11
2024-07-29,161.83,164.85,160.34,161.28,158.08,149.71,150.53,174.76,180.95,145.9749,1,149.6949,1,92100,128880,3.7683,1.9977,1.7706,8.26
2024-07-30,161.29,164.20,159.18,162.49,158.51,150.85,150.24,174.49,180.40,145.9749,1,150.9160,1,106579,128783,4.0166,2.4015,1.6151,8.29
2024-07-31,164.61,167.46,163.10,163.79,159.11,152.06,149.94,174.24,179.91,148.9733,1,152.0394,1,223315,131451,4.2687,2.7749,1.4938,10.82
2024-08-01,170.89,175.68,162.45,164.37,160.35,153.25,149.69,174.00,179.44,150.4216,1,153.5817,1,283408,135372,4.4639,3.1127,1.3511,12.01
2024-08-02,161.96,163.84,155.81,161.35,160.96,154.35,149.40,173.73,178.93,150.4216,1,175.6821,0,138941,136787,4.3254,3.3553,0.9701,13.96
2024-08-05,154.39,160.46,153.49,155.23,160.77,155.22,148.96,173.41,178.36,150.4216,1,175.6821,0,502615,144503,3.6788,3.4200,0.2588,13.42
2024-08-06,155.86,159.26,155.16,155.55,160.08,156.11,148.66,173.10,177.83,150.4216,1,174.7943,0,105843,144424,3.1561,3.3672,-0.2111,14.30
2024-08-07,157.08,159.66,149.79,149.99,159.51,156.73,148.30,172.77,177.29,166.9733,0,173.9421,0,118358,144199,2.2672,3.1472,-0.8800,12.77
2024-08-08,151.14,157.81,150.10,156.42,159.16,157.45,148.16,172.54,176.80,166.9733,0,172.4931,0,113144,143711,2.0581,2.9294,-0.8713,14.00
2024-08-09,155.71,156.57,154.25,155.20,158.57,157.92,148.05,172.30,176.32,166.9733,0,171.1309,0,74342,142329,1.7729,2.6981,-0.9252,13.54
2024-08-12,155.56,155.91,150.67,150.95,157.53,157.81,147.94,172.02,175.80,166.9733,0,169.8506,0,79053,140859,1.1900,2.3965,-1.2065,12.31
2024-08-13,151.21,154.56,149.71,153.83,156.67,157.59,148.17,171.71,175.36,166.9733,0,168.6470,0,110752,135657,0.9501,2.1072,-1.1571,11.89
2024-08-14,153.43,153.81,150.63,152.38,155.53,157.32,148.36,171.40,174.93,166.9733,0,167.1323,0,89316,132339,0.6354,1.8128,-1.1775,11.78
2024-08-15,154.69,158.10,154.69,156.82,154.77,157.56,148.62,171.13,174.54,166.9733,0,165.7387,0,118634,131937,0.7356,1.5974,-0.8618,11.78
2024-08-16,155.85,157.95,154.29,157.12,154.35,157.65,148.93,170.87,174.15,166.9733,0,164.4566,0,227024,134155,0.8301,1.4439,-0.6139,11.85
2024-08-19,157.12,158.09,155.42,156.04,154.43,157.60,149.20,170.63,173.74,166.9733,0,163.2771,0,76701,132562,0.8084,1.3168,-0.5084,10.63
2024-08-20,155.54,156.01,154.45,155.70,154.45,157.26,149.46,170.39,173.78,166.9733,0,162.1920,0,74059,131740,0.7549,1.2044,-0.4496,11.01
2024-08-21,156.48,158.54,154.47,157.91,155.24,157.37,149.74,170.19,173.78,166.9733,0,161.1936,0,70414,130579,0.8805,1.1396,-0.2591,10.78
2024-08-22,157.91,158.39,156.08,157.26,155.32,157.24,150.07,169.97,173.79,166.9733,0,160.2752,0,70574,129457,0.9173,1.0952,-0.1779,12.50
2024-08-23,158.10,160.71,156.94,160.29,155.83,157.20,150.44,169.77,173.80,166.9733,0,149.7127,1,95114,129357,1.1776,1.1117,0.0660,12.43
2024-08-26,161.37,163.14,160.55,162.02,156.94,157.24,150.92,169.58,173.80,166.9733,0,149.9326,1,73647,128784,1.5060,1.1905,0.3155,13.77
2024-08-27,161.50,161.89,159.05,160.54,157.61,157.14,151.32,169.37,173.78,166.9733,0,150.4610,1,80588,128124,1.6276,1.2779,0.3496,15.19
2024-08-28,160.68,162.51,159.32,160.48,158.42,156.97,151.72,169.17,173.76,166.9733,0,150.9683,1,86199,126963,1.6996,1.3623,0.3373,20.81
2024-08-29,161.79,162.55,160.15,160.98,158.83,156.80,152.17,168.99,173.73,166.9733,0,151.4553,1,57210,125036,1.7766,1.4451,0.3315,19.65
2024-08-30,161.42,161.88,158.96,160.22,159.14,156.75,152.51,168.80,173.70,166.9733,0,151.9229,1,105563,124808,1.7563,1.5074,0.2489,17.97
2024-09-03,159.17,160.99,157.94,158.75,159.41,156.92,152.79,168.58,173.63,166.9733,0,152.3717,1,105000,119103,1.6034,1.5266,0.0768,19.92
2024-09-04,158.24,159.77,156.23,157.48,159.59,157.02,153.09,168.35,173.55,166.9733,0,152.8026,1,88928,118974,1.3640,1.4941,-0.1301,19.07
2024-09-05,156.90,158.51,153.33,153.76,159.18,157.21,153.39,168.14,173.48,166.9733,0,153.2162,1,471441,126363,0.8641,1.3681,-0.5040,17.00
2024-09-06,153.77,155.58,150.67,152.47,158.70,157.01,153.67,167.90,173.37,165.0682,0,163.1434,0,152137,126519,0.3598,1.1664,-0.8066,17.27
2024-09-09,153.24,161.93,153.19,161.24,158.79,157.31,154.11,167.70,173.29,165.0682,0,162.8940,0,167965,128220,0.6601,1.0652,-0.4050,23.84
2024-09-10,162.06,165.04,159.20,164.98,159.09,158.01,154.60,167.53,173.24,165.0682,0,150.6727,1,124793,127869,1.1863,1.0894,0.0969,26.33
2024-09-11,164.47,165.90,158.44,165.85,159.62,158.62,155.12,167.35,173.21,149.5536,1,150.9601,1,138254,128642,1.6541,1.2023,0.4518,27.32
2024-09-12,167.14,167.58,162.95,164.92,160.07,159.24,155.63,167.15,173.16,150.5363,1,151.5576,1,173850,130092,1.9271,1.3473,0.5799,24.68
2024-09-13,165.50,168.37,164.86,166.72,160.64,159.74,156.15,166.99,173.13,152.3034,1,152.5191,1,139925,131580,2.2628,1.5304,0.7324,24.29
2024-09-16,167.43,169.57,166.37,166.43,161.26,160.20,156.69,166.86,173.09,154.1330,1,153.7872,1,101809,132401,2.4773,1.7198,0.7575,24.22
2024-09-17,166.84,169.67,165.72,166.38,162.02,160.72,157.26,166.72,173.04,154.1330,1,155.3655,1,81815,132168,2.6131,1.8984,0.7147,21.38
2024-09-18,166.53,171.41,165.96,168.25,163.10,161.35,157.87,166.62,172.99,154.7783,1,157.0820,1,105060,132190,2.8389,2.0865,0.7524,21.57
2024-09-19,172.12,172.25,168.45,170.21,164.75,161.96,158.52,166.52,172.93,156.6313,1,159.0881,1,105401,132666,3.1398,2.2972,0.8426,21.26
2024-09-20,170.28,170.52,165.94,167.56,166.25,162.48,159.04,166.37,172.86,156.6313,1,161.1937,1,222385,134906,3.1285,2.4634,0.6650,21.56
2024-09-23,168.89,170.06,166.11,169.87,167.12,162.96,159.52,166.26,172.82,156.6313,1,162.9623,1,96127,134132,3.2677,2.6243,0.6434,24.50
2024-09-24,171.44,172.36,169.18,170.99,167.72,163.40,159.87,166.16,172.77,157.6377,1,164.4480,1,91220,132551,3.4291,2.7852,0.6438,23.09
2024-09-25,170.55,170.62,165.07,165.20,167.65,163.64,160.01,166.08,172.69,157.6377,1,172.3562,0,87999,131132,3.0547,2.8391,0.2156,20.34
2024-09-26,167.56,167.56,155.54,164.83,167.64,163.86,160.15,165.99,172.60,157.6377,1,172.3562,0,265726,134027,2.6968,2.8107,-0.1139,17.23
2024-09-27,165.97,167.67,164.54,165.16,167.49,164.06,160.42,165.89,172.50,157.6377,1,171.6838,0,78514,133320,2.4123,2.7310,-0.3187,16.51
2024-09-30,164.57,165.18,162.74,163.95,167.24,164.25,160.59,165.81,172.39,157.6377,1,171.0382,0,83468,132625,2.0654,2.5979,-0.5325,16.58
2024-10-01,164.13,164.50,160.29,163.69,166.97,164.50,160.72,165.70,172.24,157.6377,1,170.4185,0,83953,132350,1.7496,2.4282,-0.6786,17.39
2024-10-02,163.65,165.19,161.74,164.11,166.56,164.83,160.76,165.60,172.07,157.6377,1,169.8235,0,57589,130203,1.5152,2.2456,-0.7304,18.19
2024-10-03,162.56,164.33,161.99,163.94,165.93,165.34,160.92,165.51,171.90,157.6377,1,169.2524,0,58063,129144,1.3010,2.0567,-0.7557,18.80
2024-10-04,165.55,165.91,163.48,165.33,165.71,165.98,161.03,165.40,171.73,157.6377,1,168.7041,0,59797,128216,1.2290,1.8912,-0.6621,18.38
2024-10-07,164.80,164.80,160.71,161.04,164.82,165.97,161.03,165.31,171.52,157.6377,1,168.1777,0,65133,127597,0.8163,1.6762,-0.8599,16.65
2024-10-08,161.29,161.91,157.31,157.42,163.47,165.59,160.95,165.23,171.30,172.4237,0,167.6724,0,89710,127549,0.1955,1.3800,-1.1846,14.86
2024-10-09,158.94,161.08,157.48,161.03,163.05,165.35,160.92,165.15,171.10,171.9080,0,167.1873,0,101465,127447,-0.0058,1.1029,-1.1087,15.66
2024-10-10,160.37,161.54,158.24,161.40,162.71,165.18,160.87,165.04,170.90,171.9080,0,166.7216,0,87926,124739,-0.1335,0.8556,-0.9891,15.05
2024-10-11,161.53,162.56,159.91,159.94,162.19,164.84,160.78,164.92,170.69,171.9080,0,166.2745,0,61409,120299,-0.3483,0.6148,-0.9631,13.95
2024-10-14,160.43,162.34,159.37,162.09,162.00,164.62,160.80,164.80,170.50,171.9080,0,165.8453,0,85024,119221,-0.3415,0.4236,-0.7650,15.74
2024-10-15,162.33,166.70,161.84,162.34,161.86,164.42,160.94,164.66,170.29,171.9080,0,155.5448,1,84411,110857,-0.3126,0.2763,-0.5889,15.20
2024-10-16,162.36,162.90,160.16,161.00,161.55,164.05,161.05,164.50,170.09,171.9080,0,155.7679,1,81409,110368,-0.3932,0.1424,-0.5356,13.95
2024-10-17,161.29,162.81,158.70,162.65,161.42,163.68,161.30,164.35,169.90,171.9080,0,155.9865,1,86674,109734,-0.3199,0.0500,-0.3699,21.54
2024-10-18,163.96,164.87,161.58,163.28,161.22,163.46,161.44,164.20,169.77,171.9080,0,156.2007,1,62474,108721,-0.2086,-0.0018,-0.2069,21.08
2024-10-21,163.61,169.34,163.36,165.18,161.63,163.23,161.64,164.05,169.63,171.9080,0,156.4106,1,136102,109956,0.0325,0.0051,0.0274,24.06
2024-10-22,164.55,165.10,162.75,163.78,162.27,162.87,161.90,163.90,169.49,171.9080,0,156.9280,1,68124,109737,0.1095,0.0260,0.0835,23.14
2024-10-23,162.75,163.78,160.06,161.80,162.35,162.70,162.06,163.73,169.30,171.9080,0,157.4246,1,58852,108699,0.0108,0.0229,-0.0121,21.88
2024-10-24,164.30,164.34,161.51,162.58,162.47,162.59,162.26,163.55,169.12,171.9080,0,157.9014,1,110869,109130,-0.0046,0.0174,-0.0221,24.09
2024-10-25,163.33,164.24,161.17,162.04,162.67,162.43,162.36,163.37,168.94,171.9080,0,158.3591,1,53999,107838,-0.0599,0.0020,-0.0618,22.42
2024-10-28,162.95,166.03,162.58,164.72,162.94,162.47,162.52,163.22,168.78,171.9080,0,158.7985,1,87809,105053,0.1111,0.0238,0.0873,21.45
2024-10-29,164.18,166.93,162.91,164.91,163.19,162.53,162.69,163.07,168.64,171.9080,0,159.2204,1,96118,105442,0.2587,0.0708,0.1880,22.03
2024-10-30,164.36,172.15,164.36,169.54,164.05,162.80,162.97,162.91,168.54,171.9080,0,159.6253,1,213280,108226,0.7413,0.2049,0.5364,29.27
2024-10-31,186.70,218.80,186.22,205.74,168.36,164.89,163.93,162.99,168.63,176.5190,1,160.3768,1,535117,117520,3.9987,0.9637,3.0351,70.88
2024-11-01,204.46,209.24,200.08,207.34,172.76,166.99,164.93,163.07,168.71,178.5164,1,164.3639,1,235338,120816,6.6325,2.0974,4.5351,74.12
2024-11-04,206.85,209.79,205.59,208.13,177.06,169.35,165.89,163.17,168.80,182.8982,1,168.7191,1,173059,122374,8.6840,3.4148,5.2693,73.03
2024-11-05,207.64,215.60,206.18,215.10,182.19,172.23,166.95,163.30,168.92,185.7514,1,172.7259,1,228265,125467,10.7483,4.8815,5.8668,74.86
2024-11-06,218.96,230.01,218.95,227.46,188.76,175.55,168.29,163.53,169.10,197.3890,1,176.4122,1,310608,130067,13.2285,6.5509,6.6776,76.12
2024-11-07,227.07,227.07,222.73,223.62,194.86,178.66,169.55,163.72,169.27,199.0994,1,181.7725,1,134928,131042,14.7147,8.1836,6.5311,75.05
2024-11-08,222.86,225.50,220.48,225.15,201.17,181.92,170.83,163.91,169.45,199.0994,1,186.5967,1,112751,132153,15.8339,9.7137,6.1202,75.31
2024-11-11,226.91,227.37,222.36,224.12,207.11,185.02,172.11,164.04,169.62,201.1081,1,190.9385,1,106769,132177,16.4479,11.0605,5.3874,72.65
2024-11-12,223.43,226.39,223.13,225.29,213.15,188.17,173.44,164.22,169.79,202.4055,1,194.8462,1,143583,132948,16.8349,12.2154,4.6195,75.25
2024-11-13,224.80,227.47,223.42,224.22,218.62,191.33,174.78,164.38,169.96,204.1069,1,198.3631,1,97476,133119,16.8607,13.1445,3.7163,75.67
2024-11-14,223.43,224.50,219.60,221.14,220.16,194.26,176.12,164.56,170.13,204.1069,1,201.5283,1,113346,125957,16.4430,13.8042,2.6389,74.84
2024-11-15,220.34,220.94,216.36,216.42,221.06,196.91,177.40,164.74,170.27,204.1069,1,204.3769,1,105125,125017,15.5523,14.1538,1.3985,74.57
2024-11-18,215.40,217.01,213.08,215.46,221.80,199.43,178.49,164.93,170.40,204.1069,1,206.9407,1,81650,123291,14.6003,14.2431,0.3572,74.65
2024-11-19,211.82,216.39,209.72,213.51,221.64,201.91,179.46,165.14,170.52,204.1069,1,209.2482,1,90109,122597,13.5325,14.1010,-0.5685,74.38
2024-11-20,214.20,217.19,212.70,216.32,220.52,204.64,180.47,165.37,170.63,204.1069,1,209.7193,1,145362,122739,12.7663,13.8340,-1.0678,76.48
2024-11-21,218.02,224.08,217.43,223.45,220.51,207.68,181.64,165.66,170.77,204.1069,1,209.7193,1,90082,121064,12.5889,13.5850,-0.9961,81.89
2024-11-22,224.33,227.10,223.23,226.70,220.66,210.92,182.84,165.96,170.95,206.7566,1,211.7488,1,85771,119981,12.5656,13.3811,-0.8155,80.59
2024-11-25,229.13,232.90,228.66,231.32,221.38,214.25,184.13,166.27,171.18,212.3528,1,213.5755,1,153166,121008,12.7727,13.2594,-0.4868,81.35
2024-11-26,230.93,233.41,229.30,232.90,222.14,217.65,185.46,166.59,171.41,213.5359,1,215.8949,1,113277,121637,12.9159,13.1907,-0.2748,83.10
2024-11-27,233.65,233.98,228.37,231.67,222.89,220.75,186.73,166.92,171.65,213.5359,1,218.3466,1,116579,121868,12.7826,13.1091,-0.3265,80.97
2024-11-29,231.97,232.89,227.74,228.65,223.64,221.90,187.90,167.21,171.87,213.5359,1,220.8477,1,80407,121368,12.2911,12.9455,-0.6544,79.18
2024-12-02,228.51,231.62,227.86,229.13,224.91,222.99,189.13,167.48,172.06,213.5359,1,222.9487,1,144373,119808,11.8045,12.7173,-0.9128,79.79
2024-12-03,227.04,229.50,225.11,226.63,226.03,223.91,190.27,167.76,172.26,213.5359,1,224.7135,1,140043,120686,11.0897,12.3918,-1.3021,79.03
2024-12-04,227.25,228.80,223.36,228.47,227.52,224.58,191.42,168.07,172.48,213.5359,1,233.9787,0,101942,120900,10.5496,12.0234,-1.4737,76.25
2024-12-05,228.47,229.26,224.78,228.54,228.75,224.63,192.68,168.50,172.73,213.5359,1,233.7664,0,94300,121026,10.0118,11.6210,-1.6093,76.78
2024-12-06,229.71,234.82,229.70,233.14,229.71,225.11,194.05,168.94,173.01,215.8115,1,223.3627,1,115331,118019,9.8435,11.2655,-1.4220,79.10
2024-12-09,233.43,235.20,228.13,231.62,230.21,225.43,195.38,169.34,173.26,215.8115,1,223.5918,1,161333,119675,9.4784,10.9081,-1.4297,80.67
2024-12-10,232.26,232.82,229.16,232.33,230.31,225.85,196.75,169.74,173.54,215.8115,1,224.0562,1,105458,120115,9.1410,10.5547,-1.4137,82.00
2024-12-11,234.61,239.31,231.68,236.86,230.70,226.42,198.21,170.19,173.83,218.5138,1,224.5020,1,161808,121672,9.1335,10.2705,-1.1370,82.42
2024-12-12,236.23,237.01,234.63,236.61,231.20,227.04,199.66,170.63,174.12,219.8197,1,225.3906,1,140064,123321,9.0038,10.0171,-1.0133,83.23
2024-12-13,236.15,236.15,229.69,231.19,231.45,227.55,201.01,171.04,174.38,219.8197,1,226.2259,1,107847,124317,8.3670,9.6871,-1.3201,80.61
2024-12-16,231.00,232.27,227.28,228.78,231.42,228.16,202.28,171.43,174.62,219.8197,1,227.0111,1,139074,125903,7.5809,9.2659,-1.6850,79.77
2024-12-17,228.19,233.23,227.73,229.68,231.72,228.88,203.65,171.82,174.90,219.8197,1,227.2846,1,186632,128332,6.9502,8.8027,-1.8525,82.01
2024-12-18,227.38,229.91,206.44,206.53,229.53,228.53,204.63,172.04,175.08,239.9223,0,239.3123,0,226920,131077,4.5302,7.9482,-3.4180,73.14
2024-12-19,209.85,210.79,202.65,204.07,227.08,227.91,205.49,172.22,175.24,228.7329,0,238.6549,0,197137,132990,2.3860,6.8358,-4.4498,71.09
2024-12-20,202.62,207.82,201.36,204.30,224.20,226.96,206.35,172.39,175.37,226.3422,0,237.2146,0,332293,137877,0.6977,5.6082,-4.9104,70.86
2024-12-23,203.24,205.32,201.02,203.99,221.43,225.82,207.23,172.57,175.50,224.0368,0,235.0631,0,80633,138262,-0.6581,4.3549,-5.0130,71.66
2024-12-24,203.68,207.02,202.90,206.79,218.88,224.59,208.12,172.77,175.63,224.0368,0,232.3397,0,30938,137180,-1.4895,3.1860,-4.6755,72.12
2024-12-26,205.67,207.03,204.44,206.15,215.81,223.26,209.00,172.97,175.74,224.0368,0,229.8342,0,91356,137319,-2.1751,2.1138,-4.2889,71.36
2024-12-27,204.66,206.78,201.95,203.80,212.53,221.86,209.86,173.19,175.84,222.7254,0,227.5291,0,72600,137143,-2.8746,1.1161,-3.9907,71.43
2024-12-30,201.81,202.97,198.26,201.55,209.56,220.51,210.63,173.41,175.92,218.8023,0,225.4085,0,59226,136594,-3.5691,0.1791,-3.7482,70.25
2024-12-31,202.23,203.32,200.68,202.08,206.89,219.16,211.41,173.67,176.00,218.8023,0,222.6937,0,64279,136630,-4.0310,-0.6629,-3.3680,71.36
2025-01-02,204.08,204.18,196.99,198.56,203.78,217.75,212.08,173.92,176.05,218.1820,0,220.2503,0,106863,136045,-4.6276,-1.4559,-3.1718,69.15
2025-01-03,200.21,201.04,197.91,200.98,203.23,216.38,212.82,174.22,176.13,216.2534,0,217.4589,0,83725,136357,-4.8489,-2.1345,-2.7144,70.45
2025-01-06,202.16,212.21,201.28,204.11,203.23,215.16,213.67,174.63,176.21,216.2534,0,215.0025,0,118711,137555,-4.7177,-2.6511,-2.0666,73.08
2025-01-07,204.77,205.17,198.82,199.25,202.72,213.46,214.40,175.01,176.26,216.2534,0,212.8408,0,85185,137041,-4.9489,-3.1107,-1.8382,69.69
2025-01-08,197.63,198.55,194.34,196.60,201.99,211.71,215.09,175.36,176.30,214.5894,0,212.2105,0,89579,137752,-5.2843,-3.5454,-1.7389,68.18
2025-01-10,194.60,200.91,194.60,199.15,201.22,210.05,215.78,175.74,176.36,214.5894,0,209.7081,0,111908,138234,-5.2841,-3.8931,-1.3909,74.77
2025-01-13,197.78,198.95,195.77,197.94,200.40,208.11,216.44,176.11,176.41,214.5894,0,207.5561,0,70434,137721,-5.3196,-4.1784,-1.1411,72.51
2025-01-14,198.27,200.48,196.63,200.39,200.06,206.29,217.06,176.49,176.45,214.5894,0,205.7053,0,59047,134636,-5.0917,-4.3611,-0.7306,72.47
2025-01-15,202.72,205.00,201.29,202.45,200.15,204.86,216.99,176.89,176.49,214.5894,0,194.3365,1,118384,126301,-4.6908,-4.4270,-0.2638,71.79
2025-01-16,202.50,205.25,200.61,205.02,200.45,203.67,216.95,177.31,176.54,214.5894,0,194.5498,1,82456,123244,-4.1180,-4.3652,0.2472,72.97
2025-01-17,207.47,207.47,203.13,206.23,201.21,202.50,216.91,177.75,176.60,214.5894,0,194.9778,1,113857,122060,-3.5263,-4.1974,0.6711,71.61
2025-01-21,207.50,208.71,204.59,206.31,201.74,202.49,216.73,178.20,176.66,214.5894,0,195.7273,1,88810,119271,-3.0163,-3.9612,0.9449,68.43
2025-01-22,205.22,206.24,202.72,204.64,201.80,202.51,216.28,178.63,176.72,214.5894,0,196.7655,1,66319,114385,-2.7152,-3.7120,0.9968,68.32
2025-01-23,203.86,203.86,200.95,202.35,202.11,202.42,215.85,179.04,176.76,214.5894,0,197.7208,1,145379,114594,-2.6309,-3.4958,0.8649,69.68
2025-01-24,204.42,207.46,203.42,204.57,202.90,202.45,215.44,179.48,176.79,214.5894,0,198.5996,1,63350,113606,-2.3578,-3.2682,0.9104,69.58
2025-01-27,204.01,211.14,204.01,209.91,203.98,202.60,215.15,179.92,176.82,214.5894,0,199.4080,1,152259,114516,-1.6908,-2.9527,1.2619,74.02
2025-01-28,210.86,214.85,207.71,210.73,205.26,202.83,214.86,180.36,176.88,214.5894,0,200.5813,1,89946,113443,-1.0837,-2.5789,1.4953,74.80
2025-01-29,210.02,210.02,203.20,203.55,205.58,202.82,214.45,180.77,176.89,214.5894,0,202.2939,1,99601,113485,-1.1682,-2.2968,1.1286,71.16
2025-01-30,203.85,206.31,201.02,202.36,205.57,202.86,214.07,181.19,176.94,214.5894,0,214.8526,0,66463,112548,-1.3162,-2.1006,0.7844,66.34
2025-01-31,204.66,208.72,202.36,204.63,205.53,202.99,213.84,181.64,177.02,214.5894,0,214.5760,0,110360,112653,-1.2363,-1.9278,0.6915,57.68
2025-02-03,202.06,203.68,197.79,202.34,205.14,203.18,213.58,182.06,177.10,214.5894,0,214.3049,0,133899,113697,-1.3421,-1.8106,0.4685,55.33
2025-02-04,202.79,203.10,200.00,202.35,204.74,203.24,213.35,182.47,177.19,214.5894,0,213.6444,0,97042,113836,-1.4089,-1.7303,0.3214,54.45
2025-02-05,201.01,203.33,196.66,203.23,204.60,203.20,213.09,182.89,177.30,214.5894,0,213.0103,0,121107,113351,-1.3752,-1.6593,0.2841,53.13
2025-02-06,204.61,204.82,200.94,202.11,204.58,203.34,212.66,183.31,177.41,214.5894,0,212.0292,0,89893,113347,-1.4227,-1.6120,0.1892,50.93
2025-02-07,204.57,205.08,196.29,196.96,203.82,203.36,212.07,183.69,177.48,214.5894,0,211.1069,0,74398,113120,-1.8543,-1.6604,-0.1939,49.15
2025-02-10,199.76,202.15,197.57,201.87,203.01,203.50,211.48,184.10,177.57,214.5894,0,209.9218,0,108113,112219,-1.7797,-1.6843,-0.0954,52.45
2025-02-11,200.02,204.64,199.32,200.50,201.99,203.62,210.83,184.52,177.65,214.5894,0,208.8316,0,153036,113014,-1.8102,-1.7095,-0.1008,52.67
2025-02-12,197.69,204.89,196.35,204.13,202.05,203.81,210.28,184.96,177.76,214.5894,0,207.8285,0,256742,115817,-1.5241,-1.6724,0.1483,57.41
2025-02-13,212.74,214.42,197.18,208.99,202.71,204.14,209.89,185.44,177.88,214.5894,0,196.2935,1,266946,119548,-0.8949,-1.5169,0.6220,59.53
2025-02-14,210.26,210.26,204.60,206.27,202.87,204.20,209.43,185.87,177.96,214.5894,0,196.3477,1,188340,120427,-0.6087,-1.3353,0.7265,59.19
2025-02-18,207.60,211.35,206.45,210.55,203.69,204.42,209.11,186.30,178.10,214.5894,0,196.7091,1,142451,120475,-0.0355,-1.0753,1.0398,62.53
2025-02-19,209.50,213.17,206.08,213.12,204.77,204.76,208.80,186.70,178.25,214.5894,0,197.0633,1,101535,120467,0.6185,-0.7365,1.3550,67.95
2025-02-20,212.01,212.44,207.23,211.37,205.59,205.09,208.46,187.05,178.49,214.5894,0,197.4104,1,69551,119972,0.9846,-0.3923,1.3769,70.75
2025-02-21,211.96,211.96,206.52,210.05,206.38,205.48,208.00,187.40,178.70,214.5894,0,197.7506,1,127303,120212,1.1549,-0.0829,1.2378,77.12
2025-02-24,211.33,217.48,208.12,216.09,208.29,206.06,207.69,187.83,178.93,195.2566,1,198.0839,1,178311,120551,1.7572,0.2852,1.4721,80.46
2025-02-25,215.92,217.77,214.01,215.98,209.70,206.36,207.36,188.23,179.14,196.2685,1,198.8600,1,168421,121811,2.1997,0.6681,1.5316,80.50
2025-02-26,216.15,218.96,215.83,216.64,211.32,206.65,206.96,188.63,179.38,198.7961,1,199.9943,1,139865,121372,2.5739,1.0492,1.5247,80.47
2025-02-27,217.33,218.32,212.61,213.29,212.24,207.14,206.49,188.97,179.60,198.7961,1,201.5119,1,191556,122402,2.5712,1.3536,1.2176,78.15
2025-02-28,213.11,218.28,213.11,216.37,212.97,207.84,206.19,189.37,179.83,198.7961,1,202.9080,1,180536,123855,2.7852,1.6399,1.1452,78.00
2025-03-03,216.05,221.32,215.06,217.10,214.06,208.47,205.96,189.75,180.06,199.9702,1,204.1925,1,223910,125552,2.9793,1.9078,1.0715,81.34
2025-03-04,215.78,217.61,212.82,214.14,214.42,209.06,205.65,190.11,180.28,199.9702,1,205.9053,1,190233,125624,2.8614,2.0985,0.7629,81.83
2025-03-05,212.61,215.86,211.72,214.32,214.54,209.65,205.80,190.46,180.48,199.9702,1,207.4467,1,194499,124976,2.7507,2.2290,0.5217,79.14
2025-03-06,209.75,213.26,200.66,200.74,213.47,209.53,205.74,190.72,180.60,199.9702,1,221.3200,0,173301,124499,1.5496,2.0931,-0.5435,72.74
2025-03-07,201.22,210.63,200.03,210.01,213.47,209.92,205.85,191.02,180.75,199.9702,1,220.9067,0,150733,120868,1.3302,1.9405,-0.6103,78.73
2025-03-10,212.71,223.32,211.84,214.33,213.29,210.79,206.06,191.36,180.94,199.9702,1,200.0250,1,216152,123578,1.4878,1.8500,-0.3622,83.62
2025-03-11,212.97,213.61,203.61,204.10,212.11,210.91,206.01,191.64,181.08,199.9702,1,200.0250,1,164171,126243,0.7781,1.6356,-0.8575,78.06
2025-03-12,206.51,207.64,200.29,204.00,210.84,211.08,205.96,191.97,181.22,199.9702,1,223.3152,0,123936,126894,0.2054,1.3496,-1.1442,76.77
2025-03-13,203.07,203.07,196.67,200.31,209.54,210.89,205.89,192.27,181.36,199.9702,1,222.8547,0,116804,127778,-0.5404,0.9716,-1.5119,74.18
2025-03-14,201.20,205.60,201.20,205.41,208.45,210.71,205.97,192.64,181.55,199.9702,1,221.8075,0,85442,128303,-0.7111,0.6350,-1.3462,74.38
2025-03-17,208.16,218.10,207.36,213.34,208.07,211.06,206.19,193.02,181.80,199.9702,1,220.8021,0,193977,130897,-0.2050,0.4670,-0.6720,79.07
2025-03-18,211.05,214.72,208.01,214.34,208.09,211.25,206.51,193.41,182.07,199.9702,1,219.8370,0,151205,131784,0.2742,0.4285,-0.1542,80.96
2025-03-19,214.97,217.84,211.39,214.75,208.13,211.34,206.79,193.83,182.36,199.9702,1,218.9105,0,125898,132627,0.6789,0.4786,0.2003,79.07
2025-03-20,213.79,216.13,212.64,212.76,209.34,211.40,206.96,194.23,182.71,199.9702,1,218.0211,0,107047,132394,0.8298,0.5488,0.2810,80.69
2025-03-21,210.32,216.61,208.19,215.60,209.89,211.68,207.29,194.65,183.08,199.9702,1,217.8389,0,642828,143547,1.1648,0.6720,0.4928,83.94
2025-03-24,217.33,221.53,216.35,220.90,210.55,211.92,207.77,195.08,183.46,199.9702,1,196.6742,1,129796,144351,1.8370,0.9050,0.9320,84.78
2025-03-25,222.21,224.46,219.64,220.67,212.21,212.16,208.20,195.50,183.86,200.8792,1,197.1714,1,98448,144082,2.3246,1.1889,1.1356,84.59
2025-03-26,221.93,223.67,218.51,219.96,213.80,212.32,208.64,195.93,184.24,200.8792,1,198.2628,1,106148,144796,2.6234,1.4758,1.1476,84.90
2025-03-27,219.29,223.04,217.19,223.02,216.08,212.81,209.10,196.37,184.65,200.8792,1,199.3105,1,102071,145657,3.0718,1.7950,1.2768,86.87
2025-03-28,222.87,225.62,215.13,216.04,217.14,212.79,209.37,196.76,185.01,200.8792,1,200.3163,1,119875,145686,2.8311,2.0022,0.8289,85.36
2025-03-31,214.34,218.04,211.03,215.77,217.38,212.73,209.58,197.15,185.38,200.8792,1,201.8346,1,147277,146983,2.5890,2.1196,0.4694,85.59
2025-04-01,215.55,218.54,211.67,218.16,217.76,212.93,209.82,197.54,185.76,200.8792,1,203.2618,1,148202,147670,2.5605,2.2078,0.3527,86.27
2025-04-02,215.21,219.13,212.89,215.77,217.87,213.00,210.01,197.90,186.15,200.8792,1,204.6034,1,115292,148199,2.3183,2.2299,0.0884,84.91
2025-04-03,208.99,214.44,203.90,210.79,217.67,213.50,210.13,198.23,186.50,200.8792,1,225.6213,0,174543,150364,1.7043,2.1248,-0.4205,85.37
2025-04-04,205.77,206.51,192.58,195.66,215.68,212.79,210.00,198.47,186.78,223.2714,0,225.1869,0,158389,150624,-0.0032,1.6992,-1.7023,82.65
2025-04-07,188.64,199.97,183.19,194.10,213.00,211.77,209.79,198.69,187.06,219.7516,0,223.8828,0,238568,154128,-1.4654,1.0663,-2.5316,83.75
2025-04-08,200.00,204.00,189.17,190.68,210.00,211.10,209.41,198.89,187.29,219.7516,0,221.4414,0,188089,154845,-2.8669,0.2796,-3.1465,85.19
2025-04-09,189.36,216.10,188.81,215.79,209.58,211.69,209.51,199.27,187.65,219.7516,0,219.1465,0,254006,158126,-1.9288,-0.1620,-1.7667,89.42
2025-04-10,211.06,212.04,201.05,207.62,208.04,212.06,209.59,199.60,187.98,219.7516,0,216.9893,0,124724,158629,-1.8241,-0.4945,-1.3297,88.13
2025-04-11,207.62,213.81,204.95,213.05,207.74,212.44,209.80,200.00,188.35,219.7516,0,216.1006,0,87733,159054,-1.2880,-0.6532,-0.6349,87.91
2025-04-14,215.62,218.66,213.18,215.57,207.72,212.55,210.02,200.42,188.73,219.7516,0,183.1932,1,118892,159225,-0.6524,-0.6530,0.0006,87.99
2025-04-15,217.50,218.99,215.44,216.57,207.56,212.66,210.31,200.79,189.12,219.7516,0,183.9025,1,99338,158533,-0.0667,-0.5358,0.4691,87.39
2025-04-16,216.22,216.59,210.47,212.86,207.27,212.57,210.52,201.11,189.48,219.7516,0,185.3062,1,80091,158194,0.0968,-0.4093,0.5060,86.22
2025-04-17,213.28,215.91,211.24,214.22,207.61,212.64,210.74,201.43,189.85,219.7516,0,186.6537,1,87567,157524,0.3325,-0.2609,0.5934,87.39
2025-04-21,211.55,213.12,199.21,203.65,208.41,212.04,210.77,201.69,190.17,219.7516,0,187.9474,1,127184,158269,-0.3305,-0.2748,-0.0556,87.24
2025-04-22,205.34,210.94,205.19,208.90,209.89,211.44,211.01,201.97,190.52,219.7516,0,189.1892,1,77903,158340,-0.4269,-0.3052,-0.1217,87.17
2025-04-23,213.21,221.50,213.21,216.52,212.48,211.24,211.30,202.30,190.90,219.7516,0,190.3814,1,86377,157905,0.1098,-0.2222,0.3320,88.86
2025-04-24,215.96,223.72,214.37,223.06,213.20,211.39,211.75,202.68,191.33,189.3435,1,192.2487,1,74963,156343,1.0514,0.0325,1.0189,88.97
2025-04-25,222.64,226.03,221.02,224.78,214.92,211.48,212.16,203.06,191.76,195.2942,1,194.7660,1,79410,152797,1.9142,0.4088,1.5054,89.85
2025-04-28,224.96,226.62,221.72,223.69,215.98,211.86,212.46,203.42,192.19,197.2921,1,197.8921,1,115012,149758,2.4809,0.8232,1.6577,89.39
2025-04-29,222.95,226.91,222.42,225.73,217.00,212.36,212.85,203.80,192.61,199.1285,1,201.3393,1,93778,147867,3.0597,1.2705,1.7892,88.11
2025-04-30,221.36,224.16,218.03,223.59,217.70,212.63,213.11,204.16,193.00,199.1285,1,204.9185,1,133253,147683,3.3074,1.6779,1.6295,86.38
2025-05-01,224.90,228.33,223.25,224.29,218.84,213.06,213.33,204.52,193.36,201.5006,1,207.9966,1,113391,147920,3.5197,2.0463,1.4734,86.83
2025-05-02,225.58,228.53,224.35,224.55,219.88,213.74,213.59,204.91,193.69,203.3094,1,211.2495,1,103681,148603,3.6672,2.3704,1.2967,86.19
2025-05-05,222.52,227.57,222.52,224.47,221.96,215.18,213.88,205.31,194.02,203.3094,1,214.3609,1,104526,148147,3.7338,2.6431,1.0907,85.51
2025-05-06,221.96,225.94,221.45,224.97,223.56,216.73,214.06,205.71,194.39,203.3094,1,216.9122,1,131230,147205,3.7837,2.8712,0.9125,86.61
2025-05-07,225.36,226.07,220.59,225.84,224.50,218.49,214.26,206.12,194.74,203.3094,1,219.0042,1,173309,147303,3.8490,3.0668,0.7822,87.36
2025-05-08,239.99,251.33,230.11,246.26,226.82,220.01,214.85,206.67,195.18,214.2263,1,220.5894,1,374499,151996,5.4855,3.5505,1.9350,92.18
2025-05-09,245.96,251.96,244.69,249.57,229.30,222.11,215.57,207.24,195.62,222.2983,1,220.5894,1,184572,151856,6.9691,4.2342,2.7349,92.22
2025-05-12,256.51,256.78,249.06,255.18,232.44,224.21,216.35,207.85,196.12,227.1775,1,226.8637,1,246055,153166,8.4996,5.0873,3.4122,92.67
2025-05-13,254.81,258.40,254.36,256.99,235.57,226.28,217.15,208.46,196.60,232.0014,1,232.8471,1,139290,151474,9.7459,6.0190,3.7269,92.37
2025-05-14,256.14,256.84,252.18,254.04,238.62,228.16,217.95,209.08,197.07,232.0014,1,237.9577,1,179179,151253,10.3758,6.8904,3.4854,92.34
2025-05-15,253.04,254.54,248.56,253.28,241.52,230.18,218.73,209.72,197.53,232.0014,1,242.0462,1,183548,151034,10.6912,7.6505,3.0406,92.00
2025-05-16,253.13,258.07,252.19,257.14,244.77,232.32,219.85,210.36,198.00,232.8110,1,245.3171,1,127108,150110,11.1237,8.3452,2.7785,92.38
2025-05-19,253.10,257.18,253.10,256.71,248.00,234.98,220.79,211.00,198.47,233.8243,1,247.9337,1,96382,149023,11.3019,8.9365,2.3654,92.94
2025-05-20,255.10,258.00,254.09,257.46,251.25,237.41,221.65,211.65,198.93,235.6938,1,250.0270,1,72263,146145,11.3726,9.4237,1.9489,92.79
2025-05-21,256.54,258.45,252.98,254.06,254.07,239.28,222.65,212.26,199.39,235.7566,1,251.7017,1,92301,144708,11.0274,9.7445,1.2829,92.26
2025-05-22,253.19,259.55,252.01,258.26,255.27,241.04,223.73,212.90,199.91,235.7566,1,258.4497,0,138569,145001,10.9661,9.9888,0.9773,92.64
2025-05-23,254.82,256.77,252.57,254.71,255.78,242.54,224.82,213.52,200.41,235.7566,1,259.5459,0,106384,144792,10.5095,10.0929,0.4165,91.89
2025-05-27,256.11,258.68,250.67,258.40,256.11,244.27,225.88,214.16,200.95,235.7566,1,259.5459,0,116705,145417,10.3266,10.1397,0.1870,91.67
2025-05-28,258.82,259.79,256.14,256.62,256.07,245.82,226.75,214.78,201.45,238.5809,1,250.6663,1,83702,143212,9.9237,10.0965,-0.1728,91.75
2025-05-29,257.47,258.45,251.76,252.88,255.95,247.28,227.52,215.37,201.94,238.5809,1,250.6663,1,131752,142823,9.1967,9.9165,-0.7199,90.88
2025-05-30,253.64,256.51,250.74,256.25,256.25,248.88,228.35,215.99,202.46,238.5809,1,259.7854,0,236575,145036,8.7913,9.6915,-0.9002,91.41
2025-06-02,256.25,257.15,250.18,256.70,256.21,250.49,229.23,216.62,202.98,238.5809,1,259.6044,0,153310,145962,8.4090,9.4350,-1.0260,91.26
2025-06-03,257.15,261.18,253.96,260.91,256.63,252.31,230.13,217.27,203.52,238.5809,1,250.1817,1,155827,136222,8.3498,9.2179,-0.8681,91.98
2025-06-04,260.90,262.70,256.80,261.90,257.07,254.16,230.95,217.94,204.05,240.3109,1,250.1817,1,175615,137138,8.2871,9.0318,-0.7446,91.15
2025-06-05,262.58,264.83,259.35,261.04,257.77,255.92,231.76,218.58,204.57,242.9502,1,250.6826,1,138273,137935,8.0750,8.8404,-0.7655,89.99
2025-06-06,263.82,264.12,260.74,262.80,258.22,256.75,232.62,219.23,205.10,244.1935,1,251.5314,1,92653,137665,7.9571,8.6638,-0.7066,90.59
2025-06-09,262.68,263.00,252.42,255.62,258.31,257.05,233.27,219.81,205.60,244.1935,1,252.3293,1,196939,139562,7.2014,8.3713,-1.1699,88.79
2025-06-10,255.07,255.76,249.80,251.34,257.61,256.86,233.98,220.11,206.07,244.1935,1,264.8296,0,127467,139714,6.1855,7.9341,-1.7486,88.30
2025-06-11,251.84,252.66,248.01,249.04,256.85,256.46,234.64,220.39,206.52,244.1935,1,264.5290,0,121947,139207,5.1361,7.3745,-2.2384,88.56
2025-06-12,250.83,250.83,243.55,248.10,256.37,256.16,235.24,220.66,206.96,244.1935,1,263.8680,0,172033,139684,4.1804,6.7357,-2.5553,88.11
2025-06-13,245.41,246.11,240.98,242.32,254.98,255.61,235.77,220.84,207.37,262.9381,0,262.6487,0,135338,140085,2.9225,5.9730,-3.0506,86.76
2025-06-16,243.85,245.33,241.00,243.71,253.68,254.94,236.43,220.95,207.78,261.9186,0,260.9154,0,117981,138954,2.0148,5.1814,-3.1666,86.99
2025-06-17,242.47,243.98,239.07,239.08,251.50,254.06,237.30,221.05,208.17,259.8758,0,259.3209,0,135659,138499,0.9115,4.3274,-3.4159,86.81
2025-06-18,239.25,239.88,229.09,230.27,248.33,252.70,238.02,221.08,208.52,254.2311,0,257.2963,0,236033,138448,-0.6663,3.3287,-3.9950,83.88
2025-06-20,231.24,232.32,227.09,229.61,245.19,251.48,238.80,221.12,208.87,249.0485,0,253.9109,0,328562,141258,-1.9477,2.2734,-4.2211,84.18
2025-06-23,229.18,231.04,226.64,230.42,241.95,250.09,239.09,221.15,209.23,247.5698,0,250.1556,0,120049,138579,-2.8648,1.2458,-4.1106,84.14
2025-06-24,232.43,232.88,228.13,232.48,239.64,248.98,239.59,221.21,209.60,247.5698,0,246.3927,0,128666,138657,-3.3866,0.3193,-3.7059,83.73
2025-06-25,232.15,232.78,219.78,220.35,236.54,247.07,239.74,221.20,209.93,246.6360,0,243.2318,0,200823,140919,-4.7241,-0.6894,-4.0347,77.84
2025-06-26,221.50,224.79,218.73,222.99,233.93,245.39,239.88,221.25,210.29,241.9016,0,239.0101,0,192475,142391,-5.5075,-1.6530,-3.8545,77.95
2025-06-27,223.33,226.09,221.58,224.74,231.60,243.99,240.05,221.31,210.60,241.9016,0,234.9541,0,134066,143085,-5.9188,-2.5062,-3.4127,78.26
2025-06-30,225.85,229.09,224.65,228.87,230.25,242.62,240.37,221.41,210.92,241.9016,0,231.7092,0,140090,144285,-5.8446,-3.1739,-2.6708,79.68
2025-07-01,227.58,233.21,225.91,231.24,229.01,241.34,240.71,221.51,211.25,241.9016,0,218.7297,1,213483,146804,-5.5306,-3.6452,-1.8854,81.59
2025-07-02,231.22,232.73,219.77,225.63,227.66,239.58,241.15,221.53,211.55,241.9016,0,219.0193,1,149539,147251,-5.6688,-4.0499,-1.6189,72.96
2025-07-03,226.64,230.85,225.49,230.52,227.69,238.01,241.58,221.55,211.87,241.9016,0,219.3031,1,87215,147437,-5.3228,-4.3045,-1.0183,75.63
2025-07-07,229.81,232.43,227.18,229.85,227.71,236.45,241.85,221.54,212.19,241.9016,0,219.5812,1,118937,148088,-5.0447,-4.4525,-0.5921,77.35
2025-07-08,231.14,233.65,230.00,231.41,227.81,234.88,242.01,221.53,212.52,241.9016,0,219.8538,1,121501,149019,-4.6446,-4.4909,-0.1537,75.59
2025-07-09,231.42,232.43,228.24,231.52,227.71,233.68,242.15,221.53,212.83,241.9016,0,220.4058,1,111539,149662,-4.2696,-4.4467,0.1771,74.05
2025-07-10,230.95,231.81,226.21,226.85,228.36,232.45,242.21,221.52,213.11,241.9016,0,220.9358,1,95964,149281,-4.2995,-4.4172,0.1177,69.10
2025-07-11,226.37,226.81,217.45,217.79,227.84,230.89,242.05,221.44,213.37,241.5300,0,233.6546,0,137515,150155,-4.9966,-4.5331,-0.4635,63.58
2025-07-14,217.82,221.15,215.61,219.57,227.32,229.46,241.97,221.40,213.61,237.5015,0,233.3306,0,140015,150291,-5.3439,-4.6953,-0.6486,62.56
2025-07-15,219.33,221.71,218.45,219.30,226.37,228.31,241.87,221.34,213.86,237.5015,0,232.6219,0,103925,150101,-5.5764,-4.8715,-0.7049,65.26
2025-07-16,220.62,221.12,217.00,220.80,225.32,227.16,241.80,221.28,214.13,236.6623,0,231.9416,0,94073,149909,-5.5758,-5.0124,-0.5634,66.01
2025-07-17,221.57,223.97,220.54,222.26,224.99,226.32,241.75,221.21,214.42,236.6623,0,231.2885,0,96450,149748,-5.3950,-5.0889,-0.3062,65.94
2025-07-18,224.26,227.63,221.88,227.20,224.65,226.17,241.80,221.18,214.73,236.6623,0,230.6615,0,110582,149335,-4.7982,-5.0308,0.2325,71.22
2025-07-21,228.11,228.17,225.07,225.45,224.21,225.96,241.79,221.14,215.04,236.6623,0,230.0596,0,93957,147748,-4.4156,-4.9077,0.4921,69.46
2025-07-22,226.11,231.88,226.11,230.70,224.14,225.98,241.48,221.09,215.37,236.6623,0,215.6142,1,145082,143159,-3.6466,-4.6555,1.0089,69.16
2025-07-23,230.95,234.63,230.23,233.85,224.38,226.04,241.16,221.08,215.72,236.6623,0,215.9396,1,130326,142074,-2.7508,-4.2746,1.5237,69.69
2025-07-24,233.85,235.89,232.02,235.35,225.23,226.79,240.77,221.10,216.08,236.6623,0,216.6874,1,91016,138974,-1.8985,-3.7994,1.9008,71.93
2025-07-25,235.49,237.51,234.24,236.19,227.07,227.45,240.35,221.15,216.43,236.6623,0,217.8398,1,77777,137743,-1.1421,-3.2679,2.1258,67.47
2025-07-28,236.38,237.00,233.02,233.85,228.49,227.91,239.95,221.18,216.80,236.6623,0,219.4136,1,112285,136406,-0.7226,-2.7588,2.0362,64.89
2025-07-29,232.99,235.09,230.60,234.85,230.05,228.21,239.58,221.37,217.18,236.6623,0,220.8614,1,112765,134990,-0.3060,-2.2683,1.9623,66.65
2025-07-30,234.19,235.83,230.93,232.99,231.27,228.30,239.10,221.56,217.54,236.6623,0,222.1935,1,122049,134889,-0.1245,-1.8395,1.7150,67.74
2025-07-31,233.29,235.05,228.66,229.01,231.94,228.46,238.54,221.73,217.88,236.6623,0,223.4190,1,121211,135385,-0.2988,-1.5314,1.2326,66.92
2025-08-01,228.59,228.59,222.75,223.96,231.62,228.14,237.87,221.86,218.20,236.6623,0,237.5119,0,131448,136569,-0.8344,-1.3920,0.5576,65.84
2025-08-04,224.95,230.30,223.96,226.81,231.76,227.98,237.33,221.99,218.53,236.6623,0,237.2166,0,129956,137322,-1.0172,-1.3170,0.2998,64.78
2025-08-05,227.26,227.26,220.65,220.83,230.77,227.46,236.58,222.09,218.82,236.6623,0,236.9271,0,126884,137088,-1.6262,-1.3789,-0.2474,58.45
2025-08-06,223.87,224.46,217.33,220.82,229.46,226.92,235.90,222.21,219.12,236.6623,0,236.2760,0,365320,142267,-2.0856,-1.5202,-0.5654,54.44
2025-08-07,236.18,246.23,228.83,230.83,229.01,227.12,235.35,222.40,219.46,236.6623,0,217.3282,1,346383,146861,-1.6233,-1.5408,-0.0825,60.66
2025-08-08,231.19,231.65,225.04,227.33,228.13,227.60,234.76,222.57,219.78,236.6623,0,217.3282,1,154482,148276,-1.5211,-1.5369,0.0158,57.85
2025-08-11,227.12,228.08,217.69,218.62,226.60,227.55,234.08,222.70,220.05,236.6623,0,246.2255,0,157159,148784,-2.1189,-1.6533,-0.4656,51.74
2025-08-12,219.67,219.87,211.21,212.85,224.40,227.23,233.21,222.78,220.29,236.6623,0,245.6548,0,165647,147366,-3.0230,-1.9272,-1.0957,40.62
2025-08-13,212.81,219.87,211.42,219.07,223.01,227.14,232.46,222.88,220.58,236.6623,0,244.2771,0,166627,147632,-3.2014,-2.1821,-1.0193,42.83
2025-08-14,216.61,218.01,213.59,213.64,221.48,226.71,231.51,222.98,220.83,236.6623,0,242.9545,0,124978,147015,-3.7379,-2.4932,-1.2446,39.23
2025-08-15,214.20,216.14,213.10,214.80,220.56,226.09,230.57,223.10,221.10,236.2335,0,241.6849,0,128918,146081,-4.0225,-2.7991,-1.2234,39.27
2025-08-18,219.13,223.38,219.13,222.81,220.16,225.96,229.81,223.26,221.39,236.2335,0,240.4660,0,140282,146121,-3.5605,-2.9514,-0.6092,45.97
2025-08-19,222.46,225.94,221.30,225.44,220.62,225.69,229.06,223.44,221.69,236.2335,0,239.2959,0,149659,147262,-2.9490,-2.9509,0.0019,47.47
2025-08-20,224.33,226.80,221.60,224.47,220.99,225.23,228.44,223.60,221.96,236.2335,0,238.1726,0,185464,147032,-2.5135,-2.8634,0.3499,43.65
2025-08-21,223.02,223.97,220.47,222.85,220.19,224.60,227.87,223.74,222.05,236.2335,0,237.0942,0,115995,146803,-2.2723,-2.7452,0.4729,43.80
2025-08-22,223.25,231.72,222.05,231.33,220.59,224.36,227.51,223.91,222.17,236.2335,0,236.0589,0,163559,147635,-1.3813,-2.4724,1.0911,47.28
2025-08-25,230.80,232.41,227.77,228.62,221.59,224.10,227.12,224.06,222.27,236.2335,0,235.0651,0,85919,145913,-0.8836,-2.1546,1.2711,44.66
2025-08-26,228.13,230.16,223.75,223.86,222.69,223.55,226.75,224.18,222.32,236.2335,0,234.1110,0,153479,146275,-0.8637,-1.8965,1.0328,37.66
2025-08-27,224.35,226.34,223.74,225.76,223.36,223.18,226.39,224.32,222.31,236.2335,0,233.1951,0,154760,147011,-0.6865,-1.6545,0.9679,35.49
2025-08-28,225.68,226.01,223.52,223.60,224.35,222.91,226.08,224.46,222.31,236.2335,0,232.3158,0,118340,146665,-0.7122,-1.4660,0.7538,36.16
2025-08-29,223.68,225.44,223.23,225.02,225.38,222.97,225.98,224.60,222.31,236.2335,0,231.4717,0,77663,143497,-0.6104,-1.2949,0.6845,35.30
2025-09-02,221.92,222.89,214.19,217.94,224.89,222.52,225.75,224.65,222.28,236.2335,0,230.6613,0,204160,141009,-1.0887,-1.2536,0.1650,29.61
2025-09-03,216.68,219.33,214.59,219.28,224.27,222.45,225.52,224.71,222.25,234.6802,0,229.8834,0,183831,142285,-1.3443,-1.2718,-0.0725,32.60
2025-09-04,219.47,223.73,217.47,222.40,224.07,222.53,225.32,224.83,222.24,234.6802,0,229.1366,0,141727,142546,-1.2804,-1.2735,-0.0069,33.35
2025-09-05,222.91,225.17,220.32,222.02,223.98,222.09,225.35,224.96,222.24,234.6802,0,228.4196,0,99913,140528,-1.2457,-1.2679,0.0222,33.69
2025-09-08,221.30,222.33,219.67,222.20,223.07,221.83,225.34,225.08,222.27,234.6802,0,227.7313,0,97907,138636,-1.1901,-1.2524,0.0623,37.17
2025-09-09,222.02,222.02,217.17,220.41,222.25,221.92,225.25,225.20,222.30,234.6802,0,227.0706,0,131136,138578,-1.2760,-1.2571,-0.0189,36.53
2025-09-10,218.52,221.36,218.09,218.81,221.74,222.22,225.05,225.31,222.32,234.6802,0,226.4363,0,131755,138411,-1.4561,-1.2969,-0.1592,34.32
2025-09-11,219.05,225.36,218.57,224.25,221.59,222.48,224.91,225.45,222.36,234.6802,0,225.8274,0,106801,136277,-1.1466,-1.2668,0.1202,38.65
2025-09-12,224.25,224.55,219.90,220.55,221.29,222.82,224.81,225.57,222.35,234.6802,0,225.3617,0,84466,134976,-1.1867,-1.2508,0.0641,39.25
2025-09-15,220.76,221.56,216.01,216.16,220.40,222.89,224.52,225.70,222.29,234.6802,0,225.3617,0,105914,135350,-1.5547,-1.3116,-0.2431,36.09
2025-09-16,216.21,216.21,208.54,211.32,219.74,222.31,224.15,225.77,222.19,229.1176,0,224.7957,0,163424,136240,-2.2109,-1.4915,-0.7194,34.67
2025-09-17,212.59,216.74,211.38,212.72,219.08,221.68,223.78,225.85,222.09,229.1176,0,223.8201,0,147777,136765,-2.5884,-1.7108,-0.8776,35.87
2025-09-18,213.53,216.54,212.11,214.52,218.30,221.18,223.44,225.92,222.01,229.1176,0,222.9030,0,135690,137248,-2.7108,-1.9108,-0.8000,35.98
2025-09-19,214.43,216.66,213.82,214.57,217.55,220.77,223.19,225.95,221.94,229.1176,0,222.0410,0,359643,142522,-2.7719,-2.0831,-0.6889,37.53
2025-09-22,213.68,220.28,213.68,218.04,217.14,220.10,223.20,226.03,221.88,229.1176,0,221.2307,0,165889,143089,-2.5116,-2.1688,-0.3428,44.12
2025-09-23,218.28,218.62,214.75,217.60,216.86,219.55,223.16,226.08,221.84,229.1176,0,220.4690,0,122131,142732,-2.3138,-2.1978,-0.1160,44.05
2025-09-24,217.92,218.46,214.90,215.39,216.51,219.13,223.08,226.09,221.77,229.1176,0,220.2797,0,101535,142684,-2.3095,-2.2201,-0.0894,43.23
2025-09-25,214.78,214.78,211.81,212.84,215.37,218.48,222.92,226.10,221.69,227.9322,0,219.5750,0,141178,143626,-2.4829,-2.2727,-0.2102,43.08
2025-09-26,215.46,217.14,214.06,215.48,214.86,218.08,222.79,226.14,221.60,227.9322,0,218.9127,0,166982,145037,-2.3802,-2.2942,-0.0860,40.47
2025-09-29,215.85,216.70,214.87,216.13,214.86,217.63,222.56,226.14,221.53,227.9322,0,218.2900,0,152850,145882,-2.2205,-2.2794,0.0589,45.67
2025-09-30,214.35,215.07,205.24,206.19,214.35,217.04,222.18,226.08,221.40,225.6301,0,217.7048,0,188388,147771,-2.8627,-2.3961,-0.4666,36.60
2025-10-01,206.55,206.55,197.11,197.37,212.81,215.95,221.51,225.95,221.20,218.5907,0,216.7073,0,316417,151197,-4.0373,-2.7243,-1.3130,25.93
2025-10-02,198.62,201.36,196.34,199.50,211.31,214.80,220.82,225.85,221.01,215.4404,0,215.0689,0,252591,153643,-4.7417,-3.1278,-1.6139,27.05
2025-10-03,200.06,201.40,198.13,199.97,209.85,213.70,220.12,225.75,220.86,215.4404,0,212.8215,0,137204,154566,-5.2016,-3.5426,-1.6590,26.86
2025-10-06,200.11,202.11,197.72,198.35,207.88,212.51,219.36,225.62,220.71,215.4404,0,210.8438,0,208009,157171,-5.6323,-3.9605,-1.6718,26.86
2025-10-07,199.22,202.08,197.63,201.80,206.30,211.58,218.72,225.54,220.57,215.2673,0,209.1034,0,158955,158104,-5.6297,-4.2943,-1.3353,32.90
2025-10-08,201.85,204.56,200.10,203.16,205.08,210.80,218.09,225.46,220.55,215.2673,0,207.5719,0,108221,158014,-5.4552,-4.5265,-0.9287,31.85
2025-10-09,204.34,204.46,200.47,200.69,203.86,209.62,217.44,225.46,220.53,215.2673,0,206.2242,0,132676,158226,-5.4532,-4.7118,-0.7413,30.77
2025-10-10,201.14,201.71,197.76,197.95,202.11,208.49,216.82,225.38,220.50,214.3194,0,205.0382,0,98751,157777,-5.6083,-4.8911,-0.7172,34.08
2025-10-13,196.96,200.35,195.88,199.42,200.44,207.65,216.33,225.28,220.48,212.5794,0,204.4590,0,82614,156800,-5.5490,-5.0227,-0.5263,34.52
2025-10-14,197.61,201.16,197.61,198.65,199.69,207.02,215.76,225.25,220.44,212.5794,0,203.2580,0,106722,156335,-5.5001,-5.1182,-0.3819,28.57
2025-10-15,200.16,200.67,197.63,197.63,199.71,206.26,215.30,225.20,220.39,212.5794,0,202.2251,0,106094,155920,-5.4805,-5.1907,-0.2899,26.52
2025-10-16,198.60,199.68,196.65,198.61,199.62,205.47,214.86,225.19,220.37,211.2997,0,201.3368,0,129617,151206,-5.3245,-5.2174,-0.1071,28.68
2025-10-17,198.41,200.54,196.28,198.81,199.51,204.68,214.22,225.15,220.35,211.2997,0,200.6699,0,90250,146083,-5.1258,-5.1991,0.0733,28.08
2025-10-20,198.81,201.34,198.13,199.21,199.59,203.74,213.65,225.06,220.34,211.2997,0,195.8801,1,88077,144755,-4.8801,-5.1353,0.2552,18.70
2025-10-21,199.21,205.39,198.54,204.92,199.91,203.10,213.38,224.99,220.37,211.2997,0,195.9892,1,105664,143725,-4.1760,-4.9434,0.7675,20.56
2025-10-22,204.15,204.56,200.29,200.46,199.64,202.36,213.13,224.90,220.37,211.2997,0,196.3651,1,76367,141939,-3.9331,-4.7414,0.8082,18.78
2025-10-23,200.07,201.56,198.13,198.38,199.40,201.63,212.72,224.80,220.34,211.2997,0,196.7259,1,96541,140538,-3.8640,-4.5659,0.7019,16.28
2025-10-24,200.21,200.33,197.54,197.64,199.37,200.74,212.40,224.68,220.33,211.2997,0,197.0722,1,87086,139780,-3.8243,-4.4176,0.5933,15.31
2025-10-27,195.35,200.97,195.35,198.37,199.27,199.85,212.07,224.53,220.34,211.2997,0,205.3853,0,79956,138801,-3.6919,-4.2724,0.5805,15.69
2025-10-28,197.36,199.53,196.55,196.64,199.07,199.38,211.55,224.37,220.33,210.7810,0,205.1845,0,96967,137934,-3.6836,-4.1547,0.4711,16.06
2025-10-29,193.52,194.76,183.88,184.72,197.78,198.74,210.73,224.14,220.26,204.6124,0,204.9877,0,148366,137908,-4.5866,-4.2411,-0.3456,11.85
2025-10-30,184.81,186.65,182.99,183.56,196.27,197.95,209.91,223.87,220.18,199.6797,0,204.1435,0,125905,136717,-5.3343,-4.4597,-0.8746,11.78
2025-10-31,182.91,186.32,182.04,185.34,194.92,197.22,209.16,223.67,220.09,198.8388,0,202.8744,0,114144,136680,-5.7170,-4.7112,-1.0059,11.15
2025-11-03,185.11,185.11,181.17,183.12,193.31,196.45,208.20,223.45,219.98,197.5835,0,201.2078,0,164646,136702,-6.1288,-4.9947,-1.1341,9.36
2025-11-04,183.44,184.47,178.88,180.21,190.84,195.37,207.23,223.20,219.85,196.3493,0,199.2039,0,107891,137141,-6.6139,-5.3185,-1.2953,9.92
2025-11-05,179.58,184.54,178.83,181.99,189.00,194.32,206.39,222.97,219.73,196.3493,0,196.7651,0,239962,138871,-6.7763,-5.6101,-1.1662,10.92
2025-11-06,174.65,174.65,155.04,162.48,185.41,192.41,205.13,222.65,219.52,186.3572,0,194.2544,0,336270,142501,-8.3831,-6.1647,-2.2184,6.87
2025-11-07,162.32,162.94,157.87,160.63,181.70,190.54,203.87,222.42,219.31,181.2854,0,187.9794,0,153216,143199,-9.6935,-6.8705,-2.8231,6.05
2025-11-10,161.31,165.39,160.98,165.24,178.39,188.83,202.67,222.22,219.12,181.2854,0,182.7084,0,164782,144941,-10.2422,-7.5448,-2.6974,7.13
2025-11-11,165.21,168.78,163.82,168.75,175.60,187.34,201.69,222.08,218.91,181.2854,0,178.2808,0,158825,144034,-10.2756,-8.0910,-2.1847,7.35
2025-11-12,169.44,169.74,164.45,166.09,173.74,185.76,200.63,221.75,218.69,181.2854,0,174.5616,0,165648,143671,-10.3965,-8.5521,-1.8444,5.75
2025-11-13,164.46,165.51,162.47,163.12,171.70,183.98,199.44,221.45,218.48,181.2854,0,171.4375,0,160790,144052,-10.6098,-8.9636,-1.6462,5.60
2025-11-14,162.16,164.83,160.76,164.57,169.62,182.27,198.29,221.13,218.30,180.6349,0,169.7420,0,147897,145012,-10.5407,-9.2790,-1.2616,6.19
2025-11-17,165.05,167.24,161.67,162.55,167.56,180.44,197.10,220.77,218.09,180.6349,0,167.3890,0,139099,145836,-10.5268,-9.5286,-0.9982,6.98
2025-11-18,162.07,163.57,157.85,159.82,165.52,178.18,195.89,220.40,217.87,178.3736,0,167.2406,0,98476,145182,-10.6140,-9.7457,-0.8684,6.12
2025-11-19,160.01,160.08,157.51,159.46,163.27,176.13,194.70,220.04,217.66,175.4647,0,167.2406,0,97757,144502,-10.5899,-9.9145,-0.6754,6.71
2025-11-20,160.82,160.98,157.51,158.41,162.86,174.14,193.38,219.67,217.43,175.2887,0,165.2878,0,111010,144587,-10.5341,-10.0384,-0.4956,7.05
2025-11-21,158.45,161.98,157.65,160.62,162.86,172.28,192.18,219.38,217.23,175.2887,0,163.6475,0,170117,146300,-10.1941,-10.0696,-0.1245,6.12
2025-11-24,160.70,160.70,156.88,158.09,162.15,170.27,191.02,219.04,217.03,174.0997,0,162.2696,0,167839,147538,-10.0139,-10.0584,0.0445,5.60
2025-11-25,159.42,163.38,158.68,163.18,161.59,168.60,190.06,218.69,216.84,174.0997,0,155.0358,1,130897,146888,-9.3522,-9.9172,0.5649,5.34
2025-11-26,162.59,163.04,159.27,159.68,160.95,167.35,189.00,218.26,216.63,174.0997,0,155.2027,1,108007,146092,-9.0061,-9.7350,0.7289,4.96
2025-11-28,160.19,161.02,159.60,160.03,160.64,166.17,187.91,217.83,216.41,174.0997,0,155.3662,1,34571,144070,-8.6046,-9.5089,0.9043,4.52
2025-12-01,158.87,162.62,158.36,160.67,160.25,164.94,186.83,217.41,216.17,174.0997,0,155.5264,1,124513,139367,-8.1412,-9.2354,1.0941,5.00
2025-12-02,161.71,162.71,159.25,160.81,160.08,163.82,185.69,216.98,215.95,174.0997,0,155.6835,1,96360,137977,-7.6743,-8.9231,1.2488,5.30
2025-12-03,160.75,164.00,160.75,163.40,160.44,162.98,184.60,216.58,215.71,174.0997,0,155.8374,1,73706,137008,-7.0143,-8.5414,1.5271,4.74
2025-12-04,164.14,166.26,163.27,164.97,160.99,162.13,183.59,216.18,215.47,174.0997,0,156.1640,1,107177,137121,-6.2922,-8.0915,1.7994,4.74
2025-12-05,164.33,168.06,163.37,164.55,161.60,162.23,182.63,215.78,215.23,174.0997,0,156.7697,1,133869,136975,-5.6879,-7.6108,1.9229,5.44
2025-12-08,162.65,164.24,161.29,162.81,161.82,162.34,181.57,215.37,215.00,174.0997,0,157.6725,1,133849,136312,-5.2883,-7.1463,1.8580,5.33
2025-12-09,163.04,164.11,160.99,161.55,162.17,162.16,180.48,214.95,214.73,174.0997,0,158.5031,1,112312,135501,-5.0155,-6.7202,1.7046,5.18
2025-12-10,161.31,162.73,159.92,162.64,162.11,161.85,179.61,214.53,214.46,173.1554,0,159.2673,1,135217,134438,-4.6576,-6.3076,1.6501,5.04
2025-12-11,162.39,167.66,161.76,164.91,162.63,161.79,178.96,213.98,214.20,173.1554,0,159.9230,1,132299,130756,-4.1434,-5.8748,1.7314,5.48
2025-12-12,165.41,168.08,164.43,165.43,163.17,161.91,178.28,213.42,213.96,173.1554,0,159.9230,1,107247,127849,-3.6514,-5.4301,1.7787,5.82
2025-12-15,165.97,166.31,161.35,161.66,163.27,161.76,177.52,212.80,213.69,173.1554,0,160.7382,1,135946,127823,-3.5253,-5.0491,1.5239,5.74
2025-12-16,160.08,162.41,159.17,161.62,163.35,161.72,176.78,212.16,213.41,173.0375,0,168.0751,0,94097,125545,-3.3895,-4.7172,1.3277,5.89
2025-12-17,163.77,169.02,163.77,165.79,163.59,162.01,176.06,211.58,213.17,173.0375,0,159.1684,1,164415,125654,-2.9118,-4.3561,1.4443,6.82
2025-12-18,165.16,166.07,161.44,163.15,163.41,162.20,175.26,210.98,212.91,173.0375,0,159.1684,1,181973,127130,-2.7150,-4.0279,1.3129,5.85
2025-12-19,162.94,163.48,160.75,161.57,163.11,162.36,174.48,210.34,212.72,173.0375,0,159.3654,1,365502,131786,-2.6559,-3.7535,1.0976,5.74
2025-12-22,161.67,165.18,161.60,164.25,163.26,162.54,173.80,209.72,212.49,173.0375,0,159.5585,1,103272,131876,-2.3654,-3.4759,1.1105,5.52
2025-12-23,164.41,164.41,157.74,158.50,162.95,162.56,172.99,209.06,212.21,173.0375,0,169.0184,0,113050,132485,-2.5695,-3.2946,0.7251,5.14
2025-12-24,158.27,159.40,157.92,159.27,162.62,162.36,172.20,208.43,211.98,171.1054,0,168.7928,0,40902,131169,-2.6391,-3.1635,0.5244,5.11
2025-12-26,159.01,159.75,158.16,159.28,162.05,162.34,171.43,207.77,211.76,170.6381,0,168.5718,0,96246,130972,-2.6628,-3.0634,0.4006,5.18
2025-12-29,159.23,159.97,157.43,159.63,161.47,162.32,170.65,207.14,211.56,169.9791,0,168.3552,0,111037,130600,-2.6233,-2.9753,0.3521,5.81
2025-12-30,159.12,160.81,158.18,159.39,161.24,162.26,169.86,206.48,211.33,169.9791,0,167.9182,0,95477,130705,-2.5814,-2.8966,0.3151,5.74
2025-12-31,158.68,159.49,157.88,158.24,160.91,162.13,169.04,205.82,211.05,169.0136,0,167.4987,0,104365,131030,-2.6111,-2.8395,0.2284,6.26
2026-01-02,158.30,158.72,150.77,151.32,159.46,161.53,167.97,205.14,210.74,166.4272,0,167.0960,0,147112,131859,-3.1559,-2.9027,-0.2531,4.51
2026-01-05,151.87,154.37,150.74,151.92,158.34,160.87,167.00,204.45,210.42,164.1558,0,166.1163,0,146498,133262,-3.4992,-3.0220,-0.4772,4.14
2026-01-06,150.99,156.30,150.67,155.44,157.72,160.42,166.14,203.77,210.14,164.1558,0,164.8861,0,100302,133337,-3.4472,-3.1071,-0.3401,4.07
2026-01-07,156.17,157.18,154.40,155.71,156.87,160.06,165.30,203.07,209.84,164.1558,0,163.4649,0,98812,133572,-3.3457,-3.1548,-0.1909,4.25
2026-01-08,154.63,157.97,154.30,156.69,156.69,159.82,164.47,202.37,209.52,164.1558,0,162.1857,0,110949,134192,-3.1505,-3.1539,0.0035,4.33
2026-01-09,156.53,156.69,154.30,156.06,156.37,159.49,163.66,201.67,209.19,164.1558,0,161.0346,0,73776,133728,-3.0115,-3.1254,0.1140,3.84
2026-01-12,155.85,158.18,153.63,157.82,156.22,159.14,163.12,200.97,208.88,164.1558,0,159.9985,0,147576,133712,-2.7281,-3.0460,0.3179,4.10
2026-01-13,157.05,157.92,153.40,156.39,155.90,158.68,162.58,200.31,208.55,164.1558,0,159.0660,0,148838,134171,-2.5890,-2.9546,0.3656,4.36
2026-01-14,156.06,156.63,152.65,153.49,155.31,158.28,161.94,199.66,208.24,164.1558,0,158.2268,0,109752,134083,-2.6818,-2.9000,0.2182,3.73
2026-01-15,153.98,156.55,151.39,151.70,154.65,157.78,161.31,199.01,207.92,164.1558,0,157.9173,0,117518,133140,-2.8666,-2.8933,0.0268,3.32
2026-01-16,151.42,151.72,147.36,147.36,154.26,156.86,160.65,198.34,207.56,161.7170,0,157.1929,0,137398,133730,-3.3248,-2.9796,-0.3452,3.21
2026-01-20,145.46,148.94,144.58,146.44,153.71,156.02,159.94,197.70,207.22,159.0270,0,156.5470,0,147244,131876,-3.7196,-3.1276,-0.5920,3.32
2026-01-21,147.69,149.56,147.03,148.13,152.98,155.35,159.66,197.06,206.90,159.0270,0,154.8720,0,129637,127743,-3.8518,-3.2725,-0.5794,3.47
2026-01-22,149.62,152.47,148.95,151.49,152.56,154.71,159.47,196.48,206.68,159.0270,0,153.4314,0,124207,127163,-3.6430,-3.3466,-0.2965,3.80
2026-01-23,151.39,152.37,148.24,151.21,152.01,154.35,159.19,195.95,206.47,159.0270,0,152.4661,0,119380,126255,-3.4601,-3.3693,-0.0908,3.98
2026-01-26,148.94,149.93,141.87,146.41,151.04,153.71,158.75,195.39,206.25,159.0270,0,152.4661,0,258023,128239,-3.6607,-3.4276,-0.2332,3.47
2026-01-27,145.05,146.19,140.91,141.19,149.38,152.80,158.25,194.80,205.87,157.5290,0,152.3668,0,160191,128130,-4.1928,-3.5806,-0.6122,3.02
2026-01-28,141.20,142.66,138.45,138.66,147.61,151.75,157.76,194.17,205.53,154.3976,0,150.3042,0,171672,128348,-4.7631,-3.8171,-0.9460,3.02
2026-01-29,135.92,138.66,131.20,133.39,145.60,150.45,157.14,193.59,205.13,149.6329,0,147.9325,0,306739,131525,-5.5763,-4.1690,-1.4073,2.46
2026-01-30,133.64,135.26,131.86,133.80,143.81,149.23,156.56,193.00,204.72,147.8152,0,144.5855,0,179986,132342,-6.1173,-4.5586,-1.5587,2.65
2026-02-02,136.01,137.02,132.05,132.37,142.31,148.28,156.01,192.38,204.30,147.8152,0,141.9078,0,124072,132854,-6.5856,-4.9640,-1.6216,2.57
2026-02-03,129.41,131.04,123.20,123.45,140.01,146.86,155.29,191.68,203.85,142.7555,0,139.7657,0,237769,135654,-7.5887,-5.4890,-2.0997,2.28
2026-02-04,122.58,129.67,121.75,128.92,138.09,145.53,154.70,191.00,203.43,142.1552,0,137.0159,0,248812,138410,-7.8517,-5.9615,-1.8902,3.13
2026-02-05,130.22,133.52,128.16,130.66,136.01,144.28,154.10,190.37,203.06,142.1552,0,133.9626,0,215900,139326,-7.8296,-6.3351,-1.4945,5.42
2026-02-06,130.94,133.34,126.89,130.05,133.89,142.95,153.54,189.70,202.67,142.1552,0,133.5207,0,248673,140943,-7.7722,-6.6225,-1.1497,4.57
2026-02-09,129.81,132.25,127.50,128.51,132.10,141.57,152.85,189.02,202.23,142.1552,0,133.5207,0,174821,141821,-7.7615,-6.8503,-0.9111,3.64
2026-02-10,129.08,130.82,123.87,124.06,130.39,139.88,152.14,188.30,201.73,142.1552,0,133.3420,0,224255,144146,-8.0194,-7.0842,-0.9353,2.53
2026-02-11,124.11,124.13,116.01,117.87,128.31,137.96,151.29,187.55,201.20,137.7114,0,132.2498,0,374589,150947,-8.6236,-7.3920,-1.2316,2.39
2026-02-12,106.04,119.29,104.16,118.91,126.86,136.23,150.46,186.83,200.67,132.1459,0,130.8199,0,578357,160023,-8.9156,-7.6968,-1.2188,3.20
2026-02-13,120.87,126.10,119.26,124.43,125.92,134.87,149.73,186.20,200.17,132.1459,0,104.1595,1,504310,168182,-8.6031,-7.8780,-0.7251,3.98
2026-02-17,123.69,124.42,118.26,121.46,124.83,133.57,148.89,185.55,199.66,132.1459,0,104.1595,1,342068,173550,-8.4970,-8.0018,-0.4952,3.09
2026-02-18,123.07,124.75,121.52,123.34,124.82,132.42,148.06,184.91,199.15,132.1459,0,104.5984,1,388386,179174,-8.1666,-8.0348,-0.1319,3.42
2026-02-19,122.75,123.11,117.62,119.87,123.92,131.00,147.16,184.24,198.63,132.1459,0,105.0285,1,261818,181733,-8.0919,-8.0462,-0.0457,2.68
2026-02-20,119.70,120.90,113.85,113.90,122.24,129.12,146.19,183.52,198.07,132.1459,0,105.4500,1,222147,183499,-8.4172,-8.1204,-0.2968,2.24
2026-02-23,112.48,115.68,112.13,113.62,120.60,127.24,145.23,182.76,197.52,132.1459,0,105.8630,1,320267,187658,-8.5984,-8.2160,-0.3824,2.83
2026-02-24,113.87,119.38,113.30,118.50,119.60,125.85,144.34,182.05,196.98,132.1459,0,106.2678,1,277298,190500,-8.2534,-8.2235,-0.0299,3.27
2026-02-25,118.72,123.14,117.58,123.04,119.49,124.94,143.51,181.33,196.37,132.1459,0,106.6646,1,237350,192601,-7.5270,-8.0842,0.5572,3.64
2026-02-26,124.12,129.97,123.36,128.87,120.59,124.45,142.78,180.63,195.76,132.1459,0,107.0533,1,329225,197040,-6.4064,-7.7486,1.3422,4.53
2026-02-27,126.03,126.23,119.36,124.94,121.20,124.03,142.04,179.89,195.11,132.1459,0,107.9698,1,749972,209321,-5.7691,-7.3527,1.5836,4.27
2026-03-02,123.21,129.18,123.21,127.39,121.49,123.71,141.36,179.17,194.46,132.1459,0,108.8497,1,312821,213695,-5.0084,-6.8839,1.8754,4.53
2026-03-03,125.91,131.45,125.91,130.88,122.44,123.63,140.66,178.48,193.85,132.1459,0,109.6943,1,333901,217085,-4.0773,-6.3226,2.2452,5.34
2026-03-04,129.54,134.57,129.03,133.16,123.42,124.12,140.06,177.80,193.25,112.9902,1,110.9994,1,271895,218883,-3.1192,-5.6819,2.5627,5.49
2026-03-05,133.29,137.40,133.29,135.70,125.00,124.46,139.54,177.15,192.64,117.1443,1,112.8853,1,262346,216820,-2.1310,-4.9717,2.8407,5.79
2026-03-06,137.73,137.73,130.11,137.04,127.31,124.78,139.00,176.54,192.04,117.1443,1,115.3371,1,230587,219366,-1.2256,-4.2225,2.9969,6.42
2026-03-09,135.89,138.26,132.66,137.65,129.72,125.16,138.58,175.96,191.44,117.1443,1,118.0243,1,215504,221416,-0.4534,-3.4687,3.0153,6.90
2026-03-10,136.51,136.51,129.58,131.34,131.00,125.30,138.02,175.33,190.83,117.1443,1,120.8567,1,181614,224230,-0.3467,-2.8443,2.4975,6.16
2026-03-11,132.67,134.18,127.20,129.76,131.67,125.58,137.43,174.72,190.19,117.1443,1,123.2925,1,141095,225127,-0.3847,-2.3524,1.9676,6.05
2026-03-12,130.07,132.49,125.08,126.07,131.39,125.99,136.76,174.09,189.54,117.1443,1,138.2554,0,164327,226193,-0.7048,-2.0229,1.3181,5.79
2026-03-13,126.49,127.67,124.30,125.16,131.41,126.31,136.08,173.38,188.88,117.1443,1,137.9920,0,136458,227012,-1.0198,-1.8222,0.8024,5.31
2026-03-16,123.80,125.27,121.78,122.93,130.97,126.23,135.37,172.69,188.21,117.1443,1,137.4443,0,494337,234812,-1.4329,-1.7444,0.3115,4.97
2026-03-17,123.54,126.53,123.10,125.32,130.41,126.42,134.85,172.07,187.57,117.1443,1,136.5043,0,142434,234718,-1.5496,-1.7054,0.1558,5.27
2026-03-18,123.46,125.67,123.08,123.95,129.49,126.45,134.29,171.47,186.91,117.1443,1,135.6207,0,151293,234814,-1.7329,-1.7109,-0.0220,4.71
2026-03-19,123.65,127.53,123.23,123.61,128.28,126.64,133.65,170.84,186.24,117.1443,1,134.7901,0,115484,235118,-1.8839,-1.7455,-0.1384,5.12
2026-03-20,123.40,126.52,121.06,124.28,127.01,127.16,133.02,170.24,185.56,117.1443,1,134.0094,0,1817042,269482,-1.9274,-1.7819,-0.1455,5.67
2026-03-23,124.82,127.25,123.70,126.04,125.85,127.78,132.41,169.65,184.88,117.1443,1,132.9735,0,147591,270215,-1.7990,-1.7853,-0.0137,5.97
2026-03-24,124.52,124.55,117.63,118.44,124.56,127.78,131.66,168.95,184.17,117.1443,1,132.0204,0,147653,271693,-2.2839,-1.8850,-0.3989,4.97
2026-03-25,121.15,122.65,117.27,119.30,123.51,127.59,130.89,168.25,183.45,117.1443,1,130.5810,0,129106,271323,-2.5695,-2.0219,-0.5476,5.12
2026-03-26,118.16,123.86,118.16,122.49,123.15,127.27,130.21,167.57,182.78,117.1443,1,128.9833,0,232354,272994,-2.5090,-2.1193,-0.3897,6.22
2026-03-27,120.70,120.70,115.80,116.55,122.29,126.85,129.47,166.86,182.11,135.0236,0,127.5774,0,130510,273409,-2.9072,-2.2769,-0.6303,5.78
2026-03-30,117.37,121.22,116.87,120.44,122.04,126.51,128.85,166.12,181.47,135.0236,0,125.9290,0,109647,273251,-2.8755,-2.3966,-0.4788,6.89
2026-03-31,122.55,124.64,118.60,121.01,121.61,126.01,128.32,165.40,180.83,135.0236,0,115.8036,1,91981,272343,-2.7726,-2.4718,-0.3008,6.11
2026-04-01,120.98,122.34,116.99,120.27,121.24,125.37,127.80,164.71,180.22,135.0236,0,115.9803,1,92424,271247,-2.7191,-2.5213,-0.1979,6.15
2026-04-02,121.75,124.53,118.78,123.02,121.19,124.73,127.29,164.03,179.62,135.0236,0,116.1535,1,89878,270451,-2.4271,-2.5024,0.0754,6.67
2026-04-06,122.39,123.58,120.47,122.43,121.00,124.00,126.71,163.35,179.03,135.0236,0,116.3232,1,160279,271173,-2.2174,-2.4454,0.2280,6.19
2026-04-07,123.06,126.36,122.32,123.68,120.76,123.31,126.16,162.68,178.50,135.0236,0,116.4896,1,134332,271472,-1.9286,-2.3421,0.4134,6.96
2026-04-08,124.09,126.34,117.27,117.32,120.65,122.60,125.58,162.01,177.94,135.0236,0,116.8843,1,118584,268683,-2.1879,-2.3112,0.1233,5.04
2026-04-09,116.08,116.62,112.35,114.34,120.16,121.83,125.04,161.31,177.36,131.0162,0,126.3575,0,127059,268020,-2.6036,-2.3697,-0.2339,5.15
2026-04-10,113.78,115.17,110.01,113.10,119.22,121.18,124.53,160.58,176.76,129.0136,0,126.3375,0,119031,266968,-2.9989,-2.4956,-0.5034,5.26
2026-04-13,113.65,119.50,113.65,119.09,119.47,120.88,124.25,159.89,176.26,129.0136,0,125.6844,0,131033,263454,-2.7963,-2.5557,-0.2406,5.23
2026-04-14,119.74,122.74,117.92,119.32,119.36,120.70,123.96,159.21,175.74,129.0136,0,125.0574,0,104201,261938,-2.5874,-2.5621,-0.0254,4.86
2026-04-15,120.59,125.30,118.48,123.10,119.57,120.59,123.77,158.56,175.23,129.0136,0,110.0089,1,111177,261680,-2.0925,-2.4681,0.3757,5.04
2026-04-16,125.30,126.65,123.80,124.98,120.04,120.64,123.80,157.93,174.71,129.0136,0,110.3148,1,103801,259001,-1.5308,-2.2807,0.7499,5.34
2026-04-17,126.16,127.15,123.59,126.38,120.37,120.78,123.75,157.28,174.19,129.0136,0,110.9683,1,125229,256529,-0.9620,-2.0169,1.0549,4.93
2026-04-20,126.30,133.18,126.30,132.40,121.37,121.19,123.79,156.69,173.72,113.5484,1,111.9389,1,156478,255340,-0.0249,-1.6185,1.5936,6.00
2026-04-21,132.23,136.37,129.42,129.87,121.99,121.38,123.78,156.12,173.22,116.2418,1,113.6383,1,107026,252508,0.5078,-1.1933,1.7011,5.93
2026-04-22,131.74,134.24,127.73,129.86,123.24,121.95,123.81,155.57,172.72,116.2418,1,115.9118,1,120961,251430,0.9186,-0.7709,1.6895,5.63
2026-04-23,126.94,127.66,121.25,124.95,124.31,122.23,123.83,154.99,172.18,116.2418,1,117.9580,1,81989,248585,0.8384,-0.4490,1.2874,6.11
2026-04-24,124.57,125.49,120.75,123.18,125.31,122.27,123.93,154.38,171.64,116.2418,1,119.7996,1,134249,243778,0.6247,-0.2343,0.8590,5.78
2026-04-27,122.88,125.92,121.47,123.37,125.74,122.61,124.02,153.77,171.13,116.2418,1,120.7520,1,75536,233722,0.4652,-0.0944,0.5596,5.74
2026-04-28,125.36,127.04,123.18,124.28,126.24,122.80,124.02,153.15,170.66,116.2418,1,120.7520,1,67278,224981,0.4072,0.0059,0.4013,6.30
2026-04-29,125.03,127.63,123.63,127.37,126.67,123.12,124.14,152.54,170.20,116.2418,1,121.4688,1,85125,219842,0.6041,0.1256,0.4786,7.73
2026-04-30,126.01,127.14,123.80,126.21,126.79,123.41,124.20,151.95,169.73,116.2418,1,122.9593,1,76880,213612,0.6586,0.2322,0.4264,7.36
2026-05-01,129.30,132.22,126.65,131.39,127.29,123.83,124.43,151.41,169.28,116.2418,1,123.6344,1,110319,210582,1.1068,0.4071,0.6997,10.69
2026-05-04,131.25,136.40,130.47,131.65,127.21,124.29,124.78,150.85,168.83,117.4575,1,123.7986,1,124508,208629,1.4668,0.6190,0.8477,11.38
2026-05-05,132.77,132.85,128.86,131.11,127.34,124.66,125.13,150.28,168.35,117.4575,1,125.3112,1,100116,204226,1.6884,0.8329,0.8555,9.76
2026-05-06,129.14,131.12,124.54,125.81,126.93,125.09,125.28,149.74,167.85,117.4575,1,136.4035,0,174162,202164,1.4203,0.9504,0.4699,7.77
2026-05-07,130.51,138.15,129.31,137.83,128.22,126.26,125.57,149.35,167.39,117.4575,1,124.5354,1,303051,203478,2.1527,1.1908,0.9618,12.90
2026-05-08,136.15,136.47,130.17,136.27,129.53,127.42,125.72,148.93,166.90,117.4575,1,124.5354,1,162944,200152,2.5781,1.4683,1.1098,13.88
2026-05-11,135.49,138.85,133.67,137.84,130.98,128.36,125.98,148.51,166.41,117.9774,1,124.8076,1,166654,188486,3.0066,1.7760,1.2307,18.20
2026-05-12,138.84,140.85,135.25,137.00,132.25,129.24,126.17,148.10,165.92,119.9201,1,125.3694,1,172853,185686,3.2415,2.0691,1.1724,17.05
2026-05-13,135.46,138.01,131.76,134.31,132.94,129.80,126.24,147.65,165.42,119.9201,1,126.2985,1,160801,182224,3.1740,2.2901,0.8840,15.06
2026-05-14,134.10,135.36,130.37,133.03,133.62,130.21,126.24,147.19,164.91,119.9201,1,127.1718,1,174281,180272,2.9826,2.4286,0.5540,15.51
2026-05-15,135.59,139.84,134.57,135.65,134.05,130.67,126.24,146.75,164.42,119.9201,1,127.9928,1,153788,178101,3.0075,2.5443,0.4631,17.79
2026-05-18,136.24,141.79,136.24,138.57,134.74,130.98,126.27,146.36,163.97,120.8617,1,128.7645,1,111622,175722,3.2262,2.6807,0.5455,20.36
2026-05-19,141.55,144.52,139.24,140.56,135.69,131.51,126.32,145.96,163.55,123.7565,1,129.8065,1,155640,174524,3.5189,2.8484,0.6705,26.34
2026-05-20,138.89,138.89,132.96,137.38,136.84,131.89,126.45,145.56,163.11,123.7565,1,131.2777,1,124941,173391,3.4547,2.9696,0.4851,20.99
2026-05-21,135.55,136.15,132.58,133.77,136.44,132.33,126.53,145.13,162.67,123.7565,1,144.5180,0,109079,172750,3.0768,2.9911,0.0857,15.78
2026-05-22,134.38,138.15,133.92,137.20,136.53,133.03,126.75,144.72,162.25,123.7565,1,144.2793,0,70802,170880,3.0196,2.9968,0.0228,16.66
2026-05-26,134.94,136.30,132.37,132.60,136.01,133.49,126.90,144.28,161.76,123.7565,1,144.0453,0,85496,169861,2.5737,2.9122,-0.3385,11.95
2026-05-27,132.71,137.11,131.28,132.06,135.51,133.88,127.08,143.83,161.29,123.7565,1,143.5784,0,79103,161556,2.1519,2.7601,-0.6082,12.28
2026-05-28,132.92,138.40,132.15,136.58,135.74,134.34,127.30,143.38,160.88,123.7565,1,142.8408,0,107525,160858,2.1570,2.6395,-0.4825,13.45
2026-05-29,135.82,143.90,134.78,139.44,136.38,135.00,127.61,142.97,160.51,123.7565,1,131.2847,1,166277,161158,2.3649,2.5846,-0.2196,13.92
2026-06-01,141.67,151.13,139.44,148.34,137.65,135.85,128.11,142.63,160.16,125.1196,1,131.5371,1,134762,161543,3.2105,2.7098,0.5007,18.25
2026-06-02,143.88,145.23,141.13,143.99,138.19,136.47,128.50,142.28,159.81,125.1196,1,132.3209,1,143552,128073,3.4900,2.8658,0.6242,15.53
2026-06-03,142.37,142.37,135.28,137.56,137.89,136.79,128.73,141.87,159.42,125.1196,1,133.0734,1,99374,127109,3.1562,2.9239,0.2324,12.19
2026-06-04,141.41,142.60,136.50,136.86,137.84,137.34,129.10,141.47,158.99,125.1196,1,133.7957,1,69801,125552,2.8023,2.8996,-0.0973,11.63
2026-06-05,138.41,138.94,135.49,137.39,138.20,137.32,129.46,141.16,158.55,125.1196,1,134.4892,1,89907,124768,2.5360,2.8269,-0.2908,14.82
2026-06-08,134.79,136.62,132.78,135.48,138.03,137.28,129.72,140.84,158.11,125.1196,1,151.1322,0,92100,121963,2.1456,2.6906,-0.5450,13.83
2026-06-09,133.78,136.76,133.00,135.92,138.36,137.18,130.11,140.51,157.67,125.1196,1,150.7652,0,105931,121471,1.8503,2.5225,-0.6722,13.83
2026-06-10,133.88,138.63,133.28,136.50,138.81,137.16,130.43,140.20,157.20,125.1196,1,150.4055,0,108802,121454,1.6441,2.3468,-0.7028,16.02
2026-06-11,133.27,136.42,129.66,132.02,138.35,137.04,130.65,139.88,156.71,125.1196,1,150.0531,0,168857,122992,1.1069,2.0989,-0.9919,13.38
2026-06-12,132.02,134.93,129.79,134.30,137.84,137.11,130.93,139.56,156.27,125.1196,1,149.2372,0,115391,123451,0.8551,1.8501,-0.9950,13.12
2026-06-15,133.65,139.21,133.28,134.47,136.45,137.05,131.16,139.37,155.81,125.1196,1,148.4541,0,160968,124873,0.6616,1.6124,-0.9508,12.39
2026-06-16,134.65,136.65,128.06,128.92,134.94,136.57,131.29,139.16,155.34,125.1196,1,147.7022,0,106739,123802,0.0596,1.3018,-1.2422,9.93
2026-06-17,127.12,128.50,122.29,123.52,133.54,135.71,131.29,138.88,154.83,144.2608,0,146.5240,0,227769,125671,-0.8436,0.8728,-1.7163,8.28
2026-06-18,121.03,126.09,120.80,124.65,132.32,135.08,131.44,138.59,154.36,142.0148,0,144.5852,0,407198,131443,-1.4516,0.4079,-1.8595,8.90
2026-06-22,124.30,125.66,121.78,123.47,130.92,134.56,131.62,138.30,153.88,141.5967,0,142.2069,0,164877,132200,-2.0054,-0.0748,-1.9306,10.92
2026-06-23,126.69,127.86,123.80,124.08,129.78,133.91,131.84,138.04,153.39,141.5967,0,140.0664,0,111951,132058,-2.3678,-0.5334,-1.8344,11.61
2026-06-24,124.26,128.28,123.51,127.01,128.89,133.63,132.00,137.79,152.92,141.5967,0,138.1399,0,85530,131148,-2.3907,-0.9048,-1.4858,11.21
2026-06-25,125.46,128.37,123.24,124.28,127.67,133.24,132.09,137.54,152.43,141.5967,0,136.4061,0,82592,130716,-2.5995,-1.2438,-1.3558,11.50
2026-06-26,125.55,129.76,125.55,128.97,127.37,132.86,132.21,137.33,151.97,141.5967,0,134.8457,0,270942,133911,-2.3592,-1.4669,-0.8924,12.01
2026-06-29,131.52,132.91,126.45,126.97,126.63,132.23,132.25,137.12,151.51,141.5967,0,133.4413,0,108586,134007,-2.3034,-1.6342,-0.6692,11.68
2026-06-30,124.89,126.51,123.65,125.47,125.73,131.09,132.23,136.90,151.02,141.4949,0,132.9121,0,85387,133210,-2.3528,-1.7779,-0.5749,10.66
2026-07-01,128.59,135.13,127.58,133.74,126.22,130.58,132.26,136.72,150.58,141.4949,0,120.8019,1,178649,133653,-1.7053,-1.7634,0.0581,13.62
2026-07-02,133.50,138.98,133.50,138.98,127.76,130.65,132.44,136.59,150.20,141.4949,0,121.0885,1,126361,134040,-0.7604,-1.5628,0.8024,15.86
2026-07-06,137.72,140.62,135.46,139.67,129.26,130.79,132.64,136.43,149.84,141.4949,0,121.8043,1,127463,134170,0.0435,-1.2415,1.2850,14.91
2026-07-07,142.56,145.76,142.28,143.54,131.27,131.10,133.01,136.32,149.49,126.5831,1,122.9334,1,140387,135338,0.9818,-0.7969,1.7787,22.75
2026-07-08,142.00,142.05,136.62,138.27,132.69,131.24,133.31,136.18,149.11,126.5831,1,124.7596,1,147018,135593,1.2853,-0.3804,1.6657,21.95
2026-07-09,134.53,139.49,132.36,139.33,133.92,131.41,133.63,136.04,148.74,126.5831,1,126.4398,1,120664,136496,1.5928,0.0142,1.5786,21.76
2026-07-10,141.34,141.84,137.87,138.85,135.38,131.53,133.92,135.89,148.34,126.5831,1,127.9855,1,77913,136709,1.7774,0.3669,1.4105,18.92
2026-07-13,141.03,146.47,140.77,146.26,137.11,132.24,134.30,135.78,147.98,126.5831,1,129.4075,1,90918,136825,2.4927,0.7920,1.7007,26.06
2026-07-14,140.11,144.85,139.97,143.43,138.76,132.69,134.65,135.63,147.62,126.5831,1,131.1137,1,73487,136757,2.7993,1.1935,1.6058,23.13
2026-07-15,144.71,148.46,143.63,144.49,140.66,133.20,134.91,135.50,147.28,128.2264,1,132.6493,1,60034,135751,3.0920,1.5732,1.5189,22.47
2026-07-16,147.61,152.95,146.95,150.23,142.31,134.26,135.28,135.42,146.96,131.3765,1,134.5462,1,137855,136018,3.7441,2.0074,1.7367,25.61
2026-07-17,150.02,152.60,145.14,147.70,143.18,135.47,135.61,135.32,146.61,131.3765,1,137.1226,1,115630,136328,4.0100,2.4079,1.6021,23.33
2026-07-20,146.09,150.68,143.98,149.46,144.16,136.71,136.08,135.24,146.33,131.3765,1,139.3383,1,92401,134693,4.3136,2.7891,1.5246,25.42
2026-07-21,144.97,149.27,143.02,143.98,144.20,137.74,136.21,135.10,146.06,131.3765,1,141.2439,1,98416,130600,4.0651,3.0443,1.0209,21.91
2026-07-22,145.07,145.46,137.99,139.07,144.28,138.49,136.26,134.92,145.76,131.3765,1,152.9492,0,72492,128791,3.4322,3.1219,0.3104,22.13
2026-07-23,140.59,141.46,136.58,138.47,144.20,139.06,136.28,134.77,145.45,131.3765,1,152.6501,0,81986,127098,2.8495,3.0674,-0.2179,24.14
2026-07-24,140.65,145.90,140.47,145.11,144.82,140.10,136.44,134.66,145.19,131.3765,1,152.0071,0,80364,125248,2.8901,3.0319,-0.1418,28.33
2026-07-27,148.86,155.87,147.14,151.05,145.30,141.21,136.77,134.56,144.93,131.3765,1,136.5761,1,148198,124996,3.3628,3.0981,0.2647,31.66
2026-07-28,154.43,164.11,154.29,161.46,147.10,142.93,137.34,134.55,144.72,136.7582,1,136.9620,1,143074,124372,4.5247,3.3834,1.1413,39.03
2026-07-29,162.34,172.26,162.34,168.64,149.52,145.09,138.00,134.59,144.56,143.8611,1,138.0480,1,178329,124863,5.9569,3.8981,2.0588,57.20
2026-07-30,165.02,165.78,156.15,161.26,150.62,146.46,138.46,134.57,144.38,143.8611,1,140.1006,1,186766,126366,6.4218,4.4029,2.0189,46.00
2026-07-31,160.02,164.73,157.16,163.69,152.22,147.70,138.92,134.61,144.20,143.8611,1,142.0300,1,142137,126096,6.9071,4.9037,2.0034,49.09
2026-08-03,167.70,172.26,166.78,168.39,154.11,149.14,139.54,134.67,144.05,144.7841,1,143.8436,1,155902,126715,7.5837,5.4397,2.1440,53.00
2026-08-04,165.87,175.25,164.73,175.01,157.22,150.71,140.36,134.77,143.94,144.7841,1,146.1167,1,186800,128269,8.5555,6.0629,2.4926,61.36
2026-08-05,178.36,178.95,172.33,174.51,160.76,152.52,141.11,134.87,143.82,150.7776,1,149.0303,1,145119,129756,9.1795,6.6862,2.4933,54.93
2026-08-06,212.54,220.12,207.66,215.62,168.47,156.34,142.77,135.25,143.90,177.8329,1,152.6203,1,827424,144594,12.8426,7.9175,4.9252,86.35
2026-08-07,216.58,222.07,213.21,214.59,175.42,160.12,144.42,135.62,143.98,182.5298,1,162.0704,1,272372,148459,15.4842,9.4308,6.0534,84.20
2026-08-10,212.65,213.82,209.69,213.10,181.63,163.46,145.95,136.04,144.02,182.5298,1,171.6697,1,263291,151575,17.2587,10.9964,6.2623,83.14
2026-08-11,212.62,215.26,209.78,211.88,186.67,166.89,147.40,136.43,144.08,182.5298,1,179.7331,1,142619,151102,18.3551,12.4682,5.8870,83.47
2026-08-12,213.14,213.14,204.03,210.93,190.90,170.21,148.65,136.80,144.14,182.5298,1,186.5063,1,153072,151468,18.9293,13.7604,5.1689,83.18
2026-08-13,210.65,224.26,207.60,223.26,197.10,173.86,150.24,137.26,144.27,183.0311,1,192.1958,1,284100,154279,20.1471,15.0377,5.1093,86.35
2026-08-14,224.24,224.45,216.07,217.77,202.51,177.36,151.84,137.66,144.36,188.1331,1,197.9678,1,119034,154672,20.4335,16.1169,4.3166,84.93
2026-08-17,214.51,216.54,212.19,213.84,207.05,180.58,153.38,138.05,144.45,188.1331,1,203.2646,1,101997,155316,20.1113,16.9158,3.1955,83.21
2026-08-18,217.32,221.24,215.08,215.37,211.09,184.15,154.94,138.43,144.60,188.4079,1,207.5021,1,152730,156572,19.7515,17.4829,2.2686,85.73
2026-08-19,216.39,222.50,215.61,221.80,215.82,188.29,156.67,138.87,144.79,190.1379,1,210.8921,1,132874,157388,19.7574,17.9378,1.8196,88.18
2026-08-20,221.11,226.93,220.76,226.35,216.89,192.68,158.48,139.35,145.00,195.9743,1,213.6041,1,147368,158217,19.9000,18.3302,1.5698,89.06
2026-08-21,226.33,230.15,223.50,228.70,218.30,196.86,160.32,139.87,145.23,199.7453,1,215.6065,1,152927,159099,19.9721,18.6586,1.3135,89.93
2026-08-24,228.46,232.37,227.43,229.62,219.95,200.79,162.27,140.41,145.47,204.0418,1,218.5157,1,112514,157972,19.8748,18.9019,0.9730,90.56
2026-08-25,230.37,233.46,227.21,231.70,221.93,204.30,164.22,140.98,145.72,205.1923,1,221.2866,1,111749,157899,19.7380,19.0691,0.6689,90.08
2026-08-26,226.82,233.21,225.58,232.31,224.07,207.49,166.18,141.54,146.07,205.1923,1,223.7213,1,127538,157231,19.4546,19.1462,0.3084,89.97
2026-08-27,233.01,239.92,231.77,237.04,225.45,211.27,168.34,142.11,146.45,210.9771,1,225.5800,1,194088,158978,19.3881,19.1946,0.1935,88.96
2026-08-28,236.41,242.50,233.17,238.53,227.52,215.02,170.64,142.70,146.82,212.6526,1,225.5800,1,113302,156688,19.2340,19.2024,0.0315,90.14
2026-08-31,235.30,239.58,234.73,239.10,230.05,218.55,172.93,143.31,147.17,213.0319,1,228.9640,1,178512,152115,18.9395,19.1498,-0.2104,91.56
2026-09-01,241.77,243.28,237.12,237.95,232.31,221.70,175.22,143.96,147.53,216.6434,1,231.6712,1,171681,152251,18.4011,19.0001,-0.5990,92.95
2026-09-02,237.09,240.59,234.48,236.25,233.75,224.79,177.46,144.61,147.90,216.6434,1,233.9930,1,143805,152888,17.6341,18.7269,-1.0928,91.89
2026-09-03,240.00,244.98,237.32,240.52,235.17,226.03,179.73,145.32,148.28,217.8018,1,234.4800,1,142388,154025,17.1728,18.4161,-1.2433,92.48
2026-09-04,238.14,238.15,230.56,231.67,235.47,226.88,181.88,145.98,148.62,217.8018,1,244.9800,0,153366,155440,15.9097,17.9148,-2.0051,91.06
2026-09-08,227.36,228.49,218.16,219.16,234.42,227.19,183.68,146.56,148.92,217.8018,1,244.9800,0,221680,154455,13.7408,17.0800,-3.3392,88.22
2026-09-09,219.23,219.94,213.65,215.58,232.81,227.37,185.45,147.17,149.20,241.7708,0,243.9072,0,179406,155872,11.5994,15.9839,-4.3845,88.70
2026-09-10,216.19,219.12,214.99,216.04,231.18,227.63,187.27,147.75,149.49,240.7722,0,242.0918,0,129646,156757,9.8261,14.7523,-4.9262,89.64
2026-09-11,216.14,220.31,216.05,218.91,229.37,227.41,188.97,148.34,149.78,240.7722,0,240.3853,0,122086,155626,8.5538,13.5126,-4.9588,89.90
2026-09-14,224.84,227.39,218.21,222.85,227.80,227.66,190.65,148.96,150.10,240.7722,0,238.7811,0,190514,156909,7.7738,12.3649,-4.5911,91.58
2026-09-15,221.63,231.49,220.46,226.76,226.57,228.31,192.39,149.61,150.42,240.7722,0,237.2733,0,246556,159290,7.3860,11.3691,-3.9831,92.96
2026-09-16,222.98,228.90,220.10,227.59,225.53,228.92,194.07,150.30,150.76,240.7722,0,235.8559,0,148707,159457,7.0642,10.5081,-3.4439,93.51
2026-09-17,227.11,230.95,222.25,226.06,224.51,229.13,195.83,151.02,151.09,240.7722,0,234.5235,0,148951,159496,6.6095,9.7284,-3.1189,93.77
2026-09-18,225.81,227.50,222.03,226.28,223.09,229.13,197.56,151.74,151.42,240.7722,0,233.2711,0,544158,167965,6.1955,9.0218,-2.8263,93.37
