symbol,longName,sector,industry,country,marketCap,currentPrice,averageVolume10days,averageVolume3months,averageDollarVolume,revenueGrowth,earningsGrowth,earningsQuarterlyGrowth,grossMargins,operatingMargins,profitMargins,returnOnEquity,returnOnAssets,totalCash,totalDebt,debtToEquity,currentRatio,quickRatio,operatingCashflow,freeCashflow,sharesOutstanding,floatShares,heldPercentInsiders,heldPercentInstitutions,sharesShort,shortRatio,shortPercentOfFloat,trailingPE,forwardPE,priceToSalesTrailing12Months,priceToBook,enterpriseToRevenue,enterpriseToEbitda,targetMeanPrice,targetHighPrice,targetLowPrice,recommendationMean,recommendationKey,numberOfAnalystOpinions,epsRevisionUpLast7Days,epsRevisionUpLast30Days,epsRevisionDownLast7Days,epsRevisionDownLast30Days,nextEarningsDate,beta,website,retrievedAt
PFSI,PennyMac Financial Services Inc.,Financial Services,Mortgage Finance,United States,3110300160,59.9,682350,599523,35911427.699999996,0.018,-0.839,-0.841,0.86019,0.04483,0.11777,0.09377,0.01451,415953984,23826997248,549.403,0.932,0.467,-1785528960,,51924875,27396142,0.34561002,0.66578,2991672,6.26,0.1018,8.23934,5.7856956,0.9335127,0.71743405,7.983,,88.57143,100.0,71.0,2.125,buy,7,0,0,1,1,2026-10-29,1.449,https://pfsi.pennymac.com,2026-10-10T21:39:04.091521+01:00
Date,Open,High,Low,Close,Ma10:Top:Line,Ma20:Top:Line,Ma50:Top:Line,Ma150:Top:Line,Ma200:Top:Line,Supertrend:Top:ColorLine,Supertrend_Dir,ParabolicSAR:Top:ColorLine,ParabolicSAR_Dir,Volume:Middle:Histogram,Vo50:Middle:Line,Macd:Bottom:Line,MacdSignal:Bottom:Line,MacdDelta:Bottom:Histogram,RsRating:Hidden:Hidden
2023-08-03,71.04,71.33,70.13,71.02,,,,,,,0,70.1312,1,13410,,,,,0
2023-08-04,71.52,73.18,71.28,72.67,,,,,,,0,70.1312,1,12266,,,,,0
2023-08-07,72.88,74.35,72.65,74.27,,,,,,,0,70.1312,1,12119,,,,,0
2023-08-08,73.13,73.62,72.51,72.97,,,,,,,0,70.2999,1,11611,,,,,0
2023-08-09,72.72,73.07,72.10,72.53,,,,,,,0,70.4618,1,10433,,,,,0
2023-08-10,72.92,73.55,71.56,71.71,,,,,,,0,70.6173,1,10085,,,,,0
2023-08-11,71.51,71.96,71.02,71.19,,,,,,,0,70.7665,1,8710,,,,,0
2023-08-14,70.96,70.98,70.23,70.68,,,,,,,0,74.3483,0,14313,,,,,0
2023-08-15,69.87,70.54,69.09,70.07,,,,,,,0,74.2661,0,13667,,,,,0
2023-08-16,69.98,70.24,68.79,68.81,71.59,,,,,73.9350,0,74.0588,0,9550,,,,,0
2023-08-17,69.38,69.38,67.48,67.65,71.25,,,,,72.9823,0,73.7425,0,10847,,,,,0
2023-08-18,66.89,68.01,66.51,66.92,70.68,,,,,71.8063,0,73.2417,0,16041,,,,,0
2023-08-21,67.05,67.23,65.47,66.30,69.88,,,,,70.9694,0,72.5684,0,20999,,,,,0
2023-08-22,66.66,66.77,64.89,64.92,69.08,,,,,70.5508,0,71.7160,0,14618,,,,,0
2023-08-23,64.92,67.04,64.86,67.02,68.53,,,,,70.5508,0,70.7598,0,19160,,,,,0
2023-08-24,67.15,67.42,66.03,66.63,68.02,,,,,70.5508,0,69.8154,0,10850,,,,,0
2023-08-25,66.73,66.89,65.81,66.59,67.56,,,,,70.5508,0,69.0221,0,9814,,,,,0
2023-08-28,67.18,67.93,66.27,66.61,67.15,,,,,70.5508,0,68.3557,0,17402,,,,,0
2023-08-29,66.59,68.17,66.13,67.15,66.86,,,,,70.5508,0,64.8571,1,16643,,,,,0
2023-08-30,66.77,68.63,66.77,68.31,66.81,69.20,,,,70.5508,0,64.9234,1,11484,,,,,0
2023-08-31,68.18,69.98,68.18,69.29,66.97,69.11,,,,70.5508,0,65.0717,1,26734,,,,,0
2023-09-01,69.77,70.72,69.51,70.25,67.31,68.99,,,,70.5508,0,65.3664,1,14787,,,,,0
2023-09-05,69.87,70.40,68.43,68.55,67.53,68.71,,,,70.5508,0,65.7945,1,18481,,,,,0
2023-09-06,68.90,69.11,67.23,67.58,67.80,68.44,,,,70.5508,0,66.1883,1,9583,,,,,0
2023-09-07,67.59,67.99,67.40,67.68,67.86,68.19,,,,70.5508,0,66.5506,1,12905,,,,,0
2023-09-08,67.66,67.72,66.72,66.90,67.89,67.95,,,,70.5508,0,70.7172,0,8351,,,,,0
2023-09-11,67.44,69.28,67.44,68.83,68.11,67.84,,,,70.5508,0,70.6373,0,15613,,,,,0
2023-09-12,68.02,68.64,66.79,67.27,68.18,67.67,,,,70.5508,0,70.5590,0,19106,,,,,0
2023-09-13,67.58,67.75,65.46,65.88,68.05,67.46,,,,70.5508,0,70.4822,0,26300,,,,,0
2023-09-14,66.61,67.71,66.31,67.12,67.93,67.37,,,,70.5508,0,70.2811,0,19097,,,,,0
2023-09-15,66.72,67.33,65.52,66.32,67.64,67.31,,,,70.5508,0,70.0881,0,33601,,,,,0
2023-09-18,66.69,66.99,65.63,65.87,67.20,67.25,,,,70.5508,0,69.9028,0,15263,,,,,0
2023-09-19,66.05,66.97,65.78,65.90,66.93,67.23,,,,70.5508,0,69.7249,0,11318,,,,,0
2023-09-20,66.21,67.20,66.21,66.32,66.81,67.30,,,,70.5508,0,69.5542,0,16653,,-1.0120,-0.9457,-0.0663,0
2023-09-21,65.61,65.69,64.68,64.83,66.52,67.19,,,,70.0279,0,69.3902,0,12490,,-1.1006,-0.9767,-0.1239,0
2023-09-22,64.48,65.14,64.11,64.62,66.30,67.09,,,,69.2907,0,69.1078,0,9143,,-1.1744,-1.0162,-0.1582,0
2023-09-25,64.30,65.01,64.30,64.57,65.87,66.99,,,,69.0674,0,68.7083,0,6354,,-1.2227,-1.0575,-0.1652,0
2023-09-26,63.80,64.69,63.43,63.46,65.49,66.83,,,,68.4118,0,68.3407,0,12278,,-1.3352,-1.1131,-0.2221,0
2023-09-27,63.77,64.61,63.11,63.64,65.26,66.66,,,,68.2229,0,67.8495,0,12610,,-1.3934,-1.1691,-0.2243,0
2023-09-28,63.92,65.03,63.43,64.15,64.97,66.45,,,,68.2229,0,67.2807,0,7403,,-1.3824,-1.2118,-0.1706,0
2023-09-29,64.49,65.36,64.17,64.30,64.77,66.20,,,,68.2229,0,66.7802,0,10922,,-1.3464,-1.2387,-0.1077,0
2023-10-02,65.63,65.72,62.87,63.52,64.53,65.86,,,,68.2229,0,66.3397,0,12336,,-1.3653,-1.2640,-0.1013,0
2023-10-03,63.18,63.18,60.28,61.43,64.08,65.51,,,,66.9760,0,65.8537,0,28939,,-1.5309,-1.3174,-0.2135,0
2023-10-04,61.46,63.62,61.19,62.99,63.75,65.28,,,,66.9760,0,65.7163,0,15145,,-1.5184,-1.3576,-0.1608,0
2023-10-05,62.84,64.30,62.84,64.25,63.69,65.11,,,,66.9760,0,64.8467,0,15573,,-1.3912,-1.3643,-0.0269,0
2023-10-06,63.55,64.89,63.09,64.09,63.64,64.97,,,,66.9760,0,60.2810,1,13112,,-1.2880,-1.3490,0.0611,0
2023-10-09,63.63,65.78,63.63,65.03,63.69,64.78,,,,66.9760,0,60.3731,1,11431,,-1.1177,-1.3028,0.1850,0
2023-10-10,65.06,67.08,65.06,66.16,63.96,64.72,,,,66.9760,0,60.5896,1,21505,,-0.8815,-1.2185,0.3370,0
2023-10-11,66.21,67.36,65.62,66.31,64.22,64.74,,,,66.9760,0,60.9788,1,10929,,-0.6741,-1.1096,0.4356,0
2023-10-12,66.46,66.46,63.97,64.34,64.24,64.61,67.11,,,66.9760,0,61.4891,1,12242,14484,-0.6618,-1.0201,0.3583,0
2023-10-13,64.61,64.69,63.25,64.32,64.24,64.50,66.98,,,66.9760,0,61.9586,1,11152,14439,-0.6461,-0.9453,0.2992,0
2023-10-16,64.91,65.45,64.57,64.84,64.38,64.45,66.82,,,66.9760,0,62.3905,1,11525,14424,-0.5849,-0.8732,0.2883,0
2023-10-17,64.15,65.65,64.15,65.07,64.74,64.41,66.63,,,66.9760,0,62.7879,1,17935,14541,-0.5118,-0.8009,0.2891,0
2023-10-18,64.34,64.34,62.56,63.24,64.76,64.26,66.44,,,66.9760,0,67.3576,0,13532,14579,-0.5950,-0.7597,0.1647,0
2023-10-19,62.85,63.22,60.84,61.19,64.46,64.08,66.21,,,66.9760,0,67.2616,0,19648,14764,-0.8167,-0.7711,-0.0456,0
2023-10-20,61.29,61.66,60.51,61.30,64.18,63.91,66.00,,,66.5185,0,67.0048,0,14669,14855,-0.9718,-0.8112,-0.1606,0
2023-10-23,60.86,62.46,60.75,61.46,63.82,63.75,65.81,,,66.5185,0,66.6152,0,13101,14943,-1.0699,-0.8630,-0.2070,0
2023-10-24,61.71,62.12,60.73,60.96,63.30,63.63,65.62,,,66.5185,0,66.2491,0,9730,14851,-1.1747,-0.9253,-0.2494,0
2023-10-25,60.13,61.15,60.00,60.82,62.75,63.49,65.43,,,65.6702,0,65.9049,0,14144,14861,-1.2542,-0.9911,-0.2631,0
2023-10-26,60.82,62.85,60.58,61.87,62.51,63.37,65.29,,,65.6702,0,65.4326,0,16721,15004,-1.2182,-1.0365,-0.1817,0
2023-10-27,64.15,67.43,63.09,67.17,62.79,63.52,65.28,,,58.8531,1,60.0011,1,45554,15698,-0.7533,-0.9799,0.2266,0
2023-10-30,67.58,68.09,64.66,65.60,62.87,63.62,65.26,,,59.5853,1,60.1495,1,32276,16023,-0.5060,-0.8851,0.3791,0
2023-10-31,65.48,66.71,64.64,64.88,62.85,63.79,65.23,,,59.5853,1,60.4672,1,20758,16018,-0.3643,-0.7809,0.4166,0
2023-11-01,64.59,66.93,64.29,66.40,63.17,63.97,65.26,,,59.5853,1,60.7722,1,28007,16286,-0.1274,-0.6502,0.5228,0
2023-11-02,67.58,69.05,67.41,68.78,63.92,64.19,65.29,,,61.2650,1,61.0649,1,34936,16602,0.2491,-0.4704,0.7195,0
2023-11-03,69.51,70.65,69.50,70.05,64.80,64.49,65.36,,,63.2481,1,61.5439,1,23988,16864,0.6429,-0.2477,0.8906,0
2023-11-06,70.21,70.21,69.17,69.41,65.59,64.71,65.42,,,63.2481,1,62.2723,1,17091,17010,0.8933,-0.0195,0.9128,0
2023-11-07,69.32,69.59,68.54,68.69,66.37,64.83,65.46,,,63.2481,1,62.9425,1,9221,16846,1.0215,0.1887,0.8328,0
2023-11-08,68.89,69.94,68.57,69.87,67.27,65.01,65.51,,,63.3341,1,63.5591,1,16044,16834,1.2042,0.3918,0.8125,0
2023-11-09,70.11,70.11,67.86,68.79,67.96,65.24,65.52,,,63.3341,1,64.1263,1,54855,17702,1.2475,0.5629,0.6845,0
2023-11-10,69.16,70.27,68.50,69.68,68.21,65.50,65.53,,,63.4473,1,64.6482,1,20922,17586,1.3382,0.7180,0.6202,0
2023-11-13,69.32,70.00,69.13,69.20,68.57,65.72,65.51,,,63.9585,1,65.1283,1,11851,17527,1.3561,0.8456,0.5105,0
2023-11-14,71.19,74.33,70.69,74.21,69.51,66.18,65.62,,,65.9322,1,65.5700,1,34876,17855,1.7540,1.0273,0.7267,0
2023-11-15,73.73,75.07,73.73,74.42,70.31,66.74,65.76,,,68.0774,1,66.4464,1,26305,18189,2.0628,1.2344,0.8284,0
2023-11-16,73.96,74.44,72.31,72.96,70.73,67.33,65.87,,,68.0774,1,67.4812,1,16142,18254,2.1646,1.4204,0.7441,0
2023-11-17,73.33,74.00,72.57,73.24,71.05,67.92,65.99,,,68.0774,1,68.3918,1,20569,18498,2.2420,1.5847,0.6573,0
2023-11-20,73.48,75.88,72.85,75.74,71.68,68.64,66.13,,,68.0774,1,69.1931,1,25151,18689,2.4764,1.7631,0.7133,0
2023-11-21,75.51,75.75,74.86,75.51,72.36,69.36,66.30,,,69.2533,1,70.1297,1,13790,18583,2.6141,1.9333,0.6808,0
2023-11-22,76.25,76.66,75.27,75.73,72.95,70.11,66.49,,,70.1060,1,70.9351,1,17850,18414,2.7091,2.0885,0.6207,0
2023-11-24,75.32,75.73,74.60,74.84,73.55,70.76,66.65,,,70.1060,1,71.8507,1,6354,18159,2.6817,2.2071,0.4746,0
2023-11-27,74.35,75.34,74.14,74.80,74.06,71.14,66.82,,,70.1060,1,72.6198,1,13381,17754,2.6265,2.2910,0.3355,0
2023-11-28,74.89,75.38,74.57,75.31,74.68,71.62,67.00,,,70.1060,1,73.2658,1,11163,17672,2.5943,2.3517,0.2427,0
2023-11-29,76.16,77.34,75.65,76.19,74.87,72.19,67.21,,,71.2826,1,73.8084,1,16684,17780,2.6098,2.4033,0.2065,0
2023-11-30,76.09,76.23,75.07,75.31,74.96,72.64,67.39,,,71.2826,1,74.4432,1,20467,17856,2.5219,2.4270,0.0949,0
2023-12-01,75.20,77.43,74.62,77.24,75.39,73.06,67.64,,,71.2826,1,77.3351,0,18581,17978,2.5780,2.4572,0.1208,0
2023-12-04,76.96,78.27,76.96,78.26,75.89,73.47,67.91,,,72.3822,1,74.6243,1,13783,18071,2.6744,2.5006,0.1738,0
2023-12-05,78.22,78.53,76.20,77.66,76.09,73.88,68.17,,,72.3822,1,74.6243,1,22229,18388,2.6716,2.5348,0.1368,0
2023-12-06,77.49,78.42,76.84,77.45,76.28,74.32,68.45,,,72.3822,1,74.7804,1,35488,18852,2.6220,2.5523,0.0697,0
2023-12-07,77.45,78.00,76.75,77.95,76.50,74.72,68.74,,,72.3822,1,74.9302,1,12922,18859,2.5926,2.5603,0.0323,0
2023-12-08,77.62,78.34,76.59,77.60,76.78,75.16,69.01,,,72.3822,1,75.0740,1,36364,19438,2.5122,2.5507,-0.0385,0
2023-12-11,77.45,78.69,77.17,78.64,77.16,75.61,69.30,,,72.8050,1,75.2121,1,19641,19612,2.5040,2.5414,-0.0373,0
2023-12-12,78.93,80.74,78.93,80.21,77.65,76.16,69.63,,,74.5945,1,75.4208,1,25302,19872,2.5942,2.5519,0.0423,0
2023-12-13,80.65,84.13,80.60,83.75,78.41,76.64,70.08,,,76.4694,1,75.8466,1,49882,20290,2.9179,2.6251,0.2928,0
2023-12-14,85.24,90.02,84.71,89.97,79.87,77.42,70.62,,,80.1802,1,76.6750,1,52914,21046,3.6341,2.8269,0.8072,0
2023-12-15,89.93,90.52,86.50,86.67,80.82,78.10,71.06,,,80.8406,1,78.2762,1,67140,22077,3.8905,3.0396,0.8509,0
2023-12-18,86.80,86.80,85.21,85.51,81.54,78.72,71.49,,,80.8406,1,79.9905,1,26982,22355,3.9543,3.2226,0.7318,0
2023-12-19,85.93,86.81,85.44,85.69,82.34,79.21,71.91,,,80.8406,1,81.4648,1,18543,22497,3.9740,3.3729,0.6011,0
2023-12-20,85.98,86.59,83.68,84.02,83.00,79.64,72.26,,,80.8406,1,82.7327,1,18521,22437,3.8112,3.4605,0.3507,0
2023-12-21,84.79,85.47,84.10,84.63,83.67,80.09,72.63,,,80.8406,1,83.6764,1,15000,22519,3.6882,3.5061,0.1821,0
2023-12-22,85.17,85.74,84.74,85.48,84.46,80.62,73.05,,,80.8406,1,83.6764,1,14480,22563,3.6177,3.5284,0.0893,0
2023-12-26,85.72,86.51,85.41,85.88,85.18,81.17,73.48,,,80.8406,1,84.1024,1,11169,22564,3.5537,3.5334,0.0202,0
2023-12-27,86.53,86.53,85.91,86.30,85.79,81.72,73.91,,,80.8406,1,84.7414,1,15261,22638,3.4962,3.5260,-0.0298,0
2023-12-28,86.02,87.06,85.83,86.18,86.03,82.22,74.33,,,80.8406,1,85.4094,1,12071,22521,3.4021,3.5012,-0.0991,0
2023-12-29,85.85,86.66,85.19,85.55,85.59,82.73,74.78,,,80.8406,1,90.5212,0,9562,22442,3.2394,3.4489,-0.2094,0
2024-01-02,85.59,86.22,84.03,85.00,85.42,83.12,75.26,,,80.8406,1,90.4145,0,21695,22483,3.0310,3.3653,-0.3343,0
2024-01-03,83.65,83.65,82.03,82.32,85.11,83.32,75.68,,,80.8406,1,90.1593,0,24693,22683,2.6192,3.2161,-0.5968,0
2024-01-04,82.54,82.86,81.80,81.96,84.73,83.54,76.09,,,80.8406,1,89.6716,0,12047,22662,2.2382,3.0205,-0.7823,0
2024-01-05,81.29,82.71,81.10,81.62,84.49,83.75,76.50,,,80.8406,1,89.0417,0,14392,22755,1.8872,2.7938,-0.9067,0
2024-01-08,82.23,84.57,82.19,84.57,84.49,84.08,76.98,,,80.8406,1,88.2476,0,28537,23043,1.8254,2.6001,-0.7748,0
2024-01-09,83.17,83.73,82.86,83.53,84.29,84.37,77.41,,,80.8406,1,87.5330,0,20371,23116,1.6735,2.4148,-0.7413,0
2024-01-10,83.20,84.64,83.15,84.62,84.17,84.67,77.76,,,80.8406,1,86.8898,0,18214,22569,1.6220,2.2563,-0.6343,0
2024-01-11,83.88,84.09,82.44,83.84,83.92,84.86,78.12,,,80.8406,1,86.3109,0,19857,22321,1.5014,2.1053,-0.6039,0
2024-01-12,84.72,85.13,82.62,83.51,83.65,84.84,78.50,,,80.8406,1,85.7900,0,24912,22404,1.3635,1.9569,-0.5934,0
2024-01-16,82.08,82.29,80.68,81.00,83.20,84.39,78.79,,,80.8406,1,85.3211,0,21495,22274,1.0399,1.7735,-0.7336,0
2024-01-17,79.81,81.34,79.56,80.66,82.76,84.09,79.02,,,86.5675,0,85.1286,0,13846,21852,0.7467,1.5682,-0.8215,0
2024-01-18,81.30,81.30,79.32,80.87,82.62,83.86,79.24,,,86.4110,0,84.3493,0,14793,21668,0.5255,1.3596,-0.8341,0
2024-01-19,81.27,82.90,79.75,82.87,82.71,83.72,79.51,,,86.4110,0,83.5445,0,14150,21609,0.5060,1.1889,-0.6829,0
2024-01-22,83.26,84.52,82.88,84.29,82.98,83.73,79.82,,,86.4110,0,79.3198,1,14199,21709,0.5978,1.0707,-0.4729,0
2024-01-23,84.73,84.82,83.52,83.90,82.91,83.70,80.10,,,86.4110,0,79.4238,1,12566,21639,0.6320,0.9829,-0.3510,0
2024-01-24,85.20,85.51,82.94,83.22,82.88,83.59,80.39,,,86.4110,0,79.6396,1,11467,20771,0.5975,0.9058,-0.3084,0
2024-01-25,84.55,84.99,83.91,84.84,82.90,83.53,80.69,,,86.4110,0,79.9916,1,30083,20955,0.6926,0.8632,-0.1706,0
2024-01-26,85.43,86.26,84.71,84.84,83.00,83.46,81.01,,,86.4110,0,80.3224,1,12373,20965,0.7593,0.8424,-0.0831,0
2024-01-29,84.69,87.67,84.60,86.42,83.29,83.47,81.25,,,79.8348,1,80.7975,1,22342,20714,0.9288,0.8597,0.0691,0
2024-01-30,86.24,87.30,86.05,86.42,83.83,83.51,81.49,,,80.6276,1,81.4853,1,16718,20523,1.0509,0.8979,0.1530,0
2024-01-31,86.19,86.82,84.33,84.44,84.21,83.49,81.72,,,80.6276,1,82.1042,1,15403,20508,0.9771,0.9138,0.0634,0
2024-02-01,84.43,86.37,83.32,86.18,84.74,83.68,81.98,,,80.6276,1,82.6613,1,28388,20664,1.0472,0.9405,0.1067,0
2024-02-02,85.60,91.76,84.00,90.27,85.48,84.10,82.27,,,80.6276,1,83.1626,1,51077,21183,1.4161,1.0356,0.3805,0
2024-02-05,89.11,89.11,85.99,86.81,85.73,84.35,82.50,,,80.6276,1,83.3182,1,21512,21337,1.4132,1.1111,0.3021,0
2024-02-06,86.54,87.30,85.94,86.87,86.03,84.47,82.72,,,80.6276,1,83.9959,1,26093,21502,1.3995,1.1688,0.2307,0
2024-02-07,87.48,87.48,86.09,86.52,86.36,84.62,82.95,,,80.6276,1,84.9276,1,13075,21637,1.3450,1.2040,0.1410,0
2024-02-08,86.48,88.07,86.20,87.39,86.62,84.76,83.21,,,80.6276,1,85.7476,1,24382,21857,1.3565,1.2345,0.1220,0
2024-02-09,87.45,88.79,87.01,88.30,86.96,84.98,83.46,,,80.6276,1,86.0871,1,18434,22002,1.4226,1.2721,0.1505,0
2024-02-12,88.58,90.54,88.18,89.35,87.26,85.27,83.73,,,82.0459,1,86.2032,1,23538,22139,1.5418,1.3261,0.2158,0
2024-02-13,85.59,86.85,82.51,83.18,86.93,85.38,83.89,,,82.0459,1,91.7604,0,37155,22473,1.1254,1.2859,-0.1606,0
2024-02-14,84.51,85.89,83.57,85.76,87.07,85.64,84.06,,,82.0459,1,91.5754,0,19446,22490,0.9922,1.2272,-0.2350,0
2024-02-15,85.87,88.67,85.65,88.16,87.26,86.00,84.25,,,82.0459,1,91.3941,0,21797,22650,1.0677,1.1953,-0.1276,0
2024-02-16,87.09,87.88,85.80,85.83,86.82,86.15,84.42,,,82.0459,1,91.2165,0,15091,22508,0.9289,1.1420,-0.2131,0
2024-02-20,84.36,85.25,84.18,84.47,86.58,86.16,84.56,,,82.0459,1,91.0424,0,20546,22209,0.7012,1.0539,-0.3526,0
2024-02-21,83.64,84.81,83.64,84.46,86.34,86.19,84.69,,,82.0459,1,90.8718,0,16165,22274,0.5141,0.9459,-0.4318,0
2024-02-22,84.45,85.82,84.01,84.19,86.11,86.24,84.82,,,82.0459,1,90.7046,0,16660,21880,0.3399,0.8247,-0.4848,0
2024-02-23,84.19,85.54,83.81,84.47,85.82,86.22,84.94,,,82.0459,1,90.5407,0,19745,21882,0.2221,0.7042,-0.4821,0
2024-02-26,83.97,84.71,82.41,83.32,85.32,86.14,85.00,,,82.0459,1,90.3801,0,24275,21861,0.0351,0.5704,-0.5353,0
2024-02-27,83.68,83.82,82.17,83.01,84.69,85.97,84.98,,,82.0459,1,90.0615,0,19753,21259,-0.1366,0.4290,-0.5656,0
2024-02-28,82.28,83.60,81.11,81.38,84.50,85.72,84.81,,,89.3651,0,89.5881,0,18250,20565,-0.3996,0.2633,-0.6628,0
2024-02-29,82.47,83.04,81.34,82.40,84.17,85.62,84.73,,,89.0039,0,88.9102,0,22634,19675,-0.5190,0.1068,-0.6258,0
2024-03-01,82.11,82.97,81.16,82.86,83.64,85.45,84.67,,,88.7423,0,88.2866,0,20761,19551,-0.5703,-0.0286,-0.5417,0
2024-03-04,82.63,83.05,81.71,82.21,83.28,85.05,84.60,,,88.7423,0,87.7128,0,15506,19490,-0.6558,-0.1541,-0.5018,0
2024-03-05,82.02,84.83,81.75,83.48,83.18,84.88,84.59,,,88.7423,0,87.1849,0,23833,19596,-0.6140,-0.2460,-0.3679,0
2024-03-06,83.95,85.02,82.90,83.40,83.07,84.71,84.57,,,88.7423,0,86.6993,0,16427,19625,-0.5804,-0.3129,-0.2675,0
2024-03-07,84.42,86.11,84.05,85.71,83.22,84.67,84.57,74.91,,88.7423,0,86.2525,0,31776,19971,-0.3632,-0.3230,-0.0403,0
2024-03-08,86.23,87.74,84.05,84.30,83.21,84.51,84.54,75.00,,88.7423,0,81.1144,1,26950,20286,-0.3020,-0.3188,0.0168,0
2024-03-11,83.56,84.04,82.85,83.48,83.22,84.27,84.49,75.07,,88.7423,0,81.2470,1,18714,20355,-0.3155,-0.3181,0.0026,0
2024-03-12,83.11,83.49,82.58,83.27,83.25,83.97,84.43,75.13,,88.7423,0,81.3769,1,11371,20341,-0.3396,-0.3224,-0.0172,0
2024-03-13,83.06,84.56,83.06,84.17,83.53,84.02,84.40,75.21,,88.7423,0,81.5042,1,9083,20332,-0.2826,-0.3145,0.0318,0
2024-03-14,84.00,84.29,82.24,82.52,83.54,83.85,84.35,75.27,,88.7423,0,81.6289,1,19213,20282,-0.3663,-0.3248,-0.0415,0
2024-03-15,82.03,83.74,82.03,82.12,83.47,83.55,84.35,75.34,,88.7423,0,81.7511,1,33974,20468,-0.4595,-0.3518,-0.1077,0
2024-03-18,82.34,82.99,81.32,82.53,83.50,83.39,84.36,75.42,,88.2204,0,87.7414,0,35887,20945,-0.4947,-0.3803,-0.1143,0
2024-03-19,82.16,85.08,82.16,84.54,83.61,83.39,84.42,75.51,,88.2204,0,87.6129,0,21260,21082,-0.3564,-0.3756,0.0191,0
2024-03-20,84.39,86.99,84.14,86.79,83.94,83.51,84.46,75.62,,88.2204,0,87.4870,0,24903,21009,-0.0645,-0.3133,0.2489,0
2024-03-21,87.32,90.78,86.97,89.16,84.29,83.76,84.57,75.76,,81.7770,1,81.3182,1,23496,21072,0.3538,-0.1799,0.5338,0
2024-03-22,89.06,89.83,87.44,87.45,84.60,83.91,84.63,75.89,,81.7770,1,81.5074,1,14700,21002,0.5413,-0.0357,0.5770,0
2024-03-25,86.78,88.05,86.78,87.62,85.02,84.12,84.70,76.03,,81.7770,1,81.6928,1,13256,20870,0.6952,0.1105,0.5847,0
2024-03-26,88.41,88.41,86.03,86.31,85.32,84.29,84.76,76.16,,81.7770,1,81.8745,1,15202,20675,0.7034,0.2291,0.4743,0
2024-03-27,86.64,89.04,86.64,88.98,85.80,84.67,84.92,76.32,,81.7770,1,82.0526,1,15040,20546,0.9154,0.3663,0.5490,0
2024-03-28,89.26,90.29,88.25,88.38,86.39,84.96,85.07,76.46,,82.3989,1,82.2271,1,36254,20994,1.0230,0.4977,0.5254,0
2024-04-01,88.17,88.21,86.59,87.06,86.88,85.17,85.20,76.60,,82.3989,1,82.3981,1,16582,21030,0.9905,0.5962,0.3942,0
2024-04-02,85.48,86.07,84.95,85.52,87.18,85.34,85.25,76.73,,82.3989,1,82.5657,1,20175,21151,0.8306,0.6431,0.1875,0
2024-04-03,84.89,87.48,84.89,85.72,87.30,85.45,85.28,76.85,,82.3989,1,82.7300,1,19172,21250,0.7121,0.6569,0.0552,0
2024-04-04,86.92,87.15,84.82,85.31,87.15,85.55,85.31,76.97,,82.3989,1,82.8910,1,14067,21280,0.5779,0.6411,-0.0632,0
2024-04-05,85.36,87.07,85.33,86.46,86.88,85.58,85.37,77.10,,82.3989,1,83.0487,1,29504,21641,0.5583,0.6246,-0.0663,0
2024-04-08,86.87,87.55,86.03,87.36,86.87,85.74,85.42,77.22,,82.3989,1,83.2033,1,17144,21382,0.6085,0.6214,-0.0128,0
2024-04-09,89.74,89.74,86.91,88.38,86.95,85.98,85.49,77.34,,82.3989,1,83.3548,1,19776,21530,0.7222,0.6415,0.0807,0
2024-04-10,85.27,86.29,84.04,85.00,86.82,86.07,85.47,77.45,,82.3989,1,83.5033,1,23582,21555,0.5330,0.6198,-0.0869,0
2024-04-11,85.37,86.80,84.75,86.56,86.58,86.19,85.47,77.57,,82.3989,1,83.6488,1,18921,21599,0.5032,0.5965,-0.0933,0
2024-04-12,85.38,85.99,84.58,85.32,86.27,86.33,85.49,77.69,,82.3989,1,83.7914,1,15467,21600,0.3751,0.5522,-0.1771,0
2024-04-15,85.37,86.26,83.85,84.52,86.01,86.45,85.45,77.81,,82.3989,1,90.7783,0,18711,21407,0.2070,0.4832,-0.2762,0
2024-04-16,84.01,84.50,83.07,83.61,85.82,86.50,85.32,77.91,,82.3989,1,90.6398,0,14209,20669,0.0001,0.3866,-0.3864,0
2024-04-17,84.40,84.76,83.76,83.78,85.63,86.46,85.26,78.02,,82.3989,1,90.3371,0,9723,20434,-0.1480,0.2797,-0.4276,0
2024-04-18,84.45,85.78,84.08,84.41,85.54,86.35,85.21,78.14,,82.3989,1,90.0466,0,12006,20152,-0.2120,0.1813,-0.3933,0
2024-04-19,84.13,85.94,84.08,85.34,85.43,86.15,85.19,78.26,,82.3989,1,89.7677,0,15402,20198,-0.1855,0.1080,-0.2934,0
2024-04-22,85.57,87.92,85.04,87.77,85.47,86.17,85.19,78.41,,82.3989,1,89.5000,0,17043,20052,0.0309,0.0925,-0.0616,0
2024-04-23,87.83,90.25,87.62,90.02,85.63,86.29,85.23,78.57,,82.3989,1,83.0744,1,13713,19957,0.3797,0.1500,0.2297,0
2024-04-24,89.11,90.06,87.58,89.33,86.07,86.44,85.23,78.72,,82.3989,1,83.2180,1,35106,20189,0.5936,0.2387,0.3549,0
2024-04-25,82.78,84.49,80.56,83.64,85.77,86.17,85.24,78.84,,82.3989,1,90.2544,0,93518,21316,0.3002,0.2510,0.0492,0
2024-04-26,83.44,84.74,82.83,84.41,85.68,85.98,85.21,78.97,,82.3989,1,90.0605,0,42447,21776,0.1288,0.2266,-0.0978,0
2024-04-29,84.91,84.97,83.33,84.80,85.71,85.86,85.14,79.10,,82.3989,1,89.8705,0,23895,21818,0.0239,0.1860,-0.1621,0
2024-04-30,84.34,84.77,82.99,83.09,85.66,85.74,85.09,79.23,,82.3989,1,89.6843,0,21299,21942,-0.1947,0.1099,-0.3046,0
2024-05-01,83.24,85.34,82.40,83.65,85.65,85.64,85.07,79.36,,82.3989,1,89.5019,0,22337,21978,-0.3196,0.0240,-0.3436,0
2024-05-02,84.57,85.34,83.63,85.31,85.74,85.64,85.09,79.51,,82.3989,1,89.3231,0,16195,21978,-0.2815,-0.0371,-0.2444,0
2024-05-03,87.71,88.56,87.02,88.14,86.02,85.72,85.17,79.67,,82.3989,1,89.1478,0,25690,22159,-0.0224,-0.0342,0.0117,0
2024-05-06,89.41,91.42,89.01,90.13,86.25,85.86,85.28,79.84,,82.3989,1,80.5614,1,24346,22251,0.3395,0.0406,0.2989,0
2024-05-07,89.76,90.77,89.16,89.36,86.19,85.91,85.40,80.01,,82.3989,1,80.7785,1,24793,22261,0.5580,0.1440,0.4140,0
2024-05-08,88.66,89.40,88.23,89.03,86.16,86.11,85.52,80.19,,82.3989,1,80.9913,1,11773,22102,0.6965,0.2545,0.4420,0
2024-05-09,89.39,91.52,89.39,90.91,86.88,86.33,85.71,80.38,,83.1361,1,81.1999,1,18450,22106,0.9473,0.3931,0.5542,0
2024-05-10,91.28,91.28,88.57,90.54,87.50,86.59,85.88,80.56,,83.1361,1,81.6125,1,19446,22042,1.1028,0.5350,0.5677,0
2024-05-13,91.28,91.28,87.51,87.94,87.81,86.76,85.98,80.71,,83.1361,1,82.0086,1,25848,22144,1.0049,0.6290,0.3759,0
2024-05-14,88.80,89.30,87.55,88.83,88.38,87.02,86.11,80.87,,83.1361,1,82.3889,1,20492,22243,0.9882,0.7008,0.2873,0
2024-05-15,89.46,91.32,88.98,91.28,89.15,87.40,86.27,81.04,,83.1361,1,82.7540,1,19114,22149,1.1592,0.7925,0.3667,0
2024-05-16,91.10,91.53,90.41,90.70,89.69,87.71,86.41,81.20,,83.8550,1,83.1044,1,12005,22061,1.2335,0.8807,0.3528,0
2024-05-17,90.96,91.37,90.05,90.79,89.95,87.98,86.51,81.38,77.81,83.9119,1,83.6098,1,12689,21679,1.2846,0.9615,0.3231,0
2024-05-20,90.84,92.13,90.65,91.43,90.08,88.17,86.66,81.56,77.91,84.8291,1,84.0849,1,15929,21458,1.3613,1.0415,0.3198,0
2024-05-21,91.19,92.18,90.83,91.32,90.28,88.23,86.81,81.74,78.01,85.1917,1,84.7285,1,12839,21341,1.3972,1.1126,0.2846,0
2024-05-22,91.37,91.44,88.02,88.56,90.23,88.19,86.92,81.89,78.08,85.1917,1,85.4736,1,22588,21565,1.1892,1.1279,0.0613,0
2024-05-23,88.88,89.19,87.35,87.61,89.90,88.39,86.99,82.06,78.15,85.1917,1,86.1441,1,20128,21786,0.9367,1.0897,-0.1530,0
2024-05-24,88.33,89.30,87.96,88.77,89.72,88.61,87.11,82.24,78.23,85.1917,1,86.7476,1,16250,21727,0.8204,1.0358,-0.2154,0
2024-05-28,89.00,89.49,87.67,88.34,89.76,88.79,87.24,82.42,78.32,85.1917,1,87.2908,1,18452,21416,0.6859,0.9658,-0.2800,0
2024-05-29,86.84,87.37,85.98,86.69,89.55,88.97,87.32,82.59,78.39,85.1917,1,92.1790,0,20444,21108,0.4416,0.8610,-0.4194,0
2024-05-30,87.65,88.72,87.39,88.03,89.22,89.19,87.39,82.77,78.48,85.1917,1,92.0549,0,13100,20944,0.3514,0.7591,-0.4077,0
2024-05-31,88.34,88.34,86.95,88.14,88.97,89.33,87.42,82.95,78.57,85.1917,1,91.9334,0,16625,20779,0.2860,0.6644,-0.3784,0
2024-06-03,89.30,89.30,87.40,88.39,88.73,89.34,87.40,83.13,78.67,85.1917,1,91.8142,0,15417,20617,0.2509,0.5817,-0.3308,0
2024-06-04,87.71,88.62,87.65,88.04,88.39,89.24,87.41,83.27,78.77,85.1917,1,91.6974,0,13934,20602,0.1927,0.5039,-0.3112,0
2024-06-05,88.52,89.73,87.79,89.70,88.23,89.25,87.45,83.43,78.88,85.1917,1,91.5830,0,10507,20547,0.2775,0.4586,-0.1812,0
2024-06-06,89.43,89.52,87.68,88.07,88.18,89.20,87.49,83.58,78.99,85.1917,1,91.4708,0,9763,20438,0.2104,0.4090,-0.1986,0
2024-06-07,86.92,87.49,86.12,86.87,88.10,89.00,87.45,83.72,79.10,85.1917,1,91.3609,0,13651,20410,0.0601,0.3392,-0.2791,0
2024-06-10,85.93,86.99,85.55,86.54,87.88,88.80,87.41,83.84,79.20,85.1917,1,91.2532,0,11365,19913,-0.0847,0.2544,-0.3392,0
2024-06-11,85.95,86.46,85.29,86.00,87.65,88.71,87.39,83.94,79.30,85.1917,1,91.0250,0,14249,19866,-0.2399,0.1556,-0.3955,0
2024-06-12,89.32,91.94,89.13,90.21,88.00,88.77,87.48,84.08,79.42,85.1917,1,85.2948,1,26572,19994,-0.0229,0.1199,-0.1427,0
2024-06-13,90.15,90.61,88.90,90.17,88.21,88.72,87.57,84.22,79.53,85.1917,1,85.2948,1,17804,19967,0.1436,0.1246,0.0189,0
2024-06-14,88.73,89.86,88.49,88.91,88.29,88.63,87.64,84.35,79.64,85.1917,1,85.4276,1,11732,19920,0.1722,0.1341,0.0381,0
2024-06-17,88.38,89.62,88.25,89.58,88.41,88.57,87.71,84.49,79.75,85.1917,1,85.5578,1,9729,19524,0.2463,0.1566,0.0897,0
2024-06-18,89.86,90.88,89.68,90.12,88.62,88.50,87.76,84.63,79.85,85.1917,1,85.6853,1,16080,19503,0.3441,0.1941,0.1500,0
2024-06-20,89.44,90.14,88.56,89.34,88.58,88.40,87.78,84.76,79.95,85.1917,1,85.8103,1,10768,19323,0.3548,0.2262,0.1286,0
2024-06-21,89.33,90.20,88.34,89.79,88.75,88.47,87.88,84.86,80.05,85.1917,1,85.9328,1,29456,19440,0.3948,0.2599,0.1349,0
2024-06-24,90.44,91.37,89.55,90.69,89.14,88.62,87.96,84.97,80.17,85.1917,1,86.0529,1,19465,19451,0.4938,0.3067,0.1871,0
2024-06-25,90.82,91.20,90.03,90.30,89.51,88.70,88.06,85.09,80.28,85.1917,1,86.1706,1,16094,19464,0.5347,0.3523,0.1824,0
2024-06-26,89.43,90.04,88.81,89.29,89.84,88.74,88.15,85.20,80.39,85.1917,1,86.2859,1,10276,19295,0.4800,0.3779,0.1021,0
2024-06-27,89.67,90.25,89.16,90.11,89.83,88.91,88.28,85.29,80.50,85.1917,1,86.3989,1,10935,19230,0.4968,0.4017,0.0952,0.00
2024-06-28,91.21,92.28,90.30,91.98,90.01,89.11,88.45,85.40,80.62,85.9484,1,86.5096,1,131920,21674,0.6540,0.4521,0.2019,0.00
2024-07-01,91.98,92.55,88.97,89.75,90.10,89.19,88.56,85.49,80.74,85.9484,1,86.7403,1,21829,21870,0.5914,0.4800,0.1114,0.00
2024-07-02,90.04,90.72,89.85,90.38,90.17,89.29,88.66,85.60,80.86,85.9484,1,87.0888,1,15411,21870,0.5859,0.5012,0.0848,0.00
2024-07-03,90.67,91.94,89.99,91.33,90.30,89.46,88.73,85.71,80.99,85.9484,1,87.4164,1,6566,21661,0.6510,0.5311,0.1199,0.00
2024-07-05,90.87,91.51,89.55,89.95,90.36,89.47,88.73,85.81,81.11,85.9484,1,87.7243,1,12036,21627,0.5844,0.5418,0.0426,0.00
2024-07-08,90.76,91.10,89.23,89.35,90.31,89.53,88.73,85.89,81.22,85.9484,1,88.0137,1,14473,21214,0.4775,0.5289,-0.0514,0.00
2024-07-09,88.87,90.00,87.76,88.46,90.09,89.61,88.82,85.98,81.33,85.9484,1,92.5485,0,20352,19751,0.3177,0.4867,-0.1690,0.00
2024-07-10,89.73,90.15,88.53,90.10,90.07,89.79,88.94,86.07,81.46,85.9484,1,92.4528,0,14251,19187,0.3192,0.4532,-0.1340,0.00
2024-07-11,92.47,96.14,91.48,95.74,90.72,90.28,89.16,86.18,81.62,86.8935,1,87.7645,1,30582,19321,0.7667,0.5159,0.2508,0.00
2024-07-12,96.24,98.14,95.88,97.35,91.44,90.63,89.44,86.32,81.78,90.0683,1,87.9320,1,29786,19491,1.2372,0.6602,0.5771,0.00
2024-07-15,97.99,99.73,97.66,97.97,92.04,91.03,89.73,86.45,81.95,91.7350,1,88.3403,1,45171,19947,1.6415,0.8564,0.7850,0.00
2024-07-16,99.44,100.85,98.45,100.41,93.10,91.60,90.03,86.60,82.14,92.5208,1,89.0239,1,48068,20585,2.1334,1.1118,1.0216,0.00
2024-07-17,99.37,101.95,99.31,99.65,94.03,92.10,90.26,86.75,82.31,93.4177,1,89.9702,1,56149,21194,2.4340,1.3762,1.0577,0.00
2024-07-18,99.22,103.01,98.36,98.99,94.80,92.55,90.44,86.88,82.49,93.4177,1,91.1683,1,36170,21430,2.5890,1.6188,0.9702,0.00
2024-07-19,98.81,99.53,98.16,98.30,95.63,92.99,90.61,87.01,82.66,93.4177,1,92.5894,1,19804,21331,2.6258,1.8202,0.8056,70.13
2024-07-22,97.23,97.98,94.89,96.48,96.34,93.33,90.76,87.09,82.84,93.4177,1,93.8400,1,49064,22077,2.4798,1.9521,0.5277,64.02
2024-07-23,96.72,98.45,96.41,97.62,97.26,93.68,90.90,87.14,83.01,93.4177,1,94.8919,1,56435,22836,2.4286,2.0474,0.3812,64.87
2024-07-24,96.59,99.18,93.36,93.90,97.64,93.86,90.97,87.19,83.16,93.4177,1,103.0110,0,44615,23340,2.0637,2.0507,0.0131,65.18
2024-07-25,94.62,99.09,94.03,96.55,97.72,94.22,91.14,87.26,83.32,93.4177,1,102.8179,0,39432,23611,1.9661,2.0338,-0.0676,68.49
2024-07-26,98.44,98.91,96.60,97.15,97.70,94.57,91.30,87.34,83.48,93.4177,1,102.6287,0,25717,23716,1.9145,2.0099,-0.0954,67.51
2024-07-29,97.55,97.65,96.16,96.34,97.54,94.79,91.41,87.42,83.63,93.4177,1,102.4432,0,20361,23741,1.7879,1.9655,-0.1776,65.88
2024-07-30,96.84,97.80,94.80,95.67,97.06,95.08,91.50,87.49,83.78,93.4177,1,102.2614,0,17199,23845,1.6148,1.8954,-0.2805,64.78
2024-07-31,96.43,97.80,95.25,95.41,96.64,95.34,91.60,87.56,83.93,93.4177,1,102.0833,0,20252,23996,1.4399,1.8043,-0.3644,61.64
2024-08-01,95.24,95.45,92.23,92.68,96.01,95.40,91.62,87.61,84.08,102.4980,0,101.9088,0,33047,24338,1.0692,1.6573,-0.5880,58.34
2024-08-02,90.15,96.30,89.93,95.28,95.71,95.67,91.70,87.67,84.23,102.4980,0,101.5215,0,70318,25488,0.9737,1.5206,-0.5468,69.29
2024-08-05,90.99,94.11,89.50,92.48,95.31,95.83,91.78,87.71,84.36,102.2754,0,100.8262,0,47545,25987,0.6644,1.3493,-0.6849,70.80
2024-08-06,92.26,93.99,91.61,92.46,94.79,96.03,91.88,87.75,84.51,102.2754,0,99.9197,0,24562,26076,0.4130,1.1621,-0.7491,67.27
2024-08-07,93.76,94.05,90.61,91.11,94.51,96.08,91.92,87.80,84.66,102.2754,0,99.0858,0,20792,26166,0.1034,0.9503,-0.8469,67.97
2024-08-08,92.33,94.11,91.79,93.15,94.17,95.95,92.02,87.87,84.82,102.2754,0,98.3185,0,29727,26392,0.0226,0.7648,-0.7422,67.69
2024-08-09,93.27,94.75,92.86,94.40,93.90,95.80,92.17,87.95,84.98,102.2754,0,97.6127,0,14426,26272,0.0584,0.6235,-0.5652,72.39
2024-08-12,94.58,94.73,92.32,92.87,93.55,95.54,92.27,88.03,85.14,102.2754,0,96.9633,0,18223,26374,-0.0361,0.4916,-0.5277,69.36
2024-08-13,93.97,95.67,93.09,95.45,93.53,95.30,92.42,88.10,85.32,102.2754,0,96.3659,0,24602,26534,0.0965,0.4126,-0.3161,71.46
2024-08-14,96.22,97.11,94.85,97.07,93.70,95.17,92.59,88.19,85.49,102.2754,0,89.4953,1,21566,26657,0.3285,0.3958,-0.0673,75.34
2024-08-15,98.45,98.45,95.49,95.63,93.99,95.00,92.74,88.26,85.64,102.2754,0,89.6477,1,24745,26873,0.3913,0.3949,-0.0036,69.79
2024-08-16,95.70,97.32,95.18,95.35,94.00,94.85,92.86,88.34,85.78,102.2754,0,89.9997,1,18700,27037,0.4135,0.3986,0.0149,66.03
2024-08-19,95.81,97.08,95.03,96.64,94.41,94.86,93.03,88.43,85.94,102.2754,0,90.3377,1,16081,27163,0.5297,0.4248,0.1049,66.92
2024-08-20,96.75,96.75,95.32,96.23,94.79,94.79,93.21,88.53,86.09,102.2754,0,90.6621,1,13151,27153,0.5820,0.4562,0.1257,70.33
2024-08-21,96.40,97.61,95.59,97.01,95.38,94.95,93.42,88.64,86.23,102.2754,0,90.9736,1,21633,27358,0.6786,0.5007,0.1779,71.42
2024-08-22,96.90,98.14,96.57,97.06,95.77,94.97,93.64,88.74,86.37,102.2754,0,91.2726,1,16230,27398,0.7504,0.5506,0.1998,71.65
2024-08-23,97.80,99.98,97.66,99.87,96.32,95.11,93.84,88.86,86.52,102.2754,0,91.5596,1,21502,27297,1.0222,0.6450,0.3773,72.24
2024-08-26,100.55,101.05,99.82,100.51,97.08,95.32,94.04,88.97,86.68,102.2754,0,92.0649,1,30067,27542,1.2741,0.7708,0.5033,72.93
2024-08-27,99.91,100.91,99.39,100.60,97.60,95.56,94.28,89.08,86.83,102.2754,0,92.7839,1,24259,27792,1.4647,0.9096,0.5552,74.02
2024-08-28,100.26,101.02,99.98,100.41,97.93,95.81,94.50,89.19,86.99,102.2754,0,93.4455,1,17778,27953,1.5818,1.0440,0.5378,75.54
2024-08-29,100.90,103.06,100.90,102.66,98.64,96.31,94.75,89.31,87.16,95.2327,1,94.0541,1,32617,28284,1.8353,1.2023,0.6330,77.61
2024-08-30,102.55,105.70,101.63,105.34,99.64,96.82,95.07,89.45,87.34,96.3697,1,94.9549,1,40662,28882,2.2269,1.4072,0.8197,80.40
2024-09-03,105.04,105.75,102.90,103.36,100.31,97.36,95.34,89.56,87.48,96.9049,1,96.2439,1,28887,28871,2.3504,1.5959,0.7546,80.13
2024-09-04,103.34,105.62,103.26,104.73,101.16,97.97,95.62,89.68,87.63,97.0510,1,97.5754,1,21538,28912,2.5293,1.7826,0.7468,82.62
2024-09-05,105.71,106.65,104.45,105.48,102.00,98.69,95.92,89.82,87.80,98.2403,1,98.7205,1,32529,29241,2.7006,1.9662,0.7344,82.58
2024-09-06,105.38,106.46,103.71,104.01,102.70,99.24,96.22,89.94,87.95,98.2403,1,99.9895,1,29313,29621,2.6865,2.1102,0.5763,84.64
2024-09-09,103.61,105.82,102.70,104.78,103.19,99.75,96.51,90.04,88.10,98.2403,1,101.0555,1,46094,30325,2.7063,2.2295,0.4769,85.10
2024-09-10,104.89,106.35,103.93,104.88,103.63,100.36,96.77,90.16,88.24,98.2403,1,101.9509,1,27633,28239,2.6988,2.3233,0.3755,83.71
2024-09-11,103.82,104.95,101.64,104.64,104.03,100.81,97.07,90.28,88.39,98.2403,1,106.6520,0,27206,28346,2.6435,2.3874,0.2561,82.31
2024-09-12,105.44,108.69,105.03,108.43,104.83,101.38,97.43,90.42,88.56,98.6239,1,101.6384,1,37016,28779,2.8719,2.4843,0.3876,85.15
2024-09-13,109.62,112.81,109.34,112.41,105.81,102.22,97.85,90.59,88.74,102.3476,1,101.6384,1,48908,29625,3.3356,2.6545,0.6811,86.50
2024-09-16,113.15,114.78,112.95,113.71,106.64,103.14,98.32,90.76,88.94,105.2990,1,102.0851,1,46912,30323,3.7652,2.8767,0.8885,87.20
2024-09-17,113.99,114.76,113.27,113.69,107.68,103.99,98.81,90.92,89.12,105.8542,1,102.8466,1,26599,30565,4.0573,3.1128,0.9445,86.86
2024-09-18,113.40,116.20,112.04,113.31,108.53,104.85,99.31,91.12,89.31,105.8542,1,103.5625,1,39091,30940,4.2095,3.3321,0.8774,86.74
2024-09-19,115.20,115.20,110.86,110.86,109.07,105.54,99.72,91.29,89.48,105.8542,1,104.5736,1,42062,31496,4.0847,3.4826,0.6021,81.29
2024-09-20,110.91,112.36,108.81,109.05,109.58,106.14,99.99,91.43,89.64,105.8542,1,105.5038,1,73564,32356,3.7965,3.5454,0.2511,79.90
2024-09-23,109.48,110.59,109.12,109.65,110.06,106.63,100.23,91.59,89.80,105.8542,1,106.3596,1,28237,32325,3.5749,3.5513,0.0236,81.75
2024-09-24,109.33,110.04,108.12,108.95,110.47,107.05,100.45,91.75,89.95,105.8542,1,107.1469,1,25456,31931,3.3052,3.5021,-0.1969,80.82
2024-09-25,108.86,111.67,108.04,110.14,111.02,107.53,100.65,91.92,90.11,105.8542,1,107.8713,1,29167,31553,3.1512,3.4319,-0.2807,82.33
2024-09-26,110.24,110.90,109.47,109.49,111.13,107.98,100.85,92.09,90.27,105.8542,1,108.0371,1,30240,31035,2.9425,3.3340,-0.3915,80.65
2024-09-27,110.18,112.51,109.59,111.00,110.99,108.40,101.09,92.27,90.43,105.8542,1,108.0371,1,29224,30896,2.8661,3.2405,-0.3743,82.54
2024-09-30,109.96,112.24,109.84,111.17,110.73,108.69,101.34,92.45,90.59,105.8542,1,108.6902,1,26202,31024,2.7868,3.1497,-0.3629,81.26
2024-10-01,111.68,111.68,108.81,109.38,110.30,108.99,101.60,92.63,90.72,105.8542,1,116.2013,0,30536,30653,2.5505,3.0299,-0.4794,80.92
2024-10-02,108.35,109.11,107.41,108.58,109.83,109.18,101.82,92.81,90.81,105.8542,1,116.0535,0,20327,29931,2.2725,2.8784,-0.6059,81.11
2024-10-03,107.55,108.37,106.47,107.69,109.51,109.29,102.10,92.98,90.92,105.8542,1,115.7078,0,18912,29417,1.9572,2.6942,-0.7370,81.61
2024-10-04,109.08,109.08,103.82,104.04,109.01,109.29,102.25,93.12,91.01,115.0961,0,115.1534,0,46290,29554,1.3969,2.4347,-1.0378,74.65
2024-10-07,103.46,104.04,102.63,103.50,108.40,109.23,102.37,93.26,91.10,111.5366,0,114.2470,0,28034,29600,0.8991,2.1276,-1.2285,72.30
2024-10-08,105.05,105.42,104.05,104.34,107.93,109.20,102.53,93.40,91.20,111.5366,0,113.0856,0,32005,29833,0.5659,1.8153,-1.2494,72.30
2024-10-09,104.75,105.65,103.59,103.66,107.29,109.15,102.69,93.54,91.29,111.5366,0,112.0404,0,27099,30031,0.2438,1.5010,-1.2571,70.95
2024-10-10,102.77,103.76,102.41,103.57,106.69,108.91,102.86,93.66,91.38,110.4870,0,111.0997,0,29284,30212,-0.0183,1.1971,-1.2154,71.26
2024-10-11,103.79,104.93,102.55,103.66,105.96,108.47,103.08,93.78,91.47,110.4870,0,110.0568,0,29926,30150,-0.2164,0.9144,-1.1308,67.97
2024-10-14,103.69,105.54,103.35,105.50,105.39,108.06,103.28,93.93,91.57,110.4870,0,109.1390,0,21286,29169,-0.2221,0.6871,-0.9092,64.03
2024-10-15,105.76,107.46,105.37,106.27,105.08,107.69,103.56,94.08,91.67,110.4870,0,108.3314,0,18489,28588,-0.1626,0.5172,-0.6797,66.31
2024-10-16,106.91,108.50,106.72,108.16,105.04,107.43,103.87,94.24,91.78,110.4870,0,102.4090,1,16035,28417,0.0369,0.4211,-0.3842,69.98
2024-10-17,107.99,108.45,107.00,108.05,105.07,107.29,104.21,94.41,91.90,110.4870,0,102.5307,1,16549,28332,0.1834,0.3736,-0.1902,70.87
2024-10-18,108.35,108.35,106.20,106.63,105.33,107.17,104.48,94.58,92.02,110.4870,0,102.6500,1,26259,28263,0.1833,0.3355,-0.1523,68.82
2024-10-21,106.48,106.48,102.17,102.36,105.22,106.81,104.64,94.71,92.12,110.4870,0,108.4955,0,38230,28739,-0.1597,0.2365,-0.3962,62.76
2024-10-22,101.98,102.12,100.87,101.09,104.90,106.41,104.80,94.82,92.22,108.6697,0,108.3689,0,37300,29121,-0.5278,0.0836,-0.6114,59.43
2024-10-23,98.06,102.06,96.32,97.56,104.29,105.79,104.84,94.89,92.28,107.3706,0,108.0689,0,75055,30130,-1.0918,-0.1515,-0.9404,54.06
2024-10-24,97.97,99.34,97.07,98.60,103.79,105.24,104.87,94.96,92.36,106.2463,0,107.3641,0,30092,30300,-1.4388,-0.4090,-1.0299,56.07
2024-10-25,100.07,100.07,97.46,98.40,103.26,104.61,104.93,95.03,92.43,106.2463,0,106.7016,0,29820,30402,-1.7099,-0.6691,-1.0407,56.76
2024-10-28,99.24,100.57,99.01,99.81,102.69,104.04,105.02,95.11,92.51,106.2463,0,106.0788,0,20098,30430,-1.7899,-0.8933,-0.8966,56.74
2024-10-29,98.45,99.98,98.45,99.92,102.06,103.57,105.08,95.20,92.59,106.2463,0,105.4935,0,23828,30585,-1.8236,-1.0793,-0.7443,54.27
2024-10-30,99.38,101.56,98.19,98.22,101.06,103.05,105.12,95.26,92.68,106.2463,0,104.9432,0,25366,30829,-1.9647,-1.2564,-0.7083,48.94
2024-10-31,98.02,98.35,97.07,97.23,99.98,102.53,105.13,95.32,92.76,105.1136,0,104.4259,0,26196,30920,-2.1321,-1.4316,-0.7006,51.37
2024-11-01,97.26,99.68,96.80,96.95,99.01,102.17,105.13,95.39,92.84,105.1136,0,103.9397,0,26786,31131,-2.2616,-1.5976,-0.6641,52.07
2024-11-04,96.63,99.52,96.63,98.09,98.59,101.90,105.09,95.47,92.92,105.1136,0,103.4827,0,20575,31113,-2.2463,-1.7273,-0.5190,55.33
2024-11-05,97.45,100.11,97.45,99.84,98.46,101.68,105.08,95.56,92.99,105.1136,0,103.0531,0,18333,30878,-2.0686,-1.7956,-0.2730,53.79
2024-11-06,101.60,102.17,94.78,99.27,98.63,101.46,105.05,95.66,93.07,105.1136,0,102.6492,0,58986,31573,-1.9517,-1.8268,-0.1249,46.37
2024-11-07,99.27,101.51,98.48,101.08,98.88,101.34,105.06,95.76,93.16,105.1136,0,102.1749,0,56509,32347,-1.6931,-1.8001,0.1069,49.34
2024-11-08,101.51,103.36,100.91,102.68,99.31,101.29,105.06,95.86,93.25,105.1136,0,94.7812,1,29634,32288,-1.3437,-1.7088,0.3651,51.54
2024-11-11,102.78,104.08,102.44,103.49,99.68,101.19,105.03,95.96,93.34,105.1136,0,94.9529,1,24668,31968,-0.9900,-1.5650,0.5750,53.44
2024-11-12,103.21,104.54,101.80,102.22,99.91,100.98,105.00,96.07,93.42,105.1136,0,95.3178,1,29679,31983,-0.8027,-1.4126,0.6098,53.49
2024-11-13,102.57,102.81,99.01,100.20,100.11,100.59,104.91,96.16,93.49,105.1136,0,95.8709,1,35329,32259,-0.8080,-1.2916,0.4837,51.29
2024-11-14,100.54,100.54,98.26,98.75,100.26,100.12,104.78,96.25,93.56,105.1136,0,96.3908,1,27851,32166,-0.9188,-1.2171,0.2983,51.08
2024-11-15,97.56,100.38,97.56,99.95,100.56,99.79,104.70,96.36,93.63,105.1136,0,96.8794,1,28938,32158,-0.8994,-1.1535,0.2541,54.13
2024-11-18,100.59,100.59,99.10,100.25,100.78,99.68,104.61,96.47,93.68,105.1136,0,97.3388,1,17422,31585,-0.8498,-1.0928,0.2430,53.47
2024-11-19,99.45,102.83,99.45,102.59,101.05,99.76,104.56,96.59,93.76,105.1136,0,97.5611,1,22830,31489,-0.6148,-0.9972,0.3824,56.79
2024-11-20,102.43,102.64,99.62,100.49,101.17,99.90,104.48,96.70,93.83,105.1136,0,97.9796,1,23965,31424,-0.5914,-0.9160,0.3247,51.62
2024-11-21,101.36,102.06,100.90,101.69,101.23,100.06,104.34,96.81,93.90,105.1136,0,98.3729,1,15873,31001,-0.4703,-0.8269,0.3566,51.85
2024-11-22,101.32,103.57,101.32,103.33,101.30,100.30,104.16,96.91,93.98,105.1136,0,98.7427,1,17586,30375,-0.2398,-0.7095,0.4697,51.08
2024-11-25,104.63,106.59,104.02,105.45,101.49,100.59,104.00,97.02,94.07,97.1863,1,99.0902,1,68328,30803,0.1129,-0.5450,0.6579,52.01
2024-11-26,104.29,104.32,102.72,104.05,101.68,100.79,103.80,97.11,94.14,97.1863,1,99.6905,1,24676,30764,0.2763,-0.3807,0.6571,47.68
2024-11-27,104.82,105.95,104.23,104.55,102.11,101.11,103.63,97.25,94.25,97.2028,1,100.2427,1,21673,30416,0.4410,-0.2164,0.6574,48.42
2024-11-29,105.78,106.12,104.45,104.80,102.72,101.49,103.51,97.39,94.34,97.6899,1,100.7508,1,11474,29804,0.5853,-0.0560,0.6414,44.87
2024-12-02,104.80,105.31,103.44,104.38,103.16,101.86,103.42,97.52,94.43,97.6899,1,101.2182,1,18416,28701,0.6582,0.0868,0.5714,45.45
2024-12-03,104.11,104.63,103.15,103.84,103.52,102.15,103.30,97.66,94.52,97.6899,1,101.6482,1,15721,28451,0.6648,0.2024,0.4624,45.91
2024-12-04,103.68,103.89,101.75,103.35,103.59,102.32,103.19,97.79,94.61,97.6899,1,106.5934,0,18402,28310,0.6226,0.2865,0.3362,43.40
2024-12-05,103.32,104.39,102.77,103.52,103.90,102.53,103.05,97.91,94.71,97.6899,1,106.4966,0,15788,28042,0.5965,0.3485,0.2481,44.13
2024-12-06,104.10,105.31,103.81,104.74,104.20,102.72,102.96,98.02,94.81,97.8854,1,106.4016,0,17741,27792,0.6669,0.4121,0.2547,46.57
2024-12-09,105.33,105.50,102.42,103.00,104.17,102.73,102.80,98.11,94.90,97.8854,1,106.3086,0,33756,27883,0.5754,0.4448,0.1306,40.62
2024-12-10,102.16,103.25,100.78,101.76,103.80,102.65,102.61,98.19,94.99,97.8854,1,106.2175,0,25443,27868,0.3981,0.4355,-0.0373,38.34
2024-12-11,102.01,103.81,101.57,103.46,103.74,102.71,102.49,98.29,95.10,97.8854,1,106.0001,0,27328,27804,0.3905,0.4265,-0.0360,40.81
2024-12-12,102.75,104.69,102.69,102.79,103.57,102.84,102.38,98.37,95.20,97.8854,1,105.7914,0,15813,27713,0.3262,0.4064,-0.0802,41.92
2024-12-13,102.67,102.96,101.42,102.18,103.30,103.01,102.27,98.44,95.30,97.8854,1,105.5910,0,16754,27670,0.2237,0.3699,-0.1462,41.28
2024-12-16,101.85,103.99,101.85,102.75,103.14,103.15,102.24,98.54,95.40,97.8854,1,105.3987,0,19105,27127,0.1861,0.3331,-0.1470,45.14
2024-12-17,102.14,102.91,101.17,101.44,102.90,103.21,102.20,98.63,95.50,97.8854,1,105.2140,0,21111,26988,0.0500,0.2765,-0.2265,45.91
2024-12-18,101.66,104.87,96.99,97.44,102.31,102.95,102.06,98.67,95.57,108.5083,0,105.0368,0,42360,27195,-0.3764,0.1459,-0.5223,45.30
2024-12-19,97.79,99.24,97.12,97.93,101.75,102.82,101.95,98.71,95.64,106.1828,0,104.8716,0,44985,27553,-0.6672,-0.0167,-0.6505,47.34
2024-12-20,97.31,100.46,96.61,99.45,101.22,102.71,101.86,98.77,95.71,106.1828,0,104.8716,0,62745,28222,-0.7656,-0.1665,-0.5992,46.91
2024-12-23,98.62,99.47,97.93,98.82,100.80,102.49,101.77,98.82,95.78,106.1828,0,104.2103,0,34293,28310,-0.8848,-0.3101,-0.5746,46.84
2024-12-24,98.87,100.34,98.87,99.96,100.62,102.21,101.66,98.88,95.86,106.1828,0,103.6019,0,18699,28258,-0.8767,-0.4235,-0.4533,46.10
2024-12-26,99.86,101.49,99.39,100.73,100.35,102.04,101.55,98.96,95.95,106.1828,0,103.0422,0,26566,28419,-0.7988,-0.4985,-0.3003,46.61
2024-12-27,99.81,100.51,98.77,99.85,100.05,101.81,101.38,99.04,96.03,106.1828,0,102.5272,0,23599,28571,-0.7989,-0.5586,-0.2403,47.92
2024-12-30,99.27,99.82,97.67,99.18,99.75,101.53,101.20,99.11,96.11,106.0154,0,102.0535,0,13757,28515,-0.8437,-0.6156,-0.2281,49.31
2024-12-31,100.13,100.34,99.20,99.92,99.47,101.31,101.07,99.19,96.20,106.0154,0,101.6176,0,16036,28310,-0.8098,-0.6545,-0.1554,49.61
2025-01-02,100.77,100.77,94.97,97.67,99.09,101.00,100.97,99.26,96.28,105.8137,0,101.2166,0,54672,28639,-0.9536,-0.7143,-0.2393,47.53
2025-01-03,97.90,98.87,97.68,98.56,99.21,100.76,100.92,99.33,96.35,105.7787,0,100.7727,0,20090,28295,-0.9843,-0.7683,-0.2160,45.97
2025-01-06,98.04,98.87,97.56,97.69,99.18,100.47,100.93,99.40,96.40,105.3676,0,100.7727,0,21370,27221,-1.0667,-0.8280,-0.2387,43.70
2025-01-07,97.91,98.79,97.20,97.96,99.03,100.13,100.91,99.46,96.45,104.9032,0,100.1925,0,36277,27345,-1.0979,-0.8820,-0.2160,46.13
2025-01-08,97.70,97.84,96.36,97.36,98.89,99.84,100.89,99.52,96.49,103.7956,0,99.6704,0,23258,27214,-1.1575,-0.9371,-0.2205,44.84
2025-01-10,95.44,95.52,93.75,94.13,98.31,99.46,100.78,99.55,96.53,101.7436,0,99.2005,0,28577,27383,-1.4486,-1.0394,-0.4092,40.31
2025-01-13,93.23,95.66,93.23,95.54,97.79,99.07,100.69,99.60,96.57,101.5697,0,98.5463,0,23770,27382,-1.5477,-1.1410,-0.4067,41.36
2025-01-14,96.33,99.35,96.33,99.21,97.72,98.89,100.71,99.68,96.62,101.5697,0,93.2301,1,31275,27500,-1.3151,-1.1759,-0.1392,48.56
2025-01-15,101.65,103.21,100.76,101.53,97.96,98.86,100.80,99.78,96.69,101.5697,0,93.2301,1,25530,27487,-0.9329,-1.1273,0.1944,51.71
2025-01-16,101.26,105.02,101.26,104.33,98.40,98.93,100.95,99.91,96.78,94.8104,1,93.6292,1,38085,27713,-0.3989,-0.9816,0.5827,57.18
2025-01-17,105.60,106.35,104.78,105.28,99.16,99.13,101.09,100.01,96.88,97.4650,1,94.3126,1,20093,27703,0.0998,-0.7653,0.8651,57.85
2025-01-21,106.52,106.83,105.96,106.40,99.94,99.57,101.22,100.11,96.98,98.6380,1,95.2755,1,23579,27808,0.5783,-0.4966,1.0749,57.29
2025-01-22,106.24,107.91,106.24,107.28,100.90,100.04,101.38,100.24,97.09,99.5965,1,96.4308,1,36605,27361,1.0169,-0.1939,1.2108,62.13
2025-01-23,106.46,107.10,105.22,106.87,101.79,100.41,101.50,100.35,97.19,99.5965,1,97.8088,1,28435,26799,1.3161,0.1081,1.2080,63.06
2025-01-24,106.44,107.83,106.05,106.98,102.75,100.82,101.58,100.46,97.29,99.7872,1,99.0214,1,22156,26650,1.5449,0.3955,1.1494,61.80
2025-01-27,107.25,111.43,106.94,111.19,104.46,101.38,101.74,100.61,97.40,101.4001,1,100.0885,1,46714,27091,2.0421,0.7248,1.3173,68.26
2025-01-28,110.37,111.34,108.85,109.24,105.83,101.81,101.88,100.74,97.52,102.3475,1,101.6758,1,63283,27763,2.2531,1.0305,1.2227,63.06
2025-01-29,108.51,111.17,108.51,109.67,106.88,102.30,102.07,100.87,97.64,102.3475,1,103.0408,1,48394,28024,2.4263,1.3096,1.1167,64.18
2025-01-30,111.31,112.95,110.54,112.33,107.96,102.96,102.34,101.01,97.77,103.7635,1,104.2148,1,45790,28383,2.7466,1.5970,1.1496,68.94
2025-01-31,104.35,110.30,102.34,102.42,107.77,103.08,102.39,101.10,97.86,113.5124,0,112.9522,0,107831,29961,2.1757,1.7128,0.4630,53.90
2025-02-03,100.22,100.86,98.61,99.42,107.18,103.17,102.37,101.16,97.94,110.0384,0,112.9522,0,49667,30605,1.4648,1.6632,-0.1983,50.52
2025-02-04,98.42,103.18,98.42,102.53,106.79,103.37,102.37,101.23,98.04,110.0384,0,112.3786,0,54795,31245,1.1394,1.5584,-0.4190,54.59
2025-02-05,103.39,104.08,101.81,102.97,106.36,103.63,102.42,101.32,98.13,110.0384,0,111.5408,0,48104,31728,0.9065,1.4280,-0.5215,53.55
2025-02-06,103.82,104.05,102.10,102.90,105.97,103.88,102.44,101.40,98.22,110.0384,0,110.7532,0,35877,32128,0.7075,1.2839,-0.5764,55.09
2025-02-07,102.52,102.73,100.59,101.89,105.46,104.11,102.41,101.47,98.29,110.0384,0,110.0129,0,29422,32364,0.4631,1.1198,-0.6567,53.32
2025-02-10,102.16,102.63,100.22,100.73,104.41,104.44,102.32,101.55,98.34,110.0384,0,109.3171,0,36328,31724,0.1743,0.9307,-0.7564,50.67
2025-02-11,100.07,102.12,100.07,100.39,103.52,104.68,102.25,101.62,98.40,110.0384,0,108.6629,0,27636,31784,-0.0813,0.7283,-0.8096,50.67
2025-02-12,98.62,98.62,96.52,97.69,102.33,104.60,102.11,101.68,98.47,106.8504,0,108.0481,0,40653,32163,-0.4960,0.4834,-0.9794,48.52
2025-02-13,98.61,99.64,97.98,99.13,101.01,104.48,102.00,101.74,98.54,106.8504,0,107.1256,0,20812,32350,-0.7002,0.2467,-0.9469,50.67
2025-02-14,100.14,100.74,99.11,99.85,100.75,104.26,101.91,101.77,98.62,106.8504,0,106.2769,0,25236,32486,-0.7951,0.0383,-0.8334,53.21
2025-02-18,99.56,100.28,98.28,99.90,100.80,103.99,101.83,101.79,98.70,106.8504,0,105.4961,0,22154,32615,-0.8564,-0.1406,-0.7158,50.21
2025-02-19,98.94,100.89,98.10,100.13,100.56,103.68,101.76,101.80,98.78,106.8504,0,104.7778,0,20339,32654,-0.8759,-0.2877,-0.5883,52.02
2025-02-20,99.99,100.22,98.34,99.03,100.16,103.26,101.67,101.79,98.85,106.8504,0,104.1170,0,25624,32850,-0.9697,-0.4241,-0.5456,47.18
2025-02-21,100.30,100.30,97.45,99.35,99.81,102.89,101.56,101.79,98.91,106.8504,0,103.5090,0,34759,33191,-1.0063,-0.5405,-0.4658,54.24
2025-02-24,99.35,99.36,97.20,97.49,99.37,102.41,101.45,101.78,98.94,106.1988,0,102.9496,0,32766,33171,-1.1722,-0.6669,-0.5053,48.56
2025-02-25,98.05,101.67,97.04,100.85,99.38,101.90,101.44,101.80,99.00,106.1988,0,102.4350,0,41523,33493,-1.0203,-0.7376,-0.2828,55.87
2025-02-26,100.15,102.54,100.15,101.24,99.47,101.50,101.39,101.83,99.06,106.1988,0,96.5171,1,52880,34004,-0.8584,-0.7617,-0.0967,54.30
2025-02-27,100.86,101.42,99.35,100.17,99.71,101.02,101.34,101.85,99.11,106.1988,0,96.6376,1,29320,34274,-0.8071,-0.7708,-0.0363,55.76
2025-02-28,101.02,102.15,100.35,101.70,99.97,100.49,101.33,101.90,99.16,106.1988,0,96.7556,1,32297,34585,-0.6356,-0.7438,0.1082,56.14
2025-03-03,102.05,104.09,100.40,101.67,100.15,100.45,101.31,101.93,99.23,106.1988,0,96.8712,1,30164,34806,-0.4963,-0.6943,0.1979,59.29
2025-03-04,100.82,102.16,99.49,99.88,100.15,100.48,101.28,101.95,99.29,106.1988,0,97.1599,1,32858,35041,-0.5248,-0.6604,0.1356,59.33
2025-03-05,100.51,101.84,99.15,100.91,100.23,100.39,101.35,101.98,99.34,106.1988,0,97.4371,1,30482,34803,-0.4589,-0.6201,0.1612,57.52
2025-03-06,100.06,101.00,98.75,99.11,100.24,100.20,101.37,102.00,99.38,106.1988,0,97.7031,1,29020,34484,-0.5454,-0.6052,0.0598,55.64
2025-03-07,99.44,100.49,98.18,99.81,100.28,100.05,101.38,102.03,99.42,106.1988,0,97.9586,1,26132,33752,-0.5513,-0.5944,0.0431,55.47
2025-03-10,99.14,101.30,93.22,94.01,99.94,99.65,101.28,102.04,99.44,106.1988,0,104.0887,0,49476,34055,-1.0122,-0.6779,-0.3343,44.40
2025-03-11,94.14,95.68,93.31,94.83,99.33,99.36,101.18,102.04,99.45,103.8286,0,103.8712,0,32616,34334,-1.2969,-0.8017,-0.4951,47.97
2025-03-12,95.51,95.81,93.23,94.18,98.63,99.05,101.05,102.05,99.48,103.6893,0,103.6581,0,51033,34823,-1.5568,-0.9527,-0.6040,47.05
2025-03-13,94.22,94.90,92.02,92.85,97.90,98.81,100.91,102.05,99.51,102.5827,0,103.4493,0,26326,34877,-1.8483,-1.1318,-0.7165,46.67
2025-03-14,93.30,95.34,92.68,95.13,97.24,98.61,100.83,102.08,99.54,102.5827,0,102.9921,0,21261,35028,-1.8741,-1.2803,-0.5938,46.30
2025-03-17,94.91,96.30,94.61,96.16,96.69,98.42,100.75,102.10,99.58,102.5827,0,102.5532,0,17669,35060,-1.7907,-1.3824,-0.4083,48.26
2025-03-18,95.89,97.61,95.89,97.16,96.42,98.28,100.74,102.12,99.63,102.5827,0,102.1319,0,19339,34354,-1.6251,-1.4309,-0.1942,52.20
2025-03-19,97.49,98.31,95.06,97.64,96.09,98.16,100.72,102.15,99.68,102.5827,0,101.7274,0,30878,34569,-1.4386,-1.4325,-0.0061,51.02
2025-03-20,97.28,101.72,97.07,99.67,96.14,98.19,100.76,102.18,99.74,102.5827,0,92.0196,1,40896,34960,-1.1139,-1.3688,0.2548,56.95
2025-03-21,99.65,100.37,98.60,99.11,96.07,98.18,100.79,102.19,99.79,102.5827,0,92.2137,1,35616,34947,-0.8915,-1.2733,0.3818,55.73
2025-03-24,100.33,101.44,99.96,101.08,96.78,98.36,100.86,102.23,99.86,102.5827,0,92.4039,1,23445,34950,-0.5506,-1.1288,0.5782,55.21
2025-03-25,100.98,101.97,100.30,100.59,97.36,98.35,100.99,102.26,99.91,102.5827,0,92.5903,1,26622,34911,-0.3163,-0.9663,0.6500,55.21
2025-03-26,99.97,100.95,99.32,100.19,97.96,98.29,101.08,102.29,99.97,102.5827,0,92.9654,1,26610,34968,-0.1605,-0.8051,0.6446,54.83
2025-03-27,100.51,101.01,98.96,99.33,98.61,98.25,101.08,102.31,100.03,102.5827,0,93.3256,1,20641,34755,-0.1054,-0.6652,0.5597,54.46
2025-03-28,99.74,100.01,96.99,98.47,98.94,98.09,101.02,102.32,100.09,102.5827,0,93.6713,1,24044,34726,-0.1300,-0.5581,0.4281,55.97
2025-03-31,99.08,101.84,97.72,98.23,99.15,97.92,100.90,102.32,100.15,102.5827,0,94.0032,1,52848,35021,-0.1665,-0.4798,0.3133,54.80
2025-04-01,97.86,98.90,97.15,98.13,99.24,97.83,100.76,102.31,100.19,102.5827,0,94.3219,1,39074,35401,-0.2011,-0.4241,0.2230,53.81
2025-04-02,97.93,102.61,97.93,101.67,99.65,97.87,100.66,102.32,100.25,102.5827,0,94.6278,1,43506,35799,0.0559,-0.3281,0.3840,61.19
2025-04-03,98.30,102.60,98.30,100.95,99.77,97.96,100.54,102.32,100.31,102.5827,0,95.1065,1,69578,36459,0.1995,-0.2226,0.4221,69.45
2025-04-04,99.03,102.39,96.62,101.74,100.04,98.06,100.43,102.33,100.37,102.5827,0,95.5566,1,123111,38352,0.3731,-0.1034,0.4765,78.37
2025-04-07,98.76,103.03,93.70,94.12,99.34,98.06,100.18,102.27,100.39,102.5827,0,102.6070,0,96496,39839,-0.1033,-0.1034,0.0001,67.83
2025-04-08,98.01,99.63,89.76,90.68,98.35,97.85,99.77,102.18,100.40,102.5827,0,103.0289,0,71719,40339,-0.7502,-0.2328,-0.5174,64.85
2025-04-09,89.30,94.58,85.16,92.71,97.60,97.78,99.44,102.11,100.41,102.5827,0,103.0289,0,82916,40732,-1.0864,-0.4035,-0.6829,54.68
2025-04-10,91.54,91.54,85.96,87.60,96.43,97.52,98.99,101.99,100.40,102.5827,0,101.9569,0,48131,40726,-1.7444,-0.6717,-1.0727,52.01
2025-04-11,87.23,91.79,84.13,91.56,95.74,97.34,98.58,101.90,100.40,102.5827,0,100.9491,0,68191,41174,-1.9246,-0.9223,-1.0024,57.81
2025-04-14,92.47,96.44,92.06,95.53,95.47,97.31,98.44,101.84,100.44,102.5827,0,99.6036,0,59964,40217,-1.7269,-1.0832,-0.6437,62.93
2025-04-15,95.21,97.16,94.43,94.64,95.12,97.18,98.35,101.77,100.46,102.5827,0,98.3658,0,25241,39729,-1.6235,-1.1913,-0.4323,59.64
2025-04-16,94.79,94.98,92.35,93.78,94.33,96.99,98.17,101.70,100.47,102.5827,0,97.2269,0,37702,39387,-1.5929,-1.2716,-0.3213,60.45
2025-04-17,93.73,95.44,93.46,95.24,93.76,96.77,98.02,101.64,100.49,102.5827,0,97.1612,0,33534,39095,-1.4342,-1.3041,-0.1301,62.49
2025-04-21,94.17,94.17,91.71,92.45,92.83,96.43,97.81,101.53,100.51,102.5827,0,96.1187,0,33448,39047,-1.5157,-1.3464,-0.1693,60.88
2025-04-22,94.26,95.82,93.09,94.59,92.88,96.11,97.66,101.41,100.52,102.5827,0,84.1305,1,62274,39704,-1.3917,-1.3555,-0.0362,59.85
2025-04-23,94.19,99.03,91.04,91.98,93.01,95.68,97.49,101.27,100.53,102.5827,0,84.3642,1,84272,40663,-1.4869,-1.3818,-0.1052,51.15
2025-04-24,92.76,94.25,91.34,93.32,93.07,95.34,97.34,101.13,100.55,102.5827,0,84.9507,1,33279,40775,-1.4373,-1.3929,-0.0444,45.88
2025-04-25,92.92,93.08,90.91,91.84,93.49,94.96,97.23,100.99,100.57,102.5827,0,85.5137,1,29222,40547,-1.5003,-1.4144,-0.0859,44.64
2025-04-28,91.72,93.53,91.72,93.00,93.64,94.69,97.11,100.87,100.58,102.5827,0,86.0541,1,29732,40725,-1.4402,-1.4195,-0.0206,46.20
2025-04-29,92.99,95.21,92.73,94.20,93.50,94.49,96.99,100.77,100.58,102.5827,0,86.5730,1,25776,40736,-1.2811,-1.3919,0.1107,46.70
2025-04-30,93.61,96.00,92.13,95.61,93.60,94.36,96.91,100.68,100.57,102.5827,0,87.0711,1,31473,40922,-1.0292,-1.3193,0.2901,59.03
2025-05-01,95.40,97.31,94.51,95.19,93.74,94.04,96.81,100.59,100.55,102.5827,0,87.5493,1,32818,41172,-0.8538,-1.2262,0.3724,57.42
2025-05-02,95.88,97.07,95.61,96.27,93.85,93.80,96.75,100.49,100.53,102.5827,0,88.0083,1,22036,41100,-0.6205,-1.1051,0.4846,53.26
2025-05-05,94.91,96.69,94.68,95.80,94.18,93.51,96.68,100.40,100.51,102.5827,0,88.4490,1,23783,40881,-0.4683,-0.9777,0.5095,55.10
2025-05-06,94.77,95.28,93.52,94.02,94.12,93.50,96.61,100.29,100.49,102.5827,0,88.8721,1,25268,40731,-0.4853,-0.8792,0.3939,51.16
2025-05-07,94.36,96.67,94.36,95.85,94.51,93.76,96.51,100.19,100.48,102.5827,0,89.2782,1,27468,40450,-0.3475,-0.7729,0.4254,55.02
2025-05-08,96.95,98.12,96.18,96.53,94.83,93.95,96.42,100.10,100.48,102.5827,0,89.6681,1,17590,39744,-0.1808,-0.6545,0.4736,54.90
2025-05-09,96.32,97.38,95.73,95.78,95.22,94.36,96.33,100.02,100.47,102.5827,0,90.0424,1,22489,39607,-0.1084,-0.5453,0.4368,54.45
2025-05-12,97.44,97.79,96.56,97.18,95.64,94.64,96.24,99.95,100.48,102.5827,0,90.4017,1,23581,39433,0.0614,-0.4239,0.4854,53.20
2025-05-13,98.32,98.32,96.76,97.72,95.99,94.75,96.16,99.90,100.49,102.5827,0,90.7467,1,32297,39476,0.2369,-0.2918,0.5287,53.78
2025-05-14,97.71,98.31,97.14,97.22,96.16,94.88,96.11,99.86,100.49,102.5827,0,91.0778,1,26364,39346,0.3316,-0.1671,0.4987,52.25
2025-05-15,97.40,99.41,96.77,99.17,96.55,95.15,96.07,99.83,100.50,102.5827,0,91.3957,1,30329,39343,0.5575,-0.0222,0.5797,55.36
2025-05-16,99.68,101.86,98.90,100.16,96.94,95.39,96.09,99.80,100.53,102.5827,0,91.8768,1,31233,39387,0.8074,0.1437,0.6637,53.76
2025-05-19,97.74,99.31,97.68,98.93,97.26,95.72,96.08,99.77,100.54,102.5827,0,92.6758,1,23331,39331,0.8959,0.2942,0.6017,53.26
2025-05-20,98.22,99.89,98.22,99.54,97.81,95.97,96.19,99.75,100.58,102.5827,0,93.4108,1,22089,38783,1.0037,0.4361,0.5676,52.54
2025-05-21,98.47,101.71,94.23,94.68,97.69,96.10,96.18,99.67,100.57,102.5827,0,94.0871,1,33593,38803,0.6888,0.4866,0.2022,46.82
2025-05-22,94.05,94.39,92.26,93.84,97.42,96.13,96.18,99.59,100.58,102.2388,0,101.8640,0,61672,39016,0.3676,0.4628,-0.0952,41.51
2025-05-23,92.31,93.82,92.31,93.21,97.17,96.19,96.18,99.49,100.59,101.5474,0,101.7065,0,37837,39246,0.0614,0.3825,-0.3211,41.27
2025-05-27,94.42,95.71,93.39,95.26,96.97,96.31,96.19,99.41,100.61,101.5474,0,101.5175,0,32434,39469,-0.0158,0.3029,-0.3187,40.48
2025-05-28,94.72,95.66,94.19,94.43,96.64,96.32,96.15,99.32,100.61,101.5474,0,101.3323,0,21176,39539,-0.1421,0.2139,-0.3560,39.83
2025-05-29,94.68,95.94,94.42,95.15,96.44,96.30,96.11,99.28,100.62,101.5474,0,101.1508,0,16822,39489,-0.1821,0.1347,-0.3168,38.88
2025-05-30,95.02,95.60,94.38,94.48,95.97,96.26,96.05,99.23,100.62,101.5474,0,100.9730,0,24941,39370,-0.2648,0.0548,-0.3196,37.02
2025-06-02,94.00,94.00,91.89,92.22,95.18,96.06,95.90,99.20,100.61,100.2450,0,100.7987,0,23097,39014,-0.5071,-0.0576,-0.4495,32.83
2025-06-03,92.09,94.51,91.77,93.79,94.66,95.96,95.79,99.16,100.59,100.2450,0,100.4425,0,22824,38758,-0.5656,-0.1592,-0.4064,33.50
2025-06-04,93.63,94.71,93.08,93.45,94.05,95.93,95.64,99.13,100.58,100.2450,0,99.9219,0,17993,38649,-0.6324,-0.2538,-0.3786,32.10
2025-06-05,93.11,94.86,92.48,93.49,93.93,95.81,95.50,99.09,100.57,100.2450,0,99.4326,0,23548,38588,-0.6744,-0.3379,-0.3365,34.38
2025-06-06,94.57,94.57,93.60,94.18,93.97,95.69,95.38,99.05,100.56,100.2450,0,98.9726,0,21176,38479,-0.6447,-0.3993,-0.2454,33.12
2025-06-09,94.75,95.33,94.11,94.46,94.09,95.63,95.28,99.03,100.55,100.2450,0,98.5402,0,19570,38458,-0.5913,-0.4377,-0.1536,32.06
2025-06-10,95.51,96.34,95.11,95.42,94.11,95.54,95.22,99.01,100.54,100.2450,0,98.1338,0,33632,38650,-0.4665,-0.4435,-0.0231,32.44
2025-06-11,95.74,97.97,95.47,95.76,94.24,95.44,95.17,99.01,100.54,100.2450,0,91.7661,1,51024,38613,-0.3360,-0.4220,0.0860,35.37
2025-06-12,94.83,97.18,94.83,96.96,94.42,95.43,95.15,99.00,100.52,100.2450,0,91.8902,1,35093,38534,-0.1341,-0.3644,0.2303,39.02
2025-06-13,95.33,95.88,94.09,94.36,94.41,95.19,95.00,98.96,100.49,100.2450,0,92.0117,1,20988,38083,-0.1817,-0.3279,0.1461,34.53
2025-06-16,95.30,96.28,93.56,93.90,94.58,94.88,94.86,98.93,100.46,100.2450,0,92.1308,1,28804,37268,-0.2538,-0.3131,0.0592,32.43
2025-06-17,92.98,93.30,91.06,91.39,94.34,94.50,94.65,98.86,100.41,99.2399,0,97.9666,0,40821,35622,-0.5076,-0.3520,-0.1557,27.94
2025-06-18,91.47,94.13,91.47,93.16,94.31,94.18,94.63,98.80,100.36,99.2399,0,97.8284,0,25388,34200,-0.5594,-0.3934,-0.1659,30.87
2025-06-20,93.57,94.35,93.04,93.89,94.35,94.14,94.70,98.73,100.31,99.2399,0,97.6930,0,31864,33403,-0.5354,-0.4218,-0.1136,32.62
2025-06-23,94.19,95.58,92.46,95.47,94.48,94.22,94.75,98.69,100.27,99.2399,0,97.5603,0,26015,32265,-0.3850,-0.4145,0.0295,34.40
2025-06-24,96.18,97.50,95.29,97.14,94.75,94.42,94.94,98.67,100.23,99.2399,0,91.0575,1,22119,31744,-0.1292,-0.3574,0.2282,35.89
2025-06-25,97.12,97.12,95.95,96.01,94.81,94.46,95.03,98.65,100.18,99.2399,0,91.1865,1,18925,30759,-0.0177,-0.2895,0.2718,36.18
2025-06-26,96.24,98.33,96.24,98.28,95.06,94.65,95.09,98.64,100.15,99.2399,0,91.3128,1,19523,29950,0.2513,-0.1813,0.4326,37.28
2025-06-27,98.50,98.75,97.57,97.57,95.12,94.77,95.15,98.62,100.12,99.2399,0,91.5935,1,146668,32379,0.4026,-0.0645,0.4672,36.14
2025-06-30,98.00,98.69,96.79,98.06,95.49,94.95,95.23,98.59,100.08,99.2399,0,92.0231,1,27431,32173,0.5559,0.0596,0.4963,37.59
2025-07-01,96.19,100.47,95.51,99.87,96.08,95.33,95.33,98.59,100.06,91.7455,1,92.4270,1,39695,32297,0.8133,0.2103,0.6030,35.87
2025-07-02,99.95,102.12,99.31,101.09,97.05,95.70,95.50,98.58,100.02,93.3940,1,93.0701,1,49352,32615,1.1030,0.3888,0.7142,32.72
2025-07-03,100.80,102.01,100.34,100.79,97.82,96.06,95.62,98.57,99.97,94.0820,1,93.9751,1,15095,31671,1.2939,0.5699,0.7240,25.53
2025-07-07,99.67,101.22,98.48,98.55,98.28,96.32,95.75,98.52,99.89,94.0820,1,94.7896,1,40412,30794,1.2497,0.7058,0.5439,29.02
2025-07-08,98.51,100.79,98.51,98.98,98.63,96.56,95.87,98.49,99.82,94.0820,1,95.5226,1,39735,30923,1.2354,0.8117,0.4236,29.36
2025-07-09,99.41,100.73,99.17,100.67,98.99,96.87,96.04,98.46,99.75,94.0820,1,96.1823,1,65619,31651,1.3451,0.9184,0.4267,37.76
2025-07-10,100.37,100.66,99.06,99.65,99.35,97.08,96.18,98.43,99.70,94.0820,1,96.7761,1,65033,32357,1.3341,1.0016,0.3326,33.96
2025-07-11,98.44,99.25,98.07,98.48,99.37,97.21,96.26,98.39,99.64,94.0820,1,97.3105,1,28037,32402,1.2169,1.0446,0.1723,31.95
2025-07-14,98.24,99.41,97.71,99.32,99.55,97.33,96.34,98.36,99.59,94.0820,1,102.1199,0,37492,32523,1.1787,1.0714,0.1072,30.02
2025-07-15,99.29,99.29,96.98,97.00,99.44,97.46,96.37,98.31,99.53,94.0820,1,102.0317,0,48570,32838,0.9500,1.0471,-0.0971,30.67
2025-07-16,97.27,98.21,96.13,97.96,99.25,97.67,96.41,98.28,99.47,94.0820,1,101.8297,0,38150,33160,0.8362,1.0049,-0.1688,32.11
2025-07-17,97.60,99.35,97.41,99.34,99.07,98.06,96.48,98.24,99.42,94.0820,1,101.4875,0,28304,33250,0.8482,0.9736,-0.1254,33.82
2025-07-18,99.54,100.35,98.70,99.26,98.92,98.37,96.58,98.22,99.36,94.0820,1,101.1658,0,22500,33195,0.8409,0.9470,-0.1062,36.18
2025-07-21,99.98,101.23,99.98,100.33,99.10,98.69,96.67,98.21,99.31,94.3920,1,96.1261,1,37432,33394,0.9111,0.9399,-0.0288,39.06
2025-07-22,100.96,103.34,100.55,102.60,99.46,99.05,96.79,98.20,99.27,95.4487,1,96.2283,1,55607,34155,1.1371,0.9793,0.1578,40.05
2025-07-23,95.96,99.04,94.60,95.03,98.90,98.94,96.78,98.15,99.21,103.6253,0,103.3402,0,119667,36098,0.6975,0.9229,-0.2255,22.43
2025-07-24,95.30,96.20,91.73,91.79,98.11,98.73,96.67,98.08,99.13,102.7337,0,103.3402,0,52207,36671,0.0860,0.7556,-0.6695,20.91
2025-07-25,91.42,92.60,90.33,92.58,97.52,98.45,96.57,98.01,99.07,100.0391,0,102.8757,0,43310,36891,-0.3304,0.5384,-0.8688,20.87
2025-07-28,92.31,93.47,91.65,91.93,96.78,98.16,96.46,97.95,99.01,100.0391,0,102.1229,0,37504,37114,-0.7048,0.2897,-0.9945,22.43
2025-07-29,92.34,93.68,92.34,93.47,96.43,97.93,96.35,97.92,98.96,100.0391,0,101.4153,0,29498,37097,-0.8676,0.0583,-0.9258,24.97
2025-07-30,93.12,94.58,91.78,92.57,95.89,97.57,96.20,97.89,98.90,100.0391,0,100.7501,0,53332,37539,-1.0567,-0.1647,-0.8919,25.39
2025-07-31,91.89,92.63,91.48,91.67,95.12,97.10,96.05,97.83,98.84,99.6056,0,100.1249,0,33679,37746,-1.2650,-0.3848,-0.8802,27.54
2025-08-01,92.27,96.59,92.27,94.33,94.63,96.78,95.95,97.80,98.80,99.6056,0,99.5371,0,50599,38316,-1.2010,-0.5480,-0.6530,34.23
2025-08-04,94.64,96.17,94.31,96.09,94.21,96.65,95.97,97.78,98.75,99.6056,0,98.9847,0,39628,38437,-0.9975,-0.6379,-0.3596,36.94
2025-08-05,95.92,98.07,95.91,97.67,93.71,96.59,96.05,97.76,98.71,99.6056,0,98.4653,0,33841,37880,-0.7002,-0.6504,-0.0499,39.41
2025-08-06,98.11,98.11,96.91,97.26,93.94,96.42,96.13,97.74,98.65,99.6056,0,90.3292,1,20999,37543,-0.4924,-0.6188,0.1264,40.17
2025-08-07,98.55,98.64,96.46,96.63,94.42,96.27,96.16,97.72,98.59,99.6056,0,90.4849,1,28119,37457,-0.3741,-0.5698,0.1957,40.36
2025-08-08,96.79,97.42,96.14,96.57,94.82,96.17,96.20,97.70,98.54,99.6056,0,90.8109,1,22705,37488,-0.2819,-0.5123,0.2303,42.30
2025-08-11,96.54,98.10,96.54,98.08,95.43,96.11,96.26,97.70,98.52,99.6056,0,91.1239,1,24187,37635,-0.0856,-0.4269,0.3413,44.23
2025-08-12,98.90,101.51,98.50,101.09,96.20,96.31,96.39,97.72,98.52,92.8950,1,91.4244,1,28933,37715,0.3087,-0.2798,0.5885,45.64
2025-08-13,101.71,107.15,101.62,106.93,97.63,96.76,96.69,97.78,98.57,96.1671,1,92.0295,1,94865,39150,1.0802,-0.0078,1.0880,51.37
2025-08-14,105.32,107.35,104.92,107.01,99.17,97.14,96.95,97.84,98.61,98.0094,1,93.2389,1,63030,39954,1.6787,0.3295,1.3492,54.44
2025-08-15,107.56,107.56,105.08,105.63,100.29,97.46,97.19,97.90,98.65,98.2662,1,94.6505,1,46335,40521,2.0182,0.6672,1.3510,52.58
2025-08-18,105.78,107.37,103.74,104.15,101.10,97.65,97.41,97.97,98.67,98.2662,1,96.1998,1,39165,40834,2.1431,0.9624,1.1807,48.14
2025-08-19,104.29,105.68,104.20,105.59,101.89,97.80,97.64,98.03,98.70,98.2662,1,97.5632,1,32465,41059,2.3315,1.2362,1.0953,50.65
2025-08-20,105.31,105.61,103.60,103.93,102.56,98.25,97.83,98.06,98.73,98.2662,1,98.7631,1,32029,41309,2.3202,1.4530,0.8672,47.46
2025-08-21,103.18,103.45,101.79,102.05,103.10,98.76,97.96,98.07,98.75,98.2662,1,99.8189,1,47001,41576,2.1353,1.5895,0.5459,43.28
2025-08-22,102.72,108.97,102.49,108.30,104.28,99.55,98.21,98.09,98.81,98.2662,1,100.7480,1,61728,41790,2.4646,1.7645,0.7001,47.99
2025-08-25,108.34,108.58,107.01,108.12,105.28,100.36,98.43,98.11,98.86,99.2696,1,101.7873,1,26103,41610,2.6803,1.9477,0.7326,49.24
2025-08-26,108.01,108.94,107.51,107.63,105.93,101.06,98.70,98.12,98.90,100.1269,1,102.4881,1,47400,42138,2.7794,2.1140,0.6654,46.93
2025-08-27,107.44,108.04,106.74,107.11,105.95,101.79,98.96,98.12,98.93,100.1269,1,103.3960,1,28831,42139,2.7836,2.2479,0.5357,45.22
2025-08-28,107.71,107.71,106.09,107.45,106.00,102.58,99.28,98.12,98.97,100.1269,1,104.1768,1,31929,41961,2.7828,2.3549,0.4279,48.56
2025-08-29,107.59,109.15,106.35,108.68,106.30,103.30,99.59,98.13,99.00,100.2513,1,104.8483,1,34825,42150,2.8480,2.4535,0.3945,49.05
2025-09-02,107.12,108.45,106.80,107.92,106.68,103.89,99.87,98.11,99.02,100.3151,1,105.5367,1,36790,42248,2.8061,2.5240,0.2820,50.55
2025-09-03,107.82,111.44,107.82,111.37,107.26,104.57,100.19,98.13,99.06,101.9631,1,106.1150,1,52703,42782,3.0168,2.6226,0.3942,56.99
2025-09-04,112.09,113.92,111.89,113.79,108.24,105.40,100.52,98.15,99.13,105.2379,1,106.8016,1,51115,43362,3.3404,2.7662,0.5743,59.91
2025-09-05,115.12,118.05,114.36,115.97,109.63,106.37,100.92,98.18,99.22,108.0318,1,107.8183,1,80105,44586,3.7300,2.9589,0.7710,62.95
2025-09-08,115.63,120.31,115.50,119.49,110.75,107.51,101.35,98.29,99.32,109.1021,1,109.8655,1,90073,45997,4.2730,3.2217,1.0512,68.18
2025-09-09,118.58,119.36,116.52,119.26,111.87,108.57,101.78,98.42,99.41,109.1287,1,111.9553,1,51264,44089,4.6316,3.5037,1.1279,68.21
2025-09-10,119.76,122.47,118.67,118.78,112.98,109.46,102.20,98.53,99.49,111.4955,1,113.6272,1,49737,44535,4.8220,3.7673,1.0546,66.39
2025-09-11,119.50,125.91,119.50,122.80,114.55,110.25,102.65,98.67,99.60,112.4016,1,115.3951,1,93096,45603,5.2367,4.0612,1.1754,70.50
2025-09-12,122.15,123.50,121.44,122.90,116.10,111.05,103.09,98.80,99.71,112.5809,1,117.4983,1,43541,45486,5.5097,4.3509,1.1588,71.33
2025-09-15,123.69,123.69,122.11,122.73,117.50,111.90,103.53,98.94,99.81,113.5255,1,119.1809,1,42860,46042,5.6475,4.6102,1.0373,72.01
2025-09-16,123.04,123.53,121.11,122.42,118.95,112.81,104.01,99.08,99.89,113.5255,1,120.5270,1,41237,46058,5.6659,4.8214,0.8446,71.40
2025-09-17,123.42,128.34,122.82,124.53,120.27,113.76,104.52,99.24,99.99,115.5571,1,121.1142,1,76289,46789,5.7843,5.0140,0.7703,72.46
2025-09-18,123.76,126.68,123.75,125.49,121.44,114.84,105.01,99.43,100.10,115.5571,1,121.1142,1,64404,46765,5.8875,5.1887,0.6988,70.50
2025-09-19,124.53,125.56,122.22,123.40,122.18,115.91,105.49,99.59,100.19,115.5571,1,128.3396,0,83476,47134,5.7351,5.2979,0.4371,69.41
2025-09-22,123.06,123.06,120.12,120.23,122.25,116.50,105.92,99.73,100.27,115.5571,1,128.2172,0,43129,47436,5.2968,5.2977,-0.0009,65.41
2025-09-23,120.09,122.63,120.09,121.54,122.48,117.17,106.37,99.87,100.36,115.5571,1,127.8932,0,35240,47391,4.9977,5.2377,-0.2400,67.61
2025-09-24,121.05,122.46,120.55,121.73,122.78,117.88,106.86,100.01,100.45,115.5571,1,127.4249,0,35035,47120,4.7215,5.1345,-0.4130,69.65
2025-09-25,120.86,121.30,119.93,121.01,122.60,118.57,107.32,100.16,100.54,115.5571,1,126.9847,0,26541,46888,4.3937,4.9863,-0.5926,68.74
2025-09-26,120.71,122.51,120.71,122.44,122.55,119.32,107.79,100.31,100.63,115.5571,1,126.4203,0,28058,46883,4.2010,4.8293,-0.6282,67.08
2025-09-29,122.33,123.52,120.05,123.10,122.59,120.04,108.26,100.49,100.73,115.5571,1,125.9010,0,28222,46997,4.0550,4.6744,-0.6194,65.65
2025-09-30,123.33,123.62,120.82,122.28,122.57,120.76,108.70,100.63,100.83,115.5571,1,125.4233,0,32630,46901,3.8290,4.5053,-0.6764,67.37
2025-10-01,122.64,124.36,122.11,124.23,122.54,121.41,109.13,100.78,100.93,115.5571,1,124.9838,0,48708,46763,3.7642,4.3571,-0.5929,70.16
2025-10-02,123.74,124.39,121.13,121.58,122.15,121.79,109.67,100.92,101.03,115.5571,1,124.5795,0,43036,45231,3.4587,4.1774,-0.7187,68.84
2025-10-03,121.85,122.94,120.75,121.56,121.97,122.07,110.26,101.06,101.12,115.5571,1,124.3913,0,37068,44928,3.1783,3.9776,-0.7992,67.29
2025-10-06,121.04,121.57,114.79,116.80,121.63,121.94,110.75,101.16,101.20,115.5571,1,124.3913,0,63543,45333,2.5430,3.6907,-1.1477,60.90
2025-10-07,115.11,115.91,113.76,115.06,120.98,121.73,111.21,101.26,101.26,124.4041,0,123.4309,0,65128,45885,1.8776,3.3281,-1.4505,58.52
2025-10-08,116.20,116.89,115.19,115.98,120.40,121.59,111.66,101.36,101.36,124.4041,0,122.2704,0,37577,46047,1.4081,2.9441,-1.5359,59.94
2025-10-09,115.98,116.32,113.07,113.09,119.61,121.10,112.07,101.45,101.43,123.9104,0,121.2493,0,42872,45837,0.7935,2.5140,-1.7204,57.86
2025-10-10,114.97,116.96,113.15,115.60,118.93,120.74,112.55,101.56,101.51,123.9104,0,120.1041,0,55053,46265,0.5030,2.1118,-1.6088,66.13
2025-10-13,115.65,116.21,114.12,115.34,118.15,120.37,112.97,101.70,101.60,123.9104,0,119.1193,0,30895,45871,0.2492,1.7392,-1.4901,63.50
2025-10-14,115.06,118.89,113.69,118.15,117.74,120.16,113.41,101.86,101.69,123.9104,0,113.0696,1,47832,46035,0.2719,1.4458,-1.1739,65.49
2025-10-15,118.45,119.56,117.27,117.31,117.05,119.80,113.80,102.01,101.77,123.9104,0,113.1860,1,28774,45934,0.2196,1.2005,-0.9809,62.71
2025-10-16,116.99,117.15,115.22,115.91,116.48,119.32,114.17,102.16,101.85,123.9104,0,113.4412,1,34219,46198,0.0644,0.9733,-0.9089,62.41
2025-10-17,115.71,118.50,114.65,118.46,116.17,119.07,114.61,102.32,101.95,123.9104,0,113.6861,1,40035,46436,0.1451,0.8077,-0.6625,71.65
2025-10-20,119.53,120.37,118.41,119.83,116.47,119.05,115.08,102.48,102.05,123.9104,0,113.9212,1,28966,46562,0.3162,0.7094,-0.3932,71.61
2025-10-21,118.67,121.39,115.60,119.35,116.90,118.94,115.50,102.62,102.15,123.9104,0,114.3084,1,50613,47090,0.4081,0.6491,-0.2410,72.52
2025-10-22,128.59,132.82,123.45,127.90,118.09,119.25,116.04,102.83,102.30,115.1938,1,114.8750,1,146129,49434,1.1573,0.7508,0.4065,79.84
2025-10-23,127.53,128.42,124.78,126.89,119.47,119.54,116.44,103.01,102.45,115.1938,1,115.5965,1,82336,49183,1.6508,0.9308,0.7200,77.31
2025-10-24,128.32,132.35,126.96,130.96,121.01,119.97,116.92,103.22,102.61,116.5472,1,117.3189,1,82056,49564,2.3430,1.2132,1.1298,79.54
2025-10-27,130.35,132.27,129.25,131.24,122.60,120.38,117.43,103.42,102.78,118.0571,1,118.8691,1,46895,49575,2.8815,1.5469,1.3346,79.50
2025-10-28,130.22,130.86,127.02,128.51,123.64,120.69,117.92,103.61,102.95,118.0571,1,120.2643,1,47962,49751,3.0524,1.8480,1.2045,76.37
2025-10-29,126.99,128.24,123.24,124.48,124.35,120.70,118.29,103.77,103.10,118.0571,1,121.5200,1,41402,49930,2.8303,2.0445,0.7859,74.10
2025-10-30,124.28,126.44,123.14,123.68,125.13,120.80,118.69,103.93,103.22,118.0571,1,122.6501,1,24834,49786,2.5603,2.1476,0.4126,74.07
2025-10-31,122.98,124.49,122.66,124.18,125.70,120.94,119.13,104.10,103.33,118.0571,1,132.8209,0,24747,49341,2.3597,2.1900,0.1696,75.27
2025-11-03,122.70,125.29,121.53,125.20,126.24,121.36,119.47,104.28,103.44,118.0571,1,132.6178,0,31545,48737,2.2567,2.2034,0.0533,76.22
2025-11-04,124.91,125.42,122.95,125.22,126.83,121.86,119.81,104.46,103.54,118.0571,1,132.1742,0,36599,48947,2.1519,2.1931,-0.0412,77.76
2025-11-05,125.19,125.19,123.31,123.40,126.38,122.24,120.13,104.61,103.62,118.0571,1,131.7484,0,35443,48708,1.9004,2.1345,-0.2342,74.48
2025-11-06,124.23,124.23,120.42,122.84,125.97,122.72,120.44,104.75,103.70,118.0571,1,131.3396,0,33813,48808,1.6368,2.0350,-0.3982,74.03
2025-11-07,123.34,124.71,121.56,124.37,125.31,123.16,120.78,104.91,103.79,118.0571,1,130.6847,0,32962,48828,1.5336,1.9347,-0.4011,73.65
2025-11-10,124.86,127.10,124.32,125.62,124.75,123.68,121.12,105.12,103.88,118.0571,1,130.0690,0,25045,48633,1.5346,1.8547,-0.3201,73.09
2025-11-11,127.00,128.86,125.09,127.83,124.68,124.16,121.52,105.36,103.96,118.0571,1,129.4902,0,31572,48528,1.6942,1.8226,-0.1284,74.44
2025-11-12,127.20,128.60,126.98,127.48,124.98,124.67,121.84,105.59,104.05,118.0571,1,128.9462,0,22924,47933,1.7724,1.8126,-0.0401,74.21
2025-11-13,127.03,127.60,124.54,125.40,125.15,125.14,122.07,105.85,104.13,118.0571,1,128.8628,0,28698,47484,1.6473,1.7795,-0.1322,74.48
2025-11-14,125.70,126.34,123.86,125.38,125.27,125.49,122.26,106.07,104.20,118.0571,1,128.5963,0,43898,46760,1.5290,1.7294,-0.2004,75.25
2025-11-17,126.43,126.43,122.62,123.15,125.07,125.65,122.33,106.26,104.30,118.0571,1,128.1059,0,33333,45625,1.2413,1.6318,-0.3905,75.62
2025-11-18,122.72,124.08,122.09,123.61,124.91,125.87,122.42,106.45,104.42,118.0571,1,127.6449,0,30345,45207,1.0380,1.5130,-0.4750,73.59
2025-11-19,123.51,124.29,122.76,123.21,124.89,125.63,122.51,106.65,104.53,118.0571,1,127.2116,0,27596,44764,0.8353,1.3775,-0.5421,73.47
2025-11-20,124.25,125.70,122.60,122.63,124.87,125.42,122.50,106.83,104.63,118.0571,1,126.8043,0,41817,43739,0.6205,1.2261,-0.6056,76.07
2025-11-21,124.42,127.01,123.74,124.92,124.92,125.12,122.54,107.04,104.74,118.0571,1,120.4233,1,76981,44407,0.6282,1.1065,-0.4783,76.60
2025-11-24,126.01,127.48,125.05,126.33,124.99,124.87,122.62,107.26,104.86,118.0571,1,120.5550,1,59371,44738,0.7391,1.0330,-0.2939,75.89
2025-11-25,129.06,132.83,127.80,132.26,125.44,125.06,122.81,107.52,105.02,120.0301,1,120.8319,1,77334,45460,1.2912,1.0847,0.2065,78.79
2025-11-26,131.51,135.04,130.52,134.62,126.15,125.57,123.02,107.80,105.19,122.1688,1,121.5517,1,47961,44893,1.8969,1.2471,0.6498,79.66
2025-11-28,133.34,135.17,132.66,133.15,126.93,126.04,123.17,108.08,105.36,123.6137,1,122.6303,1,22258,44050,2.2322,1.4441,0.7881,77.28
2025-12-01,132.37,133.55,131.15,132.67,127.66,126.46,123.35,108.34,105.53,123.6137,1,123.8847,1,45604,43293,2.4316,1.6416,0.7900,76.95
2025-12-02,133.76,133.76,130.37,130.42,128.38,126.73,123.56,108.58,105.68,123.6137,1,125.0136,1,51120,43453,2.3809,1.7895,0.5914,74.62
2025-12-03,131.42,134.39,130.25,132.44,129.27,127.09,123.78,108.83,105.85,123.6137,1,126.0296,1,42648,43601,2.4751,1.9266,0.5485,73.87
2025-12-04,132.04,134.21,130.85,131.18,130.06,127.48,123.96,109.07,106.00,123.6137,1,126.9440,1,51388,43928,2.4196,2.0252,0.3944,71.12
2025-12-05,130.37,132.17,128.86,129.52,130.75,127.81,124.14,109.29,106.15,123.6137,1,127.7669,1,50165,44400,2.2168,2.0635,0.1533,70.67
2025-12-08,129.76,129.76,127.25,127.67,131.03,127.97,124.24,109.50,106.30,123.6137,1,135.1736,0,29524,44430,1.8850,2.0278,-0.1428,68.33
2025-12-09,128.61,128.61,126.49,127.11,131.11,128.05,124.32,109.72,106.44,123.6137,1,135.0151,0,38618,44637,1.5586,1.9340,-0.3753,67.39
2025-12-10,127.72,130.65,126.63,129.60,130.84,128.14,124.47,109.95,106.59,123.6137,1,134.6739,0,48021,44945,1.4841,1.8440,-0.3599,67.73
2025-12-11,130.00,132.10,129.89,130.42,130.42,128.29,124.59,110.17,106.73,123.6137,1,134.3464,0,45491,44881,1.4742,1.7700,-0.2958,67.61
2025-12-12,130.78,130.92,128.58,129.10,130.01,128.47,124.74,110.39,106.88,123.6137,1,134.0320,0,49935,45019,1.3439,1.6848,-0.3409,65.77
2025-12-15,129.80,129.80,127.71,129.10,129.66,128.66,124.89,110.61,107.02,123.6137,1,133.7302,0,37500,45028,1.2266,1.5932,-0.3666,66.97
2025-12-16,129.43,129.59,127.16,129.06,129.52,128.95,125.14,110.82,107.15,123.6137,1,133.4405,0,42263,44602,1.1175,1.4980,-0.3806,67.66
2025-12-17,128.49,131.11,125.29,128.81,129.16,129.21,125.41,111.03,107.30,123.6137,1,133.1623,0,40359,44107,0.9995,1.3983,-0.3988,69.74
2025-12-18,131.53,132.05,129.90,131.01,129.14,129.60,125.71,111.24,107.45,123.6137,1,132.6899,0,55546,44466,1.0709,1.3328,-0.2619,71.17
2025-12-19,133.77,136.07,132.36,133.19,129.51,130.13,126.11,111.46,107.62,123.9548,1,125.2893,1,81674,45242,1.2891,1.3241,-0.0350,71.73
2025-12-22,132.47,133.30,131.62,133.28,130.07,130.55,126.47,111.69,107.79,123.9548,1,125.5050,1,34701,44835,1.4525,1.3498,0.1027,68.53
2025-12-23,133.36,133.36,131.57,131.71,130.53,130.82,126.80,111.90,107.97,123.9548,1,125.7164,1,25000,44717,1.4384,1.3675,0.0709,65.67
2025-12-24,131.52,133.09,130.70,132.56,130.83,130.83,127.08,112.16,108.16,123.9548,1,125.9236,1,12098,44002,1.4789,1.3898,0.0891,68.12
2025-12-26,132.95,132.95,131.57,132.47,131.03,130.72,127.39,112.41,108.35,123.9548,1,126.1266,1,22507,43877,1.4866,1.4091,0.0775,68.95
2025-12-29,132.61,132.83,131.15,132.11,131.33,130.67,127.71,112.67,108.55,123.9548,1,126.3255,1,31310,43819,1.4466,1.4166,0.0299,71.36
2025-12-30,131.75,133.48,131.33,131.85,131.61,130.63,127.98,112.92,108.73,124.3491,1,126.5205,1,17084,43360,1.3781,1.4089,-0.0308,71.73
2025-12-31,131.59,132.10,130.30,130.44,131.74,130.63,128.19,113.16,108.91,124.3491,1,126.7115,1,31932,43419,1.1968,1.3665,-0.1697,71.17
2026-01-02,130.17,131.19,128.67,130.12,131.87,130.52,128.41,113.39,109.07,124.3491,1,126.8988,1,34390,43095,1.0150,1.2962,-0.2812,69.97
2026-01-05,129.64,133.41,128.00,132.84,132.06,130.60,128.51,113.65,109.25,124.3491,1,127.0823,1,37163,40915,1.0780,1.2526,-0.1745,70.69
2026-01-06,132.21,134.11,130.35,133.58,132.10,130.80,128.64,113.92,109.42,124.3491,1,127.2621,1,34914,39967,1.1744,1.2369,-0.0626,70.24
2026-01-07,133.94,135.57,131.50,134.84,132.25,131.16,128.72,114.19,109.59,124.3491,1,127.4384,1,59650,39519,1.3367,1.2569,0.0798,72.09
2026-01-08,133.85,137.38,132.78,135.94,132.67,131.60,128.81,114.48,109.77,125.4052,1,127.6111,1,39280,39366,1.5362,1.3127,0.2235,69.95
2026-01-09,136.84,145.13,135.84,144.64,133.88,132.35,129.13,114.82,109.99,128.9876,1,128.0018,1,102786,40463,2.3696,1.5241,0.8455,77.14
2026-01-12,142.77,146.76,142.48,144.81,135.12,133.07,129.54,115.16,110.21,132.9875,1,129.0293,1,41888,40473,3.0090,1.8211,1.1879,75.90
2026-01-13,144.92,144.92,142.56,144.05,136.31,133.82,129.95,115.49,110.44,132.9875,1,130.4478,1,45177,40880,3.4148,2.1398,1.2750,76.70
2026-01-14,143.06,146.07,142.81,145.81,137.71,134.66,130.38,115.82,110.67,133.4068,1,131.7527,1,48337,41351,3.8344,2.4787,1.3556,79.45
2026-01-15,147.29,151.38,144.58,149.10,139.57,135.66,130.86,116.18,110.93,136.0130,1,132.9533,1,68900,42098,4.3822,2.8594,1.5228,80.21
2026-01-16,149.33,158.66,149.17,157.77,142.34,137.11,131.51,116.58,111.22,140.2790,1,134.7960,1,159906,44565,5.4529,3.3781,2.0748,84.35
2026-01-20,154.82,155.73,148.15,148.97,143.95,138.00,132.02,116.95,111.46,140.2790,1,137.6599,1,127208,46400,5.5272,3.8079,1.7192,82.09
2026-01-21,146.41,151.00,146.41,150.69,145.66,138.88,132.58,117.33,111.71,140.2790,1,140.1802,1,55163,46827,5.6597,4.1783,1.4814,79.27
2026-01-22,152.06,152.43,149.80,150.06,147.18,139.72,133.09,117.72,111.95,140.2790,1,142.3980,1,41057,46989,5.6493,4.4725,1.1768,79.47
2026-01-23,148.70,149.88,147.63,149.29,148.52,140.60,133.56,118.09,112.23,140.2790,1,144.3497,1,33422,47156,5.5152,4.6810,0.8342,79.17
2026-01-26,149.23,151.54,147.60,150.35,149.09,141.49,134.01,118.47,112.53,140.2790,1,146.0672,1,55268,47630,5.4318,4.8312,0.6006,78.83
2026-01-27,150.50,150.50,144.45,147.88,149.40,142.26,134.42,118.82,112.80,140.2790,1,158.6622,0,99167,49155,5.1072,4.8864,0.2208,77.70
2026-01-28,147.93,149.18,145.37,145.42,149.53,142.92,134.82,119.14,113.09,140.2790,1,158.3781,0,146892,51519,4.5989,4.8289,-0.2300,77.82
2026-01-29,146.10,148.42,144.95,148.12,149.77,143.74,135.28,119.49,113.37,140.2790,1,158.0996,0,114296,52927,4.3630,4.7357,-0.3727,79.55
2026-01-30,110.81,110.81,92.51,98.86,144.74,142.16,134.79,119.49,113.39,130.3397,0,157.8267,0,522322,62707,0.1994,3.8285,-3.6290,20.51
2026-02-02,97.24,98.05,89.95,92.08,138.17,140.26,134.16,119.45,113.38,122.4833,0,155.2140,0,302934,68158,-3.6056,2.3416,-5.9472,13.86
2026-02-03,92.10,92.94,87.80,92.16,132.49,138.22,133.54,119.41,113.37,117.5443,0,151.2980,0,263428,72875,-6.5393,0.5655,-7.1048,14.61
2026-02-04,92.73,95.39,90.99,95.06,126.93,136.30,132.99,119.38,113.37,117.5443,0,146.2182,0,147348,74986,-8.5320,-1.2540,-7.2780,16.75
2026-02-05,96.24,96.96,92.65,96.49,121.57,134.38,132.42,119.35,113.39,117.5443,0,141.5448,0,104932,75545,-9.8824,-2.9797,-6.9027,18.29
2026-02-06,97.10,98.86,93.97,94.59,116.10,132.31,131.79,119.31,113.39,117.5443,0,137.2453,0,99147,76340,-10.9793,-4.5796,-6.3997,14.53
2026-02-09,94.59,95.64,92.76,93.81,110.45,129.77,131.02,119.28,113.40,116.2220,0,133.2897,0,74009,76274,-11.7759,-6.0189,-5.7570,13.37
2026-02-10,94.64,96.48,92.52,93.45,105.00,127.20,130.19,119.24,113.40,115.5086,0,129.6505,0,116504,77645,-12.2942,-7.2739,-5.0203,12.73
2026-02-11,92.51,93.95,88.72,89.44,99.41,124.47,129.32,119.17,113.39,111.8166,0,126.3025,0,113145,79462,-12.8799,-8.3951,-4.4848,11.87
2026-02-12,92.41,92.41,87.45,90.52,93.65,121.71,128.48,119.11,113.37,109.8508,0,123.2224,0,154417,81639,-13.1060,-9.3373,-3.7687,14.49
2026-02-13,90.67,93.35,89.88,91.34,92.89,118.82,127.69,119.06,113.36,109.8508,0,119.6456,0,75264,82122,-13.0688,-10.0836,-2.9852,14.08
2026-02-17,92.62,93.75,91.73,93.19,93.00,115.59,126.91,119.02,113.35,109.8508,0,116.4264,0,121049,83690,-12.7426,-10.6154,-2.1272,14.45
2026-02-18,92.64,96.18,92.64,95.36,93.32,112.91,126.19,119.01,113.35,109.8508,0,113.5292,0,92909,84520,-12.1692,-10.9262,-1.2431,14.87
2026-02-19,94.97,95.66,92.40,93.64,93.18,110.06,125.48,118.98,113.34,109.8508,0,110.9217,0,69446,84906,-11.7183,-11.0846,-0.6337,14.08
2026-02-20,93.30,94.01,91.51,91.55,92.69,107.13,124.75,118.93,113.31,108.2231,0,108.5750,0,78303,85881,-11.3978,-11.1472,-0.2506,13.32
2026-02-23,91.55,91.55,88.51,89.67,92.20,104.15,124.00,118.86,113.29,104.8612,0,106.4629,0,91802,86945,-11.1672,-11.1512,-0.0160,13.74
2026-02-24,89.67,90.96,88.84,90.53,91.87,101.16,123.22,118.80,113.27,103.8834,0,104.5620,0,82427,87633,-10.7905,-11.0791,0.2886,14.22
2026-02-25,90.83,92.40,89.40,92.06,91.73,98.37,122.46,118.73,113.24,103.8834,0,102.8512,0,72810,88179,-10.2503,-10.9133,0.6630,14.22
2026-02-26,92.07,93.28,91.41,92.25,92.01,95.71,121.72,118.71,113.23,103.8834,0,101.3115,0,73498,88651,-9.6953,-10.6697,0.9744,12.95
2026-02-27,93.00,93.17,90.88,91.26,92.08,92.87,120.96,118.70,113.20,103.8834,0,99.9258,0,109277,90086,-9.2291,-10.3816,1.1525,13.25
2026-03-02,88.68,90.67,87.86,89.72,91.92,92.41,120.17,118.69,113.16,101.1862,0,98.6786,0,83963,90920,-8.8815,-10.0816,1.2001,12.13
2026-03-03,87.21,89.56,86.04,89.10,91.51,92.26,119.38,118.67,113.12,99.6318,0,97.5562,0,51809,91149,-8.5570,-9.7767,1.2197,11.71
2026-03-04,89.24,91.05,88.72,90.01,90.98,92.15,118.56,118.64,113.07,99.6318,0,96.1748,0,58546,91209,-8.1332,-9.4480,1.3148,11.49
2026-03-05,88.92,90.80,87.18,87.88,90.40,91.79,117.65,118.61,113.01,99.6318,0,94.9591,0,75162,91079,-7.8779,-9.1340,1.2560,10.81
2026-03-06,87.50,87.50,84.05,85.57,89.80,91.25,116.70,118.57,112.94,97.0930,0,93.8894,0,107043,92526,-7.7726,-8.8617,1.0891,9.88
2026-03-09,84.37,86.48,83.53,86.37,89.47,90.84,115.79,118.52,112.88,96.0765,0,92.5117,0,90873,93843,-7.5374,-8.5968,1.0594,10.66
2026-03-10,86.86,89.84,85.95,88.93,89.31,90.59,114.92,118.47,112.85,96.0765,0,91.0751,0,83579,95273,-7.0630,-8.2901,1.2271,13.17
2026-03-11,88.45,88.68,84.77,87.01,88.81,90.27,114.01,118.40,112.81,96.0765,0,89.8684,0,65869,96140,-6.7644,-7.9849,1.2206,12.46
2026-03-12,86.46,87.39,83.61,83.99,87.98,90.00,113.05,118.31,112.77,96.0765,0,89.8364,0,61909,96752,-6.6941,-7.7268,1.0327,11.41
2026-03-13,84.74,85.46,83.05,83.52,87.21,89.65,112.08,118.22,112.71,95.1218,0,88.8279,0,45621,97323,-6.5999,-7.5014,0.9015,11.33
2026-03-16,85.27,87.59,84.93,85.85,86.82,89.37,111.19,118.15,112.66,95.1218,0,87.7873,0,63312,97950,-6.2656,-7.2542,0.9886,11.85
2026-03-17,86.46,87.66,86.05,86.71,86.58,89.05,110.32,118.08,112.62,95.1218,0,83.0466,1,56253,98388,-5.8634,-6.9761,1.1126,11.96
2026-03-18,85.41,87.72,85.18,86.57,86.24,88.61,109.40,117.98,112.58,95.1218,0,83.1389,1,42838,98501,-5.4926,-6.6794,1.1868,13.12
2026-03-19,85.84,88.00,85.57,87.38,86.19,88.30,108.47,117.85,112.56,95.1218,0,83.3222,1,41577,98634,-5.0745,-6.3584,1.2839,13.12
2026-03-20,86.97,86.97,82.95,83.83,86.02,87.91,107.45,117.70,112.51,95.1218,0,88.0000,0,62096,98683,-4.9726,-6.0813,1.1086,10.12
2026-03-23,86.02,87.22,84.87,84.87,85.87,87.67,106.43,117.56,112.47,95.1218,0,88.0000,0,45948,98817,-4.7530,-5.8156,1.0626,9.15
2026-03-24,83.45,84.38,82.70,83.68,85.34,87.33,105.21,117.42,112.42,93.3838,0,87.8989,0,58083,97923,-4.6218,-5.5768,0.9551,10.16
2026-03-25,84.50,85.82,83.66,85.80,85.22,87.01,104.03,117.29,112.38,93.3838,0,87.6910,0,48695,98059,-4.2976,-5.3210,1.0234,11.21
2026-03-26,84.77,86.49,84.77,85.81,85.40,86.69,102.87,117.17,112.33,93.3838,0,87.4913,0,34213,97839,-3.9939,-5.0556,1.0617,12.56
2026-03-27,82.06,86.55,82.04,84.84,85.53,86.37,101.65,117.05,112.28,93.3838,0,87.2996,0,40744,97688,-3.7872,-4.8019,1.0147,14.17
2026-03-30,85.29,85.92,83.93,84.28,85.38,86.10,100.35,116.89,112.22,93.3838,0,86.9843,0,55389,97417,-3.6273,-4.5670,0.9397,13.12
2026-03-31,85.33,87.31,84.54,86.76,85.38,85.98,98.93,116.75,112.17,93.3838,0,82.0440,1,48621,95192,-3.2627,-4.3061,1.0435,13.12
2026-04-01,88.05,88.11,86.97,87.06,85.43,85.84,97.69,116.61,112.13,93.3838,0,82.1492,1,32133,93290,-2.9161,-4.0281,1.1120,13.45
2026-04-02,85.12,89.95,84.70,89.44,85.64,85.91,96.47,116.50,112.11,93.3838,0,82.3876,1,50916,93205,-2.4212,-3.7067,1.2855,15.06
2026-04-06,89.38,90.41,88.66,89.72,86.23,86.12,95.26,116.38,112.10,93.3838,0,82.8411,1,39469,93173,-1.9838,-3.3621,1.3784,15.58
2026-04-07,89.39,89.39,87.65,87.80,86.52,86.19,94.03,116.24,112.08,93.3838,0,83.4468,1,39263,93290,-1.7713,-3.0440,1.2727,12.96
2026-04-08,91.45,92.52,89.74,90.94,87.24,86.29,92.84,116.12,112.06,93.3838,0,84.0040,1,56817,93321,-1.3343,-2.7020,1.3677,14.31
2026-04-09,90.14,92.21,89.14,91.10,87.77,86.50,91.71,115.99,112.04,93.3838,0,84.8553,1,113299,93604,-0.9641,-2.3545,1.3903,14.09
2026-04-10,90.18,91.21,89.47,90.74,88.27,86.83,90.61,115.84,112.01,93.3838,0,85.6214,1,38831,91443,-0.6916,-2.0219,1.3303,14.46
2026-04-13,90.34,92.39,89.78,92.35,89.02,87.28,89.50,115.68,111.99,93.3838,0,86.3109,1,39919,89955,-0.3420,-1.6859,1.3439,15.51
2026-04-14,92.79,93.05,91.60,91.99,89.79,87.58,89.36,115.50,111.96,93.3838,0,86.9315,1,44389,80396,-0.0926,-1.3672,1.2746,14.38
2026-04-15,92.26,92.59,90.62,91.07,90.22,87.80,89.34,115.31,111.93,93.3838,0,87.6660,1,43668,75211,0.0302,-1.0878,1.1179,12.36
2026-04-16,91.02,91.73,90.45,91.06,90.62,88.03,89.32,115.12,111.89,93.3838,0,88.3124,1,37123,70685,0.1252,-0.8452,0.9704,10.76
2026-04-17,92.80,95.09,92.21,93.88,91.06,88.35,89.29,114.93,111.86,85.5804,1,88.8813,1,58737,68913,0.4232,-0.5915,1.0147,10.61
2026-04-20,93.05,93.87,92.53,93.61,91.45,88.84,89.24,114.73,111.82,85.5804,1,89.7502,1,42416,67663,0.6304,-0.3471,0.9775,10.08
2026-04-21,94.33,95.07,89.61,89.98,91.67,89.09,89.15,114.52,111.77,85.5804,1,95.0876,0,45692,66593,0.4957,-0.1786,0.6743,9.22
2026-04-22,90.53,91.13,88.86,89.80,91.56,89.40,89.06,114.30,111.73,85.5804,1,95.0678,0,43945,65992,0.3703,-0.0688,0.4391,8.32
2026-04-23,89.77,90.07,88.21,89.19,91.37,89.57,88.98,114.06,111.68,85.5804,1,95.0678,0,33963,64341,0.2195,-0.0111,0.2307,9.33
2026-04-24,88.65,90.86,88.11,90.72,91.36,89.82,89.01,113.83,111.63,85.5804,1,94.6562,0,30543,62689,0.2209,0.0353,0.1856,9.55
2026-04-27,90.42,91.82,89.84,90.22,91.15,90.08,89.00,113.61,111.58,85.5804,1,94.1325,0,35311,60307,0.1798,0.0642,0.1156,9.52
2026-04-28,90.83,90.83,90.01,90.51,91.00,90.40,88.98,113.41,111.54,85.5804,1,93.6506,0,34101,59484,0.1685,0.0850,0.0835,9.52
2026-04-29,89.80,90.29,88.19,88.53,90.75,90.48,88.89,113.19,111.49,85.5804,1,93.2073,0,53883,58141,-0.0006,0.0679,-0.0685,19.12
2026-04-30,88.70,90.24,88.70,89.63,90.61,90.61,88.77,112.98,111.45,85.5804,1,92.7994,0,38093,57044,-0.0452,0.0453,-0.0905,21.55
2026-05-01,90.20,91.82,89.68,91.45,90.36,90.71,88.73,112.78,111.42,85.5804,1,92.4242,0,46627,56588,0.0661,0.0494,0.0166,22.22
2026-05-04,91.18,91.18,88.90,89.23,89.93,90.69,88.68,112.56,111.37,85.5804,1,92.0790,0,44145,55905,-0.0249,0.0346,-0.0595,18.70
2026-05-05,89.21,89.41,86.83,86.84,89.61,90.64,88.63,112.32,111.30,85.5804,1,91.8218,0,89431,55857,-0.2867,-0.0297,-0.2570,13.66
2026-05-06,84.64,87.90,84.64,86.43,89.28,90.42,88.55,112.08,111.23,85.5804,1,91.3225,0,113269,56474,-0.5210,-0.1279,-0.3931,14.67
2026-05-07,86.74,89.04,86.36,88.01,89.16,90.26,88.47,111.84,111.16,85.5804,1,90.5211,0,66291,56344,-0.5728,-0.2169,-0.3559,17.81
2026-05-08,88.68,90.01,87.27,89.88,89.07,90.22,88.42,111.63,111.14,85.5804,1,84.6448,1,45451,55783,-0.4579,-0.2651,-0.1928,20.22
2026-05-11,89.70,89.84,87.48,87.70,88.82,89.99,88.35,111.40,111.12,85.5804,1,84.7520,1,45907,54515,-0.5361,-0.3193,-0.2168,20.82
2026-05-12,87.35,88.35,85.78,87.98,88.57,89.79,88.31,111.21,111.09,85.5804,1,84.8571,1,38669,53610,-0.5691,-0.3693,-0.1998,20.89
2026-05-13,86.87,88.30,85.62,87.10,88.42,89.59,88.27,111.02,111.07,85.5804,1,84.9600,1,31946,53212,-0.6589,-0.4272,-0.2317,19.96
2026-05-14,87.69,88.26,86.16,87.18,88.18,89.39,88.22,110.83,111.04,85.5804,1,85.0609,1,28524,52612,-0.7155,-0.4849,-0.2306,18.61
2026-05-15,86.15,87.22,84.88,85.06,87.54,88.95,88.16,110.64,111.00,93.4642,0,90.0052,0,54405,52197,-0.9203,-0.5719,-0.3484,17.20
2026-05-18,85.72,86.66,85.17,86.14,87.23,88.58,88.17,110.45,110.97,93.0648,0,89.9027,0,32556,50707,-0.9845,-0.6544,-0.3300,18.73
2026-05-19,85.72,85.72,83.85,84.12,86.96,88.29,88.13,110.24,110.92,91.9064,0,89.8023,0,45809,49806,-1.1848,-0.7605,-0.4243,18.39
2026-05-20,84.74,86.81,83.55,86.76,86.99,88.13,88.08,110.03,110.87,91.9064,0,89.5641,0,40427,48943,-1.1177,-0.8320,-0.2858,19.06
2026-05-21,85.68,87.19,84.35,86.69,86.86,88.01,88.08,109.82,110.82,91.9064,0,89.2031,0,48357,48592,-1.0580,-0.8772,-0.1808,17.85
2026-05-22,86.55,86.75,85.30,85.55,86.43,87.75,88.11,109.62,110.76,91.9064,0,88.8638,0,38217,48119,-1.0897,-0.9197,-0.1700,14.71
2026-05-26,86.17,86.67,85.14,85.79,86.23,87.53,88.15,109.40,110.71,91.9064,0,88.5448,0,35369,47914,-1.0830,-0.9523,-0.1307,15.27
2026-05-27,86.51,87.08,85.94,87.05,86.14,87.35,88.18,109.19,110.66,91.9064,0,88.2450,0,46710,47582,-0.9646,-0.9548,-0.0098,16.42
2026-05-28,86.26,87.01,84.91,86.05,86.04,87.23,88.16,108.96,110.60,91.9064,0,87.9631,0,38828,47233,-0.9410,-0.9520,0.0110,14.33
2026-05-29,85.85,86.04,83.52,83.55,85.67,86.93,88.10,108.67,110.51,91.4785,0,87.6982,0,81010,47996,-1.1113,-0.9839,-0.1274,11.56
2026-06-01,83.18,83.41,81.92,82.17,85.39,86.46,88.00,108.37,110.39,89.1837,0,87.3637,0,55326,48271,-1.3417,-1.0555,-0.2863,9.55
2026-06-02,81.66,84.06,81.46,83.72,85.14,86.19,88.00,108.06,110.27,89.1837,0,86.8198,0,64265,48315,-1.3838,-1.1211,-0.2627,13.05
2026-06-03,82.86,83.94,80.06,80.29,84.76,85.86,87.90,107.72,110.14,89.1424,0,86.1761,0,66656,48729,-1.6743,-1.2318,-0.4426,11.97
2026-06-04,80.84,81.81,80.74,81.22,84.21,85.60,87.85,107.40,110.03,88.1631,0,85.3200,0,51975,48607,-1.8090,-1.3472,-0.4618,11.25
2026-06-05,81.07,82.39,80.40,80.93,83.63,85.24,87.76,107.11,109.91,88.1631,0,84.5837,0,32204,48277,-1.9169,-1.4612,-0.4558,10.58
2026-06-08,80.94,81.08,78.51,79.25,83.00,84.71,87.63,106.81,109.78,86.6792,0,83.9505,0,34227,48277,-2.1131,-1.5916,-0.5216,9.91
2026-06-09,79.91,82.72,79.91,81.45,82.57,84.40,87.56,106.53,109.68,86.6792,0,83.0796,0,35533,48173,-2.0680,-1.6868,-0.3811,11.39
2026-06-10,81.23,82.07,79.62,79.77,81.84,83.99,87.47,106.23,109.54,86.6792,0,82.7207,0,24472,47555,-2.1425,-1.7780,-0.3645,11.17
2026-06-11,80.10,80.76,77.37,80.37,81.27,83.65,87.34,105.93,109.40,86.6057,0,82.7207,0,47206,47526,-2.1288,-1.8481,-0.2807,10.23
2026-06-12,80.46,81.88,79.71,81.35,81.05,83.36,87.23,105.65,109.27,86.6057,0,82.0732,0,25045,47385,-2.0159,-1.8817,-0.1342,10.49
2026-06-15,82.53,84.27,81.86,82.09,81.04,83.21,87.08,105.37,109.14,86.6057,0,77.3714,1,44526,47257,-1.8449,-1.8743,0.0294,9.79
2026-06-16,81.97,83.47,81.68,83.28,81.00,83.07,86.95,105.10,109.02,86.6057,0,77.5094,1,52459,47517,-1.5954,-1.8186,0.2232,10.01
2026-06-17,83.59,85.46,80.39,80.89,81.06,82.91,86.81,104.80,108.88,86.6057,0,77.6448,1,56028,47852,-1.5724,-1.7693,0.1969,10.12
2026-06-18,81.47,82.91,81.47,82.06,81.14,82.68,86.63,104.50,108.75,86.6057,0,77.9574,1,42854,47573,-1.4427,-1.7040,0.2613,10.90
2026-06-22,81.40,82.92,79.03,79.50,81.00,82.32,86.40,104.18,108.59,86.6057,0,78.2575,1,37064,46048,-1.5289,-1.6690,0.1401,10.31
2026-06-23,79.73,80.82,79.38,79.93,81.07,82.04,86.19,103.87,108.42,86.6057,0,78.5456,1,49677,46265,-1.5448,-1.6441,0.0994,9.75
2026-06-24,80.40,83.41,80.40,83.03,81.23,81.90,86.00,103.59,108.26,86.6057,0,78.8222,1,56686,46600,-1.2925,-1.5738,0.2813,11.50
2026-06-25,83.68,84.90,82.70,83.98,81.65,81.74,85.84,103.33,108.08,86.6057,0,79.0877,1,34074,46394,-1.0046,-1.4600,0.4553,12.61
2026-06-26,84.24,86.02,83.00,85.75,82.19,81.73,85.73,103.08,107.91,86.6057,0,79.3426,1,109382,47708,-0.6262,-1.2932,0.6670,13.28
2026-06-29,85.64,86.78,84.09,85.82,82.63,81.84,85.63,102.83,107.75,86.6057,0,79.7431,1,55653,48079,-0.3170,-1.0980,0.7810,13.09
2026-06-30,85.80,87.16,85.43,86.77,83.10,82.07,85.49,102.59,107.57,78.4837,1,80.3057,1,72938,48363,0.0043,-0.8775,0.8819,13.94
2026-07-01,86.56,87.42,84.30,84.50,83.22,82.11,85.30,102.32,107.38,78.4837,1,80.9915,1,44595,48406,0.0757,-0.6869,0.7626,10.08
2026-07-02,84.18,86.42,81.80,83.15,83.45,82.25,85.17,102.03,107.18,78.4837,1,81.7632,1,45758,48408,0.0226,-0.5450,0.5676,8.59
2026-07-06,83.27,83.43,81.50,83.43,83.59,82.36,85.04,101.71,106.98,78.4837,1,87.4226,0,45041,48430,0.0031,-0.4354,0.4384,9.15
2026-07-07,81.93,82.56,79.89,80.80,83.71,82.36,84.87,101.35,106.77,78.4837,1,87.3041,0,48869,48728,-0.2221,-0.3927,0.1706,6.77
2026-07-08,79.99,81.49,79.34,80.61,83.78,82.43,84.67,101.00,106.54,78.4837,1,87.0076,0,41609,48949,-0.4111,-0.3964,-0.0147,6.85
2026-07-09,80.89,81.86,80.22,81.62,83.64,82.43,84.50,100.66,106.33,78.4837,1,86.5477,0,32325,48889,-0.4734,-0.4118,-0.0616,7.96
2026-07-10,82.20,82.62,80.97,82.03,83.45,82.55,84.33,100.34,106.14,78.4837,1,86.1155,0,20497,48617,-0.4842,-0.4263,-0.0580,8.32
2026-07-13,82.08,82.81,81.10,81.17,82.99,82.59,84.18,99.99,105.94,78.4837,1,85.7092,0,36503,48270,-0.5563,-0.4523,-0.1041,8.55
2026-07-14,82.28,83.18,81.49,82.59,82.67,82.65,84.04,99.67,105.74,78.4837,1,85.3273,0,22270,47953,-0.4929,-0.4604,-0.0325,9.73
2026-07-15,83.44,85.54,82.99,84.65,82.46,82.78,83.91,99.37,105.56,78.4837,1,79.3438,1,49671,48014,-0.2730,-0.4229,0.1499,9.92
2026-07-16,85.49,87.05,84.85,86.49,82.65,82.94,83.85,99.10,105.38,78.5440,1,79.4677,1,35015,47832,0.0486,-0.3286,0.3772,10.66
2026-07-17,85.90,87.02,84.51,84.96,82.84,83.14,83.81,98.82,105.19,78.5440,1,79.7711,1,30687,46657,0.1784,-0.2272,0.4056,10.62
2026-07-20,85.09,85.09,82.46,83.26,82.82,83.20,83.75,98.51,105.00,78.5440,1,80.0625,1,45083,45293,0.1421,-0.1534,0.2955,9.87
2026-07-21,84.04,84.04,81.76,83.67,83.11,83.41,83.66,98.19,104.79,78.5440,1,80.3421,1,29145,44550,0.1447,-0.0937,0.2385,10.28
2026-07-22,83.84,84.71,83.26,84.36,83.48,83.63,83.55,97.90,104.61,78.5440,1,80.6106,1,25119,44143,0.2007,-0.0348,0.2356,11.13
2026-07-23,84.73,84.73,81.56,82.29,83.55,83.59,83.44,97.58,104.41,78.5440,1,80.8683,1,49359,44212,0.0770,-0.0125,0.0895,10.36
2026-07-24,82.73,85.24,82.10,84.03,83.75,83.60,83.36,97.28,104.25,78.5440,1,81.1158,1,26941,43978,0.1175,0.0135,0.1040,10.90
2026-07-27,84.98,85.90,83.31,84.15,84.04,83.52,83.31,96.99,104.09,78.5440,1,81.3533,1,46290,44265,0.1574,0.0423,0.1151,12.83
2026-07-28,84.78,86.07,84.51,85.37,84.32,83.49,83.27,96.68,103.94,78.5440,1,81.5813,1,39148,44477,0.2846,0.0908,0.1939,14.23
2026-07-29,84.09,87.37,83.78,85.71,84.43,83.44,83.28,96.37,103.80,78.5440,1,81.8002,1,53310,44455,0.4081,0.1542,0.2538,15.41
2026-07-30,77.42,77.48,71.40,75.58,83.34,83.00,83.07,95.98,103.60,85.6919,0,87.3728,0,184136,47487,-0.3080,0.0618,-0.3698,6.79
2026-07-31,75.42,75.82,74.17,75.12,82.35,82.59,82.89,95.60,103.40,85.6129,0,87.3728,0,80417,48179,-0.9021,-0.1310,-0.7711,6.60
2026-08-03,75.74,76.39,75.53,76.11,81.64,82.23,82.68,95.23,103.19,85.6129,0,87.0534,0,63519,48641,-1.2786,-0.3605,-0.9181,6.93
2026-08-04,75.80,77.72,75.80,76.69,80.94,82.02,82.48,94.86,102.99,85.6129,0,86.7404,0,59975,48873,-1.5121,-0.5908,-0.9213,6.93
2026-08-05,77.20,77.30,74.41,75.60,80.06,81.77,82.28,94.48,102.79,85.2904,0,86.4337,0,47477,49059,-1.7653,-0.8257,-0.9395,5.75
2026-08-06,74.84,76.92,73.63,76.72,79.51,81.53,82.10,94.11,102.58,84.7536,0,86.1331,0,40274,49157,-1.8537,-1.0313,-0.8224,6.64
2026-08-07,76.62,77.69,76.25,77.11,78.82,81.28,81.90,93.76,102.36,84.7536,0,85.8386,0,96863,50160,-1.8709,-1.1992,-0.6716,6.01
2026-08-10,76.54,76.79,74.29,75.56,77.96,81.00,81.69,93.39,102.15,84.4572,0,85.5499,0,88358,51150,-1.9869,-1.3568,-0.6302,4.97
2026-08-11,76.24,76.43,74.82,76.30,77.05,80.69,81.54,93.01,101.89,84.1267,0,85.2670,0,34504,50220,-1.9964,-1.4847,-0.5117,5.38
2026-08-12,76.79,77.50,75.34,76.68,76.15,80.29,81.43,92.64,101.64,84.1267,0,84.9897,0,42847,49971,-1.9501,-1.5778,-0.3724,5.57
2026-08-13,77.42,80.07,77.20,79.17,76.51,79.92,81.34,92.26,101.38,84.1267,0,84.7180,0,38826,49462,-1.6930,-1.6008,-0.0922,6.53
2026-08-14,79.10,79.37,77.45,77.73,76.77,79.56,81.29,91.88,101.11,84.1267,0,84.4517,0,26171,48652,-1.5874,-1.5982,0.0107,6.05
2026-08-17,77.51,77.51,76.03,76.31,76.79,79.21,81.19,91.42,100.85,84.1267,0,84.1908,0,19154,47996,-1.5999,-1.5985,-0.0014,5.71
2026-08-18,76.90,77.04,75.24,75.30,76.65,78.79,81.08,90.96,100.60,83.7936,0,83.9351,0,29698,47946,-1.6721,-1.6132,-0.0588,5.38
2026-08-19,76.33,78.94,76.15,76.84,76.77,78.42,81.03,90.51,100.37,83.7936,0,83.6844,0,37206,48005,-1.5867,-1.6079,0.0212,5.20
2026-08-20,76.09,76.28,74.80,75.74,76.67,78.09,80.92,90.04,100.13,83.3343,0,83.4388,0,30796,47910,-1.5894,-1.6042,0.0148,5.20
2026-08-21,76.02,76.26,74.73,75.09,76.47,77.64,80.83,89.55,99.88,82.9688,0,83.1982,0,26221,47945,-1.6253,-1.6084,-0.0169,4.57
2026-08-24,75.58,76.00,75.01,75.18,76.43,77.20,80.72,89.00,99.63,82.5284,0,82.9623,0,25403,47509,-1.6278,-1.6123,-0.0155,4.86
2026-08-25,75.65,75.90,73.39,74.16,76.22,76.64,80.58,88.50,99.38,81.7191,0,82.7311,0,37703,47762,-1.6925,-1.6283,-0.0641,4.42
2026-08-26,74.15,74.15,72.81,72.90,75.84,75.99,80.39,87.98,99.13,80.2517,0,82.5046,0,30348,47479,-1.8244,-1.6675,-0.1569,4.68
2026-08-27,72.59,73.98,72.10,73.59,75.28,75.90,80.20,87.47,98.88,79.6985,0,82.2826,0,33572,47101,-1.8519,-1.7044,-0.1475,5.37
2026-08-28,74.32,74.50,73.28,73.38,74.85,75.81,80.05,86.96,98.61,79.6985,0,82.0650,0,28934,46559,-1.8692,-1.7374,-0.1318,5.33
2026-08-31,72.99,73.80,72.23,73.11,74.53,75.66,79.87,86.45,98.34,79.2088,0,81.8518,0,43252,46567,-1.8829,-1.7665,-0.1164,5.85
2026-09-01,72.42,72.87,70.67,70.78,74.08,75.36,79.70,85.94,98.06,78.0764,0,81.6429,0,43424,46694,-2.0580,-1.8248,-0.2333,4.96
2026-09-02,71.10,73.19,71.10,72.18,73.61,75.19,79.54,85.45,97.79,78.0764,0,81.2040,0,40839,46518,-2.0602,-1.8719,-0.1883,4.74
2026-09-03,73.15,73.97,72.65,73.23,73.36,75.02,79.35,84.95,97.53,78.0764,0,80.7826,0,30486,45994,-1.9546,-1.8884,-0.0662,5.47
2026-09-04,72.46,73.75,72.46,73.29,73.18,74.83,79.13,84.78,97.28,78.0764,0,80.3781,0,33472,45982,-1.8448,-1.8797,0.0349,5.07
2026-09-08,72.47,73.31,71.94,72.04,72.87,74.65,78.86,84.64,97.02,78.0764,0,79.9898,0,51609,44826,-1.8374,-1.8712,0.0338,4.85
2026-09-09,71.78,72.11,70.68,70.91,72.54,74.38,78.56,84.50,96.76,77.0971,0,79.6170,0,28584,44285,-1.9009,-1.8772,-0.0237,5.18
2026-09-10,70.04,72.15,69.12,69.81,72.23,74.04,78.22,84.33,96.50,76.6759,0,79.2591,0,32078,43468,-2.0167,-1.9051,-0.1116,5.14
2026-09-11,70.67,71.47,70.00,70.36,71.91,73.60,77.94,84.16,96.23,76.6698,0,78.6507,0,23191,43040,-2.0406,-1.9322,-0.1084,4.85
2026-09-14,70.01,70.81,68.94,68.97,71.47,73.16,77.65,83.99,95.94,75.7773,0,78.0789,0,30574,42736,-2.1469,-1.9751,-0.1718,3.85
2026-09-15,69.18,69.20,67.54,68.05,70.96,72.75,77.35,83.82,95.62,74.1801,0,77.3478,0,70513,43245,-2.2792,-2.0359,-0.2432,4.41
2026-09-16,67.51,68.22,65.03,65.95,70.48,72.28,77.05,83.63,95.27,72.8111,0,76.3670,0,64756,43563,-2.5243,-2.1336,-0.3907,3.85
2026-09-17,66.55,67.37,66.06,66.51,69.91,71.76,76.77,83.48,94.94,72.7085,0,75.0066,0,39128,43513,-2.6430,-2.2355,-0.4075,3.84
2026-09-18,66.16,67.11,65.80,66.36,69.23,71.29,76.46,83.32,94.61,72.2421,0,73.8094,0,49292,43853,-2.7177,-2.3319,-0.3858,3.96
2026-09-21,66.43,67.07,65.98,66.60,68.56,70.87,76.15,83.16,94.29,72.0604,0,72.7559,0,31135,44066,-2.7262,-2.4108,-0.3154,3.39
2026-09-22,67.47,67.73,66.19,66.96,68.05,70.46,75.87,82.98,93.96,72.0604,0,71.8288,0,31056,43957,-2.6731,-2.4633,-0.2098,3.24
2026-09-23,66.50,66.59,65.12,65.61,67.52,70.03,75.53,82.78,93.63,71.3065,0,71.0129,0,53052,44572,-2.7087,-2.5123,-0.1963,3.83
2026-09-24,65.66,65.70,64.57,65.26,67.06,69.65,75.14,82.59,93.31,70.3803,0,70.2950,0,49754,44574,-2.7336,-2.5566,-0.1770,3.76
2026-09-25,65.22,66.11,64.96,65.46,66.57,69.24,74.72,82.42,93.00,70.3803,0,69.4935,0,26983,44413,-2.7060,-2.5865,-0.1196,3.83
2026-09-28,64.80,64.97,63.23,63.66,66.04,68.76,74.30,82.25,92.69,69.3282,0,68.8042,0,28717,44374,-2.7972,-2.6286,-0.1686,3.91
2026-09-29,63.75,64.49,63.03,63.61,65.60,68.28,73.90,82.07,92.36,68.9034,0,67.9123,0,36862,44209,-2.8407,-2.6710,-0.1697,4.15
2026-09-30,63.83,63.99,61.67,61.72,65.18,67.83,73.46,81.86,92.01,68.1551,0,67.0335,0,38637,44399,-2.9932,-2.7355,-0.2577,3.34
2026-10-01,61.68,62.65,60.79,61.95,64.72,67.32,73.02,81.66,91.68,67.0706,0,65.9608,0,52125,44939,-3.0602,-2.8004,-0.2598,3.49
2026-10-02,62.88,64.15,60.96,62.00,64.28,66.75,72.61,81.47,91.34,67.0706,0,64.9266,0,44150,44835,-3.0739,-2.8551,-0.2188,3.56
2026-10-05,62.79,63.33,61.01,62.95,63.92,66.24,72.19,81.29,91.01,67.0706,0,64.1500,0,37751,45051,-2.9738,-2.8789,-0.0949,3.55
2026-10-06,64.17,64.17,61.74,62.76,63.50,65.77,71.76,81.11,90.68,67.0706,0,60.7900,1,42539,44976,-2.8766,-2.8784,0.0018,3.25
2026-10-07,62.06,62.21,60.10,60.91,63.03,65.27,71.27,80.92,90.33,67.0706,0,64.1700,0,42156,45037,-2.9153,-2.8858,-0.0295,2.74
2026-10-08,61.44,61.67,59.41,61.34,62.64,64.85,70.78,80.74,89.97,66.8214,0,64.1700,0,58426,45139,-2.8780,-2.8842,0.0062,2.67
2026-10-09,60.91,61.10,59.12,59.90,62.08,64.33,70.47,80.57,89.60,66.4293,0,63.9796,0,41409,42284,-2.9309,-2.8936,-0.0374,2.30
