symbol,longName,sector,industry,country,marketCap,currentPrice,averageVolume10days,averageVolume3months,averageDollarVolume,revenueGrowth,earningsGrowth,earningsQuarterlyGrowth,grossMargins,operatingMargins,profitMargins,returnOnEquity,returnOnAssets,totalCash,totalDebt,debtToEquity,currentRatio,quickRatio,operatingCashflow,freeCashflow,sharesOutstanding,floatShares,heldPercentInsiders,heldPercentInstitutions,sharesShort,shortRatio,shortPercentOfFloat,trailingPE,forwardPE,priceToSalesTrailing12Months,priceToBook,enterpriseToRevenue,enterpriseToEbitda,targetMeanPrice,targetHighPrice,targetLowPrice,recommendationMean,recommendationKey,numberOfAnalystOpinions,epsRevisionUpLast7Days,epsRevisionUpLast30Days,epsRevisionDownLast7Days,epsRevisionDownLast30Days,nextEarningsDate,beta,website,retrievedAt
PH,Parker-Hannifin Corporation,Industrials,Specialty Industrial Machinery,United States,121390768128,962.56,464410,598576,576165314.56,0.098,0.193,0.182,0.37546003,0.23458,0.16968,0.25076,0.09787,501000000,8732999680,56.66,1.262,0.674,4364000256,2961750016,126112415,125676889,0.00182,0.90474,1457682,2.35,0.0116,33.797752,24.273518,5.6463447,7.879696,5.935,22.529,1154.9137,1358.0,680.0,1.73077,buy,24,0,0,1,1,2026-11-05,1.119,https://www.parker.com,2026-10-10T21:39:08.382074+01:00
Date,Open,High,Low,Close,Ma10:Top:Line,Ma20:Top:Line,Ma50:Top:Line,Ma150:Top:Line,Ma200:Top:Line,Supertrend:Top:ColorLine,Supertrend_Dir,ParabolicSAR:Top:ColorLine,ParabolicSAR_Dir,Volume:Middle:Histogram,Vo50:Middle:Line,Macd:Bottom:Line,MacdSignal:Bottom:Line,MacdDelta:Bottom:Histogram,RsRating:Hidden:Hidden
2023-08-03,405.99,407.06,383.70,404.16,,,,,,,0,383.6984,1,656292,,,,,0
2023-08-04,405.41,407.75,399.49,400.26,,,,,,,0,383.6984,1,398951,,,,,0
2023-08-07,406.06,411.60,403.57,410.70,,,,,,,0,383.6984,1,296445,,,,,0
2023-08-08,407.04,411.42,402.20,410.87,,,,,,,0,384.8144,1,283555,,,,,0
2023-08-09,410.42,413.80,407.76,408.10,,,,,,,0,385.8859,1,276369,,,,,0
2023-08-10,406.87,410.54,397.43,398.92,,,,,,,0,387.5610,1,375034,,,,,0
2023-08-11,398.52,406.16,398.39,402.54,,,,,,,0,389.1355,1,235120,,,,,0
2023-08-14,402.02,403.65,398.26,399.94,,,,,,,0,390.6156,1,180839,,,,,0
2023-08-15,397.17,398.00,393.97,395.05,,,,,,,0,392.0069,1,177197,,,,,0
2023-08-16,395.21,399.27,392.70,392.70,402.33,,,,,425.0893,0,413.8039,0,172889,,,,,0
2023-08-17,394.50,395.81,385.67,385.67,400.48,,,,,419.9771,0,413.3817,0,265049,,,,,0
2023-08-18,381.21,387.45,379.03,384.42,398.89,,,,,412.0788,0,412.2733,0,322146,,,,,0
2023-08-21,386.61,386.61,380.63,384.14,396.24,,,,,411.3684,0,410.2787,0,189911,,,,,0
2023-08-22,387.08,387.84,382.65,384.75,393.62,,,,,411.3684,0,408.4038,0,123331,,,,,0
2023-08-23,383.86,392.35,383.86,390.60,391.87,,,,,411.3684,0,406.6414,0,206925,,,,,0
2023-08-24,389.15,395.69,384.88,384.97,390.48,,,,,411.3684,0,404.9847,0,217329,,,,,0
2023-08-25,390.18,393.75,385.17,391.14,389.34,,,,,411.3684,0,403.4274,0,240353,,,,,0
2023-08-28,392.29,398.10,391.02,396.31,388.98,,,,,411.3684,0,401.9636,0,158718,,,,,0
2023-08-29,395.43,404.96,395.02,404.04,389.88,,,,,411.3684,0,379.0303,1,243236,,,,,0
2023-08-30,406.50,408.81,403.16,406.30,391.24,396.78,,,,411.3684,0,379.5488,1,231152,,,,,0
2023-08-31,404.58,408.67,404.42,404.42,393.11,396.79,,,,411.3684,0,380.7192,1,266858,,,,,0
2023-09-01,406.40,410.44,404.55,409.82,395.65,397.27,,,,411.3684,0,381.8428,1,211821,,,,,0
2023-09-05,410.05,410.50,398.56,399.35,397.17,396.70,,,,411.3684,0,383.5586,1,216991,,,,,0
2023-09-06,396.40,403.49,395.71,399.53,398.65,396.14,,,,411.3684,0,385.7136,1,245221,,,,,0
2023-09-07,397.08,398.71,392.86,396.87,399.28,395.58,,,,411.3684,0,387.6963,1,312846,,,,,0
2023-09-08,396.51,398.15,393.91,396.95,400.47,395.48,,,,411.3684,0,389.5203,1,215730,,,,,0
2023-09-11,399.58,401.21,391.03,394.02,400.76,395.05,,,,411.3684,0,410.4967,0,208771,,,,,0
2023-09-12,391.16,400.16,391.10,393.25,400.45,394.72,,,,411.3684,0,410.1073,0,250565,,,,,0
2023-09-13,392.29,393.03,376.45,378.36,397.89,393.88,,,,411.3684,0,409.7257,0,406138,,,,,0
2023-09-14,382.51,385.40,377.44,383.35,395.59,393.41,,,,407.9912,0,408.3946,0,286189,,,,,0
2023-09-15,382.30,382.83,377.06,380.39,393.19,393.15,,,,405.7482,0,407.1167,0,323656,,,,,0
2023-09-18,380.85,385.89,379.69,384.01,390.61,393.13,,,,405.7482,0,405.8899,0,193180,,,,,0
2023-09-19,382.47,384.54,372.10,379.99,388.67,392.92,,,,404.6251,0,404.7122,0,269222,,,,,0
2023-09-20,382.36,387.28,378.51,378.78,386.60,392.62,,,,404.6251,0,402.7555,0,210575,,-4.3036,-1.7807,-2.5228,0
2023-09-21,376.19,376.54,369.96,370.19,383.93,391.60,,,,399.5715,0,400.9163,0,248046,,-5.3112,-2.4868,-2.8244,0
2023-09-22,370.01,376.95,369.35,375.71,381.80,391.14,,,,399.1192,0,398.4396,0,309530,,-5.5999,-3.1095,-2.4904,0
2023-09-25,373.21,381.46,372.07,379.79,380.38,390.57,,,,399.1192,0,395.5302,0,236394,,-5.4364,-3.5748,-1.8616,0
2023-09-26,377.34,379.14,371.05,372.40,378.30,389.38,,,,399.1192,0,392.9118,0,219393,,-5.8361,-4.0271,-1.8090,0
2023-09-27,375.55,381.51,373.16,379.41,378.40,388.14,,,,399.1192,0,390.5552,0,222150,,-5.5239,-4.3265,-1.1975,0
2023-09-28,379.16,385.69,377.93,380.69,378.14,386.86,,,,399.1192,0,388.4343,0,228198,,-5.1143,-4.4840,-0.6303,0
2023-09-29,384.00,384.11,376.44,377.86,377.88,385.54,,,,399.1192,0,386.5255,0,208432,,-4.9603,-4.5793,-0.3810,0
2023-10-02,377.21,380.41,371.54,373.71,376.85,383.73,,,,399.1192,0,385.6919,0,185724,,-5.1143,-4.6863,-0.4280,0
2023-10-03,372.17,375.18,366.88,370.52,375.91,382.29,,,,396.7333,0,384.1107,0,173482,,-5.4312,-4.8353,-0.5960,0
2023-10-04,370.52,374.34,366.72,373.08,375.34,380.97,,,,395.9507,0,382.0433,0,194103,,-5.4134,-4.9509,-0.4625,0
2023-10-05,377.47,379.84,370.16,372.20,375.54,379.73,,,,395.9507,0,379.8976,0,320526,,-5.4081,-5.0423,-0.3658,0
2023-10-06,371.44,385.11,368.93,380.00,375.97,378.88,,,,395.9507,0,366.7173,1,335038,,-4.7202,-4.9779,0.2577,0
2023-10-09,378.96,384.25,374.37,383.58,376.34,378.36,,,,395.9507,0,367.0851,1,178251,,-3.8419,-4.7507,0.9088,0
2023-10-10,384.77,389.88,383.13,385.37,377.64,377.97,,,,395.9507,0,367.4456,1,162400,,-2.9668,-4.3939,1.4271,0
2023-10-11,385.91,395.28,385.91,395.10,379.21,378.81,,,,395.9507,0,368.3431,1,298788,,-1.4712,-3.8094,2.3382,0
2023-10-12,395.51,399.94,389.56,394.69,380.61,379.37,389.58,,,395.9507,0,369.9591,1,366753,255116,-0.3152,-3.1106,2.7954,0
2023-10-13,396.01,396.93,377.52,381.17,380.94,379.41,389.12,,,395.9507,0,372.3578,1,309707,248185,-0.4846,-2.5854,2.1007,0
2023-10-16,385.99,390.22,380.97,385.11,382.08,379.47,388.82,,,395.9507,0,374.5645,1,185672,243919,-0.2977,-2.1278,1.8301,0
2023-10-17,382.53,395.04,381.31,390.78,384.11,380.01,388.42,,,395.9507,0,376.5948,1,232997,242650,0.3041,-1.6414,1.9455,0
2023-10-18,385.25,385.56,366.46,367.64,383.56,379.45,387.55,,,395.9507,0,399.9424,0,403917,245057,-1.0735,-1.5279,0.4544,0
2023-10-19,366.93,375.20,362.04,363.76,382.72,379.13,386.67,,,395.9507,0,399.2726,0,352181,246574,-2.4501,-1.7123,-0.7378,0
2023-10-20,364.08,364.93,358.33,361.76,380.90,378.43,385.92,,,395.9507,0,397.7834,0,243591,243945,-3.6602,-2.1019,-1.5583,0
2023-10-23,361.87,363.06,355.32,355.89,378.13,377.24,384.99,,,392.6386,0,395.4159,0,232852,243899,-5.0347,-2.6884,-2.3462,0
2023-10-24,361.32,365.17,357.09,362.11,375.80,376.72,384.23,,,392.6386,0,392.2082,0,209261,244468,-5.5582,-3.2624,-2.2958,0
2023-10-25,360.27,361.93,355.51,356.52,371.94,375.58,383.46,,,390.2957,0,389.2570,0,230178,245527,-6.3507,-3.8800,-2.4706,0
2023-10-26,358.29,364.69,358.15,358.89,368.36,374.49,382.79,,,390.2957,0,386.5420,0,206956,246209,-6.7104,-4.4461,-2.2643,0
2023-10-27,358.23,361.55,353.70,355.28,365.77,373.36,382.18,,,387.7597,0,384.0441,0,174440,244397,-7.2037,-4.9976,-2.2060,0
2023-10-30,359.38,360.80,354.63,358.49,363.11,372.60,381.66,,,386.6891,0,381.0096,0,194901,241852,-7.2519,-5.4485,-1.8034,0
2023-10-31,355.40,357.95,351.64,357.87,359.82,371.96,381.14,,,382.9263,0,378.2786,0,434724,246748,-7.2565,-5.8101,-1.4464,0
2023-11-01,358.56,359.43,351.75,359.38,359.00,371.28,380.63,,,382.9263,0,375.0822,0,445379,253189,-7.0568,-6.0594,-0.9973,0
2023-11-02,384.54,399.15,383.18,392.47,361.87,372.29,380.67,,,354.3734,1,351.6423,1,639560,261842,-4.1802,-5.6836,1.5034,0
2023-11-03,399.09,400.64,388.37,389.18,364.61,372.75,380.75,,,357.7129,1,351.7490,1,452141,266538,-2.1412,-4.9751,2.8339,0
2023-11-06,389.97,394.27,387.24,393.99,368.42,373.27,380.81,,,357.7129,1,353.7046,1,333928,268409,-0.1363,-4.0073,3.8711,0
2023-11-07,391.08,396.61,389.30,394.90,371.70,373.75,380.78,,,359.0635,1,355.5821,1,255198,270339,1.5089,-2.9041,4.4130,0
2023-11-08,397.47,402.35,395.58,398.37,375.88,373.91,380.67,,,366.2271,1,357.3844,1,293704,271348,3.0576,-1.7118,4.7694,0
2023-11-09,402.62,409.55,398.56,400.47,380.04,374.20,380.55,,,371.2409,1,360.0823,1,336820,273462,4.4034,-0.4887,4.8921,0
2023-11-10,402.84,409.20,402.03,408.36,385.35,375.56,380.63,,,373.4634,1,364.0394,1,212032,272365,6.0374,0.8165,5.2209,0
2023-11-13,406.64,410.49,404.97,408.34,390.33,376.72,380.60,,,377.1402,1,367.6799,1,156951,271268,7.2472,2.1026,5.1446,0
2023-11-14,414.14,421.29,411.19,416.65,396.21,378.02,380.94,,,384.8240,1,371.9613,1,251640,271961,8.7750,3.4371,5.3379,0
2023-11-15,418.17,421.78,417.35,417.74,402.05,380.52,381.31,,,389.7465,1,377.8808,1,321595,273488,9.9589,4.7415,5.2175,0
2023-11-16,417.95,422.57,413.96,415.17,404.32,383.09,381.67,,,389.7465,1,384.0264,1,331941,273870,10.5680,5.9068,4.6612,0
2023-11-17,416.69,421.75,415.12,421.20,407.52,386.06,382.16,,,389.9695,1,390.1927,1,233020,274216,11.4063,7.0067,4.3996,0
2023-11-20,420.08,422.53,418.11,420.12,410.13,389.28,382.68,,,393.3737,1,395.3725,1,184177,273724,11.8469,7.9747,3.8721,0
2023-11-21,419.49,423.82,417.65,421.48,412.79,392.24,383.25,,,394.6350,1,399.7234,1,196502,272643,12.1650,8.8128,3.3522,0
2023-11-22,421.36,423.47,418.42,419.83,414.94,395.41,384.07,,,395.9386,1,404.0612,1,246707,269454,12.1444,9.4791,2.6653,0
2023-11-24,420.83,423.67,418.68,422.21,417.11,398.57,384.85,,,397.1726,1,407.6181,1,96145,265653,12.1793,10.0191,2.1602,0
2023-11-27,419.11,422.38,418.00,420.50,418.32,401.84,385.65,,,397.2751,1,410.5348,1,166160,262503,11.9319,10.4017,1.5303,0
2023-11-28,421.12,424.96,415.22,415.25,419.01,404.67,386.28,,,397.2751,1,412.9265,1,342887,265497,11.1836,10.5581,0.6255,0
2023-11-29,419.43,421.64,415.37,416.74,419.02,407.62,387.01,,,397.2751,1,415.2157,1,215785,264429,10.5886,10.5642,0.0245,0
2023-11-30,419.00,422.67,415.50,421.73,419.42,410.74,387.87,,,397.2751,1,415.2157,1,275806,265733,10.3995,10.5312,-0.1318,0
2023-12-01,421.66,429.43,421.66,428.52,420.76,412.54,389.04,,,402.5591,1,415.3715,1,254721,265867,10.6748,10.5600,0.1149,0
2023-12-04,423.63,428.03,422.61,426.57,421.30,414.41,390.06,,,402.8609,1,415.4980,1,242341,264523,10.6128,10.5705,0.0423,0
2023-12-05,425.44,427.02,422.39,423.34,421.62,415.87,390.93,,,403.1014,1,418.2843,1,214284,264081,10.1855,10.4935,-0.3080,0
2023-12-06,425.83,432.18,422.09,422.84,421.75,417.27,391.94,,,404.6648,1,420.5134,1,181198,263317,9.6950,10.3338,-0.6388,0
2023-12-07,424.41,425.05,420.56,422.30,422.00,418.47,392.79,,,404.6648,1,432.1752,0,231026,263494,9.1575,10.0985,-0.9411,0
2023-12-08,421.47,428.40,421.47,427.03,422.48,419.80,393.72,,,404.6648,1,432.1752,0,376520,266461,9.0094,9.8807,-0.8713,0
2023-12-11,425.25,428.26,424.86,426.64,423.10,420.71,394.70,,,406.2024,1,431.9429,0,363372,269560,8.7589,9.6564,-0.8974,0
2023-12-12,427.81,431.69,426.31,429.18,424.49,421.75,395.81,,,409.0650,1,431.7153,0,228570,270417,8.6656,9.4582,-0.7926,0
2023-12-13,430.50,432.96,424.25,429.87,425.80,422.41,396.99,,,409.0650,1,420.5606,1,284396,272635,8.5488,9.2763,-0.7275,0
2023-12-14,435.04,444.66,434.31,443.37,427.97,423.69,398.40,,,416.5441,1,420.8087,1,349117,275735,9.4371,9.3085,0.1286,0
2023-12-15,441.11,446.25,439.90,441.61,429.27,425.02,399.79,,,420.5232,1,421.7626,1,603968,281404,9.8849,9.4238,0.4611,0
2023-12-18,443.46,443.46,439.01,441.50,430.77,426.03,401.02,,,420.5232,1,423.2320,1,233230,279368,10.1146,9.5619,0.5527,0
2023-12-19,444.43,449.89,443.37,448.09,433.24,427.43,402.31,,,424.6473,1,424.6132,1,251762,280838,10.7050,9.7905,0.9145,0
2023-12-20,446.81,449.95,437.09,437.54,434.71,428.23,403.35,,,424.6473,1,426.6357,1,281202,283214,10.2038,9.8732,0.3306,0
2023-12-21,441.60,444.64,439.63,443.85,436.87,429.43,404.33,,,424.6473,1,428.9674,1,142925,280097,10.1980,9.9382,0.2599,0
2023-12-22,444.29,448.05,443.20,446.08,438.77,430.63,405.35,,,424.6473,1,431.0659,1,172463,276211,10.2552,10.0016,0.2536,0
2023-12-26,446.29,450.65,446.21,449.26,441.03,432.07,406.72,,,426.7874,1,432.9546,1,123441,272486,10.4370,10.0887,0.3484,0
2023-12-27,448.95,451.11,447.89,450.03,443.12,433.80,408.01,,,429.0513,1,435.0784,1,139969,271572,10.5219,10.1753,0.3466,0
2023-12-28,435.68,451.33,428.37,449.75,445.11,435.45,409.19,,,429.0513,1,451.1109,0,216059,271233,10.4460,10.2294,0.2165,0
2023-12-29,450.41,451.73,447.79,448.52,445.62,436.79,410.81,,,429.0513,1,428.3686,1,185017,266855,10.1696,10.2175,-0.0479,0
2024-01-02,446.36,449.16,444.84,446.49,446.11,437.69,412.47,,,429.0513,1,428.3686,1,291493,265641,9.6749,10.1090,-0.4341,0
2024-01-03,444.56,446.44,437.51,438.77,445.84,438.30,414.01,,,429.0513,1,428.8359,1,249542,265760,8.5611,9.7994,-1.2383,0
2024-01-04,440.00,447.22,439.56,440.11,445.04,439.14,415.69,,,429.0513,1,429.2938,1,246825,266040,7.6981,9.3791,-1.6810,0
2024-01-05,439.64,444.00,439.56,441.56,445.44,440.08,417.28,,,429.0513,1,429.7427,1,192260,265700,7.0500,8.9133,-1.8633,0
2024-01-08,443.06,446.61,439.73,446.56,445.71,441.29,419.08,,,429.0513,1,430.1825,1,223107,265558,6.8610,8.5029,-1.6418,0
2024-01-09,442.66,445.38,438.00,445.37,445.64,442.21,420.81,,,429.0513,1,430.6135,1,240304,266225,6.5393,8.1101,-1.5708,0
2024-01-10,446.06,448.91,443.95,448.60,445.58,443.30,422.68,,,429.0513,1,431.0359,1,210208,266940,6.4705,7.7822,-1.3117,0
2024-01-11,450.15,451.76,443.88,450.41,445.61,444.37,424.51,,,429.0513,1,431.4499,1,207772,267198,6.4874,7.5233,-1.0359,0
2024-01-12,452.71,453.52,446.27,448.15,445.45,445.28,426.32,,,429.0513,1,432.2624,1,150709,261518,6.2465,7.2679,-1.0214,0
2024-01-16,445.67,448.89,442.00,448.57,445.46,445.54,428.10,,,429.0513,1,433.5376,1,273870,258087,6.0199,7.0183,-0.9984,0
2024-01-17,443.11,446.61,441.21,443.99,445.21,445.66,429.13,,,429.0513,1,434.7363,1,289592,251088,5.4088,6.6964,-1.2876,0
2024-01-18,445.98,453.94,445.98,453.39,446.67,446.25,430.42,,,429.0513,1,435.8631,1,206491,246175,5.6178,6.4807,-0.8629,0
2024-01-19,455.04,459.09,452.50,457.94,448.45,446.75,431.70,,,433.4090,1,437.3096,1,305835,245613,6.0803,6.4006,-0.3203,0
2024-01-22,459.71,464.75,459.70,461.00,450.40,447.92,433.02,,,440.0289,1,439.4880,1,181926,244148,6.6179,6.4441,0.1738,0
2024-01-23,462.88,462.88,455.22,456.70,451.41,448.56,434.19,,,440.0289,1,442.5195,1,220430,242682,6.6205,6.4793,0.1411,0
2024-01-24,459.47,459.47,452.18,452.59,452.13,448.89,435.23,,,440.0289,1,445.1873,1,259031,241126,6.2193,6.4273,-0.2081,0
2024-01-25,459.18,461.25,453.98,459.33,453.21,449.39,436.25,,,440.0289,1,447.5349,1,326769,243421,6.3715,6.4162,-0.0447,0
2024-01-26,460.65,461.56,457.47,459.12,454.08,449.85,437.26,,,440.0289,1,449.6008,1,209763,244477,6.4019,6.4133,-0.0114,0
2024-01-29,458.34,463.99,456.86,463.90,455.65,450.55,438.21,,,440.0289,1,451.4188,1,293429,245313,6.7340,6.4774,0.2566,0
2024-01-30,462.28,466.47,462.01,465.23,457.32,451.39,439.16,,,443.5054,1,453.0186,1,385442,246590,7.0231,6.5866,0.4365,0
2024-01-31,461.33,461.89,450.92,452.22,458.14,451.68,439.90,,,443.5054,1,466.4739,0,783193,255615,6.1320,6.4957,-0.3637,0
2024-02-01,479.19,487.42,469.84,486.96,461.50,454.09,441.21,,,447.4098,1,450.9163,1,816644,267288,8.1350,6.8235,1.3115,0
2024-02-02,486.38,501.24,475.54,496.87,465.39,456.92,442.75,,,452.5767,1,450.9163,1,594671,275498,10.4022,7.5393,2.8629,0
2024-02-05,493.02,498.56,493.02,495.42,468.83,459.62,444.23,,,461.9000,1,452.9293,1,404094,279649,11.9442,8.4203,3.5240,0
2024-02-06,496.22,498.06,491.68,498.03,472.97,462.19,445.79,,,462.4514,1,454.8617,1,332047,281356,13.2244,9.3811,3.8433,0
2024-02-07,501.63,503.83,498.11,500.63,477.77,464.95,447.36,,,470.0517,1,456.7168,1,272331,284880,14.2840,10.3617,3.9224,0
2024-02-08,500.70,503.41,496.99,503.33,482.17,467.69,449.02,,,470.4533,1,459.5436,1,246878,286494,15.1672,11.3228,3.8444,0
2024-02-09,504.04,509.18,501.85,509.06,487.16,470.62,450.89,,,476.5398,1,462.2007,1,294736,285531,16.1435,12.2869,3.8566,0
2024-02-12,506.79,509.05,504.58,505.96,491.37,473.51,452.68,,,479.3962,1,465.9590,1,298224,287180,16.4767,13.1249,3.3519,0
2024-02-13,497.95,501.14,493.72,499.54,494.80,476.06,454.23,,,479.3962,1,469.4167,1,409918,289862,16.0383,13.7076,2.3308,0
2024-02-14,507.48,512.95,506.03,509.58,500.54,479.34,455.85,,,479.9516,1,472.5977,1,359335,291955,16.3128,14.2286,2.0842,0
2024-02-15,511.34,514.61,507.85,509.54,502.80,482.15,457.51,,,482.6210,1,476.6328,1,336554,293839,16.3388,14.6506,1.6881,0
2024-02-16,511.65,514.97,507.72,507.77,503.89,484.64,459.20,,,483.4179,1,481.1898,1,365654,296866,16.0320,14.9269,1.1051,0
2024-02-20,504.13,508.75,500.93,507.26,505.07,486.95,460.89,,,483.4179,1,485.9190,1,356294,300368,15.5676,15.0550,0.5126,0
2024-02-21,509.85,511.68,506.15,511.34,506.40,489.68,462.67,,,483.4179,1,489.9860,1,247924,300706,15.3520,15.1144,0.2375,0
2024-02-22,519.38,522.90,515.80,517.48,508.09,492.93,464.48,,,492.1311,1,493.4837,1,319272,299561,15.4980,15.1911,0.3068,0
2024-02-23,520.31,521.48,514.20,518.52,509.61,495.89,466.32,,,492.1311,1,498.1899,1,290973,298113,15.5191,15.2567,0.2624,0
2024-02-26,517.94,520.36,515.53,518.27,510.53,498.85,468.10,,,492.4798,1,502.1432,1,256434,298670,15.3385,15.2731,0.0654,0
2024-02-27,520.31,520.70,514.60,518.93,511.82,501.60,469.88,,,492.9024,1,505.4639,1,206856,297120,15.0752,15.2335,-0.1583,0
2024-02-28,518.57,523.89,517.48,518.55,513.72,504.26,471.39,,,496.4893,1,508.2533,1,230285,294743,14.6667,15.1202,-0.4534,0
2024-02-29,519.32,523.83,514.78,522.80,515.05,507.79,473.01,,,496.4893,1,511.0685,1,456096,291786,14.5184,14.9998,-0.4814,0
2024-03-01,522.81,526.32,521.84,525.09,516.60,509.70,474.68,,,500.6988,1,513.3770,1,276214,292645,14.4197,14.8838,-0.4641,0
2024-03-04,525.04,531.07,522.50,522.86,518.11,511.00,476.18,,,503.1653,1,514.7839,1,213722,291884,13.9998,14.7070,-0.7072,0
2024-03-05,520.31,522.28,513.61,515.53,518.94,512.00,477.74,,,503.1653,1,531.0699,0,358829,293437,12.9262,14.3508,-1.4246,0
2024-03-06,518.53,520.88,515.83,518.68,519.67,513.04,479.23,,,503.1653,1,531.0699,0,478691,300152,12.1894,13.9186,-1.7291,0
2024-03-07,522.52,526.97,520.44,526.73,520.60,514.34,480.85,425.26,,503.1653,1,530.7207,0,309392,302891,12.1158,13.5580,-1.4422,0
2024-03-08,527.13,530.17,520.09,524.66,521.21,515.41,482.35,426.06,,503.1653,1,530.3785,0,280765,306037,11.7542,13.1973,-1.4431,0
2024-03-11,521.32,523.93,515.53,523.38,521.72,516.12,483.82,426.88,,503.1653,1,530.1717,0,317979,309598,11.2349,12.8048,-1.5699,0
2024-03-12,523.38,526.36,519.13,525.56,522.38,517.10,485.34,427.65,,503.1653,1,530.1717,0,274953,310775,10.8744,12.4187,-1.5443,0
2024-03-13,527.80,527.80,524.65,526.81,523.21,518.47,486.90,428.42,,503.5484,1,529.8405,0,277550,312626,10.5678,12.0485,-1.4807,0
2024-03-14,531.06,532.11,518.88,523.58,523.29,519.17,488.44,429.19,,503.5484,1,513.6123,1,328400,313364,9.9493,11.6287,-1.6794,0
2024-03-15,519.57,525.79,518.77,522.77,523.06,519.83,490.12,430.02,,503.5484,1,513.9823,1,358678,315547,9.2867,11.1603,-1.8736,0
2024-03-18,526.21,527.50,523.26,523.59,523.13,520.62,491.79,430.83,,503.5484,1,514.3450,1,265663,315924,8.7272,10.6737,-1.9465,0
2024-03-19,523.15,527.51,522.44,526.11,524.19,521.56,493.49,431.67,,503.5484,1,514.7004,1,293668,317952,8.3903,10.2170,-1.8267,0
2024-03-20,526.03,534.60,525.03,533.55,525.67,522.67,495.23,432.59,,506.8973,1,515.0487,1,220005,317890,8.6243,9.8985,-1.2742,0
2024-03-21,537.17,547.87,535.69,547.39,527.74,524.17,497.27,433.62,,516.8575,1,515.8309,1,347597,320036,9.8137,9.8815,-0.0678,0
2024-03-22,545.18,547.75,540.36,541.78,529.45,525.33,499.13,434.66,,519.4103,1,517.7534,1,218793,320207,10.1860,9.9424,0.2435,0
2024-03-25,540.69,543.12,536.71,537.52,530.87,526.29,500.87,435.68,,519.4103,1,519.5606,1,216523,320382,10.0219,9.9583,0.0636,0
2024-03-26,537.79,541.77,536.04,536.19,531.93,527.16,502.63,436.70,,519.4103,1,521.2594,1,233613,322041,9.6725,9.9011,-0.2287,0
2024-03-27,539.40,545.44,535.95,544.87,533.74,528.47,504.56,437.76,,519.4103,1,522.8562,1,288791,322339,9.9809,9.9171,0.0638,0
2024-03-28,543.20,544.14,540.07,542.66,535.64,529.47,506.53,438.78,,519.4103,1,524.3572,1,337920,323306,9.9327,9.9202,0.0125,0
2024-04-01,542.66,542.86,537.23,537.99,537.17,530.11,508.22,439.80,,519.4103,1,525.7682,1,205361,323283,9.4095,9.8181,-0.4086,0
2024-04-02,538.46,538.46,532.26,534.51,538.26,530.69,509.75,440.75,,519.4103,1,527.0945,1,342424,324015,8.6143,9.5773,-0.9630,0
2024-04-03,537.01,547.86,535.54,545.37,540.18,532.19,511.44,441.75,,519.4103,1,528.3412,1,315313,326682,8.7600,9.4139,-0.6539,0
2024-04-04,551.77,556.68,538.71,542.52,541.08,533.38,513.16,442.67,,520.8964,1,529.5132,1,339058,329055,8.5469,9.2405,-0.6936,0
2024-04-05,541.14,553.59,540.40,553.28,541.67,534.70,515.17,443.65,,520.8964,1,531.6865,1,274552,329365,9.1409,9.2206,-0.0797,0
2024-04-08,553.34,555.34,549.66,552.56,542.75,536.10,517.04,444.64,,525.5287,1,533.6860,1,254442,327919,9.4444,9.2653,0.1791,0
2024-04-09,554.58,555.44,535.04,548.09,543.80,537.34,518.82,445.56,,525.5287,1,556.6803,0,273995,329203,9.2179,9.2558,-0.0380,0
2024-04-10,540.25,547.39,535.01,542.25,544.41,538.17,520.38,446.51,,525.5287,1,556.2475,0,299011,329315,8.4696,9.0986,-0.6290,0
2024-04-11,540.13,544.96,537.57,542.66,544.19,538.96,521.93,447.47,,525.5287,1,555.4404,0,217481,325956,7.8195,8.8428,-1.0233,0
2024-04-12,537.08,541.22,533.46,537.32,543.66,539.65,523.63,448.40,,525.5287,1,554.6234,0,254743,315387,6.7950,8.4332,-1.6382,0
2024-04-15,547.46,548.63,528.10,530.53,542.91,540.04,524.51,449.29,,525.5287,1,553.3537,0,364764,306349,5.3736,7.8213,-2.4477,0
2024-04-16,532.12,533.99,524.16,531.28,542.59,540.42,525.19,450.21,,525.5287,1,551.3335,0,345420,301364,4.2587,7.1088,-2.8501,0
2024-04-17,535.43,535.43,523.72,527.80,540.83,540.51,525.84,451.10,,525.5287,1,548.6252,0,278610,298855,3.0586,6.2987,-3.2401,0
2024-04-18,532.12,534.99,524.68,525.38,539.12,540.10,526.39,452.09,,557.3428,0,545.6363,0,211469,296443,1.8903,5.4171,-3.5267,0
2024-04-19,527.99,530.45,519.22,522.02,535.99,538.83,526.82,453.01,,557.3428,0,543.0060,0,298335,296963,0.6856,4.4708,-3.7852,0
2024-04-22,525.08,533.74,521.74,526.97,533.43,538.09,527.29,453.99,,557.3428,0,539.6755,0,288049,297787,0.1287,3.6023,-3.4736,0
2024-04-23,532.57,539.80,530.39,537.40,532.36,538.08,527.86,455.01,,557.3428,0,519.2167,1,206785,296028,0.5228,2.9864,-2.4636,0
2024-04-24,539.33,543.71,526.48,533.44,531.48,537.95,528.41,456.03,,557.3428,0,519.6284,1,363104,297325,0.5102,2.4912,-1.9810,0
2024-04-25,527.24,539.00,522.00,536.40,530.85,537.52,529.14,457.08,,557.3428,0,520.5918,1,286996,294867,0.7305,2.1390,-1.4086,0
2024-04-26,537.02,541.52,536.18,540.56,531.18,537.42,529.76,458.22,,557.3428,0,521.5167,1,303782,293756,1.2265,1.9565,-0.7300,0
2024-04-29,540.56,542.85,537.84,541.34,532.26,537.58,530.40,459.32,,557.3428,0,521.9993,1,296404,292953,1.6635,1.8979,-0.2344,0
2024-04-30,539.77,545.74,531.66,532.04,532.33,537.46,530.88,460.34,,557.3428,0,522.8679,1,340787,292455,1.2447,1.7673,-0.5226,0
2024-05-01,529.55,539.14,527.71,530.13,532.57,536.70,531.34,461.39,,557.3428,0,524.2405,1,490727,295144,0.7505,1.5639,-0.8135,0
2024-05-02,512.79,522.36,503.63,518.14,531.84,535.48,531.48,462.31,,551.5217,0,545.7448,0,919615,308578,-0.6018,1.1308,-1.7326,0
2024-05-03,523.82,534.42,519.96,523.51,531.99,533.99,531.60,463.27,,551.5217,0,544.9026,0,520148,312595,-1.2260,0.6594,-1.8854,0
2024-05-06,531.06,539.83,530.17,537.78,533.07,533.25,531.98,464.33,,551.5217,0,544.0772,0,371618,314208,-0.5631,0.4149,-0.9780,0
2024-05-07,539.71,544.18,536.06,537.18,533.05,532.71,532.36,465.42,,551.5217,0,503.6338,1,261556,314311,-0.0849,0.3150,-0.3998,0
2024-05-08,535.44,544.33,535.25,541.80,533.89,532.68,532.82,466.56,,551.5217,0,504.4448,1,175296,313679,0.6592,0.3838,0.2754,0
2024-05-09,542.58,550.78,541.51,549.06,535.15,533.00,533.43,467.74,,551.5217,0,506.0401,1,243452,313943,1.8135,0.6698,1.1437,0
2024-05-10,553.28,557.01,548.19,549.49,536.05,533.61,533.96,468.92,,551.5217,0,508.7245,1,274449,310310,2.7316,1.0821,1.6494,0
2024-05-13,549.57,551.31,539.24,539.60,535.87,534.07,534.25,469.98,,551.5217,0,512.5872,1,302295,310831,2.6307,1.3918,1.2389,0
2024-05-14,539.23,540.34,533.81,538.00,536.47,534.40,534.56,471.01,,551.5217,0,516.1409,1,355132,313660,2.3944,1.5924,0.8021,0
2024-05-15,541.13,545.29,540.70,541.79,537.63,535.10,535.08,472.06,,551.5217,0,519.4102,1,371023,313904,2.4843,1.7707,0.7136,0
2024-05-16,540.09,540.09,526.50,528.30,538.65,535.25,535.27,472.94,,551.5217,0,522.4180,1,618417,316698,1.4500,1.7066,-0.2566,0
2024-05-17,534.66,535.86,530.25,533.80,539.68,535.84,535.41,473.87,452.80,551.5217,0,525.1852,1,448789,319486,1.0621,1.5777,-0.5156,0
2024-05-20,534.11,540.22,532.02,536.63,539.56,536.32,535.65,474.91,453.46,551.5217,0,526.5043,1,343925,320749,0.9718,1.4565,-0.4847,0
2024-05-21,535.27,537.17,533.82,535.52,539.40,536.23,535.90,475.91,454.14,551.5217,0,528.9446,1,300341,320396,0.8018,1.3256,-0.5238,0
2024-05-22,535.42,539.77,530.42,534.74,538.69,536.29,536.08,476.87,454.76,551.5217,0,557.0079,0,276530,320428,0.5969,1.1798,-0.5829,0
2024-05-23,537.24,537.24,514.41,515.64,535.35,535.25,535.86,477.86,455.28,551.5217,0,556.4762,0,588495,326647,-1.0937,0.7251,-1.8188,0
2024-05-24,516.93,519.83,511.88,518.84,532.29,534.17,535.76,478.89,455.83,548.5356,0,554.7936,0,341211,326903,-2.1511,0.1499,-2.3010,0
2024-05-28,524.54,525.93,513.78,515.61,529.89,532.88,535.62,479.92,456.42,548.5356,0,552.2190,0,388587,327501,-3.2120,-0.5225,-2.6895,0
2024-05-29,513.22,515.34,508.86,512.33,527.32,531.90,535.39,480.96,456.97,543.8765,0,549.7989,0,306223,328312,-4.2683,-1.2717,-2.9967,0
2024-05-30,512.63,514.95,509.11,513.58,524.50,531.07,535.14,481.97,457.54,542.3812,0,546.5237,0,310323,328646,-4.9481,-2.0069,-2.9411,0
2024-05-31,519.39,521.45,511.17,520.49,523.72,531.18,534.88,483.06,458.16,542.3812,0,543.5104,0,664719,337540,-4.8727,-2.5801,-2.2926,0
2024-06-03,523.02,523.02,495.68,502.43,520.58,530.13,533.98,484.02,458.71,542.3812,0,540.7383,0,528267,341153,-6.1987,-3.3038,-2.8949,0
2024-06-04,501.72,504.08,497.59,501.82,517.10,528.33,533.18,485.00,459.29,534.7868,0,536.2322,0,477603,346329,-7.2161,-4.0863,-3.1298,0
2024-06-05,505.19,512.45,502.88,512.34,514.78,527.09,532.68,486.02,459.93,534.7868,0,532.1767,0,337883,348757,-7.0912,-4.6873,-2.4039,0
2024-06-06,511.43,513.96,502.65,504.53,511.76,525.23,532.05,487.00,460.53,534.7868,0,528.5268,0,306092,350206,-7.5359,-5.2570,-2.2789,0
2024-06-07,502.83,509.93,501.38,505.43,510.74,523.05,531.26,487.97,461.14,534.7868,0,525.2419,0,362382,351678,-7.7266,-5.7509,-1.9757,0
2024-06-10,506.92,515.16,505.92,515.09,510.37,521.33,530.71,488.79,461.76,534.7868,0,522.2855,0,498964,354899,-7.0177,-6.0043,-1.0134,0
2024-06-11,512.15,513.63,508.23,512.15,510.02,519.95,530.19,489.61,462.40,534.7868,0,519.6247,0,282734,356446,-6.6167,-6.1268,-0.4899,0
2024-06-12,518.13,528.16,517.28,521.90,510.98,519.15,529.94,490.46,463.05,534.7868,0,495.6776,1,394444,357487,-5.4491,-5.9912,0.5422,0
2024-06-13,519.05,519.05,512.16,517.93,511.41,517.96,529.39,491.28,463.66,534.7868,0,496.3272,1,352829,358237,-4.7893,-5.7508,0.9615,0
2024-06-14,502.60,506.61,483.00,492.86,508.65,516.18,528.40,491.91,464.10,534.6760,0,528.1593,0,686401,365184,-6.2176,-5.8442,-0.3734,0
2024-06-17,489.13,498.83,482.49,495.53,507.96,514.27,527.24,492.55,464.55,531.4493,0,527.2560,0,503196,369757,-7.0525,-6.0859,-0.9667,0
2024-06-18,497.06,500.99,494.97,496.31,507.41,512.25,526.12,493.13,465.01,531.4493,0,525.4653,0,357619,371820,-7.5638,-6.3814,-1.1824,0
2024-06-20,494.81,499.11,491.14,497.45,505.92,510.35,525.10,493.73,465.44,531.4493,0,523.7461,0,322624,372793,-7.7876,-6.6627,-1.1249,0
2024-06-21,498.34,498.36,488.65,493.70,504.83,508.30,524.13,494.24,465.92,529.7698,0,522.0958,0,447140,375756,-8.1733,-6.9648,-1.2085,0
2024-06-24,497.01,504.61,493.67,499.70,504.26,507.50,523.27,494.79,466.42,529.7698,0,520.5114,0,326994,377946,-7.9036,-7.1526,-0.7510,0
2024-06-25,497.92,499.27,489.29,494.82,502.23,506.30,522.42,495.32,466.91,529.7338,0,518.9904,0,288021,378611,-7.9919,-7.3204,-0.6715,0
2024-06-26,492.26,493.80,487.25,492.20,500.24,505.13,521.66,495.79,467.38,524.6992,0,517.5303,0,261619,376548,-8.1787,-7.4921,-0.6866,0
2024-06-27,490.71,494.35,490.46,493.76,497.43,504.20,520.91,496.28,467.88,524.3280,0,516.1286,0,300465,375649,-8.1076,-7.6152,-0.4924,0.00
2024-06-28,495.36,502.88,492.59,495.32,495.16,503.29,520.26,496.78,468.39,524.3280,0,514.7829,0,1421023,398498,-7.8353,-7.6592,-0.1761,0.00
2024-07-01,502.80,503.35,486.27,490.61,494.94,501.79,519.56,497.25,468.95,524.3280,0,513.4911,0,284824,399965,-7.9076,-7.7089,-0.1987,0.00
2024-07-02,489.63,499.72,488.49,499.45,495.33,501.64,519.11,497.76,469.53,524.3280,0,512.2509,0,276538,399529,-7.1695,-7.6010,0.4315,0.00
2024-07-03,500.72,505.44,498.62,502.08,495.91,501.66,518.61,498.31,470.14,524.3280,0,511.0604,0,225135,398270,-6.2994,-7.3407,1.0413,0.00
2024-07-05,500.88,501.49,490.32,495.01,495.66,500.79,517.76,498.84,470.70,524.3280,0,509.9174,0,277418,399683,-6.1099,-7.0945,0.9846,0.00
2024-07-08,497.18,499.21,495.06,498.21,496.12,500.48,517.06,499.38,471.29,524.3280,0,508.8202,0,220959,396840,-5.6364,-6.8029,1.1665,0.00
2024-07-09,497.97,500.69,495.30,498.13,495.96,500.11,516.29,499.89,471.89,524.3280,0,507.7669,0,212069,395342,-5.2082,-6.4840,1.2758,0.00
2024-07-10,496.25,513.32,496.25,512.32,497.71,499.97,515.73,500.45,472.60,524.3280,0,482.4870,1,336346,395993,-3.6815,-5.9235,2.2420,0.00
2024-07-11,513.08,522.87,509.27,517.20,500.21,500.22,515.25,501.05,473.30,524.3280,0,483.1037,1,402405,398113,-2.0535,-5.1495,3.0960,0.00
2024-07-12,523.41,534.41,520.96,526.74,503.51,500.47,515.14,501.74,474.04,493.3765,1,484.6944,1,430804,399913,0.0062,-4.1183,4.1245,0.00
2024-07-15,528.99,537.37,525.83,533.44,507.32,501.24,515.21,502.48,474.84,497.2607,1,487.6772,1,383769,397774,2.1542,-2.8638,5.0180,0.00
2024-07-16,537.66,557.10,535.42,556.88,513.95,504.44,515.98,503.38,475.73,508.2517,1,491.6529,1,618439,391751,5.6826,-1.1546,6.8372,0.00
2024-07-17,553.41,555.02,545.25,546.36,518.64,506.98,516.44,504.17,476.56,512.4399,1,498.1973,1,512579,391599,7.5433,0.5850,6.9583,0.00
2024-07-18,542.35,553.09,534.42,536.31,522.06,508.98,516.41,504.90,477.35,512.4399,1,504.0872,1,448049,393128,8.1130,2.0906,6.0223,0.00
2024-07-19,539.20,539.20,530.64,533.35,525.89,510.78,516.33,505.60,478.15,512.4399,1,509.3881,1,327062,394438,8.2309,3.3187,4.9122,62.83
2024-07-22,540.50,542.08,531.68,540.66,530.14,513.13,516.31,506.34,479.00,512.4399,1,514.1589,1,285612,396644,8.8130,4.4175,4.3955,63.01
2024-07-23,539.73,547.70,538.90,540.21,534.35,515.15,516.13,506.98,479.84,512.4399,1,518.4526,1,435480,400485,9.1327,5.3606,3.7721,61.03
2024-07-24,535.43,537.86,518.00,518.28,534.94,516.33,515.51,507.49,480.57,512.4399,1,557.0963,0,589490,406786,7.5293,5.7943,1.7350,54.04
2024-07-25,522.59,543.21,518.36,533.82,536.61,518.41,515.39,508.11,481.34,512.4399,1,556.3144,0,443354,409607,7.4269,6.1208,1.3061,56.29
2024-07-26,539.21,546.94,536.16,543.10,538.24,520.87,515.49,508.74,482.13,512.4399,1,555.5482,0,301708,408538,8.0027,6.4972,1.5055,57.69
2024-07-29,543.48,545.32,536.68,537.14,538.61,522.97,515.40,509.41,482.89,512.4399,1,554.7974,0,179147,404701,7.8868,6.7751,1.1117,53.42
2024-07-30,540.73,545.72,535.02,539.77,536.90,525.42,515.63,510.05,483.62,512.4399,1,554.0615,0,222468,396782,7.9163,7.0034,0.9130,53.53
2024-07-31,547.59,557.12,545.48,549.52,537.22,527.93,515.95,510.74,484.39,512.4399,1,518.0045,1,323396,394274,8.6265,7.3280,1.2985,58.38
2024-08-01,546.45,553.83,516.60,523.45,535.93,529.00,515.68,511.23,485.10,512.4399,1,557.1157,0,559824,398592,7.0051,7.2634,-0.2583,50.85
2024-08-02,513.33,520.40,497.14,507.75,533.37,529.63,515.13,511.61,485.71,560.0964,0,557.1157,0,363113,399848,4.4027,6.6913,-2.2885,47.79
2024-08-05,494.27,503.80,483.39,495.80,528.88,529.51,514.35,511.92,486.24,547.0944,0,554.7166,0,462666,403570,1.3606,5.6251,-4.2645,49.57
2024-08-06,499.42,515.15,495.30,507.27,525.59,529.97,514.18,512.31,486.94,547.0944,0,550.4368,0,330963,398420,-0.1235,4.4754,-4.5989,54.31
2024-08-07,509.45,520.47,499.79,501.87,523.95,529.45,513.84,512.68,487.63,547.0944,0,546.4139,0,546684,402529,-1.7161,3.2371,-4.9532,52.56
2024-08-08,548.39,557.61,542.79,556.29,526.20,531.40,514.65,513.47,488.60,484.0622,1,483.3879,1,805765,410873,1.3974,2.8691,-1.4718,70.61
2024-08-09,559.26,564.58,550.77,557.99,527.69,532.96,515.57,514.25,489.61,494.0102,1,484.8722,1,524567,415240,3.9560,3.0865,0.8695,73.09
2024-08-12,558.13,561.75,551.91,556.00,529.57,534.09,516.42,515.01,490.58,496.5770,1,488.0604,1,338340,415800,5.7569,3.6206,2.1363,73.17
2024-08-13,558.17,562.04,552.15,559.67,531.56,534.23,517.20,515.77,491.60,499.9042,1,491.1211,1,333545,409176,7.3952,4.3755,3.0197,71.27
2024-08-14,561.90,567.98,561.87,566.39,533.25,535.23,518.48,516.58,492.63,510.9564,1,494.0594,1,415458,406920,9.1304,5.3265,3.8039,74.87
2024-08-15,575.80,580.97,571.30,578.58,538.76,537.35,520.01,517.44,493.75,523.1909,1,498.4944,1,388655,405141,11.3584,6.5329,4.8255,75.22
2024-08-16,578.58,579.18,570.40,571.30,545.12,539.24,521.19,518.25,494.81,524.5112,1,505.0924,1,337030,405124,12.3934,7.7050,4.6884,71.34
2024-08-19,573.84,578.82,569.97,574.33,552.97,540.93,522.59,519.09,495.90,526.4899,1,511.1627,1,304159,405085,13.3051,8.8250,4.4801,70.49
2024-08-20,573.68,577.37,566.41,570.21,559.26,542.43,523.88,519.90,496.95,526.4899,1,516.7473,1,351412,404866,13.5390,9.7678,3.7712,71.46
2024-08-21,573.35,577.22,570.34,573.78,566.45,545.20,525.06,520.77,497.86,529.9127,1,521.8851,1,552014,405927,13.8531,10.5849,3.2682,71.30
2024-08-22,576.00,580.84,570.79,575.11,568.34,547.27,526.32,521.58,498.79,533.3190,1,526.6120,1,225817,404789,14.0475,11.2774,2.7701,72.78
2024-08-23,579.42,581.77,574.21,581.50,570.69,549.19,527.51,522.40,499.72,537.4795,1,530.9606,1,292397,402748,14.5491,11.9317,2.6173,70.88
2024-08-26,582.89,584.94,575.17,578.98,572.99,551.28,528.73,523.19,500.65,540.6632,1,536.0419,1,255006,400791,14.5755,12.4605,2.1150,70.14
2024-08-27,575.92,581.60,572.66,577.85,574.80,553.18,530.43,523.99,501.54,540.6632,1,541.9092,1,205764,391179,14.3394,12.8363,1.5032,71.69
2024-08-28,579.32,581.80,573.22,577.40,575.90,554.58,532.07,524.83,502.43,540.6632,1,547.0725,1,191632,384947,13.9558,13.0602,0.8957,73.25
2024-08-29,582.54,588.72,578.29,580.56,576.10,557.43,533.75,525.64,503.29,546.9028,1,551.6161,1,244174,382678,13.7477,13.1977,0.5500,74.97
2024-08-30,582.14,590.45,578.07,589.37,577.91,561.51,535.59,526.50,504.19,547.6090,1,556.8102,1,373745,383701,14.1314,13.3844,0.7470,76.21
2024-09-03,582.18,584.81,561.67,564.97,576.97,564.97,537.02,527.18,504.93,547.6090,1,590.4550,0,424033,383239,12.3244,13.1724,-0.8480,70.94
2024-09-04,565.33,571.09,561.88,566.54,576.61,567.94,538.35,527.85,505.68,547.6090,1,590.4550,0,270878,382116,10.8936,12.7167,-1.8231,73.90
2024-09-05,564.36,566.43,558.21,564.83,575.71,571.08,539.75,528.60,506.43,547.6090,1,589.8793,0,296688,382290,9.5113,12.0756,-2.5643,72.70
2024-09-06,566.59,573.90,560.39,561.01,574.30,571.32,541.13,529.10,507.13,547.6090,1,588.6124,0,431453,385686,8.0152,11.2635,-3.2483,72.36
2024-09-09,568.70,573.95,566.47,569.74,573.12,571.91,542.65,529.58,507.87,547.6090,1,587.3962,0,324738,386172,7.4481,10.5004,-3.0523,73.87
2024-09-10,573.50,575.04,565.61,570.62,572.29,572.64,544.16,530.08,508.62,547.6090,1,586.2287,0,254638,362844,6.9894,9.7982,-2.8088,72.59
2024-09-11,570.20,575.95,560.44,573.86,571.89,573.35,545.82,530.59,509.39,547.6090,1,585.1078,0,338192,363912,6.8089,9.2004,-2.3915,74.60
2024-09-12,577.39,577.69,570.76,576.95,571.84,573.87,547.37,531.10,510.16,547.6090,1,584.0318,0,216688,362715,6.8366,8.7276,-1.8910,75.54
2024-09-13,579.81,588.84,578.95,580.66,571.86,573.98,548.94,531.61,510.96,547.6090,1,558.2073,1,231860,362849,7.0765,8.3974,-1.3209,73.30
2024-09-16,584.41,587.06,578.64,586.02,571.52,574.71,550.76,532.13,511.82,547.6090,1,558.8201,1,235310,362007,7.6108,8.2401,-0.6293,74.26
2024-09-17,587.21,596.73,584.48,594.26,574.45,575.71,552.68,532.72,512.71,554.9822,1,559.4205,1,377142,365131,8.5998,8.3120,0.2878,76.25
2024-09-18,594.54,608.68,593.31,598.05,577.60,577.10,554.68,533.37,513.59,564.3235,1,560.9129,1,340935,367708,9.5791,8.5654,1.0136,77.45
2024-09-19,611.17,615.99,605.06,614.76,582.59,579.15,556.73,534.07,514.52,572.1338,1,563.7789,1,403677,369055,11.5704,9.1664,2.4039,78.58
2024-09-20,608.60,615.53,606.85,612.52,587.74,581.02,558.64,534.76,515.45,574.0410,1,567.9555,1,669804,374403,12.8200,9.8971,2.9229,79.62
2024-09-23,611.42,614.71,604.97,607.56,591.53,582.33,560.25,535.43,516.37,574.0410,1,571.7980,1,325261,372292,13.2574,10.5692,2.6882,78.12
2024-09-24,614.27,616.27,606.49,614.09,595.87,584.08,561.87,536.14,517.33,575.7224,1,575.3330,1,329257,371201,13.9700,11.2494,2.7206,79.20
2024-09-25,617.83,617.83,608.73,610.60,599.55,585.72,562.94,536.80,518.27,578.4575,1,579.4268,1,297417,364781,14.0909,11.8177,2.2733,79.59
2024-09-26,617.41,628.33,616.57,623.94,604.25,588.05,564.49,537.51,519.25,585.7891,1,584.0354,1,566269,365855,15.0889,12.4719,2.6170,80.68
2024-09-27,624.64,625.28,616.72,621.36,608.31,590.09,566.19,538.19,520.23,585.7891,1,590.2366,1,367196,364238,15.4928,13.0761,2.4167,77.94
2024-09-30,618.25,620.43,607.85,620.42,611.76,591.64,567.93,538.88,521.18,585.7891,1,595.5695,1,534330,368383,15.5583,13.5725,1.9858,77.67
2024-10-01,620.51,625.04,613.28,618.77,614.21,594.33,569.50,539.54,522.13,585.7891,1,600.1559,1,236744,367406,15.3007,13.9182,1.3825,79.72
2024-10-02,619.07,622.92,613.82,616.18,616.02,596.81,571.02,540.19,522.99,585.7891,1,604.1002,1,326112,365218,14.7177,14.0781,0.6396,78.79
2024-10-03,614.71,617.15,609.95,615.01,616.05,599.32,572.95,540.81,523.86,585.7891,1,607.4922,1,238749,358203,14.0000,14.0625,-0.0625,80.18
2024-10-04,624.42,624.42,611.43,619.30,616.73,602.23,574.66,541.44,524.75,585.7891,1,609.9470,1,184159,353020,13.6205,13.9741,-0.3536,78.02
2024-10-07,616.20,621.78,614.00,618.35,617.80,604.66,576.17,542.07,525.60,585.7891,1,609.9470,1,232426,351634,13.0919,13.7976,-0.7057,79.96
2024-10-08,620.01,620.01,614.03,616.03,618.00,606.94,577.74,542.74,526.49,585.7891,1,611.4296,1,207273,352196,12.3430,13.5067,-1.1637,78.22
2024-10-09,617.32,622.23,615.00,621.38,619.08,609.31,579.38,543.43,527.38,587.9515,1,613.7956,1,217806,352103,12.0424,13.2138,-1.1714,78.60
2024-10-10,619.05,621.33,615.29,620.13,618.69,611.47,580.79,544.05,528.25,588.8825,1,614.0319,1,202718,349690,11.5703,12.8851,-1.3149,78.53
2024-10-11,620.60,628.46,620.60,625.66,619.12,613.72,582.83,544.72,529.13,595.5477,1,615.0040,1,309336,344680,11.5095,12.6100,-1.1005,77.72
2024-10-14,625.51,634.25,624.93,631.92,620.27,616.01,585.32,545.45,530.04,600.7122,1,615.2889,1,339462,344207,11.8305,12.4541,-0.6236,78.53
2024-10-15,632.02,634.94,626.16,626.51,621.05,617.63,587.93,546.12,530.92,601.9238,1,618.7020,1,403420,343022,11.5155,12.2664,-0.7509,77.02
2024-10-16,626.39,631.00,625.33,625.98,622.03,619.02,590.30,546.78,531.81,601.9238,1,621.9492,1,294834,342299,11.0952,12.0322,-0.9369,76.01
2024-10-17,629.06,629.92,622.08,628.30,623.36,619.70,592.83,547.48,532.72,601.9238,1,634.9378,0,344042,338247,10.8244,11.7906,-0.9662,76.40
2024-10-18,627.48,629.40,622.75,628.89,624.32,620.52,594.28,548.19,533.67,601.9238,1,634.6808,0,392205,329975,10.5358,11.5396,-1.0038,75.43
2024-10-21,628.55,631.11,625.81,627.71,625.25,621.53,595.68,548.88,534.61,603.1473,1,634.4288,0,257230,324629,10.0957,11.2508,-1.1552,75.05
2024-10-22,625.29,625.51,617.68,617.93,625.44,621.72,596.92,549.49,535.49,603.1473,1,634.1819,0,352711,324916,8.8556,10.7718,-1.9162,71.53
2024-10-23,615.72,620.62,612.76,618.34,625.14,622.11,598.09,550.06,536.35,603.1473,1,633.5217,0,329396,324833,7.8160,10.1806,-2.3647,72.50
2024-10-24,618.54,618.54,611.47,612.88,624.41,621.55,599.02,550.49,537.19,603.1473,1,632.2757,0,351079,323546,6.4768,9.4399,-2.9630,71.14
2024-10-25,618.25,618.25,605.69,610.53,622.90,621.01,599.66,550.95,538.00,603.1473,1,630.6111,0,239867,320570,5.1659,8.5851,-3.4192,69.98
2024-10-28,615.89,616.20,611.32,612.40,620.95,620.61,600.48,551.45,538.81,603.1473,1,628.1186,0,267359,319176,4.2295,7.7140,-3.4845,69.30
2024-10-29,608.50,614.97,601.06,613.84,619.68,620.36,601.27,551.97,539.63,603.1473,1,625.8752,0,365314,320399,3.5620,6.8836,-3.3215,69.49
2024-10-30,611.76,616.66,608.61,613.03,618.38,620.21,602.13,552.42,540.46,603.1473,1,622.8974,0,556617,324504,2.9343,6.0937,-3.1594,70.85
2024-10-31,607.58,624.67,604.16,622.63,617.82,620.59,603.11,552.96,541.35,603.1473,1,601.0601,1,790241,329268,3.1751,5.5100,-2.3349,74.25
2024-11-01,620.18,629.89,617.52,623.58,617.29,620.80,604.07,553.53,542.20,603.1473,1,601.5322,1,660749,337967,3.4028,5.0886,-1.6857,74.59
2024-11-04,621.94,630.37,619.02,626.49,617.17,621.21,604.97,554.14,543.04,603.1473,1,602.6666,1,419549,340510,3.7751,4.8259,-1.0508,71.24
2024-11-05,624.95,642.18,624.95,641.66,619.54,622.49,606.23,554.78,543.95,603.1473,1,604.3289,1,511782,345645,5.2340,4.9075,0.3265,72.44
2024-11-06,670.48,696.83,670.48,696.66,627.37,626.25,608.60,555.81,545.15,637.1329,1,607.3566,1,1395437,369439,10.7048,6.0669,4.6378,75.76
2024-11-07,696.12,696.66,672.13,677.33,633.82,629.11,610.60,556.64,546.27,637.1329,1,616.3040,1,670663,379019,13.3267,7.5189,5.8078,73.52
2024-11-08,679.16,688.92,679.16,684.65,641.23,632.06,612.68,557.52,547.40,637.1329,1,624.3568,1,393420,382004,15.8131,9.1777,6.6354,72.90
2024-11-11,689.36,700.42,687.47,697.02,649.69,635.32,614.84,558.51,548.59,646.2090,1,631.6042,1,392173,382373,18.5680,11.0558,7.5122,73.37
2024-11-12,697.14,698.30,687.44,688.33,657.14,638.41,617.30,559.48,549.71,646.6496,1,639.8622,1,385605,381604,19.8215,12.8089,7.0125,74.07
2024-11-13,689.69,700.16,688.58,695.36,665.37,641.88,619.88,560.50,550.86,649.2235,1,647.1292,1,379722,383781,21.1383,14.4748,6.6635,77.16
2024-11-14,694.37,694.91,684.91,686.67,671.78,644.80,622.32,561.50,552.03,649.2235,1,653.5242,1,414462,386137,21.2357,15.8270,5.4087,76.63
2024-11-15,685.17,693.01,684.86,687.93,678.21,647.75,624.86,562.55,553.04,649.2235,1,659.1518,1,370981,384927,21.1706,16.8957,4.2749,79.10
2024-11-18,683.88,686.06,680.10,680.81,683.64,650.40,627.08,563.54,553.96,649.2235,1,664.1040,1,332491,385082,20.3106,17.5787,2.7319,77.75
2024-11-19,673.60,682.11,673.60,678.92,687.37,653.45,629.24,564.55,554.87,649.2235,1,668.4620,1,232656,384643,19.2546,17.9139,1.3407,77.75
2024-11-20,675.35,681.36,673.25,679.58,685.66,656.52,631.36,565.58,555.78,649.2235,1,672.2971,1,265816,383195,18.2604,17.9832,0.2772,78.10
2024-11-21,684.08,696.59,681.49,691.64,687.09,660.45,633.65,566.71,556.74,650.5199,1,673.2543,1,460607,388073,18.2353,18.0336,0.2017,78.41
2024-11-22,690.43,696.11,689.46,695.77,688.20,664.72,635.95,567.84,557.70,656.1162,1,673.2543,1,398533,391407,18.3368,18.0942,0.2425,76.90
2024-11-25,698.85,701.23,687.29,693.35,687.84,668.76,638.10,568.88,558.62,657.0781,1,676.5143,1,799094,402683,18.0149,18.0784,-0.0634,75.47
2024-11-26,693.08,697.96,689.41,695.75,688.58,672.86,640.13,569.96,559.57,657.6543,1,679.9742,1,257718,400294,17.7483,18.0123,-0.2641,75.28
2024-11-27,693.88,698.85,687.00,688.88,687.93,676.65,641.95,570.97,560.52,657.6543,1,682.9497,1,232290,398121,16.7898,17.7678,-0.9780,75.97
2024-11-29,691.74,695.75,686.05,691.86,688.45,680.11,643.49,571.98,561.43,657.6543,1,685.5086,1,233082,394709,16.0847,17.4312,-1.3465,75.13
2024-12-02,692.56,695.80,687.34,689.68,688.63,683.42,645.03,572.97,562.33,657.6543,1,686.0501,1,235011,386013,15.1754,16.9801,-1.8046,73.66
2024-12-03,688.25,690.51,683.02,689.89,689.53,686.59,646.68,574.02,563.24,657.6543,1,701.2278,0,229895,384106,14.3066,16.4454,-2.1388,74.12
2024-12-04,688.32,689.14,681.83,685.55,690.19,688.78,648.11,575.06,564.13,657.6543,1,700.8636,0,298725,383495,13.1166,15.7796,-2.6630,71.00
2024-12-05,685.07,689.30,682.47,683.80,690.62,688.14,649.57,576.16,564.99,657.6543,1,700.1022,0,323526,384018,11.8950,15.0027,-3.1077,72.50
2024-12-06,685.36,690.57,683.12,685.22,689.97,688.53,650.80,577.24,565.83,657.6543,1,699.3712,0,258902,377870,10.9162,14.1854,-3.2692,73.23
2024-12-09,684.08,687.51,669.73,675.22,687.92,688.06,651.88,578.16,566.61,657.6543,1,698.6695,0,445283,379432,9.2271,13.1937,-3.9666,72.46
2024-12-10,674.73,680.29,665.82,667.28,685.31,686.58,652.81,579.03,567.36,657.6543,1,696.9331,0,446417,377674,7.1650,11.9880,-4.8229,71.81
2024-12-11,674.87,680.32,672.67,675.61,683.30,685.94,653.95,579.92,568.14,657.6543,1,694.4443,0,481846,382576,6.1321,10.8168,-4.6847,72.66
2024-12-12,678.55,679.99,671.34,671.85,681.60,684.76,655.06,580.74,568.91,657.6543,1,692.1546,0,363946,383333,4.9529,9.6440,-4.6911,72.43
2024-12-13,673.34,675.00,660.35,661.27,678.54,683.49,655.99,581.48,569.60,657.6543,1,690.0481,0,421097,386980,3.1286,8.3409,-5.2124,70.29
2024-12-16,664.34,665.93,659.36,663.16,675.88,682.25,656.86,582.31,570.29,657.6543,1,687.0783,0,473909,392775,1.8143,7.0356,-5.2213,70.32
2024-12-17,658.90,662.62,652.26,655.53,672.45,680.99,657.61,583.09,570.96,690.3345,0,683.7516,0,554370,399213,0.1555,5.6596,-5.5041,69.94
2024-12-18,657.51,658.83,631.46,633.69,667.26,678.73,657.96,583.70,571.55,682.9634,0,679.3427,0,778998,410648,-2.8883,3.9500,-6.8383,71.29
2024-12-19,641.73,644.71,626.72,629.23,661.80,676.21,658.12,584.37,572.10,675.1453,0,671.6817,0,419425,414680,-5.5958,2.0408,-7.6367,69.86
2024-12-20,624.92,641.66,622.40,637.03,656.99,673.48,658.46,585.06,572.65,673.2947,0,663.5881,0,866277,427951,-7.0307,0.2265,-7.2572,69.82
2024-12-23,632.48,637.47,629.56,635.51,653.01,670.47,658.65,585.72,573.21,673.0254,0,655.3497,0,387003,429505,-8.1964,-1.4581,-6.7384,68.16
2024-12-24,634.08,642.49,630.86,642.32,650.52,667.92,658.86,586.43,573.80,673.0254,0,648.7589,0,148133,425678,-8.4730,-2.8611,-5.6120,68.47
2024-12-26,639.53,641.62,636.32,641.19,647.08,665.19,659.15,587.14,574.38,673.0254,0,643.4864,0,167350,420957,-8.6834,-4.0255,-4.6579,68.01
2024-12-27,635.85,640.54,627.53,633.70,643.26,662.43,659.31,587.93,574.91,671.3783,0,642.4854,0,252695,420114,-9.3469,-5.0898,-4.2571,66.89
2024-12-30,625.93,629.76,618.17,626.82,639.82,659.18,659.28,588.65,575.43,662.2314,0,641.6192,0,215054,417534,-10.3090,-6.1336,-4.1754,66.27
2024-12-31,627.23,630.37,623.91,626.04,636.10,655.99,659.22,589.39,575.94,662.2314,0,640.5366,0,179996,413290,-11.0073,-7.1084,-3.8990,64.58
2025-01-02,630.04,632.99,616.19,619.63,632.51,652.48,659.06,590.10,576.43,662.2314,0,636.0640,0,260369,413353,-11.9402,-8.0747,-3.8654,63.69
2025-01-03,621.20,629.20,619.22,627.66,631.91,649.59,659.26,590.86,576.93,661.2022,0,632.9871,0,337460,413048,-11.8943,-8.8386,-3.0556,62.97
2025-01-06,630.33,639.65,626.48,630.93,632.08,646.94,659.51,591.60,577.42,661.2022,0,616.1852,1,406586,414592,-11.4621,-9.3633,-2.0987,64.75
2025-01-07,629.85,631.36,622.46,625.25,630.90,643.94,659.75,592.42,577.81,661.2022,0,616.6545,1,418299,415936,-11.4459,-9.7798,-1.6660,64.17
2025-01-08,624.21,631.81,618.90,631.42,630.49,641.75,660.17,593.28,578.26,661.2022,0,617.1145,1,282196,416783,-10.8105,-9.9860,-0.8245,67.30
2025-01-10,625.43,626.78,614.47,620.14,628.28,639.40,660.33,594.00,578.67,658.5083,0,639.6507,0,386088,419157,-11.0892,-10.2066,-0.8826,67.78
2025-01-13,616.00,628.34,615.13,627.97,626.96,637.02,660.61,594.82,579.13,658.5083,0,639.1472,0,300429,417860,-10.5571,-10.2767,-0.2804,69.00
2025-01-14,633.62,642.25,631.34,636.85,627.27,635.27,661.09,595.70,579.59,658.5083,0,614.4726,1,431362,415354,-9.3116,-10.0837,0.7721,69.73
2025-01-15,650.11,658.61,645.28,646.01,629.19,634.50,661.55,596.57,580.11,658.5083,0,615.0281,1,460212,408754,-7.4986,-9.5667,2.0680,69.65
2025-01-16,649.24,650.71,644.78,648.31,631.42,633.76,662.05,597.48,580.66,658.5083,0,616.7713,1,285529,401249,-5.8090,-8.8151,3.0061,70.38
2025-01-17,654.54,661.31,649.79,658.94,635.35,633.93,662.70,598.39,581.28,616.6667,1,618.4448,1,487969,402618,-3.5711,-7.7663,4.1952,68.55
2025-01-21,667.18,669.32,662.43,667.76,639.36,635.63,663.22,599.39,581.89,627.7632,1,621.0170,1,435817,401099,-1.0735,-6.4278,5.3543,67.29
2025-01-22,669.13,671.32,662.56,663.89,642.65,637.37,662.56,600.53,582.50,630.0092,1,624.8810,1,339538,379981,0.5870,-5.0248,5.6118,68.44
2025-01-23,665.73,670.34,661.09,669.41,647.07,638.99,662.41,601.69,583.08,630.0092,1,629.5244,1,324335,373054,2.3210,-3.5557,5.8766,69.63
2025-01-24,669.41,671.29,664.44,668.67,650.79,640.64,662.09,602.84,583.66,633.4048,1,633.7035,1,335186,371889,3.5941,-2.1257,5.7198,68.80
2025-01-27,659.28,661.44,645.31,652.36,654.02,641.15,661.19,603.87,584.18,633.4048,1,637.4647,1,460426,373254,3.2496,-1.0506,4.3002,65.96
2025-01-28,654.84,656.44,646.97,655.76,656.80,641.88,660.54,604.95,584.75,633.4048,1,640.8498,1,506401,375670,3.2143,-0.1976,3.4120,67.36
2025-01-29,656.52,661.61,651.93,655.35,658.65,642.96,659.74,605.99,585.31,633.4048,1,643.8963,1,687782,381831,3.1171,0.4653,2.6518,67.40
2025-01-30,678.57,697.39,674.04,692.83,663.33,646.26,659.86,607.31,586.09,640.4727,1,646.6382,1,784063,389224,5.9954,1.5713,4.4241,73.74
2025-01-31,694.25,707.15,688.40,695.94,668.09,649.75,660.02,608.67,586.92,651.4342,1,651.9346,1,943417,400672,8.4302,2.9431,5.4871,73.56
2025-02-03,677.83,696.65,675.06,684.84,670.68,653.01,660.10,609.94,587.68,651.4342,1,659.6652,1,595788,405938,9.3561,4.2257,5.1304,72.14
2025-02-04,692.91,702.48,678.51,678.86,671.79,655.58,660.10,611.17,588.44,651.4342,1,666.3135,1,364093,408567,9.4983,5.2802,4.2181,68.26
2025-02-05,682.15,683.95,674.24,678.05,673.21,657.93,660.07,612.42,589.20,651.4342,1,672.0311,1,358970,410430,9.4363,6.1114,3.3248,65.65
2025-02-06,681.26,685.56,675.23,680.73,674.34,660.71,659.85,613.63,590.00,651.4342,1,674.2386,1,308661,407391,9.4945,6.7880,2.7065,65.07
2025-02-07,684.79,685.33,672.50,674.79,674.95,662.87,659.44,614.78,590.74,651.4342,1,707.1533,0,375893,406938,8.9573,7.2219,1.7354,65.07
2025-02-10,680.56,681.36,666.53,671.55,676.87,665.44,659.00,615.95,591.41,651.4342,1,706.4602,0,367761,398312,8.1763,7.4128,0.7635,63.73
2025-02-11,668.43,672.57,662.31,671.89,678.48,667.64,658.52,617.11,592.10,651.4342,1,704.8629,0,351129,400180,7.4987,7.4300,0.0687,64.23
2025-02-12,662.30,670.74,661.86,669.34,679.88,669.26,658.13,618.25,592.76,651.4342,1,702.3100,0,308545,401705,6.6785,7.2797,-0.6012,64.96
2025-02-13,671.76,686.42,670.47,684.53,679.05,671.19,657.98,619.40,593.48,651.4342,1,699.0741,0,552558,408094,7.1719,7.2581,-0.0863,67.07
2025-02-14,687.10,693.71,684.24,690.88,678.55,673.32,658.01,620.56,594.23,651.4342,1,696.0971,0,724269,417880,7.9827,7.4030,0.5797,68.53
2025-02-18,694.94,696.61,684.23,686.15,678.68,674.68,657.93,621.62,595.00,651.4342,1,661.8610,1,528967,423861,8.1501,7.5524,0.5976,65.11
2025-02-19,681.48,693.40,674.84,692.16,680.01,675.90,658.07,622.68,595.81,651.4342,1,662.5560,1,453482,426956,8.6676,7.7755,0.8921,68.87
2025-02-20,691.95,698.35,675.04,686.15,680.82,677.01,658.11,623.54,596.65,651.4342,1,663.2371,1,400655,428499,8.4950,7.9194,0.5756,70.45
2025-02-21,686.53,689.02,653.68,658.04,678.55,676.44,657.57,624.29,597.32,651.4342,1,698.3460,0,567591,434673,6.0206,7.5396,-1.5190,66.76
2025-02-24,661.33,663.29,646.54,650.26,676.10,675.52,657.07,625.05,597.89,706.5188,0,698.3460,0,424382,434255,3.3925,6.7102,-3.3177,65.61
2025-02-25,650.87,653.86,637.88,648.37,673.78,675.32,656.69,625.81,598.44,697.1060,0,696.2738,0,475594,434838,1.1444,5.5970,-4.4527,66.28
2025-02-26,653.35,665.49,651.17,651.75,671.76,675.12,656.21,626.55,598.99,697.1060,0,692.7699,0,330229,431806,-0.3608,4.4055,-4.7663,66.51
2025-02-27,652.94,666.18,645.60,646.23,669.45,674.67,655.70,627.26,599.48,697.1060,0,689.4763,0,355272,431632,-1.9760,3.1292,-5.1051,67.77
2025-02-28,648.88,661.39,643.21,659.56,666.96,673.00,655.67,628.20,600.03,697.1060,0,686.3803,0,815114,439513,-2.1556,2.0722,-4.2278,69.42
2025-03-03,665.32,668.94,637.32,641.85,662.05,670.30,655.24,628.92,600.54,697.1060,0,683.4701,0,735523,444745,-3.6845,0.9209,-4.6053,65.47
2025-03-04,637.42,641.74,604.84,616.54,655.09,666.88,654.46,629.41,600.93,685.4764,0,679.7784,0,1359158,460841,-6.8599,-0.6353,-6.2246,60.13
2025-03-05,620.26,632.71,618.17,631.48,649.02,664.52,654.42,630.04,601.38,685.4764,0,672.2850,0,793726,461135,-8.0772,-2.1236,-5.9535,61.98
2025-03-06,624.53,634.61,616.39,622.49,642.66,661.74,654.28,630.59,601.85,685.4764,0,665.5409,0,628154,465310,-9.6567,-3.6302,-6.0264,62.78
2025-03-07,616.63,631.12,610.32,626.25,639.48,659.01,654.07,631.10,602.31,681.1389,0,659.4713,0,754908,463082,-10.4834,-5.0009,-5.4825,65.21
2025-03-10,609.07,613.22,592.27,598.48,634.30,655.20,653.33,631.60,602.62,667.3174,0,654.0086,0,833408,472010,-13.2273,-6.6462,-6.5811,58.86
2025-03-11,596.52,610.81,591.32,603.01,629.76,651.77,652.54,632.24,602.96,665.0314,0,646.5994,0,497998,479008,-14.8650,-8.2899,-6.5751,63.12
2025-03-12,614.01,616.05,601.31,604.93,625.08,648.42,651.82,632.97,603.31,665.0314,0,638.8600,0,473835,485137,-15.8252,-9.7970,-6.0282,64.08
2025-03-13,604.64,608.84,582.60,583.73,618.83,644.14,650.82,633.48,603.65,659.3834,0,632.2042,0,870791,497499,-18.0886,-11.4553,-6.6333,58.01
2025-03-14,594.05,600.61,586.05,599.74,612.85,639.90,650.28,634.13,604.06,655.6936,0,624.2669,0,565024,504499,-18.3783,-12.8399,-5.5384,58.26
2025-03-17,596.47,616.56,596.47,613.26,609.99,636.02,650.02,634.51,604.55,655.6936,0,617.5996,0,512306,511145,-17.3177,-13.7355,-3.5822,61.70
2025-03-18,609.46,613.75,600.93,608.15,609.15,632.12,649.79,634.84,605.02,655.6936,0,616.5556,0,452068,514979,-16.6970,-14.3278,-2.3692,61.55
2025-03-19,608.15,626.76,608.06,621.58,608.16,628.59,649.67,635.28,605.56,655.6936,0,582.5963,1,513017,518490,-14.9493,-14.4521,-0.4972,63.70
2025-03-20,613.99,622.75,612.41,616.36,607.55,625.10,649.38,635.66,606.04,655.6936,0,583.4795,1,433118,519021,-13.8259,-14.3268,0.5009,61.90
2025-03-21,613.30,619.73,603.54,613.77,606.30,622.89,649.15,635.97,606.60,655.6936,0,584.3451,1,505829,520771,-12.9945,-14.0604,1.0659,62.05
2025-03-24,626.14,636.17,624.08,633.98,609.85,622.08,649.20,636.34,607.26,655.6936,0,585.1933,1,574338,526614,-10.5831,-13.3649,2.7818,63.06
2025-03-25,639.03,643.66,634.55,642.64,613.81,621.79,649.65,636.82,607.91,655.6936,0,587.2324,1,588634,530665,-7.8822,-12.2684,4.3861,67.96
2025-03-26,641.24,648.10,623.43,628.98,616.22,620.65,649.67,637.18,608.53,655.6936,0,590.6179,1,607866,536814,-6.7664,-11.1680,4.4016,64.67
2025-03-27,623.84,624.70,612.93,617.88,619.63,619.23,649.29,637.50,609.10,655.6936,0,595.2163,1,393417,536055,-6.7005,-10.2745,3.5740,60.93
2025-03-28,615.37,616.85,589.30,593.38,619.00,615.92,648.24,637.63,609.49,655.6936,0,648.0977,0,488722,536625,-8.5267,-9.9249,1.3982,55.40
2025-03-31,582.99,603.80,573.21,599.71,617.64,613.82,647.27,637.80,609.93,650.2054,0,646.9216,0,507676,541068,-9.3551,-9.8110,0.4559,56.68
2025-04-01,598.85,605.77,590.23,601.70,617.00,613.08,646.12,637.93,610.33,650.2054,0,643.9733,0,414339,539595,-9.7392,-9.7966,0.0574,58.36
2025-04-02,590.79,622.32,587.22,620.56,616.90,612.53,645.18,638.21,610.84,650.2054,0,641.1429,0,494001,540759,-8.4244,-9.5222,1.0977,62.34
2025-04-03,568.40,576.20,545.99,549.25,610.19,608.87,642.88,638.02,611.12,641.6986,0,638.4257,0,995825,553885,-12.9871,-10.2152,-2.7719,50.21
2025-04-04,521.51,531.07,503.17,510.31,599.84,603.07,639.70,637.57,611.19,603.4827,0,632.8798,0,1166250,570723,-19.5202,-12.0762,-7.4440,44.89
2025-04-07,498.35,541.98,481.91,524.53,588.89,599.37,636.82,637.20,611.34,603.4827,0,622.5033,0,954897,583117,-23.2814,-14.3172,-8.9642,52.81
2025-04-08,554.48,562.06,507.42,518.45,576.47,595.14,634.14,636.72,611.44,603.4827,0,608.4442,0,841399,590737,-26.4485,-16.7435,-9.7050,53.69
2025-04-09,510.54,596.26,504.49,588.12,572.39,594.30,632.79,636.88,611.91,603.4827,0,481.9123,1,1312493,606859,-23.0704,-18.0089,-5.0615,63.32
2025-04-10,567.16,571.14,531.87,552.68,565.87,592.75,630.73,636.79,612.18,603.4827,0,484.1992,1,576313,604629,-22.9878,-19.0046,-3.9832,58.31
2025-04-11,546.82,562.34,538.89,557.80,562.31,590.65,628.03,636.74,612.49,603.4827,0,486.4405,1,530656,599561,-22.2527,-19.6543,-2.5984,57.31
2025-04-14,571.37,571.37,550.78,561.99,558.54,588.09,625.35,636.75,612.84,603.4827,0,488.6369,1,432790,589349,-21.0894,-19.9413,-1.1481,57.09
2025-04-15,567.81,568.32,559.11,560.64,554.43,585.72,622.87,636.68,613.18,603.4827,0,490.7894,1,250485,582443,-20.0448,-19.9620,-0.0828,56.36
2025-04-16,552.12,559.52,543.17,551.96,547.57,582.23,620.33,636.56,613.46,603.4827,0,492.8988,1,381153,582784,-19.6904,-19.9077,0.2172,53.95
2025-04-17,555.89,562.87,553.48,553.49,548.00,579.09,617.84,636.42,613.77,603.4827,0,494.9660,1,313150,581867,-19.0665,-19.7394,0.6730,53.47
2025-04-21,544.67,548.70,530.88,539.96,550.96,575.40,615.03,636.18,613.98,603.4827,0,496.9919,1,271565,581125,-19.4394,-19.6794,0.2401,53.82
2025-04-22,547.57,561.12,546.81,559.07,554.42,571.66,612.71,636.03,614.26,603.4827,0,498.9773,1,407081,581749,-17.9862,-19.3408,1.3545,54.81
2025-04-23,581.70,606.59,569.68,573.04,559.88,568.17,610.74,635.95,614.65,603.4827,0,500.9230,1,389027,582175,-15.5283,-18.5783,3.0500,57.67
2025-04-24,569.87,590.18,568.55,588.82,559.95,566.17,609.08,635.91,615.10,603.4827,0,505.1497,1,539397,585940,-12.1664,-17.2959,5.1295,62.94
2025-04-25,591.00,595.54,584.17,590.02,563.68,564.77,607.49,635.86,615.56,603.4827,0,509.2073,1,317190,586113,-9.2985,-15.6964,6.3979,62.46
2025-04-28,593.24,599.91,585.08,589.10,566.81,564.56,605.58,635.69,615.95,603.4827,0,513.1027,1,368524,582432,-7.0189,-13.9609,6.9421,60.52
2025-04-29,585.50,596.18,584.55,594.67,570.08,564.31,603.66,635.57,616.33,603.4827,0,516.8422,1,421677,576380,-4.7081,-12.1104,7.4022,56.32
2025-04-30,585.17,598.39,576.07,596.96,573.71,564.07,601.88,635.50,616.69,603.4827,0,520.4322,1,731518,580431,-2.6615,-10.2206,7.5591,53.99
2025-05-01,606.21,611.64,587.74,601.95,578.71,563.14,600.07,635.42,617.03,603.4827,0,523.8785,1,754596,586454,-0.6294,-8.3023,7.6730,55.13
2025-05-02,613.43,619.29,604.78,610.73,584.43,566.22,598.56,635.42,617.30,539.4217,1,529.1443,1,412205,586685,1.6704,-6.3078,7.9782,55.40
2025-05-05,603.04,615.71,603.04,608.32,591.27,571.12,597.57,635.31,617.61,540.2233,1,536.3559,1,380424,582941,3.2603,-4.3942,7.6545,56.13
2025-05-06,602.23,611.72,600.17,605.70,595.93,575.17,596.68,635.21,617.95,540.2438,1,542.9905,1,370746,581868,4.2602,-2.6633,6.9235,55.94
2025-05-07,610.31,618.14,608.31,614.68,600.10,579.99,596.01,635.17,618.36,550.3627,1,549.0943,1,413685,580630,5.7113,-0.9884,6.6997,57.58
2025-05-08,621.99,638.26,619.82,632.91,604.51,582.23,595.63,635.26,618.82,565.3904,1,554.7099,1,551626,585058,8.2376,0.8568,7.3808,61.93
2025-05-09,635.89,644.05,634.59,640.72,609.58,586.63,595.52,635.43,619.32,578.6922,1,563.0650,1,841090,594775,10.7457,2.8346,7.9111,64.22
2025-05-12,672.72,678.20,659.25,661.67,616.83,591.82,595.56,635.74,620.04,602.9163,1,572.7837,1,724535,592963,14.2591,5.1195,9.1397,66.60
2025-05-13,666.07,677.57,660.36,671.22,624.49,597.28,596.15,636.08,620.73,604.5749,1,587.5417,1,550945,589271,17.6118,7.6180,9.9938,68.43
2025-05-14,669.92,672.52,665.81,667.65,631.56,602.63,597.17,636.41,621.35,609.1995,1,600.2336,1,341319,568915,19.7529,10.0449,9.7079,66.63
2025-05-15,664.58,668.49,661.53,665.50,637.91,608.31,597.85,636.74,621.99,609.1995,1,611.1487,1,312441,559289,21.0340,12.2427,8.7912,66.19
2025-05-16,669.13,674.88,664.37,673.18,644.16,614.29,598.86,637.09,622.66,616.0173,1,620.5356,1,313052,552987,22.4104,14.2763,8.1342,66.76
2025-05-19,663.89,674.05,662.82,672.07,650.53,620.90,599.78,637.44,623.27,616.8219,1,628.6084,1,489150,547672,23.1451,16.0500,7.0951,66.76
2025-05-20,668.23,675.24,667.90,672.84,657.25,626.59,601.27,637.75,624.02,622.9124,1,635.5510,1,582599,542656,23.5177,17.5436,5.9741,69.70
2025-05-21,665.22,668.32,653.29,654.76,661.25,630.67,602.30,637.90,624.76,622.9124,1,641.5216,1,415267,541001,22.0996,18.4548,3.6448,69.01
2025-05-22,652.23,654.42,644.52,650.38,663.00,633.75,603.21,638.06,625.53,622.9124,1,678.1982,0,435297,540230,20.3871,18.8412,1.5459,68.02
2025-05-23,637.43,652.99,630.45,648.01,663.73,636.65,604.50,638.21,626.23,622.9124,1,677.5246,0,282157,528458,18.6244,18.7979,-0.1734,68.49
2025-05-27,657.52,665.96,652.88,663.79,663.94,640.39,605.78,638.44,627.04,622.9124,1,675.6417,0,378594,524729,18.2900,18.6963,-0.4063,69.05
2025-05-28,666.00,667.16,657.77,659.23,662.74,643.61,606.70,638.65,627.56,622.9124,1,673.8340,0,312628,520735,17.4558,18.4482,-0.9924,67.37
2025-05-29,664.34,664.34,654.70,660.15,661.99,646.77,607.74,638.86,628.07,622.9124,1,672.0986,0,324474,518184,16.6766,18.0939,-1.4173,67.68
2025-05-30,656.66,660.17,650.68,657.65,661.21,649.56,608.46,639.13,628.58,622.9124,1,670.4327,0,693016,521784,15.6764,17.6104,-1.9340,68.27
2025-06-02,657.47,658.49,644.31,653.30,659.22,651.69,609.20,639.36,629.04,622.9124,1,668.8334,0,415263,521426,14.3669,16.9617,-2.5948,66.10
2025-06-03,655.99,659.81,653.78,657.66,657.78,654.15,610.08,639.66,629.50,622.9124,1,667.2981,0,537152,522053,13.5253,16.2744,-2.7492,66.65
2025-06-04,661.16,661.75,657.50,658.08,656.30,656.77,610.56,639.98,629.90,622.9124,1,665.8241,0,222556,515017,12.7456,15.5687,-2.8230,67.87
2025-06-05,661.73,663.31,652.60,654.95,656.32,658.79,610.80,640.26,630.32,622.9124,1,664.4092,0,422337,511691,11.7394,14.8028,-3.0634,68.51
2025-06-06,665.34,666.94,661.88,664.14,657.70,660.35,611.51,640.60,630.76,626.5193,1,630.4501,1,260248,504739,11.5505,14.1523,-2.6019,68.59
2025-06-09,667.84,669.58,662.35,662.77,659.17,661.45,612.40,640.93,631.23,629.6920,1,631.1799,1,318461,503240,11.1619,13.5542,-2.3924,67.60
2025-06-10,664.74,666.06,659.54,663.81,659.17,661.56,613.81,641.20,631.68,629.6920,1,632.7159,1,306883,499603,10.8131,13.0060,-2.1929,68.17
2025-06-11,665.35,669.10,658.25,664.62,659.71,661.23,615.11,641.48,632.12,629.6920,1,634.1905,1,343802,496326,10.4814,12.5011,-2.0197,68.32
2025-06-12,659.99,661.52,654.27,659.79,659.68,660.83,616.27,641.70,632.52,629.6920,1,635.6061,1,328895,494617,9.7160,11.9441,-2.2280,66.53
2025-06-13,650.32,655.16,645.51,647.15,658.63,659.92,616.81,641.73,632.86,629.6920,1,636.9651,1,446547,493668,7.9978,11.1548,-3.1570,66.69
2025-06-16,654.37,658.88,651.23,654.82,658.78,659.00,618.92,641.45,633.24,629.6920,1,638.2697,1,421063,482172,7.1722,10.3583,-3.1861,66.28
2025-06-17,651.72,655.80,644.84,645.29,657.54,657.66,621.62,641.24,633.58,629.6920,1,639.5221,1,406914,466986,5.6835,9.4234,-3.7398,64.83
2025-06-18,644.83,653.62,644.82,645.37,656.27,656.29,624.03,640.98,633.91,629.6920,1,640.7244,1,312251,454133,4.4587,8.4304,-3.9717,63.39
2025-06-20,651.12,652.94,642.47,645.81,655.36,655.84,626.58,640.64,634.19,629.6920,1,641.8787,1,564416,448593,3.4831,7.4410,-3.9579,63.20
2025-06-23,648.01,657.51,639.65,657.17,654.66,656.18,627.96,640.43,634.65,629.6920,1,669.5805,0,331645,428976,3.5858,6.6699,-3.0841,64.19
2025-06-24,661.52,669.61,657.90,668.09,655.19,657.18,630.27,640.25,635.16,629.6920,1,639.6515,1,409134,425632,4.4960,6.2351,-1.7391,66.09
2025-06-25,670.21,670.45,665.09,666.36,655.45,657.31,632.44,640.11,635.66,633.9199,1,639.6515,1,327663,421573,5.0205,5.9922,-0.9717,68.19
2025-06-26,670.36,686.83,668.74,684.37,657.42,658.57,634.89,640.09,636.28,641.1794,1,640.8835,1,583942,424596,6.8107,6.1559,0.6548,70.89
2025-06-27,687.44,697.51,686.30,693.11,660.75,660.22,637.54,640.17,636.90,655.0216,1,643.6400,1,731504,434216,8.8326,6.6913,2.1414,72.15
2025-06-30,694.03,694.03,687.60,691.06,665.15,661.89,640.32,640.25,637.50,655.6873,1,647.9497,1,738003,441353,10.1527,7.3835,2.7691,70.97
2025-07-01,688.91,699.36,684.13,695.82,669.25,664.01,643.17,640.36,638.11,655.6873,1,651.9146,1,506502,445220,11.4508,8.1970,3.2538,70.70
2025-07-02,697.43,704.08,695.16,703.91,675.11,666.32,646.45,640.44,638.74,664.3783,1,656.6593,1,320228,446193,12.9830,9.1542,3.8288,73.10
2025-07-03,708.50,713.25,704.68,711.52,681.72,669.00,649.49,640.55,639.40,674.4501,1,662.3498,1,259254,443237,14.6425,10.2519,4.3906,74.85
2025-07-07,707.89,712.70,692.74,699.09,687.05,671.20,652.02,640.59,639.96,674.4501,1,669.4762,1,570783,446872,14.7844,11.1584,3.6260,71.55
2025-07-08,699.52,702.45,694.17,699.42,691.28,672.97,654.23,640.61,640.49,674.4501,1,675.6048,1,348936,443063,14.7532,11.8773,2.8759,69.73
2025-07-09,705.29,707.08,697.87,700.08,694.48,674.83,656.43,640.68,641.00,674.4501,1,680.8755,1,267398,442067,14.6135,12.4246,2.1889,66.34
2025-07-10,701.80,711.71,698.85,706.72,698.51,676.98,658.78,640.78,641.46,674.4501,1,685.4082,1,316006,441017,14.8671,12.9131,1.9540,68.70
2025-07-11,701.36,708.25,698.51,707.33,700.81,679.11,661.03,640.90,641.93,674.4501,1,689.3064,1,245214,437487,14.9445,13.3194,1.6251,71.17
2025-07-14,705.65,707.41,700.09,704.54,701.95,681.35,663.19,641.00,642.42,674.4501,1,692.6588,1,245671,427770,14.6123,13.5779,1.0343,69.67
2025-07-15,706.43,708.10,700.77,701.12,702.96,684.05,665.17,641.10,642.85,674.4501,1,695.5419,1,246394,417606,13.9131,13.6450,0.2682,70.43
2025-07-16,702.61,704.75,691.17,702.69,703.64,686.44,667.01,641.23,643.31,674.4501,1,713.2522,0,309230,415547,13.3316,13.5823,-0.2507,71.04
2025-07-17,702.72,716.23,700.67,715.59,704.81,689.96,669.15,641.43,643.77,674.4501,1,691.1691,1,392803,415794,13.7532,13.6165,0.1367,71.84
2025-07-18,718.22,719.58,711.48,714.91,705.15,693.44,671.34,641.70,644.24,682.0329,1,691.1691,1,351102,415401,13.8731,13.6678,0.2053,72.22
2025-07-21,716.51,716.51,703.49,703.67,705.61,696.33,673.12,641.94,644.66,682.0329,1,692.3057,1,277091,412670,12.9123,13.5167,-0.6044,70.39
2025-07-22,701.33,714.83,698.18,713.47,707.01,699.14,674.73,642.19,645.13,682.0329,1,693.3968,1,385439,409346,12.7938,13.3721,-0.5783,71.12
2025-07-23,717.80,721.98,710.58,720.45,709.05,701.76,676.32,642.51,645.65,682.0329,1,694.4443,1,399328,400511,13.1116,13.3200,-0.2084,70.89
2025-07-24,721.07,726.70,717.59,721.88,710.56,704.54,677.53,642.92,646.19,687.4601,1,696.0964,1,452583,395072,13.3256,13.3211,0.0045,71.95
2025-07-25,723.70,732.97,718.44,730.98,712.93,706.87,678.72,643.37,646.74,690.1299,1,698.5445,1,369262,391438,14.0675,13.4704,0.5971,71.76
2025-07-28,732.51,737.44,728.26,731.22,715.60,708.77,679.99,643.88,647.31,698.0810,1,701.9872,1,329695,391205,14.5074,13.6778,0.8296,69.03
2025-07-29,736.37,736.71,724.16,727.06,718.19,710.57,681.23,644.50,647.86,698.0810,1,706.2418,1,504187,395040,14.3553,13.8133,0.5420,68.34
2025-07-30,729.38,730.50,718.55,724.26,720.35,712.00,682.25,645.13,648.38,698.0810,1,709.9860,1,525744,399294,13.8491,13.8205,0.0286,68.95
2025-07-31,720.59,729.61,720.59,724.14,721.21,713.01,683.29,645.71,648.90,698.0810,1,713.2808,1,372025,396952,13.2845,13.7133,-0.4288,69.46
2025-08-01,707.58,709.30,694.11,704.58,720.17,712.66,683.92,646.17,649.29,698.0810,1,737.4428,0,643481,398169,11.1303,13.1967,-2.0664,67.33
2025-08-04,708.74,712.57,705.79,711.41,720.94,713.28,685.06,646.63,649.69,698.0810,1,736.5761,0,584508,401554,9.8611,12.5296,-2.6684,66.05
2025-08-05,713.11,718.76,692.47,707.30,720.33,713.67,686.19,647.07,650.09,698.0810,1,735.7267,0,595781,404764,8.4260,11.7089,-3.2828,64.35
2025-08-06,704.85,704.85,684.68,689.73,717.26,713.15,687.03,647.45,650.41,739.6849,0,733.9963,0,1344136,426003,5.8047,10.5280,-4.7233,58.24
2025-08-07,721.65,721.75,700.67,717.66,716.83,713.70,688.11,648.05,650.86,739.6849,0,731.0372,0,926938,436970,5.9129,9.6050,-3.6921,64.69
2025-08-08,721.75,731.23,715.85,720.02,715.74,714.33,689.32,648.68,651.32,739.6849,0,684.6787,1,596892,442656,6.1182,8.9076,-2.7895,64.04
2025-08-11,721.30,725.00,716.81,722.91,714.91,715.25,690.58,649.37,651.79,739.6849,0,685.6097,1,493780,446042,6.4397,8.4141,-1.9744,62.98
2025-08-12,727.20,744.88,726.59,744.06,716.61,717.40,692.31,650.14,652.42,686.7248,1,686.5221,1,454759,441277,8.3056,8.3924,-0.0867,66.47
2025-08-13,749.04,755.89,741.44,753.97,719.58,719.96,694.32,650.96,653.10,700.2189,1,688.8565,1,469880,442369,10.4630,8.8065,1.6565,66.55
2025-08-14,747.68,749.66,732.55,737.43,720.91,721.06,695.91,651.71,653.72,700.2189,1,692.8782,1,518086,441988,10.7151,9.1882,1.5269,64.31
2025-08-15,739.45,739.45,720.93,722.22,722.67,721.42,697.20,652.32,654.28,700.2189,1,696.6587,1,522724,447991,9.5767,9.2659,0.3108,61.01
2025-08-18,722.32,729.45,721.62,728.39,724.37,722.66,698.67,653.04,654.86,700.2189,1,700.2122,1,357720,446699,9.0681,9.2263,-0.1583,62.87
2025-08-19,728.74,739.06,728.33,736.33,727.27,723.80,700.11,653.76,655.47,700.2189,1,703.5526,1,699948,455493,9.2000,9.2211,-0.0210,65.33
2025-08-20,733.53,739.64,727.19,735.09,731.81,724.53,701.56,654.42,656.08,700.2189,1,706.6926,1,506928,459262,9.0991,9.1967,-0.0976,66.32
2025-08-21,731.87,732.93,721.99,725.27,732.57,724.70,702.79,654.95,656.60,700.2189,1,709.6441,1,361247,460349,8.1334,8.9840,-0.8506,63.43
2025-08-22,730.29,751.44,729.26,744.35,735.00,725.37,704.38,655.59,657.20,700.2189,1,712.4186,1,546041,464394,8.8058,8.9484,-0.1426,63.43
2025-08-25,746.80,748.36,741.51,742.34,736.95,725.93,706.03,656.14,657.78,700.2189,1,715.0266,1,487920,467575,9.0721,8.9731,0.0990,63.21
2025-08-26,741.83,754.67,738.09,753.47,737.89,727.25,708.16,656.71,658.34,700.5405,1,717.4781,1,542909,469502,10.0652,9.1916,0.8737,65.48
2025-08-27,750.75,760.30,749.85,759.95,738.48,729.03,710.26,657.35,658.66,710.6865,1,719.7825,1,488896,470858,11.2456,9.6024,1.6432,65.71
2025-08-28,761.44,765.10,754.95,758.70,740.61,730.76,712.53,657.95,659.06,717.0267,1,723.0238,1,488324,472487,11.9427,10.0704,1.8723,65.52
2025-08-29,756.16,760.56,748.29,751.29,743.52,733.10,714.65,658.50,659.40,717.0267,1,727.2310,1,676505,479772,11.7617,10.4087,1.3530,64.76
2025-09-02,739.93,744.79,732.79,743.74,745.05,734.71,716.61,659.11,659.63,717.0267,1,731.0175,1,393788,476359,10.8830,10.5035,0.3794,65.67
2025-09-03,742.69,746.33,737.70,742.35,745.66,736.46,718.31,659.69,659.90,717.0267,1,732.7886,1,291178,475550,9.9598,10.3948,-0.4350,64.88
2025-09-04,737.54,750.75,736.08,750.71,747.22,739.51,719.96,660.32,660.18,717.0267,1,732.7886,1,321784,473803,9.7899,10.2738,-0.4839,64.76
2025-09-05,754.53,757.87,742.41,752.30,749.92,741.24,721.68,660.72,660.50,717.0267,1,736.0193,1,394603,475142,9.6718,10.1534,-0.4816,64.92
2025-09-08,753.37,755.73,748.22,753.90,750.88,742.94,723.07,661.10,660.83,717.0267,1,736.0811,1,431706,472097,9.5972,10.0422,-0.4450,65.26
2025-09-09,749.80,750.98,739.20,749.00,751.54,744.24,724.19,661.53,661.18,717.0267,1,738.9826,1,316899,463805,9.0385,9.8414,-0.8029,63.93
2025-09-10,750.08,764.10,750.08,758.96,752.09,744.99,725.55,662.07,661.58,717.0267,1,739.2050,1,427638,457597,9.2922,9.7316,-0.4394,67.46
2025-09-11,758.09,773.33,758.09,763.31,752.43,745.46,726.90,662.63,661.99,723.9326,1,739.2050,1,508829,457644,9.7323,9.7317,0.0006,65.01
2025-09-12,761.18,762.28,752.03,752.51,751.81,746.21,727.87,663.11,662.30,723.9326,1,743.3001,1,351695,458273,9.1047,9.6063,-0.5016,64.82
2025-09-15,753.60,762.85,752.31,753.68,752.05,747.78,728.71,663.64,662.59,723.9326,1,746.9038,1,417826,461445,8.6025,9.4056,-0.8030,64.17
2025-09-16,753.72,754.32,742.98,747.82,752.46,748.76,729.69,664.15,662.86,723.9326,1,773.3310,0,492168,459872,7.6435,9.0532,-1.4096,63.95
2025-09-17,748.33,751.78,724.22,732.40,751.46,748.56,730.35,664.55,663.04,723.9326,1,772.7240,0,800165,468897,5.5749,8.3575,-2.7826,58.38
2025-09-18,738.13,752.45,735.20,749.46,751.34,749.28,731.33,665.09,663.35,723.9326,1,770.7839,0,492792,473405,5.2513,7.7363,-2.4849,59.71
2025-09-19,751.67,752.45,740.28,749.44,751.05,750.49,732.19,665.52,663.63,723.9326,1,768.9213,0,598347,479052,4.9364,7.1763,-2.2399,61.99
2025-09-22,747.19,756.69,743.91,753.67,751.03,750.95,733.11,665.94,663.95,723.9326,1,767.1332,0,315227,480452,4.9712,6.7353,-1.7640,62.84
2025-09-23,754.73,764.40,752.04,753.89,751.52,751.53,734.10,666.39,664.27,723.9326,1,765.4167,0,303992,481618,4.9593,6.3801,-1.4208,62.24
2025-09-24,754.54,756.71,739.84,742.58,749.88,750.98,734.93,666.72,664.56,723.9326,1,764.3953,0,294263,482576,3.9907,5.9022,-1.9115,59.32
2025-09-25,735.40,740.58,732.28,738.93,747.44,749.93,735.66,667.08,664.84,723.9326,1,764.3953,0,299820,482388,2.8953,5.3008,-2.4056,59.32
2025-09-26,742.60,749.30,741.82,744.52,746.64,749.22,736.23,667.65,665.13,723.9326,1,762.7883,0,255170,479635,2.4502,4.7307,-2.2805,60.87
2025-09-29,749.81,755.80,743.52,747.35,746.01,749.03,736.88,668.30,665.49,723.9326,1,761.2456,0,463973,481892,2.2990,4.2444,-1.9453,63.23
2025-09-30,748.76,752.65,743.65,751.89,746.41,749.43,737.85,668.99,665.92,723.9326,1,759.7646,0,372403,483799,2.5168,3.8988,-1.3821,62.23
2025-10-01,744.11,752.62,744.11,748.98,748.07,749.77,738.56,669.64,666.28,723.9326,1,758.3428,0,288267,481855,2.4269,3.6044,-1.1776,60.75
2025-10-02,751.13,756.31,746.86,751.88,748.31,749.82,739.19,670.34,666.68,723.9326,1,756.9778,0,289534,479659,2.5598,3.3955,-0.8357,59.54
2025-10-03,755.31,762.74,751.14,756.93,749.06,750.06,739.89,670.99,667.16,723.9326,1,724.2199,1,243699,475482,3.0374,3.3239,-0.2865,61.32
2025-10-06,760.73,765.76,751.73,757.14,749.41,750.22,740.41,671.76,667.63,723.9326,1,724.9902,1,311713,474331,3.3936,3.3378,0.0558,61.47
2025-10-07,759.88,764.63,740.34,744.48,748.47,749.99,740.68,672.61,668.08,723.9326,1,726.6212,1,283382,473404,2.6246,3.1952,-0.5706,59.39
2025-10-08,748.21,757.90,741.35,747.12,748.92,749.40,741.08,673.38,668.64,723.9326,1,728.1869,1,374259,470806,2.2026,2.9967,-0.7941,59.52
2025-10-09,749.64,750.73,728.50,732.64,748.29,747.87,741.24,674.12,669.16,723.9326,1,765.7639,0,409927,468489,0.6918,2.5357,-1.8439,56.95
2025-10-10,734.00,737.18,709.46,710.74,744.91,745.78,740.98,674.68,669.53,771.5798,0,765.0187,0,427129,469592,-2.2466,1.5792,-3.8258,57.14
2025-10-13,719.06,731.70,716.88,722.64,742.44,744.23,741.34,675.51,669.96,771.5798,0,762.7965,0,262682,461976,-3.5738,0.5486,-4.1224,57.08
2025-10-14,711.63,737.75,711.10,730.40,740.29,743.35,741.72,676.36,670.40,771.5798,0,760.6631,0,247973,455245,-3.9542,-0.3519,-3.6023,56.96
2025-10-15,736.93,742.33,719.93,731.77,738.57,743.32,742.21,677.20,670.86,771.5798,0,758.6151,0,477174,452873,-4.0980,-1.1012,-2.9969,57.54
2025-10-16,735.56,735.56,715.21,720.16,735.40,741.86,742.82,678.11,671.29,771.5798,0,756.6490,0,736907,440728,-5.0896,-1.8988,-3.1908,56.19
2025-10-17,719.44,730.98,716.16,727.53,732.46,740.76,743.01,678.97,671.79,771.5798,0,754.7616,0,418293,430555,-5.2207,-2.5632,-2.6575,58.11
2025-10-20,734.72,739.25,728.65,733.90,730.14,739.77,743.29,679.77,672.33,771.5798,0,752.9496,0,412260,426863,-4.7560,-3.0018,-1.7542,53.96
2025-10-21,732.03,752.06,732.03,751.57,730.85,739.66,743.86,680.73,672.99,771.5798,0,709.4627,1,310331,423194,-2.9279,-2.9870,0.0591,56.15
2025-10-22,753.14,753.50,734.28,735.27,729.66,739.29,743.69,681.48,673.53,771.5798,0,710.3146,1,328362,420666,-2.7629,-2.9422,0.1793,52.94
2025-10-23,739.39,760.61,731.61,759.87,732.39,740.34,743.81,682.44,674.17,771.5798,0,712.0418,1,388004,419028,-0.6393,-2.4816,1.8423,57.51
2025-10-24,765.63,767.27,759.37,765.63,737.87,741.39,744.37,683.45,674.88,771.5798,0,714.9557,1,395187,416570,1.4906,-1.6872,3.1777,57.24
2025-10-27,771.58,773.56,763.62,767.79,742.39,742.42,745.28,684.35,675.56,771.5798,0,719.1410,1,399245,414101,3.3148,-0.6868,4.0016,57.36
2025-10-28,767.53,773.56,758.14,760.68,745.42,742.86,745.93,685.13,676.26,771.5798,0,724.5828,1,356890,414084,4.1390,0.2784,3.8606,57.13
2025-10-29,761.09,777.90,760.86,768.63,749.10,743.84,746.57,686.06,676.96,771.5798,0,730.4599,1,375270,407590,5.3720,1.2971,4.0749,60.79
2025-10-30,763.98,785.99,763.17,767.96,753.88,744.64,747.23,687.06,677.62,771.5798,0,737.1019,1,368591,404824,6.2231,2.2823,3.9408,61.84
2025-10-31,770.27,778.52,763.24,766.45,757.77,745.12,748.05,688.22,678.22,771.5798,0,744.9233,1,480932,407217,6.6987,3.1656,3.5331,61.62
2025-11-03,766.45,768.41,760.67,765.51,760.93,745.54,748.48,689.32,678.81,771.5798,0,751.4933,1,513763,406572,6.9199,3.9164,3.0034,58.49
2025-11-04,756.55,765.53,752.45,762.64,762.04,746.44,748.88,690.40,679.33,771.5798,0,785.9856,0,470468,406223,6.7856,4.4903,2.2953,58.56
2025-11-05,760.39,773.55,748.86,767.76,765.29,747.48,749.17,691.38,679.83,771.5798,0,785.3150,0,598108,407327,7.0113,4.9945,2.0168,58.75
2025-11-06,822.31,844.83,808.81,827.26,772.03,752.21,750.51,693.23,680.64,758.2018,1,748.8646,1,1458595,426721,11.8551,6.3666,5.4885,70.52
2025-11-07,830.89,843.76,819.64,838.85,779.35,758.61,752.12,695.42,681.49,762.7107,1,748.8646,1,823247,433419,16.4394,8.3812,8.0582,71.39
2025-11-10,840.06,844.80,817.28,835.49,786.12,764.26,753.80,697.49,682.33,762.7107,1,750.7838,1,725212,434393,19.5758,10.6201,8.9557,71.16
2025-11-11,832.74,861.42,828.29,852.69,795.32,770.37,755.98,699.72,683.33,771.6013,1,752.6646,1,743396,441386,23.1816,13.1324,10.0492,73.12
2025-11-12,855.70,864.05,840.23,849.10,803.37,776.24,758.12,701.46,684.29,779.0676,1,757.0149,1,772647,451015,25.4562,15.5972,9.8591,72.70
2025-11-13,844.13,851.29,834.66,836.79,810.25,782.07,759.84,703.36,685.20,779.0676,1,763.4368,1,817271,460925,25.9668,17.6711,8.2957,72.63
2025-11-14,827.88,836.51,823.04,826.86,816.29,787.03,761.33,705.15,685.87,779.0676,1,769.4733,1,931451,471662,25.2788,19.1926,6.0861,71.55
2025-11-17,826.91,831.25,815.28,815.95,821.34,791.14,762.57,706.84,686.47,779.0676,1,775.1476,1,721879,477465,23.5811,20.0703,3.5108,72.04
2025-11-18,810.22,817.94,801.29,812.30,826.31,794.17,763.84,708.52,687.11,779.0676,1,780.4815,1,557399,482275,21.6913,20.3945,1.2968,71.13
2025-11-19,812.24,821.54,809.27,815.65,831.10,798.19,764.97,710.28,687.79,779.0676,1,785.4954,1,488955,483501,20.2307,20.3618,-0.1310,72.30
2025-11-20,829.54,837.79,811.82,814.39,829.81,800.92,765.99,712.02,688.47,779.0676,1,790.2084,1,669696,486719,18.7551,20.0404,-1.2853,73.74
2025-11-21,817.87,837.44,813.44,834.44,829.37,804.36,767.63,713.98,689.24,779.0676,1,794.6386,1,652010,492725,18.9845,19.8292,-0.8448,74.23
2025-11-24,839.59,851.36,834.25,834.88,829.31,807.71,769.25,715.82,690.04,780.0568,1,798.8030,1,971315,503795,18.9835,19.6601,-0.6766,72.94
2025-11-25,839.82,850.27,833.29,846.83,828.72,812.02,771.23,717.65,690.92,780.2154,1,802.7176,1,652407,507000,19.7194,19.6720,0.0474,73.40
2025-11-26,847.21,861.27,841.84,856.22,829.43,816.40,773.71,719.43,691.84,790.3179,1,806.3973,1,553077,502058,20.8205,19.9017,0.9188,73.96
2025-11-28,862.25,862.39,855.04,856.43,831.40,820.83,775.85,721.20,692.78,801.3944,1,809.8562,1,192418,496050,21.4625,20.2138,1.2487,73.17
2025-12-01,850.49,859.83,847.29,850.89,833.80,825.05,777.88,722.95,693.61,801.3944,1,813.1075,1,399466,492073,21.2786,20.4268,0.8518,73.86
2025-12-02,853.28,855.71,846.35,853.69,837.57,829.46,779.88,724.68,694.42,801.3944,1,816.1638,1,389358,493555,21.1155,20.5645,0.5510,74.77
2025-12-03,857.82,864.20,852.66,863.89,842.73,834.52,782.08,726.46,695.31,807.6068,1,819.0367,1,396790,495411,21.5606,20.7637,0.7969,74.55
2025-12-04,864.05,874.28,857.93,868.32,848.00,839.55,784.59,728.23,696.19,815.4621,1,822.6502,1,373402,496994,22.0172,21.0144,1.0028,74.59
2025-12-05,868.16,876.61,865.93,874.62,854.02,841.91,787.31,729.99,697.13,822.4876,1,827.8134,1,521224,501422,22.6267,21.3369,1.2898,75.30
2025-12-08,873.55,883.39,871.40,874.29,858.01,843.69,789.90,731.76,698.22,829.8925,1,833.6688,1,576712,507853,22.8202,21.6336,1.1867,76.09
2025-12-09,873.71,878.59,856.63,857.65,860.28,844.80,792.11,733.44,699.25,829.8925,1,840.6293,1,451399,507602,21.3846,21.5838,-0.1992,74.10
2025-12-10,861.65,888.01,857.23,883.81,863.98,846.35,794.75,735.24,700.43,829.8925,1,846.6153,1,602556,512205,22.1028,21.6876,0.4152,76.06
2025-12-11,883.74,895.80,879.84,893.63,867.72,848.58,797.64,736.98,701.64,834.7567,1,853.2382,1,683519,520110,23.1970,21.9895,1.2075,76.06
2025-12-12,897.83,902.80,876.49,879.46,870.03,850.71,800.19,738.57,702.80,834.7567,1,857.2275,1,457478,523468,22.6593,22.1234,0.5359,76.47
2025-12-15,884.56,886.89,876.19,878.07,872.74,853.27,802.61,740.01,703.90,834.7567,1,866.3415,1,524604,529087,21.8688,22.0725,-0.2037,76.47
2025-12-16,877.65,880.20,863.89,869.14,874.29,855.93,804.85,741.33,705.03,834.7567,1,902.7972,0,571742,534287,20.2883,21.7157,-1.4274,76.10
2025-12-17,870.18,874.54,857.02,857.91,873.69,858.21,807.12,742.60,706.24,834.7567,1,902.0190,0,567116,539962,17.9229,20.9571,-3.0342,75.50
2025-12-18,866.35,871.40,860.18,862.64,873.12,860.56,809.43,743.91,707.40,834.7567,1,900.2190,0,607478,544626,16.2428,20.0142,-3.7715,74.93
2025-12-19,861.19,870.13,861.12,869.46,872.61,863.32,812.17,745.22,708.63,834.7567,1,898.4910,0,1437488,565177,15.2853,19.0684,-3.7832,74.82
2025-12-22,871.72,883.40,871.05,881.05,873.28,865.65,815.58,746.61,709.91,834.7567,1,896.8321,0,348205,563599,15.2853,18.3118,-3.0265,76.18
2025-12-23,880.65,883.31,875.21,881.72,875.69,867.99,818.76,748.01,711.32,834.7567,1,895.2396,0,275989,563865,15.1643,17.6823,-2.5180,77.53
2025-12-24,880.40,884.05,879.04,882.33,875.54,869.76,821.80,749.52,712.72,838.6544,1,893.7107,0,105466,561015,14.9458,17.1350,-2.1892,75.61
2025-12-26,882.93,884.40,878.11,882.65,874.44,871.08,824.81,751.07,714.11,840.7631,1,892.2430,0,112165,553715,14.6297,16.6340,-2.0043,75.31
2025-12-29,881.72,887.68,880.59,885.11,875.01,872.52,828.11,752.65,715.61,845.5686,1,890.8341,0,391397,546805,14.4111,16.1894,-1.7783,75.69
2025-12-30,886.34,890.53,881.86,883.39,875.54,874.14,831.23,754.12,717.03,848.8799,1,857.0188,1,292866,544296,13.9385,15.7392,-1.8007,76.33
2025-12-31,882.89,888.69,873.23,873.59,875.99,875.14,834.02,755.55,718.33,848.8799,1,857.6891,1,247603,541003,12.6276,15.1169,-2.4893,76.29
2026-01-02,876.22,889.18,870.66,888.52,879.05,876.37,836.76,757.07,719.74,848.8799,1,858.3460,1,268552,540167,12.6475,14.6230,-1.9755,76.68
2026-01-05,893.10,912.06,888.03,901.35,882.92,878.02,840.08,758.69,721.13,856.8749,1,858.9897,1,573427,545069,13.5426,14.4069,-0.8644,76.49
2026-01-06,909.07,925.70,894.51,923.08,888.28,880.44,843.35,760.49,722.67,861.8936,1,861.1125,1,638151,550072,15.8234,14.6902,1.1332,77.62
2026-01-07,923.13,927.62,898.31,902.84,890.46,881.87,846.09,762.13,724.11,861.8936,1,864.9876,1,581097,553790,15.8151,14.9152,0.8999,76.65
2026-01-08,903.77,913.05,894.22,900.93,892.38,884.03,848.76,763.74,725.45,861.8936,1,869.9985,1,520223,556209,15.4761,15.0274,0.4487,75.74
2026-01-09,907.21,924.31,907.21,915.36,895.68,885.61,851.85,765.48,726.81,861.8936,1,874.6086,1,577553,560623,16.1853,15.2590,0.9263,76.69
2026-01-12,913.10,924.78,908.81,923.26,899.74,887.09,854.94,767.21,728.28,863.0738,1,878.8499,1,446634,562050,17.1868,15.6445,1.5423,77.18
2026-01-13,923.09,934.22,922.33,932.61,904.49,889.75,858.24,769.01,729.86,876.3564,1,882.7519,1,488599,564450,18.5217,16.2200,2.3018,77.94
2026-01-14,931.29,931.29,919.48,930.49,909.20,892.37,861.52,770.79,731.54,876.3564,1,887.8991,1,567343,566178,19.1868,16.8133,2.3735,78.73
2026-01-15,933.70,944.19,933.70,938.81,915.72,895.85,864.98,772.61,733.24,889.2338,1,892.5315,1,588946,567682,20.1529,17.4812,2.6716,77.05
2026-01-16,943.99,944.19,930.55,938.50,920.72,899.88,868.50,774.47,734.92,889.2338,1,898.7309,1,791109,574095,20.6555,18.1161,2.5394,76.91
2026-01-20,920.41,931.74,917.36,923.81,922.97,902.94,871.62,776.32,736.44,889.2338,1,904.1863,1,628893,574710,19.6421,18.4213,1.2208,75.59
2026-01-21,931.31,946.94,925.27,939.51,924.61,906.44,873.87,778.21,738.39,889.2338,1,908.9871,1,649698,558532,19.8770,18.7124,1.1645,76.27
2026-01-22,946.73,948.47,932.93,933.53,927.68,909.07,875.76,780.13,740.51,889.2338,1,914.2999,1,543180,552931,19.3572,18.8414,0.5158,74.59
2026-01-23,932.77,940.07,917.86,922.32,929.82,911.10,877.50,781.98,742.49,889.2338,1,948.4663,0,410543,546638,17.8350,18.6401,-0.8051,73.72
2026-01-26,923.05,932.94,922.35,927.35,931.02,913.35,878.99,783.86,744.54,889.2338,1,948.4663,0,517749,542125,16.8404,18.2802,-1.4398,75.15
2026-01-27,930.19,934.23,919.95,920.31,930.72,915.23,880.41,785.61,746.20,889.2338,1,947.8543,0,627993,539232,15.3078,17.6857,-2.3779,73.65
2026-01-28,916.61,920.73,905.83,910.67,928.53,916.51,881.89,787.23,747.99,889.2338,1,947.2545,0,1184737,546581,13.1636,16.7813,-3.6177,72.71
2026-01-29,930.81,959.10,927.35,942.60,929.74,919.47,884.21,789.07,749.91,889.2338,1,905.8286,1,1116836,550289,13.8811,16.2012,-2.3202,75.98
2026-01-30,943.90,948.34,922.33,930.12,928.87,922.30,886.49,790.71,751.75,889.2338,1,905.8286,1,809595,552043,13.2892,15.6188,-2.3296,75.18
2026-02-02,930.03,948.17,927.69,946.18,929.64,925.18,889.17,792.40,753.68,889.2338,1,906.8940,1,828430,557464,13.9553,15.2861,-1.3309,75.44
2026-02-03,949.43,966.85,946.40,958.44,933.10,928.04,892.02,794.18,755.71,895.4114,1,907.9382,1,737905,562443,15.2956,15.2880,0.0076,75.26
2026-02-04,966.00,973.45,954.46,962.07,935.36,929.98,894.98,795.95,757.76,903.1649,1,910.2948,1,925882,567566,16.4617,15.5228,0.9389,76.35
2026-02-05,954.59,965.70,942.17,961.70,938.18,932.93,897.52,797.67,759.87,903.1649,1,914.0843,1,858085,571688,17.1583,15.8499,1.3084,73.99
2026-02-06,973.38,984.92,968.03,972.33,943.18,936.50,900.27,799.41,761.93,913.9158,1,917.6464,1,614700,564556,18.3561,16.3511,2.0050,72.00
2026-02-09,967.57,983.14,967.36,974.70,947.91,939.46,902.83,801.25,763.94,914.2168,1,923.0279,1,480527,561118,19.2744,16.9358,2.3386,72.91
2026-02-10,976.41,987.85,970.51,987.35,954.62,942.67,905.45,803.17,765.93,919.0448,1,927.9789,1,747049,564998,20.7830,17.7052,3.0778,73.62
2026-02-11,995.74,1008.18,987.46,991.59,962.71,945.62,908.15,805.11,767.94,937.4494,1,933.9664,1,749960,576148,22.0665,18.5775,3.4890,73.10
2026-02-12,996.26,1007.95,971.44,978.03,966.25,947.99,910.70,806.92,769.89,937.4494,1,942.8715,1,592469,580008,21.7388,19.2097,2.5290,73.70
2026-02-13,982.70,1005.23,978.83,997.48,972.99,950.93,913.57,808.85,771.90,937.4494,1,950.7081,1,583419,583890,22.7864,19.9251,2.8613,75.61
2026-02-17,995.29,1010.34,986.11,1005.63,978.93,954.28,916.41,810.86,773.94,937.4494,1,957.6043,1,607372,588101,23.9972,20.7395,3.2577,76.13
2026-02-18,1007.70,1010.68,988.85,993.25,982.41,957.76,918.90,812.81,775.90,937.4494,1,964.9868,1,577453,592182,23.6850,21.3286,2.3564,74.86
2026-02-19,989.37,1008.84,989.37,1008.13,987.02,961.19,921.57,814.85,777.89,937.4494,1,972.2970,1,587418,593506,24.3573,21.9343,2.4229,75.31
2026-02-20,1003.71,1020.21,996.71,1017.87,992.63,965.41,924.45,816.86,779.93,941.6415,1,978.4375,1,705441,596081,25.3840,22.6243,2.7598,75.62
2026-02-23,1010.19,1017.73,994.01,1004.67,995.87,969.52,927.39,818.79,781.93,941.6415,1,985.9574,1,727064,601594,24.8459,23.0686,1.7773,76.37
2026-02-24,1008.68,1021.92,1002.30,1018.66,1000.26,974.09,930.08,820.89,783.95,945.6573,1,992.1237,1,442865,598400,25.2572,23.5063,1.7509,77.34
2026-02-25,1023.08,1030.55,1002.88,1007.49,1002.28,978.45,932.36,822.85,785.82,948.6063,1,994.0068,1,520976,595149,24.4004,23.6851,0.7152,76.44
2026-02-26,1010.43,1015.59,995.49,1010.65,1004.19,983.45,934.98,824.79,787.67,948.6063,1,1030.5504,0,466785,595336,23.7028,23.6887,0.0141,76.74
2026-02-27,995.68,1006.59,989.21,1004.88,1006.87,986.56,937.52,826.67,789.39,948.6063,1,1030.5504,0,1075584,606355,22.4262,23.4362,-1.0100,77.46
2026-03-02,997.27,1010.99,990.24,1007.10,1007.83,990.41,940.28,828.52,791.07,948.6063,1,1028.8966,0,721439,609349,21.3476,23.0185,-1.6708,77.57
2026-03-03,986.19,993.25,964.66,984.46,1005.72,992.32,942.81,830.20,792.65,948.6063,1,1027.3091,0,951199,617031,18.4530,22.1054,-3.6524,76.97
2026-03-04,986.66,990.94,972.64,983.58,1004.75,993.58,945.23,831.91,794.24,948.6063,1,1023.5503,0,638014,617641,15.9049,20.8653,-4.9603,76.44
2026-03-05,974.60,982.34,945.77,961.31,1000.07,993.54,947.07,833.49,795.68,948.6063,1,1020.0170,0,969185,608275,11.9505,19.0823,-7.1319,75.69
2026-03-06,941.71,941.71,913.62,919.78,990.26,991.45,947.84,834.80,796.92,1009.5716,0,1014.0775,0,1155297,624417,5.4037,16.3466,-10.9429,72.99
2026-03-09,897.04,929.43,896.17,928.20,982.61,989.24,948.77,836.29,798.20,996.4949,0,1004.0318,0,1257963,644057,0.8841,13.2541,-12.3700,73.18
2026-03-10,926.55,956.36,924.05,946.34,975.38,987.82,950.05,837.86,799.66,996.4949,0,991.0878,0,912184,660191,-1.2197,10.3593,-11.5791,75.02
2026-03-11,941.73,945.78,926.39,936.47,968.28,985.28,951.13,839.38,801.09,996.4949,0,979.6971,0,499865,667945,-3.6413,7.5592,-11.2005,73.33
2026-03-12,923.38,925.54,897.43,898.33,957.04,980.62,951.39,840.77,802.34,996.4949,0,969.6733,0,695663,674030,-8.5401,4.3394,-12.8794,70.78
2026-03-13,902.56,910.11,884.22,886.07,945.16,976.02,951.45,841.90,803.45,982.2977,0,960.8524,0,781119,683795,-13.2586,0.8198,-14.0784,70.04
2026-03-16,897.91,900.50,883.22,890.83,933.54,970.68,951.79,843.03,804.61,973.6646,0,950.1234,0,826737,695378,-16.4247,-2.6291,-13.7956,69.98
2026-03-17,899.35,902.14,878.19,889.50,924.04,964.88,951.81,844.15,805.75,970.9755,0,939.4189,0,682757,703662,-18.8238,-5.8681,-12.9557,68.46
2026-03-18,906.59,917.50,894.85,908.51,916.53,960.64,951.95,845.24,807.01,970.9755,0,928.3981,0,924444,710683,-18.9725,-8.4890,-10.4835,72.39
2026-03-19,895.06,903.15,883.51,896.18,910.02,955.04,951.41,846.19,808.22,970.9755,0,919.3611,0,561966,709159,-19.8570,-10.7626,-9.0944,70.86
2026-03-20,893.94,902.58,878.59,890.60,907.10,948.68,951.17,847.21,809.39,970.2455,0,917.5041,0,809262,713722,-20.7684,-12.7637,-8.0047,74.61
2026-03-23,917.75,928.19,902.06,902.20,904.50,943.56,951.20,848.41,810.61,970.2455,0,878.1923,1,934601,722010,-20.3205,-14.2751,-6.0454,73.97
2026-03-24,885.75,925.83,880.07,920.64,901.93,938.66,951.30,849.69,811.94,970.2455,0,878.5906,1,1045423,731367,-18.2669,-15.0734,-3.1934,74.01
2026-03-25,932.06,936.00,911.64,917.63,900.05,934.16,951.19,850.90,813.20,970.2455,0,879.5826,1,895203,740339,-16.6897,-15.3967,-1.2930,72.32
2026-03-26,910.87,916.33,895.26,897.62,899.98,928.51,950.49,851.98,814.38,970.2455,0,880.0743,1,696378,744494,-16.8603,-15.6894,-1.1709,70.42
2026-03-27,896.25,901.47,881.19,884.65,899.84,922.50,949.57,853.05,815.48,970.2455,0,935.9950,0,544969,744047,-17.8361,-16.1188,-1.7174,70.68
2026-03-30,893.56,895.87,855.06,857.81,896.53,915.04,947.95,853.80,816.45,961.9455,0,934.8989,0,678329,745834,-20.5388,-17.0028,-3.5361,67.83
2026-03-31,873.47,891.86,864.62,891.43,896.73,910.38,947.01,854.80,817.61,961.9455,0,931.7054,0,960234,749217,-19.7407,-17.5504,-2.1903,69.11
2026-04-01,901.65,925.04,900.14,916.85,897.56,907.05,946.87,855.89,818.95,961.9455,0,928.6397,0,635976,749358,-16.8625,-17.4128,0.5503,71.76
2026-04-02,897.00,919.60,887.38,904.19,898.36,904.19,946.17,856.85,820.20,961.9455,0,925.6965,0,325540,742875,-15.4249,-17.0152,1.5903,69.97
2026-04-06,903.37,908.23,896.11,908.21,900.12,903.61,945.66,857.85,821.52,961.9455,0,925.0419,0,274177,737495,-13.8019,-16.3725,2.5707,70.01
2026-04-07,903.31,914.86,899.00,909.08,900.81,902.66,945.39,858.90,822.83,961.9455,0,922.2427,0,416132,737607,-12.3039,-15.5588,3.2549,70.73
2026-04-08,946.76,974.06,946.76,961.93,904.94,903.44,946.09,860.35,824.42,961.9455,0,855.0613,1,604554,739343,-6.7738,-13.8018,7.0280,73.91
2026-04-09,959.92,987.37,959.92,978.80,911.06,905.55,947.26,861.93,826.02,882.2730,1,857.4413,1,550179,737787,-1.0183,-11.2451,10.2268,75.14
2026-04-10,982.23,985.77,974.80,980.04,919.30,909.64,948.64,863.46,827.58,894.7597,1,862.6382,1,503434,724161,3.6011,-8.2759,11.8769,75.10
2026-04-13,978.37,987.47,968.45,985.27,929.36,914.60,949.50,865.01,829.18,895.2787,1,867.6273,1,430923,710443,7.5970,-5.1013,12.6983,74.43
2026-04-14,990.76,993.17,978.82,980.80,941.66,919.10,950.51,866.52,830.66,907.2779,1,874.8182,1,522050,704692,10.2845,-2.0241,12.3086,73.05
2026-04-15,978.03,981.21,950.33,959.65,948.48,922.61,950.78,867.93,831.99,907.2779,1,884.2863,1,510215,698327,10.5858,0.4979,10.0879,70.73
2026-04-16,963.42,967.79,947.07,952.92,952.09,924.83,950.67,869.22,833.30,907.2779,1,892.9970,1,458882,692747,10.1642,2.4311,7.7331,68.59
2026-04-17,1024.62,1024.62,973.41,984.59,960.13,929.25,951.12,870.70,834.75,907.2779,1,901.0109,1,720736,688644,12.2440,4.3937,7.8503,71.03
2026-04-20,975.85,993.08,973.12,992.19,968.53,934.33,951.73,872.29,836.19,907.2779,1,913.3714,1,398377,679450,14.3408,6.3831,7.9577,71.21
2026-04-21,994.38,997.01,960.69,968.55,974.48,937.64,951.65,873.73,837.47,907.2779,1,924.4958,1,560561,678367,13.9337,7.8932,6.0405,70.05
2026-04-22,977.39,979.50,944.75,950.36,973.32,939.13,951.17,875.08,838.73,907.2779,1,934.5078,1,715918,683075,12.0055,8.7157,3.2898,67.99
2026-04-23,958.56,980.70,950.54,969.73,972.41,941.73,950.81,876.66,840.08,907.2779,1,943.5186,1,599326,680120,11.9029,9.3531,2.5498,69.95
2026-04-24,966.96,981.06,962.82,970.32,971.44,945.37,950.39,878.13,841.43,907.2779,1,944.7475,1,436173,673845,11.7338,9.8293,1.9045,70.18
2026-04-27,968.89,975.46,955.06,970.19,969.93,949.65,950.23,879.60,842.75,907.2779,1,950.5427,1,442253,670840,11.4572,10.1549,1.3024,70.36
2026-04-28,968.79,973.48,957.62,958.16,967.67,954.66,949.45,880.97,844.00,907.2779,1,955.0634,1,505379,669279,10.1505,10.1540,-0.0035,66.81
2026-04-29,961.40,966.33,940.42,943.46,966.05,957.27,948.20,882.23,845.20,907.2779,1,1024.6158,0,684948,670831,7.8385,9.6909,-1.8524,65.55
2026-04-30,892.18,918.05,876.25,905.55,961.31,956.70,946.45,883.32,846.22,990.5603,0,1022.9318,0,1845850,696199,2.9131,8.3353,-5.4222,55.20
2026-05-01,900.59,905.37,870.31,878.47,950.70,955.41,943.86,884.25,847.10,982.4761,0,1017.0645,0,1418626,712823,-3.1388,6.0405,-9.1793,49.66
2026-05-04,876.58,876.58,856.82,864.05,937.88,953.21,940.78,885.04,847.84,958.3717,0,1008.2590,0,1012925,718973,-8.9948,3.0334,-12.0282,45.46
2026-05-05,869.43,877.29,862.78,868.97,927.93,951.20,938.07,885.85,848.61,956.8878,0,996.1442,0,631828,717068,-13.0879,-0.1908,-12.8970,45.01
2026-05-06,887.72,908.07,887.72,898.81,922.77,948.04,935.67,886.83,849.59,956.8878,0,984.9986,0,821691,724645,-13.7650,-2.9056,-10.8593,50.09
2026-05-07,900.61,902.59,878.66,883.07,914.11,943.26,933.18,887.73,850.43,956.8878,0,974.7446,0,671434,727654,-15.3944,-5.4034,-9.9910,47.25
2026-05-08,890.20,890.71,873.31,877.06,904.78,938.11,930.51,888.56,851.22,956.8878,0,965.3109,0,662550,731569,-16.9749,-7.7177,-9.2572,45.43
2026-05-11,869.43,878.48,860.96,872.60,895.02,932.48,927.86,889.33,851.97,951.0245,0,956.6320,0,600860,722075,-18.3756,-9.8493,-8.5263,45.72
2026-05-12,874.29,885.95,864.26,879.57,887.16,927.41,925.31,890.15,852.71,951.0245,0,948.6473,0,729309,722232,-18.7079,-11.6210,-7.0869,48.86
2026-05-13,876.09,885.19,875.31,880.60,880.88,923.46,923.23,891.06,853.46,951.0245,0,941.3014,0,595776,715123,-18.6730,-13.0314,-5.6416,49.31
2026-05-14,887.30,892.51,875.81,878.66,878.19,919.75,921.14,891.93,854.22,951.0245,0,934.5432,0,479570,711955,-18.5874,-14.1426,-4.4448,47.96
2026-05-15,869.82,876.92,854.10,860.99,876.44,913.57,919.13,892.79,854.90,937.8793,0,928.3257,0,584493,704261,-19.7184,-15.2577,-4.4606,47.29
2026-05-18,858.55,863.73,851.68,856.70,875.70,906.79,917.87,893.76,855.57,926.4520,0,920.9031,0,501151,691178,-20.7213,-16.3504,-4.3708,44.08
2026-05-19,858.16,858.63,837.46,850.85,873.89,900.91,916.32,894.62,856.30,916.2672,0,912.5969,0,562690,677272,-21.7382,-17.4280,-4.3102,44.01
2026-05-20,857.39,861.37,845.76,857.71,869.78,896.28,914.55,895.47,857.03,916.2672,0,902.0782,0,679301,672615,-21.7395,-18.2903,-3.4492,42.92
2026-05-21,853.05,876.93,842.30,862.99,867.77,890.94,913.08,896.34,857.81,916.2672,0,893.0321,0,633847,675294,-21.0717,-18.8466,-2.2251,43.04
2026-05-22,870.19,876.02,859.32,865.22,866.59,885.68,912.42,897.31,858.68,916.2672,0,885.2525,0,609386,673569,-20.1307,-19.1034,-1.0273,43.44
2026-05-26,870.63,878.23,856.77,866.29,865.96,880.49,912.02,898.23,859.43,916.2672,0,878.5620,0,677237,671491,-19.0789,-19.0985,0.0196,42.86
2026-05-27,870.25,873.70,848.73,854.96,863.50,875.33,911.30,899.04,860.10,916.2672,0,878.2312,0,579630,666549,-18.9411,-19.0670,0.1260,39.99
2026-05-28,850.29,855.10,837.82,851.10,860.55,870.71,910.54,899.70,860.74,913.0864,0,878.2312,0,629288,665480,-18.9253,-19.0387,0.1134,37.48
2026-05-29,846.50,855.12,842.22,842.93,856.97,867.58,909.22,900.42,861.24,912.5025,0,873.7004,0,862536,664242,-19.3485,-19.1006,-0.2478,37.75
2026-06-01,838.51,839.28,813.37,821.65,853.04,864.74,907.73,900.83,861.58,892.6425,0,868.6272,0,1348977,679982,-21.1576,-19.5120,-1.6456,33.82
2026-06-02,826.62,837.64,820.45,834.64,850.83,863.27,906.61,901.29,862.06,892.6425,0,859.7863,0,923381,682264,-21.2974,-19.8691,-1.4283,37.10
2026-06-03,834.31,857.11,832.41,849.05,850.65,862.27,905.55,901.83,862.70,892.6425,0,813.3718,1,1075616,685084,-20.0147,-19.8982,-0.1164,44.25
2026-06-04,857.64,871.90,853.03,870.48,851.93,860.86,904.55,902.57,863.41,892.6425,0,814.2467,1,697610,678128,-17.0723,-19.3330,2.2608,46.56
2026-06-05,873.03,897.17,870.19,880.57,853.69,860.73,903.81,903.31,864.13,892.6425,0,816.5530,1,896193,678148,-13.7676,-18.2199,4.4524,48.01
2026-06-08,885.68,890.73,876.30,881.36,855.30,860.95,903.48,904.07,864.86,892.6425,0,821.3902,1,522377,674668,-10.9578,-16.7675,5.8097,49.03
2026-06-09,889.46,904.93,882.01,903.71,859.04,862.50,903.86,904.98,865.75,827.7984,1,825.9371,1,660675,676982,-6.8491,-14.7838,7.9348,52.25
2026-06-10,901.09,914.34,873.84,873.84,860.93,862.21,904.18,905.71,866.40,827.7984,1,832.2564,1,580348,675022,-5.9347,-13.0140,7.0793,48.14
2026-06-11,882.66,902.29,879.05,900.56,865.88,863.21,904.37,906.63,867.19,827.7984,1,840.4646,1,464811,665114,-3.0195,-11.0151,7.9956,50.06
2026-06-12,909.54,911.68,894.22,901.66,871.75,864.36,904.06,907.52,867.93,832.3137,1,847.8520,1,500167,662398,-0.6127,-8.9346,8.3219,49.39
2026-06-15,921.41,931.11,916.49,917.01,881.29,867.16,904.32,908.12,868.72,851.3952,1,854.5006,1,720754,670302,2.5044,-6.6468,9.1512,50.98
2026-06-16,926.24,944.54,920.08,936.62,891.49,871.16,904.89,908.77,869.61,858.8817,1,863.6943,1,564608,676111,6.4824,-4.0210,10.5034,54.96
2026-06-17,933.40,956.61,930.17,944.07,900.99,875.82,905.59,909.49,870.57,869.3729,1,875.0124,1,799628,683781,10.1191,-1.1930,11.3120,57.78
2026-06-18,955.35,963.04,947.19,951.35,909.08,880.50,905.38,910.15,871.61,882.8094,1,888.0685,1,972335,691136,13.4342,1.7325,11.7017,57.63
2026-06-22,953.08,961.47,947.43,960.21,917.04,885.36,905.00,910.89,872.70,885.1640,1,901.5635,1,634724,692827,16.5845,4.7029,11.8817,57.26
2026-06-23,936.87,955.64,928.33,945.68,923.47,889.39,904.32,911.62,873.67,885.1640,1,912.6293,1,581151,694381,17.7046,7.3032,10.4014,55.40
2026-06-24,945.65,971.66,945.17,959.16,929.02,894.03,903.79,912.50,874.71,885.7354,1,921.7033,1,583766,697438,19.4560,9.7338,9.7222,58.04
2026-06-25,965.61,1001.77,960.20,987.92,940.42,900.68,903.94,913.64,875.88,902.7887,1,928.3303,1,430215,695602,22.9008,12.3672,10.5336,61.16
2026-06-26,980.43,980.43,963.64,966.97,947.07,906.47,904.08,914.68,876.97,902.7887,1,943.0188,1,1191675,709231,23.6677,14.6273,9.0404,56.98
2026-06-29,961.79,971.70,953.56,961.85,953.08,912.42,904.26,915.65,877.98,902.7887,1,1001.7724,0,549939,711052,23.5905,16.4199,7.1705,56.05
2026-06-30,973.76,979.03,963.51,976.15,959.00,920.14,904.09,916.73,879.04,902.7887,1,1000.8081,0,608880,708815,24.4019,18.0163,6.3856,56.54
2026-07-01,971.39,977.63,957.66,961.87,961.52,926.50,903.49,917.58,880.09,902.7887,1,999.8632,0,558624,712020,23.6204,19.1371,4.4832,54.36
2026-07-02,974.55,974.92,949.77,960.95,963.21,932.10,903.33,918.42,881.13,902.7887,1,998.9371,0,393244,708673,22.6656,19.8428,2.8228,53.73
2026-07-06,961.03,970.01,959.88,969.41,965.02,937.05,903.72,919.24,882.24,902.7887,1,996.9703,0,434489,703045,22.3336,20.3410,1.9926,55.81
2026-07-07,966.81,969.66,927.47,955.59,964.56,940.80,903.43,919.90,883.35,902.7887,1,995.0822,0,559665,702252,20.7163,20.4160,0.3003,52.10
2026-07-08,944.27,948.98,930.51,937.24,963.71,943.59,902.77,920.44,884.29,902.7887,1,991.0256,0,640674,706342,17.7499,19.8828,-2.1329,49.98
2026-07-09,951.85,955.82,939.47,947.26,962.52,945.77,902.31,921.08,885.28,902.7887,1,987.2124,0,466802,706833,16.0228,19.1108,-3.0880,49.81
2026-07-10,946.14,962.74,943.06,959.34,959.66,950.04,902.34,921.78,886.31,902.7887,1,983.6279,0,423439,705194,15.4503,18.3787,-2.9284,51.37
2026-07-13,957.06,964.15,946.91,949.35,957.90,952.48,902.45,922.35,887.29,902.7887,1,980.2586,0,317435,697844,14.0289,17.5087,-3.4799,50.48
2026-07-14,961.08,964.54,951.18,962.61,957.98,955.53,903.59,922.98,888.39,902.7887,1,977.0914,0,394597,668819,13.8133,16.7697,-2.9563,53.30
2026-07-15,957.30,962.06,939.98,951.03,955.47,957.23,905.05,923.49,889.45,902.7887,1,974.1142,0,697655,654399,12.5636,15.9284,-3.3649,51.85
2026-07-16,948.06,975.44,945.18,956.41,954.92,958.22,906.89,924.04,890.51,902.7887,1,927.4721,1,728626,648713,11.8703,15.1168,-3.2465,49.05
2026-07-17,944.02,970.31,932.50,951.29,953.95,958.58,908.54,924.66,891.53,902.7887,1,928.4314,1,563538,647347,10.7835,14.2502,-3.4666,49.41
2026-07-20,954.09,962.06,940.35,948.88,951.90,958.46,909.54,925.10,892.51,902.7887,1,929.3714,1,494791,640809,9.6165,13.3234,-3.7069,51.48
2026-07-21,964.27,969.16,946.64,957.65,952.11,958.33,911.03,925.52,893.55,902.7887,1,930.2927,1,481805,637017,9.2923,12.5172,-3.2249,53.33
2026-07-22,966.04,973.04,960.86,968.82,955.27,959.49,912.87,926.12,894.64,902.7887,1,931.1956,1,320354,630173,9.8233,11.9784,-2.1551,54.15
2026-07-23,961.66,984.30,961.50,983.50,958.89,960.71,915.09,926.82,895.77,903.4543,1,932.0804,1,627357,630703,11.2985,11.8424,-0.5440,58.37
2026-07-24,987.21,998.71,975.19,985.56,961.51,960.59,917.21,927.60,896.91,917.3889,1,934.1691,1,688118,629879,12.4895,11.9718,0.5176,55.44
2026-07-27,989.58,996.96,973.53,985.33,965.11,961.50,919.30,928.45,898.12,917.3889,1,938.0414,1,534233,628648,13.2620,12.2299,1.0321,55.48
2026-07-28,993.07,995.99,974.77,988.97,967.74,962.86,921.51,929.29,899.33,917.3889,1,941.6815,1,605377,631164,14.0066,12.5852,1.4214,54.68
2026-07-29,982.95,982.95,940.43,949.16,967.56,961.51,923.27,929.82,900.41,917.3889,1,998.7086,0,521757,629910,11.2547,12.3191,-1.0644,51.98
2026-07-30,960.00,966.09,944.17,960.85,968.00,961.46,925.35,930.35,901.66,917.3889,1,997.5429,0,639966,632686,9.9035,11.8360,-1.9325,53.44
2026-07-31,969.09,978.47,957.99,974.57,970.33,962.14,927.83,930.97,902.92,917.3889,1,996.4006,0,465805,630748,9.8258,11.4339,-1.6082,57.19
2026-08-03,974.93,996.03,970.54,995.52,974.99,963.45,930.58,931.73,904.24,917.3889,1,940.4260,1,504346,627249,11.3240,11.4120,-0.0880,61.08
2026-08-04,1002.19,1003.73,972.08,990.65,978.29,965.20,933.14,932.45,905.54,917.3889,1,941.5381,1,1005654,634685,11.9811,11.5258,0.4553,54.01
2026-08-05,989.02,1007.83,984.81,994.90,980.90,968.08,935.73,933.18,906.91,920.5878,1,944.0257,1,1153613,645570,12.6977,11.7602,0.9375,56.01
2026-08-06,1073.84,1097.73,1054.88,1067.65,989.31,974.10,939.76,934.41,908.61,977.2950,1,947.8540,1,1537303,662771,18.9181,13.1917,5.7264,70.43
2026-08-07,1076.70,1087.16,1070.31,1071.71,997.93,979.72,944.09,935.73,910.30,983.7776,1,959.8440,1,884332,668865,23.9001,15.3334,8.5667,69.80
2026-08-10,1082.67,1082.67,1055.63,1058.37,1005.23,985.17,948.24,936.86,911.84,983.7776,1,970.8748,1,556656,667412,26.4666,17.5601,8.9065,66.66
2026-08-11,1059.18,1073.95,1055.46,1059.20,1012.26,990.00,952.56,937.91,913.46,983.7776,1,981.0232,1,435145,658865,28.2418,19.6964,8.5454,65.74
2026-08-12,1068.55,1072.68,1059.89,1067.37,1024.08,995.82,957.48,938.88,914.99,983.7776,1,990.3596,1,559787,643081,29.9629,21.7497,8.2132,66.62
2026-08-13,1068.44,1068.44,1050.17,1056.74,1033.67,1000.83,961.92,939.90,916.45,983.7776,1,998.9492,1,653323,637680,30.1219,23.4242,6.6978,64.03
2026-08-14,1055.95,1062.86,1048.61,1053.73,1041.58,1005.96,966.01,940.92,917.88,983.7776,1,1006.8516,1,350331,623174,29.6629,24.6719,4.9910,63.74
2026-08-17,1057.04,1062.27,1045.89,1051.64,1047.20,1011.09,969.64,941.83,919.33,983.7776,1,1014.1218,1,651434,622250,28.7988,25.4973,3.3015,64.22
2026-08-18,1043.97,1044.71,1030.48,1039.76,1052.11,1015.20,972.82,942.61,920.69,983.7776,1,1020.8104,1,502484,614376,26.8454,25.7669,1.0785,64.59
2026-08-19,1044.11,1044.11,1014.20,1021.19,1054.74,1017.82,975.62,943.20,921.96,983.7776,1,1097.7291,0,850321,620935,23.5283,25.3192,-1.7909,60.23
2026-08-20,1015.07,1021.62,997.81,998.12,1047.78,1018.55,977.50,943.65,923.11,983.7776,1,1096.0585,0,559773,618917,18.8207,24.0195,-5.1988,57.56
2026-08-21,1007.98,1010.13,991.52,999.73,1040.58,1019.26,980.02,944.05,924.29,983.7776,1,1092.1285,0,546449,618239,15.0460,22.2248,-7.1788,56.75
2026-08-24,1004.45,1014.77,999.41,1012.20,1035.97,1020.60,982.26,944.54,925.53,983.7776,1,1086.0922,0,801047,624964,12.9124,20.3623,-7.4499,61.26
2026-08-25,1031.04,1031.04,1012.87,1014.27,1031.47,1021.87,984.51,945.15,926.77,983.7776,1,1080.4181,0,682351,628608,11.2584,18.5415,-7.2832,62.26
2026-08-26,1023.01,1045.50,1019.39,1037.40,1028.48,1026.28,986.92,945.80,927.82,983.7776,1,1075.0844,0,608310,626359,11.6796,17.1691,-5.4895,68.03
2026-08-27,1029.04,1034.34,1004.49,1009.17,1023.72,1028.69,988.37,946.30,928.67,983.7776,1,1070.0707,0,739288,629852,9.6243,15.6602,-6.0359,64.90
2026-08-28,1012.14,1013.95,988.36,993.02,1017.65,1029.62,989.35,946.78,929.46,983.7776,1,1065.3578,0,573231,625324,6.6162,13.8514,-7.2352,62.80
2026-08-31,986.32,990.16,974.73,979.44,1010.43,1028.81,989.91,947.12,930.09,1054.9691,0,1059.1979,0,785315,621584,3.1008,11.7013,-8.6005,58.96
2026-09-01,975.71,980.45,949.58,952.09,1001.66,1026.88,989.74,947.33,930.60,1039.5477,0,1050.7511,0,614193,621173,-1.8706,8.9869,-10.8575,53.10
2026-09-02,956.86,962.28,941.13,949.38,994.48,1024.61,989.82,947.59,931.17,1025.1295,0,1038.6106,0,542001,620390,-5.9604,5.9974,-11.9579,49.83
2026-09-03,951.95,965.00,933.74,964.52,991.12,1019.45,989.93,947.74,931.86,1024.8300,0,1024.9633,0,505505,618825,-7.8890,3.2201,-11.1092,52.40
2026-09-04,966.71,978.38,960.43,962.59,987.41,1014.00,989.42,947.96,932.59,1024.8300,0,1010.3676,0,812522,626471,-9.4641,0.6833,-10.1474,51.12
2026-09-08,957.48,971.44,954.96,955.87,981.77,1008.87,989.20,948.02,933.31,1024.8300,0,998.1072,0,527736,613192,-11.1264,-1.6786,-9.4477,54.33
2026-09-09,949.95,957.56,945.21,949.47,975.29,1003.38,988.95,947.96,933.98,1018.9118,0,987.8084,0,434857,610891,-12.8124,-3.9054,-8.9070,54.48
2026-09-10,939.65,944.46,929.24,934.34,964.99,996.73,988.11,947.78,934.58,1003.6931,0,979.1575,0,612647,610966,-15.1944,-6.1632,-9.0312,51.71
2026-09-11,948.20,956.18,940.94,950.23,959.10,991.41,987.88,947.70,935.15,1003.6931,0,970.1723,0,328399,606362,-15.6198,-8.0545,-7.5653,53.70
2026-09-14,929.82,936.37,914.83,928.83,952.68,985.16,987.24,947.41,935.62,996.2597,0,962.8045,0,616372,610824,-17.4823,-9.9401,-7.5422,46.50
2026-09-15,934.62,939.60,919.95,925.00,947.23,978.83,986.35,947.08,936.01,996.2597,0,956.1800,0,556573,613266,-19.0478,-11.7616,-7.2862,45.48
2026-09-16,931.78,937.99,911.41,918.75,943.90,972.78,985.61,946.62,936.33,995.2138,0,947.9100,0,385875,609790,-20.5558,-13.5204,-7.0353,44.67
2026-09-17,930.27,935.27,917.80,925.29,941.49,967.99,985.37,946.18,936.67,995.2138,0,940.6100,0,532967,607636,-20.9813,-15.0126,-5.9687,45.52
2026-09-18,925.14,943.89,923.15,943.54,939.39,965.26,985.30,945.95,937.13,995.2138,0,911.4100,1,1004776,618395,-19.6198,-15.9341,-3.6857,51.73
2026-09-21,951.61,964.43,943.31,958.17,938.95,963.18,985.28,945.69,937.66,995.2138,0,912.0596,1,620032,622327,-17.1624,-16.1797,-0.9827,52.65
2026-09-22,959.35,969.42,954.31,964.85,939.85,960.81,985.59,945.41,938.16,995.2138,0,914.1544,1,463032,625239,-14.5086,-15.8455,1.3369,53.02
2026-09-23,960.96,978.23,958.68,971.21,942.02,958.66,985.76,945.27,938.68,995.2138,0,917.4703,1,564856,628644,-11.7568,-15.0278,3.2710,59.12
2026-09-24,965.06,979.49,959.45,974.98,946.08,955.54,986.24,945.05,939.18,995.2138,0,922.3311,1,538481,625461,-9.1661,-13.8554,4.6894,59.83
2026-09-25,974.00,981.97,966.24,978.33,948.89,954.00,986.68,944.78,939.70,995.2138,0,928.0470,1,579074,622470,-6.7646,-12.4373,5.6727,59.95
2026-09-28,973.23,983.92,962.53,969.55,952.97,952.82,987.04,944.55,940.26,995.2138,0,934.5177,1,654446,624288,-5.5064,-11.0511,5.5447,61.71
2026-09-29,972.43,978.54,960.99,970.37,957.50,952.37,987.47,944.23,940.69,995.2138,0,941.4341,1,378735,621967,-4.3925,-9.7194,5.3269,62.88
2026-09-30,972.40,972.40,955.42,955.42,961.17,952.53,987.43,943.88,941.00,995.2138,0,947.3821,1,644908,625229,-4.6623,-8.7079,4.0457,59.78
2026-10-01,951.78,967.98,946.72,965.88,965.23,953.36,987.37,943.58,941.43,995.2138,0,983.9200,0,481588,628454,-3.9861,-7.7636,3.7775,60.89
2026-10-02,976.94,983.96,966.55,972.55,968.13,953.76,987.15,943.37,941.90,995.2138,0,946.7200,1,335141,622609,-2.8789,-6.7866,3.9078,60.34
2026-10-05,970.95,981.89,958.06,975.68,969.88,954.42,986.95,943.16,942.44,995.2138,0,946.7200,1,326755,615382,-1.7289,-5.7751,4.0462,60.33
2026-10-06,980.00,992.00,975.70,984.91,971.89,955.87,986.94,943.16,943.07,995.2138,0,947.4648,1,370917,612116,-0.0719,-4.6344,4.5626,61.67
2026-10-07,974.62,978.21,951.62,952.79,970.05,956.03,986.22,942.95,943.52,995.2138,0,949.2462,1,429804,608604,-1.3351,-3.9746,2.6395,58.29
2026-10-08,946.83,953.51,937.84,946.96,967.24,956.66,986.17,942.86,943.91,995.2138,0,992.0000,0,514578,608461,-2.7747,-3.7346,0.9599,56.45
2026-10-09,948.35,962.92,944.47,962.56,965.67,957.28,986.21,943.14,944.32,995.2138,0,990.9168,0,341324,602488,-2.6265,-3.5130,0.8865,58.66
