symbol,longName,sector,industry,country,marketCap,currentPrice,averageVolume10days,averageVolume3months,averageDollarVolume,revenueGrowth,earningsGrowth,earningsQuarterlyGrowth,grossMargins,operatingMargins,profitMargins,returnOnEquity,returnOnAssets,totalCash,totalDebt,debtToEquity,currentRatio,quickRatio,operatingCashflow,freeCashflow,sharesOutstanding,floatShares,heldPercentInsiders,heldPercentInstitutions,sharesShort,shortRatio,shortPercentOfFloat,trailingPE,forwardPE,priceToSalesTrailing12Months,priceToBook,enterpriseToRevenue,enterpriseToEbitda,targetMeanPrice,targetHighPrice,targetLowPrice,recommendationMean,recommendationKey,numberOfAnalystOpinions,epsRevisionUpLast7Days,epsRevisionUpLast30Days,epsRevisionDownLast7Days,epsRevisionDownLast30Days,nextEarningsDate,beta,website,retrievedAt
PPG,PPG Industries Inc.,Basic Materials,Specialty Chemicals,United States,23110307840,103.96,1642480,1651026,171640662.95999998,0.072,-0.015,-0.029,0.41202998,0.14016,0.09573,0.19297001,0.060489997,1607000064,7468000256,86.938,1.58,1.055,2164000000,1104625024,222300000,221815386,0.0010899999,0.94164,6492272,4.62,0.0336,14.936781,12.026728,1.4073629,2.73723,1.794,10.916,125.57143,138.0,115.0,2.08333,buy,21,1,9,0,7,2026-10-27,1.05,https://www.ppg.com,2026-10-10T21:39:36.951918+01:00
Date,Open,High,Low,Close,Ma10:Top:Line,Ma20:Top:Line,Ma50:Top:Line,Ma150:Top:Line,Ma200:Top:Line,Supertrend:Top:ColorLine,Supertrend_Dir,ParabolicSAR:Top:ColorLine,ParabolicSAR_Dir,Volume:Middle:Histogram,Vo50:Middle:Line,Macd:Bottom:Line,MacdSignal:Bottom:Line,MacdDelta:Bottom:Histogram,RsRating:Hidden:Hidden
2023-08-03,130.70,131.61,129.84,130.18,,,,,,,0,129.8419,1,198342,,,,,0
2023-08-04,131.40,132.49,130.40,130.45,,,,,,,0,129.8419,1,190936,,,,,0
2023-08-07,131.67,133.53,130.85,132.94,,,,,,,0,129.8419,1,223829,,,,,0
2023-08-08,130.59,134.08,130.21,133.01,,,,,,,0,129.9893,1,240078,,,,,0
2023-08-09,133.19,133.19,129.61,129.99,,,,,,,0,134.0828,0,239809,,,,,0
2023-08-10,130.29,131.11,129.34,130.00,,,,,,,0,134.0828,0,190642,,,,,0
2023-08-11,129.54,129.82,127.04,127.38,,,,,,,0,133.8932,0,176416,,,,,0
2023-08-14,127.24,130.55,127.21,130.16,,,,,,,0,133.4820,0,241239,,,,,0
2023-08-15,128.95,130.29,128.84,129.45,,,,,,,0,133.0955,0,175490,,,,,0
2023-08-16,129.54,130.32,128.18,128.31,130.19,,,,,137.1321,0,132.7322,0,129313,,,,,0
2023-08-17,129.01,129.97,128.30,128.71,130.04,,,,,136.7279,0,132.3907,0,152719,,,,,0
2023-08-18,127.87,130.55,127.87,130.07,130.00,,,,,136.7279,0,132.0696,0,222425,,,,,0
2023-08-21,130.00,130.39,128.17,129.20,129.63,,,,,136.7279,0,131.7679,0,137574,,,,,0
2023-08-22,129.94,130.22,128.61,128.98,129.22,,,,,136.6846,0,131.4842,0,123279,,,,,0
2023-08-23,129.42,129.48,128.35,128.50,129.08,,,,,135.7998,0,131.2176,0,183589,,,,,0
2023-08-24,128.41,130.23,127.91,127.94,128.87,,,,,135.7998,0,130.9669,0,158867,,,,,0
2023-08-25,128.38,130.14,127.37,128.99,129.03,,,,,135.7857,0,130.7313,0,207818,,,,,0
2023-08-28,129.54,131.13,129.37,129.42,128.96,,,,,135.7857,0,127.0402,1,172635,,,,,0
2023-08-29,129.42,131.51,129.05,131.40,129.15,,,,,135.7857,0,127.1221,1,158411,,,,,0
2023-08-30,131.46,132.50,131.18,132.41,129.56,129.87,,,,135.7857,0,127.2974,1,170434,,,,,0
2023-08-31,132.68,133.16,131.72,132.15,129.91,129.97,,,,135.7857,0,127.6097,1,170452,,,,,0
2023-09-01,132.99,133.67,131.65,132.38,130.14,130.07,,,,135.7857,0,128.0534,1,156424,,,,,0
2023-09-05,131.90,132.36,127.17,127.22,129.94,129.78,,,,135.7857,0,133.6682,0,241920,,,,,0
2023-09-06,127.66,128.63,126.96,127.76,129.82,129.52,,,,134.9104,0,133.6682,0,296508,,,,,0
2023-09-07,127.39,127.93,125.86,126.95,129.66,129.37,,,,133.9155,0,133.3997,0,160148,,,,,0
2023-09-08,126.70,127.55,126.34,126.50,129.52,129.19,,,,133.6325,0,132.9471,0,172583,,,,,0
2023-09-11,127.66,127.88,126.56,127.11,129.33,129.18,,,,133.6325,0,132.5216,0,116484,,,,,0
2023-09-12,125.28,126.07,124.48,124.77,128.86,128.91,,,,131.8501,0,132.1217,0,193867,,,,,0
2023-09-13,124.50,125.05,123.45,123.98,128.12,128.64,,,,130.6453,0,131.5101,0,155171,,,,,0
2023-09-14,125.41,125.60,124.05,125.28,127.41,128.49,,,,130.6453,0,130.7042,0,139282,,,,,0
2023-09-15,124.50,126.52,124.47,124.73,126.67,128.29,,,,130.6453,0,129.9789,0,296220,,,,,0
2023-09-18,124.49,124.75,123.32,123.51,125.78,127.96,,,,130.0708,0,129.3262,0,129694,,,,,0
2023-09-19,123.30,123.61,121.50,123.25,125.38,127.66,,,,128.6216,0,128.6055,0,192299,,,,,0
2023-09-20,124.48,124.64,121.72,121.93,124.80,127.31,,,,128.6216,0,127.6112,0,105647,,-1.9099,-1.3345,-0.5754,0
2023-09-21,121.23,121.23,119.32,119.59,124.06,126.86,,,,126.7633,0,126.7560,0,185841,,-2.2141,-1.5104,-0.7036,0
2023-09-22,119.82,122.43,119.60,121.31,123.54,126.53,,,,126.7633,0,125.5665,0,216081,,-2.2903,-1.6664,-0.6239,0
2023-09-25,120.59,123.29,120.59,123.10,123.14,126.24,,,,126.7633,0,124.5673,0,155106,,-2.1811,-1.7693,-0.4118,0
2023-09-26,122.41,122.92,119.82,119.89,122.66,125.76,,,,126.7633,0,123.7280,0,154332,,-2.3266,-1.8808,-0.4458,0
2023-09-27,120.64,121.14,118.33,119.35,122.19,125.16,,,,126.7633,0,123.2928,0,168155,,-2.4571,-1.9961,-0.4611,0
2023-09-28,119.60,122.30,119.08,121.71,121.84,124.62,,,,126.7633,0,122.9199,0,122204,,-2.3433,-2.0655,-0.2778,0
2023-09-29,122.86,122.93,120.77,121.00,121.46,124.06,,,,126.7633,0,118.3335,1,145103,,-2.2839,-2.1092,-0.1747,0
2023-10-02,120.65,121.30,119.71,120.60,121.17,123.48,,,,126.7633,0,118.4254,1,152359,,-2.2433,-2.1360,-0.1073,0
2023-10-03,119.20,121.47,119.04,119.93,120.84,123.11,,,,126.7633,0,118.5155,1,167965,,-2.2395,-2.1567,-0.0828,0
2023-10-04,122.37,124.44,121.04,124.19,121.07,122.93,,,,126.7633,0,118.6037,1,362332,,-1.8712,-2.0996,0.2284,0
2023-10-05,123.65,124.74,121.28,122.43,121.35,122.71,,,,126.7633,0,118.8372,1,253769,,-1.7018,-2.0200,0.3183,0
2023-10-06,121.91,124.89,121.42,124.10,121.63,122.59,,,,126.7633,0,119.1912,1,207177,,-1.4159,-1.8992,0.4834,0
2023-10-09,122.80,122.94,119.82,120.03,121.32,122.23,,,,126.7633,0,119.6468,1,242854,,-1.5007,-1.8195,0.3188,0
2023-10-10,120.96,122.91,120.71,121.45,121.48,122.07,,,,126.7633,0,119.8250,1,277262,,-1.4370,-1.7430,0.3060,0
2023-10-11,123.52,124.13,121.93,123.54,121.90,122.04,,,,126.7633,0,119.8250,1,163410,,-1.2041,-1.6352,0.4311,0
2023-10-12,124.17,124.21,120.01,121.24,121.85,121.84,126.17,,,126.7633,0,124.8868,0,107430,186038,-1.1909,-1.5463,0.3555,0
2023-10-13,121.05,121.61,119.22,119.75,121.72,121.59,125.96,,,126.7633,0,124.7893,0,174076,185553,-1.2859,-1.4943,0.2083,0
2023-10-16,121.14,122.24,120.47,121.51,121.82,121.49,125.78,,,126.7633,0,124.5665,0,149055,184716,-1.2052,-1.4365,0.2313,0
2023-10-17,120.22,123.47,120.07,122.54,122.08,121.46,125.57,,,126.7633,0,124.3526,0,238293,185005,-1.0464,-1.3584,0.3120,0
2023-10-18,120.93,121.39,118.98,119.12,121.57,121.32,125.30,,,126.7633,0,124.1473,0,296411,186131,-1.1830,-1.3234,0.1404,0
2023-10-19,117.46,120.50,115.49,115.91,120.92,121.13,125.01,,,126.7633,0,123.8370,0,503962,191415,-1.5323,-1.3652,-0.1672,0
2023-10-20,116.31,117.89,115.95,116.26,120.13,120.88,124.74,,,126.1950,0,123.1693,0,278649,193175,-1.7603,-1.4442,-0.3161,0
2023-10-23,115.59,116.62,115.01,115.30,119.66,120.49,124.50,,,124.6482,0,122.5550,0,183321,193313,-1.9955,-1.5544,-0.4410,0
2023-10-24,116.56,117.24,113.61,114.52,118.97,120.22,124.18,,,124.4642,0,121.8010,0,193304,192354,-2.2194,-1.6874,-0.5320,0
2023-10-25,114.15,114.26,112.27,113.24,117.94,119.92,123.86,,,122.0762,0,120.8177,0,137685,191598,-2.4715,-1.8442,-0.6272,0
2023-10-26,113.88,115.17,113.50,113.74,117.19,119.52,123.57,,,122.0762,0,119.6216,0,175694,192526,-2.6014,-1.9957,-0.6057,0
2023-10-27,113.54,114.34,112.17,112.54,116.47,119.10,123.25,,,121.5657,0,118.5930,0,101272,191497,-2.7694,-2.1504,-0.6190,0
2023-10-30,113.98,114.73,112.30,113.56,115.67,118.74,122.92,,,121.5657,0,117.5656,0,141506,189878,-2.7877,-2.2779,-0.5099,0
2023-10-31,113.70,114.97,113.50,114.45,114.86,118.47,122.62,,,121.5657,0,116.7025,0,241869,191964,-2.6997,-2.3622,-0.3374,0
2023-11-01,114.74,115.35,113.37,114.63,114.42,117.99,122.33,,,121.5657,0,115.9776,0,134554,192190,-2.5850,-2.4068,-0.1782,0
2023-11-02,115.05,116.71,114.88,116.45,114.47,117.69,122.09,,,121.5657,0,112.1716,1,202645,192571,-2.3207,-2.3896,0.0688,0
2023-11-03,117.77,120.69,117.77,119.61,114.80,117.47,121.93,,,121.5657,0,112.2624,1,140949,192212,-1.8351,-2.2787,0.4436,0
2023-11-06,119.34,120.42,118.34,119.09,115.18,117.42,121.73,,,121.5657,0,112.5996,1,124927,190555,-1.4754,-2.1180,0.6426,0
2023-11-07,118.35,119.86,117.93,119.14,115.65,117.31,121.52,,,121.5657,0,112.9233,1,194514,190992,-1.1723,-1.9289,0.7566,0
2023-11-08,119.09,120.97,118.83,120.77,116.40,117.17,121.31,,,121.5657,0,113.2341,1,173636,191297,-0.7921,-1.7015,0.9095,0
2023-11-09,121.33,121.78,119.20,119.33,116.96,117.07,121.05,,,121.5657,0,113.6983,1,149099,190870,-0.5995,-1.4811,0.8816,0
2023-11-10,119.80,120.90,119.12,120.68,117.77,117.12,120.82,,,121.5657,0,114.3447,1,165341,190768,-0.3342,-1.2517,0.9176,0
2023-11-13,120.18,122.09,120.18,121.12,118.53,117.10,120.59,,,121.5657,0,114.9394,1,203590,191711,-0.0873,-1.0189,0.9315,0
2023-11-14,123.38,125.95,122.73,125.09,119.59,117.23,120.55,,,116.4515,1,115.6542,1,316152,193196,0.4232,-0.7304,1.1536,0
2023-11-15,125.26,127.17,124.69,125.19,120.65,117.53,120.50,,,118.0883,1,116.8894,1,279827,192862,0.8266,-0.4190,1.2456,0
2023-11-16,125.24,126.80,125.16,126.63,121.67,118.07,120.49,,,118.4278,1,118.3294,1,172194,193103,1.2483,-0.0856,1.3339,0
2023-11-17,127.18,127.45,126.63,127.30,122.43,118.62,120.51,,,119.9972,1,119.5678,1,130666,192265,1.6175,0.2550,1.3625,0
2023-11-20,126.88,127.64,126.15,127.01,123.23,119.20,120.51,,,120.1140,1,120.8284,1,122289,192381,1.8652,0.5771,1.2881,0
2023-11-21,127.33,128.42,126.82,127.96,124.11,119.88,120.57,,,121.0332,1,122.0551,1,134217,191188,2.1142,0.8845,1.2297,0
2023-11-22,128.72,129.19,127.36,128.02,124.83,120.61,120.65,,,121.7996,1,123.3283,1,100335,190091,2.2897,1.1656,1.1242,0
2023-11-24,128.20,128.51,127.27,127.84,125.68,121.32,120.70,,,121.7996,1,124.5005,1,48563,188277,2.3869,1.4098,0.9771,0
2023-11-27,127.08,128.98,126.72,128.63,126.48,122.12,120.78,,,121.7996,1,125.4382,1,159394,185540,2.4987,1.6276,0.8711,0
2023-11-28,128.81,129.92,127.86,129.37,127.30,122.92,120.90,,,122.6350,1,126.1884,1,223648,187419,2.6168,1.8254,0.7914,0
2023-11-29,130.74,131.63,130.24,130.74,127.87,123.73,121.05,,,124.6255,1,126.7158,1,174842,187070,2.7894,2.0182,0.7712,0
2023-11-30,130.96,133.11,130.33,133.03,128.65,124.65,121.27,,,125.2131,1,127.6977,1,390629,192770,3.0752,2.2296,0.8456,0
2023-12-01,132.79,134.78,132.52,134.57,129.45,125.56,121.57,,,127.1167,1,128.7811,1,223129,193516,3.3866,2.4610,0.9256,0
2023-12-04,134.00,135.63,133.75,134.12,130.13,126.28,121.83,,,128.2435,1,129.9814,1,402738,197249,3.5561,2.6800,0.8761,0
2023-12-05,133.33,133.75,132.37,133.65,130.79,127.01,122.04,,,128.2435,1,131.1103,1,271392,199574,3.6111,2.8662,0.7448,0
2023-12-06,134.78,135.52,133.41,133.70,131.37,127.74,122.31,,,128.2435,1,132.0134,1,284258,202173,3.6167,3.0163,0.6004,0
2023-12-07,135.03,136.23,134.43,135.83,132.15,128.49,122.64,,,128.8733,1,132.3747,1,222312,203256,3.7503,3.1631,0.5872,0
2023-12-08,135.83,136.65,134.69,134.89,132.85,129.27,122.91,,,129.2731,1,133.1448,1,163648,204085,3.7375,3.2780,0.4595,0
2023-12-11,135.69,137.60,135.37,136.64,133.65,130.07,123.22,,,129.9201,1,133.8453,1,299453,207172,3.8239,3.3872,0.4367,0
2023-12-12,136.82,137.63,136.15,136.20,134.34,130.82,123.53,,,130.5356,1,134.5967,1,290566,209936,3.8128,3.4723,0.3405,0
2023-12-13,136.16,138.26,136.06,138.16,135.08,131.47,123.90,,,130.7776,1,135.2035,1,380428,214185,3.9177,3.5614,0.3563,0
2023-12-14,140.16,141.62,139.57,139.74,135.75,132.20,124.21,,,133.8169,1,135.8145,1,367416,214287,4.0808,3.6653,0.4155,0
2023-12-15,139.45,140.68,138.90,139.30,136.22,132.83,124.54,,,133.8169,1,136.0567,1,434279,217897,4.1269,3.7576,0.3693,0
2023-12-18,139.24,140.01,138.22,139.36,136.75,133.44,124.85,,,133.8169,1,137.1698,1,358636,220926,4.1212,3.8303,0.2909,0
2023-12-19,140.00,140.80,139.05,140.08,137.39,134.09,125.25,,,133.8169,1,138.0602,1,288061,221831,4.1267,3.8896,0.2371,0
2023-12-20,140.00,140.08,136.98,137.09,137.73,134.55,125.56,,,133.8169,1,141.6219,0,216349,220612,3.8454,3.8808,-0.0353,0
2023-12-21,138.31,138.90,137.26,138.43,137.99,135.07,125.86,,,133.8169,1,141.5292,0,206732,221479,3.6882,3.8422,-0.1541,0
2023-12-22,138.75,140.01,138.52,139.36,138.44,135.64,126.22,,,133.8169,1,141.4383,0,194773,223226,3.5977,3.7933,-0.1957,0
2023-12-26,139.45,140.82,139.28,140.24,138.80,136.22,126.63,,,133.8558,1,141.3492,0,130320,222350,3.5560,3.7459,-0.1898,0
2023-12-27,139.89,141.08,139.86,140.69,139.25,136.79,127.02,,,134.5313,1,141.2619,0,199367,223357,3.5180,3.7003,-0.1823,0
2023-12-28,141.15,141.30,140.65,140.89,139.52,137.30,127.38,,,135.4342,1,136.9843,1,122876,221048,3.4645,3.6531,-0.1886,0
2023-12-29,140.51,141.18,139.88,140.11,139.56,137.65,127.80,,,135.4342,1,137.0707,1,141205,217944,3.3212,3.5867,-0.2656,0
2024-01-02,138.41,139.30,137.57,137.99,139.42,137.82,128.25,,,135.4342,1,137.1553,1,271408,213293,3.0013,3.4697,-0.4683,0
2024-01-03,137.40,137.71,135.17,136.43,139.13,137.94,128.65,,,135.4342,1,141.3034,0,253306,212786,2.5924,3.2942,-0.7018,0
2024-01-04,135.70,136.97,135.26,135.77,138.70,138.04,129.06,,,135.4342,1,141.1806,0,246709,214054,2.1895,3.0733,-0.8838,0
2024-01-05,135.13,137.05,134.93,136.73,138.66,138.20,129.50,,,135.4342,1,141.0603,0,157776,213343,1.9258,2.8438,-0.9179,0
2024-01-08,136.91,138.16,136.38,138.09,138.63,138.31,130.00,,,135.4342,1,140.8152,0,149365,213577,1.8057,2.6362,-0.8305,0
2024-01-09,137.04,137.32,136.14,137.00,138.39,138.41,130.46,,,135.4342,1,140.5799,0,139708,212857,1.6043,2.4298,-0.8255,0
2024-01-10,136.82,138.20,136.82,138.00,138.17,138.48,130.97,,,135.4342,1,140.3540,0,136891,213570,1.5074,2.2453,-0.7379,0
2024-01-11,138.44,138.44,136.52,137.15,137.82,138.53,131.45,,,135.4342,1,140.1372,0,212749,214995,1.3471,2.0657,-0.7186,0
2024-01-12,137.77,138.38,135.51,136.37,137.36,138.44,131.88,,,135.4342,1,139.9290,0,160789,213373,1.1433,1.8812,-0.7379,0
2024-01-16,135.64,135.86,134.00,134.69,136.82,138.19,132.29,,,141.0020,0,139.7291,0,296002,216602,0.8369,1.6723,-0.8354,0
2024-01-17,133.51,135.30,133.18,134.05,136.43,137.93,132.64,,,140.3370,0,139.3857,0,274370,218036,0.5365,1.4452,-0.9087,0
2024-01-18,134.61,136.10,134.37,135.80,136.36,137.75,132.96,,,140.3370,0,138.8892,0,312367,221465,0.4347,1.2431,-0.8084,0
2024-01-19,136.66,136.66,131.83,132.47,136.04,137.37,133.23,,,140.3370,0,138.4325,0,777079,234508,0.0840,1.0113,-0.9273,0
2024-01-22,132.77,134.11,132.77,133.17,135.68,137.17,133.51,,,140.1766,0,137.7724,0,329168,237201,-0.1357,0.7819,-0.9176,0
2024-01-23,133.91,133.98,131.63,133.45,135.22,136.92,133.76,,,139.5712,0,137.1783,0,247931,238687,-0.2839,0.5687,-0.8526,0
2024-01-24,133.98,134.69,132.03,132.13,134.73,136.56,134.02,,,139.5712,0,136.5119,0,360388,242913,-0.5021,0.3545,-0.8567,0
2024-01-25,132.88,134.10,132.10,133.78,134.31,136.24,134.28,,,139.5712,0,135.9255,0,260306,244812,-0.5358,0.1765,-0.7123,0
2024-01-26,134.72,134.85,133.18,134.01,133.99,135.90,134.54,,,139.5712,0,135.4095,0,233627,245413,-0.5375,0.0337,-0.5711,0
2024-01-29,133.85,134.38,132.56,133.85,133.74,135.55,134.71,,,139.5712,0,134.9554,0,271120,244512,-0.5461,-0.0823,-0.4638,0
2024-01-30,133.46,134.80,133.11,134.04,133.68,135.25,134.89,,,139.5712,0,134.8481,0,198810,242892,-0.5309,-0.1720,-0.3589,0
2024-01-31,134.34,134.35,131.60,132.14,133.48,134.96,135.00,,,139.5245,0,134.8013,0,329201,246032,-0.6646,-0.2705,-0.3941,0
2024-02-01,131.74,132.85,130.39,132.57,133.16,134.76,135.11,,,138.2549,0,134.8013,0,202303,247465,-0.7275,-0.3619,-0.3656,0
2024-02-02,131.32,131.86,129.90,131.25,133.04,134.54,135.19,,,137.6523,0,134.3516,0,221426,249447,-0.8738,-0.4643,-0.4095,0
2024-02-05,129.52,130.08,128.81,128.89,132.61,134.15,135.21,,,136.2725,0,133.5505,0,371563,254194,-1.1669,-0.6048,-0.5621,0
2024-02-06,129.27,131.07,129.27,131.06,132.37,133.79,135.27,,,136.2725,0,132.6033,0,218200,256552,-1.2098,-0.7258,-0.4840,0
2024-02-07,131.70,132.13,130.28,130.58,132.22,133.47,135.33,,,136.2725,0,128.8145,1,192916,259439,-1.2685,-0.8343,-0.4341,0
2024-02-08,130.74,130.95,127.93,129.88,131.83,133.07,135.35,,,136.2725,0,132.1311,0,192710,260105,-1.3553,-0.9385,-0.4168,0
2024-02-09,129.75,130.80,128.77,130.77,131.50,132.75,135.38,,,136.2725,0,132.1311,0,168292,258998,-1.3369,-1.0182,-0.3187,0
2024-02-12,130.97,132.39,130.46,132.01,131.32,132.53,135.40,,,136.2725,0,127.9338,1,219395,259889,-1.2085,-1.0563,-0.1523,0
2024-02-13,129.76,130.45,128.76,129.99,130.91,132.30,135.34,,,136.2725,0,128.0230,1,232792,256732,-1.2557,-1.0961,-0.1595,0
2024-02-14,130.79,132.06,130.00,131.26,130.83,132.16,135.28,,,136.2725,0,128.1104,1,184862,255967,-1.1766,-1.1122,-0.0644,0
2024-02-15,132.11,134.14,132.02,134.06,130.97,132.07,135.28,,,136.2725,0,128.1961,1,258677,253086,-0.8783,-1.0655,0.1872,0
2024-02-16,133.88,134.19,133.20,133.58,131.21,132.12,135.27,,,136.2725,0,128.4338,1,292335,253504,-0.6728,-0.9869,0.3141,0
2024-02-20,133.37,133.73,132.46,132.87,131.60,132.11,135.26,,,136.2725,0,128.7790,1,362598,255071,-0.5605,-0.9017,0.3411,0
2024-02-21,133.13,134.29,132.50,134.27,131.93,132.15,135.23,,,136.2725,0,129.1035,1,159682,253819,-0.3543,-0.7922,0.4379,0
2024-02-22,134.86,135.46,133.67,134.96,132.36,132.29,135.23,,,136.2725,0,129.5185,1,187211,254290,-0.1338,-0.6605,0.5267,0
2024-02-23,135.52,136.23,135.17,135.89,132.96,132.40,135.21,,,136.2725,0,130.1124,1,128908,250879,0.1148,-0.5054,0.6202,0
2024-02-26,133.66,134.70,131.67,133.98,133.29,132.39,135.17,,,136.2725,0,130.8465,1,346299,251994,0.1558,-0.3732,0.5290,0
2024-02-27,134.34,136.47,132.20,132.63,133.35,132.33,135.06,,,136.2725,0,131.4925,1,306620,250517,0.0788,-0.2828,0.3616,0
2024-02-28,132.22,133.76,131.25,132.23,133.57,132.24,134.91,,,136.2725,0,136.4744,0,182455,246818,-0.0147,-0.2292,0.2145,0
2024-02-29,132.57,133.74,132.18,133.28,133.77,132.30,134.79,,,136.2725,0,136.4744,0,276304,243659,-0.0037,-0.1841,0.1804,0
2024-03-01,132.66,133.61,131.18,131.33,133.50,132.24,134.63,,,136.2725,0,136.3699,0,275133,241989,-0.1513,-0.1775,0.0263,0
2024-03-04,130.73,131.78,130.38,131.04,133.25,132.23,134.45,,,136.2725,0,136.1621,0,255719,241342,-0.2876,-0.1995,-0.0881,0
2024-03-05,130.62,131.82,130.24,130.64,133.03,132.32,134.32,,,136.2725,0,135.8155,0,189990,240815,-0.4235,-0.2443,-0.1792,0
2024-03-06,131.53,132.84,130.94,131.89,132.79,132.36,134.19,,,136.2725,0,135.3697,0,234211,241364,-0.4253,-0.2805,-0.1447,0
2024-03-07,130.67,133.15,130.67,132.62,132.55,132.46,134.05,128.81,,136.2725,0,134.9596,0,291480,243298,-0.3632,-0.2971,-0.0662,0
2024-03-08,133.08,133.93,132.31,132.46,132.21,132.59,133.90,128.83,,136.2725,0,134.5823,0,191534,244523,-0.3232,-0.3023,-0.0209,0
2024-03-11,132.68,134.24,131.83,134.13,132.23,132.76,133.76,128.85,,136.2725,0,130.2432,1,251612,245568,-0.1553,-0.2729,0.1176,0
2024-03-12,134.36,134.70,132.72,133.01,132.26,132.81,133.61,128.85,,136.2725,0,130.3232,1,201013,247130,-0.1113,-0.2406,0.1292,0
2024-03-13,133.46,134.61,133.27,133.55,132.40,132.98,133.48,128.86,,136.2725,0,130.4981,1,268636,249679,-0.0328,-0.1990,0.1662,0
2024-03-14,132.68,133.31,130.35,130.80,132.15,132.96,133.33,128.86,,136.2725,0,134.6954,0,305907,250369,-0.1902,-0.1973,0.0071,0
2024-03-15,129.42,131.76,129.42,129.76,131.99,132.75,133.20,128.86,,136.2725,0,134.6107,0,605798,257419,-0.3939,-0.2366,-0.1573,0
2024-03-18,129.81,131.78,129.23,130.90,131.98,132.61,133.10,128.89,,136.2725,0,134.4033,0,278418,258053,-0.4582,-0.2809,-0.1773,0
2024-03-19,131.31,133.38,131.18,133.28,132.24,132.63,133.03,128.91,,136.2725,0,134.0927,0,369420,262286,-0.3133,-0.2874,-0.0259,0
2024-03-20,133.72,134.06,132.73,133.90,132.44,132.62,132.95,128.94,,136.2725,0,129.2267,1,311549,265530,-0.1467,-0.2593,0.1125,0
2024-03-21,134.16,135.48,133.94,135.18,132.70,132.63,132.91,128.98,,136.2725,0,129.3234,1,217698,267089,0.0869,-0.1900,0.2769,0
2024-03-22,135.43,135.51,133.86,134.19,132.87,132.54,132.84,129.02,,136.2725,0,129.5696,1,183803,268028,0.1900,-0.1140,0.3040,0
2024-03-25,133.81,134.40,132.46,132.86,132.74,132.48,132.75,129.04,,136.2725,0,129.9262,1,141955,266612,0.1628,-0.0587,0.2215,0
2024-03-26,132.94,134.09,132.83,133.49,132.79,132.53,132.69,129.07,,136.2725,0,130.2615,1,150230,266400,0.1899,-0.0089,0.1989,0
2024-03-27,134.60,136.11,133.86,136.05,133.04,132.72,132.72,129.11,,136.2725,0,130.5767,1,169040,263861,0.4133,0.0755,0.3378,0
2024-03-28,136.48,136.85,135.93,136.39,133.60,132.87,132.77,129.17,,130.5824,1,131.0192,1,222132,262816,0.6106,0.1825,0.4281,0
2024-04-01,136.60,137.05,134.38,134.96,134.12,133.06,132.75,129.21,,130.5824,1,131.6023,1,156800,259705,0.6441,0.2748,0.3692,0
2024-04-02,134.69,134.99,132.25,133.34,134.36,133.17,132.77,129.24,,130.5824,1,137.0486,0,148913,247142,0.5338,0.3266,0.2072,0
2024-04-03,133.38,134.54,132.81,133.41,134.38,133.31,132.77,129.27,,130.5824,1,137.0486,0,167256,243904,0.4466,0.3506,0.0960,0
2024-04-04,134.24,135.52,131.24,131.56,134.14,133.29,132.73,129.27,,130.5824,1,136.9526,0,172826,242401,0.2260,0.3257,-0.0997,0
2024-04-05,131.31,131.47,130.11,130.87,133.71,133.20,132.71,129.26,,130.5824,1,136.7241,0,147647,238147,-0.0042,0.2597,-0.2639,0
2024-04-08,131.56,132.24,130.82,131.69,133.46,133.17,132.67,129.26,,130.5824,1,136.3274,0,188515,236711,-0.1192,0.1839,-0.3031,0
2024-04-09,132.47,133.94,131.22,133.85,133.56,133.15,132.66,129.27,,130.5824,1,135.9544,0,173911,235516,-0.0360,0.1400,-0.1759,0
2024-04-10,131.52,131.52,129.56,129.64,133.18,132.98,132.58,129.28,,137.3538,0,135.6038,0,215065,234395,-0.3060,0.0508,-0.3568,0
2024-04-11,130.38,130.85,128.95,129.52,132.52,132.78,132.49,129.29,,136.9051,0,135.1200,0,287722,236174,-0.5238,-0.0642,-0.4597,0
2024-04-12,128.48,128.63,125.74,126.53,131.54,132.57,132.38,129.29,,134.6260,0,134.5034,0,281953,235229,-0.9266,-0.2366,-0.6899,0
2024-04-15,127.92,128.80,126.33,127.09,130.75,132.44,132.27,129.29,,134.6260,0,133.4523,0,174527,234673,-1.1872,-0.4268,-0.7605,0
2024-04-16,126.33,127.09,125.64,125.67,129.98,132.17,132.16,129.28,,133.4926,0,132.5273,0,243269,235110,-1.4913,-0.6397,-0.8516,0
2024-04-17,126.98,127.53,126.29,127.03,129.35,131.86,132.12,129.30,,133.4926,0,131.5631,0,234210,232363,-1.6037,-0.8325,-0.7712,0
2024-04-18,128.04,128.38,126.28,127.17,128.91,131.52,132.04,129.32,,133.4926,0,130.7339,0,313307,234265,-1.6622,-0.9984,-0.6638,0
2024-04-19,125.20,126.74,121.94,123.21,128.14,130.93,131.89,129.31,,132.1270,0,130.0209,0,607795,242563,-2.0052,-1.1998,-0.8054,0
2024-04-22,122.69,123.54,121.64,123.46,127.32,130.39,131.77,129.30,,130.1681,0,128.7281,0,322745,245163,-2.2315,-1.4061,-0.8254,0
2024-04-23,122.76,123.92,121.83,122.77,126.21,129.89,131.61,129.29,,130.1681,0,127.4523,0,356152,248921,-2.4383,-1.6126,-0.8257,0
2024-04-24,122.31,123.25,122.28,122.85,125.53,129.35,131.42,129.29,,129.7576,0,126.4061,0,247505,249483,-2.5657,-1.8032,-0.7625,0
2024-04-25,122.25,122.29,120.73,121.64,124.74,128.63,131.26,129.29,,128.4399,0,125.5482,0,227975,249386,-2.7332,-1.9892,-0.7440,0
2024-04-26,122.07,123.27,121.42,122.52,124.34,127.94,131.08,129.31,,128.4399,0,124.5840,0,178423,249258,-2.7634,-2.1440,-0.6194,0
2024-04-29,123.02,123.75,122.68,123.06,123.94,127.34,130.86,129.32,,128.4399,0,123.8126,0,110946,246303,-2.7120,-2.2576,-0.4544,0
2024-04-30,122.16,123.19,121.22,121.42,123.51,126.75,130.62,129.31,,128.4399,0,123.7485,0,284858,246153,-2.7715,-2.3604,-0.4111,0
2024-05-01,121.92,125.05,121.73,123.26,123.14,126.24,130.43,129.33,,128.4399,0,120.7270,1,273018,244362,-2.6401,-2.4163,-0.2238,0
2024-05-02,124.04,125.21,122.94,124.48,122.87,125.89,130.23,129.37,,128.4399,0,120.8134,1,372456,248617,-2.4095,-2.4150,0.0055,0
2024-05-03,125.98,126.55,124.48,125.11,123.06,125.60,130.03,129.39,,128.4399,0,120.9892,1,173288,248339,-2.1510,-2.3622,0.2112,0
2024-05-06,125.89,126.29,124.61,125.23,123.23,125.28,129.82,129.42,,128.4399,0,121.3231,1,154260,248846,-1.9150,-2.2728,0.3577,0
2024-05-07,125.89,127.07,125.57,126.33,123.59,124.90,129.67,129.46,,128.4399,0,121.6369,1,152248,244965,-1.6204,-2.1423,0.5219,0
2024-05-08,125.42,125.86,124.97,125.59,123.86,124.70,129.53,129.49,,128.4399,0,122.0716,1,183079,242494,-1.4297,-1.9998,0.5701,0
2024-05-09,126.14,127.44,125.60,127.08,124.41,124.58,129.42,129.51,,128.4399,0,122.4716,1,171135,242268,-1.1455,-1.8289,0.6834,0
2024-05-10,128.26,128.84,127.90,128.01,124.96,124.65,129.32,129.55,,128.4399,0,122.9682,1,146035,239662,-0.8359,-1.6303,0.7944,0
2024-05-13,128.45,128.84,128.02,128.39,125.49,124.71,129.26,129.58,,128.4399,0,123.6726,1,104628,236252,-0.5528,-1.4148,0.8620,0
2024-05-14,128.71,129.48,127.83,128.05,126.15,124.83,129.20,129.63,,128.4399,0,124.3957,1,142284,233983,-0.3519,-1.2022,0.8503,0
2024-05-15,128.66,129.40,127.46,127.73,126.60,124.87,129.14,129.67,,128.4399,0,125.2093,1,123994,232664,-0.2162,-1.0050,0.7889,0
2024-05-16,127.69,128.43,127.41,127.49,126.90,124.88,129.05,129.70,,128.4399,0,125.8928,1,150334,230986,-0.1270,-0.8294,0.7025,0
2024-05-17,128.00,128.52,126.52,127.16,127.11,125.08,128.94,129.74,128.85,128.4399,0,126.4669,1,179733,228751,-0.0813,-0.6798,0.5985,0
2024-05-20,126.93,127.91,126.27,126.53,127.24,125.24,128.82,129.78,128.83,128.4399,0,129.4809,0,153394,227988,-0.0951,-0.5629,0.4677,0
2024-05-21,126.54,126.87,125.97,126.49,127.25,125.42,128.67,129.82,128.81,128.4399,0,129.4168,0,132312,225602,-0.1079,-0.4719,0.3640,0
2024-05-22,125.78,127.46,125.78,127.41,127.43,125.65,128.56,129.85,128.78,128.4399,0,129.2790,0,235240,226287,-0.0435,-0.3862,0.3427,0
2024-05-23,127.37,128.10,123.80,123.93,127.12,125.76,128.37,129.88,128.74,128.4399,0,129.0692,0,169501,224304,-0.2702,-0.3630,0.0928,0
2024-05-24,124.37,125.23,123.82,124.31,126.75,125.85,128.24,129.94,128.71,128.4399,0,128.6474,0,122129,220629,-0.4145,-0.3733,-0.0412,0
2024-05-28,124.20,124.52,122.26,122.59,126.17,125.83,128.09,129.98,128.67,128.4399,0,128.2593,0,202306,212559,-0.6602,-0.4307,-0.2296,0
2024-05-29,121.38,121.83,120.22,120.27,125.39,125.77,127.88,130.01,128.63,126.9949,0,127.6597,0,129197,209574,-1.0301,-0.5506,-0.4795,0
2024-05-30,120.49,122.19,120.25,122.13,124.83,125.72,127.66,130.06,128.59,126.9949,0,126.7671,0,170722,205600,-1.1595,-0.6723,-0.4871,0
2024-05-31,122.11,124.85,121.55,124.30,124.51,125.71,127.47,130.14,128.57,126.9949,0,125.9815,0,504049,209450,-1.0748,-0.7528,-0.3220,0
2024-06-03,124.29,125.01,122.86,124.53,124.25,125.68,127.25,130.21,128.55,126.9949,0,125.2902,0,205864,209214,-0.9774,-0.7978,-0.1797,0
2024-06-04,123.98,125.73,123.87,124.55,124.05,125.64,127.06,130.29,128.53,126.9949,0,120.2208,1,211083,209759,-0.8884,-0.8159,-0.0725,0
2024-06-05,124.57,126.16,123.68,126.00,124.00,125.63,126.92,130.37,128.51,126.9949,0,120.3309,1,167925,210279,-0.6931,-0.7913,0.0982,0
2024-06-06,125.72,126.20,123.41,123.55,123.62,125.52,126.72,130.43,128.48,126.9949,0,120.5641,1,209828,211471,-0.7277,-0.7786,0.0509,0
2024-06-07,122.42,122.50,121.08,121.46,123.37,125.24,126.43,130.48,128.44,126.9949,0,120.9022,1,209373,212277,-0.9132,-0.8055,-0.1077,0
2024-06-10,121.14,121.74,120.37,121.51,123.09,124.92,126.13,130.51,128.41,126.9949,0,126.1988,0,133213,210499,-1.0444,-0.8533,-0.1911,0
2024-06-11,121.32,123.07,120.53,122.56,123.09,124.63,125.89,130.53,128.38,126.9949,0,126.0822,0,200004,211363,-1.0515,-0.8929,-0.1585,0
2024-06-12,124.60,125.05,122.77,123.35,123.39,124.39,125.69,130.56,128.35,126.9949,0,125.9680,0,168620,211757,-0.9817,-0.9107,-0.0710,0
2024-06-13,122.88,123.11,121.57,122.77,123.46,124.14,125.47,130.59,128.32,126.9949,0,125.8561,0,121834,210849,-0.9626,-0.9211,-0.0415,0
2024-06-14,121.38,121.76,119.27,120.43,123.07,123.79,125.25,130.58,128.26,126.9949,0,125.7464,0,147297,210338,-1.1230,-0.9615,-0.1616,0
2024-06-17,120.18,121.44,119.26,121.33,122.75,123.50,125.06,130.60,128.21,126.9949,0,125.4876,0,152038,210426,-1.1643,-1.0020,-0.1622,0
2024-06-18,121.24,121.94,120.25,120.94,122.39,123.22,124.85,130.60,128.15,126.9949,0,125.1137,0,135902,209374,-1.2142,-1.0445,-0.1698,0
2024-06-20,120.26,123.05,120.26,121.51,121.94,122.97,124.60,130.60,128.10,126.9949,0,124.7622,0,169709,209290,-1.1943,-1.0744,-0.1199,0
2024-06-21,121.45,121.94,119.72,121.63,121.75,122.68,124.44,130.58,128.07,126.9949,0,124.4318,0,253554,210059,-1.1552,-1.0906,-0.0646,0
2024-06-24,121.80,123.29,121.14,121.21,121.72,122.55,124.27,130.55,128.04,126.9949,0,124.1213,0,220597,208717,-1.1447,-1.1014,-0.0433,0
2024-06-25,120.50,120.62,117.74,118.44,121.42,122.25,124.11,130.50,128.00,126.3412,0,123.8294,0,264966,208377,-1.3444,-1.1500,-0.1944,0
2024-06-26,117.64,119.09,117.14,118.47,121.01,122.05,123.94,130.44,127.96,125.1408,0,123.3424,0,241394,209714,-1.4833,-1.2167,-0.2667,0
2024-06-27,118.51,118.83,117.99,118.14,120.49,121.94,123.79,130.38,127.91,124.9884,0,122.7219,0,131919,207488,-1.6017,-1.2937,-0.3080,0.00
2024-06-28,118.12,119.31,117.91,119.08,120.12,121.79,123.63,130.32,127.88,124.9538,0,122.1634,0,325501,209313,-1.6015,-1.3552,-0.2462,0.00
2024-07-01,119.19,119.59,116.97,117.27,119.80,121.44,123.43,130.25,127.85,124.7700,0,121.6608,0,149111,206029,-1.7271,-1.4296,-0.2975,0.00
2024-07-02,117.31,118.60,116.98,118.12,119.48,121.12,123.33,130.18,127.81,124.1216,0,121.0976,0,160358,197081,-1.7380,-1.4913,-0.2467,0.00
2024-07-03,118.21,118.88,117.74,118.11,119.20,120.79,123.22,130.11,127.78,124.1216,0,120.6019,0,87784,192381,-1.7275,-1.5385,-0.1890,0.00
2024-07-05,117.78,118.65,117.33,118.45,118.89,120.42,123.14,130.04,127.75,123.8210,0,120.1657,0,140658,188072,-1.6724,-1.5653,-0.1071,0.00
2024-07-08,119.07,120.23,119.07,120.13,118.74,120.24,123.08,129.97,127.74,123.8210,0,116.9670,1,158140,186284,-1.4766,-1.5476,0.0710,0.00
2024-07-09,119.81,120.10,118.40,118.48,118.47,120.10,123.02,129.87,127.72,123.8210,0,117.0323,1,134191,184409,-1.4377,-1.5256,0.0879,0.00
2024-07-10,119.65,120.01,118.52,119.79,118.60,120.01,122.96,129.77,127.72,123.8210,0,117.0962,1,145307,183746,-1.2867,-1.4778,0.1911,0.00
2024-07-11,121.19,122.81,120.69,122.69,119.03,120.02,122.96,129.70,127.73,123.8210,0,117.1589,1,160283,184733,-0.9221,-1.3667,0.4446,0.00
2024-07-12,123.49,124.24,122.81,123.55,119.57,120.03,123.00,129.63,127.73,123.8210,0,117.3850,1,124141,181519,-0.5572,-1.2048,0.6476,0.00
2024-07-15,123.23,125.45,123.23,123.80,120.04,120.08,123.01,129.56,127.75,123.8210,0,117.7964,1,202367,180106,-0.2454,-1.0129,0.7675,0.00
2024-07-16,124.22,126.60,124.05,126.02,120.91,120.36,123.04,129.50,127.78,119.1634,1,118.4088,1,229275,177242,0.1790,-0.7745,0.9535,0.00
2024-07-17,125.81,127.69,125.48,126.52,121.75,120.62,123.07,129.44,127.81,120.3782,1,119.2275,1,302164,179820,0.5495,-0.5097,1.0592,0.00
2024-07-18,125.56,128.23,124.46,124.58,122.40,120.80,123.05,129.36,127.83,120.3782,1,120.2434,1,320661,183148,0.6788,-0.2720,0.9508,0.00
2024-07-19,120.60,122.08,119.57,121.11,122.67,120.78,122.95,129.26,127.83,120.3782,1,128.2324,0,556001,191223,0.4954,-0.1185,0.6140,21.63
2024-07-22,121.73,122.42,120.03,121.42,122.80,120.77,122.87,129.15,127.84,120.3782,1,128.2324,0,206457,191690,0.3711,-0.0206,0.3917,21.11
2024-07-23,121.48,121.67,119.69,119.86,122.93,120.70,122.72,129.02,127.81,128.0356,0,128.0591,0,205882,192385,0.1449,0.0125,0.1324,19.28
2024-07-24,120.13,120.40,118.36,118.46,122.80,120.70,122.53,128.88,127.80,126.6124,0,127.8893,0,205331,193571,-0.1457,-0.0191,-0.1265,19.86
2024-07-25,118.55,120.66,118.11,119.12,122.44,120.73,122.35,128.74,127.77,126.6124,0,127.5080,0,188570,195250,-0.3188,-0.0791,-0.2397,19.48
2024-07-26,119.40,120.70,118.76,120.65,122.15,120.86,122.20,128.61,127.77,126.6124,0,126.9442,0,201503,196434,-0.3294,-0.1291,-0.2002,19.48
2024-07-29,120.46,121.62,120.05,120.83,121.86,120.95,122.06,128.51,127.77,126.6124,0,126.4142,0,161629,197187,-0.3195,-0.1672,-0.1523,20.52
2024-07-30,119.97,121.12,119.97,120.32,121.29,121.10,121.92,128.39,127.75,126.6124,0,125.9161,0,191756,198015,-0.3482,-0.2034,-0.1448,18.30
2024-07-31,120.93,121.66,119.51,120.11,120.65,121.20,121.78,128.26,127.75,126.6124,0,125.4478,0,283991,200101,-0.3840,-0.2395,-0.1445,16.40
2024-08-01,120.71,121.43,118.40,119.07,120.09,121.25,121.63,128.12,127.75,126.6124,0,125.0076,0,184263,200718,-0.4907,-0.2898,-0.2009,19.31
2024-08-02,118.78,118.78,115.87,116.78,119.66,121.16,121.43,127.96,127.72,124.3953,0,124.5939,0,154350,201159,-0.7513,-0.3821,-0.3692,21.09
2024-08-05,115.58,115.58,112.52,112.93,118.81,120.80,121.14,127.77,127.67,121.6879,0,123.8959,0,207643,200607,-1.2540,-0.5565,-0.6976,20.20
2024-08-06,112.77,114.87,112.52,112.62,118.09,120.51,120.92,127.59,127.64,121.2730,0,122.7585,0,301984,203256,-1.6585,-0.7769,-0.8816,19.58
2024-08-07,113.34,115.17,111.68,111.92,117.43,120.12,120.67,127.41,127.62,121.2730,0,121.7348,0,255559,205925,-2.0123,-1.0240,-0.9884,20.12
2024-08-08,112.50,113.79,112.48,112.78,116.80,119.62,120.47,127.25,127.60,120.7792,0,120.5281,0,190983,205699,-2.1979,-1.2588,-0.9392,17.99
2024-08-09,112.58,113.55,112.00,112.79,116.01,119.08,120.32,127.10,127.59,120.1209,0,119.4663,0,130317,205721,-2.3176,-1.4705,-0.8471,18.53
2024-08-12,112.77,113.45,112.39,112.63,115.19,118.53,120.13,126.94,127.58,119.8487,0,118.5319,0,165428,205615,-2.3970,-1.6558,-0.7412,19.27
2024-08-13,112.94,113.95,112.34,113.45,114.51,117.90,119.92,126.78,127.58,119.8487,0,117.7096,0,178568,199106,-2.3667,-1.7980,-0.5687,18.10
2024-08-14,113.40,114.51,112.80,114.03,113.90,117.27,119.71,126.62,127.58,119.8487,0,116.9860,0,161681,198222,-2.2697,-1.8923,-0.3773,19.19
2024-08-15,115.38,116.75,114.92,116.13,113.60,116.85,119.54,126.48,127.60,119.8487,0,111.6795,1,155468,197110,-2.0008,-1.9140,-0.0868,18.80
2024-08-16,115.93,116.55,114.96,116.44,113.57,116.62,119.35,126.34,127.62,119.8487,0,111.7810,1,313601,200023,-1.7424,-1.8797,0.1373,18.80
2024-08-19,116.79,117.40,116.35,117.25,114.00,116.41,119.22,126.21,127.63,119.8487,0,111.8805,1,132925,198485,-1.4555,-1.7949,0.3394,18.34
2024-08-20,116.91,117.58,116.51,117.01,114.44,116.26,119.13,126.09,127.64,119.8487,0,112.1012,1,87994,196058,-1.2331,-1.6825,0.4494,19.54
2024-08-21,117.64,118.97,117.22,118.87,115.14,116.29,119.08,125.99,127.65,119.8487,0,112.4300,1,132522,196044,-0.8969,-1.5254,0.6285,19.34
2024-08-22,119.26,119.47,118.40,119.06,115.77,116.28,119.01,125.88,127.65,119.8487,0,112.9532,1,131255,194669,-0.6073,-1.3418,0.7345,20.78
2024-08-23,119.36,120.93,119.24,120.37,116.52,116.27,118.95,125.80,127.66,114.4627,1,113.6053,1,138272,194062,-0.2695,-1.1273,0.8578,20.62
2024-08-26,120.76,121.72,120.39,120.72,117.33,116.26,118.91,125.72,127.67,115.5898,1,114.4841,1,78538,193196,0.0263,-0.8966,0.9229,20.39
2024-08-27,120.69,121.45,120.43,120.92,118.08,116.29,118.92,125.63,127.67,115.7214,1,115.4970,1,119064,192631,0.2737,-0.6625,0.9362,21.25
2024-08-28,120.95,122.11,120.78,121.42,118.82,116.36,118.92,125.56,127.68,116.3435,1,116.3681,1,126798,192126,0.5046,-0.4291,0.9337,22.01
2024-08-29,122.14,123.17,120.96,122.57,119.46,116.53,118.95,125.49,127.69,116.8116,1,117.2866,1,124060,191890,0.7708,-0.1891,0.9600,22.78
2024-08-30,123.29,124.10,122.16,123.41,120.16,116.87,118.99,125.42,127.70,117.8155,1,118.3464,1,282163,194139,1.0382,0.0563,0.9818,22.04
2024-09-03,122.47,123.53,121.34,121.72,120.61,117.30,118.99,125.34,127.68,117.8155,1,119.4966,1,185681,192781,1.1007,0.2652,0.8355,23.75
2024-09-04,121.82,122.37,120.32,120.50,120.96,117.70,118.98,125.25,127.66,117.8155,1,124.0972,0,122325,190816,1.0400,0.4202,0.6199,24.44
2024-09-05,120.74,120.84,118.82,119.18,120.99,118.06,118.99,125.16,127.62,117.8155,1,124.0217,0,134902,188214,0.8752,0.5112,0.3640,24.39
2024-09-06,118.91,120.13,118.32,118.70,120.95,118.36,119.00,125.07,127.58,117.8155,1,123.8135,0,151046,186407,0.6981,0.5486,0.1495,26.60
2024-09-09,119.46,120.77,119.11,120.00,120.91,118.72,119.03,124.99,127.54,117.8155,1,123.4840,0,194584,187661,0.6546,0.5698,0.0848,26.64
2024-09-10,120.20,120.26,118.62,119.76,120.82,119.08,119.05,124.93,127.50,117.8155,1,123.1744,0,118311,183517,0.5941,0.5746,0.0195,26.33
2024-09-11,119.81,120.04,116.78,119.39,120.66,119.37,119.09,124.85,127.46,117.8155,1,122.8833,0,159561,183726,0.5103,0.5618,-0.0515,25.16
2024-09-12,119.12,119.73,117.17,119.38,120.46,119.64,119.12,124.78,127.42,117.8155,1,122.3952,0,135630,183231,0.4381,0.5370,-0.0989,25.27
2024-09-13,119.70,121.33,119.36,120.80,120.28,119.87,119.17,124.72,127.38,117.8155,1,121.9461,0,126078,183997,0.4896,0.5275,-0.0379,23.92
2024-09-16,121.77,122.24,120.58,121.14,120.06,120.11,119.22,124.65,127.34,117.8155,1,116.7817,1,178225,184749,0.5517,0.5324,0.0193,24.19
2024-09-17,121.59,122.33,120.85,121.25,120.01,120.31,119.25,124.58,127.29,117.8155,1,116.8909,1,138893,184364,0.6032,0.5465,0.0566,22.82
2024-09-18,121.56,122.75,120.73,121.25,120.08,120.52,119.30,124.52,127.23,117.8155,1,117.1084,1,166386,185008,0.6366,0.5645,0.0721,22.55
2024-09-19,123.01,124.02,122.38,122.94,120.46,120.72,119.36,124.47,127.17,117.8155,1,117.4467,1,171915,185540,0.7899,0.6096,0.1803,21.50
2024-09-20,121.15,121.29,119.28,120.34,120.62,120.79,119.32,124.38,127.10,117.8155,1,117.9726,1,466848,191671,0.6938,0.6264,0.0673,21.61
2024-09-23,120.94,121.76,120.47,121.10,120.73,120.82,119.27,124.29,127.04,117.8155,1,118.4565,1,141825,192025,0.6713,0.6354,0.0359,22.04
2024-09-24,121.67,122.60,121.12,122.07,120.97,120.89,119.23,124.22,126.98,117.8155,1,118.9017,1,154330,191064,0.7235,0.6530,0.0704,23.51
2024-09-25,122.34,122.37,120.91,121.61,121.19,120.93,119.15,124.14,126.91,117.8155,1,119.3112,1,157230,189623,0.7196,0.6664,0.0533,23.97
2024-09-26,123.02,128.30,122.70,128.00,122.05,121.26,119.17,124.09,126.88,118.0982,1,119.6880,1,334222,190264,1.2177,0.7766,0.4410,28.56
2024-09-27,128.60,130.56,127.51,128.01,122.77,121.53,119.24,124.04,126.83,121.4592,1,120.5494,1,264195,189135,1.5947,0.9402,0.6545,27.71
2024-09-30,128.14,128.35,125.04,126.01,123.26,121.66,119.34,123.99,126.78,121.4592,1,121.7502,1,247170,182958,1.7126,1.0947,0.6179,25.81
2024-10-01,126.68,126.94,123.56,124.37,123.57,121.79,119.40,123.93,126.71,121.4592,1,122.8070,1,165295,182135,1.6549,1.2067,0.4482,25.77
2024-10-02,123.97,124.72,122.97,124.32,123.88,121.98,119.49,123.88,126.64,121.4592,1,130.5565,0,112215,180262,1.5863,1.2827,0.3036,24.50
2024-10-03,123.49,123.70,121.22,121.61,123.74,122.10,119.55,123.80,126.55,121.4592,1,130.4049,0,152372,179203,1.2990,1.2859,0.0130,23.76
2024-10-04,122.77,123.18,121.18,122.31,123.94,122.28,119.62,123.74,126.46,121.4592,1,130.0377,0,98163,177394,1.1144,1.2516,-0.1372,22.91
2024-10-07,121.17,122.58,120.93,122.48,124.08,122.41,119.65,123.68,126.37,121.4592,1,129.5060,0,102240,175409,0.9708,1.1955,-0.2247,22.90
2024-10-08,121.82,122.67,120.83,121.03,123.98,122.47,119.66,123.62,126.29,129.0032,0,128.8199,0,231686,176810,0.7319,1.1027,-0.3709,23.25
2024-10-09,121.61,122.58,120.99,121.23,123.94,122.56,119.68,123.55,126.21,128.7833,0,128.0213,0,203738,177050,0.5523,0.9926,-0.4404,23.83
2024-10-10,120.93,121.32,120.22,121.15,123.25,122.65,119.70,123.47,126.12,127.4009,0,127.3026,0,236578,176102,0.3984,0.8738,-0.4754,24.18
2024-10-11,121.16,122.22,121.05,122.00,122.65,122.71,119.75,123.40,126.03,127.4009,0,126.4522,0,109064,174598,0.3417,0.7674,-0.4257,23.21
2024-10-14,121.97,122.80,121.68,122.24,122.28,122.77,119.86,123.32,125.93,127.4009,0,125.7038,0,209249,175696,0.3123,0.6763,-0.3641,22.71
2024-10-15,123.21,125.25,122.59,123.55,122.19,122.88,120.08,123.26,125.85,127.4009,0,120.2159,1,227324,176089,0.3896,0.6190,-0.2294,26.81
2024-10-16,123.68,125.42,123.63,124.01,122.16,123.02,120.30,123.20,125.77,127.4009,0,120.3165,1,263666,175323,0.4830,0.5918,-0.1088,26.34
2024-10-17,125.15,125.72,122.48,124.96,122.50,123.12,120.57,123.16,125.70,127.4009,0,120.5207,1,276500,175742,0.6265,0.5987,0.0278,28.59
2024-10-18,125.51,125.74,123.69,124.55,122.72,123.33,120.80,123.12,125.64,127.4009,0,120.8328,1,284720,177617,0.6992,0.6188,0.0804,27.73
2024-10-21,124.17,124.85,122.35,122.55,122.73,123.40,121.00,123.07,125.58,127.4009,0,121.2257,1,166397,178338,0.5881,0.6127,-0.0246,27.12
2024-10-22,122.16,122.60,119.92,120.43,122.67,123.32,121.15,122.98,125.49,127.4009,0,125.7429,0,148641,178002,0.3258,0.5553,-0.2295,25.22
2024-10-23,120.15,120.62,119.22,120.13,122.56,123.25,121.29,122.89,125.40,126.4569,0,125.6265,0,166323,177757,0.0923,0.4627,-0.3704,25.38
2024-10-24,120.59,121.47,119.53,121.04,122.55,122.90,121.43,122.79,125.32,126.4569,0,125.3701,0,166048,177845,-0.0188,0.3664,-0.3852,26.11
2024-10-25,121.12,121.60,120.21,120.29,122.38,122.51,121.51,122.70,125.24,126.4569,0,125.1240,0,107862,176893,-0.1656,0.2600,-0.4256,25.80
2024-10-28,121.80,122.14,120.91,121.18,122.27,122.27,121.60,122.62,125.16,126.4569,0,124.8877,0,159964,173820,-0.2081,0.1664,-0.3745,24.63
2024-10-29,119.83,121.05,119.74,120.36,121.95,122.07,121.67,122.54,125.08,126.3783,0,124.6609,0,179418,174750,-0.3043,0.0722,-0.3766,23.55
2024-10-30,120.34,121.34,119.39,119.55,121.50,121.83,121.72,122.43,125.00,126.3319,0,124.4431,0,247771,177945,-0.4408,-0.0304,-0.4104,23.86
2024-10-31,119.64,120.17,118.41,118.45,120.85,121.68,121.71,122.31,124.92,125.1880,0,124.2341,0,274134,180778,-0.6307,-0.1504,-0.4802,25.25
2024-11-01,118.59,119.07,117.92,118.35,120.23,121.48,121.69,122.20,124.83,124.1538,0,123.8845,0,234637,182845,-0.7798,-0.2763,-0.5035,23.47
2024-11-04,119.17,120.23,118.28,118.78,119.86,121.29,121.66,122.10,124.77,124.1538,0,123.4076,0,109178,182263,-0.8537,-0.3918,-0.4619,24.24
2024-11-05,117.74,118.76,117.12,118.58,119.67,121.17,121.62,122.00,124.69,123.5434,0,122.9689,0,163952,183972,-0.9177,-0.4970,-0.4208,22.38
2024-11-06,121.93,122.30,118.30,119.64,119.62,121.09,121.59,121.92,124.62,123.5434,0,122.3844,0,392799,189446,-0.8732,-0.5722,-0.3010,19.45
2024-11-07,120.14,120.77,119.72,119.84,119.50,121.02,121.56,121.85,124.56,123.5434,0,122.2992,0,134219,189595,-0.8117,-0.6201,-0.1916,20.57
2024-11-08,118.93,120.34,118.93,119.41,119.41,120.89,121.50,121.77,124.49,123.5434,0,122.2992,0,153498,190183,-0.7892,-0.6539,-0.1353,20.45
2024-11-11,119.98,120.78,119.42,119.83,119.28,120.77,121.43,121.67,124.42,123.5434,0,121.7817,0,105794,186656,-0.7291,-0.6690,-0.0602,20.26
2024-11-12,119.34,119.66,116.39,116.45,118.89,120.42,121.32,121.58,124.33,123.5434,0,121.3160,0,174711,186437,-0.9431,-0.7238,-0.2193,18.55
2024-11-13,116.87,118.18,116.28,118.05,118.74,120.12,121.27,121.51,124.25,123.2752,0,120.7772,0,176528,187521,-0.9726,-0.7736,-0.1990,21.37
2024-11-14,118.00,118.55,117.17,118.14,118.71,119.78,121.25,121.45,124.18,123.2752,0,120.1472,0,158847,188000,-0.9770,-0.8143,-0.1627,22.06
2024-11-15,117.80,118.52,116.92,117.20,118.59,119.41,121.22,121.39,124.11,123.2752,0,119.6054,0,199160,188962,-1.0448,-0.8604,-0.1845,22.83
2024-11-18,117.60,119.49,117.51,118.05,118.52,119.19,121.18,121.33,124.04,123.2752,0,116.2773,1,215627,189383,-1.0182,-0.8919,-0.1262,23.64
2024-11-19,117.06,117.18,115.68,115.81,118.24,118.96,121.10,121.26,123.97,122.4173,0,119.4911,0,150890,190034,-1.1642,-0.9464,-0.2178,22.02
2024-11-20,115.73,116.26,115.05,116.01,117.88,118.75,121.04,121.19,123.90,121.4054,0,119.4911,0,147998,189803,-1.2494,-1.0070,-0.2424,21.09
2024-11-21,116.02,117.43,115.50,117.34,117.63,118.56,121.00,121.15,123.83,121.4054,0,119.3135,0,124790,189586,-1.1958,-1.0447,-0.1510,20.13
2024-11-22,117.04,117.87,116.72,117.31,117.42,118.42,120.93,121.11,123.77,121.4054,0,119.1431,0,143954,189944,-1.1424,-1.0643,-0.0782,18.00
2024-11-25,118.30,120.60,117.80,120.31,117.47,118.37,120.91,121.09,123.72,121.4054,0,115.0531,1,244083,191261,-0.8481,-1.0210,0.1730,18.35
2024-11-26,119.04,119.76,117.58,117.98,117.62,118.25,120.84,121.06,123.65,121.4054,0,115.1640,1,120883,190901,-0.7939,-0.9756,0.1817,17.62
2024-11-27,117.93,119.61,117.87,118.08,117.62,118.18,120.78,121.03,123.59,121.4054,0,115.2728,1,121586,190005,-0.7348,-0.9275,0.1926,17.27
2024-11-29,117.87,119.12,117.83,118.96,117.70,118.20,120.70,121.01,123.53,121.4054,0,115.3793,1,95777,188482,-0.6100,-0.8640,0.2540,17.97
2024-12-02,119.08,120.70,118.46,120.49,118.03,118.31,120.70,120.99,123.46,121.4054,0,115.4837,1,251159,184168,-0.3831,-0.7678,0.3847,19.55
2024-12-03,120.56,121.23,119.32,120.69,118.30,118.41,120.70,120.99,123.39,121.4054,0,115.6922,1,320068,187733,-0.1850,-0.6512,0.4662,19.59
2024-12-04,119.84,121.51,119.84,121.31,118.85,118.54,120.68,120.97,123.34,121.4054,0,116.0246,1,391765,192482,0.0219,-0.5166,0.5385,20.13
2024-12-05,121.48,121.48,118.90,120.04,119.25,118.56,120.65,120.94,123.27,121.4054,0,116.4634,1,425407,197845,0.0823,-0.3968,0.4791,19.70
2024-12-06,120.85,121.23,119.10,120.10,119.53,118.58,120.49,120.91,123.19,121.4054,0,116.8671,1,314000,197441,0.1341,-0.2906,0.4247,20.47
2024-12-09,120.75,124.39,120.37,121.34,119.93,118.67,120.36,120.89,123.12,121.4054,0,117.2384,1,396514,200087,0.2715,-0.1782,0.4497,20.67
2024-12-10,121.02,121.02,118.13,119.96,119.89,118.68,120.24,120.84,123.05,121.4054,0,117.9534,1,268336,200511,0.2662,-0.0893,0.3555,20.36
2024-12-11,120.06,120.24,117.12,117.25,119.82,118.72,120.09,120.79,122.97,121.4054,0,124.3882,0,255907,202323,0.0431,-0.0629,0.1059,17.27
2024-12-12,117.12,118.70,117.12,118.62,119.87,118.75,119.98,120.73,122.90,121.4054,0,124.2428,0,212980,204338,-0.0231,-0.0549,0.0318,20.39
2024-12-13,117.89,118.88,116.86,118.76,119.86,118.78,119.92,120.67,122.83,121.4054,0,124.1003,0,282810,206947,-0.0633,-0.0566,-0.0067,21.58
2024-12-16,117.98,119.43,117.29,117.30,119.54,118.78,119.82,120.60,122.76,121.4054,0,123.8107,0,240840,209800,-0.2107,-0.0874,-0.1233,21.27
2024-12-17,116.73,117.71,115.97,116.75,119.14,118.72,119.71,120.52,122.69,121.4054,0,123.5327,0,254092,212837,-0.3681,-0.1435,-0.2246,21.42
2024-12-18,116.71,119.38,115.94,115.97,118.61,118.73,119.61,120.44,122.62,121.4054,0,123.0791,0,435227,216908,-0.5490,-0.2246,-0.3244,25.86
2024-12-19,115.70,116.69,114.21,114.32,118.04,118.64,119.47,120.35,122.53,121.4054,0,122.5081,0,417543,221184,-0.8165,-0.3430,-0.4735,24.16
2024-12-20,114.07,116.48,113.42,114.98,117.52,118.53,119.35,120.27,122.44,121.4054,0,121.6785,0,466944,225792,-0.9641,-0.4672,-0.4969,23.89
2024-12-23,114.73,115.18,113.66,114.92,116.88,118.41,119.20,120.19,122.35,121.4054,0,120.6872,0,176717,227145,-1.0734,-0.5885,-0.4849,21.85
2024-12-24,114.85,115.95,114.35,115.71,116.46,118.18,119.07,120.12,122.26,121.4054,0,119.8148,0,65208,224264,-1.0834,-0.6875,-0.3960,22.23
2024-12-26,114.84,116.09,114.82,115.95,116.33,118.07,118.92,120.05,122.17,121.4054,0,119.0471,0,123849,222194,-1.0599,-0.7619,-0.2979,21.96
2024-12-27,115.18,116.62,114.72,115.14,115.98,117.93,118.74,119.99,122.08,121.4054,0,118.3716,0,119549,219312,-1.0942,-0.8284,-0.2658,22.39
2024-12-30,114.35,114.56,113.34,113.91,115.49,117.67,118.52,119.92,122.00,120.2721,0,117.7771,0,215922,218101,-1.2070,-0.9041,-0.3029,22.50
2024-12-31,114.38,115.03,113.58,114.25,115.19,117.36,118.32,119.86,121.92,120.2721,0,117.1560,0,125745,214921,-1.2542,-0.9741,-0.2801,23.08
2025-01-02,113.91,114.57,110.32,110.40,114.55,116.85,118.07,119.80,121.82,119.2384,0,116.6219,0,310711,217807,-1.5844,-1.0962,-0.4882,18.03
2025-01-03,110.18,110.60,108.55,109.30,113.89,116.25,117.85,119.71,121.70,116.2991,0,115.6134,0,261176,220058,-1.9127,-1.2595,-0.6532,16.40
2025-01-06,109.63,111.62,109.53,110.06,113.46,115.75,117.65,119.62,121.58,116.2991,0,114.5749,0,315476,223041,-2.0872,-1.4250,-0.6621,16.79
2025-01-07,109.86,113.21,109.86,110.82,113.04,115.28,117.44,119.53,121.46,116.2991,0,113.4902,0,230341,224327,-2.1398,-1.5680,-0.5718,17.83
2025-01-08,110.15,110.84,108.96,110.65,112.62,114.75,117.25,119.43,121.34,116.2991,0,113.2071,0,161330,225396,-2.1695,-1.6883,-0.4813,19.17
2025-01-10,109.23,109.71,108.21,108.25,111.87,114.17,116.99,119.31,121.22,115.9333,0,113.2071,0,167020,225537,-2.3597,-1.8226,-0.5371,19.16
2025-01-13,108.58,110.16,108.08,109.80,111.26,113.79,116.78,119.22,121.10,115.9333,0,112.2086,0,242894,226807,-2.3581,-1.9297,-0.4285,21.19
2025-01-14,110.23,111.53,110.23,111.46,110.89,113.43,116.62,119.16,120.98,115.9333,0,108.0805,1,220463,226261,-2.1981,-1.9834,-0.2147,22.23
2025-01-15,113.69,113.85,111.76,112.45,110.74,113.12,116.50,119.10,120.86,115.9333,0,108.0805,1,237715,225532,-1.9683,-1.9803,0.0121,22.27
2025-01-16,112.26,114.40,112.00,114.39,110.76,112.97,116.42,119.04,120.75,115.9333,0,108.3112,1,172595,224292,-1.6109,-1.9064,0.2956,23.77
2025-01-17,114.86,115.89,114.51,115.01,111.22,112.89,116.35,118.99,120.66,115.9333,0,108.6767,1,322989,228568,-1.2637,-1.7779,0.5142,24.64
2025-01-21,116.02,118.28,115.79,118.00,112.09,112.99,116.33,118.95,120.58,110.1283,1,109.2533,1,279791,230885,-0.7385,-1.5700,0.8315,26.44
2025-01-22,117.73,118.49,117.16,117.52,112.84,113.15,116.29,118.93,120.51,111.2090,1,110.1556,1,249266,228014,-0.3567,-1.3274,0.9706,27.44
2025-01-23,117.49,118.67,117.42,118.10,113.56,113.30,116.26,118.91,120.45,111.7144,1,111.1554,1,177070,228871,-0.0070,-1.0633,1.0563,27.29
2025-01-24,118.72,119.31,117.21,117.43,114.24,113.43,116.22,118.89,120.38,111.9311,1,112.2072,1,212581,230053,0.2137,-0.8079,1.0216,26.78
2025-01-27,118.02,119.23,117.32,118.88,115.30,113.59,116.20,118.87,120.30,112.0090,1,113.3436,1,384168,235620,0.4993,-0.5465,1.0458,27.97
2025-01-28,118.68,119.12,117.57,117.65,116.09,113.67,116.22,118.85,120.24,112.2378,1,114.2981,1,184257,235811,0.6198,-0.3132,0.9330,27.06
2025-01-29,116.69,118.14,116.66,117.05,116.65,113.77,116.20,118.82,120.18,112.2378,1,115.0999,1,241076,237102,0.6590,-0.1188,0.7778,27.06
2025-01-30,116.85,117.93,116.22,117.41,117.14,113.94,116.19,118.81,120.14,112.2378,1,115.7734,1,340570,240736,0.7105,0.0471,0.6634,26.22
2025-01-31,109.99,112.46,109.79,110.36,116.74,113.75,116.05,118.76,120.05,118.6843,0,119.3093,0,488969,246533,0.1804,0.0737,0.1066,18.07
2025-02-03,108.89,109.04,105.40,107.11,115.95,113.59,115.83,118.68,119.96,115.5077,0,119.1190,0,360742,249435,-0.4956,-0.0401,-0.4555,17.19
2025-02-04,108.42,108.72,106.22,106.43,114.79,113.44,115.65,118.60,119.86,115.5077,0,118.5703,0,267248,251762,-1.0746,-0.2470,-0.8276,15.50
2025-02-05,106.87,107.89,106.17,107.67,113.81,113.32,115.48,118.54,119.76,114.9322,0,118.0436,0,242498,253652,-1.4167,-0.4810,-0.9358,16.99
2025-02-06,108.36,111.31,107.15,110.85,113.08,113.32,115.35,118.49,119.70,114.9322,0,117.5380,0,375655,258669,-1.4146,-0.6677,-0.7469,21.41
2025-02-07,111.09,111.09,109.35,109.84,112.33,113.28,115.20,118.43,119.63,114.9322,0,117.0526,0,176119,259313,-1.4777,-0.8297,-0.6480,21.64
2025-02-10,110.38,110.54,109.10,109.15,111.35,113.33,114.98,118.37,119.56,114.9322,0,116.5865,0,179340,258018,-1.5652,-0.9768,-0.5884,20.49
2025-02-11,109.30,110.21,108.83,109.91,110.58,113.33,114.81,118.30,119.50,114.9322,0,116.1392,0,121701,258034,-1.5556,-1.0925,-0.4631,21.95
2025-02-12,108.26,110.47,107.84,109.80,109.85,113.25,114.65,118.24,119.44,114.9322,0,115.7097,0,187078,259344,-1.5388,-1.1818,-0.3570,23.60
2025-02-13,110.53,112.97,110.19,112.79,109.39,113.27,114.53,118.20,119.39,114.9322,0,115.2974,0,228187,261992,-1.2700,-1.1994,-0.0706,24.48
2025-02-14,113.20,113.93,112.56,112.62,109.62,113.18,114.37,118.13,119.34,114.9322,0,114.9016,0,197490,260919,-1.0580,-1.1711,0.1132,24.25
2025-02-18,112.59,114.10,112.19,114.07,110.31,113.13,114.24,118.07,119.30,114.9322,0,114.5216,0,184877,258215,-0.7645,-1.0898,0.3253,25.29
2025-02-19,111.43,112.86,110.42,111.71,110.84,112.82,114.04,117.99,119.24,114.9322,0,114.1569,0,196336,254306,-0.7144,-1.0147,0.3003,23.52
2025-02-20,111.58,112.97,111.01,112.76,111.35,112.58,113.90,117.90,119.18,114.9322,0,114.0966,0,191819,249635,-0.5830,-0.9284,0.3454,25.94
2025-02-21,113.08,113.35,109.95,110.44,111.31,112.20,113.71,117.79,119.11,114.9322,0,113.7489,0,281007,248975,-0.6584,-0.8744,0.2160,25.33
2025-02-24,110.67,110.82,109.15,109.22,111.25,111.79,113.46,117.69,119.03,114.9322,0,113.4150,0,158227,244209,-0.8074,-0.8610,0.0536,24.44
2025-02-25,109.98,111.01,109.19,110.04,111.34,111.34,113.26,117.61,118.95,114.9322,0,113.3540,0,258968,244022,-0.8490,-0.8586,0.0096,26.28
2025-02-26,110.37,111.39,109.29,110.67,111.41,110.99,113.13,117.54,118.87,114.9322,0,113.0360,0,166877,242241,-0.8220,-0.8513,0.0293,26.24
2025-02-27,110.34,111.24,109.27,109.36,111.37,110.61,112.95,117.47,118.78,114.9322,0,112.7306,0,179728,241576,-0.8958,-0.8602,-0.0357,27.74
2025-02-28,109.78,111.40,107.86,108.92,110.98,110.19,112.75,117.41,118.69,114.9322,0,112.4375,0,380668,243533,-0.9788,-0.8839,-0.0949,26.70
2025-03-03,110.58,111.13,107.25,107.48,110.47,110.04,112.55,117.33,118.58,114.9322,0,112.1561,0,268262,244082,-1.1477,-0.9367,-0.2111,28.77
2025-03-04,107.26,107.50,105.00,105.14,109.57,109.94,112.32,117.23,118.47,113.9829,0,111.8859,0,322482,245449,-1.4535,-1.0400,-0.4135,26.24
2025-03-05,105.71,110.39,105.64,109.76,109.38,110.11,112.20,117.15,118.38,113.9829,0,111.4730,0,360433,243954,-1.3082,-1.0937,-0.2145,28.93
2025-03-06,109.78,112.04,109.02,110.99,109.20,110.28,112.13,117.09,118.30,113.9829,0,105.0037,1,307034,241743,-1.0811,-1.0912,0.0100,31.04
2025-03-07,110.00,112.04,109.36,111.09,109.27,110.29,112.05,117.03,118.22,113.9829,0,105.1444,1,250672,237418,-0.8825,-1.0494,0.1669,30.76
2025-03-10,109.67,113.40,109.67,110.33,109.38,110.31,111.96,116.97,118.14,113.9829,0,105.2822,1,286335,239610,-0.7774,-0.9950,0.2176,33.81
2025-03-11,110.91,111.27,106.97,109.12,109.29,110.31,111.83,116.92,118.05,113.9829,0,105.6070,1,255909,243424,-0.7830,-0.9526,0.1696,32.74
2025-03-12,108.99,109.73,106.72,106.76,108.90,110.15,111.65,116.88,117.95,113.9829,0,105.9188,1,202461,244997,-0.9664,-0.9554,-0.0110,29.98
2025-03-13,106.82,108.47,106.12,107.13,108.67,110.02,111.49,116.84,117.86,113.9829,0,113.4021,0,187174,246349,-1.0699,-0.9783,-0.0916,34.67
2025-03-14,108.50,109.53,107.38,109.16,108.70,109.84,111.39,116.83,117.79,113.9829,0,113.2565,0,243665,246904,-0.9769,-0.9780,0.0011,33.08
2025-03-17,109.12,110.11,108.35,109.52,108.90,109.68,111.30,116.80,117.72,113.9829,0,113.1137,0,245439,249298,-0.8645,-0.9553,0.0908,31.40
2025-03-18,109.06,109.60,108.46,109.26,109.31,109.44,111.27,116.78,117.67,113.9829,0,112.9739,0,155421,246192,-0.7874,-0.9217,0.1344,33.58
2025-03-19,109.49,109.92,107.95,108.80,109.22,109.30,111.26,116.76,117.60,113.9829,0,112.8368,0,197540,244919,-0.7540,-0.8882,0.1342,30.67
2025-03-20,107.78,108.68,106.94,107.03,108.82,109.01,111.20,116.71,117.51,113.9829,0,112.7024,0,204329,242696,-0.8604,-0.8826,0.0222,28.03
2025-03-21,106.06,107.25,105.18,106.52,108.36,108.82,111.12,116.66,117.42,113.6127,0,112.5708,0,349962,245089,-0.9747,-0.9010,-0.0737,28.91
2025-03-24,108.00,109.87,107.60,108.69,108.20,108.79,111.08,116.61,117.34,113.6127,0,112.2750,0,241020,246683,-0.8805,-0.8969,0.0165,27.71
2025-03-25,108.84,108.96,107.12,107.50,108.04,108.66,111.06,116.55,117.25,113.6127,0,111.9911,0,203244,247407,-0.8918,-0.8959,0.0041,27.94
2025-03-26,107.78,108.79,106.42,107.68,108.13,108.51,111.02,116.49,117.17,113.6127,0,111.7185,0,230139,247152,-0.8759,-0.8919,0.0160,29.13
2025-03-27,107.30,107.30,101.63,104.24,107.84,108.26,110.88,116.40,117.09,112.9536,0,111.4569,0,491662,252576,-1.1274,-0.9390,-0.1884,25.06
2025-03-28,105.10,105.41,102.92,103.36,107.26,107.98,110.69,116.30,117.00,112.5492,0,110.8671,0,356228,254946,-1.3822,-1.0276,-0.3546,27.92
2025-03-31,102.74,105.31,101.96,105.20,106.83,107.86,110.51,116.21,116.91,112.1905,0,110.3127,0,320385,257902,-1.4195,-1.1060,-0.3135,31.47
2025-04-01,105.20,105.44,103.69,104.81,106.38,107.85,110.31,116.10,116.82,112.1905,0,109.7915,0,228228,256007,-1.4633,-1.1775,-0.2858,30.39
2025-04-02,104.16,105.93,103.78,105.93,106.10,107.66,110.07,116.01,116.73,112.1905,0,109.3017,0,422382,258859,-1.3919,-1.2203,-0.1715,31.69
2025-04-03,103.27,103.45,99.94,100.04,105.40,107.11,109.72,115.87,116.63,110.7293,0,108.8412,0,231898,258511,-1.7897,-1.3342,-0.4555,34.60
2025-04-04,98.50,99.19,93.79,95.38,104.28,106.32,109.26,115.69,116.50,106.4972,0,108.1294,0,378019,262530,-2.4525,-1.5579,-0.8946,34.68
2025-04-07,92.82,97.66,91.40,93.25,102.74,105.47,108.78,115.50,116.36,105.4176,0,106.6951,0,306338,264405,-3.1141,-1.8691,-1.2450,32.89
2025-04-08,95.15,96.17,86.81,88.18,100.81,104.42,108.16,115.26,116.19,104.0972,0,104.8598,0,453066,265783,-4.0015,-2.2956,-1.7059,30.52
2025-04-09,87.54,99.69,87.51,99.19,99.96,104.04,107.79,115.11,116.08,104.0972,0,102.3331,0,509456,272287,-3.7724,-2.5909,-1.1814,34.42
2025-04-10,97.30,97.30,91.98,94.79,99.01,103.43,107.35,114.94,115.95,104.0972,0,100.1602,0,295038,273367,-3.9014,-2.8530,-1.0483,33.96
2025-04-11,94.14,97.57,92.75,96.90,98.37,102.81,106.94,114.79,115.84,104.0972,0,99.6934,0,192032,270396,-3.7891,-3.0403,-0.7489,34.78
2025-04-14,98.13,98.51,96.76,97.63,97.61,102.22,106.68,114.65,115.74,104.0972,0,86.8121,1,148262,263582,-3.6005,-3.1523,-0.4482,34.70
2025-04-15,96.99,98.24,95.50,95.83,96.71,101.55,106.46,114.49,115.63,104.0972,0,87.0460,1,172525,259817,-3.5551,-3.2329,-0.3223,31.72
2025-04-16,95.77,96.73,93.83,94.68,95.59,100.84,106.22,114.32,115.51,104.0972,0,87.2753,1,249091,259454,-3.5704,-3.3004,-0.2701,32.18
2025-04-17,95.58,97.16,94.93,96.25,95.21,100.30,106.00,114.17,115.40,104.0972,0,87.5000,1,224162,259087,-3.4166,-3.3236,-0.0930,32.09
2025-04-21,95.79,96.30,94.60,95.62,95.23,99.76,105.69,114.01,115.29,104.0972,0,87.7202,1,189109,255356,-3.3071,-3.3203,0.0132,33.54
2025-04-22,96.99,98.45,96.59,97.91,95.70,99.22,105.45,113.86,115.19,104.0972,0,87.9360,1,99541,253825,-3.0009,-3.2564,0.2555,33.85
2025-04-23,100.42,101.93,97.50,97.96,96.68,98.74,105.23,113.70,115.08,104.0972,0,88.1475,1,161737,253473,-2.7230,-3.1498,0.4267,31.21
2025-04-24,98.34,100.66,97.32,100.17,96.77,98.37,105.03,113.56,114.98,104.0972,0,88.6990,1,105234,253144,-2.2977,-2.9794,0.6816,30.11
2025-04-25,99.18,100.05,97.89,98.67,97.16,98.09,104.81,113.41,114.89,104.0972,0,89.2284,1,198842,253379,-2.0581,-2.7951,0.7370,28.80
2025-04-28,98.73,99.91,98.08,99.05,97.38,97.87,104.54,113.25,114.78,104.0972,0,89.7367,1,153359,251882,-1.8169,-2.5995,0.7825,29.03
2025-04-29,99.09,100.48,99.09,99.87,97.60,97.61,104.28,113.12,114.67,104.0972,0,90.2246,1,195152,251835,-1.5421,-2.3880,0.8459,29.41
2025-04-30,105.92,105.92,102.81,104.72,98.49,97.60,104.09,113.01,114.57,93.5828,1,90.6930,1,503804,258214,-0.9216,-2.0947,1.1731,40.97
2025-05-01,105.30,106.22,104.23,104.64,99.49,97.54,103.95,112.89,114.48,94.9274,1,91.6065,1,312213,260532,-0.4319,-1.7621,1.3303,41.55
2025-05-02,106.29,107.21,105.08,106.29,100.49,97.85,103.82,112.79,114.38,96.1053,1,92.7753,1,230250,261300,0.0887,-1.3920,1.4807,42.58
2025-05-05,105.73,107.16,105.48,106.03,101.53,98.38,103.74,112.64,114.28,96.7850,1,94.2184,1,193315,259546,0.4749,-1.0186,1.4935,44.22
2025-05-06,105.05,106.18,103.86,104.44,102.19,98.94,103.64,112.49,114.18,96.7850,1,95.5172,1,137958,259141,0.6446,-0.6860,1.3306,40.74
2025-05-07,104.29,104.58,101.88,102.70,102.66,99.67,103.49,112.33,114.08,96.7850,1,96.6862,1,170923,257380,0.6321,-0.4223,1.0545,37.23
2025-05-08,103.38,105.74,103.08,104.48,103.09,99.93,103.37,112.20,114.00,96.7850,1,97.7383,1,176654,257576,0.7571,-0.1864,0.9435,37.88
2025-05-09,104.79,105.82,104.67,105.28,103.75,100.46,103.29,112.07,113.93,96.7850,1,98.6851,1,181101,257603,0.9101,0.0329,0.8772,38.80
2025-05-12,110.35,113.70,109.94,110.56,104.90,101.14,103.32,112.00,113.89,101.5166,1,99.5373,1,227175,254533,1.4404,0.3144,1.1261,39.43
2025-05-13,110.60,111.00,109.68,109.72,105.89,101.74,103.37,111.91,113.84,101.5166,1,101.2373,1,210574,253379,1.7723,0.6060,1.1664,36.07
2025-05-14,109.45,109.84,107.60,108.10,106.22,102.36,103.42,111.82,113.78,101.5166,1,102.7334,1,194295,250816,1.8832,0.8614,1.0218,34.24
2025-05-15,107.51,109.51,107.25,109.45,106.71,103.10,103.42,111.74,113.72,101.5166,1,104.0500,1,158092,246769,2.0560,1.1003,0.9557,36.02
2025-05-16,109.31,110.50,108.51,110.43,107.12,103.81,103.41,111.67,113.67,101.5166,1,105.2085,1,383913,248306,2.2467,1.3296,0.9171,38.27
2025-05-19,108.99,110.91,108.74,110.61,107.58,104.55,103.40,111.60,113.62,101.5166,1,106.2280,1,155759,246408,2.3844,1.5406,0.8438,37.05
2025-05-20,110.13,111.16,109.64,110.15,108.15,105.17,103.39,111.52,113.58,102.2238,1,107.1252,1,156165,243805,2.4288,1.7182,0.7106,36.25
2025-05-21,108.61,109.37,107.43,107.68,108.65,105.65,103.37,111.42,113.53,102.2238,1,113.7046,0,138572,241458,2.2390,1.8224,0.4166,37.74
2025-05-22,107.25,108.19,106.73,107.65,108.96,106.03,103.38,111.32,113.51,102.2238,1,113.5791,0,253937,242488,2.0625,1.8704,0.1921,36.75
2025-05-23,105.83,106.80,105.52,106.56,109.09,106.42,103.37,111.20,113.48,102.2238,1,113.3049,0,104367,240831,1.8134,1.8590,-0.0456,35.44
2025-05-27,108.22,108.85,107.22,108.67,108.90,106.90,103.36,111.09,113.46,102.2238,1,112.8376,0,140886,238776,1.7659,1.8404,-0.0744,36.06
2025-05-28,108.50,108.70,106.93,107.02,108.63,107.26,103.31,110.97,113.43,102.2238,1,112.3982,0,97450,235816,1.5766,1.7876,-0.2110,36.13
2025-05-29,107.44,108.08,106.48,107.75,108.60,107.41,103.28,110.88,113.41,102.2238,1,111.9852,0,166063,236029,1.4689,1.7239,-0.2549,34.11
2025-05-30,107.04,107.34,105.98,107.26,108.38,107.54,103.25,110.79,113.38,102.2238,1,111.5970,0,403068,240140,1.3285,1.6448,-0.3163,34.62
2025-06-02,106.82,106.85,105.64,106.82,108.02,107.57,103.25,110.70,113.35,102.2238,1,111.2321,0,168813,239429,1.1685,1.5495,-0.3810,31.99
2025-06-03,106.41,107.94,105.33,107.81,107.74,107.66,103.27,110.61,113.32,102.2238,1,110.8891,0,184830,236127,1.1087,1.4614,-0.3527,29.89
2025-06-04,107.87,108.92,107.66,108.35,107.56,107.85,103.27,110.53,113.28,102.2238,1,110.4444,0,135816,234022,1.0924,1.3876,-0.2952,31.56
2025-06-05,108.82,108.91,107.44,107.70,107.56,108.10,103.27,110.44,113.23,102.2238,1,110.0354,0,156888,233095,1.0154,1.3131,-0.2977,29.66
2025-06-06,108.80,110.15,108.44,109.00,107.69,108.33,103.30,110.37,113.19,102.8822,1,105.3311,1,119728,230887,1.0471,1.2599,-0.2129,29.97
2025-06-09,109.64,110.66,109.38,109.83,108.02,108.56,103.41,110.30,113.16,103.7500,1,105.4275,1,145615,223966,1.1263,1.2332,-0.1069,32.13
2025-06-10,110.33,111.87,109.78,111.36,108.29,108.60,103.57,110.25,113.12,104.5581,1,105.6370,1,222464,221291,1.2976,1.2461,0.0515,31.49
2025-06-11,111.56,111.56,109.33,109.40,108.53,108.58,103.65,110.19,113.07,104.5581,1,106.0113,1,219511,219273,1.2602,1.2489,0.0113,30.08
2025-06-12,108.46,108.92,107.94,108.45,108.60,108.60,103.72,110.13,113.01,104.5581,1,106.3631,1,144732,217603,1.1409,1.2273,-0.0864,30.19
2025-06-13,106.64,107.23,102.69,102.90,108.16,108.27,103.66,110.02,112.92,112.1913,0,111.8750,0,266303,214482,0.5919,1.1002,-0.5083,24.22
2025-06-16,104.63,105.59,103.78,105.55,108.04,108.03,103.77,109.93,112.84,112.0043,0,111.6913,0,217666,214197,0.3667,0.9535,-0.5868,26.34
2025-06-17,104.74,105.51,103.81,104.10,107.67,107.70,103.95,109.82,112.76,111.7663,0,111.5112,0,172828,210093,0.0702,0.7769,-0.7067,27.18
2025-06-18,103.84,105.03,103.54,104.78,107.31,107.43,104.18,109.72,112.67,111.1300,0,111.3348,0,193652,207840,-0.1088,0.5997,-0.7086,26.87
2025-06-20,105.66,105.73,104.22,105.20,107.06,107.31,104.52,109.63,112.58,111.1300,0,111.1618,0,468607,208151,-0.2147,0.4368,-0.6515,28.74
2025-06-23,104.77,109.01,104.77,108.74,107.03,107.36,104.71,109.58,112.51,111.1300,0,110.9924,0,303010,204022,-0.0125,0.3470,-0.3595,33.45
2025-06-24,110.65,111.54,109.47,110.24,107.07,107.55,105.02,109.52,112.46,111.1300,0,102.6884,1,230687,202735,0.2657,0.3307,-0.0650,32.92
2025-06-25,110.36,111.24,108.94,109.64,106.90,107.59,105.27,109.47,112.41,111.1300,0,102.8654,1,148178,201857,0.4328,0.3511,0.0817,36.10
2025-06-26,110.04,111.04,109.77,110.14,106.97,107.75,105.52,109.42,112.37,111.1300,0,103.0388,1,175130,202395,0.5989,0.4007,0.1982,34.81
2025-06-27,110.38,111.69,109.78,110.50,107.18,107.89,105.82,109.37,112.32,111.1300,0,103.2087,1,256689,204078,0.7508,0.4707,0.2801,33.90
2025-06-30,110.12,110.55,109.43,110.11,107.90,108.03,106.13,109.33,112.27,111.1300,0,103.5480,1,159830,202293,0.8304,0.5427,0.2877,34.58
2025-07-01,109.63,114.05,109.12,112.69,108.61,108.32,106.46,109.31,112.24,104.2438,1,103.8737,1,239234,202594,1.0887,0.6519,0.4368,37.93
2025-07-02,113.65,115.11,112.70,114.80,109.68,108.67,106.84,109.29,112.22,106.5703,1,104.4845,1,188428,202581,1.4470,0.8109,0.6361,39.98
2025-07-03,114.80,115.14,113.95,114.50,110.66,108.98,107.17,109.27,112.19,107.5853,1,105.3344,1,94175,202473,1.6873,0.9862,0.7011,37.21
2025-07-07,114.04,114.12,111.60,111.77,111.31,109.18,107.45,109.22,112.14,107.5853,1,106.3147,1,174576,202730,1.6385,1.1166,0.5219,35.52
2025-07-08,112.39,114.49,111.96,113.66,111.80,109.42,107.72,109.19,112.10,107.5853,1,107.1969,1,183606,204298,1.7323,1.2398,0.4925,41.87
2025-07-09,114.38,114.94,113.37,114.41,112.22,109.65,108.03,109.16,112.07,107.5853,1,107.9910,1,153044,203382,1.8462,1.3610,0.4851,37.84
2025-07-10,115.22,117.04,114.53,115.26,112.78,109.84,108.36,109.14,112.03,108.7116,1,108.7056,1,162566,203566,1.9824,1.4853,0.4971,39.51
2025-07-11,114.03,114.03,112.78,113.55,113.12,110.05,108.63,109.09,112.00,108.7116,1,109.7062,1,95928,201581,1.9298,1.5742,0.3556,38.48
2025-07-14,112.44,112.87,111.34,112.64,113.34,110.26,108.79,109.04,111.95,108.7116,1,110.5868,1,141878,194343,1.7940,1.6182,0.1758,36.40
2025-07-15,113.41,113.41,110.63,110.64,113.39,110.65,108.91,108.97,111.90,108.7116,1,117.0443,0,132302,190745,1.5073,1.5960,-0.0887,38.45
2025-07-16,110.38,112.07,109.98,111.88,113.31,110.96,109.02,108.91,111.85,108.7116,1,116.9159,0,175008,189640,1.3644,1.5497,-0.1853,39.71
2025-07-17,111.72,112.77,111.37,112.31,113.06,111.37,109.14,108.86,111.77,108.7116,1,116.6384,0,211713,190008,1.2716,1.4941,-0.2225,37.39
2025-07-18,112.49,112.69,109.79,110.87,112.70,111.68,109.27,108.79,111.68,108.7116,1,116.3720,0,594067,199130,1.0694,1.4091,-0.3398,34.88
2025-07-21,111.80,112.12,110.64,110.86,112.61,111.96,109.44,108.73,111.61,108.7116,1,115.9773,0,122227,198156,0.8979,1.3069,-0.4089,34.73
2025-07-22,110.16,111.76,110.02,111.71,112.41,112.11,109.58,108.69,111.54,108.7116,1,115.6063,0,198569,198594,0.8214,1.2098,-0.3884,33.71
2025-07-23,112.84,113.30,111.34,112.88,112.26,112.24,109.73,108.66,111.49,108.7116,1,115.2575,0,177644,198525,0.8454,1.1369,-0.2915,34.47
2025-07-24,112.13,113.54,111.11,111.34,111.87,112.33,109.75,108.61,111.44,108.7116,1,114.9297,0,196799,197918,0.7319,1.0559,-0.3240,35.42
2025-07-25,111.81,112.44,111.09,112.24,111.74,112.43,109.80,108.57,111.39,108.7116,1,114.6215,0,148439,196675,0.7064,0.9860,-0.2796,36.52
2025-07-28,111.56,112.00,110.23,110.33,111.51,112.42,109.84,108.53,111.32,108.7116,1,114.3319,0,167456,196138,0.5255,0.8939,-0.3684,36.56
2025-07-29,110.49,111.40,108.51,108.64,111.31,112.35,109.83,108.48,111.26,116.4994,0,114.0596,0,253180,198040,0.2434,0.7638,-0.5204,30.02
2025-07-30,106.48,106.55,101.93,102.85,110.40,111.86,109.68,108.40,111.17,112.1459,0,113.6153,0,696479,204291,-0.4422,0.5226,-0.9648,23.11
2025-07-31,101.99,104.06,101.82,102.13,109.39,111.22,109.51,108.32,111.08,110.7273,0,112.4471,0,411007,209396,-1.0322,0.2116,-1.2438,25.49
2025-08-01,100.81,101.36,99.49,101.10,108.41,110.55,109.33,108.23,110.97,108.2265,0,111.1715,0,207742,210428,-1.5645,-0.1436,-1.4210,24.70
2025-08-04,101.55,102.34,101.21,101.64,107.49,110.05,109.20,108.13,110.87,108.2265,0,109.5367,0,268811,213032,-1.9206,-0.4990,-1.4216,23.89
2025-08-05,102.56,103.32,101.73,102.63,106.58,109.50,109.10,108.04,110.76,108.2265,0,108.1307,0,148216,210918,-2.0988,-0.8190,-1.2799,26.51
2025-08-06,103.30,103.30,101.22,102.30,105.52,108.89,109.02,107.96,110.66,108.2265,0,106.9215,0,264432,214119,-2.2408,-1.1033,-1.1375,27.12
2025-08-07,104.14,104.61,102.41,102.73,104.66,108.26,108.90,107.88,110.54,108.2265,0,105.8817,0,197988,215261,-2.2926,-1.3412,-0.9514,26.32
2025-08-08,102.75,104.00,102.20,103.53,103.79,107.76,108.83,107.81,110.44,108.2265,0,104.9874,0,129089,215894,-2.2429,-1.5215,-0.7214,25.48
2025-08-11,104.04,104.47,103.15,103.80,103.14,107.32,108.75,107.77,110.35,108.2265,0,104.6148,0,195794,216489,-2.1567,-1.6486,-0.5081,27.53
2025-08-12,104.29,106.77,103.78,105.98,102.87,107.09,108.73,107.75,110.27,108.2265,0,99.4939,1,158275,211593,-1.8911,-1.6971,-0.1941,27.31
2025-08-13,106.15,109.76,105.99,109.75,103.56,106.98,108.78,107.74,110.22,100.5933,1,99.6394,1,230725,212831,-1.3607,-1.6298,0.2691,30.61
2025-08-14,108.04,109.21,107.58,109.09,104.26,106.82,108.81,107.73,110.16,101.1983,1,100.0441,1,142176,211978,-0.9817,-1.5002,0.5184,29.85
2025-08-15,109.62,109.68,108.33,108.95,105.04,106.72,108.82,107.72,110.10,102.1162,1,100.4326,1,156542,212393,-0.6853,-1.3372,0.6519,30.19
2025-08-18,108.94,109.10,108.03,108.14,105.69,106.59,108.83,107.72,110.04,102.1162,1,100.8056,1,148178,212218,-0.5097,-1.1717,0.6620,29.43
2025-08-19,108.68,110.94,108.41,109.98,106.43,106.50,108.85,107.72,109.99,102.9685,1,101.1637,1,152948,212883,-0.2195,-0.9813,0.7618,30.34
2025-08-20,109.61,110.46,108.81,109.20,107.12,106.32,108.84,107.71,109.94,103.1061,1,101.7501,1,122313,212417,-0.0517,-0.7954,0.7436,29.77
2025-08-21,108.35,109.21,107.95,108.72,107.72,106.19,108.78,107.68,109.89,103.1061,1,102.3013,1,135479,210677,0.0422,-0.6278,0.6700,29.96
2025-08-22,109.30,112.55,108.91,111.36,108.50,106.14,108.82,107.66,109.85,103.9520,1,102.8194,1,182181,209930,0.3252,-0.4372,0.7624,27.87
2025-08-25,110.76,110.98,109.13,109.28,109.05,106.09,108.84,107.62,109.80,103.9520,1,103.5982,1,130262,209641,0.3776,-0.2743,0.6519,26.58
2025-08-26,109.14,110.17,108.94,109.70,109.42,106.14,108.98,107.57,109.76,103.9520,1,104.3147,1,176285,207841,0.4478,-0.1299,0.5777,26.93
2025-08-27,109.42,110.48,108.98,109.27,109.37,106.46,109.05,107.51,109.71,103.9520,1,104.9739,1,89289,205273,0.4635,-0.0112,0.4747,24.23
2025-08-28,109.68,109.72,107.66,108.38,109.30,106.78,109.14,107.45,109.65,103.9520,1,105.5803,1,142161,204660,0.3998,0.0710,0.3288,22.94
2025-08-29,108.58,109.22,108.02,108.39,109.24,107.14,109.21,107.39,109.60,103.9520,1,106.1383,1,100863,202804,0.3461,0.1260,0.2200,24.08
2025-09-02,106.45,107.11,106.05,106.80,109.11,107.40,109.24,107.31,109.53,103.9520,1,112.5544,0,195958,197351,0.1725,0.1353,0.0372,21.93
2025-09-03,106.53,107.17,105.84,106.41,108.75,107.59,109.19,107.23,109.48,103.9520,1,112.4244,0,126770,193826,0.0035,0.1090,-0.1054,21.89
2025-09-04,106.97,107.06,105.69,106.84,108.52,107.82,109.13,107.16,109.42,103.9520,1,112.1611,0,180128,192815,-0.0939,0.0684,-0.1623,23.03
2025-09-05,107.61,109.15,106.33,107.18,108.36,108.04,109.08,107.10,109.37,103.9520,1,111.7731,0,244409,194740,-0.1428,0.0262,-0.1689,21.02
2025-09-08,106.85,108.75,105.59,108.69,108.09,108.30,109.05,107.09,109.33,103.9520,1,111.4083,0,364145,198520,-0.0589,0.0091,-0.0681,23.64
2025-09-09,107.88,107.95,105.99,106.59,107.82,108.43,108.97,107.08,109.27,103.9520,1,110.9426,0,223245,197851,-0.1597,-0.0246,-0.1351,23.26
2025-09-10,105.67,106.77,105.43,106.01,107.45,108.44,108.89,107.08,109.22,103.9520,1,110.5141,0,154859,197752,-0.2835,-0.0764,-0.2071,23.33
2025-09-11,106.30,109.29,106.22,108.98,107.43,108.40,108.81,107.09,109.19,103.9520,1,110.0058,0,168405,196335,-0.1402,-0.0892,-0.0510,26.51
2025-09-12,108.30,108.95,107.55,107.90,107.38,108.34,108.68,107.07,109.14,103.9520,1,109.5483,0,171871,196004,-0.1125,-0.0938,-0.0187,26.32
2025-09-15,108.49,108.63,106.33,106.66,107.20,108.22,108.52,107.05,109.09,103.9520,1,109.2899,0,140260,196926,-0.1883,-0.1127,-0.0756,23.71
2025-09-16,106.63,107.11,105.17,105.60,107.08,108.10,108.40,107.02,109.01,103.9520,1,108.9488,0,132253,196079,-0.3303,-0.1563,-0.1741,21.48
2025-09-17,106.10,108.73,104.88,105.34,106.98,107.86,108.23,106.99,108.95,103.9520,1,105.1678,1,161372,195635,-0.4580,-0.2166,-0.2414,21.78
2025-09-18,105.69,106.47,105.24,106.24,106.92,107.72,108.07,106.97,108.89,103.9520,1,104.8754,1,186991,196314,-0.4813,-0.2695,-0.2118,19.63
2025-09-19,107.57,107.66,105.55,106.63,106.86,107.61,107.89,106.93,108.83,103.9520,1,104.8754,1,395860,200979,-0.4630,-0.3082,-0.1547,22.53
2025-09-22,105.89,107.03,105.10,106.70,106.66,107.38,107.76,106.89,108.76,103.9520,1,104.9526,1,257181,204204,-0.4379,-0.3342,-0.1037,22.30
2025-09-23,106.57,106.92,103.01,103.53,106.36,107.09,107.57,106.82,108.67,111.9696,0,108.7344,0,228480,205937,-0.6659,-0.4005,-0.2654,18.32
2025-09-24,102.64,103.91,102.36,102.79,106.04,106.75,107.42,106.76,108.58,109.9022,0,108.6200,0,177924,206849,-0.8960,-0.4996,-0.3964,18.21
2025-09-25,102.58,102.75,101.00,101.27,105.27,106.35,107.20,106.68,108.49,108.5015,0,108.3697,0,203153,207412,-1.1874,-0.6372,-0.5502,18.82
2025-09-26,101.91,102.34,100.66,101.01,104.58,105.98,106.98,106.62,108.39,107.9693,0,107.9273,0,192685,207031,-1.4231,-0.7944,-0.6288,17.04
2025-09-29,101.78,102.60,100.28,101.37,104.05,105.63,106.79,106.57,108.29,107.9547,0,107.3456,0,233514,199820,-1.5629,-0.9481,-0.6148,16.88
2025-09-30,101.49,102.52,100.88,102.43,103.73,105.41,106.62,106.52,108.20,107.9547,0,106.6386,0,181136,200998,-1.5698,-1.0724,-0.4974,18.80
2025-10-01,102.28,102.82,101.07,101.44,103.34,105.16,106.41,106.45,108.12,107.9547,0,106.0023,0,165389,200335,-1.6366,-1.1852,-0.4513,19.41
2025-10-02,101.33,102.63,101.09,101.85,102.90,104.91,106.19,106.40,108.04,107.9501,0,105.4297,0,139377,199569,-1.6369,-1.2756,-0.3613,17.86
2025-10-03,101.69,102.69,101.36,101.77,102.41,104.64,106.00,106.36,107.96,107.9028,0,104.9143,0,121160,198057,-1.6254,-1.3455,-0.2799,16.61
2025-10-06,102.45,102.45,100.87,100.88,101.83,104.25,105.78,106.31,107.87,107.4232,0,104.4504,0,151822,198124,-1.6687,-1.4102,-0.2585,15.97
2025-10-07,101.34,101.61,98.92,99.11,101.39,103.87,105.55,106.27,107.79,106.2602,0,104.0330,0,143651,197648,-1.8250,-1.4931,-0.3319,15.40
2025-10-08,99.29,99.45,98.42,99.00,101.01,103.52,105.36,106.20,107.70,104.6376,0,103.4195,0,154315,195671,-1.9353,-1.5816,-0.3537,15.24
2025-10-09,99.25,99.44,96.95,97.06,100.59,102.93,105.24,106.11,107.61,104.0723,0,102.7202,0,164390,185029,-2.1543,-1.6961,-0.4582,13.92
2025-10-10,97.91,99.19,95.93,95.97,100.09,102.33,105.12,106.01,107.52,103.8305,0,101.7974,0,174576,180301,-2.3884,-1.8346,-0.5538,15.09
2025-10-13,96.71,97.34,95.66,96.34,99.58,101.82,105.02,105.91,107.43,102.6472,0,100.7412,0,140460,178955,-2.5151,-1.9707,-0.5444,14.44
2025-10-14,95.50,98.76,95.49,97.94,99.13,101.43,104.95,105.84,107.34,102.6472,0,99.7243,0,136931,176317,-2.4582,-2.0682,-0.3900,15.38
2025-10-15,98.11,98.78,96.34,97.02,98.69,101.02,104.84,105.77,107.24,102.6472,0,98.8776,0,151112,176375,-2.4586,-2.1463,-0.3124,14.13
2025-10-16,98.92,99.24,97.49,98.43,98.35,100.63,104.76,105.72,107.16,102.6472,0,95.4910,1,187778,174842,-2.3183,-2.1807,-0.1376,16.92
2025-10-17,98.44,99.16,97.68,98.98,98.07,100.24,104.68,105.65,107.08,102.6472,0,95.5660,1,121478,173312,-2.1383,-2.1722,0.0339,18.01
2025-10-20,99.40,99.92,98.94,99.56,97.94,99.89,104.61,105.58,107.01,102.6472,0,95.6396,1,105603,172842,-1.9264,-2.1230,0.1967,17.07
2025-10-21,99.56,102.17,99.30,101.72,98.20,99.80,104.56,105.53,106.97,102.6472,0,95.8110,1,186913,172665,-1.5665,-2.0117,0.4452,19.86
2025-10-22,100.99,101.63,99.40,99.55,98.26,99.63,104.44,105.47,106.92,102.6472,0,96.1923,1,147488,172449,-1.4393,-1.8973,0.4579,17.33
2025-10-23,100.25,100.98,99.28,100.86,98.64,99.61,104.26,105.43,106.87,102.6472,0,96.5507,1,130959,170454,-1.2191,-1.7616,0.5425,19.86
2025-10-24,101.77,101.93,100.45,100.86,99.13,99.61,104.09,105.39,106.82,102.6472,0,96.8877,1,127139,170153,-1.0327,-1.6158,0.5832,22.80
2025-10-27,101.35,103.08,100.91,102.76,99.77,99.68,103.97,105.35,106.78,95.8792,1,97.2044,1,233044,171683,-0.7232,-1.4373,0.7141,23.86
2025-10-28,103.38,103.99,102.27,102.62,100.24,99.69,103.86,105.32,106.76,97.1116,1,97.6746,1,312455,174968,-0.4835,-1.2465,0.7631,24.76
2025-10-29,101.30,101.35,96.51,96.60,100.20,99.44,103.59,105.25,106.69,106.1815,0,103.9886,0,341652,178742,-0.7705,-1.1513,0.3808,20.65
2025-10-30,95.50,98.22,94.70,94.96,99.85,99.10,103.31,105.18,106.61,104.0415,0,103.9886,0,267871,181654,-1.1172,-1.1445,0.0273,19.03
2025-10-31,94.47,95.67,94.04,95.26,99.48,98.77,103.04,105.13,106.52,102.1637,0,103.6171,0,306202,185068,-1.3528,-1.1862,-0.1666,18.13
2025-11-03,94.20,95.08,91.91,92.54,98.77,98.36,102.66,105.05,106.41,101.0808,0,103.0424,0,280645,187037,-1.7388,-1.2967,-0.4421,14.39
2025-11-04,91.92,92.60,91.35,92.50,97.85,98.03,102.33,104.96,106.30,99.1717,0,102.1522,0,220917,188850,-2.0246,-1.4423,-0.5823,14.92
2025-11-05,92.11,94.09,91.66,93.80,97.28,97.77,102.01,104.88,106.18,99.1717,0,101.0719,0,250491,190335,-2.1220,-1.5782,-0.5438,14.50
2025-11-06,93.80,94.53,92.68,92.74,96.46,97.55,101.68,104.83,106.05,99.1717,0,100.0997,0,378253,196114,-2.2581,-1.7142,-0.5439,16.35
2025-11-07,92.68,94.05,92.47,93.80,95.76,97.44,101.38,104.82,105.93,99.1717,0,99.2246,0,177793,196826,-2.2551,-1.8224,-0.4327,16.20
2025-11-10,93.98,94.46,92.62,94.18,94.90,97.33,101.10,104.83,105.82,99.1717,0,98.4371,0,163071,198071,-2.1964,-1.8972,-0.2992,15.52
2025-11-11,94.24,94.49,93.51,94.16,94.05,97.15,100.85,104.87,105.69,99.1717,0,97.7283,0,101386,196179,-2.1270,-1.9432,-0.1839,15.22
2025-11-12,94.49,96.24,94.25,95.71,93.96,97.08,100.63,104.85,105.58,99.1717,0,97.0904,0,152582,196695,-1.9247,-1.9395,0.0148,16.89
2025-11-13,95.84,96.97,95.84,96.32,94.10,96.97,100.42,104.86,105.48,99.1717,0,91.3494,1,177491,196643,-1.6956,-1.8907,0.1951,18.39
2025-11-14,95.67,95.98,94.82,95.26,94.10,96.79,100.19,104.85,105.37,99.1717,0,91.4617,1,155355,194862,-1.5814,-1.8288,0.2474,18.16
2025-11-17,94.95,95.34,93.52,93.62,94.21,96.49,99.88,104.82,105.29,99.1717,0,91.5718,1,206760,191714,-1.6047,-1.7840,0.1793,19.29
2025-11-18,93.27,93.54,92.02,93.09,94.27,96.06,99.61,104.80,105.22,98.5238,0,91.6797,1,289457,193038,-1.6470,-1.7566,0.1096,18.57
2025-11-19,93.21,93.82,91.68,92.62,94.15,95.71,99.35,104.79,105.15,98.5238,0,96.9664,0,221699,194375,-1.6989,-1.7451,0.0461,18.72
2025-11-20,93.78,94.25,92.74,93.46,94.22,95.34,99.04,104.77,105.07,98.5238,0,96.8607,0,218751,195382,-1.6529,-1.7266,0.0737,20.04
2025-11-21,94.66,98.96,94.16,96.90,94.53,95.14,98.82,104.78,105.01,98.5238,0,91.6846,1,375859,199462,-1.3239,-1.6461,0.3222,21.25
2025-11-24,96.61,96.91,95.06,95.39,94.65,94.78,98.59,104.76,104.93,98.5238,0,91.8301,1,292782,202512,-1.1717,-1.5512,0.3795,19.70
2025-11-25,96.33,98.34,95.93,97.78,95.01,94.53,98.43,104.76,104.88,98.5238,0,91.9727,1,284766,205562,-0.8480,-1.4106,0.5626,19.36
2025-11-26,97.56,98.91,97.44,98.07,95.25,94.61,98.29,104.74,104.82,98.5238,0,92.1124,1,139856,205132,-0.5619,-1.2408,0.6789,19.74
2025-11-28,98.35,98.98,98.13,98.21,95.44,94.77,98.13,104.74,104.76,98.5238,0,92.2494,1,69008,202772,-0.3197,-1.0566,0.7369,20.12
2025-12-01,97.49,99.89,96.75,98.04,95.72,94.91,97.96,104.73,104.69,98.5238,0,92.5186,1,226812,199391,-0.1404,-0.8734,0.7330,19.69
2025-12-02,98.48,98.76,97.19,98.42,96.20,95.20,97.79,104.73,104.61,98.5238,0,92.9610,1,177543,197799,0.0322,-0.6922,0.7245,19.91
2025-12-03,98.66,99.84,98.21,99.49,96.84,95.55,97.71,104.69,104.54,92.7944,1,93.3768,1,174335,196716,0.2525,-0.5033,0.7558,19.84
2025-12-04,99.63,100.14,98.50,98.83,97.46,95.80,97.63,104.65,104.48,93.2156,1,93.7677,1,200283,197163,0.3697,-0.3287,0.6984,19.61
2025-12-05,99.46,100.22,98.92,99.19,98.03,96.13,97.59,104.60,104.41,93.6608,1,94.2773,1,250019,198100,0.4855,-0.1658,0.6514,20.59
2025-12-08,99.00,99.53,98.46,98.54,98.19,96.36,97.54,104.55,104.35,93.6608,1,94.8712,1,216980,198586,0.5191,-0.0289,0.5479,20.25
2025-12-09,98.53,99.15,97.44,97.61,98.42,96.53,97.46,104.51,104.29,93.6608,1,95.4056,1,157706,197070,0.4658,0.0701,0.3957,18.93
2025-12-10,97.67,98.95,96.37,98.61,98.50,96.76,97.39,104.48,104.23,93.6608,1,95.8867,1,213134,197710,0.4978,0.1556,0.3422,18.56
2025-12-11,98.94,101.39,98.63,100.88,98.78,97.02,97.38,104.46,104.19,93.9514,1,96.3196,1,161076,197624,0.6990,0.2643,0.4347,21.16
2025-12-12,101.46,102.01,100.95,101.65,99.13,97.28,97.37,104.43,104.15,95.6911,1,96.3675,1,176898,198374,0.9097,0.3934,0.5163,22.21
2025-12-15,102.11,102.35,100.70,101.83,99.50,97.61,97.37,104.37,104.11,95.8147,1,97.1578,1,171708,199385,1.0785,0.5304,0.5481,24.13
2025-12-16,102.59,102.68,101.44,101.81,99.84,98.02,97.39,104.32,104.08,96.5543,1,97.9880,1,194904,200247,1.1969,0.6637,0.5332,23.37
2025-12-17,101.23,102.80,101.12,101.83,100.08,98.46,97.45,104.28,104.07,96.5543,1,98.8326,1,220685,201787,1.2776,0.7865,0.4911,23.41
2025-12-18,102.48,103.55,100.95,101.03,100.30,98.88,97.49,104.22,104.02,96.5584,1,99.6256,1,232916,203359,1.2628,0.8817,0.3811,25.18
2025-12-19,100.71,101.48,100.52,100.80,100.46,99.24,97.56,104.16,103.97,96.5584,1,100.4113,1,372297,207518,1.2188,0.9491,0.2697,25.82
2025-12-22,100.65,101.90,100.30,101.48,100.75,99.47,97.67,104.10,103.92,96.5584,1,103.5539,0,152512,207076,1.2245,1.0042,0.2203,25.74
2025-12-23,101.91,102.10,100.45,100.80,101.07,99.74,97.76,104.04,103.88,96.5584,1,103.4889,0,163143,207530,1.1602,1.0354,0.1248,25.25
2025-12-24,101.24,102.05,100.97,101.66,101.38,99.94,97.84,104.00,103.84,96.5584,1,103.4252,0,64450,206080,1.1655,1.0614,0.1041,26.42
2025-12-26,101.59,102.52,101.51,102.42,101.53,100.16,97.94,103.96,103.82,97.0720,1,103.3628,0,97727,205013,1.2167,1.0925,0.1242,28.49
2025-12-29,102.52,102.87,101.82,102.35,101.60,100.36,98.02,103.93,103.79,97.5754,1,103.3016,0,236835,205994,1.2374,1.1215,0.1160,27.78
2025-12-30,102.03,102.44,101.73,101.79,101.60,100.55,98.08,103.89,103.76,97.5817,1,103.2416,0,125712,206078,1.1949,1.1362,0.0588,26.76
2025-12-31,101.61,101.72,100.41,100.59,101.47,100.66,98.10,103.84,103.71,97.5817,1,103.1829,0,120370,206374,1.0525,1.1194,-0.0669,26.08
2026-01-02,101.15,102.79,100.15,102.44,101.54,100.81,98.11,103.81,103.68,97.5817,1,103.1253,0,188905,206414,1.0769,1.1109,-0.0340,29.61
2026-01-05,101.13,104.40,101.13,103.29,101.76,101.03,98.19,103.78,103.65,97.5817,1,100.1472,1,178815,207040,1.1511,1.1190,0.0322,30.44
2026-01-06,102.73,104.21,102.70,103.71,102.05,101.26,98.25,103.76,103.63,98.2218,1,100.1472,1,179757,208016,1.2298,1.1411,0.0887,29.73
2026-01-07,103.60,103.65,101.41,102.00,102.10,101.43,98.27,103.72,103.61,98.2218,1,100.2322,1,174251,208958,1.1412,1.1411,0.0000,28.51
2026-01-08,101.09,105.06,100.49,103.38,102.36,101.72,98.28,103.69,103.58,98.2218,1,100.3156,1,162330,207544,1.1684,1.1466,0.0218,28.13
2026-01-09,103.49,105.64,103.48,105.45,102.74,102.06,98.34,103.68,103.57,98.2715,1,100.4908,1,180363,204902,1.3416,1.1856,0.1560,32.86
2026-01-12,106.04,106.91,105.33,106.08,103.11,102.32,98.53,103.66,103.57,99.9916,1,100.4908,1,226527,202600,1.5122,1.2509,0.2613,33.16
2026-01-13,106.61,107.01,104.60,105.63,103.44,102.52,98.74,103.63,103.57,99.9916,1,101.0045,1,201796,201278,1.5926,1.3193,0.2733,33.75
2026-01-14,105.75,107.59,105.55,106.59,103.92,102.76,98.97,103.60,103.59,100.3408,1,101.6050,1,168186,198518,1.7141,1.3982,0.3159,32.32
2026-01-15,107.10,108.48,106.45,108.06,104.66,103.07,99.28,103.59,103.60,101.2522,1,102.3230,1,170509,196315,1.9073,1.5001,0.4073,34.00
2026-01-16,107.15,108.58,106.98,108.21,105.24,103.39,99.59,103.59,103.62,101.7076,1,103.1853,1,654475,204986,2.0487,1.6098,0.4389,36.62
2026-01-20,107.37,107.90,106.41,107.02,105.61,103.69,99.86,103.61,103.63,101.7076,1,104.0485,1,226675,204510,2.0413,1.6961,0.3453,34.55
2026-01-21,108.48,110.80,107.49,110.48,106.29,104.17,100.21,103.65,103.68,102.6071,1,104.7736,1,216516,201275,2.2888,1.8146,0.4741,39.82
2026-01-22,111.09,112.43,110.48,111.83,107.27,104.69,100.57,103.70,103.76,104.9897,1,105.8582,1,234985,202419,2.5638,1.9645,0.5994,41.90
2026-01-23,111.21,111.33,109.23,110.24,107.96,105.16,100.89,103.73,103.85,104.9897,1,107.1723,1,220684,203571,2.6233,2.0962,0.5270,40.29
2026-01-26,110.43,111.08,109.81,110.59,108.47,105.61,101.22,103.77,103.96,104.9897,1,108.2236,1,205169,205647,2.6681,2.2106,0.4575,40.10
2026-01-27,110.50,110.97,108.27,108.27,108.69,105.90,101.47,103.77,104.00,104.9897,1,112.4288,0,316404,208924,2.4872,2.2659,0.2213,36.65
2026-01-28,112.79,114.06,110.02,111.88,109.32,106.38,101.78,103.78,104.09,104.9897,1,108.2662,1,654210,218458,2.6054,2.3338,0.2716,47.61
2026-01-29,112.76,114.47,112.04,114.38,110.10,107.01,102.17,103.81,104.18,105.6460,1,108.2662,1,325925,221869,2.8680,2.4407,0.4273,50.85
2026-01-30,114.63,115.35,112.73,113.52,110.64,107.65,102.56,103.83,104.26,106.4106,1,108.5144,1,316479,224064,2.9721,2.5469,0.4251,49.17
2026-02-02,114.04,115.65,113.82,114.33,111.25,108.25,102.99,103.86,104.35,107.2270,1,108.9248,1,290358,224082,3.0848,2.6545,0.4303,51.24
2026-02-03,114.00,119.32,114.00,117.34,112.29,108.95,103.48,103.91,104.46,108.3058,1,109.4627,1,342497,226498,3.3776,2.7991,0.5785,54.52
2026-02-04,118.79,123.74,118.43,123.65,113.60,109.95,104.09,103.98,104.60,111.6436,1,110.4485,1,426265,230648,4.0721,3.0537,1.0184,62.66
2026-02-05,123.70,124.16,121.18,122.15,114.63,110.95,104.59,104.03,104.73,113.2777,1,112.0433,1,307156,229274,4.4499,3.3330,1.1170,61.05
2026-02-06,122.83,124.43,122.73,124.20,116.03,111.99,105.17,104.09,104.86,114.4416,1,113.7397,1,217597,227770,4.8590,3.6382,1.2208,59.43
2026-02-09,123.93,125.71,122.75,125.26,117.50,112.98,105.72,104.18,105.00,115.1185,1,115.4495,1,188195,225839,5.2086,3.9523,1.2564,60.65
2026-02-10,125.53,127.04,124.73,126.78,119.35,114.02,106.29,104.27,105.13,116.9917,1,117.2967,1,204894,227140,5.5446,4.2707,1.2739,62.67
2026-02-11,126.62,128.81,126.52,128.64,121.02,115.17,106.90,104.36,105.28,118.9735,1,119.2447,1,212033,230000,5.8927,4.5951,1.2976,63.57
2026-02-12,129.59,130.99,128.08,129.16,122.50,116.30,107.52,104.46,105.43,120.8382,1,121.1586,1,336386,232191,6.1398,4.9041,1.2357,65.45
2026-02-13,128.78,130.21,128.34,128.94,124.04,117.34,108.13,104.56,105.58,120.8882,1,123.1256,1,225077,233142,6.2461,5.1725,1.0737,64.66
2026-02-17,129.10,129.65,126.21,126.82,125.29,118.27,108.68,104.65,105.69,120.8882,1,124.6991,1,269909,235054,6.0891,5.3558,0.7333,62.37
2026-02-18,126.96,127.35,123.84,125.91,126.15,119.22,109.22,104.76,105.79,120.8882,1,130.9935,0,424751,239543,5.8239,5.4494,0.3745,61.89
2026-02-19,124.63,125.56,121.50,121.98,125.98,119.79,109.68,104.82,105.87,120.8882,1,130.8503,0,316154,240866,5.2364,5.4068,-0.1704,56.19
2026-02-20,122.10,125.28,121.41,124.93,126.26,120.45,110.21,104.91,105.97,120.8882,1,130.4763,0,232638,241179,4.9520,5.3159,-0.3638,57.63
2026-02-23,124.17,125.56,122.84,123.77,126.22,121.12,110.73,104.99,106.06,120.8882,1,129.9322,0,150608,241037,4.5798,5.1687,-0.5888,58.60
2026-02-24,124.12,125.26,123.58,123.97,126.09,121.79,111.24,105.08,106.17,120.8882,1,129.4208,0,193987,240654,4.2518,4.9853,-0.7335,58.15
2026-02-25,124.51,125.22,120.91,121.57,125.57,122.46,111.65,105.15,106.26,120.8882,1,128.9401,0,205463,241542,3.7549,4.7392,-0.9843,54.93
2026-02-26,122.07,122.70,120.00,121.92,124.90,122.96,112.05,105.21,106.34,120.8882,1,128.2980,0,168402,241372,3.3512,4.4616,-1.1104,55.08
2026-02-27,120.21,121.92,118.85,121.71,124.15,123.33,112.45,105.28,106.39,120.8882,1,127.4679,0,233276,242603,2.9801,4.1653,-1.1852,56.84
2026-03-02,117.50,119.34,115.26,117.70,123.03,123.54,112.77,105.31,106.43,127.5049,0,126.4339,0,275447,244214,2.3349,3.7992,-1.4643,49.46
2026-03-03,114.04,117.64,113.22,116.69,122.01,123.65,113.07,105.35,106.48,125.9552,0,124.8691,0,265326,245107,1.7224,3.3839,-1.6614,49.83
2026-03-04,117.54,118.80,115.46,116.21,121.05,123.60,113.37,105.41,106.51,125.9552,0,123.0057,0,297840,246405,1.1851,2.9441,-1.7590,48.67
2026-03-05,114.89,115.52,109.49,110.46,119.89,122.94,113.56,105.46,106.51,123.9511,0,121.4405,0,257905,244117,0.2915,2.4136,-2.1221,43.98
2026-03-06,108.50,108.55,104.80,105.35,117.93,122.10,113.64,105.48,106.48,118.6735,0,119.2895,0,337321,247814,-0.8192,1.7670,-2.5863,38.77
2026-03-09,103.64,107.06,101.00,106.88,116.25,121.23,113.76,105.52,106.47,116.6464,0,116.3918,0,370854,251968,-1.5580,1.1020,-2.6600,40.46
2026-03-10,107.59,108.40,104.44,104.51,114.30,120.20,113.82,105.54,106.45,116.6464,0,113.3133,0,359784,257875,-2.3081,0.4200,-2.7281,39.19
2026-03-11,104.05,104.49,102.03,102.77,112.42,118.99,113.83,105.54,106.43,115.2974,0,110.8505,0,188093,259682,-3.0089,-0.2658,-2.7431,37.95
2026-03-12,101.62,102.23,99.37,99.46,110.17,117.54,113.77,105.52,106.39,112.6541,0,108.8802,0,204824,259042,-3.7876,-0.9702,-2.8174,35.21
2026-03-13,100.67,101.71,99.41,100.60,108.06,116.11,113.75,105.50,106.35,111.9171,0,106.9782,0,228794,261103,-4.2631,-1.6287,-2.6343,37.22
2026-03-16,101.98,103.31,101.33,102.14,106.51,114.77,113.78,105.49,106.33,111.9171,0,105.4566,0,196214,262620,-4.4642,-2.1958,-2.2683,37.51
2026-03-17,102.46,103.44,101.89,102.59,105.10,113.56,113.78,105.49,106.30,111.9171,0,104.2393,0,175123,262345,-4.5354,-2.6637,-1.8717,36.52
2026-03-18,101.85,102.12,99.35,99.51,103.43,112.24,113.70,105.44,106.26,111.0646,0,103.4381,0,186604,262500,-4.7853,-3.0881,-1.6972,35.89
2026-03-19,97.35,98.30,94.85,97.14,102.10,110.99,113.57,105.36,106.22,107.2682,0,103.4381,0,277805,264461,-5.1156,-3.4936,-1.6220,33.44
2026-03-20,97.32,98.02,94.86,95.99,101.16,109.55,113.45,105.27,106.16,107.0086,0,102.1249,0,353696,268050,-5.4074,-3.8763,-1.5311,33.48
2026-03-23,98.76,101.84,98.42,100.79,100.55,108.40,113.40,105.22,106.12,107.0086,0,94.8479,1,385189,272507,-5.1916,-4.1394,-1.0522,37.26
2026-03-24,99.15,102.92,98.39,102.11,100.31,107.31,113.33,105.18,106.09,107.0086,0,94.8577,1,262707,274154,-4.8578,-4.2831,-0.5748,39.91
2026-03-25,103.72,105.83,102.84,105.34,100.57,106.50,113.32,105.15,106.07,107.0086,0,95.1804,1,266480,274953,-4.2834,-4.2831,-0.0003,43.10
2026-03-26,103.53,106.15,103.39,103.98,101.02,105.60,113.29,105.11,106.04,107.0086,0,95.8192,1,184935,274616,-3.8933,-4.2052,0.3119,40.81
2026-03-27,103.29,103.85,102.01,102.51,101.21,104.64,113.21,105.07,106.00,107.0086,0,96.6460,1,159011,274433,-3.6606,-4.0962,0.4357,41.30
2026-03-30,103.49,104.07,102.06,102.51,101.25,103.88,113.09,105.01,105.96,107.0086,0,97.4066,1,141476,273852,-3.4365,-3.9643,0.5278,42.23
2026-03-31,104.05,106.31,102.69,105.53,101.54,103.32,113.04,104.99,105.95,107.0086,0,98.1063,1,260605,265975,-2.9808,-3.7676,0.7868,43.39
2026-04-01,106.13,107.77,104.91,105.13,102.10,102.77,113.00,104.96,105.96,107.0086,0,98.9268,1,198173,265404,-2.6221,-3.5385,0.9164,42.50
2026-04-02,102.11,104.84,101.06,101.94,102.58,102.34,112.83,104.91,105.94,107.0086,0,99.9883,1,183664,264747,-2.5656,-3.3439,0.7783,38.64
2026-04-06,101.51,102.78,100.72,102.55,103.24,102.20,112.65,104.87,105.93,107.0086,0,107.7727,0,145986,262967,-2.4433,-3.1638,0.7205,39.23
2026-04-07,101.80,102.11,98.90,100.95,103.26,101.90,112.46,104.82,105.92,107.0086,0,107.6317,0,242513,263404,-2.4472,-3.0205,0.5733,37.24
2026-04-08,109.16,109.61,107.48,109.08,103.95,102.13,112.43,104.83,105.93,96.9299,1,98.8961,1,284228,264985,-1.7741,-2.7712,0.9971,45.10
2026-04-09,107.40,109.60,106.54,108.32,104.25,102.41,112.43,104.85,105.93,96.9299,1,98.8961,1,214595,262949,-1.2872,-2.4744,1.1872,41.99
2026-04-10,109.33,110.47,108.38,108.94,104.74,102.88,112.37,104.86,105.93,98.5479,1,99.1104,1,152090,252907,-0.8414,-2.1478,1.3064,44.13
2026-04-13,108.78,109.00,106.34,108.84,105.38,103.29,112.26,104.87,105.92,98.5479,1,99.5647,1,200608,250400,-0.4905,-1.8163,1.3259,42.37
2026-04-14,109.18,109.34,107.99,109.15,106.04,103.64,112.17,104.87,105.92,98.7316,1,100.0008,1,168209,247435,-0.1855,-1.4902,1.3047,41.32
2026-04-15,108.54,108.74,105.45,106.36,106.12,103.83,112.01,104.87,105.90,98.7316,1,100.4195,1,183846,245305,-0.1666,-1.2255,1.0589,37.02
2026-04-16,114.54,114.54,110.51,110.74,106.69,104.39,111.88,104.90,105.90,101.0252,1,100.8215,1,333497,245125,0.1999,-0.9404,1.1403,40.12
2026-04-17,113.55,116.88,112.37,113.40,107.83,105.21,111.68,104.93,105.90,102.4385,1,101.6444,1,669001,249979,0.6966,-0.6130,1.3096,41.32
2026-04-20,112.73,113.80,112.60,113.28,108.91,106.07,111.50,104.97,105.90,102.4385,1,102.8629,1,162113,247079,1.0684,-0.2767,1.3451,41.55
2026-04-21,112.94,113.69,109.29,109.52,109.76,106.51,111.21,104.99,105.87,102.4385,1,103.9840,1,229028,247307,1.0474,-0.0119,1.0593,38.18
2026-04-22,111.11,112.00,109.73,110.26,109.88,106.92,110.91,105.02,105.86,102.4385,1,105.0154,1,189392,247331,1.0780,0.2061,0.8720,38.74
2026-04-23,110.60,111.01,107.25,108.90,109.94,107.09,110.55,105.04,105.84,102.4385,1,105.9643,1,185331,246940,0.9811,0.3611,0.6200,38.16
2026-04-24,108.84,109.63,107.94,108.41,109.89,107.32,110.14,105.06,105.81,102.4385,1,106.8372,1,171376,246127,0.8554,0.4599,0.3954,39.85
2026-04-27,108.64,110.03,107.81,108.91,109.89,107.64,109.74,105.07,105.78,102.4385,1,107.2494,1,183605,243071,0.7865,0.5253,0.2613,38.24
2026-04-28,108.35,109.43,105.75,106.32,109.61,107.83,109.29,105.07,105.74,102.4385,1,116.8763,0,223845,243046,0.5172,0.5237,-0.0064,34.20
2026-04-29,105.91,106.12,102.69,103.37,109.31,107.72,108.82,105.07,105.70,102.4385,1,116.6538,0,263400,242916,0.0648,0.4319,-0.3670,32.73
2026-04-30,104.95,107.74,104.10,107.13,108.95,107.82,108.44,105.10,105.68,102.4385,1,116.0951,0,263351,239688,0.0098,0.3475,-0.3377,35.38
2026-05-01,107.55,108.10,105.79,106.15,108.23,108.03,108.13,105.13,105.65,102.4385,1,115.5588,0,195507,237275,-0.1115,0.2557,-0.3671,32.65
2026-05-04,105.34,105.65,102.40,102.77,107.17,108.04,107.68,105.14,105.60,102.4385,1,115.0440,0,232921,237281,-0.4753,0.1095,-0.5848,26.81
2026-05-05,103.45,105.60,102.99,105.07,106.73,108.25,107.31,105.17,105.57,102.4385,1,114.2854,0,110858,236486,-0.5715,-0.0267,-0.5448,28.31
2026-05-06,108.84,111.57,107.98,110.12,106.72,108.30,107.03,105.22,105.57,102.4385,1,113.5724,0,297506,238556,-0.2370,-0.0688,-0.1683,33.28
2026-05-07,111.44,112.42,107.52,107.56,106.58,108.26,106.75,105.26,105.55,102.4385,1,112.9021,0,233110,239109,-0.1771,-0.0904,-0.0866,30.55
2026-05-08,108.40,109.70,107.32,108.23,106.56,108.22,106.48,105.30,105.52,102.4385,1,112.4233,0,152533,238792,-0.0745,-0.0873,0.0127,29.71
2026-05-11,108.62,108.97,106.94,107.28,106.40,108.15,106.19,105.34,105.50,102.4385,1,112.4233,0,127392,236674,-0.0687,-0.0835,0.0149,28.73
2026-05-12,106.77,107.13,104.85,105.72,106.34,107.98,105.95,105.37,105.47,102.4385,1,111.8219,0,156389,234293,-0.1877,-0.1044,-0.0834,27.13
2026-05-13,105.74,107.05,104.44,104.81,106.48,107.90,105.71,105.41,105.44,102.4385,1,111.2567,0,142603,231839,-0.3518,-0.1539,-0.1980,28.10
2026-05-14,105.74,106.55,105.01,105.27,106.30,107.62,105.49,105.45,105.43,102.4385,1,110.7254,0,106270,228007,-0.4399,-0.2111,-0.2288,28.96
2026-05-15,103.40,104.73,101.54,102.01,105.88,107.05,105.32,105.48,105.42,112.7874,0,110.2259,0,157060,225990,-0.7639,-0.3217,-0.4423,27.84
2026-05-18,102.02,104.51,101.70,103.02,105.91,106.54,105.28,105.53,105.43,112.6360,0,109.5309,0,155490,222354,-0.9283,-0.4430,-0.4853,29.14
2026-05-19,100.83,101.50,99.38,101.07,105.51,106.12,105.16,105.56,105.43,110.1105,0,108.8915,0,193881,218814,-1.2018,-0.5947,-0.6071,26.98
2026-05-20,101.11,104.97,100.02,103.74,104.87,105.79,105.15,105.60,105.44,110.1105,0,107.9406,0,336940,218357,-1.1891,-0.7136,-0.4755,27.35
2026-05-21,102.33,106.74,100.98,105.97,104.71,105.65,105.21,105.66,105.45,110.1105,0,107.0847,0,217184,218939,-0.9881,-0.7685,-0.2196,29.98
2026-05-22,106.83,107.33,105.51,107.11,104.60,105.58,105.36,105.72,105.48,110.1105,0,99.3819,1,157337,217989,-0.7281,-0.7604,0.0323,32.39
2026-05-26,108.12,109.45,107.93,108.86,104.76,105.58,105.53,105.78,105.51,110.1105,0,99.5409,1,239652,218207,-0.3767,-0.6837,0.3070,34.47
2026-05-27,112.13,113.00,111.44,112.18,105.40,105.87,105.73,105.87,105.55,101.9615,1,99.9372,1,261227,219507,0.1678,-0.5134,0.6812,37.16
2026-05-28,110.42,113.67,109.59,112.16,106.14,106.31,105.92,105.94,105.59,101.9615,1,100.7208,1,232525,220655,0.5909,-0.2925,0.8834,37.77
2026-05-29,111.94,113.35,111.15,112.28,106.84,106.57,106.18,106.02,105.63,102.1801,1,101.7570,1,295657,222836,0.9251,-0.0490,0.9741,39.35
2026-06-01,110.59,111.41,108.47,111.38,107.78,106.83,106.46,106.09,105.63,102.1801,1,102.7103,1,202432,221328,1.1043,0.1817,0.9227,41.46
2026-06-02,111.91,114.19,111.49,112.94,108.77,107.34,106.80,106.17,105.65,102.8059,1,103.5873,1,184801,217951,1.3566,0.4167,0.9400,44.77
2026-06-03,112.29,112.86,110.17,110.70,109.73,107.62,107.00,106.23,105.66,102.8059,1,104.6476,1,169981,213646,1.3604,0.6054,0.7550,45.63
2026-06-04,112.10,113.58,111.16,111.27,110.49,107.68,107.18,106.28,105.68,102.8059,1,105.6018,1,170470,211802,1.3931,0.7629,0.6301,44.33
2026-06-05,110.94,113.47,110.94,113.10,111.20,107.96,107.34,106.39,105.69,102.8059,1,106.4606,1,220203,210876,1.5487,0.9201,0.6286,50.20
2026-06-08,112.47,113.12,111.56,112.18,111.71,108.15,107.50,106.51,105.71,103.2973,1,107.2335,1,158009,210338,1.5800,1.0521,0.5279,48.44
2026-06-09,113.75,116.17,112.85,115.64,112.38,108.57,107.76,106.64,105.74,105.1771,1,107.9291,1,210833,211374,1.8624,1.2142,0.6483,52.29
2026-06-10,115.79,116.14,112.18,112.27,112.39,108.90,107.96,106.78,105.75,105.1771,1,108.9177,1,210248,212750,1.7937,1.3301,0.4637,47.06
2026-06-11,112.63,117.82,112.25,117.51,112.93,109.53,108.20,106.94,105.79,105.1771,1,109.7877,1,233559,212209,2.1373,1.4915,0.6458,51.58
2026-06-12,120.12,121.23,117.99,118.60,113.56,110.20,108.47,107.11,105.83,109.2251,1,110.9118,1,213392,212513,2.4693,1.6871,0.7822,52.84
2026-06-15,122.41,123.41,120.54,120.78,114.50,111.14,108.84,107.30,105.89,111.1905,1,112.2518,1,193050,212701,2.8748,1.9246,0.9502,57.93
2026-06-16,121.84,122.61,119.83,119.90,115.20,111.98,109.19,107.47,105.95,111.1905,1,114.2608,1,141064,212602,3.0901,2.1577,0.9324,58.82
2026-06-17,119.84,121.04,116.06,116.42,115.77,112.75,109.50,107.62,105.99,111.1905,1,115.9081,1,195811,211668,2.9452,2.3152,0.6300,55.92
2026-06-18,117.73,119.42,116.85,117.52,116.39,113.44,109.67,107.77,106.04,111.1905,1,116.0582,1,565235,217288,2.8862,2.4294,0.4568,54.03
2026-06-22,117.66,119.78,117.01,118.18,116.90,114.05,109.87,107.92,106.10,111.1905,1,116.0582,1,190950,216815,2.8602,2.5156,0.3446,53.88
2026-06-23,116.63,118.79,116.60,116.97,117.38,114.54,110.03,108.06,106.15,111.1905,1,123.4124,0,264966,219073,2.7105,2.5545,0.1559,49.72
2026-06-24,118.42,121.30,117.14,120.23,117.84,115.11,110.25,108.23,106.22,111.1905,1,123.2763,0,434221,223745,2.8223,2.6081,0.2142,53.06
2026-06-25,121.70,124.92,120.89,121.64,118.78,115.58,110.50,108.41,106.28,112.1197,1,116.6048,1,204665,224474,2.9903,2.6845,0.3058,54.07
2026-06-26,120.62,123.01,120.18,122.48,119.27,116.10,110.83,108.61,106.36,112.1197,1,116.7711,1,314311,227084,3.1545,2.7785,0.3760,53.82
2026-06-29,121.46,121.46,119.05,120.16,119.43,116.49,111.02,108.79,106.43,112.1197,1,116.9342,1,211895,224652,3.0625,2.8353,0.2272,51.15
2026-06-30,120.58,120.86,119.32,120.54,119.41,116.95,111.16,108.97,106.49,112.1197,1,117.0940,1,202530,215322,2.9856,2.8654,0.1202,51.78
2026-07-01,120.02,122.78,119.74,121.85,119.60,117.40,111.33,109.14,106.56,112.1197,1,117.2505,1,219496,216470,2.9960,2.8915,0.1045,56.22
2026-07-02,122.73,124.61,122.58,124.56,120.41,118.09,111.63,109.33,106.65,113.8957,1,117.4040,1,252841,216946,3.1856,2.9503,0.2353,60.00
2026-07-06,124.02,124.12,121.48,123.27,120.99,118.69,111.89,109.50,106.74,113.8957,1,117.5544,1,161227,216383,3.1956,2.9994,0.1962,59.78
2026-07-07,124.12,124.15,119.05,119.48,121.12,119.01,112.10,109.65,106.81,113.8957,1,117.7017,1,359650,219869,2.8642,2.9723,-0.1082,49.80
2026-07-08,116.06,116.28,112.82,113.57,120.78,119.08,112.21,109.75,106.84,125.7396,0,124.9230,0,373044,223903,2.1010,2.7981,-0.6971,44.90
2026-07-09,114.29,116.14,113.66,115.24,120.28,119.06,112.33,109.86,106.89,125.7396,0,124.6809,0,251494,225260,1.6122,2.5609,-0.9487,44.55
2026-07-10,116.19,118.44,115.88,116.04,119.72,119.25,112.53,109.98,106.93,125.7396,0,124.4437,0,213145,225046,1.2744,2.3036,-1.0292,45.81
2026-07-13,116.04,117.00,112.52,113.14,118.79,119.03,112.72,110.07,106.98,125.7396,0,124.2112,0,160708,222993,0.7637,1.9956,-1.2319,41.03
2026-07-14,114.84,115.67,112.31,113.95,118.16,118.80,112.86,110.17,107.04,124.8904,0,123.7435,0,171314,221152,0.4198,1.6805,-1.2606,43.99
2026-07-15,114.45,116.03,114.10,114.60,117.57,118.49,113.03,110.28,107.10,124.8904,0,123.0576,0,125457,219751,0.1972,1.3838,-1.1866,42.44
2026-07-16,113.97,118.24,113.84,117.95,117.18,118.39,113.33,110.41,107.19,124.8904,0,122.4129,0,154308,218179,0.2877,1.1646,-0.8769,46.57
2026-07-17,119.48,120.52,116.37,116.63,116.39,118.40,113.56,110.53,107.27,124.8904,0,121.8068,0,161980,219201,0.2507,0.9818,-0.7311,46.04
2026-07-20,116.53,117.12,114.59,114.98,115.56,118.27,113.66,110.64,107.33,124.8904,0,121.2371,0,134548,215942,0.0872,0.8029,-0.7157,45.59
2026-07-21,114.81,116.12,113.70,114.99,115.11,118.11,113.81,110.74,107.40,124.8904,0,120.7015,0,151881,214317,-0.0411,0.6341,-0.6752,44.89
2026-07-22,116.14,117.70,115.33,116.66,115.42,118.10,113.98,110.84,107.47,124.8904,0,120.1981,0,117789,213622,-0.0079,0.5057,-0.5136,50.07
2026-07-23,113.94,115.26,112.31,113.05,115.20,117.74,114.09,110.91,107.53,124.1060,0,119.7249,0,290711,216889,-0.2704,0.3505,-0.6209,45.41
2026-07-24,112.99,116.81,112.71,115.28,115.12,117.42,114.28,111.00,107.60,124.1060,0,119.1318,0,252915,218819,-0.2946,0.2215,-0.5161,46.70
2026-07-27,117.59,119.26,116.69,117.74,115.58,117.18,114.54,111.11,107.69,124.1060,0,112.3115,1,231147,220590,-0.1144,0.1543,-0.2687,52.52
2026-07-28,121.02,122.69,117.69,118.27,116.02,117.09,114.80,111.22,107.79,124.1060,0,112.4504,1,443396,227333,0.0709,0.1376,-0.0667,52.31
2026-07-29,114.07,115.30,109.99,111.14,115.67,116.62,114.98,111.29,107.86,124.1060,0,122.6869,0,460449,233400,-0.3540,0.0393,-0.3933,38.88
2026-07-30,111.52,112.83,109.07,111.34,115.01,116.09,115.15,111.36,107.94,123.2999,0,122.6869,0,357040,237431,-0.6669,-0.1020,-0.5650,37.90
2026-07-31,110.65,111.31,108.86,109.84,114.33,115.36,115.33,111.42,108.00,121.9427,0,122.1423,0,286203,239278,-1.0242,-0.2864,-0.7378,37.48
2026-08-03,111.80,113.35,111.05,113.31,114.16,114.86,115.52,111.49,108.08,121.9427,0,121.3456,0,234450,237228,-1.0158,-0.4323,-0.5835,40.11
2026-08-04,113.79,117.42,113.31,117.07,114.37,114.74,115.74,111.59,108.18,121.9427,0,120.5966,0,175098,236386,-0.6972,-0.4853,-0.2119,41.77
2026-08-05,117.58,118.62,117.09,118.39,114.54,114.98,115.97,111.70,108.28,121.9427,0,119.8926,0,189917,237038,-0.3342,-0.4551,0.1209,43.66
2026-08-06,117.93,118.79,116.34,116.44,114.88,115.04,116.12,111.80,108.37,121.9427,0,119.2308,0,162255,235490,-0.2021,-0.4045,0.2023,38.78
2026-08-07,116.85,119.25,116.46,118.98,115.25,115.19,116.25,111.92,108.46,121.9427,0,108.8629,1,151661,233299,0.1066,-0.3023,0.4088,41.51
2026-08-10,117.72,119.06,115.18,115.48,115.03,115.30,116.32,112.01,108.53,121.9427,0,109.0706,1,205300,232754,0.0680,-0.2282,0.2962,37.37
2026-08-11,114.49,117.43,114.49,116.16,114.81,115.42,116.40,112.09,108.62,121.9427,0,109.2742,1,141704,229675,0.0913,-0.1643,0.2556,39.55
2026-08-12,117.04,117.04,114.05,114.60,115.16,115.42,116.46,112.16,108.68,121.9427,0,109.4737,1,136523,228357,-0.0159,-0.1346,0.1187,37.48
2026-08-13,115.21,115.89,114.35,114.73,115.50,115.25,116.50,112.25,108.75,121.9427,0,109.6692,1,134911,227359,-0.0894,-0.1256,0.0362,38.70
2026-08-14,113.95,114.65,113.40,114.11,115.93,115.13,116.56,112.32,108.81,121.9427,0,109.8608,1,110687,226173,-0.1954,-0.1396,-0.0559,35.78
2026-08-17,113.11,114.34,112.37,113.44,115.94,115.05,116.61,112.37,108.87,121.9427,0,110.0485,1,155197,225868,-0.3297,-0.1776,-0.1521,38.04
2026-08-18,112.82,114.06,111.71,112.81,115.51,114.94,116.60,112.42,108.95,121.5210,0,110.2325,1,159558,224655,-0.4814,-0.2383,-0.2431,37.07
2026-08-19,114.17,115.34,112.96,113.92,115.07,114.80,116.64,112.47,109.04,121.5210,0,110.4128,1,110924,223713,-0.5062,-0.2919,-0.2143,37.04
2026-08-20,111.82,114.09,111.34,112.44,114.67,114.77,116.57,112.51,109.13,121.2183,0,110.5895,1,177082,223038,-0.6380,-0.3611,-0.2768,36.15
2026-08-21,113.38,114.29,112.63,113.63,114.13,114.69,116.60,112.55,109.23,121.2183,0,110.7627,1,114766,221129,-0.6390,-0.4167,-0.2223,36.30
2026-08-24,114.00,114.88,113.05,113.23,113.91,114.47,116.51,112.58,109.34,121.2183,0,110.9324,1,130905,219075,-0.6644,-0.4662,-0.1982,33.64
2026-08-25,113.86,114.03,112.39,113.65,113.66,114.23,116.42,112.63,109.44,120.8445,0,111.0987,1,146654,217741,-0.6432,-0.5016,-0.1416,34.71
2026-08-26,114.43,115.98,113.49,114.42,113.64,114.40,116.29,112.65,109.54,120.8445,0,111.2617,1,119775,216275,-0.5579,-0.5129,-0.0450,36.70
2026-08-27,113.32,114.46,112.83,113.47,113.51,114.51,116.16,112.67,109.64,120.8445,0,111.4215,1,94203,215338,-0.5605,-0.5224,-0.0381,36.72
2026-08-28,114.67,116.23,112.82,114.22,113.52,114.72,116.12,112.69,109.74,120.8445,0,111.5780,1,120148,213825,-0.4963,-0.5172,0.0209,39.49
2026-08-31,113.53,113.53,111.78,112.17,113.40,114.67,116.01,112.70,109.83,120.2574,0,111.7314,1,178687,206094,-0.6039,-0.5345,-0.0693,38.16
2026-09-01,111.23,111.79,109.09,109.70,113.08,114.30,115.84,112.71,109.90,118.2061,0,119.2483,0,158111,205437,-0.8783,-0.6033,-0.2750,38.05
2026-09-02,110.61,112.90,110.61,111.31,112.82,113.95,115.73,112.71,109.98,118.2061,0,119.0452,0,167032,203478,-0.9549,-0.6736,-0.2813,37.11
2026-09-03,112.68,113.55,109.24,110.75,112.65,113.66,115.54,112.68,110.05,118.2061,0,118.8461,0,136477,197523,-1.0487,-0.7486,-0.3000,35.62
2026-09-04,110.00,112.79,110.00,112.53,112.54,113.34,115.35,112.68,110.15,118.2061,0,118.6509,0,132189,196074,-0.9682,-0.7925,-0.1757,36.13
2026-09-08,111.56,111.89,109.66,109.72,112.19,113.05,115.10,112.65,110.23,118.2061,0,118.4597,0,250293,194793,-1.1183,-0.8577,-0.2606,33.40
2026-09-09,109.00,109.72,107.12,107.16,111.54,112.60,114.84,112.58,110.31,116.8112,0,118.2723,0,175357,194063,-1.4273,-0.9716,-0.4557,31.15
2026-09-10,105.60,106.16,104.18,105.05,110.61,112.12,114.53,112.46,110.36,113.6160,0,117.8262,0,241037,194833,-1.8215,-1.1416,-0.6799,30.78
2026-09-11,106.67,107.96,105.44,105.50,109.81,111.66,114.20,112.34,110.41,113.6160,0,117.0075,0,168811,193819,-2.0737,-1.3280,-0.7457,31.08
2026-09-14,104.42,106.61,103.89,105.25,108.91,111.22,113.82,112.22,110.46,113.6160,0,116.2378,0,162990,192022,-2.2676,-1.5159,-0.7517,31.22
2026-09-15,105.61,105.97,104.08,104.89,108.19,110.79,113.45,112.08,110.49,113.1907,0,115.2500,0,157136,191940,-2.4224,-1.6972,-0.7252,32.36
2026-09-16,105.71,106.39,103.74,104.98,107.71,110.40,113.16,111.94,110.53,113.1907,0,114.3412,0,170435,188156,-2.5089,-1.8596,-0.6493,32.10
2026-09-17,106.95,107.20,104.98,105.45,107.13,109.98,113.00,111.78,110.56,113.1907,0,113.2811,0,146470,183625,-2.5105,-1.9897,-0.5208,31.07
2026-09-18,104.49,105.10,103.70,104.52,106.51,109.58,112.78,111.62,110.59,112.1211,0,112.3270,0,432284,187240,-2.5574,-2.1033,-0.4542,31.22
2026-09-21,105.28,105.81,104.05,104.93,105.75,109.15,112.56,111.46,110.63,112.1211,0,111.2917,0,155957,186097,-2.5323,-2.1891,-0.3432,30.18
2026-09-22,106.64,107.99,106.40,107.77,105.55,108.87,112.45,111.33,110.67,112.1211,0,110.3807,0,186022,186603,-2.2572,-2.2027,-0.0545,34.07
2026-09-23,106.31,107.96,106.05,107.20,105.55,108.55,112.32,111.21,110.71,112.1211,0,109.5790,0,178713,186751,-2.0615,-2.1745,0.1130,36.44
2026-09-24,106.78,107.39,105.39,106.32,105.68,108.14,112.15,111.10,110.75,112.1211,0,108.8735,0,172600,187694,-1.9548,-2.1305,0.1758,37.81
2026-09-25,106.78,107.82,106.18,107.52,105.88,107.85,111.94,110.99,110.79,112.1211,0,108.2527,0,160076,187809,-1.7532,-2.0551,0.3019,41.49
2026-09-28,105.92,107.53,105.33,107.01,106.06,107.49,111.75,110.87,110.84,112.1211,0,107.8200,0,164560,187861,-1.6160,-1.9672,0.3513,41.33
2026-09-29,107.05,107.49,105.63,106.02,106.17,107.18,111.57,110.75,110.87,112.1211,0,107.8200,0,200812,189186,-1.5690,-1.8876,0.3186,40.62
2026-09-30,106.16,106.36,104.27,104.33,106.11,106.91,111.36,110.64,110.89,112.1211,0,107.5300,0,200126,190151,-1.6491,-1.8399,0.1908,36.05
2026-10-01,103.43,104.97,101.70,104.67,106.03,106.58,111.12,110.52,110.91,110.4527,0,107.4900,0,192415,191643,-1.6660,-1.8051,0.1391,38.82
2026-10-02,106.06,106.88,104.96,105.15,106.09,106.30,110.96,110.41,110.92,110.4527,0,101.7000,1,119408,188217,-1.6220,-1.7685,0.1465,39.70
2026-10-05,105.06,105.96,103.96,105.27,106.13,105.94,110.76,110.33,110.94,110.4527,0,101.7000,1,167232,186504,-1.5594,-1.7267,0.1673,38.97
2026-10-06,105.95,106.86,105.60,106.52,106.00,105.78,110.54,110.26,110.96,110.4527,0,101.8036,1,143589,184752,-1.3929,-1.6599,0.2670,40.39
2026-10-07,104.96,105.42,103.50,105.08,105.79,105.67,110.27,110.19,110.98,110.4527,0,101.9051,1,207260,180030,-1.3614,-1.6002,0.2388,41.19
2026-10-08,103.93,105.80,103.30,105.46,105.70,105.69,110.16,110.16,111.01,110.4527,0,102.0046,1,218039,175182,-1.2909,-1.5384,0.2474,40.20
2026-10-09,105.26,105.78,103.90,103.96,105.35,105.61,110.01,110.15,111.02,110.4527,0,102.1021,1,116882,170378,-1.3407,-1.4988,0.1581,35.42
