rsRating,symbol,longName,sector,industry,country,marketCap,currentPrice,averageVolume10days,averageVolume3months,averageDollarVolume,revenueGrowth,earningsGrowth,earningsQuarterlyGrowth,grossMargins,operatingMargins,profitMargins,returnOnEquity,returnOnAssets,totalCash,totalDebt,debtToEquity,currentRatio,quickRatio,operatingCashflow,freeCashflow,sharesOutstanding,floatShares,heldPercentInsiders,heldPercentInstitutions,sharesShort,shortRatio,shortPercentOfFloat,trailingPE,forwardPE,priceToSalesTrailing12Months,priceToBook,enterpriseToRevenue,enterpriseToEbitda,targetMeanPrice,targetHighPrice,targetLowPrice,recommendationMean,recommendationKey,numberOfAnalystOpinions,epsRevisionUpLast7Days,epsRevisionUpLast30Days,epsRevisionDownLast7Days,epsRevisionDownLast30Days,nextEarningsDate,beta,website,retrievedAt
29.21,RRX,Regal Rexnord Corporation,Industrials,Specialty Industrial Machinery,United States,10989656064,165.03,1061190,1203129,198552378.87,0.042,0.471,0.472,0.37451,0.123459995,0.05348,0.047670003,0.032360002,441600000,4766400000,68.843,2.276,0.94,556899968,455187488,66591867,62682924,0.0049900003,1.11419,3359259,2.72,0.056399997,33.956787,12.762324,1.8141332,1.5893332,2.474,12.31,233.1,275.0,196.0,1.27273,strong_buy,10,1,1,0,0,2026-11-03,1.069,https://www.regalrexnord.com,2026-10-10T21:41:13.647166+01:00
Date,Open,High,Low,Close,Ma10:Top:Line,Ma20:Top:Line,Ma50:Top:Line,Ma150:Top:Line,Ma200:Top:Line,Supertrend:Top:ColorLine,Supertrend_Dir,ParabolicSAR:Top:ColorLine,ParabolicSAR_Dir,Volume:Middle:Histogram,Vo50:Middle:Line,Macd:Bottom:Line,MacdSignal:Bottom:Line,MacdDelta:Bottom:Histogram
2023-08-03,155.12,156.68,151.98,156.31,,,,,,,0,151.9788,1,58143,,,,
2023-08-04,156.68,157.54,154.36,155.07,,,,,,,0,151.9788,1,51929,,,,
2023-08-07,155.88,158.40,154.92,157.52,,,,,,,0,151.9788,1,65574,,,,
2023-08-08,154.81,157.61,152.80,157.10,,,,,,,0,152.2356,1,45551,,,,
2023-08-09,157.47,157.47,154.92,155.08,,,,,,,0,152.4822,1,39324,,,,
2023-08-10,155.32,157.21,152.44,153.81,,,,,,,0,158.4000,0,45625,,,,
2023-08-11,153.79,154.62,153.08,154.36,,,,,,,0,158.2807,0,27734,,,,
2023-08-14,152.77,153.86,151.24,152.63,,,,,,,0,158.1638,0,49292,,,,
2023-08-15,151.90,152.73,150.45,150.65,,,,,,,0,157.8868,0,27809,,,,
2023-08-16,149.88,151.60,148.80,148.90,154.14,,,,,160.1716,0,157.4407,0,26906,,,,
2023-08-17,149.68,150.27,144.61,144.97,153.01,,,,,158.1119,0,156.7492,0,40024,,,,
2023-08-18,144.21,145.40,142.83,143.48,151.85,,,,,154.4928,0,155.5357,0,50287,,,,
2023-08-21,143.87,144.01,142.28,143.63,150.46,,,,,153.0019,0,154.0114,0,32774,,,,
2023-08-22,144.04,146.21,143.85,145.21,149.27,,,,,153.0019,0,152.3688,0,40880,,,,
2023-08-23,145.29,150.26,144.30,149.90,148.75,,,,,153.0019,0,150.9562,0,49780,,,,
2023-08-24,149.13,152.06,149.13,149.83,148.36,,,,,153.0019,0,142.2788,1,49619,,,,
2023-08-25,150.47,151.26,148.50,150.80,148.00,,,,,153.0019,0,142.4743,1,40083,,,,
2023-08-28,151.04,153.40,151.00,152.53,147.99,,,,,153.0019,0,142.6660,1,23078,,,,
2023-08-29,152.30,155.66,151.92,154.42,148.37,,,,,143.7871,1,143.0953,1,34379,,,,
2023-08-30,154.25,156.95,153.97,156.02,149.08,151.61,,,,145.5675,1,143.8490,1,41645,,,,
2023-08-31,155.84,158.51,155.00,157.80,150.36,151.69,,,,146.8002,1,144.8971,1,39396,,,,
2023-09-01,158.93,160.73,158.93,160.42,152.06,151.95,,,,149.9867,1,146.2581,1,54381,,,,
2023-09-05,159.06,159.06,155.33,156.27,153.32,151.89,,,,149.9867,1,147.9941,1,47592,,,,
2023-09-06,156.41,158.52,155.39,157.30,154.53,151.90,,,,149.9867,1,149.5219,1,42231,,,,
2023-09-07,156.19,158.69,155.43,158.07,155.35,152.05,,,,149.9867,1,150.8663,1,52039,,,,
2023-09-08,157.28,157.28,152.88,153.19,155.68,152.02,,,,149.9867,1,152.0493,1,38182,,,,
2023-09-11,154.03,154.03,150.28,150.35,155.64,151.82,,,,149.9867,1,160.7252,0,43441,,,,
2023-09-12,149.37,150.98,146.46,146.57,155.04,151.52,,,,159.8071,0,160.5162,0,43764,,,,
2023-09-13,146.30,146.30,144.08,145.26,154.12,151.25,,,,155.9138,0,159.9541,0,42700,,,,
2023-09-14,146.58,149.22,146.09,149.12,153.43,151.26,,,,155.9138,0,159.0016,0,32171,,,,
2023-09-15,147.74,149.14,145.70,147.24,152.38,151.37,,,,155.9138,0,158.1062,0,89200,,,,
2023-09-18,147.84,152.83,147.35,152.58,151.59,151.83,,,,155.9138,0,157.2645,0,58639,,,,
2023-09-19,152.14,153.99,151.23,151.39,151.11,152.21,,,,155.9138,0,156.4734,0,106057,,,,
2023-09-20,152.76,153.92,147.30,147.81,150.16,152.34,,,,155.9138,0,155.7297,0,53510,,-0.4514,0.3555,-0.8069
2023-09-21,146.60,146.60,142.79,143.39,148.69,152.02,,,,155.9138,0,155.0306,0,54899,,-0.9945,0.0855,-1.0800
2023-09-22,143.24,143.94,141.61,142.48,147.62,151.65,,,,154.5163,0,154.0517,0,42485,,-1.4808,-0.2277,-1.2531
2023-09-25,141.92,142.49,139.53,140.64,146.65,151.14,,,,152.4666,0,152.8073,0,69374,,-1.9917,-0.5805,-1.4112
2023-09-26,139.31,140.18,136.31,138.95,145.89,150.46,,,,149.8546,0,151.2135,0,61641,,-2.5043,-0.9653,-1.5390
2023-09-27,140.38,141.07,137.42,138.50,145.21,149.67,,,,149.8546,0,149.1263,0,39121,,-2.9131,-1.3548,-1.5582
2023-09-28,138.59,143.08,138.26,140.86,144.39,148.91,,,,149.8546,0,147.3314,0,27918,,-3.0119,-1.6863,-1.3256
2023-09-29,142.20,143.25,139.04,139.35,143.60,147.99,,,,149.8546,0,145.7877,0,42678,,-3.1755,-1.9841,-1.1914
2023-10-02,139.28,140.76,137.94,138.07,142.15,146.87,,,,149.8546,0,144.4601,0,49107,,-3.3703,-2.2613,-1.1089
2023-10-03,136.08,137.62,133.21,134.82,140.49,145.80,,,,147.2836,0,143.3184,0,57849,,-3.7435,-2.5578,-1.1857
2023-10-04,135.01,135.27,133.00,133.65,139.07,144.61,,,,145.4976,0,141.7007,0,48618,,-4.0866,-2.8635,-1.2231
2023-10-05,133.72,134.47,130.24,130.74,137.81,143.25,,,,143.8483,0,140.1352,0,62347,,-4.5408,-3.1990,-1.3418
2023-10-06,130.09,134.12,129.92,131.87,136.75,142.18,,,,143.6284,0,138.1567,0,57789,,-4.7545,-3.5101,-1.2444
2023-10-09,131.38,132.36,129.08,130.34,135.72,141.18,,,,142.1489,0,136.5096,0,46520,,-4.9900,-3.8061,-1.1839
2023-10-10,131.41,135.01,131.37,134.35,135.26,140.57,,,,142.1489,0,135.0242,0,59549,,-4.7979,-4.0044,-0.7934
2023-10-11,134.31,135.91,132.33,134.43,134.85,140.03,,,,142.1489,0,129.0824,1,50115,,-4.5864,-4.1208,-0.4656
2023-10-12,134.96,135.50,131.08,131.52,133.91,139.15,146.99,,,142.1489,0,129.2190,1,61532,48306,-4.6003,-4.2167,-0.3836
2023-10-13,131.15,132.49,126.04,126.70,132.65,138.12,146.40,,,141.7792,0,135.9096,0,40766,47958,-4.9432,-4.3620,-0.5811
2023-10-16,128.73,130.06,127.53,128.16,131.66,136.90,145.86,,,141.0659,0,135.7122,0,38382,47687,-5.0395,-4.4975,-0.5420
2023-10-17,127.01,132.44,125.88,129.31,131.11,135.80,145.30,,,141.0659,0,135.5187,0,62021,47616,-4.9657,-4.5912,-0.3746
2023-10-18,126.90,126.90,122.57,122.59,130.00,134.54,144.61,,,138.4636,0,135.1333,0,48906,47683,-5.3874,-4.7504,-0.6370
2023-10-19,122.45,124.48,120.84,121.73,129.10,133.45,143.94,,,136.1093,0,134.3794,0,58124,48059,-5.7249,-4.9453,-0.7796
2023-10-20,121.34,121.46,118.03,119.74,127.89,132.32,143.26,,,132.9572,0,133.2963,0,40379,47954,-6.0827,-5.1728,-0.9099
2023-10-23,119.55,120.93,115.95,116.09,126.46,131.09,142.49,,,131.8260,0,131.7699,0,64502,48690,-6.5848,-5.4552,-1.1296
2023-10-24,117.54,117.82,115.22,115.48,124.57,129.91,141.75,,,129.3445,0,129.8721,0,50841,48721,-6.9521,-5.7546,-1.1975
2023-10-25,115.05,115.05,112.33,112.43,122.37,128.61,140.98,,,126.1739,0,127.8212,0,50400,49172,-7.4034,-6.0843,-1.3190
2023-10-26,113.18,116.32,112.69,114.18,120.64,127.28,140.29,,,126.1739,0,125.3421,0,75381,50142,-7.5333,-6.3741,-1.1592
2023-10-27,114.41,117.11,112.91,115.82,119.55,126.10,139.71,,,126.1739,0,123.2596,0,57000,50481,-7.4186,-6.5830,-0.8356
2023-10-30,117.13,117.13,114.51,115.41,118.28,124.97,139.15,,,126.1739,0,121.5103,0,47048,50417,-7.2768,-6.7218,-0.5550
2023-10-31,114.54,116.72,114.48,115.49,116.89,124.00,138.58,,,126.1739,0,120.0409,0,56257,50886,-7.0766,-6.7927,-0.2838
2023-11-01,115.50,116.64,112.97,115.29,116.17,123.08,137.98,,,126.1739,0,118.8066,0,98977,52048,-6.8546,-6.8051,-0.0495
2023-11-02,104.37,108.05,94.78,97.12,113.70,121.40,136.93,,,117.8246,0,117.7698,0,233157,55716,-8.0521,-7.0545,-0.9976
2023-11-03,99.48,105.05,98.40,103.30,112.06,119.97,136.00,,,117.8246,0,116.6374,0,162116,57966,-8.4060,-7.3248,-1.0812
2023-11-06,103.70,103.76,97.71,98.69,110.32,118.39,134.96,,,117.8246,0,112.7032,0,90697,58978,-8.9547,-7.6508,-1.3039
2023-11-07,98.28,100.33,97.53,99.42,108.71,116.64,133.89,,,115.2931,0,109.4772,0,65996,59836,-9.2242,-7.9655,-1.2588
2023-11-08,99.75,104.54,99.13,103.52,107.82,115.10,132.88,,,115.2931,0,106.8318,0,91004,60969,-9.0035,-8.1731,-0.8304
2023-11-09,105.85,106.58,104.02,104.11,106.82,113.73,131.84,,,115.2931,0,94.7807,1,69452,61525,-8.6805,-8.2746,-0.4059
2023-11-10,104.02,108.00,102.51,107.54,105.99,112.77,130.83,,,115.2931,0,95.0167,1,92773,62593,-8.0554,-8.2307,0.1753
2023-11-13,107.49,107.62,105.97,106.80,105.13,111.70,129.76,,,115.2931,0,95.5359,1,60751,62720,-7.5330,-8.0912,0.5582
2023-11-14,109.33,114.47,108.58,112.76,104.85,110.87,128.89,,,115.2931,0,96.0343,1,104396,63856,-6.5625,-7.7854,1.2229
2023-11-15,113.05,116.26,112.76,114.60,104.79,110.48,128.04,,,115.2931,0,97.1406,1,84083,64693,-5.5803,-7.3444,1.7641
2023-11-16,114.12,116.05,111.68,112.28,106.30,110.00,127.12,,,115.2931,0,98.6699,1,47395,64600,-4.9323,-6.8620,1.9297
2023-11-17,112.54,113.26,112.16,113.08,107.28,109.67,126.32,,,115.2931,0,100.0769,1,42759,64692,-4.3047,-6.3505,2.0459
2023-11-20,112.85,113.64,112.02,113.19,108.73,109.52,125.57,,,115.2931,0,101.3713,1,41375,64650,-3.7545,-5.8313,2.0768
2023-11-21,113.01,113.01,111.65,112.37,110.02,109.37,124.89,,,115.2931,0,102.5622,1,58849,64952,-3.3468,-5.3344,1.9876
2023-11-22,113.23,113.64,111.85,112.17,110.89,109.36,124.23,,,115.2931,0,103.6578,1,26625,64631,-3.0049,-4.8685,1.8637
2023-11-24,111.56,113.90,111.25,112.50,111.73,109.27,123.50,,,115.2931,0,104.6657,1,15918,64306,-2.6762,-4.4301,1.7538
2023-11-27,112.13,113.60,110.98,113.53,112.33,109.16,122.82,,,115.2931,0,105.5930,1,33162,63185,-2.3065,-4.0054,1.6988
2023-11-28,112.78,114.12,111.36,112.07,112.85,108.99,122.01,,,115.2931,0,106.4461,1,36082,62734,-2.1066,-3.6256,1.5190
2023-11-29,113.62,115.29,113.62,114.79,113.06,108.96,121.28,,,115.2931,0,107.2310,1,50176,61616,-1.7088,-3.2422,1.5334
2023-11-30,115.36,117.23,114.43,116.84,113.28,109.03,120.66,,,105.6902,1,107.9531,1,84171,62229,-1.2143,-2.8366,1.6224
2023-12-01,116.36,121.74,116.33,121.24,114.18,110.24,120.22,,,108.2796,1,108.8810,1,65039,62432,-0.4621,-2.3617,1.8996
2023-12-04,120.20,124.00,120.20,123.67,115.24,111.26,119.84,,,111.2811,1,110.4239,1,70298,62988,0.3261,-1.8242,2.1503
2023-12-05,122.53,123.56,120.56,120.76,115.99,112.36,119.44,,,111.3905,1,112.3247,1,97347,63548,0.7082,-1.3177,2.0259
2023-12-06,121.84,125.03,120.66,121.39,116.90,113.46,119.09,,,111.9269,1,113.9594,1,64943,63614,1.0492,-0.8443,1.8935
2023-12-07,122.10,122.63,119.47,120.26,117.71,114.30,118.73,,,111.9269,1,115.7299,1,61169,64055,1.2142,-0.4326,1.6468
2023-12-08,119.82,121.47,119.76,120.70,118.53,115.13,118.32,,,111.9269,1,117.2171,1,47190,64440,1.3654,-0.0730,1.4384
2023-12-11,121.43,127.79,121.43,127.25,119.90,116.11,118.08,,,113.2942,1,118.4664,1,94695,65481,1.9904,0.3397,1.6507
2023-12-12,127.39,127.39,125.44,125.96,121.29,117.07,117.84,,,115.6523,1,119.7584,1,40230,65303,2.3547,0.7427,1.6120
2023-12-13,125.71,134.05,125.71,132.66,123.07,118.07,117.80,,,117.6893,1,121.2033,1,98955,66125,3.1477,1.2237,1.9240
2023-12-14,136.01,145.66,136.01,145.09,125.90,119.59,118.03,,,125.9654,1,123.7720,1,181681,68786,4.7244,1.9238,2.8006
2023-12-15,144.73,145.76,141.86,142.84,128.06,121.12,118.27,,,129.2567,1,125.7078,1,139796,70335,5.7269,2.6844,3.0425
2023-12-18,144.39,144.39,139.87,141.71,129.86,122.55,118.47,,,129.2567,1,129.7183,1,45653,70093,6.3568,3.4189,2.9379
2023-12-19,143.00,145.27,142.12,143.31,132.12,124.06,118.72,,,129.6224,1,132.9267,1,32312,69809,6.9055,4.1162,2.7893
2023-12-20,143.10,145.45,140.99,141.13,134.09,125.49,118.86,,,129.6224,1,135.4934,1,57200,69762,7.0824,4.7095,2.3729
2023-12-21,142.70,144.27,141.88,144.09,136.48,127.09,119.05,,,129.6224,1,137.5468,1,48769,69735,7.3768,5.2430,2.1339
2023-12-22,144.97,146.64,144.18,145.09,138.91,128.72,119.32,,,132.4537,1,139.1895,1,36387,69232,7.6028,5.7149,1.8879
2023-12-26,145.48,149.28,145.31,148.09,141.00,130.45,119.75,,,134.3783,1,140.6792,1,29821,69013,7.9328,6.1585,1.7743
2023-12-27,148.73,149.16,146.65,147.68,143.17,132.23,120.14,,,135.5248,1,142.3995,1,44275,69131,8.0683,6.5405,1.5278
2023-12-28,147.84,148.38,145.47,146.15,144.52,133.80,120.48,,,135.5248,1,143.7759,1,34520,68581,7.9601,6.8244,1.1357
2023-12-29,145.46,146.47,144.57,144.70,144.48,135.19,120.92,,,135.5248,1,149.2811,0,27843,68159,7.6691,6.9933,0.6758
2024-01-02,143.85,145.58,141.36,141.50,144.35,136.20,121.32,,,135.5248,1,149.1869,0,55902,68115,7.0988,7.0144,0.0844
2024-01-03,139.92,139.92,134.97,138.34,144.01,136.94,121.69,,,135.5248,1,148.8737,0,71590,68739,6.3184,6.8752,-0.5568
2024-01-04,139.23,139.64,135.47,135.91,143.27,137.69,122.09,,,135.5248,1,148.0397,0,112030,69690,5.4416,6.5885,-1.1469
2024-01-05,134.87,138.24,134.87,136.43,142.80,138.44,122.51,,,135.5248,1,147.2557,0,34681,69367,4.7339,6.2176,-1.4837
2024-01-08,135.41,138.60,134.27,138.34,142.22,139.35,123.02,,,135.5248,1,146.2645,0,34203,69043,4.2776,5.8296,-1.5520
2024-01-09,136.75,137.81,134.98,137.12,141.43,140.17,123.48,,,135.5248,1,145.0650,0,26034,68056,3.7746,5.4186,-1.6439
2024-01-10,136.32,137.72,135.70,137.41,140.36,140.68,123.91,,,135.5248,1,143.9854,0,29138,67498,3.3602,5.0069,-1.6467
2024-01-11,136.64,137.69,134.05,134.88,139.08,141.12,124.30,,,147.2198,0,143.0138,0,54912,67656,2.7952,4.5646,-1.7694
2024-01-12,136.18,137.58,134.02,135.48,138.01,141.26,124.70,,,147.0841,0,141.9386,0,34550,67222,2.3691,4.1255,-1.7564
2024-01-16,134.55,134.87,130.79,131.56,136.70,140.59,125.03,,,144.3871,0,140.8307,0,43335,66109,1.6955,3.6395,-1.9440
2024-01-17,128.35,131.30,128.13,130.51,135.60,139.97,125.70,,,141.1470,0,139.2241,0,38101,62208,1.0642,3.1244,-2.0602
2024-01-18,131.84,134.70,130.13,134.68,135.23,139.62,126.32,,,141.1470,0,137.2272,0,63016,60226,0.8904,2.6776,-1.7872
2024-01-19,134.71,137.92,133.95,136.71,135.31,139.29,127.08,,,141.1470,0,128.1302,1,71631,59844,0.9064,2.3234,-1.4170
2024-01-22,137.92,138.90,136.66,137.28,135.40,139.10,127.84,,,141.1470,0,128.3259,1,35473,59234,0.9538,2.0494,-1.0957
2024-01-23,138.96,138.96,135.25,135.70,135.13,138.68,128.48,,,141.1470,0,128.7490,1,43378,58281,0.8537,1.8103,-0.9566
2024-01-24,138.10,138.10,132.87,133.00,134.72,138.07,129.06,,,141.1470,0,129.3617,1,53223,57957,0.5503,1.5583,-1.0080
2024-01-25,134.69,136.20,133.03,134.74,134.45,137.41,129.61,,,141.1470,0,129.9377,1,51672,57135,0.4452,1.3357,-0.8905
2024-01-26,135.54,136.21,133.43,133.80,134.35,136.71,130.15,,,141.1470,0,130.4791,1,38064,56681,0.2829,1.1251,-0.8422
2024-01-29,133.44,136.14,133.01,136.14,134.41,136.21,130.61,,,141.1470,0,130.9881,1,51986,55633,0.3388,0.9679,-0.6290
2024-01-30,134.72,137.05,134.72,135.76,134.83,135.76,131.04,,,141.1470,0,131.4665,1,32234,54596,0.3492,0.8441,-0.4949
2024-01-31,135.04,135.07,130.33,130.47,134.83,135.21,131.40,,,141.1470,0,138.9616,0,66210,54972,-0.0693,0.6614,-0.7307
2024-02-01,132.84,134.60,130.68,133.77,134.74,134.98,131.82,,,141.1470,0,138.7890,0,88522,55887,-0.1328,0.5026,-0.6354
2024-02-02,132.68,136.57,131.94,136.18,134.68,135.00,132.27,,,141.1470,0,138.6198,0,74539,56551,0.0107,0.4042,-0.3935
2024-02-05,133.82,134.37,132.10,132.97,134.25,134.82,132.69,,,141.1470,0,138.4540,0,62515,56624,-0.1327,0.2968,-0.4295
2024-02-06,133.59,134.91,132.51,134.41,134.12,134.63,133.13,,,141.1470,0,138.2915,0,67274,57437,-0.1289,0.2117,-0.3406
2024-02-07,135.49,139.43,133.63,137.60,134.58,134.65,133.63,,,141.1470,0,130.3297,1,101671,59152,0.1305,0.1955,-0.0649
2024-02-08,148.16,150.35,142.24,144.68,135.58,135.02,134.26,,,131.8721,1,130.5117,1,192888,62346,0.8969,0.3358,0.5612
2024-02-09,145.00,149.28,144.56,148.63,137.06,135.70,134.99,,,132.5263,1,131.3053,1,104740,63720,1.8022,0.6290,1.1731
2024-02-12,148.34,152.24,147.75,150.86,138.53,136.47,135.71,,,135.6939,1,132.0671,1,85956,64435,2.6687,1.0370,1.6317
2024-02-13,145.73,149.31,144.78,146.84,139.64,137.24,136.31,,,135.6939,1,133.2773,1,115226,65056,2.9967,1.4289,1.5678
2024-02-14,147.94,150.17,146.74,149.97,141.59,138.21,136.88,,,135.6939,1,134.4149,1,96848,65693,3.4690,1.8369,1.6321
2024-02-15,150.82,154.29,150.20,154.07,143.62,139.18,137.49,,,138.1222,1,135.4842,1,80791,65902,4.1271,2.2950,1.8321
2024-02-16,153.19,158.45,152.85,157.77,145.78,140.23,138.23,,,141.2610,1,136.9886,1,126481,66485,4.8904,2.8141,2.0764
2024-02-20,155.53,156.27,153.73,155.19,148.00,141.13,138.91,,,141.2610,1,139.1352,1,83090,66848,5.2269,3.2966,1.9302
2024-02-21,154.70,157.38,154.42,157.37,150.30,142.21,139.65,,,142.2613,1,141.0671,1,99840,67621,5.6048,3.7582,1.8465
2024-02-22,159.20,163.79,159.20,162.85,152.82,143.70,140.49,,,147.2948,1,142.8059,1,133655,69351,6.2745,4.2615,2.0130
2024-02-23,163.36,165.34,162.86,164.69,154.82,145.20,141.24,,,150.5751,1,145.3242,1,79568,69048,6.8743,4.7841,2.0902
2024-02-26,164.32,164.79,162.22,163.97,156.36,146.71,142.00,,,150.5751,1,148.1259,1,85173,69947,7.2082,5.2689,1.9393
2024-02-27,164.94,166.62,164.40,165.33,157.81,148.17,142.66,,,153.0635,1,150.5354,1,83934,69647,7.4960,5.7143,1.7817
2024-02-28,165.32,167.10,164.00,166.86,159.81,149.72,143.09,,,153.4174,1,153.1085,1,62012,67253,7.7586,6.1232,1.6354
2024-02-29,167.72,168.69,166.44,167.64,161.57,151.58,143.59,,,155.9745,1,155.6262,1,102345,66504,7.9382,6.4862,1.4520
2024-03-01,168.01,168.89,166.94,167.58,162.92,153.27,144.10,,,156.8970,1,158.2389,1,76693,67125,7.9830,6.7855,1.1975
2024-03-04,168.87,169.68,167.31,168.09,163.96,154.87,144.60,,,157.8705,1,160.3681,1,69107,67861,7.9685,7.0221,0.9464
2024-03-05,166.76,168.09,162.29,162.80,164.72,156.36,145.03,,,157.8705,1,162.2299,1,76975,68256,7.4444,7.1066,0.3378
2024-03-06,164.77,164.89,163.00,163.43,165.32,157.81,145.42,,,157.8705,1,162.2865,1,54434,68370,6.9989,7.0851,-0.0861
2024-03-07,164.54,166.65,163.72,165.35,165.57,159.20,145.83,137.38,,157.8705,1,162.2865,1,98659,69615,6.7229,7.0126,-0.2897
2024-03-08,168.42,171.62,167.68,169.20,166.02,160.42,146.25,137.47,,158.1552,1,163.0001,1,78353,70586,6.7374,6.9576,-0.2202
2024-03-11,167.79,168.78,164.23,167.72,166.40,161.38,146.65,137.55,,158.1552,1,163.7235,1,58420,70869,6.5541,6.8769,-0.3228
2024-03-12,168.13,172.20,167.91,171.51,167.02,162.41,147.16,137.64,,158.1552,1,164.2319,1,81023,71799,6.6385,6.8292,-0.1908
2024-03-13,171.51,172.09,170.30,170.73,167.41,163.61,147.68,137.73,,159.8632,1,164.2319,1,61599,72474,6.5665,6.7767,-0.2102
2024-03-14,171.05,171.05,165.80,167.20,167.36,164.47,148.19,137.82,,159.8632,1,172.1991,0,39887,72154,6.1537,6.6521,-0.4983
2024-03-15,166.97,170.17,166.89,168.80,167.48,165.20,148.80,137.92,,159.8632,1,172.0915,0,133060,73383,5.8874,6.4991,-0.6118
2024-03-18,169.82,170.84,168.62,169.63,167.64,165.80,149.47,138.02,,159.8632,1,171.9656,0,45723,72057,5.6778,6.3349,-0.6570
2024-03-19,168.58,170.98,168.46,170.04,168.36,166.54,150.15,138.13,,159.8632,1,171.8422,0,60288,72569,5.4817,6.1642,-0.6825
2024-03-20,170.33,174.79,170.10,173.68,169.39,167.36,150.85,138.29,,161.3586,1,165.7960,1,77446,73434,5.5565,6.0427,-0.4862
2024-03-21,175.61,179.73,174.78,178.28,170.68,168.13,151.68,138.48,,165.4643,1,165.9759,1,65124,74216,5.9183,6.0178,-0.0995
2024-03-22,178.02,178.75,176.03,177.15,171.47,168.75,152.47,138.70,,165.9648,1,166.5259,1,79026,75213,6.0438,6.0230,0.0208
2024-03-25,178.67,179.15,174.27,174.43,172.15,169.27,153.26,138.90,,165.9648,1,167.0539,1,66144,75438,5.8565,5.9897,-0.1332
2024-03-26,175.08,176.14,173.11,175.43,172.54,169.78,154.06,139.12,,165.9648,1,167.5608,1,86392,76475,5.7233,5.9364,-0.2131
2024-03-27,176.27,176.45,173.52,174.68,172.93,170.17,154.92,139.31,,165.9648,1,168.0474,1,97641,77561,5.4936,5.8479,-0.3543
2024-03-28,175.51,177.57,173.23,176.40,173.85,170.61,155.84,139.49,,165.9648,1,168.5146,1,111104,79021,5.3885,5.7560,-0.3675
2024-04-01,176.49,176.63,172.33,172.40,174.21,170.85,156.60,139.64,,165.9648,1,168.9630,1,89747,79556,4.9252,5.5898,-0.6646
2024-04-02,170.19,171.69,168.62,170.79,174.33,170.98,157.28,139.77,,165.9648,1,179.7263,0,68161,79486,4.3780,5.3475,-0.9695
2024-04-03,170.94,172.67,170.00,170.42,174.37,171.36,157.94,139.89,,165.9648,1,179.5042,0,61053,79998,3.8696,5.0519,-1.1823
2024-04-04,172.22,172.22,168.13,169.20,173.92,171.65,158.61,139.99,,165.9648,1,179.2864,0,51770,80166,3.3296,4.7074,-1.3779
2024-04-05,169.88,171.79,168.74,168.86,172.98,171.83,159.33,140.08,,165.9648,1,178.8401,0,89458,80890,2.8420,4.3343,-1.4924
2024-04-08,171.10,171.19,169.03,169.43,172.20,171.84,160.02,140.15,,165.9648,1,178.4116,0,62169,81100,2.4729,3.9620,-1.4892
2024-04-09,169.39,170.20,166.63,168.27,171.59,171.87,160.71,140.21,,165.9648,1,178.0002,0,52897,81397,2.0633,3.5823,-1.5190
2024-04-10,163.39,165.93,162.12,163.56,170.40,171.47,161.26,140.25,,175.4773,0,177.3180,0,74594,81849,1.3431,3.1344,-1.7914
2024-04-11,164.19,165.13,160.89,163.21,169.26,171.09,161.81,140.29,,174.5861,0,176.1024,0,81132,82827,0.7353,2.6546,-1.9193
2024-04-12,161.92,162.77,158.65,159.74,167.59,170.72,162.39,140.31,,172.4961,0,174.5811,0,59136,82686,-0.0258,2.1185,-2.1443
2024-04-15,162.15,162.47,157.30,159.20,166.27,170.24,162.90,140.35,,172.0431,0,172.6690,0,73626,82388,-0.6655,1.5617,-2.2273
2024-04-16,157.88,161.46,156.72,159.64,165.15,169.74,163.37,140.41,,171.4513,0,170.5180,0,50491,81907,-1.1240,1.0246,-2.1486
2024-04-17,159.23,160.74,156.15,156.26,163.74,169.05,163.84,140.47,,170.9514,0,168.3098,0,56378,81784,-1.7400,0.4717,-2.2117
2024-04-18,157.09,158.35,152.15,152.75,162.09,168.01,164.20,140.52,,168.3678,0,166.1208,0,87815,82195,-2.4825,-0.1192,-2.3633
2024-04-19,152.84,157.34,152.66,156.43,160.85,166.91,164.58,140.57,,168.2111,0,163.3272,0,104259,82247,-2.7422,-0.6438,-2.0984
2024-04-22,156.49,161.65,156.15,160.37,159.94,166.07,164.89,140.66,,168.2111,0,152.1525,1,104525,80479,-2.6003,-1.0351,-1.5652
2024-04-23,161.02,165.28,161.02,163.37,159.45,165.52,165.19,140.73,,168.2111,0,152.3426,1,66199,79709,-2.2203,-1.2721,-0.9482
2024-04-24,164.20,164.99,159.75,160.86,159.18,164.79,165.39,140.79,,168.2111,0,152.8600,1,62046,79230,-2.0974,-1.4372,-0.6602
2024-04-25,158.64,160.34,156.93,158.65,158.73,163.99,165.63,140.87,,168.2111,0,153.3567,1,57953,78085,-2.1538,-1.5805,-0.5733
2024-04-26,159.56,161.84,157.45,160.74,158.83,163.21,165.84,140.98,,168.2111,0,153.8335,1,46804,77084,-2.0062,-1.6656,-0.3405
2024-04-29,161.10,163.06,160.39,162.86,159.19,162.73,166.02,141.12,,168.2111,0,154.2913,1,59658,76661,-1.6989,-1.6723,-0.0266
2024-04-30,161.29,162.98,157.24,158.06,159.03,162.09,166.02,141.23,,168.2111,0,154.7307,1,67727,75486,-1.8217,-1.7022,-0.1195
2024-05-01,157.87,159.41,155.55,156.92,159.10,161.42,166.06,141.35,,168.2111,0,155.1526,1,66135,75147,-1.9877,-1.7593,-0.2285
2024-05-02,158.68,160.26,153.51,159.20,159.75,160.92,166.09,141.49,,168.2111,0,165.2776,0,68446,74519,-1.9131,-1.7901,-0.1231
2024-05-03,162.34,163.43,159.45,161.69,160.27,160.56,166.07,141.63,,168.2111,0,165.0423,0,49986,72846,-1.6344,-1.7589,0.1245
2024-05-06,163.65,165.56,162.30,165.39,160.77,160.36,166.08,141.80,,168.2111,0,153.5140,1,102543,73305,-1.1029,-1.6277,0.5249
2024-05-07,148.88,159.57,148.88,153.96,159.83,159.64,165.88,141.91,,168.2111,0,165.5616,0,205196,75706,-1.5849,-1.6191,0.0343
2024-05-08,153.45,157.59,153.29,154.14,159.16,159.17,165.66,142.04,,168.2111,0,165.5616,0,67087,75369,-1.9304,-1.6814,-0.2490
2024-05-09,154.58,159.42,154.22,157.70,159.07,158.90,165.48,142.20,,168.2111,0,165.2280,0,52679,75182,-1.8955,-1.7242,-0.1713
2024-05-10,158.22,159.25,155.67,157.88,158.78,158.80,165.28,142.38,,168.2111,0,164.9011,0,44037,74016,-1.8317,-1.7457,-0.0860
2024-05-13,158.94,160.21,158.22,158.94,158.39,158.79,165.11,142.56,,168.2111,0,164.5807,0,50304,73488,-1.6764,-1.7319,0.0554
2024-05-14,159.56,160.28,156.64,158.97,158.48,158.76,164.93,142.75,,168.2111,0,164.2667,0,44973,73006,-1.5334,-1.6922,0.1588
2024-05-15,161.34,164.13,160.75,163.63,159.15,159.13,164.94,142.95,,168.2111,0,148.8810,1,57552,72617,-1.0319,-1.5601,0.5282
2024-05-16,163.58,163.58,156.54,156.91,158.92,159.33,164.81,143.10,,168.2111,0,149.1861,1,65554,72840,-1.1632,-1.4807,0.3175
2024-05-17,157.28,158.45,156.06,156.40,158.39,159.33,164.63,143.26,144.19,168.2111,0,149.4850,1,37381,71614,-1.2935,-1.4433,0.1498
2024-05-20,156.36,158.50,155.83,156.88,157.54,159.16,164.39,143.46,144.20,168.2111,0,149.7779,1,35061,70748,-1.3425,-1.4231,0.0806
2024-05-21,156.16,156.73,154.42,154.61,157.61,158.72,164.13,143.64,144.19,168.2111,0,150.0650,1,32785,70236,-1.5469,-1.4479,-0.0990
2024-05-22,154.13,155.47,152.80,155.15,157.71,158.43,163.80,143.81,144.18,166.9266,0,150.3463,1,60810,69831,-1.6464,-1.4876,-0.1589
2024-05-23,157.10,157.10,146.17,146.75,156.61,157.84,163.32,143.97,144.13,166.4242,0,164.1316,0,112844,70856,-2.3761,-1.6653,-0.7108
2024-05-24,147.56,149.35,143.74,146.46,155.47,157.13,162.90,144.14,144.09,161.5405,0,163.7724,0,93725,71933,-2.9433,-1.9209,-1.0224
2024-05-28,146.92,147.10,141.12,143.06,153.88,156.14,162.39,144.29,144.03,159.3994,0,162.9710,0,65289,70578,-3.6253,-2.2618,-1.3635
2024-05-29,141.45,142.85,139.77,140.60,152.05,155.26,161.81,144.46,143.97,156.0565,0,161.6602,0,50458,70672,-4.3144,-2.6723,-1.6421
2024-05-30,140.73,143.98,140.70,143.64,150.05,154.60,161.28,144.64,143.92,156.0565,0,159.9091,0,65406,70775,-4.5629,-3.0504,-1.5125
2024-05-31,144.59,146.66,142.66,146.47,149.00,153.96,160.74,144.87,143.90,156.0565,0,158.2981,0,71286,70651,-4.4798,-3.3363,-1.1435
2024-06-03,147.90,148.11,139.31,143.29,147.69,153.04,160.04,145.06,143.87,156.0565,0,156.8160,0,66299,70675,-4.6176,-3.5926,-1.0251
2024-06-04,140.10,142.12,136.81,137.25,145.73,151.64,159.24,145.21,143.83,155.1710,0,155.0656,0,45080,69996,-5.1543,-3.9049,-1.2494
2024-06-05,138.07,140.02,136.91,139.78,144.25,150.93,158.55,145.37,143.81,153.5282,0,152.8754,0,58169,69836,-5.3144,-4.1868,-1.1276
2024-06-06,139.60,140.39,133.65,137.26,142.46,150.08,157.78,145.52,143.78,152.5987,0,150.9480,0,72060,69550,-5.5801,-4.4655,-1.1146
2024-06-07,136.09,138.85,135.17,138.42,141.63,149.12,157.06,145.67,143.75,152.1359,0,148.5263,0,64767,68892,-5.6325,-4.6989,-0.9336
2024-06-10,137.34,140.43,137.30,139.62,140.94,148.21,156.32,145.95,143.70,152.1359,0,146.4436,0,48567,67642,-5.5132,-4.8617,-0.6515
2024-06-11,138.19,140.37,137.94,138.85,140.52,147.20,155.65,146.19,143.64,152.1359,0,144.6526,0,50651,66860,-5.4187,-4.9731,-0.4456
2024-06-12,143.72,148.69,142.35,142.52,140.71,146.38,155.09,146.48,143.60,152.1359,0,133.6501,1,133898,68174,-4.9898,-4.9765,-0.0134
2024-06-13,142.07,142.95,138.16,139.81,140.33,145.19,154.47,146.75,143.54,152.1359,0,133.9508,1,39054,67734,-4.8134,-4.9439,0.1304
2024-06-14,137.13,137.13,131.75,135.68,139.25,144.13,153.80,146.97,143.44,150.6179,0,148.6852,0,75175,68202,-4.9501,-4.9451,-0.0050
2024-06-17,135.57,138.01,133.97,136.72,138.59,143.14,153.16,147.18,143.35,150.6179,0,148.3465,0,56851,67550,-4.9179,-4.9397,0.0217
2024-06-18,137.32,141.04,136.67,139.61,138.83,142.28,152.56,147.40,143.26,150.6179,0,148.0146,0,54147,67390,-4.6062,-4.8730,0.2668
2024-06-20,139.30,139.72,136.90,137.52,138.60,141.42,151.95,147.60,143.14,150.6179,0,147.6893,0,32081,66974,-4.4759,-4.7936,0.3177
2024-06-21,137.80,138.25,135.50,138.22,138.70,140.58,151.44,147.77,143.05,150.6179,0,147.3705,0,71675,66915,-4.2665,-4.6882,0.4216
2024-06-24,138.95,142.18,136.36,139.67,138.82,140.22,150.97,147.94,142.96,150.6179,0,147.0581,0,82508,66943,-3.9383,-4.5382,0.5999
2024-06-25,138.11,138.66,133.78,134.83,138.34,139.64,150.47,148.09,142.85,150.6179,0,146.7519,0,53615,66832,-4.0229,-4.4351,0.4122
2024-06-26,133.79,135.10,132.19,134.02,137.86,139.19,149.97,148.23,142.75,147.8367,0,146.4519,0,54746,66455,-4.1075,-4.3696,0.2621
2024-06-27,133.68,134.33,131.44,133.63,136.97,138.84,149.45,148.37,142.67,146.5204,0,146.1578,0,64872,66742,-4.1582,-4.3273,0.1691
2024-06-28,133.63,135.84,131.14,132.79,136.27,138.30,148.98,148.50,142.60,146.5204,0,145.5690,0,115708,67929,-4.2179,-4.3054,0.0875
2024-07-01,133.84,134.52,129.45,129.80,135.68,137.47,148.52,148.62,142.52,145.8266,0,144.7030,0,57353,67320,-4.4548,-4.3353,-0.1195
2024-07-02,130.21,132.27,128.58,131.45,135.15,136.87,148.02,148.75,142.43,143.9859,0,143.4826,0,54816,66331,-4.4580,-4.3598,-0.0981
2024-07-03,132.74,133.98,131.68,133.21,134.51,136.67,147.48,148.88,142.36,143.9859,0,141.9926,0,28839,64817,-4.2695,-4.3418,0.0723
2024-07-05,132.41,132.41,130.20,130.37,133.80,136.20,146.82,149.00,142.25,143.8785,0,140.6517,0,36336,64220,-4.2995,-4.3333,0.0338
2024-07-08,131.01,134.37,131.01,133.52,133.33,136.01,146.27,149.12,142.16,143.8785,0,139.4448,0,54701,64073,-4.0226,-4.2712,0.2486
2024-07-09,133.52,133.52,130.17,131.13,132.47,135.65,145.72,149.22,142.08,143.8785,0,138.3586,0,45080,63815,-3.9509,-4.2071,0.2562
2024-07-10,132.14,135.46,131.15,134.95,132.49,135.41,145.20,149.31,142.04,143.8785,0,137.3811,0,43260,63745,-3.5450,-4.0747,0.5297
2024-07-11,137.77,139.51,136.80,138.98,132.98,135.42,144.73,149.41,142.02,143.8785,0,128.5831,1,45162,63455,-2.8646,-3.8327,0.9680
2024-07-12,140.15,144.97,140.15,142.91,133.91,135.44,144.42,149.56,142.03,143.8785,0,128.8017,1,83636,63773,-1.9856,-3.4633,1.4777
2024-07-15,143.42,148.92,142.53,147.51,135.38,135.83,144.24,149.73,142.07,132.0845,1,129.4485,1,92169,64294,-0.9076,-2.9521,2.0445
2024-07-16,148.94,156.87,148.28,155.21,137.92,136.80,144.16,149.97,142.16,137.4923,1,130.6168,1,106280,65050,0.5622,-2.2493,2.8115
2024-07-17,153.48,154.24,147.89,148.71,139.65,137.40,143.90,150.15,142.20,137.4923,1,132.7174,1,90289,65856,1.1888,-1.5617,2.7504
2024-07-18,148.29,152.67,146.43,146.74,141.00,137.76,143.52,150.28,142.23,137.4923,1,134.6500,1,71203,65229,1.5087,-0.9476,2.4563
2024-07-19,146.60,147.17,144.39,145.68,142.53,138.17,143.36,150.41,142.27,137.4923,1,136.4280,1,46537,62056,1.6575,-0.4266,2.0841
2024-07-22,147.16,152.26,143.25,149.87,144.17,138.75,143.27,150.53,142.35,137.4923,1,138.0637,1,60911,61933,2.0898,0.0767,2.0131
2024-07-23,148.71,151.92,148.21,149.28,145.99,139.23,143.10,150.56,142.42,137.4923,1,139.5686,1,51520,61910,2.3576,0.5329,1.8247
2024-07-24,147.10,149.35,143.08,143.13,146.80,139.64,142.81,150.56,142.49,137.4923,1,140.9530,1,69202,62413,2.0494,0.8362,1.2132
2024-07-25,143.63,152.03,142.26,148.19,147.72,140.35,142.59,150.60,142.57,137.4923,1,142.2268,1,50947,62426,2.1888,1.1067,1.0821
2024-07-26,151.57,153.97,150.39,152.69,148.70,141.31,142.47,150.67,142.68,137.4923,1,142.2623,1,69753,62921,2.6318,1.4117,1.2201
2024-07-29,153.40,154.61,150.92,152.96,149.25,142.31,142.25,150.74,142.77,137.4923,1,142.2623,1,77086,63312,2.9701,1.7234,1.2467
2024-07-30,153.34,158.61,153.34,155.61,149.29,143.61,142.23,150.82,142.88,139.1013,1,143.4313,1,109686,64195,3.4128,2.0613,1.3515
2024-07-31,158.72,163.83,155.98,157.79,150.19,144.92,142.26,150.91,143.01,142.2510,1,144.9495,1,142780,66303,3.8946,2.4279,1.4667
2024-08-01,166.00,169.31,155.40,160.03,151.52,146.26,142.32,150.98,143.18,142.2948,1,147.2148,1,153411,68670,4.4064,2.8236,1.5827
2024-08-02,153.68,153.69,144.02,148.32,151.79,147.16,142.19,150.99,143.28,142.2948,1,169.3066,0,132145,70657,3.8233,3.0236,0.7998
2024-08-05,141.27,145.76,138.85,144.07,151.21,147.69,141.97,150.98,143.35,142.2948,1,169.3066,0,123823,71917,2.9838,3.0156,-0.0318
2024-08-06,143.38,150.68,142.59,146.63,150.94,148.46,141.97,150.99,143.47,142.2948,1,168.0886,0,103897,71738,2.4964,2.9118,-0.4153
2024-08-07,149.32,150.43,145.72,146.15,151.24,149.02,141.96,151.02,143.59,142.2948,1,166.9192,0,69370,71251,2.0478,2.7390,-0.6912
2024-08-08,148.21,153.91,147.19,153.01,151.72,149.72,142.16,151.12,143.76,142.2948,1,165.7966,0,75864,71462,2.2197,2.6351,-0.4154
2024-08-09,152.99,154.60,149.22,150.68,151.52,150.11,142.36,151.22,143.93,142.2948,1,164.7190,0,60241,71658,2.1435,2.5368,-0.3933
2024-08-12,150.91,152.19,147.77,148.39,151.07,150.16,142.46,151.30,144.10,142.2948,1,163.6844,0,36750,71085,1.8768,2.4048,-0.5280
2024-08-13,149.76,152.43,148.60,152.08,150.71,150.00,142.57,151.39,144.30,142.2948,1,162.6912,0,48273,70625,1.9410,2.3121,-0.3710
2024-08-14,152.74,153.77,150.43,152.11,150.15,150.17,142.75,151.49,144.49,142.2948,1,161.7378,0,33071,69960,1.9716,2.2440,-0.2724
2024-08-15,154.12,157.15,153.02,154.95,149.64,150.58,143.10,151.60,144.68,142.2948,1,160.8224,0,100465,71068,2.1994,2.2351,-0.0356
2024-08-16,154.57,156.22,153.98,154.92,150.30,151.04,143.40,151.74,144.88,142.2948,1,159.9437,0,35875,70622,2.3505,2.2582,0.0924
2024-08-19,155.06,157.90,153.97,156.88,151.58,151.39,143.80,151.88,145.09,142.2948,1,159.1002,0,60661,70394,2.5988,2.3263,0.2725
2024-08-20,156.23,157.98,152.00,154.70,152.39,151.66,144.12,152.03,145.28,142.2948,1,158.2904,0,69507,70489,2.5898,2.3790,0.2108
2024-08-21,155.70,157.98,153.85,157.76,153.55,152.40,144.48,152.22,145.59,142.2948,1,138.8548,1,37496,70267,2.7969,2.4626,0.3343
2024-08-22,158.98,159.68,156.48,157.24,153.97,152.85,144.85,152.37,145.86,142.2948,1,139.2374,1,73751,70729,2.8857,2.5472,0.3385
2024-08-23,158.55,165.29,157.22,164.86,155.39,153.46,145.30,152.55,146.19,144.5049,1,140.0552,1,71567,69483,3.5303,2.7438,0.7865
2024-08-26,165.40,167.08,163.35,163.41,156.89,153.98,145.77,152.73,146.51,149.0178,1,141.5693,1,39905,69500,3.8799,2.9710,0.9089
2024-08-27,162.64,164.18,160.00,162.80,157.96,154.34,146.31,152.91,146.80,149.0178,1,143.6100,1,45987,68916,4.0603,3.1889,0.8714
2024-08-28,161.23,164.02,159.91,160.81,158.83,154.49,146.80,153.09,147.09,149.0178,1,145.4874,1,49570,68770,3.9971,3.3505,0.6466
2024-08-29,163.33,166.10,161.72,162.26,159.56,154.60,147.25,153.28,147.36,149.0178,1,147.2146,1,52725,68742,4.0172,3.4839,0.5333
2024-08-30,163.93,165.74,161.48,164.79,160.55,155.43,147.79,153.48,147.65,149.0178,1,148.8036,1,45057,69002,4.1893,3.6249,0.5643
2024-09-03,163.13,163.72,153.25,153.91,160.25,155.92,148.11,153.60,147.86,149.0178,1,150.2655,1,61485,68798,3.4084,3.5816,-0.1733
2024-09-04,152.89,152.89,146.72,148.04,159.59,155.99,148.28,153.68,148.02,167.4241,0,167.0775,0,95771,69063,2.2893,3.3232,-1.0339
2024-09-05,148.01,150.32,144.41,149.24,158.74,156.14,148.56,153.81,148.21,165.0002,0,166.6704,0,84151,69674,1.4827,2.9551,-1.4723
2024-09-06,150.03,151.41,145.84,146.32,157.64,155.81,148.81,153.89,148.37,165.0002,0,165.7801,0,72623,70031,0.6005,2.4842,-1.8837
2024-09-09,147.30,150.03,145.25,145.28,155.69,155.54,149.04,153.95,148.53,164.8610,0,164.9254,0,60877,69951,-0.1806,1.9512,-2.1318
2024-09-10,146.13,146.40,142.65,144.86,153.83,155.36,149.28,154.03,148.70,161.1463,0,164.1049,0,41527,68468,-0.8234,1.3963,-2.2197
2024-09-11,142.85,146.07,139.87,145.91,152.14,155.05,149.61,154.11,148.87,159.7941,0,162.8173,0,75523,68831,-1.2346,0.8701,-2.1047
2024-09-12,145.94,148.27,145.39,146.17,150.68,154.76,149.90,154.17,149.03,159.7941,0,160.9812,0,51591,68767,-1.5215,0.3918,-1.9133
2024-09-13,148.31,154.43,147.03,152.26,149.68,154.62,150.28,154.22,149.23,159.7941,0,159.2920,0,65214,69494,-1.2433,0.0648,-1.3081
2024-09-16,152.94,154.62,150.96,153.01,148.50,154.53,150.73,154.25,149.43,159.7941,0,157.7380,0,73480,70237,-0.9517,-0.1385,-0.8131
2024-09-17,154.35,162.57,154.03,160.80,149.19,154.72,151.28,154.31,149.66,140.7679,1,139.8663,1,90194,70947,-0.0903,-0.1289,0.0386
2024-09-18,162.71,165.71,158.67,162.74,150.66,155.12,151.91,154.42,149.89,144.3023,1,140.3203,1,173807,73521,0.7399,0.0449,0.6950
2024-09-19,168.94,171.61,166.12,171.11,152.85,155.79,152.64,154.56,150.14,150.1057,1,141.3360,1,143007,75516,2.0501,0.4459,1.6042
2024-09-20,168.63,170.11,166.53,166.62,154.88,156.26,153.19,154.64,150.36,150.1057,1,143.1527,1,129085,77195,2.6945,0.8956,1.7989
2024-09-23,167.70,168.62,164.13,164.79,156.83,156.26,153.63,154.69,150.58,150.1057,1,144.8604,1,63533,76793,3.0229,1.3211,1.7018
2024-09-24,166.18,168.83,164.78,165.45,158.88,156.36,153.98,154.76,150.80,150.1057,1,146.4656,1,39778,75745,3.2983,1.7165,1.5818
2024-09-25,166.22,166.22,161.17,161.86,160.48,156.31,154.12,154.79,151.00,150.1057,1,147.9746,1,46795,74555,3.1905,2.0113,1.1792
2024-09-26,164.94,166.21,164.02,165.97,162.46,156.57,154.46,154.81,151.23,150.1057,1,149.3930,1,71424,74178,3.3972,2.2885,1.1087
2024-09-27,167.08,170.17,164.19,164.51,163.69,156.68,154.82,154.81,151.42,150.4274,1,150.7262,1,54484,73844,3.4042,2.5116,0.8925
2024-09-30,163.66,164.74,161.13,163.23,164.71,156.60,155.17,154.80,151.60,150.4274,1,151.9795,1,57909,74071,3.2688,2.6631,0.6058
2024-10-01,163.39,164.22,159.02,161.11,164.74,156.96,155.39,154.78,151.75,150.4274,1,153.1576,1,62263,74098,2.9560,2.7217,0.2343
2024-10-02,160.36,162.89,159.28,161.98,164.66,157.66,155.65,154.74,151.83,150.4274,1,154.2650,1,51029,74088,2.7471,2.7267,0.0203
2024-10-03,160.78,161.36,157.81,161.23,163.68,158.26,156.01,154.70,151.92,150.4274,1,155.3060,1,47009,73644,2.4924,2.6799,-0.1875
2024-10-04,164.86,165.41,161.45,165.13,163.53,159.20,156.35,154.68,152.04,150.4274,1,156.2845,1,73685,74099,2.5753,2.6590,-0.0836
2024-10-07,164.02,167.51,163.43,166.65,163.71,160.27,156.63,154.67,152.16,150.7511,1,157.2043,1,44962,73603,2.7318,2.6735,0.0583
2024-10-08,166.85,167.01,162.45,162.85,163.45,161.17,156.83,154.67,152.26,150.7511,1,158.0689,1,52196,73106,2.5203,2.6429,-0.1226
2024-10-09,162.44,165.25,162.12,164.11,163.68,162.08,157.00,154.68,152.36,150.7511,1,158.8816,1,62989,72172,2.4264,2.5996,-0.1732
2024-10-10,163.06,163.19,160.08,161.34,163.21,162.84,157.07,154.65,152.45,150.7511,1,159.6455,1,52385,70364,2.1045,2.5006,-0.3961
2024-10-11,161.70,169.90,161.70,168.49,163.61,163.65,157.24,154.65,152.55,150.7511,1,160.0833,1,70200,68700,2.3983,2.4801,-0.0818
2024-10-14,169.44,175.12,168.76,174.56,164.74,164.73,157.76,154.69,152.68,156.3887,1,160.0833,1,85342,67763,3.0854,2.6012,0.4843
2024-10-15,174.50,176.06,171.03,171.48,165.78,165.26,158.31,154.69,152.81,158.0364,1,161.2862,1,63152,66550,3.3430,2.7495,0.5934
2024-10-16,173.58,175.62,172.06,174.92,167.08,165.87,158.87,154.72,152.96,158.6396,1,162.7640,1,98461,66441,3.7814,2.9559,0.8255
2024-10-17,174.92,176.59,173.34,173.72,168.32,166.00,159.43,154.76,153.12,160.3073,1,164.0940,1,70687,66468,3.9860,3.1619,0.8241
2024-10-18,174.46,175.30,172.82,174.25,169.24,166.38,159.85,154.80,153.30,160.3073,1,165.5930,1,66547,66281,4.1433,3.3582,0.7851
2024-10-21,174.09,174.90,170.17,170.22,169.59,166.65,160.24,154.80,153.47,160.3073,1,166.9121,1,59626,66269,3.8974,3.4660,0.4314
2024-10-22,169.61,169.63,166.91,167.07,170.02,166.73,160.62,154.78,153.63,160.3073,1,176.5856,0,52785,66590,3.4092,3.4547,-0.0455
2024-10-23,166.61,168.80,164.33,165.31,170.14,166.91,160.88,154.73,153.76,160.3073,1,176.3922,0,53118,66687,2.8473,3.3332,-0.4859
2024-10-24,166.22,167.50,164.16,165.37,170.54,166.88,161.14,154.64,153.90,160.3073,1,175.9098,0,62699,67279,2.3794,3.1424,-0.7631
2024-10-25,168.13,168.13,163.58,163.77,170.07,166.84,161.32,154.55,154.03,160.3073,1,175.2047,0,57119,66412,1.8585,2.8856,-1.0272
2024-10-28,166.32,169.10,164.56,168.13,169.42,167.08,161.59,154.51,154.20,160.3073,1,174.2744,0,57460,66844,1.7769,2.6639,-0.8870
2024-10-29,165.73,167.25,164.69,166.72,168.95,167.37,161.78,154.45,154.36,160.3073,1,173.4186,0,69428,67019,1.5797,2.4471,-0.8673
2024-10-30,166.32,169.93,165.80,166.35,168.09,167.58,162.02,154.40,154.53,160.3073,1,172.6313,0,46201,66553,1.3782,2.2333,-0.8551
2024-10-31,165.20,167.39,163.17,163.88,167.11,167.72,162.14,154.31,154.70,160.3073,1,171.9069,0,66899,67141,1.0076,1.9881,-0.9806
2024-11-01,163.60,168.60,163.60,166.32,166.31,167.78,162.32,154.27,154.85,160.3073,1,171.0335,0,96274,67592,0.9004,1.7706,-0.8702
2024-11-04,165.01,170.63,165.01,167.50,166.04,167.82,162.37,154.25,155.01,160.3073,1,163.1732,1,93604,68032,0.9003,1.5965,-0.6962
2024-11-05,147.90,166.86,142.03,165.29,165.86,167.94,162.41,154.22,155.15,160.3073,1,170.6322,0,167029,70575,0.7134,1.4199,-0.7065
2024-11-06,180.55,182.32,175.49,178.70,167.20,168.67,162.73,154.28,155.36,160.3073,1,142.0262,1,197653,73608,1.6288,1.4617,0.1671
2024-11-07,178.41,179.93,174.45,176.06,168.27,169.41,163.03,154.33,155.58,160.3073,1,142.0262,1,112827,74873,2.1170,1.5927,0.5243
2024-11-08,175.34,176.17,171.77,172.27,169.12,169.59,163.23,154.35,155.77,160.3073,1,142.8321,1,66383,75147,2.1724,1.7087,0.4637
2024-11-11,174.73,175.09,172.31,173.49,169.66,169.54,163.41,154.38,155.96,160.3073,1,143.6219,1,102765,76301,2.2884,1.8246,0.4637
2024-11-12,171.75,173.26,167.14,167.82,169.77,169.36,163.69,154.41,156.12,160.3073,1,144.3959,1,69256,76456,1.9010,1.8399,0.0611
2024-11-13,168.29,170.87,168.07,169.40,170.07,169.08,164.11,154.45,156.29,160.3073,1,145.1545,1,87573,76292,1.7022,1.8124,-0.1101
2024-11-14,170.01,172.20,168.26,169.74,170.66,168.88,164.52,154.52,156.49,160.3073,1,145.8978,1,95749,76524,1.5538,1.7606,-0.2069
2024-11-15,169.87,171.18,166.08,167.02,170.73,168.52,164.94,154.57,156.65,160.3073,1,146.6263,1,72543,76523,1.2031,1.6491,-0.4460
2024-11-18,166.64,170.46,165.33,169.75,170.95,168.50,165.43,154.64,156.82,160.3073,1,147.3403,1,95048,77206,1.1321,1.5457,-0.4136
2024-11-19,166.96,169.47,164.87,169.27,171.35,168.61,165.91,154.73,157.00,160.3073,1,148.0399,1,69926,77774,1.0259,1.4418,-0.4159
2024-11-20,169.03,169.27,163.15,168.47,170.33,168.77,166.37,154.83,157.17,160.3073,1,148.7256,1,75824,77780,0.8666,1.3267,-0.4601
2024-11-21,169.70,172.81,167.54,170.97,169.82,169.05,166.86,154.93,157.34,160.3073,1,149.3975,1,42810,77604,0.9313,1.2477,-0.3163
2024-11-22,171.52,175.66,170.96,174.54,170.05,169.58,167.31,155.02,157.49,160.3073,1,150.0560,1,97820,78256,1.2564,1.2494,0.0070
2024-11-25,176.52,179.78,176.05,179.31,170.63,170.14,167.83,155.13,157.64,161.0522,1,150.7013,1,156217,79911,1.8775,1.3750,0.5024
2024-11-26,177.87,177.87,168.56,169.23,170.77,170.27,168.00,155.18,157.74,161.0522,1,151.3337,1,118591,80479,1.5380,1.4076,0.1304
2024-11-27,170.99,173.60,166.81,166.95,170.52,170.30,168.09,155.24,157.84,161.0522,1,151.9535,1,76720,78537,1.0732,1.3407,-0.2675
2024-11-29,168.98,172.17,168.77,169.95,170.55,170.60,168.06,155.30,157.94,161.0522,1,152.5609,1,47236,76622,0.9363,1.2599,-0.3236
2024-12-02,170.66,173.15,169.28,171.73,171.02,170.87,168.16,155.36,158.02,161.0522,1,153.1561,1,71867,75478,0.9604,1.2000,-0.2396
2024-12-03,172.21,174.65,168.82,171.99,171.24,171.10,168.31,155.45,158.10,161.0522,1,153.7395,1,79840,75804,0.9888,1.1577,-0.1690
2024-12-04,172.80,173.25,167.05,170.16,171.33,171.34,168.40,155.54,158.17,161.0522,1,154.3111,1,58153,76171,0.8537,1.0969,-0.2432
2024-12-05,171.11,171.11,165.59,166.31,171.11,170.72,168.49,155.59,158.21,161.0522,1,154.8714,1,78471,76805,0.4312,0.9638,-0.5326
2024-12-06,167.94,168.28,165.31,167.73,170.79,170.30,168.53,155.63,158.24,161.0522,1,155.4204,1,63049,76637,0.2083,0.8127,-0.6043
2024-12-09,168.16,170.14,167.11,167.73,170.11,170.08,168.59,155.64,158.25,161.0522,1,155.9584,1,59197,76732,0.0314,0.6564,-0.6251
2024-12-10,166.88,167.53,162.59,165.50,168.73,169.68,168.64,155.72,158.26,161.0522,1,156.4857,1,58241,76738,-0.2859,0.4680,-0.7538
2024-12-11,167.91,169.22,165.50,167.32,168.54,169.65,168.76,155.81,158.27,161.0522,1,157.0024,1,57725,76647,-0.3859,0.2972,-0.6831
2024-12-12,168.66,170.69,165.98,168.70,168.71,169.62,168.90,155.88,158.28,161.0522,1,157.5088,1,88943,77406,-0.3492,0.1679,-0.5171
2024-12-13,167.39,168.72,164.10,166.18,168.34,169.44,168.99,155.94,158.27,161.0522,1,158.0051,1,77938,78024,-0.5175,0.0308,-0.5483
2024-12-16,164.75,166.95,162.95,163.25,167.49,169.25,168.96,155.97,158.25,161.0522,1,158.4915,1,51280,77576,-0.8773,-0.1508,-0.7265
2024-12-17,162.45,162.88,159.88,159.92,166.28,168.76,168.82,155.97,158.21,175.7551,0,158.9681,1,68742,78052,-1.4153,-0.4037,-1.0116
2024-12-18,161.78,164.08,153.56,154.03,164.67,168.00,168.65,155.91,158.17,174.9147,0,182.3225,0,130217,79612,-2.2902,-0.7810,-1.5092
2024-12-19,155.99,157.85,151.20,153.53,163.39,167.25,168.43,155.89,158.12,171.0054,0,181.7473,0,84812,80049,-2.9895,-1.2227,-1.7668
2024-12-20,152.48,156.63,152.48,153.47,161.96,166.38,168.28,155.87,158.06,170.6325,0,180.5253,0,156662,82134,-3.5081,-1.6798,-1.8283
2024-12-23,152.95,154.04,151.63,153.66,160.56,165.33,167.98,155.85,157.98,168.0307,0,179.3522,0,52982,81790,-3.8594,-2.1157,-1.7437
2024-12-24,153.57,156.33,152.41,156.02,159.61,164.17,167.61,155.85,157.92,168.0307,0,178.2260,0,32265,80728,-3.9024,-2.4730,-1.4293
2024-12-26,155.54,157.46,154.19,156.90,158.57,163.55,167.32,155.87,157.85,168.0307,0,177.1448,0,38824,80242,-3.8217,-2.7428,-1.0789
2024-12-27,155.49,157.84,152.80,154.00,157.10,162.90,166.90,155.91,157.77,168.0307,0,176.1069,0,48859,79250,-3.9457,-2.9833,-0.9623
2024-12-30,152.11,153.02,149.92,151.11,155.59,161.96,166.45,155.95,157.69,165.6754,0,175.1106,0,80634,79449,-4.2286,-3.2324,-0.9962
2024-12-31,151.41,153.13,150.97,153.00,154.56,161.03,166.02,156.01,157.61,165.4854,0,173.5990,0,54994,79218,-4.2511,-3.4361,-0.8150
2025-01-02,154.27,154.66,150.20,151.18,153.69,159.98,165.64,156.08,157.51,165.4854,0,172.1782,0,48253,78990,-4.3658,-3.6221,-0.7437
2025-01-03,151.39,156.99,149.10,156.50,153.94,159.30,165.43,156.17,157.45,165.4854,0,170.8426,0,83704,79609,-3.9810,-3.6939,-0.2872
2025-01-06,158.13,161.90,155.77,156.79,154.26,158.83,165.26,156.24,157.36,165.4854,0,169.1029,0,123965,81025,-3.6114,-3.6774,0.0660
2025-01-07,157.24,158.66,152.95,154.04,154.32,158.14,165.03,156.31,157.24,165.4854,0,167.5024,0,61894,81009,-3.5002,-3.6419,0.1418
2025-01-08,151.28,153.48,150.31,153.06,154.26,157.41,164.82,156.41,157.12,165.4854,0,166.0300,0,58057,81028,-3.4510,-3.6038,0.1527
2025-01-10,150.77,151.45,145.40,147.18,153.38,156.49,164.40,156.46,156.98,163.9414,0,164.6753,0,85613,81591,-3.8421,-3.6514,-0.1907
2025-01-13,146.11,150.87,146.11,149.72,152.66,155.61,164.06,156.55,156.86,163.8831,0,162.7476,0,89289,81988,-3.9025,-3.7016,-0.2009
2025-01-14,151.61,154.89,150.56,153.28,152.59,154.84,163.80,156.65,156.75,163.8831,0,161.0127,0,68054,82425,-3.6214,-3.6856,0.0642
2025-01-15,158.16,159.29,154.39,155.19,152.99,154.29,163.62,156.75,156.64,163.8831,0,159.4512,0,56756,82223,-3.2072,-3.5899,0.3827
2025-01-16,154.26,157.16,153.65,156.29,153.32,153.94,163.42,156.87,156.56,163.8831,0,159.2852,0,47934,81256,-2.7588,-3.4237,0.6649
2025-01-17,158.55,158.55,153.93,154.35,153.64,153.67,163.16,156.94,156.48,163.8831,0,159.2852,0,72366,80831,-2.5303,-3.2450,0.7147
2025-01-21,155.99,160.25,154.97,159.84,153.97,153.96,163.05,157.08,156.43,163.8831,0,145.3983,1,62604,78742,-1.8849,-2.9730,1.0881
2025-01-22,160.96,162.36,159.45,159.93,154.29,154.28,162.68,157.24,156.38,163.8831,0,145.6953,1,64114,76072,-1.3508,-2.6485,1.2978
2025-01-23,159.22,165.12,158.34,164.81,155.36,154.84,162.45,157.43,156.36,146.5257,1,146.3620,1,77384,75363,-0.5274,-2.2243,1.6969
2025-01-24,164.98,165.48,161.96,163.17,156.38,155.32,162.27,157.58,156.33,148.9773,1,147.4877,1,56001,75155,-0.0069,-1.7808,1.7739
2025-01-27,161.59,161.59,157.12,160.69,157.73,155.55,162.01,157.74,156.29,148.9773,1,148.9270,1,85452,74809,0.2027,-1.3841,1.5868
2025-01-28,160.06,160.76,155.70,158.62,158.62,155.64,161.83,157.87,156.27,148.9773,1,150.2512,1,54666,74517,0.2001,-1.0673,1.2674
2025-01-29,158.78,160.61,157.51,158.49,159.14,155.86,161.61,158.00,156.24,148.9773,1,151.4694,1,33375,73433,0.1849,-0.8169,1.0017
2025-01-30,161.20,163.13,158.71,160.81,159.70,156.35,161.43,158.17,156.25,148.9773,1,152.5902,1,72606,72970,0.3565,-0.5822,0.9387
2025-01-31,161.14,161.14,154.92,156.55,159.73,156.52,161.22,158.32,156.23,148.9773,1,153.6213,1,194587,75411,0.1470,-0.4364,0.5833
2025-02-03,147.18,152.77,146.70,149.80,159.27,156.46,160.82,158.43,156.19,148.9773,1,165.4790,0,131088,76132,-0.5578,-0.4606,-0.0972
2025-02-04,154.41,154.90,151.77,152.77,158.56,156.27,160.49,158.56,156.17,148.9773,1,165.1035,0,104024,76814,-0.8668,-0.5419,-0.3249
2025-02-05,152.33,153.76,150.77,152.94,157.86,156.08,160.18,158.72,156.17,148.9773,1,164.7354,0,109976,77497,-1.0848,-0.6505,-0.4344
2025-02-06,149.92,149.92,140.15,140.91,155.48,155.42,159.58,158.78,156.09,162.8339,0,164.3747,0,196503,80571,-2.2032,-0.9610,-1.2422
2025-02-07,141.78,142.11,136.21,137.13,152.87,154.62,158.83,158.81,155.97,156.9529,0,163.4058,0,128014,81175,-3.3556,-1.4399,-1.9157
2025-02-10,138.20,138.66,134.29,134.63,150.27,154.00,157.94,158.84,155.83,153.8017,0,161.7738,0,101460,80080,-4.4201,-2.0360,-2.3841
2025-02-11,133.15,135.04,132.62,133.76,147.78,153.20,157.23,158.84,155.70,150.1489,0,159.5753,0,86119,79430,-5.2730,-2.6834,-2.5896
2025-02-12,130.27,137.48,129.50,136.48,145.58,152.36,156.62,158.87,155.58,150.1489,0,156.8794,0,181402,81524,-5.6639,-3.2795,-2.3845
2025-02-13,136.60,137.04,134.43,134.54,142.95,151.33,155.91,158.87,155.45,150.1489,0,153.5938,0,69269,81964,-6.0607,-3.8357,-2.2250
2025-02-14,135.96,139.20,135.03,135.29,140.82,150.28,155.18,158.85,155.32,150.1489,0,150.7024,0,94647,82420,-6.2427,-4.3171,-1.9256
2025-02-18,135.65,136.15,131.92,134.63,139.31,149.29,154.44,158.79,155.20,149.6478,0,148.1581,0,76071,82345,-6.3668,-4.7271,-1.6398
2025-02-19,133.15,134.84,132.45,134.11,137.44,148.00,153.72,158.70,155.08,148.4126,0,145.9190,0,73968,82661,-6.4333,-5.0683,-1.3650
2025-02-20,134.32,134.32,131.84,134.18,135.57,146.72,153.07,158.56,154.96,147.1190,0,143.9487,0,63454,82361,-6.4057,-5.3358,-1.0699
2025-02-21,135.28,135.28,131.02,132.80,134.76,145.12,152.38,158.45,154.82,147.0623,0,142.2147,0,137720,83854,-6.4212,-5.5529,-0.8684
2025-02-24,133.15,133.59,130.29,131.54,134.20,143.53,151.65,158.35,154.65,145.4540,0,140.6889,0,102482,84720,-6.4609,-5.7345,-0.7265
2025-02-25,131.19,132.20,127.18,131.33,133.87,142.07,150.97,158.26,154.53,143.3599,0,139.3461,0,107686,85709,-6.4349,-5.8746,-0.5604
2025-02-26,132.51,134.40,131.41,132.65,133.76,140.77,150.28,158.14,154.43,143.3599,0,137.6431,0,61691,85788,-6.2366,-5.9470,-0.2896
2025-02-27,132.51,132.51,127.49,128.16,132.92,139.25,149.46,158.00,154.28,143.3599,0,136.1785,0,92829,85866,-6.3681,-6.0312,-0.3369
2025-02-28,128.22,129.00,125.92,127.63,132.23,137.59,148.69,157.90,154.13,140.4831,0,134.9189,0,95730,86222,-6.4411,-6.1132,-0.3279
2025-03-03,129.20,130.24,119.86,122.01,130.90,135.86,147.87,157.72,153.94,139.8868,0,133.4790,0,79249,86781,-6.8725,-6.2651,-0.6075
2025-03-04,118.85,121.38,115.58,118.36,129.28,134.29,147.04,157.50,153.74,133.7637,0,131.0281,0,105465,87515,-7.4233,-6.4967,-0.9266
2025-03-05,119.86,122.98,118.52,122.32,128.10,132.77,146.40,157.29,153.53,133.7637,0,130.2390,0,75727,86426,-7.4548,-6.6883,-0.7665
2025-03-06,120.43,123.92,119.21,121.90,126.87,131.22,145.77,157.07,153.36,133.7637,0,127.3078,0,68864,86107,-7.4283,-6.8363,-0.5920
2025-03-07,121.28,122.42,117.87,120.94,125.68,130.22,145.12,156.82,153.18,133.7637,0,124.9628,0,59790,84169,-7.3992,-6.9489,-0.4503
2025-03-10,118.63,119.75,115.44,115.73,124.10,129.15,144.36,156.53,152.97,132.6542,0,123.9170,0,56523,84240,-7.7075,-7.1006,-0.6069
2025-03-11,116.09,117.27,112.17,116.88,122.66,128.26,143.58,156.32,152.79,129.7985,0,122.4178,0,98636,85567,-7.7692,-7.2343,-0.5349
2025-03-12,118.35,118.77,114.86,117.08,121.10,127.43,142.78,156.14,152.60,129.7985,0,120.3683,0,69291,86177,-7.7132,-7.3301,-0.3831
2025-03-13,116.66,116.94,112.64,113.31,119.62,126.27,141.97,155.91,152.43,129.3936,0,118.7685,0,60248,86405,-7.8820,-7.4405,-0.4415
2025-03-14,115.34,115.57,112.79,115.12,118.37,125.30,141.25,155.71,152.27,128.1565,0,118.7685,0,103998,86872,-7.7805,-7.5085,-0.2720
2025-03-17,114.37,117.40,113.95,116.79,117.84,124.37,140.52,155.47,152.14,128.1565,0,117.4489,0,100116,87774,-7.4793,-7.5027,0.0234
2025-03-18,116.10,118.75,114.30,117.14,117.72,123.50,139.84,155.24,152.02,128.1565,0,112.1703,1,51986,87849,-7.1298,-7.4281,0.2983
2025-03-19,117.32,122.57,117.07,121.62,117.65,122.87,139.15,155.06,151.91,128.1565,0,112.3019,1,103457,88244,-6.4175,-7.2260,0.8085
2025-03-20,119.77,123.18,119.48,121.84,117.65,122.26,138.45,154.86,151.79,128.1565,0,112.7124,1,114525,88055,-5.7689,-6.9346,1.1656
2025-03-21,120.00,120.29,116.15,119.08,117.46,121.57,137.75,154.64,151.67,128.1565,0,113.3403,1,99804,88813,-5.4146,-6.6306,1.2159
2025-03-24,121.49,123.30,121.13,122.69,118.16,121.13,137.14,154.43,151.60,128.1565,0,113.9305,1,70199,89056,-4.7873,-6.2619,1.4746
2025-03-25,123.15,125.41,120.75,123.17,118.78,120.72,136.66,154.22,151.51,128.1565,0,114.6797,1,63951,88623,-4.2036,-5.8503,1.6467
2025-03-26,121.49,124.08,120.47,121.23,119.20,120.15,136.09,153.98,151.43,128.1565,0,115.7524,1,51270,87863,-3.8525,-5.4507,1.5982
2025-03-27,120.43,120.84,117.72,119.13,119.78,119.70,135.41,153.74,151.34,128.1565,0,116.7178,1,70843,87918,-3.7011,-5.1008,1.3997
2025-03-28,118.35,118.87,114.62,116.41,119.91,119.14,134.63,153.46,151.22,128.1565,0,125.4063,0,81842,88420,-3.7575,-4.8321,1.0746
2025-03-31,114.01,114.11,109.95,112.62,119.49,118.67,133.76,153.17,151.09,125.9008,0,125.1905,0,106757,89597,-4.0611,-4.6779,0.6168
2025-04-01,112.12,114.50,110.01,113.48,119.13,118.42,132.94,152.82,150.94,125.9008,0,124.5809,0,61272,89375,-4.1840,-4.5791,0.3951
2025-04-02,111.61,120.61,111.61,120.20,118.99,118.32,132.15,152.54,150.85,125.9008,0,123.9957,0,92834,89979,-3.6968,-4.4027,0.7059
2025-04-03,111.52,113.32,101.04,101.60,116.96,117.30,130.98,152.13,150.67,125.9008,0,123.4340,0,176497,92227,-4.7565,-4.4734,-0.2831
2025-04-04,95.24,97.86,91.50,97.78,114.83,116.15,129.64,151.71,150.48,115.1551,0,122.0903,0,151715,93714,-5.8372,-4.7462,-1.0910
2025-04-07,93.95,98.85,89.58,94.75,112.04,115.10,128.27,151.26,150.26,115.1551,0,119.6433,0,197508,96544,-6.8596,-5.1689,-1.6907
2025-04-08,98.78,99.79,91.30,93.05,109.03,113.91,126.92,150.78,150.03,115.1551,0,116.6373,0,111536,97065,-7.7182,-5.6787,-2.0394
2025-04-09,91.37,107.01,90.61,106.04,107.51,113.35,125.87,150.46,149.87,115.1551,0,113.9320,0,133421,98640,-7.2660,-5.9962,-1.2698
2025-04-10,101.54,101.54,93.17,95.64,105.16,112.47,124.61,150.11,149.65,115.1551,0,111.4971,0,98546,99944,-7.6591,-6.3288,-1.3303
2025-04-11,95.27,98.29,92.11,98.22,103.34,111.62,123.36,149.77,149.47,115.1551,0,109.3058,0,153165,101555,-7.6738,-6.5978,-1.0760
2025-04-14,101.02,101.02,95.95,99.39,102.02,110.75,122.22,149.46,149.30,115.1551,0,107.3336,0,108940,99842,-7.5048,-6.7792,-0.7256
2025-04-15,98.44,100.13,97.09,97.89,100.46,109.79,121.18,149.14,149.12,115.1551,0,105.5586,0,60039,98421,-7.4060,-6.9045,-0.5014
2025-04-16,95.91,97.36,93.40,95.60,98.00,108.49,120.03,148.81,148.93,115.1551,0,103.9611,0,74075,97822,-7.4273,-7.0091,-0.4182
2025-04-17,95.81,98.14,94.81,97.33,97.57,107.27,118.92,148.49,148.77,115.1551,0,102.5234,0,82598,97275,-7.2212,-7.0515,-0.1697
2025-04-21,95.61,96.47,94.03,96.22,97.41,106.12,118.03,148.16,148.59,114.7040,0,101.2294,0,73468,94814,-7.0658,-7.0544,-0.0115
2025-04-22,98.08,100.40,97.09,100.11,97.95,104.99,117.29,147.81,148.43,114.7040,0,89.5837,1,62471,93503,-6.5534,-6.9542,0.4007
2025-04-23,104.29,108.15,100.96,101.48,98.79,103.91,116.63,147.47,148.28,114.7040,0,89.7999,1,69330,92860,-5.9676,-6.7569,0.7892
2025-04-24,102.87,105.79,100.47,105.19,98.71,103.11,116.05,147.10,148.14,114.7040,0,90.5340,1,64197,92422,-5.1448,-6.4345,1.2897
2025-04-25,104.19,105.95,103.63,105.87,99.73,102.44,115.44,146.72,148.02,114.7040,0,91.2387,1,65978,90113,-4.3878,-6.0251,1.6374
2025-04-28,106.52,108.10,103.52,104.89,100.40,101.87,114.85,146.27,147.87,114.7040,0,91.9152,1,68665,90101,-3.8228,-5.5846,1.7619
2025-04-29,105.53,106.55,104.02,105.76,101.03,101.52,114.26,145.87,147.70,114.7040,0,92.5646,1,47725,89163,-3.2671,-5.1211,1.8540
2025-04-30,103.35,105.07,101.13,104.70,101.71,101.09,113.66,145.47,147.51,114.7040,0,93.1881,1,73770,89117,-2.8790,-4.6727,1.7937
2025-05-01,106.05,107.64,104.82,106.16,102.77,100.38,113.10,145.07,147.30,114.7040,0,93.7866,1,114027,89918,-2.4253,-4.2232,1.7979
2025-05-02,108.66,112.29,107.27,110.53,104.09,100.83,112.63,144.73,147.08,114.7040,0,94.3612,1,76099,90171,-1.6942,-3.7174,2.0232
2025-05-05,108.99,111.10,108.32,109.09,105.38,101.39,112.15,144.35,146.88,114.7040,0,95.4367,1,124506,89907,-1.2165,-3.2172,2.0007
2025-05-06,127.28,127.28,120.13,123.89,107.76,102.85,112.00,144.08,146.77,104.7816,1,96.4477,1,222000,92297,0.3521,-2.5034,2.8555
2025-05-07,125.14,129.05,123.39,128.50,110.46,104.62,111.94,143.85,146.68,107.4863,1,98.9145,1,213595,94415,1.9448,-1.6137,3.5586
2025-05-08,131.92,134.08,129.41,130.76,113.01,105.86,111.91,143.65,146.58,113.2106,1,101.9284,1,144008,96062,3.3512,-0.6207,3.9720
2025-05-09,132.39,133.51,130.10,132.77,115.71,107.72,112.00,143.45,146.50,114.1044,1,105.7865,1,131683,96839,4.5751,0.4184,4.1567
2025-05-12,142.61,145.44,140.05,143.49,119.56,109.98,112.32,143.33,146.50,123.0120,1,109.1815,1,264223,100209,6.3365,1.6020,4.7344
2025-05-13,143.63,146.40,142.71,142.78,123.27,112.15,112.73,143.19,146.48,125.6936,1,114.2570,1,137657,101377,7.5882,2.7993,4.7889
2025-05-14,142.18,142.90,139.74,140.79,126.88,114.30,113.18,143.01,146.42,125.6936,1,119.4006,1,77337,100814,8.3230,3.9040,4.4190
2025-05-15,139.20,139.66,138.00,138.19,130.08,116.43,113.50,142.85,146.34,125.6936,1,123.7212,1,83499,100970,8.5972,4.8426,3.7545
2025-05-16,138.49,140.62,137.95,139.91,133.02,118.55,113.86,142.69,146.26,125.6936,1,127.3505,1,123171,102056,8.8505,5.6442,3.2063
2025-05-19,136.79,141.63,136.79,139.78,136.09,120.73,114.23,142.54,146.17,125.6936,1,130.3992,1,82915,102518,8.9378,6.3029,2.6349
2025-05-20,139.30,141.12,138.16,139.16,137.61,122.68,114.70,142.35,146.07,125.6936,1,132.9600,1,90331,103194,8.8555,6.8134,2.0420
2025-05-21,136.55,137.80,133.14,133.21,138.08,124.27,115.03,142.07,145.99,125.6936,1,146.4044,0,119457,103611,8.2150,7.0938,1.1212
2025-05-22,132.26,134.02,131.34,133.54,138.36,125.69,115.36,141.82,145.94,125.6936,1,146.1391,0,76680,103759,7.6464,7.2043,0.4421
2025-05-23,129.84,133.71,128.86,132.93,138.38,127.04,115.75,141.54,145.87,125.6936,1,145.5471,0,71369,103981,7.0649,7.1764,-0.1115
2025-05-27,135.18,138.23,134.43,138.07,137.84,128.70,116.21,141.30,145.83,125.6936,1,144.5456,0,74810,103397,6.9383,7.1288,-0.1905
2025-05-28,138.05,138.69,135.08,135.46,137.10,130.19,116.58,141.04,145.75,125.6936,1,143.6042,0,82876,103053,6.5525,7.0135,-0.4610
2025-05-29,137.50,137.50,134.81,135.87,136.61,131.74,116.96,140.81,145.67,125.6936,1,142.7193,0,60860,103230,6.2079,6.8524,-0.6445
2025-05-30,134.90,134.90,130.75,132.00,135.99,133.04,117.17,140.58,145.59,125.6936,1,141.8875,0,85255,102866,5.5587,6.5937,-1.0350
2025-06-02,132.39,132.39,129.06,130.36,135.04,134.03,117.34,140.35,145.48,125.6936,1,141.1056,0,54623,101668,4.8557,6.2461,-1.3904
2025-06-03,130.92,135.72,129.61,134.56,134.52,135.30,117.65,140.14,145.39,125.6936,1,140.3706,0,75102,101174,4.5849,5.9138,-1.3289
2025-06-04,135.12,136.16,134.69,134.83,134.08,135.85,117.89,139.95,145.29,125.6936,1,139.6797,0,70821,101186,4.3418,5.5994,-1.2576
2025-06-05,134.97,139.17,134.64,136.93,134.46,136.27,118.16,139.74,145.20,125.6936,1,128.8557,1,91911,101746,4.2692,5.3334,-1.0642
2025-06-06,139.46,140.39,137.81,138.33,134.93,136.65,118.51,139.55,145.11,126.2116,1,129.0620,1,87274,102466,4.2757,5.1218,-0.8461
2025-06-09,140.23,142.22,138.37,140.56,135.70,137.04,118.93,139.38,145.04,127.5311,1,129.5152,1,84615,102741,4.4096,4.9794,-0.5698
2025-06-10,141.44,143.43,139.92,142.40,136.13,136.98,119.45,139.24,144.96,129.1290,1,130.2774,1,91451,102933,4.6111,4.9057,-0.2947
2025-06-11,143.02,144.46,141.73,142.32,136.82,136.96,120.05,139.08,144.89,130.9837,1,131.3294,1,94264,102683,4.7100,4.8666,-0.1566
2025-06-12,140.03,141.07,138.68,140.14,137.24,136.93,120.58,138.89,144.76,130.9837,1,132.6420,1,74249,102943,4.5603,4.8053,-0.2450
2025-06-13,137.03,139.24,135.03,136.21,137.66,136.83,120.90,138.70,144.63,130.9837,1,133.8234,1,77409,102634,4.0769,4.6597,-0.5827
2025-06-16,138.78,141.18,138.17,140.68,138.70,136.87,121.68,138.45,144.52,130.9837,1,134.8866,1,74802,100601,4.0085,4.5294,-0.5210
2025-06-17,139.12,140.68,137.35,137.48,138.99,136.75,122.48,138.19,144.40,130.9837,1,135.0284,1,60665,98780,3.6542,4.3544,-0.7001
2025-06-18,137.44,140.99,136.83,138.17,139.32,136.70,123.34,137.96,144.28,130.9837,1,135.9712,1,55299,95935,3.3903,4.1616,-0.7713
2025-06-20,139.50,140.52,136.90,138.17,139.45,136.95,124.25,137.73,144.15,130.9837,1,136.8196,1,78416,95273,3.1449,3.9582,-0.8133
2025-06-23,137.02,139.83,134.69,139.49,139.56,137.25,124.92,137.54,144.07,130.9837,1,144.4557,0,77020,94145,3.0217,3.7709,-0.7492
2025-06-24,143.60,144.55,141.47,143.57,139.86,137.78,125.87,137.37,144.05,130.9837,1,134.6921,1,98500,94144,3.2159,3.6599,-0.4440
2025-06-25,144.08,144.08,140.68,142.08,139.83,137.98,126.75,137.18,144.02,130.9837,1,134.6921,1,122243,93526,3.2130,3.5706,-0.3575
2025-06-26,143.10,146.41,142.42,145.42,140.14,138.48,127.67,137.04,144.01,131.8447,1,134.8893,1,101342,93374,3.4401,3.5445,-0.1044
2025-06-27,145.43,147.57,144.03,144.93,140.62,138.93,128.61,136.87,144.01,133.4243,1,135.3503,1,205656,96286,3.5401,3.5436,-0.0035
2025-06-30,145.61,145.61,142.69,143.74,141.37,139.52,129.58,136.70,144.00,133.4243,1,136.0836,1,95253,96710,3.4832,3.5315,-0.0483
2025-07-01,142.94,148.67,142.30,145.47,141.85,140.27,130.54,136.55,144.00,133.4243,1,136.7729,1,159771,98253,3.5366,3.5325,0.0041
2025-07-02,145.99,150.92,145.50,150.49,143.15,141.07,131.62,136.41,144.02,135.1193,1,137.7246,1,106952,98923,3.9392,3.6139,0.3253
2025-07-03,151.48,153.55,149.41,150.42,144.38,141.85,132.63,136.25,144.01,138.4600,1,139.0441,1,88836,99450,4.2041,3.7319,0.4722
2025-07-07,149.10,151.76,146.19,147.77,145.34,142.39,133.56,136.04,143.99,138.4600,1,140.7845,1,86745,99798,4.1518,3.8159,0.3359
2025-07-08,148.67,150.49,147.80,148.26,146.21,142.89,134.42,135.90,143.93,138.4600,1,142.3160,1,142074,101356,4.1031,3.8733,0.2297
2025-07-09,149.95,151.07,147.23,149.38,146.80,143.33,135.29,135.78,143.86,138.4600,1,143.6638,1,115940,102355,4.1075,3.9202,0.1873
2025-07-10,149.74,152.71,149.22,150.40,147.63,143.73,136.20,135.65,143.76,138.4623,1,144.8498,1,59443,102171,4.1456,3.9653,0.1804
2025-07-11,148.61,151.43,147.75,150.61,148.15,144.14,137.10,135.51,143.68,138.4623,1,145.8936,1,80623,102829,4.1449,4.0012,0.1437
2025-07-14,149.83,149.98,144.07,145.10,148.17,144.39,137.90,135.33,143.58,138.4623,1,153.5474,0,126678,103887,3.6573,3.9324,-0.2751
2025-07-15,146.66,147.82,144.40,144.40,148.23,144.80,138.67,135.16,143.47,138.4623,1,153.3578,0,121645,104039,3.1782,3.7815,-0.6034
2025-07-16,145.57,145.57,142.48,144.72,148.16,145.00,139.35,135.02,143.39,138.4623,1,153.1720,0,117431,104866,2.7919,3.5836,-0.7917
2025-07-17,145.13,151.94,144.94,151.04,148.21,145.68,140.19,134.91,143.31,138.4623,1,152.7444,0,120424,104784,2.9613,3.4592,-0.4978
2025-07-18,152.18,152.45,149.46,150.97,148.27,146.32,140.73,134.79,143.24,138.4623,1,142.4813,1,109102,102526,3.0548,3.3783,-0.3235
2025-07-21,151.85,152.19,147.49,147.51,148.24,146.79,141.11,134.67,143.17,138.4623,1,142.6806,1,72074,99696,2.8171,3.2661,-0.4489
2025-07-22,147.60,149.80,146.96,147.97,148.21,147.21,141.46,134.55,143.10,138.4623,1,142.8759,1,87717,98570,2.6360,3.1400,-0.5040
2025-07-23,150.56,152.33,148.31,152.03,148.48,147.64,141.84,134.43,143.05,138.4623,1,143.0673,1,95656,97849,2.7876,3.0696,-0.2820
2025-07-24,151.28,153.99,150.71,153.14,148.75,148.19,142.04,134.35,143.01,139.9931,1,143.2549,1,91181,94389,2.9632,3.0483,-0.0851
2025-07-25,153.71,156.07,152.71,155.88,149.28,148.71,142.30,134.30,142.96,142.2612,1,143.6845,1,69907,93034,3.2853,3.0957,0.1896
2025-07-28,156.27,158.70,153.79,158.56,150.62,149.39,142.65,134.29,142.92,143.8529,1,144.4274,1,226752,96022,3.7146,3.2195,0.4951
2025-07-29,158.55,159.05,153.99,154.88,151.67,149.95,142.99,134.30,142.88,143.8529,1,145.5695,1,160454,97561,3.7143,3.3184,0.3959
2025-07-30,156.23,157.54,150.73,152.33,152.43,150.29,143.23,134.29,142.82,143.8529,1,146.9176,1,216558,99429,3.4685,3.3485,0.1201
2025-07-31,151.09,153.64,149.04,151.59,152.49,150.35,143.47,134.27,142.78,143.8529,1,148.1309,1,190748,101585,3.1779,3.3143,-0.1365
2025-08-01,148.03,148.53,145.07,147.94,152.18,150.22,143.65,134.24,142.67,143.8529,1,159.0507,0,135837,102495,2.6221,3.1759,-0.5538
2025-08-04,148.65,149.03,145.64,146.27,152.06,150.15,143.91,134.17,142.53,143.8529,1,158.7711,0,128761,102682,2.0238,2.9455,-0.9216
2025-08-05,146.84,147.78,142.45,144.10,151.67,149.94,144.12,134.09,142.39,143.8529,1,158.4971,0,165432,104457,1.3588,2.6281,-1.2693
2025-08-06,136.53,152.38,134.41,144.41,150.91,149.69,144.35,134.02,142.24,143.8529,1,157.8552,0,378606,110601,0.8476,2.2720,-1.4244
2025-08-07,147.04,147.65,138.95,139.82,149.58,149.16,144.38,133.95,142.07,159.0382,0,156.4485,0,188812,112881,0.0712,1.8319,-1.7606
2025-08-08,141.29,141.69,137.16,137.83,147.77,148.53,144.43,133.85,141.89,157.6465,0,155.1262,0,125072,113725,-0.6968,1.3261,-2.0230
2025-08-11,138.35,139.87,135.67,136.79,145.60,148.11,144.45,133.75,141.72,155.4344,0,153.8832,0,94054,114389,-1.3737,0.7862,-2.1599
2025-08-12,137.81,142.47,137.01,141.79,144.29,147.98,144.65,133.65,141.60,155.4344,0,152.7148,0,117152,115027,-1.4898,0.3310,-1.8207
2025-08-13,142.53,153.69,142.52,153.27,144.38,148.41,145.10,133.63,141.54,155.4344,0,134.4098,1,260775,119150,-0.6477,0.1352,-0.7829
2025-08-14,149.10,149.10,145.99,146.97,143.92,148.20,145.35,133.58,141.44,155.4344,0,134.7953,1,156313,120774,-0.4828,0.0116,-0.4945
2025-08-15,147.52,148.17,143.86,144.36,143.56,147.87,145.54,133.52,141.35,155.4344,0,135.1731,1,81452,120987,-0.5570,-0.1021,-0.4549
2025-08-18,144.51,145.61,144.28,145.43,143.48,147.77,145.71,133.51,141.23,155.4344,0,135.5434,1,80238,120754,-0.5234,-0.1863,-0.3370
2025-08-19,145.45,148.46,145.36,147.22,143.79,147.73,145.89,133.50,141.14,155.4344,0,135.9062,1,85415,120716,-0.3478,-0.2186,-0.1292
2025-08-20,146.44,146.73,142.83,143.65,143.71,147.31,145.95,133.43,141.02,155.4344,0,136.2618,1,114418,121312,-0.4911,-0.2731,-0.2180
2025-08-21,142.75,143.68,141.02,142.52,143.98,146.78,145.95,133.35,140.92,155.4344,0,136.6103,1,121941,121922,-0.6880,-0.3561,-0.3319
2025-08-22,143.97,153.89,143.02,152.94,145.49,146.63,146.17,133.32,140.85,155.4344,0,136.9518,1,144322,122923,-0.0030,-0.2855,0.2825
2025-08-25,152.56,153.42,151.43,151.71,146.99,146.29,146.40,133.31,140.77,155.4344,0,137.6295,1,66188,122762,0.4356,-0.1413,0.5769
2025-08-26,152.21,153.01,149.48,149.95,147.80,146.04,146.67,133.24,140.69,155.4344,0,138.2801,1,69607,122606,0.6335,0.0137,0.6198
2025-08-27,148.98,152.35,147.86,151.44,147.62,146.00,146.89,133.18,140.56,155.4344,0,138.9047,1,67105,122452,0.8999,0.1909,0.7090
2025-08-28,152.74,153.10,149.39,151.62,148.08,146.00,147.17,133.10,140.43,155.4344,0,139.5043,1,85721,122953,1.1135,0.3754,0.7380
2025-08-29,151.29,151.29,147.29,148.07,148.46,146.01,147.37,133.00,140.31,155.4344,0,140.0799,1,92809,123703,0.9849,0.4973,0.4876
2025-09-02,144.83,146.92,144.05,144.92,148.41,145.94,147.50,132.89,140.17,155.4344,0,140.6325,1,81552,123766,0.6214,0.5221,0.0993
2025-09-03,144.68,144.82,139.79,140.98,147.78,145.79,147.53,132.77,140.04,155.4344,0,153.8945,0,130990,124846,0.0155,0.4208,-0.4053
2025-09-04,141.76,146.45,139.76,146.05,148.02,145.87,147.58,132.69,139.92,155.4344,0,153.6125,0,143814,125752,-0.0552,0.3256,-0.3808
2025-09-05,147.26,148.99,143.82,144.34,148.20,146.09,147.63,132.58,139.79,155.4344,0,153.0585,0,158195,126471,-0.2468,0.2111,-0.4579
2025-09-08,144.43,144.43,141.36,142.51,147.16,146.33,147.57,132.49,139.67,155.4344,0,152.5268,0,89696,126238,-0.5396,0.0610,-0.6006
2025-09-09,141.97,142.03,139.38,141.19,146.11,146.55,147.50,132.43,139.53,154.7764,0,152.0163,0,66895,123463,-0.8681,-0.1248,-0.7433
2025-09-10,142.50,144.79,138.97,140.24,145.14,146.47,147.43,132.35,139.38,154.7764,0,151.2580,0,104785,123653,-1.1915,-0.3382,-0.8533
2025-09-11,140.92,144.62,139.29,143.71,144.36,145.99,147.39,132.28,139.26,154.7764,0,150.2750,0,91871,122295,-1.1545,-0.5014,-0.6530
2025-09-12,142.74,142.74,137.21,137.69,142.97,145.53,147.13,132.26,139.09,154.7764,0,149.3707,0,144401,123044,-1.5924,-0.7196,-0.8728
2025-09-15,141.29,141.29,136.63,139.88,142.15,145.30,146.92,132.28,138.92,153.9196,0,148.1542,0,119035,123648,-1.7426,-0.9242,-0.8184
2025-09-16,138.77,140.19,137.34,140.09,141.67,145.04,146.77,132.32,138.72,153.0841,0,146.7714,0,99433,123902,-1.8238,-1.1041,-0.7196
2025-09-17,140.88,144.76,137.93,139.15,141.49,144.63,146.59,132.35,138.57,153.0841,0,145.5546,0,108237,123225,-1.9417,-1.2717,-0.6701
2025-09-18,140.18,144.20,140.03,143.21,141.20,144.61,146.46,132.40,138.45,153.0841,0,144.7620,0,90638,122719,-1.6885,-1.3550,-0.3335
2025-09-19,143.52,144.81,140.35,142.24,140.99,144.60,146.30,132.45,138.32,153.0841,0,136.6309,1,126035,124051,-1.5476,-1.3935,-0.1541
2025-09-22,141.44,143.61,140.77,142.96,141.04,144.10,146.15,132.50,138.17,153.0841,0,136.7945,1,130070,125040,-1.3626,-1.3874,0.0247
2025-09-23,144.29,146.10,141.89,143.07,141.22,143.67,146.11,132.56,138.03,153.0841,0,136.9549,1,104733,124601,-1.1935,-1.3486,0.1551
2025-09-24,143.19,144.17,138.96,141.78,141.38,143.26,146.05,132.61,137.89,153.0841,0,137.3207,1,102974,124228,-1.1501,-1.3089,0.1587
2025-09-25,139.69,140.81,138.44,139.81,140.99,142.68,145.96,132.65,137.75,153.0841,0,137.6719,1,67835,123236,-1.2597,-1.2991,0.0393
2025-09-26,140.23,143.42,139.65,142.70,141.49,142.23,145.79,132.71,137.63,153.0841,0,138.0090,1,100579,122839,-1.1010,-1.2595,0.1584
2025-09-29,143.76,143.97,140.95,143.16,141.82,141.98,145.63,132.79,137.50,153.0841,0,138.3327,1,98215,122621,-0.9278,-1.1931,0.2653
2025-09-30,142.46,144.03,139.06,142.58,142.06,141.87,145.53,132.86,137.39,153.0841,0,138.6434,1,112959,123439,-0.8275,-1.1200,0.2925
2025-10-01,142.35,143.63,140.27,142.32,142.38,141.93,145.42,132.93,137.26,153.0841,0,138.9417,1,115604,123997,-0.7600,-1.0480,0.2880
2025-10-02,142.69,144.23,140.68,142.80,142.34,141.77,145.24,133.03,137.14,153.0841,0,139.0603,1,95462,123993,-0.6605,-0.9705,0.3100
2025-10-03,143.73,147.51,141.94,147.05,142.82,141.91,145.12,133.16,137.04,153.0841,0,139.3419,1,112908,124427,-0.2356,-0.8235,0.5879
2025-10-06,148.83,150.75,144.55,149.16,143.44,142.24,144.98,133.34,136.97,153.0841,0,139.8319,1,113926,125308,0.2681,-0.6052,0.8733
2025-10-07,150.99,151.20,142.60,143.10,143.45,142.33,144.67,133.50,136.89,153.0841,0,140.7054,1,135797,123489,0.1759,-0.4490,0.6249
2025-10-08,143.42,147.54,141.67,146.65,143.93,142.66,144.51,133.66,136.85,153.0841,0,151.1970,0,72575,121731,0.3856,-0.2821,0.6677
2025-10-09,147.57,148.33,143.02,144.35,144.39,142.69,144.35,133.81,136.80,153.0841,0,151.1970,0,99664,119393,0.3616,-0.1533,0.5149
2025-10-10,144.91,144.91,133.31,133.93,143.51,142.50,143.99,133.90,136.70,153.0841,0,151.0066,0,119474,117968,-0.4924,-0.2211,-0.2713
2025-10-13,137.61,140.52,135.18,138.42,143.04,142.43,143.80,134.05,136.63,153.0841,0,150.2989,0,80478,116860,-0.7975,-0.3364,-0.4611
2025-10-14,135.42,143.79,133.71,142.28,143.01,142.54,143.72,134.22,136.56,153.0841,0,149.6195,0,78612,115857,-0.7197,-0.4131,-0.3066
2025-10-15,143.77,146.12,141.85,144.56,143.23,142.81,143.73,134.40,136.50,153.0841,0,148.9674,0,116068,114870,-0.4690,-0.4243,-0.0448
2025-10-16,145.73,146.61,141.58,142.93,143.24,142.79,143.70,134.60,136.44,153.0841,0,148.3413,0,92299,109144,-0.3973,-0.4189,0.0216
2025-10-17,141.73,142.92,139.16,139.60,142.50,142.66,143.70,134.76,136.39,153.0841,0,147.7402,0,86413,107096,-0.6022,-0.4555,-0.1467
2025-10-20,142.16,145.51,140.90,144.17,142.00,142.72,143.83,134.95,136.34,153.0841,0,147.1632,0,93362,106462,-0.3911,-0.4427,0.0515
2025-10-21,143.85,149.10,143.85,146.04,142.29,142.87,144.01,135.14,136.32,153.0841,0,133.3150,1,61824,105817,-0.0723,-0.3686,0.2963
2025-10-22,145.00,146.09,140.25,140.35,141.66,142.80,143.98,135.26,136.23,153.0841,0,133.6307,1,93672,105348,-0.2751,-0.3499,0.0747
2025-10-23,142.44,146.65,141.19,146.52,141.88,143.13,143.85,135.43,136.18,153.0841,0,133.9401,1,72742,101587,0.0607,-0.2678,0.3284
2025-10-24,149.26,149.26,145.20,146.43,143.13,143.32,143.84,135.61,136.15,153.0841,0,134.2433,1,78811,100037,0.3159,-0.1510,0.4670
2025-10-27,148.91,149.89,144.97,145.62,143.85,143.44,143.86,135.76,136.11,153.0841,0,134.8439,1,108337,100575,0.4481,-0.0312,0.4793
2025-10-28,145.33,146.42,142.74,143.84,144.00,143.51,143.83,135.90,136.09,153.0841,0,135.7469,1,144913,101868,0.4046,0.0559,0.3486
2025-10-29,144.61,152.76,144.61,149.73,144.52,143.88,143.88,136.09,136.09,153.0841,0,136.5958,1,214136,104443,0.8353,0.2118,0.6235
2025-10-30,145.23,149.51,143.36,144.20,144.65,143.95,143.89,136.26,136.05,153.0841,0,137.8887,1,221232,106579,0.7224,0.3139,0.4085
2025-10-31,144.33,144.73,136.87,140.04,144.69,143.60,143.84,136.42,135.97,153.0841,0,152.7576,0,182298,107786,0.2942,0.3100,-0.0158
2025-11-03,141.02,143.41,135.74,136.13,143.89,142.94,143.51,136.57,135.87,153.0841,0,152.4399,0,117202,107244,-0.3570,0.1766,-0.5336
2025-11-04,133.66,135.17,131.70,134.39,142.72,142.51,143.16,136.71,135.77,151.3583,0,151.7719,0,127250,108465,-1.0019,-0.0591,-0.9428
2025-11-05,134.95,139.53,133.09,136.82,142.37,142.02,142.90,136.82,135.65,151.3583,0,150.5679,0,114828,109369,-1.3015,-0.3076,-0.9939
2025-11-06,137.22,138.62,131.73,134.55,141.17,141.53,142.56,137.04,135.53,151.3583,0,149.4361,0,116071,110349,-1.7029,-0.5866,-1.1163
2025-11-07,132.28,135.56,131.42,135.14,140.05,141.59,142.23,137.29,135.38,151.2205,0,148.3722,0,126959,111173,-1.9505,-0.8594,-1.0911
2025-11-10,137.59,138.06,133.25,133.36,138.82,141.33,141.93,137.55,135.23,151.2205,0,147.0157,0,110261,111522,-2.2642,-1.1404,-1.1238
2025-11-11,133.94,134.21,131.45,131.97,137.63,140.82,141.68,137.81,135.09,149.3184,0,145.7678,0,73794,111367,-2.5951,-1.4313,-1.1638
2025-11-12,132.96,140.28,131.66,137.15,136.38,140.45,141.60,138.02,134.98,149.3184,0,144.6197,0,252269,113793,-2.4117,-1.6274,-0.7843
2025-11-13,136.71,141.30,135.38,136.72,135.63,140.14,141.41,138.29,134.87,149.3184,0,143.5634,0,188499,114686,-2.2746,-1.7568,-0.5178
2025-11-14,134.19,139.71,131.71,136.56,135.28,139.99,141.26,138.55,134.75,149.3184,0,142.5917,0,113311,113789,-2.1548,-1.8364,-0.3184
2025-11-17,135.41,136.56,127.80,128.80,134.55,139.22,140.98,138.74,134.61,149.3184,0,141.6977,0,130072,114596,-2.6548,-2.0001,-0.6547
2025-11-18,127.19,131.99,127.19,129.21,134.03,138.38,140.74,138.95,134.51,148.0664,0,140.3077,0,114833,115555,-2.9838,-2.1969,-0.7870
2025-11-19,129.85,131.02,128.22,130.20,133.37,137.87,140.54,139.18,134.39,147.0848,0,138.7338,0,82249,115104,-3.1283,-2.3832,-0.7452
2025-11-20,132.13,133.68,127.68,127.98,132.71,136.94,140.23,139.39,134.27,147.0848,0,137.3488,0,92623,115119,-3.3835,-2.5832,-0.8003
2025-11-21,128.08,138.31,127.83,136.52,132.85,136.45,140.20,139.65,134.25,147.0848,0,127.1919,1,112440,114480,-2.8637,-2.6393,-0.2244
2025-11-24,136.53,142.69,136.00,142.06,133.72,136.27,140.25,139.93,134.27,147.0848,0,127.4144,1,108505,114270,-1.9814,-2.5077,0.5264
2025-11-25,142.34,146.45,142.34,146.27,135.15,136.39,140.37,140.23,134.33,147.0848,0,127.8281,1,113423,114549,-0.9321,-2.1926,1.2605
2025-11-26,145.82,148.28,144.14,144.78,135.91,136.14,140.48,140.50,134.39,147.0848,0,128.9452,1,119040,114765,-0.2183,-1.7977,1.5794
2025-11-28,144.08,147.38,142.65,145.11,136.75,136.19,140.52,140.76,134.43,147.0848,0,130.4923,1,45126,113855,0.3703,-1.3641,1.7345
2025-12-01,143.48,145.73,141.87,144.12,137.50,136.39,140.56,141.02,134.48,147.0848,0,131.9157,1,87211,113079,0.7480,-0.9417,1.6897
2025-12-02,144.68,145.56,142.16,142.51,138.88,136.71,140.55,141.26,134.51,147.0848,0,133.2252,1,73922,111956,0.9069,-0.5720,1.4789
2025-12-03,141.86,145.46,136.36,137.16,139.67,136.85,140.43,141.48,134.53,147.0848,0,134.4300,1,181139,113484,0.5945,-0.3387,0.9332
2025-12-04,137.21,142.96,136.18,140.59,140.71,137.04,140.41,141.71,134.56,147.0848,0,135.5384,1,129814,114021,0.6165,-0.1476,0.7642
2025-12-05,140.70,144.95,139.35,144.76,142.39,137.55,140.51,141.94,134.61,147.0848,0,136.1777,1,145717,115578,0.9590,0.0737,0.8853
2025-12-08,144.25,146.80,143.93,145.22,143.26,138.05,140.56,142.18,134.67,147.0848,0,136.1777,1,103117,115629,1.2537,0.3097,0.9440
2025-12-09,145.38,150.00,145.38,147.96,143.85,138.78,140.65,142.34,134.76,131.2697,1,137.1462,1,161726,116899,1.6883,0.5854,1.1029
2025-12-10,144.85,154.07,143.80,152.42,144.46,139.80,140.85,142.50,134.86,131.2697,1,138.4320,1,199741,118635,2.3656,0.9414,1.4241
2025-12-11,152.08,156.31,151.17,151.74,145.16,140.53,141.04,142.64,134.96,136.1196,1,140.3086,1,133318,118989,2.8154,1.3162,1.4991
2025-12-12,152.46,154.41,147.37,149.26,145.57,141.16,141.17,142.75,135.06,136.1196,1,142.5482,1,82843,118737,2.9374,1.6405,1.2970
2025-12-15,151.07,151.07,146.07,147.15,145.88,141.69,141.17,142.77,135.16,136.1196,1,144.4743,1,77055,118020,2.8315,1.8787,0.9528
2025-12-16,147.52,148.60,142.59,143.34,145.96,142.42,141.05,142.78,135.27,136.1196,1,156.3061,0,152084,118783,2.4125,1.9854,0.4271
2025-12-17,143.94,145.94,140.18,140.78,146.32,143.00,141.01,142.78,135.38,136.1196,1,156.0318,0,91465,117896,1.8522,1.9588,-0.1066
2025-12-18,143.22,143.84,139.02,140.08,146.27,143.49,140.88,142.79,135.47,136.1196,1,155.3979,0,115619,118757,1.3366,1.8344,-0.4978
2025-12-19,140.46,141.46,138.57,139.15,145.71,144.05,140.77,142.78,135.55,136.1196,1,154.4152,0,158049,119925,0.8429,1.6361,-0.7932
2025-12-22,140.87,143.92,139.22,142.32,145.42,144.34,140.94,142.80,135.66,136.1196,1,153.1479,0,102331,119582,0.6994,1.4487,-0.7493
2025-12-23,141.47,143.80,141.17,143.24,144.95,144.40,141.04,142.83,135.80,136.1196,1,151.9819,0,87065,119714,0.6519,1.2894,-0.6374
2025-12-24,143.11,145.46,142.93,144.24,144.13,144.30,141.08,142.90,135.93,136.1196,1,150.9092,0,33158,118805,0.6874,1.1690,-0.4816
2025-12-26,144.13,145.19,142.88,144.37,143.39,144.28,141.07,142.97,136.07,136.1196,1,149.9223,0,58052,117644,0.7177,1.0787,-0.3610
2025-12-29,144.07,144.13,142.07,142.68,142.74,144.15,141.07,143.04,136.22,136.1196,1,149.0144,0,62325,117045,0.5984,0.9827,-0.3842
2025-12-30,142.32,142.98,141.19,141.54,142.17,144.03,141.11,143.06,136.35,136.1196,1,148.1791,0,42745,116172,0.4070,0.8675,-0.4605
2025-12-31,141.66,141.66,139.06,139.82,141.82,143.89,141.02,143.09,136.46,136.1196,1,147.4106,0,65108,115606,0.1157,0.7172,-0.6015
2026-01-02,141.35,146.33,140.00,145.58,142.30,144.31,141.01,143.16,136.61,136.1196,1,146.7036,0,78368,115937,0.3455,0.6428,-0.2973
2026-01-05,146.75,150.46,146.75,148.26,143.12,144.70,141.17,143.27,136.74,136.1196,1,138.5732,1,83918,115742,0.7355,0.6614,0.0741
2026-01-06,146.54,157.19,146.37,157.07,144.91,145.31,141.38,143.44,136.92,136.9337,1,138.8110,1,111838,116524,1.7353,0.8762,0.8592
2026-01-07,156.70,156.70,149.51,149.90,145.67,145.54,141.45,143.55,137.07,137.4746,1,139.5462,1,92259,116793,1.9266,1.0862,0.8403
2026-01-08,148.64,155.93,147.20,153.72,146.72,145.83,141.61,143.67,137.23,137.4746,1,140.2519,1,180095,118228,2.3597,1.3409,1.0188
2026-01-09,154.29,157.28,149.77,152.11,147.50,145.82,141.78,143.77,137.37,137.4746,1,140.9294,1,146849,118267,2.5434,1.5814,0.9620
2026-01-12,150.15,154.49,147.98,151.65,148.23,145.81,141.81,143.86,137.52,137.4746,1,141.9104,1,128814,116561,2.6218,1.7895,0.8323
2026-01-13,154.10,154.45,152.08,153.44,149.31,146.02,142.00,143.95,137.69,137.4746,1,142.8325,1,105422,114244,2.7963,1.9909,0.8055
2026-01-14,153.68,156.20,153.19,154.74,150.63,146.40,142.29,144.03,137.89,138.8662,1,143.6993,1,73499,112068,3.0046,2.1936,0.8110
2026-01-15,155.94,158.48,154.68,157.60,152.41,147.11,142.72,144.13,138.11,141.1908,1,144.5141,1,102393,111772,3.3617,2.4272,0.9344
2026-01-16,157.60,160.02,155.98,159.54,153.80,148.05,143.23,144.26,138.34,142.9391,1,145.6318,1,86155,110950,3.7581,2.6934,1.0647
2026-01-20,156.52,158.15,150.86,151.72,154.15,148.63,143.52,144.36,138.50,142.9391,1,147.0706,1,103248,110719,3.4019,2.8351,0.5668
2026-01-21,154.47,160.39,152.99,158.08,154.25,149.58,143.99,144.48,138.78,142.9391,1,148.3654,1,131893,111035,3.5912,2.9863,0.6049
2026-01-22,160.21,161.62,157.03,158.36,155.09,150.38,144.46,144.62,139.08,142.9391,1,149.8082,1,92396,110344,3.7208,3.1332,0.5876
2026-01-23,158.31,158.31,153.64,155.53,155.28,151.00,144.90,144.73,139.39,142.9391,1,151.4623,1,47043,109080,3.5542,3.2174,0.3368
2026-01-26,155.53,156.55,152.13,152.24,155.29,151.40,145.31,144.83,139.68,142.9391,1,161.6237,0,64519,108894,3.1209,3.1981,-0.0772
2026-01-27,151.99,155.13,150.91,154.04,155.53,151.88,145.64,144.93,139.92,142.9391,1,161.4338,0,70246,105254,2.8897,3.1364,-0.2467
2026-01-28,154.51,157.81,152.35,156.18,155.80,152.56,146.03,145.01,140.23,142.9391,1,161.0129,0,118793,103859,2.8465,3.0784,-0.2319
2026-01-29,158.47,162.42,156.89,161.48,156.48,153.55,146.53,145.14,140.54,143.4654,1,150.9119,1,150797,104609,3.2031,3.1034,0.0998
2026-01-30,158.07,162.27,158.05,160.93,156.81,154.61,147.17,145.24,140.85,144.3202,1,151.1421,1,163955,105287,3.4015,3.1630,0.2385
2026-02-02,160.19,170.17,159.28,169.52,157.81,155.80,147.98,145.41,141.21,147.2054,1,151.3677,1,269232,108375,4.2034,3.3711,0.8323
2026-02-03,169.40,175.89,167.10,170.55,159.69,156.92,148.79,145.59,141.58,153.0919,1,152.1199,1,266257,112055,4.8664,3.6702,1.1962
2026-02-04,171.93,181.37,170.91,177.67,161.65,157.95,149.78,145.80,141.98,156.3296,1,153.5463,1,392028,118043,5.8979,4.1157,1.7822
2026-02-05,189.32,204.26,187.21,199.29,165.74,160.42,151.04,146.13,142.50,169.9274,1,155.7724,1,963400,135062,8.3638,4.9653,3.3985
2026-02-06,201.46,212.43,198.36,211.05,171.29,163.28,152.42,146.53,143.05,177.9480,1,160.6214,1,701397,146920,11.1384,6.1999,4.9385
2026-02-09,213.63,217.80,206.68,215.82,177.65,166.47,153.81,146.98,143.63,184.2024,1,166.8387,1,322156,151095,13.5661,7.6732,5.8929
2026-02-10,215.01,222.59,210.25,221.95,184.44,169.99,155.35,147.47,144.21,187.4808,1,173.9738,1,339834,155511,15.8023,9.2990,6.5033
2026-02-11,224.63,228.49,220.61,223.28,191.15,173.48,156.91,147.97,144.80,196.1440,1,181.7518,1,220517,159018,17.4808,10.9354,6.5455
2026-02-12,224.10,226.19,209.32,212.82,196.29,176.38,158.29,148.38,145.34,196.1440,1,190.1638,1,338289,164040,17.7620,12.3007,5.4613
2026-02-13,212.61,220.83,210.61,219.41,202.14,179.47,159.83,148.84,145.91,196.1440,1,197.0617,1,231618,167194,18.3054,13.5016,4.8037
2026-02-17,219.22,221.68,216.09,218.27,207.01,182.41,161.45,149.33,146.47,196.1440,1,202.7179,1,124508,166061,18.4318,14.4877,3.9442
2026-02-18,218.10,222.61,216.53,217.68,211.72,185.71,162.99,149.82,147.03,196.1440,1,207.3561,1,131010,166085,18.2740,15.2449,3.0290
2026-02-19,216.37,217.63,212.03,212.95,215.25,188.45,164.35,150.27,147.54,196.1440,1,211.1593,1,161030,166392,17.5644,15.7088,1.8556
2026-02-20,211.88,219.98,210.76,214.59,216.78,191.26,165.74,150.70,148.07,196.1440,1,228.4853,0,189172,168113,16.9396,15.9550,0.9846
2026-02-23,212.57,219.15,211.25,217.43,217.42,194.36,167.13,151.14,148.54,196.1440,1,228.1308,0,227157,169421,16.4835,16.0607,0.4228
2026-02-24,218.79,226.53,218.79,222.90,218.13,197.89,168.54,151.64,149.01,196.1440,1,227.7833,0,256684,170560,16.3739,16.1233,0.2506
2026-02-25,224.36,224.36,214.90,219.62,217.90,201.17,169.90,152.12,149.45,196.1440,1,227.4429,0,227453,172443,15.8399,16.0666,-0.2267
2026-02-26,220.87,221.03,215.73,220.02,217.57,204.36,171.31,152.57,149.89,196.1440,1,227.1092,0,148311,173752,15.2728,15.9079,-0.6350
2026-02-27,216.48,220.48,212.51,220.19,218.31,207.30,172.77,153.02,150.27,196.1440,1,226.7822,0,163371,175478,14.6688,15.6601,-0.9912
2026-03-02,215.59,221.67,209.62,221.27,218.49,210.31,174.33,153.46,150.67,196.1440,1,226.4617,0,221083,176858,14.1143,15.3509,-1.2366
2026-03-03,215.07,215.90,205.31,214.09,218.07,212.54,175.80,153.83,151.03,196.1440,1,225.7881,0,220049,179430,12.9458,14.8699,-1.9241
2026-03-04,216.19,216.19,205.42,208.77,217.18,214.45,177.17,154.19,151.39,196.1440,1,224.5593,0,195242,181023,11.4584,14.1876,-2.7292
2026-03-05,206.44,208.82,194.92,198.23,215.71,215.48,178.35,154.49,151.68,196.1440,1,223.4042,0,324710,184356,9.3222,13.2145,-3.8923
2026-03-06,192.72,192.72,184.91,185.84,212.84,214.81,179.22,154.72,151.91,220.1958,0,221.1259,0,300190,188313,6.5535,11.8823,-5.3288
2026-03-09,183.20,195.71,177.75,195.29,210.62,214.02,180.27,155.04,152.19,220.1958,0,217.5044,0,402093,194614,5.0640,10.5186,-5.4547
2026-03-10,194.76,206.28,193.23,200.68,208.40,213.26,181.39,155.40,152.53,220.1958,0,212.7334,0,382237,201595,4.2693,9.2688,-4.9995
2026-03-11,198.50,202.29,192.36,201.68,206.61,212.25,182.54,155.78,152.87,220.1958,0,208.5349,0,223976,204914,3.6775,8.1505,-4.4730
2026-03-12,197.76,197.85,184.00,186.96,203.30,210.44,183.43,156.07,153.14,220.1958,0,206.2845,0,281032,209288,1.9979,6.9200,-4.9221
2026-03-13,189.62,193.98,184.57,185.56,199.84,209.07,184.31,156.37,153.37,220.1958,0,202.8599,0,168436,211802,0.5471,5.6454,-5.0983
2026-03-16,189.46,190.88,185.06,187.77,196.49,207.49,185.27,156.70,153.64,220.1958,0,199.8463,0,163660,213773,-0.4193,4.4325,-4.8518
2026-03-17,188.84,192.63,188.21,189.72,194.05,206.06,186.15,157.06,153.90,220.1958,0,197.1943,0,182917,215864,-1.0159,3.3428,-4.3587
2026-03-18,188.78,191.97,184.34,184.59,191.63,204.41,186.88,157.34,154.17,218.6293,0,194.8605,0,166188,217509,-1.8811,2.2980,-4.1791
2026-03-19,181.97,185.51,177.92,184.75,190.29,203.00,187.43,157.55,154.44,211.4177,0,192.8068,0,279839,220869,-2.5248,1.3334,-3.8583
2026-03-20,184.27,185.04,172.33,174.78,189.18,201.01,187.93,157.74,154.64,209.2323,0,191.9655,0,300057,225025,-3.7961,0.3075,-4.1036
2026-03-23,183.97,191.02,180.84,183.29,187.98,199.30,188.52,158.00,154.88,209.2323,0,172.3256,1,306683,227557,-4.0700,-0.5680,-3.5020
2026-03-24,180.69,191.48,178.59,188.82,186.79,197.60,189.25,158.29,155.14,209.2323,0,172.3256,1,170048,228021,-3.7970,-1.2138,-2.5832
2026-03-25,191.97,195.72,190.94,194.44,186.07,196.34,190.11,158.60,155.42,209.2323,0,173.0916,1,201160,229468,-3.0916,-1.5893,-1.5022
2026-03-26,190.81,193.11,185.43,186.72,186.04,194.67,190.77,158.89,155.65,209.2323,0,174.4495,1,145134,230262,-3.1189,-1.8952,-1.2236
2026-03-27,184.60,186.59,181.32,182.77,185.76,192.80,191.33,159.16,155.86,209.2323,0,175.7258,1,169223,232176,-3.4203,-2.2003,-1.2201
2026-03-30,185.19,187.78,175.47,177.56,184.74,190.62,191.73,159.32,156.03,209.2323,0,195.7221,0,96668,232062,-4.0332,-2.5668,-1.4664
2026-03-31,180.76,191.21,180.19,186.96,184.47,189.26,192.28,159.56,156.27,209.2323,0,195.3172,0,208139,234502,-3.7172,-2.7969,-0.9203
2026-04-01,189.61,196.21,189.61,191.08,185.12,188.37,193.07,159.83,156.54,209.2323,0,175.4743,1,196643,236370,-3.0991,-2.8574,-0.2418
2026-04-02,183.82,189.92,179.98,183.70,185.01,187.65,193.58,160.04,156.76,209.2323,0,175.8890,1,198304,237698,-3.1681,-2.9195,-0.2486
2026-04-06,184.10,185.55,180.09,185.03,186.04,187.61,194.12,160.27,156.99,209.2323,0,176.2954,1,134235,238534,-3.0793,-2.9515,-0.1279
2026-04-07,183.60,188.90,182.40,185.08,186.22,187.10,194.71,160.51,157.23,209.2323,0,176.6936,1,160780,240809,-2.9707,-2.9553,-0.0154
2026-04-08,194.69,206.43,193.00,203.83,187.72,187.25,195.74,160.91,157.56,209.2323,0,177.0839,1,244960,244418,-1.3568,-2.6356,1.2788
2026-04-09,201.79,209.58,201.79,207.32,189.00,187.54,196.80,161.35,157.90,209.2323,0,178.2578,1,159662,246206,0.2019,-2.0681,2.2700
2026-04-10,209.40,210.83,207.11,208.00,191.13,188.59,197.84,161.76,158.22,209.2323,0,180.1368,1,172081,247272,1.4749,-1.3595,2.8344
2026-04-13,206.94,210.15,204.02,209.68,193.82,189.79,198.80,162.20,158.56,179.5429,1,182.5926,1,155995,247376,2.5893,-0.5698,3.1590
2026-04-14,210.62,215.69,205.46,209.02,196.97,190.86,199.77,162.64,158.87,182.0146,1,184.8519,1,232044,248738,3.3803,0.2203,3.1601
2026-04-15,206.84,206.84,192.69,193.10,197.58,191.03,200.24,162.99,159.11,182.0146,1,187.9353,1,399856,251350,2.6920,0.7146,1.9774
2026-04-16,193.37,200.36,192.19,195.76,198.05,191.58,200.74,163.36,159.37,182.0146,1,190.7104,1,317339,252372,2.3339,1.0385,1.2954
2026-04-17,199.85,207.95,199.85,205.07,200.19,192.60,201.29,163.77,159.67,182.0146,1,192.1936,1,218196,248895,2.7698,1.3847,1.3851
2026-04-20,204.10,209.16,202.40,207.63,202.45,194.24,201.46,164.23,159.96,182.0146,1,192.1936,1,127064,232169,3.2837,1.7645,1.5192
2026-04-21,207.38,212.17,207.04,209.43,204.88,195.55,201.42,164.70,160.25,182.0146,1,194.5428,1,177751,221696,3.7922,2.1701,1.6222
2026-04-22,212.41,216.70,210.28,210.80,205.58,196.65,201.32,165.17,160.57,185.9399,1,196.6572,1,398273,223218,4.2573,2.5875,1.6698
2026-04-23,211.83,215.93,209.70,213.13,206.16,197.58,201.15,165.66,160.89,186.1424,1,199.0628,1,172633,219874,4.7588,3.0218,1.7370
2026-04-24,212.90,215.34,207.54,211.91,206.55,198.84,200.92,166.12,161.21,186.1424,1,201.1798,1,225876,219981,5.0003,3.4175,1.5828
2026-04-27,213.45,218.83,210.13,212.94,206.88,200.35,200.92,166.59,161.52,188.1596,1,203.0428,1,184381,216903,5.2146,3.7769,1.4377
2026-04-28,210.57,212.03,205.38,209.23,206.90,201.93,200.72,167.03,161.81,188.1596,1,205.2532,1,155829,215387,5.0267,4.0269,0.9999
2026-04-29,209.63,212.56,203.13,203.50,207.94,202.76,200.42,167.43,162.10,188.1596,1,218.8311,0,189165,216680,4.3651,4.0945,0.2706
2026-04-30,206.72,216.20,206.72,214.69,209.83,203.94,200.36,167.92,162.45,188.1596,1,218.5170,0,223932,218539,4.6898,4.2136,0.4762
2026-05-01,213.82,218.03,210.34,212.68,210.59,205.39,200.36,168.41,162.79,188.1596,1,218.2092,0,205820,219435,4.7307,4.3170,0.4137
2026-05-04,212.66,216.29,210.39,212.15,211.05,206.75,200.31,168.87,163.10,188.1596,1,218.0324,0,189605,219443,4.6666,4.3869,0.2797
2026-05-05,215.29,224.62,215.24,221.67,212.27,208.58,200.39,169.39,163.45,192.7696,1,203.1261,1,336094,221622,5.3222,4.5740,0.7482
2026-05-06,226.30,235.97,225.40,231.00,214.29,209.93,200.56,169.98,163.87,201.9513,1,203.5561,1,510564,226700,6.5199,4.9632,1.5567
2026-05-07,210.83,217.49,200.68,205.93,213.57,209.87,200.28,170.41,164.16,201.9513,1,235.9738,0,717579,236502,5.3841,5.0473,0.3367
2026-05-08,208.75,217.03,208.15,214.02,213.78,210.17,200.16,170.88,164.47,201.9513,1,235.9738,0,329257,240121,5.0779,5.0535,0.0245
2026-05-11,213.51,216.93,209.01,210.99,213.59,210.23,199.98,171.31,164.76,201.9513,1,235.2679,0,308605,243026,4.5389,4.9506,-0.4116
2026-05-12,209.58,210.93,201.54,209.45,213.61,210.25,199.74,171.71,165.03,201.9513,1,234.5761,0,165537,241915,3.9414,4.7487,-0.8073
2026-05-13,211.43,211.43,202.29,205.39,213.80,210.87,199.57,172.12,165.26,201.9513,1,233.8982,0,217137,241857,3.1050,4.4200,-1.3150
2026-05-14,207.64,210.58,205.33,207.05,213.03,211.43,199.53,172.53,165.52,201.9513,1,233.2339,0,168164,241315,2.5465,4.0453,-1.4988
2026-05-15,202.75,202.75,194.83,196.85,211.45,211.02,199.51,172.88,165.75,230.2679,0,232.5828,0,160528,238031,1.2660,3.4894,-2.2234
2026-05-18,196.36,196.36,185.97,187.92,209.03,210.04,199.55,173.24,165.93,222.7589,0,231.0726,0,264675,237321,-0.4637,2.6988,-3.1625
2026-05-19,183.75,190.72,180.51,186.19,205.48,208.87,199.37,173.56,166.12,217.1095,0,228.3667,0,180783,232895,-1.9514,1.7688,-3.7202
2026-05-20,189.05,200.10,187.27,194.88,201.87,208.08,199.25,173.91,166.36,217.1095,0,224.5383,0,338772,232026,-2.4019,0.9346,-3.3365
2026-05-21,194.23,197.52,189.71,196.08,200.88,207.23,199.14,174.25,166.62,217.1095,0,221.0162,0,164516,230836,-2.6318,0.2213,-2.8532
2026-05-22,198.80,201.47,194.16,200.46,199.53,206.65,199.41,174.63,166.90,217.1095,0,217.7759,0,96816,227152,-2.4323,-0.3094,-2.1229
2026-05-26,203.81,209.60,202.34,209.52,199.38,206.48,199.89,175.10,167.25,217.1095,0,214.7948,0,125050,226284,-1.5260,-0.5527,-0.9733
2026-05-27,209.71,211.71,202.70,205.68,199.00,206.30,200.24,175.51,167.59,217.1095,0,212.0522,0,165055,226312,-1.1043,-0.6630,-0.4413
2026-05-28,202.66,205.49,195.53,202.53,198.72,206.26,200.50,175.89,167.92,217.1095,0,211.7125,0,137816,225410,-1.0130,-0.7330,-0.2800
2026-05-29,202.24,202.90,198.81,201.44,198.15,205.59,200.84,176.29,168.22,217.1095,0,211.7125,0,158301,225253,-1.0167,-0.7898,-0.2270
2026-06-01,194.45,201.98,190.49,201.77,198.65,205.05,201.18,176.66,168.46,217.1095,0,209.2164,0,129156,222239,-0.9818,-0.8282,-0.1536
2026-06-02,204.41,214.44,203.45,213.64,201.22,205.12,201.95,177.11,168.79,217.1095,0,180.5122,1,274408,221726,0.0037,-0.6618,0.6655
2026-06-03,212.07,217.92,210.50,214.93,204.09,204.79,202.59,177.57,169.14,217.1095,0,181.1907,1,199060,219573,0.8786,-0.3537,1.2323
2026-06-04,210.46,214.08,208.59,213.52,205.96,203.91,203.08,178.04,169.48,217.1095,0,182.6600,1,211957,220412,1.4417,0.0054,1.4363
2026-06-05,209.00,211.76,202.09,204.07,206.76,203.82,203.27,178.40,169.77,217.1095,0,184.0705,1,143468,219258,1.1130,0.2269,0.8861
2026-06-08,208.92,213.28,206.05,209.95,207.70,203.61,203.74,178.84,170.10,217.1095,0,185.4246,1,199556,220346,1.3111,0.4437,0.8674
2026-06-09,213.13,219.26,202.25,212.96,208.05,203.71,204.34,179.32,170.45,217.1095,0,186.7245,1,232540,221613,1.6919,0.6934,0.9985
2026-06-10,210.22,211.55,199.02,200.13,207.49,203.25,204.79,179.75,170.69,217.1095,0,188.6767,1,233624,224352,0.9475,0.7442,0.2033
2026-06-11,203.50,211.78,201.57,210.90,208.33,203.52,205.27,180.26,170.98,217.1095,0,190.5117,1,206297,224315,1.2129,0.8379,0.3750
2026-06-12,213.24,216.09,209.63,211.97,209.38,203.77,205.69,180.76,171.29,217.1095,0,192.2366,1,128426,222950,1.4922,0.9688,0.5234
2026-06-15,220.89,224.78,218.48,218.50,211.06,204.85,206.39,181.32,171.63,189.9531,1,193.8580,1,220754,223399,2.2149,1.2180,0.9969
2026-06-16,222.33,226.02,220.66,222.18,211.91,206.56,207.13,181.90,171.98,192.5729,1,196.3319,1,204639,224808,3.0490,1.5842,1.4648
2026-06-17,224.25,228.87,219.28,221.17,212.54,208.31,207.85,182.49,172.35,193.5079,1,199.3007,1,223558,226063,3.5873,1.9848,1.6025
2026-06-18,227.63,232.27,226.24,226.42,213.83,209.89,208.30,183.12,172.76,198.4154,1,202.8484,1,230817,225780,4.3871,2.4653,1.9218
2026-06-22,227.47,231.34,225.63,230.91,216.51,211.63,208.78,183.74,173.21,199.0173,1,206.9674,1,142515,225437,5.3221,3.0366,2.2855
2026-06-23,219.85,225.11,215.91,217.83,217.30,212.50,208.97,184.28,173.56,199.0173,1,210.5097,1,213489,226265,4.9507,3.4194,1.5312
2026-06-24,218.42,221.98,214.31,218.40,217.84,212.94,209.15,184.83,173.93,199.0173,1,213.5561,1,297653,229099,4.6486,3.6653,0.9834
2026-06-25,226.74,234.62,219.73,226.82,220.51,214.00,209.50,185.48,174.36,199.0173,1,214.3083,1,305693,230572,5.0304,3.9383,1.0921
2026-06-26,221.78,226.40,213.92,219.40,221.36,214.85,210.03,186.08,174.75,199.0173,1,234.6160,0,422975,231034,4.6805,4.0867,0.5937
2026-06-29,217.29,222.40,214.75,219.53,222.12,215.75,210.50,186.68,175.14,199.0173,1,234.6160,0,168186,228051,4.3633,4.1421,0.2213
2026-06-30,226.57,239.00,224.02,238.19,224.08,217.57,211.17,187.41,175.62,199.0173,1,213.9189,1,580350,235294,5.5536,4.4244,1.1293
2026-07-01,247.80,247.80,225.00,229.36,224.80,218.36,211.60,188.03,176.07,199.0173,1,214.4206,1,467413,242101,5.7186,4.6832,1.0353
2026-07-02,229.00,231.62,211.17,218.45,224.53,218.53,211.78,188.54,176.47,199.0173,1,247.8000,0,347554,245497,4.9123,4.7290,0.1833
2026-07-06,219.24,222.82,216.52,217.91,223.68,218.75,211.92,189.02,176.86,199.0173,1,247.8000,0,205402,241640,4.1815,4.6195,-0.4380
2026-07-07,213.64,215.39,202.06,211.63,221.75,219.13,211.89,189.46,177.22,199.0173,1,247.0674,0,287923,243945,3.0604,4.3077,-1.2473
2026-07-08,207.99,211.05,204.63,208.44,220.81,219.06,211.82,189.89,177.55,199.0173,1,245.2671,0,175215,242932,1.8926,3.8247,-1.9320
2026-07-09,214.82,218.47,207.72,208.06,219.78,218.81,211.73,190.31,177.87,199.0173,1,243.5388,0,254624,244337,0.9259,3.2449,-2.3191
2026-07-10,211.18,218.93,208.76,214.90,218.59,219.55,211.84,190.80,178.23,199.0173,1,241.8797,0,260008,246421,0.7035,2.7366,-2.0331
2026-07-13,214.52,217.71,208.41,208.45,217.49,219.43,211.94,191.27,178.56,199.0173,1,240.2869,0,149792,245633,0.0067,2.1907,-2.1839
2026-07-14,214.48,217.07,208.99,211.20,216.66,219.39,211.87,191.74,178.91,199.0173,1,238.7578,0,152360,244202,-0.3199,1.6886,-2.0084
2026-07-15,212.94,213.86,205.48,213.31,214.17,219.13,211.88,192.20,179.28,199.0173,1,237.2899,0,219005,244465,-0.4038,1.2701,-1.6739
2026-07-16,208.83,215.83,208.38,212.00,212.43,218.62,211.88,192.64,179.62,199.0173,1,235.8807,0,138987,243453,-0.5694,0.9022,-1.4716
2026-07-17,200.83,211.42,200.83,206.81,211.27,217.90,211.58,193.04,179.94,199.0173,1,234.5279,0,201247,240756,-1.1067,0.5004,-1.6071
2026-07-20,210.02,213.99,205.26,205.58,210.04,216.86,211.07,193.39,180.26,199.0173,1,232.5060,0,163004,233805,-1.6132,0.0777,-1.6909
2026-07-21,211.24,213.53,205.99,213.31,210.21,215.98,211.22,193.80,180.61,199.0173,1,230.6054,0,184087,223135,-1.3750,-0.2129,-1.1621
2026-07-22,209.19,216.79,208.70,214.79,210.84,215.83,211.24,194.24,180.97,199.0173,1,228.8189,0,167064,219891,-1.0546,-0.3812,-0.6734
2026-07-23,212.00,217.15,211.66,214.03,211.44,215.61,211.30,194.68,181.30,199.0173,1,227.1396,0,155215,216823,-0.8522,-0.4754,-0.3768
2026-07-24,213.74,217.18,210.26,212.74,211.22,214.90,211.36,195.15,181.62,199.0173,1,225.5610,0,104158,215596,-0.7869,-0.5377,-0.2492
2026-07-27,215.31,217.57,204.46,210.87,211.46,214.48,211.47,195.61,181.96,199.0173,1,224.0771,0,106742,213388,-0.8759,-0.6053,-0.2705
2026-07-28,208.18,208.18,200.06,202.93,210.64,213.65,211.39,196.03,182.24,199.0173,1,222.6823,0,281849,215662,-1.5690,-0.7981,-0.7709
2026-07-29,199.71,201.92,186.12,187.60,208.07,211.12,211.21,196.36,182.46,225.7233,0,220.8725,0,341545,219282,-3.3171,-1.3019,-2.0152
2026-07-30,199.66,205.33,194.91,202.59,207.12,209.78,211.50,196.76,182.80,225.7233,0,217.3973,0,297422,219937,-3.4531,-1.7321,-1.7209
2026-07-31,209.58,212.41,201.27,205.23,206.97,209.12,211.88,197.17,183.14,225.7233,0,214.2695,0,186862,220058,-3.3096,-2.0476,-1.2620
2026-08-03,204.15,212.95,203.50,211.21,207.53,208.78,212.21,197.62,183.48,225.7233,0,186.1200,1,215181,217587,-2.6825,-2.1746,-0.5079
2026-08-04,216.93,221.44,211.77,220.04,208.20,209.20,212.69,198.12,183.86,225.7233,0,186.6566,1,353802,221372,-1.4563,-2.0309,0.5747
2026-08-05,192.97,196.19,183.14,183.24,205.05,207.94,212.34,198.39,184.06,225.7233,0,221.4400,0,774519,234926,-3.4145,-2.3076,-1.1069
2026-08-06,180.50,188.52,179.00,179.02,201.55,206.49,211.73,198.64,184.26,223.3136,0,221.4400,0,338294,239191,-5.2465,-2.8954,-2.3511
2026-08-07,180.24,183.31,176.65,178.00,198.07,204.65,211.18,198.90,184.43,217.5762,0,219.7424,0,272198,241334,-6.7034,-3.6570,-3.0464
2026-08-10,178.55,179.35,172.51,173.42,194.33,202.90,210.59,199.08,184.56,211.8186,0,217.1569,0,234082,243259,-8.1338,-4.5524,-3.5814
2026-08-11,174.20,178.27,172.07,172.55,191.29,200.96,210.02,199.24,184.72,209.3297,0,213.5851,0,188304,243860,-9.2312,-5.4881,-3.7430
2026-08-12,178.01,178.21,170.11,172.90,189.82,198.94,209.44,199.35,184.86,207.3338,0,209.4336,0,223542,245747,-9.9578,-6.3821,-3.5758
2026-08-13,173.00,173.95,169.57,170.58,186.62,196.87,208.58,199.49,184.98,202.9304,0,204.7148,0,268442,245628,-10.5987,-7.2254,-3.3733
2026-08-14,170.89,178.00,168.98,175.49,183.65,195.31,207.79,199.63,185.13,202.9304,0,199.7945,0,189143,245430,-10.5884,-7.8980,-2.6904
2026-08-17,176.49,177.84,172.88,174.52,179.98,193.75,207.01,199.78,185.28,202.9304,0,194.8642,0,201187,245214,-10.5370,-8.4258,-2.1112
2026-08-18,172.43,173.50,168.04,171.88,175.16,191.68,206.37,199.92,185.39,198.9683,0,190.7227,0,235802,247061,-10.5873,-8.8581,-1.7292
2026-08-19,172.89,174.24,167.73,169.49,173.79,189.42,205.56,200.02,185.52,198.3164,0,186.6398,0,282879,248727,-10.6967,-9.2258,-1.4709
2026-08-20,167.36,169.62,164.52,165.85,172.47,187.01,204.61,200.10,185.65,193.1983,0,182.8579,0,234960,248776,-10.9509,-9.5708,-1.3800
2026-08-21,168.52,170.78,164.50,166.15,171.28,184.68,203.94,200.15,185.80,193.0395,0,179.1903,0,129215,246688,-11.0013,-9.8569,-1.1444
2026-08-24,164.83,166.25,160.26,162.72,170.21,182.27,202.97,200.18,185.94,187.9115,0,176.2522,0,180164,246165,-11.1890,-10.1233,-1.0657
2026-08-25,166.52,167.75,161.26,162.18,169.18,180.23,201.98,200.25,186.06,187.9115,0,173.0538,0,174814,247093,-11.2517,-10.3490,-0.9027
2026-08-26,163.42,166.06,161.94,165.27,168.41,179.12,200.91,200.29,186.22,186.9601,0,170.4950,0,209314,246864,-10.9260,-10.4644,-0.4616
2026-08-27,165.00,165.95,163.76,163.92,167.75,177.18,199.75,200.33,186.36,186.1761,0,168.4480,0,178722,246345,-10.6541,-10.5023,-0.1518
2026-08-28,165.05,166.00,157.30,157.43,165.94,174.79,198.47,200.34,186.48,183.4490,0,166.8104,0,272527,247325,-10.8373,-10.5693,-0.2680
2026-08-31,156.92,158.88,155.45,158.45,164.33,172.16,197.11,200.38,186.61,177.8131,0,166.0000,0,151779,245744,-10.7760,-10.6107,-0.1654
2026-09-01,156.13,158.26,154.06,157.01,162.85,169.00,195.63,200.40,186.71,176.0603,0,166.0000,0,207473,247043,-10.7201,-10.6326,-0.0875
2026-09-02,157.66,162.08,156.31,160.77,161.97,167.88,194.49,200.43,186.83,176.0603,0,163.6120,0,164693,246067,-10.2541,-10.5569,0.3027
2026-09-03,161.13,163.76,157.21,162.61,161.65,167.06,193.38,200.44,186.96,176.0603,0,154.0600,1,194660,244008,-9.6254,-10.3706,0.7452
2026-09-04,162.59,165.41,161.52,162.86,161.32,166.30,192.10,200.46,187.14,176.0603,0,154.2540,1,147584,240845,-9.0032,-10.0971,1.0939
2026-09-08,164.60,166.59,162.18,163.73,161.42,165.82,190.98,200.42,187.31,176.0603,0,154.7002,1,222951,236845,-8.3437,-9.7464,1.4027
2026-09-09,162.33,165.71,159.51,159.61,161.17,165.17,189.79,200.34,187.45,176.0603,0,155.4136,1,159626,236674,-8.0606,-9.4093,1.3487
2026-09-10,157.45,158.49,154.83,156.52,160.29,164.35,188.15,200.20,187.60,174.5776,0,166.5900,0,187292,228812,-7.9934,-9.1261,1.1327
2026-09-11,160.20,163.44,159.02,162.29,160.13,163.94,186.81,199.96,187.73,174.5776,0,166.3548,0,133110,222126,-7.3894,-8.7788,1.3893
2026-09-14,156.05,157.40,153.04,153.87,159.77,162.86,185.52,199.57,187.79,174.3766,0,166.1243,0,266949,220514,-7.5037,-8.5238,1.0201
2026-09-15,155.70,157.00,151.54,152.45,159.17,161.75,184.21,199.15,187.82,173.1490,0,165.6009,0,270827,221823,-7.6210,-8.3432,0.7222
2026-09-16,154.91,155.33,147.35,149.20,158.39,160.62,182.96,198.67,187.84,170.7251,0,164.7573,0,199003,220044,-7.8852,-8.2516,0.3664
2026-09-17,154.00,154.97,147.82,147.94,157.11,159.54,181.75,198.17,187.85,170.7251,0,163.3647,0,223153,221003,-8.1030,-8.2219,0.1189
2026-09-18,148.36,151.80,145.98,148.05,155.65,158.65,180.55,197.73,187.87,168.2684,0,162.0835,0,268045,221272,-8.1724,-8.2120,0.0396
2026-09-21,149.78,151.83,148.26,150.73,154.44,157.88,179.27,197.28,187.91,168.2684,0,160.4732,0,139425,218860,-7.9199,-8.1536,0.2337
2026-09-22,151.47,153.79,150.25,152.65,153.33,157.38,178.15,196.84,187.99,168.2684,0,159.0238,0,176876,219402,-7.4787,-8.0186,0.5399
2026-09-23,150.87,153.61,149.62,152.42,152.61,156.89,176.98,196.40,188.05,168.2684,0,157.7195,0,163867,219632,-7.0661,-7.8281,0.7620
2026-09-24,150.40,151.36,148.26,151.11,152.07,156.18,175.73,195.99,188.08,166.5364,0,156.5455,0,145534,218162,-6.7668,-7.6158,0.8490
2026-09-25,151.52,157.68,151.52,155.83,151.42,155.78,174.61,195.60,188.13,166.5364,0,145.9800,1,181106,219005,-6.0787,-7.3084,1.2297
2026-09-28,154.96,157.00,152.12,156.13,151.65,155.71,173.60,195.19,188.18,166.5364,0,146.2139,1,128454,217549,-5.4465,-6.9360,1.4895
2026-09-29,158.13,158.31,154.51,155.54,151.96,155.57,172.59,194.74,188.19,166.5364,0,146.4431,1,113036,216550,-4.9361,-6.5360,1.6000
2026-09-30,155.87,156.44,153.74,155.11,152.55,155.47,171.43,194.31,188.21,166.5364,0,146.9180,1,148983,215847,-4.5142,-6.1317,1.6175
2026-10-01,154.33,157.86,152.00,156.57,153.41,155.26,170.27,193.89,188.24,166.5364,0,147.3738,1,137187,215250,-4.0158,-5.7085,1.6927
2026-10-02,161.29,163.75,159.74,159.87,154.60,155.12,169.18,193.49,188.31,166.5364,0,147.8114,1,178239,215710,-3.3162,-5.2300,1.9138
2026-10-05,160.00,163.13,158.41,161.26,155.65,155.04,168.15,193.09,188.40,166.5364,0,148.7677,1,157680,216781,-2.6195,-4.7079,2.0884
2026-10-06,162.52,169.72,162.24,166.36,157.02,155.18,167.26,192.77,188.53,166.5364,0,149.6666,1,252185,219690,-1.6369,-4.0937,2.4568
2026-10-07,162.25,164.59,158.81,164.17,158.19,155.40,166.49,192.47,188.65,166.5364,0,151.2709,1,200846,218070,-1.0232,-3.4796,2.4565
2026-10-08,161.51,163.96,157.39,160.01,159.08,155.58,165.94,192.22,188.75,166.5364,0,152.7468,1,213661,215512,-0.8625,-2.9562,2.0937
2026-10-09,160.85,166.20,160.85,165.03,160.00,155.71,165.18,192.08,188.86,166.5364,0,154.1047,1,175245,213068,-0.3263,-2.4302,2.1039
