rsRating,symbol,longName,sector,industry,country,marketCap,currentPrice,averageVolume10days,averageVolume3months,averageDollarVolume,revenueGrowth,earningsGrowth,earningsQuarterlyGrowth,grossMargins,operatingMargins,profitMargins,returnOnEquity,returnOnAssets,totalCash,totalDebt,debtToEquity,currentRatio,quickRatio,operatingCashflow,freeCashflow,sharesOutstanding,floatShares,heldPercentInsiders,heldPercentInstitutions,sharesShort,shortRatio,shortPercentOfFloat,trailingPE,forwardPE,priceToSalesTrailing12Months,priceToBook,enterpriseToRevenue,enterpriseToEbitda,targetMeanPrice,targetHighPrice,targetLowPrice,recommendationMean,recommendationKey,numberOfAnalystOpinions,epsRevisionUpLast7Days,epsRevisionUpLast30Days,epsRevisionDownLast7Days,epsRevisionDownLast30Days,nextEarningsDate,beta,website,retrievedAt
27.89,SAIA,Saia Inc.,Industrials,Trucking,United States,8959269888,336.75,341040,426932,143769351.0,0.171,0.315,0.32,0.23584999,0.13091,0.08194,0.10767,0.06303,84014000,269191008,9.872,1.584,1.403,606388992,135712256,26605107,26496292,0.00153,1.07144,1251862,3.33,0.0471,32.504826,23.6419,2.6410482,3.2857184,2.731,15.051,423.66666,510.0,285.0,1.90476,buy,21,2,4,2,1,2026-10-29,2.191,https://www.saia.com,2026-10-10T21:41:33.469239+01:00
Date,Open,High,Low,Close,Ma10:Top:Line,Ma20:Top:Line,Ma50:Top:Line,Ma150:Top:Line,Ma200:Top:Line,Supertrend:Top:ColorLine,Supertrend_Dir,ParabolicSAR:Top:ColorLine,ParabolicSAR_Dir,Volume:Middle:Histogram,Vo50:Middle:Line,Macd:Bottom:Line,MacdSignal:Bottom:Line,MacdDelta:Bottom:Histogram
2023-08-03,420.32,432.29,420.01,425.70,,,,,,,0,420.0100,1,116088,,,,
2023-08-04,425.09,434.16,419.26,424.27,,,,,,,0,434.1600,0,116547,,,,
2023-08-07,429.71,434.62,419.18,429.06,,,,,,,0,419.2600,1,139530,,,,
2023-08-08,424.50,428.24,421.62,425.33,,,,,,,0,419.1800,1,134192,,,,
2023-08-09,423.18,427.02,415.61,416.80,,,,,,,0,434.6200,0,111452,,,,
2023-08-10,416.94,426.70,416.94,423.08,,,,,,,0,434.2398,0,107251,,,,
2023-08-11,419.72,425.12,417.84,424.46,,,,,,,0,433.8672,0,81242,,,,
2023-08-14,422.13,429.79,417.08,426.07,,,,,,,0,433.5021,0,89901,,,,
2023-08-15,426.07,431.09,418.51,420.49,,,,,,,0,433.1442,0,121480,,,,
2023-08-16,430.75,443.85,421.39,421.62,423.69,,,,,470.8100,0,415.6100,1,167004,,,,
2023-08-17,420.92,424.56,402.92,403.72,421.49,,,,,454.6030,0,443.8500,0,167100,,,,
2023-08-18,400.58,408.58,392.89,405.19,419.58,,,,,442.2187,0,443.8500,0,248260,,,,
2023-08-21,405.79,415.73,402.35,407.84,417.46,,,,,442.2187,0,441.8116,0,105590,,,,
2023-08-22,407.67,412.61,403.02,409.41,415.87,,,,,442.2187,0,439.8547,0,72343,,,,
2023-08-23,409.25,419.89,404.66,419.87,416.17,,,,,442.2187,0,437.9762,0,68565,,,,
2023-08-24,420.51,420.51,412.56,412.95,415.16,,,,,442.2187,0,436.1727,0,47407,,,,
2023-08-25,415.46,417.03,398.41,407.00,413.42,,,,,442.2187,0,434.4414,0,103134,,,,
2023-08-28,409.57,422.70,407.16,412.88,412.10,,,,,442.2187,0,432.7793,0,83567,,,,
2023-08-29,411.95,424.20,407.61,419.66,412.01,,,,,442.2187,0,431.1838,0,82044,,,,
2023-08-30,419.89,425.40,418.22,423.42,412.19,417.94,,,,442.2187,0,429.6520,0,97217,,,,
2023-08-31,421.86,426.98,416.94,426.20,414.44,417.97,,,,442.2187,0,428.1815,0,145718,,,,
2023-09-01,430.06,439.40,428.23,438.58,417.78,418.68,,,,442.2187,0,392.8900,1,117627,,,,
2023-09-05,434.12,435.14,419.95,425.05,419.50,418.48,,,,442.2187,0,393.8202,1,128705,,,,
2023-09-06,425.08,438.14,425.08,435.39,422.10,418.98,,,,442.2187,0,394.7318,1,159092,,,,
2023-09-07,435.39,440.44,425.75,438.04,423.92,420.05,,,,442.2187,0,395.6252,1,163783,,,,
2023-09-08,438.04,438.25,425.42,427.62,425.38,420.27,,,,442.2187,0,397.4178,1,114003,,,,
2023-09-11,431.22,435.38,426.97,428.52,427.54,420.48,,,,442.2187,0,399.1387,1,78248,,,,
2023-09-12,424.48,436.74,423.69,424.49,428.70,420.40,,,,442.2187,0,400.7907,1,78106,,,,
2023-09-13,421.35,432.32,416.81,417.97,428.53,420.27,,,,442.2187,0,402.3767,1,91159,,,,
2023-09-14,424.07,428.94,404.90,413.39,427.53,419.86,,,,442.2187,0,403.8992,1,131210,,,,
2023-09-15,411.63,412.00,401.30,406.81,425.59,420.01,,,,442.2187,0,440.4400,0,242052,,,,
2023-09-18,406.40,410.32,398.43,399.81,421.71,419.75,,,,442.2187,0,439.6572,0,136335,,,,
2023-09-19,399.30,399.87,387.87,393.84,418.59,419.05,,,,435.0729,0,438.0081,0,131070,,,,
2023-09-20,399.25,402.70,390.81,391.20,414.17,418.13,,,,435.0729,0,434.9998,0,150573,,-4.3469,1.4918,-5.8387
2023-09-21,388.98,393.94,384.16,390.08,409.37,416.65,,,,428.5687,0,432.1720,0,132393,,-5.6459,0.0642,-5.7102
2023-09-22,390.67,392.83,384.08,386.61,405.27,415.33,,,,426.6468,0,428.3311,0,122478,,-6.8761,-1.3238,-5.5523
2023-09-25,385.13,399.77,385.13,396.42,402.06,414.80,,,,426.6468,0,423.9060,0,76509,,-6.9791,-2.4549,-4.5242
2023-09-26,393.77,396.39,385.76,386.76,398.29,413.49,,,,426.6468,0,419.9234,0,88104,,-7.7507,-3.5141,-4.2367
2023-09-27,392.59,396.42,385.77,391.64,395.66,412.09,,,,426.6468,0,416.3390,0,74725,,-7.8777,-4.3868,-3.4910
2023-09-28,391.58,405.03,386.89,402.23,394.54,411.03,,,,426.6468,0,413.1131,0,144682,,-7.0427,-4.9180,-2.1247
2023-09-29,405.84,407.83,397.73,398.65,393.72,409.66,,,,426.6468,0,410.2098,0,92846,,-6.5937,-5.2531,-1.3406
2023-10-02,397.74,403.62,394.79,399.77,393.72,407.71,,,,426.6468,0,407.8300,0,124568,,-6.0775,-5.4180,-0.6595
2023-10-03,397.93,410.06,397.84,402.91,394.63,406.61,,,,426.6468,0,384.0800,1,176354,,-5.3534,-5.4051,0.0517
2023-10-04,408.81,409.22,397.63,404.73,395.98,405.07,,,,426.6468,0,384.5996,1,185407,,-4.5798,-5.2400,0.6602
2023-10-05,404.93,408.66,395.33,397.92,396.76,403.07,,,,426.6468,0,385.1088,1,129722,,-4.4648,-5.0850,0.6202
2023-10-06,394.46,409.11,385.40,403.99,398.50,401.89,,,,426.6468,0,410.0600,0,118894,,-3.8396,-4.8359,0.9963
2023-10-09,399.71,413.34,397.82,409.85,399.85,400.95,,,,426.6468,0,385.4000,1,69388,,-2.8385,-4.4364,1.5979
2023-10-10,411.94,421.49,405.39,416.33,402.80,400.55,,,,426.6468,0,385.4000,1,95173,,-1.5049,-3.8501,2.3452
2023-10-11,415.37,421.03,411.11,418.55,405.49,400.57,,,,426.6468,0,386.8436,1,78687,,-0.2659,-3.1333,2.8674
2023-10-12,420.90,420.90,409.93,415.00,406.77,400.66,412.94,,,426.6468,0,388.2294,1,67230,118095,0.4248,-2.4217,2.8464
2023-10-13,416.35,417.51,387.45,391.07,406.01,399.87,412.25,,,426.6468,0,421.4900,0,129366,118361,-0.9479,-2.1269,1.1790
2023-10-16,394.54,406.37,394.54,399.20,405.96,399.84,411.75,,,426.6468,0,420.9000,0,114530,118320,-1.3641,-1.9743,0.6103
2023-10-17,401.22,407.10,398.84,406.64,406.33,400.48,411.30,,,426.6468,0,420.2310,0,118739,117904,-1.0810,-1.7957,0.7146
2023-10-18,402.90,402.90,391.92,394.19,405.27,400.63,410.68,,,426.6468,0,419.5754,0,98035,117181,-1.8401,-1.8046,-0.0356
2023-10-19,394.19,394.19,376.62,380.94,403.58,400.17,409.96,,,426.6468,0,418.9329,0,123386,117420,-3.4709,-2.1378,-1.3331
2023-10-20,387.55,390.83,376.97,383.09,401.49,399.99,409.16,,,426.6468,0,417.2404,0,144540,118166,-4.5375,-2.6178,-1.9197
2023-10-23,382.51,388.37,374.93,378.56,398.36,399.10,408.24,,,425.1144,0,415.6155,0,74955,118040,-5.6828,-3.2308,-2.4520
2023-10-24,383.15,383.15,372.07,381.31,394.86,398.83,407.35,,,420.0520,0,413.1744,0,109283,118428,-6.2960,-3.8438,-2.4522
2023-10-25,377.87,382.76,359.29,370.43,390.04,397.77,406.35,,,416.2638,0,409.8861,0,224925,120497,-7.5726,-4.5896,-2.9830
2023-10-26,370.86,382.06,368.00,377.09,386.25,396.51,405.46,,,416.2638,0,404.8264,0,319282,123542,-7.9552,-5.2627,-2.6925
2023-10-27,377.00,382.97,341.26,344.26,381.57,393.79,404.27,,,415.0676,0,400.2728,0,288834,125977,-10.7832,-6.3668,-4.4164
2023-10-30,359.18,363.26,346.34,357.25,377.38,391.67,403.31,,,408.1573,0,393.1913,0,315916,127330,-11.8397,-7.4614,-4.3784
2023-10-31,363.76,373.55,354.32,358.49,372.56,389.44,402.32,,,408.1573,0,386.9595,0,171287,128644,-12.4337,-8.4558,-3.9778
2023-11-01,364.65,379.93,364.62,379.93,371.13,388.20,401.73,,,408.1573,0,381.4756,0,179745,130792,-11.0470,-8.9741,-2.0729
2023-11-02,384.97,387.69,376.91,377.62,370.80,387.19,400.89,,,408.1573,0,341.2600,1,133942,132100,-10.0190,-9.1830,-0.8359
2023-11-03,382.94,392.41,381.67,388.03,371.30,386.39,400.39,,,408.1573,0,342.1886,1,118543,133522,-8.2689,-9.0002,0.7313
2023-11-06,387.36,392.50,376.66,383.06,371.75,385.05,399.91,,,408.1573,0,344.1975,1,92547,133311,-7.2000,-8.6402,1.4401
2023-11-07,382.39,393.52,378.38,387.81,372.40,383.63,399.41,,,408.1573,0,347.0956,1,90631,133452,-5.9016,-8.0925,2.1909
2023-11-08,390.40,395.64,385.59,388.99,374.25,382.15,398.79,,,408.1573,0,350.8096,1,110473,134020,-4.7230,-7.4186,2.6956
2023-11-09,391.30,392.00,382.77,383.08,374.85,380.55,397.99,,,408.1573,0,355.2926,1,85810,133792,-4.2171,-6.7783,2.5611
2023-11-10,384.84,397.84,384.84,395.92,380.02,380.79,397.38,,,408.1573,0,359.3274,1,112956,133137,-2.7485,-5.9723,3.2238
2023-11-13,391.88,401.75,391.20,401.14,384.41,380.89,396.63,,,408.1573,0,363.9489,1,67111,132127,-1.1501,-5.0079,3.8578
2023-11-14,409.90,417.82,409.90,412.28,389.79,381.17,396.38,,,368.4548,1,369.2410,1,112305,131799,1.0039,-3.8055,4.8094
2023-11-15,413.51,422.92,410.37,417.63,393.56,382.35,396.02,,,372.0153,1,377.0137,1,151725,131651,3.1069,-2.4230,5.5299
2023-11-16,417.61,418.88,404.41,411.70,396.96,383.88,395.50,,,372.0153,1,385.2768,1,96585,130307,4.2461,-1.0892,5.3353
2023-11-17,413.43,418.38,411.40,416.37,399.80,385.55,395.27,,,372.7391,1,392.0526,1,84315,129714,5.4628,0.2212,5.2416
2023-11-20,415.89,421.57,415.32,419.57,403.45,387.60,395.09,,,378.6342,1,397.6087,1,60250,129354,6.6090,1.4988,5.1103
2023-11-21,417.96,424.06,414.05,422.57,406.93,389.66,395.05,,,380.2222,1,402.1648,1,53286,128857,7.6711,2.7332,4.9379
2023-11-22,423.23,427.56,418.02,423.22,410.35,392.30,395.16,,,384.9785,1,406.5438,1,70805,128450,8.4676,3.8801,4.5875
2023-11-24,422.75,427.82,421.92,424.11,414.45,394.65,395.37,,,389.0697,1,410.7470,1,26337,126353,9.0662,4.9173,4.1489
2023-11-27,422.84,425.01,414.44,418.46,416.71,398.36,395.61,,,389.0697,1,414.1616,1,93568,123383,8.9811,5.7301,3.2510
2023-11-28,416.39,418.64,397.42,403.94,416.99,400.70,395.69,,,389.0697,1,427.8200,0,160889,123874,7.6538,6.1148,1.5390
2023-11-29,408.64,411.85,382.92,383.93,414.15,401.97,395.49,,,440.4604,0,427.2120,0,264605,126545,4.9304,5.8779,-0.9475
2023-11-30,383.93,392.63,377.19,390.39,411.43,402.49,395.47,,,428.3098,0,425.4403,0,205814,127650,3.2559,5.3535,-2.0976
2023-12-01,388.48,417.21,387.01,416.67,411.92,404.44,396.01,,,428.3098,0,422.5453,0,166293,128328,4.0032,5.0835,-1.0802
2023-12-04,414.44,428.79,410.00,425.32,412.82,406.31,396.78,,,428.3098,0,377.1900,1,152435,128927,5.2332,5.1134,0.1198
2023-12-05,423.96,428.66,416.82,418.88,412.75,408.10,397.23,,,428.3098,0,378.2220,1,111045,129617,5.6234,5.2154,0.4080
2023-12-06,421.88,424.10,387.75,390.06,409.50,408.21,397.30,,,428.3098,0,379.2334,1,213519,132126,3.5660,4.8855,-1.3195
2023-12-07,389.94,390.87,378.80,390.37,406.21,408.28,397.27,,,428.3098,0,428.7900,0,192374,134479,1.9382,4.2961,-2.3578
2023-12-08,388.59,399.99,385.50,391.50,402.95,408.70,397.06,,,428.3098,0,427.7902,0,128099,134147,0.7309,3.5831,-2.8521
2023-12-11,391.04,404.80,391.04,397.45,400.85,408.78,397.03,,,428.3098,0,426.8104,0,86843,134027,0.2514,2.9167,-2.6653
2023-12-12,396.22,408.50,394.66,403.85,400.84,408.91,397.11,,,428.3098,0,425.8502,0,113280,133801,0.3833,2.4100,-2.0267
2023-12-13,403.47,403.47,389.95,398.78,402.33,408.24,397.03,,,428.3098,0,424.9092,0,148147,133237,0.0779,1.9436,-1.8657
2023-12-14,400.17,411.37,400.17,406.51,403.94,407.68,397.07,,,428.3098,0,423.9870,0,141140,132352,0.4543,1.6458,-1.1914
2023-12-15,409.14,426.65,407.73,414.85,403.76,407.84,397.40,,,428.3098,0,378.8000,1,241775,134593,1.4094,1.5985,-0.1891
2023-12-18,414.85,426.81,413.54,417.58,402.98,407.90,397.68,,,428.3098,0,379.7570,1,123812,134691,2.3594,1.7507,0.6087
2023-12-19,419.50,431.17,419.50,428.04,403.90,408.32,398.04,,,428.3098,0,381.6391,1,88219,135068,3.9112,2.1828,1.7284
2023-12-20,421.09,450.80,420.85,436.54,408.55,409.02,398.44,,,384.4055,1,384.6110,1,207487,137314,5.7605,2.8983,2.8622
2023-12-21,440.57,452.40,439.90,450.67,414.58,410.40,399.09,,,395.1145,1,389.9061,1,101536,137771,8.2709,3.9728,4.2981
2023-12-22,453.06,459.34,449.24,451.85,420.61,411.78,399.82,,,405.3280,1,396.1555,1,106998,138566,10.2376,5.2258,5.0118
2023-12-26,451.43,461.92,451.43,457.86,426.65,413.75,401.16,,,409.4622,1,403.7376,1,68542,137350,12.1413,6.6089,5.5324
2023-12-27,457.33,460.45,450.28,451.64,431.43,416.14,402.21,,,409.8225,1,411.8832,1,75966,136579,12.9982,7.8868,5.1114
2023-12-28,451.17,454.54,446.02,448.43,436.40,419.36,403.04,,,409.8225,1,418.8883,1,62242,135449,13.2654,8.9625,4.3029
2023-12-29,446.53,450.40,437.32,438.22,439.57,421.75,403.92,,,409.8225,1,424.9128,1,70553,134899,12.5091,9.6718,2.8373
2024-01-02,436.04,440.58,421.36,427.50,440.83,422.30,404.86,,,409.8225,1,461.9200,0,127139,134974,10.9188,9.9212,0.9976
2024-01-03,422.96,426.77,417.21,418.79,440.95,421.97,405.57,,,409.8225,1,461.1088,0,94395,133971,8.8536,9.7077,-0.8541
2024-01-04,417.84,426.23,414.18,421.22,440.27,422.09,406.42,,,409.8225,1,459.3529,0,112129,134715,7.3285,9.2318,-1.9033
2024-01-05,421.23,426.06,417.50,419.14,438.53,423.54,407.18,,,409.8225,1,456.6425,0,68823,133906,5.8842,8.5623,-2.6781
2024-01-08,421.61,430.86,416.93,430.82,436.55,425.56,408.39,,,409.8225,1,454.0947,0,88878,131185,5.6173,7.9733,-2.3560
2024-01-09,427.09,439.03,427.01,430.07,434.37,427.49,409.45,,,409.8225,1,451.6999,0,86014,126519,5.2844,7.4355,-2.1511
2024-01-10,430.07,436.36,424.64,435.98,432.18,429.42,411.28,,,409.8225,1,449.4487,0,94913,122641,5.4348,7.0354,-1.6006
2024-01-11,437.75,437.75,425.59,433.65,430.38,430.91,412.81,,,409.8225,1,447.3325,0,88204,118087,5.3048,6.6893,-1.3845
2024-01-12,435.22,443.00,431.81,439.86,429.53,432.96,414.44,,,409.8225,1,445.3434,0,118542,117032,5.6379,6.4790,-0.8411
2024-01-16,436.96,445.95,433.46,437.99,429.50,434.54,415.60,,,409.8225,1,414.1800,1,102928,115495,5.6854,6.3203,-0.6349
2024-01-17,432.81,433.53,420.11,431.74,429.93,435.38,416.68,,,409.8225,1,414.8154,1,101545,114847,5.1593,6.0881,-0.9288
2024-01-18,435.81,449.12,434.29,441.53,432.20,436.58,417.75,,,409.8225,1,415.4381,1,105526,114587,5.4693,5.9643,-0.4950
2024-01-19,440.91,451.16,438.28,450.82,435.16,437.72,419.11,,,409.8225,1,416.7854,1,76234,114261,6.3909,6.0496,0.3413
2024-01-22,457.90,469.87,457.90,468.91,440.14,439.33,420.73,,,421.0959,1,418.8478,1,127356,114995,8.4832,6.5363,1.9468
2024-01-23,469.35,472.10,459.90,460.77,443.13,439.84,422.16,,,423.8298,1,422.9296,1,121643,115219,9.3764,7.1044,2.2721
2024-01-24,465.13,466.09,452.22,452.37,445.36,439.87,423.55,,,423.8298,1,427.8467,1,67494,114852,9.2993,7.5434,1.7560
2024-01-25,457.93,463.28,450.17,452.52,447.02,439.60,424.68,,,423.8298,1,432.2720,1,114985,114893,9.1449,7.8637,1.2813
2024-01-26,452.52,453.48,444.98,450.15,448.67,439.52,425.66,,,423.8298,1,436.2548,1,70764,114966,8.7307,8.0371,0.6936
2024-01-29,448.82,460.45,448.41,459.18,450.60,440.06,426.60,,,423.8298,1,439.8393,1,92066,114561,9.0270,8.2351,0.7919
2024-01-30,455.67,459.12,452.11,453.03,452.10,440.80,427.31,,,423.8298,1,443.0654,1,119509,113917,8.6656,8.3212,0.3445
2024-01-31,455.00,468.83,436.66,450.58,453.99,441.96,428.09,,,423.8298,1,472.1000,0,225200,116489,8.0883,8.2746,-0.1863
2024-02-01,450.58,469.35,441.24,467.45,456.58,444.39,429.11,,,423.8298,1,471.3912,0,189925,118601,8.8896,8.3976,0.4920
2024-02-02,486.56,535.57,444.34,534.51,464.95,450.05,431.41,,,423.8298,1,436.6600,1,537289,128142,14.7656,9.6712,5.0944
2024-02-05,534.99,545.45,520.11,531.75,471.23,455.68,433.59,,,461.7901,1,438.6382,1,211849,131313,18.9809,11.5331,7.4477
2024-02-06,530.05,540.45,521.00,530.76,478.23,460.68,435.74,,,461.7901,1,442.9107,1,182104,133539,21.9882,13.6241,8.3640
2024-02-07,536.07,556.94,532.90,536.02,486.60,465.98,437.98,,,474.3127,1,447.0122,1,266295,138339,24.5133,15.8020,8.7113
2024-02-08,535.75,553.68,533.87,553.10,496.65,471.83,440.67,,,474.3127,1,453.6079,1,174282,139953,27.5749,18.1566,9.4183
2024-02-09,558.67,568.71,549.35,565.27,508.17,478.42,443.90,,,490.6813,1,459.8078,1,214520,141025,30.6301,20.6513,9.9788
2024-02-12,571.64,571.64,552.43,560.40,518.29,484.44,447.43,,,494.7582,1,468.5200,1,163020,138994,32.2862,22.9783,9.3080
2024-02-13,545.67,567.05,543.43,555.00,528.48,490.29,450.72,,,494.7582,1,478.8320,1,188090,138639,32.7851,24.9396,7.8455
2024-02-14,556.83,568.85,556.83,562.47,539.67,496.83,453.64,,,497.8134,1,488.1128,1,141574,138145,33.3982,26.6313,6.7669
2024-02-15,567.94,569.20,549.34,552.53,548.18,502.38,456.18,,,497.8134,1,496.4655,1,187971,138856,32.7050,27.8461,4.8589
2024-02-16,548.07,554.80,538.54,540.73,548.80,506.88,458.62,,,497.8134,1,503.9830,1,156433,139763,30.8479,28.4464,2.4015
2024-02-20,536.16,542.14,519.79,529.41,548.57,509.90,461.40,,,497.8134,1,510.7487,1,193182,139357,28.1383,28.3848,-0.2465
2024-02-21,526.99,549.02,525.42,547.33,550.23,514.23,464.54,,,497.8134,1,516.8378,1,150461,138518,27.1243,28.1327,-1.0084
2024-02-22,556.66,562.88,555.00,559.14,552.54,519.57,467.90,,,497.8134,1,519.7900,1,139897,138754,26.9629,27.8987,-0.9359
2024-02-23,562.57,566.99,557.95,563.59,553.59,525.12,471.22,,,503.6604,1,524.9750,1,101615,139050,26.8841,27.6958,-0.8117
2024-02-26,561.03,580.00,561.03,574.36,554.50,531.33,474.63,,,511.8953,1,529.6415,1,139340,139571,27.3751,27.6317,-0.2566
2024-02-27,575.00,580.00,566.68,570.40,555.50,536.89,478.06,,,516.5863,1,535.6845,1,133873,139286,27.1320,27.5317,-0.3998
2024-02-28,565.72,570.98,556.36,562.59,556.26,542.37,481.18,,,516.5863,1,541.0024,1,115837,138779,26.0093,27.2272,-1.2180
2024-02-29,566.58,581.54,564.98,575.40,557.55,548.61,484.39,,,517.6571,1,545.6821,1,235684,138658,25.8551,26.9528,-1.0977
2024-03-01,576.50,588.40,574.66,579.56,560.25,554.22,487.63,,,527.3654,1,550.7022,1,193109,140044,25.7716,26.7166,-0.9450
2024-03-04,582.28,595.68,581.67,584.01,564.58,556.69,490.75,,,535.0908,1,556.7338,1,116568,140611,25.7674,26.5267,-0.7593
2024-03-05,584.36,617.20,583.47,604.77,572.12,560.34,494.12,,,541.9902,1,563.7441,1,313089,142723,27.1266,26.6467,0.4799
2024-03-06,605.38,628.34,605.01,605.92,577.97,564.10,497.22,,,557.0937,1,574.4353,1,237884,145450,27.9740,26.9122,1.0619
2024-03-07,606.41,609.62,599.84,601.36,582.20,567.37,500.21,437.66,,557.0937,1,583.4700,1,203380,147377,27.9554,27.1208,0.8346
2024-03-08,604.00,606.80,582.62,583.67,584.20,568.90,502.73,438.71,,557.0937,1,628.3400,0,152455,149055,26.2111,26.9389,-0.7278
2024-03-11,582.88,585.66,568.29,579.19,584.69,569.59,505.28,439.75,,557.0937,1,627.4256,0,145203,150440,24.1884,26.3888,-2.2004
2024-03-12,580.98,598.77,578.66,596.11,587.26,571.38,508.23,440.86,,557.0937,1,625.0602,0,106584,151327,23.6778,25.8466,-2.1688
2024-03-13,595.62,600.31,591.01,592.81,590.28,573.27,511.32,441.98,,557.0937,1,622.7894,0,118325,152282,22.7446,25.2262,-2.4816
2024-03-14,594.83,596.37,579.92,588.70,591.61,574.58,514.55,443.12,,557.0937,1,620.6094,0,139875,152537,21.4264,24.4662,-3.0398
2024-03-15,585.30,592.10,576.65,578.08,591.46,575.86,517.73,444.16,,557.0937,1,618.5166,0,231290,155275,19.3023,23.4335,-4.1311
2024-03-18,573.00,582.22,558.98,560.75,589.14,576.86,520.53,445.06,,557.0937,1,616.5076,0,173160,156496,16.0357,21.9539,-5.9182
2024-03-19,554.64,562.68,551.66,560.00,584.66,578.39,523.34,445.96,,557.0937,1,613.0559,0,131096,157741,13.2338,20.2099,-6.9761
2024-03-20,557.39,572.64,556.67,568.00,580.87,579.42,526.09,446.94,,557.0937,1,608.1442,0,263552,161235,11.5260,18.4731,-6.9471
2024-03-21,576.44,587.70,570.19,585.52,579.28,580.74,529.19,448.03,,557.0937,1,603.6255,0,119095,161896,11.4542,17.0693,-5.6151
2024-03-22,585.49,586.61,576.33,585.93,579.51,581.86,532.19,449.25,,557.0937,1,599.4683,0,97557,161949,11.3001,15.9155,-4.6154
2024-03-25,585.75,587.15,579.41,586.45,580.24,582.46,535.25,450.46,,557.0937,1,595.6436,0,83452,161854,11.0921,14.9508,-3.8587
2024-03-26,590.28,594.44,581.54,587.48,579.37,583.32,538.20,451.65,,557.0937,1,551.6600,1,135943,162202,10.8849,14.1376,-3.2527
2024-03-27,592.09,592.35,572.76,580.46,578.14,584.21,541.05,452.79,,557.0937,1,552.5156,1,109010,162324,10.0385,13.3178,-3.2793
2024-03-28,581.28,586.67,574.10,585.00,577.77,584.69,544.12,453.89,,557.0937,1,553.3541,1,122324,162739,9.6232,12.5789,-2.9557
2024-04-01,583.94,590.00,578.44,585.77,578.54,585.00,547.00,455.05,,557.0937,1,554.1758,1,111238,162854,9.2495,11.9130,-2.6635
2024-04-02,580.79,583.60,567.53,576.86,580.15,584.64,549.52,456.18,,557.0937,1,554.9811,1,135966,164048,8.1406,11.1585,-3.0180
2024-04-03,574.77,590.40,574.77,578.37,581.98,583.32,551.71,457.28,,557.0937,1,555.7702,1,121284,163927,7.2994,10.3867,-3.0873
2024-04-04,578.37,594.69,571.07,571.66,582.35,581.61,553.93,458.30,,557.0937,1,556.5436,1,159607,164686,6.0220,9.5137,-3.4918
2024-04-05,574.61,597.81,570.00,593.00,583.10,581.19,556.74,459.43,,557.0937,1,558.0695,1,125004,165836,6.6548,8.9420,-2.2872
2024-04-08,596.57,605.89,591.15,598.00,584.30,581.91,559.65,460.57,,557.0937,1,560.4539,1,152669,166590,7.4736,8.6483,-1.1747
2024-04-09,596.95,596.95,573.29,591.72,584.83,582.53,562.48,461.59,,557.0937,1,564.0888,1,156332,168301,7.5290,8.4244,-0.8954
2024-04-10,582.96,588.23,573.42,581.00,584.18,581.78,564.92,462.63,,557.0937,1,567.4329,1,129331,169047,6.6315,8.0659,-1.4344
2024-04-11,574.78,588.77,572.06,587.91,584.93,581.53,567.62,463.65,,557.0937,1,570.5095,1,127224,169201,6.4039,7.7335,-1.3295
2024-04-12,581.64,585.64,571.46,577.72,584.20,580.98,570.16,464.58,,557.0937,1,605.8900,0,137035,167438,5.3398,7.2547,-1.9149
2024-04-15,584.33,591.34,572.60,576.97,583.32,580.93,572.35,465.58,,557.0937,1,605.2014,0,147070,166581,4.3854,6.6809,-2.2955
2024-04-16,576.11,576.96,554.44,556.27,581.26,580.70,572.79,466.43,,610.0806,0,604.5266,0,168216,159199,1.9364,5.7320,-3.7956
2024-04-17,547.17,552.39,532.42,541.29,577.55,579.77,572.98,467.21,,599.0596,0,602.5231,0,149180,157946,-1.1994,4.3457,-5.5451
2024-04-18,545.46,545.46,522.11,522.53,572.64,577.50,572.81,467.90,,591.7791,0,598.3169,0,178339,157870,-5.1391,2.4487,-7.5878
2024-04-19,520.00,528.31,514.19,517.51,565.09,574.09,572.44,468.60,,577.6807,0,592.2204,0,127359,155092,-8.5676,0.2455,-8.8131
2024-04-22,522.39,534.16,519.00,522.62,557.55,570.93,571.83,469.37,,577.6807,0,584.4173,0,125742,154121,-10.7485,-1.9533,-8.7952
2024-04-23,526.37,552.40,526.12,546.28,553.01,568.92,571.45,470.35,,577.6807,0,577.3946,0,180327,153437,-10.4473,-3.6521,-6.7952
2024-04-24,542.31,549.72,504.65,527.83,547.69,565.94,570.80,471.24,,577.6807,0,571.0741,0,408752,158352,-11.5641,-5.2345,-6.3295
2024-04-25,520.40,549.68,517.18,543.02,543.20,564.07,570.56,472.25,,577.6807,0,563.1032,0,346610,161522,-11.0955,-6.4067,-4.6888
2024-04-26,452.09,479.83,425.16,428.81,528.31,556.26,567.89,472.51,,550.6919,0,556.0889,0,947884,177648,-19.7127,-9.0679,-10.6448
2024-04-29,425.61,433.08,406.06,416.10,512.23,547.77,565.16,472.71,,516.0532,0,549.6800,0,460248,183094,-27.2533,-12.7050,-14.5483
2024-04-30,415.53,415.53,396.00,396.83,496.28,538.77,562.28,472.71,,498.6299,0,526.7008,0,342901,186823,-34.3878,-17.0416,-17.3463
2024-05-01,396.00,407.21,393.35,396.00,481.75,529.65,559.61,472.77,,488.0164,0,503.1747,0,209365,187147,-39.6519,-21.5636,-18.0883
2024-05-02,400.83,409.94,387.99,405.95,470.10,521.37,556.79,472.87,,484.5127,0,481.2097,0,259321,189324,-42.5305,-25.7570,-16.7735
2024-05-03,415.79,428.00,399.44,400.08,458.35,511.72,553.60,472.85,,484.5127,0,462.5658,0,252731,191581,-44.7695,-29.5595,-15.2100
2024-05-06,406.84,406.84,388.37,393.26,445.42,501.48,550.20,472.82,,480.1509,0,447.6506,0,209686,193742,-46.5575,-32.9591,-13.5984
2024-05-07,395.86,408.81,391.65,406.46,431.43,492.22,546.84,472.86,,479.6693,0,435.7185,0,205628,195068,-46.3748,-35.6422,-10.7326
2024-05-08,401.13,415.94,400.00,413.31,419.98,483.84,543.70,472.93,,479.6693,0,426.1728,0,191941,196229,-45.1567,-37.5451,-7.6116
2024-05-09,411.50,423.90,409.08,410.50,406.73,474.97,540.66,472.97,,479.6693,0,387.9900,1,172123,197355,-43.9119,-38.8185,-5.0935
2024-05-10,410.80,417.94,409.84,410.65,404.91,466.61,537.36,473.05,,479.6693,0,388.7082,1,108535,194812,-42.4243,-39.5397,-2.8847
2024-05-13,410.94,413.28,401.53,403.02,403.61,457.92,533.83,473.05,,472.3245,0,389.4120,1,100755,192965,-41.3840,-39.9085,-1.4755
2024-05-14,405.44,408.68,397.06,405.21,404.44,450.36,530.25,473.02,,464.7835,0,390.1018,1,114553,192925,-39.9226,-39.9113,-0.0113
2024-05-15,409.79,414.33,406.24,409.88,405.83,443.79,526.36,472.97,,464.7835,0,390.7777,1,119603,189055,-37.9501,-39.5191,1.5690
2024-05-16,408.43,409.42,403.86,407.81,406.02,438.06,522.39,472.90,,461.0583,0,391.4402,1,105500,186407,-36.1374,-38.8428,2.7054
2024-05-17,408.55,409.98,398.71,399.14,405.92,432.14,518.35,472.80,457.83,456.7025,0,392.0894,1,124771,184835,-34.9970,-38.0736,3.0766
2024-05-20,399.80,406.71,396.06,398.28,406.43,425.92,514.64,472.84,457.70,451.7018,0,392.7256,1,130835,184403,-33.7733,-37.2135,3.4403
2024-05-21,398.62,400.73,379.03,379.52,403.73,417.58,510.65,472.71,457.47,441.6751,0,423.9000,0,213935,185777,-33.9262,-36.5561,2.6299
2024-05-22,379.52,379.95,370.65,377.26,400.13,410.05,506.27,472.52,457.21,424.7056,0,423.0026,0,367791,191001,-33.8396,-36.0128,2.1732
2024-05-23,379.57,382.45,371.71,380.25,397.10,401.92,502.02,472.42,456.99,424.7056,0,420.9085,0,212712,192889,-33.1476,-35.4397,2.2921
2024-05-24,385.76,400.17,379.07,400.00,396.04,400.48,498.25,472.55,456.90,424.7056,0,418.8982,0,260280,195297,-30.6522,-34.4822,3.8300
2024-05-28,400.00,405.89,395.14,396.29,395.36,399.48,494.61,472.64,456.77,424.7056,0,416.9682,0,309820,196868,-28.6438,-33.3146,4.6707
2024-05-29,391.68,401.55,384.61,396.95,394.54,399.49,491.33,472.76,456.63,424.7056,0,415.1155,0,206176,197528,-26.6912,-31.9899,5.2987
2024-05-30,396.63,409.95,396.25,403.74,393.92,399.88,488.21,472.91,456.52,424.7056,0,413.3369,0,151241,197931,-24.3155,-30.4550,6.1395
2024-05-31,404.76,411.27,396.00,409.48,394.09,400.05,485.04,473.17,456.46,424.7056,0,411.6294,0,173783,196136,-21.7192,-28.7079,6.9886
2024-06-03,411.50,415.22,396.69,402.50,394.43,400.18,481.38,473.34,456.37,424.7056,0,370.6500,1,275672,199267,-19.9944,-26.9652,6.9707
2024-06-04,442.24,460.33,424.26,429.33,397.53,401.98,478.25,473.91,456.50,381.8249,1,371.5414,1,371585,204748,-16.2749,-24.8271,8.5522
2024-06-05,434.50,450.80,432.37,445.40,404.12,403.93,475.43,474.50,456.70,381.8249,1,375.0929,1,263276,208344,-11.8934,-22.2404,10.3470
2024-06-06,444.00,453.25,434.76,452.61,411.65,405.89,472.73,475.12,456.92,383.6803,1,378.5024,1,206254,209751,-7.7499,-19.3423,11.5924
2024-06-07,446.63,454.40,438.11,445.70,418.20,407.65,470.03,475.56,457.10,387.0758,1,381.7755,1,172976,211030,-4.9664,-16.4671,11.5007
2024-06-10,443.58,454.76,441.07,449.01,423.10,409.57,467.31,476.04,457.25,390.5467,1,384.9177,1,178751,212158,-2.4650,-13.6667,11.2017
2024-06-11,446.86,455.96,439.79,454.11,428.88,412.12,464.68,476.48,457.46,391.3925,1,387.9342,1,154170,213017,-0.0703,-10.9474,10.8771
2024-06-12,458.06,470.94,457.08,462.01,435.39,414.96,462.38,477.00,457.73,408.1268,1,390.8300,1,153803,213374,2.4369,-8.2705,10.7075
2024-06-13,464.97,464.97,451.52,455.90,440.60,417.26,459.93,477.46,457.95,408.1268,1,395.6366,1,111923,213187,3.8861,-5.8392,9.7253
2024-06-14,450.59,453.02,429.07,452.74,444.93,419.51,457.56,477.88,458.11,408.1268,1,400.1548,1,209800,214190,4.7251,-3.7264,8.4514
2024-06-17,450.20,453.88,442.27,447.34,449.41,421.92,454.64,478.31,458.23,408.1268,1,404.4019,1,124539,214181,4.8978,-2.0015,6.8993
2024-06-18,446.47,455.15,443.99,454.00,451.88,424.71,451.76,478.70,458.37,408.1268,1,408.3942,1,115906,213446,5.5086,-0.4995,6.0081
2024-06-20,454.54,463.44,454.54,460.24,453.37,428.74,449.13,479.09,458.48,408.8100,1,412.1470,1,163201,213583,6.4221,0.8848,5.5373
2024-06-21,460.24,463.47,452.33,460.61,454.17,432.91,446.72,479.41,458.66,409.3960,1,415.6745,1,136202,213721,7.0942,2.1267,4.9675
2024-06-24,461.61,476.62,458.29,467.05,456.30,437.25,444.31,479.74,458.81,418.3024,1,418.9905,1,163654,214449,8.0537,3.3121,4.7416
2024-06-25,464.35,468.97,458.65,466.94,458.09,440.60,442.09,480.11,458.96,418.3024,1,423.6008,1,97497,213658,8.7048,4.3906,4.3142
2024-06-26,469.83,479.84,462.93,464.65,459.15,444.02,439.85,480.43,459.14,423.7120,1,427.8424,1,138466,213486,8.9331,5.2991,3.6339
2024-06-27,464.65,473.70,454.76,458.70,458.82,447.10,437.89,480.69,459.29,423.7120,1,433.0421,1,167747,213477,8.5355,5.9464,2.5891
2024-06-28,463.13,477.51,463.13,474.29,460.66,450.63,436.55,481.04,459.54,423.7120,1,437.7219,1,475001,219993,9.3703,6.6312,2.7392
2024-07-01,474.29,480.20,468.69,471.47,462.53,453.73,435.53,481.36,459.81,426.5573,1,441.9337,1,132012,219067,9.6927,7.2435,2.4492
2024-07-02,472.35,474.69,463.78,466.37,464.43,456.92,434.51,481.64,460.08,426.5573,1,446.5257,1,97565,218471,9.4280,7.6804,1.7476
2024-07-03,464.71,480.12,464.71,470.22,466.05,458.97,433.46,481.99,460.39,426.5573,1,450.5666,1,78057,217517,9.4202,8.0284,1.3919
2024-07-05,471.38,471.44,459.17,464.23,466.45,459.91,431.82,482.39,460.71,426.5573,1,454.1226,1,102920,215969,8.8290,8.1885,0.6405
2024-07-08,464.02,468.22,444.02,459.60,466.35,460.26,430.46,482.89,461.04,426.5573,1,480.2000,0,202408,211842,7.8958,8.1299,-0.2341
2024-07-09,460.43,460.43,437.82,438.51,463.50,459.90,428.37,483.22,461.28,426.5573,1,479.4764,0,228420,209478,5.3923,7.5824,-2.1901
2024-07-10,441.09,443.26,432.44,440.47,460.85,459.47,428.60,483.37,461.53,426.5573,1,477.8102,0,168832,193897,3.5258,6.7711,-3.2453
2024-07-11,446.87,457.26,441.37,450.68,459.45,459.30,429.29,483.54,461.85,426.5573,1,475.0879,0,153502,187763,2.8377,5.9844,-3.1467
2024-07-12,453.70,462.89,450.42,455.02,459.09,458.95,430.45,483.78,462.15,426.5573,1,472.5291,0,123401,183373,2.6124,5.3100,-2.6976
2024-07-15,458.75,482.10,458.75,480.64,459.72,460.19,432.15,484.39,462.61,426.5573,1,432.4400,1,162552,182436,4.4500,5.1380,-0.6880
2024-07-16,483.80,510.76,480.60,509.42,463.52,463.02,434.22,485.18,463.20,440.9088,1,433.4332,1,218490,181620,8.1348,5.7374,2.3974
2024-07-17,500.58,507.00,478.32,483.74,465.25,464.84,435.89,485.80,463.61,440.9088,1,436.5263,1,256624,181698,8.8805,6.3660,2.5145
2024-07-18,483.37,490.60,469.70,482.42,466.47,466.26,437.67,486.36,464.03,440.9088,1,439.4956,1,300258,183509,9.2582,6.9444,2.3138
2024-07-19,482.64,488.34,476.09,485.21,468.57,467.51,439.25,486.91,464.46,440.9088,1,442.3462,1,188261,183162,9.6712,7.4898,2.1814
2024-07-22,487.56,494.44,475.03,490.51,471.66,469.01,440.79,487.52,464.90,440.9088,1,445.0828,1,172660,182776,10.3073,8.0533,2.2541
2024-07-23,488.41,501.70,480.09,482.29,476.04,469.77,442.23,488.02,465.28,440.9088,1,447.7098,1,233718,184008,10.0326,8.4491,1.5834
2024-07-24,482.31,499.50,460.05,482.56,480.25,470.55,443.67,488.47,465.71,440.9088,1,450.2318,1,264925,187136,9.7245,8.7042,1.0203
2024-07-25,479.14,506.49,475.43,489.11,484.09,471.77,445.39,488.95,466.13,440.9088,1,452.6530,1,552890,196178,9.8948,8.9423,0.9525
2024-07-26,396.30,427.67,386.01,396.43,478.23,468.66,445.21,488.74,466.06,497.8310,0,510.7600,0,1059221,215072,2.5222,7.6583,-5.1361
2024-07-29,397.33,407.14,381.74,386.21,468.79,464.26,444.74,488.40,465.91,483.9519,0,508.2650,0,339903,219478,-4.0981,5.3070,-9.4051
2024-07-30,389.99,414.18,389.99,408.61,458.71,461.11,444.76,488.12,465.86,483.9519,0,503.2040,0,272706,222822,-7.4513,2.7554,-10.2067
2024-07-31,412.22,427.78,409.53,417.85,452.12,458.69,445.13,487.90,465.88,483.9519,0,498.3454,0,248078,225288,-9.2564,0.3530,-9.6094
2024-08-01,421.80,425.21,390.04,395.01,443.38,454.93,445.06,487.48,465.90,483.9519,0,493.6812,0,259798,227867,-12.3872,-2.1950,-10.1922
2024-08-02,386.00,388.01,368.75,383.24,433.18,450.88,445.14,487.02,465.82,465.2580,0,489.2036,0,211893,227826,-15.6379,-4.8836,-10.7543
2024-08-05,364.43,393.62,358.90,377.94,421.92,446.79,445.15,486.55,465.68,464.8662,0,481.9764,0,187458,224220,-18.4293,-7.5928,-10.8366
2024-08-06,381.54,398.84,375.05,389.99,412.69,444.37,445.35,486.23,465.65,464.8662,0,472.1303,0,176626,223498,-19.4450,-9.9632,-9.4818
2024-08-07,394.22,399.38,378.76,381.15,402.55,441.40,444.97,485.92,465.66,464.8662,0,463.0718,0,117204,220637,-20.7244,-12.1155,-8.6090
2024-08-08,385.86,389.17,378.71,384.71,392.11,438.10,444.74,485.69,465.66,463.0203,0,454.7381,0,134456,217129,-21.2066,-13.9337,-7.2729
2024-08-09,384.07,386.86,369.56,371.11,389.58,433.91,444.22,485.36,465.63,454.5723,0,447.0710,0,147405,215954,-22.4276,-15.6325,-6.7952
2024-08-12,369.49,372.16,360.91,367.60,387.72,428.26,443.50,485.02,465.56,438.6361,0,440.0174,0,141563,215760,-23.4087,-17.1877,-6.2210
2024-08-13,370.87,380.07,368.02,374.80,384.34,421.52,442.80,484.64,465.58,438.6361,0,433.5280,0,166186,215608,-23.3362,-18.4174,-4.9188
2024-08-14,377.66,380.01,369.05,375.30,380.08,416.10,442.26,484.28,465.57,438.6361,0,427.5577,0,79901,211693,-22.9736,-19.3286,-3.6449
2024-08-15,379.89,394.21,379.48,386.63,379.25,411.31,441.41,483.95,465.78,438.6361,0,422.0651,0,136828,206998,-21.5238,-19.7677,-1.7562
2024-08-16,385.49,395.86,382.99,392.49,380.17,406.68,440.35,483.67,465.96,438.6361,0,417.0119,0,136469,204462,-19.6753,-19.7492,0.0739
2024-08-19,392.36,392.36,385.70,389.75,381.35,401.64,439.09,483.34,466.11,438.6361,0,412.3629,0,83329,202003,-18.2213,-19.4436,1.2223
2024-08-20,390.00,392.44,379.16,384.19,380.77,396.73,437.86,482.98,466.14,438.6361,0,408.0859,0,100850,200561,-17.3180,-19.0185,1.7005
2024-08-21,391.36,399.05,385.63,397.52,382.41,392.48,436.83,482.75,466.24,438.6361,0,404.1510,0,65710,198300,-15.3496,-18.2847,2.9351
2024-08-22,396.85,400.17,391.00,394.27,383.37,387.74,435.63,482.44,466.27,438.6361,0,400.5310,0,72506,196667,-13.8918,-17.4061,3.5144
2024-08-23,398.00,405.05,393.91,402.33,386.49,388.03,434.44,482.12,466.36,438.6361,0,358.9000,1,86581,195322,-11.9483,-16.3146,4.3663
2024-08-26,403.07,407.92,392.00,392.49,388.98,388.35,433.17,481.61,466.39,438.6361,0,359.8230,1,79283,194669,-11.0744,-15.2665,4.1921
2024-08-27,387.98,387.98,370.42,374.70,388.97,386.65,431.61,481.03,466.32,430.6849,0,361.7469,1,129534,193064,-11.6827,-14.5498,2.8671
2024-08-28,374.78,376.85,369.56,371.34,388.57,384.33,430.09,480.49,466.26,421.7284,0,363.5938,1,88973,192353,-12.2942,-14.0987,1.8045
2024-08-29,374.00,374.93,367.91,374.27,387.33,383.29,428.50,479.97,466.15,417.1971,0,365.3668,1,158466,193204,-12.3994,-13.7588,1.3594
2024-08-30,374.53,380.60,363.82,375.83,385.67,382.92,426.81,479.47,466.02,417.1971,0,407.9200,0,191485,193770,-12.2161,-13.4503,1.2341
2024-09-03,373.62,388.94,372.25,380.58,384.75,383.05,425.21,478.95,465.86,417.1971,0,407.0380,0,146980,193985,-11.5544,-13.0711,1.5167
2024-09-04,405.27,420.51,397.61,417.31,388.06,384.42,424.21,478.71,465.86,355.1257,1,363.8200,1,306431,196841,-7.9742,-12.0517,4.0775
2024-09-05,411.03,411.03,387.78,398.37,388.15,385.28,422.84,478.36,465.79,355.1257,1,364.9538,1,232847,199548,-6.5893,-10.9592,4.3700
2024-09-06,399.77,408.67,392.34,402.39,388.96,386.16,421.60,477.93,465.72,355.1257,1,366.0649,1,137376,199526,-5.1084,-9.7891,4.6807
2024-09-09,405.70,414.20,403.93,410.82,389.81,388.15,420.64,477.11,465.68,355.1257,1,367.1538,1,126327,198697,-3.2175,-8.4748,5.2573
2024-09-10,410.77,420.23,407.09,415.64,392.13,390.55,419.47,476.33,465.65,360.7166,1,368.2210,1,141027,192018,-1.3149,-7.0428,5.7279
2024-09-11,415.21,422.30,397.61,421.14,396.77,392.87,418.46,475.60,465.64,360.7166,1,369.2667,1,99347,191365,0.6296,-5.5083,6.1379
2024-09-12,422.05,425.07,417.26,420.18,401.65,395.11,417.54,474.83,465.62,369.2715,1,371.3881,1,114037,191694,2.0692,-3.9928,6.0620
2024-09-13,424.17,436.52,423.10,432.49,407.48,397.40,416.78,474.03,465.69,378.2039,1,374.6090,1,95970,192052,4.1555,-2.3631,6.5187
2024-09-16,433.11,439.57,431.30,434.81,413.37,399.52,416.19,473.16,465.84,386.5085,1,379.5619,1,94180,191878,5.9278,-0.7049,6.6328
2024-09-17,439.89,448.83,436.08,438.37,419.15,401.95,415.77,472.34,466.11,394.2151,1,385.5627,1,126382,190357,7.5328,0.9426,6.5902
2024-09-18,441.71,458.07,434.09,444.29,421.85,404.96,415.88,471.60,466.38,395.4701,1,393.1548,1,147815,188745,9.1767,2.5894,6.5873
2024-09-19,455.80,465.74,451.18,453.83,427.40,407.77,416.15,470.88,466.57,406.4761,1,402.2429,1,119902,187766,11.1211,4.2958,6.8253
2024-09-20,449.32,449.32,430.27,436.78,430.84,409.90,415.87,470.11,466.63,406.4761,1,412.4024,1,231712,189331,11.1577,5.6681,5.4895
2024-09-23,440.54,442.39,434.21,441.54,433.91,411.86,415.60,469.45,466.74,406.4761,1,420.9364,1,155466,189972,11.4388,6.8223,4.6166
2024-09-24,443.93,456.21,442.14,455.73,437.92,415.02,415.11,468.96,467.07,406.4761,1,428.1050,1,191133,190543,12.6607,7.9900,4.6708
2024-09-25,458.03,462.63,448.58,450.27,440.83,418.80,413.92,468.31,467.37,406.4761,1,434.1266,1,128597,188746,13.0382,8.9996,4.0386
2024-09-26,455.58,460.73,425.12,431.28,441.94,421.80,412.87,467.46,467.57,406.4761,1,465.7400,0,169579,187005,11.6706,9.5338,2.1367
2024-09-27,436.60,447.00,428.03,434.62,442.15,424.81,411.92,466.60,467.75,406.4761,1,464.9276,0,97963,182959,10.7324,9.7735,0.9589
2024-09-30,436.49,448.68,430.07,437.26,442.40,427.89,410.96,465.68,467.92,406.4761,1,464.1314,0,135594,181905,10.0857,9.8360,0.2498
2024-10-01,433.39,435.00,423.30,433.68,441.93,430.54,409.82,464.77,468.09,406.4761,1,463.3512,0,120997,180872,9.1785,9.7045,-0.5259
2024-10-02,432.20,436.81,426.07,430.14,440.51,431.18,408.78,463.89,468.21,406.4761,1,461.7492,0,125257,178703,8.0808,9.3798,-1.2990
2024-10-03,429.35,433.22,423.38,426.36,437.77,432.58,407.65,462.89,468.27,406.4761,1,460.2112,0,134602,176096,6.8271,8.8692,-2.0421
2024-10-04,431.77,436.85,421.89,428.14,436.90,433.87,406.44,461.88,468.32,406.4761,1,458.7347,0,171770,168474,5.9091,8.2772,-2.3681
2024-10-07,424.12,427.37,414.68,424.84,435.23,434.57,407.00,460.82,468.31,406.4761,1,456.5241,0,99200,149274,4.8592,7.5936,-2.7344
2024-10-08,427.51,441.43,426.83,436.81,433.34,435.63,408.02,459.70,468.31,406.4761,1,453.1765,0,79674,144069,4.9362,7.0621,-2.1259
2024-10-09,451.07,453.77,445.87,447.83,433.10,436.96,408.80,458.65,468.29,406.4761,1,414.6800,1,162070,141856,5.8193,6.8135,-0.9943
2024-10-10,445.01,446.13,437.33,440.85,434.05,438.00,409.26,457.58,468.24,406.4761,1,415.4618,1,90727,138709,5.8881,6.6284,-0.7404
2024-10-11,442.35,464.13,434.71,463.37,436.93,439.54,410.63,456.78,468.27,406.4761,1,416.2280,1,126871,136051,7.6713,6.8370,0.8343
2024-10-14,459.61,464.24,453.09,461.97,439.40,440.90,412.20,456.00,468.32,409.3472,1,418.1440,1,114476,134102,8.8694,7.2435,1.6259
2024-10-15,462.73,465.33,451.84,452.66,441.30,441.61,413.70,455.04,468.34,410.1520,1,420.9098,1,126428,132882,8.9643,7.5876,1.3766
2024-10-16,461.50,472.85,458.31,459.66,444.25,442.38,415.09,454.15,468.45,415.9333,1,424.4634,1,100987,131369,9.4948,7.9691,1.5258
2024-10-17,456.42,460.93,446.28,446.68,446.28,442.02,416.40,453.21,468.54,415.9333,1,429.3021,1,97868,130982,8.7669,8.1286,0.6382
2024-10-18,447.68,447.68,434.55,436.69,447.14,442.02,417.44,452.26,468.63,415.9333,1,433.6569,1,129784,130889,7.2997,7.9629,-0.6631
2024-10-21,429.40,430.20,421.63,422.58,446.91,441.07,418.47,451.34,468.64,415.9333,1,472.8500,0,116886,130279,4.9415,7.3586,-2.4171
2024-10-22,417.61,430.90,414.87,429.89,446.22,439.78,419.72,450.47,468.69,415.9333,1,471.8256,0,176126,130970,3.6207,6.6110,-2.9903
2024-10-23,421.32,426.00,412.60,412.89,442.72,437.91,420.48,449.44,468.60,467.5457,0,469.5474,0,268089,133008,1.1885,5.5265,-4.3380
2024-10-24,414.80,419.33,410.95,414.43,440.08,437.07,421.26,448.30,468.52,461.0751,0,466.1305,0,342029,138250,-0.6078,4.2996,-4.9075
2024-10-25,439.79,469.34,420.93,461.65,439.91,438.42,422.76,447.47,468.65,387.3204,1,410.9500,1,515432,145822,1.7586,3.7914,-2.0328
2024-10-28,464.67,482.57,463.23,479.38,441.65,440.53,424.50,446.76,468.88,414.5909,1,410.9500,1,274924,148592,5.0070,4.0345,0.9724
2024-10-29,479.99,483.58,471.11,476.99,444.08,442.69,426.24,446.02,469.07,421.1258,1,413.8148,1,242168,151768,7.3043,4.6885,2.6158
2024-10-30,474.11,507.24,474.11,491.33,447.25,445.75,428.39,445.43,469.33,430.1387,1,418.0007,1,263599,155023,10.1648,5.7837,4.3811
2024-10-31,485.21,491.87,484.22,488.61,451.44,448.86,430.21,444.78,469.62,431.2673,1,425.1399,1,126843,156246,12.0732,7.0416,5.0316
2024-11-01,493.90,497.03,479.39,480.69,455.84,451.49,431.94,444.08,469.81,431.8181,1,431.7079,1,126229,157320,12.7990,8.1931,4.6059
2024-11-04,477.49,493.65,476.05,486.14,462.20,454.55,433.61,443.48,469.99,431.8181,1,437.7504,1,91832,157425,13.6565,9.2858,4.3707
2024-11-05,485.31,500.92,485.31,500.83,469.29,457.76,435.78,442.96,470.15,438.0026,1,443.3096,1,92353,157687,15.3446,10.4975,4.8470
2024-11-06,599.91,624.55,536.28,568.02,484.81,463.77,439.64,442.94,470.69,493.6978,1,448.4240,1,426413,163624,21.8522,12.7685,9.0837
2024-11-07,568.61,568.61,543.27,545.09,497.87,468.98,443.12,442.62,471.15,493.6978,1,466.0366,1,361831,169082,24.8725,15.1893,9.6832
2024-11-08,555.56,558.43,543.81,544.89,506.20,473.05,446.53,442.26,471.61,493.6978,1,481.8880,1,243838,170789,26.9395,17.5393,9.4001
2024-11-11,547.63,569.65,547.63,558.10,514.07,477.86,450.18,442.04,472.15,493.6978,1,496.1542,1,174239,170444,29.3056,19.8926,9.4131
2024-11-12,556.51,558.04,539.46,545.73,520.94,482.51,453.48,441.80,472.58,493.6978,1,508.9938,1,153841,170581,29.8388,21.8818,7.9569
2024-11-13,547.75,548.13,536.45,537.20,525.53,486.39,455.88,441.47,473.00,493.6978,1,520.5494,1,125866,166970,29.2359,23.3526,5.8833
2024-11-14,539.35,547.16,534.95,542.32,530.90,491.17,458.76,441.23,473.46,493.6978,1,530.9494,1,97401,164261,28.8389,24.4499,4.3890
2024-11-15,536.03,540.00,519.57,522.37,535.07,495.46,461.16,440.87,473.74,493.6978,1,624.5500,0,176091,165035,26.6077,24.8815,1.7263
2024-11-18,522.56,530.00,516.27,518.17,538.27,500.24,463.30,440.61,473.66,493.6978,1,622.4504,0,131304,165135,24.2214,24.7494,-0.5280
2024-11-19,514.57,519.59,512.02,515.88,539.78,504.54,465.31,440.44,473.58,493.6978,1,618.2032,0,96470,164244,21.8931,24.1782,-2.2851
2024-11-20,512.13,532.76,511.73,530.00,535.98,510.39,467.49,440.49,473.57,493.6978,1,611.8322,0,143948,165136,20.9458,23.5317,-2.5859
2024-11-21,537.77,560.82,537.77,549.19,536.38,517.13,470.07,440.70,473.64,493.6978,1,603.8240,0,323198,169319,21.4957,23.1245,-1.6288
2024-11-22,551.50,553.95,540.28,541.69,536.06,521.13,472.25,440.83,473.58,493.6978,1,596.4565,0,144902,170298,21.0833,22.7163,-1.6330
2024-11-25,548.87,566.83,544.24,557.27,535.98,525.03,474.70,440.90,473.54,493.6978,1,589.6784,0,171918,171852,21.7628,22.5256,-0.7628
2024-11-26,552.11,568.31,545.00,565.96,538.01,529.47,477.25,441.16,473.57,493.6978,1,583.4425,0,179579,172916,22.7404,22.5685,0.1718
2024-11-27,566.15,578.27,554.55,564.38,540.72,533.13,479.65,441.30,473.62,500.7931,1,511.7300,1,237717,174714,23.1211,22.6790,0.4420
2024-11-29,577.38,587.87,568.21,569.08,543.40,537.15,481.96,442.24,473.65,511.9378,1,513.0608,1,91451,174145,23.5308,22.8494,0.6814
2024-12-02,581.12,581.12,551.94,557.74,546.94,541.00,484.38,443.18,473.68,511.9378,1,516.0532,1,105246,171616,22.6790,22.8153,-0.1363
2024-12-03,540.81,553.00,536.93,547.97,549.92,544.09,486.51,444.19,473.71,511.9378,1,518.9259,1,257875,173664,20.9738,22.4470,-1.4732
2024-12-04,544.21,551.79,530.42,542.36,552.56,546.17,488.24,445.16,473.78,511.9378,1,521.6836,1,207724,173996,18.9514,21.7479,-2.7965
2024-12-05,550.75,550.75,516.12,516.83,551.25,543.61,489.57,445.90,473.62,511.9378,1,587.8700,0,162491,174674,15.1142,20.4212,-5.3069
2024-12-06,524.94,532.87,510.40,515.93,547.92,542.15,491.26,446.68,473.41,511.9378,1,586.4350,0,180575,174894,11.8639,18.7097,-6.8458
2024-12-09,519.33,521.03,508.35,516.18,545.37,540.72,492.89,447.49,473.17,511.9378,1,583.3936,0,325710,179449,9.2021,16.8082,-7.6061
2024-12-10,514.69,525.88,513.28,522.97,541.94,538.96,494.61,448.27,472.91,511.9378,1,578.8910,0,187171,180480,7.5534,14.9572,-7.4038
2024-12-11,529.18,529.18,520.79,521.47,537.49,537.75,496.36,448.99,472.67,511.9378,1,574.6585,0,192370,181908,6.0560,13.1770,-7.1210
2024-12-12,520.95,527.69,510.93,524.08,533.46,537.09,498.24,449.75,472.48,511.9378,1,570.6800,0,100571,181414,5.0219,11.5460,-6.5240
2024-12-13,524.77,534.32,519.37,528.65,529.42,536.41,500.29,450.54,472.24,511.9378,1,566.9402,0,134277,181408,4.5192,10.1406,-5.6215
2024-12-16,525.65,537.12,520.18,536.31,527.27,537.11,502.45,451.43,472.03,511.9378,1,563.4248,0,165452,181281,4.6848,9.0494,-4.3647
2024-12-17,536.85,538.58,526.67,532.83,525.76,537.84,504.61,452.28,471.77,511.9378,1,560.1203,0,173063,182759,4.4835,8.1363,-3.6527
2024-12-18,535.95,545.12,508.66,510.69,522.59,537.58,506.09,452.95,471.30,578.4965,0,557.0141,0,221384,185593,2.5086,7.0107,-4.5021
2024-12-19,515.62,527.23,493.39,494.93,520.40,535.83,507.03,453.53,470.75,574.9561,0,554.0942,0,165901,185669,-0.3245,5.5437,-5.8682
2024-12-20,491.12,494.00,451.47,473.40,516.15,532.04,507.68,454.02,470.11,543.9545,0,549.2379,0,573051,195316,-4.2579,3.5834,-7.8413
2024-12-23,473.40,474.58,458.89,464.85,511.02,528.19,507.71,454.47,469.51,535.5395,0,539.4611,0,184174,196462,-7.9732,1.2721,-9.2453
2024-12-24,464.04,476.36,464.04,476.03,506.32,524.13,507.99,455.11,469.00,535.5395,0,530.6620,0,47032,195113,-9.9013,-0.9626,-8.9387
2024-12-26,474.11,481.19,470.28,476.17,501.79,519.64,508.46,455.77,468.40,535.5395,0,522.7428,0,148232,195549,-11.2880,-3.0277,-8.2603
2024-12-27,470.13,476.49,465.87,475.31,496.92,515.19,508.78,456.40,467.81,530.4639,0,515.6155,0,72009,194970,-12.3143,-4.8850,-7.4293
2024-12-30,470.64,470.64,453.71,459.40,489.99,509.70,509.03,456.80,467.16,522.0106,0,509.2010,0,179350,196599,-14.2473,-6.7575,-7.4898
2024-12-31,460.57,465.13,454.35,455.73,481.93,504.60,509.41,457.20,466.55,516.8260,0,503.4279,0,116804,196340,-15.8921,-8.5844,-7.3077
2025-01-02,458.32,461.76,443.31,445.33,473.18,499.47,509.87,457.52,465.97,509.4474,0,498.2321,0,159027,197182,-17.8293,-10.4334,-7.3960
2025-01-03,448.68,468.13,445.79,465.28,468.64,495.62,510.57,457.93,465.50,509.4474,0,491.6414,0,147308,196606,-17.5525,-11.8572,-5.6953
2025-01-06,471.07,480.72,464.20,471.30,466.28,493.34,511.74,458.34,465.02,509.4474,0,485.8417,0,198936,195223,-16.6553,-12.8168,-3.8385
2025-01-07,465.96,468.35,452.34,458.25,464.76,490.46,512.62,458.71,464.38,509.4474,0,480.7379,0,156859,191520,-16.8036,-13.6142,-3.1894
2025-01-08,453.61,455.86,447.41,448.22,463.10,487.06,512.35,458.84,463.69,506.3471,0,480.7200,0,131373,183838,-17.5284,-14.3970,-3.1314
2025-01-10,443.53,450.80,440.02,450.66,460.56,483.44,511.78,458.87,463.01,497.8849,0,476.2308,0,93963,180219,-17.7019,-15.0580,-2.6439
2025-01-13,447.34,469.65,445.99,462.87,459.23,480.51,511.49,458.94,462.39,497.8849,0,471.1613,0,111367,177603,-16.6620,-15.3788,-1.2832
2025-01-14,466.16,471.51,459.62,470.85,458.79,477.85,511.08,459.11,461.84,497.8849,0,440.0200,1,97843,174288,-15.0209,-15.3072,0.2863
2025-01-15,488.08,493.50,478.15,484.21,461.27,475.63,511.00,459.34,461.34,497.8849,0,440.6498,1,236585,176483,-12.4982,-14.7454,2.2473
2025-01-16,481.27,495.49,480.48,493.04,465.00,473.47,511.24,459.60,460.87,497.8849,0,442.7638,1,95502,175868,-9.6748,-13.7313,4.0565
2025-01-17,481.67,492.23,478.99,486.89,469.16,471.17,511.26,459.77,460.42,497.8849,0,445.9274,1,289018,179812,-7.8432,-12.5537,4.7105
2025-01-21,492.95,507.39,484.51,505.60,473.19,470.92,511.35,460.10,460.06,442.2726,1,448.9011,1,327679,184519,-4.8262,-11.0082,6.1820
2025-01-22,501.87,507.13,486.46,495.70,475.63,470.95,509.91,460.39,459.68,442.2843,1,453.5802,1,179543,179581,-3.1972,-9.4460,6.2488
2025-01-23,508.71,508.71,494.12,501.55,479.96,472.36,509.04,460.75,459.22,447.9784,1,457.8850,1,92285,174190,-1.4179,-7.8404,6.4225
2025-01-24,497.80,503.00,487.75,494.30,484.57,473.83,508.02,461.02,458.70,447.9784,1,462.9675,1,98366,171281,-0.5859,-6.3895,5.8035
2025-01-27,491.73,507.79,491.73,499.83,489.48,475.02,506.86,461.28,458.24,447.9784,1,467.5418,1,148300,170762,0.5136,-5.0089,5.5225
2025-01-28,503.04,503.04,492.75,495.82,492.78,476.01,505.86,461.52,457.82,447.9784,1,471.6586,1,142003,170525,1.0494,-3.7972,4.8466
2025-01-29,497.05,497.27,478.54,481.41,493.84,476.31,504.75,461.61,457.29,447.9784,1,475.3637,1,148708,170982,0.3077,-2.9762,3.2839
2025-01-30,482.58,495.07,474.64,495.00,494.91,478.09,503.80,461.80,456.87,447.9784,1,508.7100,0,162558,172285,0.8072,-2.2195,3.0267
2025-01-31,494.19,504.40,476.54,480.11,493.62,479.31,502.95,461.90,456.39,447.9784,1,508.0286,0,276159,174287,0.0015,-1.7753,1.7768
2025-02-03,532.99,532.99,461.82,470.41,491.97,480.56,502.00,461.98,455.96,447.9784,1,474.6400,1,535844,182377,-1.4035,-1.7010,0.2974
2025-02-04,466.86,481.71,465.11,479.27,489.34,481.26,501.27,462.01,455.65,447.9784,1,461.8200,1,194008,184328,-1.7816,-1.7171,-0.0645
2025-02-05,481.99,503.51,481.70,503.01,490.07,482.85,500.73,462.22,455.55,447.9784,1,461.8200,1,264281,186735,-0.1637,-1.4064,1.2428
2025-02-06,509.99,538.03,499.02,508.47,490.76,485.36,499.91,462.50,455.51,447.9784,1,463.2434,1,324912,186769,1.5414,-0.8169,2.3582
2025-02-07,511.00,511.00,489.19,489.51,490.28,487.43,498.87,462.63,455.34,447.9784,1,466.2349,1,134517,186561,1.3472,-0.3840,1.7312
2025-02-10,494.18,497.42,482.42,495.99,489.90,489.69,497.64,462.85,455.09,447.9784,1,469.1067,1,131239,185748,1.6966,0.0321,1.6645
2025-02-11,496.24,497.05,489.71,492.55,489.57,491.18,496.17,463.06,454.91,447.9784,1,471.8636,1,104322,184243,1.6766,0.3610,1.3156
2025-02-12,483.01,489.96,476.77,476.90,489.12,491.48,494.42,463.32,454.58,447.9784,1,474.5103,1,159285,182674,0.3934,0.3675,0.0259
2025-02-13,476.06,483.44,465.34,482.19,487.84,491.38,492.69,463.60,454.85,447.9784,1,538.0300,0,156374,183972,-0.1945,0.2551,-0.4495
2025-02-14,482.96,494.70,482.96,487.53,488.58,491.10,491.28,463.84,455.21,447.9784,1,536.5762,0,118714,184242,-0.2268,0.1587,-0.3855
2025-02-18,488.67,507.39,488.67,504.96,492.04,492.01,490.42,464.18,455.75,447.9784,1,535.1515,0,147347,182031,1.1408,0.3551,0.7857
2025-02-19,496.84,499.10,476.38,476.40,491.75,490.55,489.10,464.15,456.15,447.9784,1,533.7553,0,191608,181709,-0.0789,0.2683,-0.3472
2025-02-20,473.14,473.14,449.12,453.90,486.84,488.46,487.84,463.78,456.39,447.9784,1,532.3870,0,166037,181780,-2.8286,-0.3511,-2.4775
2025-02-21,450.24,450.24,387.65,406.65,476.66,483.71,485.66,463.27,456.42,496.9477,0,529.0563,0,510346,188375,-8.7198,-2.0248,-6.6950
2025-02-24,415.61,421.00,408.38,420.35,469.74,480.01,483.74,462.85,456.56,489.1975,0,520.5719,0,229931,186460,-12.1433,-4.0485,-8.0947
2025-02-25,418.50,420.92,395.51,410.42,461.18,475.54,481.49,462.35,456.58,482.8947,0,512.5966,0,252449,187765,-15.4792,-6.3346,-9.1445
2025-02-26,414.04,430.35,402.24,404.34,452.36,470.97,479.15,461.78,456.53,482.8947,0,505.0998,0,298403,189886,-18.4014,-8.7480,-9.6534
2025-02-27,407.31,412.77,397.42,397.91,444.46,466.79,476.63,461.22,456.47,477.7803,0,498.0528,0,113166,190138,-20.9941,-11.1972,-9.7969
2025-02-28,398.86,420.09,394.58,409.44,437.19,462.52,474.24,460.73,456.46,477.7803,0,491.4286,0,207299,191598,-21.8664,-13.3311,-8.5354
2025-03-03,411.00,419.68,388.82,390.34,427.47,458.03,471.32,460.07,456.40,477.7803,0,485.2019,0,150788,191305,-23.8243,-15.4297,-8.3946
2025-03-04,391.00,405.81,371.73,397.14,416.69,454.36,468.61,460.07,456.36,466.5127,0,479.3488,0,287013,193584,-24.5443,-17.2526,-7.2917
2025-03-05,398.73,402.04,382.82,395.19,408.57,450.16,466.30,460.13,456.29,466.5127,0,470.7393,0,255293,194262,-24.9843,-18.7990,-6.1853
2025-03-06,392.48,399.04,380.92,382.61,401.44,444.14,464.05,459.96,456.16,463.5770,0,462.8186,0,166780,194280,-26.0478,-20.2487,-5.7991
2025-03-07,385.61,391.12,367.36,375.92,398.37,437.51,462.10,459.68,456.04,452.6053,0,455.5315,0,172397,186267,-27.1179,-21.6226,-5.4953
2025-03-10,369.91,377.51,365.53,366.60,392.99,431.37,460.14,459.49,455.89,441.1428,0,446.7143,0,244192,187467,-28.3907,-22.9762,-5.4145
2025-03-11,365.61,372.58,359.98,361.59,388.11,424.65,457.85,459.35,455.80,432.7205,0,436.9722,0,218364,190894,-29.4640,-24.2737,-5.1903
2025-03-12,370.00,378.77,361.72,370.19,384.69,418.53,455.73,459.30,455.76,432.7205,0,426.1933,0,290710,193743,-29.2831,-25.2756,-4.0075
2025-03-13,368.47,368.47,347.11,352.36,380.14,412.30,453.27,459.05,455.62,423.1694,0,416.9234,0,237350,197050,-30.2300,-26.2665,-3.9635
2025-03-14,360.20,360.20,347.13,353.64,374.56,405.87,451.15,458.86,455.39,416.4275,0,405.7533,0,225622,197976,-30.5253,-27.1183,-3.4070
2025-03-17,352.40,359.58,345.77,358.70,371.39,399.43,449.21,458.69,455.20,413.3042,0,396.3704,0,179924,199238,-30.0051,-27.6956,-2.3095
2025-03-18,355.41,358.39,346.09,349.29,366.61,391.65,447.29,458.54,454.96,410.5893,0,387.2623,0,131508,198688,-30.0063,-28.1578,-1.8485
2025-03-19,359.52,359.52,343.61,350.65,362.16,385.36,445.00,458.43,454.70,408.8523,0,379.7937,0,228203,200305,-29.5568,-28.4376,-1.1192
2025-03-20,345.73,354.66,342.68,352.28,359.12,380.28,442.62,458.28,454.41,403.8226,0,372.5569,0,195128,200229,-28.7377,-28.4976,-0.2401
2025-03-21,346.47,363.38,344.35,362.90,357.82,378.09,440.71,458.20,454.21,403.8226,0,366.5815,0,195676,201006,-26.9214,-28.1824,1.2610
2025-03-24,370.03,381.81,365.00,381.49,359.31,376.15,439.38,458.16,453.97,403.8226,0,342.6800,1,144280,201264,-23.7085,-27.2876,3.5791
2025-03-25,379.62,385.48,370.76,378.49,361.00,374.55,437.94,458.07,453.64,403.8226,0,343.4626,1,207450,203534,-21.1604,-26.0622,4.9017
2025-03-26,377.53,384.24,372.97,377.04,361.68,373.19,436.22,457.98,453.26,403.8226,0,345.1433,1,254577,206398,-19.0386,-24.6575,5.6188
2025-03-27,375.50,379.25,368.14,376.00,364.05,372.09,434.32,457.93,452.91,403.8226,0,346.7568,1,266246,209766,-17.2422,-23.1744,5.9322
2025-03-28,375.27,375.27,356.80,359.00,364.58,369.57,431.82,457.67,452.46,403.8226,0,348.3057,1,162771,208289,-16.9944,-21.9384,4.9440
2025-03-31,352.50,360.44,345.65,349.43,363.66,367.53,428.95,457.37,451.94,403.4910,0,385.4800,0,263086,211641,-17.3700,-21.0247,3.6547
2025-04-01,348.97,361.94,344.77,354.77,364.20,365.41,426.30,457.06,451.40,403.4910,0,384.6834,0,303328,211927,-17.0404,-20.2279,3.1875
2025-04-02,346.90,374.78,346.90,370.82,366.22,364.19,423.61,456.91,450.98,403.4910,0,383.0869,0,196460,209303,-15.3076,-19.2438,3.9362
2025-04-03,348.24,357.00,307.73,319.97,362.99,361.06,420.09,456.55,450.31,399.7670,0,381.5542,0,327041,212253,-17.8319,-18.9614,1.1295
2025-04-04,306.00,330.16,287.50,322.38,358.94,358.38,416.51,456.22,449.69,382.2898,0,377.1247,0,631800,223043,-19.4142,-19.0520,-0.3622
2025-04-07,317.65,355.71,304.40,325.31,353.32,356.31,413.13,455.90,449.05,382.2898,0,369.9548,0,293169,226939,-20.1990,-19.2814,-0.9176
2025-04-08,337.30,342.33,317.24,323.07,347.78,354.39,409.59,455.54,448.36,382.2898,0,363.3584,0,170742,227388,-20.7623,-19.5776,-1.1847
2025-04-09,317.03,386.01,316.24,374.80,347.55,354.62,407.17,455.51,447.93,382.2898,0,287.5000,1,351487,231578,-16.8404,-19.0301,2.1897
2025-04-10,362.61,366.91,334.59,351.45,345.10,354.57,404.57,455.07,447.35,382.2898,0,289.4702,1,236210,233328,-15.4385,-18.3118,2.8733
2025-04-11,346.87,346.87,321.73,330.37,342.24,353.41,401.28,454.61,446.67,382.2898,0,291.4010,1,280947,235696,-15.8457,-17.8186,1.9728
2025-04-14,344.06,348.63,330.82,340.64,341.36,352.51,398.49,454.20,446.05,382.2898,0,293.2932,1,163712,233447,-15.1650,-17.2879,2.1229
2025-04-15,336.41,342.36,324.55,330.72,338.95,351.58,395.70,453.67,445.41,382.2898,0,295.1475,1,132123,225372,-15.2502,-16.8803,1.6302
2025-04-16,324.47,325.90,311.02,318.50,333.72,349.97,392.48,453.02,444.63,382.2898,0,296.9648,1,168327,224859,-16.1179,-16.7278,0.6099
2025-04-17,321.49,337.01,321.49,334.55,335.18,349.08,389.11,452.44,443.95,382.2898,0,298.7457,1,142819,222429,-15.3338,-16.4490,1.1153
2025-04-21,328.70,328.93,314.67,326.66,335.61,347.27,385.48,451.82,443.25,382.2898,0,300.4910,1,135531,218642,-15.1741,-16.1940,1.0200
2025-04-22,327.15,335.67,323.01,331.28,336.20,344.76,382.31,451.14,442.55,382.2898,0,302.2013,1,112337,218198,-14.5075,-15.8567,1.3493
2025-04-23,344.05,362.49,336.92,341.48,338.05,342.91,379.22,450.52,441.94,382.2898,0,303.8775,1,190648,219386,-13.0062,-15.2866,2.2804
2025-04-24,339.21,354.78,335.01,354.22,335.99,341.77,376.46,449.96,441.41,382.2898,0,305.5202,1,198292,221266,-10.6655,-14.3624,3.6969
2025-04-25,265.67,276.00,229.21,245.63,325.41,335.25,371.83,448.64,440.45,358.1176,0,386.0100,0,1122406,240528,-17.3725,-14.9644,-2.4081
2025-04-28,245.33,249.44,236.35,237.11,316.08,329.16,366.93,447.19,439.43,341.7834,0,382.8740,0,439341,246188,-23.1089,-16.5933,-6.5156
2025-04-29,233.38,239.45,229.12,236.65,305.68,323.52,361.91,445.86,438.36,326.3835,0,379.8007,0,474247,253298,-27.3767,-18.7500,-8.6267
2025-04-30,234.98,244.87,229.17,244.00,297.01,317.98,356.69,444.54,437.31,324.6187,0,373.7735,0,458208,259515,-29.8220,-20.9644,-8.8576
2025-05-01,238.53,242.76,231.69,240.16,289.17,311.45,351.97,443.10,436.10,319.7568,0,367.9874,0,352267,262729,-31.7043,-23.1124,-8.5920
2025-05-02,246.00,267.90,244.94,262.33,281.95,308.57,348.14,441.85,434.87,319.7568,0,362.4327,0,416580,267740,-31.0493,-24.6998,-6.3495
2025-05-05,260.98,266.00,258.94,259.15,275.20,305.40,345.19,440.70,433.75,319.7568,0,357.1002,0,154609,260625,-30.4359,-25.8470,-4.5889
2025-05-06,256.25,261.71,251.67,254.53,267.53,301.87,341.87,439.50,432.61,319.7568,0,351.9810,0,122047,258467,-29.9770,-26.6730,-3.3040
2025-05-07,255.39,260.99,255.00,259.97,259.37,298.71,338.86,438.32,431.48,319.7568,0,347.0665,0,192716,257272,-28.8419,-27.1068,-1.7351
2025-05-08,260.53,271.16,259.60,265.79,250.53,293.26,336.09,437.20,430.36,319.7568,0,342.3487,0,145042,254205,-27.1596,-27.1173,-0.0423
2025-05-09,263.71,268.13,260.34,260.62,252.03,288.72,333.34,436.07,429.25,319.7568,0,337.8195,0,124915,254440,-25.9445,-26.8828,0.9383
2025-05-12,286.71,305.39,285.04,292.91,257.61,286.85,331.01,435.18,428.30,319.7568,0,333.4715,0,490038,260095,-22.1210,-25.9304,3.8094
2025-05-13,293.10,294.83,284.88,285.05,262.45,284.07,328.91,434.23,427.28,319.7568,0,329.2975,0,177700,260633,-19.5002,-24.6444,5.1441
2025-05-14,283.43,291.81,278.26,288.99,266.95,281.98,326.74,433.32,426.74,319.7568,0,325.2904,0,183364,258560,-16.9105,-23.0976,6.1871
2025-05-15,283.89,288.01,276.96,279.70,270.90,280.04,324.44,432.27,426.21,319.7568,0,321.4436,0,184127,257137,-15.4298,-21.5640,6.1342
2025-05-16,282.00,286.81,278.83,285.10,273.18,277.57,322.49,431.19,425.59,319.7568,0,317.7506,0,117718,256156,-13.6631,-19.9838,6.3207
2025-05-19,279.34,285.29,278.00,281.49,275.41,275.31,320.60,430.13,424.91,319.7568,0,314.2054,0,168528,256078,-12.4112,-18.4693,6.0581
2025-05-20,281.49,283.80,276.68,277.58,277.72,272.62,318.82,428.89,424.32,319.7568,0,310.8020,0,87160,252938,-11.6009,-17.0956,5.4947
2025-05-21,274.50,275.96,268.38,268.75,278.60,268.99,316.96,427.60,423.75,318.7123,0,307.5347,0,109811,250767,-11.5382,-15.9841,4.4460
2025-05-22,268.94,269.18,262.63,268.04,278.82,264.68,314.92,426.37,423.20,309.7581,0,304.3981,0,116410,247281,-11.4142,-15.0702,3.6559
2025-05-23,261.24,265.19,260.29,264.32,279.19,265.61,313.16,425.07,422.57,304.5328,0,301.3870,0,113103,244796,-11.4837,-14.3529,2.8691
2025-05-27,269.26,277.89,266.14,275.01,277.40,267.51,311.58,423.92,422.04,304.5328,0,298.4963,0,248857,245260,-10.5546,-13.5932,3.0386
2025-05-28,275.62,277.02,267.65,268.10,275.71,269.08,309.77,422.80,421.46,304.5328,0,295.7212,0,110430,243870,-10.2576,-12.9261,2.6685
2025-05-29,271.50,277.71,266.92,270.03,273.81,270.38,308.19,421.78,420.95,304.5328,0,293.0572,0,130046,243841,-9.7540,-12.2917,2.5377
2025-05-30,270.03,273.57,261.70,264.41,272.28,271.59,306.46,420.68,420.44,304.5328,0,290.4997,0,140825,242094,-9.6966,-11.7727,2.0760
2025-06-02,269.00,269.41,257.03,264.23,270.20,271.69,304.70,419.69,419.88,302.1593,0,288.0445,0,171195,241615,-9.5556,-11.3292,1.7737
2025-06-03,264.34,273.11,260.71,267.99,268.85,272.13,302.80,418.71,419.35,302.1593,0,285.6875,0,191372,241529,-9.0362,-10.8706,1.8345
2025-06-04,267.47,269.00,260.37,265.08,267.60,272.66,300.47,417.40,418.74,302.1593,0,283.4248,0,179830,242240,-8.7584,-10.4482,1.6898
2025-06-05,252.00,259.12,248.37,253.45,266.07,272.33,297.97,415.89,418.05,292.4880,0,281.2526,0,297778,244046,-9.3687,-10.2323,0.8636
2025-06-06,257.50,260.69,251.31,251.43,264.41,271.61,295.46,414.39,417.35,292.4880,0,279.1673,0,207857,243112,-9.9013,-10.1661,0.2648
2025-06-09,255.39,259.77,250.70,256.50,263.62,271.41,293.07,412.83,416.72,291.8705,0,277.1654,0,241623,242620,-9.8012,-10.0931,0.2919
2025-06-10,260.51,265.40,257.62,263.45,262.47,269.93,291.16,411.32,416.04,291.8705,0,275.2436,0,248908,244342,-9.0567,-9.8859,0.8291
2025-06-11,265.40,267.70,252.33,255.16,261.17,268.44,289.27,409.82,415.35,291.8705,0,273.3987,0,185221,242785,-9.0316,-9.7150,0.6834
2025-06-12,252.77,259.98,249.00,259.98,260.17,266.99,287.38,408.31,414.64,290.8039,0,271.6275,0,142391,239566,-8.5244,-9.4769,0.9525
2025-06-13,256.13,265.14,256.13,260.81,259.81,266.05,285.18,406.71,413.98,290.8039,0,269.9272,0,178811,239213,-7.9637,-9.1742,1.2105
2025-06-16,263.21,267.27,260.70,265.61,259.95,265.07,284.09,404.70,413.43,290.8039,0,268.2949,0,233631,237345,-7.0507,-8.7495,1.6988
2025-06-17,263.40,268.54,261.14,262.23,259.37,264.11,282.89,402.81,412.89,290.8039,0,229.1200,1,128912,227287,-6.5247,-8.3046,1.7798
2025-06-18,262.37,265.56,256.08,260.48,258.91,263.25,281.59,400.91,412.32,290.8039,0,229.9084,1,314530,227715,-6.1779,-7.8792,1.7014
2025-06-20,262.66,263.98,256.20,256.40,259.21,262.64,280.26,398.90,411.72,290.8039,0,230.6810,1,197684,228253,-6.1612,-7.5356,1.3744
2025-06-23,254.76,270.99,253.83,270.00,261.06,262.73,278.16,397.07,411.17,290.8039,0,231.4382,1,191241,225048,-4.9930,-7.0271,2.0341
2025-06-24,271.96,276.19,269.87,275.18,262.93,263.28,276.64,395.32,410.46,290.8039,0,233.0203,1,141277,223150,-3.6076,-6.3432,2.7356
2025-06-25,275.18,276.40,267.14,270.09,263.59,263.03,275.43,393.50,409.82,290.8039,0,235.6105,1,184120,221213,-2.8871,-5.6520,2.7648
2025-06-26,272.80,275.78,269.18,270.74,265.15,263.16,274.03,391.83,409.16,290.8039,0,238.8736,1,83253,219604,-2.2379,-4.9692,2.7313
2025-06-27,271.69,277.54,270.75,277.26,266.88,263.52,272.96,390.22,408.49,290.8039,0,241.8757,1,317075,223303,-1.1836,-4.2121,3.0284
2025-06-30,277.94,279.00,273.02,273.99,268.20,264.00,272.07,388.61,407.78,290.8039,0,245.4422,1,132118,222579,-0.6050,-3.4906,2.8856
2025-07-01,273.99,294.18,271.26,285.97,270.23,265.09,271.10,386.98,407.11,290.8039,0,249.4691,1,165519,223033,0.8109,-2.6303,3.4412
2025-07-02,287.04,296.26,282.93,293.80,273.39,266.38,270.44,385.28,406.48,256.5649,1,255.7286,1,174782,223818,2.5356,-1.5971,4.1328
2025-07-03,294.15,298.05,289.74,294.79,276.82,267.87,269.71,383.63,405.79,261.6749,1,262.2136,1,91120,223394,3.9370,-0.4903,4.4273
2025-07-07,290.39,294.24,283.24,285.89,279.77,269.49,268.60,381.82,405.04,261.6749,1,268.6642,1,210415,223789,4.2800,0.4637,3.8163
2025-07-08,285.16,297.62,283.03,294.89,282.26,271.66,267.42,380.02,404.32,261.6749,1,273.9536,1,160745,223038,5.2180,1.4146,3.8034
2025-07-09,295.99,302.22,293.80,301.66,284.91,273.92,268.54,378.26,403.61,265.2496,1,278.2910,1,123469,203059,6.4335,2.4184,4.0151
2025-07-10,303.91,313.52,300.09,306.78,288.58,276.09,269.93,376.52,402.88,273.2917,1,283.0300,1,215881,198590,7.7209,3.4789,4.2420
2025-07-11,301.96,305.37,300.25,303.28,291.83,278.49,271.26,374.82,402.21,273.2917,1,289.1280,1,119098,191487,8.3623,4.4556,3.9068
2025-07-14,300.01,301.08,291.95,293.07,293.41,280.15,272.24,373.12,401.47,273.2917,1,313.5200,0,178538,185894,7.9551,5.1555,2.7997
2025-07-15,294.65,297.98,288.92,289.92,295.01,281.60,273.24,371.44,400.64,273.2917,1,313.0886,0,205553,182959,7.2942,5.5832,1.7110
2025-07-16,293.72,297.87,284.99,285.78,294.99,282.61,273.71,369.90,399.81,273.2917,1,312.1218,0,182270,178273,6.3629,5.7392,0.6238
2025-07-17,289.13,298.22,288.05,291.65,294.77,284.08,274.36,368.40,399.12,273.2917,1,310.4939,0,140488,177991,6.0291,5.7971,0.2319
2025-07-18,295.07,295.76,285.65,288.10,294.10,285.46,275.03,366.88,398.38,273.2917,1,308.9637,0,190636,179363,5.4156,5.7208,-0.3052
2025-07-21,289.74,297.25,286.15,287.80,294.29,287.03,275.59,365.31,397.64,273.2917,1,307.5253,0,131928,178147,4.8493,5.5465,-0.6972
2025-07-22,289.77,305.40,289.77,304.42,295.25,288.75,276.36,363.87,396.99,273.2917,1,306.1732,0,168770,178621,5.6762,5.5725,0.1037
2025-07-23,307.26,313.54,305.63,310.98,296.18,290.54,277.37,362.45,396.39,275.5612,1,284.9900,1,305662,182236,6.7827,5.8145,0.9682
2025-07-24,306.83,312.60,302.29,311.79,296.68,292.63,277.74,361.00,395.82,275.5612,1,285.5610,1,370905,179854,7.6369,6.1790,1.4579
2025-07-25,349.21,355.00,312.89,333.61,299.71,295.77,278.72,359.65,395.35,290.6390,1,286.1206,1,690072,190101,9.9597,6.9351,3.0246
2025-07-28,334.00,334.00,320.92,323.23,302.73,298.07,279.40,358.25,394.84,290.6390,1,288.8757,1,313824,192710,10.8381,7.7157,3.1224
2025-07-29,322.27,322.32,308.84,315.23,305.26,300.13,280.11,356.95,394.23,290.6390,1,291.5207,1,215176,193331,10.7646,8.3255,2.4391
2025-07-30,315.51,319.59,300.57,302.68,306.95,300.97,280.46,355.67,393.51,290.6390,1,294.0599,1,273774,196452,9.5832,8.5770,1.0061
2025-07-31,300.00,304.65,298.13,302.24,308.01,301.39,280.88,354.53,392.81,290.6390,1,296.4975,1,147070,196023,8.5132,8.5643,-0.0510
2025-08-01,297.12,299.60,287.05,293.09,308.51,301.30,281.19,353.38,391.96,290.6390,1,355.0000,0,175649,197793,6.8481,8.2210,-1.3730
2025-08-04,299.14,302.70,292.06,300.81,309.81,302.05,281.83,352.21,391.16,290.6390,1,353.6410,0,117346,197944,6.0812,7.7931,-1.7118
2025-08-05,300.15,303.25,295.11,299.08,309.27,302.26,282.45,351.03,390.39,290.6390,1,352.3092,0,171134,199038,5.2731,7.2891,-2.0160
2025-08-06,299.47,301.27,294.14,294.72,307.65,301.91,283.06,349.83,389.56,290.6390,1,351.0040,0,149983,199776,4.2321,6.6777,-2.4456
2025-08-07,298.27,299.02,282.90,284.30,304.90,300.79,283.24,348.66,388.75,329.7349,0,349.7249,0,148916,197777,2.5370,5.8496,-3.3125
2025-08-08,283.68,287.28,280.77,283.72,299.91,299.81,283.56,347.51,387.99,320.8754,0,347.0519,0,66220,196893,1.1338,4.9064,-3.7726
2025-08-11,283.86,286.89,278.20,281.49,295.74,299.23,283.78,346.42,387.28,318.3174,0,343.0750,0,80619,195904,-0.1564,3.8938,-4.0503
2025-08-12,284.47,301.42,283.95,301.21,294.33,299.80,284.52,345.33,386.64,318.3174,0,337.8850,0,207745,197243,0.4076,3.1966,-2.7890
2025-08-13,301.14,317.24,300.55,313.21,295.39,301.17,285.50,344.27,386.14,318.3174,0,333.1102,0,333475,200488,1.8022,2.9177,-1.1156
2025-08-14,307.62,308.58,297.10,305.27,295.69,301.85,286.25,343.25,385.59,318.3174,0,328.7174,0,134594,199353,2.2408,2.7823,-0.5415
2025-08-15,306.47,308.34,299.13,299.40,296.32,302.41,286.93,342.26,384.78,318.3174,0,324.6760,0,77664,197309,2.0907,2.6440,-0.5533
2025-08-18,300.18,301.60,295.51,295.74,295.81,302.81,287.78,341.23,383.87,318.3174,0,320.9579,0,77159,192897,1.6573,2.4467,-0.7894
2025-08-19,300.39,314.05,296.07,307.88,296.69,302.98,288.91,340.20,383.02,318.3174,0,317.5373,0,219980,193139,2.2673,2.4108,-0.1435
2025-08-20,302.88,305.58,292.11,293.44,296.57,302.11,289.65,339.01,382.03,318.3174,0,314.3903,0,151474,191336,1.5674,2.2421,-0.6747
2025-08-21,290.32,296.08,287.01,293.95,297.53,301.21,290.26,337.74,381.06,318.3174,0,314.0500,0,118962,188738,1.0419,2.0021,-0.9601
2025-08-22,294.16,324.10,293.33,320.27,301.19,300.55,291.56,336.59,380.26,269.5312,1,278.2000,1,249426,190022,2.7180,2.1453,0.5727
2025-08-25,318.96,322.88,308.22,308.66,303.90,299.82,292.53,335.40,379.37,271.7836,1,279.1180,1,260663,192387,3.0740,2.3310,0.7430
2025-08-26,306.52,312.11,303.01,307.78,304.56,299.45,293.47,334.09,378.40,271.7836,1,280.0177,1,155891,191929,3.2476,2.5143,0.7333
2025-08-27,304.86,312.62,300.56,302.79,303.52,299.45,294.21,332.80,377.08,271.7836,1,280.8993,1,115726,189571,2.9486,2.6012,0.3475
2025-08-28,304.59,305.27,286.45,292.36,302.23,298.96,294.82,331.40,375.81,271.7836,1,281.7633,1,218919,191371,1.8488,2.4507,-0.6019
2025-08-29,292.17,302.10,291.74,296.46,301.93,299.13,295.54,330.09,374.57,271.7836,1,282.6100,1,203342,189147,1.2930,2.2192,-0.9261
2025-09-02,289.76,295.83,289.41,292.47,301.61,298.71,296.26,328.70,373.24,271.7836,1,283.4398,1,160975,188413,0.5246,1.8802,-1.3557
2025-09-03,291.17,296.14,289.12,291.13,299.93,298.31,296.68,327.34,371.97,271.7836,1,284.2530,1,96772,186523,-0.1903,1.4661,-1.6565
2025-09-04,290.71,297.61,283.00,297.20,300.31,298.44,297.12,326.11,370.77,271.7836,1,324.1000,0,131927,186336,-0.2641,1.1201,-1.3842
2025-09-05,305.00,317.45,305.00,313.15,302.23,299.88,297.98,324.90,369.62,271.7836,1,323.2780,0,235583,187366,0.9535,1.0868,-0.1332
2025-09-08,312.48,313.25,305.87,312.06,301.41,301.30,298.81,323.78,368.57,271.7836,1,322.4724,0,175565,189212,1.8097,1.2314,0.5783
2025-09-09,312.13,313.39,302.89,306.24,301.16,302.53,299.39,322.68,367.51,271.7836,1,321.6830,0,155631,185983,1.9956,1.3842,0.6114
2025-09-10,312.36,313.56,299.50,307.41,301.13,302.84,300.06,321.54,366.47,271.7836,1,320.9093,0,126653,185874,2.2118,1.5497,0.6621
2025-09-11,307.57,318.40,307.57,315.78,302.43,302.97,300.65,320.29,365.40,275.0172,1,320.1512,0,155111,185666,3.0237,1.8445,1.1792
2025-09-12,313.41,315.25,309.20,312.63,304.45,303.34,301.03,318.98,364.22,276.0800,1,319.4081,0,107263,184315,3.3740,2.1504,1.2236
2025-09-15,313.17,320.00,310.71,319.50,306.76,304.34,301.52,317.85,363.11,280.0374,1,283.0000,1,180613,186105,4.1581,2.5519,1.6062
2025-09-16,322.40,329.62,315.83,328.60,310.37,305.99,302.38,316.73,361.96,286.8022,1,283.7400,1,248684,186870,5.4509,3.1317,2.3192
2025-09-17,321.91,330.00,307.64,308.15,312.07,306.00,302.64,315.51,360.67,286.8022,1,285.5752,1,221930,188094,4.7704,3.4595,1.3109
2025-09-18,312.59,322.14,310.00,314.83,313.83,307.07,302.91,314.42,359.42,286.8022,1,288.2407,1,132701,188279,4.7157,3.7107,1.0050
2025-09-19,315.09,315.09,307.18,310.04,313.52,307.88,302.97,313.28,358.13,286.8022,1,290.7462,1,128140,186524,4.2370,3.8160,0.4211
2025-09-22,309.78,309.78,301.01,302.82,312.60,307.00,302.96,312.05,356.86,286.8022,1,293.1015,1,170124,187545,3.2378,3.7003,-0.4626
2025-09-23,303.00,311.38,299.38,302.35,312.21,306.69,303.15,310.70,355.63,286.8022,1,295.3154,1,98113,185936,2.3805,3.4364,-1.0559
2025-09-24,300.30,307.87,298.43,300.08,311.48,306.30,303.35,309.52,354.42,286.8022,1,297.3965,1,73250,183290,1.5006,3.0492,-1.5486
2025-09-25,297.31,302.57,295.23,301.31,310.03,306.23,303.66,308.50,353.34,286.8022,1,330.0000,0,78853,181222,0.8922,2.6178,-1.7256
2025-09-26,302.01,308.59,280.91,293.57,308.13,306.29,303.70,307.75,352.23,286.8022,1,329.3046,0,212016,182652,-0.2120,2.0518,-2.2639
2025-09-29,297.54,297.54,285.00,294.65,305.64,306.20,303.83,306.91,351.12,286.8022,1,327.3688,0,199714,182834,-0.9886,1.4438,-2.4323
2025-09-30,293.79,299.66,289.00,299.36,302.72,306.54,304.06,306.17,350.00,286.8022,1,325.5105,0,141328,183022,-1.2100,0.9130,-2.1230
2025-10-01,294.70,295.20,286.27,293.88,301.29,306.68,303.85,305.43,348.86,286.8022,1,323.7264,0,168658,183019,-1.8069,0.3690,-2.1759
2025-10-02,293.15,297.07,289.84,293.90,299.20,306.52,303.51,304.74,347.71,286.8022,1,322.0138,0,146186,179830,-2.2523,-0.1552,-2.0971
2025-10-03,294.88,307.27,294.36,297.42,297.93,305.73,303.22,303.99,346.56,286.8022,1,320.3696,0,151595,175444,-2.2948,-0.5831,-1.7117
2025-10-06,297.73,314.09,293.19,309.28,298.58,305.59,302.74,303.45,345.42,286.8022,1,318.7913,0,190331,165449,-1.3559,-0.7377,-0.6182
2025-10-07,308.37,314.02,302.66,305.58,298.90,305.56,302.38,302.84,344.28,286.8022,1,317.2760,0,99405,161161,-0.8999,-0.7701,-0.1298
2025-10-08,305.39,325.65,298.34,322.40,301.13,306.31,302.53,302.36,343.34,286.8022,1,280.9100,1,214009,161137,0.8093,-0.4542,1.2635
2025-10-09,320.56,322.87,309.92,315.38,302.54,306.29,302.78,301.91,342.44,286.8022,1,281.8048,1,93226,157526,1.5792,-0.0476,1.6268
2025-10-10,317.40,318.49,292.42,294.23,302.61,305.37,302.62,301.36,341.55,286.8022,1,282.6817,1,118398,156953,0.4773,0.0574,0.4198
2025-10-13,300.26,303.41,295.21,296.50,302.79,304.22,302.69,300.90,340.71,286.8022,1,283.5411,1,71219,154864,-0.2105,0.0038,-0.2143
2025-10-14,291.75,300.93,291.01,298.06,302.66,302.69,302.63,300.47,339.82,286.8022,1,284.3833,1,115796,154833,-0.6224,-0.1214,-0.5010
2025-10-15,306.19,306.19,295.95,296.77,302.95,302.12,302.59,299.98,338.92,286.8022,1,285.2086,1,118530,153781,-1.0410,-0.3053,-0.7357
2025-10-16,304.95,309.00,299.04,304.31,303.99,301.59,302.78,299.66,338.07,286.8022,1,286.0174,1,181764,154417,-0.7556,-0.3954,-0.3602
2025-10-17,301.62,309.00,301.62,306.64,304.91,301.42,303.23,299.35,337.30,286.8022,1,286.8101,1,150530,154449,-0.3375,-0.3838,0.0463
2025-10-20,307.75,320.39,307.75,310.39,305.03,301.80,303.76,299.03,336.57,286.8022,1,287.5869,1,116241,155449,0.2930,-0.2485,0.5415
2025-10-21,308.71,320.70,308.59,318.53,306.32,302.61,304.50,298.82,335.94,286.8022,1,288.3481,1,127062,156378,1.4330,0.0878,1.3452
2025-10-22,315.45,321.05,308.93,309.34,305.02,303.08,304.66,298.55,335.16,286.8022,1,289.0942,1,162929,155482,1.5768,0.3856,1.1912
2025-10-23,305.54,308.84,287.10,291.98,302.68,302.61,304.24,298.15,334.26,286.8022,1,325.6500,0,199510,152803,0.2866,0.3658,-0.0792
2025-10-24,296.23,298.79,289.12,290.15,302.27,302.44,303.94,297.66,333.42,286.8022,1,324.8790,0,115103,152413,-0.8735,0.1180,-0.9914
2025-10-27,290.79,292.96,285.00,289.32,301.55,302.17,303.73,297.05,332.63,286.8022,1,324.1234,0,144776,153755,-1.8386,-0.2734,-1.5653
2025-10-28,291.44,291.63,283.77,284.33,300.18,301.42,303.51,296.42,331.80,325.0026,0,322.5585,0,154533,155303,-2.9719,-0.8131,-2.1589
2025-10-29,284.35,290.09,276.00,277.36,298.24,300.59,302.90,295.75,330.87,320.8443,0,320.2312,0,375157,158406,-4.3820,-1.5268,-2.8551
2025-10-30,278.00,288.56,266.08,283.47,296.15,300.07,302.70,295.14,329.93,318.0834,0,316.6927,0,493635,165249,-4.9494,-2.2113,-2.7380
2025-10-31,278.07,295.55,275.11,292.50,294.74,299.83,302.67,294.69,328.98,318.0834,0,311.6314,0,194396,166758,-4.6171,-2.6925,-1.9246
2025-11-03,291.20,291.57,276.46,284.58,292.16,298.59,301.95,294.26,327.93,318.0834,0,307.0763,0,134493,164459,-4.9360,-3.1412,-1.7948
2025-11-04,282.25,288.88,277.53,288.23,289.13,297.72,301.54,293.82,326.94,318.0834,0,302.9766,0,139302,162032,-4.8385,-3.4807,-1.3578
2025-11-05,284.71,289.62,275.11,282.93,286.48,295.75,301.05,293.23,325.83,318.0834,0,299.2870,0,116171,161238,-5.1297,-3.8105,-1.3192
2025-11-06,281.55,282.50,272.39,273.81,284.67,293.67,300.47,292.92,324.72,318.0834,0,295.9663,0,131620,161556,-6.0269,-4.2538,-1.7731
2025-11-07,274.00,284.11,270.10,282.31,283.88,293.08,300.27,292.66,323.62,318.0834,0,292.9776,0,101011,159197,-5.9831,-4.5996,-1.3835
2025-11-10,283.29,283.29,270.19,277.61,282.71,292.13,299.89,292.34,322.54,318.0185,0,290.2879,0,157405,158279,-6.2555,-4.9308,-1.3247
2025-11-11,280.13,281.97,272.84,280.93,282.37,291.27,299.66,292.06,321.44,317.2947,0,287.8671,0,105911,157177,-6.1329,-5.1712,-0.9616
2025-11-12,283.00,289.75,282.90,285.04,283.14,290.69,299.54,291.46,320.39,317.2947,0,266.0800,1,84286,156928,-5.6390,-5.2648,-0.3742
2025-11-13,281.74,287.34,270.67,271.98,281.99,289.07,299.03,290.93,319.34,317.2947,0,266.5534,1,132345,156936,-6.2296,-5.4577,-0.7719
2025-11-14,270.00,272.29,264.19,267.92,279.53,287.14,298.13,290.51,318.21,306.3937,0,289.7500,0,111964,154464,-6.9452,-5.7552,-1.1900
2025-11-17,268.18,272.12,259.37,262.31,277.31,284.73,297.13,289.99,317.12,303.9084,0,289.2388,0,146054,153873,-7.8743,-6.1790,-1.6952
2025-11-18,261.46,267.90,257.78,261.48,274.63,281.88,296.24,289.53,316.07,300.2230,0,288.0440,0,97244,152706,-8.5786,-6.6590,-1.9197
2025-11-19,260.72,264.49,251.28,253.25,271.66,279.07,295.16,289.10,314.94,295.4927,0,286.2282,0,154812,153269,-9.6892,-7.2650,-2.4242
2025-11-20,257.00,260.69,249.32,250.48,269.33,277.00,293.85,288.53,313.68,292.2629,0,283.4323,0,76847,151704,-10.6699,-7.9460,-2.7239
2025-11-21,250.48,277.55,250.48,271.46,268.25,276.06,293.03,288.17,312.49,292.2629,0,280.0211,0,197406,153506,-9.6431,-8.2854,-1.3576
2025-11-24,270.10,274.05,267.14,272.05,267.69,275.20,292.08,287.77,311.41,292.2629,0,277.5500,0,110507,152104,-8.6816,-8.3646,-0.3169
2025-11-25,272.62,280.58,267.48,279.79,267.58,274.97,291.10,287.36,310.33,292.2629,0,249.3200,1,75431,148639,-7.2119,-8.1341,0.9222
2025-11-26,275.75,284.04,275.75,279.47,267.02,275.08,290.53,286.86,309.26,292.2629,0,249.9452,1,89319,145987,-6.0038,-7.7080,1.7042
2025-11-28,280.62,284.30,277.64,281.56,267.98,274.98,289.86,287.10,308.28,292.2629,0,251.3090,1,49470,144322,-4.8221,-7.1308,2.3087
2025-12-01,277.73,299.99,276.69,293.15,270.50,275.02,289.52,287.48,307.34,248.7165,1,253.2885,1,147103,144702,-2.9168,-6.2880,3.3712
2025-12-02,308.23,315.95,293.17,314.50,275.72,276.51,289.76,287.99,306.47,262.0589,1,257.0246,1,306229,147424,0.3123,-4.9680,5.2803
2025-12-03,315.42,330.65,312.76,326.22,282.19,278.41,290.23,288.54,305.58,278.0870,1,262.9171,1,320087,151863,3.7737,-3.2196,6.9933
2025-12-04,325.48,336.43,324.89,328.43,289.71,280.69,290.80,289.13,304.84,287.9418,1,271.0451,1,251446,155427,6.6188,-1.2519,7.8708
2025-12-05,325.69,334.50,325.69,330.91,297.75,283.54,291.39,289.59,304.23,289.0056,1,280.1990,1,180247,157455,8.9704,0.7925,8.1778
2025-12-08,335.69,339.79,329.83,331.58,303.77,286.01,292.15,290.07,303.85,294.8415,1,288.0713,1,157832,156371,10.7639,2.7868,7.9771
2025-12-09,333.58,334.58,326.89,329.65,309.53,288.61,292.85,290.57,303.40,294.8415,1,296.3463,1,117520,154728,11.8925,4.6079,7.2846
2025-12-10,329.61,351.35,324.61,347.98,316.34,291.96,293.83,291.16,303.08,295.5072,1,303.2973,1,183942,155580,14.1035,6.5070,7.5964
2025-12-11,347.79,358.50,340.00,343.66,322.76,294.89,294.82,291.68,302.78,305.4745,1,311.9468,1,216059,156528,15.3303,8.2717,7.0586
2025-12-12,344.32,349.16,339.05,345.05,329.11,298.54,295.85,292.24,302.52,305.4745,1,321.2574,1,150718,156618,16.2277,9.8629,6.3648
2025-12-15,344.53,345.85,334.27,339.57,333.75,302.13,296.69,292.55,302.17,305.4745,1,328.7059,1,146219,156511,16.3087,11.1521,5.1567
2025-12-16,344.71,344.71,334.81,339.77,336.28,306.00,297.30,292.92,301.91,305.4745,1,334.2700,1,133428,155373,16.2023,12.1621,4.0402
2025-12-17,337.57,340.35,327.56,328.00,336.46,309.33,297.75,293.18,301.57,305.4745,1,358.5000,0,142910,156243,14.9954,12.7288,2.2666
2025-12-18,332.62,336.59,325.87,329.04,336.52,313.12,297.88,293.51,301.24,305.4745,1,357.8812,0,200583,155974,13.9618,12.9754,0.9864
2025-12-19,329.09,329.09,316.14,320.29,335.46,316.61,297.98,293.74,300.93,305.4745,1,356.6008,0,278364,159677,12.2950,12.8393,-0.5443
2025-12-22,321.29,331.62,319.33,330.63,335.36,319.56,298.71,294.07,300.70,305.4745,1,354.1731,0,156223,160434,11.6737,12.6062,-0.9324
2025-12-23,328.53,333.49,325.50,328.31,335.23,322.38,299.34,294.41,300.51,305.4745,1,351.8911,0,95670,160923,10.8689,12.2587,-1.3898
2025-12-24,323.74,331.00,323.10,329.94,333.43,324.89,299.98,294.81,300.35,305.4745,1,349.7461,0,50910,159625,10.2445,11.8559,-1.6114
2025-12-26,327.26,331.11,325.68,331.02,332.16,327.46,300.66,295.23,300.15,305.4745,1,347.7297,0,55214,158359,9.7247,11.4297,-1.7049
2025-12-29,330.61,334.40,324.87,331.34,330.79,329.95,301.20,295.68,300.05,305.4745,1,345.8343,0,117692,157077,9.2322,10.9902,-1.7580
2025-12-30,329.24,333.40,327.45,332.34,330.07,331.91,301.72,296.06,299.94,305.4745,1,344.0527,0,128184,156630,8.8209,10.5563,-1.7354
2025-12-31,329.06,333.23,325.75,326.52,328.74,332.51,302.04,296.45,299.78,305.4745,1,342.3779,0,94952,156205,7.9338,10.0318,-2.0980
2026-01-02,327.01,337.53,323.09,337.17,329.66,333.06,302.41,296.90,299.72,305.4745,1,340.8036,0,86922,155402,7.9980,9.6250,-1.6271
2026-01-05,336.41,358.18,332.59,353.01,332.06,334.29,303.29,297.49,299.73,308.6002,1,316.1400,1,179611,155735,9.2207,9.5442,-0.3235
2026-01-06,357.94,368.40,357.44,365.62,336.59,336.02,304.76,298.17,299.80,325.1967,1,316.9808,1,318236,158110,11.0795,9.8512,1.2283
2026-01-07,364.18,369.83,354.42,357.68,339.29,337.33,306.11,298.76,299.77,325.1967,1,319.0376,1,156485,158938,11.7762,10.2362,1.5400
2026-01-08,350.88,367.81,346.59,366.69,343.13,339.18,307.66,299.44,299.70,325.1967,1,322.0851,1,149243,159027,12.9066,10.7703,2.1363
2026-01-09,369.63,376.30,362.17,366.96,346.83,340.13,309.31,300.20,299.64,328.0217,1,324.9498,1,159811,159132,13.6667,11.3496,2.3171
2026-01-12,366.40,372.48,361.37,365.68,350.30,341.23,311.08,300.96,299.59,328.0217,1,329.0578,1,117420,153978,14.0043,11.8805,2.1238
2026-01-13,362.02,367.12,354.55,356.58,352.82,341.81,312.54,301.63,299.49,328.0217,1,332.8372,1,223397,148573,13.3833,12.1811,1.2022
2026-01-14,353.89,362.87,350.43,358.22,355.41,342.74,313.85,302.26,299.48,328.0217,1,336.3142,1,180292,148291,12.8751,12.3199,0.5552
2026-01-15,361.00,363.60,356.58,358.75,358.64,343.69,315.34,302.95,299.53,328.0217,1,339.5131,1,130800,148217,12.3725,12.3304,0.0421
2026-01-16,354.48,358.51,346.52,350.89,360.01,344.83,316.59,303.56,299.51,328.0217,1,342.4560,1,187024,149171,11.2107,12.1065,-0.8958
2026-01-20,345.92,348.92,337.77,340.80,358.79,345.42,317.75,304.09,299.36,328.0217,1,376.3000,0,186554,150579,9.3678,11.5587,-2.1909
2026-01-21,344.69,365.31,344.56,359.44,358.17,347.38,319.46,304.71,299.56,328.0217,1,375.5294,0,164336,151233,9.3042,11.1078,-1.8037
2026-01-22,359.44,369.64,357.15,360.34,358.43,348.86,321.02,305.37,299.75,328.0217,1,374.7742,0,182260,152858,9.2200,10.7303,-1.5102
2026-01-23,360.26,362.17,347.61,351.31,356.90,350.01,322.50,305.97,299.88,328.0217,1,374.0341,0,160057,152911,8.3287,10.2500,-1.9212
2026-01-26,350.21,355.91,340.94,346.48,354.85,350.84,323.81,306.57,300.00,328.0217,1,373.3088,0,131489,153423,7.1502,9.6300,-2.4798
2026-01-27,346.05,350.28,344.33,350.00,353.28,351.79,325.11,307.11,299.87,328.0217,1,372.5981,0,107835,153894,6.4261,8.9892,-2.5631
2026-01-28,351.93,354.99,345.68,349.87,352.61,352.72,326.66,307.61,299.86,328.0217,1,371.9015,0,130816,153863,5.7753,8.3464,-2.5712
2026-01-29,350.00,353.77,337.13,341.78,350.97,353.19,328.14,308.08,299.92,328.0217,1,371.2189,0,218705,155998,4.5541,7.5880,-3.0338
2026-01-30,337.29,341.29,334.24,334.87,348.58,353.61,329.59,308.51,299.89,328.0217,1,369.8553,0,166732,156412,2.9943,6.6692,-3.6749
2026-02-02,334.87,371.64,334.87,367.75,350.26,355.14,331.72,309.11,300.08,328.0217,1,334.2400,1,384924,162165,4.3610,6.2076,-1.8466
2026-02-03,367.27,381.00,365.09,374.28,353.61,356.20,334.14,309.78,300.36,328.0217,1,334.2400,1,162812,162325,5.9030,6.1467,-0.2437
2026-02-04,374.85,406.18,374.85,405.95,358.26,358.22,337.25,310.58,300.71,340.2205,1,334.8700,1,407005,168929,9.5702,6.8314,2.7388
2026-02-05,406.82,412.57,398.00,404.75,362.70,360.57,339.91,311.32,301.10,355.6490,1,339.1486,1,262966,170240,12.2386,7.9128,4.3258
2026-02-06,402.35,417.85,400.31,415.46,369.12,363.01,342.78,312.13,301.52,359.1456,1,345.0223,1,316871,174367,15.0441,9.3391,5.7050
2026-02-09,414.83,416.51,401.80,409.60,375.43,365.14,345.38,312.95,301.86,359.8010,1,352.3051,1,336978,179598,16.6032,10.7919,5.8113
2026-02-10,389.60,396.49,374.50,381.64,378.60,365.94,347.42,313.53,302.00,359.8010,1,358.8596,1,537311,188558,15.4051,11.7145,3.6906
2026-02-11,385.69,404.11,385.30,388.68,382.48,367.54,349.56,314.11,302.72,359.8010,1,364.7586,1,251048,192589,14.8525,12.3421,2.5104
2026-02-12,396.45,396.45,357.64,379.08,386.21,368.59,351.28,314.59,303.43,359.8010,1,417.8500,0,311566,195879,13.4844,12.5706,0.9138
2026-02-13,381.88,390.09,379.59,384.91,391.21,369.89,352.69,315.14,304.17,359.8010,1,416.6458,0,217474,194104,12.7240,12.6013,0.1227
2026-02-17,387.05,394.35,383.86,388.35,393.27,371.77,353.93,315.77,304.89,359.8010,1,415.4657,0,156583,190834,12.2576,12.5326,-0.2749
2026-02-18,384.76,394.48,381.24,390.35,394.88,374.24,355.17,316.44,305.64,359.8010,1,414.3092,0,108400,187973,11.9121,12.4085,-0.4964
2026-02-19,387.91,395.27,387.91,392.67,393.55,375.91,356.41,317.15,306.29,359.8010,1,413.1758,0,98010,186328,11.6907,12.2649,-0.5742
2026-02-20,389.11,414.36,388.19,411.63,394.24,378.47,358.01,317.95,307.06,359.8010,1,357.6400,1,171073,186593,12.8965,12.3912,0.5053
2026-02-23,407.51,410.61,389.61,397.00,392.39,380.76,359.35,318.68,307.77,359.8010,1,358.7744,1,207591,188394,12.5272,12.4184,0.1088
2026-02-24,397.78,408.22,385.81,401.56,391.59,383.51,360.43,319.44,308.48,359.8010,1,359.8861,1,116693,187049,12.4588,12.4265,0.0323
2026-02-25,404.43,404.43,380.00,384.33,391.86,385.23,361.24,319.97,309.07,359.8010,1,360.9756,1,312998,188988,10.8888,12.1190,-1.2301
2026-02-26,385.90,405.46,385.90,404.16,393.40,387.94,362.42,320.59,309.79,359.8010,1,362.0433,1,206081,190095,11.1166,11.9185,-0.8019
2026-02-27,400.37,410.48,397.44,405.39,396.04,391.12,363.74,321.22,310.35,359.8010,1,363.0896,1,191101,190993,11.2664,11.7881,-0.5217
2026-03-02,399.05,417.23,394.91,407.79,398.32,394.77,365.10,321.71,310.96,359.8010,1,364.1150,1,236274,193050,11.4469,11.7198,-0.2730
2026-03-03,396.16,415.73,391.18,414.06,400.89,397.08,366.82,322.32,311.59,359.8010,1,366.2396,1,177715,193746,11.9580,11.7675,0.1905
2026-03-04,421.16,430.11,409.68,414.43,403.30,399.09,368.53,322.98,312.26,360.2872,1,368.2792,1,250772,194750,12.2517,11.8643,0.3874
2026-03-05,408.06,411.87,390.47,396.62,403.70,398.62,370.05,323.60,312.82,360.2872,1,371.9891,1,226867,193720,10.9214,11.6757,-0.7543
2026-03-06,386.08,386.10,352.33,359.78,398.51,396.37,370.64,323.99,313.21,437.2535,0,430.1100,0,308763,196770,6.8159,10.7038,-3.8878
2026-03-09,353.53,369.61,338.39,368.78,395.69,394.04,371.45,324.49,313.67,424.6006,0,428.5544,0,372763,202312,4.2396,9.4109,-5.1713
2026-03-10,366.97,374.41,353.67,356.03,391.14,391.36,371.97,324.86,314.10,424.6006,0,424.9478,0,253244,206359,1.1558,7.7599,-6.6041
2026-03-11,351.36,353.33,336.72,341.41,386.85,389.35,372.18,325.14,314.47,413.6043,0,421.4855,0,182620,208907,-2.4398,5.7200,-8.1598
2026-03-12,332.75,338.00,314.58,315.75,378.00,385.70,371.86,325.28,314.73,396.0604,0,416.3996,0,298100,212515,-7.2760,3.1208,-10.3968
2026-03-13,316.77,321.97,310.00,321.00,369.56,382.80,371.64,325.53,314.96,382.3694,0,408.2540,0,178765,213527,-10.5633,0.3840,-10.9473
2026-03-16,326.77,329.98,317.42,327.71,361.56,379.94,371.66,325.82,315.25,382.3694,0,398.4286,0,142783,214484,-12.4832,-2.1895,-10.2937
2026-03-17,333.17,344.18,327.88,328.96,353.05,376.97,371.50,326.14,315.55,382.3694,0,389.5857,0,205238,216850,-13.7454,-4.5007,-9.2447
2026-03-18,325.83,331.35,321.97,322.63,343.87,373.58,370.89,326.28,315.84,382.3694,0,381.6272,0,149733,216252,-15.0826,-6.6170,-8.4656
2026-03-19,315.27,321.59,308.92,321.17,336.32,370.01,370.00,326.33,316.12,372.2045,0,374.4645,0,241841,214724,-16.0749,-8.5086,-7.5663
2026-03-20,323.12,323.97,313.93,318.63,332.21,365.36,369.22,326.42,316.38,372.2045,0,366.5991,0,179452,215184,-16.8717,-10.1812,-6.6905
2026-03-23,334.14,345.84,328.03,329.48,328.28,361.98,368.47,326.62,316.70,372.2045,0,359.6776,0,146256,215124,-16.4382,-11.4326,-5.0056
2026-03-24,322.79,341.66,321.27,330.26,325.70,358.42,367.74,326.85,317.08,372.2045,0,353.5867,0,133194,214592,-15.8491,-12.3159,-3.5331
2026-03-25,329.80,345.26,329.80,344.36,326.00,356.42,367.31,327.10,317.55,372.2045,0,348.2267,0,184611,215936,-14.0821,-12.6692,-1.4129
2026-03-26,339.30,344.83,331.19,336.78,328.10,353.05,366.92,327.38,317.95,372.2045,0,345.2600,0,138619,214240,-13.1418,-12.7637,-0.3782
2026-03-27,331.73,335.26,327.04,334.31,329.43,349.50,366.44,327.65,318.30,372.2045,0,345.2600,0,218238,214999,-12.4525,-12.7014,0.2490
2026-03-30,338.05,343.54,332.34,336.01,330.26,345.91,365.99,327.76,318.71,372.2045,0,344.8300,0,177077,215924,-11.6349,-12.4881,0.8533
2026-03-31,336.01,355.55,336.01,351.28,332.49,342.77,365.99,328.04,319.17,372.2045,0,308.9200,1,151929,215222,-9.6436,-11.9192,2.2757
2026-04-01,355.89,365.79,353.86,354.88,335.72,339.79,366.27,328.36,319.64,372.2045,0,309.8526,1,161045,214712,-7.6864,-11.0726,3.3863
2026-04-02,343.51,365.00,339.87,354.28,339.03,337.67,366.17,328.70,320.08,372.2045,0,312.0901,1,104725,213520,-6.1132,-10.0808,3.9676
2026-04-06,351.92,372.46,350.75,372.05,344.37,338.29,366.41,329.23,320.63,372.2045,0,314.2381,1,169506,213265,-3.3935,-8.7433,5.3498
2026-04-07,373.33,379.01,367.21,375.61,348.98,338.63,366.89,329.76,321.20,320.8462,1,317.7314,1,203881,214141,-0.9399,-7.1826,6.2427
2026-04-08,389.15,408.00,388.91,400.31,355.99,340.84,367.97,330.48,321.92,341.7006,1,322.6337,1,275453,217021,2.9634,-5.1534,8.1168
2026-04-09,402.06,407.25,394.82,401.67,361.72,343.86,369.00,331.21,322.58,346.2270,1,331.1703,1,154040,217945,6.0963,-2.9035,8.9998
2026-04-10,402.41,405.99,397.64,401.85,368.23,348.16,370.04,331.91,323.21,349.9828,1,338.8533,1,119149,217712,8.4958,-0.6236,9.1194
2026-04-13,399.99,404.47,386.48,396.74,374.47,351.95,371.14,332.47,323.85,349.9828,1,345.7680,1,234513,218028,9.8712,1.4753,8.3959
2026-04-14,402.40,409.00,391.91,404.47,381.31,355.79,372.53,333.09,324.52,349.9828,1,351.9912,1,211700,218927,11.4530,3.4709,7.9821
2026-04-15,407.87,407.87,393.70,397.79,385.96,359.23,373.13,333.70,325.12,349.9828,1,358.8322,1,194917,215127,12.0289,5.1825,6.8464
2026-04-16,401.60,423.81,401.01,422.56,392.73,364.22,374.10,334.46,325.86,358.6837,1,364.8524,1,283707,217545,14.3189,7.0098,7.3092
2026-04-17,430.04,445.08,429.02,434.22,400.73,369.88,374.66,335.25,326.60,381.9403,1,373.1064,1,308079,215566,16.8801,8.9838,7.8963
2026-04-20,431.66,448.01,430.18,446.33,408.15,376.26,375.50,336.14,327.37,384.1473,1,384.6222,1,200224,214311,19.6604,11.1191,8.5413
2026-04-21,447.92,451.91,433.84,441.81,414.78,381.88,376.02,336.96,328.10,388.0011,1,396.0320,1,223070,212435,21.2541,13.1461,8.1079
2026-04-22,449.36,449.38,429.16,431.46,417.89,386.94,376.46,337.65,328.83,388.0011,1,407.2076,1,237907,210454,21.4348,14.8039,6.6310
2026-04-23,437.75,446.57,435.39,440.98,421.82,391.77,377.65,338.53,329.56,388.0011,1,416.1481,1,174760,203203,22.0916,16.2614,5.8302
2026-04-24,442.08,450.00,434.80,442.44,425.88,397.05,378.72,339.38,330.26,388.8437,1,423.3005,1,158438,201351,22.4709,17.5033,4.9676
2026-04-27,443.06,454.88,443.06,444.32,430.64,402.55,380.03,340.28,330.95,397.0374,1,429.0224,1,157645,198272,22.6619,18.5350,4.1269
2026-04-28,446.33,448.62,435.80,443.32,434.52,407.92,381.20,341.21,331.65,397.0374,1,434.1939,1,162743,197178,22.4736,19.3227,3.1508
2026-04-29,441.40,451.32,417.27,422.04,436.95,411.46,381.87,342.01,332.30,397.0374,1,454.8800,0,287747,199801,20.3724,19.5327,0.8397
2026-04-30,444.86,451.97,417.02,448.82,439.57,416.15,383.04,343.00,333.09,397.0374,1,454.1278,0,330870,204250,20.6302,19.7522,0.8781
2026-05-01,454.31,457.99,440.88,441.26,440.28,420.50,384.01,343.94,333.87,397.0374,1,417.0200,1,188683,206064,19.9941,19.8006,0.1935
2026-05-04,433.96,434.52,403.34,405.09,436.15,422.15,383.88,344.68,334.44,397.0374,1,457.9900,0,216237,206967,16.3825,19.1169,-2.7345
2026-05-05,407.50,426.40,404.56,422.31,434.20,424.49,384.39,345.53,335.11,397.0374,1,457.9900,0,176314,206342,14.7398,18.2415,-3.5017
2026-05-06,431.42,454.22,430.52,449.40,436.00,426.94,385.34,346.53,335.91,397.0374,1,456.8970,0,311659,210241,15.4459,17.6824,-2.2365
2026-05-07,455.71,460.05,445.55,448.94,436.79,429.31,386.63,347.57,336.64,397.0374,1,403.3400,1,151113,207003,15.7864,17.3032,-1.5168
2026-05-08,449.78,453.11,443.86,449.80,437.53,431.71,387.55,348.60,337.33,397.0374,1,404.4742,1,95403,204790,15.9419,17.0309,-1.0891
2026-05-11,448.08,454.61,440.32,446.18,437.72,434.18,388.36,349.60,338.00,397.0374,1,405.5857,1,116587,203299,15.5932,16.7434,-1.1502
2026-05-12,445.12,445.46,420.42,434.98,436.88,435.70,388.91,350.43,338.51,397.0374,1,406.6750,1,186389,202302,14.2489,16.2445,-1.9956
2026-05-13,436.33,440.45,426.86,431.42,437.82,437.38,389.25,351.27,339.05,397.0374,1,407.7425,1,110875,200965,12.7493,15.5455,-2.7961
2026-05-14,436.94,462.48,425.83,459.29,438.87,439.22,390.15,352.19,339.77,397.0374,1,408.7886,1,231528,200580,13.6524,15.1669,-1.5145
2026-05-15,453.86,463.12,446.09,460.38,440.78,440.53,391.43,353.15,340.56,397.0374,1,410.9363,1,147690,198996,14.2913,14.9918,-0.7005
2026-05-18,459.24,464.63,453.43,458.31,446.10,441.13,393.40,354.25,341.34,398.6700,1,414.0673,1,122277,195267,14.4639,14.8862,-0.4223
2026-05-19,454.31,458.55,441.51,448.95,448.77,441.48,395.00,355.26,342.12,398.6700,1,418.1123,1,114392,190099,13.6876,14.6464,-0.9589
2026-05-20,455.36,471.73,452.46,466.47,450.47,443.24,397.21,356.39,342.95,401.7686,1,421.8338,1,202308,189081,14.3210,14.5814,-0.2604
2026-05-21,460.45,465.69,445.67,458.25,451.40,444.10,399.55,357.46,343.74,401.7686,1,426.8234,1,154247,188513,13.9983,14.4647,-0.4664
2026-05-22,459.17,466.65,448.00,456.23,452.05,444.79,402.36,358.47,344.55,401.7686,1,431.3140,1,167482,185901,13.4248,14.2568,-0.8319
2026-05-26,462.32,474.04,459.10,467.89,454.22,445.97,405.29,359.55,345.47,407.1592,1,435.3556,1,107942,184484,13.7527,14.1560,-0.4032
2026-05-27,472.77,480.89,467.55,474.00,458.12,447.50,408.22,360.64,346.42,416.7482,1,439.9978,1,148883,184606,14.3403,14.1928,0.1474
2026-05-28,474.70,477.98,460.92,469.21,461.90,449.86,411.02,361.65,347.36,416.7482,1,445.7227,1,134710,183196,14.2551,14.2053,0.0498
2026-05-29,466.30,477.61,460.56,472.37,463.21,451.04,414.02,362.73,348.21,416.7482,1,450.6461,1,197781,184157,14.2779,14.2198,0.0581
2026-06-01,465.60,483.02,458.95,482.22,465.39,453.08,417.24,364.00,349.06,416.7482,1,454.8803,1,142592,182172,14.9189,14.3596,0.5593
2026-06-02,483.14,485.00,468.54,471.15,466.67,456.39,420.29,365.21,349.89,419.7517,1,458.9500,1,222807,183039,14.3680,14.3613,0.0067
2026-06-03,469.80,476.08,455.03,464.49,468.23,458.50,422.99,366.37,350.71,419.7517,1,485.0000,0,263784,185389,13.2413,14.1373,-0.8960
2026-06-04,472.49,474.49,460.07,471.43,468.72,459.60,425.81,367.62,351.59,419.7517,1,485.0000,0,132283,185371,12.7614,13.8621,-1.1008
2026-06-05,473.99,482.46,461.06,466.51,469.55,460.48,428.26,368.88,352.39,419.7517,1,484.4006,0,197520,185629,11.8474,13.4592,-1.6118
2026-06-08,470.22,489.43,466.25,480.68,471.99,462.02,431.14,370.20,353.32,419.7517,1,455.0300,1,159345,186044,12.1267,13.1927,-1.0660
2026-06-09,488.08,494.71,459.79,479.30,473.14,463.68,434.04,371.44,354.25,419.7517,1,455.7180,1,283266,187344,12.0972,12.9736,-0.8764
2026-06-10,440.00,475.20,430.01,463.70,472.11,465.11,436.59,372.64,354.97,419.7517,1,494.7100,0,348517,190773,10.6918,12.5172,-1.8254
2026-06-11,471.04,489.47,467.88,487.14,473.90,467.90,439.31,373.96,355.86,419.7517,1,494.7100,0,246493,192665,11.3388,12.2815,-0.9428
2026-06-12,487.79,490.07,477.36,482.87,474.95,469.08,441.87,375.30,356.73,419.7517,1,493.4160,0,184939,193142,11.3758,12.1004,-0.7246
2026-06-15,482.87,486.73,470.16,474.19,474.15,469.77,444.26,376.63,357.59,419.7517,1,492.1479,0,329372,197635,10.5827,11.7969,-1.2141
2026-06-16,472.04,476.60,455.75,457.02,472.73,469.70,445.96,377.80,358.41,419.7517,1,490.9051,0,165898,197563,8.4711,11.1317,-2.6606
2026-06-17,456.42,456.42,422.34,425.86,468.87,468.55,446.97,378.79,359.06,419.7517,1,489.6872,0,302190,199529,4.2344,9.7522,-5.5178
2026-06-18,435.61,439.73,430.49,435.12,465.24,466.98,447.66,379.81,359.77,419.7517,1,486.9933,0,218126,198383,1.6055,8.1229,-6.5174
2026-06-22,434.72,444.55,433.85,436.05,462.19,465.87,448.35,380.82,360.50,419.7517,1,484.4072,0,118954,197681,-0.3982,6.4187,-6.8169
2026-06-23,437.29,440.16,430.12,430.87,457.21,464.60,448.93,381.88,361.17,419.7517,1,481.9245,0,127753,197853,-2.3768,4.6596,-7.0364
2026-06-24,435.29,440.05,423.42,428.44,452.13,462.63,449.57,382.95,361.74,419.7517,1,479.5411,0,110795,195379,-4.0937,2.9089,-7.0027
2026-06-25,432.44,444.81,429.06,433.69,449.12,460.62,450.15,384.09,362.35,419.7517,1,477.2531,0,106644,193278,-4.9735,1.3324,-6.3059
2026-06-26,431.43,433.81,420.76,430.51,443.46,458.68,450.81,385.22,362.97,419.7517,1,475.0566,0,240483,194189,-5.8597,-0.1060,-5.7537
2026-06-29,428.37,434.96,420.80,425.71,437.75,456.35,450.87,386.37,363.57,419.7517,1,471.7988,0,141889,191353,-6.8702,-1.4588,-5.4114
2026-06-30,425.71,426.97,411.74,421.16,432.44,453.29,450.61,387.51,364.09,419.7517,1,468.7364,0,128201,187755,-7.9465,-2.7564,-5.1902
2026-07-01,427.74,429.50,410.14,418.15,428.56,450.64,450.04,388.48,364.62,473.4099,0,464.1767,0,179345,187338,-8.9394,-3.9930,-4.9464
2026-07-02,421.86,426.03,410.21,416.69,427.64,448.25,449.54,389.45,365.11,471.8776,0,458.7731,0,115673,185190,-9.7319,-5.1407,-4.5911
2026-07-06,417.42,422.80,412.69,417.89,425.92,445.58,449.27,390.37,365.55,469.1599,0,453.9097,0,98288,182397,-10.1461,-6.1418,-4.0043
2026-07-07,422.32,422.32,414.86,416.00,423.91,443.05,448.77,391.28,366.09,467.1014,0,449.5328,0,143645,181775,-10.5058,-7.0146,-3.4912
2026-07-08,416.01,422.27,401.53,414.65,422.29,439.75,448.21,392.17,366.59,461.7823,0,445.5935,0,247505,183556,-10.7756,-7.7668,-3.0088
2026-07-09,421.52,428.01,419.36,421.29,421.57,436.85,447.75,393.02,367.15,461.7823,0,440.3059,0,110083,182605,-10.3345,-8.2803,-2.0541
2026-07-10,425.15,428.93,415.76,420.82,420.29,434.71,447.30,393.73,367.74,461.7823,0,435.6528,0,146656,182283,-9.9086,-8.6060,-1.3026
2026-07-13,427.74,435.07,420.56,432.06,420.44,431.95,447.50,394.44,368.39,461.7823,0,401.5300,1,138821,179305,-8.5654,-8.5979,0.0325
2026-07-14,434.79,436.07,426.41,432.73,421.14,429.44,447.18,395.13,369.05,461.7823,0,402.2008,1,157297,175833,-7.3619,-8.3507,0.9888
2026-07-15,429.37,434.03,410.81,417.05,420.73,426.59,446.70,395.70,369.63,461.7823,0,403.5556,1,226291,176586,-7.5860,-8.1977,0.6118
2026-07-16,424.45,439.29,423.24,438.29,422.75,425.65,447.36,396.42,370.35,461.7823,0,404.8561,1,196091,176183,-5.9807,-7.7543,1.7736
2026-07-17,438.14,439.99,428.92,436.85,424.76,426.20,447.65,397.13,371.06,461.7823,0,406.9222,1,399368,180644,-4.7697,-7.1574,2.3877
2026-07-20,434.97,434.97,426.42,428.02,425.78,425.85,447.23,397.66,371.71,461.7823,0,409.5676,1,140733,177225,-4.4710,-6.6201,2.1491
2026-07-21,430.97,433.79,419.33,433.22,427.50,425.70,446.91,398.26,372.40,461.7823,0,412.0014,1,146168,177126,-3.7712,-6.0503,2.2791
2026-07-22,431.16,436.40,424.04,426.29,428.66,425.48,446.44,398.80,373.06,461.7823,0,414.2405,1,104441,177307,-3.7328,-5.5868,1.8541
2026-07-23,426.40,427.85,413.53,426.55,429.19,425.38,446.05,399.38,373.71,461.7823,0,439.9900,0,143833,177852,-3.6394,-5.1973,1.5580
2026-07-24,426.17,431.42,414.66,423.68,429.47,424.88,445.82,399.94,374.28,461.7823,0,439.4608,0,123799,176600,-3.7536,-4.9086,1.1549
2026-07-27,425.31,426.78,411.55,419.92,428.26,424.35,445.59,400.56,374.85,461.7823,0,438.9422,0,214915,178681,-4.1004,-4.7469,0.6466
2026-07-28,416.82,421.56,407.17,409.99,425.99,423.57,444.61,401.09,375.29,459.7377,0,437.8465,0,193351,177917,-5.1174,-4.8210,-0.2964
2026-07-29,404.13,404.14,388.13,394.44,423.73,422.23,443.29,401.59,375.69,443.5284,0,436.0059,0,218520,179334,-7.0964,-5.2761,-1.8203
2026-07-30,382.92,390.00,341.59,350.63,414.96,418.85,441.13,401.72,375.97,424.3041,0,432.1758,0,496352,186815,-12.0608,-6.6330,-5.4278
2026-07-31,361.65,361.65,342.18,347.63,406.04,415.40,439.11,401.85,376.22,410.4142,0,423.1172,0,285578,190239,-16.0522,-8.5169,-7.5353
2026-08-03,348.11,360.36,345.42,360.10,399.25,412.51,436.98,402.05,376.53,410.0212,0,414.9645,0,213971,190472,-18.0016,-10.4138,-7.5878
2026-08-04,360.90,374.97,360.90,374.33,393.36,410.43,435.30,402.34,376.92,410.0212,0,407.6271,0,269555,192779,-18.1887,-11.9688,-6.2199
2026-08-05,369.13,374.60,356.46,356.81,386.41,407.54,433.31,402.51,377.18,410.0212,0,401.0234,0,228608,194001,-19.5256,-13.4802,-6.0454
2026-08-06,354.23,362.93,350.21,361.82,379.94,404.56,431.19,402.71,377.46,410.0212,0,395.0800,0,181742,195477,-19.9508,-14.7743,-5.1765
2026-08-07,361.82,369.11,357.37,364.21,373.99,401.73,429.00,402.96,377.73,410.0212,0,389.7310,0,113634,194772,-19.8660,-15.7926,-4.0733
2026-08-10,360.17,367.66,354.55,355.77,367.57,397.92,426.73,403.08,377.92,410.0212,0,384.9169,0,135869,194795,-20.2464,-16.6834,-3.5630
2026-08-11,356.74,363.40,352.59,356.96,362.27,394.13,424.42,403.11,378.15,406.9789,0,380.5842,0,162560,194091,-20.2187,-17.3904,-2.8283
2026-08-12,360.31,368.98,358.08,364.66,359.29,391.51,422.07,403.10,378.52,406.9789,0,376.6848,0,135617,193951,-19.3524,-17.7828,-1.5696
2026-08-13,365.00,384.10,365.00,380.22,362.25,388.60,420.25,403.25,378.97,406.9789,0,341.5900,1,289157,195278,-17.2119,-17.6687,0.4567
2026-08-14,375.01,385.90,375.01,384.32,365.92,385.98,418.65,403.37,379.44,406.9789,0,342.4402,1,234666,194696,-15.0117,-17.1373,2.1256
2026-08-17,383.49,389.56,382.70,385.22,368.43,383.84,416.92,403.49,379.95,406.9789,0,344.1786,1,180861,195668,-13.0450,-16.3188,3.2738
2026-08-18,382.19,383.29,368.00,368.92,367.89,380.62,414.97,403.51,380.40,406.9789,0,346.9015,1,194864,195614,-12.6557,-15.5862,2.9305
2026-08-19,374.45,375.00,357.14,359.19,368.13,377.27,412.54,403.53,380.78,406.9789,0,349.4610,1,114797,194723,-12.9827,-15.0655,2.0828
2026-08-20,354.58,365.09,353.13,359.63,367.91,373.92,410.15,403.54,381.12,404.1374,0,351.8669,1,83830,190735,-13.0558,-14.6636,1.6077
2026-08-21,363.25,369.44,357.87,362.15,367.70,370.85,408.12,403.56,381.51,404.1374,0,353.1300,1,101330,185791,-12.7633,-14.2835,1.5202
2026-08-24,363.20,365.90,344.96,349.54,367.08,367.33,405.36,403.55,381.81,401.3081,0,389.5600,0,128666,183434,-13.3946,-14.1057,0.7111
2026-08-25,354.28,354.28,343.41,343.92,365.78,364.02,402.58,403.58,382.12,393.3963,0,388.6680,0,117827,182092,-14.1849,-14.1216,-0.0633
2026-08-26,343.57,353.53,339.60,349.83,364.29,361.79,400.10,403.51,382.50,390.8402,0,386.8577,0,199648,179498,-14.1710,-14.1314,-0.0395
2026-08-27,349.83,358.34,349.83,353.08,361.58,361.92,398.02,403.46,382.85,390.8402,0,384.0222,0,131099,178802,-13.7393,-14.0530,0.3137
2026-08-28,359.28,365.48,348.55,352.25,358.37,362.15,396.55,403.47,383.23,390.8402,0,381.3569,0,136708,175492,-13.3107,-13.9046,0.5938
2026-08-31,350.33,356.78,344.89,355.13,355.36,361.90,394.95,403.53,383.60,390.8402,0,378.8515,0,144715,174024,-12.5935,-13.6424,1.0488
2026-09-01,350.74,356.01,330.99,331.62,351.63,359.76,392.86,403.40,383.83,389.2404,0,376.4964,0,161134,174867,-13.7636,-13.6666,-0.0970
2026-09-02,332.93,338.26,324.58,332.04,348.92,358.52,390.88,403.29,384.13,376.6903,0,372.8559,0,85069,174014,-14.4899,-13.8313,-0.6586
2026-09-03,333.48,346.07,326.01,345.81,347.54,357.72,389.23,403.31,384.52,376.6903,0,368.0283,0,138566,174569,-13.7953,-13.8241,0.0287
2026-09-04,344.30,358.45,341.55,357.94,347.12,357.41,387.71,403.47,385.00,376.6903,0,363.6835,0,166907,175774,-12.1263,-13.4845,1.3582
2026-09-08,357.94,361.30,354.45,354.84,347.65,357.36,386.20,403.38,385.46,376.6903,0,324.5800,1,92187,172809,-10.9278,-12.9732,2.0454
2026-09-09,353.60,357.86,344.25,346.55,347.91,356.84,384.62,403.19,385.93,376.6903,0,325.3144,1,123268,172436,-10.5256,-12.4837,1.9581
2026-09-10,347.30,354.31,344.14,346.00,347.53,355.91,383.11,402.80,386.41,376.6903,0,326.0341,1,108436,172041,-10.1344,-12.0138,1.8794
2026-09-11,348.47,351.87,344.13,351.05,347.32,354.45,381.77,402.44,386.81,376.6903,0,326.7394,1,148354,171421,-9.3095,-11.4730,2.1634
2026-09-14,346.24,351.99,344.67,351.03,347.20,352.79,380.46,402.01,387.20,376.6903,0,327.4306,1,110574,171319,-8.5588,-10.8901,2.3313
2026-09-15,351.14,359.03,347.29,353.80,347.07,351.22,379.18,401.64,387.57,376.6903,0,328.1080,1,123441,171822,-7.6521,-10.2425,2.5904
2026-09-16,346.36,354.00,339.85,343.53,348.26,349.95,377.73,401.38,387.89,376.6903,0,328.7719,1,132980,171609,-7.6738,-9.7288,2.0550
2026-09-17,352.65,358.40,341.50,341.80,349.23,349.08,376.27,401.07,388.19,376.6903,0,329.4224,1,88424,168427,-7.7413,-9.3313,1.5900
2026-09-18,341.56,343.68,336.31,342.22,348.88,348.21,374.69,400.82,388.44,376.6903,0,330.0600,1,131276,168851,-7.6725,-8.9995,1.3270
2026-09-21,342.95,348.77,335.88,348.04,347.89,347.50,373.23,400.58,388.61,376.6903,0,330.6848,1,84957,167617,-7.0669,-8.6130,1.5461
2026-09-22,351.22,357.71,348.00,348.38,347.24,347.44,371.56,400.31,388.72,376.6903,0,331.2971,1,124093,167323,-6.4848,-8.1874,1.7026
2026-09-23,347.25,352.80,341.41,343.85,346.97,347.44,369.78,400.00,388.79,376.6903,0,331.8971,1,128325,166743,-6.3161,-7.8131,1.4970
2026-09-24,343.85,345.71,332.38,333.22,345.69,346.61,368.11,399.60,388.81,376.4394,0,361.3000,0,99100,164199,-6.9600,-7.6425,0.6825
2026-09-25,332.19,334.62,321.54,324.22,343.01,345.17,365.82,399.02,388.77,365.6590,0,360.7216,0,147942,163236,-8.1031,-7.7346,-0.3685
2026-09-28,324.22,332.30,322.05,330.25,340.93,344.07,363.69,398.58,388.77,364.0711,0,359.1543,0,129458,157838,-8.4253,-7.8728,-0.5526
2026-09-29,330.56,337.25,329.67,336.32,339.18,343.13,361.86,398.14,388.71,364.0711,0,357.6498,0,67937,156382,-8.0976,-7.9177,-0.1798
2026-09-30,339.05,340.00,331.24,333.74,338.20,343.23,359.87,397.80,388.66,364.0711,0,356.2054,0,94048,155340,-7.9543,-7.9250,-0.0292
2026-10-01,330.72,345.26,326.94,344.38,338.46,343.85,358.23,397.41,388.66,364.0711,0,354.8187,0,152939,156310,-6.9026,-7.7205,0.8179
2026-10-02,349.99,358.28,346.66,351.12,339.35,344.11,356.72,397.04,388.72,364.0711,0,321.5400,1,144170,156316,-5.4623,-7.2689,1.8066
2026-10-05,351.18,356.56,340.28,346.14,339.16,343.52,355.17,396.63,388.75,364.0711,0,322.2748,1,144721,156735,-4.6689,-6.7489,2.0800
2026-10-06,348.60,352.63,338.41,341.65,338.49,342.86,353.61,396.15,388.82,364.0711,0,322.9949,1,117835,154793,-4.3522,-6.2696,1.9173
2026-10-07,338.01,342.99,333.22,334.72,337.58,342.27,352.10,395.62,388.85,364.0711,0,323.7006,1,93554,152797,-4.6074,-5.9371,1.3297
2026-10-08,335.16,344.21,334.55,341.26,338.38,342.04,351.04,395.25,388.95,364.0711,0,324.3922,1,143022,151287,-4.2331,-5.5963,1.3633
2026-10-09,341.78,343.10,336.00,336.75,339.63,341.32,350.76,395.10,388.98,364.0711,0,325.0700,1,73513,142831,-4.2513,-5.3273,1.0760
