Date,Open,High,Low,Close,Ma10:Top:Line,Ma20:Top:Line,Ma50:Top:Line,Ma150:Top:Line,Ma200:Top:Line,Supertrend:Top:ColorLine,Supertrend_Dir,ParabolicSAR:Top:ColorLine,ParabolicSAR_Dir,Volume:Middle:Histogram,Vo50:Middle:Line,Macd:Bottom:Line,MacdSignal:Bottom:Line,MacdDelta:Bottom:Histogram,RsRating:Hidden:Hidden
2023-07-20,80.44,81.09,77.08,78.92,,,,,,,0,81.0900,0,133264,,,,,0
2023-07-21,79.37,79.90,76.50,76.77,,,,,,,0,81.0900,0,119953,,,,,0
2023-07-24,76.42,78.24,75.81,76.89,,,,,,,0,81.0900,0,87024,,,,,0
2023-07-25,76.34,78.11,76.10,77.20,,,,,,,0,80.8788,0,99982,,,,,0
2023-07-26,76.92,78.07,75.83,76.75,,,,,,,0,80.6760,0,117036,,,,,0
2023-07-27,75.98,75.98,73.07,73.28,,,,,,,0,80.4814,0,146904,,,,,0
2023-07-28,74.03,74.47,73.03,74.36,,,,,,,0,80.0367,0,110053,,,,,0
2023-07-31,75.20,75.20,73.39,74.73,,,,,,,0,79.4762,0,120233,,,,,0
2023-08-01,76.60,79.86,73.97,76.78,,,,,,,0,73.0300,1,272876,,,,,0
2023-08-02,76.00,76.98,73.78,74.10,75.98,,,,,84.4130,0,73.1666,1,126185,,,,,0
2023-08-03,73.87,75.50,73.75,74.35,75.52,,,,,83.2797,0,73.3005,1,93161,,,,,0
2023-08-04,74.43,75.03,73.43,74.48,75.29,,,,,82.4992,0,79.8600,0,90262,,,,,0
2023-08-07,75.06,76.06,74.45,75.70,75.17,,,,,82.4992,0,79.7314,0,64171,,,,,0
2023-08-08,74.85,74.93,72.64,73.19,74.77,,,,,81.8358,0,79.6054,0,105760,,,,,0
2023-08-09,73.53,74.66,72.98,73.18,74.42,,,,,81.5697,0,79.3268,0,114878,,,,,0
2023-08-10,73.28,74.82,72.92,73.87,74.47,,,,,81.4147,0,79.0593,0,86989,,,,,0
2023-08-11,73.51,74.43,73.32,73.84,74.42,,,,,80.9983,0,78.8025,0,61907,,,,,0
2023-08-14,73.62,74.06,72.54,73.21,74.27,,,,,80.1669,0,78.5560,0,138835,,,,,0
2023-08-15,73.18,73.76,72.17,72.92,73.88,,,,,79.6222,0,78.1951,0,72446,,,,,0
2023-08-16,72.75,73.99,71.46,71.91,73.67,74.82,,,,79.4755,0,77.7130,0,82682,,,,,0
2023-08-17,71.75,72.30,70.49,71.24,73.35,74.44,,,,78.0135,0,77.0877,0,116278,,,,,0
2023-08-18,70.54,71.19,69.86,70.68,72.97,74.13,,,,76.8956,0,76.2960,0,76773,,,,,0
2023-08-21,70.97,71.91,70.64,71.63,72.57,73.87,,,,76.8956,0,75.3950,0,36811,,,,,0
2023-08-22,71.96,73.37,71.96,72.68,72.52,73.64,,,,76.8956,0,74.6201,0,59990,,,,,0
2023-08-23,73.11,75.14,72.82,75.10,72.71,73.56,,,,76.8956,0,69.8600,1,88656,,,,,0
2023-08-24,75.32,75.93,73.86,73.87,72.71,73.59,,,,76.8956,0,69.9656,1,47764,,,,,0
2023-08-25,73.98,74.79,73.03,74.23,72.75,73.58,,,,76.8956,0,70.2042,1,43224,,,,,0
2023-08-28,74.63,76.50,74.52,76.39,73.07,73.67,,,,76.8956,0,70.4332,1,64022,,,,,0
2023-08-29,76.47,79.09,76.24,78.54,73.63,73.76,,,,71.2747,1,70.7972,1,93816,,,,,0
2023-08-30,78.66,78.95,78.07,78.41,74.28,73.97,,,,72.4948,1,71.4606,1,62132,,,,,0
2023-08-31,78.47,78.59,77.17,77.56,74.91,74.13,,,,72.4948,1,72.0710,1,58868,,,,,0
2023-09-01,77.93,79.17,77.63,78.70,75.71,74.34,,,,72.6613,1,72.6325,1,66368,,,,,0
2023-09-05,78.31,78.71,76.44,76.64,76.21,74.39,,,,72.6613,1,73.2863,1,70716,,,,,0
2023-09-06,76.33,77.67,76.11,77.24,76.67,74.59,,,,72.6613,1,73.8746,1,51689,,0.6156,-0.0467,0.6623,0
2023-09-07,76.94,77.22,72.86,73.38,76.50,74.60,,,,72.6613,1,79.1700,0,130418,,0.3376,0.0301,0.3075,0
2023-09-08,73.30,75.66,73.30,74.73,76.58,74.64,,,,72.6613,1,79.0438,0,96372,,0.2236,0.0688,0.1548,0
2023-09-11,75.12,75.40,73.26,73.39,76.50,74.62,,,,72.6613,1,78.9201,0,60429,,0.0249,0.0600,-0.0352,0
2023-09-12,73.15,73.74,70.62,70.66,75.93,74.50,,,,78.9842,0,78.7989,0,134975,,-0.3489,-0.0217,-0.3271,0
2023-09-13,70.51,71.43,70.20,70.98,75.17,74.40,,,,77.3077,0,78.4718,0,78277,,-0.6122,-0.1398,-0.4724,0
2023-09-14,72.05,72.16,70.90,71.33,74.46,74.37,,,,77.3077,0,77.9755,0,87572,,-0.7837,-0.2686,-0.5150,0
2023-09-15,70.68,70.91,68.96,69.78,73.68,74.30,,,,76.2453,0,77.5089,0,125723,,-1.0327,-0.4214,-0.6113,0
2023-09-18,69.71,70.53,69.25,70.02,72.82,74.26,,,,75.9533,0,76.8250,0,56912,,-1.1969,-0.5765,-0.6204,0
2023-09-19,69.80,70.20,69.37,69.99,72.15,74.18,,,,75.4910,0,76.1958,0,57777,,-1.3143,-0.7241,-0.5902,0
2023-09-20,70.49,70.92,69.50,69.59,71.38,74.03,,,,75.4910,0,75.6169,0,46180,,-1.4232,-0.8639,-0.5593,0
2023-09-21,68.80,68.93,67.30,67.33,70.78,73.64,,,,73.8072,0,75.0844,0,80951,,-1.6725,-1.0256,-0.6469,0
2023-09-22,67.60,68.53,67.37,67.73,70.08,73.33,,,,73.4330,0,74.3060,0,61634,,-1.8170,-1.1839,-0.6331,0
2023-09-25,67.40,69.83,67.19,69.26,69.67,73.08,,,,73.4330,0,73.6054,0,52582,,-1.7874,-1.3046,-0.4828,0
2023-09-26,68.80,68.80,66.36,66.39,69.24,72.58,,,,73.4330,0,72.8355,0,80431,,-1.9727,-1.4382,-0.5345,0
2023-09-27,67.02,67.37,64.96,66.15,68.76,71.96,,,,72.3096,0,71.9289,0,95527,,-2.1146,-1.5735,-0.5412,0
2023-09-28,66.01,68.06,66.01,67.34,68.36,71.41,73.35,,,72.3096,0,70.8139,0,56310,89676,-2.1068,-1.6802,-0.4266,0
2023-09-29,67.73,67.73,65.29,65.89,67.97,70.83,73.09,,,72.3096,0,69.8773,0,70575,88422,-2.1923,-1.7826,-0.4097,0
2023-10-02,65.84,66.33,65.06,66.17,67.58,70.20,72.88,,,71.7124,0,69.0905,0,76228,87547,-2.2120,-1.8685,-0.3435,0
2023-10-03,65.74,65.91,62.24,63.21,66.91,69.53,72.60,,,70.6696,0,68.4296,0,116136,88130,-2.4383,-1.9824,-0.4559,0
2023-10-04,63.18,63.28,59.94,61.24,66.07,68.73,72.28,,,68.5472,0,67.3155,0,201443,90159,-2.7450,-2.1350,-0.6101,0
2023-10-05,61.21,61.60,57.78,60.71,65.41,68.09,71.96,,,67.0795,0,65.9100,0,240321,92624,-2.9963,-2.3072,-0.6891,0
2023-10-06,60.14,61.99,58.52,61.66,64.80,67.44,71.73,,,67.0795,0,64.2840,0,117037,92027,-3.0832,-2.4624,-0.6208,0
2023-10-09,61.73,62.64,59.77,61.35,64.01,66.84,71.47,,,67.0795,0,62.9832,0,102037,91867,-3.1410,-2.5981,-0.5428,0
2023-10-10,61.35,62.57,61.06,61.98,63.57,66.40,71.21,,,67.0795,0,62.6400,0,83245,91127,-3.1001,-2.6985,-0.4016,0
2023-10-11,61.23,62.45,57.37,57.70,62.72,65.74,70.83,,,67.0795,0,62.6400,0,124263,88155,-3.3742,-2.8337,-0.5406,0
2023-10-12,57.68,57.81,52.17,52.84,61.27,64.82,70.41,,,64.0946,0,62.5700,0,275672,91144,-3.9382,-3.0546,-0.8836,0
2023-10-13,53.22,55.33,53.15,54.09,60.09,64.03,70.00,,,63.1811,0,62.4500,0,123087,91743,-4.2355,-3.2908,-0.9447,0
2023-10-16,54.42,54.70,53.72,54.13,58.89,63.24,69.59,,,62.5510,0,60.3940,0,63522,91208,-4.4169,-3.5160,-0.9009,0
2023-10-17,53.49,57.32,53.49,56.49,58.22,62.56,69.21,,,62.5510,0,58.7492,0,139146,92708,-4.3205,-3.6769,-0.6436,0
2023-10-18,55.71,57.25,55.41,55.73,57.67,61.87,68.86,,,62.5510,0,57.4334,0,72438,92041,-4.2563,-3.7928,-0.4636,0
2023-10-19,55.73,57.78,55.36,56.43,57.24,61.32,68.53,,,62.5510,0,52.1700,1,73952,91223,-4.1017,-3.8546,-0.2472,0
2023-10-20,57.05,57.05,54.47,54.57,56.53,60.67,68.14,,,62.5510,0,52.2822,1,62172,90726,-4.0822,-3.9001,-0.1821,0
2023-10-23,54.24,55.59,54.00,54.66,55.86,59.94,67.76,,,62.5510,0,52.3922,1,68855,90865,-4.0132,-3.9227,-0.0905,0
2023-10-24,53.00,56.77,52.10,56.05,55.27,59.42,67.41,,,62.5510,0,57.7800,0,135389,90796,-3.8026,-3.8987,0.0961,0
2023-10-25,55.55,55.59,53.84,53.90,54.89,58.81,67.03,,,62.5510,0,57.6664,0,76376,90875,-3.7657,-3.8721,0.1064,0
2023-10-26,53.81,54.51,53.16,53.41,54.95,58.11,66.66,,,61.6892,0,57.5551,0,70891,90639,-3.7330,-3.8443,0.1113,0
2023-10-27,53.84,54.28,52.80,53.12,54.85,57.47,66.30,,,61.0528,0,57.4460,0,92259,90159,-3.6879,-3.8130,0.1251,0
2023-10-30,53.74,54.05,52.44,53.25,54.76,56.83,65.95,,,60.4895,0,57.3390,0,99562,90615,-3.6003,-3.7705,0.1702,0
2023-10-31,52.57,55.00,51.04,53.70,54.48,56.35,65.59,,,60.4895,0,57.2343,0,173875,93356,-3.4546,-3.7073,0.2527,0
2023-11-01,53.32,53.77,51.83,53.09,54.22,55.94,65.20,,,60.3193,0,56.9865,0,101152,94179,-3.3498,-3.6358,0.2860,0
2023-11-02,53.93,54.85,53.00,53.96,53.97,55.61,64.78,,,60.3193,0,56.7486,0,126391,94934,-3.1601,-3.5407,0.3805,0
2023-11-03,55.00,55.38,53.51,54.92,54.01,55.27,64.40,,,60.3193,0,56.5203,0,117633,96331,-2.8989,-3.4123,0.5134,0
2023-11-06,55.20,55.38,53.95,54.61,54.00,54.93,64.01,,,60.3193,0,56.3011,0,58345,96634,-2.6860,-3.2671,0.5811,0
2023-11-07,54.51,55.72,54.14,55.60,53.96,54.61,63.59,,,60.3193,0,56.0906,0,56990,96493,-2.4095,-3.0956,0.6860,0
2023-11-08,55.98,56.22,54.47,54.62,54.03,54.46,63.11,,,60.3193,0,51.0400,1,88774,96392,-2.2437,-2.9252,0.6815,0
2023-11-09,54.74,54.85,52.42,52.66,53.95,54.45,62.60,,,60.2250,0,51.1436,1,67189,96493,-2.2445,-2.7890,0.5445,0
2023-11-10,52.76,54.06,52.08,53.79,54.02,54.43,62.12,,,59.5950,0,51.2451,1,80411,96924,-2.1295,-2.6571,0.5277,0
2023-11-13,54.62,55.80,53.63,54.87,54.18,54.47,61.65,,,59.5950,0,51.3446,1,92494,97447,-1.9289,-2.5115,0.5826,0
2023-11-14,57.12,58.70,56.91,58.46,54.66,54.57,61.28,,,59.5950,0,51.4421,1,98043,97993,-1.4634,-2.3019,0.8385,0
2023-11-15,58.32,60.19,58.32,58.65,55.21,54.72,60.91,,,59.5950,0,51.7324,1,99224,98944,-1.0668,-2.0549,0.9880,0
2023-11-16,58.39,58.80,57.65,58.14,55.63,54.80,60.61,,,59.5950,0,52.2399,1,50960,97355,-0.7847,-1.8008,1.0161,0
2023-11-17,63.16,66.24,62.67,63.74,56.51,55.26,60.39,,,56.1424,1,52.7169,1,261124,100650,-0.1079,-1.4622,1.3543,0
2023-11-20,62.83,67.51,62.70,64.95,57.55,55.77,60.22,,,56.1807,1,53.7988,1,147846,102398,0.5200,-1.0658,1.5858,0
2023-11-21,64.78,67.57,64.65,66.18,58.61,56.28,60.13,,,57.2021,1,55.1699,1,133432,102367,1.1042,-0.6318,1.7360,0
2023-11-22,66.85,68.41,66.63,67.73,59.92,56.97,60.06,,,58.8339,1,56.6579,1,116550,103133,1.6729,-0.1708,1.8438,0
2023-11-24,67.51,68.13,67.09,68.00,61.45,57.70,60.00,,,59.4805,1,58.3032,1,28376,101949,2.1210,0.2875,1.8335,0
2023-11-27,67.21,67.98,66.39,66.60,62.73,58.38,59.93,,,59.4805,1,59.7181,1,109097,101616,2.3362,0.6973,1.6390,0
2023-11-28,66.40,67.25,65.90,66.46,63.89,59.04,59.86,,,59.4805,1,60.9350,1,72740,101933,2.4671,1.0512,1.4158,0
2023-11-29,67.06,69.00,67.06,67.37,64.78,59.72,59.81,,,60.5859,1,61.9815,1,98374,102745,2.6140,1.3638,1.2502,0
2023-11-30,67.16,69.26,66.65,69.01,65.82,60.52,59.80,,,60.5859,1,63.1045,1,149586,104813,2.8302,1.6571,1.1731,0
2023-12-01,68.92,72.30,68.19,71.01,67.11,61.37,59.87,,,62.2775,1,64.2125,1,170829,106610,3.1269,1.9510,1.1758,0
2023-12-04,70.75,72.67,70.46,72.31,67.96,62.24,59.96,,,63.7313,1,65.8300,1,127020,107918,3.4274,2.2463,1.1811,0
2023-12-05,71.68,72.06,70.10,70.18,68.49,63.02,59.98,,,63.7313,1,67.1980,1,55126,107969,3.4538,2.4878,0.9660,0
2023-12-06,70.54,71.65,69.18,69.46,68.81,63.71,60.04,,,63.7313,1,68.2924,1,52491,107410,3.3778,2.6658,0.7120,0
2023-12-07,69.79,69.85,67.78,68.94,68.93,64.43,60.10,,,63.7313,1,72.6700,0,72497,106950,3.2382,2.7803,0.4579,0
2023-12-08,68.92,71.72,68.84,71.55,69.29,65.37,60.18,,,63.7313,1,72.5722,0,122851,108280,3.3002,2.8843,0.4159,0
2023-12-11,71.49,72.23,70.76,71.87,69.82,66.27,60.30,,,64.1725,1,72.4764,0,74500,108359,3.3366,2.9747,0.3619,0
2023-12-12,72.10,72.40,70.92,71.26,70.30,67.09,60.40,,,64.6257,1,67.7800,1,52241,107879,3.2785,3.0355,0.2430,0
2023-12-13,71.13,74.61,71.08,74.25,70.98,67.88,60.63,,,65.4552,1,67.8724,1,63959,106836,3.4341,3.1152,0.3189,0
2023-12-14,75.83,78.55,75.79,77.01,71.78,68.80,60.94,,,69.2291,1,68.1419,1,154883,105905,3.7371,3.2396,0.4975,0
2023-12-15,76.64,77.04,75.30,75.36,72.22,69.66,61.23,,,69.2291,1,68.7664,1,149921,104097,3.8002,3.3517,0.4485,0
2023-12-18,75.95,76.68,74.82,74.98,72.49,70.22,61.50,,,69.2291,1,69.3534,1,50072,102757,3.7761,3.4366,0.3395,0
2023-12-19,75.08,76.44,75.08,75.56,73.02,70.75,61.78,,,69.2291,1,69.9052,1,49235,101701,3.7604,3.5014,0.2591,0
2023-12-20,75.50,75.91,73.54,73.62,73.44,71.13,62.02,,,69.2291,1,70.4239,1,45453,100945,3.5505,3.5112,0.0393,0
2023-12-21,74.52,76.16,74.52,75.88,74.13,71.53,62.38,,,69.2291,1,70.9115,1,58777,99636,3.5259,3.5141,0.0118,0
2023-12-22,76.10,76.28,75.25,75.75,74.55,71.92,62.84,,,69.2291,1,71.3698,1,29088,94704,3.4560,3.5025,-0.0465,0
2023-12-26,76.06,77.31,75.92,76.82,75.05,72.43,63.29,,,70.0410,1,71.8006,1,25320,92749,3.4473,3.4915,-0.0442,0
2023-12-27,77.22,77.83,75.91,76.32,75.56,72.93,63.74,,,70.3774,1,72.2055,1,32963,92137,3.3613,3.4654,-0.1042,0
2023-12-28,75.85,76.91,75.76,76.25,75.76,73.37,64.13,,,70.3774,1,72.5862,1,34076,90036,3.2500,3.4223,-0.1724,0
2023-12-29,75.99,76.60,75.16,75.57,75.61,73.70,64.53,,,70.3774,1,72.9440,1,33916,89266,3.0715,3.3522,-0.2807,0
2024-01-02,75.19,77.25,74.14,76.03,75.68,73.95,64.92,,,70.3774,1,73.2804,1,75962,89306,2.9334,3.2684,-0.3350,0
2024-01-03,74.87,75.44,73.35,74.20,75.60,74.04,65.31,,,70.3774,1,78.5500,0,69362,89450,2.6457,3.1439,-0.4981,0
2024-01-04,74.24,75.67,74.01,74.17,75.46,74.24,65.70,,,70.3774,1,78.4460,0,51392,89100,2.3878,2.9927,-0.6048,0
2024-01-05,73.85,76.58,73.21,75.91,75.69,74.57,66.10,,,70.3774,1,78.3441,0,94888,88290,2.2973,2.8536,-0.5562,0
2024-01-08,76.14,79.55,75.83,79.33,76.03,75.08,66.61,,,70.5186,1,73.2100,1,97742,88718,2.4731,2.7775,-0.3044,0
2024-01-09,78.86,80.27,78.00,79.36,76.40,75.48,67.13,,,71.9998,1,73.2100,1,61552,88531,2.5850,2.7390,-0.1540,0
2024-01-10,79.30,80.57,78.27,79.99,76.71,75.88,67.67,,,72.3083,1,73.4924,1,50626,87698,2.6935,2.7299,-0.0364,0
2024-01-11,79.89,81.88,79.31,81.50,77.23,76.39,68.23,,,73.4235,1,73.9171,1,72674,87160,2.8683,2.7576,0.1107,0
2024-01-12,82.33,83.13,80.85,81.14,77.72,76.74,68.78,,,74.8516,1,74.5541,1,89254,85468,2.9438,2.7948,0.1490,0
2024-01-16,80.07,81.34,79.84,80.96,78.26,76.93,69.34,,,74.8516,1,75.4117,1,80750,85060,2.9550,2.8268,0.1282,0
2024-01-17,79.77,80.58,78.03,78.74,78.53,77.10,69.83,,,74.8516,1,76.1835,1,88008,84292,2.7531,2.8121,-0.0590,0
2024-01-18,79.36,81.59,78.77,80.38,79.15,77.37,70.34,,,74.8516,1,76.8782,1,89045,83721,2.6943,2.7885,-0.0942,0
2024-01-19,80.57,82.33,80.05,82.17,79.95,77.70,70.89,,,74.8516,1,77.5033,1,91069,84375,2.7603,2.7829,-0.0226,0
2024-01-22,82.88,83.87,81.21,81.40,80.50,78.09,71.41,,,75.2827,1,78.0660,1,77981,84795,2.7192,2.7701,-0.0510,0
2024-01-23,81.44,82.93,79.62,80.47,80.61,78.32,71.93,,,75.2827,1,78.7625,1,59982,84219,2.5818,2.7325,-0.1507,0
2024-01-24,81.33,81.47,79.00,79.65,80.64,78.52,72.47,,,75.2827,1,83.8700,0,52776,83931,2.3793,2.6618,-0.2825,0
2024-01-25,80.53,82.74,80.53,82.66,80.91,78.81,73.04,,,75.2827,1,83.7726,0,113153,84586,2.4336,2.6162,-0.1826,0
2024-01-26,83.02,83.85,82.45,82.89,81.05,79.14,73.60,,,75.8101,1,79.0000,1,58512,83906,2.4668,2.5863,-0.1195,0
2024-01-29,82.52,83.65,82.42,83.57,81.29,79.50,74.11,,,76.0601,1,79.0970,1,44919,82843,2.5190,2.5729,-0.0539,0
2024-01-30,85.30,86.50,82.67,82.74,81.47,79.86,74.59,,,77.1585,1,79.1921,1,94895,82757,2.4649,2.5513,-0.0864,0
2024-01-31,82.15,84.33,82.15,82.74,81.87,80.20,75.08,,,77.1585,1,79.4844,1,75029,83238,2.3945,2.5199,-0.1254,0
2024-02-01,85.03,89.88,85.03,89.11,82.74,80.94,75.59,,,78.7090,1,79.7650,1,231169,82639,2.8201,2.5800,0.2402,0
2024-02-02,87.99,90.01,87.36,89.33,83.46,81.70,76.07,,,80.0186,1,80.3719,1,85828,81399,3.1390,2.6918,0.4473,0
2024-02-05,88.74,90.44,88.01,90.04,84.32,82.41,76.55,,,80.6962,1,81.1430,1,119087,81112,3.4098,2.8354,0.5744,0
2024-02-06,90.00,90.39,87.70,88.44,85.12,82.86,76.97,,,80.6962,1,82.0727,1,90386,80589,3.4554,2.9594,0.4960,0
2024-02-07,88.85,90.19,87.97,88.11,85.96,83.30,77.37,,,80.7794,1,82.9094,1,103529,82092,3.4254,3.0526,0.3728,0
2024-02-08,89.65,91.85,86.70,89.02,86.60,83.75,77.82,,,80.7794,1,83.6625,1,196191,83834,3.4355,3.1292,0.3063,0
2024-02-09,89.32,90.25,87.59,88.09,87.12,84.08,78.25,,,80.7794,1,84.6450,1,115935,84697,3.3301,3.1693,0.1607,0
2024-02-12,88.09,90.59,87.43,90.54,87.82,84.55,78.71,,,80.7794,1,85.5096,1,107697,84884,3.4049,3.2165,0.1885,0
2024-02-13,88.34,89.69,86.90,88.07,88.35,84.91,79.09,,,80.7794,1,86.2704,1,93768,83768,3.2278,3.2187,0.0090,0
2024-02-14,88.98,89.62,87.06,87.94,88.87,85.37,79.43,,,80.7794,1,86.9000,1,71618,81783,3.0418,3.1833,-0.1415,0
2024-02-15,88.77,90.24,88.57,89.90,88.95,85.84,79.78,,,80.7794,1,86.9000,1,78600,80815,3.0178,3.1502,-0.1324,0
2024-02-16,89.38,91.82,88.94,90.93,89.11,86.28,80.20,,,81.5924,1,87.0600,1,91548,81543,3.0468,3.1295,-0.0828,0
2024-02-20,89.93,91.45,89.18,91.17,89.22,86.77,80.63,,,81.7252,1,87.6348,1,91371,82321,3.0539,3.1144,-0.0605,0
2024-02-21,90.72,91.66,90.50,91.46,89.52,87.32,81.08,,,83.0012,1,88.1406,1,69802,82267,3.0478,3.1011,-0.0533,0
2024-02-22,92.39,92.90,91.87,92.38,89.95,87.96,81.50,71.68,,84.6820,1,88.5857,1,68158,81173,3.0817,3.0972,-0.0155,0
2024-02-23,92.65,94.16,92.50,92.80,90.33,88.46,81.92,71.77,,85.8633,1,89.1897,1,77534,81234,3.1066,3.0991,0.0075,0
2024-02-26,93.08,93.79,91.80,91.81,90.70,88.91,82.33,71.87,,85.8633,1,89.9850,1,129975,82789,3.0118,3.0816,-0.0699,0
2024-02-27,91.81,91.81,89.51,90.23,90.67,89.24,82.65,71.96,,85.8633,1,94.1600,0,134903,84207,2.7771,3.0207,-0.2436,0
2024-02-28,90.05,91.15,88.98,89.22,90.78,89.57,82.89,72.04,,85.8633,1,94.0670,0,113880,83387,2.4810,2.9128,-0.4318,0
2024-02-29,90.38,93.40,90.38,93.00,91.29,90.08,83.25,72.15,,85.8633,1,93.8635,0,198211,84353,2.5223,2.8347,-0.3124,0
2024-03-01,93.40,95.68,93.27,94.29,91.73,90.34,83.63,72.29,,86.7114,1,88.9800,1,181763,86987,2.6288,2.7935,-0.1647,0
2024-03-04,94.74,95.43,92.68,93.70,92.01,90.56,84.00,72.42,,86.7114,1,89.1140,1,101046,88023,2.6353,2.7619,-0.1266,0
2024-03-05,93.64,96.18,93.06,95.56,92.44,90.83,84.43,72.56,,86.7114,1,89.2453,1,140578,89926,2.7586,2.7612,-0.0026,0
2024-03-06,95.71,98.22,94.66,97.34,93.03,91.28,84.86,72.69,,88.2017,1,89.5227,1,182133,92393,2.9659,2.8021,0.1637,0
2024-03-07,98.09,100.07,98.09,98.16,93.61,91.78,85.31,72.85,,90.8465,1,90.0445,1,165900,95129,3.1598,2.8737,0.2862,0
2024-03-08,98.63,100.54,98.63,98.68,94.20,92.26,85.75,73.01,,91.4609,1,90.8466,1,147990,97583,3.3173,2.9624,0.3549,0
2024-03-11,97.86,98.24,94.50,97.07,94.73,92.71,86.16,73.17,,91.4609,1,91.8159,1,131870,99561,3.2744,3.0248,0.2496,0
2024-03-12,97.00,100.09,96.37,99.96,95.70,93.18,86.64,73.33,,91.4609,1,92.6883,1,146641,101812,3.4340,3.1066,0.3274,0
2024-03-13,99.81,101.52,99.80,100.38,96.81,93.80,87.13,73.51,,92.2014,1,93.4735,1,178496,104704,3.5534,3.1960,0.3574,0
2024-03-14,100.29,101.10,99.28,100.04,97.52,94.40,87.61,73.69,,92.2014,1,94.4391,1,134854,105881,3.5794,3.2727,0.3067,0
2024-03-15,99.18,101.65,98.00,98.80,97.97,94.85,88.11,73.85,,92.2014,1,95.2888,1,292082,110336,3.4600,3.3102,0.1499,0
2024-03-18,98.60,100.50,97.93,100.38,98.64,95.32,88.63,74.03,,92.2014,1,96.1794,1,109264,111493,3.4531,3.3387,0.1144,0
2024-03-19,100.40,102.76,100.20,102.52,99.33,95.89,89.16,74.23,,93.1834,1,96.9452,1,123834,112072,3.5791,3.3868,0.1923,0
2024-03-20,102.28,102.89,100.68,102.59,99.86,96.45,89.63,74.42,,93.6551,1,97.8756,1,79333,111704,3.6425,3.4380,0.2046,0
2024-03-21,103.58,104.71,102.75,103.21,100.36,96.99,90.11,74.63,,95.7771,1,98.7782,1,84219,112157,3.7002,3.4904,0.2098,0
2024-03-22,103.62,104.20,101.36,102.05,100.70,97.45,90.55,74.84,,95.7771,1,99.9646,1,65159,112448,3.6107,3.5145,0.0962,0
2024-03-25,102.15,103.22,102.12,102.67,101.26,97.99,90.97,75.05,,95.7771,1,100.9136,1,55144,112097,3.5489,3.5213,0.0275,0
2024-03-26,102.91,103.04,102.09,102.32,101.50,98.60,91.39,75.26,,95.7771,1,101.3600,1,55314,111419,3.4321,3.5035,-0.0714,0
2024-03-27,106.49,107.80,103.64,104.87,101.94,99.38,91.87,75.47,,97.6962,1,102.0300,1,152596,112856,3.5049,3.5038,0.0011,0
2024-03-28,104.97,105.64,104.09,105.11,102.45,99.98,92.40,75.67,,97.6962,1,102.0900,1,93632,112968,3.5411,3.5112,0.0299,0
2024-04-01,104.86,104.94,103.00,104.39,103.01,100.49,92.88,75.87,,97.6962,1,107.8000,0,117574,113539,3.4717,3.5033,-0.0316,0
2024-04-02,102.53,103.04,100.93,102.84,103.26,100.95,93.29,76.06,,97.6962,1,107.7040,0,112846,113974,3.2541,3.4535,-0.1994,0
2024-04-03,102.28,103.41,101.58,103.09,103.31,101.32,93.73,76.24,,97.6962,1,107.4330,0,67194,113758,3.0665,3.3761,-0.3096,0
2024-04-04,103.97,104.38,100.51,100.71,103.13,101.49,94.13,76.39,,97.6962,1,107.1729,0,105474,114668,2.6947,3.2398,-0.5451,0
2024-04-05,100.69,103.39,100.21,102.18,103.02,101.69,94.58,76.55,,97.6962,1,106.7731,0,74316,115099,2.4900,3.0898,-0.5999,0
2024-04-08,102.37,102.71,101.64,101.84,103.00,101.85,94.97,76.71,,97.6962,1,106.2481,0,86279,114562,2.2741,2.9267,-0.6526,0
2024-04-09,102.26,102.60,100.53,101.81,102.92,102.09,95.34,76.86,,97.6962,1,105.7650,0,58480,114561,2.0766,2.7567,-0.6801,0
2024-04-10,100.27,101.91,99.69,101.10,102.79,102.14,95.69,77.03,,97.6962,1,105.3206,0,62257,114908,1.8416,2.5737,-0.7321,0
2024-04-11,101.68,102.14,100.12,101.82,102.49,102.22,96.08,77.19,,97.6962,1,104.7576,0,70134,114412,1.6939,2.3977,-0.7038,0
2024-04-12,102.05,103.70,100.01,100.44,102.02,102.24,96.43,77.37,,97.6962,1,104.2508,0,90265,114717,1.4488,2.2079,-0.7591,0
2024-04-15,101.59,102.40,98.58,99.40,101.52,102.27,96.64,77.54,,97.6962,1,103.7947,0,75952,111613,1.1573,1.9978,-0.8405,0
2024-04-16,99.29,99.56,96.48,98.27,101.07,102.16,96.81,77.70,,97.6962,1,103.7000,0,102918,111955,0.8256,1.7634,-0.9378,0
2024-04-17,98.93,99.32,95.71,96.00,100.36,101.84,96.93,77.87,,105.9495,0,102.6892,0,116016,111893,0.3753,1.4858,-1.1105,0
2024-04-18,94.00,94.10,90.03,91.08,99.39,101.26,96.99,78.01,,101.4470,0,101.5725,0,216898,114423,-0.3744,1.1137,-1.4881,0
2024-04-19,91.38,93.56,91.36,93.19,98.49,100.76,97.09,78.15,,101.4470,0,99.4949,0,105062,114454,-0.7891,0.7332,-1.5223,0
2024-04-22,94.19,95.98,93.52,94.85,97.80,100.40,97.20,78.32,,101.4470,0,97.7912,0,108120,112693,-0.9726,0.3920,-1.3646,0
2024-04-23,95.60,98.41,95.60,97.86,97.40,100.16,97.40,78.50,,101.4470,0,90.0300,1,124948,112873,-0.8652,0.1406,-1.0058,0
2024-04-24,98.28,99.79,97.26,98.26,97.12,99.96,97.55,78.69,,101.4470,0,90.1976,1,89535,112510,-0.7392,-0.0354,-0.7039,0
2024-04-25,97.57,98.01,96.39,97.51,96.69,99.59,97.74,78.88,,101.4470,0,90.5813,1,105379,112742,-0.6920,-0.1667,-0.5253,0
2024-04-26,95.00,97.26,92.01,96.13,96.26,99.14,97.91,79.07,,101.4470,0,90.9496,1,127180,113853,-0.7572,-0.2848,-0.4724,0
2024-04-29,96.48,99.27,96.14,99.15,96.23,98.88,98.09,79.28,,101.4470,0,91.3033,1,126674,114815,-0.5587,-0.3396,-0.2191,0
2024-04-30,105.00,112.30,104.06,112.29,97.63,99.35,98.52,79.57,,95.6738,1,91.6427,1,434113,121666,0.6514,-0.1414,0.7928,0
2024-05-01,112.82,120.03,112.13,115.95,99.63,99.99,99.02,79.90,,102.4544,1,92.8822,1,375979,127358,1.8840,0.2637,1.6203,0
2024-05-02,118.03,119.00,115.21,118.94,102.41,100.90,99.56,80.25,,103.7050,1,95.0540,1,236488,130692,3.0668,0.8243,2.2425,0
2024-05-03,121.00,121.72,118.47,120.28,105.12,101.81,100.12,80.60,78.79,107.0600,1,97.0521,1,203887,133406,4.0654,1.4725,2.5929,0
2024-05-06,121.73,122.39,119.37,122.36,107.87,102.83,100.71,80.98,79.01,108.2425,1,99.5189,1,152718,134910,4.9674,2.1715,2.7959,0
2024-05-07,123.20,124.92,122.13,124.07,110.49,103.95,101.36,81.36,79.24,111.3142,1,102.2634,1,189616,136103,5.7539,2.8880,2.8659,0
2024-05-08,123.32,124.60,121.17,122.84,112.95,105.03,102.01,81.76,79.47,111.3142,1,105.4353,1,189296,137191,6.2064,3.5516,2.6547,0
2024-05-09,123.27,127.73,123.11,127.68,115.97,106.33,102.78,82.20,79.72,113.1362,1,108.1632,1,150892,137931,6.8763,4.2166,2.6597,0
2024-05-10,127.61,128.68,126.48,127.13,119.07,107.66,103.46,82.65,79.98,115.8646,1,111.2939,1,143937,136846,7.2789,4.8290,2.4498,0
2024-05-13,126.14,126.42,123.47,126.12,121.77,109.00,104.10,83.08,80.24,115.8646,1,114.4234,1,197920,137169,7.4308,5.3494,2.0814,0
2024-05-14,126.54,128.79,126.26,128.56,123.39,110.51,104.80,83.53,80.51,116.2463,1,116.9896,1,225816,139664,7.6598,5.8115,1.8483,0
2024-05-15,129.89,133.17,129.27,132.97,125.09,112.36,105.55,84.00,80.80,119.6862,1,119.3496,1,219041,141233,8.1037,6.2699,1.8338,0
2024-05-16,132.51,132.86,127.61,127.93,125.99,114.20,106.16,84.47,81.06,119.6862,1,122.1137,1,183746,141266,7.9571,6.6073,1.3497,0
2024-05-17,128.18,128.81,127.25,128.47,126.81,115.97,106.76,84.97,81.33,119.6862,1,124.3250,1,97868,139905,7.7946,6.8448,0.9498,0
2024-05-20,129.48,131.02,127.85,130.96,127.67,117.77,107.41,85.48,81.61,119.6862,1,126.0940,1,116843,139282,7.7771,7.0312,0.7459,0
2024-05-21,130.39,131.04,129.29,130.36,128.30,119.40,108.07,85.99,81.89,119.6862,1,127.2500,1,100468,138654,7.6269,7.1504,0.4765,0
2024-05-22,129.46,131.18,129.15,130.42,129.06,121.01,108.68,86.48,82.17,120.1064,1,127.8500,1,128633,138294,7.4271,7.2057,0.2214,0
2024-05-23,130.42,130.84,128.75,128.98,129.19,122.58,109.26,86.97,82.45,120.1153,1,133.1700,0,100875,136741,7.0711,7.1788,-0.1077,0
2024-05-24,130.35,131.87,129.01,131.13,129.59,124.33,109.88,87.47,82.73,120.8612,1,133.0816,0,145581,136956,6.8830,7.1196,-0.2366,0
2024-05-28,130.08,131.58,129.25,130.86,130.06,125.92,110.52,87.98,83.02,121.0951,1,132.9950,0,102437,133163,6.6357,7.0229,-0.3871,0
2024-05-29,129.58,134.89,129.58,131.55,130.36,126.88,111.14,88.49,83.31,122.2541,1,128.7500,1,141982,133817,6.4214,6.9026,-0.4812,0
2024-05-30,133.54,135.75,132.46,133.17,130.38,127.74,111.76,89.01,83.61,123.8622,1,128.8728,1,151761,134376,6.3096,6.7840,-0.4744,0
2024-05-31,133.42,135.47,132.27,135.22,131.11,128.55,112.41,89.55,83.92,123.8622,1,129.1479,1,184535,136480,6.3135,6.6899,-0.3763,0
2024-06-03,134.78,135.89,132.64,133.69,131.63,129.22,113.02,90.08,84.23,124.1293,1,129.4120,1,178770,138371,6.1227,6.5764,-0.4538,0
2024-06-04,132.57,133.90,131.71,132.24,131.76,129.72,113.62,90.61,84.53,124.1293,1,129.8007,1,136472,139797,5.7877,6.4187,-0.6310,0
2024-06-05,132.82,136.80,132.34,135.56,132.28,130.29,114.28,91.16,84.86,124.4008,1,130.1660,1,280325,144301,5.7241,6.2798,-0.5557,0
2024-06-06,135.00,135.20,133.35,134.68,132.71,130.88,114.93,91.70,85.17,124.4597,1,130.6967,1,100283,145200,5.5389,6.1316,-0.5927,0
2024-06-07,133.93,134.85,133.06,133.73,133.18,131.19,115.50,92.24,85.48,124.5843,1,131.1850,1,162081,145390,5.2548,5.9562,-0.7014,0
2024-06-10,132.24,138.12,132.01,137.76,133.85,131.72,116.16,92.80,85.79,124.7983,1,131.6342,1,197176,147461,5.2939,5.8238,-0.5299,0
2024-06-11,137.02,137.33,134.77,135.77,134.34,132.20,116.78,93.34,86.10,125.9130,1,132.0100,1,184145,148792,5.1054,5.6801,-0.5747,0
2024-06-12,138.51,142.35,137.41,140.75,135.26,132.81,117.54,93.91,86.43,128.7827,1,132.0100,1,248579,151507,5.2968,5.6034,-0.3066,0
2024-06-13,140.65,141.26,139.13,139.48,135.89,133.14,118.27,94.47,86.75,129.5684,1,133.2508,1,119674,152556,5.2851,5.5398,-0.2546,0
2024-06-14,137.42,138.59,135.70,138.01,136.17,133.64,119.02,95.02,87.05,129.5684,1,134.3427,1,100099,152449,5.0985,5.4515,-0.3530,0
2024-06-17,137.42,138.81,135.28,136.88,136.49,134.06,119.71,95.59,87.34,129.5684,1,142.3500,0,98964,152942,4.8040,5.3220,-0.5180,0
2024-06-18,136.54,138.21,135.76,137.51,137.01,134.39,120.42,96.14,87.64,129.5684,1,142.2086,0,108248,153381,4.5688,5.1714,-0.6026,0
2024-06-20,136.94,138.31,134.86,135.23,136.98,134.63,121.09,96.68,87.92,129.5684,1,142.0700,0,122005,154652,4.1505,4.9672,-0.8167,0
2024-06-21,135.22,135.75,133.85,134.25,136.94,134.82,121.75,97.19,88.21,129.5684,1,141.7816,0,359253,160592,3.6974,4.7132,-1.0158,0
2024-06-24,134.37,136.56,134.11,136.03,137.17,135.17,122.44,97.70,88.50,129.5684,1,141.3057,0,149239,162174,3.4422,4.4590,-1.0168,0
2024-06-25,135.00,136.48,133.62,134.93,136.88,135.36,123.13,98.21,88.81,129.5684,1,140.8584,0,113746,162643,3.1153,4.1903,-1.0750,0
2024-06-26,134.77,135.80,133.67,135.69,136.88,135.61,123.85,98.69,89.12,129.5684,1,140.2793,0,182815,164781,2.8843,3.9291,-1.0448,0
2024-06-27,135.00,138.34,133.78,138.30,136.63,135.94,124.66,99.18,89.44,129.5684,1,139.7466,0,132090,165364,2.8787,3.7190,-0.8403,0
2024-06-28,138.29,139.99,130.75,133.03,135.99,135.94,125.40,99.63,89.75,129.5684,1,133.6200,1,398159,171007,2.4211,3.4594,-1.0384,0
2024-07-01,134.08,136.93,131.72,133.30,135.51,135.84,126.24,100.06,90.06,129.5684,1,130.7500,1,151869,169706,2.0565,3.1788,-1.1224,0
2024-07-02,133.74,135.59,133.00,134.24,135.25,135.87,127.06,100.51,90.38,129.5684,1,130.7500,1,75913,169123,1.8224,2.9075,-1.0852,0
2024-07-03,134.29,137.19,133.15,135.84,135.08,136.05,127.88,100.97,90.71,129.5684,1,130.9348,1,71262,168386,1.7458,2.6752,-0.9294,0.00
2024-07-05,135.41,135.66,130.96,131.80,134.74,135.86,128.56,101.40,91.02,129.5684,1,139.9900,0,213925,170166,1.3437,2.4089,-1.0652,96.22
2024-07-08,132.67,133.19,128.49,129.27,134.24,135.59,129.18,101.82,91.31,142.9125,0,139.8094,0,130912,170993,0.8115,2.0894,-1.2779,95.57
2024-07-09,130.99,132.45,129.32,130.97,133.74,135.45,129.85,102.23,91.62,142.7042,0,139.3566,0,97167,170829,0.5209,1.7757,-1.2548,95.64
2024-07-10,132.03,133.25,130.46,130.70,133.31,135.10,130.54,102.63,91.94,142.7042,0,138.9220,0,102521,170336,0.2657,1.4737,-1.2080,95.30
2024-07-11,132.16,135.26,131.16,133.73,133.12,135.00,131.23,103.04,92.27,142.7042,0,138.5047,0,172846,171259,0.3045,1.2399,-0.9354,95.38
2024-07-12,132.81,136.01,132.56,134.39,132.73,134.68,131.67,103.46,92.59,142.7042,0,138.1041,0,158002,165737,0.3840,1.0687,-0.6847,95.22
2024-07-15,132.39,134.35,130.77,131.42,132.57,134.28,131.98,103.88,92.92,142.7042,0,137.7195,0,139423,161006,0.2051,0.8960,-0.6909,93.96
2024-07-16,132.37,134.92,131.89,133.39,132.58,134.04,132.27,104.31,93.25,142.7042,0,137.3504,0,111074,158498,0.2197,0.7607,-0.5410,93.88
2024-07-17,132.21,135.83,132.00,133.43,132.49,133.87,132.54,104.72,93.59,142.7042,0,136.9959,0,173232,157885,0.2318,0.6549,-0.4231,94.99
2024-07-18,135.15,136.86,131.14,131.75,132.08,133.58,132.72,105.12,93.91,142.7042,0,128.4900,1,164806,158126,0.1046,0.5449,-0.4402,95.34
2024-07-19,132.62,134.20,131.50,133.27,132.23,133.49,132.91,105.53,94.25,142.7042,0,128.6574,1,92609,156186,0.1251,0.4609,-0.3358,95.49
2024-07-22,134.16,136.47,132.11,134.90,132.79,133.52,133.15,105.94,94.61,142.7042,0,128.8215,1,142495,155250,0.2697,0.4227,-0.1530,95.46
2024-07-23,137.64,140.05,136.30,138.68,133.57,133.65,133.37,106.35,95.00,142.7042,0,128.9822,1,244937,157131,0.6814,0.4744,0.2070,95.61
2024-07-24,146.00,151.00,144.04,145.34,135.03,134.17,133.73,106.81,95.42,132.9254,1,129.4249,1,576695,165786,1.5276,0.6851,0.8425,97.07
2024-07-25,146.21,150.34,144.62,149.74,136.63,134.87,134.21,107.31,95.86,132.9254,1,130.7194,1,388935,169607,2.5241,1.0529,1.4712,97.30
2024-07-26,151.24,152.37,148.38,151.63,138.35,135.54,134.67,107.82,96.31,135.8120,1,131.9363,1,221259,169515,3.4268,1.5277,1.8992,97.30
2024-07-29,153.10,155.00,152.62,152.87,140.50,136.53,135.06,108.35,96.77,139.6923,1,133.5710,1,199832,169131,4.1940,2.0609,2.1331,97.14
2024-07-30,153.32,154.88,149.83,150.16,142.18,137.38,135.51,108.84,97.23,139.6923,1,135.7139,1,274733,170951,4.5310,2.5549,1.9761,96.88
2024-07-31,151.70,151.70,147.95,149.70,143.80,138.15,135.93,109.34,97.71,139.6923,1,137.6425,1,256556,174125,4.7068,2.9853,1.7215,96.50
2024-08-01,150.37,152.72,146.95,147.95,145.42,138.75,136.27,109.81,98.18,139.6923,1,139.3782,1,208846,175965,4.6512,3.3185,1.3327,96.88
2024-08-02,144.98,147.00,140.10,141.75,146.27,139.25,136.50,110.25,98.62,139.6923,1,155.0000,0,228232,178520,4.0601,3.4668,0.5933,96.99
2024-08-05,135.93,146.97,133.71,144.99,147.28,140.04,136.79,110.70,99.06,139.6923,1,154.7020,0,347005,182887,3.8092,3.5353,0.2739,97.72
2024-08-06,144.87,148.81,143.15,146.16,148.03,140.80,137.14,111.18,99.51,139.6923,1,153.8623,0,193560,184741,3.6625,3.5607,0.1018,97.53
2024-08-07,147.76,149.35,144.89,145.49,148.04,141.54,137.42,111.64,99.96,139.6923,1,153.0562,0,169889,185227,3.4524,3.5391,-0.0867,97.84
2024-08-08,146.61,150.26,146.25,150.10,148.08,142.36,137.81,112.14,100.44,139.6923,1,152.2824,0,152457,186228,3.6162,3.5545,0.0617,97.57
2024-08-09,149.68,151.40,148.07,150.06,147.92,143.14,138.18,112.65,100.91,139.6923,1,151.5395,0,112140,185631,3.7002,3.5836,0.1165,97.15
2024-08-12,149.68,151.50,147.52,151.48,147.78,144.14,138.54,113.15,101.39,139.6923,1,133.7100,1,110293,184801,3.8370,3.6343,0.2027,97.18
2024-08-13,152.16,153.33,150.46,152.79,148.05,145.11,138.90,113.64,101.89,139.6923,1,134.0658,1,173264,184576,4.0050,3.7085,0.2966,96.69
2024-08-14,153.00,156.60,152.99,154.00,148.48,146.14,139.30,114.14,102.39,140.1084,1,134.8364,1,115900,183319,4.1875,3.8043,0.3833,96.88
2024-08-15,156.17,156.42,153.26,155.15,149.20,147.31,139.76,114.64,102.90,140.6740,1,136.1422,1,160828,183806,4.3745,3.9183,0.4562,96.57
2024-08-16,155.13,157.60,154.84,156.66,150.69,148.48,140.18,115.14,103.42,142.6426,1,137.3697,1,120957,180618,4.5917,4.0530,0.5387,96.73
2024-08-19,156.09,156.70,154.23,156.18,151.81,149.54,140.61,115.64,103.93,142.6426,1,138.9881,1,160959,181832,4.6712,4.1766,0.4945,96.38
2024-08-20,156.08,156.53,154.92,155.22,152.71,150.37,141.04,116.14,104.44,143.5774,1,140.4770,1,105782,180706,4.6036,4.2620,0.3416,96.38
2024-08-21,155.65,158.48,155.61,158.22,153.99,151.02,141.45,116.67,104.96,145.1342,1,141.8469,1,105454,178872,4.7376,4.3571,0.3804,96.15
2024-08-22,159.05,161.65,158.64,160.50,155.03,151.55,141.95,117.20,105.49,148.3963,1,143.5102,1,118850,177566,4.9704,4.4798,0.4906,96.88
2024-08-23,161.27,165.58,160.63,164.53,156.47,152.20,142.42,117.75,106.04,151.0071,1,145.6870,1,130867,175211,5.4177,4.6674,0.7503,96.73
2024-08-26,164.57,165.07,162.22,163.68,157.69,152.74,142.91,118.30,106.58,151.9019,1,148.4720,1,110942,175037,5.6385,4.8616,0.7769,96.57
2024-08-27,163.19,164.71,162.39,163.87,158.80,153.42,143.42,118.86,107.12,152.2852,1,150.8671,1,76888,174573,5.7625,5.0418,0.7207,96.76
2024-08-28,163.69,164.13,161.91,162.87,159.69,154.08,143.94,119.41,107.68,152.2852,1,152.9269,1,82510,174244,5.7141,5.1762,0.5379,96.96
2024-08-29,163.50,165.49,162.45,164.67,160.64,154.92,144.49,119.96,108.23,153.3341,1,154.6983,1,96217,174003,5.7547,5.2919,0.4628,96.92
2024-08-30,164.60,166.08,162.81,165.84,161.56,156.12,145.10,120.51,108.78,153.8917,1,156.2218,1,108012,173723,5.8143,5.3964,0.4179,96.65
2024-09-03,165.28,166.89,160.36,161.65,162.10,156.96,145.65,121.03,109.30,153.8917,1,157.7991,1,149898,169536,5.4605,5.4092,0.0512,97.07
2024-09-04,161.35,162.31,158.72,162.12,162.79,157.75,146.17,121.56,109.82,153.8917,1,166.8900,0,154695,169645,5.1585,5.3591,-0.2006,96.96
2024-09-05,161.89,164.14,159.75,161.98,163.17,158.58,146.71,122.09,110.34,153.8917,1,166.8900,0,272062,172811,4.8520,5.2577,-0.4057,96.88
2024-09-06,162.15,163.60,150.12,153.40,162.46,158.74,147.06,122.52,110.79,171.3138,0,166.7266,0,343202,176019,3.8721,4.9805,-1.1085,96.35
2024-09-09,154.44,158.29,151.58,153.22,161.33,158.90,147.36,122.94,111.23,169.9564,0,166.0623,0,263921,178656,3.0459,4.5936,-1.5477,96.00
2024-09-10,153.84,156.34,152.33,154.62,160.42,159.06,147.79,123.37,111.67,169.0573,0,165.4246,0,164686,173986,2.4755,4.1700,-1.6945,95.77
2024-09-11,154.35,161.20,153.73,157.66,159.80,159.30,148.28,123.84,112.12,169.0573,0,164.8125,0,142477,173798,2.2430,3.7846,-1.5416,96.20
2024-09-12,157.25,159.33,155.99,158.01,159.32,159.50,148.76,124.30,112.57,169.0573,0,164.2248,0,119345,174667,2.0631,3.4403,-1.3772,96.04
2024-09-13,158.27,162.90,158.27,162.41,159.09,159.87,149.29,124.79,113.05,169.0573,0,163.6606,0,103780,175317,2.2497,3.2022,-0.9525,95.89
2024-09-16,162.70,166.49,162.70,164.62,158.97,160.26,149.94,125.30,113.54,169.0573,0,150.1200,1,143944,173918,2.5465,3.0710,-0.5245,96.23
2024-09-17,164.34,164.61,154.39,156.96,158.50,160.30,150.50,125.74,113.99,169.0573,0,150.4474,1,233666,175973,2.1390,2.8846,-0.7456,95.40
2024-09-18,157.00,162.86,155.81,161.07,158.39,160.59,151.10,126.23,114.45,169.0573,0,150.7682,1,220199,178434,2.1233,2.7324,-0.6091,95.97
2024-09-19,164.22,167.29,160.88,167.20,158.92,161.04,151.83,126.76,114.93,169.0573,0,151.0827,1,227626,180936,2.5757,2.7010,-0.1253,96.35
2024-09-20,166.70,167.12,164.00,165.16,160.09,161.28,152.46,127.26,115.39,169.0573,0,151.7310,1,412999,185739,2.7381,2.7084,0.0296,96.24
2024-09-23,166.25,171.20,166.12,168.03,161.57,161.45,153.13,127.77,115.88,169.0573,0,152.3533,1,140641,185392,3.0631,2.7794,0.2837,96.58
2024-09-24,167.09,167.56,164.36,166.33,162.75,161.58,153.83,128.28,116.37,169.0573,0,153.4841,1,106950,184742,3.1471,2.8529,0.2942,96.12
2024-09-25,166.79,168.00,165.17,167.70,163.75,161.78,154.52,128.78,116.86,169.0573,0,154.5471,1,110430,184729,3.2864,2.9396,0.3468,96.66
2024-09-26,167.60,169.67,161.61,164.94,164.44,161.88,155.15,129.27,117.33,169.0573,0,155.5463,1,121660,183698,3.1380,2.9793,0.1587,96.55
2024-09-27,164.85,166.19,157.84,163.22,164.52,161.81,155.77,129.74,117.78,169.0573,0,156.4855,1,217148,184745,2.8487,2.9532,-0.1045,96.43
2024-09-30,163.91,166.33,160.19,166.20,164.68,161.82,156.43,130.23,118.26,169.0573,0,157.3684,1,175374,186400,2.8273,2.9280,-0.1007,96.51
2024-10-01,165.34,165.98,162.12,162.87,165.27,161.89,156.99,130.72,118.70,169.0573,0,157.8400,1,111827,185787,2.5126,2.8449,-0.3323,96.39
2024-10-02,162.20,163.98,161.52,161.81,165.35,161.87,157.46,131.20,119.12,169.0573,0,158.6416,1,108283,183053,2.1529,2.7065,-0.5536,96.13
2024-10-03,161.56,162.43,155.41,156.74,164.30,161.61,157.68,131.63,119.53,169.0573,0,171.2000,0,201724,175554,1.4421,2.4536,-1.0115,95.44
2024-10-04,158.21,158.50,155.43,156.57,163.44,161.77,157.82,132.04,119.94,169.0573,0,170.8842,0,185770,171491,0.8553,2.1340,-1.2787,95.29
2024-10-07,156.00,156.00,151.45,152.87,161.93,161.75,157.84,132.44,120.33,169.0573,0,170.5747,0,256546,172197,0.0905,1.7253,-1.6347,95.02
2024-10-08,151.95,153.33,147.12,150.75,160.37,161.56,157.80,132.80,120.71,166.0481,0,169.8097,0,218361,172567,-0.6787,1.2445,-1.9232,94.33
2024-10-09,150.93,154.14,149.65,154.07,159.00,161.38,157.88,133.18,121.10,166.0481,0,168.4483,0,164685,170366,-1.0089,0.7938,-1.8027,95.21
2024-10-10,153.53,154.17,151.09,152.78,157.79,161.12,157.94,133.55,121.49,166.0481,0,167.1686,0,139656,168028,-1.3589,0.3633,-1.7222,95.52
2024-10-11,155.19,156.40,153.95,155.82,157.05,160.79,158.10,133.93,121.88,166.0481,0,165.9657,0,122755,166306,-1.3752,0.0156,-1.3908,95.17
2024-10-14,155.86,157.16,154.42,155.29,155.96,160.32,158.37,134.32,122.28,166.0481,0,164.8350,0,149296,164728,-1.4146,-0.2705,-1.1441,94.49
2024-10-15,156.48,162.61,156.48,160.25,155.70,160.48,158.68,134.72,122.70,166.0481,0,163.7721,0,194704,161682,-1.0336,-0.4231,-0.6105,95.33
2024-10-16,161.28,166.00,161.05,164.03,155.92,160.63,159.03,135.14,123.14,166.0481,0,147.1200,1,149005,160791,-0.4218,-0.4228,0.0010,95.33
2024-10-17,162.86,163.76,161.14,161.71,156.41,160.36,159.36,135.55,123.57,166.0481,0,147.4976,1,79044,158974,-0.1228,-0.3628,0.2401,95.25
2024-10-18,161.43,164.76,159.15,163.87,157.14,160.29,159.63,135.99,124.02,166.0481,0,147.8676,1,135947,158643,0.2852,-0.2332,0.5185,94.79
2024-10-21,163.03,163.19,159.39,159.72,157.83,159.88,159.83,136.38,124.44,166.0481,0,148.2303,1,100815,158417,0.2706,-0.1325,0.4031,94.22
2024-10-22,158.01,158.68,156.24,157.24,158.48,159.42,159.94,136.75,124.85,166.0481,0,148.5857,1,120304,158617,0.0582,-0.0943,0.1525,93.11
2024-10-23,157.15,159.84,155.86,157.62,158.83,158.92,160.04,137.11,125.24,166.0481,0,148.9340,1,137508,157902,-0.0785,-0.0912,0.0126,93.04
2024-10-24,157.38,158.19,150.37,151.09,158.66,158.23,159.98,137.43,125.60,166.0481,0,149.2753,1,301409,161612,-0.7057,-0.2141,-0.4916,91.82
2024-10-25,138.88,144.41,137.08,139.77,157.06,157.05,159.67,137.68,125.90,158.2839,0,166.0000,0,367959,165755,-2.0920,-0.5897,-1.5024,88.69
2024-10-28,140.60,142.19,139.07,139.49,155.48,155.72,159.33,137.93,126.19,157.3510,0,165.4216,0,248683,168309,-3.1767,-1.1071,-2.0696,86.67
2024-10-29,147.70,162.94,146.09,162.76,155.73,155.71,159.46,138.33,126.60,132.4311,1,164.8548,0,604067,177171,-2.1340,-1.3125,-0.8215,93.65
2024-10-30,161.21,161.94,157.28,158.08,155.14,155.53,159.52,138.69,126.98,138.0905,1,164.2993,0,221470,179485,-1.6661,-1.3832,-0.2829,92.32
2024-10-31,156.83,157.79,154.40,155.02,154.47,155.44,159.45,139.02,127.37,138.0905,1,163.7549,0,179048,180957,-1.5246,-1.4115,-0.1131,91.90
2024-11-01,156.58,157.51,154.84,156.13,153.69,155.42,159.37,139.37,127.74,138.0905,1,163.2214,0,189729,182375,-1.3078,-1.3907,0.0829,92.20
2024-11-04,156.14,163.49,156.14,162.38,153.96,155.89,159.32,139.76,128.14,140.3041,1,137.0800,1,301296,185783,-0.6245,-1.2375,0.6130,92.85
2024-11-05,162.25,167.49,162.05,166.87,154.92,156.70,159.39,140.19,128.57,145.5782,1,137.6082,1,199927,187563,0.2761,-0.9348,1.2109,92.58
2024-11-06,155.01,162.32,153.28,160.37,155.20,157.01,159.32,140.59,128.97,145.5782,1,138.8035,1,387839,193782,0.4601,-0.6558,1.1159,86.48
2024-11-07,161.14,168.60,160.30,168.52,156.94,157.80,159.43,141.03,129.42,145.5782,1,139.9509,1,194219,196016,1.2491,-0.2748,1.5239,89.95
2024-11-08,169.57,169.77,164.44,165.21,159.48,158.27,159.44,141.45,129.83,145.9718,1,141.6699,1,186373,197819,1.5890,0.0980,1.4911,87.70
2024-11-11,166.64,168.09,166.11,166.85,162.22,158.85,159.46,141.88,130.25,147.2161,1,143.9179,1,149514,198649,1.9681,0.4720,1.4961,88.01
2024-11-12,166.86,167.00,161.08,164.21,162.36,159.05,159.51,142.30,130.65,147.2161,1,145.9861,1,165704,198966,2.0320,0.7840,1.2480,87.82
2024-11-13,165.06,165.57,161.86,162.93,162.85,158.99,159.53,142.71,131.05,147.2161,1,147.8888,1,157944,199030,1.9568,1.0186,0.9383,88.74
2024-11-14,163.10,171.00,159.50,162.65,163.61,159.04,159.54,143.13,131.45,147.2161,1,149.6393,1,305473,199699,1.8533,1.1855,0.6678,88.32
2024-11-15,161.81,162.31,153.02,155.34,163.53,158.61,159.58,143.50,131.78,147.2161,1,151.7753,1,244459,197724,1.1679,1.1820,-0.0141,85.12
2024-11-18,156.10,156.42,151.86,153.45,162.64,158.30,159.59,143.87,132.10,147.2161,1,171.0000,0,205776,196561,0.4669,1.0390,-0.5721,82.42
2024-11-19,152.17,154.16,150.35,153.35,161.29,158.10,159.56,144.25,132.42,147.2161,1,170.6172,0,125624,195780,-0.0957,0.8120,-0.9077,82.69
2024-11-20,153.05,153.28,149.59,151.84,160.44,157.82,159.44,144.65,132.74,147.2161,1,169.8065,0,149350,195917,-0.6558,0.5185,-1.1743,81.39
2024-11-21,149.00,150.06,142.79,147.92,158.38,157.66,159.24,145.02,133.04,147.2161,1,168.5935,0,333071,200192,-1.3998,0.1348,-1.5347,76.13
2024-11-22,145.33,145.63,141.09,143.63,156.22,157.85,158.87,145.34,133.31,163.0366,0,166.5292,0,368698,205490,-2.3091,-0.3540,-1.9551,67.83
2024-11-25,139.54,144.42,138.74,143.32,153.86,158.04,158.44,145.65,133.59,160.9930,0,163.9853,0,330496,209221,-3.0199,-0.8871,-2.1327,64.40
2024-11-26,142.90,145.70,140.12,145.64,152.01,157.19,158.21,145.96,133.86,160.9930,0,160.9559,0,208353,208715,-3.3572,-1.3812,-1.9761,68.48
2024-11-27,145.99,147.45,141.84,141.98,149.91,156.38,157.83,146.26,134.13,160.9930,0,158.2900,0,181564,207942,-3.8753,-1.8800,-1.9953,61.85
2024-11-29,142.10,143.59,141.50,142.68,147.91,155.76,157.34,146.57,134.40,160.1947,0,155.9440,0,69956,204789,-4.1812,-2.3402,-1.8409,60.86
2024-12-02,142.25,143.29,141.00,142.03,146.58,155.06,156.88,146.86,134.67,158.7167,0,153.8795,0,155622,199641,-4.4250,-2.7572,-1.6678,59.41
2024-12-03,143.55,143.55,141.00,141.27,145.37,154.00,156.34,147.05,134.92,157.9546,0,152.0628,0,133147,199491,-4.6262,-3.1310,-1.4953,62.00
2024-12-04,142.00,142.19,140.12,141.51,144.18,152.73,155.85,147.22,135.17,155.8876,0,150.4640,0,93227,199217,-4.7121,-3.4472,-1.2648,60.82
2024-12-05,142.07,143.31,138.10,138.90,142.89,151.66,155.27,147.35,135.41,155.5273,0,149.0571,0,122093,199450,-4.9338,-3.7445,-1.1893,58.30
2024-12-06,139.75,140.23,136.72,138.94,141.99,150.18,154.75,147.48,135.64,152.8681,0,147.5231,0,153987,200097,-5.0481,-4.0052,-1.0429,57.05
2024-12-09,139.54,144.94,138.06,141.01,141.73,148.97,154.31,147.60,135.88,152.8681,0,145.7946,0,174317,199240,-4.9150,-4.1872,-0.7278,61.77
2024-12-10,140.46,142.92,137.51,139.10,141.31,147.58,153.77,147.70,136.12,152.8681,0,144.9400,0,172790,199188,-4.9071,-4.3312,-0.5759,59.07
2024-12-11,140.70,141.47,137.60,140.09,140.75,146.38,153.31,147.82,136.37,152.8681,0,144.9400,0,132063,199593,-4.7660,-4.4181,-0.3478,60.25
2024-12-12,140.19,141.21,134.75,135.36,140.09,145.00,152.78,147.87,136.60,152.8681,0,143.6248,0,252677,202481,-4.9784,-4.5302,-0.4482,58.63
2024-12-13,135.62,137.73,135.62,136.71,139.49,143.70,152.38,147.93,136.81,151.1069,0,142.0273,0,137968,201206,-4.9804,-4.6202,-0.3602,59.48
2024-12-16,133.67,138.68,132.75,133.77,138.67,142.63,151.92,147.98,137.01,150.4827,0,141.2100,0,255608,202603,-5.1598,-4.7281,-0.4317,54.38
2024-12-17,133.00,134.53,131.54,132.55,137.79,141.58,151.52,148.01,137.21,147.2230,0,139.5180,0,174462,200961,-5.3388,-4.8503,-0.4886,54.42
2024-12-18,133.42,133.99,126.96,127.46,136.39,140.29,151.05,147.97,137.37,145.3532,0,138.6800,0,166628,199926,-5.8243,-5.0451,-0.7792,53.69
2024-12-19,126.97,129.01,125.23,125.70,135.07,138.98,150.48,147.96,137.51,141.6444,0,136.3360,0,185885,200350,-6.2787,-5.2918,-0.9869,52.74
2024-12-20,125.98,130.79,125.44,129.46,134.12,138.06,150.02,147.96,137.66,141.6444,0,134.1148,0,956917,216695,-6.2632,-5.4861,-0.7771,53.01
2024-12-23,129.01,129.70,126.86,129.64,132.98,137.36,149.49,147.96,137.82,141.6444,0,132.3378,0,144938,217139,-6.1653,-5.6219,-0.5434,53.88
2024-12-24,128.63,130.25,127.77,129.71,132.05,136.68,148.98,147.95,137.98,141.6444,0,130.9163,0,63623,215426,-6.0128,-5.7001,-0.3127,53.12
2024-12-26,129.34,129.34,127.81,127.95,130.83,135.79,148.34,147.94,138.12,141.2042,0,130.2500,0,68479,212901,-5.9652,-5.7531,-0.2121,48.55
2024-12-27,127.01,128.56,126.22,127.97,130.09,135.09,147.62,147.93,138.26,139.4583,0,130.2500,0,137798,212677,-5.8583,-5.7742,-0.0841,51.48
2024-12-30,126.99,127.36,124.76,125.42,128.96,134.23,146.89,147.89,138.39,137.8845,0,129.3400,0,90465,212905,-5.9112,-5.8016,-0.1096,48.48
2024-12-31,127.50,127.50,124.85,126.23,128.21,133.44,146.14,147.86,138.52,137.6120,0,128.5600,0,90709,212001,-5.8207,-5.8054,-0.0153,52.02
2025-01-02,127.37,127.99,125.18,125.22,127.48,132.64,145.45,147.82,138.65,137.6120,0,124.7600,1,83246,211649,-5.7640,-5.7971,0.0331,51.18
2025-01-03,125.06,125.40,120.53,122.65,127.00,131.69,144.76,147.75,138.75,134.4487,0,127.9900,0,184723,212938,-5.8589,-5.8095,-0.0494,45.38
2025-01-06,123.31,126.76,122.76,125.61,126.99,131.03,144.11,147.68,138.86,134.4487,0,127.9900,0,172123,213630,-5.6304,-5.7737,0.1433,54.74
2025-01-07,126.99,130.41,126.00,128.80,126.92,130.52,143.67,147.65,138.99,134.4487,0,120.5300,1,149782,210597,-5.1327,-5.6455,0.5128,62.96
2025-01-08,128.27,130.97,127.00,130.21,126.98,129.98,143.48,147.64,139.13,134.4487,0,120.7276,1,151434,206267,-4.5718,-5.4307,0.8589,64.68
2025-01-10,128.52,131.97,126.37,127.97,126.80,129.42,143.25,147.59,139.26,134.4487,0,121.1373,1,137977,204053,-4.2590,-5.1964,0.9374,63.25
2025-01-13,127.21,129.32,125.92,129.27,126.94,128.88,142.58,147.55,139.39,134.4487,0,121.7873,1,147058,194913,-3.8616,-4.9294,1.0678,63.43
2025-01-14,128.90,129.50,125.27,127.63,126.90,128.50,141.97,147.51,139.51,134.4487,0,122.3982,1,86980,192223,-3.6371,-4.6710,1.0339,56.52
2025-01-15,130.82,131.18,128.85,130.03,127.36,128.16,141.47,147.46,139.63,134.4487,0,122.9725,1,99733,190637,-3.2283,-4.3824,1.1541,56.71
2025-01-16,130.05,133.19,129.50,132.77,128.02,128.11,141.00,147.44,139.77,134.4487,0,123.5124,1,99046,188823,-2.6527,-4.0365,1.3838,58.61
2025-01-17,132.79,133.30,129.87,130.86,128.58,128.03,140.37,147.37,139.91,134.4487,0,124.2866,1,97805,184753,-2.3238,-3.6939,1.3701,48.40
2025-01-21,131.68,134.91,131.17,134.43,129.76,128.38,139.72,147.34,140.07,134.4487,0,125.1879,1,160415,183963,-1.7549,-3.3061,1.5513,45.08
2025-01-22,134.66,136.08,132.30,134.42,130.64,128.81,139.20,147.31,140.24,134.4487,0,126.3546,1,91029,178027,-1.2899,-2.9029,1.6130,44.63
2025-01-23,134.88,138.98,134.88,138.29,131.59,129.25,138.60,147.32,140.42,124.9727,1,127.7161,1,182239,177787,-0.6022,-2.4428,1.8405,50.97
2025-01-24,137.82,138.54,130.87,135.58,132.12,129.55,138.01,147.31,140.59,124.9727,1,129.5184,1,155741,177174,-0.2728,-2.0088,1.7360,49.85
2025-01-27,134.98,139.10,134.01,138.89,133.22,130.01,137.45,147.34,140.77,124.9727,1,130.8700,1,122098,176626,0.2525,-1.5565,1.8090,57.67
2025-01-28,139.61,143.63,139.60,139.67,134.26,130.60,136.96,147.37,140.97,128.2380,1,130.8700,1,216475,177641,0.7234,-1.1005,1.8239,60.47
2025-01-29,140.15,141.21,137.58,139.37,135.43,131.17,136.49,147.39,141.16,128.2380,1,133.4220,1,123774,176958,1.0602,-0.6684,1.7285,48.03
2025-01-30,140.82,144.67,140.21,143.23,136.75,132.06,136.10,147.45,141.37,129.0345,1,135.4636,1,139893,173646,1.6198,-0.2107,1.8306,52.77
2025-01-31,143.04,143.39,140.00,140.89,137.56,132.79,135.81,147.48,141.58,129.0345,1,137.3049,1,118756,171132,1.8532,0.2021,1.6512,51.61
2025-02-03,138.39,146.99,138.39,144.64,138.94,133.76,135.63,147.53,141.81,129.0345,1,144.6700,0,204333,171103,2.3141,0.6245,1.6896,58.02
2025-02-04,143.12,145.42,142.52,143.71,139.87,134.81,135.44,147.60,142.05,130.1817,1,146.9900,0,127586,171143,2.5746,1.0145,1.5601,51.65
2025-02-05,144.38,145.59,142.66,144.98,140.92,135.78,135.30,147.68,142.32,130.8365,1,146.9900,0,127597,170708,2.8507,1.3817,1.4690,49.03
2025-02-06,144.88,146.74,138.57,139.80,141.08,136.33,135.14,147.71,142.55,130.8365,1,146.8180,0,171451,167475,2.6213,1.6296,0.9916,47.86
2025-02-07,140.80,141.49,138.94,140.47,141.56,136.84,135.08,147.74,142.78,130.8365,1,146.7400,0,96812,162038,2.4651,1.7967,0.6684,46.00
2025-02-10,140.98,141.50,134.47,139.45,141.62,137.42,135.00,147.79,142.99,130.8365,1,146.7400,0,177576,158979,2.2333,1.8840,0.3493,45.20
2025-02-11,139.45,140.90,136.53,138.83,141.54,137.90,134.86,147.86,143.19,130.8365,1,146.2492,0,197014,158752,1.9768,1.9026,0.0742,44.48
2025-02-12,134.07,142.69,124.20,126.19,140.22,137.82,134.55,147.83,143.33,147.7676,0,145.7780,0,574404,166609,0.7450,1.6711,-0.9261,30.76
2025-02-13,127.99,134.43,125.15,133.57,139.25,138.00,134.36,147.85,143.52,147.7676,0,144.4834,0,359210,172394,0.3601,1.4089,-1.0488,38.34
2025-02-14,134.04,137.57,132.59,133.31,138.50,138.03,134.19,147.84,143.69,147.7676,0,143.2664,0,265540,174593,0.0337,1.1338,-1.1001,35.80
2025-02-18,132.99,138.17,132.21,134.91,137.52,138.23,134.06,147.85,143.80,147.7676,0,142.1224,0,261766,177165,-0.0948,0.8881,-0.9829,37.47
2025-02-19,132.60,137.86,131.74,135.65,136.72,138.29,133.95,147.87,143.90,147.7676,0,141.0470,0,340414,182109,-0.1353,0.6834,-0.8187,39.63
2025-02-20,134.66,138.11,133.75,137.24,135.94,138.43,133.91,147.90,143.99,147.7676,0,140.0362,0,254470,184756,-0.0387,0.5390,-0.5777,41.72
2025-02-21,136.32,137.15,129.51,129.60,134.92,138.00,133.73,147.87,144.04,147.7676,0,139.0860,0,225763,186192,-0.5720,0.3168,-0.8888,34.67
2025-02-24,130.83,133.00,129.95,131.56,134.03,137.80,133.54,147.87,144.09,147.7676,0,138.1929,0,210259,186911,-0.8270,0.0880,-0.9150,40.20
2025-02-25,131.66,135.05,130.41,134.57,133.54,137.58,133.45,147.88,144.14,147.7676,0,137.3533,0,186487,187185,-0.7772,-0.0850,-0.6922,46.78
2025-02-26,136.08,136.44,128.75,131.75,132.84,137.19,133.28,147.86,144.18,147.7676,0,136.5641,0,227137,189086,-0.9543,-0.2589,-0.6954,44.43
2025-02-27,134.16,137.37,129.98,130.48,133.26,136.74,133.18,147.81,144.20,147.7676,0,124.2000,1,169376,187420,-1.1835,-0.4438,-0.7397,41.66
2025-02-28,122.95,126.65,117.00,126.59,132.57,135.91,132.98,147.68,144.19,142.4679,0,137.3700,0,450293,193667,-1.6599,-0.6870,-0.9729,37.53
2025-03-03,127.69,128.08,123.98,124.56,131.69,135.09,132.79,147.51,144.19,142.4679,0,137.3700,0,204976,192654,-2.1762,-0.9848,-1.1913,37.15
2025-03-04,122.75,125.05,120.50,122.67,130.47,133.99,132.60,147.32,144.16,141.9677,0,136.9626,0,230055,193766,-2.7066,-1.3292,-1.3774,38.10
2025-03-05,121.45,126.50,121.45,126.02,129.50,133.11,132.57,147.14,144.12,141.9677,0,136.5633,0,171967,193873,-2.8241,-1.6282,-1.1959,38.94
2025-03-06,124.48,126.67,123.68,125.44,128.32,132.13,132.56,146.98,144.11,141.9677,0,136.1721,0,194256,194040,-2.9303,-1.8886,-1.0417,38.56
2025-03-07,125.06,128.26,123.15,127.49,128.11,131.52,132.52,146.83,144.10,141.9677,0,135.7886,0,168924,178280,-2.8165,-2.0742,-0.7423,40.63
2025-03-10,126.54,128.84,124.50,126.15,127.57,130.80,132.45,146.68,144.08,141.9677,0,135.4129,0,191937,179220,-2.8022,-2.2198,-0.5824,44.36
2025-03-11,125.80,127.32,123.86,126.42,126.76,130.15,132.39,146.58,144.06,141.9677,0,135.0446,0,133778,180623,-2.7375,-2.3233,-0.4142,44.59
2025-03-12,127.52,129.25,120.77,121.20,125.70,129.27,132.25,146.42,144.01,141.9677,0,134.6837,0,220935,183672,-3.0720,-2.4731,-0.5989,37.66
2025-03-13,121.63,121.90,117.25,119.51,124.60,128.93,132.08,146.24,143.97,136.5700,0,134.3300,0,226663,185450,-3.4339,-2.6652,-0.7687,39.48
2025-03-14,120.77,123.14,119.42,122.67,124.21,128.39,132.03,146.09,143.92,136.5700,0,133.9834,0,138028,186401,-3.4262,-2.8174,-0.6088,39.96
2025-03-17,122.33,129.22,121.98,128.00,124.56,128.12,132.06,145.94,143.91,136.5700,0,133.6438,0,214758,188882,-2.9560,-2.8451,-0.1108,44.23
2025-03-18,127.58,128.98,124.42,125.33,124.82,127.64,132.07,145.78,143.88,136.5700,0,133.3109,0,122798,189673,-2.7669,-2.8295,0.0626,42.95
2025-03-19,125.34,127.87,125.04,127.75,125.00,127.25,132.17,145.62,143.85,136.5700,0,132.9847,0,107093,188120,-2.3941,-2.7424,0.3483,43.48
2025-03-20,127.06,128.54,126.03,126.34,125.09,126.70,132.18,145.45,143.81,136.5700,0,132.6650,0,121602,187110,-2.1873,-2.6314,0.4441,44.91
2025-03-21,124.40,125.51,121.33,123.20,124.66,126.38,132.07,145.24,143.76,136.5700,0,132.3517,0,819551,200505,-2.2508,-2.5553,0.3045,42.08
2025-03-24,125.23,130.12,124.60,129.49,124.99,126.28,132.06,145.07,143.74,136.5700,0,132.0446,0,199894,201474,-1.7731,-2.3988,0.6257,46.18
2025-03-25,132.81,137.86,129.58,130.78,125.43,126.09,132.11,144.90,143.72,136.5700,0,117.0000,1,221541,203146,-1.2758,-2.1742,0.8985,50.00
2025-03-26,132.06,133.76,128.87,133.04,126.61,126.16,132.19,144.74,143.71,136.5700,0,117.4172,1,263911,205483,-0.6913,-1.8776,1.1864,55.78
2025-03-27,133.04,136.00,132.47,134.44,128.10,126.35,132.32,144.60,143.71,136.5700,0,117.8261,1,183968,207423,-0.1138,-1.5249,1.4111,60.53
2025-03-28,133.86,135.81,131.39,133.14,129.15,126.68,132.39,144.44,143.69,136.5700,0,118.2267,1,115100,207730,0.2363,-1.1726,1.4089,60.84
2025-03-31,131.02,135.76,131.01,134.50,129.80,127.18,132.42,144.26,143.68,136.5700,0,118.6194,1,150519,208759,0.6163,-0.8148,1.4312,65.35
2025-04-01,135.61,135.96,132.85,133.40,130.61,127.72,132.47,144.06,143.65,136.5700,0,119.0042,1,148861,209780,0.8193,-0.4880,1.3073,63.35
2025-04-02,131.75,137.50,131.22,137.18,131.55,128.27,132.53,143.88,143.64,119.6293,1,119.3813,1,138360,209339,1.2705,-0.1363,1.4068,68.90
2025-04-03,134.00,135.81,131.05,132.86,132.20,128.64,132.50,143.67,143.61,119.6293,1,119.7509,1,177381,211066,1.2650,0.1439,1.1210,75.02
2025-04-04,128.33,129.04,119.66,120.35,131.92,128.29,132.14,143.39,143.53,119.6293,1,137.8600,0,346078,214343,0.2482,0.1648,0.0834,67.77
2025-04-07,116.59,124.80,113.44,119.72,130.94,127.97,131.82,143.09,143.44,119.6293,1,137.4960,0,304340,217315,-0.6014,0.0116,-0.6130,66.13
2025-04-08,125.00,127.64,117.97,119.51,129.81,127.62,131.43,142.78,143.36,138.6493,0,136.5338,0,204780,218969,-1.2770,-0.2461,-1.0309,67.98
2025-04-09,118.51,133.03,117.55,131.07,129.62,128.11,131.26,142.58,143.34,138.6493,0,135.6100,0,323284,221105,-0.8696,-0.3708,-0.4988,70.55
2025-04-10,129.35,130.25,123.65,127.52,128.92,128.51,131.02,142.35,143.30,138.6493,0,134.7232,0,147961,221589,-0.8237,-0.4614,-0.3623,70.36
2025-04-11,127.52,128.72,121.11,123.79,127.99,128.57,130.63,142.09,143.25,138.6493,0,133.8719,0,193855,222668,-1.0759,-0.5843,-0.4916,62.73
2025-04-14,126.88,126.88,121.70,124.91,127.03,128.42,130.32,141.90,143.19,138.6493,0,133.0546,0,170302,223699,-1.1718,-0.7018,-0.4700,61.18
2025-04-15,121.98,123.65,120.32,120.91,125.78,128.19,129.84,141.69,143.10,138.6493,0,132.2700,0,134706,222306,-1.5528,-0.8720,-0.6808,51.53
2025-04-16,120.84,123.38,119.35,120.44,124.11,127.83,129.38,141.46,143.04,138.6493,0,131.5168,0,133291,222421,-1.8710,-1.0718,-0.7992,47.53
2025-04-17,124.45,124.62,120.86,121.81,123.00,127.60,128.91,141.22,142.98,138.6493,0,130.7937,0,117997,222229,-1.9898,-1.2554,-0.7344,46.38
2025-04-21,121.40,121.40,109.82,110.41,122.01,126.96,128.32,140.90,142.87,136.9054,0,130.0996,0,247617,223752,-2.9695,-1.5982,-1.3713,34.43
2025-04-22,111.75,114.76,111.15,114.68,121.51,126.22,127.81,140.58,142.76,133.4259,0,128.8828,0,172765,225271,-3.3626,-1.9511,-1.4115,36.28
2025-04-23,119.20,123.65,118.96,121.05,121.66,125.74,127.44,140.29,142.71,133.4259,0,127.7391,0,210772,225935,-3.1242,-2.1857,-0.9385,43.97
2025-04-24,121.93,125.21,120.94,124.24,120.98,125.30,127.15,140.07,142.68,133.4259,0,126.6639,0,134005,224675,-2.6473,-2.2780,-0.3693,43.25
2025-04-25,126.56,126.56,120.74,122.10,120.43,124.68,127.07,139.81,142.64,133.4259,0,109.8200,1,144298,216073,-2.4142,-2.3053,-0.1089,34.38
2025-04-28,122.83,124.34,121.83,123.91,120.45,124.22,126.87,139.53,142.60,133.4259,0,110.1548,1,236953,213627,-2.0597,-2.2562,0.1965,35.74
2025-04-29,128.00,140.19,126.75,138.35,121.79,124.41,126.97,139.35,142.63,111.7068,1,110.4829,1,478041,217877,-0.6065,-1.9262,1.3197,53.03
2025-04-30,137.12,143.63,134.56,142.95,123.99,124.89,127.13,139.18,142.67,116.7871,1,111.6712,1,333531,219313,0.9058,-1.3598,2.2656,61.62
2025-05-01,143.26,147.41,140.28,145.29,126.48,125.29,127.33,139.04,142.74,121.6289,1,113.5887,1,315323,218811,2.2671,-0.6344,2.9015,59.06
2025-05-02,145.50,149.58,145.27,148.03,129.10,126.05,127.54,138.91,142.81,126.1375,1,116.2944,1,217175,218065,3.5263,0.1977,3.3286,57.74
2025-05-05,147.80,151.49,147.52,149.03,132.96,127.49,127.93,138.80,142.89,129.1552,1,119.6230,1,186437,217278,4.5525,1.0687,3.4838,65.32
2025-05-06,148.48,152.08,146.31,151.48,136.64,129.07,128.33,138.72,142.99,129.1552,1,123.4470,1,234506,217763,5.5000,1.9549,3.5451,69.16
2025-05-07,151.48,153.00,148.92,152.32,139.77,130.71,128.69,138.63,143.08,131.6948,1,127.4556,1,189532,217824,6.2467,2.8133,3.4334,69.69
2025-05-08,152.32,153.00,148.87,149.06,142.25,131.61,129.03,138.54,143.15,132.3573,1,131.5427,1,126776,215817,6.5005,3.5507,2.9498,64.07
2025-05-09,149.42,151.44,147.51,148.83,144.93,132.68,129.40,138.45,143.20,132.3573,1,134.9759,1,143800,215306,6.6069,4.1620,2.4449,64.22
2025-05-12,153.52,161.55,151.35,154.57,147.99,134.22,129.96,138.44,143.25,136.5250,1,137.8598,1,263573,211571,7.0729,4.7442,2.3287,75.24
2025-05-13,153.69,159.00,153.51,157.70,149.93,135.86,130.62,138.45,143.29,136.6755,1,142.1240,1,270487,212881,7.6070,5.3167,2.2903,73.24
2025-05-14,157.35,160.78,156.68,159.57,151.59,137.79,131.36,138.49,143.33,139.8784,1,145.6207,1,306470,214410,8.0880,5.8710,2.2170,76.82
2025-05-15,159.20,164.18,157.40,164.03,153.46,139.97,132.12,138.58,143.39,141.7896,1,148.4880,1,298387,216938,8.7285,6.4425,2.2860,79.05
2025-05-16,164.03,166.15,161.35,165.47,155.21,142.15,132.92,138.66,143.46,145.2096,1,151.6264,1,292435,218902,9.2457,7.0031,2.2425,79.09
2025-05-19,163.74,167.63,163.55,167.28,157.03,145.00,133.72,138.75,143.55,147.6797,1,154.5311,1,300318,221529,9.6899,7.5405,2.1494,78.93
2025-05-20,166.93,169.24,166.23,168.66,158.75,147.70,134.57,138.84,143.65,150.7127,1,157.1509,1,167867,221048,10.0376,8.0399,1.9977,82.66
2025-05-21,166.00,167.51,162.11,162.83,159.80,149.79,135.29,138.89,143.76,150.7127,1,159.5687,1,166298,221699,9.7305,8.3780,1.3525,80.59
2025-05-22,161.22,163.76,160.26,161.33,161.03,151.64,136.10,138.90,143.84,150.7127,1,169.2400,0,138421,220048,9.2594,8.5543,0.7051,78.22
2025-05-23,159.35,163.72,158.44,162.98,162.44,153.68,136.97,138.89,143.92,150.7127,1,169.0604,0,203513,219585,8.9164,8.6267,0.2897,79.92
2025-05-27,165.72,166.22,163.73,165.10,163.50,155.74,137.81,138.91,144.02,150.7127,1,168.6356,0,135283,219530,8.7152,8.6444,0.0708,79.75
2025-05-28,164.08,167.23,163.62,164.67,164.19,157.06,138.55,138.92,144.10,150.7127,1,168.2278,0,204487,219325,8.4239,8.6003,-0.1764,81.55
2025-05-29,167.54,170.42,165.98,166.26,164.86,158.22,139.37,138.96,144.18,152.6627,1,158.4400,1,237203,221613,8.2265,8.5256,-0.2990,83.51
2025-05-30,165.41,170.37,163.87,168.77,165.34,159.40,140.19,139.04,144.26,152.6627,1,158.6796,1,379766,227066,8.1784,8.4561,-0.2777,84.76
2025-06-02,169.13,170.50,167.28,170.12,165.80,160.50,141.06,139.12,144.35,153.5838,1,158.9144,1,338437,231403,8.1551,8.3959,-0.2408,84.35
2025-06-03,171.63,174.14,170.61,171.84,166.26,161.64,142.04,139.26,144.44,157.3934,1,159.3778,1,206466,219141,8.1812,8.3530,-0.1718,83.90
2025-06-04,172.89,173.15,169.79,169.89,166.38,162.56,142.84,139.46,144.51,157.3934,1,160.2636,1,228128,219706,7.9528,8.2730,-0.3201,82.85
2025-06-05,170.27,173.56,169.76,171.84,167.28,163.54,143.66,139.68,144.59,157.4777,1,161.0961,1,219526,219666,7.8388,8.1861,-0.3473,82.25
2025-06-06,170.00,172.51,169.44,171.46,168.29,164.66,144.43,139.73,144.66,157.4777,1,161.8788,1,231660,219021,7.6299,8.0749,-0.4450,81.57
2025-06-09,171.07,171.46,159.22,166.19,168.61,165.53,145.07,139.79,144.72,157.4777,1,174.1400,0,290783,221157,6.9588,7.8517,-0.8928,81.87
2025-06-10,163.00,163.50,155.58,156.56,167.76,165.63,145.54,139.80,144.71,177.1127,0,173.8416,0,418047,227216,5.5856,7.3984,-1.8129,73.50
2025-06-11,153.12,162.45,152.55,161.41,167.43,165.81,146.07,139.83,144.72,176.2854,0,173.1111,0,412855,232463,4.8329,6.8853,-2.0525,77.85
2025-06-12,161.22,166.28,159.51,165.54,167.36,166.11,146.72,139.85,144.72,176.2854,0,171.8775,0,322108,235928,4.5175,6.4118,-1.8942,80.18
2025-06-13,163.49,168.26,162.45,164.37,166.92,166.13,147.26,139.84,144.72,176.2854,0,170.7178,0,302901,239218,4.1257,5.9546,-1.8289,80.68
2025-06-16,165.27,166.25,154.33,164.24,166.33,166.07,147.89,139.86,144.73,176.2854,0,169.6278,0,630156,248274,3.7613,5.5159,-1.7546,80.24
2025-06-17,162.00,168.63,159.99,167.46,165.90,166.08,148.83,139.86,144.75,176.2854,0,152.5500,1,300808,247369,3.6898,5.1507,-1.4609,83.31
2025-06-18,167.70,170.27,166.82,167.58,165.67,166.02,149.79,139.87,144.76,176.2854,0,152.8716,1,316374,247609,3.6013,4.8408,-1.2395,83.58
2025-06-20,167.80,169.95,166.13,168.01,165.28,166.28,150.76,139.88,144.77,176.2854,0,153.5675,1,712094,257756,3.5252,4.5777,-1.0525,83.13
2025-06-23,167.91,169.39,164.75,169.12,165.05,166.67,151.52,139.91,144.81,176.2854,0,154.2356,1,203773,255365,3.5140,4.3649,-0.8510,83.20
2025-06-24,170.24,171.85,168.35,171.52,165.58,167.10,152.40,139.97,144.86,176.2854,0,154.8770,1,201485,256436,3.6566,4.2233,-0.5667,83.01
2025-06-25,170.79,171.65,167.73,169.01,166.83,167.29,153.30,140.01,144.89,176.2854,0,155.8954,1,257825,257715,3.5264,4.0839,-0.5575,81.11
2025-06-26,171.20,177.32,171.08,172.56,167.94,167.69,154.26,140.13,144.99,176.2854,0,156.8527,1,259720,259504,3.6675,4.0006,-0.3332,82.16
2025-06-27,172.71,176.49,172.50,173.63,168.75,168.06,155.31,140.26,145.09,176.2854,0,158.4901,1,268901,262187,3.8215,3.9648,-0.1433,82.27
2025-06-30,171.95,176.26,171.55,176.00,169.91,168.42,156.42,140.41,145.20,176.2854,0,159.9965,1,304110,265604,4.0877,3.9894,0.0983,84.11
2025-07-01,176.02,178.76,175.33,177.43,171.23,168.78,157.53,140.58,145.30,160.6857,1,161.3823,1,208835,267421,4.3638,4.0643,0.2995,85.38
2025-07-02,176.55,177.05,171.19,172.22,171.71,168.80,158.77,140.74,145.37,160.6857,1,163.1201,1,261878,267706,4.1147,4.0743,0.0404,79.08
2025-07-03,173.70,173.70,169.27,171.50,172.10,168.88,159.91,140.93,145.41,160.6857,1,164.6841,1,167573,267602,3.8152,4.0225,-0.2073,78.78
2025-07-07,171.95,174.03,170.80,173.09,172.61,168.94,160.95,141.13,145.46,160.6857,1,166.0917,1,185293,267092,3.6640,3.9508,-0.2868,80.21
2025-07-08,172.12,173.90,172.12,172.39,172.93,168.99,161.91,141.31,145.53,160.6857,1,167.3585,1,153755,267487,3.4479,3.8502,-0.4023,78.11
2025-07-09,173.88,174.04,170.31,171.40,172.92,169.25,162.90,141.50,145.59,160.6857,1,168.4987,1,140959,267421,3.1603,3.7122,-0.5519,75.37
2025-07-10,171.00,175.08,169.03,173.66,173.39,170.11,163.89,141.71,145.62,160.6857,1,178.7600,0,147715,265636,3.0793,3.5857,-0.5064,75.85
2025-07-11,172.25,175.96,171.53,175.75,173.71,170.82,164.64,141.93,145.67,160.6857,1,178.5654,0,166400,259403,3.1474,3.4980,-0.3506,79.61
2025-07-14,175.75,177.83,175.05,177.74,174.12,171.43,165.34,142.18,145.72,162.5576,1,178.3747,0,151808,255769,3.3237,3.4631,-0.1395,79.70
2025-07-15,177.74,179.91,172.08,172.78,173.80,171.85,165.89,142.39,145.75,162.5576,1,169.0300,1,193531,253333,3.0282,3.3762,-0.3479,80.00
2025-07-16,171.13,173.69,166.98,173.39,173.39,172.31,166.39,142.62,145.78,162.5576,1,179.9100,0,240544,253800,2.8109,3.2631,-0.4522,78.65
2025-07-17,173.23,175.94,172.80,175.14,173.68,172.70,166.92,142.86,145.83,162.5576,1,179.9100,0,160008,253271,2.7482,3.1601,-0.4119,78.50
2025-07-18,175.14,177.21,174.67,175.06,174.04,173.07,167.39,143.08,145.89,162.5576,1,179.6514,0,324894,255079,2.6614,3.0604,-0.3990,83.07
2025-07-21,175.06,177.45,172.78,174.65,174.20,173.40,167.83,143.32,145.93,162.5576,1,179.3980,0,452291,260334,2.5303,2.9544,-0.4240,83.82
2025-07-22,183.40,185.25,154.17,155.97,172.55,172.74,167.97,143.43,145.90,185.7068,0,166.9800,1,959559,276990,0.9086,2.5452,-1.6366,65.37
2025-07-23,157.77,159.79,156.69,158.31,171.24,172.08,168.16,143.58,145.88,179.1629,0,154.1700,1,463532,283385,-0.1856,1.9991,-2.1846,58.59
2025-07-24,157.94,158.14,147.52,148.38,168.72,171.05,168.04,143.66,145.84,174.8976,0,185.2500,0,371024,285534,-1.8329,1.2327,-3.0656,49.74
2025-07-25,149.00,153.15,146.60,153.02,166.44,170.08,167.94,143.79,145.82,171.7008,0,184.4954,0,303347,286191,-2.7325,0.4396,-3.1721,54.42
2025-07-28,151.63,157.00,151.00,156.52,164.32,169.22,167.88,143.95,145.84,171.7008,0,182.9796,0,417048,288403,-3.1270,-0.2737,-2.8533,49.85
2025-07-29,156.85,159.13,155.58,156.06,162.65,168.22,167.72,144.14,145.87,171.7008,0,181.5244,0,190830,286251,-3.4371,-0.9064,-2.5307,43.18
2025-07-30,156.10,161.18,155.02,160.89,161.40,167.40,167.63,144.37,145.90,171.7008,0,180.1274,0,257730,285557,-3.2556,-1.3762,-1.8794,50.22
2025-07-31,160.47,163.80,158.38,161.28,160.01,166.85,167.51,144.58,145.94,171.7008,0,178.7863,0,225534,284062,-3.0452,-1.7100,-1.3352,55.79
2025-08-01,160.74,161.54,157.88,158.09,158.32,166.18,167.30,144.77,145.95,171.7008,0,177.4989,0,167212,284048,-3.1001,-1.9880,-1.1121,53.05
2025-08-04,158.70,162.21,156.72,161.07,156.96,165.58,167.26,144.98,145.98,171.7008,0,176.2629,0,122043,283163,-2.8701,-2.1644,-0.7056,53.09
2025-08-05,161.75,162.42,160.06,160.29,157.39,164.97,167.24,145.20,145.98,171.7008,0,175.0764,0,106737,282530,-2.7194,-2.2754,-0.4440,50.81
2025-08-06,161.16,161.65,158.76,159.26,157.49,164.37,167.17,145.41,145.96,171.7008,0,173.9373,0,144449,281348,-2.6525,-2.3508,-0.3016,53.80
2025-08-07,160.19,163.71,159.47,163.42,158.99,163.85,167.14,145.66,145.97,171.7008,0,172.8439,0,135769,281358,-2.2380,-2.3283,0.0903,62.75
2025-08-08,163.59,165.84,162.71,165.58,160.25,163.34,167.15,145.92,145.98,171.7008,0,171.7941,0,121552,279699,-1.7154,-2.2057,0.4903,61.48
2025-08-11,166.37,167.77,165.16,166.63,161.26,162.79,167.16,146.20,146.01,171.7008,0,170.7863,0,142135,277798,-1.2027,-2.0051,0.8024,62.45
2025-08-12,166.68,171.01,165.82,170.48,162.70,162.67,167.20,146.52,146.08,171.7008,0,146.6000,1,137611,272955,-0.4802,-1.7001,1.2199,62.23
2025-08-13,171.50,173.36,170.60,171.87,163.80,162.60,167.23,146.83,146.15,157.7067,1,147.0882,1,181512,269816,0.2023,-1.3196,1.5219,59.34
2025-08-14,171.14,173.60,170.43,172.36,164.90,162.46,167.24,147.12,146.25,158.2180,1,148.1391,1,137371,268435,0.7737,-0.9010,1.6747,60.51
2025-08-15,172.36,173.22,167.86,172.02,166.30,162.31,167.28,147.39,146.42,158.2180,1,149.6667,1,187932,267631,1.1855,-0.4837,1.6692,62.94
2025-08-18,172.00,172.75,170.95,171.33,167.32,162.14,167.27,147.68,146.57,158.6873,1,151.1027,1,151199,266264,1.4396,-0.0990,1.5386,62.04
2025-08-19,172.25,178.78,172.03,178.03,169.10,163.24,167.41,148.01,146.65,161.3235,1,152.4526,1,210716,265845,2.1567,0.3521,1.8046,69.01
2025-08-20,178.82,182.90,178.28,181.94,171.37,164.43,167.72,148.37,146.77,166.4557,1,154.5588,1,260138,265232,3.0059,0.8829,2.1230,72.53
2025-08-21,182.43,182.72,177.36,177.39,172.76,165.88,168.14,148.69,146.88,166.4557,1,157.3929,1,150498,259881,3.2740,1.3611,1.9129,68.75
2025-08-22,177.98,181.09,177.58,179.50,174.16,167.20,168.50,149.00,147.00,166.4557,1,159.9436,1,165894,254942,3.6150,1.8119,1.8032,68.00
2025-08-25,179.92,181.90,179.03,180.23,175.51,168.39,168.79,149.33,147.09,166.9986,1,162.2392,1,208652,252673,3.8993,2.2294,1.6699,69.98
2025-08-26,179.71,181.35,179.51,180.04,176.47,169.58,169.11,149.63,147.15,167.7582,1,164.3053,1,129737,249210,4.0624,2.5960,1.4664,69.46
2025-08-27,180.22,183.10,180.22,181.95,177.48,170.64,169.46,149.95,147.26,169.3374,1,166.1648,1,174927,240105,4.2962,2.9360,1.3602,68.33
2025-08-28,182.09,185.00,181.04,184.53,178.70,171.80,169.80,150.26,147.34,170.7417,1,168.1970,1,180544,237700,4.6363,3.2761,1.3602,69.94
2025-08-29,184.17,184.68,181.60,184.33,179.93,173.11,170.14,150.58,147.44,171.1655,1,170.5494,1,169270,234758,4.8340,3.5877,1.2463,70.62
2025-09-02,183.58,186.05,183.07,185.35,181.33,174.33,170.48,150.89,147.53,172.8890,1,172.5725,1,178084,224078,5.0151,3.8731,1.1420,71.10
2025-09-03,184.74,187.03,183.10,186.91,182.22,175.66,170.84,151.21,147.64,173.3821,1,174.7289,1,124295,222488,5.2243,4.1434,1.0809,71.81
2025-09-04,188.16,193.46,187.50,192.52,183.28,177.32,171.26,151.56,147.79,178.0004,1,176.9431,1,238321,223225,5.7762,4.4699,1.3063,78.25
2025-09-05,193.53,196.73,192.98,196.18,185.15,178.96,171.80,151.91,147.96,182.3603,1,180.2465,1,181270,221694,6.4347,4.8629,1.5718,80.75
2025-09-08,195.59,196.25,190.08,192.47,186.45,180.30,172.20,152.26,148.14,182.3603,1,183.5432,1,195242,220404,6.5814,5.2066,1.3748,79.55
2025-09-09,192.09,196.62,185.00,196.39,188.07,181.79,172.66,152.60,148.36,182.3603,1,196.7300,0,261258,220251,6.9340,5.5521,1.3819,80.53
2025-09-10,198.08,199.99,187.67,191.78,189.24,182.86,172.97,152.92,148.55,182.3603,1,185.0000,1,400245,222174,6.7635,5.7944,0.9691,77.57
2025-09-11,192.00,194.75,191.34,193.38,190.38,183.93,173.29,153.25,148.76,182.3603,1,185.0000,1,356844,225134,6.6805,5.9716,0.7089,76.65
2025-09-12,192.02,193.42,191.37,192.82,191.21,184.95,173.70,153.60,148.98,182.3603,1,185.2998,1,171456,223326,6.4946,6.0762,0.4184,77.84
2025-09-15,192.29,193.06,186.39,186.75,191.46,185.69,174.01,153.91,149.20,182.3603,1,185.5936,1,325132,226477,5.7908,6.0191,-0.2283,72.80
2025-09-16,188.02,188.02,180.78,182.82,191.20,186.27,174.20,154.20,149.40,182.3603,1,199.9900,0,239988,227571,4.8598,5.7873,-0.9274,69.92
2025-09-17,183.42,186.74,182.52,183.47,190.86,186.54,174.42,154.49,149.59,182.3603,1,199.6058,0,155106,227598,4.1269,5.4552,-1.3283,68.99
2025-09-18,185.00,191.04,183.35,190.29,190.64,186.96,174.80,154.92,149.83,182.3603,1,199.2293,0,223534,229249,4.0497,5.1741,-1.1244,71.30
2025-09-19,189.92,191.14,188.25,190.14,190.03,187.59,175.13,155.30,150.07,182.3603,1,198.8603,0,663912,239573,3.9311,4.9255,-0.9944,72.36
2025-09-22,190.14,196.07,189.91,194.06,190.19,188.32,175.50,155.70,150.33,182.3603,1,198.4987,0,160119,239448,4.1061,4.7616,-0.6555,74.79
2025-09-23,194.48,198.61,192.54,193.08,189.86,188.96,175.80,156.09,150.58,182.3603,1,180.7800,1,157650,239564,4.1183,4.6330,-0.5147,73.94
2025-09-24,193.00,197.90,191.34,196.63,190.34,189.79,176.28,156.50,150.86,182.3603,1,181.1366,1,184183,239377,4.3640,4.5792,-0.2151,77.00
2025-09-25,196.21,197.30,193.13,196.72,190.68,190.53,176.75,156.89,151.15,182.3603,1,181.4861,1,127376,237114,4.5140,4.5661,-0.0521,78.00
2025-09-26,197.70,202.15,197.56,202.00,191.60,191.40,177.28,157.38,151.46,183.4509,1,181.8285,1,197152,237857,5.0013,4.6532,0.3481,77.67
2025-09-29,201.90,202.71,199.49,201.20,193.04,192.25,177.81,157.84,151.77,185.3703,1,182.6414,1,202488,235409,5.2623,4.7750,0.4873,78.65
2025-09-30,201.72,204.49,201.72,203.04,195.06,193.13,178.38,158.30,152.08,187.9613,1,183.8455,1,202471,230412,5.5535,4.9307,0.6228,79.81
2025-10-01,202.25,202.60,197.58,201.34,196.85,193.85,179.28,158.76,152.39,187.9613,1,185.4971,1,201179,215245,5.5828,5.0611,0.5217,77.57
2025-10-02,201.64,203.82,200.37,203.38,198.16,194.40,180.18,159.25,152.73,187.9613,1,187.0165,1,105981,208094,5.7049,5.1899,0.5150,77.98
2025-10-03,203.52,205.99,202.01,203.00,199.44,194.74,181.28,159.76,153.06,189.5079,1,188.4144,1,176224,204198,5.7052,5.2929,0.4123,77.50
2025-10-06,202.78,204.59,199.64,199.76,200.01,195.10,182.21,160.26,153.39,189.5079,1,190.1720,1,127986,200691,5.3820,5.3107,0.0712,77.24
2025-10-07,201.12,207.14,199.30,204.83,201.19,195.52,183.18,160.81,153.75,189.5079,1,191.7538,1,141456,195179,5.4718,5.3430,0.1289,78.88
2025-10-08,204.69,205.96,200.17,200.48,201.57,195.96,184.07,161.30,154.12,189.5079,1,193.6001,1,166759,194697,5.1329,5.3009,-0.1681,76.76
2025-10-09,201.05,202.00,193.91,194.85,201.39,196.03,184.75,161.77,154.46,189.5079,1,207.1400,0,267821,194899,4.3597,5.1127,-0.7530,75.79
2025-10-10,195.19,195.46,189.13,189.58,200.15,195.87,185.31,162.18,154.77,189.5079,1,206.8754,0,164840,193685,3.2838,4.7469,-1.4631,76.05
2025-10-13,191.43,191.68,187.67,190.00,199.03,196.03,185.95,162.61,155.07,189.5079,1,206.1656,0,130435,192950,2.4370,4.2849,-1.8479,76.58
2025-10-14,191.01,196.60,190.48,196.33,198.36,196.71,186.65,163.07,155.40,189.5079,1,205.0558,0,232376,195157,2.2507,3.8781,-1.6274,79.17
2025-10-15,196.99,200.26,195.94,199.23,198.14,197.50,187.43,163.59,155.76,189.5079,1,204.0127,0,223715,197496,2.3105,3.5646,-1.2541,78.51
2025-10-16,199.26,200.65,197.20,199.13,197.72,197.94,188.23,164.12,156.11,189.5079,1,203.0321,0,146122,197530,2.3230,3.3163,-0.9933,80.22
2025-10-17,199.13,200.12,196.20,200.00,197.42,198.43,188.96,164.64,156.49,189.5079,1,202.1104,0,152200,197858,2.3757,3.1281,-0.7524,81.60
2025-10-20,201.31,202.83,200.39,202.11,197.65,198.83,189.69,165.13,156.86,189.5079,1,187.6700,1,140568,198238,2.5583,3.0142,-0.4559,82.04
2025-10-21,202.64,203.29,200.88,202.35,197.41,199.30,190.41,165.65,157.25,189.5079,1,187.9732,1,155971,198515,2.6913,2.9496,-0.2583,80.70
2025-10-22,203.42,206.10,202.86,205.12,197.87,199.72,191.10,166.16,157.66,190.8828,1,188.5859,1,203294,199829,2.9858,2.9568,0.0290,80.26
2025-10-23,204.27,208.25,204.14,206.91,199.08,200.23,191.80,166.70,158.07,192.7245,1,189.6367,1,251975,201238,3.3253,3.0305,0.2948,79.33
2025-10-24,209.51,217.43,203.15,210.38,201.16,200.65,192.56,167.28,158.48,193.8825,1,191.1258,1,372793,205947,3.8302,3.1905,0.6398,79.59
2025-10-27,210.39,217.16,210.39,216.17,203.77,201.40,193.44,167.86,158.91,196.9743,1,193.7562,1,391895,210026,4.6440,3.4812,1.1629,81.19
2025-10-28,209.93,213.98,198.45,204.62,204.60,201.48,194.11,168.35,159.29,196.9743,1,196.1236,1,361318,214228,4.3074,3.6464,0.6609,76.61
2025-10-29,205.34,212.22,203.54,209.14,205.59,201.87,194.73,168.86,159.69,196.9743,1,198.2542,1,297502,215964,4.3551,3.7881,0.5669,78.84
2025-10-30,208.04,214.40,207.46,208.62,206.54,202.13,195.27,169.35,160.09,196.9743,1,198.4500,1,258021,215922,4.3013,3.8908,0.4105,80.22
2025-10-31,207.78,210.47,205.65,206.49,207.19,202.31,195.85,169.84,160.48,196.9743,1,200.3480,1,232797,217568,4.0403,3.9207,0.1196,80.85
2025-11-03,205.78,205.78,198.33,201.39,207.12,202.39,196.29,170.29,160.82,196.9743,1,217.4300,0,248576,219221,3.3829,3.8131,-0.4302,77.32
2025-11-04,199.98,209.64,199.12,207.73,207.66,202.53,196.84,170.78,161.20,196.9743,1,217.0480,0,243813,219924,3.3350,3.7175,-0.3825,81.30
2025-11-05,206.49,209.17,203.94,208.62,208.01,202.94,197.41,171.26,161.58,196.9743,1,216.6736,0,204865,221427,3.3305,3.6401,-0.3096,80.22
2025-11-06,208.95,210.34,203.72,204.19,207.73,203.41,197.85,171.73,161.92,196.9743,1,216.3068,0,141687,220762,2.9357,3.4992,-0.5636,79.33
2025-11-07,203.55,206.24,201.89,205.26,207.22,204.19,198.27,172.30,162.26,196.9743,1,215.9472,0,104313,219238,2.6782,3.3350,-0.6568,79.44
2025-11-10,192.00,198.14,189.58,194.68,205.07,204.42,198.47,172.80,162.55,216.8099,0,215.5949,0,221682,220286,1.6020,2.9884,-1.3864,74.04
2025-11-11,195.54,202.26,192.99,198.32,204.44,204.52,198.73,173.32,162.85,216.8099,0,214.5543,0,219957,221123,1.0309,2.5969,-1.5660,75.94
2025-11-12,198.12,202.44,197.35,199.99,203.53,204.56,198.99,173.78,163.15,216.8099,0,213.5553,0,120454,221046,0.7049,2.2185,-1.5136,76.45
2025-11-13,199.02,200.17,195.29,196.66,202.33,204.44,199.08,174.25,163.44,216.8099,0,212.5963,0,101536,218311,0.1759,1.8100,-1.6341,76.09
2025-11-14,196.18,196.71,191.88,192.91,200.98,204.08,199.01,174.71,163.69,215.3833,0,211.6756,0,180680,218299,-0.5398,1.3400,-1.8798,73.60
2025-11-17,193.00,194.92,191.10,192.40,200.08,203.60,199.01,175.16,163.95,213.1354,0,210.7918,0,214680,218688,-1.1350,0.8450,-1.9800,77.06
2025-11-18,191.46,193.74,190.96,193.00,198.60,203.13,198.94,175.64,164.19,211.2969,0,209.9434,0,172503,216913,-1.5406,0.3679,-1.9085,77.25
2025-11-19,192.62,194.73,190.16,194.25,197.17,202.59,198.99,176.13,164.44,210.8682,0,209.1288,0,251360,213935,-1.7410,-0.0539,-1.6871,78.11
2025-11-20,194.97,196.00,186.21,186.68,195.41,201.57,198.86,176.56,164.65,210.6229,0,208.3469,0,158174,209961,-2.4821,-0.5395,-1.9426,75.92
2025-11-21,188.78,194.72,187.52,191.96,194.09,200.65,198.84,177.10,164.91,210.6229,0,207.0187,0,213498,210802,-2.6133,-0.9543,-1.6590,76.26
2025-11-24,202.35,215.93,200.83,214.62,196.08,200.58,199.40,177.77,165.28,183.2087,1,186.2100,1,729322,218886,-0.8786,-0.9392,0.0605,83.32
2025-11-25,214.87,220.31,214.82,218.46,198.09,201.27,200.11,178.42,165.68,193.2039,1,186.8044,1,343244,220951,0.7968,-0.5920,1.3888,83.21
2025-11-26,219.80,221.00,217.04,217.42,199.84,201.68,200.79,179.04,166.07,195.9070,1,188.1446,1,186242,221574,2.0174,-0.0701,2.0875,81.65
2025-11-28,217.50,218.59,215.80,216.84,201.85,202.09,201.32,179.67,166.52,195.9070,1,190.1160,1,41113,217926,2.9044,0.5248,2.3796,82.28
2025-12-01,215.72,218.87,212.86,215.13,204.08,202.53,201.82,180.28,166.93,195.9070,1,191.9690,1,208396,208815,3.4299,1.1058,2.3241,82.70
2025-12-02,222.00,222.82,214.48,214.84,206.32,203.20,202.24,180.79,167.34,196.9979,1,193.7109,1,173268,209078,3.7794,1.6405,2.1388,82.85
2025-12-03,215.68,217.71,209.52,211.34,208.15,203.38,202.60,181.25,167.72,196.9979,1,196.0396,1,204598,210017,3.7309,2.0586,1.6723,80.62
2025-12-04,210.25,215.47,209.06,212.14,209.94,203.55,202.91,181.69,168.10,196.9979,1,198.1820,1,177052,209875,3.7142,2.3897,1.3245,79.28
2025-12-05,213.16,213.85,209.75,210.00,212.28,203.84,203.18,182.11,168.47,196.9979,1,200.1531,1,120057,209728,3.4881,2.6094,0.8787,79.51
2025-12-08,210.51,212.04,205.52,206.31,213.71,203.90,203.26,182.49,168.85,196.9979,1,201.9664,1,147078,208727,2.9769,2.6829,0.2940,78.84
2025-12-09,206.32,209.38,200.84,202.00,212.45,204.26,203.28,182.82,169.20,196.9979,1,222.8200,0,202485,208727,2.1986,2.5861,-0.3875,76.05
2025-12-10,202.66,203.39,194.54,197.47,210.35,204.22,203.17,183.13,169.52,196.9979,1,222.3804,0,281217,210302,1.2024,2.3093,-1.1069,72.67
2025-12-11,197.77,200.12,196.63,197.71,208.38,204.11,203.10,183.45,169.85,196.9979,1,221.2668,0,163921,209556,0.4273,1.9329,-1.5056,72.37
2025-12-12,197.60,200.76,196.62,199.40,206.63,204.24,203.02,183.79,170.19,196.9979,1,220.1977,0,153717,210511,-0.0500,1.5363,-1.5863,74.08
2025-12-15,199.13,199.13,195.70,197.32,204.85,204.46,202.90,184.07,170.54,196.9979,1,219.1714,0,164940,210285,-0.5893,1.1112,-1.7005,72.33
2025-12-16,196.59,198.54,194.26,196.88,203.06,204.69,202.85,184.33,170.91,214.6642,0,218.1862,0,134036,210406,-1.0402,0.6809,-1.7211,72.34
2025-12-17,195.69,197.16,193.44,195.02,201.43,204.79,202.65,184.57,171.27,212.8537,0,216.7506,0,180881,211195,-1.5300,0.2388,-1.7687,71.42
2025-12-18,196.59,198.98,193.25,194.37,199.65,204.80,202.53,184.77,171.61,212.8537,0,214.8857,0,123503,210330,-1.9482,-0.1986,-1.7495,70.30
2025-12-19,194.36,197.16,193.62,196.33,198.28,205.28,202.56,184.98,171.96,212.2176,0,212.7222,0,305332,211080,-2.0972,-0.5783,-1.5189,69.97
2025-12-22,196.27,200.33,195.70,199.87,197.64,205.67,202.76,185.19,172.33,212.2176,0,210.7749,0,163973,211063,-1.9077,-0.8442,-1.0635,68.93
2025-12-23,198.87,199.59,197.17,198.76,197.31,204.88,202.94,185.40,172.69,212.2176,0,209.0225,0,132454,211103,-1.8261,-1.0406,-0.7855,69.37
2025-12-24,199.85,199.85,196.68,197.77,197.34,203.85,202.97,185.63,173.04,212.2176,0,207.4452,0,58560,207627,-1.8202,-1.1965,-0.6237,68.89
2025-12-26,198.66,201.39,197.01,200.60,197.63,203.01,202.99,185.89,173.44,212.2176,0,206.0257,0,113780,205428,-1.5692,-1.2710,-0.2981,68.70
2025-12-29,200.70,201.79,198.44,201.14,197.81,202.22,203.03,186.14,173.85,212.2176,0,204.7481,0,123621,204978,-1.3115,-1.2791,-0.0324,70.97
2025-12-30,201.21,202.39,199.45,201.30,198.20,201.53,203.06,186.39,174.24,212.2176,0,203.5983,0,134710,204628,-1.0820,-1.2397,0.1578,71.34
2025-12-31,200.65,201.12,198.22,198.72,198.39,200.72,202.99,186.61,174.60,212.2176,0,202.5635,0,131414,204445,-1.0956,-1.2109,0.1153,72.16
2026-01-02,198.87,200.56,195.27,199.45,198.83,200.13,202.93,186.83,174.97,211.5429,0,202.3900,0,196518,205256,-1.0355,-1.1758,0.1403,71.17
2026-01-05,198.88,208.29,198.88,207.01,200.09,199.87,202.97,187.09,175.36,211.5429,0,193.2500,1,281161,206813,-0.3736,-1.0154,0.6418,73.39
2026-01-06,205.90,211.00,205.90,208.24,201.29,199.78,203.00,187.34,175.77,211.5429,0,193.5508,1,144519,204664,0.2474,-0.7628,1.0102,73.10
2026-01-07,207.05,207.87,200.79,202.00,201.50,199.57,202.83,187.54,176.17,211.5429,0,194.2488,1,228725,201783,0.2333,-0.5636,0.7969,70.98
2026-01-08,202.41,204.54,200.86,203.35,201.96,199.64,202.57,187.77,176.54,211.5429,0,194.9188,1,102773,196000,0.3273,-0.3854,0.7127,72.17
2026-01-09,204.67,205.83,200.25,201.20,202.30,199.82,202.51,187.96,176.89,211.5429,0,195.5621,1,88971,190554,0.2257,-0.2632,0.4889,71.40
2026-01-12,199.00,200.07,194.50,199.61,202.20,199.92,202.32,188.15,177.22,211.5429,0,211.0000,0,222405,189052,0.0167,-0.2072,0.2239,67.76
2026-01-13,199.61,200.16,194.89,199.19,202.01,199.91,202.13,188.37,177.55,211.5429,0,210.6700,0,86727,185626,-0.1807,-0.2019,0.0212,70.15
2026-01-14,198.32,199.05,194.04,195.19,201.40,199.80,201.90,188.63,177.86,211.5429,0,210.3466,0,160173,184173,-0.6524,-0.2920,-0.3604,66.62
2026-01-15,196.27,202.71,194.40,201.32,201.66,200.02,201.90,188.89,178.19,211.5429,0,209.6943,0,158660,182375,-0.5256,-0.3387,-0.1869,70.12
2026-01-16,200.16,201.15,195.00,196.74,201.39,200.11,201.68,189.10,178.51,211.5429,0,209.0682,0,137206,180243,-0.7855,-0.4281,-0.3575,63.87
2026-01-20,194.23,197.20,192.12,193.26,200.01,200.05,201.37,189.30,178.79,211.4936,0,208.4670,0,134026,178826,-1.2579,-0.5940,-0.6638,59.68
2026-01-21,194.47,197.66,189.66,190.83,198.27,199.78,201.11,189.47,179.08,211.2103,0,207.4862,0,205009,180092,-1.8075,-0.8367,-0.9707,52.15
2026-01-22,190.52,192.82,187.31,189.45,197.01,199.26,200.79,189.62,179.42,207.5133,0,206.0601,0,158721,181181,-2.3275,-1.1349,-1.1926,48.72
2026-01-23,188.12,190.00,185.00,188.78,195.56,198.76,200.67,189.76,179.77,204.7034,0,204.1851,0,124255,179232,-2.7619,-1.4603,-1.3016,50.57
2026-01-26,189.10,192.01,188.46,189.92,194.43,198.37,200.50,189.91,180.12,204.7034,0,201.8829,0,192769,178688,-2.9798,-1.7642,-1.2156,48.28
2026-01-27,196.18,201.28,188.95,189.15,193.38,197.79,200.29,190.04,180.41,204.7034,0,185.0000,1,206665,180413,-3.1780,-2.0470,-1.1311,50.80
2026-01-28,187.12,192.59,186.18,189.58,192.42,197.21,200.14,190.16,180.72,204.7034,0,185.3256,1,195476,182291,-3.2628,-2.2901,-0.9727,52.50
2026-01-29,189.25,190.52,186.74,189.49,191.85,196.62,200.08,190.30,181.05,204.7034,0,185.6447,1,141814,181514,-3.2992,-2.4919,-0.8073,54.84
2026-01-30,188.95,191.41,186.91,189.28,190.65,196.15,200.01,190.41,181.37,204.7034,0,185.9574,1,119511,179611,-3.3069,-2.6549,-0.6519,52.78
2026-02-02,189.73,195.17,187.71,188.03,189.78,195.58,199.91,190.50,181.71,204.7034,0,186.2638,1,217175,180504,-3.3749,-2.7989,-0.5760,49.41
2026-02-03,193.68,195.77,191.86,192.85,189.74,194.87,199.89,190.62,182.07,204.7034,0,186.5642,1,275236,180982,-3.0053,-2.8402,-0.1651,50.24
2026-02-04,192.66,195.07,190.25,190.66,189.72,193.99,199.97,190.70,182.41,204.7034,0,186.8585,1,163377,181086,-2.8561,-2.8434,-0.0127,46.21
2026-02-05,191.85,196.96,190.51,195.97,190.37,193.69,200.05,190.86,182.84,204.7034,0,187.1469,1,218409,181184,-2.2831,-2.7313,0.4482,52.68
2026-02-06,198.45,204.38,197.48,201.37,191.63,193.59,199.78,191.06,183.27,204.7034,0,187.4296,1,262868,171855,-1.3774,-2.4605,1.0831,55.13
2026-02-09,199.92,201.91,192.30,192.96,191.93,193.18,199.27,191.19,183.63,204.7034,0,188.1076,1,254765,170085,-1.3230,-2.2330,0.9101,50.18
2026-02-10,194.21,194.21,188.79,193.04,192.32,192.85,198.78,191.33,183.98,204.7034,0,188.7585,1,275159,171864,-1.2589,-2.0382,0.7793,48.63
2026-02-11,188.35,229.00,186.50,226.35,196.00,194.21,198.97,191.70,184.50,182.0102,1,204.3800,0,767983,186401,1.4629,-1.3380,2.8009,71.72
2026-02-12,226.35,235.77,223.80,232.26,200.28,196.06,199.32,192.09,185.04,198.8870,1,186.5000,1,572382,193681,4.0501,-0.2604,4.3105,76.16
2026-02-13,231.16,235.50,227.48,231.10,204.46,197.55,199.64,192.46,185.50,201.2757,1,186.5000,1,278476,195785,5.9385,0.9794,4.9591,77.04
2026-02-17,233.04,235.02,227.34,234.25,209.08,199.43,200.10,192.84,185.96,201.6832,1,187.4854,1,291454,197522,7.6015,2.3038,5.2977,77.71
2026-02-18,234.60,234.60,229.02,231.75,212.97,201.35,200.49,193.23,186.39,203.5889,1,188.4511,1,181113,197603,8.6185,3.5668,5.0517,76.16
2026-02-19,230.69,231.90,227.01,228.08,216.71,203.22,200.85,193.59,186.79,203.5889,1,189.3975,1,224613,199694,9.0242,4.6582,4.3660,72.64
2026-02-20,227.66,230.15,226.06,229.90,220.11,205.24,201.33,193.96,187.20,203.5889,1,190.3249,1,233280,201418,9.3844,5.6035,3.7810,73.54
2026-02-23,228.70,234.29,226.90,233.77,223.35,207.49,201.96,194.35,187.61,205.5122,1,191.2338,1,180213,200973,9.8685,6.4565,3.4120,76.50
2026-02-24,235.00,237.67,231.26,237.58,227.81,209.87,202.76,194.77,188.04,209.9675,1,192.1245,1,190705,199163,10.4391,7.2530,3.1861,73.24
2026-02-25,238.50,240.83,235.60,237.04,232.21,212.27,203.55,195.31,188.47,214.5983,1,193.9464,1,173039,199345,10.7242,7.9473,2.7770,72.84
2026-02-26,237.32,240.59,233.16,239.67,233.54,214.77,204.36,195.85,188.93,214.5983,1,196.7594,1,287652,202024,11.0352,8.5648,2.4703,75.83
2026-02-27,237.87,240.13,235.39,239.39,234.25,217.27,205.20,196.46,189.35,215.2023,1,199.4036,1,146195,201649,11.1307,9.0780,2.0527,76.72
2026-03-02,237.00,238.75,229.91,235.12,234.65,219.56,205.96,197.01,189.74,215.2023,1,201.8892,1,172860,202425,10.7380,9.4100,1.3280,75.83
2026-03-03,232.25,243.72,228.48,242.88,235.52,222.30,206.92,197.58,190.16,215.2023,1,204.2257,1,302896,204866,10.9271,9.7134,1.2137,79.27
2026-03-04,242.50,245.98,237.84,244.80,236.82,224.90,207.93,198.17,190.56,216.6050,1,207.3852,1,278093,207957,11.1038,9.9915,1.1123,79.49
2026-03-05,241.27,247.21,236.74,241.40,238.15,227.43,208.83,198.71,190.94,216.6050,1,211.2447,1,228992,206431,10.8445,10.1621,0.6824,80.42
2026-03-06,238.69,239.93,233.00,236.95,238.86,229.48,209.57,199.21,191.29,216.6050,1,215.5605,1,192356,206998,10.1628,10.1623,0.0006,81.08
2026-03-09,234.98,241.51,230.42,240.59,239.54,231.44,210.41,199.76,191.65,216.6050,1,219.3585,1,263518,209620,9.8033,10.0905,-0.2872,81.60
2026-03-10,240.30,243.54,237.01,237.42,239.53,233.67,211.20,200.27,192.02,216.6050,1,222.7006,1,237729,213203,9.1570,9.9038,-0.7468,81.16
2026-03-11,237.00,239.65,233.00,234.58,239.28,235.74,211.88,200.77,192.39,216.6050,1,225.6418,1,237372,215675,8.3197,9.5870,-1.2672,81.01
2026-03-12,233.09,239.30,224.24,224.73,237.79,235.66,212.35,201.21,192.70,216.6050,1,247.2100,0,245338,218109,6.7832,9.0262,-2.2430,78.49
2026-03-13,226.57,228.30,215.97,227.63,236.61,235.43,212.88,201.63,193.01,216.6050,1,246.7506,0,287656,221168,5.7334,8.3676,-2.6343,78.68
2026-03-16,229.21,229.21,219.12,219.30,235.03,234.84,213.29,201.99,193.28,216.6050,1,245.5194,0,191602,222372,4.1810,7.5303,-3.3493,74.14
2026-03-17,220.51,222.10,206.41,211.64,231.90,233.71,213.53,202.29,193.51,244.5710,0,244.3374,0,247788,223397,2.3061,6.4855,-4.1794,68.83
2026-03-18,211.64,214.28,199.99,203.21,227.74,232.28,213.46,202.51,193.68,238.7064,0,242.0618,0,250883,222792,0.1384,5.2161,-5.0777,66.32
2026-03-19,202.94,206.54,197.79,205.11,224.12,231.14,213.39,202.73,193.86,233.2042,0,238.6960,0,222155,224344,-1.4100,3.8908,-5.3008,66.44
2026-03-20,203.50,204.93,198.89,200.35,220.46,229.66,213.36,202.92,194.00,231.7113,0,234.6054,0,392926,227628,-2.9867,2.5153,-5.5021,65.11
2026-03-23,204.71,207.23,202.26,203.41,216.74,228.14,213.36,203.13,194.17,231.7113,0,230.9239,0,219134,229956,-3.9439,1.2235,-5.1674,66.66
2026-03-24,202.19,203.44,194.43,199.63,212.96,226.24,213.33,203.32,194.31,227.6347,0,227.6105,0,212346,232423,-4.9505,-0.0113,-4.9392,63.93
2026-03-25,200.07,202.71,196.67,200.04,209.51,224.39,213.34,203.46,194.45,227.3317,0,223.6288,0,96479,229905,-5.6499,-1.1390,-4.5109,61.71
2026-03-26,197.92,202.10,195.07,195.46,206.58,222.18,213.27,203.55,194.59,225.5715,0,220.1250,0,115224,230475,-6.4989,-2.2110,-4.2879,57.79
2026-03-27,195.33,197.00,190.85,191.86,203.00,219.81,213.20,203.65,194.77,220.0579,0,217.0416,0,115788,229587,-7.3772,-3.2443,-4.1330,57.02
2026-03-30,193.50,193.50,187.64,188.00,199.87,217.45,212.93,203.71,194.90,215.8476,0,213.3748,0,179596,230006,-8.2892,-4.2532,-4.0359,55.76
2026-03-31,189.13,192.41,182.00,188.71,197.58,214.74,212.77,203.76,195.02,213.0778,0,209.2572,0,281820,232898,-8.8526,-5.1731,-3.6795,52.25
2026-04-01,189.65,192.75,188.92,190.27,196.28,212.01,212.71,203.83,195.15,213.0778,0,204.3509,0,155660,233330,-9.0687,-5.9522,-3.1164,52.55
2026-04-02,185.54,189.59,183.15,188.17,194.59,209.35,212.66,203.87,195.27,210.5538,0,200.3277,0,116440,231559,-9.3021,-6.6222,-2.6799,49.48
2026-04-06,186.94,190.32,185.51,190.28,193.58,207.02,212.68,203.91,195.38,210.5538,0,197.0287,0,235053,233086,-9.2107,-7.1399,-2.0708,51.83
2026-04-07,189.26,196.79,189.26,194.60,192.70,204.72,212.79,203.98,195.52,210.5538,0,182.0000,1,218847,234978,-8.6895,-7.4498,-1.2397,61.17
2026-04-08,204.50,206.48,199.33,199.34,192.67,202.82,212.98,204.07,195.67,210.5538,0,182.2958,1,338838,237899,-7.8040,-7.5207,-0.2834,60.58
2026-04-09,198.77,205.61,198.67,201.87,192.86,201.18,213.23,204.17,195.84,210.5538,0,183.2632,1,154087,236847,-6.8195,-7.3804,0.5609,59.32
2026-04-10,201.67,203.80,193.40,195.24,192.83,199.71,213.35,204.19,195.96,210.5538,0,184.1918,1,285226,238642,-6.4993,-7.2042,0.7049,58.29
2026-04-13,194.66,196.55,187.81,192.99,192.95,197.97,213.42,204.17,196.08,210.5538,0,185.0834,1,261810,241042,-6.3539,-7.0342,0.6802,55.37
2026-04-14,192.73,200.06,191.14,196.60,193.81,196.84,213.56,204.20,196.20,210.5538,0,185.9392,1,193395,242520,-5.8796,-6.8032,0.9237,61.13
2026-04-15,198.32,200.86,191.61,193.56,194.29,195.94,213.67,204.18,196.30,210.5538,0,186.7609,1,243673,243050,-5.6835,-6.5793,0.8958,51.38
2026-04-16,195.47,199.07,191.48,192.00,194.47,195.37,213.66,204.18,196.38,210.5538,0,187.5496,1,138202,240309,-5.5895,-6.3813,0.7918,48.65
2026-04-17,193.54,200.43,193.18,196.64,195.31,194.95,213.78,204.20,196.47,210.5538,0,188.3068,1,195126,240944,-5.0820,-6.1215,1.0394,48.02
2026-04-20,196.00,197.01,190.60,191.26,195.41,194.50,213.68,204.19,196.57,210.5538,0,189.0338,1,257302,241722,-5.0557,-5.9083,0.8526,43.70
2026-04-21,192.10,192.75,185.29,185.47,194.50,193.60,213.37,204.18,196.64,210.5538,0,206.4800,0,388281,244230,-5.4393,-5.8145,0.3752,40.20
2026-04-22,185.76,191.37,184.53,191.22,193.69,193.18,213.33,204.24,196.73,210.5538,0,206.0562,0,239637,243928,-5.2192,-5.6955,0.4762,43.00
2026-04-23,190.92,192.70,186.26,188.33,192.33,192.59,213.24,204.27,196.81,210.5538,0,205.1951,0,178688,241998,-5.2178,-5.5999,0.3821,41.67
2026-04-24,179.01,181.64,170.69,180.81,190.89,191.86,212.33,204.21,196.86,202.5809,0,204.3685,0,479815,236235,-5.7572,-5.6314,-0.1258,36.84
2026-04-27,181.37,186.31,180.79,185.53,190.14,191.54,211.39,204.18,196.91,202.5809,0,202.3478,0,285067,230489,-5.7376,-5.6526,-0.0850,39.83
2026-04-28,187.18,188.04,177.20,177.50,188.23,191.02,210.32,204.07,196.92,202.5809,0,200.4484,0,206468,229049,-6.2974,-5.7816,-0.5159,33.92
2026-04-29,175.93,181.52,175.93,180.10,186.89,190.59,209.24,203.98,196.94,202.5809,0,198.6629,0,379633,230812,-6.4569,-5.9166,-0.5402,36.53
2026-04-30,183.61,183.73,168.11,177.12,185.40,189.93,208.14,203.85,196.96,202.5809,0,196.9845,0,586586,238922,-6.7460,-6.0825,-0.6635,31.76
2026-05-01,179.11,188.02,178.53,183.27,184.06,189.69,207.25,203.76,197.01,202.5809,0,194.6745,0,609886,246627,-6.4050,-6.1470,-0.2580,34.24
2026-05-04,180.93,186.59,177.41,185.35,183.47,189.44,206.36,203.65,197.06,202.5809,0,192.5494,0,285031,247662,-5.8989,-6.0974,0.1985,39.02
2026-05-05,184.67,188.68,181.86,186.91,183.61,189.06,205.42,203.55,197.12,202.5809,0,190.5942,0,332046,250699,-5.3107,-5.9400,0.6293,35.89
2026-05-06,188.32,196.55,187.45,194.51,183.94,188.81,204.56,203.50,197.22,202.5809,0,168.1100,1,398298,254851,-4.1831,-5.5887,1.4056,40.79
2026-05-07,194.71,197.85,191.06,194.13,184.52,188.43,203.70,203.45,197.41,202.5809,0,168.6788,1,288458,257159,-3.2823,-5.1274,1.8451,43.63
2026-05-08,196.11,198.43,188.88,190.38,185.48,188.18,202.71,203.36,197.57,202.5809,0,169.8456,1,236243,256131,-2.8383,-4.6696,1.8313,39.69
2026-05-11,190.30,192.04,187.34,191.68,186.10,188.12,201.76,203.29,197.78,202.5809,0,171.5607,1,184415,256895,-2.3543,-4.2065,1.8522,32.25
2026-05-12,191.68,197.93,189.25,195.88,187.93,188.08,200.97,203.26,198.00,202.5809,0,173.1729,1,252724,258492,-1.6133,-3.6879,2.0746,35.31
2026-05-13,195.23,199.20,194.12,195.86,189.51,188.20,200.03,203.20,198.19,202.5809,0,174.6883,1,219422,256823,-1.0160,-3.1535,2.1375,36.85
2026-05-14,197.06,200.89,195.88,198.55,191.65,188.53,199.11,203.19,198.41,202.5809,0,176.6492,1,300803,257277,-0.3218,-2.5872,2.2654,37.15
2026-05-15,198.89,200.66,194.80,196.66,192.99,188.53,198.21,203.20,198.59,202.5809,0,179.0733,1,326023,259218,0.0750,-2.0547,2.1297,38.15
2026-05-18,196.89,199.08,192.33,192.45,193.70,188.59,197.32,203.22,198.74,202.5809,0,181.2550,1,212157,259614,0.0492,-1.6339,1.6831,34.78
2026-05-19,190.99,193.47,182.00,191.40,194.15,188.88,196.34,203.23,198.91,202.5809,0,200.8900,0,417769,262699,-0.0554,-1.3182,1.2628,35.07
2026-05-20,190.79,191.65,183.77,187.41,193.44,188.69,195.34,203.17,199.04,202.5809,0,200.5122,0,337394,264692,-0.4550,-1.1456,0.6906,25.34
2026-05-21,182.93,184.09,177.75,178.00,191.83,188.18,194.21,203.03,199.13,202.5809,0,200.1420,0,263404,265213,-1.5135,-1.2192,-0.2943,18.03
2026-05-22,178.08,182.01,173.75,173.78,190.17,187.82,193.19,202.86,199.20,202.3040,0,199.2463,0,174718,263800,-2.6622,-1.5078,-1.1545,15.63
2026-05-26,171.91,179.01,171.59,176.38,188.64,187.37,192.16,202.70,199.27,199.5076,0,197.7165,0,214778,262343,-3.3245,-1.8711,-1.4534,17.95
2026-05-27,177.35,182.69,176.59,181.06,187.16,187.54,191.40,202.56,199.34,199.5076,0,195.6264,0,273002,263971,-3.4321,-2.1833,-1.2488,21.12
2026-05-28,179.19,180.36,172.39,173.20,184.89,187.20,190.63,202.37,199.38,199.5076,0,193.7035,0,194278,262901,-4.1044,-2.5675,-1.5368,15.73
2026-05-29,171.13,179.56,171.13,175.32,182.57,187.11,190.07,202.17,199.40,199.3956,0,191.9344,0,249112,262865,-4.4151,-2.9371,-1.4781,15.02
2026-06-01,172.96,175.09,166.00,170.09,179.91,186.45,189.37,201.92,199.39,194.9865,0,189.8540,0,298202,264386,-5.0255,-3.3547,-1.6708,11.97
2026-06-02,170.30,170.85,162.55,163.60,177.02,185.36,188.64,201.61,199.35,191.1874,0,186.9915,0,235142,261231,-5.9642,-3.8766,-2.0876,10.24
2026-06-03,160.00,166.37,159.11,164.84,174.37,184.26,187.87,201.27,199.31,186.9566,0,183.5697,0,405160,264951,-6.5327,-4.4079,-2.1249,11.82
2026-06-04,166.62,169.09,157.71,161.37,171.76,182.60,187.10,200.98,199.26,186.9566,0,179.6561,0,292515,266554,-7.1805,-4.9624,-2.2181,9.79
2026-06-05,163.44,166.09,161.46,162.06,170.17,181.00,186.34,200.67,199.18,186.9566,0,175.7058,0,166792,267961,-7.5512,-5.4802,-2.0710,12.07
2026-06-08,161.58,163.10,157.58,163.01,169.09,179.63,185.69,200.36,199.09,183.6897,0,172.4666,0,258012,270816,-7.6798,-5.9201,-1.7597,12.84
2026-06-09,164.40,167.60,161.79,166.36,168.09,178.36,185.18,200.09,199.03,183.6897,0,169.4893,0,207235,272645,-7.4257,-6.2212,-1.2045,13.20
2026-06-10,164.07,168.90,161.75,164.77,166.46,176.81,184.72,199.85,198.96,183.6897,0,157.5800,1,149397,272041,-7.2689,-6.4308,-0.8382,13.20
2026-06-11,165.19,175.74,165.19,173.17,166.46,175.67,184.41,199.62,198.92,183.6897,0,157.8064,1,290527,272216,-6.3932,-6.4232,0.0301,16.83
2026-06-12,173.69,179.02,172.87,174.66,166.39,174.48,184.09,199.39,198.90,183.6897,0,158.5237,1,231652,273735,-5.5153,-6.2416,0.7264,18.59
2026-06-15,178.40,179.99,174.89,179.11,167.29,173.60,183.91,199.23,198.88,183.6897,0,159.7535,1,267340,276753,-4.4097,-5.8753,1.4656,20.86
2026-06-16,180.57,184.79,180.12,183.56,169.29,173.16,183.78,199.08,198.88,183.6897,0,161.3724,1,261958,277292,-3.1382,-5.3278,2.1896,22.55
2026-06-17,182.25,184.86,177.98,178.50,170.66,172.51,183.46,198.97,198.85,183.6897,0,163.7142,1,215217,277219,-2.5099,-4.7643,2.2543,21.52
2026-06-18,179.57,181.11,171.45,172.57,171.78,171.77,182.92,198.80,198.78,183.6897,0,166.2517,1,449355,279429,-2.4621,-4.3038,1.8417,18.37
2026-06-22,173.92,178.99,171.75,178.75,173.45,171.81,182.46,198.66,198.74,183.6897,0,168.4847,1,234198,281031,-1.9036,-3.8238,1.9202,22.70
2026-06-23,178.99,182.00,177.64,180.88,175.23,172.16,182.17,198.55,198.69,183.6897,0,170.4497,1,150402,278335,-1.2744,-3.3139,2.0395,23.91
2026-06-24,180.08,185.25,178.26,182.96,176.89,172.49,181.97,198.49,198.62,183.6897,0,171.7500,1,202500,277149,-0.6010,-2.7713,2.1703,24.72
2026-06-25,184.23,186.52,182.80,183.94,178.81,172.64,181.72,198.43,198.58,164.2646,1,173.6400,1,125613,275793,0.0116,-2.2148,2.2263,25.12
2026-06-26,184.39,189.00,181.40,189.00,180.39,173.43,181.63,198.41,198.54,164.5641,1,175.7008,1,296579,276851,0.8951,-1.5928,2.4879,27.42
2026-06-29,188.07,188.64,185.03,187.17,181.64,174.02,181.53,198.36,198.52,167.0717,1,178.0947,1,209443,278276,1.4311,-0.9880,2.4191,26.69
2026-06-30,187.17,187.80,183.50,187.08,182.44,174.87,181.34,198.36,198.49,167.0717,1,180.0576,1,232110,279016,1.8275,-0.4249,2.2524,26.47
2026-07-01,187.68,192.00,187.08,191.20,183.21,176.25,181.34,198.36,198.48,170.8947,1,181.6672,1,203877,277947,2.4460,0.1493,2.2967,30.42
2026-07-02,192.01,208.52,191.63,203.72,185.73,178.19,181.70,198.28,198.56,178.0983,1,183.5000,1,429258,278767,3.9014,0.8997,3.0017,39.37
2026-07-06,206.67,207.53,203.93,206.19,189.09,180.43,182.00,198.20,198.68,184.8079,1,187.0800,1,239943,278773,5.1942,1.7586,3.4356,40.21
2026-07-07,208.36,210.41,206.77,208.82,192.10,182.77,182.41,198.14,198.81,188.4941,1,191.3680,1,165490,278509,6.3578,2.6784,3.6793,43.03
2026-07-08,206.01,206.78,202.34,206.26,194.63,184.93,182.92,198.07,198.89,188.4941,1,195.1764,1,159645,272106,6.9927,3.5413,3.4514,47.36
2026-07-09,205.06,209.42,204.28,206.77,197.02,186.95,183.35,198.02,198.97,188.4941,1,198.2231,1,166884,269742,7.4511,4.3233,3.1279,47.31
2026-07-10,207.81,208.88,201.26,204.25,199.05,188.93,183.88,197.95,199.02,188.4941,1,200.6605,1,179556,269204,7.5244,4.9635,2.5609,49.58
2026-07-13,204.09,205.94,194.08,194.81,199.63,190.01,184.18,197.84,199.03,188.4941,1,210.4100,0,223038,266072,6.7430,5.3194,1.4236,38.19
2026-07-14,185.00,189.15,179.91,183.69,199.28,190.46,184.31,197.65,198.96,208.3198,0,210.0834,0,551162,265363,5.1668,5.2889,-0.1220,30.35
2026-07-15,182.21,193.87,182.20,192.34,199.81,191.12,184.49,197.53,198.94,208.3198,0,208.8765,0,298262,259131,4.5631,5.1437,-0.5806,36.54
2026-07-16,192.00,200.99,192.00,199.20,200.61,191.91,184.77,197.48,198.93,208.3198,0,207.7178,0,237905,258188,4.5854,5.0321,-0.4467,40.15
2026-07-17,197.65,199.52,194.72,194.91,199.72,192.73,184.93,197.43,198.90,208.3198,0,206.6055,0,241747,256382,4.2083,4.8673,-0.6590,39.22
2026-07-20,196.09,198.13,193.58,194.38,198.54,193.82,184.92,197.41,198.85,208.3198,0,205.5377,0,155971,251536,3.8227,4.6584,-0.8357,40.76
2026-07-21,193.69,197.78,191.59,196.49,197.31,194.70,184.97,197.41,198.83,208.3198,0,204.5126,0,178079,249328,3.6453,4.4558,-0.8105,40.90
2026-07-22,195.65,198.56,191.26,195.35,196.22,195.43,185.07,197.38,198.79,208.3198,0,203.5285,0,174428,248092,3.3738,4.2394,-0.8655,40.14
2026-07-23,194.48,200.09,191.76,199.02,195.44,196.23,185.22,197.39,198.77,208.3198,0,202.5837,0,353161,251467,3.4155,4.0746,-0.6591,47.13
2026-07-24,235.01,246.82,229.37,233.20,198.34,198.69,185.96,197.63,198.94,203.2838,1,179.9100,1,1081908,268050,6.1358,4.4868,1.6489,71.74
2026-07-27,238.48,248.82,234.23,243.36,203.19,201.41,186.91,197.95,199.13,205.5089,1,181.2482,1,539943,274461,9.0076,5.3910,3.6166,79.90
2026-07-28,246.54,262.68,246.10,262.63,211.09,205.18,188.19,198.41,199.44,216.1795,1,183.9511,1,480981,278064,12.6922,6.8512,5.8410,85.47
2026-07-29,257.91,261.18,254.98,257.62,217.62,208.71,189.41,198.82,199.75,221.3956,1,188.6748,1,330887,278162,15.0347,8.4879,6.5468,85.90
2026-07-30,255.79,256.00,247.54,252.73,222.97,211.79,190.62,199.17,200.07,221.3956,1,193.1151,1,309948,280118,16.3085,10.0520,6.2565,82.36
2026-07-31,251.15,255.94,249.65,254.78,228.96,214.34,191.89,199.54,200.39,221.3956,1,197.2890,1,279876,277360,17.2843,11.4985,5.7858,81.86
2026-08-03,257.43,260.83,248.65,249.99,234.52,216.53,193.14,199.89,200.66,221.3956,1,201.2125,1,289988,276412,17.4696,12.6927,4.7769,80.22
2026-08-04,248.19,254.89,244.44,253.33,240.20,218.76,194.64,200.24,200.93,221.3956,1,204.9005,1,275775,276659,17.6822,13.6906,3.9916,79.05
2026-08-05,256.12,263.60,250.66,261.74,246.84,221.53,196.40,200.65,201.24,222.4453,1,208.3673,1,288228,278929,18.3182,14.6161,3.7020,81.97
2026-08-06,264.15,265.32,256.24,256.64,252.60,224.02,198.01,201.02,201.53,226.8398,1,212.7859,1,186218,278358,18.2008,15.3331,2.8677,77.11
2026-08-07,256.49,263.14,255.70,262.13,255.50,226.92,199.63,201.44,201.83,226.8398,1,218.0393,1,164146,276181,18.3394,15.9343,2.4051,78.17
2026-08-10,261.30,264.26,259.15,259.93,257.15,230.17,201.37,201.84,202.12,230.6716,1,222.7674,1,231104,276917,18.0635,16.3602,1.7033,76.78
2026-08-11,259.14,263.55,257.32,259.45,256.83,233.96,203.05,202.19,202.39,230.6716,1,227.0226,1,150585,274947,17.6032,16.6088,0.9944,74.84
2026-08-12,258.21,269.31,256.29,266.79,257.75,237.68,204.98,202.58,202.69,232.0749,1,230.8524,1,171253,272408,17.6274,16.8125,0.8149,77.91
2026-08-13,268.11,270.57,264.65,267.05,259.18,241.08,207.05,203.02,202.97,238.1814,1,235.4673,1,207792,271861,17.4663,16.9433,0.5231,78.10
2026-08-14,266.64,268.25,266.24,267.90,260.50,244.73,209.11,203.45,203.23,240.1562,1,240.3817,1,141987,266597,17.2088,16.9964,0.2125,78.57
2026-08-17,265.64,268.13,264.29,264.56,261.95,248.23,211.18,203.87,203.53,240.6781,1,244.6080,1,170773,264163,16.5446,16.9060,-0.3614,73.57
2026-08-18,267.00,271.92,267.00,270.21,263.64,251.92,213.34,204.34,203.83,244.2733,1,248.2427,1,171881,264264,16.2863,16.7821,-0.4958,79.78
2026-08-19,270.91,277.76,268.51,268.52,264.32,255.58,215.45,204.80,204.13,247.6920,1,252.0311,1,189065,262885,15.7635,16.5784,-0.8148,81.06
2026-08-20,268.00,276.00,266.14,272.60,265.91,259.26,217.57,205.32,204.46,247.6920,1,256.6623,1,168085,262102,15.4998,16.3626,-0.8629,84.42
2026-08-21,274.68,280.89,274.07,280.77,267.78,261.64,219.89,205.85,204.86,251.7220,1,260.4599,1,229894,263712,15.7682,16.2438,-0.4755,85.26
2026-08-24,279.75,283.05,276.94,278.59,269.64,263.40,222.00,206.39,205.22,254.9797,1,264.5459,1,209611,262094,15.6250,16.1200,-0.4950,84.97
2026-08-25,277.66,277.66,270.86,271.88,270.89,263.86,223.95,206.92,205.53,254.9797,1,268.2467,1,270412,262869,14.7994,15.8559,-1.0565,84.12
2026-08-26,272.37,278.16,272.06,274.19,271.63,264.69,225.85,207.47,205.88,254.9797,1,270.8600,1,140742,260337,14.1682,15.5184,-1.3501,84.97
2026-08-27,270.35,273.13,264.22,267.75,271.70,265.44,227.53,208.00,206.19,254.9797,1,283.0500,0,316266,261423,12.9985,15.0144,-2.0159,84.11
2026-08-28,272.81,272.81,264.09,266.80,271.59,266.04,229.30,208.52,206.55,254.9797,1,282.6734,0,138576,259891,11.8581,14.3831,-2.5250,86.75
2026-08-31,265.71,269.53,262.44,265.91,271.72,266.84,231.16,209.02,206.89,254.9797,1,281.9301,0,220785,255319,10.7585,13.6582,-2.8997,86.57
2026-09-01,267.15,273.58,262.79,265.84,271.28,267.46,232.91,209.53,207.22,254.9797,1,280.7606,0,216925,254974,9.7689,12.8803,-3.1115,88.83
2026-09-02,267.16,267.82,253.51,258.53,270.29,267.30,234.46,209.99,207.53,254.9797,1,279.6614,0,270629,257378,8.2990,11.9641,-3.6651,85.88
2026-09-03,261.79,264.93,256.25,263.49,269.37,267.64,236.07,210.49,207.88,254.9797,1,277.5693,0,229315,257915,7.4485,11.0610,-3.6125,86.18
2026-09-04,261.04,266.00,261.01,265.05,267.80,267.79,237.69,210.99,208.25,254.9797,1,275.6446,0,147765,258358,6.8217,10.2131,-3.3914,85.71
2026-09-08,261.07,266.75,258.18,259.06,265.85,267.75,239.09,211.47,208.58,254.9797,1,273.8738,0,207041,256567,5.7751,9.3255,-3.5504,84.55
2026-09-09,258.61,270.29,256.46,269.08,265.57,268.23,240.73,211.97,208.95,254.9797,1,272.2447,0,194545,256269,5.6886,8.5981,-2.9096,87.39
2026-09-10,267.99,270.61,262.86,263.46,264.50,268.06,242.26,212.46,209.34,254.9797,1,270.7459,0,165769,254942,5.1076,7.9000,-2.7924,87.02
2026-09-11,266.29,267.66,260.30,263.69,264.09,267.89,243.71,212.91,209.69,254.9797,1,270.6100,0,155076,253966,4.6126,7.2425,-2.6299,85.71
2026-09-14,267.50,270.25,262.01,264.51,263.86,267.72,244.92,213.33,209.94,254.9797,1,270.6100,0,165610,248693,4.2376,6.6416,-2.4039,84.77
2026-09-15,262.90,263.77,256.71,260.85,263.36,267.54,246.02,213.78,210.16,254.9797,1,270.2500,0,135303,246600,3.6036,6.0340,-2.4304,85.07
2026-09-16,261.00,267.78,260.77,265.78,263.35,267.32,247.16,214.27,210.40,254.9797,1,270.2500,0,167176,246634,3.4591,5.5190,-2.0599,87.83
2026-09-17,264.60,265.92,260.16,261.90,263.69,266.99,248.27,214.51,210.62,254.9797,1,268.9108,0,185006,247141,2.9969,5.0146,-2.0177,85.51
2026-09-18,263.49,265.83,258.55,261.99,263.54,266.46,249.37,214.70,210.86,254.9797,1,267.7800,0,834176,260487,2.6078,4.5332,-1.9254,85.37
2026-09-21,261.93,263.58,258.02,260.97,263.13,265.47,250.51,214.90,211.09,254.9797,1,266.6384,0,175059,260397,2.1919,4.0649,-1.8731,84.35
2026-09-22,263.06,265.20,261.30,262.06,263.43,264.64,251.85,215.09,211.34,254.9797,1,265.8300,0,204905,260034,1.9280,3.6375,-1.7096,84.82
2026-09-23,262.55,263.97,255.41,256.44,262.16,263.87,253.31,215.25,211.56,254.9797,1,265.2000,0,161968,252251,1.2509,3.1602,-1.9093,83.44
2026-09-24,258.55,259.51,249.38,249.54,260.77,262.63,254.45,215.40,211.76,278.0451,0,265.2000,0,143685,249159,0.1558,2.5593,-2.4035,81.84
2026-09-25,248.89,260.97,248.86,259.67,260.37,262.23,255.66,215.59,212.03,278.0451,0,263.9700,0,136847,247138,0.1041,2.0683,-1.9642,85.95
