symbol,longName,sector,industry,country,marketCap,currentPrice,averageVolume10days,averageVolume3months,averageDollarVolume,revenueGrowth,earningsGrowth,earningsQuarterlyGrowth,grossMargins,operatingMargins,profitMargins,returnOnEquity,returnOnAssets,totalCash,totalDebt,debtToEquity,currentRatio,quickRatio,operatingCashflow,freeCashflow,sharesOutstanding,floatShares,heldPercentInsiders,heldPercentInstitutions,sharesShort,shortRatio,shortPercentOfFloat,trailingPE,forwardPE,priceToSalesTrailing12Months,priceToBook,enterpriseToRevenue,enterpriseToEbitda,targetMeanPrice,targetHighPrice,targetLowPrice,recommendationMean,recommendationKey,numberOfAnalystOpinions,epsRevisionUpLast7Days,epsRevisionUpLast30Days,epsRevisionDownLast7Days,epsRevisionDownLast30Days,nextEarningsDate,beta,website,retrievedAt
UNP,Union Pacific Corporation,Industrials,Railroads,United States,165354979328,278.34,2205210,2660606,740553074.04,0.115,0.066,0.062,0.56285,0.40982,0.28847,0.39696,0.09274,2114000000,31168999424,150.772,0.986,0.756,10263000064,4720750080,594075498,592703184,0.00071000005,0.91365,27430602,12.14,0.0514,22.555916,19.565199,6.5074763,7.996897,7.648,15.083,328.16666,375.0,245.0,1.72,buy,24,1,2,1,1,2026-10-22,0.954,https://www.up.com,2026-10-10T21:45:43.213404+01:00
Date,Open,High,Low,Close,Ma10:Top:Line,Ma20:Top:Line,Ma50:Top:Line,Ma150:Top:Line,Ma200:Top:Line,Supertrend:Top:ColorLine,Supertrend_Dir,ParabolicSAR:Top:ColorLine,ParabolicSAR_Dir,Volume:Middle:Histogram,Vo50:Middle:Line,Macd:Bottom:Line,MacdSignal:Bottom:Line,MacdDelta:Bottom:Histogram,RsRating:Hidden:Hidden
2023-08-03,213.66,215.65,212.69,213.93,,,,,,,0,212.6879,1,440032,,,,,0
2023-08-04,214.52,216.66,212.40,212.67,,,,,,,0,216.6615,0,725880,,,,,0
2023-08-07,214.33,215.74,212.73,213.76,,,,,,,0,216.6615,0,507936,,,,,0
2023-08-08,214.33,214.38,210.66,212.76,,,,,,,0,216.6615,0,574707,,,,,0
2023-08-09,211.48,213.86,211.02,213.34,,,,,,,0,216.4214,0,587453,,,,,0
2023-08-10,214.01,215.28,213.59,214.32,,,,,,,0,216.1909,0,630492,,,,,0
2023-08-11,213.80,214.96,213.37,213.56,,,,,,,0,215.9696,0,538429,,,,,0
2023-08-14,212.80,214.03,212.41,213.85,,,,,,,0,215.7572,0,386547,,,,,0
2023-08-15,212.96,213.22,209.81,209.89,,,,,,,0,215.5533,0,484054,,,,,0
2023-08-16,209.71,210.46,208.14,209.03,212.71,,,,,217.8127,0,215.2088,0,487246,,,,,0
2023-08-17,209.65,210.94,208.52,208.81,212.20,,,,,217.8127,0,214.6431,0,465678,,,,,0
2023-08-18,207.76,210.03,207.66,209.63,211.89,,,,,217.1017,0,214.1227,0,373954,,,,,0
2023-08-21,209.61,210.12,207.90,208.43,211.36,,,,,217.1017,0,213.4766,0,448074,,,,,0
2023-08-22,208.70,209.01,206.19,206.97,210.78,,,,,215.7370,0,212.8952,0,363907,,,,,0
2023-08-23,207.36,208.15,206.01,207.64,210.21,,,,,215.0398,0,212.0909,0,452173,,,,,0
2023-08-24,207.79,208.68,207.04,207.08,209.49,,,,,215.0398,0,211.2390,0,386940,,,,,0
2023-08-25,207.74,209.83,206.85,208.62,208.99,,,,,215.0398,0,210.5064,0,360907,,,,,0
2023-08-28,208.37,211.48,208.33,208.96,208.50,,,,,215.0398,0,206.0062,1,388746,,,,,0
2023-08-29,208.85,209.61,207.52,207.93,208.31,,,,,215.0398,0,206.1156,1,527788,,,,,0
2023-08-30,208.56,209.78,207.47,208.63,208.27,210.49,,,,215.0398,0,206.2229,1,599730,,,,,0
2023-08-31,208.64,209.51,206.43,206.46,208.04,210.12,,,,215.0398,0,206.3280,1,531640,,,,,0
2023-09-01,207.46,208.18,205.66,206.89,207.76,209.83,,,,214.7359,0,211.4781,0,509187,,,,,0
2023-09-05,205.43,205.76,201.42,201.91,207.11,209.24,,,,212.2691,0,211.3617,0,578038,,,,,0
2023-09-06,202.03,202.36,198.16,199.22,206.34,208.56,,,,209.3343,0,210.9639,0,499044,,,,,0
2023-09-07,198.83,200.05,196.48,197.10,205.28,207.75,,,,207.5013,0,210.1957,0,606884,,,,,0
2023-09-08,196.87,198.60,195.67,198.25,204.40,206.94,,,,206.3285,0,209.0980,0,675261,,,,,0
2023-09-11,198.92,199.20,196.62,198.08,203.34,206.17,,,,206.3285,0,207.7553,0,411349,,,,,0
2023-09-12,197.54,201.16,193.63,200.19,202.47,205.49,,,,206.3285,0,206.5468,0,604867,,,,,0
2023-09-13,200.22,200.32,197.30,198.56,201.53,204.92,,,,206.3285,0,204.9967,0,619356,,,,,0
2023-09-14,200.44,202.71,198.20,201.90,200.86,204.56,,,,206.3285,0,203.6327,0,603680,,,,,0
2023-09-15,199.43,200.51,198.62,199.68,200.18,204.11,,,,206.3285,0,202.7094,0,900808,,,,,0
2023-09-18,200.48,200.72,198.32,199.52,199.44,203.60,,,,206.3285,0,202.7094,0,470379,,,,,0
2023-09-19,199.05,199.85,196.48,198.23,199.07,203.09,,,,206.3285,0,201.6198,0,456576,,,,,0
2023-09-20,199.49,201.16,199.28,199.36,199.09,202.71,,,,206.3285,0,193.6298,1,450836,,-3.7439,-4.2943,0.5504,0
2023-09-21,198.50,199.65,197.37,197.88,199.16,202.22,,,,206.3285,0,193.7803,1,501081,,-3.6803,-4.1715,0.4912,0
2023-09-22,197.23,199.41,195.40,195.86,198.92,201.66,,,,206.3285,0,193.9278,1,505628,,-3.7498,-4.0872,0.3373,0
2023-09-25,194.65,196.11,193.88,195.15,198.63,200.99,,,,204.6221,0,201.1556,0,297584,,-3.8183,-4.0334,0.2151,0
2023-09-26,194.10,194.92,191.53,191.74,197.79,200.13,,,,202.9744,0,201.0101,0,407673,,-4.1002,-4.0468,-0.0535,0
2023-09-27,192.09,192.40,188.58,189.46,196.88,199.20,,,,200.4103,0,200.6310,0,558786,,-4.4566,-4.1287,-0.3279,0
2023-09-28,189.48,191.72,188.70,191.06,195.79,198.32,,,,200.0444,0,199.9077,0,431203,,-4.5573,-4.2144,-0.3429,0
2023-09-29,192.71,192.71,190.33,190.61,194.88,197.53,,,,200.0444,0,199.2277,0,457496,,-4.6201,-4.2956,-0.3246,0
2023-10-02,188.98,190.10,187.33,189.68,193.90,196.67,,,,198.3099,0,198.5886,0,382584,,-4.6906,-4.3746,-0.3160,0
2023-10-03,189.02,192.02,188.71,190.75,193.15,196.11,,,,198.3099,0,197.6879,0,425391,,-4.6073,-4.4211,-0.1861,0
2023-10-04,190.48,191.89,188.47,189.33,192.15,195.62,,,,198.3099,0,196.8593,0,386720,,-4.6022,-4.4574,-0.1449,0
2023-10-05,189.24,189.47,186.75,187.81,191.14,195.15,,,,197.6509,0,196.0970,0,408744,,-4.6675,-4.4994,-0.1681,0
2023-10-06,187.05,191.15,186.58,189.51,190.51,194.72,,,,197.6509,0,195.1622,0,356431,,-4.5296,-4.5054,-0.0242,0
2023-10-09,188.58,191.57,187.94,191.23,190.12,194.37,,,,197.6509,0,194.1325,0,318238,,-4.2325,-4.4508,0.2183,0
2023-10-10,191.91,193.80,191.12,193.15,190.26,194.02,,,,197.6509,0,186.5814,1,407108,,-3.7985,-4.3204,0.5219,0
2023-10-11,193.99,196.51,193.76,196.08,190.92,193.90,,,,197.6509,0,186.7257,1,597248,,-3.1814,-4.0926,0.9112,0
2023-10-12,196.57,196.67,192.65,194.69,191.28,193.54,201.78,,,197.6509,0,187.1172,1,385031,489510,-2.7729,-3.8286,1.0557,0
2023-10-13,195.53,196.98,193.78,194.46,191.67,193.28,201.39,,,197.6509,0,187.6905,1,389448,488499,-2.4392,-3.5508,1.1115,0
2023-10-16,195.83,199.67,195.38,197.35,192.44,193.17,201.09,,,197.6509,0,188.4337,1,497327,483928,-1.9200,-3.2246,1.3046,0
2023-10-17,196.48,199.73,196.17,197.82,193.14,193.15,200.77,,,187.3400,1,189.5571,1,524102,484251,-1.4532,-2.8703,1.4171,0
2023-10-18,196.70,196.94,192.33,192.75,193.49,192.82,200.37,,,187.3400,1,190.7782,1,718084,487119,-1.4757,-2.5914,1.1157,0
2023-10-19,204.59,206.02,196.70,196.88,194.39,192.77,200.04,,,187.3400,1,191.8527,1,1268500,500740,-1.1472,-2.3026,1.1554,0
2023-10-20,198.90,201.21,196.58,197.82,195.22,192.87,199.71,,,187.3400,1,192.3287,1,1159348,511317,-0.8013,-2.0023,1.2010,0
2023-10-23,196.84,198.10,194.21,194.47,195.55,192.83,199.33,,,187.3400,1,206.0230,0,535294,511254,-0.7885,-1.7595,0.9711,0
2023-10-24,195.12,195.70,191.20,192.30,195.46,192.86,198.90,,,187.3400,1,205.7867,0,603480,515593,-0.9427,-1.5962,0.6535,0
2023-10-25,190.81,193.84,189.39,192.09,195.06,192.99,198.54,,,187.3400,1,205.2031,0,504287,515997,-1.0692,-1.4908,0.4216,0
2023-10-26,191.27,193.10,189.01,189.31,194.53,192.90,198.15,,,187.3400,1,204.2543,0,531143,516875,-1.3787,-1.4684,0.0897,0
2023-10-27,189.60,190.98,187.18,188.82,193.96,192.82,197.75,,,187.3400,1,203.0344,0,489695,517356,-1.6442,-1.5035,-0.1407,0
2023-10-30,190.24,193.80,189.46,192.64,193.49,192.96,197.41,,,187.3400,1,201.4490,0,458955,519056,-1.5289,-1.5086,-0.0203,0
2023-10-31,193.19,194.61,191.55,194.33,193.14,193.14,197.12,,,187.3400,1,200.0221,0,427220,518638,-1.2860,-1.4641,0.1781,0
2023-11-01,193.82,195.06,192.32,194.28,193.29,193.39,196.87,,,187.3400,1,198.7380,0,507318,521507,-1.0847,-1.3882,0.3035,0
2023-11-02,195.23,198.36,194.46,197.87,193.39,193.89,196.68,,,187.3400,1,187.1804,1,375555,519974,-0.6287,-1.2363,0.6076,0
2023-11-03,199.38,199.76,198.04,198.56,193.47,194.35,196.50,,,187.3400,1,187.4040,1,346790,519171,-0.2090,-1.0308,0.8219,0
2023-11-06,198.44,199.55,195.96,199.47,193.97,194.76,196.32,,,187.3400,1,187.8982,1,329708,518547,0.1946,-0.7857,0.9804,0
2023-11-07,199.12,199.26,197.41,197.89,194.53,194.99,196.10,,,187.3400,1,188.3727,1,491359,520600,0.3825,-0.5521,0.9346,0
2023-11-08,198.53,199.35,197.53,198.44,195.16,195.11,195.91,,,187.8087,1,188.8283,1,526417,520572,0.5693,-0.3278,0.8972,0
2023-11-09,199.19,199.24,196.11,196.78,195.91,195.22,195.67,,,187.8087,1,189.2656,1,314588,514869,0.5771,-0.1468,0.7239,0
2023-11-10,197.72,198.37,195.16,197.96,196.82,195.39,195.50,,,187.8087,1,189.6854,1,565440,515545,0.6707,0.0167,0.6540,0
2023-11-13,197.61,197.61,194.83,196.01,197.16,195.33,195.29,,,187.8087,1,190.0884,1,457560,514513,0.5803,0.1294,0.4509,0
2023-11-14,198.89,203.40,198.88,201.90,197.92,195.53,195.29,,,189.6389,1,190.4753,1,563037,514213,0.9725,0.2980,0.6745,0
2023-11-15,202.52,206.30,202.01,204.13,198.90,196.10,195.38,,,192.4806,1,191.2509,1,590931,516051,1.4472,0.5279,0.9194,0
2023-11-16,204.39,205.66,202.92,205.33,199.65,196.52,195.55,,,192.9639,1,192.4551,1,315484,510223,1.8982,0.8019,1.0963,0
2023-11-17,206.67,207.14,203.90,205.19,200.31,196.89,195.69,,,194.3512,1,193.5630,1,438990,505497,2.2187,1.0853,1.1334,0
2023-11-20,204.99,207.50,203.05,206.96,201.06,197.51,195.86,,,194.3512,1,194.9204,1,563363,508537,2.5857,1.3854,1.2003,0
2023-11-21,206.96,208.74,205.09,207.80,202.05,198.29,196.02,,,195.5694,1,196.4302,1,537751,507195,2.9109,1.6905,1.2204,0
2023-11-22,208.49,209.94,207.91,209.20,203.13,199.14,196.23,,,198.0759,1,198.1532,1,383554,502479,3.2438,2.0011,1.2427,0
2023-11-24,209.04,210.60,208.86,209.94,204.44,200.18,196.39,,,199.4435,1,200.0384,1,234507,495096,3.5267,2.3062,1.2204,0
2023-11-27,209.43,209.76,205.34,205.79,205.22,201.02,196.51,,,199.4435,1,201.9395,1,520869,487497,3.3773,2.5204,0.8568,0
2023-11-28,205.66,208.44,205.44,207.08,206.33,201.75,196.66,,,199.4435,1,203.4985,1,404320,486176,3.3248,2.6813,0.6435,0
2023-11-29,208.58,209.56,206.73,207.31,206.87,202.39,196.85,,,199.4435,1,204.7768,1,272164,482487,3.2637,2.7978,0.4659,0
2023-11-30,208.04,211.21,206.54,210.86,207.55,203.22,197.08,,,199.4435,1,205.4427,1,997969,493430,3.4624,2.9307,0.5317,0
2023-12-01,212.87,217.49,211.77,216.57,208.67,204.16,197.45,,,203.0578,1,206.5378,1,749407,498397,4.0341,3.1514,0.8827,0
2023-12-04,216.00,219.70,215.80,218.94,210.04,205.18,197.91,,,206.1685,1,206.5378,1,907976,506444,4.6250,3.4461,1.1789,0
2023-12-05,217.90,218.22,216.13,217.32,211.08,206.07,198.35,,,206.1685,1,209.1700,1,611164,512715,4.9060,3.7381,1.1679,0
2023-12-06,218.21,219.02,217.01,218.07,212.11,207.08,198.88,,,207.2741,1,211.2757,1,420488,512971,5.1300,4.0165,1.1135,0
2023-12-07,218.78,219.23,217.01,217.90,212.98,208.05,199.45,,,207.7806,1,212.9603,1,480365,511403,5.2336,4.2599,0.9737,0
2023-12-08,218.04,219.25,216.04,216.28,213.61,209.03,199.95,,,207.7806,1,214.3079,1,584719,514473,5.1259,4.4331,0.6928,0
2023-12-11,216.42,218.70,216.06,218.41,214.87,210.05,200.51,,,207.7806,1,215.3861,1,420021,513724,5.1528,4.5770,0.5758,0
2023-12-12,219.41,220.77,218.88,219.24,216.09,211.21,201.10,,,210.0898,1,216.0366,1,565389,517380,5.1812,4.6979,0.4834,0
2023-12-13,219.26,222.91,217.97,222.80,217.64,212.26,201.74,,,210.1927,1,216.0649,1,929411,527460,5.4283,4.8440,0.5844,0
2023-12-14,225.59,230.68,225.01,228.60,219.41,213.48,202.53,,,216.2587,1,217.4335,1,1181174,543349,6.0233,5.0798,0.9435,0
2023-12-15,223.69,228.60,223.46,227.77,220.53,214.60,203.33,,,216.2587,1,217.9663,1,1153882,558252,6.3548,5.3348,1.0200,0
2023-12-18,228.78,229.57,226.80,226.95,221.33,215.69,204.08,,,216.5783,1,220.5097,1,592527,562974,6.4760,5.5631,0.9129,0
2023-12-19,227.16,229.14,225.91,228.41,222.44,216.76,204.82,,,216.5783,1,222.5444,1,561541,567840,6.6135,5.7732,0.8404,0
2023-12-20,226.12,227.91,223.75,223.88,223.02,217.57,205.43,,,216.5783,1,230.6832,0,648066,572659,6.2848,5.8755,0.4093,0
2023-12-21,224.14,228.11,223.65,227.90,224.02,218.50,206.07,,,216.5783,1,230.5445,0,630237,573319,6.2762,5.9556,0.3206,0
2023-12-22,228.73,230.57,228.10,229.28,225.32,219.47,206.76,,,217.8776,1,223.6518,1,444485,574508,6.3083,6.0262,0.2821,0
2023-12-26,229.32,231.96,229.32,230.89,226.57,220.72,207.49,,,219.5225,1,223.6518,1,356676,573853,6.3900,6.0989,0.2911,0
2023-12-27,230.29,232.22,229.97,231.38,227.78,221.94,208.17,,,220.4112,1,223.9842,1,542257,574751,6.4202,6.1632,0.2570,0
2023-12-28,231.60,232.49,230.81,231.58,228.66,223.15,208.85,,,221.5293,1,224.4782,1,297315,570216,6.3865,6.2078,0.1787,0
2023-12-29,231.55,232.07,230.36,231.20,228.92,224.17,209.62,,,221.5970,1,225.1192,1,301793,561890,6.2573,6.2177,0.0395,0
2024-01-02,230.60,231.55,228.50,229.14,229.06,224.80,210.26,,,221.5970,1,225.7089,1,638322,549286,5.9203,6.1582,-0.2380,0
2024-01-03,228.55,229.64,226.83,227.51,229.12,225.22,210.85,,,221.5970,1,226.2515,1,422540,534550,5.4589,6.0184,-0.5595,0
2024-01-04,227.08,229.75,226.79,226.91,228.97,225.70,211.50,,,221.5970,1,226.7506,1,555740,534959,4.9871,5.8121,-0.8250,0
2024-01-05,227.70,227.79,224.41,225.83,229.16,226.09,212.17,,,221.5970,1,232.4905,0,555847,534006,4.4743,5.5445,-1.0703,0
2024-01-08,225.13,226.54,223.58,226.49,229.02,226.52,212.86,,,221.5970,1,232.3290,0,617864,536278,4.0748,5.2506,-1.1758,0
2024-01-09,225.24,225.24,222.19,223.47,228.44,226.88,213.55,,,221.5970,1,231.9789,0,487925,535413,3.4744,4.8954,-1.4209,0
2024-01-10,222.95,225.08,222.90,224.97,227.85,227.21,214.27,,,221.5970,1,231.3917,0,402333,533666,3.0838,4.5331,-1.4493,0
2024-01-11,224.45,224.45,221.02,222.50,226.96,227.37,214.87,,,221.5970,1,230.8398,0,524598,534979,2.5459,4.1356,-1.5897,0
2024-01-12,223.34,224.03,221.02,223.76,226.18,227.42,215.45,,,221.5970,1,230.0539,0,717575,540786,2.1953,3.7476,-1.5523,0
2024-01-16,223.84,224.26,221.48,222.34,225.29,227.11,216.01,,,221.5970,1,229.1501,0,609115,542822,1.7830,3.3546,-1.5717,0
2024-01-17,221.08,224.24,220.71,221.97,224.58,226.82,216.50,,,221.5970,1,228.3367,0,544980,546211,1.4095,2.9656,-1.5561,0
2024-01-18,221.73,224.75,221.27,224.02,224.23,226.67,217.01,,,221.5970,1,227.4210,0,553684,550349,1.2646,2.6254,-1.3608,0
2024-01-19,224.49,226.11,222.63,225.22,224.06,226.51,217.52,,,221.5970,1,226.6151,0,543645,554627,1.2328,2.3469,-1.1141,0
2024-01-22,228.51,229.68,226.96,228.84,224.36,226.76,218.14,,,221.5970,1,220.7055,1,730618,559412,1.4821,2.1739,-0.6918,0
2024-01-23,229.68,230.17,228.04,229.05,224.61,226.82,218.75,,,221.5970,1,220.8849,1,583578,560556,1.6771,2.0746,-0.3975,0
2024-01-24,229.45,231.01,228.10,228.10,225.08,226.76,219.38,,,221.5970,1,221.2565,1,689041,568045,1.7357,2.0068,-0.2711,0
2024-01-25,229.77,231.04,223.22,227.39,225.32,226.58,219.97,,,221.5970,1,221.8419,1,1003627,576808,1.7047,1.9464,-0.2417,0
2024-01-26,227.29,227.99,224.27,226.28,225.70,226.33,220.57,,,221.5970,1,222.5778,1,599388,579645,1.5724,1.8716,-0.2992,0
2024-01-29,225.61,231.13,225.14,230.78,226.40,226.29,221.15,,,221.5970,1,223.2187,1,697411,582333,1.8098,1.8592,-0.0494,0
2024-01-30,229.55,232.48,228.09,232.22,227.39,226.34,221.71,,,221.5970,1,224.0094,1,600813,582530,2.0900,1.9054,0.1846,0
2024-01-31,232.77,233.44,229.49,229.61,228.15,226.36,222.20,,,221.5970,1,225.0260,1,682736,589875,2.0777,1.9399,0.1379,0
2024-02-01,230.94,234.80,230.34,234.64,229.21,226.72,222.79,,,221.5970,1,226.2041,1,527530,591646,2.4454,2.0410,0.4045,0
2024-02-02,233.55,235.08,231.45,233.75,230.06,227.06,223.32,,,221.5970,1,227.5789,1,495220,590283,2.6351,2.1598,0.4753,0
2024-02-05,232.83,234.50,232.01,232.16,230.40,227.38,223.81,,,221.6068,1,228.9290,1,666249,592853,2.6267,2.2532,0.3735,0
2024-02-06,232.16,236.10,232.16,235.20,231.01,227.81,224.33,,,222.4665,1,230.0360,1,589019,596962,2.8327,2.3691,0.4637,0
2024-02-07,236.02,236.88,234.34,234.53,231.66,228.37,224.82,,,224.3556,1,231.2479,1,582337,603919,2.9086,2.4770,0.4316,0
2024-02-08,234.45,234.61,231.94,234.21,232.34,228.83,225.39,,,224.3556,1,236.8769,0,465667,602815,2.9093,2.5635,0.3459,0
2024-02-09,233.57,234.90,232.03,234.81,233.19,229.44,225.94,,,224.3556,1,236.8769,0,502018,604769,2.9241,2.6356,0.2885,0
2024-02-12,234.18,234.45,232.50,232.88,233.40,229.90,226.46,,,224.3556,1,236.7783,0,559025,610506,2.7484,2.6581,0.0902,0
2024-02-13,231.56,231.81,229.43,231.19,233.30,230.34,226.86,,,224.3556,1,236.6816,0,654330,603633,2.4450,2.6155,-0.1705,0
2024-02-14,231.90,235.66,230.66,235.43,233.88,231.02,227.24,,,224.3556,1,236.3916,0,645159,601548,2.5173,2.5959,-0.0786,0
2024-02-15,235.32,236.63,234.18,235.84,234.00,231.61,227.58,,,224.9647,1,229.4313,1,564314,594675,2.5783,2.5923,-0.0140,0
2024-02-16,234.77,235.06,231.61,232.11,233.84,231.95,227.87,,,224.9647,1,229.5753,1,543090,593314,2.2994,2.5338,-0.2344,0
2024-02-20,232.11,232.80,230.49,232.63,233.88,232.14,228.16,,,224.9647,1,229.7165,1,471345,594331,2.0960,2.4462,-0.3502,0
2024-02-21,234.80,236.70,232.80,236.57,234.02,232.52,228.54,,,224.9647,1,229.8548,1,432698,593377,2.2266,2.4023,-0.1757,0
2024-02-22,237.20,239.99,235.43,239.57,234.52,233.09,229.00,,,226.9035,1,230.1285,1,638209,594447,2.5430,2.4304,0.1126,0
2024-02-23,240.28,242.94,239.98,241.83,235.29,233.81,229.47,,,230.7243,1,230.7203,1,499305,596033,2.9422,2.5328,0.4094,0
2024-02-26,241.90,243.48,237.57,237.81,235.59,234.39,229.84,,,230.7243,1,231.6978,1,709009,598905,2.9008,2.6064,0.2944,0
2024-02-27,237.84,240.69,237.39,238.42,236.14,234.77,230.16,,,230.7243,1,232.8756,1,558834,591494,2.8841,2.6619,0.2222,0
2024-02-28,238.91,242.07,237.77,240.31,237.05,235.18,230.39,,,230.7243,1,233.9356,1,478974,577450,2.9891,2.7274,0.2618,0
2024-02-29,240.63,241.97,239.80,240.03,237.51,235.70,230.64,,,230.7243,1,234.8896,1,766677,569706,3.0147,2.7848,0.2299,0
2024-03-01,239.24,239.83,237.27,239.36,237.86,235.93,230.88,,,230.7243,1,235.7482,1,711228,572080,2.9468,2.8172,0.1296,0
2024-03-04,239.72,241.12,238.87,239.82,238.63,236.24,231.11,,,230.7243,1,236.5209,1,465092,570151,2.8970,2.8332,0.0638,0
2024-03-05,240.18,241.86,238.80,240.04,239.38,236.63,231.44,,,230.7243,1,237.2163,1,347265,564135,2.8423,2.8350,0.0073,0
2024-03-06,239.79,241.25,237.33,237.48,239.47,236.74,231.63,,,230.7243,1,243.4754,0,479661,561123,2.5633,2.7807,-0.2174,0
2024-03-07,239.71,239.71,235.34,235.63,239.07,236.80,231.75,213.43,,230.7243,1,243.3526,0,596600,564165,2.1675,2.6580,-0.4905,0
2024-03-08,234.88,237.70,234.28,237.45,238.63,236.96,231.88,213.59,,230.7243,1,243.0319,0,604588,569124,1.9777,2.5220,-0.5443,0
2024-03-11,236.75,237.94,233.97,236.41,238.50,237.04,231.99,213.75,,230.7243,1,242.5066,0,384700,565973,1.7242,2.3624,-0.6383,0
2024-03-12,235.99,238.60,235.80,237.65,238.42,237.28,232.11,213.91,,230.7243,1,241.8240,0,410403,568234,1.6047,2.2109,-0.6061,0
2024-03-13,236.78,237.28,235.08,235.83,237.97,237.51,232.20,214.06,,230.7243,1,241.1960,0,530653,572812,1.3472,2.0381,-0.6909,0
2024-03-14,234.11,234.63,230.48,232.81,237.25,237.38,232.27,214.19,,230.7243,1,240.6182,0,619997,572445,0.8893,1.8084,-0.9191,0
2024-03-15,230.34,233.11,230.13,230.98,236.41,237.14,232.34,214.30,,230.7243,1,239.6046,0,795595,579906,0.3748,1.5217,-1.1469,0
2024-03-18,231.86,232.39,230.73,231.20,235.55,237.09,232.43,214.42,,230.7243,1,238.4679,0,557312,579938,-0.0153,1.2143,-1.2295,0
2024-03-19,231.14,231.98,228.29,229.64,234.51,236.94,232.50,214.52,,240.2769,0,237.4677,0,787424,584569,-0.4452,0.8824,-1.3276,0
2024-03-20,229.80,234.22,229.58,233.05,234.07,236.77,232.64,214.68,,240.2769,0,236.1824,0,631736,584847,-0.5053,0.6048,-1.1101,0
2024-03-21,234.20,236.88,233.35,234.75,233.98,236.53,232.86,214.85,,240.2769,0,228.2874,1,797773,591044,-0.4107,0.4017,-0.8125,0
2024-03-22,234.99,235.68,231.68,231.78,233.41,236.02,233.00,215.00,,240.2769,0,228.4592,1,410790,591213,-0.5690,0.2076,-0.7766,0
2024-03-25,231.31,232.00,229.58,230.72,232.84,235.67,233.16,215.14,,240.2769,0,228.6276,1,481531,590351,-0.7710,0.0119,-0.7829,0
2024-03-26,230.84,231.08,227.55,227.73,231.85,235.13,233.24,215.27,,239.7352,0,236.8784,0,674389,589488,-1.1590,-0.2223,-0.9367,0
2024-03-27,229.14,231.59,228.96,231.46,231.41,234.69,233.42,215.44,,239.7352,0,236.6919,0,526077,587827,-1.1524,-0.4083,-0.7441,0
2024-03-28,232.63,233.47,231.07,232.69,231.40,234.32,233.64,215.60,,239.7352,0,236.5090,0,557253,588072,-1.0360,-0.5338,-0.5021,0
2024-04-01,232.28,232.71,229.56,230.20,231.32,233.87,233.76,215.76,,239.7352,0,236.3298,0,606742,589133,-1.1315,-0.6534,-0.4781,0
2024-04-02,229.22,230.75,227.90,229.47,231.15,233.35,233.85,215.90,,239.2915,0,236.1542,0,489765,588056,-1.2515,-0.7730,-0.4785,0
2024-04-03,229.79,231.81,227.83,228.54,231.04,232.77,233.84,216.03,,239.2915,0,235.9821,0,506579,583575,-1.4052,-0.8994,-0.5058,0
2024-04-04,230.17,231.74,226.85,227.73,230.51,232.29,233.81,216.16,,239.2915,0,235.8135,0,496423,581832,-1.5746,-1.0345,-0.5401,0
2024-04-05,228.56,229.73,227.76,228.98,229.93,231.95,233.83,216.29,,238.9011,0,235.4549,0,363910,575329,-1.5897,-1.1455,-0.4442,0
2024-04-08,228.97,230.39,227.11,227.35,229.49,231.45,233.83,216.43,,238.8724,0,235.1107,0,514028,565537,-1.7132,-1.2591,-0.4542,0
2024-04-09,228.05,228.83,225.19,227.82,229.20,231.02,233.86,216.57,,237.2094,0,234.7802,0,418228,561914,-1.7528,-1.3578,-0.3950,0
2024-04-10,225.35,225.80,223.18,224.10,228.83,230.34,233.73,216.72,,235.0616,0,234.2050,0,516570,558297,-2.0611,-1.4985,-0.5627,0
2024-04-11,224.11,224.93,222.37,223.44,228.03,229.72,233.55,216.88,,233.9334,0,233.3229,0,399677,554275,-2.3313,-1.6650,-0.6663,0
2024-04-12,222.17,222.80,220.69,221.78,226.94,229.17,233.40,217.05,,231.8247,0,232.2280,0,608268,552785,-2.6493,-1.8619,-0.7874,0
2024-04-15,224.91,225.11,219.97,221.34,226.06,228.69,233.13,217.20,,231.8247,0,230.8434,0,537594,552987,-2.9029,-2.0701,-0.8328,0
2024-04-16,221.81,221.81,218.51,218.81,224.99,228.07,232.83,217.34,,230.6996,0,229.3212,0,468394,552450,-3.2709,-2.3103,-0.9606,0
2024-04-17,219.32,219.63,215.60,216.89,223.82,227.43,232.53,217.45,,228.3097,0,227.5920,0,457772,548280,-3.6751,-2.5832,-1.0918,0
2024-04-18,218.30,218.95,216.76,217.44,222.79,226.65,232.17,217.58,,228.1371,0,225.4334,0,360848,543717,-3.9061,-2.8478,-1.0583,0
2024-04-19,218.27,220.27,218.02,219.58,221.85,225.89,231.87,217.69,,228.1371,0,223.6633,0,689719,545865,-3.8712,-3.0525,-0.8188,0
2024-04-22,220.44,222.96,219.54,221.84,221.30,225.39,231.62,217.84,,228.1371,0,215.5995,1,515834,546868,-3.6194,-3.1659,-0.4536,0
2024-04-23,222.72,224.54,222.17,223.57,220.88,225.04,231.40,218.00,,228.1371,0,215.7467,1,468043,546189,-3.2435,-3.1814,-0.0621,0
2024-04-24,221.28,221.52,216.97,219.49,220.42,224.63,231.13,218.14,,228.1371,0,216.0985,1,684596,548700,-3.2374,-3.1926,-0.0448,0
2024-04-25,227.30,230.49,223.41,230.44,221.12,224.57,231.12,218.35,,213.8351,1,216.4362,1,949236,554598,-2.3224,-3.0185,0.6962,0
2024-04-26,230.77,231.65,227.77,229.72,221.91,224.43,231.00,218.56,,216.7407,1,216.9714,1,547613,552647,-1.6364,-2.7421,1.1057,0
2024-04-29,230.28,231.24,226.57,227.98,222.57,224.31,230.84,218.78,,216.7407,1,218.1454,1,391737,549196,-1.2192,-2.4375,1.2183,0
2024-04-30,226.81,227.14,224.02,224.39,223.13,224.06,230.69,218.97,,216.7407,1,219.2255,1,411947,546573,-1.1645,-2.1829,1.0185,0
2024-05-01,223.12,224.31,221.56,222.31,223.67,223.75,230.48,219.18,,216.7407,1,220.2191,1,388083,544908,-1.2744,-2.0012,0.7268,0
2024-05-02,223.29,225.23,220.65,224.89,224.42,223.61,230.25,219.41,,216.7407,1,231.6462,0,580178,547857,-1.1399,-1.8290,0.6890,0
2024-05-03,229.22,230.27,226.85,227.42,225.20,223.53,230.01,219.66,,216.7407,1,231.4263,0,522711,545547,-0.8201,-1.6272,0.8071,0
2024-05-06,228.79,228.79,226.17,226.33,225.65,223.48,229.70,219.89,,216.7407,1,231.2108,0,365441,542870,-0.6469,-1.4311,0.7842,0
2024-05-07,228.37,230.05,226.89,229.33,226.23,223.55,229.53,220.16,,216.7407,1,230.9997,0,384245,536375,-0.2646,-1.1978,0.9332,0
2024-05-08,228.47,233.13,228.20,232.66,227.54,223.98,229.41,220.44,,218.0862,1,220.6519,1,427620,533750,0.3036,-0.8975,1.2011,0
2024-05-09,232.36,235.50,231.76,233.33,227.83,224.48,229.27,220.73,,221.1845,1,220.9015,1,435291,532877,0.7989,-0.5582,1.3571,0
2024-05-10,234.65,235.11,233.34,234.08,228.27,225.09,229.15,221.04,,222.4913,1,221.4854,1,321496,523973,1.2375,-0.1991,1.4366,0
2024-05-13,234.09,235.02,232.14,232.45,228.72,225.65,229.02,221.33,,222.4913,1,222.0458,1,323610,516221,1.4372,0.1282,1.3090,0
2024-05-14,233.53,233.70,230.07,231.75,229.45,226.29,228.85,221.60,,222.4913,1,222.5839,1,332506,513569,1.5214,0.4068,1.1146,0
2024-05-15,232.61,233.59,232.17,233.26,230.55,227.11,228.72,221.86,,222.4913,1,223.1004,1,436179,515347,1.6908,0.6636,1.0272,0
2024-05-16,232.89,233.95,231.75,232.66,231.33,227.87,228.62,222.11,,222.4913,1,223.5963,1,375243,513259,1.7560,0.8821,0.8739,0
2024-05-17,233.05,233.62,230.23,231.78,231.76,228.48,228.55,222.35,217.21,222.4913,1,224.0723,1,515833,511644,1.7168,1.0490,0.6678,0
2024-05-20,231.74,231.74,228.82,230.51,232.18,228.92,228.41,222.59,217.29,222.4913,1,224.5293,1,275375,505059,1.5655,1.1523,0.4131,0
2024-05-21,227.08,227.12,221.91,222.31,231.48,228.85,228.12,222.76,217.34,235.4391,0,235.4970,0,697267,511311,0.7746,1.0768,-0.3022,0
2024-05-22,222.13,222.58,220.00,222.07,230.42,228.98,227.81,222.92,217.38,232.6533,0,235.2253,0,618273,515468,0.1273,0.8869,-0.7596,0
2024-05-23,221.62,222.23,219.32,220.18,229.10,228.47,227.50,223.10,217.42,231.8756,0,234.6163,0,655242,517960,-0.5322,0.6031,-1.1353,0
2024-05-24,219.51,221.52,218.60,219.55,227.65,227.96,227.23,223.26,217.45,230.9283,0,233.6983,0,534991,516260,-1.0927,0.2639,-1.3566,0
2024-05-28,219.65,219.76,215.95,216.68,226.08,227.40,226.95,223.38,217.46,228.7809,0,232.4904,0,568151,511711,-1.7488,-0.1386,-1.6102,0
2024-05-29,214.58,216.04,213.52,213.72,224.27,226.86,226.60,223.51,217.46,225.5614,0,230.8363,0,740683,515378,-2.4792,-0.6067,-1.8724,0
2024-05-30,213.88,217.07,213.35,216.90,222.64,226.59,226.34,223.67,217.48,225.5614,0,228.7581,0,651133,512652,-2.7695,-1.0393,-1.7302,0
2024-05-31,217.11,222.00,216.08,221.54,221.52,226.42,226.11,223.87,217.54,225.5614,0,226.6006,0,1286214,525742,-2.5950,-1.3504,-1.2446,0
2024-06-03,221.71,222.19,216.32,217.26,220.07,225.92,225.76,224.06,217.58,225.5614,0,224.7452,0,592239,521631,-2.7703,-1.6344,-1.1359,0
2024-06-04,217.06,218.67,215.28,216.59,218.68,225.43,225.46,224.24,217.62,225.5614,0,223.1496,0,414450,521705,-2.9293,-1.8934,-1.0359,0
2024-06-05,217.65,217.99,215.05,216.39,218.09,224.78,225.17,224.40,217.65,225.5614,0,222.1863,0,664219,525358,-3.0363,-2.1220,-0.9143,0
2024-06-06,216.62,217.83,215.45,217.25,217.61,224.01,224.96,224.55,217.70,225.5614,0,220.9489,0,461917,521109,-3.0173,-2.3010,-0.7162,0
2024-06-07,216.52,219.54,215.71,216.92,217.28,223.19,224.67,224.70,217.75,225.5614,0,219.8847,0,582600,522239,-2.9938,-2.4396,-0.5542,0
2024-06-10,216.33,217.89,215.29,217.86,217.11,222.38,224.38,224.84,217.80,225.5614,0,219.5410,0,431525,519725,-2.8669,-2.5250,-0.3418,0
2024-06-11,216.74,217.84,215.36,216.39,217.08,221.58,224.10,224.96,217.84,225.5614,0,219.5410,0,368381,514958,-2.8517,-2.5904,-0.2613,0
2024-06-12,217.85,220.06,214.83,215.50,217.26,220.77,223.82,225.06,217.88,225.5614,0,213.3477,1,437517,513913,-2.8786,-2.6480,-0.2306,0
2024-06-13,214.72,215.24,210.65,211.36,216.71,219.67,223.48,225.15,217.89,224.3367,0,220.0644,0,729420,518369,-3.1971,-2.7578,-0.4393,0
2024-06-14,210.62,211.42,207.96,211.34,215.69,218.60,223.15,225.24,217.91,220.9825,0,220.0644,0,473184,517905,-3.4117,-2.8886,-0.5231,0
2024-06-17,208.89,211.73,208.66,210.65,215.02,217.55,222.78,225.33,217.92,220.9825,0,219.5802,0,693916,524505,-3.5956,-3.0300,-0.5656,0
2024-06-18,210.65,212.98,210.43,211.80,214.55,216.61,222.47,225.42,217.94,220.9825,0,219.1155,0,457869,523382,-3.6077,-3.1455,-0.4621,0
2024-06-20,211.54,214.51,210.74,214.26,214.33,216.21,222.20,225.55,217.98,220.9825,0,218.6693,0,510641,525230,-3.3794,-3.1923,-0.1871,0
2024-06-21,215.17,215.62,212.33,215.15,214.12,215.86,222.02,225.63,218.05,220.9825,0,218.2409,0,751273,529924,-3.0907,-3.1720,0.0813,0
2024-06-24,215.68,218.27,215.00,215.39,213.97,215.62,221.86,225.71,218.13,220.9825,0,207.9607,1,544984,532830,-2.8103,-3.0996,0.2894,0
2024-06-25,213.96,214.22,208.94,213.20,213.50,215.31,221.69,225.76,218.21,220.9825,0,208.1668,1,689993,534465,-2.7331,-3.0263,0.2932,0
2024-06-26,213.15,214.23,212.07,212.78,213.14,215.11,221.52,225.81,218.28,220.9825,0,208.3688,1,429667,532306,-2.6757,-2.9562,0.2805,0
2024-06-27,213.70,214.41,211.99,212.64,212.86,215.06,221.39,225.85,218.35,220.9825,0,208.5667,1,405598,531050,-2.6109,-2.8872,0.2763,0.00
2024-06-28,214.00,216.42,213.44,215.30,213.25,214.98,221.36,225.90,218.43,220.9825,0,208.7607,1,790236,537699,-2.3185,-2.7734,0.4549,0.00
2024-07-01,215.18,216.84,213.29,213.96,213.51,214.60,221.29,225.93,218.51,220.9825,0,208.9508,1,381655,538116,-2.1693,-2.6526,0.4833,0.00
2024-07-02,213.96,214.61,212.98,214.57,213.91,214.47,221.19,225.96,218.57,220.9825,0,209.1371,1,345128,531224,-1.9791,-2.5179,0.5388,0.00
2024-07-03,215.01,217.05,214.11,214.64,214.19,214.37,221.05,226.02,218.64,220.9825,0,209.3197,1,275150,526410,-1.8023,-2.3748,0.5725,0.00
2024-07-05,214.25,215.70,212.02,214.26,214.19,214.26,220.86,226.07,218.72,220.9825,0,209.4986,1,373647,524522,-1.6735,-2.2345,0.5610,0.00
2024-07-08,213.63,213.79,211.37,212.57,213.93,214.03,220.72,226.10,218.79,220.9825,0,209.6740,1,397992,518790,-1.6887,-2.1254,0.4367,0.00
2024-07-09,211.51,212.11,209.94,211.03,213.50,213.73,220.34,226.11,218.85,220.7591,0,209.8458,1,335819,506522,-1.8035,-2.0610,0.2575,0.00
2024-07-10,211.57,213.65,211.18,213.54,213.53,213.52,220.01,226.09,218.93,220.7591,0,209.9399,1,411276,503795,-1.6733,-1.9835,0.3101,0.00
2024-07-11,213.96,217.88,213.39,217.64,214.02,213.58,219.81,226.08,219.03,220.7591,0,209.9399,1,347174,502904,-1.2251,-1.8318,0.6067,0.00
2024-07-12,218.54,221.17,217.64,219.07,214.66,213.76,219.70,226.09,219.15,220.7591,0,210.1064,1,440250,503470,-0.7461,-1.6146,0.8686,0.00
2024-07-15,219.43,224.99,219.12,224.56,215.58,214.42,219.74,226.13,219.32,211.2781,1,210.5489,1,606376,507836,0.0757,-1.2766,1.3523,0.00
2024-07-16,224.57,232.01,224.47,231.28,217.32,215.41,219.87,226.22,219.53,216.2755,1,211.4156,1,830633,512845,1.2554,-0.7702,2.0255,0.00
2024-07-17,231.64,234.14,231.00,232.07,219.07,216.49,219.97,226.33,219.73,220.8593,1,213.0628,1,715329,516697,2.2283,-0.1705,2.3988,0.00
2024-07-18,230.88,233.96,230.45,231.24,220.72,217.46,220.06,226.41,219.94,220.8593,1,215.1703,1,605411,521496,2.8983,0.4433,2.4551,0.00
2024-07-19,232.94,232.94,229.80,230.58,222.36,218.27,220.09,226.49,220.14,220.8593,1,217.0671,1,937803,532568,3.3379,1.0222,2.3157,38.46
2024-07-22,231.02,231.58,229.19,231.48,224.25,219.09,220.07,226.54,220.34,220.8593,1,218.7741,1,532031,534656,3.7164,1.5610,2.1553,36.83
2024-07-23,230.49,231.13,227.70,227.90,225.93,219.72,219.96,226.54,220.54,220.8593,1,220.3105,1,607923,538108,3.6844,1.9857,1.6987,35.13
2024-07-24,226.66,229.08,225.36,225.88,227.17,220.35,219.79,226.53,220.73,220.8593,1,221.6932,1,780695,547292,3.4564,2.2798,1.1766,31.36
2024-07-25,224.43,228.09,219.71,223.95,227.80,220.91,219.62,226.51,220.90,220.8593,1,234.1377,0,710192,555024,3.0843,2.4407,0.6436,28.72
2024-07-26,225.73,231.37,224.46,228.71,228.76,221.71,219.56,226.51,221.09,220.8593,1,233.8492,0,677479,561924,3.1379,2.5802,0.5577,31.51
2024-07-29,229.31,232.07,228.38,230.42,229.35,222.47,219.51,226.55,221.27,220.8593,1,233.5665,0,489869,562997,3.2800,2.7201,0.5599,32.95
2024-07-30,231.37,235.28,231.05,233.54,229.58,223.45,219.52,226.59,221.46,220.8593,1,219.7123,1,469851,564890,3.6030,2.8967,0.7063,35.80
2024-07-31,233.62,237.11,232.63,234.78,229.85,224.46,219.58,226.63,221.66,221.5473,1,220.0236,1,563951,565852,3.9136,3.1001,0.8135,35.29
2024-08-01,235.38,237.26,231.98,232.62,229.99,225.35,219.62,226.64,221.85,221.5473,1,220.7069,1,529546,570935,3.9408,3.2682,0.6726,37.50
2024-08-02,231.73,232.08,224.28,228.34,229.76,226.06,219.75,226.62,222.01,221.5473,1,221.7001,1,507441,567139,3.5757,3.3297,0.2460,39.91
2024-08-05,225.53,226.44,220.05,223.49,228.96,226.61,219.77,226.56,222.14,221.5473,1,237.2588,0,585860,566491,2.8617,3.2361,-0.3744,40.80
2024-08-06,223.98,229.81,223.36,226.99,228.87,227.40,219.91,226.54,222.31,221.5473,1,236.9147,0,599858,565383,2.5491,3.0987,-0.5496,42.20
2024-08-07,228.23,230.22,225.01,225.36,228.82,227.99,220.03,226.51,222.45,221.5473,1,236.5775,0,459280,563869,2.1453,2.9080,-0.7628,42.20
2024-08-08,225.75,229.22,225.42,228.89,229.31,228.56,220.27,226.52,222.60,221.5473,1,236.2471,0,347532,559456,2.0853,2.7435,-0.6582,39.83
2024-08-09,228.82,228.82,225.47,226.01,229.04,228.90,220.52,226.51,222.76,221.5473,1,235.9232,0,385044,552343,1.7853,2.5518,-0.7665,39.02
2024-08-12,226.80,226.80,223.52,225.28,228.53,228.94,220.68,226.51,222.93,221.5473,1,235.6059,0,421912,547759,1.4715,2.3358,-0.8643,40.45
2024-08-13,226.50,227.42,223.83,225.77,227.75,228.66,220.77,226.51,223.10,221.5473,1,235.2949,0,352631,529087,1.2483,2.1183,-0.8700,38.01
2024-08-14,226.44,230.51,225.81,229.53,227.23,228.54,221.01,226.55,223.30,221.5473,1,234.9901,0,459066,526424,1.3591,1.9664,-0.6074,41.70
2024-08-15,232.11,233.39,230.99,231.90,227.16,228.57,221.32,226.59,223.51,221.5473,1,234.6913,0,518615,528507,1.6194,1.8970,-0.2777,39.48
2024-08-16,232.18,233.51,231.61,232.68,227.59,228.68,221.65,226.66,223.71,221.5473,1,234.3986,0,477176,524766,1.8671,1.8910,-0.0239,41.35
2024-08-19,233.13,234.71,232.34,234.15,228.66,228.81,221.98,226.73,223.91,221.5473,1,220.0548,1,414997,523828,2.1568,1.9442,0.2126,44.14
2024-08-20,234.15,235.26,233.42,234.56,229.41,229.14,222.34,226.81,224.11,222.5492,1,220.3479,1,382568,519827,2.3919,2.0337,0.3581,46.04
2024-08-21,235.73,236.27,233.13,233.82,230.26,229.54,222.66,226.89,224.29,223.1433,1,220.9444,1,364393,518485,2.4903,2.1250,0.3652,42.08
2024-08-22,234.11,235.03,231.06,232.48,230.62,229.97,222.98,226.95,224.46,223.1433,1,221.8639,1,665112,524419,2.4320,2.1864,0.2456,43.60
2024-08-23,233.13,235.02,232.21,234.89,231.51,230.28,223.37,227.01,224.64,223.1433,1,222.7282,1,604585,527761,2.5507,2.2593,0.2914,41.93
2024-08-26,235.76,237.46,235.03,235.83,232.56,230.55,223.86,227.06,224.83,225.3258,1,223.5407,1,416520,521503,2.6897,2.3454,0.3444,42.28
2024-08-27,236.45,238.36,236.03,238.22,233.81,230.78,224.39,227.12,225.03,226.6100,1,224.6541,1,367063,519380,2.9585,2.4680,0.4905,42.67
2024-08-28,238.33,242.06,237.71,240.43,234.90,231.06,224.99,227.20,225.25,229.0494,1,226.0250,1,596225,517426,3.3115,2.6367,0.6748,46.37
2024-08-29,241.51,242.31,239.21,240.93,235.80,231.48,225.57,227.29,225.46,230.0777,1,227.9497,1,326046,514790,3.5906,2.8275,0.7631,48.72
2024-08-30,240.99,245.18,240.99,244.98,237.03,232.31,226.19,227.42,225.71,232.1955,1,229.9603,1,611184,516801,4.0911,3.0802,1.0109,50.39
2024-09-03,244.77,245.80,243.03,244.14,238.03,233.34,226.77,227.51,225.92,233.7818,1,232.3954,1,659922,514974,4.3695,3.3381,1.0314,54.89
2024-09-04,244.36,246.87,241.15,244.61,239.03,234.22,227.35,227.59,226.12,233.7818,1,234.8084,1,736493,518804,4.5752,3.5855,0.9897,54.98
2024-09-05,244.70,245.00,239.03,240.62,239.71,234.99,227.90,227.66,226.30,233.7818,1,237.2212,1,644546,517895,4.3660,3.7416,0.6244,51.39
2024-09-06,240.49,242.66,238.43,238.80,240.34,235.48,228.42,227.69,226.46,233.7818,1,246.8724,0,600660,521315,4.0073,3.7947,0.2126,52.44
2024-09-09,239.83,241.20,238.98,240.21,240.88,236.19,228.97,227.73,226.63,233.7818,1,246.7034,0,543025,524063,3.7936,3.7945,-0.0009,53.53
2024-09-10,240.92,241.66,238.79,241.62,241.45,237.01,229.50,227.80,226.80,233.7818,1,246.5379,0,428047,516820,3.6951,3.7746,-0.0795,55.54
2024-09-11,239.76,240.59,232.87,236.76,241.31,237.56,229.95,227.81,226.94,233.7818,1,246.3756,0,587095,520928,3.1882,3.6573,-0.4692,53.14
2024-09-12,237.16,238.69,234.76,238.09,241.08,237.99,230.42,227.83,227.08,233.7818,1,245.8353,0,464902,523324,2.8607,3.4980,-0.6373,51.76
2024-09-13,239.10,241.07,237.77,238.31,240.81,238.31,230.90,227.86,227.24,233.7818,1,245.3166,0,564954,529120,2.5891,3.3162,-0.7271,49.71
2024-09-16,239.99,242.59,238.66,241.48,240.46,238.75,231.44,227.90,227.41,233.7818,1,244.8186,0,416762,529982,2.5994,3.1729,-0.5734,51.07
2024-09-17,242.28,243.99,242.02,242.55,240.30,239.17,232.04,227.97,227.59,233.7818,1,244.3406,0,415923,530341,2.6633,3.0710,-0.4076,50.00
2024-09-18,242.99,243.51,239.66,240.30,239.87,239.45,232.63,228.03,227.74,233.7818,1,243.9930,0,393932,531503,2.5037,2.9575,-0.4538,47.37
2024-09-19,239.15,242.99,235.37,237.66,239.58,239.65,233.11,228.04,227.84,233.7818,1,243.9930,0,846361,540205,2.1395,2.7939,-0.6544,42.94
2024-09-20,232.92,234.96,232.02,234.74,239.17,239.76,233.45,228.03,227.92,233.7818,1,243.5479,0,1669290,566647,1.5971,2.5546,-0.9575,43.21
2024-09-23,234.46,234.71,232.32,233.41,238.49,239.68,233.74,228.04,228.00,246.2928,0,242.9885,0,668706,571216,1.0478,2.2532,-1.2054,41.58
2024-09-24,232.64,238.22,231.08,238.16,238.15,239.80,234.01,228.08,228.10,246.2928,0,242.3302,0,690291,572895,0.9840,1.9994,-1.0154,44.41
2024-09-25,236.80,238.47,234.45,234.85,237.95,239.63,234.08,228.07,228.19,246.2928,0,241.4301,0,576238,567807,0.6588,1.7312,-1.0725,43.90
2024-09-26,236.28,237.53,231.83,232.68,237.41,239.24,234.09,228.02,228.27,246.2928,0,240.6019,0,583411,565168,0.2232,1.4296,-1.2064,38.30
2024-09-27,234.06,236.74,233.36,233.62,236.94,238.88,234.14,227.97,228.34,246.2928,0,239.8401,0,477328,562607,-0.0450,1.1347,-1.1797,38.23
2024-09-30,234.37,236.29,232.90,235.79,236.38,238.42,234.24,227.95,228.43,246.2928,0,239.1392,0,720510,558261,-0.0822,0.8913,-0.9735,39.73
2024-10-01,235.49,236.62,233.09,234.90,235.61,237.96,234.31,227.93,228.49,246.2928,0,238.4943,0,472684,557074,-0.1813,0.6768,-0.8581,41.20
2024-10-02,234.42,235.51,231.70,232.79,234.86,237.37,234.41,227.88,228.51,246.2928,0,237.9011,0,624996,557415,-0.4248,0.4565,-0.8813,40.16
2024-10-03,231.91,232.46,229.20,230.19,234.11,236.85,234.50,227.81,228.52,243.5097,0,237.3553,0,478902,551379,-0.8183,0.2015,-1.0199,40.08
2024-10-04,231.23,232.63,226.90,228.50,233.49,236.33,234.59,227.74,228.53,242.8941,0,236.5401,0,510659,547389,-1.2524,-0.0893,-1.1631,34.24
2024-10-07,227.39,227.82,225.08,226.59,232.81,235.65,234.54,227.65,228.52,239.2909,0,235.3831,0,398913,541817,-1.7300,-0.4174,-1.3126,33.76
2024-10-08,227.37,228.57,227.01,227.25,231.71,234.93,234.48,227.57,228.54,239.2909,0,233.9408,0,423617,540492,-2.0319,-0.7403,-1.2916,36.01
2024-10-09,226.82,228.30,225.65,227.37,230.97,234.46,234.36,227.50,228.53,238.7095,0,232.7004,0,486460,540825,-2.2361,-1.0395,-1.1966,35.23
2024-10-10,227.15,228.57,226.04,228.46,230.54,233.98,234.23,227.45,228.53,238.6266,0,231.6336,0,453925,538624,-2.2836,-1.2883,-0.9953,34.96
2024-10-11,229.66,232.02,229.16,231.80,230.36,233.65,234.22,227.42,228.53,238.6266,0,225.0808,1,403155,536096,-2.0285,-1.4363,-0.5921,35.50
2024-10-14,232.12,235.49,231.46,234.63,230.25,233.31,234.34,227.40,228.55,238.6266,0,225.2195,1,425740,534462,-1.5796,-1.4650,-0.1146,35.50
2024-10-15,236.01,237.91,234.71,235.13,230.27,232.94,234.57,227.39,228.57,238.6266,0,225.6302,1,456678,531879,-1.1702,-1.4060,0.2358,36.20
2024-10-16,235.26,239.37,234.85,237.33,230.72,232.79,234.78,227.40,228.60,238.6266,0,226.3670,1,372175,527325,-0.6598,-1.2568,0.5969,36.01
2024-10-17,236.17,236.17,230.06,231.23,230.83,232.47,234.90,227.39,228.61,238.6266,0,227.4074,1,526442,528668,-0.7393,-1.1533,0.4140,31.75
2024-10-18,232.01,234.09,230.98,233.51,231.33,232.41,234.99,227.40,228.64,238.6266,0,228.3646,1,699615,535710,-0.6116,-1.0450,0.4334,32.57
2024-10-21,233.15,233.15,229.03,229.92,231.66,232.23,235.07,227.39,228.65,238.6266,0,239.3725,0,372038,535450,-0.7907,-0.9941,0.2034,33.92
2024-10-22,230.62,231.44,228.28,230.97,232.03,231.87,235.18,227.40,228.68,238.6266,0,239.1657,0,439053,535793,-0.8380,-0.9629,0.1248,33.73
2024-10-23,230.83,231.68,229.69,230.88,232.39,231.68,235.28,227.39,228.70,238.6266,0,238.7301,0,520375,539147,-0.8732,-0.9450,0.0717,34.42
2024-10-24,219.47,223.85,217.69,220.74,231.61,231.08,235.11,227.30,228.69,234.9831,0,238.3119,0,1195539,553877,-1.6997,-1.0959,-0.6038,26.42
2024-10-25,220.20,221.82,219.33,220.31,230.46,230.41,234.88,227.22,228.66,234.1163,0,237.0744,0,679846,557102,-2.3623,-1.3492,-1.0131,26.46
2024-10-28,220.08,223.33,220.08,221.91,229.19,229.72,234.66,227.16,228.66,234.1163,0,235.9111,0,578326,559125,-2.7262,-1.6246,-1.1016,25.56
2024-10-29,222.04,224.21,221.42,221.92,227.87,229.07,234.42,227.12,228.65,234.1163,0,234.8176,0,854210,567909,-2.9795,-1.8956,-1.0840,25.52
2024-10-30,221.46,224.47,221.24,222.10,226.35,228.54,234.17,227.06,228.65,234.1163,0,233.7897,0,714944,574556,-3.1303,-2.1425,-0.9878,26.26
2024-10-31,220.73,223.69,220.30,222.00,225.43,228.13,233.93,226.99,228.65,234.1163,0,232.8235,0,602152,579311,-3.2204,-2.3581,-0.8623,27.57
2024-11-01,223.42,224.65,222.22,222.59,224.33,227.83,233.73,226.94,228.64,234.1163,0,231.9153,0,617396,578357,-3.2070,-2.5279,-0.6791,26.29
2024-11-04,221.89,223.11,219.48,219.93,223.34,227.50,233.43,226.87,228.62,232.9530,0,231.0615,0,504790,576361,-3.3720,-2.6967,-0.6753,24.70
2024-11-05,220.59,223.74,219.54,223.72,222.61,227.32,233.19,226.84,228.59,232.9530,0,230.2590,0,346993,574971,-3.1607,-2.7895,-0.3712,26.90
2024-11-06,237.32,240.80,231.83,237.71,223.29,227.84,233.18,226.91,228.63,220.6185,1,217.6862,1,1321644,594062,-1.8435,-2.6003,0.7568,31.19
2024-11-07,238.48,239.05,231.69,232.04,224.42,228.02,233.01,226.93,228.65,220.6185,1,218.1484,1,708591,596310,-1.2430,-2.3289,1.0858,28.10
2024-11-08,231.46,233.54,230.36,231.01,225.49,227.98,232.82,226.95,228.67,220.6185,1,218.6014,1,533524,600459,-0.8400,-2.0311,1.1911,26.09
2024-11-11,233.28,235.27,231.35,231.45,226.45,227.82,232.55,226.98,228.70,220.6185,1,219.0453,1,798217,604200,-0.4796,-1.7208,1.2412,27.06
2024-11-12,231.83,232.11,228.24,228.54,227.11,227.49,232.23,227.01,228.69,220.6185,1,219.4804,1,564520,602292,-0.4238,-1.4614,1.0376,28.55
2024-11-13,229.02,230.48,227.97,229.98,227.90,227.12,231.94,227.05,228.68,220.6185,1,219.9067,1,616387,599890,-0.2607,-1.2213,0.9605,30.48
2024-11-14,229.84,230.63,224.63,225.36,228.23,226.83,231.64,227.07,228.65,220.6185,1,220.3245,1,651614,600031,-0.4986,-1.0767,0.5781,27.42
2024-11-15,224.69,227.51,223.85,225.35,228.51,226.42,231.37,227.10,228.61,220.6185,1,220.7340,1,487277,597763,-0.6800,-0.9974,0.3174,30.86
2024-11-18,224.88,225.24,223.73,224.24,228.94,226.14,231.05,227.14,228.56,220.6185,1,221.1353,1,328502,593473,-0.9029,-0.9785,0.0756,29.39
2024-11-19,223.02,223.93,221.80,223.17,228.88,225.75,230.68,227.18,228.52,220.6185,1,221.5285,1,413833,593189,-1.1528,-1.0134,-0.1394,28.93
2024-11-20,223.34,224.15,221.78,223.43,227.46,225.37,230.41,227.22,228.46,220.6185,1,240.7979,0,270462,586856,-1.3148,-1.0736,-0.2411,27.96
2024-11-21,223.91,229.52,223.53,228.65,227.12,225.77,230.22,227.28,228.43,220.6185,1,240.4175,0,834347,594245,-1.0101,-1.0609,0.0509,29.08
2024-11-22,229.59,232.14,229.08,231.87,227.20,226.35,230.09,227.35,228.42,220.6185,1,240.0448,0,645945,595865,-0.5026,-0.9493,0.4466,29.47
2024-11-25,232.90,239.71,232.50,238.50,227.91,227.18,230.03,227.45,228.43,222.4700,1,221.7805,1,1053227,608594,0.4295,-0.6735,1.1030,31.47
2024-11-26,236.05,236.45,231.94,234.97,228.55,227.83,229.88,227.55,228.44,222.4700,1,222.1390,1,811881,616513,0.8733,-0.3642,1.2374,29.93
2024-11-27,235.36,237.13,234.24,234.59,229.01,228.46,229.77,227.58,228.46,222.4700,1,222.4904,1,500465,618644,1.1805,-0.0552,1.2357,27.92
2024-11-29,234.46,235.93,233.51,234.04,229.88,229.06,229.70,227.61,228.45,222.4700,1,222.8347,1,363296,608983,1.3643,0.2287,1.1356,26.65
2024-12-02,233.44,233.96,229.98,230.33,230.38,229.44,229.61,227.62,228.43,222.4700,1,223.1722,1,746418,590525,1.1966,0.4223,0.7743,24.57
2024-12-03,231.24,231.24,224.91,226.71,230.63,229.78,229.47,227.64,228.40,222.4700,1,223.5029,1,994600,597043,0.7624,0.4903,0.2721,22.67
2024-12-04,226.43,227.53,223.47,224.80,230.79,229.84,229.21,227.65,228.36,222.4700,1,239.7073,0,767252,598582,0.2616,0.4446,-0.1829,22.02
2024-12-05,225.12,225.32,223.44,224.45,230.89,229.17,229.00,227.65,228.30,222.4700,1,239.3827,0,471935,596496,-0.1619,0.3233,-0.4852,23.10
2024-12-06,225.46,226.40,223.24,223.44,230.37,228.74,228.81,227.62,228.22,222.4700,1,238.7448,0,603802,596904,-0.5728,0.1441,-0.7168,24.06
2024-12-09,223.45,226.07,222.92,224.70,229.65,228.43,228.64,227.61,228.13,222.4700,1,237.8147,0,722970,601817,-0.7876,-0.0423,-0.7453,23.49
2024-12-10,224.51,229.97,223.01,228.11,228.61,228.26,228.48,227.61,228.09,222.4700,1,236.6228,0,733225,602071,-0.6745,-0.1687,-0.5058,28.04
2024-12-11,227.55,229.40,224.47,224.93,227.61,228.08,228.28,227.55,228.02,222.4700,1,235.5263,0,669219,606002,-0.8322,-0.3014,-0.5308,24.87
2024-12-12,225.38,225.67,223.11,224.86,226.64,227.82,228.12,227.50,227.94,222.4700,1,234.5174,0,524141,603985,-0.9517,-0.4315,-0.5202,26.52
2024-12-13,224.35,228.54,224.35,226.08,225.84,227.86,228.04,227.44,227.87,222.4700,1,233.5893,0,638112,607169,-0.9370,-0.5326,-0.4044,28.90
2024-12-16,225.18,226.18,222.80,224.07,225.21,227.80,227.95,227.39,227.79,222.4700,1,232.7354,0,661291,610182,-1.0752,-0.6411,-0.4341,29.64
2024-12-17,221.94,223.70,220.65,221.17,224.66,227.64,227.84,227.32,227.70,234.2953,0,231.7419,0,837315,618950,-1.4022,-0.7933,-0.6089,28.79
2024-12-18,221.10,222.36,215.91,216.04,223.78,227.29,227.62,227.20,227.58,231.9769,0,230.4103,0,804392,626565,-2.0523,-1.0451,-1.0072,30.64
2024-12-19,215.92,218.02,214.61,214.70,222.81,226.85,227.37,227.08,227.47,228.8954,0,228.3805,0,621540,629267,-2.6449,-1.3651,-1.2799,30.22
2024-12-20,214.67,219.28,213.46,217.75,222.24,226.31,227.15,226.99,227.38,228.8954,0,226.1777,0,1346468,647118,-2.8358,-1.6592,-1.1766,31.18
2024-12-23,217.09,218.90,216.25,218.53,221.62,225.64,226.89,226.91,227.28,228.8954,0,223.8881,0,440473,647864,-2.8909,-1.9056,-0.9853,32.84
2024-12-24,219.11,221.30,218.06,221.05,220.92,224.77,226.62,226.90,227.21,228.8954,0,222.0107,0,153703,642423,-2.7000,-2.0644,-0.6355,33.96
2024-12-26,220.06,222.06,219.89,221.51,220.58,224.09,226.34,226.90,227.13,228.8954,0,213.4581,1,235226,637994,-2.4828,-2.1481,-0.3347,33.26
2024-12-27,219.92,222.95,219.65,221.22,220.21,223.42,226.02,226.90,227.05,228.8954,0,213.6301,1,334755,637246,-2.3074,-2.1800,-0.1274,34.30
2024-12-30,219.54,220.93,218.19,219.16,219.52,222.68,225.78,226.90,226.98,228.8954,0,214.0031,1,378063,634278,-2.3079,-2.2056,-0.1024,34.38
2024-12-31,219.37,220.81,218.36,219.40,219.05,222.13,225.50,226.92,226.93,228.8954,0,214.3612,1,406983,628426,-2.2628,-2.2170,-0.0458,33.49
2025-01-02,221.27,221.89,219.68,220.44,218.98,221.82,225.31,226.96,226.87,228.8954,0,214.7049,1,727960,635544,-2.1188,-2.1974,0.0785,35.27
2025-01-03,221.11,223.57,220.18,222.73,219.65,221.72,225.14,227.00,226.84,228.8954,0,215.0349,1,461727,635997,-1.7992,-2.1177,0.3185,35.02
2025-01-06,223.42,223.50,220.24,221.30,220.31,221.56,224.95,227.00,226.78,228.8954,0,215.5470,1,643752,638465,-1.6426,-2.0227,0.3801,33.56
2025-01-07,222.25,223.72,221.07,221.81,220.72,221.48,224.97,227.03,226.72,228.8954,0,216.0284,1,634607,627246,-1.4606,-1.9103,0.4497,33.91
2025-01-08,220.94,223.31,220.34,223.04,221.17,221.40,225.03,227.08,226.67,228.8954,0,216.6440,1,478198,623213,-1.2030,-1.7688,0.5658,34.74
2025-01-10,220.15,221.30,216.23,216.68,220.73,220.82,224.92,227.08,226.60,228.8954,0,223.7240,0,610612,623859,-1.4949,-1.7140,0.2192,32.53
2025-01-13,215.26,218.42,214.07,218.17,220.40,220.49,224.85,227.08,226.55,227.5394,0,223.5741,0,516582,617107,-1.5875,-1.6887,0.1012,32.97
2025-01-14,220.16,220.89,219.01,220.69,220.34,220.28,224.82,227.11,226.50,227.5394,0,223.1941,0,418252,611173,-1.4409,-1.6392,0.1982,33.93
2025-01-15,224.18,224.46,221.71,222.12,220.64,220.08,224.82,227.14,226.45,227.5394,0,214.0739,1,436856,607867,-1.1961,-1.5506,0.3545,30.81
2025-01-16,221.57,226.23,220.88,225.99,221.30,220.18,224.89,227.20,226.43,227.5394,0,214.2817,1,539519,606309,-0.6813,-1.3767,0.6954,35.12
2025-01-17,230.20,230.20,223.41,225.39,221.79,220.39,225.00,227.27,226.41,227.5394,0,214.7595,1,853573,613285,-0.3186,-1.1651,0.8465,34.49
2025-01-21,226.67,228.35,226.09,227.76,222.30,220.97,225.08,227.38,226.40,215.1723,1,215.6858,1,622718,618799,0.1588,-0.9003,1.0591,33.44
2025-01-22,227.76,228.02,225.29,226.87,222.85,221.58,224.86,227.48,226.40,215.1723,1,216.5566,1,650219,605371,0.4597,-0.6283,1.0880,33.02
2025-01-23,237.31,240.21,232.89,238.66,224.54,222.63,225.00,227.67,226.45,222.0531,1,217.3752,1,1296359,617126,1.6303,-0.1766,1.8069,40.67
2025-01-24,238.11,241.01,236.40,239.36,226.17,223.67,225.16,227.85,226.51,224.2758,1,219.2024,1,1007186,626600,2.5850,0.3757,2.2092,45.54
2025-01-27,241.14,247.11,240.53,244.79,228.98,224.86,225.43,228.05,226.59,228.5064,1,221.3835,1,1154405,633723,3.7363,1.0478,2.6885,48.85
2025-01-28,244.38,246.57,239.39,239.72,231.14,225.77,225.65,228.22,226.67,228.5064,1,224.4711,1,789140,638216,4.1921,1.6767,2.5154,44.97
2025-01-29,240.24,243.41,239.63,240.10,233.08,226.71,225.86,228.38,226.75,228.5064,1,227.1882,1,755363,640995,4.5313,2.2476,2.2837,45.16
2025-01-30,239.94,242.10,237.71,240.46,234.91,227.77,226.16,228.56,226.85,228.5064,1,229.5792,1,622426,640411,4.7739,2.7529,2.0210,42.39
2025-01-31,239.25,242.50,238.28,238.41,236.15,228.72,226.42,228.73,226.93,228.5064,1,231.6833,1,740198,645470,4.7460,3.1515,1.5945,41.34
2025-02-03,233.06,237.35,228.09,233.82,236.99,229.39,226.61,228.88,227.01,228.5064,1,247.1134,0,962918,658158,4.3040,3.3820,0.9220,40.07
2025-02-04,233.50,236.23,233.16,234.28,237.65,229.97,226.83,229.00,227.09,228.5064,1,246.7330,0,704957,663981,3.9455,3.4947,0.4508,41.23
2025-02-05,234.98,235.94,233.80,235.22,238.48,230.67,227.07,229.14,227.18,228.5064,1,246.3602,0,595773,670487,3.6949,3.5347,0.1601,40.00
2025-02-06,236.07,236.43,233.58,234.29,238.04,231.29,227.18,229.28,227.26,228.5064,1,245.9948,0,383406,661468,3.3819,3.5042,-0.1222,37.58
2025-02-07,234.75,234.88,231.67,232.91,237.40,231.78,227.20,229.40,227.31,228.5064,1,245.6368,0,529066,659130,2.9885,3.4010,-0.4126,38.77
2025-02-10,234.54,235.24,232.43,235.08,236.43,232.70,227.13,229.54,227.37,228.5064,1,245.2859,0,565624,649378,2.8188,3.2846,-0.4657,40.65
2025-02-11,235.52,238.60,234.62,238.35,236.29,233.71,227.20,229.71,227.46,228.5064,1,244.9420,0,640332,645947,2.9148,3.2106,-0.2959,45.49
2025-02-12,234.13,239.79,234.13,239.10,236.19,234.63,227.29,229.90,227.51,228.5064,1,244.6050,0,660266,649143,3.0166,3.1718,-0.1552,48.10
2025-02-13,239.73,242.30,237.98,241.47,236.29,235.60,227.44,230.08,227.56,228.5064,1,244.2747,0,572161,653321,3.2508,3.1876,0.0632,46.22
2025-02-14,241.97,243.61,239.67,239.78,236.43,236.29,227.63,230.23,227.62,228.5064,1,243.9511,0,422752,646847,3.2629,3.2027,0.0602,47.41
2025-02-18,240.53,242.25,239.03,241.66,237.21,237.10,227.93,230.38,227.71,228.5064,1,243.6339,0,429325,635542,3.3849,3.2391,0.1458,48.48
2025-02-19,240.20,240.78,235.14,237.70,237.56,237.60,228.19,230.47,227.79,228.5064,1,243.6113,0,614809,632493,3.1264,3.2166,-0.0901,46.33
2025-02-20,237.24,238.35,236.05,238.27,237.86,238.17,228.46,230.51,227.85,228.5064,1,243.3009,0,353000,630114,2.9336,3.1600,-0.2264,47.56
2025-02-21,237.42,238.36,232.65,236.25,238.06,238.05,228.72,230.54,227.90,228.5064,1,242.9967,0,808473,634208,2.5879,3.0456,-0.4577,48.71
2025-02-24,235.95,236.68,233.05,233.15,238.08,237.74,228.89,230.55,227.93,228.5064,1,242.6986,0,1351402,646776,2.0404,2.8445,-0.8041,46.37
2025-02-25,233.69,237.51,233.58,236.58,238.23,237.33,229.06,230.59,227.97,228.5064,1,242.4065,0,715933,646431,1.8615,2.6479,-0.7864,48.12
2025-02-26,236.62,238.57,235.51,236.18,238.01,237.15,229.28,230.63,227.99,228.5064,1,242.1202,0,608054,645207,1.6686,2.4520,-0.7835,46.39
2025-02-27,235.71,237.93,234.54,235.79,237.68,236.94,229.50,230.68,228.00,228.5064,1,241.8396,0,738249,649489,1.4670,2.2550,-0.7881,48.04
2025-02-28,236.94,239.06,234.59,238.65,237.40,236.85,229.75,230.76,228.02,228.5064,1,241.5647,0,802384,652775,1.5207,2.1082,-0.5874,48.73
2025-03-03,240.25,241.56,235.83,237.80,237.20,236.82,230.03,230.86,228.05,228.5064,1,228.0921,1,545207,650453,1.4776,1.9821,-0.5044,52.07
2025-03-04,235.73,236.07,233.00,233.65,236.40,236.81,230.28,230.89,228.06,228.5064,1,228.3616,1,733689,648381,1.0959,1.8048,-0.7089,52.99
2025-03-05,233.94,237.07,233.33,235.67,236.20,236.88,230.67,230.92,228.07,228.5064,1,228.6256,1,743425,647161,0.9457,1.6330,-0.6873,54.38
2025-03-06,235.37,237.48,233.97,237.28,236.10,236.98,231.12,230.95,228.09,228.5064,1,228.8844,1,566844,646067,0.9453,1.4955,-0.5502,60.98
2025-03-07,238.07,242.17,236.98,241.19,236.59,237.33,231.59,230.99,228.14,228.5064,1,229.1380,1,706993,633278,1.2460,1.4456,-0.1996,63.91
2025-03-10,239.55,243.07,238.10,240.20,237.30,237.69,232.02,231.04,228.19,228.5064,1,229.6595,1,601036,636489,1.3887,1.4342,-0.0455,69.49
2025-03-11,239.39,240.01,229.69,230.03,236.65,237.44,232.20,231.05,228.23,228.5064,1,243.0738,0,798441,649384,0.6736,1.2821,-0.6085,59.70
2025-03-12,228.98,230.63,226.40,229.75,236.00,237.01,232.37,231.10,228.26,228.5064,1,243.0738,0,457762,653835,0.0832,1.0423,-0.9591,56.94
2025-03-13,229.42,230.33,225.91,226.66,235.09,236.39,232.48,231.09,228.30,242.7646,0,242.4067,0,562273,658385,-0.6272,0.7084,-1.3356,58.78
2025-03-14,227.96,229.99,227.26,229.79,234.20,235.80,232.69,231.12,228.35,242.7646,0,241.4170,0,502804,660880,-0.9266,0.3814,-1.3080,56.92
2025-03-17,229.72,231.71,228.28,230.11,233.43,235.32,232.90,231.13,228.42,242.7646,0,240.4867,0,508783,662916,-1.1252,0.0801,-1.2052,55.46
2025-03-18,230.71,232.18,227.86,229.37,233.00,234.70,233.08,231.15,228.49,242.7646,0,239.6122,0,517852,658714,-1.3273,-0.2014,-1.1259,57.22
2025-03-19,229.29,230.37,227.25,228.69,232.31,234.25,233.20,231.18,228.55,242.0831,0,238.7902,0,486562,659210,-1.5246,-0.4660,-1.0586,54.20
2025-03-20,226.65,228.25,225.66,227.14,231.29,233.70,233.32,231.18,228.58,239.8115,0,238.0175,0,673730,659810,-1.7853,-0.7299,-1.0554,52.89
2025-03-21,225.49,226.62,223.80,226.26,229.80,233.20,233.41,231.16,228.63,237.7811,0,237.0289,0,974742,666613,-2.0394,-0.9918,-1.0476,53.12
2025-03-24,229.24,230.08,226.26,227.54,228.53,232.92,233.50,231.13,228.68,237.7811,0,235.7063,0,774067,672530,-2.1134,-1.2161,-0.8973,50.50
2025-03-25,227.54,228.83,226.71,228.11,228.34,232.49,233.73,231.10,228.74,237.7811,0,234.5159,0,435976,669037,-2.1017,-1.3932,-0.7085,52.14
2025-03-26,228.18,230.97,228.01,230.27,228.39,232.20,233.97,231.08,228.80,237.7811,0,233.4446,0,407007,666846,-1.8958,-1.4937,-0.4020,54.44
2025-03-27,230.57,230.57,227.01,228.28,228.56,231.82,234.12,231.04,228.86,237.7811,0,232.4804,0,451623,667513,-1.8718,-1.5693,-0.3024,52.78
2025-03-28,227.93,228.99,224.45,224.59,228.04,231.12,234.17,230.97,228.89,237.7811,0,231.6127,0,445264,667681,-2.1265,-1.6808,-0.4457,53.02
2025-03-31,223.05,230.34,222.78,228.54,227.88,230.66,234.22,230.95,228.96,237.7811,0,230.8317,0,821666,673324,-1.9861,-1.7418,-0.2443,56.79
2025-04-01,227.01,229.93,226.22,229.44,227.89,230.45,234.30,230.91,229.03,237.7811,0,230.3426,0,561453,667482,-1.7818,-1.7498,-0.0319,58.01
2025-04-02,227.48,230.74,226.97,230.69,228.09,230.20,234.36,230.88,229.12,237.7811,0,222.7774,1,482548,664678,-1.5018,-1.7002,0.1984,55.99
2025-04-03,223.81,225.39,215.81,216.67,227.04,229.17,234.15,230.73,229.15,236.3009,0,230.7392,0,1288903,677452,-2.3836,-1.8369,-0.5467,55.49
2025-04-04,212.83,214.53,205.63,206.31,225.04,227.42,233.51,230.51,229.13,227.5197,0,230.7392,0,1446862,680462,-3.8738,-2.2443,-1.6295,55.76
2025-04-07,204.23,209.19,198.12,203.13,222.60,225.57,232.78,230.25,229.08,222.6795,0,229.7347,0,1061587,681550,-5.2511,-2.8456,-2.4055,53.84
2025-04-08,210.44,210.64,197.99,201.48,219.94,224.14,231.92,229.96,229.02,222.6795,0,227.8377,0,1067634,679815,-6.4015,-3.5568,-2.8447,54.80
2025-04-09,199.89,217.38,199.66,216.25,218.54,223.47,231.45,229.78,229.03,222.6795,0,225.4500,0,1198344,687999,-6.0522,-4.0559,-1.9963,54.72
2025-04-10,214.17,214.47,207.22,212.17,216.93,222.74,230.89,229.56,229.01,222.6795,0,223.2534,0,1116076,695213,-6.0345,-4.4516,-1.5829,59.58
2025-04-11,211.63,213.09,208.09,211.47,215.62,221.83,230.31,229.37,229.00,222.6795,0,221.2325,0,648119,695727,-6.0082,-4.7629,-1.2453,55.02
2025-04-14,213.94,216.00,212.15,215.03,214.27,221.07,229.84,229.21,229.01,222.6795,0,219.3732,0,710753,695138,-5.6351,-4.9374,-0.6977,56.86
2025-04-15,215.53,217.00,212.44,212.91,212.61,220.25,229.42,229.03,229.01,222.6795,0,217.6627,0,617765,688235,-5.4476,-5.0394,-0.4082,55.18
2025-04-16,212.54,213.35,208.39,209.54,210.50,219.29,228.93,228.81,228.98,222.6795,0,217.0019,0,713394,688404,-5.5072,-5.1330,-0.3742,54.49
2025-04-17,210.41,215.00,210.22,213.08,210.14,218.59,228.49,228.66,228.98,222.6795,0,217.0019,0,1001258,696514,-5.2086,-5.1481,-0.0605,55.54
2025-04-21,211.05,211.85,206.41,209.01,210.41,217.73,227.98,228.46,228.95,222.6795,0,215.4811,0,730163,703449,-5.2403,-5.1665,-0.0737,54.81
2025-04-22,210.93,211.50,207.96,209.83,211.08,216.84,227.52,228.27,228.93,222.6795,0,214.9993,0,727331,707414,-5.1397,-5.1612,0.0214,48.82
2025-04-23,214.10,217.26,211.22,212.62,212.19,216.07,227.07,228.08,228.92,222.6795,0,197.9921,1,852637,713154,-4.7802,-5.0850,0.3048,48.32
2025-04-24,201.47,208.80,199.90,208.43,211.41,214.97,226.47,227.85,228.90,222.6795,0,198.3775,1,1121439,722776,-4.7781,-5.0236,0.2455,39.19
2025-04-25,207.03,207.76,204.68,206.34,210.83,213.88,225.82,227.63,228.88,222.6795,0,198.7552,1,736896,724309,-4.8888,-4.9966,0.1079,37.69
2025-04-28,206.12,207.70,203.93,205.68,210.25,212.93,225.10,227.41,228.84,222.6795,0,199.1254,1,649162,725849,-4.9722,-4.9917,0.0195,36.89
2025-04-29,204.41,207.96,204.41,207.55,209.50,211.88,224.46,227.23,228.79,222.6795,0,199.4881,1,619248,729779,-4.8320,-4.9598,0.1278,37.65
2025-04-30,206.52,208.94,203.67,208.63,209.07,210.84,223.80,227.07,228.73,222.6795,0,199.8436,1,676978,734732,-4.5806,-4.8840,0.3033,39.71
2025-05-01,208.48,208.48,205.64,207.11,208.83,209.66,223.18,226.86,228.65,222.6795,0,200.1920,1,954476,741525,-4.4534,-4.7978,0.3444,39.87
2025-05-02,209.76,212.45,208.81,211.18,208.64,209.39,222.64,226.70,228.55,222.6795,0,200.5334,1,638891,747243,-3.9781,-4.6339,0.6558,39.68
2025-05-05,209.74,211.66,209.21,209.48,208.68,209.55,222.11,226.55,228.43,222.6795,0,200.8680,1,410454,739283,-3.6962,-4.4464,0.7502,38.99
2025-05-06,207.76,209.18,206.06,206.25,208.33,209.70,221.57,226.36,228.31,222.6795,0,201.1959,1,482919,721913,-3.6902,-4.2951,0.6049,38.45
2025-05-07,206.78,207.91,205.77,206.88,207.75,209.97,220.97,226.17,228.19,221.6446,0,201.5173,1,700808,721611,-3.5933,-4.1548,0.5615,38.99
2025-05-08,207.91,211.79,206.90,209.78,207.89,209.65,220.45,226.00,228.08,221.6446,0,201.8322,1,723270,723915,-3.2456,-3.9729,0.7273,38.61
2025-05-09,209.68,210.63,208.11,209.27,208.18,209.50,219.92,225.85,227.99,221.6446,0,202.1408,1,470042,718551,-2.9764,-3.7736,0.7972,37.00
2025-05-12,219.66,224.00,219.14,223.35,209.95,210.10,219.61,225.80,227.98,204.4867,1,202.4433,1,1146477,725433,-1.6087,-3.3406,1.7319,40.39
2025-05-13,223.48,224.43,220.61,220.81,211.27,210.39,219.27,225.75,227.96,206.0013,1,203.3054,1,691164,728352,-0.7210,-2.8167,2.0957,39.09
2025-05-14,219.93,221.31,215.87,220.90,212.50,210.79,219.02,225.71,227.92,206.0013,1,204.5730,1,742790,728534,-0.0103,-2.2554,2.2451,41.07
2025-05-15,221.78,223.91,220.27,223.33,214.12,211.48,218.77,225.69,227.89,206.1504,1,205.7645,1,601964,725705,0.7403,-1.6563,2.3966,43.34
2025-05-16,223.79,224.41,222.62,223.88,215.39,212.02,218.50,225.66,227.84,208.6344,1,206.8845,1,464414,723656,1.3639,-1.0523,2.4162,42.93
2025-05-19,221.62,222.57,220.73,222.02,216.65,212.67,218.12,225.62,227.77,208.6344,1,207.9373,1,575907,721034,1.6888,-0.5041,2.1928,40.29
2025-05-20,221.20,222.40,220.39,220.89,218.11,213.22,217.73,225.55,227.71,208.6344,1,208.9270,1,452756,718069,1.8338,-0.0365,1.8703,38.04
2025-05-21,218.28,219.50,216.20,216.33,219.06,213.40,217.46,225.43,227.65,208.6344,1,209.8573,1,488297,711866,1.5630,0.2834,1.2796,39.76
2025-05-22,216.08,217.04,214.70,215.61,219.64,213.76,217.17,225.30,227.61,208.6344,1,210.7317,1,634934,715409,1.2752,0.4818,0.7934,37.81
2025-05-23,212.95,215.74,212.84,214.87,220.20,214.19,216.94,225.15,227.55,208.6344,1,211.5537,1,716949,718503,0.9765,0.5807,0.3958,37.00
2025-05-27,216.37,217.63,215.48,217.04,219.57,214.76,216.68,225.05,227.51,208.6344,1,212.3264,1,586294,720172,0.9042,0.6454,0.2588,34.19
2025-05-28,217.67,218.10,214.73,214.94,218.98,215.13,216.38,224.93,227.44,208.6344,1,212.8420,1,682804,723653,0.6698,0.6503,0.0195,34.38
2025-05-29,215.19,216.31,212.61,215.26,218.42,215.46,216.10,224.83,227.39,208.6344,1,224.4316,0,663213,726560,0.5040,0.6210,-0.1170,32.48
2025-05-30,215.02,216.62,214.41,215.74,217.66,215.89,215.84,224.73,227.34,208.6344,1,224.1952,0,926450,735358,0.4064,0.5781,-0.1717,34.96
2025-06-02,212.93,214.12,211.58,213.04,216.58,215.98,215.56,224.61,227.28,208.6344,1,223.9635,0,1004048,741964,0.1102,0.4845,-0.3743,33.75
2025-06-03,212.02,216.43,211.75,215.85,215.96,216.30,215.35,224.58,227.21,208.6344,1,223.4682,0,1381534,750100,0.1013,0.4079,-0.3066,32.48
2025-06-04,215.92,216.23,213.50,214.97,215.37,216.74,215.10,224.54,227.12,208.6344,1,222.9928,0,878356,752186,0.0225,0.3308,-0.3083,31.94
2025-06-05,215.05,215.83,213.54,214.75,215.21,217.13,214.83,224.49,227.04,208.6344,1,222.5363,0,680617,757079,-0.0566,0.2533,-0.3099,31.07
2025-06-06,217.01,218.17,216.21,217.46,215.39,217.52,214.57,224.46,226.95,208.6344,1,222.0981,0,659878,762136,0.0980,0.2222,-0.1243,32.06
2025-06-09,217.99,219.24,217.28,218.15,215.72,217.96,214.37,224.44,226.87,208.6344,1,221.6774,0,701222,767128,0.2730,0.2324,0.0406,31.41
2025-06-10,218.50,223.08,217.39,220.55,216.07,217.82,214.29,224.43,226.80,209.2427,1,211.5815,1,707491,772373,0.5981,0.3055,0.2926,32.06
2025-06-11,220.95,220.95,218.63,219.69,216.55,217.76,214.11,224.41,226.74,209.2427,1,211.8114,1,599309,767926,0.7776,0.4000,0.3777,33.89
2025-06-12,218.57,219.47,217.54,219.47,216.97,217.69,213.91,224.40,226.66,209.2427,1,212.0367,1,437270,765442,0.8916,0.4983,0.3933,35.41
2025-06-13,217.70,219.45,216.82,217.40,217.13,217.40,213.65,224.36,226.57,209.2427,1,212.2575,1,373050,763252,0.8061,0.5598,0.2462,37.50
2025-06-16,218.05,220.15,217.79,218.65,217.69,217.13,213.69,224.24,226.47,209.2427,1,212.4738,1,597457,749423,0.8293,0.6137,0.2156,37.11
2025-06-17,217.79,218.02,213.78,214.70,217.58,216.77,213.86,224.12,226.34,209.2427,1,212.6859,1,610571,732697,0.5228,0.5956,-0.0727,35.62
2025-06-18,215.08,216.20,214.37,216.08,217.69,216.53,214.11,224.02,226.22,209.2427,1,212.8937,1,536043,722186,0.3870,0.5538,-0.1668,36.69
2025-06-20,216.66,217.80,215.30,216.56,217.87,216.54,214.42,223.92,226.08,209.2427,1,213.0973,1,951074,719855,0.3150,0.5061,-0.1911,38.44
2025-06-23,216.49,219.93,215.89,219.84,218.11,216.75,214.49,223.86,225.96,209.2427,1,213.2969,1,602038,707929,0.5166,0.5082,0.0084,38.82
2025-06-24,221.47,221.94,219.81,221.82,218.48,217.10,214.68,223.81,225.84,211.3979,1,213.4925,1,632929,698266,0.8263,0.5718,0.2545,37.71
2025-06-25,220.85,220.93,219.45,220.75,218.50,217.28,214.87,223.78,225.74,211.3979,1,213.6842,1,454845,694401,0.9742,0.6523,0.3219,38.99
2025-06-26,221.34,224.09,220.81,223.26,218.85,217.70,215.03,223.76,225.66,213.1319,1,213.8720,1,679040,693766,1.2792,0.7777,0.5015,38.54
2025-06-27,222.95,225.49,222.95,225.23,219.43,218.20,215.28,223.77,225.59,215.0728,1,214.2806,1,1719538,715802,1.6604,0.9542,0.7062,40.17
2025-06-30,224.77,225.80,223.67,223.93,220.08,218.61,215.57,223.78,225.50,215.8639,1,214.9532,1,823456,718003,1.8369,1.1308,0.7062,38.46
2025-07-01,223.48,230.77,223.30,229.28,221.14,219.42,215.89,223.81,225.46,216.8104,1,215.8210,1,633094,710640,2.3805,1.3807,0.9998,39.83
2025-07-02,229.95,231.07,228.24,230.82,222.76,220.17,216.33,223.83,225.43,219.6045,1,217.3164,1,415528,704347,2.9028,1.6851,1.2176,39.52
2025-07-03,231.34,232.80,229.97,229.97,224.15,220.92,216.73,223.82,225.39,221.4875,1,218.9664,1,313685,696074,3.2105,1.9902,1.2203,36.18
2025-07-07,229.43,231.16,227.58,229.06,225.40,221.63,217.06,223.75,225.32,221.4875,1,220.9030,1,607415,691170,3.3428,2.2607,1.0821,37.15
2025-07-08,228.77,232.48,228.05,230.22,226.43,222.27,217.49,223.72,225.26,221.4875,1,222.5684,1,608925,680919,3.5008,2.5087,0.9920,35.56
2025-07-09,230.99,232.11,229.89,230.17,227.27,222.87,217.97,223.69,225.21,221.4875,1,224.0007,1,575333,677688,3.5808,2.7231,0.8576,34.99
2025-07-10,230.83,234.31,229.30,230.67,228.26,223.38,218.47,223.67,225.18,221.4875,1,225.2325,1,623334,677172,3.6422,2.9070,0.7353,33.09
2025-07-11,229.32,229.98,227.82,228.82,228.82,223.83,218.89,223.66,225.15,221.4875,1,226.6845,1,755071,679888,3.5013,3.0258,0.4755,37.23
2025-07-14,227.83,228.58,225.22,227.08,229.00,224.22,219.26,223.66,225.12,221.4875,1,234.3076,0,460414,675557,3.2121,3.0631,0.1490,34.54
2025-07-15,226.81,227.76,224.87,224.96,229.10,224.59,219.62,223.66,225.05,221.4875,1,234.1258,0,559197,667651,2.7804,3.0065,-0.2262,37.69
2025-07-16,225.80,226.72,223.56,225.00,228.68,224.91,219.90,223.67,225.00,221.4875,1,233.7555,0,544776,665769,2.4136,2.8880,-0.4744,35.95
2025-07-17,221.42,224.19,220.69,221.41,227.74,225.25,220.14,223.65,224.94,232.8081,0,233.1439,0,1185519,681270,1.8122,2.6728,-0.8606,29.72
2025-07-18,222.32,222.32,216.40,218.86,226.63,225.39,220.39,223.61,224.87,230.4660,0,232.1477,0,1303009,697672,1.1169,2.3616,-1.2447,28.35
2025-07-21,219.93,221.25,218.91,219.82,225.70,225.55,220.65,223.56,224.79,230.4660,0,230.5729,0,635565,696367,0.6356,2.0164,-1.3808,30.67
2025-07-22,220.72,224.37,219.96,223.11,224.99,225.71,220.91,223.55,224.73,230.4660,0,229.1555,0,872556,699353,0.5144,1.7160,-1.2016,29.61
2025-07-23,223.31,224.98,221.24,224.83,224.46,225.86,221.22,223.55,224.69,230.4660,0,227.8799,0,863963,707231,0.5503,1.4829,-0.9326,32.57
2025-07-24,219.96,224.50,213.35,214.63,222.85,225.56,221.05,223.47,224.61,230.4660,0,226.7318,0,2157590,727454,-0.2416,1.1380,-1.3796,24.86
2025-07-25,217.12,220.23,215.26,218.74,221.84,225.33,221.01,223.44,224.56,230.4660,0,225.1263,0,1855161,750733,-0.5316,0.8041,-1.3356,28.92
2025-07-28,219.20,224.80,218.81,223.11,221.45,225.22,221.05,223.45,224.55,230.4660,0,213.3529,1,1572220,767322,-0.4033,0.5626,-0.9659,33.74
2025-07-29,220.34,224.22,213.28,217.79,220.73,224.92,220.94,223.46,224.50,230.4660,0,224.7987,0,4271993,840723,-0.7230,0.3055,-1.0284,30.21
2025-07-30,219.82,220.52,216.56,219.26,220.16,224.42,220.85,223.49,224.46,230.4660,0,224.7987,0,1883611,869107,-0.8479,0.0748,-0.9227,34.88
2025-07-31,216.54,217.80,214.90,216.04,219.62,223.68,220.73,223.48,224.40,230.4660,0,224.5682,0,1231223,882213,-1.1931,-0.1788,-1.0143,33.77
2025-08-01,214.66,214.93,212.79,213.54,219.09,222.86,220.58,223.45,224.31,228.6586,0,224.3423,0,1017424,893506,-1.6495,-0.4729,-1.1766,34.61
2025-08-04,214.00,217.43,213.76,216.13,218.72,222.21,220.58,223.41,224.21,228.6586,0,223.8802,0,928455,902309,-1.7818,-0.7347,-1.0471,35.28
2025-08-05,216.78,217.43,215.67,217.01,218.11,221.55,220.61,223.38,224.12,228.6586,0,223.4365,0,541817,900447,-1.7945,-0.9467,-0.8478,35.81
2025-08-06,217.89,220.24,216.48,219.44,217.57,221.01,220.70,223.37,224.03,228.6586,0,223.0106,0,706975,900248,-1.5906,-1.0755,-0.5152,38.80
2025-08-07,221.10,222.31,216.17,216.71,217.78,220.31,220.69,223.35,223.96,228.6586,0,222.6017,0,693296,902388,-1.6302,-1.1864,-0.4438,34.93
2025-08-08,216.92,218.46,216.18,216.30,217.53,219.69,220.72,223.33,223.87,228.6586,0,222.3071,0,521264,899157,-1.6752,-1.2842,-0.3910,32.81
2025-08-11,216.75,217.79,212.85,213.78,216.60,219.02,220.69,223.29,223.79,228.6373,0,222.3071,0,970765,905308,-1.8925,-1.4058,-0.4867,32.01
2025-08-12,214.42,215.30,212.35,212.95,216.12,218.42,220.63,223.22,223.70,226.6962,0,221.9263,0,705455,900888,-2.1071,-1.5461,-0.5610,27.15
2025-08-13,213.58,217.53,212.68,217.22,215.91,218.03,220.72,223.20,223.64,226.6962,0,221.3518,0,691144,894630,-1.9112,-1.6191,-0.2921,26.55
2025-08-14,216.23,216.45,213.44,215.60,215.87,217.74,220.71,223.16,223.61,226.6962,0,220.8117,0,1383525,894670,-1.8649,-1.6683,-0.1966,26.81
2025-08-15,217.30,217.68,214.52,214.88,216.00,217.54,220.71,223.10,223.58,226.6962,0,220.3040,0,825541,893613,-1.8647,-1.7076,-0.1572,25.94
2025-08-18,214.80,215.47,213.06,214.20,215.81,217.26,220.70,223.08,223.54,226.2685,0,219.8268,0,701703,894035,-1.8977,-1.7456,-0.1521,25.86
2025-08-19,215.02,219.01,214.18,217.79,215.89,217.00,220.71,223.08,223.52,226.2685,0,219.3782,0,1096294,902763,-1.6154,-1.7196,0.1041,26.36
2025-08-20,218.99,220.82,218.44,219.65,215.91,216.74,220.74,223.08,223.51,226.2685,0,212.3504,1,1020412,909147,-1.2276,-1.6212,0.3936,28.37
2025-08-21,219.46,220.14,217.56,219.28,216.17,216.97,220.71,223.06,223.50,226.2685,0,212.5197,1,774018,910478,-0.9392,-1.4848,0.5456,27.69
2025-08-22,220.63,225.14,216.24,221.76,216.71,217.12,220.75,223.03,223.49,226.2685,0,212.6857,1,1211547,922723,-0.5046,-1.2887,0.7841,24.72
2025-08-25,222.13,222.83,215.22,217.35,217.07,216.83,220.71,222.97,223.48,226.2685,0,213.1838,1,1338357,940744,-0.5101,-1.1330,0.6229,23.40
2025-08-26,216.61,217.03,214.47,216.79,217.45,216.78,220.70,222.90,223.45,226.2685,0,213.6621,1,837057,950024,-0.5535,-1.0171,0.4636,23.81
2025-08-27,216.55,217.04,214.52,215.05,217.24,216.57,220.63,222.82,223.33,226.2685,0,214.1212,1,765570,953387,-0.7203,-0.9577,0.2375,21.42
2025-08-28,218.28,218.85,214.94,216.41,217.32,216.59,220.66,222.67,223.25,226.2685,0,214.4722,1,1400649,969188,-0.7340,-0.9130,0.1790,23.13
2025-08-29,216.83,219.09,216.63,218.96,217.72,216.86,220.72,222.54,223.19,226.2685,0,214.5208,1,1120712,980882,-0.5333,-0.8371,0.3038,25.26
2025-09-02,217.62,218.17,214.81,217.41,218.04,216.93,220.73,222.36,223.12,226.2685,0,225.1393,0,878059,979421,-0.4934,-0.7683,0.2749,24.70
2025-09-03,216.85,217.91,214.23,217.18,217.98,216.94,220.68,222.21,223.07,226.2685,0,224.9328,0,1304171,993464,-0.4745,-0.7096,0.2351,25.15
2025-09-04,218.06,218.87,215.96,218.46,217.86,216.89,220.61,222.06,223.01,226.2685,0,224.5049,0,803239,996870,-0.3527,-0.6382,0.2855,25.72
2025-09-05,217.58,218.56,214.35,215.76,217.51,216.84,220.51,221.90,222.96,226.2685,0,224.0941,0,881637,1005406,-0.4681,-0.6042,0.1361,22.92
2025-09-08,214.79,215.56,211.81,212.78,216.61,216.66,220.30,221.73,222.90,225.5917,0,223.6997,0,897544,1009776,-0.7914,-0.6416,-0.1498,21.10
2025-09-09,212.99,214.12,211.20,211.59,216.04,216.55,220.03,221.58,222.84,224.2528,0,222.9861,0,672175,988829,-1.1303,-0.7394,-0.3910,22.54
2025-09-10,210.56,211.61,206.49,210.75,215.43,216.44,219.77,221.42,222.77,221.0210,0,222.0431,0,1076961,993899,-1.4501,-0.8815,-0.5686,22.73
2025-09-11,210.34,212.31,209.74,211.58,215.09,216.16,219.41,221.26,222.71,221.0210,0,220.4876,0,891532,999068,-1.6177,-1.0287,-0.5890,19.69
2025-09-12,210.74,211.82,209.48,210.47,214.49,215.90,219.01,221.10,222.62,221.0210,0,219.0876,0,1333989,1017437,-1.8189,-1.1868,-0.6321,21.35
2025-09-15,211.55,212.58,209.90,211.79,213.78,215.75,218.64,220.96,222.52,221.0210,0,217.8277,0,969752,1030558,-1.8511,-1.3196,-0.5315,22.80
2025-09-16,213.93,214.50,210.99,211.54,213.19,215.62,218.29,220.81,222.39,221.0210,0,216.6937,0,955994,1037530,-1.8748,-1.4307,-0.4441,22.31
2025-09-17,211.85,215.14,211.67,212.69,212.74,215.36,217.94,220.64,222.28,221.0210,0,215.6732,0,1041873,1046189,-1.7805,-1.5006,-0.2799,22.46
2025-09-18,212.99,216.00,212.31,215.81,212.48,215.17,217.65,220.48,222.18,221.0210,0,206.4881,1,958412,1053850,-1.4372,-1.4879,0.0508,22.27
2025-09-19,217.08,217.08,214.70,216.06,212.51,215.01,217.36,220.31,222.09,221.0210,0,206.6783,1,1904328,1079470,-1.1323,-1.4168,0.2845,24.50
2025-09-22,216.10,224.27,214.72,221.19,213.35,214.98,217.21,220.19,222.05,207.2454,1,207.0945,1,1837516,1101119,-0.4711,-1.2277,0.7566,27.02
2025-09-23,221.19,224.27,220.80,223.27,214.51,215.28,217.13,220.06,222.03,210.4638,1,208.1252,1,1181620,1115543,0.2187,-0.9384,1.1571,29.10
2025-09-24,224.60,227.27,223.68,225.61,216.00,215.72,217.15,219.98,222.03,213.4102,1,209.4171,1,1365090,1131661,0.9426,-0.5622,1.5048,30.24
2025-09-25,226.28,227.70,225.72,227.21,217.56,216.33,217.19,219.91,222.05,215.2266,1,211.2024,1,1399981,1148765,1.6271,-0.1243,1.7514,34.40
2025-09-26,227.23,230.64,227.01,230.35,219.55,217.02,217.37,219.87,222.08,217.3957,1,213.1822,1,1162100,1148297,2.3949,0.3795,2.0154,34.51
2025-09-29,230.88,232.46,230.24,231.31,221.50,217.64,217.62,219.86,222.12,220.3981,1,215.6262,1,1203880,1146314,3.0457,0.9127,2.1329,35.22
2025-09-30,232.11,232.11,229.97,231.49,223.50,218.34,217.85,219.82,222.13,220.5442,1,218.3197,1,897615,1151555,3.5357,1.4373,2.0984,36.64
2025-10-01,231.05,232.35,229.17,229.89,225.22,218.98,217.99,219.78,222.16,220.5442,1,220.5823,1,927411,1152652,3.7520,1.9002,1.8517,33.62
2025-10-02,230.58,232.10,228.70,229.68,226.61,219.54,218.08,219.74,222.18,220.5442,1,222.4828,1,908390,1153541,3.8615,2.2925,1.5690,34.26
2025-10-03,230.01,232.83,229.68,231.91,228.19,220.35,218.43,219.70,222.21,220.9671,1,224.0793,1,752219,1125434,4.0814,2.6503,1.4311,33.92
2025-10-06,232.11,233.31,230.64,232.51,229.32,221.33,218.71,219.66,222.25,221.9138,1,225.6549,1,774218,1103815,4.2548,2.9712,1.2836,37.74
2025-10-07,232.87,233.30,226.49,227.07,229.70,222.11,218.78,219.62,222.28,221.9138,1,233.3127,0,701168,1086394,3.9086,3.1587,0.7500,33.35
2025-10-08,225.43,228.92,224.49,227.85,229.93,222.96,218.99,219.57,222.34,221.9138,1,233.3127,0,832957,1017613,3.6546,3.2578,0.3967,35.38
2025-10-09,227.94,228.66,225.37,226.76,229.88,223.72,219.14,219.50,222.40,221.9138,1,233.3029,0,539789,990736,3.3272,3.2717,0.0554,35.23
2025-10-10,227.75,229.03,220.57,220.80,228.93,224.24,219.23,219.36,222.42,234.6060,0,232.9504,0,622851,978569,2.5569,3.1288,-0.5718,35.04
2025-10-13,222.05,222.72,220.18,221.19,227.92,224.71,219.38,219.23,222.43,233.5444,0,232.2076,0,469700,967615,1.9556,2.8941,-0.9385,34.35
2025-10-14,219.30,223.15,218.72,222.39,227.01,225.25,219.51,219.18,222.44,233.1486,0,231.2454,0,523692,959519,1.5583,2.6269,-1.0687,34.43
2025-10-15,222.45,223.29,219.95,221.06,226.12,225.67,219.59,219.12,222.43,233.1486,0,229.9929,0,560621,959895,1.1230,2.3262,-1.2032,31.25
2025-10-16,221.60,222.80,218.61,219.42,225.10,225.85,219.59,219.08,222.43,232.7617,0,228.8656,0,665668,959069,0.6379,1.9885,-1.3506,35.70
2025-10-17,220.46,223.95,220.18,221.37,224.04,226.12,219.68,219.02,222.44,232.7617,0,227.6352,0,731759,959838,0.4068,1.6722,-1.2654,36.95
2025-10-20,221.98,224.48,221.14,222.61,223.05,226.19,219.81,218.97,222.45,232.7617,0,226.5525,0,664193,962697,0.3195,1.4016,-1.0821,38.27
2025-10-21,221.62,223.44,220.77,221.86,222.53,226.12,219.97,218.92,222.46,232.7617,0,225.5997,0,617933,955640,0.1882,1.1589,-0.9708,34.69
2025-10-22,222.30,224.13,220.56,220.59,221.81,225.87,220.12,218.87,222.45,232.7617,0,224.7613,0,846182,958455,-0.0185,0.9235,-0.9419,32.91
2025-10-23,218.67,221.28,214.58,215.50,220.68,225.28,220.09,218.79,222.42,230.2891,0,224.1264,0,1132876,967290,-0.5864,0.6215,-1.2079,29.52
2025-10-24,215.96,216.70,211.54,212.14,219.81,224.37,220.02,218.69,222.37,226.7964,0,224.1264,0,894296,957505,-1.2927,0.2387,-1.5313,24.42
2025-10-27,213.70,214.41,211.93,213.73,219.07,223.49,220.00,218.60,222.33,225.3224,0,222.1128,0,1023935,961473,-1.7047,-0.1500,-1.5547,26.12
2025-10-28,213.85,216.35,213.07,213.10,218.14,222.57,219.98,218.50,222.31,225.3224,0,220.4214,0,605444,959548,-2.0581,-0.5316,-1.5265,27.14
2025-10-29,212.17,213.66,211.08,211.90,217.22,221.67,219.86,218.38,222.28,223.8693,0,219.0006,0,776314,953148,-2.4068,-0.9067,-1.5002,29.97
2025-10-30,211.59,215.75,211.25,214.31,216.71,220.90,219.75,218.29,222.24,223.8693,0,217.5751,0,614234,945025,-2.4604,-1.2174,-1.2430,33.10
2025-10-31,213.01,216.43,211.87,215.82,216.16,220.10,219.68,218.23,222.21,223.8693,0,211.0813,1,569943,940943,-2.3541,-1.4447,-0.9093,32.20
2025-11-03,215.40,216.44,213.53,214.30,215.33,219.19,219.53,218.13,222.15,223.8693,0,211.1882,1,777402,932260,-2.3650,-1.6288,-0.7362,30.61
2025-11-04,214.10,216.57,212.97,216.35,214.77,218.65,219.51,218.05,222.11,223.8693,0,211.3982,1,604807,917589,-2.1834,-1.7397,-0.4436,35.10
2025-11-05,215.21,216.77,212.80,212.89,214.00,217.90,219.43,217.93,222.03,223.8693,0,211.7083,1,588578,912620,-2.2919,-1.8502,-0.4418,30.38
2025-11-06,212.45,214.05,211.85,213.49,213.80,217.24,219.40,217.91,221.97,223.8693,0,216.7714,0,747662,912261,-2.3032,-1.9408,-0.3625,36.16
2025-11-07,214.70,217.10,213.70,216.91,214.28,217.05,219.41,217.98,221.86,223.8693,0,211.8550,1,827316,900795,-2.0132,-1.9552,-0.0579,37.63
2025-11-10,216.50,220.00,216.18,219.26,214.83,216.95,219.42,218.08,221.76,223.8693,0,211.8550,1,916856,896718,-1.5755,-1.8793,0.3038,38.08
2025-11-11,219.87,220.26,218.83,220.16,215.54,216.84,219.47,218.21,221.64,223.8693,0,212.1809,1,606510,891287,-1.1427,-1.7320,0.5893,37.70
2025-11-12,220.16,222.37,218.90,218.94,216.24,216.73,219.51,218.23,221.53,223.8693,0,212.6655,1,434961,873902,-0.8883,-1.5632,0.6749,35.42
2025-11-13,217.80,219.00,216.39,216.91,216.50,216.61,219.48,218.26,221.42,223.8693,0,213.4421,1,594054,869719,-0.8406,-1.4187,0.5781,34.76
2025-11-14,217.14,219.60,215.87,218.42,216.76,216.46,219.53,218.30,221.31,223.8693,0,214.1566,1,643725,864961,-0.6733,-1.2696,0.5963,35.99
2025-11-17,218.25,219.07,216.31,216.44,216.98,216.15,219.60,218.31,221.20,223.8693,0,214.8140,1,645563,859921,-0.6923,-1.1542,0.4618,39.08
2025-11-18,217.13,217.39,215.35,216.26,216.97,215.87,219.70,218.34,221.11,223.8693,0,222.3733,0,853050,863538,-0.7135,-1.0660,0.3526,40.10
2025-11-19,216.74,217.41,215.43,216.60,217.34,215.67,219.82,218.38,221.02,223.8693,0,222.2328,0,751204,857023,-0.6945,-0.9917,0.2972,41.76
2025-11-20,216.99,218.87,215.90,216.64,217.65,215.73,219.92,218.41,220.93,223.8693,0,222.0952,0,874908,856691,-0.6687,-0.9271,0.2585,44.29
2025-11-21,217.73,222.75,217.11,221.55,218.12,216.20,220.14,218.49,220.86,223.8693,0,215.3513,1,813397,846279,-0.2494,-0.7916,0.5422,44.78
2025-11-24,221.91,221.91,217.91,219.87,218.18,216.51,220.30,218.56,220.80,223.8693,0,215.4992,1,1006478,847013,-0.0524,-0.6437,0.5913,42.06
2025-11-25,221.08,224.71,220.61,224.40,218.60,217.07,220.56,218.64,220.74,211.9035,1,215.6441,1,591728,839728,0.4643,-0.4221,0.8864,40.18
2025-11-26,224.27,227.04,223.71,225.90,219.30,217.77,220.82,218.75,220.68,214.6982,1,216.0069,1,745885,833808,0.9833,-0.1410,1.1243,41.53
2025-11-28,226.16,227.66,225.71,227.04,220.31,218.41,221.05,218.89,220.62,216.4891,1,216.6692,1,279958,820239,1.4701,0.1812,1.2889,42.02
2025-12-01,226.68,229.29,226.37,226.58,221.13,218.95,221.26,219.03,220.55,217.7743,1,217.5486,1,801200,798177,1.7981,0.5046,1.2935,42.31
2025-12-02,226.81,228.98,224.64,227.45,222.23,219.60,221.38,219.16,220.49,217.7743,1,218.7225,1,1205349,785533,2.1033,0.8243,1.2790,45.05
2025-12-03,227.98,230.99,227.54,230.37,223.64,220.30,221.52,219.31,220.43,218.8866,1,219.7790,1,841300,778727,2.5520,1.1699,1.3822,46.70
2025-12-04,230.85,232.81,229.48,232.39,225.22,221.28,221.66,219.48,220.40,220.8062,1,221.1245,1,750358,766432,3.0355,1.5430,1.4925,48.44
2025-12-05,232.24,233.53,231.48,231.80,226.74,222.19,221.75,219.61,220.37,222.5798,1,222.7609,1,587028,750173,3.3325,1.9009,1.4316,47.91
2025-12-08,231.27,233.82,230.64,231.93,227.77,222.95,221.78,219.76,220.35,222.5798,1,224.4848,1,579606,738523,3.5374,2.2282,1.3092,49.42
2025-12-09,230.67,231.27,228.05,228.11,228.60,223.39,221.72,219.91,220.32,222.5798,1,226.1652,1,876501,731976,3.3528,2.4531,0.8997,45.20
2025-12-10,228.55,233.24,228.39,231.95,229.35,223.98,221.73,220.08,220.30,222.5798,1,227.5431,1,1162772,737279,3.4764,2.6578,0.8186,45.61
2025-12-11,230.31,232.68,229.26,232.60,230.02,224.66,221.78,220.23,220.28,222.5798,1,228.0479,1,682056,732372,3.5855,2.8433,0.7422,44.18
2025-12-12,232.29,236.41,231.72,236.37,230.96,225.63,221.92,220.41,220.29,223.1539,1,228.3927,1,702574,728256,3.9311,3.0609,0.8702,47.80
2025-12-15,236.42,237.57,234.59,236.88,231.99,226.56,222.02,220.50,220.28,225.3643,1,229.2596,1,790930,729030,4.1979,3.2883,0.9096,47.95
2025-12-16,237.92,237.92,231.65,232.36,232.48,227.35,222.01,220.58,220.25,225.3643,1,230.9224,1,650015,726546,3.9984,3.4303,0.5681,45.07
2025-12-17,231.78,234.39,231.03,233.21,232.76,228.20,222.13,220.66,220.25,225.3643,1,237.9185,0,598976,724502,3.8641,3.5171,0.3471,42.54
2025-12-18,233.27,234.46,230.59,230.92,232.61,228.92,222.20,220.71,220.22,225.3643,1,237.9185,0,715778,722158,3.5326,3.5202,0.0124,39.68
2025-12-19,230.92,231.99,228.58,230.74,232.51,229.62,222.28,220.75,220.19,225.3643,1,237.6253,0,1106011,733483,3.2176,3.4596,-0.2420,39.38
2025-12-22,231.24,231.71,229.04,231.11,232.43,230.10,222.48,220.81,220.14,225.3643,1,237.0826,0,491649,730859,2.9640,3.3605,-0.3965,37.08
2025-12-23,231.18,231.72,229.77,230.66,232.68,230.64,222.67,220.88,220.09,225.3643,1,236.5724,0,463781,730740,2.6955,3.2275,-0.5321,36.59
2025-12-24,230.33,231.96,230.33,231.54,232.64,231.00,222.85,220.98,220.10,225.3643,1,236.0929,0,216693,724600,2.5250,3.0870,-0.5620,36.55
2025-12-26,231.16,231.44,229.26,229.96,232.38,231.20,223.03,221.08,220.10,225.3643,1,235.6421,0,210680,717601,2.2362,2.9169,-0.6806,35.20
2025-12-29,229.96,231.16,229.61,231.03,231.84,231.40,223.27,221.18,220.12,225.3643,1,235.2184,0,364483,711578,2.0701,2.7475,-0.6774,37.08
2025-12-30,230.49,231.13,229.45,229.58,231.11,231.55,223.43,221.27,220.12,225.3643,1,234.8200,0,439155,705726,1.8009,2.5582,-0.7573,36.14
2025-12-31,229.66,230.01,227.72,227.87,230.66,231.57,223.53,221.35,220.11,225.3643,1,234.4456,0,409113,700624,1.4326,2.3331,-0.9004,36.97
2026-01-02,227.90,229.25,226.22,228.45,230.19,231.47,223.67,221.44,220.11,225.3643,1,233.9078,0,595986,700185,1.1742,2.1013,-0.9271,35.22
2026-01-05,227.58,230.94,226.63,228.51,229.95,231.28,223.82,221.53,220.11,225.3643,1,233.1386,0,594029,695142,0.9631,1.8736,-0.9106,35.60
2026-01-06,228.04,230.79,227.75,230.14,229.89,231.20,224.12,221.64,220.12,225.3643,1,232.4463,0,523402,682953,0.9163,1.6822,-0.7659,35.49
2026-01-07,230.41,231.74,221.11,221.13,228.89,230.66,224.30,221.68,220.09,236.2975,0,231.8232,0,1004930,685165,0.1510,1.3759,-1.2249,28.62
2026-01-08,221.14,227.53,220.97,226.42,228.46,230.57,224.55,221.75,220.09,236.2975,0,231.7420,0,505256,674792,-0.0283,1.0951,-1.1234,30.50
2026-01-09,227.17,228.01,223.48,225.03,227.81,230.23,224.79,221.82,220.07,236.2975,0,231.7420,0,598696,674657,-0.2793,0.8202,-1.0995,31.02
2026-01-12,222.64,226.26,221.64,226.08,227.43,229.90,225.07,221.88,220.05,236.2975,0,230.2346,0,752622,674183,-0.3895,0.5783,-0.9677,30.94
2026-01-13,226.81,227.32,224.41,225.87,226.91,229.38,225.30,221.93,220.04,236.2975,0,228.9382,0,515834,672215,-0.4879,0.3650,-0.8529,34.05
2026-01-14,223.94,226.94,222.48,223.75,226.33,228.72,225.46,221.95,220.04,236.2975,0,227.8234,0,684873,674513,-0.7283,0.1464,-0.8747,30.67
2026-01-15,224.38,227.32,223.62,227.07,226.25,228.45,225.72,222.00,220.03,236.2975,0,220.9750,1,559402,670153,-0.6436,-0.0116,-0.6320,33.59
2026-01-16,226.60,228.46,225.50,226.07,226.01,228.10,225.91,222.04,220.01,236.2975,0,221.1018,1,886612,675790,-0.6500,-0.1393,-0.5107,33.13
2026-01-20,221.28,224.60,216.70,218.38,225.00,227.47,226.02,222.05,219.95,234.0517,0,228.4616,0,1336059,690739,-1.2606,-0.3636,-0.8970,29.52
2026-01-21,220.14,226.50,219.82,225.97,224.58,227.23,226.27,222.10,220.00,234.0517,0,228.4616,0,797773,691741,-1.1195,-0.5148,-0.6048,33.01
2026-01-22,226.05,229.38,225.87,227.92,225.26,227.07,226.49,222.19,220.11,234.0517,0,216.6997,1,875921,692713,-0.8407,-0.5799,-0.2607,35.22
2026-01-23,228.46,230.20,225.89,226.23,225.24,226.85,226.63,222.26,220.22,234.0517,0,216.9532,1,732354,689023,-0.7477,-0.6135,-0.1342,37.58
2026-01-26,226.42,228.82,225.97,227.45,225.48,226.65,226.78,222.33,220.35,234.0517,0,217.4829,1,961703,696127,-0.5690,-0.6046,0.0356,38.37
2026-01-27,231.50,233.35,225.75,229.08,225.78,226.60,226.98,222.39,220.41,234.0517,0,217.9914,1,1212144,711671,-0.2920,-0.5421,0.2501,39.24
2026-01-28,228.29,230.84,224.24,224.31,225.62,226.27,227.13,222.41,220.48,234.0517,0,218.9128,1,967335,719137,-0.4520,-0.5241,0.0721,35.67
2026-01-29,226.43,230.28,224.50,230.10,226.26,226.29,227.36,222.47,220.57,234.0517,0,219.7789,1,826850,722799,-0.1109,-0.4414,0.3305,37.28
2026-01-30,229.00,231.86,227.21,231.59,226.71,226.48,227.67,222.52,220.65,234.0517,0,220.5930,1,903043,727949,0.2770,-0.2977,0.5748,38.03
2026-02-02,231.39,232.22,227.29,231.72,227.28,226.64,227.97,222.57,220.75,234.0517,0,221.3583,1,1301386,736915,0.5880,-0.1206,0.7086,38.07
2026-02-03,231.31,238.63,230.51,237.89,229.23,227.11,228.40,222.66,220.89,218.5808,1,222.0777,1,1119717,744286,1.3169,0.1669,1.1500,41.84
2026-02-04,238.92,247.91,238.92,246.04,231.23,227.91,228.99,222.77,221.05,226.0202,1,223.4017,1,1344208,753672,2.5228,0.6381,1.8847,49.16
2026-02-05,246.93,248.37,244.80,247.70,233.21,229.23,229.51,222.89,221.25,229.8619,1,225.8522,1,1111057,759625,3.5717,1.2248,2.3469,50.84
2026-02-06,248.13,249.51,246.11,248.85,235.47,230.36,230.09,223.01,221.44,231.7413,1,228.5544,1,1097634,761448,4.4447,1.8688,2.5759,47.39
2026-02-09,247.96,251.14,245.36,250.55,237.78,231.63,230.61,223.15,221.63,232.0472,1,231.4886,1,867834,766970,5.2132,2.5377,2.6755,48.69
2026-02-10,251.04,257.65,250.30,257.42,240.62,233.20,231.24,223.34,221.87,237.1908,1,234.6326,1,1261679,777286,6.3044,3.2910,3.0134,52.36
2026-02-11,258.38,259.98,256.92,258.89,244.08,234.85,231.88,223.53,222.14,242.4275,1,238.7757,1,1218019,796047,7.2045,4.0737,3.1308,53.41
2026-02-12,260.50,261.41,255.78,257.87,246.85,236.56,232.51,223.71,222.40,242.4824,1,243.0174,1,1561694,811257,7.7460,4.8082,2.9378,54.27
2026-02-13,256.96,259.12,254.31,256.79,249.37,238.04,233.09,223.89,222.64,242.4824,1,246.6965,1,1036646,807883,7.9962,5.4458,2.5505,51.50
2026-02-17,257.10,260.22,256.61,258.88,252.09,239.68,233.66,224.11,222.90,242.9791,1,249.6398,1,856150,808180,8.2678,6.0102,2.2576,52.21
2026-02-18,257.26,261.12,256.68,261.05,254.40,241.81,234.24,224.35,223.17,243.6803,1,251.9944,1,865543,810484,8.5592,6.5200,2.0392,54.84
2026-02-19,261.29,261.68,258.20,259.05,255.71,243.47,234.78,224.57,223.41,245.1984,1,253.8781,1,852864,815800,8.5304,6.9221,1.6084,53.07
2026-02-20,258.77,263.19,257.63,262.13,257.15,245.18,235.39,224.85,223.67,245.4737,1,255.4382,1,898061,822170,8.6567,7.2690,1.3877,53.95
2026-02-23,262.19,263.82,258.68,259.83,258.25,246.86,236.02,225.12,223.94,246.2697,1,256.9878,1,727687,819193,8.4730,7.5098,0.9632,54.52
2026-02-24,259.86,263.26,259.86,262.68,259.46,248.62,236.64,225.40,224.22,247.0467,1,257.6301,1,636091,808660,8.4605,7.6999,0.7605,55.00
2026-02-25,262.87,263.89,257.62,260.31,259.75,250.18,237.19,225.65,224.47,247.0467,1,263.8164,0,935445,813727,8.1649,7.7929,0.3719,54.74
2026-02-26,261.00,262.62,259.90,261.49,260.01,252.04,237.69,225.90,224.73,247.0467,1,263.8854,0,1014523,819966,7.9345,7.8212,0.1133,53.95
2026-02-27,260.22,263.78,258.99,262.39,260.46,253.66,238.20,226.22,224.92,247.1051,1,263.8854,0,1012171,824391,7.7355,7.8041,-0.0686,57.18
2026-03-02,262.39,265.52,259.77,264.36,261.22,255.29,238.84,226.52,225.14,248.0694,1,257.6202,1,717482,825741,7.6486,7.7730,-0.1244,58.60
2026-03-03,260.98,263.32,256.06,263.24,261.65,256.87,239.44,226.79,225.35,248.0694,1,265.5219,0,836359,830488,7.4041,7.6992,-0.2951,60.78
2026-03-04,263.62,264.37,259.71,264.10,261.96,258.18,240.11,227.10,225.56,248.0694,1,265.5219,0,620771,828588,7.1961,7.5986,-0.4025,60.14
2026-03-05,262.50,264.28,256.80,257.66,261.82,258.76,240.64,227.35,225.73,248.0694,1,265.3326,0,816404,822796,6.4377,7.3664,-0.9287,58.38
2026-03-06,257.36,257.36,249.54,251.63,260.77,258.96,241.05,227.59,225.87,248.0694,1,265.1471,0,1041622,833795,5.2890,6.9509,-1.6619,57.22
2026-03-09,248.80,252.19,245.23,251.13,259.90,259.07,241.46,227.84,226.03,248.0694,1,264.5227,0,726314,839046,4.2893,6.4186,-2.1293,56.28
2026-03-10,250.10,252.03,247.49,247.77,258.41,258.93,241.79,228.05,226.18,266.0748,0,263.3653,0,580487,846322,3.1886,5.7726,-2.5840,55.42
2026-03-11,247.77,248.86,244.14,248.66,257.24,258.50,242.16,228.26,226.35,263.2041,0,262.2773,0,559548,853299,2.3610,5.0903,-2.7293,55.87
2026-03-12,245.84,246.38,240.87,241.72,255.27,257.64,242.38,228.41,226.48,260.9969,0,260.8265,0,739257,860795,1.1319,4.2986,-3.1667,53.02
2026-03-13,243.26,243.75,238.24,240.07,253.03,256.75,242.59,228.57,226.60,258.2777,0,258.8314,0,675292,865518,0.0250,3.4439,-3.4189,51.99
2026-03-16,242.78,243.22,239.57,239.85,250.58,255.90,242.83,228.72,226.72,258.0465,0,256.3605,0,537222,868080,-0.8608,2.5829,-3.4437,49.53
2026-03-17,242.82,243.35,237.94,239.95,248.25,254.95,243.06,228.90,226.85,257.2557,0,254.1862,0,597464,868109,-1.5362,1.7591,-3.2953,48.73
2026-03-18,239.22,240.06,233.74,234.26,245.27,253.61,243.17,229.04,226.94,253.7451,0,251.9122,0,703607,870301,-2.5021,0.9069,-3.4090,46.33
2026-03-19,233.91,234.02,229.46,231.89,242.69,252.26,243.21,229.14,227.03,248.3422,0,249.0039,0,823002,876293,-3.4192,0.0416,-3.4608,45.30
2026-03-20,232.11,233.82,230.76,232.63,240.79,250.78,243.44,229.25,227.12,248.1544,0,245.4856,0,1185782,879910,-4.0403,-0.7747,-3.2655,47.21
2026-03-23,236.93,238.62,235.28,236.04,239.28,249.59,243.63,229.39,227.22,248.1544,0,242.6005,0,580216,881409,-4.2083,-1.4614,-2.7468,46.28
2026-03-24,234.73,239.38,233.19,237.33,238.24,248.32,243.87,229.55,227.33,248.1544,0,240.2348,0,594765,881331,-4.1893,-2.0070,-2.1823,47.10
2026-03-25,239.18,240.04,236.25,238.97,237.27,247.26,244.13,229.69,227.44,248.1544,0,229.4575,1,675869,879795,-3.9955,-2.4047,-1.5908,45.90
2026-03-26,237.01,239.23,235.95,236.85,236.79,246.03,244.35,229.80,227.54,248.1544,0,229.6692,1,532365,880126,-3.9672,-2.7172,-1.2500,47.77
2026-03-27,236.29,238.81,235.97,236.46,236.42,244.73,244.61,229.92,227.62,248.1544,0,229.8767,1,638763,879204,-3.9314,-2.9600,-0.9714,48.75
2026-03-30,239.29,240.08,236.53,236.89,236.13,243.36,244.80,230.02,227.70,248.1544,0,230.0800,1,662787,881272,-3.8238,-3.1328,-0.6910,50.92
2026-03-31,238.44,241.35,235.80,240.25,236.16,242.21,245.09,230.17,227.81,248.1544,0,230.4801,1,1013472,883809,-3.4282,-3.1919,-0.2363,48.30
2026-04-01,240.76,243.73,239.64,240.75,236.81,241.04,245.53,230.33,227.92,248.1544,0,231.1323,1,594307,868974,-3.0396,-3.1614,0.1218,49.23
2026-04-02,238.13,242.44,237.66,242.32,237.85,240.27,245.86,230.51,228.04,248.1544,0,232.1399,1,569660,864412,-2.5749,-3.0441,0.4692,50.13
2026-04-06,241.05,243.48,240.23,243.14,238.90,239.85,246.16,230.69,228.18,248.1544,0,233.0668,1,356254,854018,-2.1160,-2.8585,0.7425,50.26
2026-04-07,242.54,244.34,240.95,243.71,239.67,239.48,246.51,230.86,228.32,248.1544,0,233.9196,1,708526,853542,-1.6873,-2.6242,0.9370,53.70
2026-04-08,248.04,250.15,244.61,246.68,240.60,239.42,246.90,231.05,228.47,248.1544,0,234.9617,1,821390,850735,-1.0952,-2.3184,1.2233,52.36
2026-04-09,246.58,249.67,245.68,248.70,241.58,239.42,247.29,231.26,228.62,233.8668,1,236.7848,1,753224,841557,-0.4576,-1.9463,1.4886,52.66
2026-04-10,248.55,249.77,246.84,248.06,242.70,239.74,247.77,231.46,228.75,234.9969,1,238.3890,1,609140,834393,-0.0035,-1.5577,1.5542,54.56
2026-04-13,248.55,249.52,246.24,248.89,243.94,240.18,248.14,231.68,228.89,234.9969,1,239.8007,1,399857,825853,0.4179,-1.1626,1.5805,53.74
2026-04-14,248.65,250.26,246.63,249.58,245.21,240.67,248.50,231.92,229.02,235.6932,1,241.0431,1,570795,819208,0.7986,-0.7703,1.5690,56.14
2026-04-15,249.38,249.56,244.58,245.61,245.74,240.95,248.78,232.15,229.12,235.6932,1,242.3338,1,736947,807919,0.7710,-0.4621,1.2331,52.51
2026-04-16,245.04,248.85,244.47,248.62,246.53,241.67,248.99,232.40,229.24,235.6932,1,243.4438,1,662574,798777,0.9808,-0.1735,1.1543,53.18
2026-04-17,249.98,253.59,248.53,248.69,247.17,242.51,249.05,232.65,229.34,237.8483,1,244.3984,1,1125810,794409,1.1394,0.0891,1.0504,53.14
2026-04-20,248.94,251.10,246.39,249.72,247.82,243.36,249.09,232.91,229.44,237.8483,1,244.4695,1,665049,785489,1.3329,0.3379,0.9951,52.58
2026-04-21,251.04,251.04,246.07,248.80,248.33,244.00,249.09,233.16,229.53,237.8483,1,245.9287,1,812291,779782,1.3959,0.5495,0.8464,54.94
2026-04-22,250.77,252.27,246.48,246.96,248.36,244.48,249.01,233.40,229.62,237.8483,1,246.0737,1,958868,781602,1.2831,0.6962,0.5869,53.93
2026-04-23,260.19,268.61,252.51,268.61,250.35,245.96,249.24,233.77,229.81,241.5961,1,246.0737,1,2299552,802360,2.9070,1.1383,1.7686,67.48
2026-04-24,270.22,272.11,265.78,266.08,252.15,247.43,249.38,234.10,229.99,249.9766,1,246.4797,1,958104,797162,3.9439,1.6995,2.2444,66.55
2026-04-27,266.82,268.18,263.17,266.28,253.89,248.92,249.55,234.44,230.17,249.9766,1,251.6051,1,760827,781144,4.7279,2.3051,2.4228,66.44
2026-04-28,268.78,268.87,264.31,265.13,255.45,250.33,249.72,234.73,230.35,249.9766,1,255.7055,1,723942,774890,5.1958,2.8833,2.3126,63.29
2026-04-29,264.21,265.19,260.53,262.19,257.11,251.43,249.78,234.99,230.53,249.9766,1,258.9858,1,858920,774945,5.2695,3.3605,1.9089,63.68
2026-04-30,261.76,267.59,260.63,266.85,258.93,252.73,249.90,235.27,230.74,249.9766,1,260.5311,1,893865,775512,5.6383,3.8161,1.8223,63.79
2026-05-01,267.13,267.13,263.38,263.72,260.43,253.80,249.99,235.51,230.93,249.9766,1,260.5311,1,551069,769476,5.6135,4.1756,1.4379,62.37
2026-05-04,263.11,264.20,259.40,260.84,261.55,254.69,249.97,235.71,231.13,249.9766,1,272.1070,0,731753,766150,5.3002,4.4005,0.8997,59.96
2026-05-05,261.82,262.47,259.38,261.43,262.81,255.57,250.00,235.91,231.34,249.9766,1,271.8529,0,466770,760932,5.0417,4.5287,0.5130,57.60
2026-05-06,262.85,267.64,262.53,265.61,264.67,256.52,250.06,236.14,231.57,249.9766,1,271.3541,0,810028,764410,5.1151,4.6460,0.4691,58.84
2026-05-07,265.53,266.21,261.52,262.30,264.04,257.20,250.10,236.36,231.76,249.9766,1,270.8752,0,538389,756469,4.8504,4.6869,0.1636,57.98
2026-05-08,261.55,263.60,260.34,262.07,263.64,257.90,250.11,236.57,231.95,249.9766,1,270.4155,0,473141,745641,4.5689,4.6633,-0.0944,55.06
2026-05-11,263.04,264.39,260.77,260.78,263.09,258.49,250.08,236.76,232.18,249.9766,1,269.9742,0,423915,733876,4.1935,4.5693,-0.3758,54.54
2026-05-12,261.87,264.37,258.49,263.01,262.88,259.16,250.05,236.97,232.40,249.9766,1,269.5505,0,675261,733032,4.0294,4.4613,-0.4320,56.25
2026-05-13,262.58,265.97,261.26,262.07,262.87,259.99,250.03,237.20,232.60,249.9766,1,268.8869,0,493943,726184,3.7798,4.3250,-0.5452,57.67
2026-05-14,262.78,266.80,261.11,266.71,262.85,260.89,250.08,237.46,232.84,249.9766,1,268.2632,0,1063085,735030,3.9117,4.2423,-0.3307,59.43
2026-05-15,266.37,268.08,264.51,267.92,263.27,261.85,250.28,237.73,233.08,251.3353,1,258.4912,1,896663,736635,4.0668,4.2072,-0.1405,61.93
2026-05-18,268.35,273.70,266.94,272.44,264.43,262.99,250.70,238.08,233.37,254.8275,1,258.6829,1,879591,733394,4.5030,4.2664,0.2366,64.58
2026-05-19,270.83,272.79,268.52,268.91,265.18,264.00,251.06,238.40,233.64,255.4330,1,259.2837,1,700272,732874,4.5114,4.3154,0.1960,63.42
2026-05-20,267.33,271.95,262.11,263.20,264.94,264.81,251.36,238.67,233.88,255.4330,1,259.8604,1,1008738,741439,4.0116,4.2546,-0.2431,57.52
2026-05-21,262.39,266.02,261.34,262.85,265.00,264.52,251.65,238.95,234.11,255.4330,1,260.4140,1,612848,742505,3.5458,4.1129,-0.5670,56.40
2026-05-22,263.25,265.77,261.86,263.28,265.12,264.38,252.08,239.24,234.33,255.4330,1,260.9455,1,690570,741531,3.1753,3.9253,-0.7501,57.24
2026-05-26,263.62,270.00,263.55,268.45,265.88,264.49,252.65,239.55,234.59,255.4330,1,261.3431,1,838323,744791,3.2611,3.7925,-0.5314,58.74
2026-05-27,269.91,276.97,269.91,276.66,267.25,265.06,253.38,239.91,234.89,256.1721,1,261.8374,1,1130356,756654,3.9461,3.8232,0.1228,62.47
2026-05-28,272.97,273.59,262.25,264.39,267.48,265.17,253.87,240.20,235.14,256.1721,1,276.9690,0,1623841,777182,3.4590,3.7504,-0.2914,54.96
2026-05-29,263.07,267.77,258.31,261.43,266.95,264.90,254.42,240.47,235.38,256.1721,1,276.9690,0,1665794,796425,2.8014,3.5606,-0.7592,52.94
2026-06-01,258.99,262.57,257.47,262.28,266.39,264.83,255.02,240.78,235.61,256.1721,1,276.2227,0,679487,793555,2.3225,3.3129,-0.9905,54.26
2026-06-02,262.32,265.01,261.16,263.46,265.49,264.96,255.64,241.12,235.85,256.1721,1,275.0973,0,667920,783198,2.0145,3.0533,-1.0387,55.38
2026-06-03,262.74,265.99,260.92,260.92,264.69,264.94,256.14,241.44,236.08,256.1721,1,274.0394,0,753965,786673,1.5478,2.7522,-1.2044,55.98
2026-06-04,265.89,267.59,259.42,262.68,264.64,264.79,256.64,241.77,236.32,256.1721,1,273.0449,0,613620,787050,1.3050,2.4627,-1.1577,55.34
2026-06-05,263.27,272.86,263.27,271.06,265.46,265.23,257.29,242.16,236.59,256.1721,1,257.4652,1,758166,788696,1.7685,2.3239,-0.5554,63.19
2026-06-08,270.52,272.73,267.15,267.43,265.88,265.50,257.90,242.52,236.83,256.1721,1,257.7732,1,651364,791076,1.8217,2.2235,-0.4017,59.63
2026-06-09,268.17,270.27,266.58,270.03,266.03,265.96,258.57,242.88,237.08,256.1721,1,258.0750,1,772795,793757,2.0499,2.1887,-0.1389,59.83
2026-06-10,269.23,271.51,265.41,265.80,264.95,266.10,259.15,243.22,237.30,256.1721,1,258.3708,1,511095,790723,1.8678,2.1245,-0.2568,57.62
2026-06-11,266.31,268.50,263.34,267.04,265.21,266.35,259.68,243.56,237.55,256.1721,1,258.6606,1,780292,786059,1.8031,2.0603,-0.2572,55.92
2026-06-12,268.72,272.48,266.51,271.44,266.21,266.58,260.30,243.95,237.82,256.1721,1,258.9447,1,525520,784683,2.0828,2.0648,0.0181,56.89
2026-06-15,271.13,271.38,265.81,266.09,266.59,266.49,260.77,244.30,238.08,256.1721,1,259.2231,1,682388,786938,1.8511,2.0220,-0.1710,55.03
2026-06-16,268.25,269.54,264.97,266.21,266.87,266.18,261.23,244.63,238.33,256.1721,1,259.4959,1,537922,790571,1.6587,1.9494,-0.2907,55.00
2026-06-17,264.70,265.12,254.31,256.86,266.46,265.58,261.50,244.88,238.52,256.1721,1,272.8637,0,948618,795373,0.7427,1.7080,-0.9653,49.20
2026-06-18,256.89,262.46,254.94,255.69,265.76,265.20,261.68,245.12,238.71,276.8084,0,272.4927,0,884438,796634,-0.0763,1.3512,-1.4275,47.60
2026-06-22,255.35,261.43,254.04,258.71,264.53,265.00,261.88,245.38,238.91,276.8084,0,272.1290,0,603823,793646,-0.4765,0.9856,-1.4622,49.28
2026-06-23,259.83,261.66,256.94,257.42,263.53,264.70,262.06,245.65,239.11,276.8084,0,271.4055,0,540495,792273,-0.8879,0.6109,-1.4988,48.98
2026-06-24,259.71,262.07,257.21,258.76,262.40,264.22,262.26,245.92,239.32,276.8084,0,270.7109,0,841464,801105,-1.0929,0.2702,-1.3630,48.53
2026-06-25,260.80,266.74,260.80,266.49,262.47,263.71,262.60,246.26,239.59,276.8084,0,270.0441,0,827125,806232,-0.6241,0.0913,-0.7154,51.10
2026-06-26,268.29,269.53,265.51,267.11,262.48,263.85,263.03,246.59,239.87,276.8084,0,254.0411,1,1230170,816096,-0.2004,0.0330,-0.2334,49.37
2026-06-29,267.06,272.24,266.97,271.44,262.48,264.35,263.49,246.96,240.17,276.8084,0,254.3508,1,771250,818270,0.4792,0.1222,0.3570,54.23
2026-06-30,272.03,272.08,267.54,270.74,262.94,264.77,263.93,247.32,240.47,276.8084,0,255.0663,1,875813,813270,0.9506,0.2879,0.6627,53.71
2026-07-01,269.51,277.51,268.75,276.45,263.97,265.42,264.46,247.69,240.80,276.8084,0,255.7531,1,617477,812319,1.7641,0.5831,1.1810,56.59
2026-07-02,277.71,281.49,277.29,280.95,266.38,266.42,265.10,248.09,241.15,260.8623,1,257.0586,1,641413,808901,2.7403,1.0146,1.7257,61.93
2026-07-06,281.50,282.68,278.14,281.28,268.93,267.35,265.79,248.47,241.49,262.3690,1,259.0134,1,676323,803250,3.5008,1.5118,1.9890,62.90
2026-07-07,283.12,284.47,278.91,281.81,271.25,267.89,266.06,248.85,241.84,263.7828,1,261.3799,1,576715,768793,4.0989,2.0292,2.0697,64.50
2026-07-08,282.81,282.81,278.87,279.64,273.47,268.50,266.33,249.20,242.16,263.7828,1,264.1507,1,546400,760559,4.3477,2.4929,1.8547,64.61
2026-07-09,280.70,284.11,279.66,283.72,275.96,269.18,266.68,249.58,242.50,264.9787,1,266.5890,1,577406,756891,4.8186,2.9581,1.8605,65.44
2026-07-10,283.72,287.57,283.68,285.63,277.88,270.17,267.09,249.97,242.82,269.2426,1,268.7347,1,538394,753180,5.2851,3.4235,1.8616,68.35
2026-07-13,288.50,289.07,285.36,287.79,279.95,271.21,267.60,250.35,243.14,271.3546,1,271.3710,1,658233,749166,5.7626,3.8913,1.8713,69.39
2026-07-14,290.25,290.31,286.67,286.97,281.50,271.99,268.00,250.71,243.45,273.1265,1,274.2026,1,849245,748274,6.0052,4.3141,1.6911,69.02
2026-07-15,286.91,287.76,284.13,287.03,283.13,273.04,268.47,251.08,243.75,273.1265,1,277.1024,1,750399,752260,6.1316,4.6776,1.4540,69.54
2026-07-16,289.63,298.67,288.83,298.04,285.29,274.63,269.21,251.52,244.09,276.8317,1,279.4803,1,1087134,759368,7.0389,5.1498,1.8891,74.74
2026-07-17,298.74,301.75,296.72,300.36,287.23,276.80,269.99,252.00,244.43,282.5002,1,283.3190,1,1062733,771287,7.8546,5.6908,2.1638,77.42
2026-07-20,299.56,300.60,294.15,294.88,288.59,278.76,270.57,252.42,244.75,282.5002,1,287.0052,1,976381,774614,7.9674,6.1461,1.8213,75.12
2026-07-21,295.49,295.49,290.32,291.78,289.58,280.41,271.16,252.82,245.06,282.5002,1,289.9541,1,840726,780661,7.7173,6.4604,1.2569,72.45
2026-07-22,292.14,294.55,289.57,291.21,290.74,282.10,271.75,253.18,245.37,282.5002,1,301.7497,0,989262,790983,7.3881,6.6459,0.7422,67.67
2026-07-23,308.47,314.53,301.42,302.92,292.66,284.31,272.59,253.62,245.72,285.9884,1,289.5662,1,2266498,827835,7.9806,6.9129,1.0678,74.53
2026-07-24,303.08,307.89,301.24,305.90,294.69,286.28,273.45,254.11,246.09,285.9884,1,289.5662,1,1125375,836837,8.5913,7.2485,1.3427,75.51
2026-07-27,305.28,305.28,295.61,297.92,295.70,287.82,274.16,254.54,246.44,285.9884,1,290.0655,1,916337,845285,8.3350,7.4658,0.8692,71.18
2026-07-28,300.15,301.65,292.58,293.09,296.31,288.91,274.69,254.96,246.77,285.9884,1,290.5548,1,1423725,852498,7.6541,7.5035,0.1506,68.04
2026-07-29,294.06,294.06,289.16,290.84,296.69,289.91,275.15,255.36,247.09,285.9884,1,314.5304,0,892611,852417,6.8540,7.3736,-0.5196,69.63
2026-07-30,292.51,292.51,283.47,288.12,295.70,290.49,275.46,255.74,247.43,285.9884,1,314.0229,0,999737,854820,5.9322,7.0853,-1.1531,65.91
2026-07-31,288.36,292.58,286.58,290.78,294.74,290.99,275.90,256.14,247.77,285.9884,1,312.8010,0,1102791,862870,5.3544,6.7391,-1.3847,67.47
2026-08-03,291.15,292.61,287.63,289.88,294.24,291.42,276.43,256.53,248.11,285.9884,1,311.6279,0,682235,856340,4.7693,6.3452,-1.5759,66.36
2026-08-04,288.00,295.46,286.67,294.98,294.57,292.07,277.08,256.96,248.48,285.9884,1,310.5018,0,733940,858762,4.6630,6.0087,-1.3457,66.62
2026-08-05,293.68,295.15,291.62,294.17,294.86,292.80,277.70,257.38,248.85,285.9884,1,309.4207,0,764444,860240,4.4623,5.6994,-1.2371,65.29
2026-08-06,294.63,296.77,293.34,294.02,293.97,293.32,278.21,257.81,249.22,285.9884,1,308.3828,0,537119,854216,4.2415,5.4078,-1.1664,65.55
2026-08-07,291.39,295.73,289.95,291.78,292.56,293.62,278.51,258.24,249.56,285.9884,1,307.3865,0,763047,846869,3.8415,5.0946,-1.2531,61.63
2026-08-10,290.78,293.28,289.89,290.89,291.86,293.78,279.04,258.66,249.91,285.9884,1,306.4300,0,523986,824872,3.4137,4.7584,-1.3447,60.97
2026-08-11,290.53,293.14,289.00,291.52,291.70,294.01,279.64,259.08,250.26,285.9884,1,305.5118,0,615466,803866,3.0896,4.4246,-1.3350,60.97
2026-08-12,291.09,293.10,289.74,292.37,291.85,294.27,280.24,259.49,250.65,285.9884,1,304.6303,0,528038,800837,2.8688,4.1135,-1.2447,60.19
2026-08-13,293.85,298.01,293.85,296.41,292.68,294.19,280.90,259.99,251.07,285.9884,1,303.7841,0,689205,801262,2.9854,3.8879,-0.9024,60.93
2026-08-14,296.67,299.24,291.80,292.32,292.84,293.79,281.53,260.43,251.46,285.9884,1,302.9717,0,666037,799504,2.7165,3.6536,-0.9371,56.68
2026-08-17,293.99,301.39,293.93,298.51,293.70,293.97,282.25,260.92,251.89,285.9884,1,302.1918,0,622772,799687,2.9687,3.5166,-0.5479,61.63
2026-08-18,300.86,302.27,297.26,297.36,293.94,294.25,282.77,261.40,252.32,285.9884,1,283.4745,1,537971,795283,3.0404,3.4214,-0.3810,64.89
2026-08-19,300.44,306.20,299.47,300.41,294.56,294.71,283.43,261.89,252.75,285.9884,1,283.8503,1,973003,801716,3.3048,3.3981,-0.0932,67.47
2026-08-20,299.36,306.23,298.62,302.57,295.41,294.69,284.08,262.42,253.18,285.9884,1,284.7443,1,1248496,811230,3.6467,3.4478,0.1989,71.06
2026-08-21,304.85,306.87,302.47,306.63,296.90,294.73,284.90,262.95,253.64,285.9884,1,286.0334,1,826991,817548,4.1969,3.5976,0.5993,70.95
2026-08-24,307.07,309.73,304.30,308.43,298.65,295.25,285.73,263.50,254.10,288.4109,1,287.7000,1,703041,816003,4.7239,3.8229,0.9010,71.43
2026-08-25,306.55,309.83,305.39,308.16,300.32,296.01,286.46,264.10,254.58,289.5368,1,289.9032,1,680757,819107,5.0615,4.0706,0.9909,73.43
2026-08-26,307.30,312.70,307.21,309.19,302.00,296.93,287.32,264.65,255.06,292.0431,1,292.2947,1,760274,820665,5.3501,4.3265,1.0236,74.87
2026-08-27,305.77,308.31,305.01,306.25,302.98,297.83,288.12,265.17,255.50,292.0431,1,295.1513,1,659675,823100,5.2811,4.5174,0.7636,73.50
2026-08-28,307.34,307.56,305.25,305.99,304.35,298.59,289.11,265.71,255.94,292.0431,1,297.6080,1,528038,814689,5.1461,4.6432,0.5029,74.16
2026-08-31,305.23,306.36,300.01,300.67,304.56,299.13,290.01,266.19,256.34,292.0431,1,299.7207,1,1114253,819285,4.5573,4.6260,-0.0687,72.69
2026-09-01,301.00,302.24,288.67,290.62,303.89,298.91,290.64,266.60,256.70,314.4668,0,312.6989,0,884211,824893,3.2424,4.3493,-1.1069,69.88
2026-09-02,291.64,291.82,285.69,289.73,302.82,298.69,291.29,267.04,257.06,307.7046,0,312.2183,0,548343,825050,2.1042,3.9003,-1.7960,63.29
2026-09-03,291.10,291.92,286.24,289.15,301.48,298.45,291.90,267.43,257.42,307.7046,0,311.1572,0,591196,820044,1.1423,3.3487,-2.2064,62.02
2026-09-04,287.12,292.58,287.12,289.62,299.78,298.34,292.36,267.82,257.78,307.7046,0,310.1385,0,370482,810911,0.4131,2.7615,-2.3485,62.21
2026-09-08,287.10,291.07,287.10,288.45,297.78,298.22,292.79,268.20,258.14,306.9447,0,309.1605,0,514364,796595,-0.2563,2.1580,-2.4143,63.69
2026-09-09,286.73,286.75,284.26,284.74,295.44,297.88,293.05,268.51,258.48,302.8358,0,308.2217,0,543483,792040,-1.0737,1.5116,-2.5854,63.84
2026-09-10,285.19,288.67,283.89,285.78,293.10,297.55,293.35,268.78,258.83,302.8358,0,306.7840,0,716679,788857,-1.6190,0.8855,-2.5045,65.35
2026-09-11,287.77,289.02,282.98,284.40,290.91,296.95,293.51,269.02,259.14,302.8358,0,304.9525,0,453646,785581,-2.1378,0.2808,-2.4187,64.65
2026-09-14,283.95,285.64,282.85,285.08,288.82,296.59,293.60,269.26,259.47,300.5085,0,302.7552,0,356863,779890,-2.4657,-0.2685,-2.1972,64.58
2026-09-15,285.31,286.31,282.69,283.99,287.16,295.86,293.65,269.49,259.77,300.2231,0,300.3666,0,500476,776373,-2.7815,-0.7711,-2.0104,66.15
2026-09-16,287.08,288.47,280.32,280.92,286.19,295.04,293.63,269.64,260.04,300.2231,0,297.8919,0,742753,779693,-3.2420,-1.2653,-1.9768,65.82
2026-09-17,283.75,284.02,278.95,282.48,285.46,294.14,293.69,269.80,260.32,297.9422,0,295.0804,0,611993,781005,-3.4415,-1.7005,-1.7410,65.81
2026-09-18,281.25,281.34,278.70,279.37,284.48,292.98,293.60,269.94,260.58,295.9655,0,292.1769,0,1355783,796573,-3.8067,-2.1217,-1.6849,64.69
2026-09-21,278.80,279.20,268.26,269.63,282.48,291.13,293.28,270.03,260.79,291.4139,0,289.4815,0,1547191,816749,-4.8263,-2.6627,-2.1637,57.49
2026-09-22,271.05,274.73,269.45,274.41,281.08,289.43,293.01,270.13,261.01,289.5895,0,285.2372,0,1004588,823676,-5.1889,-3.1679,-2.0210,58.12
2026-09-23,273.95,277.38,273.91,275.53,280.16,287.80,292.79,270.23,261.23,289.5895,0,281.8418,0,522350,817138,-5.3245,-3.5992,-1.7253,63.27
2026-09-24,274.93,276.32,272.42,274.07,278.99,286.04,292.53,270.33,261.44,289.5895,0,279.1254,0,572231,813575,-5.4865,-3.9767,-1.5098,62.16
2026-09-25,273.04,275.00,272.33,273.79,277.93,284.42,292.04,270.41,261.65,289.1194,0,277.3800,0,498818,801808,-5.5733,-4.2960,-1.2773,62.36
2026-09-28,273.40,275.77,272.50,274.10,276.83,282.83,291.52,270.50,261.88,289.0249,0,276.3200,0,667625,793906,-5.5530,-4.5474,-1.0056,64.01
2026-09-29,272.81,274.92,272.01,274.15,275.85,281.50,291.10,270.58,262.09,287.7390,0,275.7700,0,504162,784462,-5.4699,-4.7319,-0.7380,63.47
2026-09-30,275.10,276.97,272.08,272.13,274.97,280.58,290.71,270.66,262.29,287.7390,0,268.2600,1,883334,785314,-5.5035,-4.8862,-0.6173,64.14
2026-10-01,270.91,272.59,268.68,272.42,273.96,279.71,290.33,270.73,262.47,284.6902,0,268.4342,1,637626,778281,-5.4440,-4.9978,-0.4463,63.40
2026-10-02,273.72,278.60,273.08,278.28,273.85,279.17,289.84,270.84,262.68,284.6902,0,268.6049,1,848615,749924,-4.8679,-4.9718,0.1039,65.25
2026-10-05,277.36,278.36,274.45,277.06,274.59,278.54,289.26,270.92,262.90,284.6902,0,268.6800,1,620919,739834,-4.4584,-4.8691,0.4107,64.05
2026-10-06,276.62,277.99,274.88,276.61,274.81,277.95,288.84,271.01,263.12,284.6902,0,269.0768,1,644557,734399,-4.1227,-4.7198,0.5972,63.36
2026-10-07,276.64,278.34,274.53,274.68,274.73,277.44,288.47,271.08,263.34,284.6902,0,269.4577,1,474510,715415,-3.9666,-4.5692,0.6026,64.61
2026-10-08,274.91,279.03,274.22,278.20,275.14,277.07,288.22,271.22,263.57,284.6902,0,269.8234,1,411597,705794,-3.5183,-4.3590,0.8407,67.19
2026-10-09,278.11,279.06,276.51,278.34,275.60,276.76,288.02,271.39,263.81,284.6902,0,270.3758,1,379377,693387,-3.1158,-4.1104,0.9946,68.00
