rsRating,symbol,longName,sector,industry,country,marketCap,currentPrice,averageVolume10days,averageVolume3months,averageDollarVolume,revenueGrowth,earningsGrowth,earningsQuarterlyGrowth,grossMargins,operatingMargins,profitMargins,returnOnEquity,returnOnAssets,totalCash,totalDebt,debtToEquity,currentRatio,quickRatio,operatingCashflow,freeCashflow,sharesOutstanding,floatShares,heldPercentInsiders,heldPercentInstitutions,sharesShort,shortRatio,shortPercentOfFloat,trailingPE,forwardPE,priceToSalesTrailing12Months,priceToBook,enterpriseToRevenue,enterpriseToEbitda,targetMeanPrice,targetHighPrice,targetLowPrice,recommendationMean,recommendationKey,numberOfAnalystOpinions,epsRevisionUpLast7Days,epsRevisionUpLast30Days,epsRevisionDownLast7Days,epsRevisionDownLast30Days,nextEarningsDate,beta,website,retrievedAt
90.46,VEEV,Veeva Systems Inc.,Healthcare,Health Information Services,United States,47946067968,296.13,1265540,1671965,495118995.45,0.176,0.395,0.365,0.74961,0.29637,0.29345,0.14425,0.075830005,7242947072,151695008,2.041,5.458,5.363,1665458944,1257709824,161908850,148282601,0.0862,0.93376,4964067,2.85,0.0335,48.545902,28.88893,13.864867,6.605916,11.286,36.293,297.03705,343.0,180.0,1.93103,buy,27,0,25,0,0,2026-11-25,0.934,https://www.veeva.com,2026-10-10T21:46:04.430620+01:00
Date,Open,High,Low,Close,Ma10:Top:Line,Ma20:Top:Line,Ma50:Top:Line,Ma150:Top:Line,Ma200:Top:Line,Supertrend:Top:ColorLine,Supertrend_Dir,ParabolicSAR:Top:ColorLine,ParabolicSAR_Dir,Volume:Middle:Histogram,Vo50:Middle:Line,Macd:Bottom:Line,MacdSignal:Bottom:Line,MacdDelta:Bottom:Histogram
2023-08-03,197.77,199.47,194.03,194.55,,,,,,,0,199.4700,0,157683,,,,
2023-08-04,196.28,198.51,193.78,196.92,,,,,,,0,199.4700,0,168504,,,,
2023-08-07,196.87,196.97,193.78,196.82,,,,,,,0,199.4700,0,117423,,,,
2023-08-08,194.47,195.09,190.39,193.99,,,,,,,0,199.3562,0,129605,,,,
2023-08-09,192.71,194.47,191.40,193.94,,,,,,,0,198.9976,0,113106,,,,
2023-08-10,195.76,197.40,191.43,192.66,,,,,,,0,198.6533,0,96677,,,,
2023-08-11,191.42,195.03,191.42,194.11,,,,,,,0,198.3227,0,104179,,,,
2023-08-14,193.66,193.93,192.13,192.52,,,,,,,0,198.0054,0,134591,,,,
2023-08-15,192.28,192.88,190.86,191.22,,,,,,,0,197.7008,0,87885,,,,
2023-08-16,190.37,192.11,189.64,191.96,193.87,,,,,202.5480,0,197.4084,0,134468,,,,
2023-08-17,191.41,191.58,186.73,187.65,193.18,,,,,201.2297,0,196.9423,0,170724,,,,
2023-08-18,186.00,188.32,184.23,186.97,192.18,,,,,198.3692,0,196.1253,0,135086,,,,
2023-08-21,187.52,190.16,187.46,188.06,191.31,,,,,198.3692,0,194.9358,0,138017,,,,
2023-08-22,187.74,189.47,185.61,187.27,190.64,,,,,198.3692,0,193.8652,0,129198,,,,
2023-08-23,188.47,188.47,186.73,187.60,190.00,,,,,198.3692,0,192.9017,0,118770,,,,
2023-08-24,188.86,188.86,186.18,186.39,189.38,,,,,198.3645,0,192.0345,0,149392,,,,
2023-08-25,186.92,190.33,185.90,189.13,188.88,,,,,198.3645,0,191.2540,0,130273,,,,
2023-08-28,191.00,192.48,188.95,190.39,188.66,,,,,198.3645,0,184.2300,1,137690,,,,
2023-08-29,190.00,194.31,190.00,193.03,188.85,,,,,198.3645,0,184.3950,1,173109,,,,
2023-08-30,192.86,195.44,192.17,192.59,188.91,191.39,,,,198.3645,0,184.7916,1,224117,,,,
2023-08-31,198.10,209.96,197.99,208.70,191.01,192.10,,,,188.7863,1,185.4305,1,578809,,,,
2023-09-01,210.64,218.54,210.37,216.57,193.97,193.08,,,,197.8331,1,187.3929,1,393659,,,,
2023-09-05,215.54,220.51,211.73,219.85,197.15,194.23,,,,198.5263,1,190.5076,1,424552,,,,
2023-09-06,220.63,223.01,219.11,222.47,200.67,195.65,,,,204.0557,1,194.1079,1,271213,,,,
2023-09-07,221.33,223.88,220.35,222.00,204.11,197.06,,,,205.7521,1,198.1542,1,195626,,,,
2023-09-08,222.75,224.19,218.26,220.31,207.50,198.44,,,,205.7521,1,202.2703,1,274176,,,,
2023-09-11,220.63,225.49,220.39,224.90,211.08,199.98,,,,206.5310,1,206.2158,1,195213,,,,
2023-09-12,223.50,224.72,215.38,215.73,213.61,201.14,,,,206.5310,1,210.0707,1,363634,,,,
2023-09-13,215.08,216.22,210.61,215.29,215.84,202.34,,,,206.5310,1,225.4900,0,275937,,,,
2023-09-14,214.54,216.52,209.55,211.16,217.70,203.30,,,,206.5310,1,225.1924,0,222140,,,,
2023-09-15,210.29,210.56,207.74,209.01,217.73,204.37,,,,206.5310,1,224.5667,0,310610,,,,
2023-09-18,207.84,211.92,207.77,208.19,216.89,205.43,,,,206.5310,1,223.5571,0,116503,,,,
2023-09-19,207.31,209.95,206.63,209.51,215.86,206.50,,,,206.5310,1,222.6081,0,196730,,,,
2023-09-20,210.11,212.04,209.10,209.49,214.56,207.62,,,,206.5310,1,221.3298,0,157306,,6.4375,9.3767,-2.9392
2023-09-21,206.63,208.12,203.11,203.20,212.68,208.40,,,,221.2690,0,220.1538,0,174772,,5.3595,8.5733,-3.2138
2023-09-22,204.58,204.61,202.38,203.14,210.96,209.23,,,,218.2526,0,218.4495,0,133849,,4.4490,7.7484,-3.2994
2023-09-25,202.76,204.70,202.76,203.95,208.87,209.97,,,,217.5938,0,216.5211,0,96795,,3.7495,6.9486,-3.1991
2023-09-26,201.70,203.66,198.92,199.39,207.23,210.42,,,,215.2765,0,214.8242,0,147329,,2.7951,6.1179,-3.3229
2023-09-27,200.00,202.21,199.84,201.84,205.89,210.86,,,,214.4588,0,212.5976,0,115735,,2.2109,5.3365,-3.1257
2023-09-28,201.89,204.73,200.85,202.84,205.06,211.38,,,,214.4588,0,210.6827,0,140548,,1.8077,4.6307,-2.8230
2023-09-29,204.80,207.40,203.00,203.45,204.50,211.11,,,,214.4588,0,209.0360,0,174214,,1.5199,4.0086,-2.4887
2023-10-02,202.07,202.71,199.40,201.18,203.80,210.34,,,,214.2373,0,207.6197,0,142395,,1.0960,3.4261,-2.3300
2023-10-03,199.98,202.79,199.45,200.25,202.87,209.36,,,,213.9861,0,207.4000,0,135589,,0.6772,2.8763,-2.1991
2023-10-04,201.36,202.92,199.28,200.48,201.97,208.27,,,,213.7715,0,206.2128,0,194205,,0.3598,2.3730,-2.0132
2023-10-05,199.82,202.26,196.03,201.40,201.79,207.24,,,,212.4183,0,205.1918,0,130427,,0.1803,1.9345,-1.7541
2023-10-06,199.48,210.30,199.48,209.60,202.44,206.70,,,,212.4183,0,196.0300,1,200482,,0.6918,1.6859,-0.9941
2023-10-09,207.95,213.28,207.61,213.16,203.36,206.11,,,,195.0712,1,196.0300,1,156523,,1.3687,1.6225,-0.2538
2023-10-10,212.87,215.28,211.69,213.88,204.81,206.02,,,,198.5716,1,196.7200,1,146679,,1.9408,1.6861,0.2546
2023-10-11,214.08,217.28,214.06,216.72,206.30,206.09,,,,201.2279,1,197.8336,1,181893,,2.5935,1.8676,0.7259
2023-10-12,217.51,218.64,214.15,215.97,207.61,206.33,202.63,,,202.0501,1,199.3893,1,220095,184363,3.0154,2.0972,0.9183
2023-10-13,218.98,220.41,215.35,216.11,208.88,206.69,203.06,,,203.4516,1,201.3144,1,239580,186001,3.3229,2.3423,0.9805
2023-10-16,214.07,214.41,208.72,211.96,209.95,206.88,203.36,,,203.4516,1,203.6059,1,255645,187743,3.1948,2.5128,0.6820
2023-10-17,210.48,210.73,206.11,207.94,210.72,206.80,203.58,,,203.4516,1,205.6224,1,238549,190166,2.7374,2.5577,0.1796
2023-10-18,207.46,207.76,204.75,206.20,211.29,206.63,203.83,,,203.4516,1,220.4100,0,158733,190749,2.2090,2.4880,-0.2790
2023-10-19,208.30,208.55,201.25,202.17,211.37,206.58,203.99,,,220.4555,0,220.0968,0,155145,191589,1.4483,2.2800,-0.8317
2023-10-20,201.80,202.10,198.08,200.39,210.45,206.44,204.15,,,215.3170,0,219.3429,0,149030,192636,0.6939,1.9628,-1.2689
2023-10-23,199.32,199.32,193.54,195.13,208.65,206.00,204.17,,,212.1893,0,218.0672,0,239405,195341,-0.3247,1.5053,-1.8300
2023-10-24,195.98,197.44,193.39,197.19,206.98,205.89,204.26,,,210.8133,0,216.1050,0,137974,195409,-0.9547,1.0133,-1.9680
2023-10-25,200.00,200.00,193.84,194.78,204.78,205.54,204.33,,,210.8133,0,213.8335,0,136034,196372,-1.6297,0.4847,-2.1144
2023-10-26,193.69,194.83,187.86,190.14,202.20,204.91,204.29,,,207.5719,0,211.7891,0,144582,196574,-2.5101,-0.1142,-2.3958
2023-10-27,190.70,192.56,188.64,189.52,199.54,204.21,204.33,,,206.3802,0,208.9176,0,121918,195598,-3.2207,-0.7355,-2.4852
2023-10-30,190.77,191.89,186.78,190.28,197.37,203.66,204.40,,,205.0701,0,206.3907,0,114606,195188,-3.6801,-1.3244,-2.3557
2023-10-31,191.08,194.59,190.30,192.71,195.85,203.29,204.49,,,205.0701,0,203.6452,0,142374,195275,-3.8043,-1.8204,-1.9839
2023-11-01,192.00,192.46,185.70,187.05,193.94,202.62,204.49,,,205.0701,0,201.2841,0,279958,198290,-4.3097,-2.3183,-1.9914
2023-11-02,190.91,193.02,188.57,189.91,192.71,202.04,204.53,,,205.0701,0,198.7906,0,238489,200685,-4.4284,-2.7403,-1.6881
2023-11-03,191.00,195.58,191.00,194.59,192.13,201.29,204.70,,,205.0701,0,196.6961,0,158941,200876,-4.0977,-3.0118,-1.0859
2023-11-06,194.31,196.80,192.55,196.15,192.23,200.44,204.84,,,205.0701,0,185.7000,1,172063,201712,-3.6674,-3.1429,-0.5245
2023-11-07,193.37,196.06,190.38,194.12,191.93,199.45,204.91,,,205.0701,0,185.9220,1,165021,202258,-3.4504,-3.2044,-0.2460
2023-11-08,193.78,195.46,192.63,194.13,191.86,198.32,204.93,,,205.0701,0,186.1396,1,145733,201711,-3.2403,-3.2116,-0.0287
2023-11-09,178.39,178.39,165.33,166.60,189.51,195.85,204.41,,,194.2788,0,196.8000,0,760096,212430,-5.2348,-3.6162,-1.6186
2023-11-10,167.44,167.65,162.72,165.08,187.06,193.30,203.54,,,186.8409,0,196.1706,0,494349,210741,-6.8591,-4.2648,-2.5943
2023-11-13,166.73,166.77,162.85,166.25,184.66,191.02,202.54,,,185.4763,0,194.8326,0,265269,208173,-7.9602,-5.0039,-2.9563
2023-11-14,171.06,174.09,170.21,173.45,182.73,189.29,201.61,,,185.4763,0,193.5481,0,255700,204796,-8.1579,-5.6347,-2.5232
2023-11-15,174.25,181.88,174.25,176.78,181.71,187.82,200.69,,,185.4763,0,192.3150,0,302311,205418,-7.9541,-6.0986,-1.8555
2023-11-16,175.57,177.87,174.06,175.32,180.25,186.48,199.76,,,185.4763,0,191.1312,0,176354,205033,-7.8202,-6.4429,-1.3773
2023-11-17,175.85,177.85,175.30,176.54,178.44,185.29,198.88,,,185.4763,0,189.9947,0,226907,204087,-7.5289,-6.6601,-0.8688
2023-11-20,176.00,179.24,175.22,178.71,176.70,184.47,197.96,,,185.4763,0,188.9037,0,145863,203100,-7.0418,-6.7364,-0.3054
2023-11-21,178.60,179.59,176.36,176.40,174.93,183.43,197.17,,,185.4763,0,187.8564,0,156873,198965,-6.7642,-6.7420,-0.0222
2023-11-22,178.26,180.35,175.38,175.71,173.08,182.47,196.38,,,185.4763,0,186.8509,0,142308,196293,-6.5246,-6.6985,0.1739
2023-11-24,176.01,177.19,175.19,176.57,174.08,181.79,195.69,,,185.4763,0,185.8857,0,67909,193208,-6.1940,-6.5976,0.4036
2023-11-27,175.70,176.02,172.90,173.33,174.91,180.98,194.98,,,185.4763,0,184.9591,0,210284,191201,-6.1228,-6.5026,0.3799
2023-11-28,172.29,174.94,171.43,174.76,175.76,180.21,194.31,,,185.4763,0,184.0695,0,162160,192115,-5.8832,-6.3787,0.4956
2023-11-29,176.42,179.14,172.44,173.36,175.75,179.24,193.59,,,185.4763,0,183.2155,0,241282,193006,-5.7401,-6.2510,0.5109
2023-11-30,174.95,175.19,171.01,174.31,175.50,178.60,192.88,,,185.4763,0,182.3957,0,342083,196701,-5.4868,-6.0982,0.6114
2023-12-01,174.04,179.91,174.04,178.84,175.85,178.05,192.39,,,185.4763,0,181.6087,0,239485,197995,-4.8644,-5.8514,0.9870
2023-12-04,176.98,180.48,176.19,179.01,176.10,177.27,191.91,,,185.4763,0,180.8531,0,232516,199969,-4.3078,-5.5427,1.2349
2023-12-05,178.24,179.53,176.41,177.96,176.03,176.36,191.39,,,185.4763,0,180.4800,0,219514,202423,-3.9064,-5.2154,1.3090
2023-12-06,179.00,181.27,178.00,178.39,176.22,175.58,190.97,,,185.4763,0,162.7200,1,432382,208124,-3.5131,-4.8750,1.3619
2023-12-07,173.33,174.70,165.12,172.95,175.95,174.52,190.39,,,185.4763,0,163.0910,1,504011,215890,-3.5988,-4.6197,1.0209
2023-12-08,174.85,175.41,171.56,172.71,175.56,174.82,189.79,,,185.4763,0,163.4546,1,239808,217875,-3.6442,-4.4246,0.7804
2023-12-11,171.55,174.62,169.98,174.48,175.68,175.29,189.21,,,185.4763,0,163.8109,1,293912,220269,-3.4970,-4.2391,0.7421
2023-12-12,174.52,176.16,172.98,175.16,175.72,175.74,188.69,,,185.4763,0,164.1601,1,309805,223617,-3.2875,-4.0488,0.7612
2023-12-13,175.61,177.37,172.74,177.37,176.12,175.93,188.23,,,185.4763,0,164.5023,1,373523,228376,-2.9097,-3.8210,0.9113
2023-12-14,179.74,184.62,179.65,182.84,176.97,176.24,187.88,,,185.4763,0,164.8376,1,441741,233326,-2.1442,-3.4856,1.3415
2023-12-15,183.11,187.25,180.23,180.67,177.15,176.50,187.47,,,185.4763,0,165.6289,1,430229,239323,-1.6930,-3.1271,1.4341
2023-12-18,180.80,183.39,180.50,182.05,177.46,176.78,186.92,,,185.4763,0,166.9262,1,266321,240639,-1.2102,-2.7437,1.5335
2023-12-19,183.60,184.24,181.95,183.40,178.00,177.01,186.32,,,185.4763,0,168.1456,1,307764,243664,-0.7105,-2.3371,1.6266
2023-12-20,182.90,186.55,181.13,182.98,178.46,177.34,185.70,,,185.4763,0,169.2919,1,290956,246550,-0.3443,-1.9385,1.5942
2023-12-21,185.48,188.54,184.72,187.02,179.87,177.91,185.11,,,171.5560,1,170.3694,1,303010,248972,0.2687,-1.4971,1.7658
2023-12-22,188.25,191.15,187.46,190.85,181.68,178.62,184.61,,,174.4994,1,171.8230,1,257457,249719,1.0515,-0.9873,2.0389
2023-12-26,190.95,191.91,190.03,190.06,183.24,179.46,184.09,,,177.0809,1,173.7557,1,151497,247958,1.5898,-0.4719,2.0617
2023-12-27,190.96,191.70,188.77,190.85,184.81,180.26,183.66,,,177.0809,1,175.9342,1,212798,247101,2.0565,0.0338,2.0227
2023-12-28,191.07,194.37,191.06,194.01,186.47,181.30,183.38,,,179.6178,1,177.8513,1,171621,245762,2.6507,0.5572,2.0936
2023-12-29,193.87,196.27,192.05,192.52,187.44,182.21,183.11,,,181.1065,1,180.1639,1,188535,246358,2.9672,1.0392,1.9281
2024-01-02,191.16,191.51,187.89,189.18,188.29,182.72,182.85,,,181.1065,1,182.7409,1,192037,247096,2.9149,1.4143,1.5006
2024-01-03,187.00,188.41,185.05,185.19,188.61,183.03,182.55,,,181.1065,1,184.9056,1,213728,248390,2.5225,1.6360,0.8865
2024-01-04,184.82,186.59,184.37,186.11,188.88,183.44,182.37,,,181.1065,1,196.2700,0,124843,246099,2.2596,1.7607,0.4989
2024-01-05,184.14,187.35,184.14,185.69,189.15,183.80,182.14,,,181.1065,1,196.0320,0,131580,245971,1.9944,1.8074,0.1870
2024-01-08,185.41,190.57,182.77,190.54,189.50,184.68,182.05,,,181.1065,1,195.5563,0,189016,247030,2.1508,1.8761,0.2747
2024-01-09,189.41,193.28,189.41,193.00,189.71,185.70,182.11,,,181.1065,1,194.7891,0,169049,247520,2.4451,1.9899,0.4552
2024-01-10,193.70,195.29,191.39,193.89,190.10,186.67,182.20,,,181.1065,1,182.7700,1,114628,247374,2.7188,2.1357,0.5831
2024-01-11,195.00,204.61,194.05,204.23,191.44,188.12,182.48,,,184.4477,1,183.0204,1,344720,251976,3.7271,2.4540,1.2731
2024-01-12,203.80,209.44,203.28,208.69,192.90,189.69,182.80,,,191.1179,1,183.8840,1,417985,257488,4.8303,2.9292,1.9011
2024-01-16,206.92,208.69,204.65,207.22,194.37,190.91,183.20,,,191.7401,1,185.4173,1,231755,256524,5.5224,3.4479,2.0745
2024-01-17,204.72,205.92,201.51,201.89,195.64,191.97,183.44,,,191.7401,1,186.8587,1,253332,256821,5.5765,3.8736,1.7029
2024-01-18,202.00,204.61,200.74,204.50,197.58,193.09,183.64,,,191.7401,1,188.2136,1,162639,256895,5.7636,4.2516,1.5120
2024-01-19,204.52,207.83,202.00,207.15,199.68,194.28,183.86,,,191.7401,1,189.4872,1,167398,256802,6.0558,4.6125,1.4434
2024-01-22,208.94,210.69,207.53,209.38,202.05,195.60,184.16,,,194.4892,1,190.6843,1,203664,257575,6.3937,4.9687,1.4250
2024-01-23,210.00,212.42,208.72,211.78,204.17,196.84,184.51,,,196.3013,1,192.2848,1,135412,257368,6.7770,5.3304,1.4466
2024-01-24,212.02,214.15,208.95,209.09,205.78,197.75,185.36,,,197.1482,1,194.2983,1,149959,245166,6.7855,5.6214,1.1641
2024-01-25,209.63,209.64,206.22,208.20,207.21,198.66,186.23,,,197.1482,1,196.6805,1,127481,237828,6.6438,5.8259,0.8179
2024-01-26,208.20,209.88,207.78,208.73,207.66,199.55,187.08,,,197.1482,1,198.7769,1,85099,234225,6.4994,5.9606,0.5388
2024-01-29,209.25,213.43,208.07,213.42,208.14,200.52,187.88,,,197.2450,1,200.6216,1,212097,233353,6.6863,6.1057,0.5806
2024-01-30,213.95,214.54,210.51,210.91,208.50,201.44,188.56,,,199.1615,1,202.2450,1,161409,230535,6.5563,6.1958,0.3605
2024-01-31,210.00,213.35,207.40,207.41,209.06,202.35,189.20,,,199.1615,1,203.9663,1,206124,231130,6.1005,6.1768,-0.0762
2024-02-01,203.71,206.45,198.22,203.99,209.01,203.29,189.75,,,199.1615,1,214.5400,0,429419,235180,5.4011,6.0216,-0.6205
2024-02-02,204.00,208.07,202.34,206.80,208.97,204.33,190.31,,,199.1615,1,214.2136,0,178758,235838,5.0157,5.8204,-0.8047
2024-02-05,205.97,206.32,201.24,204.24,208.46,205.25,190.87,,,199.1615,1,213.8937,0,161574,235932,4.4524,5.5468,-1.0944
2024-02-06,206.26,210.41,205.71,209.33,208.21,206.19,191.54,,,199.1615,1,213.5802,0,174728,236581,4.3664,5.3107,-0.9444
2024-02-07,210.50,214.97,209.71,214.56,208.76,207.27,192.30,,,199.1615,1,198.2200,1,205849,239340,4.6664,5.1819,-0.5155
2024-02-08,214.00,217.69,213.60,215.39,209.48,208.35,193.14,,,200.0838,1,198.5550,1,167078,238475,4.9145,5.1284,-0.2139
2024-02-09,216.25,220.42,215.98,216.76,210.28,208.97,193.98,,,202.6859,1,199.3204,1,205207,239336,5.1622,5.1352,0.0270
2024-02-12,216.78,220.19,216.78,218.46,210.79,209.46,194.88,,,203.4933,1,200.5864,1,186761,238246,5.4330,5.1947,0.2383
2024-02-13,212.00,217.00,211.46,213.93,211.09,209.80,195.68,,,203.4933,1,201.7764,1,212283,235650,5.2219,5.2002,0.0218
2024-02-14,215.89,222.10,215.12,220.67,212.41,210.73,196.51,,,203.4933,1,202.8950,1,206172,234984,5.5347,5.2671,0.2676
2024-02-15,222.11,224.28,221.06,223.56,214.37,211.69,197.40,,,206.7511,1,204.4314,1,165613,233646,5.9472,5.4031,0.5441
2024-02-16,222.60,223.37,219.31,219.35,215.63,212.30,198.23,,,206.7511,1,206.4163,1,222487,233705,5.8668,5.4958,0.3709
2024-02-20,217.75,220.07,216.11,218.76,217.08,212.77,199.04,,,206.7511,1,208.2026,1,208238,229222,5.6899,5.5346,0.1552
2024-02-21,215.52,217.13,214.20,216.37,217.78,213.00,199.91,,,206.7511,1,209.8104,1,161801,222378,5.2957,5.4869,-0.1911
2024-02-22,220.75,222.66,217.60,222.17,218.54,213.65,200.90,,,206.7511,1,211.2573,1,193377,221449,5.3893,5.4673,-0.0781
2024-02-23,223.00,224.67,219.80,221.64,219.17,214.32,201.84,,,206.8651,1,212.5596,1,142337,218418,5.3589,5.4457,-0.0868
2024-02-26,222.00,225.37,221.75,224.00,219.89,215.09,202.82,,,208.6081,1,214.0129,1,177139,215765,5.4622,5.4490,0.0133
2024-02-27,224.00,224.80,221.01,222.92,220.34,215.56,203.73,,,208.6081,1,215.6029,1,229474,212884,5.3948,5.4381,-0.0433
2024-02-28,222.46,226.32,221.06,225.37,221.48,216.28,204.58,,,208.9777,1,216.9703,1,208512,208219,5.4760,5.4457,0.0303
2024-02-29,226.92,228.02,224.33,225.51,221.96,217.19,205.47,,,211.8269,1,218.4662,1,383615,207287,5.4883,5.4542,0.0341
2024-03-01,221.25,230.66,218.50,222.01,221.81,218.09,206.27,,,211.8269,1,228.0200,0,548231,212925,5.1562,5.3946,-0.2384
2024-03-04,223.00,226.50,221.21,226.00,222.47,219.05,207.13,,,211.8269,1,230.6600,0,276873,212307,5.1556,5.3468,-0.1912
2024-03-05,223.40,225.46,219.48,221.64,222.76,219.92,207.90,,,211.8269,1,230.6600,0,364886,213786,4.7485,5.2272,-0.4786
2024-03-06,224.00,225.86,221.79,224.56,223.58,220.68,208.65,,,211.8269,1,230.4168,0,240863,212543,4.6084,5.1034,-0.4950
2024-03-07,225.63,230.44,224.54,230.17,224.38,221.46,209.44,198.89,,211.8269,1,218.5000,1,251138,212416,4.8937,5.0615,-0.1678
2024-03-08,231.28,233.00,227.64,227.79,225.00,222.08,210.19,199.11,,213.8471,1,218.7388,1,137426,212135,4.8715,5.0235,-0.1520
2024-03-11,226.31,229.73,226.04,227.75,225.37,222.63,210.93,199.32,,213.8471,1,219.3092,1,128565,210450,4.7954,4.9779,-0.1824
2024-03-12,228.00,233.55,227.84,231.05,226.18,223.26,211.67,199.55,,214.6157,1,219.8569,1,148011,209978,4.9444,4.9712,-0.0267
2024-03-13,230.85,235.14,230.85,234.79,227.13,224.30,212.51,199.82,,217.2366,1,220.6785,1,253550,211278,5.3032,5.0376,0.2656
2024-03-14,236.90,236.90,231.39,232.47,227.82,224.89,213.38,200.07,,218.3094,1,221.8354,1,182768,211093,5.3388,5.0978,0.2409
2024-03-15,230.62,232.88,225.91,226.98,228.32,225.06,214.22,200.30,,218.3094,1,223.3418,1,421298,215244,4.8678,5.0518,-0.1840
2024-03-18,228.34,230.32,227.10,228.43,228.56,225.52,215.06,200.53,,218.3094,1,224.6977,1,195102,216650,4.5591,4.9533,-0.3942
2024-03-19,226.72,231.67,226.72,229.95,229.39,226.08,215.95,200.78,,218.3094,1,225.9100,1,173428,217487,4.3864,4.8399,-0.4535
2024-03-20,230.80,231.53,229.03,230.17,229.95,226.77,216.74,201.04,,218.3094,1,226.7200,1,114510,215996,4.2188,4.7157,-0.4969
2024-03-21,231.62,233.51,230.26,231.82,230.12,227.25,217.52,201.31,,218.3094,1,226.7200,1,147507,215566,4.1709,4.6067,-0.4358
2024-03-22,231.11,233.27,229.88,230.42,230.38,227.69,218.25,201.59,,218.3094,1,227.7380,1,148575,216245,3.9743,4.4802,-0.5060
2024-03-25,230.50,231.19,228.75,229.42,230.55,227.96,218.75,201.87,,218.3094,1,228.6542,1,269775,214746,3.6951,4.3232,-0.6281
2024-03-26,230.00,233.95,230.00,232.68,230.71,228.45,219.23,202.17,,218.6847,1,228.7500,1,171369,209813,3.6943,4.1974,-0.5031
2024-03-27,235.00,235.00,231.89,233.39,230.57,228.85,219.75,202.48,,220.5507,1,228.7500,1,136837,207915,3.7083,4.0996,-0.3913
2024-03-28,233.10,234.70,231.54,231.69,230.49,229.16,220.35,202.77,,220.5672,1,229.5650,1,184611,206541,3.5413,3.9880,-0.4466
2024-04-01,231.13,232.05,229.24,230.39,230.84,229.58,220.87,203.07,,220.5672,1,236.9000,0,125056,205789,3.2665,3.8437,-0.5772
2024-04-02,213.12,219.23,212.30,216.41,229.63,229.10,221.05,203.25,,232.1185,0,236.7468,0,427626,210993,1.8987,3.4547,-1.5560
2024-04-03,216.64,219.21,216.48,217.13,228.35,228.87,221.21,203.43,,232.1185,0,235.7689,0,250937,211939,0.8628,2.9363,-2.0734
2024-04-04,218.72,219.50,214.62,214.74,226.81,228.38,221.27,203.57,,232.1185,0,234.8302,0,195671,213144,-0.1492,2.3192,-2.4684
2024-04-05,214.68,217.48,214.16,214.73,225.10,227.61,221.38,203.72,,230.7357,0,233.9290,0,191281,213971,-0.9412,1.6671,-2.6083
2024-04-08,216.13,216.54,213.91,214.97,223.56,226.97,221.52,203.76,,229.4381,0,233.0638,0,132830,214077,-1.5318,1.0273,-2.5592
2024-04-09,213.90,216.74,212.30,216.54,222.27,226.41,221.67,203.76,,228.6438,0,232.2332,0,387477,220125,-1.8519,0.4515,-2.3034
2024-04-10,212.92,214.95,209.67,210.92,220.09,225.40,221.62,203.70,,227.0824,0,231.4359,0,206913,220021,-2.5299,-0.1448,-2.3851
2024-04-11,212.20,212.59,208.97,211.19,217.87,224.22,221.63,203.63,,225.1612,0,230.1300,0,191655,220626,-3.0107,-0.7180,-2.2927
2024-04-12,209.40,209.51,205.63,206.74,215.38,222.94,221.61,203.52,,222.1811,0,228.4372,0,162994,219764,-3.7080,-1.3160,-2.3921
2024-04-15,207.42,208.82,201.20,201.62,212.50,221.67,221.57,203.40,,220.4460,0,226.1565,0,263154,216438,-4.6206,-1.9769,-2.6437
2024-04-16,200.90,202.58,199.55,200.37,210.89,220.26,221.44,203.24,,215.8664,0,223.1617,0,284846,218560,-5.3826,-2.6580,-2.7246
2024-04-17,200.53,202.32,198.65,199.20,209.10,218.73,221.34,203.13,,214.9072,0,219.8560,0,205873,219446,-6.0116,-3.3288,-2.6829
2024-04-18,199.20,201.62,197.56,199.54,207.58,217.20,221.14,203.02,,213.7880,0,216.4631,0,169669,219345,-6.4088,-3.9448,-2.4641
2024-04-19,199.35,199.65,197.03,198.38,205.95,215.52,220.82,202.94,,211.9042,0,213.0605,0,145889,218146,-6.7395,-4.5037,-2.2358
2024-04-22,199.39,200.47,195.61,199.06,204.36,213.96,220.49,202.87,,211.7058,0,209.8544,0,148101,217766,-6.8676,-4.9765,-1.8911
2024-04-23,200.86,205.40,200.86,201.10,202.81,212.54,220.18,202.82,,211.7058,0,207.0055,0,181553,217293,-6.7269,-5.3266,-1.4003
2024-04-24,201.17,202.59,199.11,200.52,201.77,210.93,219.82,202.76,,211.7058,0,205.4000,0,110547,215769,-6.5863,-5.5785,-1.0078
2024-04-25,195.22,199.52,194.46,199.09,200.56,209.22,219.52,202.69,,211.2506,0,205.4000,0,142409,214371,-6.5151,-5.7658,-0.7493
2024-04-26,200.51,202.51,199.71,200.91,199.98,207.68,219.13,202.68,,211.2506,0,203.2120,0,170472,213657,-6.2399,-5.8606,-0.3793
2024-04-29,202.59,203.74,201.03,201.58,199.98,206.24,218.69,202.67,,211.2506,0,194.4600,1,160014,213545,-5.8998,-5.8685,-0.0313
2024-04-30,200.32,202.42,198.46,198.56,199.79,205.34,218.27,202.63,,211.2506,0,194.6456,1,109109,211278,-5.8070,-5.8562,0.0492
2024-05-01,198.64,202.10,196.64,198.90,199.76,204.43,217.87,202.63,,211.2506,0,194.8275,1,122940,209572,-5.6409,-5.8131,0.1722
2024-05-02,200.76,202.03,198.57,201.43,199.95,203.77,217.58,202.63,,211.2506,0,195.0057,1,126961,208875,-5.2448,-5.6994,0.4547
2024-05-03,204.31,205.66,201.98,203.45,200.46,203.20,217.20,202.63,,211.2506,0,195.1804,1,131510,207638,-4.7134,-5.5022,0.7888
2024-05-06,204.63,204.63,201.80,203.14,200.87,202.61,216.83,202.63,,211.2506,0,195.5996,1,103703,206865,-4.2682,-5.2554,0.9872
2024-05-07,203.42,206.10,203.14,205.31,201.29,202.05,216.46,202.66,,211.2506,0,196.0020,1,188126,207085,-3.6976,-4.9439,1.2463
2024-05-08,204.99,205.21,201.55,201.77,201.41,201.59,216.03,202.67,,211.2506,0,196.6079,1,125380,205003,-3.4908,-4.6533,1.1624
2024-05-09,201.97,205.08,201.97,203.91,201.90,201.23,215.61,202.69,,211.2506,0,197.1774,1,118451,203202,-3.1183,-4.3463,1.2280
2024-05-10,204.58,205.26,202.25,203.78,202.18,201.08,215.17,202.70,,211.2506,0,197.7128,1,110428,197738,-2.8013,-4.0373,1.2360
2024-05-13,205.39,206.07,203.58,203.86,202.41,201.19,214.81,202.67,,211.2506,0,198.2160,1,78160,188336,-2.5146,-3.7327,1.2181
2024-05-14,205.00,206.13,202.19,203.82,202.94,201.37,214.36,202.60,,211.2506,0,198.6891,1,91393,184627,-2.2645,-3.4391,1.1746
2024-05-15,206.32,211.74,205.02,211.38,204.19,201.97,214.16,202.59,,195.8260,1,199.2843,1,215417,181638,-1.4397,-3.0392,1.5995
2024-05-16,211.57,213.00,209.05,209.65,205.01,202.48,213.86,202.54,,198.5414,1,200.5299,1,194870,180718,-0.9151,-2.6144,1.6993
2024-05-17,209.40,210.81,208.57,210.27,205.69,203.07,213.46,202.50,202.53,198.5414,1,202.0263,1,108899,177873,-0.4442,-2.1804,1.7362
2024-05-20,210.07,211.03,209.04,209.96,206.37,203.62,213.11,202.46,202.61,198.7215,1,203.3432,1,104119,177207,-0.0949,-1.7633,1.6684
2024-05-21,209.01,210.95,208.14,209.24,206.76,204.03,212.74,202.44,202.67,198.7215,1,204.5020,1,143622,177508,0.1224,-1.3861,1.5085
2024-05-22,208.71,210.96,205.26,205.76,207.16,204.29,212.23,202.43,202.72,198.7215,1,213.0000,0,150863,177565,0.0136,-1.1062,1.1198
2024-05-23,207.50,207.50,202.15,204.58,207.23,204.56,211.63,202.42,202.77,198.7215,1,212.8452,0,162089,175736,-0.1659,-0.9181,0.7523
2024-05-24,203.99,205.26,202.77,203.89,207.24,204.71,211.05,202.43,202.82,198.7215,1,212.4174,0,122456,174529,-0.3596,-0.8064,0.4468
2024-05-28,203.90,204.54,201.53,203.09,207.16,204.79,210.58,202.45,202.87,198.7215,1,212.0067,0,166351,169431,-0.5712,-0.7594,0.1882
2024-05-29,201.05,204.22,200.02,200.50,206.83,204.88,210.02,202.48,202.90,198.7215,1,211.3781,0,223537,169999,-0.9370,-0.7949,-0.1421
2024-05-30,197.00,197.00,191.89,194.19,205.11,204.65,209.30,202.46,202.91,207.3600,0,210.4694,0,384749,174226,-1.7163,-0.9792,-0.7371
2024-05-31,175.01,186.70,170.25,174.25,201.57,203.29,208.18,202.33,202.83,197.2805,0,208.6115,0,834326,188622,-3.8980,-1.5629,-2.3350
2024-06-03,176.08,177.98,171.10,171.41,197.69,201.69,206.98,202.20,202.72,193.5289,0,204.0081,0,432605,194324,-5.7894,-2.4082,-3.3812
2024-06-04,173.37,179.65,172.31,178.92,194.58,200.48,205.95,202.13,202.68,193.5289,0,199.9571,0,385179,199056,-6.6062,-3.2478,-3.3584
2024-06-05,180.16,182.97,177.42,181.69,191.83,199.30,204.99,202.07,202.65,193.5289,0,196.3923,0,277659,199214,-6.9499,-3.9882,-2.9617
2024-06-06,182.00,185.72,180.83,185.01,189.75,198.46,204.04,202.02,202.64,193.5289,0,193.2552,0,348966,202766,-6.8751,-4.5656,-2.3095
2024-06-07,184.05,185.98,182.45,183.14,187.61,197.42,203.03,202.00,202.62,193.5289,0,190.4946,0,193176,203892,-6.8874,-5.0300,-1.8574
2024-06-10,182.69,186.57,181.75,184.99,185.72,196.48,202.10,201.96,202.61,193.5289,0,188.0652,0,188338,203967,-6.6709,-5.3582,-1.3128
2024-06-11,186.65,188.24,183.48,188.00,184.21,195.69,201.25,201.92,202.61,193.5289,0,170.2500,1,223081,205927,-6.1852,-5.5236,-0.6616
2024-06-12,190.73,192.96,188.35,188.91,183.05,194.94,200.70,201.87,202.61,193.5289,0,170.6098,1,238461,202144,-5.6615,-5.5512,-0.1104
2024-06-13,189.26,191.51,185.05,185.77,182.21,193.66,200.07,201.81,202.59,193.5289,0,171.5038,1,197121,201068,-5.4373,-5.5284,0.0911
2024-06-14,185.17,186.58,182.98,184.70,183.25,192.41,199.47,201.75,202.55,193.5289,0,172.3621,1,131543,199785,-5.2849,-5.4797,0.1948
2024-06-17,183.36,183.85,177.68,179.75,184.09,190.89,198.77,201.84,202.48,193.5289,0,173.1860,1,220068,200361,-5.5002,-5.4838,-0.0164
2024-06-18,179.36,180.72,176.41,178.74,184.07,189.33,198.05,201.93,202.33,193.5289,0,173.9769,1,213165,201968,-5.6868,-5.5244,-0.1624
2024-06-20,178.93,184.51,176.56,183.80,184.28,188.05,197.39,202.05,202.17,193.5289,0,174.7363,1,218005,198578,-5.3645,-5.4924,0.1279
2024-06-21,184.11,187.15,183.21,184.88,184.27,187.01,196.87,202.12,201.99,193.5289,0,175.4652,1,280703,200054,-4.9647,-5.3869,0.4222
2024-06-24,184.68,187.50,184.68,186.70,184.62,186.12,196.38,202.19,201.82,193.5289,0,176.1650,1,151899,199259,-4.4497,-5.1994,0.7497
2024-06-25,186.44,186.95,184.00,186.17,184.74,185.23,195.97,202.26,201.64,193.5289,0,176.8368,1,162582,199251,-4.0378,-4.9671,0.9293
2024-06-26,187.80,187.92,183.93,184.27,184.37,184.29,195.63,202.31,201.46,193.5289,0,177.4817,1,148577,196959,-3.8206,-4.7378,0.9172
2024-06-27,182.93,186.44,181.66,185.15,183.99,183.52,195.32,202.36,201.26,193.5289,0,178.1009,1,199943,195261,-3.5368,-4.4976,0.9609
2024-06-28,185.67,187.17,182.69,183.01,183.72,182.96,195.00,202.40,201.09,193.5289,0,178.6952,1,260716,196358,-3.4447,-4.2870,0.8423
2024-07-01,182.97,184.42,181.31,181.67,183.41,183.33,194.64,202.44,200.93,193.5289,0,179.2658,1,174549,196456,-3.4403,-4.1177,0.6774
2024-07-02,181.71,183.50,181.57,182.85,183.72,183.91,194.33,202.48,200.78,193.5289,0,179.8136,1,129970,196137,-3.3035,-3.9548,0.6514
2024-07-03,182.82,183.07,181.21,181.33,183.98,184.03,193.98,202.54,200.65,193.5289,0,180.3394,1,108689,195349,-3.2799,-3.8198,0.5400
2024-07-05,181.00,183.90,180.01,183.46,183.95,184.12,193.62,202.59,200.52,193.5289,0,192.9600,0,136458,194447,-3.0541,-3.6667,0.6126
2024-07-08,183.00,183.83,181.18,182.89,183.75,184.01,193.27,202.66,200.39,193.5289,0,192.7010,0,144154,195119,-2.8879,-3.5109,0.6231
2024-07-09,183.00,183.50,179.86,182.23,183.30,183.96,192.93,202.71,200.25,193.5289,0,192.4472,0,131698,194905,-2.7774,-3.3642,0.5868
2024-07-10,181.77,182.81,179.51,182.02,182.89,183.82,192.55,202.73,200.15,192.8824,0,191.9437,0,169060,194877,-2.6759,-3.2266,0.5506
2024-07-11,183.88,186.80,182.99,185.98,183.06,183.71,192.24,202.78,200.06,192.8824,0,191.1977,0,169967,195076,-2.2500,-3.0313,0.7812
2024-07-12,186.21,190.11,185.95,187.92,183.34,183.66,192.03,202.84,199.98,192.8824,0,190.4964,0,159920,196092,-1.7360,-2.7722,1.0362
2024-07-15,186.71,187.99,185.30,185.74,183.61,183.66,191.77,202.89,199.91,192.8824,0,190.1100,0,126080,196155,-1.4873,-2.5152,1.0279
2024-07-16,186.12,188.01,186.03,187.16,184.16,183.79,191.48,202.99,199.84,192.8824,0,190.1100,0,144357,196503,-1.1623,-2.2446,1.0824
2024-07-17,185.69,185.74,180.95,181.93,184.07,183.90,191.05,203.05,199.74,192.8824,0,189.4740,0,199741,197867,-1.3116,-2.0580,0.7464
2024-07-18,182.25,183.83,179.86,180.43,183.98,183.98,190.60,203.09,199.62,192.8824,0,188.8762,0,133284,198459,-1.5333,-1.9531,0.4198
2024-07-19,181.11,183.55,179.25,183.25,183.95,183.95,190.16,203.14,199.53,192.8824,0,188.3142,0,191753,198532,-1.4645,-1.8554,0.3908
2024-07-22,184.44,187.44,181.90,187.00,184.37,184.06,189.86,203.21,199.46,192.8824,0,187.5891,0,184158,199707,-1.0948,-1.7033,0.6084
2024-07-23,186.95,189.52,185.29,186.72,184.81,184.06,189.52,203.23,199.40,192.8824,0,179.2500,1,190286,201144,-0.8151,-1.5256,0.7106
2024-07-24,186.12,186.88,183.64,184.25,185.04,183.96,189.13,203.26,199.31,192.8824,0,179.4554,1,173140,202398,-0.7836,-1.3772,0.5936
2024-07-25,184.24,189.93,184.17,186.55,185.09,184.08,188.78,203.29,199.19,192.8824,0,179.6567,1,206380,204962,-0.5665,-1.2151,0.6485
2024-07-26,188.19,193.54,186.33,192.43,185.55,184.44,188.55,203.35,199.09,192.8824,0,180.0676,1,203649,207208,0.0790,-0.9563,1.0353
2024-07-29,192.47,192.75,189.95,191.67,186.14,184.87,188.16,203.41,198.98,192.8824,0,180.8760,1,120407,205307,0.5233,-0.6604,1.1836
2024-07-30,192.23,194.71,191.50,193.63,186.79,185.47,187.84,203.45,198.86,180.3631,1,181.6358,1,176784,204946,1.0217,-0.3239,1.3457
2024-07-31,195.00,196.51,191.28,191.93,187.79,185.93,187.47,203.46,198.74,180.8583,1,182.6817,1,208129,206930,1.2650,-0.0061,1.2712
2024-08-01,192.19,194.29,188.07,189.14,188.66,186.32,187.05,203.45,198.61,180.8583,1,184.0646,1,131736,207483,1.2186,0.2388,0.9798
2024-08-02,186.45,186.45,180.46,185.14,188.85,186.40,186.57,203.41,198.47,180.8583,1,196.5100,0,137670,207364,0.8493,0.3609,0.4884
2024-08-05,178.53,187.12,177.41,185.47,188.69,186.53,186.17,203.36,198.36,180.8583,1,196.1890,0,206410,208474,0.5766,0.4041,0.1726
2024-08-06,186.66,189.24,184.26,185.47,188.57,186.69,185.78,203.31,198.26,180.8583,1,195.4378,0,147430,208181,0.3564,0.3945,-0.0381
2024-08-07,187.98,189.25,182.21,182.25,188.37,186.70,185.35,203.26,198.16,180.8583,1,194.7167,0,134883,208430,-0.0771,0.3002,-0.3773
2024-08-08,184.08,186.20,183.70,185.46,188.26,186.68,185.00,203.26,198.08,180.8583,1,194.0245,0,142192,207947,-0.1597,0.2082,-0.3680
2024-08-09,185.87,187.96,185.21,186.85,187.70,186.62,184.73,203.27,198.04,180.8583,1,193.3599,0,78813,205052,-0.1118,0.1442,-0.2560
2024-08-12,187.00,188.53,184.39,185.42,187.08,186.61,184.55,203.27,197.98,180.8583,1,192.7219,0,79712,198951,-0.1871,0.0780,-0.2650
2024-08-13,186.42,191.30,185.51,190.32,186.75,186.77,184.87,203.27,197.96,180.8583,1,192.1094,0,96093,184187,0.1470,0.0918,0.0552
2024-08-14,190.32,190.97,187.66,188.20,186.37,187.08,185.21,203.23,197.95,180.8583,1,191.5214,0,103021,177595,0.2379,0.1210,0.1169
2024-08-15,190.43,193.34,190.38,192.86,186.74,187.70,185.49,203.23,197.97,180.8583,1,177.4100,1,104357,171979,0.6782,0.2324,0.4458
2024-08-16,192.28,194.00,190.69,192.50,187.48,188.16,185.70,203.15,197.98,180.8583,1,177.7286,1,123527,168896,0.9867,0.3833,0.6034
2024-08-19,193.11,194.37,192.51,194.28,188.36,188.53,185.89,203.05,197.99,180.8583,1,178.3795,1,126651,164450,1.3592,0.5785,0.7807
2024-08-20,194.11,194.32,192.73,193.67,189.18,188.87,186.10,202.96,198.02,180.9113,1,179.3389,1,83511,162256,1.5868,0.7801,0.8067
2024-08-21,194.10,201.76,194.00,201.44,191.10,189.73,186.43,202.96,198.08,184.1007,1,180.2408,1,228655,163063,2.3669,1.0975,1.2694
2024-08-22,202.21,202.87,196.71,197.06,192.26,190.26,186.61,202.91,198.09,185.5406,1,181.9623,1,133055,161262,2.6018,1.3984,1.2034
2024-08-23,198.19,200.86,196.10,199.25,193.50,190.60,186.82,202.86,198.11,185.5406,1,184.0531,1,173726,159968,2.9308,1.7048,1.2259
2024-08-26,199.59,201.73,198.70,198.83,194.84,190.96,187.08,202.79,198.13,186.4788,1,185.9348,1,143018,158885,3.1217,1.9882,1.1335
2024-08-27,197.68,200.30,197.01,200.25,195.83,191.29,187.39,202.71,198.16,186.4788,1,187.6283,1,169311,159641,3.3489,2.2603,1.0886
2024-08-28,199.86,200.94,198.12,199.35,196.95,191.66,187.78,202.64,198.32,186.6694,1,189.1525,1,236050,159960,3.4170,2.4917,0.9253
2024-08-29,214.19,224.71,211.74,217.02,199.37,193.05,188.55,202.70,198.58,199.0425,1,190.5242,1,433801,164373,4.8410,2.9615,1.8794
2024-08-30,218.00,219.85,214.71,216.44,201.76,194.62,189.20,202.75,198.84,199.0425,1,194.6265,1,408509,168183,5.8552,3.5403,2.3149
2024-09-03,215.80,219.25,214.16,215.74,203.91,196.13,189.82,202.77,199.05,199.0425,1,198.2365,1,225901,167087,6.5272,4.1377,2.3896
2024-09-04,214.30,218.00,212.92,216.83,206.22,197.70,190.42,202.81,199.25,199.0425,1,201.4133,1,170862,167466,7.0663,4.7234,2.3429
2024-09-05,215.84,216.21,212.47,215.31,207.61,199.35,191.00,202.86,199.45,199.0425,1,204.2089,1,199097,168197,7.2869,5.2361,2.0508
2024-09-06,217.29,217.67,213.16,215.89,209.49,200.88,191.63,202.94,199.64,199.0425,1,206.6691,1,167509,168575,7.4230,5.6735,1.7495
2024-09-09,216.21,222.80,215.38,222.59,211.83,202.66,192.38,203.05,199.86,201.3690,1,208.8340,1,295644,170489,7.9795,6.1347,1.8448
2024-09-10,222.70,224.00,220.90,221.89,214.13,204.49,193.16,203.16,200.09,205.5711,1,210.7391,1,236823,170012,8.2687,6.5615,1.7072
2024-09-11,221.31,224.49,218.01,223.90,216.50,206.17,194.00,203.26,200.33,205.5711,1,212.4156,1,292727,172375,8.5614,6.9615,1.5999
2024-09-12,223.95,226.47,218.87,219.94,218.56,207.75,194.75,203.30,200.55,205.5711,1,213.8909,1,221853,174213,8.3772,7.2446,1.1326
2024-09-13,220.31,221.12,216.43,217.95,218.65,209.01,195.48,203.31,200.77,205.5711,1,215.6520,1,190314,175845,7.9788,7.3914,0.5873
2024-09-16,218.06,218.36,213.34,217.03,218.71,210.23,196.15,203.32,200.98,205.5711,1,226.4700,0,233286,177782,7.5022,7.4136,0.0886
2024-09-17,217.80,218.98,214.50,214.80,218.61,211.26,196.79,203.29,201.19,205.5711,1,226.2074,0,221287,179325,6.8655,7.3040,-0.4385
2024-09-18,215.12,217.20,213.19,215.48,218.48,212.35,197.45,203.30,201.40,205.5711,1,225.9501,0,192725,180545,6.3427,7.1117,-0.7691
2024-09-19,219.08,219.81,213.76,214.39,218.39,213.00,198.10,203.26,201.57,205.5711,1,225.4397,0,272790,182620,5.7738,6.8441,-1.0704
2024-09-20,213.84,214.88,211.56,214.88,218.28,213.89,198.68,203.20,201.75,205.5711,1,224.9497,0,287187,184964,5.3014,6.5356,-1.2342
2024-09-23,215.57,215.57,210.65,211.04,217.13,214.48,199.14,203.15,201.92,205.5711,1,224.1463,0,202746,185821,4.5645,6.1414,-1.5769
2024-09-24,210.88,211.70,207.13,207.91,215.73,214.93,199.58,203.08,202.07,205.5711,1,223.0666,0,220509,187709,3.6855,5.6502,-1.9647
2024-09-25,208.99,210.07,204.92,205.13,213.86,215.18,199.94,203.00,202.23,222.9949,0,221.4729,0,161601,188054,2.7330,5.0668,-2.3337
2024-09-26,206.70,209.78,206.02,209.43,212.80,215.68,200.49,202.92,202.41,222.9949,0,219.4866,0,182644,187712,2.2987,4.5131,-2.2145
2024-09-27,210.08,211.26,208.54,210.85,212.09,215.37,201.10,202.84,202.59,222.9949,0,217.7386,0,152698,188100,2.0455,4.0196,-1.9741
2024-09-30,210.65,211.44,208.61,209.87,211.38,215.04,201.63,202.75,202.77,222.9949,0,216.2004,0,134002,186945,1.7456,3.5648,-1.8192
2024-10-01,210.11,210.11,206.16,207.62,210.66,214.64,202.05,202.65,202.92,221.9315,0,214.8467,0,138752,186037,1.3112,3.1141,-1.8028
2024-10-02,207.20,207.93,205.78,207.52,209.86,214.17,202.46,202.53,203.04,219.9168,0,213.6555,0,146156,185155,0.9480,2.6809,-1.7328
2024-10-03,207.18,207.53,203.82,204.53,208.88,213.63,202.87,202.39,203.16,218.5437,0,212.6072,0,111203,183916,0.4142,2.2275,-1.8134
2024-10-04,206.46,206.46,203.66,204.67,207.86,213.07,203.23,202.27,203.27,217.4818,0,211.3770,0,95560,181700,0.0023,1.7825,-1.7802
2024-10-07,203.42,203.69,200.30,201.81,206.93,212.03,203.42,202.11,203.36,214.4856,0,210.1423,0,129179,180210,-0.5485,1.3163,-1.8648
2024-10-08,203.78,205.82,203.50,204.44,206.59,211.16,203.67,202.00,203.47,214.4856,0,208.3707,0,133377,180470,-0.7640,0.9002,-1.6643
2024-10-09,204.78,207.66,204.78,206.84,206.76,210.31,203.94,201.88,203.57,214.4856,0,200.3000,1,113390,179202,-0.7327,0.5736,-1.3064
2024-10-10,205.38,210.63,205.38,210.13,206.83,209.82,204.30,201.75,203.67,214.4856,0,200.4472,1,154298,178125,-0.4374,0.3714,-0.8088
2024-10-11,211.05,212.87,210.28,211.32,206.88,209.48,204.75,201.64,203.77,214.4856,0,200.8545,1,168422,178859,-0.1061,0.2759,-0.3820
2024-10-14,211.85,212.52,209.41,210.42,206.93,209.15,205.25,201.52,203.87,214.4856,0,201.5754,1,136962,178845,0.0829,0.2373,-0.1544
2024-10-15,210.04,211.22,209.01,210.00,207.17,208.91,205.74,201.38,203.95,214.4856,0,202.2531,1,113001,176976,0.1965,0.2291,-0.0327
2024-10-16,211.30,218.66,211.30,217.33,208.15,209.01,206.38,201.26,204.08,202.2130,1,202.8901,1,206159,178151,0.8680,0.3569,0.5111
2024-10-17,216.52,217.33,213.71,217.02,209.40,209.14,207.07,201.16,204.22,202.9437,1,204.1517,1,171858,178891,1.3595,0.5574,0.8020
2024-10-18,220.00,223.29,217.66,221.32,211.06,209.46,207.79,201.12,204.40,207.2753,1,205.3124,1,305577,182158,2.0721,0.8603,1.2117
2024-10-21,219.53,222.29,217.81,221.90,213.07,210.00,208.49,201.08,204.57,207.2753,1,207.1101,1,158658,183755,2.6530,1.2189,1.4341
2024-10-22,220.92,221.16,217.08,219.55,214.58,210.59,209.17,201.01,204.74,207.2753,1,208.7281,1,178362,185728,2.8905,1.5532,1.3373
2024-10-23,218.89,220.19,217.13,217.73,215.67,211.22,209.72,200.93,204.88,207.2753,1,210.1843,1,143898,186684,2.8984,1.8222,1.0762
2024-10-24,216.79,219.60,212.49,212.61,215.92,211.37,210.21,200.80,204.98,207.2753,1,211.4949,1,165772,187939,2.4631,1.9504,0.5127
2024-10-25,213.00,214.69,211.28,212.23,216.01,211.44,210.60,200.68,205.07,207.2753,1,223.2900,0,117512,188202,2.0637,1.9731,0.0907
2024-10-28,213.09,214.42,211.15,212.13,216.18,211.56,210.99,200.56,205.11,207.2753,1,223.0498,0,101165,187755,1.7193,1.9223,-0.2030
2024-10-29,211.63,215.83,211.18,213.85,216.57,211.87,211.38,200.44,205.13,207.2753,1,222.5738,0,111993,187462,1.5671,1.8513,-0.2842
2024-10-30,212.97,216.34,212.87,214.74,216.31,212.23,211.80,200.31,205.17,207.2753,1,222.1168,0,116153,188115,1.5010,1.7812,-0.2802
2024-10-31,212.41,213.17,208.32,208.83,215.49,212.44,211.95,200.16,205.21,207.2753,1,221.6782,0,185378,187249,0.9606,1.6171,-0.6565
2024-11-01,209.62,213.31,208.33,212.78,214.64,212.85,212.27,200.04,205.25,207.2753,1,220.8767,0,122689,187042,0.8414,1.4620,-0.6206
2024-11-04,211.94,214.30,210.69,212.53,213.70,213.39,212.53,200.02,205.28,207.2753,1,220.1233,0,136402,186295,0.7185,1.3133,-0.5948
2024-11-05,212.92,215.45,212.26,212.65,213.01,213.80,212.81,199.99,205.29,207.2753,1,219.4151,0,148366,186402,0.6235,1.1753,-0.5518
2024-11-06,219.65,219.76,214.41,216.45,212.88,214.28,213.13,200.00,205.32,207.2753,1,208.3200,1,185368,186724,0.8452,1.1093,-0.2641
2024-11-07,216.71,225.64,215.91,223.39,213.96,214.94,213.61,200.06,205.39,207.2753,1,208.5488,1,271419,187431,1.5628,1.2000,0.3628
2024-11-08,233.01,240.68,230.12,235.00,216.24,216.12,213.97,200.19,205.52,216.3877,1,209.2325,1,581038,190376,3.0335,1.5667,1.4668
2024-11-11,236.00,237.70,231.11,236.87,218.71,217.45,214.38,200.32,205.66,216.3877,1,211.1193,1,312739,188460,4.3002,2.1134,2.1868
2024-11-12,234.70,238.05,232.78,236.52,220.98,218.77,214.80,200.50,205.78,216.6547,1,212.8929,1,179519,187533,5.2158,2.7339,2.4819
2024-11-13,235.95,237.58,233.01,233.19,222.82,219.56,215.12,200.64,205.89,217.0398,1,214.5602,1,151667,187149,5.6081,3.3087,2.2993
2024-11-14,233.20,238.17,229.43,229.71,224.91,220.20,215.41,200.80,206.00,217.0398,1,216.1274,1,233684,187840,5.5739,3.7617,1.8121
2024-11-15,227.41,227.41,213.14,213.36,224.97,219.80,215.36,200.87,206.05,242.3925,0,240.6800,0,396828,192427,4.1793,3.8453,0.3340
2024-11-18,214.00,216.18,212.23,213.68,225.08,219.39,215.18,200.96,206.08,235.2958,0,240.1292,0,217313,190860,3.0645,3.6891,-0.6246
2024-11-19,212.00,213.69,209.79,209.89,224.81,218.91,214.94,201.03,206.11,231.8917,0,239.0132,0,394845,194021,1.8539,3.3221,-1.4682
2024-11-20,211.10,211.33,207.54,210.63,224.22,218.55,214.68,201.11,206.12,228.7085,0,237.2598,0,250144,193169,0.9433,2.8463,-1.9030
2024-11-21,210.32,216.07,209.60,214.54,223.34,218.65,214.57,201.22,206.12,228.7085,0,234.8822,0,195124,192634,0.5311,2.3833,-1.8522
2024-11-22,215.50,217.25,212.88,216.58,221.50,218.87,214.54,201.33,206.12,228.7085,0,232.6949,0,218702,193202,0.3647,1.9796,-1.6148
2024-11-25,218.81,227.34,218.11,226.95,220.51,219.61,214.74,201.50,206.17,228.7085,0,230.6825,0,476822,198073,1.0575,1.7952,-0.7376
2024-11-26,226.30,227.74,224.21,226.88,219.54,220.26,214.98,201.68,206.21,228.7085,0,228.8311,0,237022,198388,1.5827,1.7527,-0.1700
2024-11-27,228.75,229.47,226.29,226.76,218.90,220.86,215.21,201.86,206.28,228.7085,0,207.5400,1,224311,199019,1.9665,1.7954,0.1711
2024-11-29,226.10,230.54,226.10,227.85,218.71,221.81,215.48,202.04,206.31,228.7085,0,207.9786,1,119507,195954,2.3317,1.9027,0.4291
2024-12-02,227.62,229.34,224.17,227.46,220.12,222.54,215.73,202.22,206.33,228.7085,0,208.8810,1,301066,196231,2.5602,2.0342,0.5260
2024-12-03,225.53,228.84,225.39,226.46,221.40,223.24,216.04,202.40,206.37,228.7085,0,209.7474,1,207392,196324,2.6303,2.1534,0.4769
2024-12-04,230.30,238.22,228.81,237.74,224.19,224.50,216.63,202.66,206.46,214.9319,1,210.5791,1,409983,200114,3.5550,2.4337,1.1213
2024-12-05,235.00,236.43,230.63,231.66,226.29,225.26,217.16,202.86,206.54,214.9319,1,212.2376,1,415575,205193,3.7540,2.6978,1.0562
2024-12-06,250.00,258.93,248.40,250.45,229.88,226.61,217.98,203.18,206.68,228.5120,1,213.7965,1,726230,216065,5.3661,3.2315,2.1346
2024-12-09,250.45,251.19,244.31,245.99,232.82,227.16,218.69,203.46,206.80,228.5120,1,217.4072,1,453286,222077,6.2121,3.8276,2.3845
2024-12-10,248.70,248.70,243.00,246.19,234.74,227.62,219.41,203.73,206.92,228.5120,1,220.7290,1,314065,225678,6.8202,4.4261,2.3941
2024-12-11,248.00,250.63,233.44,233.85,235.44,227.49,219.94,203.95,206.97,228.5120,1,223.7851,1,519568,233294,6.2344,4.7878,1.4467
2024-12-12,231.65,236.16,228.83,232.48,236.01,227.46,220.44,204.14,207.01,228.5120,1,226.5967,1,254124,235453,5.5952,4.9493,0.6459
2024-12-13,232.06,232.68,227.47,228.78,236.11,227.41,220.92,204.31,207.02,228.5120,1,258.9300,0,186250,236954,4.7354,4.9065,-0.1711
2024-12-16,228.13,229.61,223.22,224.69,235.83,227.98,221.32,204.44,207.04,250.9874,0,258.3008,0,482140,244686,3.6816,4.6615,-0.9799
2024-12-17,223.75,227.13,222.50,226.41,235.82,228.61,221.82,204.59,207.04,248.3192,0,256.8976,0,310521,248313,2.9512,4.3195,-1.3682
2024-12-18,227.34,229.14,220.99,221.54,234.20,229.19,222.16,204.66,207.04,248.3192,0,254.8337,0,235519,250356,1.9568,3.8469,-1.8901
2024-12-19,222.06,226.95,218.11,219.67,233.01,229.65,222.41,204.73,207.01,246.4209,0,252.1262,0,242472,252937,1.0063,3.2788,-2.2725
2024-12-20,219.87,227.10,218.44,224.15,230.38,230.13,222.69,204.82,206.98,246.4209,0,248.7246,0,532177,260495,0.6075,2.7445,-2.1371
2024-12-23,222.57,224.98,221.24,224.89,228.26,230.54,222.97,204.92,206.97,245.9218,0,245.6631,0,133900,259804,0.3471,2.2651,-1.9179
2024-12-24,223.94,224.36,214.29,217.43,225.39,230.07,223.11,204.98,206.92,243.0356,0,242.9078,0,225192,261569,-0.4559,1.7209,-2.1768
2024-12-26,215.33,216.31,212.46,214.86,223.49,229.47,223.20,205.04,206.84,237.2156,0,239.4737,0,236991,264049,-1.2849,1.1197,-2.4046
2024-12-27,214.07,214.54,211.35,214.01,221.64,228.83,223.14,205.10,206.73,234.5455,0,235.6918,0,143558,262797,-1.9875,0.4983,-2.4858
2024-12-30,212.05,212.58,209.36,211.47,219.91,228.01,223.03,205.15,206.63,231.8054,0,231.7971,0,180342,262966,-2.7180,-0.1450,-2.5730
2024-12-31,212.34,212.56,208.84,210.25,218.47,227.15,222.80,205.20,206.54,230.5679,0,227.7584,0,161115,260077,-3.3567,-0.7873,-2.5693
2025-01-02,212.53,214.66,209.61,210.58,216.88,226.35,222.58,205.27,206.45,230.5679,0,223.9747,0,199103,260886,-3.7925,-1.3883,-2.4041
2025-01-03,210.84,214.30,209.82,213.03,216.03,225.12,222.45,205.39,206.37,230.5679,0,220.9478,0,167910,260677,-3.8952,-1.8897,-2.0055
2025-01-06,214.25,215.98,211.90,212.87,215.35,224.18,222.35,205.65,206.28,230.5679,0,218.5262,0,206612,261931,-3.9441,-2.3006,-1.6435
2025-01-07,213.80,216.46,211.27,211.73,214.11,222.24,222.33,205.92,206.18,230.5679,0,216.5890,0,195871,262533,-4.0284,-2.6462,-1.3823
2025-01-08,211.07,217.91,210.47,217.30,213.35,220.81,222.43,206.17,206.12,230.5679,0,208.8400,1,278231,265748,-3.6042,-2.8378,-0.7665
2025-01-10,213.82,219.00,212.66,217.75,213.38,219.39,222.55,206.41,206.06,230.5679,0,209.0214,1,273799,269200,-3.1949,-2.9092,-0.2857
2025-01-13,215.90,217.28,211.00,212.84,213.18,218.34,222.53,206.60,205.96,230.5679,0,209.4205,1,263709,272235,-3.2295,-2.9733,-0.2562
2025-01-14,213.00,215.00,208.74,210.86,212.87,217.26,222.45,206.78,205.85,230.4739,0,219.0000,0,221340,274338,-3.3778,-3.0542,-0.3236
2025-01-15,213.53,216.74,211.15,211.73,212.89,216.40,222.51,206.96,205.75,230.4739,0,218.7948,0,203303,274697,-3.3860,-3.1205,-0.2655
2025-01-16,212.21,216.48,211.50,214.75,213.34,215.91,222.55,207.14,205.67,230.4739,0,218.5937,0,190655,276056,-3.1130,-3.1190,0.0061
2025-01-17,216.05,217.65,214.46,216.59,213.94,215.41,222.63,207.32,205.67,230.4739,0,218.3966,0,154884,276426,-2.7168,-3.0386,0.3218
2025-01-21,218.54,223.73,217.75,223.04,214.95,215.49,222.83,207.57,205.70,230.4739,0,208.7400,1,205108,277561,-1.8609,-2.8030,0.9421
2025-01-22,224.73,229.40,224.04,229.07,216.57,215.96,223.09,207.87,205.77,230.4739,0,209.0398,1,401995,281893,-0.6881,-2.3801,1.6919
2025-01-23,213.85,223.82,213.85,222.97,217.69,215.90,223.08,208.16,205.81,230.4739,0,209.8542,1,477044,286006,-0.2480,-1.9537,1.7056
2025-01-24,223.14,225.10,222.45,223.40,218.30,215.83,222.85,208.45,205.85,230.4739,0,210.6360,1,170454,277794,0.1339,-1.5361,1.6700
2025-01-27,221.42,227.32,220.94,225.77,219.10,216.24,222.63,208.73,205.90,230.4739,0,211.3866,1,181813,275176,0.6207,-1.1048,1.7254
2025-01-28,227.98,234.65,225.13,232.24,221.04,217.11,222.54,209.05,206.01,209.6321,1,212.1071,1,234121,276268,1.5111,-0.5816,2.0927
2025-01-29,232.91,234.73,229.50,232.30,223.19,218.03,222.52,209.35,206.11,212.3139,1,213.4597,1,188721,277009,2.1963,-0.0260,2.2223
2025-01-30,232.90,238.04,230.97,237.07,225.72,219.31,222.67,209.69,206.26,214.5630,1,215.1613,1,347213,279279,3.0886,0.5969,2.4917
2025-01-31,239.02,239.64,232.92,233.26,227.57,220.46,223.07,210.02,206.42,216.3162,1,217.4492,1,204546,275434,3.4486,1.1672,2.2813
2025-02-03,230.00,235.71,228.47,233.29,229.24,221.59,223.46,210.34,206.59,216.3162,1,220.1121,1,171725,274522,3.6937,1.6725,2.0212
2025-02-04,228.76,235.96,227.35,233.38,230.28,222.61,223.93,210.68,206.76,216.3162,1,222.4554,1,216273,270950,3.8508,2.1082,1.7426
2025-02-05,234.00,239.31,231.30,239.29,231.30,223.93,224.50,211.06,206.96,216.3162,1,224.5176,1,208948,270127,4.4015,2.5669,1.8347
2025-02-06,238.01,240.95,237.33,239.43,232.94,225.32,225.00,211.44,207.16,219.1174,1,226.3323,1,207706,270378,4.7940,3.0123,1.7817
2025-02-07,239.85,240.49,235.42,237.20,234.32,226.31,225.41,211.81,207.35,219.1174,1,228.3788,1,169432,269393,4.8689,3.3836,1.4853
2025-02-10,239.63,239.90,235.31,237.81,235.53,227.31,225.63,212.17,207.54,219.1174,1,230.1387,1,154386,262944,4.9208,3.6910,1.2298
2025-02-11,235.86,236.51,232.50,234.33,235.74,228.39,225.78,212.52,207.70,219.1174,1,231.6523,1,177810,261760,4.6278,3.8784,0.7494
2025-02-12,232.73,234.31,229.19,233.34,235.84,229.51,225.91,212.86,207.88,219.1174,1,240.9500,0,201349,261301,4.2665,3.9560,0.3105
2025-02-13,232.72,235.38,231.76,234.15,235.55,230.63,226.04,213.20,208.04,219.1174,1,240.7148,0,165146,262213,3.9994,3.9647,0.0347
2025-02-14,232.27,235.59,231.35,234.00,235.62,231.60,226.17,213.52,208.20,219.1174,1,240.4843,0,199696,260186,3.7327,3.9183,-0.1856
2025-02-18,233.28,234.96,229.94,232.83,235.58,232.41,226.29,213.82,208.38,219.1174,1,240.2584,0,220979,260458,3.3878,3.8122,-0.4244
2025-02-19,230.07,230.32,226.83,229.19,235.16,232.72,226.12,214.11,208.53,219.1174,1,240.0370,0,244317,257144,2.7886,3.6075,-0.8189
2025-02-20,228.20,229.67,225.55,228.74,234.10,232.70,226.06,214.39,208.66,219.1174,1,239.5088,0,202298,252879,2.2515,3.3363,-1.0848
2025-02-21,228.35,228.50,225.14,225.79,232.74,232.84,225.57,214.68,208.78,219.1174,1,238.6712,0,212288,242600,1.5696,2.9829,-1.4133
2025-02-24,225.28,228.44,222.79,226.11,231.63,232.98,225.17,214.99,208.89,219.1174,1,237.5887,0,244199,238418,1.0431,2.5950,-1.5519
2025-02-25,224.70,226.00,218.02,221.36,229.98,232.76,224.68,215.24,208.97,219.1174,1,236.1089,0,309528,238327,0.2398,2.1239,-1.8842
2025-02-26,222.68,231.04,221.58,227.23,229.27,232.50,224.54,215.51,209.10,219.1174,1,233.9382,0,239659,232729,0.0759,1.7143,-1.6384
2025-02-27,225.57,228.77,220.70,220.99,228.04,231.94,224.32,215.74,209.18,219.1174,1,232.0280,0,200261,231652,-0.5511,1.2612,-1.8124
2025-02-28,221.14,224.73,218.90,224.14,227.04,231.29,224.22,216.00,209.28,219.1174,1,231.0400,0,521708,238361,-0.7848,0.8520,-1.6369
2025-03-03,224.31,225.80,218.39,218.95,225.53,230.58,224.11,216.22,209.36,238.8974,0,229.4776,0,308544,234889,-1.3730,0.4070,-1.7800
2025-03-04,216.40,221.08,213.49,218.45,224.09,229.84,223.95,216.39,209.43,236.6214,0,228.1027,0,308342,234846,-1.8581,-0.0460,-1.8121
2025-03-05,218.19,221.01,214.89,219.94,223.17,229.16,223.92,216.58,209.48,236.6214,0,226.0569,0,330262,236741,-2.0981,-0.4564,-1.6416
2025-03-06,232.84,243.76,229.36,236.14,223.91,229.01,224.25,216.87,209.61,236.6214,0,213.4900,1,948315,250857,-0.9699,-0.5591,-0.4108
2025-03-07,233.64,247.35,227.95,246.80,226.01,229.37,224.70,217.23,209.79,212.0991,1,214.0954,1,648294,253180,0.7755,-0.2922,1.0677
2025-03-10,244.10,247.62,238.89,239.64,227.36,229.50,224.99,217.57,209.94,215.5847,1,215.4256,1,504418,260590,1.5629,0.0788,1.4841
2025-03-11,236.07,237.51,230.87,231.68,228.40,229.19,225.28,217.88,210.05,215.5847,1,217.3573,1,507727,266241,1.5270,0.3685,1.1585
2025-03-12,233.51,234.50,227.47,233.46,229.02,229.15,225.65,218.20,210.19,215.5847,1,219.1730,1,413061,269762,1.6235,0.6195,1.0040
2025-03-13,232.76,234.96,226.55,227.80,229.70,228.87,225.93,218.48,210.31,215.5847,1,220.8798,1,249669,271884,1.2291,0.7414,0.4877
2025-03-14,230.27,234.13,229.41,234.06,230.69,228.87,226.38,218.83,210.46,215.5847,1,222.4842,1,211497,272508,1.4054,0.8742,0.5312
2025-03-17,233.68,238.13,233.01,236.96,232.49,229.01,226.91,219.17,210.63,215.5847,1,223.9924,1,211345,273512,1.7589,1.0511,0.7078
2025-03-18,235.52,237.09,233.83,236.43,234.29,229.19,227.43,219.50,210.81,215.5847,1,225.4100,1,203164,273593,1.9735,1.2356,0.7379
2025-03-19,236.71,240.12,234.79,237.17,236.01,229.59,227.91,219.84,211.02,215.5847,1,226.7426,1,205887,274353,2.1782,1.4241,0.7541
2025-03-20,237.36,237.81,233.44,235.85,235.99,229.95,228.37,220.15,211.33,215.5847,1,227.9953,1,174128,273703,2.2085,1.5810,0.6275
2025-03-21,233.51,238.37,231.15,236.77,234.98,230.50,228.87,220.47,211.66,215.5847,1,229.1728,1,282325,275432,2.2804,1.7209,0.5595
2025-03-24,239.42,240.09,237.15,239.04,234.92,231.14,229.31,220.78,211.96,218.1072,1,230.2796,1,294234,275752,2.4919,1.8751,0.6168
2025-03-25,240.27,244.99,238.25,240.61,235.82,232.11,229.76,221.10,212.25,221.1365,1,231.1500,1,254253,275361,2.7544,2.0509,0.7034
2025-03-26,240.03,241.06,234.14,235.61,236.03,232.52,230.22,221.38,212.50,221.1365,1,232.1382,1,128266,272653,2.5298,2.1467,0.3831
2025-03-27,234.94,238.85,232.82,237.48,237.00,233.35,230.75,221.67,212.78,221.1365,1,247.6200,0,222329,272672,2.4742,2.2122,0.2620
2025-03-28,237.15,238.05,231.60,234.21,237.01,233.85,231.20,221.89,213.02,221.1365,1,247.3240,0,221914,273045,2.1416,2.1981,-0.0565
2025-03-31,231.69,233.00,228.81,231.63,236.48,234.49,231.54,222.12,213.24,221.1365,1,246.6950,0,293962,275111,1.6507,2.0886,-0.4379
2025-04-01,227.97,229.24,221.77,227.90,235.63,234.96,231.77,222.31,213.44,221.1365,1,245.6219,0,471571,281445,0.9498,1.8609,-0.9110
2025-04-02,226.20,229.20,223.99,226.54,234.56,235.29,231.84,222.49,213.64,221.1365,1,243.7138,0,357661,284496,0.2814,1.5450,-1.2636
2025-04-03,220.03,225.16,215.87,221.49,233.13,234.56,231.68,222.63,213.82,221.1365,1,241.9583,0,365104,283758,-0.6484,1.1063,-1.7547
2025-04-04,216.83,219.40,211.55,213.68,230.82,232.90,231.50,222.73,213.99,237.7376,0,239.3494,0,414475,282506,-1.9925,0.4865,-2.4790
2025-04-07,205.23,218.63,201.54,214.74,228.39,231.66,231.33,222.71,214.17,235.2483,0,236.0135,0,333298,285763,-2.9383,-0.1984,-2.7398
2025-04-08,220.45,221.18,207.51,209.39,225.27,230.54,231.00,222.67,214.30,235.2483,0,231.1872,0,288707,287901,-4.0726,-0.9733,-3.0993
2025-04-09,205.97,218.00,202.71,217.04,223.41,229.72,230.69,222.68,214.46,235.2483,0,227.0366,0,685825,296935,-4.3046,-1.6395,-2.6651
2025-04-10,214.23,216.02,204.10,210.64,220.73,228.86,230.26,222.64,214.58,235.2483,0,223.4671,0,417973,301520,-4.9479,-2.3012,-2.6467
2025-04-11,211.53,218.60,208.34,218.00,219.10,228.06,229.88,222.65,214.74,235.2483,0,220.3973,0,344985,301476,-4.8084,-2.8026,-2.0057
2025-04-14,221.58,225.21,220.29,223.66,218.31,227.39,229.69,222.71,214.94,235.2483,0,201.5400,1,205476,301494,-4.1928,-3.0807,-1.1121
2025-04-15,222.41,224.61,220.73,222.72,217.79,226.71,229.48,222.71,215.12,235.2483,0,202.0134,1,215972,302379,-3.7376,-3.2121,-0.5256
2025-04-16,222.00,224.09,218.59,220.66,217.20,225.88,229.22,222.70,215.31,235.2483,0,202.4773,1,139943,300853,-3.5028,-3.2702,-0.2326
2025-04-17,220.00,220.83,215.44,215.95,216.65,224.89,228.75,222.64,215.48,235.2483,0,202.9320,1,258600,301846,-3.6546,-3.3471,-0.3075
2025-04-21,215.41,216.00,206.80,210.08,216.29,223.55,228.17,222.58,215.62,235.2483,0,203.3775,1,354468,304781,-4.2002,-3.5177,-0.6825
2025-04-22,210.82,215.96,209.69,215.78,216.39,222.39,227.74,222.56,215.79,235.2483,0,203.8142,1,252873,306450,-4.1251,-3.6392,-0.4859
2025-04-23,220.48,225.61,219.00,220.53,217.51,221.39,227.39,222.59,215.98,235.2483,0,204.2421,1,246398,308290,-3.6403,-3.6394,-0.0009
2025-04-24,222.12,228.33,221.96,227.71,218.57,220.99,227.26,222.67,216.20,235.2483,0,205.0968,1,215209,309038,-2.6462,-3.4408,0.7946
2025-04-25,227.46,228.04,224.65,227.54,220.26,220.49,227.15,222.75,216.43,235.2483,0,206.4908,1,149016,307991,-1.8508,-3.1228,1.2720
2025-04-28,228.44,229.95,224.07,225.77,221.04,220.07,226.98,222.83,216.65,235.2483,0,207.8012,1,253337,309755,-1.3477,-2.7677,1.4201
2025-04-29,227.09,232.68,226.96,231.64,221.84,220.07,226.93,222.94,216.88,235.2483,0,209.5731,1,238728,310536,-0.4699,-2.3082,1.8383
2025-04-30,231.46,234.04,226.51,233.69,222.94,220.36,226.95,223.09,217.10,235.2483,0,211.8838,1,289846,311913,0.3867,-1.7692,2.1559
2025-05-01,235.00,235.00,231.19,232.07,224.08,220.64,227.01,223.25,217.34,235.2483,0,214.5425,1,174122,310509,0.9242,-1.2305,2.1547
2025-05-02,236.71,237.79,234.47,236.49,226.13,221.39,227.16,223.46,217.58,214.9790,1,217.4066,1,149485,309453,1.6874,-0.6469,2.3343
2025-05-05,235.30,238.95,234.76,236.99,228.82,222.55,227.38,223.65,217.86,216.5621,1,220.6679,1,138710,307981,2.3060,-0.0564,2.3623
2025-05-06,234.88,237.22,231.79,232.81,230.52,223.46,227.52,223.79,218.12,216.5621,1,223.9587,1,170929,306516,2.4309,0.4411,1.9898
2025-05-07,234.17,239.28,233.74,238.32,232.30,224.90,227.86,223.98,218.40,216.6656,1,226.6571,1,203740,304400,2.9406,0.9410,1.9996
2025-05-08,240.02,242.00,237.89,239.53,233.49,226.03,228.10,224.20,218.66,220.8521,1,229.1817,1,344923,306506,3.4029,1.4334,1.9696
2025-05-09,240.44,241.41,236.20,237.05,234.44,227.35,228.42,224.39,218.91,220.8521,1,231.7454,1,231693,307134,3.5286,1.8524,1.6762
2025-05-12,238.00,241.78,225.51,241.44,236.00,228.52,228.77,224.64,219.20,220.8521,1,242.0000,0,545751,307615,3.9370,2.2693,1.6677
2025-05-13,241.08,243.13,238.39,241.20,236.96,229.40,229.22,224.88,219.47,220.8521,1,225.5100,1,336860,308181,4.1930,2.6541,1.5389
2025-05-14,241.41,243.30,238.08,240.30,237.62,230.28,229.65,225.14,219.71,220.8521,1,225.5100,1,261230,307239,4.2739,2.9780,1.2959
2025-05-15,240.27,242.26,237.73,241.60,238.57,231.32,230.09,225.39,219.96,220.8521,1,226.2216,1,270882,306051,4.3924,3.2609,1.1315
2025-05-16,241.17,243.89,239.85,242.78,239.20,232.67,230.22,225.63,220.20,222.8577,1,226.9047,1,423335,295552,4.5293,3.5146,1.0147
2025-05-19,240.37,240.99,235.91,239.64,239.47,234.14,230.08,225.82,220.44,222.8577,1,227.9238,1,462361,291833,4.3344,3.6785,0.6558
2025-05-20,238.00,241.10,236.79,240.78,240.26,235.39,230.10,226.02,220.70,222.8577,1,228.8818,1,320526,288155,4.2233,3.7875,0.4358
2025-05-21,239.17,241.60,234.32,235.00,239.93,236.12,230.16,226.18,220.95,222.8577,1,229.7823,1,259746,283196,3.6270,3.7554,-0.1284
2025-05-22,234.00,237.13,233.73,235.53,239.53,236.51,230.21,226.35,221.20,222.8577,1,230.6288,1,251546,279966,3.1608,3.6365,-0.4757
2025-05-23,232.39,234.53,232.15,233.00,239.13,236.78,230.31,226.46,221.44,222.8577,1,231.4244,1,200031,278973,2.5576,3.4207,-0.8631
2025-05-27,236.44,240.00,235.00,238.06,238.79,237.40,230.39,226.60,221.72,222.8577,1,232.1500,1,313073,281004,2.4596,3.2285,-0.7689
2025-05-28,236.33,238.98,233.63,234.49,238.12,237.54,230.34,226.69,221.96,222.8577,1,232.1500,1,517637,287130,2.0700,2.9968,-0.9268
2025-05-29,268.59,285.70,264.33,279.04,241.99,239.81,231.19,227.07,222.42,243.9513,1,232.8544,1,1710599,317279,5.2950,3.4564,1.8386
2025-05-30,276.87,280.87,273.33,279.70,245.80,242.19,232.04,227.47,222.89,246.8807,1,233.6300,1,1001046,333182,7.8140,4.3279,3.4861
2025-06-02,276.31,282.00,275.35,278.63,249.39,244.29,232.90,227.87,223.34,249.4826,1,237.7956,1,635806,342416,9.6132,5.3850,4.2282
2025-06-03,278.00,285.45,275.96,284.75,253.90,246.68,233.86,228.35,223.82,251.5849,1,241.6280,1,530632,347382,11.4015,6.5883,4.8132
2025-06-04,285.00,289.43,282.66,283.57,258.18,249.22,234.75,228.83,224.27,257.8059,1,245.1537,1,514509,351787,12.5785,7.7863,4.7921
2025-06-05,284.91,291.68,283.49,289.94,263.67,251.80,235.74,229.35,224.76,259.7128,1,249.5813,1,579503,358292,13.8654,9.0021,4.8633
2025-06-06,289.72,290.96,284.91,285.36,268.65,254.09,236.73,229.83,225.21,261.0350,1,254.6332,1,596431,367655,14.3504,10.0718,4.2786
2025-06-09,286.49,286.49,276.80,283.33,273.69,256.41,237.65,230.28,225.66,261.0350,1,259.0788,1,495006,373109,14.4048,10.9384,3.4664
2025-06-10,284.25,286.26,282.53,284.13,278.29,258.54,238.65,230.79,226.08,261.0350,1,262.9909,1,303877,374748,14.3471,11.6201,2.7270
2025-06-11,283.25,288.91,282.62,288.55,283.70,260.91,239.78,231.29,226.53,261.0350,1,266.4336,1,492382,378717,14.4911,12.1943,2.2967
2025-06-12,290.00,291.69,278.26,282.16,284.01,263.00,240.87,231.75,226.95,261.0350,1,269.4632,1,569258,380670,13.9289,12.5412,1.3877
2025-06-13,278.27,286.77,277.33,282.55,284.30,265.05,241.99,232.22,227.37,261.0350,1,272.5749,1,358528,380688,13.3609,12.7052,0.6557
2025-06-16,279.21,285.06,279.17,284.58,284.89,267.14,243.25,232.67,227.79,261.0350,1,275.2511,1,280994,379006,12.9255,12.7492,0.1763
2025-06-17,282.47,283.99,277.00,281.89,284.61,269.25,244.62,233.06,228.20,261.0350,1,291.6900,0,323666,377189,12.2225,12.6439,-0.4214
2025-06-18,282.55,282.55,278.78,281.43,284.39,271.28,245.95,233.37,228.52,261.0350,1,291.3962,0,337941,377282,11.4958,12.4143,-0.9185
2025-06-20,281.43,284.02,274.93,280.08,283.41,273.54,247.36,233.66,228.84,261.0350,1,291.1083,0,871637,388941,10.6877,12.0689,-1.3813
2025-06-23,279.00,282.79,276.90,280.30,282.90,275.78,248.63,233.95,229.16,261.0350,1,290.4611,0,243553,380095,9.9503,11.6452,-1.6949
2025-06-24,281.85,282.87,279.81,281.63,282.73,278.21,250.05,234.28,229.49,261.0350,1,289.8399,0,249665,376729,9.3653,11.1892,-1.8239
2025-06-25,281.07,283.81,279.28,279.50,282.27,280.28,251.28,234.61,229.81,261.0350,1,289.2435,0,219268,374215,8.6303,10.6774,-2.0471
2025-06-26,281.78,283.27,278.65,281.19,281.53,282.62,252.43,235.06,230.14,261.0350,1,288.6710,0,346342,377032,8.0909,10.1601,-2.0692
2025-06-27,281.19,285.62,279.60,283.41,281.66,282.83,253.64,235.53,230.44,262.2647,1,288.1213,0,504753,382808,7.7532,9.6788,-1.9255
2025-06-30,282.95,288.13,282.65,287.98,282.20,283.25,254.99,236.05,230.77,265.4352,1,274.9300,1,369104,387391,7.7649,9.2960,-1.5311
2025-07-01,287.55,290.65,278.30,282.90,282.03,283.46,256.33,236.53,231.07,265.4352,1,275.1940,1,416118,390541,7.2802,8.8928,-1.6126
2025-07-02,280.90,283.33,279.23,282.61,282.10,283.35,257.78,236.98,231.38,265.4352,1,275.8122,1,356258,390577,6.7944,8.4732,-1.6787
2025-07-03,283.00,285.33,279.59,284.29,282.39,283.39,259.15,237.43,231.71,265.4352,1,276.4057,1,217226,389864,6.4704,8.0726,-1.6022
2025-07-07,284.40,284.90,280.80,281.00,282.48,282.94,260.36,237.79,232.03,265.4352,1,276.9755,1,326719,391471,5.8804,7.6342,-1.7538
2025-07-08,281.00,284.24,275.71,280.63,282.51,282.71,261.42,238.15,232.36,265.4352,1,290.6500,0,544114,398049,5.3216,7.1716,-1.8501
2025-07-09,281.65,284.51,279.49,284.36,282.79,282.76,262.55,238.54,232.70,265.4352,1,290.3512,0,221573,399500,5.1206,6.7614,-1.6408
2025-07-10,285.62,286.74,281.64,281.64,283.00,282.63,263.67,238.89,233.04,265.4352,1,290.0584,0,318816,400810,4.6879,6.3467,-1.6588
2025-07-11,280.71,280.86,270.92,275.89,282.47,282.00,264.56,239.22,233.35,265.4352,1,289.7714,0,458033,405196,3.8367,5.8447,-2.0080
2025-07-14,276.70,283.35,275.50,282.28,282.36,282.01,265.53,239.59,233.70,265.4352,1,289.0173,0,282365,405046,3.6359,5.4030,-1.7671
2025-07-15,282.68,282.97,278.71,279.32,281.49,281.85,266.47,239.87,234.06,265.4352,1,288.2935,0,270158,406967,3.2010,4.9626,-1.7616
2025-07-16,280.93,282.47,278.66,282.47,281.45,281.74,267.39,240.21,234.45,265.4352,1,287.5985,0,185103,407679,3.0750,4.5851,-1.5100
2025-07-17,280.50,282.50,276.43,276.46,280.83,281.47,268.18,240.38,234.78,265.4352,1,286.9314,0,309497,411095,2.4619,4.1604,-1.6985
2025-07-18,278.12,284.33,275.44,282.29,280.63,281.51,269.17,240.62,235.14,265.4352,1,286.2909,0,494770,417572,2.4185,3.8121,-1.3935
2025-07-21,282.73,287.47,281.00,281.00,280.63,281.56,270.02,240.85,235.49,265.4352,1,270.9200,1,378676,421070,2.2541,3.5005,-1.2464
2025-07-22,283.32,288.15,282.73,285.20,281.09,281.80,270.94,241.20,235.88,265.4906,1,271.2510,1,469183,423556,2.4346,3.2873,-0.8527
2025-07-23,285.92,288.71,282.42,286.01,281.26,282.02,271.92,241.55,236.27,265.7235,1,271.9270,1,399899,426920,2.6129,3.1524,-0.5395
2025-07-24,286.71,293.37,286.05,291.25,282.22,282.61,272.91,241.97,236.71,269.6447,1,272.9340,1,424992,424504,3.1408,3.1501,-0.0093
2025-07-25,291.91,294.00,288.37,290.41,283.67,283.07,273.90,242.41,237.14,271.4372,1,274.5688,1,351425,424796,3.4516,3.2104,0.2412
2025-07-28,291.09,295.93,289.42,292.59,284.70,283.53,274.94,242.85,237.59,272.9490,1,276.5120,1,425163,428074,3.8297,3.3343,0.4955
2025-07-29,296.24,296.72,285.30,287.23,285.49,283.49,275.86,243.29,238.00,272.9490,1,278.8421,1,425560,431168,3.6547,3.3984,0.2564
2025-07-30,287.27,290.43,284.00,286.90,285.93,283.69,276.74,243.73,238.40,272.9490,1,281.3450,1,417927,431060,3.4496,3.4086,0.0410
2025-07-31,286.90,290.15,283.54,284.20,286.71,283.77,277.63,244.13,238.77,272.9490,1,283.4975,1,369488,429202,3.0343,3.3337,-0.2995
2025-08-01,280.00,283.53,278.00,281.35,286.61,283.62,278.44,244.51,239.12,272.9490,1,296.7200,0,280703,428406,2.4469,3.1564,-0.7095
2025-08-04,284.83,285.74,282.02,285.28,287.04,283.84,279.45,244.96,239.50,272.9490,1,296.3456,0,296035,429132,2.2723,2.9796,-0.7072
2025-08-05,285.76,287.19,281.37,281.46,286.67,283.88,280.37,245.41,239.86,272.9490,1,295.9787,0,284866,429798,1.8049,2.7446,-0.9397
2025-08-06,281.05,282.93,278.36,282.65,286.33,283.79,281.36,245.87,240.18,272.9490,1,295.6191,0,220043,430198,1.5131,2.4983,-0.9852
2025-08-07,284.52,286.82,272.77,279.76,285.18,283.70,282.19,246.32,240.50,272.9490,1,295.2667,0,363912,431215,1.0367,2.2060,-1.1693
2025-08-08,282.17,282.71,279.02,282.13,284.36,284.01,283.15,246.80,240.80,272.9490,1,294.3669,0,238795,425638,0.8406,1.9329,-1.0923
2025-08-11,280.93,283.46,276.83,276.96,282.79,283.75,283.10,247.24,241.08,272.9490,1,293.5030,0,216250,395751,0.2651,1.5994,-1.3343
2025-08-12,278.22,279.74,273.00,275.43,281.61,283.55,283.02,247.66,241.36,272.9490,1,292.6737,0,349163,382714,-0.3110,1.2173,-1.5283
2025-08-13,276.77,279.33,273.88,279.18,280.84,283.39,283.03,248.10,241.66,272.9490,1,291.8775,0,253970,375077,-0.4596,0.8819,-1.3415
2025-08-14,276.24,276.96,273.00,274.98,279.92,283.31,282.83,248.52,241.97,272.9490,1,291.1132,0,187481,368214,-0.9058,0.5244,-1.4302
2025-08-15,275.55,281.22,274.00,280.61,279.84,283.23,282.77,248.94,242.32,272.9490,1,290.3795,0,228894,362502,-0.7960,0.2603,-1.0563
2025-08-18,280.64,285.52,278.10,282.10,279.53,283.28,282.62,249.37,242.67,272.9490,1,289.6751,0,347039,357852,-0.5820,0.0918,-0.6739
2025-08-19,282.20,286.07,281.50,284.35,279.81,283.24,282.60,249.85,243.02,272.9490,1,288.9989,0,293108,351786,-0.2283,0.0278,-0.2561
2025-08-20,283.45,285.19,280.00,284.02,279.95,283.14,282.61,250.34,243.37,272.9490,1,288.3497,0,270501,347296,0.0252,0.0273,-0.0021
2025-08-21,281.98,284.58,280.79,282.28,280.20,282.69,282.57,250.81,243.73,272.9490,1,287.7266,0,300205,347222,0.0847,0.0388,0.0459
2025-08-22,282.52,291.26,280.97,290.86,281.08,282.72,282.62,251.32,244.12,272.9490,1,272.7700,1,279633,342967,0.8147,0.1940,0.6208
2025-08-25,291.16,292.42,285.00,285.18,281.90,282.35,282.68,251.77,244.49,272.9490,1,273.1398,1,362236,338827,0.9243,0.3400,0.5843
2025-08-26,288.03,290.04,285.00,286.54,283.01,282.31,282.76,252.20,244.86,272.9490,1,273.9110,1,384164,339340,1.1082,0.4937,0.6145
2025-08-27,289.70,296.02,288.15,293.59,284.45,282.65,282.94,252.63,245.24,272.9490,1,274.6514,1,784472,349409,1.8020,0.7553,1.0466
2025-08-28,285.34,286.69,271.83,272.33,284.19,282.05,282.75,252.95,245.49,294.7382,0,296.0200,0,1217206,367280,0.6290,0.7301,-0.1010
2025-08-29,272.56,275.16,266.33,269.20,283.04,281.44,282.51,253.26,245.66,294.7382,0,296.0200,0,538319,371288,-0.5468,0.4747,-1.0215
2025-09-02,265.26,270.96,264.50,269.98,281.83,280.68,282.30,253.55,245.82,292.1415,0,294.8324,0,403863,361932,-1.3995,0.0999,-1.4994
2025-09-03,271.32,271.91,268.00,270.95,280.49,280.15,282.12,253.81,245.99,292.1415,0,293.0124,0,356652,364194,-1.9743,-0.3150,-1.6593
2025-09-04,268.30,271.06,262.85,270.06,279.10,279.52,281.88,254.06,246.18,290.2470,0,291.3017,0,342058,366042,-2.4732,-0.7466,-1.7265
2025-09-05,271.59,274.01,270.38,272.93,278.16,279.18,281.75,254.30,246.40,290.2470,0,289.0256,0,393074,369518,-2.6069,-1.1187,-1.4882
2025-09-08,279.00,283.26,275.42,282.78,277.35,279.22,281.79,254.63,246.74,290.2470,0,286.9315,0,637188,375335,-1.8961,-1.2742,-0.6220
2025-09-09,282.35,283.29,276.77,282.68,277.10,279.50,281.77,254.96,247.09,290.2470,0,285.0050,0,295853,371157,-1.3257,-1.2845,-0.0412
2025-09-10,282.27,282.91,273.26,274.60,275.91,279.46,281.50,255.24,247.41,290.2470,0,283.2900,0,419561,372166,-1.5082,-1.3292,-0.1790
2025-09-11,276.81,282.13,276.00,279.47,274.50,279.47,281.43,255.51,247.75,290.2470,0,283.2900,0,400285,371849,-1.2455,-1.3125,0.0670
2025-09-12,277.38,280.65,273.49,276.43,274.91,279.55,281.31,255.75,248.06,290.2470,0,282.9100,0,258656,369897,-1.2680,-1.3036,0.0356
2025-09-15,276.94,279.96,275.02,276.27,275.61,279.33,281.15,256.01,248.36,290.2470,0,282.1300,0,274861,371050,-1.2840,-1.2997,0.0157
2025-09-16,275.82,276.26,272.25,273.88,276.00,278.92,281.01,256.25,248.60,290.2470,0,280.6500,0,253394,369584,-1.4725,-1.3342,-0.1383
2025-09-17,274.28,275.59,272.20,274.58,276.37,278.43,280.89,256.52,248.84,290.2470,0,279.9600,0,342868,365559,-1.5475,-1.3769,-0.1707
2025-09-18,276.04,279.62,274.91,279.08,277.27,278.18,280.78,256.83,249.10,290.2470,0,262.8500,1,266717,366462,-1.2298,-1.3475,0.1177
2025-09-19,279.73,280.10,275.97,277.79,277.76,277.96,280.70,257.12,249.35,290.2470,0,263.1854,1,649918,373084,-1.0697,-1.2919,0.2222
2025-09-22,274.73,282.44,273.83,281.12,277.59,277.47,280.81,257.43,249.62,290.2470,0,263.8620,1,395395,371831,-0.6664,-1.1668,0.5004
2025-09-23,279.90,282.72,278.65,278.84,277.21,277.15,280.74,257.74,249.88,290.2470,0,264.9767,1,203358,370251,-0.5248,-1.0384,0.5136
2025-09-24,278.35,280.00,276.33,277.94,277.54,276.72,280.71,258.06,250.08,290.2470,0,266.3961,1,187415,368596,-0.4796,-0.9266,0.4470
2025-09-25,277.00,281.19,272.26,279.93,277.59,276.04,280.66,258.40,250.32,290.2470,0,267.7020,1,272204,370338,-0.2800,-0.7973,0.5173
2025-09-26,281.51,291.92,279.76,290.27,278.97,276.94,280.94,258.83,250.52,265.1477,1,268.9035,1,467741,373503,0.7044,-0.4970,1.2014
2025-09-29,290.59,295.16,285.96,293.00,280.64,278.13,281.15,259.28,250.75,269.1769,1,271.2051,1,357577,370759,1.6854,-0.0605,1.7459
2025-09-30,293.59,299.95,291.25,297.91,283.05,279.53,281.49,259.79,251.01,273.7452,1,274.0797,1,524053,373666,2.8265,0.5169,2.3096
2025-10-01,294.43,297.78,287.88,293.26,284.91,280.64,281.65,260.23,251.31,273.7452,1,277.7016,1,287190,370027,3.3174,1.0770,2.2404
2025-10-02,291.69,300.88,288.60,300.79,287.09,282.18,281.95,260.76,251.65,273.7452,1,280.8163,1,473804,371505,4.2648,1.7146,2.5503
2025-10-03,300.80,302.00,294.18,296.28,288.93,283.34,282.05,261.24,251.99,274.0590,1,284.0265,1,546814,373941,4.5988,2.2914,2.3073
2025-10-06,298.12,303.47,296.16,299.76,290.80,284.19,282.23,261.78,252.36,275.9941,1,287.2618,1,365138,374215,5.0856,2.8502,2.2353
2025-10-07,306.82,310.50,302.25,306.22,293.54,285.37,282.51,262.37,252.76,281.7142,1,290.5034,1,570304,377118,5.9244,3.4651,2.4593
2025-10-08,308.26,308.36,299.55,301.80,295.92,286.73,282.80,262.91,253.16,281.7142,1,294.5027,1,434049,377288,6.1614,4.0043,2.1571
2025-10-09,302.25,303.39,296.89,298.47,297.78,287.68,283.03,263.33,253.56,281.7142,1,310.5000,0,255192,374033,6.0113,4.4057,1.6056
2025-10-10,299.10,299.10,286.22,286.59,297.41,288.19,283.08,263.59,253.87,281.7142,1,310.2278,0,378585,374215,4.8775,4.5001,0.3774
2025-10-13,288.09,289.00,285.63,286.09,296.72,288.68,283.17,263.90,254.18,281.7142,1,309.2675,0,213709,372875,3.8937,4.3788,-0.4851
2025-10-14,283.11,290.28,281.65,287.65,295.69,289.37,283.22,264.28,254.53,281.7142,1,307.8492,0,345353,373862,3.2030,4.1437,-0.9406
2025-10-15,288.53,291.71,286.40,287.38,295.10,290.01,283.34,264.64,254.89,281.7142,1,305.7533,0,309135,374347,2.6038,3.8357,-1.2319
2025-10-16,288.91,297.00,287.83,292.73,294.30,290.69,283.54,265.07,255.28,281.7142,1,303.8250,0,407246,378091,2.5315,3.5748,-1.0434
2025-10-17,291.19,292.24,278.67,283.73,293.04,290.99,283.62,265.40,255.65,281.7142,1,302.0510,0,449088,379795,1.7280,3.2055,-1.4775
2025-10-20,285.07,288.10,281.92,285.91,291.66,291.23,283.70,265.73,256.02,281.7142,1,299.7129,0,233331,379685,1.2527,2.8149,-1.5622
2025-10-21,285.67,292.17,284.06,289.84,290.02,291.78,283.95,266.08,256.42,281.7142,1,297.6086,0,205641,379473,1.1796,2.4879,-1.3083
2025-10-22,291.29,291.41,287.46,289.94,288.83,292.38,284.24,266.43,256.80,281.7142,1,295.7148,0,181213,376114,1.1168,2.2136,-1.0969
2025-10-23,287.73,291.78,286.56,291.50,288.14,292.96,284.49,266.81,257.20,281.7142,1,294.0103,0,212037,375276,1.1793,2.0068,-0.8275
2025-10-24,292.66,296.55,291.51,293.02,288.78,293.09,284.85,267.18,257.60,281.7142,1,278.6700,1,210916,375744,1.3361,1.8726,-0.5365
2025-10-27,295.06,296.15,293.04,295.69,289.74,293.23,285.15,267.56,258.00,281.7142,1,279.0276,1,201749,375201,1.6567,1.8295,-0.1727
2025-10-28,295.72,297.81,291.35,291.35,290.11,292.90,285.34,267.90,258.36,281.7142,1,279.3781,1,205343,372367,1.5428,1.7721,-0.2293
2025-10-29,293.38,293.38,283.41,286.67,290.04,292.57,285.38,268.24,258.73,281.7142,1,280.1153,1,295815,372422,1.0627,1.6303,-0.5676
2025-10-30,286.66,289.84,285.00,285.03,289.27,291.78,285.40,268.55,259.10,281.7142,1,280.8231,1,147931,369970,0.5436,1.4129,-0.8693
2025-10-31,286.48,291.53,285.95,291.20,290.02,291.53,285.58,268.93,259.50,281.7142,1,281.5026,1,372765,371421,0.6229,1.2549,-0.6320
2025-11-03,291.00,292.88,286.17,292.72,290.70,291.18,285.62,269.34,259.89,281.7142,1,282.1549,1,252500,370879,0.7991,1.1638,-0.3646
2025-11-04,291.00,294.41,290.49,293.49,291.06,290.54,285.79,269.78,260.28,281.7142,1,282.7811,1,201921,367672,0.9895,1.1289,-0.1394
2025-11-05,293.95,296.69,292.06,295.26,291.59,290.21,285.96,270.24,260.64,281.7142,1,283.3823,1,248757,364964,1.2687,1.1569,0.1118
2025-11-06,293.76,294.50,286.27,291.21,291.56,289.85,285.91,270.70,260.95,281.7142,1,283.9594,1,225222,353779,1.1498,1.1554,-0.0056
2025-11-07,286.84,295.32,285.34,294.86,291.75,290.26,286.36,271.24,261.31,281.7142,1,284.5134,1,226010,333955,1.3347,1.1913,0.1434
2025-11-10,292.02,297.12,290.47,295.75,291.75,290.75,286.89,271.78,261.67,281.7142,1,285.0453,1,219920,327587,1.5354,1.2601,0.2753
2025-11-11,295.81,300.43,294.97,299.10,292.53,291.32,287.48,272.38,262.04,281.7142,1,285.3400,1,230008,324110,1.9424,1.3966,0.5458
2025-11-12,298.81,302.17,296.81,296.96,293.56,291.80,288.00,272.91,262.36,281.7142,1,286.2454,1,276262,322502,2.0684,1.5309,0.5375
2025-11-13,292.02,296.90,289.93,291.70,294.23,291.75,288.43,273.45,262.66,281.7142,1,287.5194,1,239690,320455,1.7239,1.5695,0.1544
2025-11-14,287.08,295.73,286.05,293.36,294.44,292.23,288.84,273.96,262.94,281.7142,1,302.1700,0,317122,318936,1.5668,1.5690,-0.0022
2025-11-17,289.29,292.96,276.95,277.01,292.87,291.78,288.72,274.31,263.16,308.3449,0,301.8476,0,754631,321285,0.1216,1.2795,-1.1579
2025-11-18,275.63,279.15,273.45,273.72,290.89,290.98,288.54,274.65,263.36,299.4553,0,300.8517,0,524694,325862,-1.2745,0.7687,-2.0432
2025-11-19,273.15,274.88,270.68,273.00,288.67,290.13,288.51,275.00,263.56,294.8798,0,299.2076,0,337046,324211,-2.4112,0.1327,-2.5440
2025-11-20,275.00,277.61,269.30,270.50,286.60,289.08,288.33,275.36,263.71,294.8798,0,296.9254,0,481382,325833,-3.4738,-0.5886,-2.8852
2025-11-21,249.75,251.60,237.24,244.06,281.52,286.63,287.68,275.59,263.74,274.5425,0,294.1629,0,1196577,344592,-6.3759,-1.7460,-4.6298
2025-11-24,244.90,247.62,234.50,235.74,275.52,283.63,286.87,275.72,263.73,272.1062,0,287.3321,0,801987,355134,-9.2406,-3.2449,-5.9957
2025-11-25,236.81,241.94,235.54,239.95,269.60,281.06,286.20,275.85,263.74,268.6016,0,279.9356,0,408731,358241,-11.0439,-4.8047,-6.2392
2025-11-26,239.26,244.88,238.73,240.67,263.97,278.76,285.52,275.94,263.77,268.6016,0,273.5746,0,451617,360416,-12.2735,-6.2985,-5.9750
2025-11-28,242.00,244.91,239.54,240.29,258.83,276.53,284.74,276.03,263.81,268.6016,0,268.1042,0,177550,358633,-13.1273,-7.6642,-5.4630
2025-12-01,237.27,242.93,236.95,240.41,253.54,273.99,283.99,276.12,263.84,266.4475,0,263.3996,0,400211,353639,-13.6370,-8.8588,-4.7782
2025-12-02,241.95,243.50,238.63,240.14,249.85,271.36,283.17,276.18,263.87,266.3827,0,259.3537,0,258175,350894,-13.9025,-9.8675,-4.0350
2025-12-03,239.25,241.45,238.68,241.33,246.61,268.75,282.42,276.23,263.91,263.6820,0,255.8741,0,220455,351236,-13.8572,-10.6655,-3.1917
2025-12-04,241.00,246.57,238.86,242.28,243.54,266.10,281.71,276.30,263.98,263.6820,0,252.8818,0,428351,356055,-13.5879,-11.2500,-2.3380
2025-12-05,242.00,244.22,239.16,242.00,240.69,263.64,280.95,276.34,264.04,263.6820,0,250.3083,0,336186,357334,-13.2445,-11.6489,-1.5956
2025-12-08,239.35,240.24,232.23,239.05,240.19,260.85,279.93,276.35,264.11,259.6225,0,248.0952,0,404018,356060,-13.0598,-11.9311,-1.1287
2025-12-09,237.18,238.40,230.03,232.00,239.81,257.66,278.71,276.34,264.14,257.9697,0,245.5567,0,482050,358549,-13.3287,-12.2106,-1.1181
2025-12-10,232.84,233.33,227.36,229.16,238.73,254.17,277.33,276.28,264.18,253.5153,0,242.7619,0,514877,358366,-13.6140,-12.4913,-1.1227
2025-12-11,228.00,231.35,227.34,229.49,237.62,250.79,276.06,276.22,264.19,251.4013,0,239.6815,0,461734,361857,-13.6560,-12.7242,-0.9318
2025-12-12,216.01,226.90,215.95,223.26,235.91,247.37,274.51,276.12,264.20,245.3376,0,237.2132,0,536985,363120,-14.0303,-12.9854,-1.0449
2025-12-15,223.86,224.16,218.21,220.10,233.88,243.71,272.98,275.98,264.18,244.4914,0,232.9606,0,477727,361739,-14.4158,-13.2715,-1.1443
2025-12-16,219.73,221.35,216.21,219.30,231.80,240.82,271.37,275.84,264.18,241.2977,0,229.5585,0,457723,363590,-14.6173,-13.5407,-1.0767
2025-12-17,219.07,221.51,215.30,215.46,229.21,237.91,269.56,275.67,264.17,240.5340,0,226.8368,0,378757,359759,-14.9150,-13.8155,-1.0994
2025-12-18,217.00,219.85,216.42,218.10,226.79,235.16,267.88,275.51,264.16,239.3681,0,224.5294,0,684660,364772,-14.7676,-14.0059,-0.7616
2025-12-19,218.87,225.00,218.27,221.86,224.78,232.73,266.35,275.37,264.08,239.3681,0,215.3000,1,486295,369394,-14.1839,-14.0415,-0.1424
2025-12-22,224.15,225.78,222.38,223.36,223.21,231.70,265.09,275.27,263.97,239.3681,0,215.4940,1,283019,367482,-13.4453,-13.9223,0.4770
2025-12-23,222.83,224.63,221.42,224.26,222.44,231.12,263.85,275.16,263.89,239.3681,0,215.9054,1,224439,367697,-12.6416,-13.6661,1.0246
2025-12-24,223.75,224.77,222.39,223.15,221.83,230.28,262.56,275.08,263.85,239.3681,0,216.3004,1,85221,362494,-11.9564,-13.3242,1.3678
2025-12-26,223.80,226.36,223.60,224.65,221.35,229.48,261.31,275.00,263.80,239.3681,0,216.6796,1,170127,359714,-11.1636,-12.8921,1.7284
2025-12-29,224.65,226.50,223.40,225.02,221.53,228.72,259.95,274.95,263.79,239.3681,0,217.2604,1,187284,355315,-10.3858,-12.3908,2.0050
2025-12-30,224.48,225.67,223.41,224.64,221.98,227.93,258.77,274.86,263.74,239.3681,0,217.9996,1,163448,349602,-9.6883,-11.8503,2.1620
2025-12-31,224.00,225.13,223.00,223.23,222.37,227.09,257.52,274.79,263.67,238.5618,0,218.6796,1,155636,348048,-9.1440,-11.3090,2.1651
2026-01-02,223.41,224.63,218.59,219.49,222.78,225.99,256.11,274.39,263.59,236.4691,0,226.5000,0,236500,348665,-8.9116,-10.8296,1.9180
2026-01-05,219.50,223.82,217.88,221.32,223.10,224.95,254.74,274.00,263.51,236.0052,0,226.3418,0,348734,352016,-8.4820,-10.3600,1.8780
2026-01-06,227.26,238.55,226.55,237.87,224.70,224.74,253.66,273.73,263.52,213.7413,1,217.8800,1,721531,362206,-6.7285,-9.6337,2.9052
2026-01-07,240.01,241.50,236.13,239.35,226.30,224.75,252.59,273.43,263.53,220.2762,1,217.8800,1,341361,364815,-5.1600,-8.7390,3.5790
2026-01-08,241.50,245.03,238.46,241.16,227.99,225.21,251.50,273.14,263.54,223.0891,1,218.8248,1,465825,370096,-3.7279,-7.7368,4.0089
2026-01-09,243.37,245.49,240.00,240.12,229.69,225.76,250.48,272.81,263.54,224.3077,1,220.3971,1,381695,373623,-2.6464,-6.7187,4.0723
2026-01-12,239.63,240.20,231.91,233.21,230.54,225.95,249.41,272.46,263.53,224.3077,1,222.4045,1,353616,374779,-2.3201,-5.8390,3.5189
2026-01-13,231.43,232.46,227.00,228.49,230.89,226.21,248.28,272.10,263.48,224.3077,1,224.2514,1,330922,378439,-2.4145,-5.1541,2.7396
2026-01-14,228.18,229.32,216.43,218.86,230.31,226.15,246.83,271.66,263.41,243.8740,0,245.4900,0,476524,380514,-3.2292,-4.7691,1.5399
2026-01-15,221.86,222.73,217.18,218.95,229.88,226.13,245.35,271.20,263.34,240.5191,0,244.9088,0,586348,387191,-3.8235,-4.5800,0.7565
2026-01-16,222.00,226.64,218.65,222.21,230.15,226.47,243.93,270.80,263.32,240.5191,0,244.3392,0,583457,394822,-3.9855,-4.4611,0.4756
2026-01-20,219.00,224.64,215.55,216.26,229.65,226.37,242.35,270.36,263.26,240.5191,0,243.7810,0,364074,397128,-4.5417,-4.4772,-0.0644
2026-01-21,217.36,220.89,216.27,219.73,227.83,226.27,240.92,269.92,263.26,239.3561,0,242.6518,0,446491,401554,-4.6488,-4.5115,-0.1373
2026-01-22,222.75,226.17,221.63,225.28,226.43,226.36,239.53,269.55,263.31,239.3561,0,241.5677,0,332401,403681,-4.2371,-4.4566,0.2196
2026-01-23,224.09,227.37,221.43,222.00,224.51,226.25,238.05,269.15,263.35,239.3561,0,240.5270,0,261050,404504,-4.1278,-4.3909,0.2630
2026-01-26,222.06,225.56,221.90,224.18,222.92,226.30,236.55,268.78,263.42,239.3561,0,239.5279,0,260946,405123,-3.8213,-4.2770,0.4557
2026-01-27,224.22,225.35,215.27,217.87,221.38,225.96,234.97,268.36,263.43,239.3561,0,238.5688,0,329877,406195,-4.0410,-4.2298,0.1888
2026-01-28,218.98,220.50,216.44,217.99,220.33,225.61,233.50,267.94,263.47,238.1337,0,237.1709,0,404807,409497,-4.1574,-4.2153,0.0579
2026-01-29,213.21,214.50,206.00,209.98,219.44,224.88,231.83,267.47,263.42,231.5444,0,235.8568,0,386762,410890,-4.8403,-4.3403,-0.5000
2026-01-30,210.00,211.66,203.55,203.92,217.94,223.91,230.37,266.96,263.33,229.2029,0,233.4683,0,631418,408426,-5.8035,-4.6329,-1.1706
2026-02-02,202.91,204.60,200.24,203.35,216.06,223.11,228.96,266.42,263.23,223.1661,0,230.4765,0,389517,405722,-6.5376,-5.0139,-1.5237
2026-02-03,200.27,201.15,186.40,190.80,213.51,221.58,227.32,265.78,263.08,217.5315,0,226.8481,0,878863,416559,-8.0393,-5.6189,-2.4203
2026-02-04,188.00,193.29,184.55,190.69,210.61,219.22,225.72,265.16,262.95,212.9229,0,221.1854,0,747352,421878,-9.1330,-6.3218,-2.8112
2026-02-05,190.12,193.69,182.87,183.85,206.46,216.45,224.52,264.50,262.82,212.9229,0,215.3237,0,473451,407416,-10.4315,-7.1437,-3.2878
2026-02-06,183.07,185.37,177.88,183.65,202.63,213.57,223.47,263.83,262.66,206.2357,0,209.4820,0,522705,401830,-11.3459,-7.9841,-3.3617
2026-02-09,183.89,185.90,180.32,184.61,198.67,210.79,222.37,263.19,262.48,206.2357,0,203.1616,0,402284,401701,-11.8564,-8.7586,-3.0978
2026-02-10,186.95,190.67,185.63,186.99,195.58,208.48,221.29,262.57,262.28,206.2357,0,198.1053,0,369642,400062,-11.9314,-9.3931,-2.5383
2026-02-11,186.00,186.00,175.13,177.04,191.49,205.91,220.03,261.85,262.03,205.0564,0,194.0602,0,758740,411685,-12.6479,-10.0441,-2.6038
2026-02-12,179.86,179.99,168.14,171.99,187.69,203.57,218.66,261.12,261.76,199.6622,0,190.6700,0,549250,414666,-13.4680,-10.7289,-2.7391
2026-02-13,173.95,177.14,173.01,174.11,184.71,201.33,217.34,260.44,261.47,199.6575,0,186.1640,0,392374,417350,-13.7880,-11.3407,-2.4473
2026-02-17,178.30,181.55,172.42,176.82,182.06,199.06,216.05,259.74,261.19,199.6575,0,182.5592,0,375106,420443,-13.6653,-11.8056,-1.8597
2026-02-18,176.57,181.54,174.80,181.25,181.10,197.31,214.83,259.08,260.93,199.6575,0,181.5500,0,316970,418216,-13.0601,-12.0565,-1.0036
2026-02-19,181.00,182.77,178.24,182.57,180.29,195.45,213.64,258.42,260.66,199.6575,0,168.1400,1,402421,419540,-12.3318,-12.1116,-0.2202
2026-02-20,182.40,186.48,180.13,180.31,179.93,193.20,212.47,257.78,260.38,199.6575,0,168.4326,1,301460,417489,-11.8009,-12.0494,0.2485
2026-02-23,177.98,179.28,171.71,172.17,178.79,190.71,211.27,257.04,260.08,198.6771,0,169.1545,1,427619,416400,-11.8999,-12.0195,0.1197
2026-02-24,174.01,178.66,172.80,175.79,177.90,188.29,210.20,256.34,259.76,198.5409,0,169.8475,1,370794,413519,-11.5530,-11.9262,0.3732
2026-02-25,175.32,177.94,172.00,176.46,176.85,186.22,209.14,255.62,259.45,197.2818,0,170.5128,1,314364,410571,-11.0962,-11.7602,0.6641
2026-02-26,176.41,184.05,176.00,182.86,177.43,184.46,208.33,254.93,259.18,197.2818,0,171.1515,1,373638,407304,-10.1012,-11.4284,1.3272
2026-02-27,179.00,183.09,177.00,182.01,178.44,183.06,207.57,254.20,258.88,197.2818,0,171.7646,1,466328,407076,-9.2744,-10.9976,1.7232
2026-03-02,180.15,185.02,178.58,181.45,179.17,181.94,206.81,253.47,258.58,197.2818,0,172.3533,1,429528,406513,-8.5656,-10.5112,1.9456
2026-03-03,178.36,186.90,176.77,185.91,180.08,181.07,206.22,252.76,258.31,197.2818,0,172.9183,1,416252,407263,-7.5569,-9.9203,2.3635
2026-03-04,186.51,188.86,183.56,188.48,180.80,180.95,205.63,252.10,258.04,197.2818,0,173.7572,1,652141,406612,-6.4754,-9.2314,2.7559
2026-03-05,201.50,205.48,190.83,196.06,182.15,181.22,205.12,251.50,257.81,197.2818,0,174.9654,1,995436,416795,-4.9497,-8.3750,3.4254
2026-03-06,194.49,197.54,190.92,195.49,183.67,181.80,204.56,250.91,257.59,197.2818,0,178.0169,1,426461,419664,-3.7433,-7.4487,3.7053
2026-03-09,194.27,197.19,189.85,195.57,186.01,182.40,203.98,250.34,257.36,197.2818,0,180.7632,1,438194,423939,-2.7492,-6.5088,3.7596
2026-03-10,195.42,196.52,184.56,189.69,187.40,182.65,203.32,249.70,257.14,197.2818,0,183.2349,1,398046,430195,-2.4080,-5.6886,3.2806
2026-03-11,190.73,192.28,185.33,187.09,188.46,182.66,202.56,249.07,256.89,197.2818,0,184.5600,1,269428,432181,-2.3206,-5.0150,2.6944
2026-03-12,189.69,192.26,180.75,180.79,188.25,182.84,201.68,248.39,256.63,197.2818,0,205.4800,0,287872,434193,-2.7283,-4.5577,1.8293
2026-03-13,182.33,183.53,177.91,178.88,187.94,183.19,200.76,247.72,256.34,197.2818,0,204.9854,0,302969,436984,-3.1690,-4.2800,1.1109
2026-03-16,179.87,186.29,179.75,185.28,188.32,183.75,200.01,247.07,256.09,197.2818,0,203.9024,0,437261,442616,-2.9676,-4.0175,1.0499
2026-03-17,185.82,191.40,185.13,186.70,188.40,184.24,199.35,246.47,255.63,197.2818,0,202.8627,0,284157,443569,-2.6628,-3.7465,1.0838
2026-03-18,183.84,186.71,183.00,184.03,187.96,184.38,198.60,245.86,255.15,197.2818,0,201.8646,0,252986,441654,-2.6065,-3.5185,0.9120
2026-03-19,183.85,189.19,183.68,185.59,186.91,184.53,197.56,245.24,254.69,197.2818,0,200.9064,0,267324,432570,-2.4083,-3.2965,0.8882
2026-03-20,184.20,184.84,180.73,184.07,185.77,184.72,196.45,244.63,254.18,197.2818,0,199.9865,0,769486,441133,-2.3469,-3.1066,0.7597
2026-03-23,186.33,187.59,183.28,185.23,184.73,185.37,195.33,244.00,253.69,197.2818,0,199.1035,0,290255,437621,-2.1794,-2.9211,0.7417
2026-03-24,182.73,183.83,176.40,179.11,183.68,185.54,194.11,243.31,253.14,197.2818,0,198.2557,0,500487,439997,-2.5116,-2.8392,0.3276
2026-03-25,181.80,183.83,175.83,178.11,182.78,185.62,193.01,242.60,252.60,197.2818,0,196.9444,0,235105,437627,-2.8230,-2.8360,0.0130
2026-03-26,178.00,183.22,178.00,178.28,182.53,185.39,192.01,241.90,252.07,197.2818,0,195.2552,0,316607,437341,-3.0213,-2.8731,-0.1482
2026-03-27,178.00,178.99,171.00,172.59,181.90,184.92,191.08,241.16,251.52,196.1634,0,193.7012,0,258126,432973,-3.5961,-3.0177,-0.5784
2026-03-30,175.00,178.81,173.04,175.96,180.97,184.65,190.22,240.40,250.95,196.1634,0,191.4311,0,275307,426752,-3.7366,-3.1614,-0.5751
2026-03-31,175.52,178.50,173.06,175.66,179.86,184.13,189.29,239.67,250.42,196.1634,0,189.3880,0,324251,421568,-3.8280,-3.2948,-0.5333
2026-04-01,176.69,177.63,172.44,172.74,178.73,183.35,188.42,238.91,249.87,195.0041,0,187.5492,0,250732,419301,-4.0890,-3.4536,-0.6354
2026-04-02,172.29,178.67,169.75,173.98,177.57,182.24,187.51,238.11,249.32,194.8582,0,185.8943,0,217197,414715,-4.1479,-3.5925,-0.5555
2026-04-06,174.90,176.12,172.39,174.64,176.63,181.20,186.49,237.46,248.78,193.9573,0,183.9570,0,252547,413118,-4.0942,-3.6928,-0.4014
2026-04-07,173.16,173.82,169.72,172.52,175.36,180.05,185.50,236.82,248.24,190.9781,0,182.2521,0,249533,412888,-4.1745,-3.7892,-0.3854
2026-04-08,176.24,177.91,166.30,166.57,174.11,178.89,184.35,236.13,247.67,190.9781,0,180.4976,0,303857,413746,-4.6646,-3.9642,-0.7003
2026-04-09,165.69,168.21,156.23,157.08,172.00,177.39,183.14,235.37,247.05,184.5073,0,178.2260,0,676795,420684,-5.7524,-4.3219,-1.4305
2026-04-10,153.06,154.67,148.05,151.43,169.32,175.92,181.80,234.58,246.40,174.1275,0,177.9100,0,599557,424579,-6.9898,-4.8554,-2.1343
2026-04-13,151.48,158.93,151.19,158.45,167.90,174.90,180.77,233.81,245.80,174.1275,0,171.9380,0,429938,425443,-7.3196,-5.3483,-1.9713
2026-04-14,162.88,163.69,156.41,159.09,166.22,173.59,179.88,232.99,245.19,174.1275,0,167.1604,0,360784,420030,-7.4436,-5.7673,-1.6762
2026-04-15,162.37,168.10,160.00,167.30,165.38,172.62,179.16,232.22,244.61,174.1275,0,148.0500,1,453283,421305,-6.8009,-5.9741,-0.8269
2026-04-16,171.80,174.97,165.95,167.69,164.88,171.80,178.69,231.51,244.01,174.1275,0,148.4510,1,385385,411436,-6.1888,-6.0170,-0.1718
2026-04-17,171.04,173.27,166.27,167.95,164.27,170.92,178.24,230.76,243.43,174.1275,0,149.5118,1,365023,403789,-5.6180,-5.9372,0.3192
2026-04-20,167.24,171.69,167.00,168.84,163.69,170.16,177.94,230.05,242.86,174.1275,0,150.5301,1,271292,399746,-5.0357,-5.7569,0.7212
2026-04-21,168.56,172.44,166.50,167.79,163.22,169.29,177.62,229.32,242.28,174.1275,0,151.5077,1,300797,395308,-4.6059,-5.5267,0.9208
2026-04-22,168.50,169.35,162.11,163.78,162.94,168.52,177.20,228.59,241.69,174.1275,0,152.4462,1,347492,394212,-4.5366,-5.3287,0.7921
2026-04-23,159.96,161.00,152.30,156.15,162.85,167.42,176.59,227.80,241.07,174.1275,0,174.9700,0,456505,395949,-5.0392,-5.2708,0.2316
2026-04-24,156.40,161.17,155.63,161.13,163.82,166.57,176.27,227.01,240.46,174.1275,0,174.5166,0,261868,386012,-4.9783,-5.2123,0.2340
2026-04-27,160.12,163.13,159.45,160.45,164.02,165.96,176.04,226.23,239.85,174.1275,0,174.0723,0,241525,379857,-4.9281,-5.1554,0.2274
2026-04-28,161.68,164.42,157.88,158.49,163.96,165.09,175.73,225.41,239.26,174.1275,0,173.6368,0,290338,377817,-4.9890,-5.1221,0.1332
2026-04-29,158.35,159.04,155.42,158.22,163.05,164.21,175.35,224.61,238.64,174.1275,0,173.2101,0,249956,375314,-5.0013,-5.0980,0.0967
2026-04-30,156.44,157.03,153.06,155.97,161.88,163.38,174.85,223.80,238.03,174.1275,0,172.7919,0,297357,374921,-5.1335,-5.1051,-0.0284
2026-05-01,174.02,175.11,170.05,171.60,162.24,163.26,174.63,223.07,237.47,174.1275,0,152.3000,1,1318025,393233,-3.9317,-4.8704,0.9387
2026-05-04,170.00,173.92,168.73,170.22,162.38,163.04,174.43,222.27,236.94,174.1275,0,152.7562,1,748355,402171,-3.0554,-4.5074,1.4520
2026-05-05,170.10,173.63,167.11,171.19,162.72,162.97,174.41,221.46,236.38,174.1275,0,153.2033,1,754058,408700,-2.2567,-4.0573,1.8006
2026-05-06,169.00,171.08,167.16,167.35,163.08,163.01,174.24,220.59,235.82,174.1275,0,153.6414,1,5916593,519616,-1.9115,-3.6281,1.7166
2026-05-07,169.20,173.50,167.41,168.25,164.29,163.57,174.08,219.76,235.23,174.1275,0,154.0708,1,690111,527131,-1.5475,-3.2120,1.6645
2026-05-08,165.08,167.24,162.90,166.34,164.81,164.31,173.74,218.86,234.63,174.1275,0,154.4916,1,462708,528912,-1.3970,-2.8490,1.4520
2026-05-11,164.36,166.66,158.35,159.33,164.70,164.36,173.29,217.95,233.97,174.1275,0,154.9039,1,379540,527177,-1.8224,-2.6437,0.8213
2026-05-12,159.71,162.19,158.05,159.42,164.79,164.37,172.85,217.01,233.32,174.1275,0,155.3081,1,298594,524558,-2.1277,-2.5405,0.4128
2026-05-13,157.29,158.92,153.62,155.73,164.54,163.79,172.25,216.01,232.63,174.1275,0,175.1100,0,335520,522943,-2.6371,-2.5598,-0.0773
2026-05-14,155.28,158.06,152.81,156.25,164.57,163.22,171.60,215.04,231.98,174.1275,0,174.6802,0,262781,515156,-2.9646,-2.6408,-0.3238
2026-05-15,158.43,160.99,156.78,158.86,163.29,162.77,170.86,214.11,231.34,174.1275,0,173.8054,0,332891,501905,-2.9792,-2.7084,-0.2707
2026-05-18,158.01,165.20,157.77,163.85,162.66,162.52,170.23,213.29,230.74,174.1275,0,172.9656,0,401596,501408,-2.5586,-2.6785,0.1199
2026-05-19,165.00,169.94,162.85,163.31,161.87,162.29,169.58,212.47,230.15,174.1275,0,172.1594,0,404160,500727,-2.2430,-2.5914,0.3484
2026-05-20,160.00,165.16,156.69,164.96,161.63,162.35,169.09,211.65,229.55,174.1275,0,171.3854,0,299419,498755,-1.8386,-2.4408,0.6022
2026-05-21,162.49,163.05,158.07,158.27,160.63,162.46,168.51,210.79,228.93,174.1275,0,170.6424,0,337574,500118,-2.0345,-2.3596,0.3251
2026-05-22,159.28,162.60,158.86,160.17,160.02,162.41,168.10,209.91,228.32,174.1275,0,169.9291,0,323287,500826,-2.0131,-2.2903,0.2771
2026-05-26,159.71,160.43,155.25,158.54,159.94,162.32,167.69,209.07,227.71,174.1275,0,169.2443,0,357539,501917,-2.1035,-2.2529,0.1494
2026-05-27,155.12,164.30,155.01,158.49,159.84,162.32,167.15,208.23,227.09,174.1275,0,168.5869,0,353908,500250,-2.1544,-2.2332,0.0788
2026-05-28,160.25,165.41,157.67,164.38,160.71,162.62,166.71,207.39,226.53,174.1275,0,167.9559,0,315840,500884,-1.6998,-2.1265,0.4267
2026-05-29,165.22,177.34,165.00,174.34,162.52,163.54,166.51,206.62,226.02,149.4163,1,152.8100,1,890023,513625,-0.5298,-1.8072,1.2774
2026-06-01,182.74,191.97,179.32,188.66,165.50,164.40,166.58,205.93,225.57,160.4681,1,153.3006,1,1065156,529581,1.5353,-1.1387,2.6740
2026-06-02,184.74,185.20,179.17,182.94,167.41,165.03,166.55,205.20,225.11,160.4681,1,154.8474,1,693800,528068,2.6795,-0.3750,3.0545
2026-06-03,181.49,182.53,174.26,178.72,168.95,165.41,166.42,204.42,224.60,160.4681,1,156.3323,1,797860,538220,3.2087,0.3417,2.8670
2026-06-04,182.86,185.63,174.63,178.60,170.31,165.97,166.41,203.67,224.08,160.4681,1,157.7578,1,646603,541142,3.5772,0.9888,2.5884
2026-06-05,181.28,181.75,171.95,172.61,171.75,166.19,166.30,202.91,223.53,160.4681,1,159.1263,1,431663,545073,3.3473,1.4605,1.8868
2026-06-08,171.69,172.55,166.94,167.24,172.45,166.23,166.08,202.12,222.94,160.4681,1,160.4400,1,338745,545516,2.7007,1.7085,0.9922
2026-06-09,165.51,172.68,165.11,167.68,173.37,166.65,165.98,201.30,222.37,160.4681,1,161.7012,1,387894,548111,2.1984,1.8065,0.3919
2026-06-10,166.98,170.87,163.75,163.76,173.89,166.87,165.74,200.44,221.73,160.4681,1,162.9120,1,340654,549418,1.4671,1.7386,-0.2715
2026-06-11,162.64,167.21,161.19,161.55,173.61,167.16,165.46,199.56,221.12,160.4681,1,191.9700,0,289643,548726,0.7011,1.5311,-0.8300
2026-06-12,162.50,163.77,156.22,159.54,172.13,167.32,165.19,198.65,220.48,184.1020,0,191.3544,0,304578,549803,-0.0673,1.2114,-1.2788
2026-06-15,162.21,166.90,161.67,162.17,169.48,167.49,164.96,197.79,219.82,184.1020,0,189.9490,0,370640,552872,-0.4588,0.8774,-1.3362
2026-06-16,162.00,163.55,159.09,163.38,167.53,167.47,164.73,196.92,219.28,184.1020,0,188.5999,0,327070,554362,-0.6638,0.5692,-1.2329
2026-06-17,160.86,163.76,153.91,154.85,165.14,167.04,164.38,195.98,218.71,182.3567,0,187.3047,0,348025,556332,-1.4973,0.1559,-1.6531
2026-06-18,153.30,154.00,150.39,153.30,162.61,166.46,164.11,195.01,218.12,174.7025,0,185.3010,0,783056,565916,-2.2569,-0.3267,-1.9302
2026-06-22,153.97,156.63,151.15,153.16,160.66,166.20,164.03,194.05,217.53,174.7025,0,182.5081,0,375135,559883,-2.8374,-0.8288,-2.0086
2026-06-23,157.00,160.84,155.74,159.71,159.91,166.18,164.20,193.17,216.98,174.7025,0,179.9387,0,489735,557686,-2.7375,-1.2106,-1.5269
2026-06-24,161.70,165.80,160.53,161.35,159.28,166.32,164.26,192.29,216.42,174.7025,0,177.5748,0,406134,557210,-2.4971,-1.4679,-1.0292
2026-06-25,160.43,162.04,157.88,158.08,158.71,166.30,164.24,191.49,215.80,174.7025,0,175.4000,0,267250,555340,-2.5412,-1.6825,-0.8587
2026-06-26,160.25,171.49,160.25,171.36,159.69,166.65,164.32,190.81,215.24,174.7025,0,173.3992,0,969915,565672,-1.4874,-1.6435,0.1561
2026-06-29,174.46,178.31,172.65,176.22,161.36,166.74,164.49,190.17,214.75,152.9877,1,150.3900,1,581420,569593,-0.2571,-1.3662,1.1091
2026-06-30,174.35,177.95,172.86,177.47,162.89,166.18,164.68,189.55,214.24,153.6349,1,150.9484,1,468255,571658,0.8094,-0.9311,1.7405
2026-07-01,182.00,189.12,181.05,184.22,164.97,166.25,164.99,189.15,213.78,161.9969,1,151.4956,1,580367,577839,2.1742,-0.3100,2.4843
2026-07-02,184.42,192.90,184.42,192.74,168.76,166.95,165.49,188.86,213.36,165.2767,1,153.0006,1,496132,581746,3.8984,0.5316,3.3668
2026-07-06,191.34,193.52,187.75,192.01,172.63,167.62,166.05,188.54,212.95,167.8591,1,155.3946,1,437437,583545,5.1466,1.4546,3.6920
2026-07-07,196.95,199.70,191.38,192.30,176.55,168.60,166.77,188.22,212.54,172.5457,1,158.4446,1,459982,583614,6.0890,2.3815,3.7075
2026-07-08,189.54,192.48,187.88,188.17,179.39,169.65,167.32,187.87,212.09,172.5457,1,162.5701,1,315712,584691,6.4286,3.1909,3.2376
2026-07-09,183.30,190.09,182.09,189.70,182.23,170.75,167.90,187.53,211.65,172.5457,1,166.2831,1,243689,584734,6.7433,3.9014,2.8419
2026-07-10,193.48,194.96,189.33,190.12,185.43,172.07,168.53,187.20,211.19,172.5457,1,169.6248,1,240863,583745,6.9466,4.5105,2.4362
2026-07-13,191.24,198.73,191.14,196.81,187.98,173.83,169.30,186.90,210.78,172.7953,1,172.6323,1,365555,586057,7.5604,5.1204,2.4400
2026-07-14,190.12,196.64,188.43,193.09,189.66,175.51,170.05,186.58,210.36,172.7953,1,175.3391,1,326670,586643,7.6584,5.6280,2.0304
2026-07-15,196.74,199.12,192.52,193.67,191.28,177.09,170.49,186.25,209.93,173.6442,1,177.7752,1,269414,565671,7.6941,6.0413,1.6529
2026-07-16,195.75,200.33,194.93,197.37,192.60,178.79,171.03,185.98,209.46,175.6738,1,179.9677,1,309022,556884,7.9296,6.4189,1.5107
2026-07-17,197.37,200.00,194.25,195.38,192.86,180.81,171.52,185.73,208.98,175.6738,1,182.4112,1,244635,546696,7.8650,6.7082,1.1569
2026-07-20,193.00,199.87,191.24,197.41,193.40,183.02,172.12,185.52,208.47,175.6738,1,184.5614,1,245854,433281,7.8867,6.9439,0.9428
2026-07-21,195.00,197.07,188.57,189.24,193.10,184.82,172.54,185.25,207.95,175.6738,1,186.4536,1,225044,423980,7.1621,6.9875,0.1746
2026-07-22,189.83,189.83,182.10,184.55,192.73,186.06,172.90,184.99,207.37,175.6738,1,200.3300,0,226074,419247,6.1386,6.8177,-0.6791
2026-07-23,187.19,187.30,179.25,179.58,191.72,186.97,173.31,184.72,206.79,175.6738,1,199.9654,0,186314,415383,4.8703,6.4282,-1.5579
2026-07-24,182.28,187.19,182.00,186.24,191.33,188.38,173.84,184.50,206.22,175.6738,1,199.1368,0,196818,413347,4.3524,6.0131,-1.6607
2026-07-27,190.75,197.88,189.11,194.46,191.10,189.54,174.62,184.36,205.66,175.6738,1,198.3413,0,332293,413282,4.5528,5.7210,-1.1682
2026-07-28,198.28,203.19,197.37,201.20,191.91,190.79,175.52,184.25,205.16,176.1686,1,179.2500,1,340310,414833,5.1955,5.6159,-0.4204
2026-07-29,201.08,209.33,200.30,207.91,193.33,192.31,176.50,184.16,204.71,180.4057,1,179.7288,1,431143,416798,6.1752,5.7278,0.4474
2026-07-30,201.77,203.11,196.67,201.56,193.75,193.18,177.25,184.01,204.28,180.4057,1,180.9128,1,290569,414578,6.3658,5.8554,0.5104
2026-07-31,200.69,206.01,199.01,203.78,194.59,193.73,178.06,183.87,203.87,180.4057,1,182.0495,1,384900,414192,6.6197,6.0082,0.6114
2026-08-03,209.99,211.56,205.64,206.25,195.48,194.44,178.89,183.76,203.46,183.8503,1,183.1408,1,538086,418966,6.9402,6.1946,0.7456
2026-08-04,205.00,212.34,204.68,211.86,197.74,195.42,179.96,183.68,203.08,183.9373,1,184.8459,1,312727,418469,7.5597,6.4677,1.0921
2026-08-05,212.85,214.25,210.44,213.51,200.64,196.68,181.02,183.60,202.69,189.0866,1,187.0454,1,330620,418615,8.0906,6.7922,1.2984
2026-08-06,209.00,217.95,208.07,217.80,204.46,198.09,182.21,183.55,202.36,189.1134,1,189.7659,1,479291,421050,8.7566,7.1851,1.5715
2026-08-07,224.35,231.66,223.31,230.47,208.88,200.11,183.65,183.60,202.08,201.8201,1,193.1480,1,591271,425798,10.1892,7.7859,2.4033
2026-08-10,228.86,236.00,228.37,234.69,212.90,202.00,185.06,183.70,201.81,206.7976,1,198.5397,1,419297,427867,11.5322,8.5352,2.9970
2026-08-11,233.46,238.97,231.78,236.58,216.44,204.18,186.30,183.81,201.54,210.3693,1,204.5333,1,389340,417853,12.6038,9.3489,3.2549
2026-08-12,232.53,241.74,230.17,241.51,219.80,206.57,187.36,183.83,201.29,210.3693,1,210.7319,1,430467,405159,13.6929,10.2177,3.4752
2026-08-13,241.91,253.35,239.50,252.64,224.91,209.33,188.75,183.92,201.09,218.8915,1,216.9335,1,654489,404373,15.2781,11.2298,4.0483
2026-08-14,251.80,253.48,243.49,243.75,228.91,211.75,190.05,183.94,200.83,220.7078,1,224.2168,1,347612,395368,15.6368,12.1112,3.5256
2026-08-17,241.00,244.21,238.32,238.34,232.11,213.80,191.25,183.92,200.56,220.7078,1,230.0695,1,240271,387242,15.3080,12.7505,2.5574
2026-08-18,243.17,247.03,241.72,242.75,235.20,216.47,192.65,183.99,200.34,220.7078,1,234.7516,1,369611,386001,15.2277,13.2460,1.9818
2026-08-19,243.30,252.97,242.76,251.00,238.95,219.79,194.32,184.14,200.17,220.7719,1,238.3200,1,451875,388263,15.6495,13.7267,1.9228
2026-08-20,250.00,253.49,246.00,250.53,242.23,223.34,195.98,184.35,199.97,223.1142,1,241.3520,1,327117,387048,15.7640,14.1342,1.6299
2026-08-21,250.74,250.81,246.80,247.90,243.97,226.42,197.66,184.54,199.75,223.6343,1,242.7600,1,270608,385647,15.4644,14.4002,1.0642
2026-08-24,247.06,249.24,242.03,248.46,245.35,229.12,199.40,184.72,199.52,223.6343,1,253.4900,0,390082,387655,15.0980,14.5398,0.5582
2026-08-25,244.27,247.85,242.53,246.78,246.37,231.40,201.15,184.92,199.28,223.6343,1,253.2608,0,399784,389560,14.5049,14.5328,-0.0279
2026-08-26,239.87,247.70,238.93,244.91,246.71,233.25,202.80,185.09,199.05,223.6343,1,253.0362,0,355756,389262,13.7257,14.3714,-0.6456
2026-08-27,275.36,296.24,274.81,282.13,249.66,237.28,205.18,185.47,198.98,248.2258,1,238.9300,1,1808115,418883,15.9280,14.6827,1.2453
2026-08-28,280.00,284.68,276.45,276.69,252.95,240.93,207.61,185.83,198.89,248.2258,1,238.9300,1,1007594,432074,17.0379,15.1537,1.8842
2026-08-31,274.79,290.47,273.60,285.69,257.68,244.90,210.26,186.24,198.82,248.2258,1,240.0762,1,812759,432668,18.4313,15.8093,2.6221
2026-09-01,282.12,286.79,278.03,279.23,261.33,248.27,212.78,186.65,198.73,248.2258,1,241.1995,1,340353,431973,18.7976,16.4069,2.3907
2026-09-02,278.28,282.43,276.05,280.72,264.30,251.63,215.20,187.07,198.68,248.2258,1,242.3003,1,418357,430545,18.9893,16.9234,2.0659
2026-09-03,284.01,288.38,277.85,284.38,267.69,254.96,217.66,187.57,198.63,248.7705,1,243.3791,1,428077,430984,19.2150,17.3817,1.8333
2026-09-04,279.56,279.86,273.61,275.09,270.41,257.19,220.00,188.04,198.62,248.7705,1,244.4363,1,316931,431978,18.4318,17.5917,0.8400
2026-09-08,271.62,271.65,263.91,264.84,272.05,258.70,221.87,188.45,198.58,248.7705,1,245.4724,1,388732,420354,16.7904,17.4315,-0.6410
2026-09-09,266.21,266.21,259.50,260.80,273.45,259.91,223.57,188.92,198.52,248.7705,1,246.4877,1,280829,414342,14.9908,16.9433,-1.9525
2026-09-10,260.99,264.58,258.19,260.98,275.06,260.88,225.24,189.39,198.47,248.7705,1,247.4828,1,222694,409431,13.4244,16.2396,-2.8151
2026-09-11,261.81,263.69,259.54,262.40,273.08,261.37,226.80,189.91,198.56,248.7705,1,248.4579,1,226635,402356,12.1575,15.4232,-3.2657
2026-09-14,264.93,267.42,260.56,265.67,271.98,262.46,228.26,190.46,198.71,248.7705,1,249.4135,1,361789,399669,11.2872,14.5960,-3.3088
2026-09-15,260.80,272.39,258.01,266.62,270.07,263.88,229.75,191.00,198.84,248.7705,1,250.3501,1,360044,398121,10.5525,13.7873,-3.2348
2026-09-16,265.27,267.96,262.44,264.90,268.64,264.99,231.20,191.52,198.96,248.7705,1,251.2679,1,294993,394822,9.7194,12.9737,-3.2543
2026-09-17,263.44,266.71,260.45,263.75,266.94,265.62,232.71,192.10,199.08,248.7705,1,252.1673,1,295558,394419,8.8642,12.1518,-3.2876
2026-09-18,263.40,263.75,259.09,260.21,264.53,266.11,234.12,192.69,199.18,248.7705,1,253.0488,1,1561754,420780,7.8107,11.2836,-3.4729
2026-09-21,260.00,264.42,257.87,261.31,263.15,266.78,235.55,193.27,199.29,248.7705,1,253.9126,1,313337,422229,6.9841,10.4237,-3.4396
2026-09-22,265.80,265.80,259.34,260.91,262.75,267.40,236.83,193.83,199.38,248.7705,1,254.7591,1,474543,424409,6.2250,9.5839,-3.3590
2026-09-23,263.25,272.18,263.00,270.75,263.75,268.60,238.38,194.43,199.53,248.7705,1,255.5888,1,386279,425601,6.3442,8.9360,-2.5918
2026-09-24,270.91,276.24,270.68,274.84,265.14,270.10,240.01,195.04,199.69,248.7705,1,256.4018,1,379252,427798,6.6916,8.4871,-1.7955
2026-09-25,276.84,282.81,275.91,280.68,266.96,270.02,241.67,195.71,199.90,254.4901,1,257.1986,1,487232,431362,7.3534,8.2604,-0.9070
2026-09-28,275.08,282.04,272.54,279.96,268.39,270.19,243.36,196.43,200.14,254.4901,1,257.9794,1,384049,434151,7.7307,8.1544,-0.4238
2026-09-29,278.50,282.24,273.92,278.57,269.59,269.83,244.99,197.11,200.39,254.4901,1,258.7446,1,307820,435390,7.8273,8.0890,-0.2617
2026-09-30,277.85,288.41,275.70,285.45,271.64,270.14,246.91,197.84,200.67,255.5569,1,259.4945,1,498995,440869,8.3626,8.1437,0.2189
2026-10-01,291.40,291.40,281.79,281.93,273.46,270.20,248.86,198.50,200.96,259.8637,1,260.2294,1,271104,441770,8.4059,8.1962,0.2097
2026-10-02,283.10,284.59,272.84,273.33,274.77,269.65,250.73,199.11,201.23,259.8637,1,260.9496,1,295524,443954,7.6580,8.0885,-0.4305
2026-10-05,275.00,283.47,274.00,283.45,276.99,270.07,252.68,199.79,201.55,259.8637,1,261.6554,1,375401,447525,7.7921,8.0292,-0.2372
2026-10-06,285.34,289.87,282.26,283.50,279.25,271.00,254.46,200.44,201.89,259.8637,1,262.3471,1,333027,447540,7.8123,7.9858,-0.1736
2026-10-07,284.23,286.98,279.80,282.50,280.42,272.09,256.09,201.07,202.21,259.8637,1,263.0250,1,315976,447053,7.6593,7.9205,-0.2612
2026-10-08,282.13,285.25,279.02,284.84,281.42,273.28,257.62,201.66,202.52,259.8637,1,263.6893,1,262537,443681,7.6389,7.8642,-0.2253
2026-10-09,285.71,297.45,284.00,296.13,282.97,274.96,259.52,202.33,202.89,263.3154,1,264.3403,1,547367,448817,8.4364,7.9786,0.4578
